keyword,platform,period,ratio,estimated_absolute_volume,reference_keyword,reference_volume
코트,google,2025-09-14,21,35099,원피스,111100
코트,google,2025-09-21,24,40113,원피스,111100
코트,google,2025-09-28,24,40113,원피스,111100
코트,google,2025-10-05,25,41784,원피스,111100
코트,google,2025-10-12,26,43456,원피스,111100
코트,google,2025-10-19,38,63512,원피스,111100
코트,google,2025-10-26,44,73541,원피스,111100
코트,google,2025-11-02,45,75212,원피스,111100
코트,google,2025-11-09,56,93597,원피스,111100
코트,google,2025-11-16,59,98611,원피스,111100
코트,google,2025-11-23,55,91926,원피스,111100
코트,google,2025-11-30,52,86912,원피스,111100
코트,google,2025-12-07,51,85240,원피스,111100
코트,google,2025-12-14,51,85240,원피스,111100
코트,google,2025-12-21,57,95269,원피스,111100
코트,google,2025-12-28,47,78555,원피스,111100
코트,google,2026-01-04,46,76883,원피스,111100
코트,google,2026-01-11,38,63512,원피스,111100
코트,google,2026-01-18,43,71869,원피스,111100
코트,google,2026-01-25,39,65184,원피스,111100
코트,google,2026-02-01,37,61841,원피스,111100
코트,google,2026-02-08,30,50141,원피스,111100
코트,google,2026-02-15,30,50141,원피스,111100
코트,google,2026-02-22,31,51813,원피스,111100
코트,google,2026-03-01,29,48470,원피스,111100
코트,google,2026-03-08,27,45127,원피스,111100
코트,google,2026-03-15,26,43456,원피스,111100
코트,google,2026-03-22,64,106968,원피스,111100
코트,google,2026-03-29,35,58498,원피스,111100
코트,google,2026-04-05,21,35099,원피스,111100
코트,google,2026-04-12,18,30084,원피스,111100
코트,google,2026-04-19,16,26742,원피스,111100
코트,google,2026-04-26,16,26742,원피스,111100
코트,google,2026-05-03,16,26742,원피스,111100
코트,google,2026-05-10,18,30084,원피스,111100
코트,google,2026-05-17,17,28413,원피스,111100
코트,google,2026-05-24,16,26742,원피스,111100
코트,google,2026-05-31,42,70198,원피스,111100
코트,google,2026-06-07,23,38441,원피스,111100
코트,google,2026-06-14,55,91926,원피스,111100
코트,google,2026-06-21,35,58498,원피스,111100
코트,google,2026-06-28,35,58498,원피스,111100
코트,google,2026-07-05,21,35099,원피스,111100
코트,google,2026-07-12,17,28413,원피스,111100
코트,google,2026-07-19,19,31756,원피스,111100
코트,google,2026-07-26,17,28413,원피스,111100
코트,google,2026-08-02,22,36770,원피스,111100
코트,google,2026-08-09,16,26742,원피스,111100
코트,google,2026-08-16,21,35099,원피스,111100
코트,google,2026-08-23,19,31756,원피스,111100
코트,google,2026-08-30,20,33427,원피스,111100
코트,google,2026-09-06,22,36770,원피스,111100
코트,google,2026-09-13,24,40113,원피스,111100
파카,google,2025-09-14,5,8356,원피스,111100
파카,google,2025-09-21,5,8356,원피스,111100
파카,google,2025-09-28,5,8356,원피스,111100
파카,google,2025-10-05,6,10028,원피스,111100
파카,google,2025-10-12,6,10028,원피스,111100
파카,google,2025-10-19,8,13371,원피스,111100
파카,google,2025-10-26,8,13371,원피스,111100
파카,google,2025-11-02,7,11699,원피스,111100
파카,google,2025-11-09,8,13371,원피스,111100
파카,google,2025-11-16,10,16713,원피스,111100
파카,google,2025-11-23,9,15042,원피스,111100
파카,google,2025-11-30,11,18385,원피스,111100
파카,google,2025-12-07,10,16713,원피스,111100
파카,google,2025-12-14,8,13371,원피스,111100
파카,google,2025-12-21,8,13371,원피스,111100
파카,google,2025-12-28,8,13371,원피스,111100
파카,google,2026-01-04,7,11699,원피스,111100
파카,google,2026-01-11,8,13371,원피스,111100
파카,google,2026-01-18,7,11699,원피스,111100
파카,google,2026-01-25,7,11699,원피스,111100
파카,google,2026-02-01,6,10028,원피스,111100
파카,google,2026-02-08,5,8356,원피스,111100
파카,google,2026-02-15,6,10028,원피스,111100
파카,google,2026-02-22,5,8356,원피스,111100
파카,google,2026-03-01,4,6685,원피스,111100
파카,google,2026-03-08,5,8356,원피스,111100
파카,google,2026-03-15,4,6685,원피스,111100
파카,google,2026-03-22,4,6685,원피스,111100
파카,google,2026-03-29,4,6685,원피스,111100
파카,google,2026-04-05,4,6685,원피스,111100
파카,google,2026-04-12,3,5014,원피스,111100
파카,google,2026-04-19,3,5014,원피스,111100
파카,google,2026-04-26,4,6685,원피스,111100
파카,google,2026-05-03,3,5014,원피스,111100
파카,google,2026-05-10,3,5014,원피스,111100
파카,google,2026-05-17,3,5014,원피스,111100
파카,google,2026-05-24,3,5014,원피스,111100
파카,google,2026-05-31,3,5014,원피스,111100
파카,google,2026-06-07,3,5014,원피스,111100
파카,google,2026-06-14,2,3342,원피스,111100
파카,google,2026-06-21,3,5014,원피스,111100
파카,google,2026-06-28,4,6685,원피스,111100
파카,google,2026-07-05,4,6685,원피스,111100
파카,google,2026-07-12,3,5014,원피스,111100
파카,google,2026-07-19,4,6685,원피스,111100
파카,google,2026-07-26,2,3342,원피스,111100
파카,google,2026-08-02,3,5014,원피스,111100
파카,google,2026-08-09,3,5014,원피스,111100
파카,google,2026-08-16,4,6685,원피스,111100
파카,google,2026-08-23,5,8356,원피스,111100
파카,google,2026-08-30,3,5014,원피스,111100
파카,google,2026-09-06,4,6685,원피스,111100
파카,google,2026-09-13,4,6685,원피스,111100
패딩,google,2025-09-14,12,20056,원피스,111100
패딩,google,2025-09-21,15,25070,원피스,111100
패딩,google,2025-09-28,15,25070,원피스,111100
패딩,google,2025-10-05,19,31756,원피스,111100
패딩,google,2025-10-12,24,40113,원피스,111100
패딩,google,2025-10-19,55,91926,원피스,111100
패딩,google,2025-10-26,70,116997,원피스,111100
패딩,google,2025-11-02,71,118668,원피스,111100
패딩,google,2025-11-09,66,110311,원피스,111100
패딩,google,2025-11-16,100,167138,원피스,111100
패딩,google,2025-11-23,78,130368,원피스,111100
패딩,google,2025-11-30,96,160453,원피스,111100
패딩,google,2025-12-07,75,125354,원피스,111100
패딩,google,2025-12-14,66,110311,원피스,111100
패딩,google,2025-12-21,74,123682,원피스,111100
패딩,google,2025-12-28,65,108640,원피스,111100
패딩,google,2026-01-04,58,96940,원피스,111100
패딩,google,2026-01-11,53,88583,원피스,111100
패딩,google,2026-01-18,56,93597,원피스,111100
패딩,google,2026-01-25,50,83569,원피스,111100
패딩,google,2026-02-01,38,63512,원피스,111100
패딩,google,2026-02-08,31,51813,원피스,111100
패딩,google,2026-02-15,25,41784,원피스,111100
패딩,google,2026-02-22,22,36770,원피스,111100
패딩,google,2026-03-01,20,33427,원피스,111100
패딩,google,2026-03-08,18,30084,원피스,111100
패딩,google,2026-03-15,16,26742,원피스,111100
패딩,google,2026-03-22,14,23399,원피스,111100
패딩,google,2026-03-29,8,13371,원피스,111100
패딩,google,2026-04-05,9,15042,원피스,111100
패딩,google,2026-04-12,7,11699,원피스,111100
패딩,google,2026-04-19,6,10028,원피스,111100
패딩,google,2026-04-26,5,8356,원피스,111100
패딩,google,2026-05-03,5,8356,원피스,111100
패딩,google,2026-05-10,5,8356,원피스,111100
패딩,google,2026-05-17,5,8356,원피스,111100
패딩,google,2026-05-24,5,8356,원피스,111100
패딩,google,2026-05-31,4,6685,원피스,111100
패딩,google,2026-06-07,4,6685,원피스,111100
패딩,google,2026-06-14,4,6685,원피스,111100
패딩,google,2026-06-21,4,6685,원피스,111100
패딩,google,2026-06-28,4,6685,원피스,111100
패딩,google,2026-07-05,5,8356,원피스,111100
패딩,google,2026-07-12,5,8356,원피스,111100
패딩,google,2026-07-19,5,8356,원피스,111100
패딩,google,2026-07-26,5,8356,원피스,111100
패딩,google,2026-08-02,5,8356,원피스,111100
패딩,google,2026-08-09,6,10028,원피스,111100
패딩,google,2026-08-16,7,11699,원피스,111100
패딩,google,2026-08-23,8,13371,원피스,111100
패딩,google,2026-08-30,13,21728,원피스,111100
패딩,google,2026-09-06,11,18385,원피스,111100
패딩,google,2026-09-13,14,23399,원피스,111100
후드집업,google,2025-09-14,8,13371,원피스,111100
후드집업,google,2025-09-21,8,13371,원피스,111100
후드집업,google,2025-09-28,10,16713,원피스,111100
후드집업,google,2025-10-05,11,18385,원피스,111100
후드집업,google,2025-10-12,10,16713,원피스,111100
후드집업,google,2025-10-19,12,20056,원피스,111100
후드집업,google,2025-10-26,10,16713,원피스,111100
후드집업,google,2025-11-02,8,13371,원피스,111100
후드집업,google,2025-11-09,6,10028,원피스,111100
후드집업,google,2025-11-16,7,11699,원피스,111100
후드집업,google,2025-11-23,7,11699,원피스,111100
후드집업,google,2025-11-30,6,10028,원피스,111100
후드집업,google,2025-12-07,6,10028,원피스,111100
후드집업,google,2025-12-14,6,10028,원피스,111100
후드집업,google,2025-12-21,5,8356,원피스,111100
후드집업,google,2025-12-28,5,8356,원피스,111100
후드집업,google,2026-01-04,6,10028,원피스,111100
후드집업,google,2026-01-11,5,8356,원피스,111100
후드집업,google,2026-01-18,6,10028,원피스,111100
후드집업,google,2026-01-25,7,11699,원피스,111100
후드집업,google,2026-02-01,7,11699,원피스,111100
후드집업,google,2026-02-08,7,11699,원피스,111100
후드집업,google,2026-02-15,10,16713,원피스,111100
후드집업,google,2026-02-22,9,15042,원피스,111100
후드집업,google,2026-03-01,8,13371,원피스,111100
후드집업,google,2026-03-08,8,13371,원피스,111100
후드집업,google,2026-03-15,9,15042,원피스,111100
후드집업,google,2026-03-22,9,15042,원피스,111100
후드집업,google,2026-03-29,9,15042,원피스,111100
후드집업,google,2026-04-05,8,13371,원피스,111100
후드집업,google,2026-04-12,6,10028,원피스,111100
후드집업,google,2026-04-19,6,10028,원피스,111100
후드집업,google,2026-04-26,6,10028,원피스,111100
후드집업,google,2026-05-03,6,10028,원피스,111100
후드집업,google,2026-05-10,4,6685,원피스,111100
후드집업,google,2026-05-17,4,6685,원피스,111100
후드집업,google,2026-05-24,4,6685,원피스,111100
후드집업,google,2026-05-31,4,6685,원피스,111100
후드집업,google,2026-06-07,4,6685,원피스,111100
후드집업,google,2026-06-14,3,5014,원피스,111100
후드집업,google,2026-06-21,3,5014,원피스,111100
후드집업,google,2026-06-28,3,5014,원피스,111100
후드집업,google,2026-07-05,3,5014,원피스,111100
후드집업,google,2026-07-12,3,5014,원피스,111100
후드집업,google,2026-07-19,3,5014,원피스,111100
후드집업,google,2026-07-26,3,5014,원피스,111100
후드집업,google,2026-08-02,4,6685,원피스,111100
후드집업,google,2026-08-09,4,6685,원피스,111100
후드집업,google,2026-08-16,5,8356,원피스,111100
후드집업,google,2026-08-23,6,10028,원피스,111100
후드집업,google,2026-08-30,6,10028,원피스,111100
후드집업,google,2026-09-06,12,20056,원피스,111100
후드집업,google,2026-09-13,14,23399,원피스,111100
라이더재킷,google,2025-09-14,0,0,원피스,111100
라이더재킷,google,2025-09-21,0,0,원피스,111100
라이더재킷,google,2025-09-28,0,0,원피스,111100
라이더재킷,google,2025-10-05,0,0,원피스,111100
라이더재킷,google,2025-10-12,0,0,원피스,111100
라이더재킷,google,2025-10-19,0,0,원피스,111100
라이더재킷,google,2025-10-26,0,0,원피스,111100
라이더재킷,google,2025-11-02,0,0,원피스,111100
라이더재킷,google,2025-11-09,0,0,원피스,111100
라이더재킷,google,2025-11-16,0,0,원피스,111100
라이더재킷,google,2025-11-23,0,0,원피스,111100
라이더재킷,google,2025-11-30,0,0,원피스,111100
라이더재킷,google,2025-12-07,0,0,원피스,111100
라이더재킷,google,2025-12-14,0,0,원피스,111100
라이더재킷,google,2025-12-21,0,0,원피스,111100
라이더재킷,google,2025-12-28,0,0,원피스,111100
라이더재킷,google,2026-01-04,0,0,원피스,111100
라이더재킷,google,2026-01-11,0,0,원피스,111100
라이더재킷,google,2026-01-18,0,0,원피스,111100
라이더재킷,google,2026-01-25,0,0,원피스,111100
라이더재킷,google,2026-02-01,0,0,원피스,111100
라이더재킷,google,2026-02-08,0,0,원피스,111100
라이더재킷,google,2026-02-15,0,0,원피스,111100
라이더재킷,google,2026-02-22,0,0,원피스,111100
라이더재킷,google,2026-03-01,0,0,원피스,111100
라이더재킷,google,2026-03-08,0,0,원피스,111100
라이더재킷,google,2026-03-15,0,0,원피스,111100
라이더재킷,google,2026-03-22,0,0,원피스,111100
라이더재킷,google,2026-03-29,0,0,원피스,111100
라이더재킷,google,2026-04-05,0,0,원피스,111100
라이더재킷,google,2026-04-12,0,0,원피스,111100
라이더재킷,google,2026-04-19,0,0,원피스,111100
라이더재킷,google,2026-04-26,0,0,원피스,111100
라이더재킷,google,2026-05-03,0,0,원피스,111100
라이더재킷,google,2026-05-10,0,0,원피스,111100
라이더재킷,google,2026-05-17,0,0,원피스,111100
라이더재킷,google,2026-05-24,0,0,원피스,111100
라이더재킷,google,2026-05-31,0,0,원피스,111100
라이더재킷,google,2026-06-07,0,0,원피스,111100
라이더재킷,google,2026-06-14,0,0,원피스,111100
라이더재킷,google,2026-06-21,0,0,원피스,111100
라이더재킷,google,2026-06-28,0,0,원피스,111100
라이더재킷,google,2026-07-05,0,0,원피스,111100
라이더재킷,google,2026-07-12,0,0,원피스,111100
라이더재킷,google,2026-07-19,0,0,원피스,111100
라이더재킷,google,2026-07-26,0,0,원피스,111100
라이더재킷,google,2026-08-02,0,0,원피스,111100
라이더재킷,google,2026-08-09,0,0,원피스,111100
라이더재킷,google,2026-08-16,0,0,원피스,111100
라이더재킷,google,2026-08-23,0,0,원피스,111100
라이더재킷,google,2026-08-30,0,0,원피스,111100
라이더재킷,google,2026-09-06,0,0,원피스,111100
라이더재킷,google,2026-09-13,0,0,원피스,111100
봄버재킷,google,2025-09-14,0,0,원피스,111100
봄버재킷,google,2025-09-21,0,0,원피스,111100
봄버재킷,google,2025-09-28,0,0,원피스,111100
봄버재킷,google,2025-10-05,0,0,원피스,111100
봄버재킷,google,2025-10-12,0,0,원피스,111100
봄버재킷,google,2025-10-19,0,0,원피스,111100
봄버재킷,google,2025-10-26,0,0,원피스,111100
봄버재킷,google,2025-11-02,0,0,원피스,111100
봄버재킷,google,2025-11-09,0,0,원피스,111100
봄버재킷,google,2025-11-16,0,0,원피스,111100
봄버재킷,google,2025-11-23,0,0,원피스,111100
봄버재킷,google,2025-11-30,0,0,원피스,111100
봄버재킷,google,2025-12-07,0,0,원피스,111100
봄버재킷,google,2025-12-14,0,0,원피스,111100
봄버재킷,google,2025-12-21,0,0,원피스,111100
봄버재킷,google,2025-12-28,0,0,원피스,111100
봄버재킷,google,2026-01-04,0,0,원피스,111100
봄버재킷,google,2026-01-11,0,0,원피스,111100
봄버재킷,google,2026-01-18,0,0,원피스,111100
봄버재킷,google,2026-01-25,0,0,원피스,111100
봄버재킷,google,2026-02-01,0,0,원피스,111100
봄버재킷,google,2026-02-08,0,0,원피스,111100
봄버재킷,google,2026-02-15,0,0,원피스,111100
봄버재킷,google,2026-02-22,0,0,원피스,111100
봄버재킷,google,2026-03-01,0,0,원피스,111100
봄버재킷,google,2026-03-08,0,0,원피스,111100
봄버재킷,google,2026-03-15,0,0,원피스,111100
봄버재킷,google,2026-03-22,0,0,원피스,111100
봄버재킷,google,2026-03-29,0,0,원피스,111100
봄버재킷,google,2026-04-05,0,0,원피스,111100
봄버재킷,google,2026-04-12,0,0,원피스,111100
봄버재킷,google,2026-04-19,0,0,원피스,111100
봄버재킷,google,2026-04-26,0,0,원피스,111100
봄버재킷,google,2026-05-03,0,0,원피스,111100
봄버재킷,google,2026-05-10,0,0,원피스,111100
봄버재킷,google,2026-05-17,0,0,원피스,111100
봄버재킷,google,2026-05-24,0,0,원피스,111100
봄버재킷,google,2026-05-31,0,0,원피스,111100
봄버재킷,google,2026-06-07,0,0,원피스,111100
봄버재킷,google,2026-06-14,0,0,원피스,111100
봄버재킷,google,2026-06-21,0,0,원피스,111100
봄버재킷,google,2026-06-28,0,0,원피스,111100
봄버재킷,google,2026-07-05,0,0,원피스,111100
봄버재킷,google,2026-07-12,0,0,원피스,111100
봄버재킷,google,2026-07-19,0,0,원피스,111100
봄버재킷,google,2026-07-26,0,0,원피스,111100
봄버재킷,google,2026-08-02,0,0,원피스,111100
봄버재킷,google,2026-08-09,0,0,원피스,111100
봄버재킷,google,2026-08-16,0,0,원피스,111100
봄버재킷,google,2026-08-23,0,0,원피스,111100
봄버재킷,google,2026-08-30,0,0,원피스,111100
봄버재킷,google,2026-09-06,1,1671,원피스,111100
봄버재킷,google,2026-09-13,0,0,원피스,111100
블레이저,google,2025-09-14,80,133711,원피스,111100
블레이저,google,2025-09-21,78,130368,원피스,111100
블레이저,google,2025-09-28,84,140396,원피스,111100
블레이저,google,2025-10-05,89,148753,원피스,111100
블레이저,google,2025-10-12,92,153767,원피스,111100
블레이저,google,2025-10-19,91,152096,원피스,111100
블레이저,google,2025-10-26,88,147082,원피스,111100
블레이저,google,2025-11-02,89,148753,원피스,111100
블레이저,google,2025-11-09,81,135382,원피스,111100
블레이저,google,2025-11-16,88,147082,원피스,111100
블레이저,google,2025-11-23,83,138725,원피스,111100
블레이저,google,2025-11-30,72,120339,원피스,111100
블레이저,google,2025-12-07,83,138725,원피스,111100
블레이저,google,2025-12-14,64,106968,원피스,111100
블레이저,google,2025-12-21,72,120339,원피스,111100
블레이저,google,2025-12-28,68,113654,원피스,111100
블레이저,google,2026-01-04,71,118668,원피스,111100
블레이저,google,2026-01-11,65,108640,원피스,111100
블레이저,google,2026-01-18,61,101954,원피스,111100
블레이저,google,2026-01-25,68,113654,원피스,111100
블레이저,google,2026-02-01,66,110311,원피스,111100
블레이저,google,2026-02-08,65,108640,원피스,111100
블레이저,google,2026-02-15,86,143739,원피스,111100
블레이저,google,2026-02-22,87,145410,원피스,111100
블레이저,google,2026-03-01,81,135382,원피스,111100
블레이저,google,2026-03-08,69,115325,원피스,111100
블레이저,google,2026-03-15,83,138725,원피스,111100
블레이저,google,2026-03-22,99,165467,원피스,111100
블레이저,google,2026-03-29,86,143739,원피스,111100
블레이저,google,2026-04-05,100,167138,원피스,111100
블레이저,google,2026-04-12,71,118668,원피스,111100
블레이저,google,2026-04-19,63,105297,원피스,111100
블레이저,google,2026-04-26,53,88583,원피스,111100
블레이저,google,2026-05-03,71,118668,원피스,111100
블레이저,google,2026-05-10,56,93597,원피스,111100
블레이저,google,2026-05-17,55,91926,원피스,111100
블레이저,google,2026-05-24,50,83569,원피스,111100
블레이저,google,2026-05-31,79,132039,원피스,111100
블레이저,google,2026-06-07,44,73541,원피스,111100
블레이저,google,2026-06-14,58,96940,원피스,111100
블레이저,google,2026-06-21,45,75212,원피스,111100
블레이저,google,2026-06-28,47,78555,원피스,111100
블레이저,google,2026-07-05,56,93597,원피스,111100
블레이저,google,2026-07-12,41,68526,원피스,111100
블레이저,google,2026-07-19,44,73541,원피스,111100
블레이저,google,2026-07-26,51,85240,원피스,111100
블레이저,google,2026-08-02,52,86912,원피스,111100
블레이저,google,2026-08-09,42,70198,원피스,111100
블레이저,google,2026-08-16,42,70198,원피스,111100
블레이저,google,2026-08-23,55,91926,원피스,111100
블레이저,google,2026-08-30,53,88583,원피스,111100
블레이저,google,2026-09-06,61,101954,원피스,111100
블레이저,google,2026-09-13,66,110311,원피스,111100
블루종,google,2025-09-14,30,50141,원피스,111100
블루종,google,2025-09-21,45,75212,원피스,111100
블루종,google,2025-09-28,58,96940,원피스,111100
블루종,google,2025-10-05,54,90254,원피스,111100
블루종,google,2025-10-12,49,81898,원피스,111100
블루종,google,2025-10-19,59,98611,원피스,111100
블루종,google,2025-10-26,60,100283,원피스,111100
블루종,google,2025-11-02,60,100283,원피스,111100
블루종,google,2025-11-09,51,85240,원피스,111100
블루종,google,2025-11-16,45,75212,원피스,111100
블루종,google,2025-11-23,49,81898,원피스,111100
블루종,google,2025-11-30,31,51813,원피스,111100
블루종,google,2025-12-07,31,51813,원피스,111100
블루종,google,2025-12-14,33,55155,원피스,111100
블루종,google,2025-12-21,28,46798,원피스,111100
블루종,google,2025-12-28,37,61841,원피스,111100
블루종,google,2026-01-04,31,51813,원피스,111100
블루종,google,2026-01-11,31,51813,원피스,111100
블루종,google,2026-01-18,25,41784,원피스,111100
블루종,google,2026-01-25,34,56827,원피스,111100
블루종,google,2026-02-01,27,45127,원피스,111100
블루종,google,2026-02-08,36,60169,원피스,111100
블루종,google,2026-02-15,62,103626,원피스,111100
블루종,google,2026-02-22,64,106968,원피스,111100
블루종,google,2026-03-01,75,125354,원피스,111100
블루종,google,2026-03-08,75,125354,원피스,111100
블루종,google,2026-03-15,70,116997,원피스,111100
블루종,google,2026-03-22,68,113654,원피스,111100
블루종,google,2026-03-29,40,66855,원피스,111100
블루종,google,2026-04-05,37,61841,원피스,111100
블루종,google,2026-04-12,25,41784,원피스,111100
블루종,google,2026-04-19,24,40113,원피스,111100
블루종,google,2026-04-26,28,46798,원피스,111100
블루종,google,2026-05-03,22,36770,원피스,111100
블루종,google,2026-05-10,23,38441,원피스,111100
블루종,google,2026-05-17,17,28413,원피스,111100
블루종,google,2026-05-24,17,28413,원피스,111100
블루종,google,2026-05-31,12,20056,원피스,111100
블루종,google,2026-06-07,10,16713,원피스,111100
블루종,google,2026-06-14,14,23399,원피스,111100
블루종,google,2026-06-21,14,23399,원피스,111100
블루종,google,2026-06-28,11,18385,원피스,111100
블루종,google,2026-07-05,10,16713,원피스,111100
블루종,google,2026-07-12,18,30084,원피스,111100
블루종,google,2026-07-19,10,16713,원피스,111100
블루종,google,2026-07-26,0,0,원피스,111100
블루종,google,2026-08-02,11,18385,원피스,111100
블루종,google,2026-08-09,14,23399,원피스,111100
블루종,google,2026-08-16,24,40113,원피스,111100
블루종,google,2026-08-23,30,50141,원피스,111100
블루종,google,2026-08-30,22,36770,원피스,111100
블루종,google,2026-09-06,41,68526,원피스,111100
블루종,google,2026-09-13,54,90254,원피스,111100
스타디움재킷,google,2025-09-14,0,0,원피스,111100
스타디움재킷,google,2025-09-21,0,0,원피스,111100
스타디움재킷,google,2025-09-28,0,0,원피스,111100
스타디움재킷,google,2025-10-05,0,0,원피스,111100
스타디움재킷,google,2025-10-12,0,0,원피스,111100
스타디움재킷,google,2025-10-19,0,0,원피스,111100
스타디움재킷,google,2025-10-26,0,0,원피스,111100
스타디움재킷,google,2025-11-02,0,0,원피스,111100
스타디움재킷,google,2025-11-09,0,0,원피스,111100
스타디움재킷,google,2025-11-16,0,0,원피스,111100
스타디움재킷,google,2025-11-23,0,0,원피스,111100
스타디움재킷,google,2025-11-30,0,0,원피스,111100
스타디움재킷,google,2025-12-07,0,0,원피스,111100
스타디움재킷,google,2025-12-14,0,0,원피스,111100
스타디움재킷,google,2025-12-21,0,0,원피스,111100
스타디움재킷,google,2025-12-28,0,0,원피스,111100
스타디움재킷,google,2026-01-04,0,0,원피스,111100
스타디움재킷,google,2026-01-11,0,0,원피스,111100
스타디움재킷,google,2026-01-18,0,0,원피스,111100
스타디움재킷,google,2026-01-25,0,0,원피스,111100
스타디움재킷,google,2026-02-01,0,0,원피스,111100
스타디움재킷,google,2026-02-08,0,0,원피스,111100
스타디움재킷,google,2026-02-15,0,0,원피스,111100
스타디움재킷,google,2026-02-22,0,0,원피스,111100
스타디움재킷,google,2026-03-01,0,0,원피스,111100
스타디움재킷,google,2026-03-08,0,0,원피스,111100
스타디움재킷,google,2026-03-15,0,0,원피스,111100
스타디움재킷,google,2026-03-22,0,0,원피스,111100
스타디움재킷,google,2026-03-29,0,0,원피스,111100
스타디움재킷,google,2026-04-05,0,0,원피스,111100
스타디움재킷,google,2026-04-12,0,0,원피스,111100
스타디움재킷,google,2026-04-19,0,0,원피스,111100
스타디움재킷,google,2026-04-26,0,0,원피스,111100
스타디움재킷,google,2026-05-03,0,0,원피스,111100
스타디움재킷,google,2026-05-10,0,0,원피스,111100
스타디움재킷,google,2026-05-17,0,0,원피스,111100
스타디움재킷,google,2026-05-24,0,0,원피스,111100
스타디움재킷,google,2026-05-31,0,0,원피스,111100
스타디움재킷,google,2026-06-07,0,0,원피스,111100
스타디움재킷,google,2026-06-14,0,0,원피스,111100
스타디움재킷,google,2026-06-21,0,0,원피스,111100
스타디움재킷,google,2026-06-28,0,0,원피스,111100
스타디움재킷,google,2026-07-05,0,0,원피스,111100
스타디움재킷,google,2026-07-12,0,0,원피스,111100
스타디움재킷,google,2026-07-19,0,0,원피스,111100
스타디움재킷,google,2026-07-26,0,0,원피스,111100
스타디움재킷,google,2026-08-02,0,0,원피스,111100
스타디움재킷,google,2026-08-09,0,0,원피스,111100
스타디움재킷,google,2026-08-16,0,0,원피스,111100
스타디움재킷,google,2026-08-23,0,0,원피스,111100
스타디움재킷,google,2026-08-30,0,0,원피스,111100
스타디움재킷,google,2026-09-06,0,0,원피스,111100
스타디움재킷,google,2026-09-13,0,0,원피스,111100
야상,google,2025-09-14,19,31756,원피스,111100
야상,google,2025-09-21,29,48470,원피스,111100
야상,google,2025-09-28,30,50141,원피스,111100
야상,google,2025-10-05,33,55155,원피스,111100
야상,google,2025-10-12,29,48470,원피스,111100
야상,google,2025-10-19,46,76883,원피스,111100
야상,google,2025-10-26,55,91926,원피스,111100
야상,google,2025-11-02,47,78555,원피스,111100
야상,google,2025-11-09,53,88583,원피스,111100
야상,google,2025-11-16,55,91926,원피스,111100
야상,google,2025-11-23,55,91926,원피스,111100
야상,google,2025-11-30,51,85240,원피스,111100
야상,google,2025-12-07,40,66855,원피스,111100
야상,google,2025-12-14,55,91926,원피스,111100
야상,google,2025-12-21,56,93597,원피스,111100
야상,google,2025-12-28,31,51813,원피스,111100
야상,google,2026-01-04,53,88583,원피스,111100
야상,google,2026-01-11,33,55155,원피스,111100
야상,google,2026-01-18,54,90254,원피스,111100
야상,google,2026-01-25,51,85240,원피스,111100
야상,google,2026-02-01,37,61841,원피스,111100
야상,google,2026-02-08,37,61841,원피스,111100
야상,google,2026-02-15,39,65184,원피스,111100
야상,google,2026-02-22,51,85240,원피스,111100
야상,google,2026-03-01,55,91926,원피스,111100
야상,google,2026-03-08,44,73541,원피스,111100
야상,google,2026-03-15,46,76883,원피스,111100
야상,google,2026-03-22,36,60169,원피스,111100
야상,google,2026-03-29,33,55155,원피스,111100
야상,google,2026-04-05,32,53484,원피스,111100
야상,google,2026-04-12,20,33427,원피스,111100
야상,google,2026-04-19,15,25070,원피스,111100
야상,google,2026-04-26,17,28413,원피스,111100
야상,google,2026-05-03,13,21728,원피스,111100
야상,google,2026-05-10,17,28413,원피스,111100
야상,google,2026-05-17,11,18385,원피스,111100
야상,google,2026-05-24,14,23399,원피스,111100
야상,google,2026-05-31,7,11699,원피스,111100
야상,google,2026-06-07,12,20056,원피스,111100
야상,google,2026-06-14,11,18385,원피스,111100
야상,google,2026-06-21,10,16713,원피스,111100
야상,google,2026-06-28,13,21728,원피스,111100
야상,google,2026-07-05,16,26742,원피스,111100
야상,google,2026-07-12,15,25070,원피스,111100
야상,google,2026-07-19,11,18385,원피스,111100
야상,google,2026-07-26,14,23399,원피스,111100
야상,google,2026-08-02,11,18385,원피스,111100
야상,google,2026-08-09,14,23399,원피스,111100
야상,google,2026-08-16,19,31756,원피스,111100
야상,google,2026-08-23,25,41784,원피스,111100
야상,google,2026-08-30,18,30084,원피스,111100
야상,google,2026-09-06,36,60169,원피스,111100
야상,google,2026-09-13,40,66855,원피스,111100
코치재킷,google,2025-09-14,0,0,원피스,111100
코치재킷,google,2025-09-21,0,0,원피스,111100
코치재킷,google,2025-09-28,0,0,원피스,111100
코치재킷,google,2025-10-05,0,0,원피스,111100
코치재킷,google,2025-10-12,0,0,원피스,111100
코치재킷,google,2025-10-19,0,0,원피스,111100
코치재킷,google,2025-10-26,0,0,원피스,111100
코치재킷,google,2025-11-02,0,0,원피스,111100
코치재킷,google,2025-11-09,0,0,원피스,111100
코치재킷,google,2025-11-16,0,0,원피스,111100
코치재킷,google,2025-11-23,0,0,원피스,111100
코치재킷,google,2025-11-30,0,0,원피스,111100
코치재킷,google,2025-12-07,0,0,원피스,111100
코치재킷,google,2025-12-14,0,0,원피스,111100
코치재킷,google,2025-12-21,0,0,원피스,111100
코치재킷,google,2025-12-28,0,0,원피스,111100
코치재킷,google,2026-01-04,0,0,원피스,111100
코치재킷,google,2026-01-11,0,0,원피스,111100
코치재킷,google,2026-01-18,0,0,원피스,111100
코치재킷,google,2026-01-25,0,0,원피스,111100
코치재킷,google,2026-02-01,0,0,원피스,111100
코치재킷,google,2026-02-08,0,0,원피스,111100
코치재킷,google,2026-02-15,0,0,원피스,111100
코치재킷,google,2026-02-22,0,0,원피스,111100
코치재킷,google,2026-03-01,0,0,원피스,111100
코치재킷,google,2026-03-08,0,0,원피스,111100
코치재킷,google,2026-03-15,0,0,원피스,111100
코치재킷,google,2026-03-22,0,0,원피스,111100
코치재킷,google,2026-03-29,0,0,원피스,111100
코치재킷,google,2026-04-05,0,0,원피스,111100
코치재킷,google,2026-04-12,0,0,원피스,111100
코치재킷,google,2026-04-19,0,0,원피스,111100
코치재킷,google,2026-04-26,0,0,원피스,111100
코치재킷,google,2026-05-03,0,0,원피스,111100
코치재킷,google,2026-05-10,0,0,원피스,111100
코치재킷,google,2026-05-17,0,0,원피스,111100
코치재킷,google,2026-05-24,0,0,원피스,111100
코치재킷,google,2026-05-31,0,0,원피스,111100
코치재킷,google,2026-06-07,0,0,원피스,111100
코치재킷,google,2026-06-14,0,0,원피스,111100
코치재킷,google,2026-06-21,0,0,원피스,111100
코치재킷,google,2026-06-28,0,0,원피스,111100
코치재킷,google,2026-07-05,0,0,원피스,111100
코치재킷,google,2026-07-12,0,0,원피스,111100
코치재킷,google,2026-07-19,0,0,원피스,111100
코치재킷,google,2026-07-26,0,0,원피스,111100
코치재킷,google,2026-08-02,0,0,원피스,111100
코치재킷,google,2026-08-09,0,0,원피스,111100
코치재킷,google,2026-08-16,0,0,원피스,111100
코치재킷,google,2026-08-23,0,0,원피스,111100
코치재킷,google,2026-08-30,0,0,원피스,111100
코치재킷,google,2026-09-06,2,3342,원피스,111100
코치재킷,google,2026-09-13,0,0,원피스,111100
트러커재킷,google,2025-09-14,0,0,원피스,111100
트러커재킷,google,2025-09-21,0,0,원피스,111100
트러커재킷,google,2025-09-28,0,0,원피스,111100
트러커재킷,google,2025-10-05,0,0,원피스,111100
트러커재킷,google,2025-10-12,0,0,원피스,111100
트러커재킷,google,2025-10-19,0,0,원피스,111100
트러커재킷,google,2025-10-26,0,0,원피스,111100
트러커재킷,google,2025-11-02,0,0,원피스,111100
트러커재킷,google,2025-11-09,0,0,원피스,111100
트러커재킷,google,2025-11-16,0,0,원피스,111100
트러커재킷,google,2025-11-23,0,0,원피스,111100
트러커재킷,google,2025-11-30,0,0,원피스,111100
트러커재킷,google,2025-12-07,0,0,원피스,111100
트러커재킷,google,2025-12-14,0,0,원피스,111100
트러커재킷,google,2025-12-21,0,0,원피스,111100
트러커재킷,google,2025-12-28,0,0,원피스,111100
트러커재킷,google,2026-01-04,0,0,원피스,111100
트러커재킷,google,2026-01-11,0,0,원피스,111100
트러커재킷,google,2026-01-18,0,0,원피스,111100
트러커재킷,google,2026-01-25,0,0,원피스,111100
트러커재킷,google,2026-02-01,0,0,원피스,111100
트러커재킷,google,2026-02-08,0,0,원피스,111100
트러커재킷,google,2026-02-15,0,0,원피스,111100
트러커재킷,google,2026-02-22,0,0,원피스,111100
트러커재킷,google,2026-03-01,0,0,원피스,111100
트러커재킷,google,2026-03-08,0,0,원피스,111100
트러커재킷,google,2026-03-15,0,0,원피스,111100
트러커재킷,google,2026-03-22,0,0,원피스,111100
트러커재킷,google,2026-03-29,0,0,원피스,111100
트러커재킷,google,2026-04-05,0,0,원피스,111100
트러커재킷,google,2026-04-12,0,0,원피스,111100
트러커재킷,google,2026-04-19,0,0,원피스,111100
트러커재킷,google,2026-04-26,0,0,원피스,111100
트러커재킷,google,2026-05-03,0,0,원피스,111100
트러커재킷,google,2026-05-10,0,0,원피스,111100
트러커재킷,google,2026-05-17,0,0,원피스,111100
트러커재킷,google,2026-05-24,0,0,원피스,111100
트러커재킷,google,2026-05-31,0,0,원피스,111100
트러커재킷,google,2026-06-07,0,0,원피스,111100
트러커재킷,google,2026-06-14,0,0,원피스,111100
트러커재킷,google,2026-06-21,0,0,원피스,111100
트러커재킷,google,2026-06-28,0,0,원피스,111100
트러커재킷,google,2026-07-05,0,0,원피스,111100
트러커재킷,google,2026-07-12,0,0,원피스,111100
트러커재킷,google,2026-07-19,0,0,원피스,111100
트러커재킷,google,2026-07-26,0,0,원피스,111100
트러커재킷,google,2026-08-02,0,0,원피스,111100
트러커재킷,google,2026-08-09,0,0,원피스,111100
트러커재킷,google,2026-08-16,0,0,원피스,111100
트러커재킷,google,2026-08-23,0,0,원피스,111100
트러커재킷,google,2026-08-30,3,5014,원피스,111100
트러커재킷,google,2026-09-06,4,6685,원피스,111100
트러커재킷,google,2026-09-13,0,0,원피스,111100
트레이닝재킷,google,2025-09-14,0,0,원피스,111100
트레이닝재킷,google,2025-09-21,0,0,원피스,111100
트레이닝재킷,google,2025-09-28,0,0,원피스,111100
트레이닝재킷,google,2025-10-05,0,0,원피스,111100
트레이닝재킷,google,2025-10-12,0,0,원피스,111100
트레이닝재킷,google,2025-10-19,0,0,원피스,111100
트레이닝재킷,google,2025-10-26,0,0,원피스,111100
트레이닝재킷,google,2025-11-02,0,0,원피스,111100
트레이닝재킷,google,2025-11-09,0,0,원피스,111100
트레이닝재킷,google,2025-11-16,0,0,원피스,111100
트레이닝재킷,google,2025-11-23,0,0,원피스,111100
트레이닝재킷,google,2025-11-30,0,0,원피스,111100
트레이닝재킷,google,2025-12-07,0,0,원피스,111100
트레이닝재킷,google,2025-12-14,0,0,원피스,111100
트레이닝재킷,google,2025-12-21,0,0,원피스,111100
트레이닝재킷,google,2025-12-28,0,0,원피스,111100
트레이닝재킷,google,2026-01-04,0,0,원피스,111100
트레이닝재킷,google,2026-01-11,0,0,원피스,111100
트레이닝재킷,google,2026-01-18,0,0,원피스,111100
트레이닝재킷,google,2026-01-25,0,0,원피스,111100
트레이닝재킷,google,2026-02-01,0,0,원피스,111100
트레이닝재킷,google,2026-02-08,0,0,원피스,111100
트레이닝재킷,google,2026-02-15,0,0,원피스,111100
트레이닝재킷,google,2026-02-22,0,0,원피스,111100
트레이닝재킷,google,2026-03-01,0,0,원피스,111100
트레이닝재킷,google,2026-03-08,0,0,원피스,111100
트레이닝재킷,google,2026-03-15,0,0,원피스,111100
트레이닝재킷,google,2026-03-22,0,0,원피스,111100
트레이닝재킷,google,2026-03-29,0,0,원피스,111100
트레이닝재킷,google,2026-04-05,0,0,원피스,111100
트레이닝재킷,google,2026-04-12,0,0,원피스,111100
트레이닝재킷,google,2026-04-19,0,0,원피스,111100
트레이닝재킷,google,2026-04-26,0,0,원피스,111100
트레이닝재킷,google,2026-05-03,0,0,원피스,111100
트레이닝재킷,google,2026-05-10,0,0,원피스,111100
트레이닝재킷,google,2026-05-17,0,0,원피스,111100
트레이닝재킷,google,2026-05-24,0,0,원피스,111100
트레이닝재킷,google,2026-05-31,0,0,원피스,111100
트레이닝재킷,google,2026-06-07,0,0,원피스,111100
트레이닝재킷,google,2026-06-14,0,0,원피스,111100
트레이닝재킷,google,2026-06-21,0,0,원피스,111100
트레이닝재킷,google,2026-06-28,0,0,원피스,111100
트레이닝재킷,google,2026-07-05,0,0,원피스,111100
트레이닝재킷,google,2026-07-12,0,0,원피스,111100
트레이닝재킷,google,2026-07-19,0,0,원피스,111100
트레이닝재킷,google,2026-07-26,0,0,원피스,111100
트레이닝재킷,google,2026-08-02,0,0,원피스,111100
트레이닝재킷,google,2026-08-09,0,0,원피스,111100
트레이닝재킷,google,2026-08-16,0,0,원피스,111100
트레이닝재킷,google,2026-08-23,0,0,원피스,111100
트레이닝재킷,google,2026-08-30,4,6685,원피스,111100
트레이닝재킷,google,2026-09-06,3,5014,원피스,111100
트레이닝재킷,google,2026-09-13,0,0,원피스,111100
플리스재킷,google,2025-09-14,0,0,원피스,111100
플리스재킷,google,2025-09-21,0,0,원피스,111100
플리스재킷,google,2025-09-28,0,0,원피스,111100
플리스재킷,google,2025-10-05,0,0,원피스,111100
플리스재킷,google,2025-10-12,0,0,원피스,111100
플리스재킷,google,2025-10-19,0,0,원피스,111100
플리스재킷,google,2025-10-26,0,0,원피스,111100
플리스재킷,google,2025-11-02,0,0,원피스,111100
플리스재킷,google,2025-11-09,0,0,원피스,111100
플리스재킷,google,2025-11-16,0,0,원피스,111100
플리스재킷,google,2025-11-23,0,0,원피스,111100
플리스재킷,google,2025-11-30,0,0,원피스,111100
플리스재킷,google,2025-12-07,0,0,원피스,111100
플리스재킷,google,2025-12-14,0,0,원피스,111100
플리스재킷,google,2025-12-21,0,0,원피스,111100
플리스재킷,google,2025-12-28,0,0,원피스,111100
플리스재킷,google,2026-01-04,0,0,원피스,111100
플리스재킷,google,2026-01-11,0,0,원피스,111100
플리스재킷,google,2026-01-18,0,0,원피스,111100
플리스재킷,google,2026-01-25,0,0,원피스,111100
플리스재킷,google,2026-02-01,0,0,원피스,111100
플리스재킷,google,2026-02-08,0,0,원피스,111100
플리스재킷,google,2026-02-15,0,0,원피스,111100
플리스재킷,google,2026-02-22,0,0,원피스,111100
플리스재킷,google,2026-03-01,0,0,원피스,111100
플리스재킷,google,2026-03-08,0,0,원피스,111100
플리스재킷,google,2026-03-15,0,0,원피스,111100
플리스재킷,google,2026-03-22,0,0,원피스,111100
플리스재킷,google,2026-03-29,0,0,원피스,111100
플리스재킷,google,2026-04-05,0,0,원피스,111100
플리스재킷,google,2026-04-12,0,0,원피스,111100
플리스재킷,google,2026-04-19,0,0,원피스,111100
플리스재킷,google,2026-04-26,0,0,원피스,111100
플리스재킷,google,2026-05-03,0,0,원피스,111100
플리스재킷,google,2026-05-10,0,0,원피스,111100
플리스재킷,google,2026-05-17,0,0,원피스,111100
플리스재킷,google,2026-05-24,0,0,원피스,111100
플리스재킷,google,2026-05-31,0,0,원피스,111100
플리스재킷,google,2026-06-07,0,0,원피스,111100
플리스재킷,google,2026-06-14,0,0,원피스,111100
플리스재킷,google,2026-06-21,0,0,원피스,111100
플리스재킷,google,2026-06-28,0,0,원피스,111100
플리스재킷,google,2026-07-05,0,0,원피스,111100
플리스재킷,google,2026-07-12,0,0,원피스,111100
플리스재킷,google,2026-07-19,0,0,원피스,111100
플리스재킷,google,2026-07-26,0,0,원피스,111100
플리스재킷,google,2026-08-02,0,0,원피스,111100
플리스재킷,google,2026-08-09,0,0,원피스,111100
플리스재킷,google,2026-08-16,0,0,원피스,111100
플리스재킷,google,2026-08-23,0,0,원피스,111100
플리스재킷,google,2026-08-30,2,3342,원피스,111100
플리스재킷,google,2026-09-06,3,5014,원피스,111100
플리스재킷,google,2026-09-13,0,0,원피스,111100
더플코트,google,2025-09-14,0,0,원피스,111100
더플코트,google,2025-09-21,0,0,원피스,111100
더플코트,google,2025-09-28,0,0,원피스,111100
더플코트,google,2025-10-05,0,0,원피스,111100
더플코트,google,2025-10-12,0,0,원피스,111100
더플코트,google,2025-10-19,46,76883,원피스,111100
더플코트,google,2025-10-26,45,75212,원피스,111100
더플코트,google,2025-11-02,45,75212,원피스,111100
더플코트,google,2025-11-09,89,148753,원피스,111100
더플코트,google,2025-11-16,100,167138,원피스,111100
더플코트,google,2025-11-23,58,96940,원피스,111100
더플코트,google,2025-11-30,54,90254,원피스,111100
더플코트,google,2025-12-07,70,116997,원피스,111100
더플코트,google,2025-12-14,81,135382,원피스,111100
더플코트,google,2025-12-21,59,98611,원피스,111100
더플코트,google,2025-12-28,40,66855,원피스,111100
더플코트,google,2026-01-04,0,0,원피스,111100
더플코트,google,2026-01-11,38,63512,원피스,111100
더플코트,google,2026-01-18,0,0,원피스,111100
더플코트,google,2026-01-25,0,0,원피스,111100
더플코트,google,2026-02-01,39,65184,원피스,111100
더플코트,google,2026-02-08,0,0,원피스,111100
더플코트,google,2026-02-15,0,0,원피스,111100
더플코트,google,2026-02-22,0,0,원피스,111100
더플코트,google,2026-03-01,0,0,원피스,111100
더플코트,google,2026-03-08,33,55155,원피스,111100
더플코트,google,2026-03-15,0,0,원피스,111100
더플코트,google,2026-03-22,0,0,원피스,111100
더플코트,google,2026-03-29,0,0,원피스,111100
더플코트,google,2026-04-05,0,0,원피스,111100
더플코트,google,2026-04-12,0,0,원피스,111100
더플코트,google,2026-04-19,0,0,원피스,111100
더플코트,google,2026-04-26,0,0,원피스,111100
더플코트,google,2026-05-03,0,0,원피스,111100
더플코트,google,2026-05-10,0,0,원피스,111100
더플코트,google,2026-05-17,0,0,원피스,111100
더플코트,google,2026-05-24,0,0,원피스,111100
더플코트,google,2026-05-31,0,0,원피스,111100
더플코트,google,2026-06-07,0,0,원피스,111100
더플코트,google,2026-06-14,0,0,원피스,111100
더플코트,google,2026-06-21,0,0,원피스,111100
더플코트,google,2026-06-28,0,0,원피스,111100
더플코트,google,2026-07-05,0,0,원피스,111100
더플코트,google,2026-07-12,0,0,원피스,111100
더플코트,google,2026-07-19,0,0,원피스,111100
더플코트,google,2026-07-26,0,0,원피스,111100
더플코트,google,2026-08-02,0,0,원피스,111100
더플코트,google,2026-08-09,0,0,원피스,111100
더플코트,google,2026-08-16,0,0,원피스,111100
더플코트,google,2026-08-23,0,0,원피스,111100
더플코트,google,2026-08-30,6,10028,원피스,111100
더플코트,google,2026-09-06,15,25070,원피스,111100
더플코트,google,2026-09-13,12,20056,원피스,111100
트렌치코트,google,2025-09-14,2,3342,원피스,111100
트렌치코트,google,2025-09-21,4,6685,원피스,111100
트렌치코트,google,2025-09-28,5,8356,원피스,111100
트렌치코트,google,2025-10-05,5,8356,원피스,111100
트렌치코트,google,2025-10-12,5,8356,원피스,111100
트렌치코트,google,2025-10-19,8,13371,원피스,111100
트렌치코트,google,2025-10-26,5,8356,원피스,111100
트렌치코트,google,2025-11-02,4,6685,원피스,111100
트렌치코트,google,2025-11-09,4,6685,원피스,111100
트렌치코트,google,2025-11-16,5,8356,원피스,111100
트렌치코트,google,2025-11-23,3,5014,원피스,111100
트렌치코트,google,2025-11-30,3,5014,원피스,111100
트렌치코트,google,2025-12-07,3,5014,원피스,111100
트렌치코트,google,2025-12-14,3,5014,원피스,111100
트렌치코트,google,2025-12-21,2,3342,원피스,111100
트렌치코트,google,2025-12-28,4,6685,원피스,111100
트렌치코트,google,2026-01-04,2,3342,원피스,111100
트렌치코트,google,2026-01-11,3,5014,원피스,111100
트렌치코트,google,2026-01-18,3,5014,원피스,111100
트렌치코트,google,2026-01-25,3,5014,원피스,111100
트렌치코트,google,2026-02-01,3,5014,원피스,111100
트렌치코트,google,2026-02-08,3,5014,원피스,111100
트렌치코트,google,2026-02-15,5,8356,원피스,111100
트렌치코트,google,2026-02-22,4,6685,원피스,111100
트렌치코트,google,2026-03-01,5,8356,원피스,111100
트렌치코트,google,2026-03-08,5,8356,원피스,111100
트렌치코트,google,2026-03-15,6,10028,원피스,111100
트렌치코트,google,2026-03-22,6,10028,원피스,111100
트렌치코트,google,2026-03-29,6,10028,원피스,111100
트렌치코트,google,2026-04-05,8,13371,원피스,111100
트렌치코트,google,2026-04-12,3,5014,원피스,111100
트렌치코트,google,2026-04-19,3,5014,원피스,111100
트렌치코트,google,2026-04-26,2,3342,원피스,111100
트렌치코트,google,2026-05-03,2,3342,원피스,111100
트렌치코트,google,2026-05-10,1,1671,원피스,111100
트렌치코트,google,2026-05-17,2,3342,원피스,111100
트렌치코트,google,2026-05-24,2,3342,원피스,111100
트렌치코트,google,2026-05-31,0,0,원피스,111100
트렌치코트,google,2026-06-07,1,1671,원피스,111100
트렌치코트,google,2026-06-14,2,3342,원피스,111100
트렌치코트,google,2026-06-21,1,1671,원피스,111100
트렌치코트,google,2026-06-28,1,1671,원피스,111100
트렌치코트,google,2026-07-05,3,5014,원피스,111100
트렌치코트,google,2026-07-12,2,3342,원피스,111100
트렌치코트,google,2026-07-19,0,0,원피스,111100
트렌치코트,google,2026-07-26,1,1671,원피스,111100
트렌치코트,google,2026-08-02,2,3342,원피스,111100
트렌치코트,google,2026-08-09,2,3342,원피스,111100
트렌치코트,google,2026-08-16,6,10028,원피스,111100
트렌치코트,google,2026-08-23,4,6685,원피스,111100
트렌치코트,google,2026-08-30,2,3342,원피스,111100
트렌치코트,google,2026-09-06,4,6685,원피스,111100
트렌치코트,google,2026-09-13,8,13371,원피스,111100
레깅스,google,2025-09-14,18,30084,원피스,111100
레깅스,google,2025-09-21,18,30084,원피스,111100
레깅스,google,2025-09-28,17,28413,원피스,111100
레깅스,google,2025-10-05,19,31756,원피스,111100
레깅스,google,2025-10-12,19,31756,원피스,111100
레깅스,google,2025-10-19,20,33427,원피스,111100
레깅스,google,2025-10-26,21,35099,원피스,111100
레깅스,google,2025-11-02,20,33427,원피스,111100
레깅스,google,2025-11-09,20,33427,원피스,111100
레깅스,google,2025-11-16,21,35099,원피스,111100
레깅스,google,2025-11-23,19,31756,원피스,111100
레깅스,google,2025-11-30,17,28413,원피스,111100
레깅스,google,2025-12-07,16,26742,원피스,111100
레깅스,google,2025-12-14,14,23399,원피스,111100
레깅스,google,2025-12-21,16,26742,원피스,111100
레깅스,google,2025-12-28,15,25070,원피스,111100
레깅스,google,2026-01-04,18,30084,원피스,111100
레깅스,google,2026-01-11,14,23399,원피스,111100
레깅스,google,2026-01-18,19,31756,원피스,111100
레깅스,google,2026-01-25,16,26742,원피스,111100
레깅스,google,2026-02-01,16,26742,원피스,111100
레깅스,google,2026-02-08,14,23399,원피스,111100
레깅스,google,2026-02-15,12,20056,원피스,111100
레깅스,google,2026-02-22,12,20056,원피스,111100
레깅스,google,2026-03-01,18,30084,원피스,111100
레깅스,google,2026-03-08,15,25070,원피스,111100
레깅스,google,2026-03-15,13,21728,원피스,111100
레깅스,google,2026-03-22,15,25070,원피스,111100
레깅스,google,2026-03-29,17,28413,원피스,111100
레깅스,google,2026-04-05,14,23399,원피스,111100
레깅스,google,2026-04-12,13,21728,원피스,111100
레깅스,google,2026-04-19,30,50141,원피스,111100
레깅스,google,2026-04-26,15,25070,원피스,111100
레깅스,google,2026-05-03,14,23399,원피스,111100
레깅스,google,2026-05-10,15,25070,원피스,111100
레깅스,google,2026-05-17,20,33427,원피스,111100
레깅스,google,2026-05-24,13,21728,원피스,111100
레깅스,google,2026-05-31,13,21728,원피스,111100
레깅스,google,2026-06-07,13,21728,원피스,111100
레깅스,google,2026-06-14,13,21728,원피스,111100
레깅스,google,2026-06-21,14,23399,원피스,111100
레깅스,google,2026-06-28,14,23399,원피스,111100
레깅스,google,2026-07-05,17,28413,원피스,111100
레깅스,google,2026-07-12,11,18385,원피스,111100
레깅스,google,2026-07-19,14,23399,원피스,111100
레깅스,google,2026-07-26,18,30084,원피스,111100
레깅스,google,2026-08-02,22,36770,원피스,111100
레깅스,google,2026-08-09,12,20056,원피스,111100
레깅스,google,2026-08-16,13,21728,원피스,111100
레깅스,google,2026-08-23,14,23399,원피스,111100
레깅스,google,2026-08-30,9,15042,원피스,111100
레깅스,google,2026-09-06,14,23399,원피스,111100
레깅스,google,2026-09-13,12,20056,원피스,111100
팬츠,google,2025-09-14,45,75212,원피스,111100
팬츠,google,2025-09-21,50,83569,원피스,111100
팬츠,google,2025-09-28,49,81898,원피스,111100
팬츠,google,2025-10-05,60,100283,원피스,111100
팬츠,google,2025-10-12,49,81898,원피스,111100
팬츠,google,2025-10-19,62,103626,원피스,111100
팬츠,google,2025-10-26,56,93597,원피스,111100
팬츠,google,2025-11-02,54,90254,원피스,111100
팬츠,google,2025-11-09,53,88583,원피스,111100
팬츠,google,2025-11-16,60,100283,원피스,111100
팬츠,google,2025-11-23,59,98611,원피스,111100
팬츠,google,2025-11-30,56,93597,원피스,111100
팬츠,google,2025-12-07,53,88583,원피스,111100
팬츠,google,2025-12-14,51,85240,원피스,111100
팬츠,google,2025-12-21,53,88583,원피스,111100
팬츠,google,2025-12-28,52,86912,원피스,111100
팬츠,google,2026-01-04,52,86912,원피스,111100
팬츠,google,2026-01-11,49,81898,원피스,111100
팬츠,google,2026-01-18,49,81898,원피스,111100
팬츠,google,2026-01-25,49,81898,원피스,111100
팬츠,google,2026-02-01,47,78555,원피스,111100
팬츠,google,2026-02-08,46,76883,원피스,111100
팬츠,google,2026-02-15,51,85240,원피스,111100
팬츠,google,2026-02-22,50,83569,원피스,111100
팬츠,google,2026-03-01,52,86912,원피스,111100
팬츠,google,2026-03-08,54,90254,원피스,111100
팬츠,google,2026-03-15,52,86912,원피스,111100
팬츠,google,2026-03-22,57,95269,원피스,111100
팬츠,google,2026-03-29,55,91926,원피스,111100
팬츠,google,2026-04-05,58,96940,원피스,111100
팬츠,google,2026-04-12,52,86912,원피스,111100
팬츠,google,2026-04-19,56,93597,원피스,111100
팬츠,google,2026-04-26,57,95269,원피스,111100
팬츠,google,2026-05-03,52,86912,원피스,111100
팬츠,google,2026-05-10,61,101954,원피스,111100
팬츠,google,2026-05-17,61,101954,원피스,111100
팬츠,google,2026-05-24,74,123682,원피스,111100
팬츠,google,2026-05-31,73,122011,원피스,111100
팬츠,google,2026-06-07,50,83569,원피스,111100
팬츠,google,2026-06-14,59,98611,원피스,111100
팬츠,google,2026-06-21,55,91926,원피스,111100
팬츠,google,2026-06-28,58,96940,원피스,111100
팬츠,google,2026-07-05,61,101954,원피스,111100
팬츠,google,2026-07-12,49,81898,원피스,111100
팬츠,google,2026-07-19,64,106968,원피스,111100
팬츠,google,2026-07-26,49,81898,원피스,111100
팬츠,google,2026-08-02,50,83569,원피스,111100
팬츠,google,2026-08-09,44,73541,원피스,111100
팬츠,google,2026-08-16,45,75212,원피스,111100
팬츠,google,2026-08-23,45,75212,원피스,111100
팬츠,google,2026-08-30,46,76883,원피스,111100
팬츠,google,2026-09-06,54,90254,원피스,111100
팬츠,google,2026-09-13,60,100283,원피스,111100
버뮤다팬츠,google,2025-09-14,2,3342,원피스,111100
버뮤다팬츠,google,2025-09-21,2,3342,원피스,111100
버뮤다팬츠,google,2025-09-28,2,3342,원피스,111100
버뮤다팬츠,google,2025-10-05,2,3342,원피스,111100
버뮤다팬츠,google,2025-10-12,0,0,원피스,111100
버뮤다팬츠,google,2025-10-19,1,1671,원피스,111100
버뮤다팬츠,google,2025-10-26,0,0,원피스,111100
버뮤다팬츠,google,2025-11-02,0,0,원피스,111100
버뮤다팬츠,google,2025-11-09,0,0,원피스,111100
버뮤다팬츠,google,2025-11-16,0,0,원피스,111100
버뮤다팬츠,google,2025-11-23,0,0,원피스,111100
버뮤다팬츠,google,2025-11-30,0,0,원피스,111100
버뮤다팬츠,google,2025-12-07,0,0,원피스,111100
버뮤다팬츠,google,2025-12-14,0,0,원피스,111100
버뮤다팬츠,google,2025-12-21,0,0,원피스,111100
버뮤다팬츠,google,2025-12-28,0,0,원피스,111100
버뮤다팬츠,google,2026-01-04,0,0,원피스,111100
버뮤다팬츠,google,2026-01-11,0,0,원피스,111100
버뮤다팬츠,google,2026-01-18,0,0,원피스,111100
버뮤다팬츠,google,2026-01-25,0,0,원피스,111100
버뮤다팬츠,google,2026-02-01,0,0,원피스,111100
버뮤다팬츠,google,2026-02-08,0,0,원피스,111100
버뮤다팬츠,google,2026-02-15,0,0,원피스,111100
버뮤다팬츠,google,2026-02-22,0,0,원피스,111100
버뮤다팬츠,google,2026-03-01,0,0,원피스,111100
버뮤다팬츠,google,2026-03-08,1,1671,원피스,111100
버뮤다팬츠,google,2026-03-15,1,1671,원피스,111100
버뮤다팬츠,google,2026-03-22,2,3342,원피스,111100
버뮤다팬츠,google,2026-03-29,3,5014,원피스,111100
버뮤다팬츠,google,2026-04-05,3,5014,원피스,111100
버뮤다팬츠,google,2026-04-12,4,6685,원피스,111100
버뮤다팬츠,google,2026-04-19,5,8356,원피스,111100
버뮤다팬츠,google,2026-04-26,5,8356,원피스,111100
버뮤다팬츠,google,2026-05-03,4,6685,원피스,111100
버뮤다팬츠,google,2026-05-10,6,10028,원피스,111100
버뮤다팬츠,google,2026-05-17,7,11699,원피스,111100
버뮤다팬츠,google,2026-05-24,8,13371,원피스,111100
버뮤다팬츠,google,2026-05-31,6,10028,원피스,111100
버뮤다팬츠,google,2026-06-07,4,6685,원피스,111100
버뮤다팬츠,google,2026-06-14,7,11699,원피스,111100
버뮤다팬츠,google,2026-06-21,6,10028,원피스,111100
버뮤다팬츠,google,2026-06-28,5,8356,원피스,111100
버뮤다팬츠,google,2026-07-05,6,10028,원피스,111100
버뮤다팬츠,google,2026-07-12,4,6685,원피스,111100
버뮤다팬츠,google,2026-07-19,5,8356,원피스,111100
버뮤다팬츠,google,2026-07-26,5,8356,원피스,111100
버뮤다팬츠,google,2026-08-02,5,8356,원피스,111100
버뮤다팬츠,google,2026-08-09,4,6685,원피스,111100
버뮤다팬츠,google,2026-08-16,4,6685,원피스,111100
버뮤다팬츠,google,2026-08-23,2,3342,원피스,111100
버뮤다팬츠,google,2026-08-30,2,3342,원피스,111100
버뮤다팬츠,google,2026-09-06,2,3342,원피스,111100
버뮤다팬츠,google,2026-09-13,2,3342,원피스,111100
쇼츠,google,2025-09-14,53,88583,원피스,111100
쇼츠,google,2025-09-21,56,93597,원피스,111100
쇼츠,google,2025-09-28,58,96940,원피스,111100
쇼츠,google,2025-10-05,53,88583,원피스,111100
쇼츠,google,2025-10-12,62,103626,원피스,111100
쇼츠,google,2025-10-19,53,88583,원피스,111100
쇼츠,google,2025-10-26,57,95269,원피스,111100
쇼츠,google,2025-11-02,100,167138,원피스,111100
쇼츠,google,2025-11-09,63,105297,원피스,111100
쇼츠,google,2025-11-16,64,106968,원피스,111100
쇼츠,google,2025-11-23,64,106968,원피스,111100
쇼츠,google,2025-11-30,58,96940,원피스,111100
쇼츠,google,2025-12-07,62,103626,원피스,111100
쇼츠,google,2025-12-14,63,105297,원피스,111100
쇼츠,google,2025-12-21,63,105297,원피스,111100
쇼츠,google,2025-12-28,61,101954,원피스,111100
쇼츠,google,2026-01-04,66,110311,원피스,111100
쇼츠,google,2026-01-11,60,100283,원피스,111100
쇼츠,google,2026-01-18,60,100283,원피스,111100
쇼츠,google,2026-01-25,56,93597,원피스,111100
쇼츠,google,2026-02-01,65,108640,원피스,111100
쇼츠,google,2026-02-08,60,100283,원피스,111100
쇼츠,google,2026-02-15,70,116997,원피스,111100
쇼츠,google,2026-02-22,72,120339,원피스,111100
쇼츠,google,2026-03-01,67,111982,원피스,111100
쇼츠,google,2026-03-08,56,93597,원피스,111100
쇼츠,google,2026-03-15,57,95269,원피스,111100
쇼츠,google,2026-03-22,66,110311,원피스,111100
쇼츠,google,2026-03-29,62,103626,원피스,111100
쇼츠,google,2026-04-05,50,83569,원피스,111100
쇼츠,google,2026-04-12,55,91926,원피스,111100
쇼츠,google,2026-04-19,62,103626,원피스,111100
쇼츠,google,2026-04-26,68,113654,원피스,111100
쇼츠,google,2026-05-03,60,100283,원피스,111100
쇼츠,google,2026-05-10,58,96940,원피스,111100
쇼츠,google,2026-05-17,52,86912,원피스,111100
쇼츠,google,2026-05-24,63,105297,원피스,111100
쇼츠,google,2026-05-31,63,105297,원피스,111100
쇼츠,google,2026-06-07,65,108640,원피스,111100
쇼츠,google,2026-06-14,60,100283,원피스,111100
쇼츠,google,2026-06-21,53,88583,원피스,111100
쇼츠,google,2026-06-28,63,105297,원피스,111100
쇼츠,google,2026-07-05,57,95269,원피스,111100
쇼츠,google,2026-07-12,75,125354,원피스,111100
쇼츠,google,2026-07-19,62,103626,원피스,111100
쇼츠,google,2026-07-26,65,108640,원피스,111100
쇼츠,google,2026-08-02,55,91926,원피스,111100
쇼츠,google,2026-08-09,55,91926,원피스,111100
쇼츠,google,2026-08-16,52,86912,원피스,111100
쇼츠,google,2026-08-23,52,86912,원피스,111100
쇼츠,google,2026-08-30,52,86912,원피스,111100
쇼츠,google,2026-09-06,55,91926,원피스,111100
쇼츠,google,2026-09-13,61,101954,원피스,111100
스웨트팬츠,google,2025-09-14,1,1671,원피스,111100
스웨트팬츠,google,2025-09-21,0,0,원피스,111100
스웨트팬츠,google,2025-09-28,0,0,원피스,111100
스웨트팬츠,google,2025-10-05,1,1671,원피스,111100
스웨트팬츠,google,2025-10-12,0,0,원피스,111100
스웨트팬츠,google,2025-10-19,1,1671,원피스,111100
스웨트팬츠,google,2025-10-26,1,1671,원피스,111100
스웨트팬츠,google,2025-11-02,1,1671,원피스,111100
스웨트팬츠,google,2025-11-09,0,0,원피스,111100
스웨트팬츠,google,2025-11-16,0,0,원피스,111100
스웨트팬츠,google,2025-11-23,0,0,원피스,111100
스웨트팬츠,google,2025-11-30,0,0,원피스,111100
스웨트팬츠,google,2025-12-07,1,1671,원피스,111100
스웨트팬츠,google,2025-12-14,0,0,원피스,111100
스웨트팬츠,google,2025-12-21,1,1671,원피스,111100
스웨트팬츠,google,2025-12-28,0,0,원피스,111100
스웨트팬츠,google,2026-01-04,1,1671,원피스,111100
스웨트팬츠,google,2026-01-11,1,1671,원피스,111100
스웨트팬츠,google,2026-01-18,0,0,원피스,111100
스웨트팬츠,google,2026-01-25,1,1671,원피스,111100
스웨트팬츠,google,2026-02-01,1,1671,원피스,111100
스웨트팬츠,google,2026-02-08,1,1671,원피스,111100
스웨트팬츠,google,2026-02-15,0,0,원피스,111100
스웨트팬츠,google,2026-02-22,1,1671,원피스,111100
스웨트팬츠,google,2026-03-01,1,1671,원피스,111100
스웨트팬츠,google,2026-03-08,1,1671,원피스,111100
스웨트팬츠,google,2026-03-15,1,1671,원피스,111100
스웨트팬츠,google,2026-03-22,1,1671,원피스,111100
스웨트팬츠,google,2026-03-29,0,0,원피스,111100
스웨트팬츠,google,2026-04-05,1,1671,원피스,111100
스웨트팬츠,google,2026-04-12,1,1671,원피스,111100
스웨트팬츠,google,2026-04-19,1,1671,원피스,111100
스웨트팬츠,google,2026-04-26,0,0,원피스,111100
스웨트팬츠,google,2026-05-03,0,0,원피스,111100
스웨트팬츠,google,2026-05-10,0,0,원피스,111100
스웨트팬츠,google,2026-05-17,0,0,원피스,111100
스웨트팬츠,google,2026-05-24,0,0,원피스,111100
스웨트팬츠,google,2026-05-31,0,0,원피스,111100
스웨트팬츠,google,2026-06-07,1,1671,원피스,111100
스웨트팬츠,google,2026-06-14,0,0,원피스,111100
스웨트팬츠,google,2026-06-21,1,1671,원피스,111100
스웨트팬츠,google,2026-06-28,0,0,원피스,111100
스웨트팬츠,google,2026-07-05,0,0,원피스,111100
스웨트팬츠,google,2026-07-12,0,0,원피스,111100
스웨트팬츠,google,2026-07-19,0,0,원피스,111100
스웨트팬츠,google,2026-07-26,0,0,원피스,111100
스웨트팬츠,google,2026-08-02,0,0,원피스,111100
스웨트팬츠,google,2026-08-09,0,0,원피스,111100
스웨트팬츠,google,2026-08-16,0,0,원피스,111100
스웨트팬츠,google,2026-08-23,0,0,원피스,111100
스웨트팬츠,google,2026-08-30,1,1671,원피스,111100
스웨트팬츠,google,2026-09-06,1,1671,원피스,111100
스웨트팬츠,google,2026-09-13,1,1671,원피스,111100
스커트팬츠,google,2025-09-14,0,0,원피스,111100
스커트팬츠,google,2025-09-21,0,0,원피스,111100
스커트팬츠,google,2025-09-28,0,0,원피스,111100
스커트팬츠,google,2025-10-05,0,0,원피스,111100
스커트팬츠,google,2025-10-12,0,0,원피스,111100
스커트팬츠,google,2025-10-19,0,0,원피스,111100
스커트팬츠,google,2025-10-26,0,0,원피스,111100
스커트팬츠,google,2025-11-02,0,0,원피스,111100
스커트팬츠,google,2025-11-09,0,0,원피스,111100
스커트팬츠,google,2025-11-16,0,0,원피스,111100
스커트팬츠,google,2025-11-23,0,0,원피스,111100
스커트팬츠,google,2025-11-30,0,0,원피스,111100
스커트팬츠,google,2025-12-07,0,0,원피스,111100
스커트팬츠,google,2025-12-14,0,0,원피스,111100
스커트팬츠,google,2025-12-21,0,0,원피스,111100
스커트팬츠,google,2025-12-28,0,0,원피스,111100
스커트팬츠,google,2026-01-04,0,0,원피스,111100
스커트팬츠,google,2026-01-11,0,0,원피스,111100
스커트팬츠,google,2026-01-18,0,0,원피스,111100
스커트팬츠,google,2026-01-25,0,0,원피스,111100
스커트팬츠,google,2026-02-01,0,0,원피스,111100
스커트팬츠,google,2026-02-08,0,0,원피스,111100
스커트팬츠,google,2026-02-15,0,0,원피스,111100
스커트팬츠,google,2026-02-22,0,0,원피스,111100
스커트팬츠,google,2026-03-01,0,0,원피스,111100
스커트팬츠,google,2026-03-08,0,0,원피스,111100
스커트팬츠,google,2026-03-15,0,0,원피스,111100
스커트팬츠,google,2026-03-22,0,0,원피스,111100
스커트팬츠,google,2026-03-29,0,0,원피스,111100
스커트팬츠,google,2026-04-05,0,0,원피스,111100
스커트팬츠,google,2026-04-12,0,0,원피스,111100
스커트팬츠,google,2026-04-19,0,0,원피스,111100
스커트팬츠,google,2026-04-26,0,0,원피스,111100
스커트팬츠,google,2026-05-03,0,0,원피스,111100
스커트팬츠,google,2026-05-10,0,0,원피스,111100
스커트팬츠,google,2026-05-17,0,0,원피스,111100
스커트팬츠,google,2026-05-24,0,0,원피스,111100
스커트팬츠,google,2026-05-31,0,0,원피스,111100
스커트팬츠,google,2026-06-07,1,1671,원피스,111100
스커트팬츠,google,2026-06-14,0,0,원피스,111100
스커트팬츠,google,2026-06-21,0,0,원피스,111100
스커트팬츠,google,2026-06-28,0,0,원피스,111100
스커트팬츠,google,2026-07-05,0,0,원피스,111100
스커트팬츠,google,2026-07-12,0,0,원피스,111100
스커트팬츠,google,2026-07-19,0,0,원피스,111100
스커트팬츠,google,2026-07-26,1,1671,원피스,111100
스커트팬츠,google,2026-08-02,0,0,원피스,111100
스커트팬츠,google,2026-08-09,0,0,원피스,111100
스커트팬츠,google,2026-08-16,0,0,원피스,111100
스커트팬츠,google,2026-08-23,0,0,원피스,111100
스커트팬츠,google,2026-08-30,0,0,원피스,111100
스커트팬츠,google,2026-09-06,0,0,원피스,111100
스커트팬츠,google,2026-09-13,0,0,원피스,111100
슬랙스,google,2025-09-14,7,11699,원피스,111100
슬랙스,google,2025-09-21,7,11699,원피스,111100
슬랙스,google,2025-09-28,8,13371,원피스,111100
슬랙스,google,2025-10-05,7,11699,원피스,111100
슬랙스,google,2025-10-12,8,13371,원피스,111100
슬랙스,google,2025-10-19,9,15042,원피스,111100
슬랙스,google,2025-10-26,7,11699,원피스,111100
슬랙스,google,2025-11-02,8,13371,원피스,111100
슬랙스,google,2025-11-09,8,13371,원피스,111100
슬랙스,google,2025-11-16,8,13371,원피스,111100
슬랙스,google,2025-11-23,7,11699,원피스,111100
슬랙스,google,2025-11-30,7,11699,원피스,111100
슬랙스,google,2025-12-07,7,11699,원피스,111100
슬랙스,google,2025-12-14,6,10028,원피스,111100
슬랙스,google,2025-12-21,7,11699,원피스,111100
슬랙스,google,2025-12-28,6,10028,원피스,111100
슬랙스,google,2026-01-04,7,11699,원피스,111100
슬랙스,google,2026-01-11,6,10028,원피스,111100
슬랙스,google,2026-01-18,5,8356,원피스,111100
슬랙스,google,2026-01-25,7,11699,원피스,111100
슬랙스,google,2026-02-01,6,10028,원피스,111100
슬랙스,google,2026-02-08,6,10028,원피스,111100
슬랙스,google,2026-02-15,7,11699,원피스,111100
슬랙스,google,2026-02-22,8,13371,원피스,111100
슬랙스,google,2026-03-01,6,10028,원피스,111100
슬랙스,google,2026-03-08,7,11699,원피스,111100
슬랙스,google,2026-03-15,8,13371,원피스,111100
슬랙스,google,2026-03-22,9,15042,원피스,111100
슬랙스,google,2026-03-29,9,15042,원피스,111100
슬랙스,google,2026-04-05,6,10028,원피스,111100
슬랙스,google,2026-04-12,8,13371,원피스,111100
슬랙스,google,2026-04-19,6,10028,원피스,111100
슬랙스,google,2026-04-26,7,11699,원피스,111100
슬랙스,google,2026-05-03,8,13371,원피스,111100
슬랙스,google,2026-05-10,7,11699,원피스,111100
슬랙스,google,2026-05-17,8,13371,원피스,111100
슬랙스,google,2026-05-24,6,10028,원피스,111100
슬랙스,google,2026-05-31,8,13371,원피스,111100
슬랙스,google,2026-06-07,6,10028,원피스,111100
슬랙스,google,2026-06-14,6,10028,원피스,111100
슬랙스,google,2026-06-21,6,10028,원피스,111100
슬랙스,google,2026-06-28,6,10028,원피스,111100
슬랙스,google,2026-07-05,6,10028,원피스,111100
슬랙스,google,2026-07-12,5,8356,원피스,111100
슬랙스,google,2026-07-19,5,8356,원피스,111100
슬랙스,google,2026-07-26,6,10028,원피스,111100
슬랙스,google,2026-08-02,5,8356,원피스,111100
슬랙스,google,2026-08-09,5,8356,원피스,111100
슬랙스,google,2026-08-16,6,10028,원피스,111100
슬랙스,google,2026-08-23,5,8356,원피스,111100
슬랙스,google,2026-08-30,6,10028,원피스,111100
슬랙스,google,2026-09-06,6,10028,원피스,111100
슬랙스,google,2026-09-13,6,10028,원피스,111100
조거팬츠,google,2025-09-14,2,3342,원피스,111100
조거팬츠,google,2025-09-21,2,3342,원피스,111100
조거팬츠,google,2025-09-28,1,1671,원피스,111100
조거팬츠,google,2025-10-05,3,5014,원피스,111100
조거팬츠,google,2025-10-12,2,3342,원피스,111100
조거팬츠,google,2025-10-19,3,5014,원피스,111100
조거팬츠,google,2025-10-26,3,5014,원피스,111100
조거팬츠,google,2025-11-02,3,5014,원피스,111100
조거팬츠,google,2025-11-09,3,5014,원피스,111100
조거팬츠,google,2025-11-16,2,3342,원피스,111100
조거팬츠,google,2025-11-23,3,5014,원피스,111100
조거팬츠,google,2025-11-30,3,5014,원피스,111100
조거팬츠,google,2025-12-07,3,5014,원피스,111100
조거팬츠,google,2025-12-14,2,3342,원피스,111100
조거팬츠,google,2025-12-21,1,1671,원피스,111100
조거팬츠,google,2025-12-28,2,3342,원피스,111100
조거팬츠,google,2026-01-04,2,3342,원피스,111100
조거팬츠,google,2026-01-11,2,3342,원피스,111100
조거팬츠,google,2026-01-18,2,3342,원피스,111100
조거팬츠,google,2026-01-25,2,3342,원피스,111100
조거팬츠,google,2026-02-01,1,1671,원피스,111100
조거팬츠,google,2026-02-08,2,3342,원피스,111100
조거팬츠,google,2026-02-15,2,3342,원피스,111100
조거팬츠,google,2026-02-22,1,1671,원피스,111100
조거팬츠,google,2026-03-01,2,3342,원피스,111100
조거팬츠,google,2026-03-08,2,3342,원피스,111100
조거팬츠,google,2026-03-15,2,3342,원피스,111100
조거팬츠,google,2026-03-22,2,3342,원피스,111100
조거팬츠,google,2026-03-29,2,3342,원피스,111100
조거팬츠,google,2026-04-05,2,3342,원피스,111100
조거팬츠,google,2026-04-12,2,3342,원피스,111100
조거팬츠,google,2026-04-19,1,1671,원피스,111100
조거팬츠,google,2026-04-26,1,1671,원피스,111100
조거팬츠,google,2026-05-03,2,3342,원피스,111100
조거팬츠,google,2026-05-10,2,3342,원피스,111100
조거팬츠,google,2026-05-17,1,1671,원피스,111100
조거팬츠,google,2026-05-24,2,3342,원피스,111100
조거팬츠,google,2026-05-31,1,1671,원피스,111100
조거팬츠,google,2026-06-07,1,1671,원피스,111100
조거팬츠,google,2026-06-14,2,3342,원피스,111100
조거팬츠,google,2026-06-21,2,3342,원피스,111100
조거팬츠,google,2026-06-28,1,1671,원피스,111100
조거팬츠,google,2026-07-05,2,3342,원피스,111100
조거팬츠,google,2026-07-12,1,1671,원피스,111100
조거팬츠,google,2026-07-19,1,1671,원피스,111100
조거팬츠,google,2026-07-26,1,1671,원피스,111100
조거팬츠,google,2026-08-02,1,1671,원피스,111100
조거팬츠,google,2026-08-09,1,1671,원피스,111100
조거팬츠,google,2026-08-16,1,1671,원피스,111100
조거팬츠,google,2026-08-23,1,1671,원피스,111100
조거팬츠,google,2026-08-30,1,1671,원피스,111100
조거팬츠,google,2026-09-06,1,1671,원피스,111100
조거팬츠,google,2026-09-13,1,1671,원피스,111100
청바지,google,2025-09-14,22,36770,원피스,111100
청바지,google,2025-09-21,24,40113,원피스,111100
청바지,google,2025-09-28,26,43456,원피스,111100
청바지,google,2025-10-05,29,48470,원피스,111100
청바지,google,2025-10-12,25,41784,원피스,111100
청바지,google,2025-10-19,28,46798,원피스,111100
청바지,google,2025-10-26,26,43456,원피스,111100
청바지,google,2025-11-02,26,43456,원피스,111100
청바지,google,2025-11-09,25,41784,원피스,111100
청바지,google,2025-11-16,23,38441,원피스,111100
청바지,google,2025-11-23,24,40113,원피스,111100
청바지,google,2025-11-30,22,36770,원피스,111100
청바지,google,2025-12-07,21,35099,원피스,111100
청바지,google,2025-12-14,24,40113,원피스,111100
청바지,google,2025-12-21,25,41784,원피스,111100
청바지,google,2025-12-28,23,38441,원피스,111100
청바지,google,2026-01-04,20,33427,원피스,111100
청바지,google,2026-01-11,19,31756,원피스,111100
청바지,google,2026-01-18,21,35099,원피스,111100
청바지,google,2026-01-25,22,36770,원피스,111100
청바지,google,2026-02-01,21,35099,원피스,111100
청바지,google,2026-02-08,21,35099,원피스,111100
청바지,google,2026-02-15,23,38441,원피스,111100
청바지,google,2026-02-22,25,41784,원피스,111100
청바지,google,2026-03-01,26,43456,원피스,111100
청바지,google,2026-03-08,24,40113,원피스,111100
청바지,google,2026-03-15,25,41784,원피스,111100
청바지,google,2026-03-22,28,46798,원피스,111100
청바지,google,2026-03-29,29,48470,원피스,111100
청바지,google,2026-04-05,59,98611,원피스,111100
청바지,google,2026-04-12,43,71869,원피스,111100
청바지,google,2026-04-19,76,127025,원피스,111100
청바지,google,2026-04-26,34,56827,원피스,111100
청바지,google,2026-05-03,29,48470,원피스,111100
청바지,google,2026-05-10,40,66855,원피스,111100
청바지,google,2026-05-17,62,103626,원피스,111100
청바지,google,2026-05-24,36,60169,원피스,111100
청바지,google,2026-05-31,65,108640,원피스,111100
청바지,google,2026-06-07,22,36770,원피스,111100
청바지,google,2026-06-14,35,58498,원피스,111100
청바지,google,2026-06-21,50,83569,원피스,111100
청바지,google,2026-06-28,27,45127,원피스,111100
청바지,google,2026-07-05,42,70198,원피스,111100
청바지,google,2026-07-12,23,38441,원피스,111100
청바지,google,2026-07-19,28,46798,원피스,111100
청바지,google,2026-07-26,20,33427,원피스,111100
청바지,google,2026-08-02,26,43456,원피스,111100
청바지,google,2026-08-09,45,75212,원피스,111100
청바지,google,2026-08-16,41,68526,원피스,111100
청바지,google,2026-08-23,40,66855,원피스,111100
청바지,google,2026-08-30,40,66855,원피스,111100
청바지,google,2026-09-06,72,120339,원피스,111100
청바지,google,2026-09-13,100,167138,원피스,111100
치노팬츠,google,2025-09-14,28,46798,원피스,111100
치노팬츠,google,2025-09-21,22,36770,원피스,111100
치노팬츠,google,2025-09-28,45,75212,원피스,111100
치노팬츠,google,2025-10-05,35,58498,원피스,111100
치노팬츠,google,2025-10-12,27,45127,원피스,111100
치노팬츠,google,2025-10-19,24,40113,원피스,111100
치노팬츠,google,2025-10-26,28,46798,원피스,111100
치노팬츠,google,2025-11-02,19,31756,원피스,111100
치노팬츠,google,2025-11-09,19,31756,원피스,111100
치노팬츠,google,2025-11-16,33,55155,원피스,111100
치노팬츠,google,2025-11-23,25,41784,원피스,111100
치노팬츠,google,2025-11-30,22,36770,원피스,111100
치노팬츠,google,2025-12-07,19,31756,원피스,111100
치노팬츠,google,2025-12-14,0,0,원피스,111100
치노팬츠,google,2025-12-21,21,35099,원피스,111100
치노팬츠,google,2025-12-28,16,26742,원피스,111100
치노팬츠,google,2026-01-04,17,28413,원피스,111100
치노팬츠,google,2026-01-11,17,28413,원피스,111100
치노팬츠,google,2026-01-18,15,25070,원피스,111100
치노팬츠,google,2026-01-25,18,30084,원피스,111100
치노팬츠,google,2026-02-01,18,30084,원피스,111100
치노팬츠,google,2026-02-08,18,30084,원피스,111100
치노팬츠,google,2026-02-15,28,46798,원피스,111100
치노팬츠,google,2026-02-22,24,40113,원피스,111100
치노팬츠,google,2026-03-01,30,50141,원피스,111100
치노팬츠,google,2026-03-08,33,55155,원피스,111100
치노팬츠,google,2026-03-15,29,48470,원피스,111100
치노팬츠,google,2026-03-22,24,40113,원피스,111100
치노팬츠,google,2026-03-29,23,38441,원피스,111100
치노팬츠,google,2026-04-05,28,46798,원피스,111100
치노팬츠,google,2026-04-12,21,35099,원피스,111100
치노팬츠,google,2026-04-19,19,31756,원피스,111100
치노팬츠,google,2026-04-26,18,30084,원피스,111100
치노팬츠,google,2026-05-03,25,41784,원피스,111100
치노팬츠,google,2026-05-10,16,26742,원피스,111100
치노팬츠,google,2026-05-17,13,21728,원피스,111100
치노팬츠,google,2026-05-24,17,28413,원피스,111100
치노팬츠,google,2026-05-31,13,21728,원피스,111100
치노팬츠,google,2026-06-07,15,25070,원피스,111100
치노팬츠,google,2026-06-14,17,28413,원피스,111100
치노팬츠,google,2026-06-21,15,25070,원피스,111100
치노팬츠,google,2026-06-28,11,18385,원피스,111100
치노팬츠,google,2026-07-05,16,26742,원피스,111100
치노팬츠,google,2026-07-12,9,15042,원피스,111100
치노팬츠,google,2026-07-19,15,25070,원피스,111100
치노팬츠,google,2026-07-26,13,21728,원피스,111100
치노팬츠,google,2026-08-02,11,18385,원피스,111100
치노팬츠,google,2026-08-09,11,18385,원피스,111100
치노팬츠,google,2026-08-16,12,20056,원피스,111100
치노팬츠,google,2026-08-23,18,30084,원피스,111100
치노팬츠,google,2026-08-30,14,23399,원피스,111100
치노팬츠,google,2026-09-06,19,31756,원피스,111100
치노팬츠,google,2026-09-13,29,48470,원피스,111100
카고팬츠,google,2025-09-14,17,28413,원피스,111100
카고팬츠,google,2025-09-21,20,33427,원피스,111100
카고팬츠,google,2025-09-28,14,23399,원피스,111100
카고팬츠,google,2025-10-05,25,41784,원피스,111100
카고팬츠,google,2025-10-12,20,33427,원피스,111100
카고팬츠,google,2025-10-19,25,41784,원피스,111100
카고팬츠,google,2025-10-26,16,26742,원피스,111100
카고팬츠,google,2025-11-02,20,33427,원피스,111100
카고팬츠,google,2025-11-09,16,26742,원피스,111100
카고팬츠,google,2025-11-16,16,26742,원피스,111100
카고팬츠,google,2025-11-23,13,21728,원피스,111100
카고팬츠,google,2025-11-30,19,31756,원피스,111100
카고팬츠,google,2025-12-07,13,21728,원피스,111100
카고팬츠,google,2025-12-14,19,31756,원피스,111100
카고팬츠,google,2025-12-21,16,26742,원피스,111100
카고팬츠,google,2025-12-28,20,33427,원피스,111100
카고팬츠,google,2026-01-04,15,25070,원피스,111100
카고팬츠,google,2026-01-11,17,28413,원피스,111100
카고팬츠,google,2026-01-18,20,33427,원피스,111100
카고팬츠,google,2026-01-25,12,20056,원피스,111100
카고팬츠,google,2026-02-01,13,21728,원피스,111100
카고팬츠,google,2026-02-08,22,36770,원피스,111100
카고팬츠,google,2026-02-15,18,30084,원피스,111100
카고팬츠,google,2026-02-22,22,36770,원피스,111100
카고팬츠,google,2026-03-01,25,41784,원피스,111100
카고팬츠,google,2026-03-08,28,46798,원피스,111100
카고팬츠,google,2026-03-15,17,28413,원피스,111100
카고팬츠,google,2026-03-22,25,41784,원피스,111100
카고팬츠,google,2026-03-29,24,40113,원피스,111100
카고팬츠,google,2026-04-05,25,41784,원피스,111100
카고팬츠,google,2026-04-12,23,38441,원피스,111100
카고팬츠,google,2026-04-19,23,38441,원피스,111100
카고팬츠,google,2026-04-26,22,36770,원피스,111100
카고팬츠,google,2026-05-03,27,45127,원피스,111100
카고팬츠,google,2026-05-10,26,43456,원피스,111100
카고팬츠,google,2026-05-17,30,50141,원피스,111100
카고팬츠,google,2026-05-24,61,101954,원피스,111100
카고팬츠,google,2026-05-31,28,46798,원피스,111100
카고팬츠,google,2026-06-07,22,36770,원피스,111100
카고팬츠,google,2026-06-14,28,46798,원피스,111100
카고팬츠,google,2026-06-21,35,58498,원피스,111100
카고팬츠,google,2026-06-28,41,68526,원피스,111100
카고팬츠,google,2026-07-05,27,45127,원피스,111100
카고팬츠,google,2026-07-12,16,26742,원피스,111100
카고팬츠,google,2026-07-19,100,167138,원피스,111100
카고팬츠,google,2026-07-26,20,33427,원피스,111100
카고팬츠,google,2026-08-02,24,40113,원피스,111100
카고팬츠,google,2026-08-09,15,25070,원피스,111100
카고팬츠,google,2026-08-16,19,31756,원피스,111100
카고팬츠,google,2026-08-23,21,35099,원피스,111100
카고팬츠,google,2026-08-30,16,26742,원피스,111100
카고팬츠,google,2026-09-06,45,75212,원피스,111100
카고팬츠,google,2026-09-13,32,53484,원피스,111100
카프리팬츠,google,2025-09-14,0,0,원피스,111100
카프리팬츠,google,2025-09-21,0,0,원피스,111100
카프리팬츠,google,2025-09-28,0,0,원피스,111100
카프리팬츠,google,2025-10-05,0,0,원피스,111100
카프리팬츠,google,2025-10-12,0,0,원피스,111100
카프리팬츠,google,2025-10-19,0,0,원피스,111100
카프리팬츠,google,2025-10-26,0,0,원피스,111100
카프리팬츠,google,2025-11-02,0,0,원피스,111100
카프리팬츠,google,2025-11-09,0,0,원피스,111100
카프리팬츠,google,2025-11-16,0,0,원피스,111100
카프리팬츠,google,2025-11-23,0,0,원피스,111100
카프리팬츠,google,2025-11-30,0,0,원피스,111100
카프리팬츠,google,2025-12-07,0,0,원피스,111100
카프리팬츠,google,2025-12-14,0,0,원피스,111100
카프리팬츠,google,2025-12-21,0,0,원피스,111100
카프리팬츠,google,2025-12-28,0,0,원피스,111100
카프리팬츠,google,2026-01-04,0,0,원피스,111100
카프리팬츠,google,2026-01-11,0,0,원피스,111100
카프리팬츠,google,2026-01-18,0,0,원피스,111100
카프리팬츠,google,2026-01-25,0,0,원피스,111100
카프리팬츠,google,2026-02-01,0,0,원피스,111100
카프리팬츠,google,2026-02-08,0,0,원피스,111100
카프리팬츠,google,2026-02-15,0,0,원피스,111100
카프리팬츠,google,2026-02-22,0,0,원피스,111100
카프리팬츠,google,2026-03-01,0,0,원피스,111100
카프리팬츠,google,2026-03-08,0,0,원피스,111100
카프리팬츠,google,2026-03-15,0,0,원피스,111100
카프리팬츠,google,2026-03-22,0,0,원피스,111100
카프리팬츠,google,2026-03-29,0,0,원피스,111100
카프리팬츠,google,2026-04-05,0,0,원피스,111100
카프리팬츠,google,2026-04-12,8,13371,원피스,111100
카프리팬츠,google,2026-04-19,0,0,원피스,111100
카프리팬츠,google,2026-04-26,13,21728,원피스,111100
카프리팬츠,google,2026-05-03,0,0,원피스,111100
카프리팬츠,google,2026-05-10,23,38441,원피스,111100
카프리팬츠,google,2026-05-17,22,36770,원피스,111100
카프리팬츠,google,2026-05-24,12,20056,원피스,111100
카프리팬츠,google,2026-05-31,21,35099,원피스,111100
카프리팬츠,google,2026-06-07,13,21728,원피스,111100
카프리팬츠,google,2026-06-14,15,25070,원피스,111100
카프리팬츠,google,2026-06-21,11,18385,원피스,111100
카프리팬츠,google,2026-06-28,14,23399,원피스,111100
카프리팬츠,google,2026-07-05,17,28413,원피스,111100
카프리팬츠,google,2026-07-12,14,23399,원피스,111100
카프리팬츠,google,2026-07-19,16,26742,원피스,111100
카프리팬츠,google,2026-07-26,10,16713,원피스,111100
카프리팬츠,google,2026-08-02,14,23399,원피스,111100
카프리팬츠,google,2026-08-09,12,20056,원피스,111100
카프리팬츠,google,2026-08-16,0,0,원피스,111100
카프리팬츠,google,2026-08-23,0,0,원피스,111100
카프리팬츠,google,2026-08-30,5,8356,원피스,111100
카프리팬츠,google,2026-09-06,6,10028,원피스,111100
카프리팬츠,google,2026-09-13,10,16713,원피스,111100
큐롯팬츠,google,2025-09-14,0,0,원피스,111100
큐롯팬츠,google,2025-09-21,0,0,원피스,111100
큐롯팬츠,google,2025-09-28,0,0,원피스,111100
큐롯팬츠,google,2025-10-05,0,0,원피스,111100
큐롯팬츠,google,2025-10-12,0,0,원피스,111100
큐롯팬츠,google,2025-10-19,0,0,원피스,111100
큐롯팬츠,google,2025-10-26,0,0,원피스,111100
큐롯팬츠,google,2025-11-02,0,0,원피스,111100
큐롯팬츠,google,2025-11-09,0,0,원피스,111100
큐롯팬츠,google,2025-11-16,0,0,원피스,111100
큐롯팬츠,google,2025-11-23,0,0,원피스,111100
큐롯팬츠,google,2025-11-30,0,0,원피스,111100
큐롯팬츠,google,2025-12-07,0,0,원피스,111100
큐롯팬츠,google,2025-12-14,0,0,원피스,111100
큐롯팬츠,google,2025-12-21,0,0,원피스,111100
큐롯팬츠,google,2025-12-28,0,0,원피스,111100
큐롯팬츠,google,2026-01-04,0,0,원피스,111100
큐롯팬츠,google,2026-01-11,0,0,원피스,111100
큐롯팬츠,google,2026-01-18,0,0,원피스,111100
큐롯팬츠,google,2026-01-25,0,0,원피스,111100
큐롯팬츠,google,2026-02-01,0,0,원피스,111100
큐롯팬츠,google,2026-02-08,0,0,원피스,111100
큐롯팬츠,google,2026-02-15,0,0,원피스,111100
큐롯팬츠,google,2026-02-22,0,0,원피스,111100
큐롯팬츠,google,2026-03-01,0,0,원피스,111100
큐롯팬츠,google,2026-03-08,0,0,원피스,111100
큐롯팬츠,google,2026-03-15,0,0,원피스,111100
큐롯팬츠,google,2026-03-22,0,0,원피스,111100
큐롯팬츠,google,2026-03-29,0,0,원피스,111100
큐롯팬츠,google,2026-04-05,0,0,원피스,111100
큐롯팬츠,google,2026-04-12,0,0,원피스,111100
큐롯팬츠,google,2026-04-19,0,0,원피스,111100
큐롯팬츠,google,2026-04-26,0,0,원피스,111100
큐롯팬츠,google,2026-05-03,0,0,원피스,111100
큐롯팬츠,google,2026-05-10,0,0,원피스,111100
큐롯팬츠,google,2026-05-17,0,0,원피스,111100
큐롯팬츠,google,2026-05-24,0,0,원피스,111100
큐롯팬츠,google,2026-05-31,0,0,원피스,111100
큐롯팬츠,google,2026-06-07,0,0,원피스,111100
큐롯팬츠,google,2026-06-14,0,0,원피스,111100
큐롯팬츠,google,2026-06-21,0,0,원피스,111100
큐롯팬츠,google,2026-06-28,0,0,원피스,111100
큐롯팬츠,google,2026-07-05,0,0,원피스,111100
큐롯팬츠,google,2026-07-12,0,0,원피스,111100
큐롯팬츠,google,2026-07-19,0,0,원피스,111100
큐롯팬츠,google,2026-07-26,0,0,원피스,111100
큐롯팬츠,google,2026-08-02,0,0,원피스,111100
큐롯팬츠,google,2026-08-09,0,0,원피스,111100
큐롯팬츠,google,2026-08-16,0,0,원피스,111100
큐롯팬츠,google,2026-08-23,0,0,원피스,111100
큐롯팬츠,google,2026-08-30,1,1671,원피스,111100
큐롯팬츠,google,2026-09-06,0,0,원피스,111100
큐롯팬츠,google,2026-09-13,0,0,원피스,111100
트레이닝팬츠,google,2025-09-14,0,0,원피스,111100
트레이닝팬츠,google,2025-09-21,0,0,원피스,111100
트레이닝팬츠,google,2025-09-28,0,0,원피스,111100
트레이닝팬츠,google,2025-10-05,12,20056,원피스,111100
트레이닝팬츠,google,2025-10-12,8,13371,원피스,111100
트레이닝팬츠,google,2025-10-19,13,21728,원피스,111100
트레이닝팬츠,google,2025-10-26,0,0,원피스,111100
트레이닝팬츠,google,2025-11-02,9,15042,원피스,111100
트레이닝팬츠,google,2025-11-09,10,16713,원피스,111100
트레이닝팬츠,google,2025-11-16,15,25070,원피스,111100
트레이닝팬츠,google,2025-11-23,0,0,원피스,111100
트레이닝팬츠,google,2025-11-30,0,0,원피스,111100
트레이닝팬츠,google,2025-12-07,10,16713,원피스,111100
트레이닝팬츠,google,2025-12-14,9,15042,원피스,111100
트레이닝팬츠,google,2025-12-21,0,0,원피스,111100
트레이닝팬츠,google,2025-12-28,0,0,원피스,111100
트레이닝팬츠,google,2026-01-04,0,0,원피스,111100
트레이닝팬츠,google,2026-01-11,13,21728,원피스,111100
트레이닝팬츠,google,2026-01-18,11,18385,원피스,111100
트레이닝팬츠,google,2026-01-25,13,21728,원피스,111100
트레이닝팬츠,google,2026-02-01,9,15042,원피스,111100
트레이닝팬츠,google,2026-02-08,0,0,원피스,111100
트레이닝팬츠,google,2026-02-15,10,16713,원피스,111100
트레이닝팬츠,google,2026-02-22,15,25070,원피스,111100
트레이닝팬츠,google,2026-03-01,9,15042,원피스,111100
트레이닝팬츠,google,2026-03-08,15,25070,원피스,111100
트레이닝팬츠,google,2026-03-15,18,30084,원피스,111100
트레이닝팬츠,google,2026-03-22,10,16713,원피스,111100
트레이닝팬츠,google,2026-03-29,13,21728,원피스,111100
트레이닝팬츠,google,2026-04-05,11,18385,원피스,111100
트레이닝팬츠,google,2026-04-12,0,0,원피스,111100
트레이닝팬츠,google,2026-04-19,11,18385,원피스,111100
트레이닝팬츠,google,2026-04-26,0,0,원피스,111100
트레이닝팬츠,google,2026-05-03,8,13371,원피스,111100
트레이닝팬츠,google,2026-05-10,0,0,원피스,111100
트레이닝팬츠,google,2026-05-17,8,13371,원피스,111100
트레이닝팬츠,google,2026-05-24,9,15042,원피스,111100
트레이닝팬츠,google,2026-05-31,0,0,원피스,111100
트레이닝팬츠,google,2026-06-07,0,0,원피스,111100
트레이닝팬츠,google,2026-06-14,0,0,원피스,111100
트레이닝팬츠,google,2026-06-21,0,0,원피스,111100
트레이닝팬츠,google,2026-06-28,0,0,원피스,111100
트레이닝팬츠,google,2026-07-05,0,0,원피스,111100
트레이닝팬츠,google,2026-07-12,0,0,원피스,111100
트레이닝팬츠,google,2026-07-19,0,0,원피스,111100
트레이닝팬츠,google,2026-07-26,0,0,원피스,111100
트레이닝팬츠,google,2026-08-02,0,0,원피스,111100
트레이닝팬츠,google,2026-08-09,8,13371,원피스,111100
트레이닝팬츠,google,2026-08-16,0,0,원피스,111100
트레이닝팬츠,google,2026-08-23,0,0,원피스,111100
트레이닝팬츠,google,2026-08-30,5,8356,원피스,111100
트레이닝팬츠,google,2026-09-06,8,13371,원피스,111100
트레이닝팬츠,google,2026-09-13,7,11699,원피스,111100
세트업,google,2025-09-14,0,0,원피스,111100
세트업,google,2025-09-21,1,1671,원피스,111100
세트업,google,2025-09-28,0,0,원피스,111100
세트업,google,2025-10-05,1,1671,원피스,111100
세트업,google,2025-10-12,0,0,원피스,111100
세트업,google,2025-10-19,1,1671,원피스,111100
세트업,google,2025-10-26,1,1671,원피스,111100
세트업,google,2025-11-02,1,1671,원피스,111100
세트업,google,2025-11-09,1,1671,원피스,111100
세트업,google,2025-11-16,1,1671,원피스,111100
세트업,google,2025-11-23,0,0,원피스,111100
세트업,google,2025-11-30,0,0,원피스,111100
세트업,google,2025-12-07,0,0,원피스,111100
세트업,google,2025-12-14,1,1671,원피스,111100
세트업,google,2025-12-21,0,0,원피스,111100
세트업,google,2025-12-28,1,1671,원피스,111100
세트업,google,2026-01-04,1,1671,원피스,111100
세트업,google,2026-01-11,1,1671,원피스,111100
세트업,google,2026-01-18,1,1671,원피스,111100
세트업,google,2026-01-25,1,1671,원피스,111100
세트업,google,2026-02-01,1,1671,원피스,111100
세트업,google,2026-02-08,1,1671,원피스,111100
세트업,google,2026-02-15,1,1671,원피스,111100
세트업,google,2026-02-22,0,0,원피스,111100
세트업,google,2026-03-01,0,0,원피스,111100
세트업,google,2026-03-08,0,0,원피스,111100
세트업,google,2026-03-15,1,1671,원피스,111100
세트업,google,2026-03-22,1,1671,원피스,111100
세트업,google,2026-03-29,1,1671,원피스,111100
세트업,google,2026-04-05,0,0,원피스,111100
세트업,google,2026-04-12,0,0,원피스,111100
세트업,google,2026-04-19,1,1671,원피스,111100
세트업,google,2026-04-26,1,1671,원피스,111100
세트업,google,2026-05-03,1,1671,원피스,111100
세트업,google,2026-05-10,1,1671,원피스,111100
세트업,google,2026-05-17,1,1671,원피스,111100
세트업,google,2026-05-24,1,1671,원피스,111100
세트업,google,2026-05-31,1,1671,원피스,111100
세트업,google,2026-06-07,1,1671,원피스,111100
세트업,google,2026-06-14,1,1671,원피스,111100
세트업,google,2026-06-21,1,1671,원피스,111100
세트업,google,2026-06-28,0,0,원피스,111100
세트업,google,2026-07-05,0,0,원피스,111100
세트업,google,2026-07-12,1,1671,원피스,111100
세트업,google,2026-07-19,0,0,원피스,111100
세트업,google,2026-07-26,0,0,원피스,111100
세트업,google,2026-08-02,0,0,원피스,111100
세트업,google,2026-08-09,0,0,원피스,111100
세트업,google,2026-08-16,1,1671,원피스,111100
세트업,google,2026-08-23,0,0,원피스,111100
세트업,google,2026-08-30,0,0,원피스,111100
세트업,google,2026-09-06,0,0,원피스,111100
세트업,google,2026-09-13,0,0,원피스,111100
스커트,google,2025-09-14,6,10028,원피스,111100
스커트,google,2025-09-21,6,10028,원피스,111100
스커트,google,2025-09-28,5,8356,원피스,111100
스커트,google,2025-10-05,6,10028,원피스,111100
스커트,google,2025-10-12,6,10028,원피스,111100
스커트,google,2025-10-19,6,10028,원피스,111100
스커트,google,2025-10-26,5,8356,원피스,111100
스커트,google,2025-11-02,6,10028,원피스,111100
스커트,google,2025-11-09,6,10028,원피스,111100
스커트,google,2025-11-16,6,10028,원피스,111100
스커트,google,2025-11-23,6,10028,원피스,111100
스커트,google,2025-11-30,6,10028,원피스,111100
스커트,google,2025-12-07,5,8356,원피스,111100
스커트,google,2025-12-14,7,11699,원피스,111100
스커트,google,2025-12-21,6,10028,원피스,111100
스커트,google,2025-12-28,5,8356,원피스,111100
스커트,google,2026-01-04,6,10028,원피스,111100
스커트,google,2026-01-11,5,8356,원피스,111100
스커트,google,2026-01-18,6,10028,원피스,111100
스커트,google,2026-01-25,6,10028,원피스,111100
스커트,google,2026-02-01,6,10028,원피스,111100
스커트,google,2026-02-08,5,8356,원피스,111100
스커트,google,2026-02-15,6,10028,원피스,111100
스커트,google,2026-02-22,6,10028,원피스,111100
스커트,google,2026-03-01,6,10028,원피스,111100
스커트,google,2026-03-08,6,10028,원피스,111100
스커트,google,2026-03-15,6,10028,원피스,111100
스커트,google,2026-03-22,7,11699,원피스,111100
스커트,google,2026-03-29,6,10028,원피스,111100
스커트,google,2026-04-05,6,10028,원피스,111100
스커트,google,2026-04-12,6,10028,원피스,111100
스커트,google,2026-04-19,6,10028,원피스,111100
스커트,google,2026-04-26,6,10028,원피스,111100
스커트,google,2026-05-03,6,10028,원피스,111100
스커트,google,2026-05-10,6,10028,원피스,111100
스커트,google,2026-05-17,6,10028,원피스,111100
스커트,google,2026-05-24,6,10028,원피스,111100
스커트,google,2026-05-31,7,11699,원피스,111100
스커트,google,2026-06-07,6,10028,원피스,111100
스커트,google,2026-06-14,6,10028,원피스,111100
스커트,google,2026-06-21,5,8356,원피스,111100
스커트,google,2026-06-28,6,10028,원피스,111100
스커트,google,2026-07-05,7,11699,원피스,111100
스커트,google,2026-07-12,6,10028,원피스,111100
스커트,google,2026-07-19,6,10028,원피스,111100
스커트,google,2026-07-26,6,10028,원피스,111100
스커트,google,2026-08-02,6,10028,원피스,111100
스커트,google,2026-08-09,8,13371,원피스,111100
스커트,google,2026-08-16,6,10028,원피스,111100
스커트,google,2026-08-23,6,10028,원피스,111100
스커트,google,2026-08-30,5,8356,원피스,111100
스커트,google,2026-09-06,8,13371,원피스,111100
스커트,google,2026-09-13,7,11699,원피스,111100
오버올,google,2025-09-14,0,0,원피스,111100
오버올,google,2025-09-21,0,0,원피스,111100
오버올,google,2025-09-28,0,0,원피스,111100
오버올,google,2025-10-05,0,0,원피스,111100
오버올,google,2025-10-12,0,0,원피스,111100
오버올,google,2025-10-19,0,0,원피스,111100
오버올,google,2025-10-26,0,0,원피스,111100
오버올,google,2025-11-02,0,0,원피스,111100
오버올,google,2025-11-09,0,0,원피스,111100
오버올,google,2025-11-16,0,0,원피스,111100
오버올,google,2025-11-23,0,0,원피스,111100
오버올,google,2025-11-30,0,0,원피스,111100
오버올,google,2025-12-07,0,0,원피스,111100
오버올,google,2025-12-14,0,0,원피스,111100
오버올,google,2025-12-21,0,0,원피스,111100
오버올,google,2025-12-28,0,0,원피스,111100
오버올,google,2026-01-04,0,0,원피스,111100
오버올,google,2026-01-11,0,0,원피스,111100
오버올,google,2026-01-18,0,0,원피스,111100
오버올,google,2026-01-25,0,0,원피스,111100
오버올,google,2026-02-01,0,0,원피스,111100
오버올,google,2026-02-08,0,0,원피스,111100
오버올,google,2026-02-15,0,0,원피스,111100
오버올,google,2026-02-22,0,0,원피스,111100
오버올,google,2026-03-01,0,0,원피스,111100
오버올,google,2026-03-08,0,0,원피스,111100
오버올,google,2026-03-15,0,0,원피스,111100
오버올,google,2026-03-22,0,0,원피스,111100
오버올,google,2026-03-29,0,0,원피스,111100
오버올,google,2026-04-05,0,0,원피스,111100
오버올,google,2026-04-12,0,0,원피스,111100
오버올,google,2026-04-19,0,0,원피스,111100
오버올,google,2026-04-26,0,0,원피스,111100
오버올,google,2026-05-03,0,0,원피스,111100
오버올,google,2026-05-10,0,0,원피스,111100
오버올,google,2026-05-17,0,0,원피스,111100
오버올,google,2026-05-24,0,0,원피스,111100
오버올,google,2026-05-31,0,0,원피스,111100
오버올,google,2026-06-07,0,0,원피스,111100
오버올,google,2026-06-14,0,0,원피스,111100
오버올,google,2026-06-21,0,0,원피스,111100
오버올,google,2026-06-28,0,0,원피스,111100
오버올,google,2026-07-05,0,0,원피스,111100
오버올,google,2026-07-12,0,0,원피스,111100
오버올,google,2026-07-19,0,0,원피스,111100
오버올,google,2026-07-26,0,0,원피스,111100
오버올,google,2026-08-02,0,0,원피스,111100
오버올,google,2026-08-09,0,0,원피스,111100
오버올,google,2026-08-16,0,0,원피스,111100
오버올,google,2026-08-23,0,0,원피스,111100
오버올,google,2026-08-30,0,0,원피스,111100
오버올,google,2026-09-06,0,0,원피스,111100
오버올,google,2026-09-13,0,0,원피스,111100
원피스,google,2025-09-14,67,111982,원피스,111100
원피스,google,2025-09-21,93,155439,원피스,111100
원피스,google,2025-09-28,68,113654,원피스,111100
원피스,google,2025-10-05,80,133711,원피스,111100
원피스,google,2025-10-12,55,91926,원피스,111100
원피스,google,2025-10-19,69,115325,원피스,111100
원피스,google,2025-10-26,63,105297,원피스,111100
원피스,google,2025-11-02,64,106968,원피스,111100
원피스,google,2025-11-09,54,90254,원피스,111100
원피스,google,2025-11-16,65,108640,원피스,111100
원피스,google,2025-11-23,69,115325,원피스,111100
원피스,google,2025-11-30,69,115325,원피스,111100
원피스,google,2025-12-07,62,103626,원피스,111100
원피스,google,2025-12-14,75,125354,원피스,111100
원피스,google,2025-12-21,79,132039,원피스,111100
원피스,google,2025-12-28,78,130368,원피스,111100
원피스,google,2026-01-04,69,115325,원피스,111100
원피스,google,2026-01-11,71,118668,원피스,111100
원피스,google,2026-01-18,58,96940,원피스,111100
원피스,google,2026-01-25,64,106968,원피스,111100
원피스,google,2026-02-01,60,100283,원피스,111100
원피스,google,2026-02-08,58,96940,원피스,111100
원피스,google,2026-02-15,49,81898,원피스,111100
원피스,google,2026-02-22,63,105297,원피스,111100
원피스,google,2026-03-01,58,96940,원피스,111100
원피스,google,2026-03-08,58,96940,원피스,111100
원피스,google,2026-03-15,70,116997,원피스,111100
원피스,google,2026-03-22,64,106968,원피스,111100
원피스,google,2026-03-29,81,135382,원피스,111100
원피스,google,2026-04-05,62,103626,원피스,111100
원피스,google,2026-04-12,73,122011,원피스,111100
원피스,google,2026-04-19,65,108640,원피스,111100
원피스,google,2026-04-26,67,111982,원피스,111100
원피스,google,2026-05-03,76,127025,원피스,111100
원피스,google,2026-05-10,64,106968,원피스,111100
원피스,google,2026-05-17,65,108640,원피스,111100
원피스,google,2026-05-24,63,105297,원피스,111100
원피스,google,2026-05-31,57,95269,원피스,111100
원피스,google,2026-06-07,58,96940,원피스,111100
원피스,google,2026-06-14,52,86912,원피스,111100
원피스,google,2026-06-21,67,111982,원피스,111100
원피스,google,2026-06-28,63,105297,원피스,111100
원피스,google,2026-07-05,58,96940,원피스,111100
원피스,google,2026-07-12,94,157110,원피스,111100
원피스,google,2026-07-19,100,167138,원피스,111100
원피스,google,2026-07-26,71,118668,원피스,111100
원피스,google,2026-08-02,67,111982,원피스,111100
원피스,google,2026-08-09,54,90254,원피스,111100
원피스,google,2026-08-16,64,106968,원피스,111100
원피스,google,2026-08-23,62,103626,원피스,111100
원피스,google,2026-08-30,63,105297,원피스,111100
원피스,google,2026-09-06,62,103626,원피스,111100
원피스,google,2026-09-13,63,105297,원피스,111100
점프수트,google,2025-09-14,0,0,원피스,111100
점프수트,google,2025-09-21,0,0,원피스,111100
점프수트,google,2025-09-28,0,0,원피스,111100
점프수트,google,2025-10-05,1,1671,원피스,111100
점프수트,google,2025-10-12,0,0,원피스,111100
점프수트,google,2025-10-19,0,0,원피스,111100
점프수트,google,2025-10-26,0,0,원피스,111100
점프수트,google,2025-11-02,0,0,원피스,111100
점프수트,google,2025-11-09,0,0,원피스,111100
점프수트,google,2025-11-16,0,0,원피스,111100
점프수트,google,2025-11-23,0,0,원피스,111100
점프수트,google,2025-11-30,0,0,원피스,111100
점프수트,google,2025-12-07,0,0,원피스,111100
점프수트,google,2025-12-14,1,1671,원피스,111100
점프수트,google,2025-12-21,0,0,원피스,111100
점프수트,google,2025-12-28,0,0,원피스,111100
점프수트,google,2026-01-04,0,0,원피스,111100
점프수트,google,2026-01-11,1,1671,원피스,111100
점프수트,google,2026-01-18,0,0,원피스,111100
점프수트,google,2026-01-25,0,0,원피스,111100
점프수트,google,2026-02-01,0,0,원피스,111100
점프수트,google,2026-02-08,0,0,원피스,111100
점프수트,google,2026-02-15,0,0,원피스,111100
점프수트,google,2026-02-22,0,0,원피스,111100
점프수트,google,2026-03-01,0,0,원피스,111100
점프수트,google,2026-03-08,0,0,원피스,111100
점프수트,google,2026-03-15,0,0,원피스,111100
점프수트,google,2026-03-22,0,0,원피스,111100
점프수트,google,2026-03-29,0,0,원피스,111100
점프수트,google,2026-04-05,0,0,원피스,111100
점프수트,google,2026-04-12,0,0,원피스,111100
점프수트,google,2026-04-19,1,1671,원피스,111100
점프수트,google,2026-04-26,0,0,원피스,111100
점프수트,google,2026-05-03,1,1671,원피스,111100
점프수트,google,2026-05-10,0,0,원피스,111100
점프수트,google,2026-05-17,0,0,원피스,111100
점프수트,google,2026-05-24,0,0,원피스,111100
점프수트,google,2026-05-31,0,0,원피스,111100
점프수트,google,2026-06-07,0,0,원피스,111100
점프수트,google,2026-06-14,0,0,원피스,111100
점프수트,google,2026-06-21,0,0,원피스,111100
점프수트,google,2026-06-28,0,0,원피스,111100
점프수트,google,2026-07-05,0,0,원피스,111100
점프수트,google,2026-07-12,0,0,원피스,111100
점프수트,google,2026-07-19,1,1671,원피스,111100
점프수트,google,2026-07-26,0,0,원피스,111100
점프수트,google,2026-08-02,0,0,원피스,111100
점프수트,google,2026-08-09,0,0,원피스,111100
점프수트,google,2026-08-16,0,0,원피스,111100
점프수트,google,2026-08-23,1,1671,원피스,111100
점프수트,google,2026-08-30,0,0,원피스,111100
점프수트,google,2026-09-06,0,0,원피스,111100
점프수트,google,2026-09-13,0,0,원피스,111100
드레스,google,2025-09-14,24,40113,원피스,111100
드레스,google,2025-09-21,23,38441,원피스,111100
드레스,google,2025-09-28,21,35099,원피스,111100
드레스,google,2025-10-05,25,41784,원피스,111100
드레스,google,2025-10-12,22,36770,원피스,111100
드레스,google,2025-10-19,24,40113,원피스,111100
드레스,google,2025-10-26,23,38441,원피스,111100
드레스,google,2025-11-02,23,38441,원피스,111100
드레스,google,2025-11-09,21,35099,원피스,111100
드레스,google,2025-11-16,22,36770,원피스,111100
드레스,google,2025-11-23,25,41784,원피스,111100
드레스,google,2025-11-30,23,38441,원피스,111100
드레스,google,2025-12-07,24,40113,원피스,111100
드레스,google,2025-12-14,26,43456,원피스,111100
드레스,google,2025-12-21,28,46798,원피스,111100
드레스,google,2025-12-28,25,41784,원피스,111100
드레스,google,2026-01-04,23,38441,원피스,111100
드레스,google,2026-01-11,24,40113,원피스,111100
드레스,google,2026-01-18,23,38441,원피스,111100
드레스,google,2026-01-25,24,40113,원피스,111100
드레스,google,2026-02-01,24,40113,원피스,111100
드레스,google,2026-02-08,20,33427,원피스,111100
드레스,google,2026-02-15,21,35099,원피스,111100
드레스,google,2026-02-22,23,38441,원피스,111100
드레스,google,2026-03-01,24,40113,원피스,111100
드레스,google,2026-03-08,23,38441,원피스,111100
드레스,google,2026-03-15,25,41784,원피스,111100
드레스,google,2026-03-22,23,38441,원피스,111100
드레스,google,2026-03-29,22,36770,원피스,111100
드레스,google,2026-04-05,21,35099,원피스,111100
드레스,google,2026-04-12,22,36770,원피스,111100
드레스,google,2026-04-19,24,40113,원피스,111100
드레스,google,2026-04-26,25,41784,원피스,111100
드레스,google,2026-05-03,30,50141,원피스,111100
드레스,google,2026-05-10,26,43456,원피스,111100
드레스,google,2026-05-17,24,40113,원피스,111100
드레스,google,2026-05-24,22,36770,원피스,111100
드레스,google,2026-05-31,21,35099,원피스,111100
드레스,google,2026-06-07,34,56827,원피스,111100
드레스,google,2026-06-14,21,35099,원피스,111100
드레스,google,2026-06-21,22,36770,원피스,111100
드레스,google,2026-06-28,33,55155,원피스,111100
드레스,google,2026-07-05,22,36770,원피스,111100
드레스,google,2026-07-12,20,33427,원피스,111100
드레스,google,2026-07-19,21,35099,원피스,111100
드레스,google,2026-07-26,20,33427,원피스,111100
드레스,google,2026-08-02,23,38441,원피스,111100
드레스,google,2026-08-09,33,55155,원피스,111100
드레스,google,2026-08-16,31,51813,원피스,111100
드레스,google,2026-08-23,20,33427,원피스,111100
드레스,google,2026-08-30,19,31756,원피스,111100
드레스,google,2026-09-06,29,48470,원피스,111100
드레스,google,2026-09-13,23,38441,원피스,111100
신발,google,2025-09-14,73,122011,원피스,111100
신발,google,2025-09-21,73,122011,원피스,111100
신발,google,2025-09-28,73,122011,원피스,111100
신발,google,2025-10-05,81,135382,원피스,111100
신발,google,2025-10-12,81,135382,원피스,111100
신발,google,2025-10-19,76,127025,원피스,111100
신발,google,2025-10-26,73,122011,원피스,111100
신발,google,2025-11-02,75,125354,원피스,111100
신발,google,2025-11-09,83,138725,원피스,111100
신발,google,2025-11-16,81,135382,원피스,111100
신발,google,2025-11-23,76,127025,원피스,111100
신발,google,2025-11-30,74,123682,원피스,111100
신발,google,2025-12-07,72,120339,원피스,111100
신발,google,2025-12-14,68,113654,원피스,111100
신발,google,2025-12-21,74,123682,원피스,111100
신발,google,2025-12-28,69,115325,원피스,111100
신발,google,2026-01-04,69,115325,원피스,111100
신발,google,2026-01-11,68,113654,원피스,111100
신발,google,2026-01-18,71,118668,원피스,111100
신발,google,2026-01-25,67,111982,원피스,111100
신발,google,2026-02-01,63,105297,원피스,111100
신발,google,2026-02-08,56,93597,원피스,111100
신발,google,2026-02-15,66,110311,원피스,111100
신발,google,2026-02-22,72,120339,원피스,111100
신발,google,2026-03-01,74,123682,원피스,111100
신발,google,2026-03-08,70,116997,원피스,111100
신발,google,2026-03-15,70,116997,원피스,111100
신발,google,2026-03-22,77,128696,원피스,111100
신발,google,2026-03-29,75,125354,원피스,111100
신발,google,2026-04-05,72,120339,원피스,111100
신발,google,2026-04-12,92,153767,원피스,111100
신발,google,2026-04-19,100,167138,원피스,111100
신발,google,2026-04-26,96,160453,원피스,111100
신발,google,2026-05-03,82,137053,원피스,111100
신발,google,2026-05-10,95,158781,원피스,111100
신발,google,2026-05-17,79,132039,원피스,111100
신발,google,2026-05-24,79,132039,원피스,111100
신발,google,2026-05-31,78,130368,원피스,111100
신발,google,2026-06-07,100,167138,원피스,111100
신발,google,2026-06-14,88,147082,원피스,111100
신발,google,2026-06-21,72,120339,원피스,111100
신발,google,2026-06-28,74,123682,원피스,111100
신발,google,2026-07-05,69,115325,원피스,111100
신발,google,2026-07-12,61,101954,원피스,111100
신발,google,2026-07-19,59,98611,원피스,111100
신발,google,2026-07-26,70,116997,원피스,111100
신발,google,2026-08-02,57,95269,원피스,111100
신발,google,2026-08-09,65,108640,원피스,111100
신발,google,2026-08-16,67,111982,원피스,111100
신발,google,2026-08-23,63,105297,원피스,111100
신발,google,2026-08-30,98,163796,원피스,111100
신발,google,2026-09-06,73,122011,원피스,111100
신발,google,2026-09-13,73,122011,원피스,111100
레인부츠,google,2025-09-14,1,1671,원피스,111100
레인부츠,google,2025-09-21,1,1671,원피스,111100
레인부츠,google,2025-09-28,1,1671,원피스,111100
레인부츠,google,2025-10-05,0,0,원피스,111100
레인부츠,google,2025-10-12,1,1671,원피스,111100
레인부츠,google,2025-10-19,0,0,원피스,111100
레인부츠,google,2025-10-26,0,0,원피스,111100
레인부츠,google,2025-11-02,0,0,원피스,111100
레인부츠,google,2025-11-09,0,0,원피스,111100
레인부츠,google,2025-11-16,0,0,원피스,111100
레인부츠,google,2025-11-23,0,0,원피스,111100
레인부츠,google,2025-11-30,1,1671,원피스,111100
레인부츠,google,2025-12-07,0,0,원피스,111100
레인부츠,google,2025-12-14,0,0,원피스,111100
레인부츠,google,2025-12-21,1,1671,원피스,111100
레인부츠,google,2025-12-28,0,0,원피스,111100
레인부츠,google,2026-01-04,1,1671,원피스,111100
레인부츠,google,2026-01-11,0,0,원피스,111100
레인부츠,google,2026-01-18,0,0,원피스,111100
레인부츠,google,2026-01-25,1,1671,원피스,111100
레인부츠,google,2026-02-01,1,1671,원피스,111100
레인부츠,google,2026-02-08,0,0,원피스,111100
레인부츠,google,2026-02-15,0,0,원피스,111100
레인부츠,google,2026-02-22,0,0,원피스,111100
레인부츠,google,2026-03-01,1,1671,원피스,111100
레인부츠,google,2026-03-08,0,0,원피스,111100
레인부츠,google,2026-03-15,0,0,원피스,111100
레인부츠,google,2026-03-22,0,0,원피스,111100
레인부츠,google,2026-03-29,1,1671,원피스,111100
레인부츠,google,2026-04-05,1,1671,원피스,111100
레인부츠,google,2026-04-12,0,0,원피스,111100
레인부츠,google,2026-04-19,0,0,원피스,111100
레인부츠,google,2026-04-26,1,1671,원피스,111100
레인부츠,google,2026-05-03,1,1671,원피스,111100
레인부츠,google,2026-05-10,1,1671,원피스,111100
레인부츠,google,2026-05-17,2,3342,원피스,111100
레인부츠,google,2026-05-24,6,10028,원피스,111100
레인부츠,google,2026-05-31,1,1671,원피스,111100
레인부츠,google,2026-06-07,1,1671,원피스,111100
레인부츠,google,2026-06-14,2,3342,원피스,111100
레인부츠,google,2026-06-21,1,1671,원피스,111100
레인부츠,google,2026-06-28,2,3342,원피스,111100
레인부츠,google,2026-07-05,6,10028,원피스,111100
레인부츠,google,2026-07-12,4,6685,원피스,111100
레인부츠,google,2026-07-19,2,3342,원피스,111100
레인부츠,google,2026-07-26,0,0,원피스,111100
레인부츠,google,2026-08-02,0,0,원피스,111100
레인부츠,google,2026-08-09,0,0,원피스,111100
레인부츠,google,2026-08-16,0,0,원피스,111100
레인부츠,google,2026-08-23,1,1671,원피스,111100
레인부츠,google,2026-08-30,0,0,원피스,111100
레인부츠,google,2026-09-06,0,0,원피스,111100
레인부츠,google,2026-09-13,0,0,원피스,111100
워커,google,2025-09-14,24,40113,원피스,111100
워커,google,2025-09-21,24,40113,원피스,111100
워커,google,2025-09-28,29,48470,원피스,111100
워커,google,2025-10-05,30,50141,원피스,111100
워커,google,2025-10-12,26,43456,원피스,111100
워커,google,2025-10-19,24,40113,원피스,111100
워커,google,2025-10-26,23,38441,원피스,111100
워커,google,2025-11-02,25,41784,원피스,111100
워커,google,2025-11-09,23,38441,원피스,111100
워커,google,2025-11-16,22,36770,원피스,111100
워커,google,2025-11-23,24,40113,원피스,111100
워커,google,2025-11-30,24,40113,원피스,111100
워커,google,2025-12-07,26,43456,원피스,111100
워커,google,2025-12-14,25,41784,원피스,111100
워커,google,2025-12-21,25,41784,원피스,111100
워커,google,2025-12-28,27,45127,원피스,111100
워커,google,2026-01-04,26,43456,원피스,111100
워커,google,2026-01-11,24,40113,원피스,111100
워커,google,2026-01-18,25,41784,원피스,111100
워커,google,2026-01-25,26,43456,원피스,111100
워커,google,2026-02-01,23,38441,원피스,111100
워커,google,2026-02-08,25,41784,원피스,111100
워커,google,2026-02-15,23,38441,원피스,111100
워커,google,2026-02-22,24,40113,원피스,111100
워커,google,2026-03-01,22,36770,원피스,111100
워커,google,2026-03-08,23,38441,원피스,111100
워커,google,2026-03-15,25,41784,원피스,111100
워커,google,2026-03-22,23,38441,원피스,111100
워커,google,2026-03-29,21,35099,원피스,111100
워커,google,2026-04-05,22,36770,원피스,111100
워커,google,2026-04-12,20,33427,원피스,111100
워커,google,2026-04-19,22,36770,원피스,111100
워커,google,2026-04-26,22,36770,원피스,111100
워커,google,2026-05-03,23,38441,원피스,111100
워커,google,2026-05-10,22,36770,원피스,111100
워커,google,2026-05-17,21,35099,원피스,111100
워커,google,2026-05-24,25,41784,원피스,111100
워커,google,2026-05-31,27,45127,원피스,111100
워커,google,2026-06-07,23,38441,원피스,111100
워커,google,2026-06-14,23,38441,원피스,111100
워커,google,2026-06-21,22,36770,원피스,111100
워커,google,2026-06-28,24,40113,원피스,111100
워커,google,2026-07-05,21,35099,원피스,111100
워커,google,2026-07-12,21,35099,원피스,111100
워커,google,2026-07-19,21,35099,원피스,111100
워커,google,2026-07-26,21,35099,원피스,111100
워커,google,2026-08-02,20,33427,원피스,111100
워커,google,2026-08-09,20,33427,원피스,111100
워커,google,2026-08-16,22,36770,원피스,111100
워커,google,2026-08-23,25,41784,원피스,111100
워커,google,2026-08-30,39,65184,원피스,111100
워커,google,2026-09-06,41,68526,원피스,111100
워커,google,2026-09-13,39,65184,원피스,111100
워크부츠,google,2025-09-14,0,0,원피스,111100
워크부츠,google,2025-09-21,0,0,원피스,111100
워크부츠,google,2025-09-28,0,0,원피스,111100
워크부츠,google,2025-10-05,0,0,원피스,111100
워크부츠,google,2025-10-12,0,0,원피스,111100
워크부츠,google,2025-10-19,0,0,원피스,111100
워크부츠,google,2025-10-26,0,0,원피스,111100
워크부츠,google,2025-11-02,0,0,원피스,111100
워크부츠,google,2025-11-09,0,0,원피스,111100
워크부츠,google,2025-11-16,0,0,원피스,111100
워크부츠,google,2025-11-23,0,0,원피스,111100
워크부츠,google,2025-11-30,0,0,원피스,111100
워크부츠,google,2025-12-07,0,0,원피스,111100
워크부츠,google,2025-12-14,0,0,원피스,111100
워크부츠,google,2025-12-21,0,0,원피스,111100
워크부츠,google,2025-12-28,0,0,원피스,111100
워크부츠,google,2026-01-04,0,0,원피스,111100
워크부츠,google,2026-01-11,0,0,원피스,111100
워크부츠,google,2026-01-18,0,0,원피스,111100
워크부츠,google,2026-01-25,0,0,원피스,111100
워크부츠,google,2026-02-01,0,0,원피스,111100
워크부츠,google,2026-02-08,0,0,원피스,111100
워크부츠,google,2026-02-15,0,0,원피스,111100
워크부츠,google,2026-02-22,0,0,원피스,111100
워크부츠,google,2026-03-01,0,0,원피스,111100
워크부츠,google,2026-03-08,0,0,원피스,111100
워크부츠,google,2026-03-15,0,0,원피스,111100
워크부츠,google,2026-03-22,0,0,원피스,111100
워크부츠,google,2026-03-29,0,0,원피스,111100
워크부츠,google,2026-04-05,0,0,원피스,111100
워크부츠,google,2026-04-12,0,0,원피스,111100
워크부츠,google,2026-04-19,0,0,원피스,111100
워크부츠,google,2026-04-26,0,0,원피스,111100
워크부츠,google,2026-05-03,0,0,원피스,111100
워크부츠,google,2026-05-10,0,0,원피스,111100
워크부츠,google,2026-05-17,0,0,원피스,111100
워크부츠,google,2026-05-24,0,0,원피스,111100
워크부츠,google,2026-05-31,0,0,원피스,111100
워크부츠,google,2026-06-07,0,0,원피스,111100
워크부츠,google,2026-06-14,0,0,원피스,111100
워크부츠,google,2026-06-21,0,0,원피스,111100
워크부츠,google,2026-06-28,0,0,원피스,111100
워크부츠,google,2026-07-05,0,0,원피스,111100
워크부츠,google,2026-07-12,0,0,원피스,111100
워크부츠,google,2026-07-19,1,1671,원피스,111100
워크부츠,google,2026-07-26,0,0,원피스,111100
워크부츠,google,2026-08-02,0,0,원피스,111100
워크부츠,google,2026-08-09,0,0,원피스,111100
워크부츠,google,2026-08-16,0,0,원피스,111100
워크부츠,google,2026-08-23,0,0,원피스,111100
워크부츠,google,2026-08-30,0,0,원피스,111100
워크부츠,google,2026-09-06,0,0,원피스,111100
워크부츠,google,2026-09-13,0,0,원피스,111100
첼시부츠,google,2025-09-14,4,6685,원피스,111100
첼시부츠,google,2025-09-21,3,5014,원피스,111100
첼시부츠,google,2025-09-28,4,6685,원피스,111100
첼시부츠,google,2025-10-05,6,10028,원피스,111100
첼시부츠,google,2025-10-12,4,6685,원피스,111100
첼시부츠,google,2025-10-19,5,8356,원피스,111100
첼시부츠,google,2025-10-26,6,10028,원피스,111100
첼시부츠,google,2025-11-02,5,8356,원피스,111100
첼시부츠,google,2025-11-09,7,11699,원피스,111100
첼시부츠,google,2025-11-16,5,8356,원피스,111100
첼시부츠,google,2025-11-23,6,10028,원피스,111100
첼시부츠,google,2025-11-30,6,10028,원피스,111100
첼시부츠,google,2025-12-07,8,13371,원피스,111100
첼시부츠,google,2025-12-14,7,11699,원피스,111100
첼시부츠,google,2025-12-21,7,11699,원피스,111100
첼시부츠,google,2025-12-28,7,11699,원피스,111100
첼시부츠,google,2026-01-04,6,10028,원피스,111100
첼시부츠,google,2026-01-11,2,3342,원피스,111100
첼시부츠,google,2026-01-18,5,8356,원피스,111100
첼시부츠,google,2026-01-25,3,5014,원피스,111100
첼시부츠,google,2026-02-01,4,6685,원피스,111100
첼시부츠,google,2026-02-08,2,3342,원피스,111100
첼시부츠,google,2026-02-15,4,6685,원피스,111100
첼시부츠,google,2026-02-22,6,10028,원피스,111100
첼시부츠,google,2026-03-01,3,5014,원피스,111100
첼시부츠,google,2026-03-08,6,10028,원피스,111100
첼시부츠,google,2026-03-15,3,5014,원피스,111100
첼시부츠,google,2026-03-22,3,5014,원피스,111100
첼시부츠,google,2026-03-29,3,5014,원피스,111100
첼시부츠,google,2026-04-05,2,3342,원피스,111100
첼시부츠,google,2026-04-12,0,0,원피스,111100
첼시부츠,google,2026-04-19,2,3342,원피스,111100
첼시부츠,google,2026-04-26,0,0,원피스,111100
첼시부츠,google,2026-05-03,0,0,원피스,111100
첼시부츠,google,2026-05-10,2,3342,원피스,111100
첼시부츠,google,2026-05-17,0,0,원피스,111100
첼시부츠,google,2026-05-24,0,0,원피스,111100
첼시부츠,google,2026-05-31,3,5014,원피스,111100
첼시부츠,google,2026-06-07,3,5014,원피스,111100
첼시부츠,google,2026-06-14,3,5014,원피스,111100
첼시부츠,google,2026-06-21,0,0,원피스,111100
첼시부츠,google,2026-06-28,2,3342,원피스,111100
첼시부츠,google,2026-07-05,5,8356,원피스,111100
첼시부츠,google,2026-07-12,3,5014,원피스,111100
첼시부츠,google,2026-07-19,3,5014,원피스,111100
첼시부츠,google,2026-07-26,0,0,원피스,111100
첼시부츠,google,2026-08-02,0,0,원피스,111100
첼시부츠,google,2026-08-09,3,5014,원피스,111100
첼시부츠,google,2026-08-16,2,3342,원피스,111100
첼시부츠,google,2026-08-23,2,3342,원피스,111100
첼시부츠,google,2026-08-30,2,3342,원피스,111100
첼시부츠,google,2026-09-06,3,5014,원피스,111100
첼시부츠,google,2026-09-13,5,8356,원피스,111100
스케이트화,google,2025-09-14,0,0,원피스,111100
스케이트화,google,2025-09-21,0,0,원피스,111100
스케이트화,google,2025-09-28,0,0,원피스,111100
스케이트화,google,2025-10-05,0,0,원피스,111100
스케이트화,google,2025-10-12,0,0,원피스,111100
스케이트화,google,2025-10-19,0,0,원피스,111100
스케이트화,google,2025-10-26,0,0,원피스,111100
스케이트화,google,2025-11-02,0,0,원피스,111100
스케이트화,google,2025-11-09,0,0,원피스,111100
스케이트화,google,2025-11-16,0,0,원피스,111100
스케이트화,google,2025-11-23,0,0,원피스,111100
스케이트화,google,2025-11-30,0,0,원피스,111100
스케이트화,google,2025-12-07,0,0,원피스,111100
스케이트화,google,2025-12-14,0,0,원피스,111100
스케이트화,google,2025-12-21,0,0,원피스,111100
스케이트화,google,2025-12-28,0,0,원피스,111100
스케이트화,google,2026-01-04,0,0,원피스,111100
스케이트화,google,2026-01-11,0,0,원피스,111100
스케이트화,google,2026-01-18,0,0,원피스,111100
스케이트화,google,2026-01-25,0,0,원피스,111100
스케이트화,google,2026-02-01,0,0,원피스,111100
스케이트화,google,2026-02-08,0,0,원피스,111100
스케이트화,google,2026-02-15,0,0,원피스,111100
스케이트화,google,2026-02-22,0,0,원피스,111100
스케이트화,google,2026-03-01,0,0,원피스,111100
스케이트화,google,2026-03-08,0,0,원피스,111100
스케이트화,google,2026-03-15,0,0,원피스,111100
스케이트화,google,2026-03-22,0,0,원피스,111100
스케이트화,google,2026-03-29,0,0,원피스,111100
스케이트화,google,2026-04-05,0,0,원피스,111100
스케이트화,google,2026-04-12,0,0,원피스,111100
스케이트화,google,2026-04-19,0,0,원피스,111100
스케이트화,google,2026-04-26,0,0,원피스,111100
스케이트화,google,2026-05-03,0,0,원피스,111100
스케이트화,google,2026-05-10,0,0,원피스,111100
스케이트화,google,2026-05-17,0,0,원피스,111100
스케이트화,google,2026-05-24,0,0,원피스,111100
스케이트화,google,2026-05-31,0,0,원피스,111100
스케이트화,google,2026-06-07,0,0,원피스,111100
스케이트화,google,2026-06-14,0,0,원피스,111100
스케이트화,google,2026-06-21,0,0,원피스,111100
스케이트화,google,2026-06-28,0,0,원피스,111100
스케이트화,google,2026-07-05,0,0,원피스,111100
스케이트화,google,2026-07-12,0,0,원피스,111100
스케이트화,google,2026-07-19,0,0,원피스,111100
스케이트화,google,2026-07-26,0,0,원피스,111100
스케이트화,google,2026-08-02,0,0,원피스,111100
스케이트화,google,2026-08-09,0,0,원피스,111100
스케이트화,google,2026-08-16,0,0,원피스,111100
스케이트화,google,2026-08-23,0,0,원피스,111100
스케이트화,google,2026-08-30,0,0,원피스,111100
스케이트화,google,2026-09-06,1,1671,원피스,111100
스케이트화,google,2026-09-13,0,0,원피스,111100
슬립온,google,2025-09-14,7,11699,원피스,111100
슬립온,google,2025-09-21,6,10028,원피스,111100
슬립온,google,2025-09-28,5,8356,원피스,111100
슬립온,google,2025-10-05,6,10028,원피스,111100
슬립온,google,2025-10-12,6,10028,원피스,111100
슬립온,google,2025-10-19,6,10028,원피스,111100
슬립온,google,2025-10-26,7,11699,원피스,111100
슬립온,google,2025-11-02,7,11699,원피스,111100
슬립온,google,2025-11-09,6,10028,원피스,111100
슬립온,google,2025-11-16,8,13371,원피스,111100
슬립온,google,2025-11-23,9,15042,원피스,111100
슬립온,google,2025-11-30,8,13371,원피스,111100
슬립온,google,2025-12-07,6,10028,원피스,111100
슬립온,google,2025-12-14,7,11699,원피스,111100
슬립온,google,2025-12-21,6,10028,원피스,111100
슬립온,google,2025-12-28,6,10028,원피스,111100
슬립온,google,2026-01-04,7,11699,원피스,111100
슬립온,google,2026-01-11,5,8356,원피스,111100
슬립온,google,2026-01-18,5,8356,원피스,111100
슬립온,google,2026-01-25,8,13371,원피스,111100
슬립온,google,2026-02-01,5,8356,원피스,111100
슬립온,google,2026-02-08,4,6685,원피스,111100
슬립온,google,2026-02-15,4,6685,원피스,111100
슬립온,google,2026-02-22,3,5014,원피스,111100
슬립온,google,2026-03-01,6,10028,원피스,111100
슬립온,google,2026-03-08,5,8356,원피스,111100
슬립온,google,2026-03-15,6,10028,원피스,111100
슬립온,google,2026-03-22,4,6685,원피스,111100
슬립온,google,2026-03-29,6,10028,원피스,111100
슬립온,google,2026-04-05,7,11699,원피스,111100
슬립온,google,2026-04-12,7,11699,원피스,111100
슬립온,google,2026-04-19,6,10028,원피스,111100
슬립온,google,2026-04-26,6,10028,원피스,111100
슬립온,google,2026-05-03,6,10028,원피스,111100
슬립온,google,2026-05-10,5,8356,원피스,111100
슬립온,google,2026-05-17,6,10028,원피스,111100
슬립온,google,2026-05-24,17,28413,원피스,111100
슬립온,google,2026-05-31,4,6685,원피스,111100
슬립온,google,2026-06-07,5,8356,원피스,111100
슬립온,google,2026-06-14,6,10028,원피스,111100
슬립온,google,2026-06-21,6,10028,원피스,111100
슬립온,google,2026-06-28,4,6685,원피스,111100
슬립온,google,2026-07-05,7,11699,원피스,111100
슬립온,google,2026-07-12,5,8356,원피스,111100
슬립온,google,2026-07-19,3,5014,원피스,111100
슬립온,google,2026-07-26,6,10028,원피스,111100
슬립온,google,2026-08-02,5,8356,원피스,111100
슬립온,google,2026-08-09,4,6685,원피스,111100
슬립온,google,2026-08-16,5,8356,원피스,111100
슬립온,google,2026-08-23,6,10028,원피스,111100
슬립온,google,2026-08-30,6,10028,원피스,111100
슬립온,google,2026-09-06,4,6685,원피스,111100
슬립온,google,2026-09-13,4,6685,원피스,111100
슬라이드,google,2025-09-14,85,142067,원피스,111100
슬라이드,google,2025-09-21,87,145410,원피스,111100
슬라이드,google,2025-09-28,70,116997,원피스,111100
슬라이드,google,2025-10-05,50,83569,원피스,111100
슬라이드,google,2025-10-12,89,148753,원피스,111100
슬라이드,google,2025-10-19,89,148753,원피스,111100
슬라이드,google,2025-10-26,91,152096,원피스,111100
슬라이드,google,2025-11-02,93,155439,원피스,111100
슬라이드,google,2025-11-09,96,160453,원피스,111100
슬라이드,google,2025-11-16,91,152096,원피스,111100
슬라이드,google,2025-11-23,83,138725,원피스,111100
슬라이드,google,2025-11-30,86,143739,원피스,111100
슬라이드,google,2025-12-07,86,143739,원피스,111100
슬라이드,google,2025-12-14,78,130368,원피스,111100
슬라이드,google,2025-12-21,64,106968,원피스,111100
슬라이드,google,2025-12-28,61,101954,원피스,111100
슬라이드,google,2026-01-04,68,113654,원피스,111100
슬라이드,google,2026-01-11,72,120339,원피스,111100
슬라이드,google,2026-01-18,71,118668,원피스,111100
슬라이드,google,2026-01-25,72,120339,원피스,111100
슬라이드,google,2026-02-01,71,118668,원피스,111100
슬라이드,google,2026-02-08,66,110311,원피스,111100
슬라이드,google,2026-02-15,50,83569,원피스,111100
슬라이드,google,2026-02-22,78,130368,원피스,111100
슬라이드,google,2026-03-01,76,127025,원피스,111100
슬라이드,google,2026-03-08,90,150424,원피스,111100
슬라이드,google,2026-03-15,94,157110,원피스,111100
슬라이드,google,2026-03-22,94,157110,원피스,111100
슬라이드,google,2026-03-29,84,140396,원피스,111100
슬라이드,google,2026-04-05,78,130368,원피스,111100
슬라이드,google,2026-04-12,78,130368,원피스,111100
슬라이드,google,2026-04-19,83,138725,원피스,111100
슬라이드,google,2026-04-26,75,125354,원피스,111100
슬라이드,google,2026-05-03,82,137053,원피스,111100
슬라이드,google,2026-05-10,87,145410,원피스,111100
슬라이드,google,2026-05-17,89,148753,원피스,111100
슬라이드,google,2026-05-24,80,133711,원피스,111100
슬라이드,google,2026-05-31,92,153767,원피스,111100
슬라이드,google,2026-06-07,100,167138,원피스,111100
슬라이드,google,2026-06-14,83,138725,원피스,111100
슬라이드,google,2026-06-21,72,120339,원피스,111100
슬라이드,google,2026-06-28,71,118668,원피스,111100
슬라이드,google,2026-07-05,75,125354,원피스,111100
슬라이드,google,2026-07-12,74,123682,원피스,111100
슬라이드,google,2026-07-19,66,110311,원피스,111100
슬라이드,google,2026-07-26,59,98611,원피스,111100
슬라이드,google,2026-08-02,52,86912,원피스,111100
슬라이드,google,2026-08-09,54,90254,원피스,111100
슬라이드,google,2026-08-16,61,101954,원피스,111100
슬라이드,google,2026-08-23,63,105297,원피스,111100
슬라이드,google,2026-08-30,60,100283,원피스,111100
슬라이드,google,2026-09-06,64,106968,원피스,111100
슬라이드,google,2026-09-13,60,100283,원피스,111100
플립플랍,google,2025-09-14,0,0,원피스,111100
플립플랍,google,2025-09-21,0,0,원피스,111100
플립플랍,google,2025-09-28,0,0,원피스,111100
플립플랍,google,2025-10-05,0,0,원피스,111100
플립플랍,google,2025-10-12,0,0,원피스,111100
플립플랍,google,2025-10-19,0,0,원피스,111100
플립플랍,google,2025-10-26,0,0,원피스,111100
플립플랍,google,2025-11-02,0,0,원피스,111100
플립플랍,google,2025-11-09,0,0,원피스,111100
플립플랍,google,2025-11-16,0,0,원피스,111100
플립플랍,google,2025-11-23,0,0,원피스,111100
플립플랍,google,2025-11-30,0,0,원피스,111100
플립플랍,google,2025-12-07,0,0,원피스,111100
플립플랍,google,2025-12-14,0,0,원피스,111100
플립플랍,google,2025-12-21,0,0,원피스,111100
플립플랍,google,2025-12-28,0,0,원피스,111100
플립플랍,google,2026-01-04,0,0,원피스,111100
플립플랍,google,2026-01-11,0,0,원피스,111100
플립플랍,google,2026-01-18,0,0,원피스,111100
플립플랍,google,2026-01-25,0,0,원피스,111100
플립플랍,google,2026-02-01,0,0,원피스,111100
플립플랍,google,2026-02-08,0,0,원피스,111100
플립플랍,google,2026-02-15,0,0,원피스,111100
플립플랍,google,2026-02-22,0,0,원피스,111100
플립플랍,google,2026-03-01,0,0,원피스,111100
플립플랍,google,2026-03-08,0,0,원피스,111100
플립플랍,google,2026-03-15,0,0,원피스,111100
플립플랍,google,2026-03-22,0,0,원피스,111100
플립플랍,google,2026-03-29,0,0,원피스,111100
플립플랍,google,2026-04-05,0,0,원피스,111100
플립플랍,google,2026-04-12,0,0,원피스,111100
플립플랍,google,2026-04-19,0,0,원피스,111100
플립플랍,google,2026-04-26,0,0,원피스,111100
플립플랍,google,2026-05-03,0,0,원피스,111100
플립플랍,google,2026-05-10,0,0,원피스,111100
플립플랍,google,2026-05-17,0,0,원피스,111100
플립플랍,google,2026-05-24,0,0,원피스,111100
플립플랍,google,2026-05-31,0,0,원피스,111100
플립플랍,google,2026-06-07,2,3342,원피스,111100
플립플랍,google,2026-06-14,0,0,원피스,111100
플립플랍,google,2026-06-21,0,0,원피스,111100
플립플랍,google,2026-06-28,2,3342,원피스,111100
플립플랍,google,2026-07-05,2,3342,원피스,111100
플립플랍,google,2026-07-12,2,3342,원피스,111100
플립플랍,google,2026-07-19,0,0,원피스,111100
플립플랍,google,2026-07-26,0,0,원피스,111100
플립플랍,google,2026-08-02,2,3342,원피스,111100
플립플랍,google,2026-08-09,2,3342,원피스,111100
플립플랍,google,2026-08-16,0,0,원피스,111100
플립플랍,google,2026-08-23,0,0,원피스,111100
플립플랍,google,2026-08-30,1,1671,원피스,111100
플립플랍,google,2026-09-06,1,1671,원피스,111100
플립플랍,google,2026-09-13,0,0,원피스,111100
더비슈즈,google,2025-09-14,11,18385,원피스,111100
더비슈즈,google,2025-09-21,11,18385,원피스,111100
더비슈즈,google,2025-09-28,10,16713,원피스,111100
더비슈즈,google,2025-10-05,11,18385,원피스,111100
더비슈즈,google,2025-10-12,13,21728,원피스,111100
더비슈즈,google,2025-10-19,13,21728,원피스,111100
더비슈즈,google,2025-10-26,10,16713,원피스,111100
더비슈즈,google,2025-11-02,11,18385,원피스,111100
더비슈즈,google,2025-11-09,15,25070,원피스,111100
더비슈즈,google,2025-11-16,14,23399,원피스,111100
더비슈즈,google,2025-11-23,12,20056,원피스,111100
더비슈즈,google,2025-11-30,11,18385,원피스,111100
더비슈즈,google,2025-12-07,9,15042,원피스,111100
더비슈즈,google,2025-12-14,12,20056,원피스,111100
더비슈즈,google,2025-12-21,11,18385,원피스,111100
더비슈즈,google,2025-12-28,10,16713,원피스,111100
더비슈즈,google,2026-01-04,9,15042,원피스,111100
더비슈즈,google,2026-01-11,9,15042,원피스,111100
더비슈즈,google,2026-01-18,7,11699,원피스,111100
더비슈즈,google,2026-01-25,13,21728,원피스,111100
더비슈즈,google,2026-02-01,10,16713,원피스,111100
더비슈즈,google,2026-02-08,13,21728,원피스,111100
더비슈즈,google,2026-02-15,10,16713,원피스,111100
더비슈즈,google,2026-02-22,14,23399,원피스,111100
더비슈즈,google,2026-03-01,11,18385,원피스,111100
더비슈즈,google,2026-03-08,11,18385,원피스,111100
더비슈즈,google,2026-03-15,11,18385,원피스,111100
더비슈즈,google,2026-03-22,8,13371,원피스,111100
더비슈즈,google,2026-03-29,12,20056,원피스,111100
더비슈즈,google,2026-04-05,8,13371,원피스,111100
더비슈즈,google,2026-04-12,6,10028,원피스,111100
더비슈즈,google,2026-04-19,8,13371,원피스,111100
더비슈즈,google,2026-04-26,7,11699,원피스,111100
더비슈즈,google,2026-05-03,10,16713,원피스,111100
더비슈즈,google,2026-05-10,8,13371,원피스,111100
더비슈즈,google,2026-05-17,7,11699,원피스,111100
더비슈즈,google,2026-05-24,4,6685,원피스,111100
더비슈즈,google,2026-05-31,6,10028,원피스,111100
더비슈즈,google,2026-06-07,7,11699,원피스,111100
더비슈즈,google,2026-06-14,6,10028,원피스,111100
더비슈즈,google,2026-06-21,8,13371,원피스,111100
더비슈즈,google,2026-06-28,5,8356,원피스,111100
더비슈즈,google,2026-07-05,7,11699,원피스,111100
더비슈즈,google,2026-07-12,6,10028,원피스,111100
더비슈즈,google,2026-07-19,0,0,원피스,111100
더비슈즈,google,2026-07-26,5,8356,원피스,111100
더비슈즈,google,2026-08-02,5,8356,원피스,111100
더비슈즈,google,2026-08-09,3,5014,원피스,111100
더비슈즈,google,2026-08-16,9,15042,원피스,111100
더비슈즈,google,2026-08-23,5,8356,원피스,111100
더비슈즈,google,2026-08-30,6,10028,원피스,111100
더비슈즈,google,2026-09-06,9,15042,원피스,111100
더비슈즈,google,2026-09-13,12,20056,원피스,111100
등산화,google,2025-09-14,20,33427,원피스,111100
등산화,google,2025-09-21,26,43456,원피스,111100
등산화,google,2025-09-28,21,35099,원피스,111100
등산화,google,2025-10-05,25,41784,원피스,111100
등산화,google,2025-10-12,26,43456,원피스,111100
등산화,google,2025-10-19,26,43456,원피스,111100
등산화,google,2025-10-26,23,38441,원피스,111100
등산화,google,2025-11-02,26,43456,원피스,111100
등산화,google,2025-11-09,22,36770,원피스,111100
등산화,google,2025-11-16,23,38441,원피스,111100
등산화,google,2025-11-23,25,41784,원피스,111100
등산화,google,2025-11-30,26,43456,원피스,111100
등산화,google,2025-12-07,22,36770,원피스,111100
등산화,google,2025-12-14,21,35099,원피스,111100
등산화,google,2025-12-21,25,41784,원피스,111100
등산화,google,2025-12-28,24,40113,원피스,111100
등산화,google,2026-01-04,26,43456,원피스,111100
등산화,google,2026-01-11,21,35099,원피스,111100
등산화,google,2026-01-18,27,45127,원피스,111100
등산화,google,2026-01-25,21,35099,원피스,111100
등산화,google,2026-02-01,24,40113,원피스,111100
등산화,google,2026-02-08,16,26742,원피스,111100
등산화,google,2026-02-15,17,28413,원피스,111100
등산화,google,2026-02-22,22,36770,원피스,111100
등산화,google,2026-03-01,23,38441,원피스,111100
등산화,google,2026-03-08,22,36770,원피스,111100
등산화,google,2026-03-15,20,33427,원피스,111100
등산화,google,2026-03-22,25,41784,원피스,111100
등산화,google,2026-03-29,19,31756,원피스,111100
등산화,google,2026-04-05,19,31756,원피스,111100
등산화,google,2026-04-12,18,30084,원피스,111100
등산화,google,2026-04-19,22,36770,원피스,111100
등산화,google,2026-04-26,22,36770,원피스,111100
등산화,google,2026-05-03,25,41784,원피스,111100
등산화,google,2026-05-10,21,35099,원피스,111100
등산화,google,2026-05-17,19,31756,원피스,111100
등산화,google,2026-05-24,19,31756,원피스,111100
등산화,google,2026-05-31,19,31756,원피스,111100
등산화,google,2026-06-07,16,26742,원피스,111100
등산화,google,2026-06-14,18,30084,원피스,111100
등산화,google,2026-06-21,18,30084,원피스,111100
등산화,google,2026-06-28,18,30084,원피스,111100
등산화,google,2026-07-05,17,28413,원피스,111100
등산화,google,2026-07-12,13,21728,원피스,111100
등산화,google,2026-07-19,15,25070,원피스,111100
등산화,google,2026-07-26,13,21728,원피스,111100
등산화,google,2026-08-02,12,20056,원피스,111100
등산화,google,2026-08-09,11,18385,원피스,111100
등산화,google,2026-08-16,17,28413,원피스,111100
등산화,google,2026-08-23,15,25070,원피스,111100
등산화,google,2026-08-30,13,21728,원피스,111100
등산화,google,2026-09-06,17,28413,원피스,111100
등산화,google,2026-09-13,26,43456,원피스,111100
러닝화,google,2025-09-14,83,138725,원피스,111100
러닝화,google,2025-09-21,86,143739,원피스,111100
러닝화,google,2025-09-28,96,160453,원피스,111100
러닝화,google,2025-10-05,100,167138,원피스,111100
러닝화,google,2025-10-12,86,143739,원피스,111100
러닝화,google,2025-10-19,81,135382,원피스,111100
러닝화,google,2025-10-26,72,120339,원피스,111100
러닝화,google,2025-11-02,78,130368,원피스,111100
러닝화,google,2025-11-09,84,140396,원피스,111100
러닝화,google,2025-11-16,56,93597,원피스,111100
러닝화,google,2025-11-23,56,93597,원피스,111100
러닝화,google,2025-11-30,59,98611,원피스,111100
러닝화,google,2025-12-07,49,81898,원피스,111100
러닝화,google,2025-12-14,38,63512,원피스,111100
러닝화,google,2025-12-21,37,61841,원피스,111100
러닝화,google,2025-12-28,53,88583,원피스,111100
러닝화,google,2026-01-04,46,76883,원피스,111100
러닝화,google,2026-01-11,43,71869,원피스,111100
러닝화,google,2026-01-18,45,75212,원피스,111100
러닝화,google,2026-01-25,44,73541,원피스,111100
러닝화,google,2026-02-01,47,78555,원피스,111100
러닝화,google,2026-02-08,46,76883,원피스,111100
러닝화,google,2026-02-15,53,88583,원피스,111100
러닝화,google,2026-02-22,57,95269,원피스,111100
러닝화,google,2026-03-01,57,95269,원피스,111100
러닝화,google,2026-03-08,48,80226,원피스,111100
러닝화,google,2026-03-15,62,103626,원피스,111100
러닝화,google,2026-03-22,64,106968,원피스,111100
러닝화,google,2026-03-29,63,105297,원피스,111100
러닝화,google,2026-04-05,56,93597,원피스,111100
러닝화,google,2026-04-12,60,100283,원피스,111100
러닝화,google,2026-04-19,51,85240,원피스,111100
러닝화,google,2026-04-26,64,106968,원피스,111100
러닝화,google,2026-05-03,66,110311,원피스,111100
러닝화,google,2026-05-10,64,106968,원피스,111100
러닝화,google,2026-05-17,55,91926,원피스,111100
러닝화,google,2026-05-24,62,103626,원피스,111100
러닝화,google,2026-05-31,67,111982,원피스,111100
러닝화,google,2026-06-07,56,93597,원피스,111100
러닝화,google,2026-06-14,58,96940,원피스,111100
러닝화,google,2026-06-21,50,83569,원피스,111100
러닝화,google,2026-06-28,53,88583,원피스,111100
러닝화,google,2026-07-05,56,93597,원피스,111100
러닝화,google,2026-07-12,41,68526,원피스,111100
러닝화,google,2026-07-19,45,75212,원피스,111100
러닝화,google,2026-07-26,46,76883,원피스,111100
러닝화,google,2026-08-02,42,70198,원피스,111100
러닝화,google,2026-08-09,47,78555,원피스,111100
러닝화,google,2026-08-16,52,86912,원피스,111100
러닝화,google,2026-08-23,43,71869,원피스,111100
러닝화,google,2026-08-30,45,75212,원피스,111100
러닝화,google,2026-09-06,56,93597,원피스,111100
러닝화,google,2026-09-13,68,113654,원피스,111100
로퍼,google,2025-09-14,41,68526,원피스,111100
로퍼,google,2025-09-21,45,75212,원피스,111100
로퍼,google,2025-09-28,54,90254,원피스,111100
로퍼,google,2025-10-05,55,91926,원피스,111100
로퍼,google,2025-10-12,53,88583,원피스,111100
로퍼,google,2025-10-19,58,96940,원피스,111100
로퍼,google,2025-10-26,59,98611,원피스,111100
로퍼,google,2025-11-02,50,83569,원피스,111100
로퍼,google,2025-11-09,56,93597,원피스,111100
로퍼,google,2025-11-16,45,75212,원피스,111100
로퍼,google,2025-11-23,51,85240,원피스,111100
로퍼,google,2025-11-30,46,76883,원피스,111100
로퍼,google,2025-12-07,50,83569,원피스,111100
로퍼,google,2025-12-14,55,91926,원피스,111100
로퍼,google,2025-12-21,54,90254,원피스,111100
로퍼,google,2025-12-28,47,78555,원피스,111100
로퍼,google,2026-01-04,54,90254,원피스,111100
로퍼,google,2026-01-11,53,88583,원피스,111100
로퍼,google,2026-01-18,51,85240,원피스,111100
로퍼,google,2026-01-25,56,93597,원피스,111100
로퍼,google,2026-02-01,52,86912,원피스,111100
로퍼,google,2026-02-08,49,81898,원피스,111100
로퍼,google,2026-02-15,50,83569,원피스,111100
로퍼,google,2026-02-22,57,95269,원피스,111100
로퍼,google,2026-03-01,49,81898,원피스,111100
로퍼,google,2026-03-08,51,85240,원피스,111100
로퍼,google,2026-03-15,59,98611,원피스,111100
로퍼,google,2026-03-22,62,103626,원피스,111100
로퍼,google,2026-03-29,53,88583,원피스,111100
로퍼,google,2026-04-05,55,91926,원피스,111100
로퍼,google,2026-04-12,52,86912,원피스,111100
로퍼,google,2026-04-19,51,85240,원피스,111100
로퍼,google,2026-04-26,43,71869,원피스,111100
로퍼,google,2026-05-03,48,80226,원피스,111100
로퍼,google,2026-05-10,52,86912,원피스,111100
로퍼,google,2026-05-17,47,78555,원피스,111100
로퍼,google,2026-05-24,40,66855,원피스,111100
로퍼,google,2026-05-31,49,81898,원피스,111100
로퍼,google,2026-06-07,41,68526,원피스,111100
로퍼,google,2026-06-14,52,86912,원피스,111100
로퍼,google,2026-06-21,41,68526,원피스,111100
로퍼,google,2026-06-28,41,68526,원피스,111100
로퍼,google,2026-07-05,43,71869,원피스,111100
로퍼,google,2026-07-12,39,65184,원피스,111100
로퍼,google,2026-07-19,41,68526,원피스,111100
로퍼,google,2026-07-26,36,60169,원피스,111100
로퍼,google,2026-08-02,36,60169,원피스,111100
로퍼,google,2026-08-09,32,53484,원피스,111100
로퍼,google,2026-08-16,42,70198,원피스,111100
로퍼,google,2026-08-23,42,70198,원피스,111100
로퍼,google,2026-08-30,38,63512,원피스,111100
로퍼,google,2026-09-06,49,81898,원피스,111100
로퍼,google,2026-09-13,58,96940,원피스,111100
메리제인슈즈,google,2025-09-14,0,0,원피스,111100
메리제인슈즈,google,2025-09-21,0,0,원피스,111100
메리제인슈즈,google,2025-09-28,0,0,원피스,111100
메리제인슈즈,google,2025-10-05,0,0,원피스,111100
메리제인슈즈,google,2025-10-12,0,0,원피스,111100
메리제인슈즈,google,2025-10-19,0,0,원피스,111100
메리제인슈즈,google,2025-10-26,0,0,원피스,111100
메리제인슈즈,google,2025-11-02,0,0,원피스,111100
메리제인슈즈,google,2025-11-09,0,0,원피스,111100
메리제인슈즈,google,2025-11-16,0,0,원피스,111100
메리제인슈즈,google,2025-11-23,0,0,원피스,111100
메리제인슈즈,google,2025-11-30,0,0,원피스,111100
메리제인슈즈,google,2025-12-07,0,0,원피스,111100
메리제인슈즈,google,2025-12-14,0,0,원피스,111100
메리제인슈즈,google,2025-12-21,0,0,원피스,111100
메리제인슈즈,google,2025-12-28,0,0,원피스,111100
메리제인슈즈,google,2026-01-04,0,0,원피스,111100
메리제인슈즈,google,2026-01-11,0,0,원피스,111100
메리제인슈즈,google,2026-01-18,0,0,원피스,111100
메리제인슈즈,google,2026-01-25,0,0,원피스,111100
메리제인슈즈,google,2026-02-01,0,0,원피스,111100
메리제인슈즈,google,2026-02-08,0,0,원피스,111100
메리제인슈즈,google,2026-02-15,0,0,원피스,111100
메리제인슈즈,google,2026-02-22,0,0,원피스,111100
메리제인슈즈,google,2026-03-01,0,0,원피스,111100
메리제인슈즈,google,2026-03-08,0,0,원피스,111100
메리제인슈즈,google,2026-03-15,0,0,원피스,111100
메리제인슈즈,google,2026-03-22,0,0,원피스,111100
메리제인슈즈,google,2026-03-29,0,0,원피스,111100
메리제인슈즈,google,2026-04-05,0,0,원피스,111100
메리제인슈즈,google,2026-04-12,0,0,원피스,111100
메리제인슈즈,google,2026-04-19,0,0,원피스,111100
메리제인슈즈,google,2026-04-26,0,0,원피스,111100
메리제인슈즈,google,2026-05-03,0,0,원피스,111100
메리제인슈즈,google,2026-05-10,0,0,원피스,111100
메리제인슈즈,google,2026-05-17,0,0,원피스,111100
메리제인슈즈,google,2026-05-24,0,0,원피스,111100
메리제인슈즈,google,2026-05-31,0,0,원피스,111100
메리제인슈즈,google,2026-06-07,0,0,원피스,111100
메리제인슈즈,google,2026-06-14,4,6685,원피스,111100
메리제인슈즈,google,2026-06-21,0,0,원피스,111100
메리제인슈즈,google,2026-06-28,0,0,원피스,111100
메리제인슈즈,google,2026-07-05,4,6685,원피스,111100
메리제인슈즈,google,2026-07-12,0,0,원피스,111100
메리제인슈즈,google,2026-07-19,0,0,원피스,111100
메리제인슈즈,google,2026-07-26,0,0,원피스,111100
메리제인슈즈,google,2026-08-02,0,0,원피스,111100
메리제인슈즈,google,2026-08-09,0,0,원피스,111100
메리제인슈즈,google,2026-08-16,0,0,원피스,111100
메리제인슈즈,google,2026-08-23,0,0,원피스,111100
메리제인슈즈,google,2026-08-30,1,1671,원피스,111100
메리제인슈즈,google,2026-09-06,1,1671,원피스,111100
메리제인슈즈,google,2026-09-13,0,0,원피스,111100
슬링백,google,2025-09-14,59,98611,원피스,111100
슬링백,google,2025-09-21,76,127025,원피스,111100
슬링백,google,2025-09-28,57,95269,원피스,111100
슬링백,google,2025-10-05,85,142067,원피스,111100
슬링백,google,2025-10-12,86,143739,원피스,111100
슬링백,google,2025-10-19,36,60169,원피스,111100
슬링백,google,2025-10-26,48,80226,원피스,111100
슬링백,google,2025-11-02,50,83569,원피스,111100
슬링백,google,2025-11-09,59,98611,원피스,111100
슬링백,google,2025-11-16,61,101954,원피스,111100
슬링백,google,2025-11-23,73,122011,원피스,111100
슬링백,google,2025-11-30,51,85240,원피스,111100
슬링백,google,2025-12-07,37,61841,원피스,111100
슬링백,google,2025-12-14,55,91926,원피스,111100
슬링백,google,2025-12-21,49,81898,원피스,111100
슬링백,google,2025-12-28,50,83569,원피스,111100
슬링백,google,2026-01-04,61,101954,원피스,111100
슬링백,google,2026-01-11,35,58498,원피스,111100
슬링백,google,2026-01-18,63,105297,원피스,111100
슬링백,google,2026-01-25,71,118668,원피스,111100
슬링백,google,2026-02-01,65,108640,원피스,111100
슬링백,google,2026-02-08,54,90254,원피스,111100
슬링백,google,2026-02-15,48,80226,원피스,111100
슬링백,google,2026-02-22,71,118668,원피스,111100
슬링백,google,2026-03-01,62,103626,원피스,111100
슬링백,google,2026-03-08,58,96940,원피스,111100
슬링백,google,2026-03-15,61,101954,원피스,111100
슬링백,google,2026-03-22,55,91926,원피스,111100
슬링백,google,2026-03-29,65,108640,원피스,111100
슬링백,google,2026-04-05,71,118668,원피스,111100
슬링백,google,2026-04-12,66,110311,원피스,111100
슬링백,google,2026-04-19,66,110311,원피스,111100
슬링백,google,2026-04-26,66,110311,원피스,111100
슬링백,google,2026-05-03,75,125354,원피스,111100
슬링백,google,2026-05-10,75,125354,원피스,111100
슬링백,google,2026-05-17,70,116997,원피스,111100
슬링백,google,2026-05-24,84,140396,원피스,111100
슬링백,google,2026-05-31,84,140396,원피스,111100
슬링백,google,2026-06-07,78,130368,원피스,111100
슬링백,google,2026-06-14,79,132039,원피스,111100
슬링백,google,2026-06-21,73,122011,원피스,111100
슬링백,google,2026-06-28,54,90254,원피스,111100
슬링백,google,2026-07-05,83,138725,원피스,111100
슬링백,google,2026-07-12,70,116997,원피스,111100
슬링백,google,2026-07-19,64,106968,원피스,111100
슬링백,google,2026-07-26,83,138725,원피스,111100
슬링백,google,2026-08-02,63,105297,원피스,111100
슬링백,google,2026-08-09,74,123682,원피스,111100
슬링백,google,2026-08-16,38,63512,원피스,111100
슬링백,google,2026-08-23,67,111982,원피스,111100
슬링백,google,2026-08-30,49,81898,원피스,111100
슬링백,google,2026-09-06,65,108640,원피스,111100
슬링백,google,2026-09-13,72,120339,원피스,111100
옥스포드화,google,2025-09-14,0,0,원피스,111100
옥스포드화,google,2025-09-21,0,0,원피스,111100
옥스포드화,google,2025-09-28,0,0,원피스,111100
옥스포드화,google,2025-10-05,0,0,원피스,111100
옥스포드화,google,2025-10-12,0,0,원피스,111100
옥스포드화,google,2025-10-19,0,0,원피스,111100
옥스포드화,google,2025-10-26,0,0,원피스,111100
옥스포드화,google,2025-11-02,0,0,원피스,111100
옥스포드화,google,2025-11-09,0,0,원피스,111100
옥스포드화,google,2025-11-16,0,0,원피스,111100
옥스포드화,google,2025-11-23,0,0,원피스,111100
옥스포드화,google,2025-11-30,0,0,원피스,111100
옥스포드화,google,2025-12-07,0,0,원피스,111100
옥스포드화,google,2025-12-14,0,0,원피스,111100
옥스포드화,google,2025-12-21,0,0,원피스,111100
옥스포드화,google,2025-12-28,0,0,원피스,111100
옥스포드화,google,2026-01-04,0,0,원피스,111100
옥스포드화,google,2026-01-11,0,0,원피스,111100
옥스포드화,google,2026-01-18,0,0,원피스,111100
옥스포드화,google,2026-01-25,0,0,원피스,111100
옥스포드화,google,2026-02-01,0,0,원피스,111100
옥스포드화,google,2026-02-08,0,0,원피스,111100
옥스포드화,google,2026-02-15,0,0,원피스,111100
옥스포드화,google,2026-02-22,0,0,원피스,111100
옥스포드화,google,2026-03-01,0,0,원피스,111100
옥스포드화,google,2026-03-08,0,0,원피스,111100
옥스포드화,google,2026-03-15,0,0,원피스,111100
옥스포드화,google,2026-03-22,0,0,원피스,111100
옥스포드화,google,2026-03-29,0,0,원피스,111100
옥스포드화,google,2026-04-05,0,0,원피스,111100
옥스포드화,google,2026-04-12,0,0,원피스,111100
옥스포드화,google,2026-04-19,0,0,원피스,111100
옥스포드화,google,2026-04-26,0,0,원피스,111100
옥스포드화,google,2026-05-03,0,0,원피스,111100
옥스포드화,google,2026-05-10,0,0,원피스,111100
옥스포드화,google,2026-05-17,0,0,원피스,111100
옥스포드화,google,2026-05-24,0,0,원피스,111100
옥스포드화,google,2026-05-31,0,0,원피스,111100
옥스포드화,google,2026-06-07,0,0,원피스,111100
옥스포드화,google,2026-06-14,0,0,원피스,111100
옥스포드화,google,2026-06-21,0,0,원피스,111100
옥스포드화,google,2026-06-28,0,0,원피스,111100
옥스포드화,google,2026-07-05,0,0,원피스,111100
옥스포드화,google,2026-07-12,0,0,원피스,111100
옥스포드화,google,2026-07-19,0,0,원피스,111100
옥스포드화,google,2026-07-26,0,0,원피스,111100
옥스포드화,google,2026-08-02,0,0,원피스,111100
옥스포드화,google,2026-08-09,0,0,원피스,111100
옥스포드화,google,2026-08-16,0,0,원피스,111100
옥스포드화,google,2026-08-23,0,0,원피스,111100
옥스포드화,google,2026-08-30,1,1671,원피스,111100
옥스포드화,google,2026-09-06,2,3342,원피스,111100
옥스포드화,google,2026-09-13,0,0,원피스,111100
인도어화,google,2025-09-14,0,0,원피스,111100
인도어화,google,2025-09-21,0,0,원피스,111100
인도어화,google,2025-09-28,0,0,원피스,111100
인도어화,google,2025-10-05,22,36770,원피스,111100
인도어화,google,2025-10-12,0,0,원피스,111100
인도어화,google,2025-10-19,0,0,원피스,111100
인도어화,google,2025-10-26,0,0,원피스,111100
인도어화,google,2025-11-02,0,0,원피스,111100
인도어화,google,2025-11-09,0,0,원피스,111100
인도어화,google,2025-11-16,0,0,원피스,111100
인도어화,google,2025-11-23,0,0,원피스,111100
인도어화,google,2025-11-30,0,0,원피스,111100
인도어화,google,2025-12-07,0,0,원피스,111100
인도어화,google,2025-12-14,0,0,원피스,111100
인도어화,google,2025-12-21,0,0,원피스,111100
인도어화,google,2025-12-28,0,0,원피스,111100
인도어화,google,2026-01-04,0,0,원피스,111100
인도어화,google,2026-01-11,0,0,원피스,111100
인도어화,google,2026-01-18,0,0,원피스,111100
인도어화,google,2026-01-25,0,0,원피스,111100
인도어화,google,2026-02-01,0,0,원피스,111100
인도어화,google,2026-02-08,0,0,원피스,111100
인도어화,google,2026-02-15,0,0,원피스,111100
인도어화,google,2026-02-22,0,0,원피스,111100
인도어화,google,2026-03-01,0,0,원피스,111100
인도어화,google,2026-03-08,0,0,원피스,111100
인도어화,google,2026-03-15,0,0,원피스,111100
인도어화,google,2026-03-22,0,0,원피스,111100
인도어화,google,2026-03-29,0,0,원피스,111100
인도어화,google,2026-04-05,0,0,원피스,111100
인도어화,google,2026-04-12,0,0,원피스,111100
인도어화,google,2026-04-19,0,0,원피스,111100
인도어화,google,2026-04-26,0,0,원피스,111100
인도어화,google,2026-05-03,0,0,원피스,111100
인도어화,google,2026-05-10,0,0,원피스,111100
인도어화,google,2026-05-17,0,0,원피스,111100
인도어화,google,2026-05-24,0,0,원피스,111100
인도어화,google,2026-05-31,0,0,원피스,111100
인도어화,google,2026-06-07,0,0,원피스,111100
인도어화,google,2026-06-14,0,0,원피스,111100
인도어화,google,2026-06-21,0,0,원피스,111100
인도어화,google,2026-06-28,0,0,원피스,111100
인도어화,google,2026-07-05,0,0,원피스,111100
인도어화,google,2026-07-12,0,0,원피스,111100
인도어화,google,2026-07-19,0,0,원피스,111100
인도어화,google,2026-07-26,0,0,원피스,111100
인도어화,google,2026-08-02,0,0,원피스,111100
인도어화,google,2026-08-09,0,0,원피스,111100
인도어화,google,2026-08-16,0,0,원피스,111100
인도어화,google,2026-08-23,0,0,원피스,111100
인도어화,google,2026-08-30,3,5014,원피스,111100
인도어화,google,2026-09-06,4,6685,원피스,111100
인도어화,google,2026-09-13,0,0,원피스,111100
클로그,google,2025-09-14,44,73541,원피스,111100
클로그,google,2025-09-21,35,58498,원피스,111100
클로그,google,2025-09-28,27,45127,원피스,111100
클로그,google,2025-10-05,36,60169,원피스,111100
클로그,google,2025-10-12,47,78555,원피스,111100
클로그,google,2025-10-19,41,68526,원피스,111100
클로그,google,2025-10-26,26,43456,원피스,111100
클로그,google,2025-11-02,52,86912,원피스,111100
클로그,google,2025-11-09,36,60169,원피스,111100
클로그,google,2025-11-16,41,68526,원피스,111100
클로그,google,2025-11-23,48,80226,원피스,111100
클로그,google,2025-11-30,32,53484,원피스,111100
클로그,google,2025-12-07,36,60169,원피스,111100
클로그,google,2025-12-14,30,50141,원피스,111100
클로그,google,2025-12-21,38,63512,원피스,111100
클로그,google,2025-12-28,32,53484,원피스,111100
클로그,google,2026-01-04,31,51813,원피스,111100
클로그,google,2026-01-11,37,61841,원피스,111100
클로그,google,2026-01-18,43,71869,원피스,111100
클로그,google,2026-01-25,28,46798,원피스,111100
클로그,google,2026-02-01,45,75212,원피스,111100
클로그,google,2026-02-08,29,48470,원피스,111100
클로그,google,2026-02-15,34,56827,원피스,111100
클로그,google,2026-02-22,56,93597,원피스,111100
클로그,google,2026-03-01,48,80226,원피스,111100
클로그,google,2026-03-08,52,86912,원피스,111100
클로그,google,2026-03-15,39,65184,원피스,111100
클로그,google,2026-03-22,64,106968,원피스,111100
클로그,google,2026-03-29,68,113654,원피스,111100
클로그,google,2026-04-05,59,98611,원피스,111100
클로그,google,2026-04-12,53,88583,원피스,111100
클로그,google,2026-04-19,78,130368,원피스,111100
클로그,google,2026-04-26,65,108640,원피스,111100
클로그,google,2026-05-03,58,96940,원피스,111100
클로그,google,2026-05-10,75,125354,원피스,111100
클로그,google,2026-05-17,63,105297,원피스,111100
클로그,google,2026-05-24,95,158781,원피스,111100
클로그,google,2026-05-31,88,147082,원피스,111100
클로그,google,2026-06-07,71,118668,원피스,111100
클로그,google,2026-06-14,84,140396,원피스,111100
클로그,google,2026-06-21,70,116997,원피스,111100
클로그,google,2026-06-28,76,127025,원피스,111100
클로그,google,2026-07-05,100,167138,원피스,111100
클로그,google,2026-07-12,56,93597,원피스,111100
클로그,google,2026-07-19,59,98611,원피스,111100
클로그,google,2026-07-26,58,96940,원피스,111100
클로그,google,2026-08-02,66,110311,원피스,111100
클로그,google,2026-08-09,40,66855,원피스,111100
클로그,google,2026-08-16,54,90254,원피스,111100
클로그,google,2026-08-23,36,60169,원피스,111100
클로그,google,2026-08-30,42,70198,원피스,111100
클로그,google,2026-09-06,51,85240,원피스,111100
클로그,google,2026-09-13,51,85240,원피스,111100
트레킹화,google,2025-09-14,32,53484,원피스,111100
트레킹화,google,2025-09-21,24,40113,원피스,111100
트레킹화,google,2025-09-28,27,45127,원피스,111100
트레킹화,google,2025-10-05,30,50141,원피스,111100
트레킹화,google,2025-10-12,31,51813,원피스,111100
트레킹화,google,2025-10-19,26,43456,원피스,111100
트레킹화,google,2025-10-26,25,41784,원피스,111100
트레킹화,google,2025-11-02,35,58498,원피스,111100
트레킹화,google,2025-11-09,28,46798,원피스,111100
트레킹화,google,2025-11-16,20,33427,원피스,111100
트레킹화,google,2025-11-23,35,58498,원피스,111100
트레킹화,google,2025-11-30,19,31756,원피스,111100
트레킹화,google,2025-12-07,28,46798,원피스,111100
트레킹화,google,2025-12-14,28,46798,원피스,111100
트레킹화,google,2025-12-21,26,43456,원피스,111100
트레킹화,google,2025-12-28,23,38441,원피스,111100
트레킹화,google,2026-01-04,25,41784,원피스,111100
트레킹화,google,2026-01-11,0,0,원피스,111100
트레킹화,google,2026-01-18,0,0,원피스,111100
트레킹화,google,2026-01-25,28,46798,원피스,111100
트레킹화,google,2026-02-01,0,0,원피스,111100
트레킹화,google,2026-02-08,26,43456,원피스,111100
트레킹화,google,2026-02-15,21,35099,원피스,111100
트레킹화,google,2026-02-22,0,0,원피스,111100
트레킹화,google,2026-03-01,19,31756,원피스,111100
트레킹화,google,2026-03-08,33,55155,원피스,111100
트레킹화,google,2026-03-15,0,0,원피스,111100
트레킹화,google,2026-03-22,32,53484,원피스,111100
트레킹화,google,2026-03-29,48,80226,원피스,111100
트레킹화,google,2026-04-05,0,0,원피스,111100
트레킹화,google,2026-04-12,23,38441,원피스,111100
트레킹화,google,2026-04-19,28,46798,원피스,111100
트레킹화,google,2026-04-26,26,43456,원피스,111100
트레킹화,google,2026-05-03,40,66855,원피스,111100
트레킹화,google,2026-05-10,30,50141,원피스,111100
트레킹화,google,2026-05-17,33,55155,원피스,111100
트레킹화,google,2026-05-24,30,50141,원피스,111100
트레킹화,google,2026-05-31,20,33427,원피스,111100
트레킹화,google,2026-06-07,18,30084,원피스,111100
트레킹화,google,2026-06-14,19,31756,원피스,111100
트레킹화,google,2026-06-21,23,38441,원피스,111100
트레킹화,google,2026-06-28,34,56827,원피스,111100
트레킹화,google,2026-07-05,21,35099,원피스,111100
트레킹화,google,2026-07-12,23,38441,원피스,111100
트레킹화,google,2026-07-19,27,45127,원피스,111100
트레킹화,google,2026-07-26,23,38441,원피스,111100
트레킹화,google,2026-08-02,20,33427,원피스,111100
트레킹화,google,2026-08-09,0,0,원피스,111100
트레킹화,google,2026-08-16,18,30084,원피스,111100
트레킹화,google,2026-08-23,0,0,원피스,111100
트레킹화,google,2026-08-30,17,28413,원피스,111100
트레킹화,google,2026-09-06,24,40113,원피스,111100
트레킹화,google,2026-09-13,17,28413,원피스,111100
펌프스,google,2025-09-14,0,0,원피스,111100
펌프스,google,2025-09-21,0,0,원피스,111100
펌프스,google,2025-09-28,0,0,원피스,111100
펌프스,google,2025-10-05,0,0,원피스,111100
펌프스,google,2025-10-12,0,0,원피스,111100
펌프스,google,2025-10-19,0,0,원피스,111100
펌프스,google,2025-10-26,0,0,원피스,111100
펌프스,google,2025-11-02,0,0,원피스,111100
펌프스,google,2025-11-09,0,0,원피스,111100
펌프스,google,2025-11-16,0,0,원피스,111100
펌프스,google,2025-11-23,0,0,원피스,111100
펌프스,google,2025-11-30,0,0,원피스,111100
펌프스,google,2025-12-07,0,0,원피스,111100
펌프스,google,2025-12-14,0,0,원피스,111100
펌프스,google,2025-12-21,0,0,원피스,111100
펌프스,google,2025-12-28,0,0,원피스,111100
펌프스,google,2026-01-04,0,0,원피스,111100
펌프스,google,2026-01-11,0,0,원피스,111100
펌프스,google,2026-01-18,0,0,원피스,111100
펌프스,google,2026-01-25,0,0,원피스,111100
펌프스,google,2026-02-01,0,0,원피스,111100
펌프스,google,2026-02-08,0,0,원피스,111100
펌프스,google,2026-02-15,0,0,원피스,111100
펌프스,google,2026-02-22,0,0,원피스,111100
펌프스,google,2026-03-01,0,0,원피스,111100
펌프스,google,2026-03-08,0,0,원피스,111100
펌프스,google,2026-03-15,0,0,원피스,111100
펌프스,google,2026-03-22,0,0,원피스,111100
펌프스,google,2026-03-29,0,0,원피스,111100
펌프스,google,2026-04-05,0,0,원피스,111100
펌프스,google,2026-04-12,0,0,원피스,111100
펌프스,google,2026-04-19,0,0,원피스,111100
펌프스,google,2026-04-26,0,0,원피스,111100
펌프스,google,2026-05-03,0,0,원피스,111100
펌프스,google,2026-05-10,0,0,원피스,111100
펌프스,google,2026-05-17,0,0,원피스,111100
펌프스,google,2026-05-24,0,0,원피스,111100
펌프스,google,2026-05-31,0,0,원피스,111100
펌프스,google,2026-06-07,0,0,원피스,111100
펌프스,google,2026-06-14,0,0,원피스,111100
펌프스,google,2026-06-21,0,0,원피스,111100
펌프스,google,2026-06-28,0,0,원피스,111100
펌프스,google,2026-07-05,0,0,원피스,111100
펌프스,google,2026-07-12,0,0,원피스,111100
펌프스,google,2026-07-19,0,0,원피스,111100
펌프스,google,2026-07-26,0,0,원피스,111100
펌프스,google,2026-08-02,0,0,원피스,111100
펌프스,google,2026-08-09,0,0,원피스,111100
펌프스,google,2026-08-16,0,0,원피스,111100
펌프스,google,2026-08-23,0,0,원피스,111100
펌프스,google,2026-08-30,0,0,원피스,111100
펌프스,google,2026-09-06,0,0,원피스,111100
펌프스,google,2026-09-13,0,0,원피스,111100
플랫슈즈,google,2025-09-14,0,0,원피스,111100
플랫슈즈,google,2025-09-21,0,0,원피스,111100
플랫슈즈,google,2025-09-28,0,0,원피스,111100
플랫슈즈,google,2025-10-05,0,0,원피스,111100
플랫슈즈,google,2025-10-12,0,0,원피스,111100
플랫슈즈,google,2025-10-19,0,0,원피스,111100
플랫슈즈,google,2025-10-26,0,0,원피스,111100
플랫슈즈,google,2025-11-02,0,0,원피스,111100
플랫슈즈,google,2025-11-09,0,0,원피스,111100
플랫슈즈,google,2025-11-16,0,0,원피스,111100
플랫슈즈,google,2025-11-23,0,0,원피스,111100
플랫슈즈,google,2025-11-30,0,0,원피스,111100
플랫슈즈,google,2025-12-07,0,0,원피스,111100
플랫슈즈,google,2025-12-14,0,0,원피스,111100
플랫슈즈,google,2025-12-21,0,0,원피스,111100
플랫슈즈,google,2025-12-28,0,0,원피스,111100
플랫슈즈,google,2026-01-04,0,0,원피스,111100
플랫슈즈,google,2026-01-11,0,0,원피스,111100
플랫슈즈,google,2026-01-18,0,0,원피스,111100
플랫슈즈,google,2026-01-25,0,0,원피스,111100
플랫슈즈,google,2026-02-01,0,0,원피스,111100
플랫슈즈,google,2026-02-08,0,0,원피스,111100
플랫슈즈,google,2026-02-15,0,0,원피스,111100
플랫슈즈,google,2026-02-22,0,0,원피스,111100
플랫슈즈,google,2026-03-01,0,0,원피스,111100
플랫슈즈,google,2026-03-08,0,0,원피스,111100
플랫슈즈,google,2026-03-15,0,0,원피스,111100
플랫슈즈,google,2026-03-22,0,0,원피스,111100
플랫슈즈,google,2026-03-29,0,0,원피스,111100
플랫슈즈,google,2026-04-05,0,0,원피스,111100
플랫슈즈,google,2026-04-12,0,0,원피스,111100
플랫슈즈,google,2026-04-19,0,0,원피스,111100
플랫슈즈,google,2026-04-26,0,0,원피스,111100
플랫슈즈,google,2026-05-03,0,0,원피스,111100
플랫슈즈,google,2026-05-10,0,0,원피스,111100
플랫슈즈,google,2026-05-17,0,0,원피스,111100
플랫슈즈,google,2026-05-24,0,0,원피스,111100
플랫슈즈,google,2026-05-31,0,0,원피스,111100
플랫슈즈,google,2026-06-07,0,0,원피스,111100
플랫슈즈,google,2026-06-14,0,0,원피스,111100
플랫슈즈,google,2026-06-21,0,0,원피스,111100
플랫슈즈,google,2026-06-28,0,0,원피스,111100
플랫슈즈,google,2026-07-05,0,0,원피스,111100
플랫슈즈,google,2026-07-12,0,0,원피스,111100
플랫슈즈,google,2026-07-19,0,0,원피스,111100
플랫슈즈,google,2026-07-26,1,1671,원피스,111100
플랫슈즈,google,2026-08-02,0,0,원피스,111100
플랫슈즈,google,2026-08-09,0,0,원피스,111100
플랫슈즈,google,2026-08-16,0,0,원피스,111100
플랫슈즈,google,2026-08-23,0,0,원피스,111100
플랫슈즈,google,2026-08-30,0,0,원피스,111100
플랫슈즈,google,2026-09-06,0,0,원피스,111100
플랫슈즈,google,2026-09-13,0,0,원피스,111100
힐,google,2025-09-14,17,28413,원피스,111100
힐,google,2025-09-21,35,58498,원피스,111100
힐,google,2025-09-28,29,48470,원피스,111100
힐,google,2025-10-05,26,43456,원피스,111100
힐,google,2025-10-12,21,35099,원피스,111100
힐,google,2025-10-19,20,33427,원피스,111100
힐,google,2025-10-26,20,33427,원피스,111100
힐,google,2025-11-02,20,33427,원피스,111100
힐,google,2025-11-09,19,31756,원피스,111100
힐,google,2025-11-16,20,33427,원피스,111100
힐,google,2025-11-23,18,30084,원피스,111100
힐,google,2025-11-30,18,30084,원피스,111100
힐,google,2025-12-07,18,30084,원피스,111100
힐,google,2025-12-14,19,31756,원피스,111100
힐,google,2025-12-21,19,31756,원피스,111100
힐,google,2025-12-28,18,30084,원피스,111100
힐,google,2026-01-04,18,30084,원피스,111100
힐,google,2026-01-11,21,35099,원피스,111100
힐,google,2026-01-18,20,33427,원피스,111100
힐,google,2026-01-25,18,30084,원피스,111100
힐,google,2026-02-01,18,30084,원피스,111100
힐,google,2026-02-08,100,167138,원피스,111100
힐,google,2026-02-15,22,36770,원피스,111100
힐,google,2026-02-22,21,35099,원피스,111100
힐,google,2026-03-01,19,31756,원피스,111100
힐,google,2026-03-08,20,33427,원피스,111100
힐,google,2026-03-15,21,35099,원피스,111100
힐,google,2026-03-22,21,35099,원피스,111100
힐,google,2026-03-29,20,33427,원피스,111100
힐,google,2026-04-05,19,31756,원피스,111100
힐,google,2026-04-12,19,31756,원피스,111100
힐,google,2026-04-19,19,31756,원피스,111100
힐,google,2026-04-26,18,30084,원피스,111100
힐,google,2026-05-03,20,33427,원피스,111100
힐,google,2026-05-10,20,33427,원피스,111100
힐,google,2026-05-17,17,28413,원피스,111100
힐,google,2026-05-24,18,30084,원피스,111100
힐,google,2026-05-31,19,31756,원피스,111100
힐,google,2026-06-07,17,28413,원피스,111100
힐,google,2026-06-14,16,26742,원피스,111100
힐,google,2026-06-21,20,33427,원피스,111100
힐,google,2026-06-28,19,31756,원피스,111100
힐,google,2026-07-05,19,31756,원피스,111100
힐,google,2026-07-12,17,28413,원피스,111100
힐,google,2026-07-19,17,28413,원피스,111100
힐,google,2026-07-26,16,26742,원피스,111100
힐,google,2026-08-02,16,26742,원피스,111100
힐,google,2026-08-09,16,26742,원피스,111100
힐,google,2026-08-16,17,28413,원피스,111100
힐,google,2026-08-23,16,26742,원피스,111100
힐,google,2026-08-30,17,28413,원피스,111100
힐,google,2026-09-06,18,30084,원피스,111100
힐,google,2026-09-13,20,33427,원피스,111100
발레플랫슈즈,google,2025-09-14,0,0,원피스,111100
발레플랫슈즈,google,2025-09-21,0,0,원피스,111100
발레플랫슈즈,google,2025-09-28,0,0,원피스,111100
발레플랫슈즈,google,2025-10-05,0,0,원피스,111100
발레플랫슈즈,google,2025-10-12,0,0,원피스,111100
발레플랫슈즈,google,2025-10-19,0,0,원피스,111100
발레플랫슈즈,google,2025-10-26,0,0,원피스,111100
발레플랫슈즈,google,2025-11-02,0,0,원피스,111100
발레플랫슈즈,google,2025-11-09,0,0,원피스,111100
발레플랫슈즈,google,2025-11-16,0,0,원피스,111100
발레플랫슈즈,google,2025-11-23,0,0,원피스,111100
발레플랫슈즈,google,2025-11-30,0,0,원피스,111100
발레플랫슈즈,google,2025-12-07,0,0,원피스,111100
발레플랫슈즈,google,2025-12-14,0,0,원피스,111100
발레플랫슈즈,google,2025-12-21,0,0,원피스,111100
발레플랫슈즈,google,2025-12-28,0,0,원피스,111100
발레플랫슈즈,google,2026-01-04,0,0,원피스,111100
발레플랫슈즈,google,2026-01-11,0,0,원피스,111100
발레플랫슈즈,google,2026-01-18,0,0,원피스,111100
발레플랫슈즈,google,2026-01-25,0,0,원피스,111100
발레플랫슈즈,google,2026-02-01,0,0,원피스,111100
발레플랫슈즈,google,2026-02-08,0,0,원피스,111100
발레플랫슈즈,google,2026-02-15,0,0,원피스,111100
발레플랫슈즈,google,2026-02-22,0,0,원피스,111100
발레플랫슈즈,google,2026-03-01,0,0,원피스,111100
발레플랫슈즈,google,2026-03-08,0,0,원피스,111100
발레플랫슈즈,google,2026-03-15,0,0,원피스,111100
발레플랫슈즈,google,2026-03-22,0,0,원피스,111100
발레플랫슈즈,google,2026-03-29,0,0,원피스,111100
발레플랫슈즈,google,2026-04-05,0,0,원피스,111100
발레플랫슈즈,google,2026-04-12,0,0,원피스,111100
발레플랫슈즈,google,2026-04-19,0,0,원피스,111100
발레플랫슈즈,google,2026-04-26,0,0,원피스,111100
발레플랫슈즈,google,2026-05-03,0,0,원피스,111100
발레플랫슈즈,google,2026-05-10,0,0,원피스,111100
발레플랫슈즈,google,2026-05-17,0,0,원피스,111100
발레플랫슈즈,google,2026-05-24,0,0,원피스,111100
발레플랫슈즈,google,2026-05-31,0,0,원피스,111100
발레플랫슈즈,google,2026-06-07,0,0,원피스,111100
발레플랫슈즈,google,2026-06-14,0,0,원피스,111100
발레플랫슈즈,google,2026-06-21,0,0,원피스,111100
발레플랫슈즈,google,2026-06-28,0,0,원피스,111100
발레플랫슈즈,google,2026-07-05,0,0,원피스,111100
발레플랫슈즈,google,2026-07-12,0,0,원피스,111100
발레플랫슈즈,google,2026-07-19,0,0,원피스,111100
발레플랫슈즈,google,2026-07-26,0,0,원피스,111100
발레플랫슈즈,google,2026-08-02,0,0,원피스,111100
발레플랫슈즈,google,2026-08-09,0,0,원피스,111100
발레플랫슈즈,google,2026-08-16,0,0,원피스,111100
발레플랫슈즈,google,2026-08-23,0,0,원피스,111100
발레플랫슈즈,google,2026-08-30,0,0,원피스,111100
발레플랫슈즈,google,2026-09-06,0,0,원피스,111100
발레플랫슈즈,google,2026-09-13,0,0,원피스,111100
가방,google,2025-09-14,28,46798,원피스,111100
가방,google,2025-09-21,26,43456,원피스,111100
가방,google,2025-09-28,29,48470,원피스,111100
가방,google,2025-10-05,29,48470,원피스,111100
가방,google,2025-10-12,26,43456,원피스,111100
가방,google,2025-10-19,27,45127,원피스,111100
가방,google,2025-10-26,28,46798,원피스,111100
가방,google,2025-11-02,30,50141,원피스,111100
가방,google,2025-11-09,28,46798,원피스,111100
가방,google,2025-11-16,28,46798,원피스,111100
가방,google,2025-11-23,28,46798,원피스,111100
가방,google,2025-11-30,27,45127,원피스,111100
가방,google,2025-12-07,27,45127,원피스,111100
가방,google,2025-12-14,29,48470,원피스,111100
가방,google,2025-12-21,32,53484,원피스,111100
가방,google,2025-12-28,30,50141,원피스,111100
가방,google,2026-01-04,29,48470,원피스,111100
가방,google,2026-01-11,28,46798,원피스,111100
가방,google,2026-01-18,31,51813,원피스,111100
가방,google,2026-01-25,31,51813,원피스,111100
가방,google,2026-02-01,28,46798,원피스,111100
가방,google,2026-02-08,27,45127,원피스,111100
가방,google,2026-02-15,30,50141,원피스,111100
가방,google,2026-02-22,36,60169,원피스,111100
가방,google,2026-03-01,32,53484,원피스,111100
가방,google,2026-03-08,28,46798,원피스,111100
가방,google,2026-03-15,27,45127,원피스,111100
가방,google,2026-03-22,29,48470,원피스,111100
가방,google,2026-03-29,28,46798,원피스,111100
가방,google,2026-04-05,26,43456,원피스,111100
가방,google,2026-04-12,26,43456,원피스,111100
가방,google,2026-04-19,26,43456,원피스,111100
가방,google,2026-04-26,26,43456,원피스,111100
가방,google,2026-05-03,33,55155,원피스,111100
가방,google,2026-05-10,28,46798,원피스,111100
가방,google,2026-05-17,24,40113,원피스,111100
가방,google,2026-05-24,26,43456,원피스,111100
가방,google,2026-05-31,26,43456,원피스,111100
가방,google,2026-06-07,26,43456,원피스,111100
가방,google,2026-06-14,25,41784,원피스,111100
가방,google,2026-06-21,24,40113,원피스,111100
가방,google,2026-06-28,26,43456,원피스,111100
가방,google,2026-07-05,30,50141,원피스,111100
가방,google,2026-07-12,25,41784,원피스,111100
가방,google,2026-07-19,28,46798,원피스,111100
가방,google,2026-07-26,26,43456,원피스,111100
가방,google,2026-08-02,26,43456,원피스,111100
가방,google,2026-08-09,23,38441,원피스,111100
가방,google,2026-08-16,31,51813,원피스,111100
가방,google,2026-08-23,50,83569,원피스,111100
가방,google,2026-08-30,30,50141,원피스,111100
가방,google,2026-09-06,29,48470,원피스,111100
가방,google,2026-09-13,29,48470,원피스,111100
바스켓백,google,2025-09-14,0,0,원피스,111100
바스켓백,google,2025-09-21,0,0,원피스,111100
바스켓백,google,2025-09-28,0,0,원피스,111100
바스켓백,google,2025-10-05,0,0,원피스,111100
바스켓백,google,2025-10-12,0,0,원피스,111100
바스켓백,google,2025-10-19,0,0,원피스,111100
바스켓백,google,2025-10-26,0,0,원피스,111100
바스켓백,google,2025-11-02,0,0,원피스,111100
바스켓백,google,2025-11-09,0,0,원피스,111100
바스켓백,google,2025-11-16,0,0,원피스,111100
바스켓백,google,2025-11-23,0,0,원피스,111100
바스켓백,google,2025-11-30,0,0,원피스,111100
바스켓백,google,2025-12-07,0,0,원피스,111100
바스켓백,google,2025-12-14,0,0,원피스,111100
바스켓백,google,2025-12-21,0,0,원피스,111100
바스켓백,google,2025-12-28,0,0,원피스,111100
바스켓백,google,2026-01-04,0,0,원피스,111100
바스켓백,google,2026-01-11,0,0,원피스,111100
바스켓백,google,2026-01-18,0,0,원피스,111100
바스켓백,google,2026-01-25,0,0,원피스,111100
바스켓백,google,2026-02-01,0,0,원피스,111100
바스켓백,google,2026-02-08,0,0,원피스,111100
바스켓백,google,2026-02-15,0,0,원피스,111100
바스켓백,google,2026-02-22,0,0,원피스,111100
바스켓백,google,2026-03-01,0,0,원피스,111100
바스켓백,google,2026-03-08,0,0,원피스,111100
바스켓백,google,2026-03-15,0,0,원피스,111100
바스켓백,google,2026-03-22,0,0,원피스,111100
바스켓백,google,2026-03-29,0,0,원피스,111100
바스켓백,google,2026-04-05,0,0,원피스,111100
바스켓백,google,2026-04-12,0,0,원피스,111100
바스켓백,google,2026-04-19,0,0,원피스,111100
바스켓백,google,2026-04-26,0,0,원피스,111100
바스켓백,google,2026-05-03,0,0,원피스,111100
바스켓백,google,2026-05-10,0,0,원피스,111100
바스켓백,google,2026-05-17,0,0,원피스,111100
바스켓백,google,2026-05-24,0,0,원피스,111100
바스켓백,google,2026-05-31,0,0,원피스,111100
바스켓백,google,2026-06-07,0,0,원피스,111100
바스켓백,google,2026-06-14,0,0,원피스,111100
바스켓백,google,2026-06-21,0,0,원피스,111100
바스켓백,google,2026-06-28,0,0,원피스,111100
바스켓백,google,2026-07-05,0,0,원피스,111100
바스켓백,google,2026-07-12,0,0,원피스,111100
바스켓백,google,2026-07-19,0,0,원피스,111100
바스켓백,google,2026-07-26,0,0,원피스,111100
바스켓백,google,2026-08-02,0,0,원피스,111100
바스켓백,google,2026-08-09,0,0,원피스,111100
바스켓백,google,2026-08-16,0,0,원피스,111100
바스켓백,google,2026-08-23,0,0,원피스,111100
바스켓백,google,2026-08-30,0,0,원피스,111100
바스켓백,google,2026-09-06,0,0,원피스,111100
바스켓백,google,2026-09-13,0,0,원피스,111100
백팩,google,2025-09-14,79,132039,원피스,111100
백팩,google,2025-09-21,75,125354,원피스,111100
백팩,google,2025-09-28,74,123682,원피스,111100
백팩,google,2025-10-05,80,133711,원피스,111100
백팩,google,2025-10-12,72,120339,원피스,111100
백팩,google,2025-10-19,67,111982,원피스,111100
백팩,google,2025-10-26,70,116997,원피스,111100
백팩,google,2025-11-02,67,111982,원피스,111100
백팩,google,2025-11-09,69,115325,원피스,111100
백팩,google,2025-11-16,69,115325,원피스,111100
백팩,google,2025-11-23,68,113654,원피스,111100
백팩,google,2025-11-30,68,113654,원피스,111100
백팩,google,2025-12-07,72,120339,원피스,111100
백팩,google,2025-12-14,79,132039,원피스,111100
백팩,google,2025-12-21,69,115325,원피스,111100
백팩,google,2025-12-28,80,133711,원피스,111100
백팩,google,2026-01-04,92,153767,원피스,111100
백팩,google,2026-01-11,83,138725,원피스,111100
백팩,google,2026-01-18,88,147082,원피스,111100
백팩,google,2026-01-25,88,147082,원피스,111100
백팩,google,2026-02-01,88,147082,원피스,111100
백팩,google,2026-02-08,92,153767,원피스,111100
백팩,google,2026-02-15,100,167138,원피스,111100
백팩,google,2026-02-22,95,158781,원피스,111100
백팩,google,2026-03-01,92,153767,원피스,111100
백팩,google,2026-03-08,81,135382,원피스,111100
백팩,google,2026-03-15,74,123682,원피스,111100
백팩,google,2026-03-22,78,130368,원피스,111100
백팩,google,2026-03-29,70,116997,원피스,111100
백팩,google,2026-04-05,66,110311,원피스,111100
백팩,google,2026-04-12,74,123682,원피스,111100
백팩,google,2026-04-19,67,111982,원피스,111100
백팩,google,2026-04-26,67,111982,원피스,111100
백팩,google,2026-05-03,72,120339,원피스,111100
백팩,google,2026-05-10,66,110311,원피스,111100
백팩,google,2026-05-17,70,116997,원피스,111100
백팩,google,2026-05-24,70,116997,원피스,111100
백팩,google,2026-05-31,65,108640,원피스,111100
백팩,google,2026-06-07,68,113654,원피스,111100
백팩,google,2026-06-14,69,115325,원피스,111100
백팩,google,2026-06-21,66,110311,원피스,111100
백팩,google,2026-06-28,68,113654,원피스,111100
백팩,google,2026-07-05,70,116997,원피스,111100
백팩,google,2026-07-12,65,108640,원피스,111100
백팩,google,2026-07-19,75,125354,원피스,111100
백팩,google,2026-07-26,64,106968,원피스,111100
백팩,google,2026-08-02,66,110311,원피스,111100
백팩,google,2026-08-09,61,101954,원피스,111100
백팩,google,2026-08-16,72,120339,원피스,111100
백팩,google,2026-08-23,76,127025,원피스,111100
백팩,google,2026-08-30,69,115325,원피스,111100
백팩,google,2026-09-06,69,115325,원피스,111100
백팩,google,2026-09-13,80,133711,원피스,111100
브리프케이스,google,2025-09-14,3,5014,원피스,111100
브리프케이스,google,2025-09-21,3,5014,원피스,111100
브리프케이스,google,2025-09-28,0,0,원피스,111100
브리프케이스,google,2025-10-05,0,0,원피스,111100
브리프케이스,google,2025-10-12,0,0,원피스,111100
브리프케이스,google,2025-10-19,0,0,원피스,111100
브리프케이스,google,2025-10-26,0,0,원피스,111100
브리프케이스,google,2025-11-02,0,0,원피스,111100
브리프케이스,google,2025-11-09,4,6685,원피스,111100
브리프케이스,google,2025-11-16,0,0,원피스,111100
브리프케이스,google,2025-11-23,0,0,원피스,111100
브리프케이스,google,2025-11-30,0,0,원피스,111100
브리프케이스,google,2025-12-07,0,0,원피스,111100
브리프케이스,google,2025-12-14,0,0,원피스,111100
브리프케이스,google,2025-12-21,0,0,원피스,111100
브리프케이스,google,2025-12-28,4,6685,원피스,111100
브리프케이스,google,2026-01-04,3,5014,원피스,111100
브리프케이스,google,2026-01-11,3,5014,원피스,111100
브리프케이스,google,2026-01-18,0,0,원피스,111100
브리프케이스,google,2026-01-25,3,5014,원피스,111100
브리프케이스,google,2026-02-01,0,0,원피스,111100
브리프케이스,google,2026-02-08,3,5014,원피스,111100
브리프케이스,google,2026-02-15,4,6685,원피스,111100
브리프케이스,google,2026-02-22,0,0,원피스,111100
브리프케이스,google,2026-03-01,3,5014,원피스,111100
브리프케이스,google,2026-03-08,0,0,원피스,111100
브리프케이스,google,2026-03-15,3,5014,원피스,111100
브리프케이스,google,2026-03-22,0,0,원피스,111100
브리프케이스,google,2026-03-29,0,0,원피스,111100
브리프케이스,google,2026-04-05,3,5014,원피스,111100
브리프케이스,google,2026-04-12,0,0,원피스,111100
브리프케이스,google,2026-04-19,0,0,원피스,111100
브리프케이스,google,2026-04-26,3,5014,원피스,111100
브리프케이스,google,2026-05-03,0,0,원피스,111100
브리프케이스,google,2026-05-10,0,0,원피스,111100
브리프케이스,google,2026-05-17,0,0,원피스,111100
브리프케이스,google,2026-05-24,0,0,원피스,111100
브리프케이스,google,2026-05-31,0,0,원피스,111100
브리프케이스,google,2026-06-07,3,5014,원피스,111100
브리프케이스,google,2026-06-14,0,0,원피스,111100
브리프케이스,google,2026-06-21,0,0,원피스,111100
브리프케이스,google,2026-06-28,2,3342,원피스,111100
브리프케이스,google,2026-07-05,2,3342,원피스,111100
브리프케이스,google,2026-07-12,3,5014,원피스,111100
브리프케이스,google,2026-07-19,3,5014,원피스,111100
브리프케이스,google,2026-07-26,2,3342,원피스,111100
브리프케이스,google,2026-08-02,3,5014,원피스,111100
브리프케이스,google,2026-08-09,0,0,원피스,111100
브리프케이스,google,2026-08-16,3,5014,원피스,111100
브리프케이스,google,2026-08-23,2,3342,원피스,111100
브리프케이스,google,2026-08-30,2,3342,원피스,111100
브리프케이스,google,2026-09-06,2,3342,원피스,111100
브리프케이스,google,2026-09-13,3,5014,원피스,111100
숄더백,google,2025-09-14,12,20056,원피스,111100
숄더백,google,2025-09-21,14,23399,원피스,111100
숄더백,google,2025-09-28,16,26742,원피스,111100
숄더백,google,2025-10-05,18,30084,원피스,111100
숄더백,google,2025-10-12,14,23399,원피스,111100
숄더백,google,2025-10-19,15,25070,원피스,111100
숄더백,google,2025-10-26,13,21728,원피스,111100
숄더백,google,2025-11-02,16,26742,원피스,111100
숄더백,google,2025-11-09,15,25070,원피스,111100
숄더백,google,2025-11-16,12,20056,원피스,111100
숄더백,google,2025-11-23,12,20056,원피스,111100
숄더백,google,2025-11-30,14,23399,원피스,111100
숄더백,google,2025-12-07,15,25070,원피스,111100
숄더백,google,2025-12-14,15,25070,원피스,111100
숄더백,google,2025-12-21,15,25070,원피스,111100
숄더백,google,2025-12-28,14,23399,원피스,111100
숄더백,google,2026-01-04,17,28413,원피스,111100
숄더백,google,2026-01-11,16,26742,원피스,111100
숄더백,google,2026-01-18,13,21728,원피스,111100
숄더백,google,2026-01-25,15,25070,원피스,111100
숄더백,google,2026-02-01,15,25070,원피스,111100
숄더백,google,2026-02-08,17,28413,원피스,111100
숄더백,google,2026-02-15,15,25070,원피스,111100
숄더백,google,2026-02-22,21,35099,원피스,111100
숄더백,google,2026-03-01,22,36770,원피스,111100
숄더백,google,2026-03-08,21,35099,원피스,111100
숄더백,google,2026-03-15,19,31756,원피스,111100
숄더백,google,2026-03-22,22,36770,원피스,111100
숄더백,google,2026-03-29,16,26742,원피스,111100
숄더백,google,2026-04-05,16,26742,원피스,111100
숄더백,google,2026-04-12,13,21728,원피스,111100
숄더백,google,2026-04-19,14,23399,원피스,111100
숄더백,google,2026-04-26,13,21728,원피스,111100
숄더백,google,2026-05-03,16,26742,원피스,111100
숄더백,google,2026-05-10,17,28413,원피스,111100
숄더백,google,2026-05-17,13,21728,원피스,111100
숄더백,google,2026-05-24,15,25070,원피스,111100
숄더백,google,2026-05-31,16,26742,원피스,111100
숄더백,google,2026-06-07,15,25070,원피스,111100
숄더백,google,2026-06-14,14,23399,원피스,111100
숄더백,google,2026-06-21,14,23399,원피스,111100
숄더백,google,2026-06-28,15,25070,원피스,111100
숄더백,google,2026-07-05,16,26742,원피스,111100
숄더백,google,2026-07-12,18,30084,원피스,111100
숄더백,google,2026-07-19,17,28413,원피스,111100
숄더백,google,2026-07-26,13,21728,원피스,111100
숄더백,google,2026-08-02,20,33427,원피스,111100
숄더백,google,2026-08-09,16,26742,원피스,111100
숄더백,google,2026-08-16,15,25070,원피스,111100
숄더백,google,2026-08-23,18,30084,원피스,111100
숄더백,google,2026-08-30,13,21728,원피스,111100
숄더백,google,2026-09-06,16,26742,원피스,111100
숄더백,google,2026-09-13,20,33427,원피스,111100
유틸리티백,google,2025-09-14,0,0,원피스,111100
유틸리티백,google,2025-09-21,0,0,원피스,111100
유틸리티백,google,2025-09-28,0,0,원피스,111100
유틸리티백,google,2025-10-05,0,0,원피스,111100
유틸리티백,google,2025-10-12,0,0,원피스,111100
유틸리티백,google,2025-10-19,0,0,원피스,111100
유틸리티백,google,2025-10-26,0,0,원피스,111100
유틸리티백,google,2025-11-02,0,0,원피스,111100
유틸리티백,google,2025-11-09,0,0,원피스,111100
유틸리티백,google,2025-11-16,0,0,원피스,111100
유틸리티백,google,2025-11-23,0,0,원피스,111100
유틸리티백,google,2025-11-30,0,0,원피스,111100
유틸리티백,google,2025-12-07,0,0,원피스,111100
유틸리티백,google,2025-12-14,0,0,원피스,111100
유틸리티백,google,2025-12-21,0,0,원피스,111100
유틸리티백,google,2025-12-28,0,0,원피스,111100
유틸리티백,google,2026-01-04,0,0,원피스,111100
유틸리티백,google,2026-01-11,0,0,원피스,111100
유틸리티백,google,2026-01-18,0,0,원피스,111100
유틸리티백,google,2026-01-25,3,5014,원피스,111100
유틸리티백,google,2026-02-01,0,0,원피스,111100
유틸리티백,google,2026-02-08,0,0,원피스,111100
유틸리티백,google,2026-02-15,0,0,원피스,111100
유틸리티백,google,2026-02-22,0,0,원피스,111100
유틸리티백,google,2026-03-01,0,0,원피스,111100
유틸리티백,google,2026-03-08,0,0,원피스,111100
유틸리티백,google,2026-03-15,0,0,원피스,111100
유틸리티백,google,2026-03-22,0,0,원피스,111100
유틸리티백,google,2026-03-29,0,0,원피스,111100
유틸리티백,google,2026-04-05,0,0,원피스,111100
유틸리티백,google,2026-04-12,0,0,원피스,111100
유틸리티백,google,2026-04-19,0,0,원피스,111100
유틸리티백,google,2026-04-26,0,0,원피스,111100
유틸리티백,google,2026-05-03,0,0,원피스,111100
유틸리티백,google,2026-05-10,0,0,원피스,111100
유틸리티백,google,2026-05-17,0,0,원피스,111100
유틸리티백,google,2026-05-24,0,0,원피스,111100
유틸리티백,google,2026-05-31,0,0,원피스,111100
유틸리티백,google,2026-06-07,0,0,원피스,111100
유틸리티백,google,2026-06-14,0,0,원피스,111100
유틸리티백,google,2026-06-21,0,0,원피스,111100
유틸리티백,google,2026-06-28,0,0,원피스,111100
유틸리티백,google,2026-07-05,0,0,원피스,111100
유틸리티백,google,2026-07-12,0,0,원피스,111100
유틸리티백,google,2026-07-19,0,0,원피스,111100
유틸리티백,google,2026-07-26,0,0,원피스,111100
유틸리티백,google,2026-08-02,0,0,원피스,111100
유틸리티백,google,2026-08-09,0,0,원피스,111100
유틸리티백,google,2026-08-16,0,0,원피스,111100
유틸리티백,google,2026-08-23,0,0,원피스,111100
유틸리티백,google,2026-08-30,0,0,원피스,111100
유틸리티백,google,2026-09-06,0,0,원피스,111100
유틸리티백,google,2026-09-13,0,0,원피스,111100
크로스백,google,2025-09-14,39,65184,원피스,111100
크로스백,google,2025-09-21,37,61841,원피스,111100
크로스백,google,2025-09-28,38,63512,원피스,111100
크로스백,google,2025-10-05,47,78555,원피스,111100
크로스백,google,2025-10-12,36,60169,원피스,111100
크로스백,google,2025-10-19,33,55155,원피스,111100
크로스백,google,2025-10-26,29,48470,원피스,111100
크로스백,google,2025-11-02,36,60169,원피스,111100
크로스백,google,2025-11-09,39,65184,원피스,111100
크로스백,google,2025-11-16,37,61841,원피스,111100
크로스백,google,2025-11-23,43,71869,원피스,111100
크로스백,google,2025-11-30,36,60169,원피스,111100
크로스백,google,2025-12-07,35,58498,원피스,111100
크로스백,google,2025-12-14,43,71869,원피스,111100
크로스백,google,2025-12-21,47,78555,원피스,111100
크로스백,google,2025-12-28,40,66855,원피스,111100
크로스백,google,2026-01-04,48,80226,원피스,111100
크로스백,google,2026-01-11,36,60169,원피스,111100
크로스백,google,2026-01-18,46,76883,원피스,111100
크로스백,google,2026-01-25,46,76883,원피스,111100
크로스백,google,2026-02-01,50,83569,원피스,111100
크로스백,google,2026-02-08,41,68526,원피스,111100
크로스백,google,2026-02-15,39,65184,원피스,111100
크로스백,google,2026-02-22,40,66855,원피스,111100
크로스백,google,2026-03-01,42,70198,원피스,111100
크로스백,google,2026-03-08,33,55155,원피스,111100
크로스백,google,2026-03-15,38,63512,원피스,111100
크로스백,google,2026-03-22,43,71869,원피스,111100
크로스백,google,2026-03-29,41,68526,원피스,111100
크로스백,google,2026-04-05,30,50141,원피스,111100
크로스백,google,2026-04-12,33,55155,원피스,111100
크로스백,google,2026-04-19,30,50141,원피스,111100
크로스백,google,2026-04-26,35,58498,원피스,111100
크로스백,google,2026-05-03,38,63512,원피스,111100
크로스백,google,2026-05-10,39,65184,원피스,111100
크로스백,google,2026-05-17,38,63512,원피스,111100
크로스백,google,2026-05-24,37,61841,원피스,111100
크로스백,google,2026-05-31,41,68526,원피스,111100
크로스백,google,2026-06-07,35,58498,원피스,111100
크로스백,google,2026-06-14,32,53484,원피스,111100
크로스백,google,2026-06-21,35,58498,원피스,111100
크로스백,google,2026-06-28,38,63512,원피스,111100
크로스백,google,2026-07-05,41,68526,원피스,111100
크로스백,google,2026-07-12,37,61841,원피스,111100
크로스백,google,2026-07-19,41,68526,원피스,111100
크로스백,google,2026-07-26,33,55155,원피스,111100
크로스백,google,2026-08-02,35,58498,원피스,111100
크로스백,google,2026-08-09,30,50141,원피스,111100
크로스백,google,2026-08-16,35,58498,원피스,111100
크로스백,google,2026-08-23,33,55155,원피스,111100
크로스백,google,2026-08-30,32,53484,원피스,111100
크로스백,google,2026-09-06,33,55155,원피스,111100
크로스백,google,2026-09-13,41,68526,원피스,111100
토트백,google,2025-09-14,20,33427,원피스,111100
토트백,google,2025-09-21,18,30084,원피스,111100
토트백,google,2025-09-28,21,35099,원피스,111100
토트백,google,2025-10-05,29,48470,원피스,111100
토트백,google,2025-10-12,22,36770,원피스,111100
토트백,google,2025-10-19,24,40113,원피스,111100
토트백,google,2025-10-26,17,28413,원피스,111100
토트백,google,2025-11-02,28,46798,원피스,111100
토트백,google,2025-11-09,23,38441,원피스,111100
토트백,google,2025-11-16,19,31756,원피스,111100
토트백,google,2025-11-23,20,33427,원피스,111100
토트백,google,2025-11-30,22,36770,원피스,111100
토트백,google,2025-12-07,20,33427,원피스,111100
토트백,google,2025-12-14,22,36770,원피스,111100
토트백,google,2025-12-21,26,43456,원피스,111100
토트백,google,2025-12-28,27,45127,원피스,111100
토트백,google,2026-01-04,25,41784,원피스,111100
토트백,google,2026-01-11,25,41784,원피스,111100
토트백,google,2026-01-18,27,45127,원피스,111100
토트백,google,2026-01-25,28,46798,원피스,111100
토트백,google,2026-02-01,26,43456,원피스,111100
토트백,google,2026-02-08,25,41784,원피스,111100
토트백,google,2026-02-15,33,55155,원피스,111100
토트백,google,2026-02-22,28,46798,원피스,111100
토트백,google,2026-03-01,33,55155,원피스,111100
토트백,google,2026-03-08,34,56827,원피스,111100
토트백,google,2026-03-15,36,60169,원피스,111100
토트백,google,2026-03-22,25,41784,원피스,111100
토트백,google,2026-03-29,27,45127,원피스,111100
토트백,google,2026-04-05,26,43456,원피스,111100
토트백,google,2026-04-12,19,31756,원피스,111100
토트백,google,2026-04-19,27,45127,원피스,111100
토트백,google,2026-04-26,21,35099,원피스,111100
토트백,google,2026-05-03,23,38441,원피스,111100
토트백,google,2026-05-10,27,45127,원피스,111100
토트백,google,2026-05-17,18,30084,원피스,111100
토트백,google,2026-05-24,27,45127,원피스,111100
토트백,google,2026-05-31,27,45127,원피스,111100
토트백,google,2026-06-07,25,41784,원피스,111100
토트백,google,2026-06-14,27,45127,원피스,111100
토트백,google,2026-06-21,28,46798,원피스,111100
토트백,google,2026-06-28,27,45127,원피스,111100
토트백,google,2026-07-05,27,45127,원피스,111100
토트백,google,2026-07-12,27,45127,원피스,111100
토트백,google,2026-07-19,100,167138,원피스,111100
토트백,google,2026-07-26,22,36770,원피스,111100
토트백,google,2026-08-02,23,38441,원피스,111100
토트백,google,2026-08-09,75,125354,원피스,111100
토트백,google,2026-08-16,29,48470,원피스,111100
토트백,google,2026-08-23,27,45127,원피스,111100
토트백,google,2026-08-30,25,41784,원피스,111100
토트백,google,2026-09-06,26,43456,원피스,111100
토트백,google,2026-09-13,29,48470,원피스,111100
넥타이,google,2025-09-14,49,81898,원피스,111100
넥타이,google,2025-09-21,46,76883,원피스,111100
넥타이,google,2025-09-28,50,83569,원피스,111100
넥타이,google,2025-10-05,41,68526,원피스,111100
넥타이,google,2025-10-12,55,91926,원피스,111100
넥타이,google,2025-10-19,54,90254,원피스,111100
넥타이,google,2025-10-26,61,101954,원피스,111100
넥타이,google,2025-11-02,52,86912,원피스,111100
넥타이,google,2025-11-09,48,80226,원피스,111100
넥타이,google,2025-11-16,50,83569,원피스,111100
넥타이,google,2025-11-23,50,83569,원피스,111100
넥타이,google,2025-11-30,51,85240,원피스,111100
넥타이,google,2025-12-07,50,83569,원피스,111100
넥타이,google,2025-12-14,50,83569,원피스,111100
넥타이,google,2025-12-21,47,78555,원피스,111100
넥타이,google,2025-12-28,46,76883,원피스,111100
넥타이,google,2026-01-04,51,85240,원피스,111100
넥타이,google,2026-01-11,51,85240,원피스,111100
넥타이,google,2026-01-18,41,68526,원피스,111100
넥타이,google,2026-01-25,46,76883,원피스,111100
넥타이,google,2026-02-01,46,76883,원피스,111100
넥타이,google,2026-02-08,38,63512,원피스,111100
넥타이,google,2026-02-15,45,75212,원피스,111100
넥타이,google,2026-02-22,47,78555,원피스,111100
넥타이,google,2026-03-01,50,83569,원피스,111100
넥타이,google,2026-03-08,51,85240,원피스,111100
넥타이,google,2026-03-15,57,95269,원피스,111100
넥타이,google,2026-03-22,48,80226,원피스,111100
넥타이,google,2026-03-29,47,78555,원피스,111100
넥타이,google,2026-04-05,44,73541,원피스,111100
넥타이,google,2026-04-12,44,73541,원피스,111100
넥타이,google,2026-04-19,48,80226,원피스,111100
넥타이,google,2026-04-26,43,71869,원피스,111100
넥타이,google,2026-05-03,46,76883,원피스,111100
넥타이,google,2026-05-10,43,71869,원피스,111100
넥타이,google,2026-05-17,40,66855,원피스,111100
넥타이,google,2026-05-24,37,61841,원피스,111100
넥타이,google,2026-05-31,33,55155,원피스,111100
넥타이,google,2026-06-07,34,56827,원피스,111100
넥타이,google,2026-06-14,29,48470,원피스,111100
넥타이,google,2026-06-21,31,51813,원피스,111100
넥타이,google,2026-06-28,32,53484,원피스,111100
넥타이,google,2026-07-05,32,53484,원피스,111100
넥타이,google,2026-07-12,36,60169,원피스,111100
넥타이,google,2026-07-19,35,58498,원피스,111100
넥타이,google,2026-07-26,23,38441,원피스,111100
넥타이,google,2026-08-02,30,50141,원피스,111100
넥타이,google,2026-08-09,27,45127,원피스,111100
넥타이,google,2026-08-16,29,48470,원피스,111100
넥타이,google,2026-08-23,35,58498,원피스,111100
넥타이,google,2026-08-30,31,51813,원피스,111100
넥타이,google,2026-09-06,41,68526,원피스,111100
넥타이,google,2026-09-13,43,71869,원피스,111100
레그워머,google,2025-09-14,4,6685,원피스,111100
레그워머,google,2025-09-21,0,0,원피스,111100
레그워머,google,2025-09-28,0,0,원피스,111100
레그워머,google,2025-10-05,0,0,원피스,111100
레그워머,google,2025-10-12,0,0,원피스,111100
레그워머,google,2025-10-19,0,0,원피스,111100
레그워머,google,2025-10-26,4,6685,원피스,111100
레그워머,google,2025-11-02,6,10028,원피스,111100
레그워머,google,2025-11-09,7,11699,원피스,111100
레그워머,google,2025-11-16,6,10028,원피스,111100
레그워머,google,2025-11-23,5,8356,원피스,111100
레그워머,google,2025-11-30,7,11699,원피스,111100
레그워머,google,2025-12-07,7,11699,원피스,111100
레그워머,google,2025-12-14,10,16713,원피스,111100
레그워머,google,2025-12-21,8,13371,원피스,111100
레그워머,google,2025-12-28,13,21728,원피스,111100
레그워머,google,2026-01-04,7,11699,원피스,111100
레그워머,google,2026-01-11,0,0,원피스,111100
레그워머,google,2026-01-18,7,11699,원피스,111100
레그워머,google,2026-01-25,6,10028,원피스,111100
레그워머,google,2026-02-01,4,6685,원피스,111100
레그워머,google,2026-02-08,6,10028,원피스,111100
레그워머,google,2026-02-15,0,0,원피스,111100
레그워머,google,2026-02-22,3,5014,원피스,111100
레그워머,google,2026-03-01,0,0,원피스,111100
레그워머,google,2026-03-08,0,0,원피스,111100
레그워머,google,2026-03-15,0,0,원피스,111100
레그워머,google,2026-03-22,0,0,원피스,111100
레그워머,google,2026-03-29,0,0,원피스,111100
레그워머,google,2026-04-05,0,0,원피스,111100
레그워머,google,2026-04-12,0,0,원피스,111100
레그워머,google,2026-04-19,0,0,원피스,111100
레그워머,google,2026-04-26,0,0,원피스,111100
레그워머,google,2026-05-03,0,0,원피스,111100
레그워머,google,2026-05-10,0,0,원피스,111100
레그워머,google,2026-05-17,0,0,원피스,111100
레그워머,google,2026-05-24,0,0,원피스,111100
레그워머,google,2026-05-31,0,0,원피스,111100
레그워머,google,2026-06-07,0,0,원피스,111100
레그워머,google,2026-06-14,0,0,원피스,111100
레그워머,google,2026-06-21,0,0,원피스,111100
레그워머,google,2026-06-28,0,0,원피스,111100
레그워머,google,2026-07-05,0,0,원피스,111100
레그워머,google,2026-07-12,0,0,원피스,111100
레그워머,google,2026-07-19,0,0,원피스,111100
레그워머,google,2026-07-26,0,0,원피스,111100
레그워머,google,2026-08-02,0,0,원피스,111100
레그워머,google,2026-08-09,0,0,원피스,111100
레그워머,google,2026-08-16,0,0,원피스,111100
레그워머,google,2026-08-23,0,0,원피스,111100
레그워머,google,2026-08-30,1,1671,원피스,111100
레그워머,google,2026-09-06,2,3342,원피스,111100
레그워머,google,2026-09-13,2,3342,원피스,111100
머플러,google,2025-09-14,21,35099,원피스,111100
머플러,google,2025-09-21,29,48470,원피스,111100
머플러,google,2025-09-28,27,45127,원피스,111100
머플러,google,2025-10-05,24,40113,원피스,111100
머플러,google,2025-10-12,33,55155,원피스,111100
머플러,google,2025-10-19,36,60169,원피스,111100
머플러,google,2025-10-26,53,88583,원피스,111100
머플러,google,2025-11-02,55,91926,원피스,111100
머플러,google,2025-11-09,59,98611,원피스,111100
머플러,google,2025-11-16,80,133711,원피스,111100
머플러,google,2025-11-23,69,115325,원피스,111100
머플러,google,2025-11-30,85,142067,원피스,111100
머플러,google,2025-12-07,89,148753,원피스,111100
머플러,google,2025-12-14,83,138725,원피스,111100
머플러,google,2025-12-21,84,140396,원피스,111100
머플러,google,2025-12-28,62,103626,원피스,111100
머플러,google,2026-01-04,55,91926,원피스,111100
머플러,google,2026-01-11,53,88583,원피스,111100
머플러,google,2026-01-18,61,101954,원피스,111100
머플러,google,2026-01-25,57,95269,원피스,111100
머플러,google,2026-02-01,37,61841,원피스,111100
머플러,google,2026-02-08,40,66855,원피스,111100
머플러,google,2026-02-15,23,38441,원피스,111100
머플러,google,2026-02-22,25,41784,원피스,111100
머플러,google,2026-03-01,22,36770,원피스,111100
머플러,google,2026-03-08,26,43456,원피스,111100
머플러,google,2026-03-15,21,35099,원피스,111100
머플러,google,2026-03-22,24,40113,원피스,111100
머플러,google,2026-03-29,21,35099,원피스,111100
머플러,google,2026-04-05,20,33427,원피스,111100
머플러,google,2026-04-12,18,30084,원피스,111100
머플러,google,2026-04-19,14,23399,원피스,111100
머플러,google,2026-04-26,19,31756,원피스,111100
머플러,google,2026-05-03,23,38441,원피스,111100
머플러,google,2026-05-10,21,35099,원피스,111100
머플러,google,2026-05-17,17,28413,원피스,111100
머플러,google,2026-05-24,17,28413,원피스,111100
머플러,google,2026-05-31,17,28413,원피스,111100
머플러,google,2026-06-07,19,31756,원피스,111100
머플러,google,2026-06-14,14,23399,원피스,111100
머플러,google,2026-06-21,17,28413,원피스,111100
머플러,google,2026-06-28,15,25070,원피스,111100
머플러,google,2026-07-05,15,25070,원피스,111100
머플러,google,2026-07-12,16,26742,원피스,111100
머플러,google,2026-07-19,18,30084,원피스,111100
머플러,google,2026-07-26,16,26742,원피스,111100
머플러,google,2026-08-02,14,23399,원피스,111100
머플러,google,2026-08-09,17,28413,원피스,111100
머플러,google,2026-08-16,21,35099,원피스,111100
머플러,google,2026-08-23,21,35099,원피스,111100
머플러,google,2026-08-30,15,25070,원피스,111100
머플러,google,2026-09-06,22,36770,원피스,111100
머플러,google,2026-09-13,25,41784,원피스,111100
모자,google,2025-09-14,56,93597,원피스,111100
모자,google,2025-09-21,57,95269,원피스,111100
모자,google,2025-09-28,56,93597,원피스,111100
모자,google,2025-10-05,59,98611,원피스,111100
모자,google,2025-10-12,57,95269,원피스,111100
모자,google,2025-10-19,59,98611,원피스,111100
모자,google,2025-10-26,61,101954,원피스,111100
모자,google,2025-11-02,55,91926,원피스,111100
모자,google,2025-11-09,56,93597,원피스,111100
모자,google,2025-11-16,64,106968,원피스,111100
모자,google,2025-11-23,57,95269,원피스,111100
모자,google,2025-11-30,57,95269,원피스,111100
모자,google,2025-12-07,54,90254,원피스,111100
모자,google,2025-12-14,54,90254,원피스,111100
모자,google,2025-12-21,65,108640,원피스,111100
모자,google,2025-12-28,55,91926,원피스,111100
모자,google,2026-01-04,56,93597,원피스,111100
모자,google,2026-01-11,51,85240,원피스,111100
모자,google,2026-01-18,52,86912,원피스,111100
모자,google,2026-01-25,50,83569,원피스,111100
모자,google,2026-02-01,48,80226,원피스,111100
모자,google,2026-02-08,45,75212,원피스,111100
모자,google,2026-02-15,45,75212,원피스,111100
모자,google,2026-02-22,50,83569,원피스,111100
모자,google,2026-03-01,50,83569,원피스,111100
모자,google,2026-03-08,49,81898,원피스,111100
모자,google,2026-03-15,50,83569,원피스,111100
모자,google,2026-03-22,52,86912,원피스,111100
모자,google,2026-03-29,53,88583,원피스,111100
모자,google,2026-04-05,55,91926,원피스,111100
모자,google,2026-04-12,58,96940,원피스,111100
모자,google,2026-04-19,65,108640,원피스,111100
모자,google,2026-04-26,75,125354,원피스,111100
모자,google,2026-05-03,83,138725,원피스,111100
모자,google,2026-05-10,81,135382,원피스,111100
모자,google,2026-05-17,86,143739,원피스,111100
모자,google,2026-05-24,82,137053,원피스,111100
모자,google,2026-05-31,75,125354,원피스,111100
모자,google,2026-06-07,58,96940,원피스,111100
모자,google,2026-06-14,61,101954,원피스,111100
모자,google,2026-06-21,61,101954,원피스,111100
모자,google,2026-06-28,61,101954,원피스,111100
모자,google,2026-07-05,58,96940,원피스,111100
모자,google,2026-07-12,59,98611,원피스,111100
모자,google,2026-07-19,53,88583,원피스,111100
모자,google,2026-07-26,57,95269,원피스,111100
모자,google,2026-08-02,50,83569,원피스,111100
모자,google,2026-08-09,48,80226,원피스,111100
모자,google,2026-08-16,49,81898,원피스,111100
모자,google,2026-08-23,53,88583,원피스,111100
모자,google,2026-08-30,47,78555,원피스,111100
모자,google,2026-09-06,51,85240,원피스,111100
모자,google,2026-09-13,56,93597,원피스,111100
벨트,google,2025-09-14,31,51813,원피스,111100
벨트,google,2025-09-21,31,51813,원피스,111100
벨트,google,2025-09-28,33,55155,원피스,111100
벨트,google,2025-10-05,34,56827,원피스,111100
벨트,google,2025-10-12,32,53484,원피스,111100
벨트,google,2025-10-19,31,51813,원피스,111100
벨트,google,2025-10-26,31,51813,원피스,111100
벨트,google,2025-11-02,30,50141,원피스,111100
벨트,google,2025-11-09,32,53484,원피스,111100
벨트,google,2025-11-16,29,48470,원피스,111100
벨트,google,2025-11-23,29,48470,원피스,111100
벨트,google,2025-11-30,31,51813,원피스,111100
벨트,google,2025-12-07,30,50141,원피스,111100
벨트,google,2025-12-14,28,46798,원피스,111100
벨트,google,2025-12-21,29,48470,원피스,111100
벨트,google,2025-12-28,26,43456,원피스,111100
벨트,google,2026-01-04,29,48470,원피스,111100
벨트,google,2026-01-11,27,45127,원피스,111100
벨트,google,2026-01-18,32,53484,원피스,111100
벨트,google,2026-01-25,33,55155,원피스,111100
벨트,google,2026-02-01,31,51813,원피스,111100
벨트,google,2026-02-08,31,51813,원피스,111100
벨트,google,2026-02-15,29,48470,원피스,111100
벨트,google,2026-02-22,36,60169,원피스,111100
벨트,google,2026-03-01,34,56827,원피스,111100
벨트,google,2026-03-08,33,55155,원피스,111100
벨트,google,2026-03-15,34,56827,원피스,111100
벨트,google,2026-03-22,33,55155,원피스,111100
벨트,google,2026-03-29,32,53484,원피스,111100
벨트,google,2026-04-05,30,50141,원피스,111100
벨트,google,2026-04-12,32,53484,원피스,111100
벨트,google,2026-04-19,33,55155,원피스,111100
벨트,google,2026-04-26,29,48470,원피스,111100
벨트,google,2026-05-03,29,48470,원피스,111100
벨트,google,2026-05-10,31,51813,원피스,111100
벨트,google,2026-05-17,31,51813,원피스,111100
벨트,google,2026-05-24,33,55155,원피스,111100
벨트,google,2026-05-31,65,108640,원피스,111100
벨트,google,2026-06-07,30,50141,원피스,111100
벨트,google,2026-06-14,29,48470,원피스,111100
벨트,google,2026-06-21,30,50141,원피스,111100
벨트,google,2026-06-28,31,51813,원피스,111100
벨트,google,2026-07-05,31,51813,원피스,111100
벨트,google,2026-07-12,31,51813,원피스,111100
벨트,google,2026-07-19,28,46798,원피스,111100
벨트,google,2026-07-26,46,76883,원피스,111100
벨트,google,2026-08-02,42,70198,원피스,111100
벨트,google,2026-08-09,26,43456,원피스,111100
벨트,google,2026-08-16,27,45127,원피스,111100
벨트,google,2026-08-23,32,53484,원피스,111100
벨트,google,2026-08-30,28,46798,원피스,111100
벨트,google,2026-09-06,28,46798,원피스,111100
벨트,google,2026-09-13,31,51813,원피스,111100
스카프,google,2025-09-14,5,8356,원피스,111100
스카프,google,2025-09-21,6,10028,원피스,111100
스카프,google,2025-09-28,5,8356,원피스,111100
스카프,google,2025-10-05,5,8356,원피스,111100
스카프,google,2025-10-12,6,10028,원피스,111100
스카프,google,2025-10-19,8,13371,원피스,111100
스카프,google,2025-10-26,7,11699,원피스,111100
스카프,google,2025-11-02,8,13371,원피스,111100
스카프,google,2025-11-09,8,13371,원피스,111100
스카프,google,2025-11-16,9,15042,원피스,111100
스카프,google,2025-11-23,9,15042,원피스,111100
스카프,google,2025-11-30,8,13371,원피스,111100
스카프,google,2025-12-07,9,15042,원피스,111100
스카프,google,2025-12-14,8,13371,원피스,111100
스카프,google,2025-12-21,7,11699,원피스,111100
스카프,google,2025-12-28,7,11699,원피스,111100
스카프,google,2026-01-04,8,13371,원피스,111100
스카프,google,2026-01-11,8,13371,원피스,111100
스카프,google,2026-01-18,7,11699,원피스,111100
스카프,google,2026-01-25,6,10028,원피스,111100
스카프,google,2026-02-01,8,13371,원피스,111100
스카프,google,2026-02-08,7,11699,원피스,111100
스카프,google,2026-02-15,6,10028,원피스,111100
스카프,google,2026-02-22,7,11699,원피스,111100
스카프,google,2026-03-01,7,11699,원피스,111100
스카프,google,2026-03-08,9,15042,원피스,111100
스카프,google,2026-03-15,9,15042,원피스,111100
스카프,google,2026-03-22,8,13371,원피스,111100
스카프,google,2026-03-29,6,10028,원피스,111100
스카프,google,2026-04-05,10,16713,원피스,111100
스카프,google,2026-04-12,9,15042,원피스,111100
스카프,google,2026-04-19,7,11699,원피스,111100
스카프,google,2026-04-26,7,11699,원피스,111100
스카프,google,2026-05-03,8,13371,원피스,111100
스카프,google,2026-05-10,6,10028,원피스,111100
스카프,google,2026-05-17,6,10028,원피스,111100
스카프,google,2026-05-24,7,11699,원피스,111100
스카프,google,2026-05-31,6,10028,원피스,111100
스카프,google,2026-06-07,5,8356,원피스,111100
스카프,google,2026-06-14,8,13371,원피스,111100
스카프,google,2026-06-21,8,13371,원피스,111100
스카프,google,2026-06-28,8,13371,원피스,111100
스카프,google,2026-07-05,8,13371,원피스,111100
스카프,google,2026-07-12,7,11699,원피스,111100
스카프,google,2026-07-19,7,11699,원피스,111100
스카프,google,2026-07-26,7,11699,원피스,111100
스카프,google,2026-08-02,7,11699,원피스,111100
스카프,google,2026-08-09,6,10028,원피스,111100
스카프,google,2026-08-16,7,11699,원피스,111100
스카프,google,2026-08-23,6,10028,원피스,111100
스카프,google,2026-08-30,6,10028,원피스,111100
스카프,google,2026-09-06,7,11699,원피스,111100
스카프,google,2026-09-13,8,13371,원피스,111100
시계,google,2025-09-14,93,155439,원피스,111100
시계,google,2025-09-21,96,160453,원피스,111100
시계,google,2025-09-28,91,152096,원피스,111100
시계,google,2025-10-05,94,157110,원피스,111100
시계,google,2025-10-12,92,153767,원피스,111100
시계,google,2025-10-19,97,162124,원피스,111100
시계,google,2025-10-26,91,152096,원피스,111100
시계,google,2025-11-02,86,143739,원피스,111100
시계,google,2025-11-09,92,153767,원피스,111100
시계,google,2025-11-16,91,152096,원피스,111100
시계,google,2025-11-23,88,147082,원피스,111100
시계,google,2025-11-30,85,142067,원피스,111100
시계,google,2025-12-07,85,142067,원피스,111100
시계,google,2025-12-14,87,145410,원피스,111100
시계,google,2025-12-21,91,152096,원피스,111100
시계,google,2025-12-28,100,167138,원피스,111100
시계,google,2026-01-04,90,150424,원피스,111100
시계,google,2026-01-11,91,152096,원피스,111100
시계,google,2026-01-18,86,143739,원피스,111100
시계,google,2026-01-25,89,148753,원피스,111100
시계,google,2026-02-01,90,150424,원피스,111100
시계,google,2026-02-08,85,142067,원피스,111100
시계,google,2026-02-15,78,130368,원피스,111100
시계,google,2026-02-22,99,165467,원피스,111100
시계,google,2026-03-01,100,167138,원피스,111100
시계,google,2026-03-08,94,157110,원피스,111100
시계,google,2026-03-15,89,148753,원피스,111100
시계,google,2026-03-22,95,158781,원피스,111100
시계,google,2026-03-29,90,150424,원피스,111100
시계,google,2026-04-05,82,137053,원피스,111100
시계,google,2026-04-12,78,130368,원피스,111100
시계,google,2026-04-19,83,138725,원피스,111100
시계,google,2026-04-26,82,137053,원피스,111100
시계,google,2026-05-03,90,150424,원피스,111100
시계,google,2026-05-10,91,152096,원피스,111100
시계,google,2026-05-17,96,160453,원피스,111100
시계,google,2026-05-24,91,152096,원피스,111100
시계,google,2026-05-31,86,143739,원피스,111100
시계,google,2026-06-07,89,148753,원피스,111100
시계,google,2026-06-14,84,140396,원피스,111100
시계,google,2026-06-21,88,147082,원피스,111100
시계,google,2026-06-28,85,142067,원피스,111100
시계,google,2026-07-05,87,145410,원피스,111100
시계,google,2026-07-12,86,143739,원피스,111100
시계,google,2026-07-19,85,142067,원피스,111100
시계,google,2026-07-26,82,137053,원피스,111100
시계,google,2026-08-02,81,135382,원피스,111100
시계,google,2026-08-09,85,142067,원피스,111100
시계,google,2026-08-16,88,147082,원피스,111100
시계,google,2026-08-23,98,163796,원피스,111100
시계,google,2026-08-30,95,158781,원피스,111100
시계,google,2026-09-06,98,163796,원피스,111100
시계,google,2026-09-13,94,157110,원피스,111100
안경,google,2025-09-14,52,86912,원피스,111100
안경,google,2025-09-21,53,88583,원피스,111100
안경,google,2025-09-28,57,95269,원피스,111100
안경,google,2025-10-05,57,95269,원피스,111100
안경,google,2025-10-12,54,90254,원피스,111100
안경,google,2025-10-19,52,86912,원피스,111100
안경,google,2025-10-26,57,95269,원피스,111100
안경,google,2025-11-02,54,90254,원피스,111100
안경,google,2025-11-09,57,95269,원피스,111100
안경,google,2025-11-16,54,90254,원피스,111100
안경,google,2025-11-23,55,91926,원피스,111100
안경,google,2025-11-30,54,90254,원피스,111100
안경,google,2025-12-07,57,95269,원피스,111100
안경,google,2025-12-14,59,98611,원피스,111100
안경,google,2025-12-21,55,91926,원피스,111100
안경,google,2025-12-28,62,103626,원피스,111100
안경,google,2026-01-04,55,91926,원피스,111100
안경,google,2026-01-11,56,93597,원피스,111100
안경,google,2026-01-18,62,103626,원피스,111100
안경,google,2026-01-25,62,103626,원피스,111100
안경,google,2026-02-01,57,95269,원피스,111100
안경,google,2026-02-08,53,88583,원피스,111100
안경,google,2026-02-15,52,86912,원피스,111100
안경,google,2026-02-22,59,98611,원피스,111100
안경,google,2026-03-01,58,96940,원피스,111100
안경,google,2026-03-08,56,93597,원피스,111100
안경,google,2026-03-15,58,96940,원피스,111100
안경,google,2026-03-22,55,91926,원피스,111100
안경,google,2026-03-29,57,95269,원피스,111100
안경,google,2026-04-05,57,95269,원피스,111100
안경,google,2026-04-12,56,93597,원피스,111100
안경,google,2026-04-19,57,95269,원피스,111100
안경,google,2026-04-26,56,93597,원피스,111100
안경,google,2026-05-03,56,93597,원피스,111100
안경,google,2026-05-10,58,96940,원피스,111100
안경,google,2026-05-17,59,98611,원피스,111100
안경,google,2026-05-24,56,93597,원피스,111100
안경,google,2026-05-31,54,90254,원피스,111100
안경,google,2026-06-07,55,91926,원피스,111100
안경,google,2026-06-14,55,91926,원피스,111100
안경,google,2026-06-21,57,95269,원피스,111100
안경,google,2026-06-28,53,88583,원피스,111100
안경,google,2026-07-05,72,120339,원피스,111100
안경,google,2026-07-12,55,91926,원피스,111100
안경,google,2026-07-19,54,90254,원피스,111100
안경,google,2026-07-26,54,90254,원피스,111100
안경,google,2026-08-02,52,86912,원피스,111100
안경,google,2026-08-09,53,88583,원피스,111100
안경,google,2026-08-16,51,85240,원피스,111100
안경,google,2026-08-23,55,91926,원피스,111100
안경,google,2026-08-30,50,83569,원피스,111100
안경,google,2026-09-06,53,88583,원피스,111100
안경,google,2026-09-13,54,90254,원피스,111100
수영복,google,2025-09-14,7,11699,원피스,111100
수영복,google,2025-09-21,7,11699,원피스,111100
수영복,google,2025-09-28,8,13371,원피스,111100
수영복,google,2025-10-05,7,11699,원피스,111100
수영복,google,2025-10-12,6,10028,원피스,111100
수영복,google,2025-10-19,6,10028,원피스,111100
수영복,google,2025-10-26,6,10028,원피스,111100
수영복,google,2025-11-02,6,10028,원피스,111100
수영복,google,2025-11-09,7,11699,원피스,111100
수영복,google,2025-11-16,7,11699,원피스,111100
수영복,google,2025-11-23,6,10028,원피스,111100
수영복,google,2025-11-30,7,11699,원피스,111100
수영복,google,2025-12-07,7,11699,원피스,111100
수영복,google,2025-12-14,8,13371,원피스,111100
수영복,google,2025-12-21,9,15042,원피스,111100
수영복,google,2025-12-28,8,13371,원피스,111100
수영복,google,2026-01-04,7,11699,원피스,111100
수영복,google,2026-01-11,7,11699,원피스,111100
수영복,google,2026-01-18,7,11699,원피스,111100
수영복,google,2026-01-25,7,11699,원피스,111100
수영복,google,2026-02-01,7,11699,원피스,111100
수영복,google,2026-02-08,6,10028,원피스,111100
수영복,google,2026-02-15,6,10028,원피스,111100
수영복,google,2026-02-22,7,11699,원피스,111100
수영복,google,2026-03-01,6,10028,원피스,111100
수영복,google,2026-03-08,6,10028,원피스,111100
수영복,google,2026-03-15,6,10028,원피스,111100
수영복,google,2026-03-22,7,11699,원피스,111100
수영복,google,2026-03-29,6,10028,원피스,111100
수영복,google,2026-04-05,6,10028,원피스,111100
수영복,google,2026-04-12,6,10028,원피스,111100
수영복,google,2026-04-19,6,10028,원피스,111100
수영복,google,2026-04-26,7,11699,원피스,111100
수영복,google,2026-05-03,6,10028,원피스,111100
수영복,google,2026-05-10,6,10028,원피스,111100
수영복,google,2026-05-17,7,11699,원피스,111100
수영복,google,2026-05-24,7,11699,원피스,111100
수영복,google,2026-05-31,7,11699,원피스,111100
수영복,google,2026-06-07,8,13371,원피스,111100
수영복,google,2026-06-14,8,13371,원피스,111100
수영복,google,2026-06-21,11,18385,원피스,111100
수영복,google,2026-06-28,13,21728,원피스,111100
수영복,google,2026-07-05,14,23399,원피스,111100
수영복,google,2026-07-12,12,20056,원피스,111100
수영복,google,2026-07-19,12,20056,원피스,111100
수영복,google,2026-07-26,14,23399,원피스,111100
수영복,google,2026-08-02,13,21728,원피스,111100
수영복,google,2026-08-09,13,21728,원피스,111100
수영복,google,2026-08-16,9,15042,원피스,111100
수영복,google,2026-08-23,8,13371,원피스,111100
수영복,google,2026-08-30,8,13371,원피스,111100
수영복,google,2026-09-06,7,11699,원피스,111100
수영복,google,2026-09-13,8,13371,원피스,111100
그런지,google,2025-09-14,0,0,원피스,111100
그런지,google,2025-09-21,0,0,원피스,111100
그런지,google,2025-09-28,0,0,원피스,111100
그런지,google,2025-10-05,0,0,원피스,111100
그런지,google,2025-10-12,0,0,원피스,111100
그런지,google,2025-10-19,0,0,원피스,111100
그런지,google,2025-10-26,0,0,원피스,111100
그런지,google,2025-11-02,0,0,원피스,111100
그런지,google,2025-11-09,0,0,원피스,111100
그런지,google,2025-11-16,0,0,원피스,111100
그런지,google,2025-11-23,0,0,원피스,111100
그런지,google,2025-11-30,0,0,원피스,111100
그런지,google,2025-12-07,0,0,원피스,111100
그런지,google,2025-12-14,0,0,원피스,111100
그런지,google,2025-12-21,0,0,원피스,111100
그런지,google,2025-12-28,0,0,원피스,111100
그런지,google,2026-01-04,0,0,원피스,111100
그런지,google,2026-01-11,0,0,원피스,111100
그런지,google,2026-01-18,0,0,원피스,111100
그런지,google,2026-01-25,0,0,원피스,111100
그런지,google,2026-02-01,0,0,원피스,111100
그런지,google,2026-02-08,0,0,원피스,111100
그런지,google,2026-02-15,0,0,원피스,111100
그런지,google,2026-02-22,0,0,원피스,111100
그런지,google,2026-03-01,0,0,원피스,111100
그런지,google,2026-03-08,0,0,원피스,111100
그런지,google,2026-03-15,1,1671,원피스,111100
그런지,google,2026-03-22,0,0,원피스,111100
그런지,google,2026-03-29,0,0,원피스,111100
그런지,google,2026-04-05,0,0,원피스,111100
그런지,google,2026-04-12,0,0,원피스,111100
그런지,google,2026-04-19,0,0,원피스,111100
그런지,google,2026-04-26,0,0,원피스,111100
그런지,google,2026-05-03,0,0,원피스,111100
그런지,google,2026-05-10,0,0,원피스,111100
그런지,google,2026-05-17,0,0,원피스,111100
그런지,google,2026-05-24,0,0,원피스,111100
그런지,google,2026-05-31,0,0,원피스,111100
그런지,google,2026-06-07,0,0,원피스,111100
그런지,google,2026-06-14,0,0,원피스,111100
그런지,google,2026-06-21,0,0,원피스,111100
그런지,google,2026-06-28,0,0,원피스,111100
그런지,google,2026-07-05,1,1671,원피스,111100
그런지,google,2026-07-12,1,1671,원피스,111100
그런지,google,2026-07-19,0,0,원피스,111100
그런지,google,2026-07-26,0,0,원피스,111100
그런지,google,2026-08-02,0,0,원피스,111100
그런지,google,2026-08-09,0,0,원피스,111100
그런지,google,2026-08-16,0,0,원피스,111100
그런지,google,2026-08-23,1,1671,원피스,111100
그런지,google,2026-08-30,0,0,원피스,111100
그런지,google,2026-09-06,0,0,원피스,111100
그런지,google,2026-09-13,1,1671,원피스,111100
클래식,google,2025-09-14,22,36770,원피스,111100
클래식,google,2025-09-21,25,41784,원피스,111100
클래식,google,2025-09-28,23,38441,원피스,111100
클래식,google,2025-10-05,27,45127,원피스,111100
클래식,google,2025-10-12,23,38441,원피스,111100
클래식,google,2025-10-19,25,41784,원피스,111100
클래식,google,2025-10-26,23,38441,원피스,111100
클래식,google,2025-11-02,23,38441,원피스,111100
클래식,google,2025-11-09,24,40113,원피스,111100
클래식,google,2025-11-16,21,35099,원피스,111100
클래식,google,2025-11-23,21,35099,원피스,111100
클래식,google,2025-11-30,22,36770,원피스,111100
클래식,google,2025-12-07,21,35099,원피스,111100
클래식,google,2025-12-14,19,31756,원피스,111100
클래식,google,2025-12-21,20,33427,원피스,111100
클래식,google,2025-12-28,26,43456,원피스,111100
클래식,google,2026-01-04,32,53484,원피스,111100
클래식,google,2026-01-11,41,68526,원피스,111100
클래식,google,2026-01-18,35,58498,원피스,111100
클래식,google,2026-01-25,32,53484,원피스,111100
클래식,google,2026-02-01,55,91926,원피스,111100
클래식,google,2026-02-08,100,167138,원피스,111100
클래식,google,2026-02-15,82,137053,원피스,111100
클래식,google,2026-02-22,81,135382,원피스,111100
클래식,google,2026-03-01,78,130368,원피스,111100
클래식,google,2026-03-08,77,128696,원피스,111100
클래식,google,2026-03-15,64,106968,원피스,111100
클래식,google,2026-03-22,63,105297,원피스,111100
클래식,google,2026-03-29,61,101954,원피스,111100
클래식,google,2026-04-05,49,81898,원피스,111100
클래식,google,2026-04-12,42,70198,원피스,111100
클래식,google,2026-04-19,46,76883,원피스,111100
클래식,google,2026-04-26,43,71869,원피스,111100
클래식,google,2026-05-03,39,65184,원피스,111100
클래식,google,2026-05-10,38,63512,원피스,111100
클래식,google,2026-05-17,37,61841,원피스,111100
클래식,google,2026-05-24,34,56827,원피스,111100
클래식,google,2026-05-31,34,56827,원피스,111100
클래식,google,2026-06-07,33,55155,원피스,111100
클래식,google,2026-06-14,30,50141,원피스,111100
클래식,google,2026-06-21,32,53484,원피스,111100
클래식,google,2026-06-28,31,51813,원피스,111100
클래식,google,2026-07-05,32,53484,원피스,111100
클래식,google,2026-07-12,35,58498,원피스,111100
클래식,google,2026-07-19,36,60169,원피스,111100
클래식,google,2026-07-26,59,98611,원피스,111100
클래식,google,2026-08-02,38,63512,원피스,111100
클래식,google,2026-08-09,29,48470,원피스,111100
클래식,google,2026-08-16,29,48470,원피스,111100
클래식,google,2026-08-23,27,45127,원피스,111100
클래식,google,2026-08-30,26,43456,원피스,111100
클래식,google,2026-09-06,27,45127,원피스,111100
클래식,google,2026-09-13,28,46798,원피스,111100
페미닌,google,2025-09-14,0,0,원피스,111100
페미닌,google,2025-09-21,0,0,원피스,111100
페미닌,google,2025-09-28,0,0,원피스,111100
페미닌,google,2025-10-05,0,0,원피스,111100
페미닌,google,2025-10-12,0,0,원피스,111100
페미닌,google,2025-10-19,0,0,원피스,111100
페미닌,google,2025-10-26,0,0,원피스,111100
페미닌,google,2025-11-02,0,0,원피스,111100
페미닌,google,2025-11-09,0,0,원피스,111100
페미닌,google,2025-11-16,0,0,원피스,111100
페미닌,google,2025-11-23,0,0,원피스,111100
페미닌,google,2025-11-30,0,0,원피스,111100
페미닌,google,2025-12-07,0,0,원피스,111100
페미닌,google,2025-12-14,0,0,원피스,111100
페미닌,google,2025-12-21,0,0,원피스,111100
페미닌,google,2025-12-28,0,0,원피스,111100
페미닌,google,2026-01-04,0,0,원피스,111100
페미닌,google,2026-01-11,0,0,원피스,111100
페미닌,google,2026-01-18,0,0,원피스,111100
페미닌,google,2026-01-25,0,0,원피스,111100
페미닌,google,2026-02-01,0,0,원피스,111100
페미닌,google,2026-02-08,0,0,원피스,111100
페미닌,google,2026-02-15,0,0,원피스,111100
페미닌,google,2026-02-22,0,0,원피스,111100
페미닌,google,2026-03-01,0,0,원피스,111100
페미닌,google,2026-03-08,0,0,원피스,111100
페미닌,google,2026-03-15,0,0,원피스,111100
페미닌,google,2026-03-22,0,0,원피스,111100
페미닌,google,2026-03-29,0,0,원피스,111100
페미닌,google,2026-04-05,0,0,원피스,111100
페미닌,google,2026-04-12,0,0,원피스,111100
페미닌,google,2026-04-19,0,0,원피스,111100
페미닌,google,2026-04-26,0,0,원피스,111100
페미닌,google,2026-05-03,0,0,원피스,111100
페미닌,google,2026-05-10,0,0,원피스,111100
페미닌,google,2026-05-17,0,0,원피스,111100
페미닌,google,2026-05-24,0,0,원피스,111100
페미닌,google,2026-05-31,0,0,원피스,111100
페미닌,google,2026-06-07,0,0,원피스,111100
페미닌,google,2026-06-14,0,0,원피스,111100
페미닌,google,2026-06-21,0,0,원피스,111100
페미닌,google,2026-06-28,0,0,원피스,111100
페미닌,google,2026-07-05,0,0,원피스,111100
페미닌,google,2026-07-12,0,0,원피스,111100
페미닌,google,2026-07-19,0,0,원피스,111100
페미닌,google,2026-07-26,0,0,원피스,111100
페미닌,google,2026-08-02,0,0,원피스,111100
페미닌,google,2026-08-09,0,0,원피스,111100
페미닌,google,2026-08-16,0,0,원피스,111100
페미닌,google,2026-08-23,0,0,원피스,111100
페미닌,google,2026-08-30,0,0,원피스,111100
페미닌,google,2026-09-06,0,0,원피스,111100
페미닌,google,2026-09-13,0,0,원피스,111100
아메카지,google,2025-09-14,0,0,원피스,111100
아메카지,google,2025-09-21,0,0,원피스,111100
아메카지,google,2025-09-28,0,0,원피스,111100
아메카지,google,2025-10-05,1,1671,원피스,111100
아메카지,google,2025-10-12,1,1671,원피스,111100
아메카지,google,2025-10-19,1,1671,원피스,111100
아메카지,google,2025-10-26,0,0,원피스,111100
아메카지,google,2025-11-02,0,0,원피스,111100
아메카지,google,2025-11-09,0,0,원피스,111100
아메카지,google,2025-11-16,0,0,원피스,111100
아메카지,google,2025-11-23,0,0,원피스,111100
아메카지,google,2025-11-30,0,0,원피스,111100
아메카지,google,2025-12-07,0,0,원피스,111100
아메카지,google,2025-12-14,0,0,원피스,111100
아메카지,google,2025-12-21,0,0,원피스,111100
아메카지,google,2025-12-28,1,1671,원피스,111100
아메카지,google,2026-01-04,1,1671,원피스,111100
아메카지,google,2026-01-11,0,0,원피스,111100
아메카지,google,2026-01-18,0,0,원피스,111100
아메카지,google,2026-01-25,1,1671,원피스,111100
아메카지,google,2026-02-01,0,0,원피스,111100
아메카지,google,2026-02-08,0,0,원피스,111100
아메카지,google,2026-02-15,1,1671,원피스,111100
아메카지,google,2026-02-22,0,0,원피스,111100
아메카지,google,2026-03-01,0,0,원피스,111100
아메카지,google,2026-03-08,0,0,원피스,111100
아메카지,google,2026-03-15,1,1671,원피스,111100
아메카지,google,2026-03-22,1,1671,원피스,111100
아메카지,google,2026-03-29,1,1671,원피스,111100
아메카지,google,2026-04-05,0,0,원피스,111100
아메카지,google,2026-04-12,0,0,원피스,111100
아메카지,google,2026-04-19,0,0,원피스,111100
아메카지,google,2026-04-26,0,0,원피스,111100
아메카지,google,2026-05-03,1,1671,원피스,111100
아메카지,google,2026-05-10,0,0,원피스,111100
아메카지,google,2026-05-17,0,0,원피스,111100
아메카지,google,2026-05-24,0,0,원피스,111100
아메카지,google,2026-05-31,0,0,원피스,111100
아메카지,google,2026-06-07,0,0,원피스,111100
아메카지,google,2026-06-14,0,0,원피스,111100
아메카지,google,2026-06-21,0,0,원피스,111100
아메카지,google,2026-06-28,0,0,원피스,111100
아메카지,google,2026-07-05,0,0,원피스,111100
아메카지,google,2026-07-12,0,0,원피스,111100
아메카지,google,2026-07-19,0,0,원피스,111100
아메카지,google,2026-07-26,0,0,원피스,111100
아메카지,google,2026-08-02,0,0,원피스,111100
아메카지,google,2026-08-09,0,0,원피스,111100
아메카지,google,2026-08-16,0,0,원피스,111100
아메카지,google,2026-08-23,0,0,원피스,111100
아메카지,google,2026-08-30,0,0,원피스,111100
아메카지,google,2026-09-06,0,0,원피스,111100
아메카지,google,2026-09-13,0,0,원피스,111100
발레코어,google,2025-09-14,1,1671,원피스,111100
발레코어,google,2025-09-21,0,0,원피스,111100
발레코어,google,2025-09-28,0,0,원피스,111100
발레코어,google,2025-10-05,1,1671,원피스,111100
발레코어,google,2025-10-12,0,0,원피스,111100
발레코어,google,2025-10-19,0,0,원피스,111100
발레코어,google,2025-10-26,0,0,원피스,111100
발레코어,google,2025-11-02,0,0,원피스,111100
발레코어,google,2025-11-09,0,0,원피스,111100
발레코어,google,2025-11-16,0,0,원피스,111100
발레코어,google,2025-11-23,0,0,원피스,111100
발레코어,google,2025-11-30,0,0,원피스,111100
발레코어,google,2025-12-07,0,0,원피스,111100
발레코어,google,2025-12-14,1,1671,원피스,111100
발레코어,google,2025-12-21,0,0,원피스,111100
발레코어,google,2025-12-28,0,0,원피스,111100
발레코어,google,2026-01-04,0,0,원피스,111100
발레코어,google,2026-01-11,1,1671,원피스,111100
발레코어,google,2026-01-18,0,0,원피스,111100
발레코어,google,2026-01-25,0,0,원피스,111100
발레코어,google,2026-02-01,0,0,원피스,111100
발레코어,google,2026-02-08,0,0,원피스,111100
발레코어,google,2026-02-15,0,0,원피스,111100
발레코어,google,2026-02-22,1,1671,원피스,111100
발레코어,google,2026-03-01,1,1671,원피스,111100
발레코어,google,2026-03-08,0,0,원피스,111100
발레코어,google,2026-03-15,0,0,원피스,111100
발레코어,google,2026-03-22,1,1671,원피스,111100
발레코어,google,2026-03-29,0,0,원피스,111100
발레코어,google,2026-04-05,0,0,원피스,111100
발레코어,google,2026-04-12,0,0,원피스,111100
발레코어,google,2026-04-19,1,1671,원피스,111100
발레코어,google,2026-04-26,0,0,원피스,111100
발레코어,google,2026-05-03,0,0,원피스,111100
발레코어,google,2026-05-10,0,0,원피스,111100
발레코어,google,2026-05-17,0,0,원피스,111100
발레코어,google,2026-05-24,1,1671,원피스,111100
발레코어,google,2026-05-31,0,0,원피스,111100
발레코어,google,2026-06-07,1,1671,원피스,111100
발레코어,google,2026-06-14,0,0,원피스,111100
발레코어,google,2026-06-21,0,0,원피스,111100
발레코어,google,2026-06-28,1,1671,원피스,111100
발레코어,google,2026-07-05,1,1671,원피스,111100
발레코어,google,2026-07-12,0,0,원피스,111100
발레코어,google,2026-07-19,0,0,원피스,111100
발레코어,google,2026-07-26,1,1671,원피스,111100
발레코어,google,2026-08-02,0,0,원피스,111100
발레코어,google,2026-08-09,1,1671,원피스,111100
발레코어,google,2026-08-16,1,1671,원피스,111100
발레코어,google,2026-08-23,0,0,원피스,111100
발레코어,google,2026-08-30,1,1671,원피스,111100
발레코어,google,2026-09-06,1,1671,원피스,111100
발레코어,google,2026-09-13,1,1671,원피스,111100
블록코어,google,2025-09-14,1,1671,원피스,111100
블록코어,google,2025-09-21,1,1671,원피스,111100
블록코어,google,2025-09-28,0,0,원피스,111100
블록코어,google,2025-10-05,0,0,원피스,111100
블록코어,google,2025-10-12,1,1671,원피스,111100
블록코어,google,2025-10-19,0,0,원피스,111100
블록코어,google,2025-10-26,1,1671,원피스,111100
블록코어,google,2025-11-02,0,0,원피스,111100
블록코어,google,2025-11-09,0,0,원피스,111100
블록코어,google,2025-11-16,0,0,원피스,111100
블록코어,google,2025-11-23,0,0,원피스,111100
블록코어,google,2025-11-30,0,0,원피스,111100
블록코어,google,2025-12-07,0,0,원피스,111100
블록코어,google,2025-12-14,0,0,원피스,111100
블록코어,google,2025-12-21,0,0,원피스,111100
블록코어,google,2025-12-28,0,0,원피스,111100
블록코어,google,2026-01-04,0,0,원피스,111100
블록코어,google,2026-01-11,1,1671,원피스,111100
블록코어,google,2026-01-18,0,0,원피스,111100
블록코어,google,2026-01-25,0,0,원피스,111100
블록코어,google,2026-02-01,0,0,원피스,111100
블록코어,google,2026-02-08,1,1671,원피스,111100
블록코어,google,2026-02-15,0,0,원피스,111100
블록코어,google,2026-02-22,1,1671,원피스,111100
블록코어,google,2026-03-01,0,0,원피스,111100
블록코어,google,2026-03-08,0,0,원피스,111100
블록코어,google,2026-03-15,0,0,원피스,111100
블록코어,google,2026-03-22,0,0,원피스,111100
블록코어,google,2026-03-29,0,0,원피스,111100
블록코어,google,2026-04-05,0,0,원피스,111100
블록코어,google,2026-04-12,1,1671,원피스,111100
블록코어,google,2026-04-19,0,0,원피스,111100
블록코어,google,2026-04-26,0,0,원피스,111100
블록코어,google,2026-05-03,0,0,원피스,111100
블록코어,google,2026-05-10,0,0,원피스,111100
블록코어,google,2026-05-17,0,0,원피스,111100
블록코어,google,2026-05-24,1,1671,원피스,111100
블록코어,google,2026-05-31,1,1671,원피스,111100
블록코어,google,2026-06-07,1,1671,원피스,111100
블록코어,google,2026-06-14,1,1671,원피스,111100
블록코어,google,2026-06-21,1,1671,원피스,111100
블록코어,google,2026-06-28,1,1671,원피스,111100
블록코어,google,2026-07-05,1,1671,원피스,111100
블록코어,google,2026-07-12,1,1671,원피스,111100
블록코어,google,2026-07-19,0,0,원피스,111100
블록코어,google,2026-07-26,1,1671,원피스,111100
블록코어,google,2026-08-02,0,0,원피스,111100
블록코어,google,2026-08-09,0,0,원피스,111100
블록코어,google,2026-08-16,0,0,원피스,111100
블록코어,google,2026-08-23,0,0,원피스,111100
블록코어,google,2026-08-30,1,1671,원피스,111100
블록코어,google,2026-09-06,1,1671,원피스,111100
블록코어,google,2026-09-13,1,1671,원피스,111100
니트,google,2025-09-14,41,68526,원피스,111100
니트,google,2025-09-21,47,78555,원피스,111100
니트,google,2025-09-28,50,83569,원피스,111100
니트,google,2025-10-05,61,101954,원피스,111100
니트,google,2025-10-12,57,95269,원피스,111100
니트,google,2025-10-19,82,137053,원피스,111100
니트,google,2025-10-26,82,137053,원피스,111100
니트,google,2025-11-02,86,143739,원피스,111100
니트,google,2025-11-09,86,143739,원피스,111100
니트,google,2025-11-16,100,167138,원피스,111100
니트,google,2025-11-23,94,157110,원피스,111100
니트,google,2025-11-30,88,147082,원피스,111100
니트,google,2025-12-07,88,147082,원피스,111100
니트,google,2025-12-14,87,145410,원피스,111100
니트,google,2025-12-21,89,148753,원피스,111100
니트,google,2025-12-28,74,123682,원피스,111100
니트,google,2026-01-04,67,111982,원피스,111100
니트,google,2026-01-11,67,111982,원피스,111100
니트,google,2026-01-18,74,123682,원피스,111100
니트,google,2026-01-25,74,123682,원피스,111100
니트,google,2026-02-01,65,108640,원피스,111100
니트,google,2026-02-08,58,96940,원피스,111100
니트,google,2026-02-15,59,98611,원피스,111100
니트,google,2026-02-22,57,95269,원피스,111100
니트,google,2026-03-01,56,93597,원피스,111100
니트,google,2026-03-08,57,95269,원피스,111100
니트,google,2026-03-15,54,90254,원피스,111100
니트,google,2026-03-22,52,86912,원피스,111100
니트,google,2026-03-29,43,71869,원피스,111100
니트,google,2026-04-05,42,70198,원피스,111100
니트,google,2026-04-12,38,63512,원피스,111100
니트,google,2026-04-19,35,58498,원피스,111100
니트,google,2026-04-26,33,55155,원피스,111100
니트,google,2026-05-03,35,58498,원피스,111100
니트,google,2026-05-10,38,63512,원피스,111100
니트,google,2026-05-17,35,58498,원피스,111100
니트,google,2026-05-24,35,58498,원피스,111100
니트,google,2026-05-31,32,53484,원피스,111100
니트,google,2026-06-07,31,51813,원피스,111100
니트,google,2026-06-14,30,50141,원피스,111100
니트,google,2026-06-21,31,51813,원피스,111100
니트,google,2026-06-28,31,51813,원피스,111100
니트,google,2026-07-05,30,50141,원피스,111100
니트,google,2026-07-12,29,48470,원피스,111100
니트,google,2026-07-19,29,48470,원피스,111100
니트,google,2026-07-26,27,45127,원피스,111100
니트,google,2026-08-02,26,43456,원피스,111100
니트,google,2026-08-09,26,43456,원피스,111100
니트,google,2026-08-16,30,50141,원피스,111100
니트,google,2026-08-23,33,55155,원피스,111100
니트,google,2026-08-30,32,53484,원피스,111100
니트,google,2026-09-06,44,73541,원피스,111100
니트,google,2026-09-13,54,90254,원피스,111100
래시가드,google,2025-09-14,1,1671,원피스,111100
래시가드,google,2025-09-21,0,0,원피스,111100
래시가드,google,2025-09-28,0,0,원피스,111100
래시가드,google,2025-10-05,0,0,원피스,111100
래시가드,google,2025-10-12,0,0,원피스,111100
래시가드,google,2025-10-19,0,0,원피스,111100
래시가드,google,2025-10-26,0,0,원피스,111100
래시가드,google,2025-11-02,1,1671,원피스,111100
래시가드,google,2025-11-09,0,0,원피스,111100
래시가드,google,2025-11-16,0,0,원피스,111100
래시가드,google,2025-11-23,0,0,원피스,111100
래시가드,google,2025-11-30,0,0,원피스,111100
래시가드,google,2025-12-07,0,0,원피스,111100
래시가드,google,2025-12-14,0,0,원피스,111100
래시가드,google,2025-12-21,0,0,원피스,111100
래시가드,google,2025-12-28,0,0,원피스,111100
래시가드,google,2026-01-04,0,0,원피스,111100
래시가드,google,2026-01-11,1,1671,원피스,111100
래시가드,google,2026-01-18,0,0,원피스,111100
래시가드,google,2026-01-25,0,0,원피스,111100
래시가드,google,2026-02-01,0,0,원피스,111100
래시가드,google,2026-02-08,0,0,원피스,111100
래시가드,google,2026-02-15,0,0,원피스,111100
래시가드,google,2026-02-22,0,0,원피스,111100
래시가드,google,2026-03-01,0,0,원피스,111100
래시가드,google,2026-03-08,0,0,원피스,111100
래시가드,google,2026-03-15,0,0,원피스,111100
래시가드,google,2026-03-22,0,0,원피스,111100
래시가드,google,2026-03-29,0,0,원피스,111100
래시가드,google,2026-04-05,0,0,원피스,111100
래시가드,google,2026-04-12,0,0,원피스,111100
래시가드,google,2026-04-19,0,0,원피스,111100
래시가드,google,2026-04-26,0,0,원피스,111100
래시가드,google,2026-05-03,1,1671,원피스,111100
래시가드,google,2026-05-10,0,0,원피스,111100
래시가드,google,2026-05-17,0,0,원피스,111100
래시가드,google,2026-05-24,0,0,원피스,111100
래시가드,google,2026-05-31,0,0,원피스,111100
래시가드,google,2026-06-07,1,1671,원피스,111100
래시가드,google,2026-06-14,1,1671,원피스,111100
래시가드,google,2026-06-21,1,1671,원피스,111100
래시가드,google,2026-06-28,2,3342,원피스,111100
래시가드,google,2026-07-05,1,1671,원피스,111100
래시가드,google,2026-07-12,2,3342,원피스,111100
래시가드,google,2026-07-19,2,3342,원피스,111100
래시가드,google,2026-07-26,0,0,원피스,111100
래시가드,google,2026-08-02,1,1671,원피스,111100
래시가드,google,2026-08-09,0,0,원피스,111100
래시가드,google,2026-08-16,1,1671,원피스,111100
래시가드,google,2026-08-23,0,0,원피스,111100
래시가드,google,2026-08-30,0,0,원피스,111100
래시가드,google,2026-09-06,0,0,원피스,111100
래시가드,google,2026-09-13,0,0,원피스,111100
맨투맨,google,2025-09-14,11,18385,원피스,111100
맨투맨,google,2025-09-21,14,23399,원피스,111100
맨투맨,google,2025-09-28,17,28413,원피스,111100
맨투맨,google,2025-10-05,21,35099,원피스,111100
맨투맨,google,2025-10-12,20,33427,원피스,111100
맨투맨,google,2025-10-19,24,40113,원피스,111100
맨투맨,google,2025-10-26,23,38441,원피스,111100
맨투맨,google,2025-11-02,21,35099,원피스,111100
맨투맨,google,2025-11-09,21,35099,원피스,111100
맨투맨,google,2025-11-16,20,33427,원피스,111100
맨투맨,google,2025-11-23,20,33427,원피스,111100
맨투맨,google,2025-11-30,18,30084,원피스,111100
맨투맨,google,2025-12-07,18,30084,원피스,111100
맨투맨,google,2025-12-14,17,28413,원피스,111100
맨투맨,google,2025-12-21,15,25070,원피스,111100
맨투맨,google,2025-12-28,16,26742,원피스,111100
맨투맨,google,2026-01-04,16,26742,원피스,111100
맨투맨,google,2026-01-11,18,30084,원피스,111100
맨투맨,google,2026-01-18,14,23399,원피스,111100
맨투맨,google,2026-01-25,16,26742,원피스,111100
맨투맨,google,2026-02-01,15,25070,원피스,111100
맨투맨,google,2026-02-08,13,21728,원피스,111100
맨투맨,google,2026-02-15,15,25070,원피스,111100
맨투맨,google,2026-02-22,17,28413,원피스,111100
맨투맨,google,2026-03-01,14,23399,원피스,111100
맨투맨,google,2026-03-08,13,21728,원피스,111100
맨투맨,google,2026-03-15,15,25070,원피스,111100
맨투맨,google,2026-03-22,15,25070,원피스,111100
맨투맨,google,2026-03-29,14,23399,원피스,111100
맨투맨,google,2026-04-05,12,20056,원피스,111100
맨투맨,google,2026-04-12,7,11699,원피스,111100
맨투맨,google,2026-04-19,9,15042,원피스,111100
맨투맨,google,2026-04-26,7,11699,원피스,111100
맨투맨,google,2026-05-03,7,11699,원피스,111100
맨투맨,google,2026-05-10,6,10028,원피스,111100
맨투맨,google,2026-05-17,5,8356,원피스,111100
맨투맨,google,2026-05-24,5,8356,원피스,111100
맨투맨,google,2026-05-31,3,5014,원피스,111100
맨투맨,google,2026-06-07,4,6685,원피스,111100
맨투맨,google,2026-06-14,4,6685,원피스,111100
맨투맨,google,2026-06-21,4,6685,원피스,111100
맨투맨,google,2026-06-28,3,5014,원피스,111100
맨투맨,google,2026-07-05,4,6685,원피스,111100
맨투맨,google,2026-07-12,3,5014,원피스,111100
맨투맨,google,2026-07-19,5,8356,원피스,111100
맨투맨,google,2026-07-26,5,8356,원피스,111100
맨투맨,google,2026-08-02,3,5014,원피스,111100
맨투맨,google,2026-08-09,4,6685,원피스,111100
맨투맨,google,2026-08-16,5,8356,원피스,111100
맨투맨,google,2026-08-23,6,10028,원피스,111100
맨투맨,google,2026-08-30,6,10028,원피스,111100
맨투맨,google,2026-09-06,10,16713,원피스,111100
맨투맨,google,2026-09-13,13,21728,원피스,111100
블라우스,google,2025-09-14,8,13371,원피스,111100
블라우스,google,2025-09-21,10,16713,원피스,111100
블라우스,google,2025-09-28,6,10028,원피스,111100
블라우스,google,2025-10-05,9,15042,원피스,111100
블라우스,google,2025-10-12,8,13371,원피스,111100
블라우스,google,2025-10-19,8,13371,원피스,111100
블라우스,google,2025-10-26,8,13371,원피스,111100
블라우스,google,2025-11-02,7,11699,원피스,111100
블라우스,google,2025-11-09,8,13371,원피스,111100
블라우스,google,2025-11-16,8,13371,원피스,111100
블라우스,google,2025-11-23,8,13371,원피스,111100
블라우스,google,2025-11-30,8,13371,원피스,111100
블라우스,google,2025-12-07,8,13371,원피스,111100
블라우스,google,2025-12-14,8,13371,원피스,111100
블라우스,google,2025-12-21,8,13371,원피스,111100
블라우스,google,2025-12-28,7,11699,원피스,111100
블라우스,google,2026-01-04,9,15042,원피스,111100
블라우스,google,2026-01-11,9,15042,원피스,111100
블라우스,google,2026-01-18,10,16713,원피스,111100
블라우스,google,2026-01-25,9,15042,원피스,111100
블라우스,google,2026-02-01,9,15042,원피스,111100
블라우스,google,2026-02-08,8,13371,원피스,111100
블라우스,google,2026-02-15,8,13371,원피스,111100
블라우스,google,2026-02-22,10,16713,원피스,111100
블라우스,google,2026-03-01,9,15042,원피스,111100
블라우스,google,2026-03-08,9,15042,원피스,111100
블라우스,google,2026-03-15,10,16713,원피스,111100
블라우스,google,2026-03-22,10,16713,원피스,111100
블라우스,google,2026-03-29,11,18385,원피스,111100
블라우스,google,2026-04-05,25,41784,원피스,111100
블라우스,google,2026-04-12,25,41784,원피스,111100
블라우스,google,2026-04-19,16,26742,원피스,111100
블라우스,google,2026-04-26,46,76883,원피스,111100
블라우스,google,2026-05-03,13,21728,원피스,111100
블라우스,google,2026-05-10,12,20056,원피스,111100
블라우스,google,2026-05-17,12,20056,원피스,111100
블라우스,google,2026-05-24,13,21728,원피스,111100
블라우스,google,2026-05-31,11,18385,원피스,111100
블라우스,google,2026-06-07,23,38441,원피스,111100
블라우스,google,2026-06-14,14,23399,원피스,111100
블라우스,google,2026-06-21,13,21728,원피스,111100
블라우스,google,2026-06-28,12,20056,원피스,111100
블라우스,google,2026-07-05,11,18385,원피스,111100
블라우스,google,2026-07-12,14,23399,원피스,111100
블라우스,google,2026-07-19,13,21728,원피스,111100
블라우스,google,2026-07-26,10,16713,원피스,111100
블라우스,google,2026-08-02,10,16713,원피스,111100
블라우스,google,2026-08-09,9,15042,원피스,111100
블라우스,google,2026-08-16,11,18385,원피스,111100
블라우스,google,2026-08-23,10,16713,원피스,111100
블라우스,google,2026-08-30,9,15042,원피스,111100
블라우스,google,2026-09-06,13,21728,원피스,111100
블라우스,google,2026-09-13,9,15042,원피스,111100
셔츠,google,2025-09-14,80,133711,원피스,111100
셔츠,google,2025-09-21,90,150424,원피스,111100
셔츠,google,2025-09-28,81,135382,원피스,111100
셔츠,google,2025-10-05,79,132039,원피스,111100
셔츠,google,2025-10-12,79,132039,원피스,111100
셔츠,google,2025-10-19,75,125354,원피스,111100
셔츠,google,2025-10-26,65,108640,원피스,111100
셔츠,google,2025-11-02,60,100283,원피스,111100
셔츠,google,2025-11-09,60,100283,원피스,111100
셔츠,google,2025-11-16,60,100283,원피스,111100
셔츠,google,2025-11-23,52,86912,원피스,111100
셔츠,google,2025-11-30,50,83569,원피스,111100
셔츠,google,2025-12-07,51,85240,원피스,111100
셔츠,google,2025-12-14,51,85240,원피스,111100
셔츠,google,2025-12-21,55,91926,원피스,111100
셔츠,google,2025-12-28,48,80226,원피스,111100
셔츠,google,2026-01-04,48,80226,원피스,111100
셔츠,google,2026-01-11,47,78555,원피스,111100
셔츠,google,2026-01-18,47,78555,원피스,111100
셔츠,google,2026-01-25,51,85240,원피스,111100
셔츠,google,2026-02-01,48,80226,원피스,111100
셔츠,google,2026-02-08,55,91926,원피스,111100
셔츠,google,2026-02-15,56,93597,원피스,111100
셔츠,google,2026-02-22,64,106968,원피스,111100
셔츠,google,2026-03-01,67,111982,원피스,111100
셔츠,google,2026-03-08,61,101954,원피스,111100
셔츠,google,2026-03-15,65,108640,원피스,111100
셔츠,google,2026-03-22,79,132039,원피스,111100
셔츠,google,2026-03-29,82,137053,원피스,111100
셔츠,google,2026-04-05,71,118668,원피스,111100
셔츠,google,2026-04-12,87,145410,원피스,111100
셔츠,google,2026-04-19,79,132039,원피스,111100
셔츠,google,2026-04-26,84,140396,원피스,111100
셔츠,google,2026-05-03,87,145410,원피스,111100
셔츠,google,2026-05-10,88,147082,원피스,111100
셔츠,google,2026-05-17,86,143739,원피스,111100
셔츠,google,2026-05-24,84,140396,원피스,111100
셔츠,google,2026-05-31,82,137053,원피스,111100
셔츠,google,2026-06-07,75,125354,원피스,111100
셔츠,google,2026-06-14,72,120339,원피스,111100
셔츠,google,2026-06-21,67,111982,원피스,111100
셔츠,google,2026-06-28,70,116997,원피스,111100
셔츠,google,2026-07-05,71,118668,원피스,111100
셔츠,google,2026-07-12,60,100283,원피스,111100
셔츠,google,2026-07-19,60,100283,원피스,111100
셔츠,google,2026-07-26,64,106968,원피스,111100
셔츠,google,2026-08-02,57,95269,원피스,111100
셔츠,google,2026-08-09,54,90254,원피스,111100
셔츠,google,2026-08-16,60,100283,원피스,111100
셔츠,google,2026-08-23,77,128696,원피스,111100
셔츠,google,2026-08-30,65,108640,원피스,111100
셔츠,google,2026-09-06,72,120339,원피스,111100
셔츠,google,2026-09-13,100,167138,원피스,111100
슬리브리스,google,2025-09-14,1,1671,원피스,111100
슬리브리스,google,2025-09-21,1,1671,원피스,111100
슬리브리스,google,2025-09-28,0,0,원피스,111100
슬리브리스,google,2025-10-05,0,0,원피스,111100
슬리브리스,google,2025-10-12,0,0,원피스,111100
슬리브리스,google,2025-10-19,0,0,원피스,111100
슬리브리스,google,2025-10-26,0,0,원피스,111100
슬리브리스,google,2025-11-02,0,0,원피스,111100
슬리브리스,google,2025-11-09,1,1671,원피스,111100
슬리브리스,google,2025-11-16,1,1671,원피스,111100
슬리브리스,google,2025-11-23,0,0,원피스,111100
슬리브리스,google,2025-11-30,1,1671,원피스,111100
슬리브리스,google,2025-12-07,0,0,원피스,111100
슬리브리스,google,2025-12-14,0,0,원피스,111100
슬리브리스,google,2025-12-21,0,0,원피스,111100
슬리브리스,google,2025-12-28,0,0,원피스,111100
슬리브리스,google,2026-01-04,0,0,원피스,111100
슬리브리스,google,2026-01-11,0,0,원피스,111100
슬리브리스,google,2026-01-18,0,0,원피스,111100
슬리브리스,google,2026-01-25,0,0,원피스,111100
슬리브리스,google,2026-02-01,0,0,원피스,111100
슬리브리스,google,2026-02-08,1,1671,원피스,111100
슬리브리스,google,2026-02-15,0,0,원피스,111100
슬리브리스,google,2026-02-22,0,0,원피스,111100
슬리브리스,google,2026-03-01,1,1671,원피스,111100
슬리브리스,google,2026-03-08,1,1671,원피스,111100
슬리브리스,google,2026-03-15,0,0,원피스,111100
슬리브리스,google,2026-03-22,1,1671,원피스,111100
슬리브리스,google,2026-03-29,2,3342,원피스,111100
슬리브리스,google,2026-04-05,1,1671,원피스,111100
슬리브리스,google,2026-04-12,0,0,원피스,111100
슬리브리스,google,2026-04-19,1,1671,원피스,111100
슬리브리스,google,2026-04-26,2,3342,원피스,111100
슬리브리스,google,2026-05-03,2,3342,원피스,111100
슬리브리스,google,2026-05-10,2,3342,원피스,111100
슬리브리스,google,2026-05-17,1,1671,원피스,111100
슬리브리스,google,2026-05-24,2,3342,원피스,111100
슬리브리스,google,2026-05-31,2,3342,원피스,111100
슬리브리스,google,2026-06-07,2,3342,원피스,111100
슬리브리스,google,2026-06-14,1,1671,원피스,111100
슬리브리스,google,2026-06-21,2,3342,원피스,111100
슬리브리스,google,2026-06-28,1,1671,원피스,111100
슬리브리스,google,2026-07-05,2,3342,원피스,111100
슬리브리스,google,2026-07-12,1,1671,원피스,111100
슬리브리스,google,2026-07-19,2,3342,원피스,111100
슬리브리스,google,2026-07-26,2,3342,원피스,111100
슬리브리스,google,2026-08-02,2,3342,원피스,111100
슬리브리스,google,2026-08-09,1,1671,원피스,111100
슬리브리스,google,2026-08-16,2,3342,원피스,111100
슬리브리스,google,2026-08-23,1,1671,원피스,111100
슬리브리스,google,2026-08-30,1,1671,원피스,111100
슬리브리스,google,2026-09-06,1,1671,원피스,111100
슬리브리스,google,2026-09-13,1,1671,원피스,111100
유니폼,google,2025-09-14,73,122011,원피스,111100
유니폼,google,2025-09-21,69,115325,원피스,111100
유니폼,google,2025-09-28,69,115325,원피스,111100
유니폼,google,2025-10-05,62,103626,원피스,111100
유니폼,google,2025-10-12,55,91926,원피스,111100
유니폼,google,2025-10-19,55,91926,원피스,111100
유니폼,google,2025-10-26,52,86912,원피스,111100
유니폼,google,2025-11-02,55,91926,원피스,111100
유니폼,google,2025-11-09,51,85240,원피스,111100
유니폼,google,2025-11-16,46,76883,원피스,111100
유니폼,google,2025-11-23,43,71869,원피스,111100
유니폼,google,2025-11-30,44,73541,원피스,111100
유니폼,google,2025-12-07,38,63512,원피스,111100
유니폼,google,2025-12-14,39,65184,원피스,111100
유니폼,google,2025-12-21,35,58498,원피스,111100
유니폼,google,2025-12-28,39,65184,원피스,111100
유니폼,google,2026-01-04,45,75212,원피스,111100
유니폼,google,2026-01-11,44,73541,원피스,111100
유니폼,google,2026-01-18,43,71869,원피스,111100
유니폼,google,2026-01-25,47,78555,원피스,111100
유니폼,google,2026-02-01,48,80226,원피스,111100
유니폼,google,2026-02-08,38,63512,원피스,111100
유니폼,google,2026-02-15,39,65184,원피스,111100
유니폼,google,2026-02-22,45,75212,원피스,111100
유니폼,google,2026-03-01,42,70198,원피스,111100
유니폼,google,2026-03-08,46,76883,원피스,111100
유니폼,google,2026-03-15,55,91926,원피스,111100
유니폼,google,2026-03-22,65,108640,원피스,111100
유니폼,google,2026-03-29,66,110311,원피스,111100
유니폼,google,2026-04-05,63,105297,원피스,111100
유니폼,google,2026-04-12,65,108640,원피스,111100
유니폼,google,2026-04-19,63,105297,원피스,111100
유니폼,google,2026-04-26,65,108640,원피스,111100
유니폼,google,2026-05-03,75,125354,원피스,111100
유니폼,google,2026-05-10,76,127025,원피스,111100
유니폼,google,2026-05-17,75,125354,원피스,111100
유니폼,google,2026-05-24,80,133711,원피스,111100
유니폼,google,2026-05-31,73,122011,원피스,111100
유니폼,google,2026-06-07,92,153767,원피스,111100
유니폼,google,2026-06-14,95,158781,원피스,111100
유니폼,google,2026-06-21,81,135382,원피스,111100
유니폼,google,2026-06-28,83,138725,원피스,111100
유니폼,google,2026-07-05,81,135382,원피스,111100
유니폼,google,2026-07-12,78,130368,원피스,111100
유니폼,google,2026-07-19,81,135382,원피스,111100
유니폼,google,2026-07-26,75,125354,원피스,111100
유니폼,google,2026-08-02,67,111982,원피스,111100
유니폼,google,2026-08-09,56,93597,원피스,111100
유니폼,google,2026-08-16,61,101954,원피스,111100
유니폼,google,2026-08-23,63,105297,원피스,111100
유니폼,google,2026-08-30,61,101954,원피스,111100
유니폼,google,2026-09-06,64,106968,원피스,111100
유니폼,google,2026-09-13,69,115325,원피스,111100
저지,google,2025-09-14,20,33427,원피스,111100
저지,google,2025-09-21,20,33427,원피스,111100
저지,google,2025-09-28,21,35099,원피스,111100
저지,google,2025-10-05,28,46798,원피스,111100
저지,google,2025-10-12,19,31756,원피스,111100
저지,google,2025-10-19,22,36770,원피스,111100
저지,google,2025-10-26,18,30084,원피스,111100
저지,google,2025-11-02,17,28413,원피스,111100
저지,google,2025-11-09,19,31756,원피스,111100
저지,google,2025-11-16,17,28413,원피스,111100
저지,google,2025-11-23,14,23399,원피스,111100
저지,google,2025-11-30,16,26742,원피스,111100
저지,google,2025-12-07,20,33427,원피스,111100
저지,google,2025-12-14,16,26742,원피스,111100
저지,google,2025-12-21,14,23399,원피스,111100
저지,google,2025-12-28,15,25070,원피스,111100
저지,google,2026-01-04,15,25070,원피스,111100
저지,google,2026-01-11,14,23399,원피스,111100
저지,google,2026-01-18,17,28413,원피스,111100
저지,google,2026-01-25,16,26742,원피스,111100
저지,google,2026-02-01,11,18385,원피스,111100
저지,google,2026-02-08,13,21728,원피스,111100
저지,google,2026-02-15,15,25070,원피스,111100
저지,google,2026-02-22,17,28413,원피스,111100
저지,google,2026-03-01,21,35099,원피스,111100
저지,google,2026-03-08,23,38441,원피스,111100
저지,google,2026-03-15,23,38441,원피스,111100
저지,google,2026-03-22,21,35099,원피스,111100
저지,google,2026-03-29,18,30084,원피스,111100
저지,google,2026-04-05,16,26742,원피스,111100
저지,google,2026-04-12,23,38441,원피스,111100
저지,google,2026-04-19,18,30084,원피스,111100
저지,google,2026-04-26,20,33427,원피스,111100
저지,google,2026-05-03,24,40113,원피스,111100
저지,google,2026-05-10,19,31756,원피스,111100
저지,google,2026-05-17,20,33427,원피스,111100
저지,google,2026-05-24,20,33427,원피스,111100
저지,google,2026-05-31,19,31756,원피스,111100
저지,google,2026-06-07,20,33427,원피스,111100
저지,google,2026-06-14,17,28413,원피스,111100
저지,google,2026-06-21,17,28413,원피스,111100
저지,google,2026-06-28,15,25070,원피스,111100
저지,google,2026-07-05,16,26742,원피스,111100
저지,google,2026-07-12,15,25070,원피스,111100
저지,google,2026-07-19,17,28413,원피스,111100
저지,google,2026-07-26,13,21728,원피스,111100
저지,google,2026-08-02,14,23399,원피스,111100
저지,google,2026-08-09,14,23399,원피스,111100
저지,google,2026-08-16,14,23399,원피스,111100
저지,google,2026-08-23,15,25070,원피스,111100
저지,google,2026-08-30,14,23399,원피스,111100
저지,google,2026-09-06,16,26742,원피스,111100
저지,google,2026-09-13,18,30084,원피스,111100
볼레로,google,2025-09-14,11,18385,원피스,111100
볼레로,google,2025-09-21,8,13371,원피스,111100
볼레로,google,2025-09-28,7,11699,원피스,111100
볼레로,google,2025-10-05,8,13371,원피스,111100
볼레로,google,2025-10-12,10,16713,원피스,111100
볼레로,google,2025-10-19,12,20056,원피스,111100
볼레로,google,2025-10-26,9,15042,원피스,111100
볼레로,google,2025-11-02,9,15042,원피스,111100
볼레로,google,2025-11-09,7,11699,원피스,111100
볼레로,google,2025-11-16,11,18385,원피스,111100
볼레로,google,2025-11-23,8,13371,원피스,111100
볼레로,google,2025-11-30,7,11699,원피스,111100
볼레로,google,2025-12-07,9,15042,원피스,111100
볼레로,google,2025-12-14,6,10028,원피스,111100
볼레로,google,2025-12-21,8,13371,원피스,111100
볼레로,google,2025-12-28,6,10028,원피스,111100
볼레로,google,2026-01-04,4,6685,원피스,111100
볼레로,google,2026-01-11,6,10028,원피스,111100
볼레로,google,2026-01-18,6,10028,원피스,111100
볼레로,google,2026-01-25,7,11699,원피스,111100
볼레로,google,2026-02-01,10,16713,원피스,111100
볼레로,google,2026-02-08,9,15042,원피스,111100
볼레로,google,2026-02-15,7,11699,원피스,111100
볼레로,google,2026-02-22,5,8356,원피스,111100
볼레로,google,2026-03-01,7,11699,원피스,111100
볼레로,google,2026-03-08,8,13371,원피스,111100
볼레로,google,2026-03-15,8,13371,원피스,111100
볼레로,google,2026-03-22,10,16713,원피스,111100
볼레로,google,2026-03-29,8,13371,원피스,111100
볼레로,google,2026-04-05,7,11699,원피스,111100
볼레로,google,2026-04-12,7,11699,원피스,111100
볼레로,google,2026-04-19,11,18385,원피스,111100
볼레로,google,2026-04-26,8,13371,원피스,111100
볼레로,google,2026-05-03,9,15042,원피스,111100
볼레로,google,2026-05-10,10,16713,원피스,111100
볼레로,google,2026-05-17,10,16713,원피스,111100
볼레로,google,2026-05-24,7,11699,원피스,111100
볼레로,google,2026-05-31,8,13371,원피스,111100
볼레로,google,2026-06-07,11,18385,원피스,111100
볼레로,google,2026-06-14,4,6685,원피스,111100
볼레로,google,2026-06-21,6,10028,원피스,111100
볼레로,google,2026-06-28,7,11699,원피스,111100
볼레로,google,2026-07-05,5,8356,원피스,111100
볼레로,google,2026-07-12,6,10028,원피스,111100
볼레로,google,2026-07-19,7,11699,원피스,111100
볼레로,google,2026-07-26,6,10028,원피스,111100
볼레로,google,2026-08-02,8,13371,원피스,111100
볼레로,google,2026-08-09,6,10028,원피스,111100
볼레로,google,2026-08-16,10,16713,원피스,111100
볼레로,google,2026-08-23,7,11699,원피스,111100
볼레로,google,2026-08-30,7,11699,원피스,111100
볼레로,google,2026-09-06,8,13371,원피스,111100
볼레로,google,2026-09-13,9,15042,원피스,111100
아노락,google,2025-09-14,13,21728,원피스,111100
아노락,google,2025-09-21,17,28413,원피스,111100
아노락,google,2025-09-28,15,25070,원피스,111100
아노락,google,2025-10-05,12,20056,원피스,111100
아노락,google,2025-10-12,14,23399,원피스,111100
아노락,google,2025-10-19,14,23399,원피스,111100
아노락,google,2025-10-26,12,20056,원피스,111100
아노락,google,2025-11-02,10,16713,원피스,111100
아노락,google,2025-11-09,11,18385,원피스,111100
아노락,google,2025-11-16,10,16713,원피스,111100
아노락,google,2025-11-23,11,18385,원피스,111100
아노락,google,2025-11-30,10,16713,원피스,111100
아노락,google,2025-12-07,10,16713,원피스,111100
아노락,google,2025-12-14,7,11699,원피스,111100
아노락,google,2025-12-21,8,13371,원피스,111100
아노락,google,2025-12-28,7,11699,원피스,111100
아노락,google,2026-01-04,7,11699,원피스,111100
아노락,google,2026-01-11,5,8356,원피스,111100
아노락,google,2026-01-18,8,13371,원피스,111100
아노락,google,2026-01-25,5,8356,원피스,111100
아노락,google,2026-02-01,8,13371,원피스,111100
아노락,google,2026-02-08,6,10028,원피스,111100
아노락,google,2026-02-15,8,13371,원피스,111100
아노락,google,2026-02-22,5,8356,원피스,111100
아노락,google,2026-03-01,7,11699,원피스,111100
아노락,google,2026-03-08,10,16713,원피스,111100
아노락,google,2026-03-15,10,16713,원피스,111100
아노락,google,2026-03-22,10,16713,원피스,111100
아노락,google,2026-03-29,10,16713,원피스,111100
아노락,google,2026-04-05,11,18385,원피스,111100
아노락,google,2026-04-12,11,18385,원피스,111100
아노락,google,2026-04-19,7,11699,원피스,111100
아노락,google,2026-04-26,12,20056,원피스,111100
아노락,google,2026-05-03,8,13371,원피스,111100
아노락,google,2026-05-10,9,15042,원피스,111100
아노락,google,2026-05-17,9,15042,원피스,111100
아노락,google,2026-05-24,8,13371,원피스,111100
아노락,google,2026-05-31,6,10028,원피스,111100
아노락,google,2026-06-07,5,8356,원피스,111100
아노락,google,2026-06-14,7,11699,원피스,111100
아노락,google,2026-06-21,7,11699,원피스,111100
아노락,google,2026-06-28,4,6685,원피스,111100
아노락,google,2026-07-05,7,11699,원피스,111100
아노락,google,2026-07-12,6,10028,원피스,111100
아노락,google,2026-07-19,0,0,원피스,111100
아노락,google,2026-07-26,0,0,원피스,111100
아노락,google,2026-08-02,5,8356,원피스,111100
아노락,google,2026-08-09,6,10028,원피스,111100
아노락,google,2026-08-16,7,11699,원피스,111100
아노락,google,2026-08-23,5,8356,원피스,111100
아노락,google,2026-08-30,4,6685,원피스,111100
아노락,google,2026-09-06,7,11699,원피스,111100
아노락,google,2026-09-13,7,11699,원피스,111100
재킷,google,2025-09-14,33,55155,원피스,111100
재킷,google,2025-09-21,36,60169,원피스,111100
재킷,google,2025-09-28,40,66855,원피스,111100
재킷,google,2025-10-05,46,76883,원피스,111100
재킷,google,2025-10-12,39,65184,원피스,111100
재킷,google,2025-10-19,51,85240,원피스,111100
재킷,google,2025-10-26,53,88583,원피스,111100
재킷,google,2025-11-02,49,81898,원피스,111100
재킷,google,2025-11-09,54,90254,원피스,111100
재킷,google,2025-11-16,55,91926,원피스,111100
재킷,google,2025-11-23,53,88583,원피스,111100
재킷,google,2025-11-30,53,88583,원피스,111100
재킷,google,2025-12-07,53,88583,원피스,111100
재킷,google,2025-12-14,42,70198,원피스,111100
재킷,google,2025-12-21,45,75212,원피스,111100
재킷,google,2025-12-28,37,61841,원피스,111100
재킷,google,2026-01-04,45,75212,원피스,111100
재킷,google,2026-01-11,35,58498,원피스,111100
재킷,google,2026-01-18,43,71869,원피스,111100
재킷,google,2026-01-25,37,61841,원피스,111100
재킷,google,2026-02-01,40,66855,원피스,111100
재킷,google,2026-02-08,42,70198,원피스,111100
재킷,google,2026-02-15,52,86912,원피스,111100
재킷,google,2026-02-22,45,75212,원피스,111100
재킷,google,2026-03-01,44,73541,원피스,111100
재킷,google,2026-03-08,45,75212,원피스,111100
재킷,google,2026-03-15,46,76883,원피스,111100
재킷,google,2026-03-22,45,75212,원피스,111100
재킷,google,2026-03-29,34,56827,원피스,111100
재킷,google,2026-04-05,49,81898,원피스,111100
재킷,google,2026-04-12,45,75212,원피스,111100
재킷,google,2026-04-19,40,66855,원피스,111100
재킷,google,2026-04-26,33,55155,원피스,111100
재킷,google,2026-05-03,35,58498,원피스,111100
재킷,google,2026-05-10,26,43456,원피스,111100
재킷,google,2026-05-17,27,45127,원피스,111100
재킷,google,2026-05-24,22,36770,원피스,111100
재킷,google,2026-05-31,27,45127,원피스,111100
재킷,google,2026-06-07,30,50141,원피스,111100
재킷,google,2026-06-14,19,31756,원피스,111100
재킷,google,2026-06-21,25,41784,원피스,111100
재킷,google,2026-06-28,17,28413,원피스,111100
재킷,google,2026-07-05,27,45127,원피스,111100
재킷,google,2026-07-12,34,56827,원피스,111100
재킷,google,2026-07-19,32,53484,원피스,111100
재킷,google,2026-07-26,24,40113,원피스,111100
재킷,google,2026-08-02,27,45127,원피스,111100
재킷,google,2026-08-09,27,45127,원피스,111100
재킷,google,2026-08-16,30,50141,원피스,111100
재킷,google,2026-08-23,52,86912,원피스,111100
재킷,google,2026-08-30,64,106968,원피스,111100
재킷,google,2026-09-06,49,81898,원피스,111100
재킷,google,2026-09-13,100,167138,원피스,111100
바이크코어,google,2025-09-14,0,0,원피스,111100
바이크코어,google,2025-09-21,0,0,원피스,111100
바이크코어,google,2025-09-28,0,0,원피스,111100
바이크코어,google,2025-10-05,0,0,원피스,111100
바이크코어,google,2025-10-12,0,0,원피스,111100
바이크코어,google,2025-10-19,0,0,원피스,111100
바이크코어,google,2025-10-26,0,0,원피스,111100
바이크코어,google,2025-11-02,0,0,원피스,111100
바이크코어,google,2025-11-09,0,0,원피스,111100
바이크코어,google,2025-11-16,0,0,원피스,111100
바이크코어,google,2025-11-23,0,0,원피스,111100
바이크코어,google,2025-11-30,0,0,원피스,111100
바이크코어,google,2025-12-07,0,0,원피스,111100
바이크코어,google,2025-12-14,0,0,원피스,111100
바이크코어,google,2025-12-21,0,0,원피스,111100
바이크코어,google,2025-12-28,0,0,원피스,111100
바이크코어,google,2026-01-04,0,0,원피스,111100
바이크코어,google,2026-01-11,0,0,원피스,111100
바이크코어,google,2026-01-18,0,0,원피스,111100
바이크코어,google,2026-01-25,0,0,원피스,111100
바이크코어,google,2026-02-01,0,0,원피스,111100
바이크코어,google,2026-02-08,0,0,원피스,111100
바이크코어,google,2026-02-15,0,0,원피스,111100
바이크코어,google,2026-02-22,0,0,원피스,111100
바이크코어,google,2026-03-01,0,0,원피스,111100
바이크코어,google,2026-03-08,0,0,원피스,111100
바이크코어,google,2026-03-15,0,0,원피스,111100
바이크코어,google,2026-03-22,0,0,원피스,111100
바이크코어,google,2026-03-29,0,0,원피스,111100
바이크코어,google,2026-04-05,0,0,원피스,111100
바이크코어,google,2026-04-12,0,0,원피스,111100
바이크코어,google,2026-04-19,0,0,원피스,111100
바이크코어,google,2026-04-26,0,0,원피스,111100
바이크코어,google,2026-05-03,0,0,원피스,111100
바이크코어,google,2026-05-10,0,0,원피스,111100
바이크코어,google,2026-05-17,0,0,원피스,111100
바이크코어,google,2026-05-24,0,0,원피스,111100
바이크코어,google,2026-05-31,0,0,원피스,111100
바이크코어,google,2026-06-07,0,0,원피스,111100
바이크코어,google,2026-06-14,0,0,원피스,111100
바이크코어,google,2026-06-21,0,0,원피스,111100
바이크코어,google,2026-06-28,0,0,원피스,111100
바이크코어,google,2026-07-05,0,0,원피스,111100
바이크코어,google,2026-07-12,0,0,원피스,111100
바이크코어,google,2026-07-19,0,0,원피스,111100
바이크코어,google,2026-07-26,0,0,원피스,111100
바이크코어,google,2026-08-02,0,0,원피스,111100
바이크코어,google,2026-08-09,0,0,원피스,111100
바이크코어,google,2026-08-16,0,0,원피스,111100
바이크코어,google,2026-08-23,0,0,원피스,111100
바이크코어,google,2026-08-30,0,0,원피스,111100
바이크코어,google,2026-09-06,0,0,원피스,111100
바이크코어,google,2026-09-13,0,0,원피스,111100
코티지코어,google,2025-09-14,0,0,원피스,111100
코티지코어,google,2025-09-21,0,0,원피스,111100
코티지코어,google,2025-09-28,0,0,원피스,111100
코티지코어,google,2025-10-05,0,0,원피스,111100
코티지코어,google,2025-10-12,0,0,원피스,111100
코티지코어,google,2025-10-19,4,6685,원피스,111100
코티지코어,google,2025-10-26,0,0,원피스,111100
코티지코어,google,2025-11-02,0,0,원피스,111100
코티지코어,google,2025-11-09,0,0,원피스,111100
코티지코어,google,2025-11-16,0,0,원피스,111100
코티지코어,google,2025-11-23,0,0,원피스,111100
코티지코어,google,2025-11-30,0,0,원피스,111100
코티지코어,google,2025-12-07,0,0,원피스,111100
코티지코어,google,2025-12-14,0,0,원피스,111100
코티지코어,google,2025-12-21,0,0,원피스,111100
코티지코어,google,2025-12-28,0,0,원피스,111100
코티지코어,google,2026-01-04,0,0,원피스,111100
코티지코어,google,2026-01-11,0,0,원피스,111100
코티지코어,google,2026-01-18,0,0,원피스,111100
코티지코어,google,2026-01-25,0,0,원피스,111100
코티지코어,google,2026-02-01,0,0,원피스,111100
코티지코어,google,2026-02-08,0,0,원피스,111100
코티지코어,google,2026-02-15,0,0,원피스,111100
코티지코어,google,2026-02-22,0,0,원피스,111100
코티지코어,google,2026-03-01,0,0,원피스,111100
코티지코어,google,2026-03-08,0,0,원피스,111100
코티지코어,google,2026-03-15,0,0,원피스,111100
코티지코어,google,2026-03-22,0,0,원피스,111100
코티지코어,google,2026-03-29,0,0,원피스,111100
코티지코어,google,2026-04-05,0,0,원피스,111100
코티지코어,google,2026-04-12,0,0,원피스,111100
코티지코어,google,2026-04-19,0,0,원피스,111100
코티지코어,google,2026-04-26,0,0,원피스,111100
코티지코어,google,2026-05-03,0,0,원피스,111100
코티지코어,google,2026-05-10,0,0,원피스,111100
코티지코어,google,2026-05-17,0,0,원피스,111100
코티지코어,google,2026-05-24,0,0,원피스,111100
코티지코어,google,2026-05-31,0,0,원피스,111100
코티지코어,google,2026-06-07,0,0,원피스,111100
코티지코어,google,2026-06-14,0,0,원피스,111100
코티지코어,google,2026-06-21,0,0,원피스,111100
코티지코어,google,2026-06-28,0,0,원피스,111100
코티지코어,google,2026-07-05,0,0,원피스,111100
코티지코어,google,2026-07-12,0,0,원피스,111100
코티지코어,google,2026-07-19,0,0,원피스,111100
코티지코어,google,2026-07-26,0,0,원피스,111100
코티지코어,google,2026-08-02,0,0,원피스,111100
코티지코어,google,2026-08-09,0,0,원피스,111100
코티지코어,google,2026-08-16,0,0,원피스,111100
코티지코어,google,2026-08-23,0,0,원피스,111100
코티지코어,google,2026-08-30,0,0,원피스,111100
코티지코어,google,2026-09-06,1,1671,원피스,111100
코티지코어,google,2026-09-13,0,0,원피스,111100
Y2K,google,2025-09-14,8,13371,원피스,111100
Y2K,google,2025-09-21,9,15042,원피스,111100
Y2K,google,2025-09-28,11,18385,원피스,111100
Y2K,google,2025-10-05,10,16713,원피스,111100
Y2K,google,2025-10-12,9,15042,원피스,111100
Y2K,google,2025-10-19,9,15042,원피스,111100
Y2K,google,2025-10-26,13,21728,원피스,111100
Y2K,google,2025-11-02,12,20056,원피스,111100
Y2K,google,2025-11-09,12,20056,원피스,111100
Y2K,google,2025-11-16,16,26742,원피스,111100
Y2K,google,2025-11-23,12,20056,원피스,111100
Y2K,google,2025-11-30,12,20056,원피스,111100
Y2K,google,2025-12-07,11,18385,원피스,111100
Y2K,google,2025-12-14,15,25070,원피스,111100
Y2K,google,2025-12-21,11,18385,원피스,111100
Y2K,google,2025-12-28,15,25070,원피스,111100
Y2K,google,2026-01-04,13,21728,원피스,111100
Y2K,google,2026-01-11,12,20056,원피스,111100
Y2K,google,2026-01-18,13,21728,원피스,111100
Y2K,google,2026-01-25,13,21728,원피스,111100
Y2K,google,2026-02-01,18,30084,원피스,111100
Y2K,google,2026-02-08,81,135382,원피스,111100
Y2K,google,2026-02-15,100,167138,원피스,111100
Y2K,google,2026-02-22,35,58498,원피스,111100
Y2K,google,2026-03-01,11,18385,원피스,111100
Y2K,google,2026-03-08,12,20056,원피스,111100
Y2K,google,2026-03-15,13,21728,원피스,111100
Y2K,google,2026-03-22,15,25070,원피스,111100
Y2K,google,2026-03-29,20,33427,원피스,111100
Y2K,google,2026-04-05,20,33427,원피스,111100
Y2K,google,2026-04-12,16,26742,원피스,111100
Y2K,google,2026-04-19,15,25070,원피스,111100
Y2K,google,2026-04-26,10,16713,원피스,111100
Y2K,google,2026-05-03,20,33427,원피스,111100
Y2K,google,2026-05-10,22,36770,원피스,111100
Y2K,google,2026-05-17,19,31756,원피스,111100
Y2K,google,2026-05-24,16,26742,원피스,111100
Y2K,google,2026-05-31,18,30084,원피스,111100
Y2K,google,2026-06-07,11,18385,원피스,111100
Y2K,google,2026-06-14,12,20056,원피스,111100
Y2K,google,2026-06-21,11,18385,원피스,111100
Y2K,google,2026-06-28,15,25070,원피스,111100
Y2K,google,2026-07-05,16,26742,원피스,111100
Y2K,google,2026-07-12,12,20056,원피스,111100
Y2K,google,2026-07-19,10,16713,원피스,111100
Y2K,google,2026-07-26,10,16713,원피스,111100
Y2K,google,2026-08-02,10,16713,원피스,111100
Y2K,google,2026-08-09,11,18385,원피스,111100
Y2K,google,2026-08-16,14,23399,원피스,111100
Y2K,google,2026-08-23,9,15042,원피스,111100
Y2K,google,2026-08-30,9,15042,원피스,111100
Y2K,google,2026-09-06,11,18385,원피스,111100
Y2K,google,2026-09-13,12,20056,원피스,111100
다크 아카데미아,google,2025-09-14,0,0,원피스,111100
다크 아카데미아,google,2025-09-21,0,0,원피스,111100
다크 아카데미아,google,2025-09-28,0,0,원피스,111100
다크 아카데미아,google,2025-10-05,0,0,원피스,111100
다크 아카데미아,google,2025-10-12,0,0,원피스,111100
다크 아카데미아,google,2025-10-19,0,0,원피스,111100
다크 아카데미아,google,2025-10-26,0,0,원피스,111100
다크 아카데미아,google,2025-11-02,0,0,원피스,111100
다크 아카데미아,google,2025-11-09,0,0,원피스,111100
다크 아카데미아,google,2025-11-16,0,0,원피스,111100
다크 아카데미아,google,2025-11-23,0,0,원피스,111100
다크 아카데미아,google,2025-11-30,0,0,원피스,111100
다크 아카데미아,google,2025-12-07,2,3342,원피스,111100
다크 아카데미아,google,2025-12-14,0,0,원피스,111100
다크 아카데미아,google,2025-12-21,0,0,원피스,111100
다크 아카데미아,google,2025-12-28,0,0,원피스,111100
다크 아카데미아,google,2026-01-04,0,0,원피스,111100
다크 아카데미아,google,2026-01-11,0,0,원피스,111100
다크 아카데미아,google,2026-01-18,0,0,원피스,111100
다크 아카데미아,google,2026-01-25,0,0,원피스,111100
다크 아카데미아,google,2026-02-01,0,0,원피스,111100
다크 아카데미아,google,2026-02-08,0,0,원피스,111100
다크 아카데미아,google,2026-02-15,0,0,원피스,111100
다크 아카데미아,google,2026-02-22,0,0,원피스,111100
다크 아카데미아,google,2026-03-01,0,0,원피스,111100
다크 아카데미아,google,2026-03-08,0,0,원피스,111100
다크 아카데미아,google,2026-03-15,0,0,원피스,111100
다크 아카데미아,google,2026-03-22,0,0,원피스,111100
다크 아카데미아,google,2026-03-29,0,0,원피스,111100
다크 아카데미아,google,2026-04-05,0,0,원피스,111100
다크 아카데미아,google,2026-04-12,0,0,원피스,111100
다크 아카데미아,google,2026-04-19,0,0,원피스,111100
다크 아카데미아,google,2026-04-26,0,0,원피스,111100
다크 아카데미아,google,2026-05-03,0,0,원피스,111100
다크 아카데미아,google,2026-05-10,0,0,원피스,111100
다크 아카데미아,google,2026-05-17,0,0,원피스,111100
다크 아카데미아,google,2026-05-24,0,0,원피스,111100
다크 아카데미아,google,2026-05-31,0,0,원피스,111100
다크 아카데미아,google,2026-06-07,0,0,원피스,111100
다크 아카데미아,google,2026-06-14,0,0,원피스,111100
다크 아카데미아,google,2026-06-21,0,0,원피스,111100
다크 아카데미아,google,2026-06-28,0,0,원피스,111100
다크 아카데미아,google,2026-07-05,0,0,원피스,111100
다크 아카데미아,google,2026-07-12,0,0,원피스,111100
다크 아카데미아,google,2026-07-19,0,0,원피스,111100
다크 아카데미아,google,2026-07-26,0,0,원피스,111100
다크 아카데미아,google,2026-08-02,0,0,원피스,111100
다크 아카데미아,google,2026-08-09,0,0,원피스,111100
다크 아카데미아,google,2026-08-16,0,0,원피스,111100
다크 아카데미아,google,2026-08-23,0,0,원피스,111100
다크 아카데미아,google,2026-08-30,0,0,원피스,111100
다크 아카데미아,google,2026-09-06,0,0,원피스,111100
다크 아카데미아,google,2026-09-13,0,0,원피스,111100
레트로,google,2025-09-14,47,78555,원피스,111100
레트로,google,2025-09-21,50,83569,원피스,111100
레트로,google,2025-09-28,44,73541,원피스,111100
레트로,google,2025-10-05,47,78555,원피스,111100
레트로,google,2025-10-12,50,83569,원피스,111100
레트로,google,2025-10-19,48,80226,원피스,111100
레트로,google,2025-10-26,50,83569,원피스,111100
레트로,google,2025-11-02,50,83569,원피스,111100
레트로,google,2025-11-09,46,76883,원피스,111100
레트로,google,2025-11-16,50,83569,원피스,111100
레트로,google,2025-11-23,52,86912,원피스,111100
레트로,google,2025-11-30,51,85240,원피스,111100
레트로,google,2025-12-07,49,81898,원피스,111100
레트로,google,2025-12-14,47,78555,원피스,111100
레트로,google,2025-12-21,49,81898,원피스,111100
레트로,google,2025-12-28,44,73541,원피스,111100
레트로,google,2026-01-04,46,76883,원피스,111100
레트로,google,2026-01-11,45,75212,원피스,111100
레트로,google,2026-01-18,46,76883,원피스,111100
레트로,google,2026-01-25,41,68526,원피스,111100
레트로,google,2026-02-01,40,66855,원피스,111100
레트로,google,2026-02-08,40,66855,원피스,111100
레트로,google,2026-02-15,40,66855,원피스,111100
레트로,google,2026-02-22,44,73541,원피스,111100
레트로,google,2026-03-01,48,80226,원피스,111100
레트로,google,2026-03-08,49,81898,원피스,111100
레트로,google,2026-03-15,46,76883,원피스,111100
레트로,google,2026-03-22,43,71869,원피스,111100
레트로,google,2026-03-29,41,68526,원피스,111100
레트로,google,2026-04-05,40,66855,원피스,111100
레트로,google,2026-04-12,43,71869,원피스,111100
레트로,google,2026-04-19,41,68526,원피스,111100
레트로,google,2026-04-26,41,68526,원피스,111100
레트로,google,2026-05-03,44,73541,원피스,111100
레트로,google,2026-05-10,45,75212,원피스,111100
레트로,google,2026-05-17,42,70198,원피스,111100
레트로,google,2026-05-24,41,68526,원피스,111100
레트로,google,2026-05-31,43,71869,원피스,111100
레트로,google,2026-06-07,35,58498,원피스,111100
레트로,google,2026-06-14,38,63512,원피스,111100
레트로,google,2026-06-21,40,66855,원피스,111100
레트로,google,2026-06-28,39,65184,원피스,111100
레트로,google,2026-07-05,41,68526,원피스,111100
레트로,google,2026-07-12,40,66855,원피스,111100
레트로,google,2026-07-19,50,83569,원피스,111100
레트로,google,2026-07-26,51,85240,원피스,111100
레트로,google,2026-08-02,52,86912,원피스,111100
레트로,google,2026-08-09,44,73541,원피스,111100
레트로,google,2026-08-16,54,90254,원피스,111100
레트로,google,2026-08-23,52,86912,원피스,111100
레트로,google,2026-08-30,45,75212,원피스,111100
레트로,google,2026-09-06,48,80226,원피스,111100
레트로,google,2026-09-13,58,96940,원피스,111100
놈코어,google,2025-09-14,0,0,원피스,111100
놈코어,google,2025-09-21,0,0,원피스,111100
놈코어,google,2025-09-28,0,0,원피스,111100
놈코어,google,2025-10-05,0,0,원피스,111100
놈코어,google,2025-10-12,0,0,원피스,111100
놈코어,google,2025-10-19,0,0,원피스,111100
놈코어,google,2025-10-26,0,0,원피스,111100
놈코어,google,2025-11-02,0,0,원피스,111100
놈코어,google,2025-11-09,0,0,원피스,111100
놈코어,google,2025-11-16,0,0,원피스,111100
놈코어,google,2025-11-23,0,0,원피스,111100
놈코어,google,2025-11-30,0,0,원피스,111100
놈코어,google,2025-12-07,0,0,원피스,111100
놈코어,google,2025-12-14,0,0,원피스,111100
놈코어,google,2025-12-21,0,0,원피스,111100
놈코어,google,2025-12-28,0,0,원피스,111100
놈코어,google,2026-01-04,0,0,원피스,111100
놈코어,google,2026-01-11,0,0,원피스,111100
놈코어,google,2026-01-18,0,0,원피스,111100
놈코어,google,2026-01-25,0,0,원피스,111100
놈코어,google,2026-02-01,0,0,원피스,111100
놈코어,google,2026-02-08,0,0,원피스,111100
놈코어,google,2026-02-15,0,0,원피스,111100
놈코어,google,2026-02-22,0,0,원피스,111100
놈코어,google,2026-03-01,0,0,원피스,111100
놈코어,google,2026-03-08,0,0,원피스,111100
놈코어,google,2026-03-15,0,0,원피스,111100
놈코어,google,2026-03-22,0,0,원피스,111100
놈코어,google,2026-03-29,0,0,원피스,111100
놈코어,google,2026-04-05,0,0,원피스,111100
놈코어,google,2026-04-12,0,0,원피스,111100
놈코어,google,2026-04-19,3,5014,원피스,111100
놈코어,google,2026-04-26,0,0,원피스,111100
놈코어,google,2026-05-03,0,0,원피스,111100
놈코어,google,2026-05-10,0,0,원피스,111100
놈코어,google,2026-05-17,0,0,원피스,111100
놈코어,google,2026-05-24,0,0,원피스,111100
놈코어,google,2026-05-31,0,0,원피스,111100
놈코어,google,2026-06-07,0,0,원피스,111100
놈코어,google,2026-06-14,0,0,원피스,111100
놈코어,google,2026-06-21,0,0,원피스,111100
놈코어,google,2026-06-28,0,0,원피스,111100
놈코어,google,2026-07-05,0,0,원피스,111100
놈코어,google,2026-07-12,0,0,원피스,111100
놈코어,google,2026-07-19,0,0,원피스,111100
놈코어,google,2026-07-26,0,0,원피스,111100
놈코어,google,2026-08-02,0,0,원피스,111100
놈코어,google,2026-08-09,0,0,원피스,111100
놈코어,google,2026-08-16,0,0,원피스,111100
놈코어,google,2026-08-23,0,0,원피스,111100
놈코어,google,2026-08-30,0,0,원피스,111100
놈코어,google,2026-09-06,0,0,원피스,111100
놈코어,google,2026-09-13,0,0,원피스,111100
클린 걸,google,2025-09-14,0,0,원피스,111100
클린 걸,google,2025-09-21,0,0,원피스,111100
클린 걸,google,2025-09-28,0,0,원피스,111100
클린 걸,google,2025-10-05,0,0,원피스,111100
클린 걸,google,2025-10-12,0,0,원피스,111100
클린 걸,google,2025-10-19,0,0,원피스,111100
클린 걸,google,2025-10-26,0,0,원피스,111100
클린 걸,google,2025-11-02,0,0,원피스,111100
클린 걸,google,2025-11-09,0,0,원피스,111100
클린 걸,google,2025-11-16,0,0,원피스,111100
클린 걸,google,2025-11-23,0,0,원피스,111100
클린 걸,google,2025-11-30,0,0,원피스,111100
클린 걸,google,2025-12-07,0,0,원피스,111100
클린 걸,google,2025-12-14,0,0,원피스,111100
클린 걸,google,2025-12-21,0,0,원피스,111100
클린 걸,google,2025-12-28,0,0,원피스,111100
클린 걸,google,2026-01-04,0,0,원피스,111100
클린 걸,google,2026-01-11,0,0,원피스,111100
클린 걸,google,2026-01-18,0,0,원피스,111100
클린 걸,google,2026-01-25,0,0,원피스,111100
클린 걸,google,2026-02-01,0,0,원피스,111100
클린 걸,google,2026-02-08,0,0,원피스,111100
클린 걸,google,2026-02-15,0,0,원피스,111100
클린 걸,google,2026-02-22,0,0,원피스,111100
클린 걸,google,2026-03-01,0,0,원피스,111100
클린 걸,google,2026-03-08,0,0,원피스,111100
클린 걸,google,2026-03-15,0,0,원피스,111100
클린 걸,google,2026-03-22,0,0,원피스,111100
클린 걸,google,2026-03-29,0,0,원피스,111100
클린 걸,google,2026-04-05,0,0,원피스,111100
클린 걸,google,2026-04-12,0,0,원피스,111100
클린 걸,google,2026-04-19,0,0,원피스,111100
클린 걸,google,2026-04-26,0,0,원피스,111100
클린 걸,google,2026-05-03,0,0,원피스,111100
클린 걸,google,2026-05-10,0,0,원피스,111100
클린 걸,google,2026-05-17,0,0,원피스,111100
클린 걸,google,2026-05-24,0,0,원피스,111100
클린 걸,google,2026-05-31,0,0,원피스,111100
클린 걸,google,2026-06-07,0,0,원피스,111100
클린 걸,google,2026-06-14,0,0,원피스,111100
클린 걸,google,2026-06-21,2,3342,원피스,111100
클린 걸,google,2026-06-28,0,0,원피스,111100
클린 걸,google,2026-07-05,0,0,원피스,111100
클린 걸,google,2026-07-12,0,0,원피스,111100
클린 걸,google,2026-07-19,0,0,원피스,111100
클린 걸,google,2026-07-26,0,0,원피스,111100
클린 걸,google,2026-08-02,0,0,원피스,111100
클린 걸,google,2026-08-09,0,0,원피스,111100
클린 걸,google,2026-08-16,0,0,원피스,111100
클린 걸,google,2026-08-23,0,0,원피스,111100
클린 걸,google,2026-08-30,0,0,원피스,111100
클린 걸,google,2026-09-06,0,0,원피스,111100
클린 걸,google,2026-09-13,1,1671,원피스,111100
골프,google,2025-09-14,26,43456,원피스,111100
골프,google,2025-09-21,24,40113,원피스,111100
골프,google,2025-09-28,26,43456,원피스,111100
골프,google,2025-10-05,26,43456,원피스,111100
골프,google,2025-10-12,28,46798,원피스,111100
골프,google,2025-10-19,28,46798,원피스,111100
골프,google,2025-10-26,26,43456,원피스,111100
골프,google,2025-11-02,28,46798,원피스,111100
골프,google,2025-11-09,27,45127,원피스,111100
골프,google,2025-11-16,27,45127,원피스,111100
골프,google,2025-11-23,26,43456,원피스,111100
골프,google,2025-11-30,26,43456,원피스,111100
골프,google,2025-12-07,25,41784,원피스,111100
골프,google,2025-12-14,22,36770,원피스,111100
골프,google,2025-12-21,22,36770,원피스,111100
골프,google,2025-12-28,22,36770,원피스,111100
골프,google,2026-01-04,22,36770,원피스,111100
골프,google,2026-01-11,21,35099,원피스,111100
골프,google,2026-01-18,22,36770,원피스,111100
골프,google,2026-01-25,23,38441,원피스,111100
골프,google,2026-02-01,21,35099,원피스,111100
골프,google,2026-02-08,19,31756,원피스,111100
골프,google,2026-02-15,22,36770,원피스,111100
골프,google,2026-02-22,26,43456,원피스,111100
골프,google,2026-03-01,26,43456,원피스,111100
골프,google,2026-03-08,26,43456,원피스,111100
골프,google,2026-03-15,27,45127,원피스,111100
골프,google,2026-03-22,29,48470,원피스,111100
골프,google,2026-03-29,30,50141,원피스,111100
골프,google,2026-04-05,31,51813,원피스,111100
골프,google,2026-04-12,48,80226,원피스,111100
골프,google,2026-04-19,30,50141,원피스,111100
골프,google,2026-04-26,28,46798,원피스,111100
골프,google,2026-05-03,34,56827,원피스,111100
골프,google,2026-05-10,34,56827,원피스,111100
골프,google,2026-05-17,30,50141,원피스,111100
골프,google,2026-05-24,43,71869,원피스,111100
골프,google,2026-05-31,34,56827,원피스,111100
골프,google,2026-06-07,34,56827,원피스,111100
골프,google,2026-06-14,29,48470,원피스,111100
골프,google,2026-06-21,31,51813,원피스,111100
골프,google,2026-06-28,33,55155,원피스,111100
골프,google,2026-07-05,32,53484,원피스,111100
골프,google,2026-07-12,30,50141,원피스,111100
골프,google,2026-07-19,31,51813,원피스,111100
골프,google,2026-07-26,38,63512,원피스,111100
골프,google,2026-08-02,29,48470,원피스,111100
골프,google,2026-08-09,34,56827,원피스,111100
골프,google,2026-08-16,50,83569,원피스,111100
골프,google,2026-08-23,48,80226,원피스,111100
골프,google,2026-08-30,26,43456,원피스,111100
골프,google,2026-09-06,36,60169,원피스,111100
골프,google,2026-09-13,52,86912,원피스,111100
면접,google,2025-09-14,32,53484,원피스,111100
면접,google,2025-09-21,31,51813,원피스,111100
면접,google,2025-09-28,30,50141,원피스,111100
면접,google,2025-10-05,21,35099,원피스,111100
면접,google,2025-10-12,38,63512,원피스,111100
면접,google,2025-10-19,38,63512,원피스,111100
면접,google,2025-10-26,38,63512,원피스,111100
면접,google,2025-11-02,42,70198,원피스,111100
면접,google,2025-11-09,45,75212,원피스,111100
면접,google,2025-11-16,49,81898,원피스,111100
면접,google,2025-11-23,44,73541,원피스,111100
면접,google,2025-11-30,35,58498,원피스,111100
면접,google,2025-12-07,31,51813,원피스,111100
면접,google,2025-12-14,29,48470,원피스,111100
면접,google,2025-12-21,22,36770,원피스,111100
면접,google,2025-12-28,20,33427,원피스,111100
면접,google,2026-01-04,25,41784,원피스,111100
면접,google,2026-01-11,27,45127,원피스,111100
면접,google,2026-01-18,25,41784,원피스,111100
면접,google,2026-01-25,21,35099,원피스,111100
면접,google,2026-02-01,21,35099,원피스,111100
면접,google,2026-02-08,19,31756,원피스,111100
면접,google,2026-02-15,14,23399,원피스,111100
면접,google,2026-02-22,24,40113,원피스,111100
면접,google,2026-03-01,23,38441,원피스,111100
면접,google,2026-03-08,27,45127,원피스,111100
면접,google,2026-03-15,27,45127,원피스,111100
면접,google,2026-03-22,25,41784,원피스,111100
면접,google,2026-03-29,24,40113,원피스,111100
면접,google,2026-04-05,25,41784,원피스,111100
면접,google,2026-04-12,26,43456,원피스,111100
면접,google,2026-04-19,24,40113,원피스,111100
면접,google,2026-04-26,23,38441,원피스,111100
면접,google,2026-05-03,28,46798,원피스,111100
면접,google,2026-05-10,31,51813,원피스,111100
면접,google,2026-05-17,28,46798,원피스,111100
면접,google,2026-05-24,28,46798,원피스,111100
면접,google,2026-05-31,29,48470,원피스,111100
면접,google,2026-06-07,27,45127,원피스,111100
면접,google,2026-06-14,22,36770,원피스,111100
면접,google,2026-06-21,23,38441,원피스,111100
면접,google,2026-06-28,23,38441,원피스,111100
면접,google,2026-07-05,23,38441,원피스,111100
면접,google,2026-07-12,23,38441,원피스,111100
면접,google,2026-07-19,22,36770,원피스,111100
면접,google,2026-07-26,21,35099,원피스,111100
면접,google,2026-08-02,21,35099,원피스,111100
면접,google,2026-08-09,22,36770,원피스,111100
면접,google,2026-08-16,23,38441,원피스,111100
면접,google,2026-08-23,25,41784,원피스,111100
면접,google,2026-08-30,23,38441,원피스,111100
면접,google,2026-09-06,38,63512,원피스,111100
면접,google,2026-09-13,29,48470,원피스,111100
명절,google,2025-09-14,14,23399,원피스,111100
명절,google,2025-09-21,10,16713,원피스,111100
명절,google,2025-09-28,22,36770,원피스,111100
명절,google,2025-10-05,17,28413,원피스,111100
명절,google,2025-10-12,3,5014,원피스,111100
명절,google,2025-10-19,2,3342,원피스,111100
명절,google,2025-10-26,2,3342,원피스,111100
명절,google,2025-11-02,2,3342,원피스,111100
명절,google,2025-11-09,2,3342,원피스,111100
명절,google,2025-11-16,1,1671,원피스,111100
명절,google,2025-11-23,1,1671,원피스,111100
명절,google,2025-11-30,2,3342,원피스,111100
명절,google,2025-12-07,2,3342,원피스,111100
명절,google,2025-12-14,2,3342,원피스,111100
명절,google,2025-12-21,2,3342,원피스,111100
명절,google,2025-12-28,2,3342,원피스,111100
명절,google,2026-01-04,3,5014,원피스,111100
명절,google,2026-01-11,3,5014,원피스,111100
명절,google,2026-01-18,6,10028,원피스,111100
명절,google,2026-01-25,6,10028,원피스,111100
명절,google,2026-02-01,9,15042,원피스,111100
명절,google,2026-02-08,20,33427,원피스,111100
명절,google,2026-02-15,17,28413,원피스,111100
명절,google,2026-02-22,3,5014,원피스,111100
명절,google,2026-03-01,1,1671,원피스,111100
명절,google,2026-03-08,1,1671,원피스,111100
명절,google,2026-03-15,1,1671,원피스,111100
명절,google,2026-03-22,1,1671,원피스,111100
명절,google,2026-03-29,1,1671,원피스,111100
명절,google,2026-04-05,1,1671,원피스,111100
명절,google,2026-04-12,1,1671,원피스,111100
명절,google,2026-04-19,1,1671,원피스,111100
명절,google,2026-04-26,1,1671,원피스,111100
명절,google,2026-05-03,1,1671,원피스,111100
명절,google,2026-05-10,1,1671,원피스,111100
명절,google,2026-05-17,1,1671,원피스,111100
명절,google,2026-05-24,1,1671,원피스,111100
명절,google,2026-05-31,1,1671,원피스,111100
명절,google,2026-06-07,1,1671,원피스,111100
명절,google,2026-06-14,1,1671,원피스,111100
명절,google,2026-06-21,1,1671,원피스,111100
명절,google,2026-06-28,1,1671,원피스,111100
명절,google,2026-07-05,1,1671,원피스,111100
명절,google,2026-07-12,1,1671,원피스,111100
명절,google,2026-07-19,1,1671,원피스,111100
명절,google,2026-07-26,1,1671,원피스,111100
명절,google,2026-08-02,1,1671,원피스,111100
명절,google,2026-08-09,2,3342,원피스,111100
명절,google,2026-08-16,2,3342,원피스,111100
명절,google,2026-08-23,3,5014,원피스,111100
명절,google,2026-08-30,4,6685,원피스,111100
명절,google,2026-09-06,9,15042,원피스,111100
명절,google,2026-09-13,7,11699,원피스,111100
운동,google,2025-09-14,50,83569,원피스,111100
운동,google,2025-09-21,49,81898,원피스,111100
운동,google,2025-09-28,46,76883,원피스,111100
운동,google,2025-10-05,42,70198,원피스,111100
운동,google,2025-10-12,51,85240,원피스,111100
운동,google,2025-10-19,50,83569,원피스,111100
운동,google,2025-10-26,49,81898,원피스,111100
운동,google,2025-11-02,55,91926,원피스,111100
운동,google,2025-11-09,47,78555,원피스,111100
운동,google,2025-11-16,49,81898,원피스,111100
운동,google,2025-11-23,45,75212,원피스,111100
운동,google,2025-11-30,50,83569,원피스,111100
운동,google,2025-12-07,47,78555,원피스,111100
운동,google,2025-12-14,46,76883,원피스,111100
운동,google,2025-12-21,41,68526,원피스,111100
운동,google,2025-12-28,43,71869,원피스,111100
운동,google,2026-01-04,42,70198,원피스,111100
운동,google,2026-01-11,43,71869,원피스,111100
운동,google,2026-01-18,52,86912,원피스,111100
운동,google,2026-01-25,48,80226,원피스,111100
운동,google,2026-02-01,41,68526,원피스,111100
운동,google,2026-02-08,39,65184,원피스,111100
운동,google,2026-02-15,34,56827,원피스,111100
운동,google,2026-02-22,44,73541,원피스,111100
운동,google,2026-03-01,44,73541,원피스,111100
운동,google,2026-03-08,47,78555,원피스,111100
운동,google,2026-03-15,45,75212,원피스,111100
운동,google,2026-03-22,48,80226,원피스,111100
운동,google,2026-03-29,47,78555,원피스,111100
운동,google,2026-04-05,64,106968,원피스,111100
운동,google,2026-04-12,77,128696,원피스,111100
운동,google,2026-04-19,72,120339,원피스,111100
운동,google,2026-04-26,63,105297,원피스,111100
운동,google,2026-05-03,83,138725,원피스,111100
운동,google,2026-05-10,72,120339,원피스,111100
운동,google,2026-05-17,90,150424,원피스,111100
운동,google,2026-05-24,100,167138,원피스,111100
운동,google,2026-05-31,98,163796,원피스,111100
운동,google,2026-06-07,71,118668,원피스,111100
운동,google,2026-06-14,62,103626,원피스,111100
운동,google,2026-06-21,70,116997,원피스,111100
운동,google,2026-06-28,58,96940,원피스,111100
운동,google,2026-07-05,71,118668,원피스,111100
운동,google,2026-07-12,70,116997,원피스,111100
운동,google,2026-07-19,44,73541,원피스,111100
운동,google,2026-07-26,72,120339,원피스,111100
운동,google,2026-08-02,53,88583,원피스,111100
운동,google,2026-08-09,41,68526,원피스,111100
운동,google,2026-08-16,43,71869,원피스,111100
운동,google,2026-08-23,46,76883,원피스,111100
운동,google,2026-08-30,66,110311,원피스,111100
운동,google,2026-09-06,65,108640,원피스,111100
운동,google,2026-09-13,95,158781,원피스,111100
출근,google,2025-09-14,8,13371,원피스,111100
출근,google,2025-09-21,7,11699,원피스,111100
출근,google,2025-09-28,6,10028,원피스,111100
출근,google,2025-10-05,6,10028,원피스,111100
출근,google,2025-10-12,7,11699,원피스,111100
출근,google,2025-10-19,6,10028,원피스,111100
출근,google,2025-10-26,6,10028,원피스,111100
출근,google,2025-11-02,7,11699,원피스,111100
출근,google,2025-11-09,10,16713,원피스,111100
출근,google,2025-11-16,6,10028,원피스,111100
출근,google,2025-11-23,6,10028,원피스,111100
출근,google,2025-11-30,5,8356,원피스,111100
출근,google,2025-12-07,6,10028,원피스,111100
출근,google,2025-12-14,6,10028,원피스,111100
출근,google,2025-12-21,7,11699,원피스,111100
출근,google,2025-12-28,6,10028,원피스,111100
출근,google,2026-01-04,7,11699,원피스,111100
출근,google,2026-01-11,6,10028,원피스,111100
출근,google,2026-01-18,6,10028,원피스,111100
출근,google,2026-01-25,6,10028,원피스,111100
출근,google,2026-02-01,6,10028,원피스,111100
출근,google,2026-02-08,5,8356,원피스,111100
출근,google,2026-02-15,4,6685,원피스,111100
출근,google,2026-02-22,6,10028,원피스,111100
출근,google,2026-03-01,6,10028,원피스,111100
출근,google,2026-03-08,6,10028,원피스,111100
출근,google,2026-03-15,6,10028,원피스,111100
출근,google,2026-03-22,5,8356,원피스,111100
출근,google,2026-03-29,6,10028,원피스,111100
출근,google,2026-04-05,5,8356,원피스,111100
출근,google,2026-04-12,5,8356,원피스,111100
출근,google,2026-04-19,5,8356,원피스,111100
출근,google,2026-04-26,5,8356,원피스,111100
출근,google,2026-05-03,5,8356,원피스,111100
출근,google,2026-05-10,5,8356,원피스,111100
출근,google,2026-05-17,6,10028,원피스,111100
출근,google,2026-05-24,7,11699,원피스,111100
출근,google,2026-05-31,9,15042,원피스,111100
출근,google,2026-06-07,8,13371,원피스,111100
출근,google,2026-06-14,7,11699,원피스,111100
출근,google,2026-06-21,11,18385,원피스,111100
출근,google,2026-06-28,11,18385,원피스,111100
출근,google,2026-07-05,10,16713,원피스,111100
출근,google,2026-07-12,9,15042,원피스,111100
출근,google,2026-07-19,10,16713,원피스,111100
출근,google,2026-07-26,8,13371,원피스,111100
출근,google,2026-08-02,6,10028,원피스,111100
출근,google,2026-08-09,5,8356,원피스,111100
출근,google,2026-08-16,6,10028,원피스,111100
출근,google,2026-08-23,6,10028,원피스,111100
출근,google,2026-08-30,6,10028,원피스,111100
출근,google,2026-09-06,9,15042,원피스,111100
출근,google,2026-09-13,11,18385,원피스,111100
상견례,google,2025-09-14,3,5014,원피스,111100
상견례,google,2025-09-21,3,5014,원피스,111100
상견례,google,2025-09-28,4,6685,원피스,111100
상견례,google,2025-10-05,4,6685,원피스,111100
상견례,google,2025-10-12,4,6685,원피스,111100
상견례,google,2025-10-19,4,6685,원피스,111100
상견례,google,2025-10-26,5,8356,원피스,111100
상견례,google,2025-11-02,4,6685,원피스,111100
상견례,google,2025-11-09,4,6685,원피스,111100
상견례,google,2025-11-16,4,6685,원피스,111100
상견례,google,2025-11-23,4,6685,원피스,111100
상견례,google,2025-11-30,4,6685,원피스,111100
상견례,google,2025-12-07,3,5014,원피스,111100
상견례,google,2025-12-14,4,6685,원피스,111100
상견례,google,2025-12-21,6,10028,원피스,111100
상견례,google,2025-12-28,4,6685,원피스,111100
상견례,google,2026-01-04,5,8356,원피스,111100
상견례,google,2026-01-11,5,8356,원피스,111100
상견례,google,2026-01-18,5,8356,원피스,111100
상견례,google,2026-01-25,5,8356,원피스,111100
상견례,google,2026-02-01,4,6685,원피스,111100
상견례,google,2026-02-08,3,5014,원피스,111100
상견례,google,2026-02-15,5,8356,원피스,111100
상견례,google,2026-02-22,5,8356,원피스,111100
상견례,google,2026-03-01,6,10028,원피스,111100
상견례,google,2026-03-08,5,8356,원피스,111100
상견례,google,2026-03-15,5,8356,원피스,111100
상견례,google,2026-03-22,5,8356,원피스,111100
상견례,google,2026-03-29,5,8356,원피스,111100
상견례,google,2026-04-05,6,10028,원피스,111100
상견례,google,2026-04-12,4,6685,원피스,111100
상견례,google,2026-04-19,4,6685,원피스,111100
상견례,google,2026-04-26,4,6685,원피스,111100
상견례,google,2026-05-03,5,8356,원피스,111100
상견례,google,2026-05-10,5,8356,원피스,111100
상견례,google,2026-05-17,5,8356,원피스,111100
상견례,google,2026-05-24,5,8356,원피스,111100
상견례,google,2026-05-31,4,6685,원피스,111100
상견례,google,2026-06-07,4,6685,원피스,111100
상견례,google,2026-06-14,4,6685,원피스,111100
상견례,google,2026-06-21,3,5014,원피스,111100
상견례,google,2026-06-28,3,5014,원피스,111100
상견례,google,2026-07-05,4,6685,원피스,111100
상견례,google,2026-07-12,4,6685,원피스,111100
상견례,google,2026-07-19,3,5014,원피스,111100
상견례,google,2026-07-26,3,5014,원피스,111100
상견례,google,2026-08-02,3,5014,원피스,111100
상견례,google,2026-08-09,3,5014,원피스,111100
상견례,google,2026-08-16,3,5014,원피스,111100
상견례,google,2026-08-23,3,5014,원피스,111100
상견례,google,2026-08-30,3,5014,원피스,111100
상견례,google,2026-09-06,3,5014,원피스,111100
상견례,google,2026-09-13,4,6685,원피스,111100
장례식,google,2025-09-14,14,23399,원피스,111100
장례식,google,2025-09-21,13,21728,원피스,111100
장례식,google,2025-09-28,13,21728,원피스,111100
장례식,google,2025-10-05,14,23399,원피스,111100
장례식,google,2025-10-12,12,20056,원피스,111100
장례식,google,2025-10-19,14,23399,원피스,111100
장례식,google,2025-10-26,16,26742,원피스,111100
장례식,google,2025-11-02,14,23399,원피스,111100
장례식,google,2025-11-09,15,25070,원피스,111100
장례식,google,2025-11-16,16,26742,원피스,111100
장례식,google,2025-11-23,17,28413,원피스,111100
장례식,google,2025-11-30,14,23399,원피스,111100
장례식,google,2025-12-07,16,26742,원피스,111100
장례식,google,2025-12-14,14,23399,원피스,111100
장례식,google,2025-12-21,14,23399,원피스,111100
장례식,google,2025-12-28,14,23399,원피스,111100
장례식,google,2026-01-04,14,23399,원피스,111100
장례식,google,2026-01-11,15,25070,원피스,111100
장례식,google,2026-01-18,15,25070,원피스,111100
장례식,google,2026-01-25,15,25070,원피스,111100
장례식,google,2026-02-01,13,21728,원피스,111100
장례식,google,2026-02-08,12,20056,원피스,111100
장례식,google,2026-02-15,12,20056,원피스,111100
장례식,google,2026-02-22,14,23399,원피스,111100
장례식,google,2026-03-01,12,20056,원피스,111100
장례식,google,2026-03-08,12,20056,원피스,111100
장례식,google,2026-03-15,13,21728,원피스,111100
장례식,google,2026-03-22,13,21728,원피스,111100
장례식,google,2026-03-29,14,23399,원피스,111100
장례식,google,2026-04-05,13,21728,원피스,111100
장례식,google,2026-04-12,11,18385,원피스,111100
장례식,google,2026-04-19,11,18385,원피스,111100
장례식,google,2026-04-26,12,20056,원피스,111100
장례식,google,2026-05-03,13,21728,원피스,111100
장례식,google,2026-05-10,11,18385,원피스,111100
장례식,google,2026-05-17,12,20056,원피스,111100
장례식,google,2026-05-24,11,18385,원피스,111100
장례식,google,2026-05-31,12,20056,원피스,111100
장례식,google,2026-06-07,11,18385,원피스,111100
장례식,google,2026-06-14,10,16713,원피스,111100
장례식,google,2026-06-21,11,18385,원피스,111100
장례식,google,2026-06-28,13,21728,원피스,111100
장례식,google,2026-07-05,11,18385,원피스,111100
장례식,google,2026-07-12,12,20056,원피스,111100
장례식,google,2026-07-19,12,20056,원피스,111100
장례식,google,2026-07-26,10,16713,원피스,111100
장례식,google,2026-08-02,11,18385,원피스,111100
장례식,google,2026-08-09,11,18385,원피스,111100
장례식,google,2026-08-16,11,18385,원피스,111100
장례식,google,2026-08-23,12,20056,원피스,111100
장례식,google,2026-08-30,11,18385,원피스,111100
장례식,google,2026-09-06,11,18385,원피스,111100
장례식,google,2026-09-13,13,21728,원피스,111100
졸업식,google,2025-09-14,3,5014,원피스,111100
졸업식,google,2025-09-21,3,5014,원피스,111100
졸업식,google,2025-09-28,2,3342,원피스,111100
졸업식,google,2025-10-05,3,5014,원피스,111100
졸업식,google,2025-10-12,3,5014,원피스,111100
졸업식,google,2025-10-19,4,6685,원피스,111100
졸업식,google,2025-10-26,4,6685,원피스,111100
졸업식,google,2025-11-02,4,6685,원피스,111100
졸업식,google,2025-11-09,4,6685,원피스,111100
졸업식,google,2025-11-16,5,8356,원피스,111100
졸업식,google,2025-11-23,7,11699,원피스,111100
졸업식,google,2025-11-30,8,13371,원피스,111100
졸업식,google,2025-12-07,8,13371,원피스,111100
졸업식,google,2025-12-14,12,20056,원피스,111100
졸업식,google,2025-12-21,13,21728,원피스,111100
졸업식,google,2025-12-28,20,33427,원피스,111100
졸업식,google,2026-01-04,24,40113,원피스,111100
졸업식,google,2026-01-11,12,20056,원피스,111100
졸업식,google,2026-01-18,13,21728,원피스,111100
졸업식,google,2026-01-25,15,25070,원피스,111100
졸업식,google,2026-02-01,26,43456,원피스,111100
졸업식,google,2026-02-08,24,40113,원피스,111100
졸업식,google,2026-02-15,23,38441,원피스,111100
졸업식,google,2026-02-22,19,31756,원피스,111100
졸업식,google,2026-03-01,5,8356,원피스,111100
졸업식,google,2026-03-08,3,5014,원피스,111100
졸업식,google,2026-03-15,4,6685,원피스,111100
졸업식,google,2026-03-22,4,6685,원피스,111100
졸업식,google,2026-03-29,3,5014,원피스,111100
졸업식,google,2026-04-05,2,3342,원피스,111100
졸업식,google,2026-04-12,3,5014,원피스,111100
졸업식,google,2026-04-19,2,3342,원피스,111100
졸업식,google,2026-04-26,2,3342,원피스,111100
졸업식,google,2026-05-03,3,5014,원피스,111100
졸업식,google,2026-05-10,3,5014,원피스,111100
졸업식,google,2026-05-17,3,5014,원피스,111100
졸업식,google,2026-05-24,4,6685,원피스,111100
졸업식,google,2026-05-31,3,5014,원피스,111100
졸업식,google,2026-06-07,2,3342,원피스,111100
졸업식,google,2026-06-14,3,5014,원피스,111100
졸업식,google,2026-06-21,3,5014,원피스,111100
졸업식,google,2026-06-28,3,5014,원피스,111100
졸업식,google,2026-07-05,3,5014,원피스,111100
졸업식,google,2026-07-12,3,5014,원피스,111100
졸업식,google,2026-07-19,4,6685,원피스,111100
졸업식,google,2026-07-26,3,5014,원피스,111100
졸업식,google,2026-08-02,4,6685,원피스,111100
졸업식,google,2026-08-09,6,10028,원피스,111100
졸업식,google,2026-08-16,8,13371,원피스,111100
졸업식,google,2026-08-23,6,10028,원피스,111100
졸업식,google,2026-08-30,2,3342,원피스,111100
졸업식,google,2026-09-06,3,5014,원피스,111100
졸업식,google,2026-09-13,3,5014,원피스,111100
집들이,google,2025-09-14,3,5014,원피스,111100
집들이,google,2025-09-21,3,5014,원피스,111100
집들이,google,2025-09-28,4,6685,원피스,111100
집들이,google,2025-10-05,2,3342,원피스,111100
집들이,google,2025-10-12,3,5014,원피스,111100
집들이,google,2025-10-19,3,5014,원피스,111100
집들이,google,2025-10-26,3,5014,원피스,111100
집들이,google,2025-11-02,3,5014,원피스,111100
집들이,google,2025-11-09,3,5014,원피스,111100
집들이,google,2025-11-16,3,5014,원피스,111100
집들이,google,2025-11-23,3,5014,원피스,111100
집들이,google,2025-11-30,4,6685,원피스,111100
집들이,google,2025-12-07,4,6685,원피스,111100
집들이,google,2025-12-14,4,6685,원피스,111100
집들이,google,2025-12-21,3,5014,원피스,111100
집들이,google,2025-12-28,4,6685,원피스,111100
집들이,google,2026-01-04,4,6685,원피스,111100
집들이,google,2026-01-11,3,5014,원피스,111100
집들이,google,2026-01-18,4,6685,원피스,111100
집들이,google,2026-01-25,4,6685,원피스,111100
집들이,google,2026-02-01,4,6685,원피스,111100
집들이,google,2026-02-08,4,6685,원피스,111100
집들이,google,2026-02-15,3,5014,원피스,111100
집들이,google,2026-02-22,4,6685,원피스,111100
집들이,google,2026-03-01,4,6685,원피스,111100
집들이,google,2026-03-08,3,5014,원피스,111100
집들이,google,2026-03-15,3,5014,원피스,111100
집들이,google,2026-03-22,4,6685,원피스,111100
집들이,google,2026-03-29,3,5014,원피스,111100
집들이,google,2026-04-05,3,5014,원피스,111100
집들이,google,2026-04-12,3,5014,원피스,111100
집들이,google,2026-04-19,2,3342,원피스,111100
집들이,google,2026-04-26,2,3342,원피스,111100
집들이,google,2026-05-03,3,5014,원피스,111100
집들이,google,2026-05-10,3,5014,원피스,111100
집들이,google,2026-05-17,3,5014,원피스,111100
집들이,google,2026-05-24,3,5014,원피스,111100
집들이,google,2026-05-31,3,5014,원피스,111100
집들이,google,2026-06-07,3,5014,원피스,111100
집들이,google,2026-06-14,2,3342,원피스,111100
집들이,google,2026-06-21,3,5014,원피스,111100
집들이,google,2026-06-28,2,3342,원피스,111100
집들이,google,2026-07-05,3,5014,원피스,111100
집들이,google,2026-07-12,2,3342,원피스,111100
집들이,google,2026-07-19,3,5014,원피스,111100
집들이,google,2026-07-26,3,5014,원피스,111100
집들이,google,2026-08-02,3,5014,원피스,111100
집들이,google,2026-08-09,3,5014,원피스,111100
집들이,google,2026-08-16,3,5014,원피스,111100
집들이,google,2026-08-23,3,5014,원피스,111100
집들이,google,2026-08-30,2,3342,원피스,111100
집들이,google,2026-09-06,2,3342,원피스,111100
집들이,google,2026-09-13,2,3342,원피스,111100
콘서트,google,2025-09-14,66,110311,원피스,111100
콘서트,google,2025-09-21,71,118668,원피스,111100
콘서트,google,2025-09-28,74,123682,원피스,111100
콘서트,google,2025-10-05,100,167138,원피스,111100
콘서트,google,2025-10-12,70,116997,원피스,111100
콘서트,google,2025-10-19,85,142067,원피스,111100
콘서트,google,2025-10-26,75,125354,원피스,111100
콘서트,google,2025-11-02,67,111982,원피스,111100
콘서트,google,2025-11-09,76,127025,원피스,111100
콘서트,google,2025-11-16,79,132039,원피스,111100
콘서트,google,2025-11-23,69,115325,원피스,111100
콘서트,google,2025-11-30,67,111982,원피스,111100
콘서트,google,2025-12-07,64,106968,원피스,111100
콘서트,google,2025-12-14,75,125354,원피스,111100
콘서트,google,2025-12-21,78,130368,원피스,111100
콘서트,google,2025-12-28,56,93597,원피스,111100
콘서트,google,2026-01-04,49,81898,원피스,111100
콘서트,google,2026-01-11,50,83569,원피스,111100
콘서트,google,2026-01-18,52,86912,원피스,111100
콘서트,google,2026-01-25,53,88583,원피스,111100
콘서트,google,2026-02-01,57,95269,원피스,111100
콘서트,google,2026-02-08,59,98611,원피스,111100
콘서트,google,2026-02-15,48,80226,원피스,111100
콘서트,google,2026-02-22,55,91926,원피스,111100
콘서트,google,2026-03-01,44,73541,원피스,111100
콘서트,google,2026-03-08,57,95269,원피스,111100
콘서트,google,2026-03-15,87,145410,원피스,111100
콘서트,google,2026-03-22,66,110311,원피스,111100
콘서트,google,2026-03-29,66,110311,원피스,111100
콘서트,google,2026-04-05,89,148753,원피스,111100
콘서트,google,2026-04-12,67,111982,원피스,111100
콘서트,google,2026-04-19,54,90254,원피스,111100
콘서트,google,2026-04-26,53,88583,원피스,111100
콘서트,google,2026-05-03,50,83569,원피스,111100
콘서트,google,2026-05-10,53,88583,원피스,111100
콘서트,google,2026-05-17,59,98611,원피스,111100
콘서트,google,2026-05-24,58,96940,원피스,111100
콘서트,google,2026-05-31,64,106968,원피스,111100
콘서트,google,2026-06-07,66,110311,원피스,111100
콘서트,google,2026-06-14,66,110311,원피스,111100
콘서트,google,2026-06-21,67,111982,원피스,111100
콘서트,google,2026-06-28,50,83569,원피스,111100
콘서트,google,2026-07-05,53,88583,원피스,111100
콘서트,google,2026-07-12,65,108640,원피스,111100
콘서트,google,2026-07-19,55,91926,원피스,111100
콘서트,google,2026-07-26,51,85240,원피스,111100
콘서트,google,2026-08-02,52,86912,원피스,111100
콘서트,google,2026-08-09,48,80226,원피스,111100
콘서트,google,2026-08-16,62,103626,원피스,111100
콘서트,google,2026-08-23,61,101954,원피스,111100
콘서트,google,2026-08-30,60,100283,원피스,111100
콘서트,google,2026-09-06,66,110311,원피스,111100
콘서트,google,2026-09-13,67,111982,원피스,111100
피크닉,google,2025-09-14,6,10028,원피스,111100
피크닉,google,2025-09-21,6,10028,원피스,111100
피크닉,google,2025-09-28,8,13371,원피스,111100
피크닉,google,2025-10-05,6,10028,원피스,111100
피크닉,google,2025-10-12,5,8356,원피스,111100
피크닉,google,2025-10-19,5,8356,원피스,111100
피크닉,google,2025-10-26,5,8356,원피스,111100
피크닉,google,2025-11-02,4,6685,원피스,111100
피크닉,google,2025-11-09,4,6685,원피스,111100
피크닉,google,2025-11-16,3,5014,원피스,111100
피크닉,google,2025-11-23,3,5014,원피스,111100
피크닉,google,2025-11-30,2,3342,원피스,111100
피크닉,google,2025-12-07,3,5014,원피스,111100
피크닉,google,2025-12-14,2,3342,원피스,111100
피크닉,google,2025-12-21,3,5014,원피스,111100
피크닉,google,2025-12-28,3,5014,원피스,111100
피크닉,google,2026-01-04,3,5014,원피스,111100
피크닉,google,2026-01-11,4,6685,원피스,111100
피크닉,google,2026-01-18,4,6685,원피스,111100
피크닉,google,2026-01-25,4,6685,원피스,111100
피크닉,google,2026-02-01,3,5014,원피스,111100
피크닉,google,2026-02-08,3,5014,원피스,111100
피크닉,google,2026-02-15,4,6685,원피스,111100
피크닉,google,2026-02-22,4,6685,원피스,111100
피크닉,google,2026-03-01,4,6685,원피스,111100
피크닉,google,2026-03-08,6,10028,원피스,111100
피크닉,google,2026-03-15,6,10028,원피스,111100
피크닉,google,2026-03-22,7,11699,원피스,111100
피크닉,google,2026-03-29,10,16713,원피스,111100
피크닉,google,2026-04-05,8,13371,원피스,111100
피크닉,google,2026-04-12,9,15042,원피스,111100
피크닉,google,2026-04-19,7,11699,원피스,111100
피크닉,google,2026-04-26,8,13371,원피스,111100
피크닉,google,2026-05-03,9,15042,원피스,111100
피크닉,google,2026-05-10,8,13371,원피스,111100
피크닉,google,2026-05-17,7,11699,원피스,111100
피크닉,google,2026-05-24,8,13371,원피스,111100
피크닉,google,2026-05-31,8,13371,원피스,111100
피크닉,google,2026-06-07,7,11699,원피스,111100
피크닉,google,2026-06-14,6,10028,원피스,111100
피크닉,google,2026-06-21,6,10028,원피스,111100
피크닉,google,2026-06-28,4,6685,원피스,111100
피크닉,google,2026-07-05,5,8356,원피스,111100
피크닉,google,2026-07-12,4,6685,원피스,111100
피크닉,google,2026-07-19,4,6685,원피스,111100
피크닉,google,2026-07-26,5,8356,원피스,111100
피크닉,google,2026-08-02,4,6685,원피스,111100
피크닉,google,2026-08-09,5,8356,원피스,111100
피크닉,google,2026-08-16,4,6685,원피스,111100
피크닉,google,2026-08-23,4,6685,원피스,111100
피크닉,google,2026-08-30,4,6685,원피스,111100
피크닉,google,2026-09-06,7,11699,원피스,111100
피크닉,google,2026-09-13,8,13371,원피스,111100
홈웨어,google,2025-09-14,0,0,원피스,111100
홈웨어,google,2025-09-21,0,0,원피스,111100
홈웨어,google,2025-09-28,0,0,원피스,111100
홈웨어,google,2025-10-05,0,0,원피스,111100
홈웨어,google,2025-10-12,0,0,원피스,111100
홈웨어,google,2025-10-19,0,0,원피스,111100
홈웨어,google,2025-10-26,0,0,원피스,111100
홈웨어,google,2025-11-02,0,0,원피스,111100
홈웨어,google,2025-11-09,0,0,원피스,111100
홈웨어,google,2025-11-16,0,0,원피스,111100
홈웨어,google,2025-11-23,0,0,원피스,111100
홈웨어,google,2025-11-30,0,0,원피스,111100
홈웨어,google,2025-12-07,0,0,원피스,111100
홈웨어,google,2025-12-14,0,0,원피스,111100
홈웨어,google,2025-12-21,0,0,원피스,111100
홈웨어,google,2025-12-28,0,0,원피스,111100
홈웨어,google,2026-01-04,0,0,원피스,111100
홈웨어,google,2026-01-11,0,0,원피스,111100
홈웨어,google,2026-01-18,0,0,원피스,111100
홈웨어,google,2026-01-25,0,0,원피스,111100
홈웨어,google,2026-02-01,1,1671,원피스,111100
홈웨어,google,2026-02-08,0,0,원피스,111100
홈웨어,google,2026-02-15,0,0,원피스,111100
홈웨어,google,2026-02-22,1,1671,원피스,111100
홈웨어,google,2026-03-01,0,0,원피스,111100
홈웨어,google,2026-03-08,0,0,원피스,111100
홈웨어,google,2026-03-15,0,0,원피스,111100
홈웨어,google,2026-03-22,1,1671,원피스,111100
홈웨어,google,2026-03-29,0,0,원피스,111100
홈웨어,google,2026-04-05,0,0,원피스,111100
홈웨어,google,2026-04-12,1,1671,원피스,111100
홈웨어,google,2026-04-19,0,0,원피스,111100
홈웨어,google,2026-04-26,1,1671,원피스,111100
홈웨어,google,2026-05-03,0,0,원피스,111100
홈웨어,google,2026-05-10,1,1671,원피스,111100
홈웨어,google,2026-05-17,1,1671,원피스,111100
홈웨어,google,2026-05-24,0,0,원피스,111100
홈웨어,google,2026-05-31,0,0,원피스,111100
홈웨어,google,2026-06-07,0,0,원피스,111100
홈웨어,google,2026-06-14,0,0,원피스,111100
홈웨어,google,2026-06-21,0,0,원피스,111100
홈웨어,google,2026-06-28,0,0,원피스,111100
홈웨어,google,2026-07-05,0,0,원피스,111100
홈웨어,google,2026-07-12,0,0,원피스,111100
홈웨어,google,2026-07-19,0,0,원피스,111100
홈웨어,google,2026-07-26,0,0,원피스,111100
홈웨어,google,2026-08-02,0,0,원피스,111100
홈웨어,google,2026-08-09,1,1671,원피스,111100
홈웨어,google,2026-08-16,0,0,원피스,111100
홈웨어,google,2026-08-23,0,0,원피스,111100
홈웨어,google,2026-08-30,0,0,원피스,111100
홈웨어,google,2026-09-06,0,0,원피스,111100
홈웨어,google,2026-09-13,0,0,원피스,111100
생일 파티,google,2025-09-14,2,3342,원피스,111100
생일 파티,google,2025-09-21,2,3342,원피스,111100
생일 파티,google,2025-09-28,3,5014,원피스,111100
생일 파티,google,2025-10-05,2,3342,원피스,111100
생일 파티,google,2025-10-12,2,3342,원피스,111100
생일 파티,google,2025-10-19,2,3342,원피스,111100
생일 파티,google,2025-10-26,2,3342,원피스,111100
생일 파티,google,2025-11-02,2,3342,원피스,111100
생일 파티,google,2025-11-09,2,3342,원피스,111100
생일 파티,google,2025-11-16,2,3342,원피스,111100
생일 파티,google,2025-11-23,2,3342,원피스,111100
생일 파티,google,2025-11-30,2,3342,원피스,111100
생일 파티,google,2025-12-07,1,1671,원피스,111100
생일 파티,google,2025-12-14,2,3342,원피스,111100
생일 파티,google,2025-12-21,2,3342,원피스,111100
생일 파티,google,2025-12-28,1,1671,원피스,111100
생일 파티,google,2026-01-04,2,3342,원피스,111100
생일 파티,google,2026-01-11,2,3342,원피스,111100
생일 파티,google,2026-01-18,3,5014,원피스,111100
생일 파티,google,2026-01-25,2,3342,원피스,111100
생일 파티,google,2026-02-01,2,3342,원피스,111100
생일 파티,google,2026-02-08,2,3342,원피스,111100
생일 파티,google,2026-02-15,2,3342,원피스,111100
생일 파티,google,2026-02-22,2,3342,원피스,111100
생일 파티,google,2026-03-01,2,3342,원피스,111100
생일 파티,google,2026-03-08,2,3342,원피스,111100
생일 파티,google,2026-03-15,2,3342,원피스,111100
생일 파티,google,2026-03-22,3,5014,원피스,111100
생일 파티,google,2026-03-29,2,3342,원피스,111100
생일 파티,google,2026-04-05,1,1671,원피스,111100
생일 파티,google,2026-04-12,3,5014,원피스,111100
생일 파티,google,2026-04-19,2,3342,원피스,111100
생일 파티,google,2026-04-26,2,3342,원피스,111100
생일 파티,google,2026-05-03,2,3342,원피스,111100
생일 파티,google,2026-05-10,2,3342,원피스,111100
생일 파티,google,2026-05-17,1,1671,원피스,111100
생일 파티,google,2026-05-24,1,1671,원피스,111100
생일 파티,google,2026-05-31,2,3342,원피스,111100
생일 파티,google,2026-06-07,1,1671,원피스,111100
생일 파티,google,2026-06-14,1,1671,원피스,111100
생일 파티,google,2026-06-21,1,1671,원피스,111100
생일 파티,google,2026-06-28,2,3342,원피스,111100
생일 파티,google,2026-07-05,2,3342,원피스,111100
생일 파티,google,2026-07-12,2,3342,원피스,111100
생일 파티,google,2026-07-19,1,1671,원피스,111100
생일 파티,google,2026-07-26,1,1671,원피스,111100
생일 파티,google,2026-08-02,2,3342,원피스,111100
생일 파티,google,2026-08-09,2,3342,원피스,111100
생일 파티,google,2026-08-16,1,1671,원피스,111100
생일 파티,google,2026-08-23,1,1671,원피스,111100
생일 파티,google,2026-08-30,1,1671,원피스,111100
생일 파티,google,2026-09-06,2,3342,원피스,111100
생일 파티,google,2026-09-13,2,3342,원피스,111100
웨딩 촬영,google,2025-09-14,2,3342,원피스,111100
웨딩 촬영,google,2025-09-21,2,3342,원피스,111100
웨딩 촬영,google,2025-09-28,2,3342,원피스,111100
웨딩 촬영,google,2025-10-05,2,3342,원피스,111100
웨딩 촬영,google,2025-10-12,3,5014,원피스,111100
웨딩 촬영,google,2025-10-19,3,5014,원피스,111100
웨딩 촬영,google,2025-10-26,2,3342,원피스,111100
웨딩 촬영,google,2025-11-02,3,5014,원피스,111100
웨딩 촬영,google,2025-11-09,2,3342,원피스,111100
웨딩 촬영,google,2025-11-16,2,3342,원피스,111100
웨딩 촬영,google,2025-11-23,2,3342,원피스,111100
웨딩 촬영,google,2025-11-30,2,3342,원피스,111100
웨딩 촬영,google,2025-12-07,1,1671,원피스,111100
웨딩 촬영,google,2025-12-14,2,3342,원피스,111100
웨딩 촬영,google,2025-12-21,1,1671,원피스,111100
웨딩 촬영,google,2025-12-28,1,1671,원피스,111100
웨딩 촬영,google,2026-01-04,2,3342,원피스,111100
웨딩 촬영,google,2026-01-11,3,5014,원피스,111100
웨딩 촬영,google,2026-01-18,2,3342,원피스,111100
웨딩 촬영,google,2026-01-25,2,3342,원피스,111100
웨딩 촬영,google,2026-02-01,2,3342,원피스,111100
웨딩 촬영,google,2026-02-08,2,3342,원피스,111100
웨딩 촬영,google,2026-02-15,2,3342,원피스,111100
웨딩 촬영,google,2026-02-22,2,3342,원피스,111100
웨딩 촬영,google,2026-03-01,3,5014,원피스,111100
웨딩 촬영,google,2026-03-08,3,5014,원피스,111100
웨딩 촬영,google,2026-03-15,3,5014,원피스,111100
웨딩 촬영,google,2026-03-22,2,3342,원피스,111100
웨딩 촬영,google,2026-03-29,3,5014,원피스,111100
웨딩 촬영,google,2026-04-05,5,8356,원피스,111100
웨딩 촬영,google,2026-04-12,3,5014,원피스,111100
웨딩 촬영,google,2026-04-19,3,5014,원피스,111100
웨딩 촬영,google,2026-04-26,3,5014,원피스,111100
웨딩 촬영,google,2026-05-03,3,5014,원피스,111100
웨딩 촬영,google,2026-05-10,3,5014,원피스,111100
웨딩 촬영,google,2026-05-17,2,3342,원피스,111100
웨딩 촬영,google,2026-05-24,3,5014,원피스,111100
웨딩 촬영,google,2026-05-31,3,5014,원피스,111100
웨딩 촬영,google,2026-06-07,2,3342,원피스,111100
웨딩 촬영,google,2026-06-14,1,1671,원피스,111100
웨딩 촬영,google,2026-06-21,2,3342,원피스,111100
웨딩 촬영,google,2026-06-28,2,3342,원피스,111100
웨딩 촬영,google,2026-07-05,2,3342,원피스,111100
웨딩 촬영,google,2026-07-12,2,3342,원피스,111100
웨딩 촬영,google,2026-07-19,2,3342,원피스,111100
웨딩 촬영,google,2026-07-26,1,1671,원피스,111100
웨딩 촬영,google,2026-08-02,1,1671,원피스,111100
웨딩 촬영,google,2026-08-09,2,3342,원피스,111100
웨딩 촬영,google,2026-08-16,2,3342,원피스,111100
웨딩 촬영,google,2026-08-23,2,3342,원피스,111100
웨딩 촬영,google,2026-08-30,3,5014,원피스,111100
웨딩 촬영,google,2026-09-06,3,5014,원피스,111100
웨딩 촬영,google,2026-09-13,3,5014,원피스,111100
와인,google,2025-09-14,49,81898,원피스,111100
와인,google,2025-09-21,50,83569,원피스,111100
와인,google,2025-09-28,59,98611,원피스,111100
와인,google,2025-10-05,59,98611,원피스,111100
와인,google,2025-10-12,48,80226,원피스,111100
와인,google,2025-10-19,50,83569,원피스,111100
와인,google,2025-10-26,53,88583,원피스,111100
와인,google,2025-11-02,53,88583,원피스,111100
와인,google,2025-11-09,57,95269,원피스,111100
와인,google,2025-11-16,67,111982,원피스,111100
와인,google,2025-11-23,63,105297,원피스,111100
와인,google,2025-11-30,68,113654,원피스,111100
와인,google,2025-12-07,65,108640,원피스,111100
와인,google,2025-12-14,73,122011,원피스,111100
와인,google,2025-12-21,100,167138,원피스,111100
와인,google,2025-12-28,74,123682,원피스,111100
와인,google,2026-01-04,58,96940,원피스,111100
와인,google,2026-01-11,55,91926,원피스,111100
와인,google,2026-01-18,55,91926,원피스,111100
와인,google,2026-01-25,49,81898,원피스,111100
와인,google,2026-02-01,51,85240,원피스,111100
와인,google,2026-02-08,54,90254,원피스,111100
와인,google,2026-02-15,55,91926,원피스,111100
와인,google,2026-02-22,54,90254,원피스,111100
와인,google,2026-03-01,51,85240,원피스,111100
와인,google,2026-03-08,50,83569,원피스,111100
와인,google,2026-03-15,50,83569,원피스,111100
와인,google,2026-03-22,51,85240,원피스,111100
와인,google,2026-03-29,48,80226,원피스,111100
와인,google,2026-04-05,40,66855,원피스,111100
와인,google,2026-04-12,42,70198,원피스,111100
와인,google,2026-04-19,53,88583,원피스,111100
와인,google,2026-04-26,53,88583,원피스,111100
와인,google,2026-05-03,91,152096,원피스,111100
와인,google,2026-05-10,63,105297,원피스,111100
와인,google,2026-05-17,52,86912,원피스,111100
와인,google,2026-05-24,47,78555,원피스,111100
와인,google,2026-05-31,48,80226,원피스,111100
와인,google,2026-06-07,47,78555,원피스,111100
와인,google,2026-06-14,44,73541,원피스,111100
와인,google,2026-06-21,45,75212,원피스,111100
와인,google,2026-06-28,42,70198,원피스,111100
와인,google,2026-07-05,47,78555,원피스,111100
와인,google,2026-07-12,45,75212,원피스,111100
와인,google,2026-07-19,44,73541,원피스,111100
와인,google,2026-07-26,41,68526,원피스,111100
와인,google,2026-08-02,38,63512,원피스,111100
와인,google,2026-08-09,39,65184,원피스,111100
와인,google,2026-08-16,40,66855,원피스,111100
와인,google,2026-08-23,43,71869,원피스,111100
와인,google,2026-08-30,39,65184,원피스,111100
와인,google,2026-09-06,42,70198,원피스,111100
와인,google,2026-09-13,45,75212,원피스,111100
버건디,google,2025-09-14,49,81898,원피스,111100
버건디,google,2025-09-21,48,80226,원피스,111100
버건디,google,2025-09-28,39,65184,원피스,111100
버건디,google,2025-10-05,48,80226,원피스,111100
버건디,google,2025-10-12,51,85240,원피스,111100
버건디,google,2025-10-19,57,95269,원피스,111100
버건디,google,2025-10-26,46,76883,원피스,111100
버건디,google,2025-11-02,56,93597,원피스,111100
버건디,google,2025-11-09,56,93597,원피스,111100
버건디,google,2025-11-16,65,108640,원피스,111100
버건디,google,2025-11-23,46,76883,원피스,111100
버건디,google,2025-11-30,54,90254,원피스,111100
버건디,google,2025-12-07,44,73541,원피스,111100
버건디,google,2025-12-14,52,86912,원피스,111100
버건디,google,2025-12-21,46,76883,원피스,111100
버건디,google,2025-12-28,46,76883,원피스,111100
버건디,google,2026-01-04,41,68526,원피스,111100
버건디,google,2026-01-11,41,68526,원피스,111100
버건디,google,2026-01-18,40,66855,원피스,111100
버건디,google,2026-01-25,40,66855,원피스,111100
버건디,google,2026-02-01,42,70198,원피스,111100
버건디,google,2026-02-08,45,75212,원피스,111100
버건디,google,2026-02-15,49,81898,원피스,111100
버건디,google,2026-02-22,50,83569,원피스,111100
버건디,google,2026-03-01,51,85240,원피스,111100
버건디,google,2026-03-08,41,68526,원피스,111100
버건디,google,2026-03-15,49,81898,원피스,111100
버건디,google,2026-03-22,42,70198,원피스,111100
버건디,google,2026-03-29,50,83569,원피스,111100
버건디,google,2026-04-05,45,75212,원피스,111100
버건디,google,2026-04-12,36,60169,원피스,111100
버건디,google,2026-04-19,46,76883,원피스,111100
버건디,google,2026-04-26,47,78555,원피스,111100
버건디,google,2026-05-03,45,75212,원피스,111100
버건디,google,2026-05-10,43,71869,원피스,111100
버건디,google,2026-05-17,44,73541,원피스,111100
버건디,google,2026-05-24,47,78555,원피스,111100
버건디,google,2026-05-31,37,61841,원피스,111100
버건디,google,2026-06-07,30,50141,원피스,111100
버건디,google,2026-06-14,42,70198,원피스,111100
버건디,google,2026-06-21,37,61841,원피스,111100
버건디,google,2026-06-28,38,63512,원피스,111100
버건디,google,2026-07-05,40,66855,원피스,111100
버건디,google,2026-07-12,36,60169,원피스,111100
버건디,google,2026-07-19,36,60169,원피스,111100
버건디,google,2026-07-26,39,65184,원피스,111100
버건디,google,2026-08-02,49,81898,원피스,111100
버건디,google,2026-08-09,35,58498,원피스,111100
버건디,google,2026-08-16,47,78555,원피스,111100
버건디,google,2026-08-23,46,76883,원피스,111100
버건디,google,2026-08-30,52,86912,원피스,111100
버건디,google,2026-09-06,71,118668,원피스,111100
버건디,google,2026-09-13,100,167138,원피스,111100
딥네이비,google,2025-09-14,0,0,원피스,111100
딥네이비,google,2025-09-21,0,0,원피스,111100
딥네이비,google,2025-09-28,0,0,원피스,111100
딥네이비,google,2025-10-05,0,0,원피스,111100
딥네이비,google,2025-10-12,0,0,원피스,111100
딥네이비,google,2025-10-19,0,0,원피스,111100
딥네이비,google,2025-10-26,0,0,원피스,111100
딥네이비,google,2025-11-02,0,0,원피스,111100
딥네이비,google,2025-11-09,0,0,원피스,111100
딥네이비,google,2025-11-16,0,0,원피스,111100
딥네이비,google,2025-11-23,0,0,원피스,111100
딥네이비,google,2025-11-30,0,0,원피스,111100
딥네이비,google,2025-12-07,0,0,원피스,111100
딥네이비,google,2025-12-14,0,0,원피스,111100
딥네이비,google,2025-12-21,0,0,원피스,111100
딥네이비,google,2025-12-28,0,0,원피스,111100
딥네이비,google,2026-01-04,0,0,원피스,111100
딥네이비,google,2026-01-11,0,0,원피스,111100
딥네이비,google,2026-01-18,0,0,원피스,111100
딥네이비,google,2026-01-25,0,0,원피스,111100
딥네이비,google,2026-02-01,0,0,원피스,111100
딥네이비,google,2026-02-08,0,0,원피스,111100
딥네이비,google,2026-02-15,0,0,원피스,111100
딥네이비,google,2026-02-22,0,0,원피스,111100
딥네이비,google,2026-03-01,0,0,원피스,111100
딥네이비,google,2026-03-08,0,0,원피스,111100
딥네이비,google,2026-03-15,0,0,원피스,111100
딥네이비,google,2026-03-22,0,0,원피스,111100
딥네이비,google,2026-03-29,0,0,원피스,111100
딥네이비,google,2026-04-05,0,0,원피스,111100
딥네이비,google,2026-04-12,0,0,원피스,111100
딥네이비,google,2026-04-19,7,11699,원피스,111100
딥네이비,google,2026-04-26,0,0,원피스,111100
딥네이비,google,2026-05-03,0,0,원피스,111100
딥네이비,google,2026-05-10,0,0,원피스,111100
딥네이비,google,2026-05-17,0,0,원피스,111100
딥네이비,google,2026-05-24,0,0,원피스,111100
딥네이비,google,2026-05-31,0,0,원피스,111100
딥네이비,google,2026-06-07,0,0,원피스,111100
딥네이비,google,2026-06-14,0,0,원피스,111100
딥네이비,google,2026-06-21,0,0,원피스,111100
딥네이비,google,2026-06-28,0,0,원피스,111100
딥네이비,google,2026-07-05,0,0,원피스,111100
딥네이비,google,2026-07-12,0,0,원피스,111100
딥네이비,google,2026-07-19,0,0,원피스,111100
딥네이비,google,2026-07-26,0,0,원피스,111100
딥네이비,google,2026-08-02,0,0,원피스,111100
딥네이비,google,2026-08-09,7,11699,원피스,111100
딥네이비,google,2026-08-16,0,0,원피스,111100
딥네이비,google,2026-08-23,0,0,원피스,111100
딥네이비,google,2026-08-30,1,1671,원피스,111100
딥네이비,google,2026-09-06,2,3342,원피스,111100
딥네이비,google,2026-09-13,0,0,원피스,111100
아메시스트,google,2025-09-14,0,0,원피스,111100
아메시스트,google,2025-09-21,0,0,원피스,111100
아메시스트,google,2025-09-28,0,0,원피스,111100
아메시스트,google,2025-10-05,0,0,원피스,111100
아메시스트,google,2025-10-12,0,0,원피스,111100
아메시스트,google,2025-10-19,0,0,원피스,111100
아메시스트,google,2025-10-26,0,0,원피스,111100
아메시스트,google,2025-11-02,0,0,원피스,111100
아메시스트,google,2025-11-09,0,0,원피스,111100
아메시스트,google,2025-11-16,0,0,원피스,111100
아메시스트,google,2025-11-23,0,0,원피스,111100
아메시스트,google,2025-11-30,0,0,원피스,111100
아메시스트,google,2025-12-07,0,0,원피스,111100
아메시스트,google,2025-12-14,0,0,원피스,111100
아메시스트,google,2025-12-21,0,0,원피스,111100
아메시스트,google,2025-12-28,0,0,원피스,111100
아메시스트,google,2026-01-04,0,0,원피스,111100
아메시스트,google,2026-01-11,0,0,원피스,111100
아메시스트,google,2026-01-18,0,0,원피스,111100
아메시스트,google,2026-01-25,0,0,원피스,111100
아메시스트,google,2026-02-01,0,0,원피스,111100
아메시스트,google,2026-02-08,0,0,원피스,111100
아메시스트,google,2026-02-15,0,0,원피스,111100
아메시스트,google,2026-02-22,0,0,원피스,111100
아메시스트,google,2026-03-01,0,0,원피스,111100
아메시스트,google,2026-03-08,0,0,원피스,111100
아메시스트,google,2026-03-15,0,0,원피스,111100
아메시스트,google,2026-03-22,0,0,원피스,111100
아메시스트,google,2026-03-29,0,0,원피스,111100
아메시스트,google,2026-04-05,0,0,원피스,111100
아메시스트,google,2026-04-12,0,0,원피스,111100
아메시스트,google,2026-04-19,0,0,원피스,111100
아메시스트,google,2026-04-26,0,0,원피스,111100
아메시스트,google,2026-05-03,0,0,원피스,111100
아메시스트,google,2026-05-10,0,0,원피스,111100
아메시스트,google,2026-05-17,0,0,원피스,111100
아메시스트,google,2026-05-24,0,0,원피스,111100
아메시스트,google,2026-05-31,0,0,원피스,111100
아메시스트,google,2026-06-07,0,0,원피스,111100
아메시스트,google,2026-06-14,0,0,원피스,111100
아메시스트,google,2026-06-21,0,0,원피스,111100
아메시스트,google,2026-06-28,0,0,원피스,111100
아메시스트,google,2026-07-05,0,0,원피스,111100
아메시스트,google,2026-07-12,0,0,원피스,111100
아메시스트,google,2026-07-19,0,0,원피스,111100
아메시스트,google,2026-07-26,0,0,원피스,111100
아메시스트,google,2026-08-02,0,0,원피스,111100
아메시스트,google,2026-08-09,0,0,원피스,111100
아메시스트,google,2026-08-16,0,0,원피스,111100
아메시스트,google,2026-08-23,7,11699,원피스,111100
아메시스트,google,2026-08-30,2,3342,원피스,111100
아메시스트,google,2026-09-06,3,5014,원피스,111100
아메시스트,google,2026-09-13,3,5014,원피스,111100
인디고블루,google,2025-09-14,0,0,원피스,111100
인디고블루,google,2025-09-21,0,0,원피스,111100
인디고블루,google,2025-09-28,0,0,원피스,111100
인디고블루,google,2025-10-05,0,0,원피스,111100
인디고블루,google,2025-10-12,0,0,원피스,111100
인디고블루,google,2025-10-19,0,0,원피스,111100
인디고블루,google,2025-10-26,0,0,원피스,111100
인디고블루,google,2025-11-02,0,0,원피스,111100
인디고블루,google,2025-11-09,0,0,원피스,111100
인디고블루,google,2025-11-16,0,0,원피스,111100
인디고블루,google,2025-11-23,0,0,원피스,111100
인디고블루,google,2025-11-30,0,0,원피스,111100
인디고블루,google,2025-12-07,0,0,원피스,111100
인디고블루,google,2025-12-14,0,0,원피스,111100
인디고블루,google,2025-12-21,0,0,원피스,111100
인디고블루,google,2025-12-28,0,0,원피스,111100
인디고블루,google,2026-01-04,0,0,원피스,111100
인디고블루,google,2026-01-11,0,0,원피스,111100
인디고블루,google,2026-01-18,0,0,원피스,111100
인디고블루,google,2026-01-25,0,0,원피스,111100
인디고블루,google,2026-02-01,0,0,원피스,111100
인디고블루,google,2026-02-08,0,0,원피스,111100
인디고블루,google,2026-02-15,0,0,원피스,111100
인디고블루,google,2026-02-22,0,0,원피스,111100
인디고블루,google,2026-03-01,0,0,원피스,111100
인디고블루,google,2026-03-08,0,0,원피스,111100
인디고블루,google,2026-03-15,0,0,원피스,111100
인디고블루,google,2026-03-22,0,0,원피스,111100
인디고블루,google,2026-03-29,0,0,원피스,111100
인디고블루,google,2026-04-05,0,0,원피스,111100
인디고블루,google,2026-04-12,0,0,원피스,111100
인디고블루,google,2026-04-19,0,0,원피스,111100
인디고블루,google,2026-04-26,0,0,원피스,111100
인디고블루,google,2026-05-03,0,0,원피스,111100
인디고블루,google,2026-05-10,0,0,원피스,111100
인디고블루,google,2026-05-17,0,0,원피스,111100
인디고블루,google,2026-05-24,0,0,원피스,111100
인디고블루,google,2026-05-31,0,0,원피스,111100
인디고블루,google,2026-06-07,0,0,원피스,111100
인디고블루,google,2026-06-14,0,0,원피스,111100
인디고블루,google,2026-06-21,0,0,원피스,111100
인디고블루,google,2026-06-28,0,0,원피스,111100
인디고블루,google,2026-07-05,0,0,원피스,111100
인디고블루,google,2026-07-12,0,0,원피스,111100
인디고블루,google,2026-07-19,0,0,원피스,111100
인디고블루,google,2026-07-26,0,0,원피스,111100
인디고블루,google,2026-08-02,0,0,원피스,111100
인디고블루,google,2026-08-09,0,0,원피스,111100
인디고블루,google,2026-08-16,0,0,원피스,111100
인디고블루,google,2026-08-23,0,0,원피스,111100
인디고블루,google,2026-08-30,2,3342,원피스,111100
인디고블루,google,2026-09-06,3,5014,원피스,111100
인디고블루,google,2026-09-13,0,0,원피스,111100
에메랄드그린,google,2025-09-14,0,0,원피스,111100
에메랄드그린,google,2025-09-21,0,0,원피스,111100
에메랄드그린,google,2025-09-28,0,0,원피스,111100
에메랄드그린,google,2025-10-05,0,0,원피스,111100
에메랄드그린,google,2025-10-12,0,0,원피스,111100
에메랄드그린,google,2025-10-19,0,0,원피스,111100
에메랄드그린,google,2025-10-26,0,0,원피스,111100
에메랄드그린,google,2025-11-02,0,0,원피스,111100
에메랄드그린,google,2025-11-09,0,0,원피스,111100
에메랄드그린,google,2025-11-16,0,0,원피스,111100
에메랄드그린,google,2025-11-23,0,0,원피스,111100
에메랄드그린,google,2025-11-30,0,0,원피스,111100
에메랄드그린,google,2025-12-07,0,0,원피스,111100
에메랄드그린,google,2025-12-14,0,0,원피스,111100
에메랄드그린,google,2025-12-21,0,0,원피스,111100
에메랄드그린,google,2025-12-28,0,0,원피스,111100
에메랄드그린,google,2026-01-04,0,0,원피스,111100
에메랄드그린,google,2026-01-11,0,0,원피스,111100
에메랄드그린,google,2026-01-18,0,0,원피스,111100
에메랄드그린,google,2026-01-25,0,0,원피스,111100
에메랄드그린,google,2026-02-01,0,0,원피스,111100
에메랄드그린,google,2026-02-08,0,0,원피스,111100
에메랄드그린,google,2026-02-15,0,0,원피스,111100
에메랄드그린,google,2026-02-22,0,0,원피스,111100
에메랄드그린,google,2026-03-01,0,0,원피스,111100
에메랄드그린,google,2026-03-08,0,0,원피스,111100
에메랄드그린,google,2026-03-15,0,0,원피스,111100
에메랄드그린,google,2026-03-22,0,0,원피스,111100
에메랄드그린,google,2026-03-29,8,13371,원피스,111100
에메랄드그린,google,2026-04-05,0,0,원피스,111100
에메랄드그린,google,2026-04-12,0,0,원피스,111100
에메랄드그린,google,2026-04-19,0,0,원피스,111100
에메랄드그린,google,2026-04-26,0,0,원피스,111100
에메랄드그린,google,2026-05-03,0,0,원피스,111100
에메랄드그린,google,2026-05-10,0,0,원피스,111100
에메랄드그린,google,2026-05-17,0,0,원피스,111100
에메랄드그린,google,2026-05-24,11,18385,원피스,111100
에메랄드그린,google,2026-05-31,0,0,원피스,111100
에메랄드그린,google,2026-06-07,0,0,원피스,111100
에메랄드그린,google,2026-06-14,0,0,원피스,111100
에메랄드그린,google,2026-06-21,0,0,원피스,111100
에메랄드그린,google,2026-06-28,0,0,원피스,111100
에메랄드그린,google,2026-07-05,0,0,원피스,111100
에메랄드그린,google,2026-07-12,0,0,원피스,111100
에메랄드그린,google,2026-07-19,0,0,원피스,111100
에메랄드그린,google,2026-07-26,0,0,원피스,111100
에메랄드그린,google,2026-08-02,0,0,원피스,111100
에메랄드그린,google,2026-08-09,6,10028,원피스,111100
에메랄드그린,google,2026-08-16,0,0,원피스,111100
에메랄드그린,google,2026-08-23,0,0,원피스,111100
에메랄드그린,google,2026-08-30,3,5014,원피스,111100
에메랄드그린,google,2026-09-06,3,5014,원피스,111100
에메랄드그린,google,2026-09-13,0,0,원피스,111100
포레스트그린,google,2025-09-14,0,0,원피스,111100
포레스트그린,google,2025-09-21,0,0,원피스,111100
포레스트그린,google,2025-09-28,0,0,원피스,111100
포레스트그린,google,2025-10-05,0,0,원피스,111100
포레스트그린,google,2025-10-12,0,0,원피스,111100
포레스트그린,google,2025-10-19,0,0,원피스,111100
포레스트그린,google,2025-10-26,3,5014,원피스,111100
포레스트그린,google,2025-11-02,4,6685,원피스,111100
포레스트그린,google,2025-11-09,0,0,원피스,111100
포레스트그린,google,2025-11-16,0,0,원피스,111100
포레스트그린,google,2025-11-23,0,0,원피스,111100
포레스트그린,google,2025-11-30,0,0,원피스,111100
포레스트그린,google,2025-12-07,0,0,원피스,111100
포레스트그린,google,2025-12-14,0,0,원피스,111100
포레스트그린,google,2025-12-21,0,0,원피스,111100
포레스트그린,google,2025-12-28,0,0,원피스,111100
포레스트그린,google,2026-01-04,0,0,원피스,111100
포레스트그린,google,2026-01-11,0,0,원피스,111100
포레스트그린,google,2026-01-18,0,0,원피스,111100
포레스트그린,google,2026-01-25,0,0,원피스,111100
포레스트그린,google,2026-02-01,0,0,원피스,111100
포레스트그린,google,2026-02-08,0,0,원피스,111100
포레스트그린,google,2026-02-15,0,0,원피스,111100
포레스트그린,google,2026-02-22,0,0,원피스,111100
포레스트그린,google,2026-03-01,0,0,원피스,111100
포레스트그린,google,2026-03-08,0,0,원피스,111100
포레스트그린,google,2026-03-15,0,0,원피스,111100
포레스트그린,google,2026-03-22,0,0,원피스,111100
포레스트그린,google,2026-03-29,0,0,원피스,111100
포레스트그린,google,2026-04-05,0,0,원피스,111100
포레스트그린,google,2026-04-12,0,0,원피스,111100
포레스트그린,google,2026-04-19,4,6685,원피스,111100
포레스트그린,google,2026-04-26,0,0,원피스,111100
포레스트그린,google,2026-05-03,0,0,원피스,111100
포레스트그린,google,2026-05-10,0,0,원피스,111100
포레스트그린,google,2026-05-17,0,0,원피스,111100
포레스트그린,google,2026-05-24,0,0,원피스,111100
포레스트그린,google,2026-05-31,0,0,원피스,111100
포레스트그린,google,2026-06-07,0,0,원피스,111100
포레스트그린,google,2026-06-14,0,0,원피스,111100
포레스트그린,google,2026-06-21,0,0,원피스,111100
포레스트그린,google,2026-06-28,0,0,원피스,111100
포레스트그린,google,2026-07-05,0,0,원피스,111100
포레스트그린,google,2026-07-12,0,0,원피스,111100
포레스트그린,google,2026-07-19,0,0,원피스,111100
포레스트그린,google,2026-07-26,0,0,원피스,111100
포레스트그린,google,2026-08-02,0,0,원피스,111100
포레스트그린,google,2026-08-09,0,0,원피스,111100
포레스트그린,google,2026-08-16,0,0,원피스,111100
포레스트그린,google,2026-08-23,0,0,원피스,111100
포레스트그린,google,2026-08-30,1,1671,원피스,111100
포레스트그린,google,2026-09-06,1,1671,원피스,111100
포레스트그린,google,2026-09-13,0,0,원피스,111100
탠,google,2025-09-14,7,11699,원피스,111100
탠,google,2025-09-21,8,13371,원피스,111100
탠,google,2025-09-28,8,13371,원피스,111100
탠,google,2025-10-05,7,11699,원피스,111100
탠,google,2025-10-12,8,13371,원피스,111100
탠,google,2025-10-19,6,10028,원피스,111100
탠,google,2025-10-26,8,13371,원피스,111100
탠,google,2025-11-02,6,10028,원피스,111100
탠,google,2025-11-09,9,15042,원피스,111100
탠,google,2025-11-16,6,10028,원피스,111100
탠,google,2025-11-23,5,8356,원피스,111100
탠,google,2025-11-30,7,11699,원피스,111100
탠,google,2025-12-07,0,0,원피스,111100
탠,google,2025-12-14,7,11699,원피스,111100
탠,google,2025-12-21,0,0,원피스,111100
탠,google,2025-12-28,0,0,원피스,111100
탠,google,2026-01-04,7,11699,원피스,111100
탠,google,2026-01-11,8,13371,원피스,111100
탠,google,2026-01-18,4,6685,원피스,111100
탠,google,2026-01-25,9,15042,원피스,111100
탠,google,2026-02-01,3,5014,원피스,111100
탠,google,2026-02-08,8,13371,원피스,111100
탠,google,2026-02-15,4,6685,원피스,111100
탠,google,2026-02-22,7,11699,원피스,111100
탠,google,2026-03-01,6,10028,원피스,111100
탠,google,2026-03-08,4,6685,원피스,111100
탠,google,2026-03-15,6,10028,원피스,111100
탠,google,2026-03-22,6,10028,원피스,111100
탠,google,2026-03-29,6,10028,원피스,111100
탠,google,2026-04-05,8,13371,원피스,111100
탠,google,2026-04-12,5,8356,원피스,111100
탠,google,2026-04-19,8,13371,원피스,111100
탠,google,2026-04-26,7,11699,원피스,111100
탠,google,2026-05-03,4,6685,원피스,111100
탠,google,2026-05-10,8,13371,원피스,111100
탠,google,2026-05-17,5,8356,원피스,111100
탠,google,2026-05-24,3,5014,원피스,111100
탠,google,2026-05-31,8,13371,원피스,111100
탠,google,2026-06-07,0,0,원피스,111100
탠,google,2026-06-14,7,11699,원피스,111100
탠,google,2026-06-21,5,8356,원피스,111100
탠,google,2026-06-28,5,8356,원피스,111100
탠,google,2026-07-05,5,8356,원피스,111100
탠,google,2026-07-12,6,10028,원피스,111100
탠,google,2026-07-19,6,10028,원피스,111100
탠,google,2026-07-26,6,10028,원피스,111100
탠,google,2026-08-02,4,6685,원피스,111100
탠,google,2026-08-09,4,6685,원피스,111100
탠,google,2026-08-16,6,10028,원피스,111100
탠,google,2026-08-23,6,10028,원피스,111100
탠,google,2026-08-30,5,8356,원피스,111100
탠,google,2026-09-06,6,10028,원피스,111100
탠,google,2026-09-13,8,13371,원피스,111100
카멜,google,2025-09-14,43,71869,원피스,111100
카멜,google,2025-09-21,34,56827,원피스,111100
카멜,google,2025-09-28,44,73541,원피스,111100
카멜,google,2025-10-05,33,55155,원피스,111100
카멜,google,2025-10-12,36,60169,원피스,111100
카멜,google,2025-10-19,31,51813,원피스,111100
카멜,google,2025-10-26,38,63512,원피스,111100
카멜,google,2025-11-02,33,55155,원피스,111100
카멜,google,2025-11-09,36,60169,원피스,111100
카멜,google,2025-11-16,43,71869,원피스,111100
카멜,google,2025-11-23,39,65184,원피스,111100
카멜,google,2025-11-30,37,61841,원피스,111100
카멜,google,2025-12-07,37,61841,원피스,111100
카멜,google,2025-12-14,42,70198,원피스,111100
카멜,google,2025-12-21,40,66855,원피스,111100
카멜,google,2025-12-28,40,66855,원피스,111100
카멜,google,2026-01-04,41,68526,원피스,111100
카멜,google,2026-01-11,43,71869,원피스,111100
카멜,google,2026-01-18,47,78555,원피스,111100
카멜,google,2026-01-25,100,167138,원피스,111100
카멜,google,2026-02-01,52,86912,원피스,111100
카멜,google,2026-02-08,40,66855,원피스,111100
카멜,google,2026-02-15,38,63512,원피스,111100
카멜,google,2026-02-22,43,71869,원피스,111100
카멜,google,2026-03-01,35,58498,원피스,111100
카멜,google,2026-03-08,39,65184,원피스,111100
카멜,google,2026-03-15,40,66855,원피스,111100
카멜,google,2026-03-22,36,60169,원피스,111100
카멜,google,2026-03-29,41,68526,원피스,111100
카멜,google,2026-04-05,38,63512,원피스,111100
카멜,google,2026-04-12,33,55155,원피스,111100
카멜,google,2026-04-19,32,53484,원피스,111100
카멜,google,2026-04-26,27,45127,원피스,111100
카멜,google,2026-05-03,31,51813,원피스,111100
카멜,google,2026-05-10,37,61841,원피스,111100
카멜,google,2026-05-17,34,56827,원피스,111100
카멜,google,2026-05-24,43,71869,원피스,111100
카멜,google,2026-05-31,46,76883,원피스,111100
카멜,google,2026-06-07,33,55155,원피스,111100
카멜,google,2026-06-14,40,66855,원피스,111100
카멜,google,2026-06-21,39,65184,원피스,111100
카멜,google,2026-06-28,46,76883,원피스,111100
카멜,google,2026-07-05,42,70198,원피스,111100
카멜,google,2026-07-12,39,65184,원피스,111100
카멜,google,2026-07-19,37,61841,원피스,111100
카멜,google,2026-07-26,29,48470,원피스,111100
카멜,google,2026-08-02,33,55155,원피스,111100
카멜,google,2026-08-09,32,53484,원피스,111100
카멜,google,2026-08-16,32,53484,원피스,111100
카멜,google,2026-08-23,28,46798,원피스,111100
카멜,google,2026-08-30,29,48470,원피스,111100
카멜,google,2026-09-06,29,48470,원피스,111100
카멜,google,2026-09-13,28,46798,원피스,111100
카키,google,2025-09-14,46,76883,원피스,111100
카키,google,2025-09-21,46,76883,원피스,111100
카키,google,2025-09-28,44,73541,원피스,111100
카키,google,2025-10-05,41,68526,원피스,111100
카키,google,2025-10-12,43,71869,원피스,111100
카키,google,2025-10-19,48,80226,원피스,111100
카키,google,2025-10-26,49,81898,원피스,111100
카키,google,2025-11-02,47,78555,원피스,111100
카키,google,2025-11-09,47,78555,원피스,111100
카키,google,2025-11-16,45,75212,원피스,111100
카키,google,2025-11-23,47,78555,원피스,111100
카키,google,2025-11-30,43,71869,원피스,111100
카키,google,2025-12-07,44,73541,원피스,111100
카키,google,2025-12-14,44,73541,원피스,111100
카키,google,2025-12-21,37,61841,원피스,111100
카키,google,2025-12-28,36,60169,원피스,111100
카키,google,2026-01-04,41,68526,원피스,111100
카키,google,2026-01-11,46,76883,원피스,111100
카키,google,2026-01-18,37,61841,원피스,111100
카키,google,2026-01-25,36,60169,원피스,111100
카키,google,2026-02-01,40,66855,원피스,111100
카키,google,2026-02-08,36,60169,원피스,111100
카키,google,2026-02-15,44,73541,원피스,111100
카키,google,2026-02-22,43,71869,원피스,111100
카키,google,2026-03-01,41,68526,원피스,111100
카키,google,2026-03-08,46,76883,원피스,111100
카키,google,2026-03-15,43,71869,원피스,111100
카키,google,2026-03-22,41,68526,원피스,111100
카키,google,2026-03-29,40,66855,원피스,111100
카키,google,2026-04-05,33,55155,원피스,111100
카키,google,2026-04-12,36,60169,원피스,111100
카키,google,2026-04-19,35,58498,원피스,111100
카키,google,2026-04-26,40,66855,원피스,111100
카키,google,2026-05-03,39,65184,원피스,111100
카키,google,2026-05-10,37,61841,원피스,111100
카키,google,2026-05-17,39,65184,원피스,111100
카키,google,2026-05-24,39,65184,원피스,111100
카키,google,2026-05-31,42,70198,원피스,111100
카키,google,2026-06-07,32,53484,원피스,111100
카키,google,2026-06-14,34,56827,원피스,111100
카키,google,2026-06-21,32,53484,원피스,111100
카키,google,2026-06-28,40,66855,원피스,111100
카키,google,2026-07-05,40,66855,원피스,111100
카키,google,2026-07-12,30,50141,원피스,111100
카키,google,2026-07-19,36,60169,원피스,111100
카키,google,2026-07-26,36,60169,원피스,111100
카키,google,2026-08-02,34,56827,원피스,111100
카키,google,2026-08-09,33,55155,원피스,111100
카키,google,2026-08-16,43,71869,원피스,111100
카키,google,2026-08-23,41,68526,원피스,111100
카키,google,2026-08-30,38,63512,원피스,111100
카키,google,2026-09-06,41,68526,원피스,111100
카키,google,2026-09-13,45,75212,원피스,111100
러스트,google,2025-09-14,49,81898,원피스,111100
러스트,google,2025-09-21,47,78555,원피스,111100
러스트,google,2025-09-28,57,95269,원피스,111100
러스트,google,2025-10-05,71,118668,원피스,111100
러스트,google,2025-10-12,50,83569,원피스,111100
러스트,google,2025-10-19,52,86912,원피스,111100
러스트,google,2025-10-26,46,76883,원피스,111100
러스트,google,2025-11-02,46,76883,원피스,111100
러스트,google,2025-11-09,57,95269,원피스,111100
러스트,google,2025-11-16,40,66855,원피스,111100
러스트,google,2025-11-23,39,65184,원피스,111100
러스트,google,2025-11-30,30,50141,원피스,111100
러스트,google,2025-12-07,46,76883,원피스,111100
러스트,google,2025-12-14,51,85240,원피스,111100
러스트,google,2025-12-21,55,91926,원피스,111100
러스트,google,2025-12-28,56,93597,원피스,111100
러스트,google,2026-01-04,50,83569,원피스,111100
러스트,google,2026-01-11,42,70198,원피스,111100
러스트,google,2026-01-18,47,78555,원피스,111100
러스트,google,2026-01-25,37,61841,원피스,111100
러스트,google,2026-02-01,40,66855,원피스,111100
러스트,google,2026-02-08,51,85240,원피스,111100
러스트,google,2026-02-15,40,66855,원피스,111100
러스트,google,2026-02-22,45,75212,원피스,111100
러스트,google,2026-03-01,41,68526,원피스,111100
러스트,google,2026-03-08,39,65184,원피스,111100
러스트,google,2026-03-15,32,53484,원피스,111100
러스트,google,2026-03-22,37,61841,원피스,111100
러스트,google,2026-03-29,42,70198,원피스,111100
러스트,google,2026-04-05,29,48470,원피스,111100
러스트,google,2026-04-12,30,50141,원피스,111100
러스트,google,2026-04-19,26,43456,원피스,111100
러스트,google,2026-04-26,33,55155,원피스,111100
러스트,google,2026-05-03,37,61841,원피스,111100
러스트,google,2026-05-10,52,86912,원피스,111100
러스트,google,2026-05-17,47,78555,원피스,111100
러스트,google,2026-05-24,31,51813,원피스,111100
러스트,google,2026-05-31,30,50141,원피스,111100
러스트,google,2026-06-07,29,48470,원피스,111100
러스트,google,2026-06-14,33,55155,원피스,111100
러스트,google,2026-06-21,33,55155,원피스,111100
러스트,google,2026-06-28,32,53484,원피스,111100
러스트,google,2026-07-05,31,51813,원피스,111100
러스트,google,2026-07-12,29,48470,원피스,111100
러스트,google,2026-07-19,34,56827,원피스,111100
러스트,google,2026-07-26,34,56827,원피스,111100
러스트,google,2026-08-02,35,58498,원피스,111100
러스트,google,2026-08-09,31,51813,원피스,111100
러스트,google,2026-08-16,32,53484,원피스,111100
러스트,google,2026-08-23,34,56827,원피스,111100
러스트,google,2026-08-30,29,48470,원피스,111100
러스트,google,2026-09-06,32,53484,원피스,111100
러스트,google,2026-09-13,39,65184,원피스,111100
틸,google,2025-09-14,1,1671,원피스,111100
틸,google,2025-09-21,1,1671,원피스,111100
틸,google,2025-09-28,1,1671,원피스,111100
틸,google,2025-10-05,1,1671,원피스,111100
틸,google,2025-10-12,1,1671,원피스,111100
틸,google,2025-10-19,1,1671,원피스,111100
틸,google,2025-10-26,1,1671,원피스,111100
틸,google,2025-11-02,1,1671,원피스,111100
틸,google,2025-11-09,1,1671,원피스,111100
틸,google,2025-11-16,1,1671,원피스,111100
틸,google,2025-11-23,1,1671,원피스,111100
틸,google,2025-11-30,1,1671,원피스,111100
틸,google,2025-12-07,1,1671,원피스,111100
틸,google,2025-12-14,1,1671,원피스,111100
틸,google,2025-12-21,1,1671,원피스,111100
틸,google,2025-12-28,1,1671,원피스,111100
틸,google,2026-01-04,1,1671,원피스,111100
틸,google,2026-01-11,1,1671,원피스,111100
틸,google,2026-01-18,1,1671,원피스,111100
틸,google,2026-01-25,1,1671,원피스,111100
틸,google,2026-02-01,1,1671,원피스,111100
틸,google,2026-02-08,1,1671,원피스,111100
틸,google,2026-02-15,1,1671,원피스,111100
틸,google,2026-02-22,1,1671,원피스,111100
틸,google,2026-03-01,1,1671,원피스,111100
틸,google,2026-03-08,1,1671,원피스,111100
틸,google,2026-03-15,1,1671,원피스,111100
틸,google,2026-03-22,1,1671,원피스,111100
틸,google,2026-03-29,1,1671,원피스,111100
틸,google,2026-04-05,1,1671,원피스,111100
틸,google,2026-04-12,1,1671,원피스,111100
틸,google,2026-04-19,1,1671,원피스,111100
틸,google,2026-04-26,1,1671,원피스,111100
틸,google,2026-05-03,1,1671,원피스,111100
틸,google,2026-05-10,1,1671,원피스,111100
틸,google,2026-05-17,1,1671,원피스,111100
틸,google,2026-05-24,1,1671,원피스,111100
틸,google,2026-05-31,1,1671,원피스,111100
틸,google,2026-06-07,1,1671,원피스,111100
틸,google,2026-06-14,1,1671,원피스,111100
틸,google,2026-06-21,1,1671,원피스,111100
틸,google,2026-06-28,1,1671,원피스,111100
틸,google,2026-07-05,1,1671,원피스,111100
틸,google,2026-07-12,1,1671,원피스,111100
틸,google,2026-07-19,1,1671,원피스,111100
틸,google,2026-07-26,1,1671,원피스,111100
틸,google,2026-08-02,1,1671,원피스,111100
틸,google,2026-08-09,1,1671,원피스,111100
틸,google,2026-08-16,1,1671,원피스,111100
틸,google,2026-08-23,1,1671,원피스,111100
틸,google,2026-08-30,1,1671,원피스,111100
틸,google,2026-09-06,1,1671,원피스,111100
틸,google,2026-09-13,1,1671,원피스,111100
그린,google,2025-09-14,10,16713,원피스,111100
그린,google,2025-09-21,10,16713,원피스,111100
그린,google,2025-09-28,11,18385,원피스,111100
그린,google,2025-10-05,10,16713,원피스,111100
그린,google,2025-10-12,11,18385,원피스,111100
그린,google,2025-10-19,11,18385,원피스,111100
그린,google,2025-10-26,11,18385,원피스,111100
그린,google,2025-11-02,11,18385,원피스,111100
그린,google,2025-11-09,11,18385,원피스,111100
그린,google,2025-11-16,11,18385,원피스,111100
그린,google,2025-11-23,11,18385,원피스,111100
그린,google,2025-11-30,11,18385,원피스,111100
그린,google,2025-12-07,10,16713,원피스,111100
그린,google,2025-12-14,11,18385,원피스,111100
그린,google,2025-12-21,11,18385,원피스,111100
그린,google,2025-12-28,10,16713,원피스,111100
그린,google,2026-01-04,10,16713,원피스,111100
그린,google,2026-01-11,11,18385,원피스,111100
그린,google,2026-01-18,10,16713,원피스,111100
그린,google,2026-01-25,10,16713,원피스,111100
그린,google,2026-02-01,11,18385,원피스,111100
그린,google,2026-02-08,10,16713,원피스,111100
그린,google,2026-02-15,9,15042,원피스,111100
그린,google,2026-02-22,11,18385,원피스,111100
그린,google,2026-03-01,10,16713,원피스,111100
그린,google,2026-03-08,11,18385,원피스,111100
그린,google,2026-03-15,11,18385,원피스,111100
그린,google,2026-03-22,11,18385,원피스,111100
그린,google,2026-03-29,11,18385,원피스,111100
그린,google,2026-04-05,9,15042,원피스,111100
그린,google,2026-04-12,10,16713,원피스,111100
그린,google,2026-04-19,10,16713,원피스,111100
그린,google,2026-04-26,10,16713,원피스,111100
그린,google,2026-05-03,10,16713,원피스,111100
그린,google,2026-05-10,11,18385,원피스,111100
그린,google,2026-05-17,10,16713,원피스,111100
그린,google,2026-05-24,11,18385,원피스,111100
그린,google,2026-05-31,11,18385,원피스,111100
그린,google,2026-06-07,10,16713,원피스,111100
그린,google,2026-06-14,10,16713,원피스,111100
그린,google,2026-06-21,10,16713,원피스,111100
그린,google,2026-06-28,11,18385,원피스,111100
그린,google,2026-07-05,10,16713,원피스,111100
그린,google,2026-07-12,10,16713,원피스,111100
그린,google,2026-07-19,10,16713,원피스,111100
그린,google,2026-07-26,9,15042,원피스,111100
그린,google,2026-08-02,9,15042,원피스,111100
그린,google,2026-08-09,9,15042,원피스,111100
그린,google,2026-08-16,10,16713,원피스,111100
그린,google,2026-08-23,9,15042,원피스,111100
그린,google,2026-08-30,9,15042,원피스,111100
그린,google,2026-09-06,9,15042,원피스,111100
그린,google,2026-09-13,10,16713,원피스,111100
민트,google,2025-09-14,2,3342,원피스,111100
민트,google,2025-09-21,2,3342,원피스,111100
민트,google,2025-09-28,2,3342,원피스,111100
민트,google,2025-10-05,2,3342,원피스,111100
민트,google,2025-10-12,2,3342,원피스,111100
민트,google,2025-10-19,2,3342,원피스,111100
민트,google,2025-10-26,2,3342,원피스,111100
민트,google,2025-11-02,2,3342,원피스,111100
민트,google,2025-11-09,2,3342,원피스,111100
민트,google,2025-11-16,2,3342,원피스,111100
민트,google,2025-11-23,2,3342,원피스,111100
민트,google,2025-11-30,2,3342,원피스,111100
민트,google,2025-12-07,2,3342,원피스,111100
민트,google,2025-12-14,2,3342,원피스,111100
민트,google,2025-12-21,2,3342,원피스,111100
민트,google,2025-12-28,2,3342,원피스,111100
민트,google,2026-01-04,2,3342,원피스,111100
민트,google,2026-01-11,2,3342,원피스,111100
민트,google,2026-01-18,2,3342,원피스,111100
민트,google,2026-01-25,3,5014,원피스,111100
민트,google,2026-02-01,3,5014,원피스,111100
민트,google,2026-02-08,5,8356,원피스,111100
민트,google,2026-02-15,7,11699,원피스,111100
민트,google,2026-02-22,4,6685,원피스,111100
민트,google,2026-03-01,4,6685,원피스,111100
민트,google,2026-03-08,3,5014,원피스,111100
민트,google,2026-03-15,2,3342,원피스,111100
민트,google,2026-03-22,2,3342,원피스,111100
민트,google,2026-03-29,4,6685,원피스,111100
민트,google,2026-04-05,4,6685,원피스,111100
민트,google,2026-04-12,7,11699,원피스,111100
민트,google,2026-04-19,2,3342,원피스,111100
민트,google,2026-04-26,3,5014,원피스,111100
민트,google,2026-05-03,2,3342,원피스,111100
민트,google,2026-05-10,3,5014,원피스,111100
민트,google,2026-05-17,2,3342,원피스,111100
민트,google,2026-05-24,3,5014,원피스,111100
민트,google,2026-05-31,3,5014,원피스,111100
민트,google,2026-06-07,2,3342,원피스,111100
민트,google,2026-06-14,2,3342,원피스,111100
민트,google,2026-06-21,2,3342,원피스,111100
민트,google,2026-06-28,2,3342,원피스,111100
민트,google,2026-07-05,2,3342,원피스,111100
민트,google,2026-07-12,2,3342,원피스,111100
민트,google,2026-07-19,2,3342,원피스,111100
민트,google,2026-07-26,2,3342,원피스,111100
민트,google,2026-08-02,2,3342,원피스,111100
민트,google,2026-08-09,2,3342,원피스,111100
민트,google,2026-08-16,7,11699,원피스,111100
민트,google,2026-08-23,8,13371,원피스,111100
민트,google,2026-08-30,2,3342,원피스,111100
민트,google,2026-09-06,2,3342,원피스,111100
민트,google,2026-09-13,2,3342,원피스,111100
블루,google,2025-09-14,50,83569,원피스,111100
블루,google,2025-09-21,47,78555,원피스,111100
블루,google,2025-09-28,47,78555,원피스,111100
블루,google,2025-10-05,53,88583,원피스,111100
블루,google,2025-10-12,48,80226,원피스,111100
블루,google,2025-10-19,64,106968,원피스,111100
블루,google,2025-10-26,100,167138,원피스,111100
블루,google,2025-11-02,57,95269,원피스,111100
블루,google,2025-11-09,38,63512,원피스,111100
블루,google,2025-11-16,37,61841,원피스,111100
블루,google,2025-11-23,39,65184,원피스,111100
블루,google,2025-11-30,39,65184,원피스,111100
블루,google,2025-12-07,37,61841,원피스,111100
블루,google,2025-12-14,42,70198,원피스,111100
블루,google,2025-12-21,42,70198,원피스,111100
블루,google,2025-12-28,37,61841,원피스,111100
블루,google,2026-01-04,35,58498,원피스,111100
블루,google,2026-01-11,34,56827,원피스,111100
블루,google,2026-01-18,34,56827,원피스,111100
블루,google,2026-01-25,31,51813,원피스,111100
블루,google,2026-02-01,30,50141,원피스,111100
블루,google,2026-02-08,30,50141,원피스,111100
블루,google,2026-02-15,28,46798,원피스,111100
블루,google,2026-02-22,33,55155,원피스,111100
블루,google,2026-03-01,38,63512,원피스,111100
블루,google,2026-03-08,42,70198,원피스,111100
블루,google,2026-03-15,38,63512,원피스,111100
블루,google,2026-03-22,39,65184,원피스,111100
블루,google,2026-03-29,45,75212,원피스,111100
블루,google,2026-04-05,46,76883,원피스,111100
블루,google,2026-04-12,40,66855,원피스,111100
블루,google,2026-04-19,42,70198,원피스,111100
블루,google,2026-04-26,38,63512,원피스,111100
블루,google,2026-05-03,40,66855,원피스,111100
블루,google,2026-05-10,40,66855,원피스,111100
블루,google,2026-05-17,38,63512,원피스,111100
블루,google,2026-05-24,46,76883,원피스,111100
블루,google,2026-05-31,34,56827,원피스,111100
블루,google,2026-06-07,35,58498,원피스,111100
블루,google,2026-06-14,39,65184,원피스,111100
블루,google,2026-06-21,38,63512,원피스,111100
블루,google,2026-06-28,39,65184,원피스,111100
블루,google,2026-07-05,49,81898,원피스,111100
블루,google,2026-07-12,36,60169,원피스,111100
블루,google,2026-07-19,34,56827,원피스,111100
블루,google,2026-07-26,32,53484,원피스,111100
블루,google,2026-08-02,26,43456,원피스,111100
블루,google,2026-08-09,31,51813,원피스,111100
블루,google,2026-08-16,29,48470,원피스,111100
블루,google,2026-08-23,31,51813,원피스,111100
블루,google,2026-08-30,27,45127,원피스,111100
블루,google,2026-09-06,32,53484,원피스,111100
블루,google,2026-09-13,36,60169,원피스,111100
네이비,google,2025-09-14,4,6685,원피스,111100
네이비,google,2025-09-21,4,6685,원피스,111100
네이비,google,2025-09-28,3,5014,원피스,111100
네이비,google,2025-10-05,3,5014,원피스,111100
네이비,google,2025-10-12,4,6685,원피스,111100
네이비,google,2025-10-19,4,6685,원피스,111100
네이비,google,2025-10-26,3,5014,원피스,111100
네이비,google,2025-11-02,3,5014,원피스,111100
네이비,google,2025-11-09,3,5014,원피스,111100
네이비,google,2025-11-16,4,6685,원피스,111100
네이비,google,2025-11-23,3,5014,원피스,111100
네이비,google,2025-11-30,3,5014,원피스,111100
네이비,google,2025-12-07,2,3342,원피스,111100
네이비,google,2025-12-14,3,5014,원피스,111100
네이비,google,2025-12-21,2,3342,원피스,111100
네이비,google,2025-12-28,2,3342,원피스,111100
네이비,google,2026-01-04,3,5014,원피스,111100
네이비,google,2026-01-11,2,3342,원피스,111100
네이비,google,2026-01-18,3,5014,원피스,111100
네이비,google,2026-01-25,3,5014,원피스,111100
네이비,google,2026-02-01,5,8356,원피스,111100
네이비,google,2026-02-08,6,10028,원피스,111100
네이비,google,2026-02-15,3,5014,원피스,111100
네이비,google,2026-02-22,6,10028,원피스,111100
네이비,google,2026-03-01,6,10028,원피스,111100
네이비,google,2026-03-08,4,6685,원피스,111100
네이비,google,2026-03-15,3,5014,원피스,111100
네이비,google,2026-03-22,3,5014,원피스,111100
네이비,google,2026-03-29,3,5014,원피스,111100
네이비,google,2026-04-05,3,5014,원피스,111100
네이비,google,2026-04-12,3,5014,원피스,111100
네이비,google,2026-04-19,4,6685,원피스,111100
네이비,google,2026-04-26,3,5014,원피스,111100
네이비,google,2026-05-03,3,5014,원피스,111100
네이비,google,2026-05-10,3,5014,원피스,111100
네이비,google,2026-05-17,3,5014,원피스,111100
네이비,google,2026-05-24,3,5014,원피스,111100
네이비,google,2026-05-31,3,5014,원피스,111100
네이비,google,2026-06-07,3,5014,원피스,111100
네이비,google,2026-06-14,3,5014,원피스,111100
네이비,google,2026-06-21,3,5014,원피스,111100
네이비,google,2026-06-28,3,5014,원피스,111100
네이비,google,2026-07-05,3,5014,원피스,111100
네이비,google,2026-07-12,2,3342,원피스,111100
네이비,google,2026-07-19,3,5014,원피스,111100
네이비,google,2026-07-26,3,5014,원피스,111100
네이비,google,2026-08-02,5,8356,원피스,111100
네이비,google,2026-08-09,7,11699,원피스,111100
네이비,google,2026-08-16,5,8356,원피스,111100
네이비,google,2026-08-23,3,5014,원피스,111100
네이비,google,2026-08-30,5,8356,원피스,111100
네이비,google,2026-09-06,5,8356,원피스,111100
네이비,google,2026-09-13,3,5014,원피스,111100
데님블루,google,2025-09-14,0,0,원피스,111100
데님블루,google,2025-09-21,0,0,원피스,111100
데님블루,google,2025-09-28,0,0,원피스,111100
데님블루,google,2025-10-05,0,0,원피스,111100
데님블루,google,2025-10-12,3,5014,원피스,111100
데님블루,google,2025-10-19,0,0,원피스,111100
데님블루,google,2025-10-26,0,0,원피스,111100
데님블루,google,2025-11-02,0,0,원피스,111100
데님블루,google,2025-11-09,0,0,원피스,111100
데님블루,google,2025-11-16,0,0,원피스,111100
데님블루,google,2025-11-23,0,0,원피스,111100
데님블루,google,2025-11-30,0,0,원피스,111100
데님블루,google,2025-12-07,0,0,원피스,111100
데님블루,google,2025-12-14,0,0,원피스,111100
데님블루,google,2025-12-21,0,0,원피스,111100
데님블루,google,2025-12-28,0,0,원피스,111100
데님블루,google,2026-01-04,0,0,원피스,111100
데님블루,google,2026-01-11,0,0,원피스,111100
데님블루,google,2026-01-18,0,0,원피스,111100
데님블루,google,2026-01-25,0,0,원피스,111100
데님블루,google,2026-02-01,0,0,원피스,111100
데님블루,google,2026-02-08,0,0,원피스,111100
데님블루,google,2026-02-15,0,0,원피스,111100
데님블루,google,2026-02-22,4,6685,원피스,111100
데님블루,google,2026-03-01,4,6685,원피스,111100
데님블루,google,2026-03-08,0,0,원피스,111100
데님블루,google,2026-03-15,0,0,원피스,111100
데님블루,google,2026-03-22,4,6685,원피스,111100
데님블루,google,2026-03-29,4,6685,원피스,111100
데님블루,google,2026-04-05,0,0,원피스,111100
데님블루,google,2026-04-12,3,5014,원피스,111100
데님블루,google,2026-04-19,0,0,원피스,111100
데님블루,google,2026-04-26,0,0,원피스,111100
데님블루,google,2026-05-03,0,0,원피스,111100
데님블루,google,2026-05-10,0,0,원피스,111100
데님블루,google,2026-05-17,0,0,원피스,111100
데님블루,google,2026-05-24,0,0,원피스,111100
데님블루,google,2026-05-31,0,0,원피스,111100
데님블루,google,2026-06-07,0,0,원피스,111100
데님블루,google,2026-06-14,4,6685,원피스,111100
데님블루,google,2026-06-21,0,0,원피스,111100
데님블루,google,2026-06-28,0,0,원피스,111100
데님블루,google,2026-07-05,0,0,원피스,111100
데님블루,google,2026-07-12,0,0,원피스,111100
데님블루,google,2026-07-19,0,0,원피스,111100
데님블루,google,2026-07-26,0,0,원피스,111100
데님블루,google,2026-08-02,0,0,원피스,111100
데님블루,google,2026-08-09,0,0,원피스,111100
데님블루,google,2026-08-16,0,0,원피스,111100
데님블루,google,2026-08-23,4,6685,원피스,111100
데님블루,google,2026-08-30,2,3342,원피스,111100
데님블루,google,2026-09-06,3,5014,원피스,111100
데님블루,google,2026-09-13,2,3342,원피스,111100
스틸블루,google,2025-09-14,0,0,원피스,111100
스틸블루,google,2025-09-21,0,0,원피스,111100
스틸블루,google,2025-09-28,0,0,원피스,111100
스틸블루,google,2025-10-05,0,0,원피스,111100
스틸블루,google,2025-10-12,0,0,원피스,111100
스틸블루,google,2025-10-19,0,0,원피스,111100
스틸블루,google,2025-10-26,0,0,원피스,111100
스틸블루,google,2025-11-02,0,0,원피스,111100
스틸블루,google,2025-11-09,0,0,원피스,111100
스틸블루,google,2025-11-16,0,0,원피스,111100
스틸블루,google,2025-11-23,0,0,원피스,111100
스틸블루,google,2025-11-30,0,0,원피스,111100
스틸블루,google,2025-12-07,0,0,원피스,111100
스틸블루,google,2025-12-14,0,0,원피스,111100
스틸블루,google,2025-12-21,0,0,원피스,111100
스틸블루,google,2025-12-28,0,0,원피스,111100
스틸블루,google,2026-01-04,0,0,원피스,111100
스틸블루,google,2026-01-11,0,0,원피스,111100
스틸블루,google,2026-01-18,0,0,원피스,111100
스틸블루,google,2026-01-25,0,0,원피스,111100
스틸블루,google,2026-02-01,0,0,원피스,111100
스틸블루,google,2026-02-08,0,0,원피스,111100
스틸블루,google,2026-02-15,0,0,원피스,111100
스틸블루,google,2026-02-22,0,0,원피스,111100
스틸블루,google,2026-03-01,0,0,원피스,111100
스틸블루,google,2026-03-08,0,0,원피스,111100
스틸블루,google,2026-03-15,0,0,원피스,111100
스틸블루,google,2026-03-22,0,0,원피스,111100
스틸블루,google,2026-03-29,0,0,원피스,111100
스틸블루,google,2026-04-05,0,0,원피스,111100
스틸블루,google,2026-04-12,0,0,원피스,111100
스틸블루,google,2026-04-19,0,0,원피스,111100
스틸블루,google,2026-04-26,0,0,원피스,111100
스틸블루,google,2026-05-03,0,0,원피스,111100
스틸블루,google,2026-05-10,0,0,원피스,111100
스틸블루,google,2026-05-17,0,0,원피스,111100
스틸블루,google,2026-05-24,0,0,원피스,111100
스틸블루,google,2026-05-31,0,0,원피스,111100
스틸블루,google,2026-06-07,0,0,원피스,111100
스틸블루,google,2026-06-14,0,0,원피스,111100
스틸블루,google,2026-06-21,0,0,원피스,111100
스틸블루,google,2026-06-28,0,0,원피스,111100
스틸블루,google,2026-07-05,0,0,원피스,111100
스틸블루,google,2026-07-12,0,0,원피스,111100
스틸블루,google,2026-07-19,0,0,원피스,111100
스틸블루,google,2026-07-26,0,0,원피스,111100
스틸블루,google,2026-08-02,0,0,원피스,111100
스틸블루,google,2026-08-09,0,0,원피스,111100
스틸블루,google,2026-08-16,0,0,원피스,111100
스틸블루,google,2026-08-23,0,0,원피스,111100
스틸블루,google,2026-08-30,1,1671,원피스,111100
스틸블루,google,2026-09-06,1,1671,원피스,111100
스틸블루,google,2026-09-13,2,3342,원피스,111100
오션블루,google,2025-09-14,8,13371,원피스,111100
오션블루,google,2025-09-21,5,8356,원피스,111100
오션블루,google,2025-09-28,10,16713,원피스,111100
오션블루,google,2025-10-05,8,13371,원피스,111100
오션블루,google,2025-10-12,10,16713,원피스,111100
오션블루,google,2025-10-19,5,8356,원피스,111100
오션블루,google,2025-10-26,9,15042,원피스,111100
오션블루,google,2025-11-02,9,15042,원피스,111100
오션블루,google,2025-11-09,9,15042,원피스,111100
오션블루,google,2025-11-16,7,11699,원피스,111100
오션블루,google,2025-11-23,8,13371,원피스,111100
오션블루,google,2025-11-30,10,16713,원피스,111100
오션블루,google,2025-12-07,10,16713,원피스,111100
오션블루,google,2025-12-14,10,16713,원피스,111100
오션블루,google,2025-12-21,5,8356,원피스,111100
오션블루,google,2025-12-28,9,15042,원피스,111100
오션블루,google,2026-01-04,12,20056,원피스,111100
오션블루,google,2026-01-11,8,13371,원피스,111100
오션블루,google,2026-01-18,7,11699,원피스,111100
오션블루,google,2026-01-25,8,13371,원피스,111100
오션블루,google,2026-02-01,8,13371,원피스,111100
오션블루,google,2026-02-08,9,15042,원피스,111100
오션블루,google,2026-02-15,6,10028,원피스,111100
오션블루,google,2026-02-22,10,16713,원피스,111100
오션블루,google,2026-03-01,12,20056,원피스,111100
오션블루,google,2026-03-08,12,20056,원피스,111100
오션블루,google,2026-03-15,8,13371,원피스,111100
오션블루,google,2026-03-22,9,15042,원피스,111100
오션블루,google,2026-03-29,7,11699,원피스,111100
오션블루,google,2026-04-05,9,15042,원피스,111100
오션블루,google,2026-04-12,7,11699,원피스,111100
오션블루,google,2026-04-19,9,15042,원피스,111100
오션블루,google,2026-04-26,7,11699,원피스,111100
오션블루,google,2026-05-03,9,15042,원피스,111100
오션블루,google,2026-05-10,9,15042,원피스,111100
오션블루,google,2026-05-17,7,11699,원피스,111100
오션블루,google,2026-05-24,11,18385,원피스,111100
오션블루,google,2026-05-31,12,20056,원피스,111100
오션블루,google,2026-06-07,7,11699,원피스,111100
오션블루,google,2026-06-14,10,16713,원피스,111100
오션블루,google,2026-06-21,9,15042,원피스,111100
오션블루,google,2026-06-28,10,16713,원피스,111100
오션블루,google,2026-07-05,8,13371,원피스,111100
오션블루,google,2026-07-12,7,11699,원피스,111100
오션블루,google,2026-07-19,9,15042,원피스,111100
오션블루,google,2026-07-26,10,16713,원피스,111100
오션블루,google,2026-08-02,7,11699,원피스,111100
오션블루,google,2026-08-09,7,11699,원피스,111100
오션블루,google,2026-08-16,8,13371,원피스,111100
오션블루,google,2026-08-23,7,11699,원피스,111100
오션블루,google,2026-08-30,7,11699,원피스,111100
오션블루,google,2026-09-06,8,13371,원피스,111100
오션블루,google,2026-09-13,6,10028,원피스,111100
스카이블루,google,2025-09-14,63,105297,원피스,111100
스카이블루,google,2025-09-21,64,106968,원피스,111100
스카이블루,google,2025-09-28,71,118668,원피스,111100
스카이블루,google,2025-10-05,71,118668,원피스,111100
스카이블루,google,2025-10-12,76,127025,원피스,111100
스카이블루,google,2025-10-19,72,120339,원피스,111100
스카이블루,google,2025-10-26,66,110311,원피스,111100
스카이블루,google,2025-11-02,70,116997,원피스,111100
스카이블루,google,2025-11-09,74,123682,원피스,111100
스카이블루,google,2025-11-16,71,118668,원피스,111100
스카이블루,google,2025-11-23,68,113654,원피스,111100
스카이블루,google,2025-11-30,62,103626,원피스,111100
스카이블루,google,2025-12-07,63,105297,원피스,111100
스카이블루,google,2025-12-14,69,115325,원피스,111100
스카이블루,google,2025-12-21,100,167138,원피스,111100
스카이블루,google,2025-12-28,87,145410,원피스,111100
스카이블루,google,2026-01-04,75,125354,원피스,111100
스카이블루,google,2026-01-11,76,127025,원피스,111100
스카이블루,google,2026-01-18,68,113654,원피스,111100
스카이블루,google,2026-01-25,68,113654,원피스,111100
스카이블루,google,2026-02-01,68,113654,원피스,111100
스카이블루,google,2026-02-08,63,105297,원피스,111100
스카이블루,google,2026-02-15,65,108640,원피스,111100
스카이블루,google,2026-02-22,70,116997,원피스,111100
스카이블루,google,2026-03-01,76,127025,원피스,111100
스카이블루,google,2026-03-08,66,110311,원피스,111100
스카이블루,google,2026-03-15,90,150424,원피스,111100
스카이블루,google,2026-03-22,74,123682,원피스,111100
스카이블루,google,2026-03-29,67,111982,원피스,111100
스카이블루,google,2026-04-05,61,101954,원피스,111100
스카이블루,google,2026-04-12,64,106968,원피스,111100
스카이블루,google,2026-04-19,66,110311,원피스,111100
스카이블루,google,2026-04-26,53,88583,원피스,111100
스카이블루,google,2026-05-03,65,108640,원피스,111100
스카이블루,google,2026-05-10,60,100283,원피스,111100
스카이블루,google,2026-05-17,65,108640,원피스,111100
스카이블루,google,2026-05-24,59,98611,원피스,111100
스카이블루,google,2026-05-31,55,91926,원피스,111100
스카이블루,google,2026-06-07,65,108640,원피스,111100
스카이블루,google,2026-06-14,63,105297,원피스,111100
스카이블루,google,2026-06-21,56,93597,원피스,111100
스카이블루,google,2026-06-28,56,93597,원피스,111100
스카이블루,google,2026-07-05,58,96940,원피스,111100
스카이블루,google,2026-07-12,52,86912,원피스,111100
스카이블루,google,2026-07-19,57,95269,원피스,111100
스카이블루,google,2026-07-26,51,85240,원피스,111100
스카이블루,google,2026-08-02,57,95269,원피스,111100
스카이블루,google,2026-08-09,46,76883,원피스,111100
스카이블루,google,2026-08-16,50,83569,원피스,111100
스카이블루,google,2026-08-23,49,81898,원피스,111100
스카이블루,google,2026-08-30,50,83569,원피스,111100
스카이블루,google,2026-09-06,47,78555,원피스,111100
스카이블루,google,2026-09-13,56,93597,원피스,111100
코발트블루,google,2025-09-14,3,5014,원피스,111100
코발트블루,google,2025-09-21,0,0,원피스,111100
코발트블루,google,2025-09-28,0,0,원피스,111100
코발트블루,google,2025-10-05,0,0,원피스,111100
코발트블루,google,2025-10-12,3,5014,원피스,111100
코발트블루,google,2025-10-19,0,0,원피스,111100
코발트블루,google,2025-10-26,4,6685,원피스,111100
코발트블루,google,2025-11-02,0,0,원피스,111100
코발트블루,google,2025-11-09,0,0,원피스,111100
코발트블루,google,2025-11-16,0,0,원피스,111100
코발트블루,google,2025-11-23,5,8356,원피스,111100
코발트블루,google,2025-11-30,0,0,원피스,111100
코발트블루,google,2025-12-07,0,0,원피스,111100
코발트블루,google,2025-12-14,0,0,원피스,111100
코발트블루,google,2025-12-21,0,0,원피스,111100
코발트블루,google,2025-12-28,0,0,원피스,111100
코발트블루,google,2026-01-04,0,0,원피스,111100
코발트블루,google,2026-01-11,4,6685,원피스,111100
코발트블루,google,2026-01-18,0,0,원피스,111100
코발트블루,google,2026-01-25,0,0,원피스,111100
코발트블루,google,2026-02-01,0,0,원피스,111100
코발트블루,google,2026-02-08,0,0,원피스,111100
코발트블루,google,2026-02-15,0,0,원피스,111100
코발트블루,google,2026-02-22,4,6685,원피스,111100
코발트블루,google,2026-03-01,4,6685,원피스,111100
코발트블루,google,2026-03-08,0,0,원피스,111100
코발트블루,google,2026-03-15,0,0,원피스,111100
코발트블루,google,2026-03-22,4,6685,원피스,111100
코발트블루,google,2026-03-29,0,0,원피스,111100
코발트블루,google,2026-04-05,0,0,원피스,111100
코발트블루,google,2026-04-12,5,8356,원피스,111100
코발트블루,google,2026-04-19,4,6685,원피스,111100
코발트블루,google,2026-04-26,4,6685,원피스,111100
코발트블루,google,2026-05-03,0,0,원피스,111100
코발트블루,google,2026-05-10,0,0,원피스,111100
코발트블루,google,2026-05-17,0,0,원피스,111100
코발트블루,google,2026-05-24,5,8356,원피스,111100
코발트블루,google,2026-05-31,4,6685,원피스,111100
코발트블루,google,2026-06-07,5,8356,원피스,111100
코발트블루,google,2026-06-14,0,0,원피스,111100
코발트블루,google,2026-06-21,4,6685,원피스,111100
코발트블루,google,2026-06-28,0,0,원피스,111100
코발트블루,google,2026-07-05,3,5014,원피스,111100
코발트블루,google,2026-07-12,0,0,원피스,111100
코발트블루,google,2026-07-19,7,11699,원피스,111100
코발트블루,google,2026-07-26,4,6685,원피스,111100
코발트블루,google,2026-08-02,0,0,원피스,111100
코발트블루,google,2026-08-09,4,6685,원피스,111100
코발트블루,google,2026-08-16,0,0,원피스,111100
코발트블루,google,2026-08-23,0,0,원피스,111100
코발트블루,google,2026-08-30,2,3342,원피스,111100
코발트블루,google,2026-09-06,3,5014,원피스,111100
코발트블루,google,2026-09-13,3,5014,원피스,111100
블랙,google,2025-09-14,83,138725,원피스,111100
블랙,google,2025-09-21,91,152096,원피스,111100
블랙,google,2025-09-28,99,165467,원피스,111100
블랙,google,2025-10-05,99,165467,원피스,111100
블랙,google,2025-10-12,81,135382,원피스,111100
블랙,google,2025-10-19,87,145410,원피스,111100
블랙,google,2025-10-26,100,167138,원피스,111100
블랙,google,2025-11-02,89,148753,원피스,111100
블랙,google,2025-11-09,86,143739,원피스,111100
블랙,google,2025-11-16,99,165467,원피스,111100
블랙,google,2025-11-23,85,142067,원피스,111100
블랙,google,2025-11-30,79,132039,원피스,111100
블랙,google,2025-12-07,91,152096,원피스,111100
블랙,google,2025-12-14,86,143739,원피스,111100
블랙,google,2025-12-21,82,137053,원피스,111100
블랙,google,2025-12-28,82,137053,원피스,111100
블랙,google,2026-01-04,79,132039,원피스,111100
블랙,google,2026-01-11,82,137053,원피스,111100
블랙,google,2026-01-18,84,140396,원피스,111100
블랙,google,2026-01-25,85,142067,원피스,111100
블랙,google,2026-02-01,79,132039,원피스,111100
블랙,google,2026-02-08,68,113654,원피스,111100
블랙,google,2026-02-15,71,118668,원피스,111100
블랙,google,2026-02-22,88,147082,원피스,111100
블랙,google,2026-03-01,81,135382,원피스,111100
블랙,google,2026-03-08,84,140396,원피스,111100
블랙,google,2026-03-15,78,130368,원피스,111100
블랙,google,2026-03-22,75,125354,원피스,111100
블랙,google,2026-03-29,74,123682,원피스,111100
블랙,google,2026-04-05,69,115325,원피스,111100
블랙,google,2026-04-12,72,120339,원피스,111100
블랙,google,2026-04-19,73,122011,원피스,111100
블랙,google,2026-04-26,100,167138,원피스,111100
블랙,google,2026-05-03,80,133711,원피스,111100
블랙,google,2026-05-10,70,116997,원피스,111100
블랙,google,2026-05-17,66,110311,원피스,111100
블랙,google,2026-05-24,79,132039,원피스,111100
블랙,google,2026-05-31,69,115325,원피스,111100
블랙,google,2026-06-07,75,125354,원피스,111100
블랙,google,2026-06-14,82,137053,원피스,111100
블랙,google,2026-06-21,66,110311,원피스,111100
블랙,google,2026-06-28,65,108640,원피스,111100
블랙,google,2026-07-05,61,101954,원피스,111100
블랙,google,2026-07-12,62,103626,원피스,111100
블랙,google,2026-07-19,71,118668,원피스,111100
블랙,google,2026-07-26,62,103626,원피스,111100
블랙,google,2026-08-02,57,95269,원피스,111100
블랙,google,2026-08-09,55,91926,원피스,111100
블랙,google,2026-08-16,62,103626,원피스,111100
블랙,google,2026-08-23,63,105297,원피스,111100
블랙,google,2026-08-30,54,90254,원피스,111100
블랙,google,2026-09-06,61,101954,원피스,111100
블랙,google,2026-09-13,77,128696,원피스,111100
차콜,google,2025-09-14,0,0,원피스,111100
차콜,google,2025-09-21,1,1671,원피스,111100
차콜,google,2025-09-28,0,0,원피스,111100
차콜,google,2025-10-05,1,1671,원피스,111100
차콜,google,2025-10-12,0,0,원피스,111100
차콜,google,2025-10-19,1,1671,원피스,111100
차콜,google,2025-10-26,1,1671,원피스,111100
차콜,google,2025-11-02,0,0,원피스,111100
차콜,google,2025-11-09,1,1671,원피스,111100
차콜,google,2025-11-16,1,1671,원피스,111100
차콜,google,2025-11-23,1,1671,원피스,111100
차콜,google,2025-11-30,0,0,원피스,111100
차콜,google,2025-12-07,1,1671,원피스,111100
차콜,google,2025-12-14,0,0,원피스,111100
차콜,google,2025-12-21,0,0,원피스,111100
차콜,google,2025-12-28,0,0,원피스,111100
차콜,google,2026-01-04,0,0,원피스,111100
차콜,google,2026-01-11,0,0,원피스,111100
차콜,google,2026-01-18,0,0,원피스,111100
차콜,google,2026-01-25,0,0,원피스,111100
차콜,google,2026-02-01,0,0,원피스,111100
차콜,google,2026-02-08,1,1671,원피스,111100
차콜,google,2026-02-15,1,1671,원피스,111100
차콜,google,2026-02-22,0,0,원피스,111100
차콜,google,2026-03-01,0,0,원피스,111100
차콜,google,2026-03-08,0,0,원피스,111100
차콜,google,2026-03-15,0,0,원피스,111100
차콜,google,2026-03-22,1,1671,원피스,111100
차콜,google,2026-03-29,0,0,원피스,111100
차콜,google,2026-04-05,0,0,원피스,111100
차콜,google,2026-04-12,0,0,원피스,111100
차콜,google,2026-04-19,0,0,원피스,111100
차콜,google,2026-04-26,0,0,원피스,111100
차콜,google,2026-05-03,0,0,원피스,111100
차콜,google,2026-05-10,0,0,원피스,111100
차콜,google,2026-05-17,0,0,원피스,111100
차콜,google,2026-05-24,0,0,원피스,111100
차콜,google,2026-05-31,0,0,원피스,111100
차콜,google,2026-06-07,1,1671,원피스,111100
차콜,google,2026-06-14,0,0,원피스,111100
차콜,google,2026-06-21,0,0,원피스,111100
차콜,google,2026-06-28,0,0,원피스,111100
차콜,google,2026-07-05,0,0,원피스,111100
차콜,google,2026-07-12,0,0,원피스,111100
차콜,google,2026-07-19,0,0,원피스,111100
차콜,google,2026-07-26,0,0,원피스,111100
차콜,google,2026-08-02,0,0,원피스,111100
차콜,google,2026-08-09,0,0,원피스,111100
차콜,google,2026-08-16,0,0,원피스,111100
차콜,google,2026-08-23,0,0,원피스,111100
차콜,google,2026-08-30,0,0,원피스,111100
차콜,google,2026-09-06,1,1671,원피스,111100
차콜,google,2026-09-13,1,1671,원피스,111100
크림,google,2025-09-14,14,23399,원피스,111100
크림,google,2025-09-21,15,25070,원피스,111100
크림,google,2025-09-28,14,23399,원피스,111100
크림,google,2025-10-05,15,25070,원피스,111100
크림,google,2025-10-12,14,23399,원피스,111100
크림,google,2025-10-19,15,25070,원피스,111100
크림,google,2025-10-26,15,25070,원피스,111100
크림,google,2025-11-02,16,26742,원피스,111100
크림,google,2025-11-09,15,25070,원피스,111100
크림,google,2025-11-16,18,30084,원피스,111100
크림,google,2025-11-23,16,26742,원피스,111100
크림,google,2025-11-30,17,28413,원피스,111100
크림,google,2025-12-07,17,28413,원피스,111100
크림,google,2025-12-14,16,26742,원피스,111100
크림,google,2025-12-21,18,30084,원피스,111100
크림,google,2025-12-28,16,26742,원피스,111100
크림,google,2026-01-04,15,25070,원피스,111100
크림,google,2026-01-11,15,25070,원피스,111100
크림,google,2026-01-18,16,26742,원피스,111100
크림,google,2026-01-25,16,26742,원피스,111100
크림,google,2026-02-01,16,26742,원피스,111100
크림,google,2026-02-08,15,25070,원피스,111100
크림,google,2026-02-15,14,23399,원피스,111100
크림,google,2026-02-22,16,26742,원피스,111100
크림,google,2026-03-01,16,26742,원피스,111100
크림,google,2026-03-08,16,26742,원피스,111100
크림,google,2026-03-15,16,26742,원피스,111100
크림,google,2026-03-22,16,26742,원피스,111100
크림,google,2026-03-29,15,25070,원피스,111100
크림,google,2026-04-05,14,23399,원피스,111100
크림,google,2026-04-12,14,23399,원피스,111100
크림,google,2026-04-19,14,23399,원피스,111100
크림,google,2026-04-26,15,25070,원피스,111100
크림,google,2026-05-03,15,25070,원피스,111100
크림,google,2026-05-10,16,26742,원피스,111100
크림,google,2026-05-17,15,25070,원피스,111100
크림,google,2026-05-24,14,23399,원피스,111100
크림,google,2026-05-31,15,25070,원피스,111100
크림,google,2026-06-07,15,25070,원피스,111100
크림,google,2026-06-14,13,21728,원피스,111100
크림,google,2026-06-21,14,23399,원피스,111100
크림,google,2026-06-28,14,23399,원피스,111100
크림,google,2026-07-05,13,21728,원피스,111100
크림,google,2026-07-12,13,21728,원피스,111100
크림,google,2026-07-19,14,23399,원피스,111100
크림,google,2026-07-26,14,23399,원피스,111100
크림,google,2026-08-02,13,21728,원피스,111100
크림,google,2026-08-09,12,20056,원피스,111100
크림,google,2026-08-16,14,23399,원피스,111100
크림,google,2026-08-23,14,23399,원피스,111100
크림,google,2026-08-30,15,25070,원피스,111100
크림,google,2026-09-06,16,26742,원피스,111100
크림,google,2026-09-13,17,28413,원피스,111100
그레이,google,2025-09-14,4,6685,원피스,111100
그레이,google,2025-09-21,4,6685,원피스,111100
그레이,google,2025-09-28,5,8356,원피스,111100
그레이,google,2025-10-05,5,8356,원피스,111100
그레이,google,2025-10-12,4,6685,원피스,111100
그레이,google,2025-10-19,5,8356,원피스,111100
그레이,google,2025-10-26,4,6685,원피스,111100
그레이,google,2025-11-02,5,8356,원피스,111100
그레이,google,2025-11-09,4,6685,원피스,111100
그레이,google,2025-11-16,5,8356,원피스,111100
그레이,google,2025-11-23,4,6685,원피스,111100
그레이,google,2025-11-30,4,6685,원피스,111100
그레이,google,2025-12-07,5,8356,원피스,111100
그레이,google,2025-12-14,5,8356,원피스,111100
그레이,google,2025-12-21,4,6685,원피스,111100
그레이,google,2025-12-28,4,6685,원피스,111100
그레이,google,2026-01-04,4,6685,원피스,111100
그레이,google,2026-01-11,4,6685,원피스,111100
그레이,google,2026-01-18,4,6685,원피스,111100
그레이,google,2026-01-25,4,6685,원피스,111100
그레이,google,2026-02-01,4,6685,원피스,111100
그레이,google,2026-02-08,4,6685,원피스,111100
그레이,google,2026-02-15,4,6685,원피스,111100
그레이,google,2026-02-22,5,8356,원피스,111100
그레이,google,2026-03-01,5,8356,원피스,111100
그레이,google,2026-03-08,4,6685,원피스,111100
그레이,google,2026-03-15,5,8356,원피스,111100
그레이,google,2026-03-22,4,6685,원피스,111100
그레이,google,2026-03-29,4,6685,원피스,111100
그레이,google,2026-04-05,5,8356,원피스,111100
그레이,google,2026-04-12,5,8356,원피스,111100
그레이,google,2026-04-19,4,6685,원피스,111100
그레이,google,2026-04-26,4,6685,원피스,111100
그레이,google,2026-05-03,5,8356,원피스,111100
그레이,google,2026-05-10,4,6685,원피스,111100
그레이,google,2026-05-17,4,6685,원피스,111100
그레이,google,2026-05-24,4,6685,원피스,111100
그레이,google,2026-05-31,4,6685,원피스,111100
그레이,google,2026-06-07,4,6685,원피스,111100
그레이,google,2026-06-14,4,6685,원피스,111100
그레이,google,2026-06-21,4,6685,원피스,111100
그레이,google,2026-06-28,4,6685,원피스,111100
그레이,google,2026-07-05,4,6685,원피스,111100
그레이,google,2026-07-12,4,6685,원피스,111100
그레이,google,2026-07-19,3,5014,원피스,111100
그레이,google,2026-07-26,8,13371,원피스,111100
그레이,google,2026-08-02,9,15042,원피스,111100
그레이,google,2026-08-09,6,10028,원피스,111100
그레이,google,2026-08-16,5,8356,원피스,111100
그레이,google,2026-08-23,5,8356,원피스,111100
그레이,google,2026-08-30,4,6685,원피스,111100
그레이,google,2026-09-06,4,6685,원피스,111100
그레이,google,2026-09-13,5,8356,원피스,111100
베이지,google,2025-09-14,1,1671,원피스,111100
베이지,google,2025-09-21,2,3342,원피스,111100
베이지,google,2025-09-28,2,3342,원피스,111100
베이지,google,2025-10-05,2,3342,원피스,111100
베이지,google,2025-10-12,2,3342,원피스,111100
베이지,google,2025-10-19,2,3342,원피스,111100
베이지,google,2025-10-26,2,3342,원피스,111100
베이지,google,2025-11-02,2,3342,원피스,111100
베이지,google,2025-11-09,2,3342,원피스,111100
베이지,google,2025-11-16,2,3342,원피스,111100
베이지,google,2025-11-23,2,3342,원피스,111100
베이지,google,2025-11-30,2,3342,원피스,111100
베이지,google,2025-12-07,2,3342,원피스,111100
베이지,google,2025-12-14,2,3342,원피스,111100
베이지,google,2025-12-21,2,3342,원피스,111100
베이지,google,2025-12-28,2,3342,원피스,111100
베이지,google,2026-01-04,2,3342,원피스,111100
베이지,google,2026-01-11,2,3342,원피스,111100
베이지,google,2026-01-18,2,3342,원피스,111100
베이지,google,2026-01-25,2,3342,원피스,111100
베이지,google,2026-02-01,2,3342,원피스,111100
베이지,google,2026-02-08,1,1671,원피스,111100
베이지,google,2026-02-15,2,3342,원피스,111100
베이지,google,2026-02-22,2,3342,원피스,111100
베이지,google,2026-03-01,2,3342,원피스,111100
베이지,google,2026-03-08,2,3342,원피스,111100
베이지,google,2026-03-15,2,3342,원피스,111100
베이지,google,2026-03-22,2,3342,원피스,111100
베이지,google,2026-03-29,2,3342,원피스,111100
베이지,google,2026-04-05,2,3342,원피스,111100
베이지,google,2026-04-12,2,3342,원피스,111100
베이지,google,2026-04-19,2,3342,원피스,111100
베이지,google,2026-04-26,2,3342,원피스,111100
베이지,google,2026-05-03,2,3342,원피스,111100
베이지,google,2026-05-10,2,3342,원피스,111100
베이지,google,2026-05-17,2,3342,원피스,111100
베이지,google,2026-05-24,2,3342,원피스,111100
베이지,google,2026-05-31,2,3342,원피스,111100
베이지,google,2026-06-07,1,1671,원피스,111100
베이지,google,2026-06-14,1,1671,원피스,111100
베이지,google,2026-06-21,2,3342,원피스,111100
베이지,google,2026-06-28,2,3342,원피스,111100
베이지,google,2026-07-05,1,1671,원피스,111100
베이지,google,2026-07-12,1,1671,원피스,111100
베이지,google,2026-07-19,2,3342,원피스,111100
베이지,google,2026-07-26,1,1671,원피스,111100
베이지,google,2026-08-02,1,1671,원피스,111100
베이지,google,2026-08-09,1,1671,원피스,111100
베이지,google,2026-08-16,1,1671,원피스,111100
베이지,google,2026-08-23,1,1671,원피스,111100
베이지,google,2026-08-30,1,1671,원피스,111100
베이지,google,2026-09-06,2,3342,원피스,111100
베이지,google,2026-09-13,2,3342,원피스,111100
화이트,google,2025-09-14,19,31756,원피스,111100
화이트,google,2025-09-21,18,30084,원피스,111100
화이트,google,2025-09-28,18,30084,원피스,111100
화이트,google,2025-10-05,20,33427,원피스,111100
화이트,google,2025-10-12,18,30084,원피스,111100
화이트,google,2025-10-19,18,30084,원피스,111100
화이트,google,2025-10-26,19,31756,원피스,111100
화이트,google,2025-11-02,20,33427,원피스,111100
화이트,google,2025-11-09,18,30084,원피스,111100
화이트,google,2025-11-16,18,30084,원피스,111100
화이트,google,2025-11-23,100,167138,원피스,111100
화이트,google,2025-11-30,27,45127,원피스,111100
화이트,google,2025-12-07,18,30084,원피스,111100
화이트,google,2025-12-14,17,28413,원피스,111100
화이트,google,2025-12-21,19,31756,원피스,111100
화이트,google,2025-12-28,19,31756,원피스,111100
화이트,google,2026-01-04,20,33427,원피스,111100
화이트,google,2026-01-11,18,30084,원피스,111100
화이트,google,2026-01-18,18,30084,원피스,111100
화이트,google,2026-01-25,17,28413,원피스,111100
화이트,google,2026-02-01,20,33427,원피스,111100
화이트,google,2026-02-08,18,30084,원피스,111100
화이트,google,2026-02-15,18,30084,원피스,111100
화이트,google,2026-02-22,21,35099,원피스,111100
화이트,google,2026-03-01,21,35099,원피스,111100
화이트,google,2026-03-08,37,61841,원피스,111100
화이트,google,2026-03-15,21,35099,원피스,111100
화이트,google,2026-03-22,19,31756,원피스,111100
화이트,google,2026-03-29,20,33427,원피스,111100
화이트,google,2026-04-05,16,26742,원피스,111100
화이트,google,2026-04-12,17,28413,원피스,111100
화이트,google,2026-04-19,17,28413,원피스,111100
화이트,google,2026-04-26,20,33427,원피스,111100
화이트,google,2026-05-03,18,30084,원피스,111100
화이트,google,2026-05-10,19,31756,원피스,111100
화이트,google,2026-05-17,22,36770,원피스,111100
화이트,google,2026-05-24,23,38441,원피스,111100
화이트,google,2026-05-31,18,30084,원피스,111100
화이트,google,2026-06-07,21,35099,원피스,111100
화이트,google,2026-06-14,18,30084,원피스,111100
화이트,google,2026-06-21,16,26742,원피스,111100
화이트,google,2026-06-28,16,26742,원피스,111100
화이트,google,2026-07-05,17,28413,원피스,111100
화이트,google,2026-07-12,15,25070,원피스,111100
화이트,google,2026-07-19,16,26742,원피스,111100
화이트,google,2026-07-26,22,36770,원피스,111100
화이트,google,2026-08-02,45,75212,원피스,111100
화이트,google,2026-08-09,17,28413,원피스,111100
화이트,google,2026-08-16,18,30084,원피스,111100
화이트,google,2026-08-23,17,28413,원피스,111100
화이트,google,2026-08-30,15,25070,원피스,111100
화이트,google,2026-09-06,18,30084,원피스,111100
화이트,google,2026-09-13,20,33427,원피스,111100
그레이지,google,2025-09-14,0,0,원피스,111100
그레이지,google,2025-09-21,0,0,원피스,111100
그레이지,google,2025-09-28,0,0,원피스,111100
그레이지,google,2025-10-05,0,0,원피스,111100
그레이지,google,2025-10-12,0,0,원피스,111100
그레이지,google,2025-10-19,0,0,원피스,111100
그레이지,google,2025-10-26,0,0,원피스,111100
그레이지,google,2025-11-02,0,0,원피스,111100
그레이지,google,2025-11-09,0,0,원피스,111100
그레이지,google,2025-11-16,0,0,원피스,111100
그레이지,google,2025-11-23,0,0,원피스,111100
그레이지,google,2025-11-30,0,0,원피스,111100
그레이지,google,2025-12-07,0,0,원피스,111100
그레이지,google,2025-12-14,0,0,원피스,111100
그레이지,google,2025-12-21,0,0,원피스,111100
그레이지,google,2025-12-28,0,0,원피스,111100
그레이지,google,2026-01-04,0,0,원피스,111100
그레이지,google,2026-01-11,0,0,원피스,111100
그레이지,google,2026-01-18,0,0,원피스,111100
그레이지,google,2026-01-25,0,0,원피스,111100
그레이지,google,2026-02-01,0,0,원피스,111100
그레이지,google,2026-02-08,0,0,원피스,111100
그레이지,google,2026-02-15,0,0,원피스,111100
그레이지,google,2026-02-22,0,0,원피스,111100
그레이지,google,2026-03-01,0,0,원피스,111100
그레이지,google,2026-03-08,0,0,원피스,111100
그레이지,google,2026-03-15,0,0,원피스,111100
그레이지,google,2026-03-22,0,0,원피스,111100
그레이지,google,2026-03-29,0,0,원피스,111100
그레이지,google,2026-04-05,0,0,원피스,111100
그레이지,google,2026-04-12,0,0,원피스,111100
그레이지,google,2026-04-19,0,0,원피스,111100
그레이지,google,2026-04-26,0,0,원피스,111100
그레이지,google,2026-05-03,0,0,원피스,111100
그레이지,google,2026-05-10,0,0,원피스,111100
그레이지,google,2026-05-17,0,0,원피스,111100
그레이지,google,2026-05-24,0,0,원피스,111100
그레이지,google,2026-05-31,0,0,원피스,111100
그레이지,google,2026-06-07,0,0,원피스,111100
그레이지,google,2026-06-14,0,0,원피스,111100
그레이지,google,2026-06-21,0,0,원피스,111100
그레이지,google,2026-06-28,0,0,원피스,111100
그레이지,google,2026-07-05,0,0,원피스,111100
그레이지,google,2026-07-12,0,0,원피스,111100
그레이지,google,2026-07-19,0,0,원피스,111100
그레이지,google,2026-07-26,0,0,원피스,111100
그레이지,google,2026-08-02,0,0,원피스,111100
그레이지,google,2026-08-09,0,0,원피스,111100
그레이지,google,2026-08-16,0,0,원피스,111100
그레이지,google,2026-08-23,0,0,원피스,111100
그레이지,google,2026-08-30,0,0,원피스,111100
그레이지,google,2026-09-06,0,0,원피스,111100
그레이지,google,2026-09-13,0,0,원피스,111100
아이보리,google,2025-09-14,1,1671,원피스,111100
아이보리,google,2025-09-21,1,1671,원피스,111100
아이보리,google,2025-09-28,1,1671,원피스,111100
아이보리,google,2025-10-05,1,1671,원피스,111100
아이보리,google,2025-10-12,1,1671,원피스,111100
아이보리,google,2025-10-19,1,1671,원피스,111100
아이보리,google,2025-10-26,1,1671,원피스,111100
아이보리,google,2025-11-02,1,1671,원피스,111100
아이보리,google,2025-11-09,2,3342,원피스,111100
아이보리,google,2025-11-16,2,3342,원피스,111100
아이보리,google,2025-11-23,1,1671,원피스,111100
아이보리,google,2025-11-30,2,3342,원피스,111100
아이보리,google,2025-12-07,1,1671,원피스,111100
아이보리,google,2025-12-14,1,1671,원피스,111100
아이보리,google,2025-12-21,1,1671,원피스,111100
아이보리,google,2025-12-28,1,1671,원피스,111100
아이보리,google,2026-01-04,1,1671,원피스,111100
아이보리,google,2026-01-11,1,1671,원피스,111100
아이보리,google,2026-01-18,1,1671,원피스,111100
아이보리,google,2026-01-25,1,1671,원피스,111100
아이보리,google,2026-02-01,1,1671,원피스,111100
아이보리,google,2026-02-08,1,1671,원피스,111100
아이보리,google,2026-02-15,1,1671,원피스,111100
아이보리,google,2026-02-22,1,1671,원피스,111100
아이보리,google,2026-03-01,1,1671,원피스,111100
아이보리,google,2026-03-08,1,1671,원피스,111100
아이보리,google,2026-03-15,1,1671,원피스,111100
아이보리,google,2026-03-22,1,1671,원피스,111100
아이보리,google,2026-03-29,1,1671,원피스,111100
아이보리,google,2026-04-05,1,1671,원피스,111100
아이보리,google,2026-04-12,1,1671,원피스,111100
아이보리,google,2026-04-19,1,1671,원피스,111100
아이보리,google,2026-04-26,1,1671,원피스,111100
아이보리,google,2026-05-03,1,1671,원피스,111100
아이보리,google,2026-05-10,1,1671,원피스,111100
아이보리,google,2026-05-17,1,1671,원피스,111100
아이보리,google,2026-05-24,1,1671,원피스,111100
아이보리,google,2026-05-31,1,1671,원피스,111100
아이보리,google,2026-06-07,1,1671,원피스,111100
아이보리,google,2026-06-14,1,1671,원피스,111100
아이보리,google,2026-06-21,1,1671,원피스,111100
아이보리,google,2026-06-28,1,1671,원피스,111100
아이보리,google,2026-07-05,1,1671,원피스,111100
아이보리,google,2026-07-12,1,1671,원피스,111100
아이보리,google,2026-07-19,1,1671,원피스,111100
아이보리,google,2026-07-26,1,1671,원피스,111100
아이보리,google,2026-08-02,1,1671,원피스,111100
아이보리,google,2026-08-09,1,1671,원피스,111100
아이보리,google,2026-08-16,1,1671,원피스,111100
아이보리,google,2026-08-23,1,1671,원피스,111100
아이보리,google,2026-08-30,1,1671,원피스,111100
아이보리,google,2026-09-06,1,1671,원피스,111100
아이보리,google,2026-09-13,1,1671,원피스,111100
샌드베이지,google,2025-09-14,0,0,원피스,111100
샌드베이지,google,2025-09-21,0,0,원피스,111100
샌드베이지,google,2025-09-28,0,0,원피스,111100
샌드베이지,google,2025-10-05,0,0,원피스,111100
샌드베이지,google,2025-10-12,0,0,원피스,111100
샌드베이지,google,2025-10-19,0,0,원피스,111100
샌드베이지,google,2025-10-26,0,0,원피스,111100
샌드베이지,google,2025-11-02,0,0,원피스,111100
샌드베이지,google,2025-11-09,0,0,원피스,111100
샌드베이지,google,2025-11-16,0,0,원피스,111100
샌드베이지,google,2025-11-23,0,0,원피스,111100
샌드베이지,google,2025-11-30,0,0,원피스,111100
샌드베이지,google,2025-12-07,0,0,원피스,111100
샌드베이지,google,2025-12-14,0,0,원피스,111100
샌드베이지,google,2025-12-21,0,0,원피스,111100
샌드베이지,google,2025-12-28,0,0,원피스,111100
샌드베이지,google,2026-01-04,0,0,원피스,111100
샌드베이지,google,2026-01-11,0,0,원피스,111100
샌드베이지,google,2026-01-18,0,0,원피스,111100
샌드베이지,google,2026-01-25,0,0,원피스,111100
샌드베이지,google,2026-02-01,0,0,원피스,111100
샌드베이지,google,2026-02-08,0,0,원피스,111100
샌드베이지,google,2026-02-15,0,0,원피스,111100
샌드베이지,google,2026-02-22,0,0,원피스,111100
샌드베이지,google,2026-03-01,0,0,원피스,111100
샌드베이지,google,2026-03-08,0,0,원피스,111100
샌드베이지,google,2026-03-15,0,0,원피스,111100
샌드베이지,google,2026-03-22,0,0,원피스,111100
샌드베이지,google,2026-03-29,0,0,원피스,111100
샌드베이지,google,2026-04-05,0,0,원피스,111100
샌드베이지,google,2026-04-12,0,0,원피스,111100
샌드베이지,google,2026-04-19,0,0,원피스,111100
샌드베이지,google,2026-04-26,0,0,원피스,111100
샌드베이지,google,2026-05-03,0,0,원피스,111100
샌드베이지,google,2026-05-10,0,0,원피스,111100
샌드베이지,google,2026-05-17,0,0,원피스,111100
샌드베이지,google,2026-05-24,0,0,원피스,111100
샌드베이지,google,2026-05-31,0,0,원피스,111100
샌드베이지,google,2026-06-07,0,0,원피스,111100
샌드베이지,google,2026-06-14,0,0,원피스,111100
샌드베이지,google,2026-06-21,0,0,원피스,111100
샌드베이지,google,2026-06-28,0,0,원피스,111100
샌드베이지,google,2026-07-05,0,0,원피스,111100
샌드베이지,google,2026-07-12,0,0,원피스,111100
샌드베이지,google,2026-07-19,0,0,원피스,111100
샌드베이지,google,2026-07-26,0,0,원피스,111100
샌드베이지,google,2026-08-02,0,0,원피스,111100
샌드베이지,google,2026-08-09,0,0,원피스,111100
샌드베이지,google,2026-08-16,0,0,원피스,111100
샌드베이지,google,2026-08-23,0,0,원피스,111100
샌드베이지,google,2026-08-30,0,0,원피스,111100
샌드베이지,google,2026-09-06,0,0,원피스,111100
샌드베이지,google,2026-09-13,0,0,원피스,111100
애쉬그레이,google,2025-09-14,0,0,원피스,111100
애쉬그레이,google,2025-09-21,0,0,원피스,111100
애쉬그레이,google,2025-09-28,0,0,원피스,111100
애쉬그레이,google,2025-10-05,0,0,원피스,111100
애쉬그레이,google,2025-10-12,0,0,원피스,111100
애쉬그레이,google,2025-10-19,0,0,원피스,111100
애쉬그레이,google,2025-10-26,0,0,원피스,111100
애쉬그레이,google,2025-11-02,0,0,원피스,111100
애쉬그레이,google,2025-11-09,0,0,원피스,111100
애쉬그레이,google,2025-11-16,0,0,원피스,111100
애쉬그레이,google,2025-11-23,0,0,원피스,111100
애쉬그레이,google,2025-11-30,0,0,원피스,111100
애쉬그레이,google,2025-12-07,0,0,원피스,111100
애쉬그레이,google,2025-12-14,0,0,원피스,111100
애쉬그레이,google,2025-12-21,0,0,원피스,111100
애쉬그레이,google,2025-12-28,0,0,원피스,111100
애쉬그레이,google,2026-01-04,0,0,원피스,111100
애쉬그레이,google,2026-01-11,0,0,원피스,111100
애쉬그레이,google,2026-01-18,0,0,원피스,111100
애쉬그레이,google,2026-01-25,0,0,원피스,111100
애쉬그레이,google,2026-02-01,0,0,원피스,111100
애쉬그레이,google,2026-02-08,0,0,원피스,111100
애쉬그레이,google,2026-02-15,0,0,원피스,111100
애쉬그레이,google,2026-02-22,0,0,원피스,111100
애쉬그레이,google,2026-03-01,0,0,원피스,111100
애쉬그레이,google,2026-03-08,0,0,원피스,111100
애쉬그레이,google,2026-03-15,0,0,원피스,111100
애쉬그레이,google,2026-03-22,0,0,원피스,111100
애쉬그레이,google,2026-03-29,0,0,원피스,111100
애쉬그레이,google,2026-04-05,0,0,원피스,111100
애쉬그레이,google,2026-04-12,0,0,원피스,111100
애쉬그레이,google,2026-04-19,0,0,원피스,111100
애쉬그레이,google,2026-04-26,0,0,원피스,111100
애쉬그레이,google,2026-05-03,0,0,원피스,111100
애쉬그레이,google,2026-05-10,0,0,원피스,111100
애쉬그레이,google,2026-05-17,0,0,원피스,111100
애쉬그레이,google,2026-05-24,0,0,원피스,111100
애쉬그레이,google,2026-05-31,0,0,원피스,111100
애쉬그레이,google,2026-06-07,0,0,원피스,111100
애쉬그레이,google,2026-06-14,0,0,원피스,111100
애쉬그레이,google,2026-06-21,0,0,원피스,111100
애쉬그레이,google,2026-06-28,0,0,원피스,111100
애쉬그레이,google,2026-07-05,0,0,원피스,111100
애쉬그레이,google,2026-07-12,0,0,원피스,111100
애쉬그레이,google,2026-07-19,0,0,원피스,111100
애쉬그레이,google,2026-07-26,0,0,원피스,111100
애쉬그레이,google,2026-08-02,0,0,원피스,111100
애쉬그레이,google,2026-08-09,0,0,원피스,111100
애쉬그레이,google,2026-08-16,0,0,원피스,111100
애쉬그레이,google,2026-08-23,0,0,원피스,111100
애쉬그레이,google,2026-08-30,0,0,원피스,111100
애쉬그레이,google,2026-09-06,0,0,원피스,111100
애쉬그레이,google,2026-09-13,0,0,원피스,111100
오프화이트,google,2025-09-14,9,15042,원피스,111100
오프화이트,google,2025-09-21,6,10028,원피스,111100
오프화이트,google,2025-09-28,7,11699,원피스,111100
오프화이트,google,2025-10-05,6,10028,원피스,111100
오프화이트,google,2025-10-12,5,8356,원피스,111100
오프화이트,google,2025-10-19,5,8356,원피스,111100
오프화이트,google,2025-10-26,6,10028,원피스,111100
오프화이트,google,2025-11-02,8,13371,원피스,111100
오프화이트,google,2025-11-09,3,5014,원피스,111100
오프화이트,google,2025-11-16,5,8356,원피스,111100
오프화이트,google,2025-11-23,5,8356,원피스,111100
오프화이트,google,2025-11-30,7,11699,원피스,111100
오프화이트,google,2025-12-07,4,6685,원피스,111100
오프화이트,google,2025-12-14,4,6685,원피스,111100
오프화이트,google,2025-12-21,6,10028,원피스,111100
오프화이트,google,2025-12-28,6,10028,원피스,111100
오프화이트,google,2026-01-04,6,10028,원피스,111100
오프화이트,google,2026-01-11,7,11699,원피스,111100
오프화이트,google,2026-01-18,5,8356,원피스,111100
오프화이트,google,2026-01-25,8,13371,원피스,111100
오프화이트,google,2026-02-01,4,6685,원피스,111100
오프화이트,google,2026-02-08,6,10028,원피스,111100
오프화이트,google,2026-02-15,7,11699,원피스,111100
오프화이트,google,2026-02-22,6,10028,원피스,111100
오프화이트,google,2026-03-01,6,10028,원피스,111100
오프화이트,google,2026-03-08,6,10028,원피스,111100
오프화이트,google,2026-03-15,7,11699,원피스,111100
오프화이트,google,2026-03-22,8,13371,원피스,111100
오프화이트,google,2026-03-29,13,21728,원피스,111100
오프화이트,google,2026-04-05,8,13371,원피스,111100
오프화이트,google,2026-04-12,6,10028,원피스,111100
오프화이트,google,2026-04-19,6,10028,원피스,111100
오프화이트,google,2026-04-26,8,13371,원피스,111100
오프화이트,google,2026-05-03,6,10028,원피스,111100
오프화이트,google,2026-05-10,4,6685,원피스,111100
오프화이트,google,2026-05-17,6,10028,원피스,111100
오프화이트,google,2026-05-24,6,10028,원피스,111100
오프화이트,google,2026-05-31,6,10028,원피스,111100
오프화이트,google,2026-06-07,4,6685,원피스,111100
오프화이트,google,2026-06-14,6,10028,원피스,111100
오프화이트,google,2026-06-21,6,10028,원피스,111100
오프화이트,google,2026-06-28,4,6685,원피스,111100
오프화이트,google,2026-07-05,5,8356,원피스,111100
오프화이트,google,2026-07-12,5,8356,원피스,111100
오프화이트,google,2026-07-19,6,10028,원피스,111100
오프화이트,google,2026-07-26,4,6685,원피스,111100
오프화이트,google,2026-08-02,5,8356,원피스,111100
오프화이트,google,2026-08-09,5,8356,원피스,111100
오프화이트,google,2026-08-16,5,8356,원피스,111100
오프화이트,google,2026-08-23,5,8356,원피스,111100
오프화이트,google,2026-08-30,4,6685,원피스,111100
오프화이트,google,2026-09-06,5,8356,원피스,111100
오프화이트,google,2026-09-13,6,10028,원피스,111100
라이트그레이,google,2025-09-14,0,0,원피스,111100
라이트그레이,google,2025-09-21,4,6685,원피스,111100
라이트그레이,google,2025-09-28,4,6685,원피스,111100
라이트그레이,google,2025-10-05,6,10028,원피스,111100
라이트그레이,google,2025-10-12,4,6685,원피스,111100
라이트그레이,google,2025-10-19,5,8356,원피스,111100
라이트그레이,google,2025-10-26,4,6685,원피스,111100
라이트그레이,google,2025-11-02,6,10028,원피스,111100
라이트그레이,google,2025-11-09,6,10028,원피스,111100
라이트그레이,google,2025-11-16,5,8356,원피스,111100
라이트그레이,google,2025-11-23,5,8356,원피스,111100
라이트그레이,google,2025-11-30,5,8356,원피스,111100
라이트그레이,google,2025-12-07,4,6685,원피스,111100
라이트그레이,google,2025-12-14,5,8356,원피스,111100
라이트그레이,google,2025-12-21,3,5014,원피스,111100
라이트그레이,google,2025-12-28,5,8356,원피스,111100
라이트그레이,google,2026-01-04,5,8356,원피스,111100
라이트그레이,google,2026-01-11,6,10028,원피스,111100
라이트그레이,google,2026-01-18,6,10028,원피스,111100
라이트그레이,google,2026-01-25,0,0,원피스,111100
라이트그레이,google,2026-02-01,0,0,원피스,111100
라이트그레이,google,2026-02-08,4,6685,원피스,111100
라이트그레이,google,2026-02-15,6,10028,원피스,111100
라이트그레이,google,2026-02-22,4,6685,원피스,111100
라이트그레이,google,2026-03-01,5,8356,원피스,111100
라이트그레이,google,2026-03-08,5,8356,원피스,111100
라이트그레이,google,2026-03-15,5,8356,원피스,111100
라이트그레이,google,2026-03-22,3,5014,원피스,111100
라이트그레이,google,2026-03-29,5,8356,원피스,111100
라이트그레이,google,2026-04-05,6,10028,원피스,111100
라이트그레이,google,2026-04-12,4,6685,원피스,111100
라이트그레이,google,2026-04-19,5,8356,원피스,111100
라이트그레이,google,2026-04-26,4,6685,원피스,111100
라이트그레이,google,2026-05-03,6,10028,원피스,111100
라이트그레이,google,2026-05-10,4,6685,원피스,111100
라이트그레이,google,2026-05-17,6,10028,원피스,111100
라이트그레이,google,2026-05-24,4,6685,원피스,111100
라이트그레이,google,2026-05-31,4,6685,원피스,111100
라이트그레이,google,2026-06-07,4,6685,원피스,111100
라이트그레이,google,2026-06-14,7,11699,원피스,111100
라이트그레이,google,2026-06-21,4,6685,원피스,111100
라이트그레이,google,2026-06-28,3,5014,원피스,111100
라이트그레이,google,2026-07-05,3,5014,원피스,111100
라이트그레이,google,2026-07-12,4,6685,원피스,111100
라이트그레이,google,2026-07-19,0,0,원피스,111100
라이트그레이,google,2026-07-26,4,6685,원피스,111100
라이트그레이,google,2026-08-02,3,5014,원피스,111100
라이트그레이,google,2026-08-09,4,6685,원피스,111100
라이트그레이,google,2026-08-16,0,0,원피스,111100
라이트그레이,google,2026-08-23,4,6685,원피스,111100
라이트그레이,google,2026-08-30,3,5014,원피스,111100
라이트그레이,google,2026-09-06,4,6685,원피스,111100
라이트그레이,google,2026-09-13,4,6685,원피스,111100
개강,google,2025-09-14,10,16713,원피스,111100
개강,google,2025-09-21,7,11699,원피스,111100
개강,google,2025-09-28,6,10028,원피스,111100
개강,google,2025-10-05,7,11699,원피스,111100
개강,google,2025-10-12,7,11699,원피스,111100
개강,google,2025-10-19,5,8356,원피스,111100
개강,google,2025-10-26,4,6685,원피스,111100
개강,google,2025-11-02,8,13371,원피스,111100
개강,google,2025-11-09,6,10028,원피스,111100
개강,google,2025-11-16,11,18385,원피스,111100
개강,google,2025-11-23,9,15042,원피스,111100
개강,google,2025-11-30,12,20056,원피스,111100
개강,google,2025-12-07,12,20056,원피스,111100
개강,google,2025-12-14,8,13371,원피스,111100
개강,google,2025-12-21,14,23399,원피스,111100
개강,google,2025-12-28,11,18385,원피스,111100
개강,google,2026-01-04,13,21728,원피스,111100
개강,google,2026-01-11,12,20056,원피스,111100
개강,google,2026-01-18,12,20056,원피스,111100
개강,google,2026-01-25,13,21728,원피스,111100
개강,google,2026-02-01,16,26742,원피스,111100
개강,google,2026-02-08,18,30084,원피스,111100
개강,google,2026-02-15,22,36770,원피스,111100
개강,google,2026-02-22,56,93597,원피스,111100
개강,google,2026-03-01,100,167138,원피스,111100
개강,google,2026-03-08,36,60169,원피스,111100
개강,google,2026-03-15,14,23399,원피스,111100
개강,google,2026-03-22,12,20056,원피스,111100
개강,google,2026-03-29,9,15042,원피스,111100
개강,google,2026-04-05,6,10028,원피스,111100
개강,google,2026-04-12,4,6685,원피스,111100
개강,google,2026-04-19,5,8356,원피스,111100
개강,google,2026-04-26,7,11699,원피스,111100
개강,google,2026-05-03,5,8356,원피스,111100
개강,google,2026-05-10,7,11699,원피스,111100
개강,google,2026-05-17,6,10028,원피스,111100
개강,google,2026-05-24,4,6685,원피스,111100
개강,google,2026-05-31,8,13371,원피스,111100
개강,google,2026-06-07,12,20056,원피스,111100
개강,google,2026-06-14,9,15042,원피스,111100
개강,google,2026-06-21,14,23399,원피스,111100
개강,google,2026-06-28,14,23399,원피스,111100
개강,google,2026-07-05,11,18385,원피스,111100
개강,google,2026-07-12,11,18385,원피스,111100
개강,google,2026-07-19,16,26742,원피스,111100
개강,google,2026-07-26,10,16713,원피스,111100
개강,google,2026-08-02,17,28413,원피스,111100
개강,google,2026-08-09,22,36770,원피스,111100
개강,google,2026-08-16,27,45127,원피스,111100
개강,google,2026-08-23,50,83569,원피스,111100
개강,google,2026-08-30,62,103626,원피스,111100
개강,google,2026-09-06,15,25070,원피스,111100
개강,google,2026-09-13,11,18385,원피스,111100
스모키그레이,google,2025-09-14,0,0,원피스,111100
스모키그레이,google,2025-09-21,0,0,원피스,111100
스모키그레이,google,2025-09-28,0,0,원피스,111100
스모키그레이,google,2025-10-05,0,0,원피스,111100
스모키그레이,google,2025-10-12,0,0,원피스,111100
스모키그레이,google,2025-10-19,0,0,원피스,111100
스모키그레이,google,2025-10-26,0,0,원피스,111100
스모키그레이,google,2025-11-02,0,0,원피스,111100
스모키그레이,google,2025-11-09,0,0,원피스,111100
스모키그레이,google,2025-11-16,0,0,원피스,111100
스모키그레이,google,2025-11-23,0,0,원피스,111100
스모키그레이,google,2025-11-30,0,0,원피스,111100
스모키그레이,google,2025-12-07,0,0,원피스,111100
스모키그레이,google,2025-12-14,0,0,원피스,111100
스모키그레이,google,2025-12-21,0,0,원피스,111100
스모키그레이,google,2025-12-28,0,0,원피스,111100
스모키그레이,google,2026-01-04,0,0,원피스,111100
스모키그레이,google,2026-01-11,0,0,원피스,111100
스모키그레이,google,2026-01-18,0,0,원피스,111100
스모키그레이,google,2026-01-25,0,0,원피스,111100
스모키그레이,google,2026-02-01,0,0,원피스,111100
스모키그레이,google,2026-02-08,0,0,원피스,111100
스모키그레이,google,2026-02-15,0,0,원피스,111100
스모키그레이,google,2026-02-22,0,0,원피스,111100
스모키그레이,google,2026-03-01,0,0,원피스,111100
스모키그레이,google,2026-03-08,0,0,원피스,111100
스모키그레이,google,2026-03-15,0,0,원피스,111100
스모키그레이,google,2026-03-22,0,0,원피스,111100
스모키그레이,google,2026-03-29,0,0,원피스,111100
스모키그레이,google,2026-04-05,0,0,원피스,111100
스모키그레이,google,2026-04-12,0,0,원피스,111100
스모키그레이,google,2026-04-19,0,0,원피스,111100
스모키그레이,google,2026-04-26,0,0,원피스,111100
스모키그레이,google,2026-05-03,0,0,원피스,111100
스모키그레이,google,2026-05-10,0,0,원피스,111100
스모키그레이,google,2026-05-17,0,0,원피스,111100
스모키그레이,google,2026-05-24,0,0,원피스,111100
스모키그레이,google,2026-05-31,0,0,원피스,111100
스모키그레이,google,2026-06-07,0,0,원피스,111100
스모키그레이,google,2026-06-14,0,0,원피스,111100
스모키그레이,google,2026-06-21,0,0,원피스,111100
스모키그레이,google,2026-06-28,0,0,원피스,111100
스모키그레이,google,2026-07-05,0,0,원피스,111100
스모키그레이,google,2026-07-12,0,0,원피스,111100
스모키그레이,google,2026-07-19,0,0,원피스,111100
스모키그레이,google,2026-07-26,0,0,원피스,111100
스모키그레이,google,2026-08-02,0,0,원피스,111100
스모키그레이,google,2026-08-09,0,0,원피스,111100
스모키그레이,google,2026-08-16,0,0,원피스,111100
스모키그레이,google,2026-08-23,0,0,원피스,111100
스모키그레이,google,2026-08-30,0,0,원피스,111100
스모키그레이,google,2026-09-06,0,0,원피스,111100
스모키그레이,google,2026-09-13,0,0,원피스,111100
오트밀베이지,google,2025-09-14,0,0,원피스,111100
오트밀베이지,google,2025-09-21,0,0,원피스,111100
오트밀베이지,google,2025-09-28,0,0,원피스,111100
오트밀베이지,google,2025-10-05,0,0,원피스,111100
오트밀베이지,google,2025-10-12,0,0,원피스,111100
오트밀베이지,google,2025-10-19,0,0,원피스,111100
오트밀베이지,google,2025-10-26,0,0,원피스,111100
오트밀베이지,google,2025-11-02,0,0,원피스,111100
오트밀베이지,google,2025-11-09,0,0,원피스,111100
오트밀베이지,google,2025-11-16,0,0,원피스,111100
오트밀베이지,google,2025-11-23,0,0,원피스,111100
오트밀베이지,google,2025-11-30,0,0,원피스,111100
오트밀베이지,google,2025-12-07,0,0,원피스,111100
오트밀베이지,google,2025-12-14,0,0,원피스,111100
오트밀베이지,google,2025-12-21,0,0,원피스,111100
오트밀베이지,google,2025-12-28,0,0,원피스,111100
오트밀베이지,google,2026-01-04,0,0,원피스,111100
오트밀베이지,google,2026-01-11,0,0,원피스,111100
오트밀베이지,google,2026-01-18,0,0,원피스,111100
오트밀베이지,google,2026-01-25,0,0,원피스,111100
오트밀베이지,google,2026-02-01,0,0,원피스,111100
오트밀베이지,google,2026-02-08,0,0,원피스,111100
오트밀베이지,google,2026-02-15,0,0,원피스,111100
오트밀베이지,google,2026-02-22,0,0,원피스,111100
오트밀베이지,google,2026-03-01,0,0,원피스,111100
오트밀베이지,google,2026-03-08,0,0,원피스,111100
오트밀베이지,google,2026-03-15,0,0,원피스,111100
오트밀베이지,google,2026-03-22,0,0,원피스,111100
오트밀베이지,google,2026-03-29,0,0,원피스,111100
오트밀베이지,google,2026-04-05,0,0,원피스,111100
오트밀베이지,google,2026-04-12,0,0,원피스,111100
오트밀베이지,google,2026-04-19,0,0,원피스,111100
오트밀베이지,google,2026-04-26,0,0,원피스,111100
오트밀베이지,google,2026-05-03,0,0,원피스,111100
오트밀베이지,google,2026-05-10,0,0,원피스,111100
오트밀베이지,google,2026-05-17,0,0,원피스,111100
오트밀베이지,google,2026-05-24,0,0,원피스,111100
오트밀베이지,google,2026-05-31,0,0,원피스,111100
오트밀베이지,google,2026-06-07,0,0,원피스,111100
오트밀베이지,google,2026-06-14,0,0,원피스,111100
오트밀베이지,google,2026-06-21,0,0,원피스,111100
오트밀베이지,google,2026-06-28,0,0,원피스,111100
오트밀베이지,google,2026-07-05,0,0,원피스,111100
오트밀베이지,google,2026-07-12,0,0,원피스,111100
오트밀베이지,google,2026-07-19,0,0,원피스,111100
오트밀베이지,google,2026-07-26,0,0,원피스,111100
오트밀베이지,google,2026-08-02,0,0,원피스,111100
오트밀베이지,google,2026-08-09,0,0,원피스,111100
오트밀베이지,google,2026-08-16,0,0,원피스,111100
오트밀베이지,google,2026-08-23,0,0,원피스,111100
오트밀베이지,google,2026-08-30,0,0,원피스,111100
오트밀베이지,google,2026-09-06,0,0,원피스,111100
오트밀베이지,google,2026-09-13,0,0,원피스,111100
슬레이트그레이,google,2025-09-14,0,0,원피스,111100
슬레이트그레이,google,2025-09-21,0,0,원피스,111100
슬레이트그레이,google,2025-09-28,0,0,원피스,111100
슬레이트그레이,google,2025-10-05,0,0,원피스,111100
슬레이트그레이,google,2025-10-12,0,0,원피스,111100
슬레이트그레이,google,2025-10-19,0,0,원피스,111100
슬레이트그레이,google,2025-10-26,0,0,원피스,111100
슬레이트그레이,google,2025-11-02,0,0,원피스,111100
슬레이트그레이,google,2025-11-09,0,0,원피스,111100
슬레이트그레이,google,2025-11-16,0,0,원피스,111100
슬레이트그레이,google,2025-11-23,0,0,원피스,111100
슬레이트그레이,google,2025-11-30,0,0,원피스,111100
슬레이트그레이,google,2025-12-07,0,0,원피스,111100
슬레이트그레이,google,2025-12-14,0,0,원피스,111100
슬레이트그레이,google,2025-12-21,0,0,원피스,111100
슬레이트그레이,google,2025-12-28,0,0,원피스,111100
슬레이트그레이,google,2026-01-04,0,0,원피스,111100
슬레이트그레이,google,2026-01-11,0,0,원피스,111100
슬레이트그레이,google,2026-01-18,0,0,원피스,111100
슬레이트그레이,google,2026-01-25,0,0,원피스,111100
슬레이트그레이,google,2026-02-01,0,0,원피스,111100
슬레이트그레이,google,2026-02-08,0,0,원피스,111100
슬레이트그레이,google,2026-02-15,0,0,원피스,111100
슬레이트그레이,google,2026-02-22,0,0,원피스,111100
슬레이트그레이,google,2026-03-01,0,0,원피스,111100
슬레이트그레이,google,2026-03-08,0,0,원피스,111100
슬레이트그레이,google,2026-03-15,0,0,원피스,111100
슬레이트그레이,google,2026-03-22,0,0,원피스,111100
슬레이트그레이,google,2026-03-29,0,0,원피스,111100
슬레이트그레이,google,2026-04-05,0,0,원피스,111100
슬레이트그레이,google,2026-04-12,0,0,원피스,111100
슬레이트그레이,google,2026-04-19,0,0,원피스,111100
슬레이트그레이,google,2026-04-26,0,0,원피스,111100
슬레이트그레이,google,2026-05-03,0,0,원피스,111100
슬레이트그레이,google,2026-05-10,0,0,원피스,111100
슬레이트그레이,google,2026-05-17,0,0,원피스,111100
슬레이트그레이,google,2026-05-24,0,0,원피스,111100
슬레이트그레이,google,2026-05-31,0,0,원피스,111100
슬레이트그레이,google,2026-06-07,0,0,원피스,111100
슬레이트그레이,google,2026-06-14,0,0,원피스,111100
슬레이트그레이,google,2026-06-21,0,0,원피스,111100
슬레이트그레이,google,2026-06-28,0,0,원피스,111100
슬레이트그레이,google,2026-07-05,0,0,원피스,111100
슬레이트그레이,google,2026-07-12,0,0,원피스,111100
슬레이트그레이,google,2026-07-19,0,0,원피스,111100
슬레이트그레이,google,2026-07-26,0,0,원피스,111100
슬레이트그레이,google,2026-08-02,0,0,원피스,111100
슬레이트그레이,google,2026-08-09,0,0,원피스,111100
슬레이트그레이,google,2026-08-16,0,0,원피스,111100
슬레이트그레이,google,2026-08-23,0,0,원피스,111100
슬레이트그레이,google,2026-08-30,0,0,원피스,111100
슬레이트그레이,google,2026-09-06,0,0,원피스,111100
슬레이트그레이,google,2026-09-13,0,0,원피스,111100
펄,google,2025-09-14,17,28413,원피스,111100
펄,google,2025-09-21,18,30084,원피스,111100
펄,google,2025-09-28,19,31756,원피스,111100
펄,google,2025-10-05,18,30084,원피스,111100
펄,google,2025-10-12,16,26742,원피스,111100
펄,google,2025-10-19,18,30084,원피스,111100
펄,google,2025-10-26,17,28413,원피스,111100
펄,google,2025-11-02,17,28413,원피스,111100
펄,google,2025-11-09,19,31756,원피스,111100
펄,google,2025-11-16,16,26742,원피스,111100
펄,google,2025-11-23,16,26742,원피스,111100
펄,google,2025-11-30,15,25070,원피스,111100
펄,google,2025-12-07,15,25070,원피스,111100
펄,google,2025-12-14,14,23399,원피스,111100
펄,google,2025-12-21,16,26742,원피스,111100
펄,google,2025-12-28,16,26742,원피스,111100
펄,google,2026-01-04,16,26742,원피스,111100
펄,google,2026-01-11,18,30084,원피스,111100
펄,google,2026-01-18,18,30084,원피스,111100
펄,google,2026-01-25,20,33427,원피스,111100
펄,google,2026-02-01,22,36770,원피스,111100
펄,google,2026-02-08,19,31756,원피스,111100
펄,google,2026-02-15,19,31756,원피스,111100
펄,google,2026-02-22,23,38441,원피스,111100
펄,google,2026-03-01,29,48470,원피스,111100
펄,google,2026-03-08,32,53484,원피스,111100
펄,google,2026-03-15,84,140396,원피스,111100
펄,google,2026-03-22,64,106968,원피스,111100
펄,google,2026-03-29,55,91926,원피스,111100
펄,google,2026-04-05,32,53484,원피스,111100
펄,google,2026-04-12,28,46798,원피스,111100
펄,google,2026-04-19,22,36770,원피스,111100
펄,google,2026-04-26,22,36770,원피스,111100
펄,google,2026-05-03,24,40113,원피스,111100
펄,google,2026-05-10,30,50141,원피스,111100
펄,google,2026-05-17,21,35099,원피스,111100
펄,google,2026-05-24,19,31756,원피스,111100
펄,google,2026-05-31,18,30084,원피스,111100
펄,google,2026-06-07,19,31756,원피스,111100
펄,google,2026-06-14,16,26742,원피스,111100
펄,google,2026-06-21,16,26742,원피스,111100
펄,google,2026-06-28,18,30084,원피스,111100
펄,google,2026-07-05,20,33427,원피스,111100
펄,google,2026-07-12,19,31756,원피스,111100
펄,google,2026-07-19,17,28413,원피스,111100
펄,google,2026-07-26,19,31756,원피스,111100
펄,google,2026-08-02,17,28413,원피스,111100
펄,google,2026-08-09,21,35099,원피스,111100
펄,google,2026-08-16,17,28413,원피스,111100
펄,google,2026-08-23,19,31756,원피스,111100
펄,google,2026-08-30,18,30084,원피스,111100
펄,google,2026-09-06,19,31756,원피스,111100
펄,google,2026-09-13,20,33427,원피스,111100
골드,google,2025-09-14,79,132039,원피스,111100
골드,google,2025-09-21,79,132039,원피스,111100
골드,google,2025-09-28,86,143739,원피스,111100
골드,google,2025-10-05,99,165467,원피스,111100
골드,google,2025-10-12,81,135382,원피스,111100
골드,google,2025-10-19,79,132039,원피스,111100
골드,google,2025-10-26,77,128696,원피스,111100
골드,google,2025-11-02,82,137053,원피스,111100
골드,google,2025-11-09,84,140396,원피스,111100
골드,google,2025-11-16,76,127025,원피스,111100
골드,google,2025-11-23,80,133711,원피스,111100
골드,google,2025-11-30,74,123682,원피스,111100
골드,google,2025-12-07,86,143739,원피스,111100
골드,google,2025-12-14,92,153767,원피스,111100
골드,google,2025-12-21,92,153767,원피스,111100
골드,google,2025-12-28,95,158781,원피스,111100
골드,google,2026-01-04,94,157110,원피스,111100
골드,google,2026-01-11,97,162124,원피스,111100
골드,google,2026-01-18,91,152096,원피스,111100
골드,google,2026-01-25,88,147082,원피스,111100
골드,google,2026-02-01,89,148753,원피스,111100
골드,google,2026-02-08,78,130368,원피스,111100
골드,google,2026-02-15,81,135382,원피스,111100
골드,google,2026-02-22,90,150424,원피스,111100
골드,google,2026-03-01,93,155439,원피스,111100
골드,google,2026-03-08,84,140396,원피스,111100
골드,google,2026-03-15,87,145410,원피스,111100
골드,google,2026-03-22,88,147082,원피스,111100
골드,google,2026-03-29,89,148753,원피스,111100
골드,google,2026-04-05,72,120339,원피스,111100
골드,google,2026-04-12,70,116997,원피스,111100
골드,google,2026-04-19,69,115325,원피스,111100
골드,google,2026-04-26,85,142067,원피스,111100
골드,google,2026-05-03,90,150424,원피스,111100
골드,google,2026-05-10,100,167138,원피스,111100
골드,google,2026-05-17,88,147082,원피스,111100
골드,google,2026-05-24,88,147082,원피스,111100
골드,google,2026-05-31,79,132039,원피스,111100
골드,google,2026-06-07,77,128696,원피스,111100
골드,google,2026-06-14,81,135382,원피스,111100
골드,google,2026-06-21,76,127025,원피스,111100
골드,google,2026-06-28,76,127025,원피스,111100
골드,google,2026-07-05,78,130368,원피스,111100
골드,google,2026-07-12,74,123682,원피스,111100
골드,google,2026-07-19,81,135382,원피스,111100
골드,google,2026-07-26,71,118668,원피스,111100
골드,google,2026-08-02,68,113654,원피스,111100
골드,google,2026-08-09,63,105297,원피스,111100
골드,google,2026-08-16,70,116997,원피스,111100
골드,google,2026-08-23,69,115325,원피스,111100
골드,google,2026-08-30,66,110311,원피스,111100
골드,google,2026-09-06,69,115325,원피스,111100
골드,google,2026-09-13,67,111982,원피스,111100
실버,google,2025-09-14,32,53484,원피스,111100
실버,google,2025-09-21,30,50141,원피스,111100
실버,google,2025-09-28,33,55155,원피스,111100
실버,google,2025-10-05,38,63512,원피스,111100
실버,google,2025-10-12,31,51813,원피스,111100
실버,google,2025-10-19,31,51813,원피스,111100
실버,google,2025-10-26,32,53484,원피스,111100
실버,google,2025-11-02,30,50141,원피스,111100
실버,google,2025-11-09,37,61841,원피스,111100
실버,google,2025-11-16,31,51813,원피스,111100
실버,google,2025-11-23,30,50141,원피스,111100
실버,google,2025-11-30,30,50141,원피스,111100
실버,google,2025-12-07,33,55155,원피스,111100
실버,google,2025-12-14,34,56827,원피스,111100
실버,google,2025-12-21,36,60169,원피스,111100
실버,google,2025-12-28,35,58498,원피스,111100
실버,google,2026-01-04,40,66855,원피스,111100
실버,google,2026-01-11,51,85240,원피스,111100
실버,google,2026-01-18,46,76883,원피스,111100
실버,google,2026-01-25,46,76883,원피스,111100
실버,google,2026-02-01,42,70198,원피스,111100
실버,google,2026-02-08,41,68526,원피스,111100
실버,google,2026-02-15,38,63512,원피스,111100
실버,google,2026-02-22,42,70198,원피스,111100
실버,google,2026-03-01,47,78555,원피스,111100
실버,google,2026-03-08,40,66855,원피스,111100
실버,google,2026-03-15,37,61841,원피스,111100
실버,google,2026-03-22,34,56827,원피스,111100
실버,google,2026-03-29,32,53484,원피스,111100
실버,google,2026-04-05,29,48470,원피스,111100
실버,google,2026-04-12,31,51813,원피스,111100
실버,google,2026-04-19,29,48470,원피스,111100
실버,google,2026-04-26,30,50141,원피스,111100
실버,google,2026-05-03,33,55155,원피스,111100
실버,google,2026-05-10,31,51813,원피스,111100
실버,google,2026-05-17,30,50141,원피스,111100
실버,google,2026-05-24,31,51813,원피스,111100
실버,google,2026-05-31,31,51813,원피스,111100
실버,google,2026-06-07,30,50141,원피스,111100
실버,google,2026-06-14,29,48470,원피스,111100
실버,google,2026-06-21,33,55155,원피스,111100
실버,google,2026-06-28,32,53484,원피스,111100
실버,google,2026-07-05,35,58498,원피스,111100
실버,google,2026-07-12,32,53484,원피스,111100
실버,google,2026-07-19,53,88583,원피스,111100
실버,google,2026-07-26,55,91926,원피스,111100
실버,google,2026-08-02,39,65184,원피스,111100
실버,google,2026-08-09,34,56827,원피스,111100
실버,google,2026-08-16,33,55155,원피스,111100
실버,google,2026-08-23,34,56827,원피스,111100
실버,google,2026-08-30,35,58498,원피스,111100
실버,google,2026-09-06,34,56827,원피스,111100
실버,google,2026-09-13,36,60169,원피스,111100
로즈골드,google,2025-09-14,1,1671,원피스,111100
로즈골드,google,2025-09-21,2,3342,원피스,111100
로즈골드,google,2025-09-28,1,1671,원피스,111100
로즈골드,google,2025-10-05,1,1671,원피스,111100
로즈골드,google,2025-10-12,1,1671,원피스,111100
로즈골드,google,2025-10-19,1,1671,원피스,111100
로즈골드,google,2025-10-26,1,1671,원피스,111100
로즈골드,google,2025-11-02,1,1671,원피스,111100
로즈골드,google,2025-11-09,2,3342,원피스,111100
로즈골드,google,2025-11-16,1,1671,원피스,111100
로즈골드,google,2025-11-23,2,3342,원피스,111100
로즈골드,google,2025-11-30,1,1671,원피스,111100
로즈골드,google,2025-12-07,2,3342,원피스,111100
로즈골드,google,2025-12-14,2,3342,원피스,111100
로즈골드,google,2025-12-21,1,1671,원피스,111100
로즈골드,google,2025-12-28,1,1671,원피스,111100
로즈골드,google,2026-01-04,2,3342,원피스,111100
로즈골드,google,2026-01-11,2,3342,원피스,111100
로즈골드,google,2026-01-18,1,1671,원피스,111100
로즈골드,google,2026-01-25,2,3342,원피스,111100
로즈골드,google,2026-02-01,2,3342,원피스,111100
로즈골드,google,2026-02-08,2,3342,원피스,111100
로즈골드,google,2026-02-15,2,3342,원피스,111100
로즈골드,google,2026-02-22,2,3342,원피스,111100
로즈골드,google,2026-03-01,2,3342,원피스,111100
로즈골드,google,2026-03-08,2,3342,원피스,111100
로즈골드,google,2026-03-15,2,3342,원피스,111100
로즈골드,google,2026-03-22,2,3342,원피스,111100
로즈골드,google,2026-03-29,2,3342,원피스,111100
로즈골드,google,2026-04-05,1,1671,원피스,111100
로즈골드,google,2026-04-12,1,1671,원피스,111100
로즈골드,google,2026-04-19,1,1671,원피스,111100
로즈골드,google,2026-04-26,1,1671,원피스,111100
로즈골드,google,2026-05-03,1,1671,원피스,111100
로즈골드,google,2026-05-10,1,1671,원피스,111100
로즈골드,google,2026-05-17,1,1671,원피스,111100
로즈골드,google,2026-05-24,1,1671,원피스,111100
로즈골드,google,2026-05-31,1,1671,원피스,111100
로즈골드,google,2026-06-07,2,3342,원피스,111100
로즈골드,google,2026-06-14,1,1671,원피스,111100
로즈골드,google,2026-06-21,1,1671,원피스,111100
로즈골드,google,2026-06-28,1,1671,원피스,111100
로즈골드,google,2026-07-05,1,1671,원피스,111100
로즈골드,google,2026-07-12,1,1671,원피스,111100
로즈골드,google,2026-07-19,2,3342,원피스,111100
로즈골드,google,2026-07-26,1,1671,원피스,111100
로즈골드,google,2026-08-02,1,1671,원피스,111100
로즈골드,google,2026-08-09,1,1671,원피스,111100
로즈골드,google,2026-08-16,2,3342,원피스,111100
로즈골드,google,2026-08-23,1,1671,원피스,111100
로즈골드,google,2026-08-30,1,1671,원피스,111100
로즈골드,google,2026-09-06,1,1671,원피스,111100
로즈골드,google,2026-09-13,1,1671,원피스,111100
레드,google,2025-09-14,98,163796,원피스,111100
레드,google,2025-09-21,95,158781,원피스,111100
레드,google,2025-09-28,97,162124,원피스,111100
레드,google,2025-10-05,100,167138,원피스,111100
레드,google,2025-10-12,82,137053,원피스,111100
레드,google,2025-10-19,87,145410,원피스,111100
레드,google,2025-10-26,84,140396,원피스,111100
레드,google,2025-11-02,86,143739,원피스,111100
레드,google,2025-11-09,94,157110,원피스,111100
레드,google,2025-11-16,95,158781,원피스,111100
레드,google,2025-11-23,86,143739,원피스,111100
레드,google,2025-11-30,78,130368,원피스,111100
레드,google,2025-12-07,73,122011,원피스,111100
레드,google,2025-12-14,81,135382,원피스,111100
레드,google,2025-12-21,79,132039,원피스,111100
레드,google,2025-12-28,78,130368,원피스,111100
레드,google,2026-01-04,78,130368,원피스,111100
레드,google,2026-01-11,73,122011,원피스,111100
레드,google,2026-01-18,74,123682,원피스,111100
레드,google,2026-01-25,73,122011,원피스,111100
레드,google,2026-02-01,73,122011,원피스,111100
레드,google,2026-02-08,63,105297,원피스,111100
레드,google,2026-02-15,73,122011,원피스,111100
레드,google,2026-02-22,75,125354,원피스,111100
레드,google,2026-03-01,82,137053,원피스,111100
레드,google,2026-03-08,74,123682,원피스,111100
레드,google,2026-03-15,71,118668,원피스,111100
레드,google,2026-03-22,74,123682,원피스,111100
레드,google,2026-03-29,72,120339,원피스,111100
레드,google,2026-04-05,65,108640,원피스,111100
레드,google,2026-04-12,62,103626,원피스,111100
레드,google,2026-04-19,68,113654,원피스,111100
레드,google,2026-04-26,74,123682,원피스,111100
레드,google,2026-05-03,79,132039,원피스,111100
레드,google,2026-05-10,73,122011,원피스,111100
레드,google,2026-05-17,79,132039,원피스,111100
레드,google,2026-05-24,81,135382,원피스,111100
레드,google,2026-05-31,77,128696,원피스,111100
레드,google,2026-06-07,73,122011,원피스,111100
레드,google,2026-06-14,74,123682,원피스,111100
레드,google,2026-06-21,65,108640,원피스,111100
레드,google,2026-06-28,63,105297,원피스,111100
레드,google,2026-07-05,70,116997,원피스,111100
레드,google,2026-07-12,72,120339,원피스,111100
레드,google,2026-07-19,72,120339,원피스,111100
레드,google,2026-07-26,72,120339,원피스,111100
레드,google,2026-08-02,74,123682,원피스,111100
레드,google,2026-08-09,66,110311,원피스,111100
레드,google,2026-08-16,70,116997,원피스,111100
레드,google,2026-08-23,74,123682,원피스,111100
레드,google,2026-08-30,59,98611,원피스,111100
레드,google,2026-09-06,78,130368,원피스,111100
레드,google,2026-09-13,74,123682,원피스,111100
코랄,google,2025-09-14,2,3342,원피스,111100
코랄,google,2025-09-21,2,3342,원피스,111100
코랄,google,2025-09-28,2,3342,원피스,111100
코랄,google,2025-10-05,2,3342,원피스,111100
코랄,google,2025-10-12,2,3342,원피스,111100
코랄,google,2025-10-19,2,3342,원피스,111100
코랄,google,2025-10-26,2,3342,원피스,111100
코랄,google,2025-11-02,2,3342,원피스,111100
코랄,google,2025-11-09,1,1671,원피스,111100
코랄,google,2025-11-16,1,1671,원피스,111100
코랄,google,2025-11-23,1,1671,원피스,111100
코랄,google,2025-11-30,2,3342,원피스,111100
코랄,google,2025-12-07,2,3342,원피스,111100
코랄,google,2025-12-14,1,1671,원피스,111100
코랄,google,2025-12-21,2,3342,원피스,111100
코랄,google,2025-12-28,2,3342,원피스,111100
코랄,google,2026-01-04,2,3342,원피스,111100
코랄,google,2026-01-11,2,3342,원피스,111100
코랄,google,2026-01-18,2,3342,원피스,111100
코랄,google,2026-01-25,1,1671,원피스,111100
코랄,google,2026-02-01,2,3342,원피스,111100
코랄,google,2026-02-08,1,1671,원피스,111100
코랄,google,2026-02-15,1,1671,원피스,111100
코랄,google,2026-02-22,1,1671,원피스,111100
코랄,google,2026-03-01,1,1671,원피스,111100
코랄,google,2026-03-08,2,3342,원피스,111100
코랄,google,2026-03-15,2,3342,원피스,111100
코랄,google,2026-03-22,2,3342,원피스,111100
코랄,google,2026-03-29,1,1671,원피스,111100
코랄,google,2026-04-05,1,1671,원피스,111100
코랄,google,2026-04-12,1,1671,원피스,111100
코랄,google,2026-04-19,1,1671,원피스,111100
코랄,google,2026-04-26,1,1671,원피스,111100
코랄,google,2026-05-03,1,1671,원피스,111100
코랄,google,2026-05-10,1,1671,원피스,111100
코랄,google,2026-05-17,1,1671,원피스,111100
코랄,google,2026-05-24,1,1671,원피스,111100
코랄,google,2026-05-31,1,1671,원피스,111100
코랄,google,2026-06-07,1,1671,원피스,111100
코랄,google,2026-06-14,1,1671,원피스,111100
코랄,google,2026-06-21,1,1671,원피스,111100
코랄,google,2026-06-28,1,1671,원피스,111100
코랄,google,2026-07-05,2,3342,원피스,111100
코랄,google,2026-07-12,5,8356,원피스,111100
코랄,google,2026-07-19,5,8356,원피스,111100
코랄,google,2026-07-26,4,6685,원피스,111100
코랄,google,2026-08-02,3,5014,원피스,111100
코랄,google,2026-08-09,2,3342,원피스,111100
코랄,google,2026-08-16,2,3342,원피스,111100
코랄,google,2026-08-23,2,3342,원피스,111100
코랄,google,2026-08-30,2,3342,원피스,111100
코랄,google,2026-09-06,2,3342,원피스,111100
코랄,google,2026-09-13,2,3342,원피스,111100
퍼플,google,2025-09-14,22,36770,원피스,111100
퍼플,google,2025-09-21,21,35099,원피스,111100
퍼플,google,2025-09-28,19,31756,원피스,111100
퍼플,google,2025-10-05,16,26742,원피스,111100
퍼플,google,2025-10-12,21,35099,원피스,111100
퍼플,google,2025-10-19,24,40113,원피스,111100
퍼플,google,2025-10-26,21,35099,원피스,111100
퍼플,google,2025-11-02,21,35099,원피스,111100
퍼플,google,2025-11-09,23,38441,원피스,111100
퍼플,google,2025-11-16,28,46798,원피스,111100
퍼플,google,2025-11-23,21,35099,원피스,111100
퍼플,google,2025-11-30,18,30084,원피스,111100
퍼플,google,2025-12-07,18,30084,원피스,111100
퍼플,google,2025-12-14,17,28413,원피스,111100
퍼플,google,2025-12-21,14,23399,원피스,111100
퍼플,google,2025-12-28,15,25070,원피스,111100
퍼플,google,2026-01-04,14,23399,원피스,111100
퍼플,google,2026-01-11,15,25070,원피스,111100
퍼플,google,2026-01-18,14,23399,원피스,111100
퍼플,google,2026-01-25,14,23399,원피스,111100
퍼플,google,2026-02-01,14,23399,원피스,111100
퍼플,google,2026-02-08,13,21728,원피스,111100
퍼플,google,2026-02-15,11,18385,원피스,111100
퍼플,google,2026-02-22,15,25070,원피스,111100
퍼플,google,2026-03-01,16,26742,원피스,111100
퍼플,google,2026-03-08,17,28413,원피스,111100
퍼플,google,2026-03-15,18,30084,원피스,111100
퍼플,google,2026-03-22,18,30084,원피스,111100
퍼플,google,2026-03-29,17,28413,원피스,111100
퍼플,google,2026-04-05,15,25070,원피스,111100
퍼플,google,2026-04-12,15,25070,원피스,111100
퍼플,google,2026-04-19,14,23399,원피스,111100
퍼플,google,2026-04-26,14,23399,원피스,111100
퍼플,google,2026-05-03,14,23399,원피스,111100
퍼플,google,2026-05-10,17,28413,원피스,111100
퍼플,google,2026-05-17,14,23399,원피스,111100
퍼플,google,2026-05-24,13,21728,원피스,111100
퍼플,google,2026-05-31,13,21728,원피스,111100
퍼플,google,2026-06-07,13,21728,원피스,111100
퍼플,google,2026-06-14,12,20056,원피스,111100
퍼플,google,2026-06-21,11,18385,원피스,111100
퍼플,google,2026-06-28,10,16713,원피스,111100
퍼플,google,2026-07-05,11,18385,원피스,111100
퍼플,google,2026-07-12,10,16713,원피스,111100
퍼플,google,2026-07-19,8,13371,원피스,111100
퍼플,google,2026-07-26,8,13371,원피스,111100
퍼플,google,2026-08-02,7,11699,원피스,111100
퍼플,google,2026-08-09,7,11699,원피스,111100
퍼플,google,2026-08-16,7,11699,원피스,111100
퍼플,google,2026-08-23,8,13371,원피스,111100
퍼플,google,2026-08-30,8,13371,원피스,111100
퍼플,google,2026-09-06,9,15042,원피스,111100
퍼플,google,2026-09-13,8,13371,원피스,111100
핑크,google,2025-09-14,17,28413,원피스,111100
핑크,google,2025-09-21,19,31756,원피스,111100
핑크,google,2025-09-28,19,31756,원피스,111100
핑크,google,2025-10-05,21,35099,원피스,111100
핑크,google,2025-10-12,19,31756,원피스,111100
핑크,google,2025-10-19,19,31756,원피스,111100
핑크,google,2025-10-26,19,31756,원피스,111100
핑크,google,2025-11-02,22,36770,원피스,111100
핑크,google,2025-11-09,20,33427,원피스,111100
핑크,google,2025-11-16,21,35099,원피스,111100
핑크,google,2025-11-23,18,30084,원피스,111100
핑크,google,2025-11-30,17,28413,원피스,111100
핑크,google,2025-12-07,17,28413,원피스,111100
핑크,google,2025-12-14,19,31756,원피스,111100
핑크,google,2025-12-21,17,28413,원피스,111100
핑크,google,2025-12-28,18,30084,원피스,111100
핑크,google,2026-01-04,20,33427,원피스,111100
핑크,google,2026-01-11,21,35099,원피스,111100
핑크,google,2026-01-18,20,33427,원피스,111100
핑크,google,2026-01-25,18,30084,원피스,111100
핑크,google,2026-02-01,18,30084,원피스,111100
핑크,google,2026-02-08,17,28413,원피스,111100
핑크,google,2026-02-15,18,30084,원피스,111100
핑크,google,2026-02-22,22,36770,원피스,111100
핑크,google,2026-03-01,20,33427,원피스,111100
핑크,google,2026-03-08,18,30084,원피스,111100
핑크,google,2026-03-15,17,28413,원피스,111100
핑크,google,2026-03-22,17,28413,원피스,111100
핑크,google,2026-03-29,19,31756,원피스,111100
핑크,google,2026-04-05,16,26742,원피스,111100
핑크,google,2026-04-12,20,33427,원피스,111100
핑크,google,2026-04-19,17,28413,원피스,111100
핑크,google,2026-04-26,17,28413,원피스,111100
핑크,google,2026-05-03,20,33427,원피스,111100
핑크,google,2026-05-10,19,31756,원피스,111100
핑크,google,2026-05-17,18,30084,원피스,111100
핑크,google,2026-05-24,18,30084,원피스,111100
핑크,google,2026-05-31,17,28413,원피스,111100
핑크,google,2026-06-07,16,26742,원피스,111100
핑크,google,2026-06-14,15,25070,원피스,111100
핑크,google,2026-06-21,14,23399,원피스,111100
핑크,google,2026-06-28,17,28413,원피스,111100
핑크,google,2026-07-05,15,25070,원피스,111100
핑크,google,2026-07-12,15,25070,원피스,111100
핑크,google,2026-07-19,16,26742,원피스,111100
핑크,google,2026-07-26,15,25070,원피스,111100
핑크,google,2026-08-02,16,26742,원피스,111100
핑크,google,2026-08-09,15,25070,원피스,111100
핑크,google,2026-08-16,15,25070,원피스,111100
핑크,google,2026-08-23,15,25070,원피스,111100
핑크,google,2026-08-30,15,25070,원피스,111100
핑크,google,2026-09-06,16,26742,원피스,111100
핑크,google,2026-09-13,17,28413,원피스,111100
옐로우,google,2025-09-14,2,3342,원피스,111100
옐로우,google,2025-09-21,2,3342,원피스,111100
옐로우,google,2025-09-28,2,3342,원피스,111100
옐로우,google,2025-10-05,2,3342,원피스,111100
옐로우,google,2025-10-12,2,3342,원피스,111100
옐로우,google,2025-10-19,2,3342,원피스,111100
옐로우,google,2025-10-26,2,3342,원피스,111100
옐로우,google,2025-11-02,2,3342,원피스,111100
옐로우,google,2025-11-09,2,3342,원피스,111100
옐로우,google,2025-11-16,2,3342,원피스,111100
옐로우,google,2025-11-23,2,3342,원피스,111100
옐로우,google,2025-11-30,2,3342,원피스,111100
옐로우,google,2025-12-07,2,3342,원피스,111100
옐로우,google,2025-12-14,2,3342,원피스,111100
옐로우,google,2025-12-21,2,3342,원피스,111100
옐로우,google,2025-12-28,2,3342,원피스,111100
옐로우,google,2026-01-04,2,3342,원피스,111100
옐로우,google,2026-01-11,2,3342,원피스,111100
옐로우,google,2026-01-18,2,3342,원피스,111100
옐로우,google,2026-01-25,2,3342,원피스,111100
옐로우,google,2026-02-01,2,3342,원피스,111100
옐로우,google,2026-02-08,2,3342,원피스,111100
옐로우,google,2026-02-15,2,3342,원피스,111100
옐로우,google,2026-02-22,2,3342,원피스,111100
옐로우,google,2026-03-01,3,5014,원피스,111100
옐로우,google,2026-03-08,2,3342,원피스,111100
옐로우,google,2026-03-15,3,5014,원피스,111100
옐로우,google,2026-03-22,3,5014,원피스,111100
옐로우,google,2026-03-29,2,3342,원피스,111100
옐로우,google,2026-04-05,2,3342,원피스,111100
옐로우,google,2026-04-12,2,3342,원피스,111100
옐로우,google,2026-04-19,2,3342,원피스,111100
옐로우,google,2026-04-26,2,3342,원피스,111100
옐로우,google,2026-05-03,2,3342,원피스,111100
옐로우,google,2026-05-10,2,3342,원피스,111100
옐로우,google,2026-05-17,3,5014,원피스,111100
옐로우,google,2026-05-24,3,5014,원피스,111100
옐로우,google,2026-05-31,2,3342,원피스,111100
옐로우,google,2026-06-07,2,3342,원피스,111100
옐로우,google,2026-06-14,2,3342,원피스,111100
옐로우,google,2026-06-21,2,3342,원피스,111100
옐로우,google,2026-06-28,2,3342,원피스,111100
옐로우,google,2026-07-05,2,3342,원피스,111100
옐로우,google,2026-07-12,2,3342,원피스,111100
옐로우,google,2026-07-19,2,3342,원피스,111100
옐로우,google,2026-07-26,2,3342,원피스,111100
옐로우,google,2026-08-02,2,3342,원피스,111100
옐로우,google,2026-08-09,2,3342,원피스,111100
옐로우,google,2026-08-16,2,3342,원피스,111100
옐로우,google,2026-08-23,2,3342,원피스,111100
옐로우,google,2026-08-30,2,3342,원피스,111100
옐로우,google,2026-09-06,2,3342,원피스,111100
옐로우,google,2026-09-13,2,3342,원피스,111100
오렌지,google,2025-09-14,80,133711,원피스,111100
오렌지,google,2025-09-21,98,163796,원피스,111100
오렌지,google,2025-09-28,85,142067,원피스,111100
오렌지,google,2025-10-05,89,148753,원피스,111100
오렌지,google,2025-10-12,84,140396,원피스,111100
오렌지,google,2025-10-19,91,152096,원피스,111100
오렌지,google,2025-10-26,87,145410,원피스,111100
오렌지,google,2025-11-02,85,142067,원피스,111100
오렌지,google,2025-11-09,88,147082,원피스,111100
오렌지,google,2025-11-16,94,157110,원피스,111100
오렌지,google,2025-11-23,87,145410,원피스,111100
오렌지,google,2025-11-30,88,147082,원피스,111100
오렌지,google,2025-12-07,84,140396,원피스,111100
오렌지,google,2025-12-14,84,140396,원피스,111100
오렌지,google,2025-12-21,91,152096,원피스,111100
오렌지,google,2025-12-28,88,147082,원피스,111100
오렌지,google,2026-01-04,81,135382,원피스,111100
오렌지,google,2026-01-11,84,140396,원피스,111100
오렌지,google,2026-01-18,85,142067,원피스,111100
오렌지,google,2026-01-25,81,135382,원피스,111100
오렌지,google,2026-02-01,85,142067,원피스,111100
오렌지,google,2026-02-08,76,127025,원피스,111100
오렌지,google,2026-02-15,76,127025,원피스,111100
오렌지,google,2026-02-22,86,143739,원피스,111100
오렌지,google,2026-03-01,93,155439,원피스,111100
오렌지,google,2026-03-08,96,160453,원피스,111100
오렌지,google,2026-03-15,92,153767,원피스,111100
오렌지,google,2026-03-22,100,167138,원피스,111100
오렌지,google,2026-03-29,94,157110,원피스,111100
오렌지,google,2026-04-05,85,142067,원피스,111100
오렌지,google,2026-04-12,85,142067,원피스,111100
오렌지,google,2026-04-19,88,147082,원피스,111100
오렌지,google,2026-04-26,90,150424,원피스,111100
오렌지,google,2026-05-03,93,155439,원피스,111100
오렌지,google,2026-05-10,86,143739,원피스,111100
오렌지,google,2026-05-17,87,145410,원피스,111100
오렌지,google,2026-05-24,87,145410,원피스,111100
오렌지,google,2026-05-31,84,140396,원피스,111100
오렌지,google,2026-06-07,81,135382,원피스,111100
오렌지,google,2026-06-14,86,143739,원피스,111100
오렌지,google,2026-06-21,71,118668,원피스,111100
오렌지,google,2026-06-28,77,128696,원피스,111100
오렌지,google,2026-07-05,76,127025,원피스,111100
오렌지,google,2026-07-12,72,120339,원피스,111100
오렌지,google,2026-07-19,75,125354,원피스,111100
오렌지,google,2026-07-26,74,123682,원피스,111100
오렌지,google,2026-08-02,65,108640,원피스,111100
오렌지,google,2026-08-09,68,113654,원피스,111100
오렌지,google,2026-08-16,71,118668,원피스,111100
오렌지,google,2026-08-23,73,122011,원피스,111100
오렌지,google,2026-08-30,75,125354,원피스,111100
오렌지,google,2026-09-06,82,137053,원피스,111100
오렌지,google,2026-09-13,85,142067,원피스,111100
오키드,google,2025-09-14,3,5014,원피스,111100
오키드,google,2025-09-21,8,13371,원피스,111100
오키드,google,2025-09-28,4,6685,원피스,111100
오키드,google,2025-10-05,4,6685,원피스,111100
오키드,google,2025-10-12,5,8356,원피스,111100
오키드,google,2025-10-19,3,5014,원피스,111100
오키드,google,2025-10-26,3,5014,원피스,111100
오키드,google,2025-11-02,4,6685,원피스,111100
오키드,google,2025-11-09,7,11699,원피스,111100
오키드,google,2025-11-16,3,5014,원피스,111100
오키드,google,2025-11-23,4,6685,원피스,111100
오키드,google,2025-11-30,5,8356,원피스,111100
오키드,google,2025-12-07,5,8356,원피스,111100
오키드,google,2025-12-14,5,8356,원피스,111100
오키드,google,2025-12-21,0,0,원피스,111100
오키드,google,2025-12-28,3,5014,원피스,111100
오키드,google,2026-01-04,5,8356,원피스,111100
오키드,google,2026-01-11,7,11699,원피스,111100
오키드,google,2026-01-18,5,8356,원피스,111100
오키드,google,2026-01-25,3,5014,원피스,111100
오키드,google,2026-02-01,2,3342,원피스,111100
오키드,google,2026-02-08,4,6685,원피스,111100
오키드,google,2026-02-15,2,3342,원피스,111100
오키드,google,2026-02-22,3,5014,원피스,111100
오키드,google,2026-03-01,3,5014,원피스,111100
오키드,google,2026-03-08,3,5014,원피스,111100
오키드,google,2026-03-15,3,5014,원피스,111100
오키드,google,2026-03-22,4,6685,원피스,111100
오키드,google,2026-03-29,5,8356,원피스,111100
오키드,google,2026-04-05,2,3342,원피스,111100
오키드,google,2026-04-12,3,5014,원피스,111100
오키드,google,2026-04-19,3,5014,원피스,111100
오키드,google,2026-04-26,3,5014,원피스,111100
오키드,google,2026-05-03,3,5014,원피스,111100
오키드,google,2026-05-10,4,6685,원피스,111100
오키드,google,2026-05-17,3,5014,원피스,111100
오키드,google,2026-05-24,7,11699,원피스,111100
오키드,google,2026-05-31,6,10028,원피스,111100
오키드,google,2026-06-07,5,8356,원피스,111100
오키드,google,2026-06-14,4,6685,원피스,111100
오키드,google,2026-06-21,4,6685,원피스,111100
오키드,google,2026-06-28,4,6685,원피스,111100
오키드,google,2026-07-05,4,6685,원피스,111100
오키드,google,2026-07-12,4,6685,원피스,111100
오키드,google,2026-07-19,3,5014,원피스,111100
오키드,google,2026-07-26,5,8356,원피스,111100
오키드,google,2026-08-02,2,3342,원피스,111100
오키드,google,2026-08-09,4,6685,원피스,111100
오키드,google,2026-08-16,2,3342,원피스,111100
오키드,google,2026-08-23,4,6685,원피스,111100
오키드,google,2026-08-30,3,5014,원피스,111100
오키드,google,2026-09-06,3,5014,원피스,111100
오키드,google,2026-09-13,3,5014,원피스,111100
탠저린,google,2025-09-14,0,0,원피스,111100
탠저린,google,2025-09-21,0,0,원피스,111100
탠저린,google,2025-09-28,0,0,원피스,111100
탠저린,google,2025-10-05,0,0,원피스,111100
탠저린,google,2025-10-12,0,0,원피스,111100
탠저린,google,2025-10-19,0,0,원피스,111100
탠저린,google,2025-10-26,0,0,원피스,111100
탠저린,google,2025-11-02,0,0,원피스,111100
탠저린,google,2025-11-09,0,0,원피스,111100
탠저린,google,2025-11-16,0,0,원피스,111100
탠저린,google,2025-11-23,0,0,원피스,111100
탠저린,google,2025-11-30,0,0,원피스,111100
탠저린,google,2025-12-07,0,0,원피스,111100
탠저린,google,2025-12-14,0,0,원피스,111100
탠저린,google,2025-12-21,0,0,원피스,111100
탠저린,google,2025-12-28,0,0,원피스,111100
탠저린,google,2026-01-04,0,0,원피스,111100
탠저린,google,2026-01-11,2,3342,원피스,111100
탠저린,google,2026-01-18,0,0,원피스,111100
탠저린,google,2026-01-25,0,0,원피스,111100
탠저린,google,2026-02-01,0,0,원피스,111100
탠저린,google,2026-02-08,0,0,원피스,111100
탠저린,google,2026-02-15,0,0,원피스,111100
탠저린,google,2026-02-22,0,0,원피스,111100
탠저린,google,2026-03-01,0,0,원피스,111100
탠저린,google,2026-03-08,0,0,원피스,111100
탠저린,google,2026-03-15,0,0,원피스,111100
탠저린,google,2026-03-22,0,0,원피스,111100
탠저린,google,2026-03-29,0,0,원피스,111100
탠저린,google,2026-04-05,0,0,원피스,111100
탠저린,google,2026-04-12,0,0,원피스,111100
탠저린,google,2026-04-19,0,0,원피스,111100
탠저린,google,2026-04-26,0,0,원피스,111100
탠저린,google,2026-05-03,0,0,원피스,111100
탠저린,google,2026-05-10,0,0,원피스,111100
탠저린,google,2026-05-17,0,0,원피스,111100
탠저린,google,2026-05-24,0,0,원피스,111100
탠저린,google,2026-05-31,0,0,원피스,111100
탠저린,google,2026-06-07,0,0,원피스,111100
탠저린,google,2026-06-14,0,0,원피스,111100
탠저린,google,2026-06-21,0,0,원피스,111100
탠저린,google,2026-06-28,0,0,원피스,111100
탠저린,google,2026-07-05,0,0,원피스,111100
탠저린,google,2026-07-12,0,0,원피스,111100
탠저린,google,2026-07-19,0,0,원피스,111100
탠저린,google,2026-07-26,0,0,원피스,111100
탠저린,google,2026-08-02,0,0,원피스,111100
탠저린,google,2026-08-09,0,0,원피스,111100
탠저린,google,2026-08-16,0,0,원피스,111100
탠저린,google,2026-08-23,0,0,원피스,111100
탠저린,google,2026-08-30,1,1671,원피스,111100
탠저린,google,2026-09-06,1,1671,원피스,111100
탠저린,google,2026-09-13,0,0,원피스,111100
퓨시아,google,2025-09-14,0,0,원피스,111100
퓨시아,google,2025-09-21,0,0,원피스,111100
퓨시아,google,2025-09-28,0,0,원피스,111100
퓨시아,google,2025-10-05,0,0,원피스,111100
퓨시아,google,2025-10-12,0,0,원피스,111100
퓨시아,google,2025-10-19,0,0,원피스,111100
퓨시아,google,2025-10-26,0,0,원피스,111100
퓨시아,google,2025-11-02,0,0,원피스,111100
퓨시아,google,2025-11-09,0,0,원피스,111100
퓨시아,google,2025-11-16,0,0,원피스,111100
퓨시아,google,2025-11-23,0,0,원피스,111100
퓨시아,google,2025-11-30,0,0,원피스,111100
퓨시아,google,2025-12-07,0,0,원피스,111100
퓨시아,google,2025-12-14,0,0,원피스,111100
퓨시아,google,2025-12-21,0,0,원피스,111100
퓨시아,google,2025-12-28,0,0,원피스,111100
퓨시아,google,2026-01-04,0,0,원피스,111100
퓨시아,google,2026-01-11,0,0,원피스,111100
퓨시아,google,2026-01-18,0,0,원피스,111100
퓨시아,google,2026-01-25,0,0,원피스,111100
퓨시아,google,2026-02-01,0,0,원피스,111100
퓨시아,google,2026-02-08,0,0,원피스,111100
퓨시아,google,2026-02-15,0,0,원피스,111100
퓨시아,google,2026-02-22,0,0,원피스,111100
퓨시아,google,2026-03-01,0,0,원피스,111100
퓨시아,google,2026-03-08,0,0,원피스,111100
퓨시아,google,2026-03-15,0,0,원피스,111100
퓨시아,google,2026-03-22,0,0,원피스,111100
퓨시아,google,2026-03-29,0,0,원피스,111100
퓨시아,google,2026-04-05,0,0,원피스,111100
퓨시아,google,2026-04-12,0,0,원피스,111100
퓨시아,google,2026-04-19,0,0,원피스,111100
퓨시아,google,2026-04-26,0,0,원피스,111100
퓨시아,google,2026-05-03,0,0,원피스,111100
퓨시아,google,2026-05-10,0,0,원피스,111100
퓨시아,google,2026-05-17,0,0,원피스,111100
퓨시아,google,2026-05-24,0,0,원피스,111100
퓨시아,google,2026-05-31,0,0,원피스,111100
퓨시아,google,2026-06-07,0,0,원피스,111100
퓨시아,google,2026-06-14,0,0,원피스,111100
퓨시아,google,2026-06-21,0,0,원피스,111100
퓨시아,google,2026-06-28,0,0,원피스,111100
퓨시아,google,2026-07-05,0,0,원피스,111100
퓨시아,google,2026-07-12,0,0,원피스,111100
퓨시아,google,2026-07-19,0,0,원피스,111100
퓨시아,google,2026-07-26,0,0,원피스,111100
퓨시아,google,2026-08-02,0,0,원피스,111100
퓨시아,google,2026-08-09,0,0,원피스,111100
퓨시아,google,2026-08-16,0,0,원피스,111100
퓨시아,google,2026-08-23,0,0,원피스,111100
퓨시아,google,2026-08-30,0,0,원피스,111100
퓨시아,google,2026-09-06,0,0,원피스,111100
퓨시아,google,2026-09-13,0,0,원피스,111100
라임그린,google,2025-09-14,0,0,원피스,111100
라임그린,google,2025-09-21,0,0,원피스,111100
라임그린,google,2025-09-28,0,0,원피스,111100
라임그린,google,2025-10-05,0,0,원피스,111100
라임그린,google,2025-10-12,0,0,원피스,111100
라임그린,google,2025-10-19,0,0,원피스,111100
라임그린,google,2025-10-26,0,0,원피스,111100
라임그린,google,2025-11-02,0,0,원피스,111100
라임그린,google,2025-11-09,0,0,원피스,111100
라임그린,google,2025-11-16,0,0,원피스,111100
라임그린,google,2025-11-23,0,0,원피스,111100
라임그린,google,2025-11-30,0,0,원피스,111100
라임그린,google,2025-12-07,0,0,원피스,111100
라임그린,google,2025-12-14,0,0,원피스,111100
라임그린,google,2025-12-21,2,3342,원피스,111100
라임그린,google,2025-12-28,0,0,원피스,111100
라임그린,google,2026-01-04,0,0,원피스,111100
라임그린,google,2026-01-11,0,0,원피스,111100
라임그린,google,2026-01-18,0,0,원피스,111100
라임그린,google,2026-01-25,0,0,원피스,111100
라임그린,google,2026-02-01,0,0,원피스,111100
라임그린,google,2026-02-08,0,0,원피스,111100
라임그린,google,2026-02-15,0,0,원피스,111100
라임그린,google,2026-02-22,0,0,원피스,111100
라임그린,google,2026-03-01,0,0,원피스,111100
라임그린,google,2026-03-08,0,0,원피스,111100
라임그린,google,2026-03-15,0,0,원피스,111100
라임그린,google,2026-03-22,0,0,원피스,111100
라임그린,google,2026-03-29,0,0,원피스,111100
라임그린,google,2026-04-05,0,0,원피스,111100
라임그린,google,2026-04-12,0,0,원피스,111100
라임그린,google,2026-04-19,0,0,원피스,111100
라임그린,google,2026-04-26,0,0,원피스,111100
라임그린,google,2026-05-03,0,0,원피스,111100
라임그린,google,2026-05-10,0,0,원피스,111100
라임그린,google,2026-05-17,0,0,원피스,111100
라임그린,google,2026-05-24,0,0,원피스,111100
라임그린,google,2026-05-31,0,0,원피스,111100
라임그린,google,2026-06-07,0,0,원피스,111100
라임그린,google,2026-06-14,0,0,원피스,111100
라임그린,google,2026-06-21,0,0,원피스,111100
라임그린,google,2026-06-28,0,0,원피스,111100
라임그린,google,2026-07-05,0,0,원피스,111100
라임그린,google,2026-07-12,0,0,원피스,111100
라임그린,google,2026-07-19,0,0,원피스,111100
라임그린,google,2026-07-26,0,0,원피스,111100
라임그린,google,2026-08-02,0,0,원피스,111100
라임그린,google,2026-08-09,0,0,원피스,111100
라임그린,google,2026-08-16,0,0,원피스,111100
라임그린,google,2026-08-23,0,0,원피스,111100
라임그린,google,2026-08-30,0,0,원피스,111100
라임그린,google,2026-09-06,0,0,원피스,111100
라임그린,google,2026-09-13,0,0,원피스,111100
라즈베리,google,2025-09-14,93,155439,원피스,111100
라즈베리,google,2025-09-21,89,148753,원피스,111100
라즈베리,google,2025-09-28,82,137053,원피스,111100
라즈베리,google,2025-10-05,61,101954,원피스,111100
라즈베리,google,2025-10-12,77,128696,원피스,111100
라즈베리,google,2025-10-19,79,132039,원피스,111100
라즈베리,google,2025-10-26,87,145410,원피스,111100
라즈베리,google,2025-11-02,97,162124,원피스,111100
라즈베리,google,2025-11-09,100,167138,원피스,111100
라즈베리,google,2025-11-16,98,163796,원피스,111100
라즈베리,google,2025-11-23,92,153767,원피스,111100
라즈베리,google,2025-11-30,88,147082,원피스,111100
라즈베리,google,2025-12-07,69,115325,원피스,111100
라즈베리,google,2025-12-14,78,130368,원피스,111100
라즈베리,google,2025-12-21,65,108640,원피스,111100
라즈베리,google,2025-12-28,64,106968,원피스,111100
라즈베리,google,2026-01-04,74,123682,원피스,111100
라즈베리,google,2026-01-11,65,108640,원피스,111100
라즈베리,google,2026-01-18,77,128696,원피스,111100
라즈베리,google,2026-01-25,81,135382,원피스,111100
라즈베리,google,2026-02-01,60,100283,원피스,111100
라즈베리,google,2026-02-08,65,108640,원피스,111100
라즈베리,google,2026-02-15,52,86912,원피스,111100
라즈베리,google,2026-02-22,69,115325,원피스,111100
라즈베리,google,2026-03-01,65,108640,원피스,111100
라즈베리,google,2026-03-08,81,135382,원피스,111100
라즈베리,google,2026-03-15,75,125354,원피스,111100
라즈베리,google,2026-03-22,85,142067,원피스,111100
라즈베리,google,2026-03-29,79,132039,원피스,111100
라즈베리,google,2026-04-05,72,120339,원피스,111100
라즈베리,google,2026-04-12,69,115325,원피스,111100
라즈베리,google,2026-04-19,65,108640,원피스,111100
라즈베리,google,2026-04-26,59,98611,원피스,111100
라즈베리,google,2026-05-03,74,123682,원피스,111100
라즈베리,google,2026-05-10,83,138725,원피스,111100
라즈베리,google,2026-05-17,66,110311,원피스,111100
라즈베리,google,2026-05-24,68,113654,원피스,111100
라즈베리,google,2026-05-31,69,115325,원피스,111100
라즈베리,google,2026-06-07,65,108640,원피스,111100
라즈베리,google,2026-06-14,61,101954,원피스,111100
라즈베리,google,2026-06-21,56,93597,원피스,111100
라즈베리,google,2026-06-28,53,88583,원피스,111100
라즈베리,google,2026-07-05,63,105297,원피스,111100
라즈베리,google,2026-07-12,51,85240,원피스,111100
라즈베리,google,2026-07-19,53,88583,원피스,111100
라즈베리,google,2026-07-26,52,86912,원피스,111100
라즈베리,google,2026-08-02,49,81898,원피스,111100
라즈베리,google,2026-08-09,46,76883,원피스,111100
라즈베리,google,2026-08-16,51,85240,원피스,111100
라즈베리,google,2026-08-23,56,93597,원피스,111100
라즈베리,google,2026-08-30,55,91926,원피스,111100
라즈베리,google,2026-09-06,59,98611,원피스,111100
라즈베리,google,2026-09-13,56,93597,원피스,111100
로즈핑크,google,2025-09-14,0,0,원피스,111100
로즈핑크,google,2025-09-21,6,10028,원피스,111100
로즈핑크,google,2025-09-28,0,0,원피스,111100
로즈핑크,google,2025-10-05,0,0,원피스,111100
로즈핑크,google,2025-10-12,0,0,원피스,111100
로즈핑크,google,2025-10-19,0,0,원피스,111100
로즈핑크,google,2025-10-26,0,0,원피스,111100
로즈핑크,google,2025-11-02,0,0,원피스,111100
로즈핑크,google,2025-11-09,0,0,원피스,111100
로즈핑크,google,2025-11-16,0,0,원피스,111100
로즈핑크,google,2025-11-23,0,0,원피스,111100
로즈핑크,google,2025-11-30,0,0,원피스,111100
로즈핑크,google,2025-12-07,5,8356,원피스,111100
로즈핑크,google,2025-12-14,0,0,원피스,111100
로즈핑크,google,2025-12-21,0,0,원피스,111100
로즈핑크,google,2025-12-28,0,0,원피스,111100
로즈핑크,google,2026-01-04,5,8356,원피스,111100
로즈핑크,google,2026-01-11,4,6685,원피스,111100
로즈핑크,google,2026-01-18,0,0,원피스,111100
로즈핑크,google,2026-01-25,0,0,원피스,111100
로즈핑크,google,2026-02-01,0,0,원피스,111100
로즈핑크,google,2026-02-08,0,0,원피스,111100
로즈핑크,google,2026-02-15,0,0,원피스,111100
로즈핑크,google,2026-02-22,8,13371,원피스,111100
로즈핑크,google,2026-03-01,5,8356,원피스,111100
로즈핑크,google,2026-03-08,0,0,원피스,111100
로즈핑크,google,2026-03-15,0,0,원피스,111100
로즈핑크,google,2026-03-22,0,0,원피스,111100
로즈핑크,google,2026-03-29,0,0,원피스,111100
로즈핑크,google,2026-04-05,4,6685,원피스,111100
로즈핑크,google,2026-04-12,0,0,원피스,111100
로즈핑크,google,2026-04-19,0,0,원피스,111100
로즈핑크,google,2026-04-26,5,8356,원피스,111100
로즈핑크,google,2026-05-03,0,0,원피스,111100
로즈핑크,google,2026-05-10,4,6685,원피스,111100
로즈핑크,google,2026-05-17,0,0,원피스,111100
로즈핑크,google,2026-05-24,0,0,원피스,111100
로즈핑크,google,2026-05-31,0,0,원피스,111100
로즈핑크,google,2026-06-07,0,0,원피스,111100
로즈핑크,google,2026-06-14,4,6685,원피스,111100
로즈핑크,google,2026-06-21,0,0,원피스,111100
로즈핑크,google,2026-06-28,0,0,원피스,111100
로즈핑크,google,2026-07-05,5,8356,원피스,111100
로즈핑크,google,2026-07-12,0,0,원피스,111100
로즈핑크,google,2026-07-19,0,0,원피스,111100
로즈핑크,google,2026-07-26,0,0,원피스,111100
로즈핑크,google,2026-08-02,0,0,원피스,111100
로즈핑크,google,2026-08-09,0,0,원피스,111100
로즈핑크,google,2026-08-16,0,0,원피스,111100
로즈핑크,google,2026-08-23,0,0,원피스,111100
로즈핑크,google,2026-08-30,3,5014,원피스,111100
로즈핑크,google,2026-09-06,3,5014,원피스,111100
로즈핑크,google,2026-09-13,3,5014,원피스,111100
애플그린,google,2025-09-14,22,36770,원피스,111100
애플그린,google,2025-09-21,25,41784,원피스,111100
애플그린,google,2025-09-28,22,36770,원피스,111100
애플그린,google,2025-10-05,33,55155,원피스,111100
애플그린,google,2025-10-12,28,46798,원피스,111100
애플그린,google,2025-10-19,22,36770,원피스,111100
애플그린,google,2025-10-26,26,43456,원피스,111100
애플그린,google,2025-11-02,26,43456,원피스,111100
애플그린,google,2025-11-09,20,33427,원피스,111100
애플그린,google,2025-11-16,25,41784,원피스,111100
애플그린,google,2025-11-23,24,40113,원피스,111100
애플그린,google,2025-11-30,22,36770,원피스,111100
애플그린,google,2025-12-07,22,36770,원피스,111100
애플그린,google,2025-12-14,26,43456,원피스,111100
애플그린,google,2025-12-21,26,43456,원피스,111100
애플그린,google,2025-12-28,46,76883,원피스,111100
애플그린,google,2026-01-04,27,45127,원피스,111100
애플그린,google,2026-01-11,32,53484,원피스,111100
애플그린,google,2026-01-18,25,41784,원피스,111100
애플그린,google,2026-01-25,25,41784,원피스,111100
애플그린,google,2026-02-01,23,38441,원피스,111100
애플그린,google,2026-02-08,26,43456,원피스,111100
애플그린,google,2026-02-15,25,41784,원피스,111100
애플그린,google,2026-02-22,23,38441,원피스,111100
애플그린,google,2026-03-01,25,41784,원피스,111100
애플그린,google,2026-03-08,28,46798,원피스,111100
애플그린,google,2026-03-15,18,30084,원피스,111100
애플그린,google,2026-03-22,21,35099,원피스,111100
애플그린,google,2026-03-29,20,33427,원피스,111100
애플그린,google,2026-04-05,19,31756,원피스,111100
애플그린,google,2026-04-12,25,41784,원피스,111100
애플그린,google,2026-04-19,19,31756,원피스,111100
애플그린,google,2026-04-26,23,38441,원피스,111100
애플그린,google,2026-05-03,25,41784,원피스,111100
애플그린,google,2026-05-10,23,38441,원피스,111100
애플그린,google,2026-05-17,31,51813,원피스,111100
애플그린,google,2026-05-24,33,55155,원피스,111100
애플그린,google,2026-05-31,31,51813,원피스,111100
애플그린,google,2026-06-07,26,43456,원피스,111100
애플그린,google,2026-06-14,25,41784,원피스,111100
애플그린,google,2026-06-21,27,45127,원피스,111100
애플그린,google,2026-06-28,23,38441,원피스,111100
애플그린,google,2026-07-05,21,35099,원피스,111100
애플그린,google,2026-07-12,32,53484,원피스,111100
애플그린,google,2026-07-19,26,43456,원피스,111100
애플그린,google,2026-07-26,26,43456,원피스,111100
애플그린,google,2026-08-02,21,35099,원피스,111100
애플그린,google,2026-08-09,19,31756,원피스,111100
애플그린,google,2026-08-16,22,36770,원피스,111100
애플그린,google,2026-08-23,23,38441,원피스,111100
애플그린,google,2026-08-30,22,36770,원피스,111100
애플그린,google,2026-09-06,21,35099,원피스,111100
애플그린,google,2026-09-13,21,35099,원피스,111100
체리레드,google,2025-09-14,0,0,원피스,111100
체리레드,google,2025-09-21,0,0,원피스,111100
체리레드,google,2025-09-28,0,0,원피스,111100
체리레드,google,2025-10-05,0,0,원피스,111100
체리레드,google,2025-10-12,0,0,원피스,111100
체리레드,google,2025-10-19,0,0,원피스,111100
체리레드,google,2025-10-26,0,0,원피스,111100
체리레드,google,2025-11-02,0,0,원피스,111100
체리레드,google,2025-11-09,0,0,원피스,111100
체리레드,google,2025-11-16,0,0,원피스,111100
체리레드,google,2025-11-23,0,0,원피스,111100
체리레드,google,2025-11-30,0,0,원피스,111100
체리레드,google,2025-12-07,0,0,원피스,111100
체리레드,google,2025-12-14,0,0,원피스,111100
체리레드,google,2025-12-21,0,0,원피스,111100
체리레드,google,2025-12-28,5,8356,원피스,111100
체리레드,google,2026-01-04,0,0,원피스,111100
체리레드,google,2026-01-11,0,0,원피스,111100
체리레드,google,2026-01-18,0,0,원피스,111100
체리레드,google,2026-01-25,0,0,원피스,111100
체리레드,google,2026-02-01,0,0,원피스,111100
체리레드,google,2026-02-08,4,6685,원피스,111100
체리레드,google,2026-02-15,0,0,원피스,111100
체리레드,google,2026-02-22,0,0,원피스,111100
체리레드,google,2026-03-01,0,0,원피스,111100
체리레드,google,2026-03-08,0,0,원피스,111100
체리레드,google,2026-03-15,0,0,원피스,111100
체리레드,google,2026-03-22,0,0,원피스,111100
체리레드,google,2026-03-29,0,0,원피스,111100
체리레드,google,2026-04-05,0,0,원피스,111100
체리레드,google,2026-04-12,0,0,원피스,111100
체리레드,google,2026-04-19,0,0,원피스,111100
체리레드,google,2026-04-26,0,0,원피스,111100
체리레드,google,2026-05-03,0,0,원피스,111100
체리레드,google,2026-05-10,0,0,원피스,111100
체리레드,google,2026-05-17,0,0,원피스,111100
체리레드,google,2026-05-24,0,0,원피스,111100
체리레드,google,2026-05-31,0,0,원피스,111100
체리레드,google,2026-06-07,0,0,원피스,111100
체리레드,google,2026-06-14,0,0,원피스,111100
체리레드,google,2026-06-21,0,0,원피스,111100
체리레드,google,2026-06-28,0,0,원피스,111100
체리레드,google,2026-07-05,0,0,원피스,111100
체리레드,google,2026-07-12,0,0,원피스,111100
체리레드,google,2026-07-19,0,0,원피스,111100
체리레드,google,2026-07-26,0,0,원피스,111100
체리레드,google,2026-08-02,0,0,원피스,111100
체리레드,google,2026-08-09,0,0,원피스,111100
체리레드,google,2026-08-16,0,0,원피스,111100
체리레드,google,2026-08-23,0,0,원피스,111100
체리레드,google,2026-08-30,2,3342,원피스,111100
체리레드,google,2026-09-06,2,3342,원피스,111100
체리레드,google,2026-09-13,2,3342,원피스,111100
체리핑크,google,2025-09-14,0,0,원피스,111100
체리핑크,google,2025-09-21,0,0,원피스,111100
체리핑크,google,2025-09-28,0,0,원피스,111100
체리핑크,google,2025-10-05,0,0,원피스,111100
체리핑크,google,2025-10-12,0,0,원피스,111100
체리핑크,google,2025-10-19,0,0,원피스,111100
체리핑크,google,2025-10-26,0,0,원피스,111100
체리핑크,google,2025-11-02,0,0,원피스,111100
체리핑크,google,2025-11-09,0,0,원피스,111100
체리핑크,google,2025-11-16,0,0,원피스,111100
체리핑크,google,2025-11-23,0,0,원피스,111100
체리핑크,google,2025-11-30,0,0,원피스,111100
체리핑크,google,2025-12-07,0,0,원피스,111100
체리핑크,google,2025-12-14,0,0,원피스,111100
체리핑크,google,2025-12-21,0,0,원피스,111100
체리핑크,google,2025-12-28,0,0,원피스,111100
체리핑크,google,2026-01-04,0,0,원피스,111100
체리핑크,google,2026-01-11,0,0,원피스,111100
체리핑크,google,2026-01-18,0,0,원피스,111100
체리핑크,google,2026-01-25,0,0,원피스,111100
체리핑크,google,2026-02-01,0,0,원피스,111100
체리핑크,google,2026-02-08,0,0,원피스,111100
체리핑크,google,2026-02-15,0,0,원피스,111100
체리핑크,google,2026-02-22,0,0,원피스,111100
체리핑크,google,2026-03-01,0,0,원피스,111100
체리핑크,google,2026-03-08,0,0,원피스,111100
체리핑크,google,2026-03-15,0,0,원피스,111100
체리핑크,google,2026-03-22,0,0,원피스,111100
체리핑크,google,2026-03-29,0,0,원피스,111100
체리핑크,google,2026-04-05,0,0,원피스,111100
체리핑크,google,2026-04-12,0,0,원피스,111100
체리핑크,google,2026-04-19,0,0,원피스,111100
체리핑크,google,2026-04-26,0,0,원피스,111100
체리핑크,google,2026-05-03,0,0,원피스,111100
체리핑크,google,2026-05-10,0,0,원피스,111100
체리핑크,google,2026-05-17,0,0,원피스,111100
체리핑크,google,2026-05-24,0,0,원피스,111100
체리핑크,google,2026-05-31,0,0,원피스,111100
체리핑크,google,2026-06-07,0,0,원피스,111100
체리핑크,google,2026-06-14,0,0,원피스,111100
체리핑크,google,2026-06-21,0,0,원피스,111100
체리핑크,google,2026-06-28,0,0,원피스,111100
체리핑크,google,2026-07-05,0,0,원피스,111100
체리핑크,google,2026-07-12,0,0,원피스,111100
체리핑크,google,2026-07-19,0,0,원피스,111100
체리핑크,google,2026-07-26,0,0,원피스,111100
체리핑크,google,2026-08-02,0,0,원피스,111100
체리핑크,google,2026-08-09,0,0,원피스,111100
체리핑크,google,2026-08-16,0,0,원피스,111100
체리핑크,google,2026-08-23,0,0,원피스,111100
체리핑크,google,2026-08-30,1,1671,원피스,111100
체리핑크,google,2026-09-06,1,1671,원피스,111100
체리핑크,google,2026-09-13,0,0,원피스,111100
레몬옐로우,google,2025-09-14,0,0,원피스,111100
레몬옐로우,google,2025-09-21,0,0,원피스,111100
레몬옐로우,google,2025-09-28,0,0,원피스,111100
레몬옐로우,google,2025-10-05,0,0,원피스,111100
레몬옐로우,google,2025-10-12,0,0,원피스,111100
레몬옐로우,google,2025-10-19,0,0,원피스,111100
레몬옐로우,google,2025-10-26,0,0,원피스,111100
레몬옐로우,google,2025-11-02,0,0,원피스,111100
레몬옐로우,google,2025-11-09,0,0,원피스,111100
레몬옐로우,google,2025-11-16,0,0,원피스,111100
레몬옐로우,google,2025-11-23,0,0,원피스,111100
레몬옐로우,google,2025-11-30,0,0,원피스,111100
레몬옐로우,google,2025-12-07,0,0,원피스,111100
레몬옐로우,google,2025-12-14,0,0,원피스,111100
레몬옐로우,google,2025-12-21,100,167138,원피스,111100
레몬옐로우,google,2025-12-28,0,0,원피스,111100
레몬옐로우,google,2026-01-04,0,0,원피스,111100
레몬옐로우,google,2026-01-11,0,0,원피스,111100
레몬옐로우,google,2026-01-18,0,0,원피스,111100
레몬옐로우,google,2026-01-25,0,0,원피스,111100
레몬옐로우,google,2026-02-01,0,0,원피스,111100
레몬옐로우,google,2026-02-08,0,0,원피스,111100
레몬옐로우,google,2026-02-15,0,0,원피스,111100
레몬옐로우,google,2026-02-22,0,0,원피스,111100
레몬옐로우,google,2026-03-01,0,0,원피스,111100
레몬옐로우,google,2026-03-08,0,0,원피스,111100
레몬옐로우,google,2026-03-15,0,0,원피스,111100
레몬옐로우,google,2026-03-22,0,0,원피스,111100
레몬옐로우,google,2026-03-29,0,0,원피스,111100
레몬옐로우,google,2026-04-05,0,0,원피스,111100
레몬옐로우,google,2026-04-12,0,0,원피스,111100
레몬옐로우,google,2026-04-19,0,0,원피스,111100
레몬옐로우,google,2026-04-26,0,0,원피스,111100
레몬옐로우,google,2026-05-03,0,0,원피스,111100
레몬옐로우,google,2026-05-10,0,0,원피스,111100
레몬옐로우,google,2026-05-17,0,0,원피스,111100
레몬옐로우,google,2026-05-24,0,0,원피스,111100
레몬옐로우,google,2026-05-31,0,0,원피스,111100
레몬옐로우,google,2026-06-07,0,0,원피스,111100
레몬옐로우,google,2026-06-14,0,0,원피스,111100
레몬옐로우,google,2026-06-21,0,0,원피스,111100
레몬옐로우,google,2026-06-28,0,0,원피스,111100
레몬옐로우,google,2026-07-05,0,0,원피스,111100
레몬옐로우,google,2026-07-12,0,0,원피스,111100
레몬옐로우,google,2026-07-19,0,0,원피스,111100
레몬옐로우,google,2026-07-26,0,0,원피스,111100
레몬옐로우,google,2026-08-02,0,0,원피스,111100
레몬옐로우,google,2026-08-09,0,0,원피스,111100
레몬옐로우,google,2026-08-16,0,0,원피스,111100
레몬옐로우,google,2026-08-23,0,0,원피스,111100
레몬옐로우,google,2026-08-30,0,0,원피스,111100
레몬옐로우,google,2026-09-06,8,13371,원피스,111100
레몬옐로우,google,2026-09-13,0,0,원피스,111100
선셋오렌지,google,2025-09-14,0,0,원피스,111100
선셋오렌지,google,2025-09-21,0,0,원피스,111100
선셋오렌지,google,2025-09-28,0,0,원피스,111100
선셋오렌지,google,2025-10-05,0,0,원피스,111100
선셋오렌지,google,2025-10-12,0,0,원피스,111100
선셋오렌지,google,2025-10-19,0,0,원피스,111100
선셋오렌지,google,2025-10-26,0,0,원피스,111100
선셋오렌지,google,2025-11-02,0,0,원피스,111100
선셋오렌지,google,2025-11-09,0,0,원피스,111100
선셋오렌지,google,2025-11-16,0,0,원피스,111100
선셋오렌지,google,2025-11-23,0,0,원피스,111100
선셋오렌지,google,2025-11-30,0,0,원피스,111100
선셋오렌지,google,2025-12-07,0,0,원피스,111100
선셋오렌지,google,2025-12-14,0,0,원피스,111100
선셋오렌지,google,2025-12-21,0,0,원피스,111100
선셋오렌지,google,2025-12-28,0,0,원피스,111100
선셋오렌지,google,2026-01-04,0,0,원피스,111100
선셋오렌지,google,2026-01-11,0,0,원피스,111100
선셋오렌지,google,2026-01-18,0,0,원피스,111100
선셋오렌지,google,2026-01-25,0,0,원피스,111100
선셋오렌지,google,2026-02-01,0,0,원피스,111100
선셋오렌지,google,2026-02-08,0,0,원피스,111100
선셋오렌지,google,2026-02-15,0,0,원피스,111100
선셋오렌지,google,2026-02-22,0,0,원피스,111100
선셋오렌지,google,2026-03-01,0,0,원피스,111100
선셋오렌지,google,2026-03-08,0,0,원피스,111100
선셋오렌지,google,2026-03-15,0,0,원피스,111100
선셋오렌지,google,2026-03-22,0,0,원피스,111100
선셋오렌지,google,2026-03-29,0,0,원피스,111100
선셋오렌지,google,2026-04-05,0,0,원피스,111100
선셋오렌지,google,2026-04-12,0,0,원피스,111100
선셋오렌지,google,2026-04-19,0,0,원피스,111100
선셋오렌지,google,2026-04-26,0,0,원피스,111100
선셋오렌지,google,2026-05-03,0,0,원피스,111100
선셋오렌지,google,2026-05-10,0,0,원피스,111100
선셋오렌지,google,2026-05-17,0,0,원피스,111100
선셋오렌지,google,2026-05-24,0,0,원피스,111100
선셋오렌지,google,2026-05-31,0,0,원피스,111100
선셋오렌지,google,2026-06-07,0,0,원피스,111100
선셋오렌지,google,2026-06-14,0,0,원피스,111100
선셋오렌지,google,2026-06-21,0,0,원피스,111100
선셋오렌지,google,2026-06-28,0,0,원피스,111100
선셋오렌지,google,2026-07-05,0,0,원피스,111100
선셋오렌지,google,2026-07-12,0,0,원피스,111100
선셋오렌지,google,2026-07-19,0,0,원피스,111100
선셋오렌지,google,2026-07-26,0,0,원피스,111100
선셋오렌지,google,2026-08-02,0,0,원피스,111100
선셋오렌지,google,2026-08-09,0,0,원피스,111100
선셋오렌지,google,2026-08-16,0,0,원피스,111100
선셋오렌지,google,2026-08-23,0,0,원피스,111100
선셋오렌지,google,2026-08-30,0,0,원피스,111100
선셋오렌지,google,2026-09-06,0,0,원피스,111100
선셋오렌지,google,2026-09-13,0,0,원피스,111100
토마토레드,google,2025-09-14,0,0,원피스,111100
토마토레드,google,2025-09-21,0,0,원피스,111100
토마토레드,google,2025-09-28,0,0,원피스,111100
토마토레드,google,2025-10-05,0,0,원피스,111100
토마토레드,google,2025-10-12,0,0,원피스,111100
토마토레드,google,2025-10-19,0,0,원피스,111100
토마토레드,google,2025-10-26,0,0,원피스,111100
토마토레드,google,2025-11-02,0,0,원피스,111100
토마토레드,google,2025-11-09,0,0,원피스,111100
토마토레드,google,2025-11-16,0,0,원피스,111100
토마토레드,google,2025-11-23,0,0,원피스,111100
토마토레드,google,2025-11-30,0,0,원피스,111100
토마토레드,google,2025-12-07,0,0,원피스,111100
토마토레드,google,2025-12-14,0,0,원피스,111100
토마토레드,google,2025-12-21,0,0,원피스,111100
토마토레드,google,2025-12-28,0,0,원피스,111100
토마토레드,google,2026-01-04,0,0,원피스,111100
토마토레드,google,2026-01-11,0,0,원피스,111100
토마토레드,google,2026-01-18,0,0,원피스,111100
토마토레드,google,2026-01-25,0,0,원피스,111100
토마토레드,google,2026-02-01,0,0,원피스,111100
토마토레드,google,2026-02-08,0,0,원피스,111100
토마토레드,google,2026-02-15,0,0,원피스,111100
토마토레드,google,2026-02-22,0,0,원피스,111100
토마토레드,google,2026-03-01,0,0,원피스,111100
토마토레드,google,2026-03-08,0,0,원피스,111100
토마토레드,google,2026-03-15,0,0,원피스,111100
토마토레드,google,2026-03-22,0,0,원피스,111100
토마토레드,google,2026-03-29,0,0,원피스,111100
토마토레드,google,2026-04-05,0,0,원피스,111100
토마토레드,google,2026-04-12,0,0,원피스,111100
토마토레드,google,2026-04-19,0,0,원피스,111100
토마토레드,google,2026-04-26,0,0,원피스,111100
토마토레드,google,2026-05-03,0,0,원피스,111100
토마토레드,google,2026-05-10,0,0,원피스,111100
토마토레드,google,2026-05-17,0,0,원피스,111100
토마토레드,google,2026-05-24,0,0,원피스,111100
토마토레드,google,2026-05-31,0,0,원피스,111100
토마토레드,google,2026-06-07,0,0,원피스,111100
토마토레드,google,2026-06-14,0,0,원피스,111100
토마토레드,google,2026-06-21,0,0,원피스,111100
토마토레드,google,2026-06-28,0,0,원피스,111100
토마토레드,google,2026-07-05,0,0,원피스,111100
토마토레드,google,2026-07-12,0,0,원피스,111100
토마토레드,google,2026-07-19,0,0,원피스,111100
토마토레드,google,2026-07-26,0,0,원피스,111100
토마토레드,google,2026-08-02,0,0,원피스,111100
토마토레드,google,2026-08-09,0,0,원피스,111100
토마토레드,google,2026-08-16,0,0,원피스,111100
토마토레드,google,2026-08-23,0,0,원피스,111100
토마토레드,google,2026-08-30,19,31756,원피스,111100
토마토레드,google,2026-09-06,14,23399,원피스,111100
토마토레드,google,2026-09-13,0,0,원피스,111100
워터멜론핑크,google,2025-09-14,0,0,원피스,111100
워터멜론핑크,google,2025-09-21,0,0,원피스,111100
워터멜론핑크,google,2025-09-28,0,0,원피스,111100
워터멜론핑크,google,2025-10-05,0,0,원피스,111100
워터멜론핑크,google,2025-10-12,0,0,원피스,111100
워터멜론핑크,google,2025-10-19,0,0,원피스,111100
워터멜론핑크,google,2025-10-26,0,0,원피스,111100
워터멜론핑크,google,2025-11-02,0,0,원피스,111100
워터멜론핑크,google,2025-11-09,0,0,원피스,111100
워터멜론핑크,google,2025-11-16,0,0,원피스,111100
워터멜론핑크,google,2025-11-23,0,0,원피스,111100
워터멜론핑크,google,2025-11-30,0,0,원피스,111100
워터멜론핑크,google,2025-12-07,0,0,원피스,111100
워터멜론핑크,google,2025-12-14,0,0,원피스,111100
워터멜론핑크,google,2025-12-21,0,0,원피스,111100
워터멜론핑크,google,2025-12-28,0,0,원피스,111100
워터멜론핑크,google,2026-01-04,0,0,원피스,111100
워터멜론핑크,google,2026-01-11,0,0,원피스,111100
워터멜론핑크,google,2026-01-18,0,0,원피스,111100
워터멜론핑크,google,2026-01-25,0,0,원피스,111100
워터멜론핑크,google,2026-02-01,0,0,원피스,111100
워터멜론핑크,google,2026-02-08,0,0,원피스,111100
워터멜론핑크,google,2026-02-15,0,0,원피스,111100
워터멜론핑크,google,2026-02-22,0,0,원피스,111100
워터멜론핑크,google,2026-03-01,0,0,원피스,111100
워터멜론핑크,google,2026-03-08,0,0,원피스,111100
워터멜론핑크,google,2026-03-15,0,0,원피스,111100
워터멜론핑크,google,2026-03-22,0,0,원피스,111100
워터멜론핑크,google,2026-03-29,0,0,원피스,111100
워터멜론핑크,google,2026-04-05,0,0,원피스,111100
워터멜론핑크,google,2026-04-12,0,0,원피스,111100
워터멜론핑크,google,2026-04-19,0,0,원피스,111100
워터멜론핑크,google,2026-04-26,0,0,원피스,111100
워터멜론핑크,google,2026-05-03,0,0,원피스,111100
워터멜론핑크,google,2026-05-10,0,0,원피스,111100
워터멜론핑크,google,2026-05-17,0,0,원피스,111100
워터멜론핑크,google,2026-05-24,0,0,원피스,111100
워터멜론핑크,google,2026-05-31,0,0,원피스,111100
워터멜론핑크,google,2026-06-07,0,0,원피스,111100
워터멜론핑크,google,2026-06-14,0,0,원피스,111100
워터멜론핑크,google,2026-06-21,0,0,원피스,111100
워터멜론핑크,google,2026-06-28,0,0,원피스,111100
워터멜론핑크,google,2026-07-05,0,0,원피스,111100
워터멜론핑크,google,2026-07-12,0,0,원피스,111100
워터멜론핑크,google,2026-07-19,0,0,원피스,111100
워터멜론핑크,google,2026-07-26,0,0,원피스,111100
워터멜론핑크,google,2026-08-02,0,0,원피스,111100
워터멜론핑크,google,2026-08-09,0,0,원피스,111100
워터멜론핑크,google,2026-08-16,0,0,원피스,111100
워터멜론핑크,google,2026-08-23,0,0,원피스,111100
워터멜론핑크,google,2026-08-30,0,0,원피스,111100
워터멜론핑크,google,2026-09-06,0,0,원피스,111100
워터멜론핑크,google,2026-09-13,0,0,원피스,111100
카나리아옐로우,google,2025-09-14,0,0,원피스,111100
카나리아옐로우,google,2025-09-21,0,0,원피스,111100
카나리아옐로우,google,2025-09-28,0,0,원피스,111100
카나리아옐로우,google,2025-10-05,0,0,원피스,111100
카나리아옐로우,google,2025-10-12,0,0,원피스,111100
카나리아옐로우,google,2025-10-19,0,0,원피스,111100
카나리아옐로우,google,2025-10-26,0,0,원피스,111100
카나리아옐로우,google,2025-11-02,0,0,원피스,111100
카나리아옐로우,google,2025-11-09,0,0,원피스,111100
카나리아옐로우,google,2025-11-16,0,0,원피스,111100
카나리아옐로우,google,2025-11-23,0,0,원피스,111100
카나리아옐로우,google,2025-11-30,0,0,원피스,111100
카나리아옐로우,google,2025-12-07,0,0,원피스,111100
카나리아옐로우,google,2025-12-14,0,0,원피스,111100
카나리아옐로우,google,2025-12-21,0,0,원피스,111100
카나리아옐로우,google,2025-12-28,0,0,원피스,111100
카나리아옐로우,google,2026-01-04,0,0,원피스,111100
카나리아옐로우,google,2026-01-11,0,0,원피스,111100
카나리아옐로우,google,2026-01-18,0,0,원피스,111100
카나리아옐로우,google,2026-01-25,0,0,원피스,111100
카나리아옐로우,google,2026-02-01,0,0,원피스,111100
카나리아옐로우,google,2026-02-08,0,0,원피스,111100
카나리아옐로우,google,2026-02-15,0,0,원피스,111100
카나리아옐로우,google,2026-02-22,0,0,원피스,111100
카나리아옐로우,google,2026-03-01,0,0,원피스,111100
카나리아옐로우,google,2026-03-08,0,0,원피스,111100
카나리아옐로우,google,2026-03-15,0,0,원피스,111100
카나리아옐로우,google,2026-03-22,0,0,원피스,111100
카나리아옐로우,google,2026-03-29,0,0,원피스,111100
카나리아옐로우,google,2026-04-05,0,0,원피스,111100
카나리아옐로우,google,2026-04-12,0,0,원피스,111100
카나리아옐로우,google,2026-04-19,0,0,원피스,111100
카나리아옐로우,google,2026-04-26,0,0,원피스,111100
카나리아옐로우,google,2026-05-03,0,0,원피스,111100
카나리아옐로우,google,2026-05-10,0,0,원피스,111100
카나리아옐로우,google,2026-05-17,0,0,원피스,111100
카나리아옐로우,google,2026-05-24,0,0,원피스,111100
카나리아옐로우,google,2026-05-31,0,0,원피스,111100
카나리아옐로우,google,2026-06-07,0,0,원피스,111100
카나리아옐로우,google,2026-06-14,0,0,원피스,111100
카나리아옐로우,google,2026-06-21,0,0,원피스,111100
카나리아옐로우,google,2026-06-28,0,0,원피스,111100
카나리아옐로우,google,2026-07-05,0,0,원피스,111100
카나리아옐로우,google,2026-07-12,0,0,원피스,111100
카나리아옐로우,google,2026-07-19,0,0,원피스,111100
카나리아옐로우,google,2026-07-26,0,0,원피스,111100
카나리아옐로우,google,2026-08-02,0,0,원피스,111100
카나리아옐로우,google,2026-08-09,0,0,원피스,111100
카나리아옐로우,google,2026-08-16,0,0,원피스,111100
카나리아옐로우,google,2026-08-23,0,0,원피스,111100
카나리아옐로우,google,2026-08-30,0,0,원피스,111100
카나리아옐로우,google,2026-09-06,0,0,원피스,111100
카나리아옐로우,google,2026-09-13,0,0,원피스,111100
살몬,google,2025-09-14,1,1671,원피스,111100
살몬,google,2025-09-21,0,0,원피스,111100
살몬,google,2025-09-28,2,3342,원피스,111100
살몬,google,2025-10-05,1,1671,원피스,111100
살몬,google,2025-10-12,1,1671,원피스,111100
살몬,google,2025-10-19,2,3342,원피스,111100
살몬,google,2025-10-26,1,1671,원피스,111100
살몬,google,2025-11-02,2,3342,원피스,111100
살몬,google,2025-11-09,1,1671,원피스,111100
살몬,google,2025-11-16,1,1671,원피스,111100
살몬,google,2025-11-23,1,1671,원피스,111100
살몬,google,2025-11-30,2,3342,원피스,111100
살몬,google,2025-12-07,1,1671,원피스,111100
살몬,google,2025-12-14,1,1671,원피스,111100
살몬,google,2025-12-21,1,1671,원피스,111100
살몬,google,2025-12-28,1,1671,원피스,111100
살몬,google,2026-01-04,1,1671,원피스,111100
살몬,google,2026-01-11,0,0,원피스,111100
살몬,google,2026-01-18,1,1671,원피스,111100
살몬,google,2026-01-25,1,1671,원피스,111100
살몬,google,2026-02-01,2,3342,원피스,111100
살몬,google,2026-02-08,1,1671,원피스,111100
살몬,google,2026-02-15,1,1671,원피스,111100
살몬,google,2026-02-22,1,1671,원피스,111100
살몬,google,2026-03-01,1,1671,원피스,111100
살몬,google,2026-03-08,1,1671,원피스,111100
살몬,google,2026-03-15,1,1671,원피스,111100
살몬,google,2026-03-22,2,3342,원피스,111100
살몬,google,2026-03-29,1,1671,원피스,111100
살몬,google,2026-04-05,1,1671,원피스,111100
살몬,google,2026-04-12,1,1671,원피스,111100
살몬,google,2026-04-19,1,1671,원피스,111100
살몬,google,2026-04-26,1,1671,원피스,111100
살몬,google,2026-05-03,1,1671,원피스,111100
살몬,google,2026-05-10,1,1671,원피스,111100
살몬,google,2026-05-17,1,1671,원피스,111100
살몬,google,2026-05-24,1,1671,원피스,111100
살몬,google,2026-05-31,1,1671,원피스,111100
살몬,google,2026-06-07,0,0,원피스,111100
살몬,google,2026-06-14,1,1671,원피스,111100
살몬,google,2026-06-21,1,1671,원피스,111100
살몬,google,2026-06-28,1,1671,원피스,111100
살몬,google,2026-07-05,1,1671,원피스,111100
살몬,google,2026-07-12,1,1671,원피스,111100
살몬,google,2026-07-19,0,0,원피스,111100
살몬,google,2026-07-26,1,1671,원피스,111100
살몬,google,2026-08-02,1,1671,원피스,111100
살몬,google,2026-08-09,1,1671,원피스,111100
살몬,google,2026-08-16,1,1671,원피스,111100
살몬,google,2026-08-23,1,1671,원피스,111100
살몬,google,2026-08-30,1,1671,원피스,111100
살몬,google,2026-09-06,1,1671,원피스,111100
살몬,google,2026-09-13,1,1671,원피스,111100
피치,google,2025-09-14,29,48470,원피스,111100
피치,google,2025-09-21,27,45127,원피스,111100
피치,google,2025-09-28,26,43456,원피스,111100
피치,google,2025-10-05,26,43456,원피스,111100
피치,google,2025-10-12,26,43456,원피스,111100
피치,google,2025-10-19,25,41784,원피스,111100
피치,google,2025-10-26,26,43456,원피스,111100
피치,google,2025-11-02,25,41784,원피스,111100
피치,google,2025-11-09,27,45127,원피스,111100
피치,google,2025-11-16,26,43456,원피스,111100
피치,google,2025-11-23,27,45127,원피스,111100
피치,google,2025-11-30,25,41784,원피스,111100
피치,google,2025-12-07,27,45127,원피스,111100
피치,google,2025-12-14,25,41784,원피스,111100
피치,google,2025-12-21,26,43456,원피스,111100
피치,google,2025-12-28,28,46798,원피스,111100
피치,google,2026-01-04,25,41784,원피스,111100
피치,google,2026-01-11,26,43456,원피스,111100
피치,google,2026-01-18,26,43456,원피스,111100
피치,google,2026-01-25,25,41784,원피스,111100
피치,google,2026-02-01,26,43456,원피스,111100
피치,google,2026-02-08,22,36770,원피스,111100
피치,google,2026-02-15,22,36770,원피스,111100
피치,google,2026-02-22,28,46798,원피스,111100
피치,google,2026-03-01,100,167138,원피스,111100
피치,google,2026-03-08,28,46798,원피스,111100
피치,google,2026-03-15,30,50141,원피스,111100
피치,google,2026-03-22,29,48470,원피스,111100
피치,google,2026-03-29,29,48470,원피스,111100
피치,google,2026-04-05,23,38441,원피스,111100
피치,google,2026-04-12,25,41784,원피스,111100
피치,google,2026-04-19,24,40113,원피스,111100
피치,google,2026-04-26,26,43456,원피스,111100
피치,google,2026-05-03,27,45127,원피스,111100
피치,google,2026-05-10,25,41784,원피스,111100
피치,google,2026-05-17,25,41784,원피스,111100
피치,google,2026-05-24,23,38441,원피스,111100
피치,google,2026-05-31,24,40113,원피스,111100
피치,google,2026-06-07,24,40113,원피스,111100
피치,google,2026-06-14,25,41784,원피스,111100
피치,google,2026-06-21,22,36770,원피스,111100
피치,google,2026-06-28,24,40113,원피스,111100
피치,google,2026-07-05,24,40113,원피스,111100
피치,google,2026-07-12,23,38441,원피스,111100
피치,google,2026-07-19,23,38441,원피스,111100
피치,google,2026-07-26,22,36770,원피스,111100
피치,google,2026-08-02,21,35099,원피스,111100
피치,google,2026-08-09,21,35099,원피스,111100
피치,google,2026-08-16,23,38441,원피스,111100
피치,google,2026-08-23,23,38441,원피스,111100
피치,google,2026-08-30,23,38441,원피스,111100
피치,google,2026-09-06,22,36770,원피스,111100
피치,google,2026-09-13,24,40113,원피스,111100
라벤더,google,2025-09-14,6,10028,원피스,111100
라벤더,google,2025-09-21,6,10028,원피스,111100
라벤더,google,2025-09-28,6,10028,원피스,111100
라벤더,google,2025-10-05,6,10028,원피스,111100
라벤더,google,2025-10-12,5,8356,원피스,111100
라벤더,google,2025-10-19,5,8356,원피스,111100
라벤더,google,2025-10-26,6,10028,원피스,111100
라벤더,google,2025-11-02,6,10028,원피스,111100
라벤더,google,2025-11-09,5,8356,원피스,111100
라벤더,google,2025-11-16,6,10028,원피스,111100
라벤더,google,2025-11-23,4,6685,원피스,111100
라벤더,google,2025-11-30,5,8356,원피스,111100
라벤더,google,2025-12-07,4,6685,원피스,111100
라벤더,google,2025-12-14,4,6685,원피스,111100
라벤더,google,2025-12-21,5,8356,원피스,111100
라벤더,google,2025-12-28,5,8356,원피스,111100
라벤더,google,2026-01-04,5,8356,원피스,111100
라벤더,google,2026-01-11,5,8356,원피스,111100
라벤더,google,2026-01-18,5,8356,원피스,111100
라벤더,google,2026-01-25,5,8356,원피스,111100
라벤더,google,2026-02-01,5,8356,원피스,111100
라벤더,google,2026-02-08,5,8356,원피스,111100
라벤더,google,2026-02-15,5,8356,원피스,111100
라벤더,google,2026-02-22,5,8356,원피스,111100
라벤더,google,2026-03-01,6,10028,원피스,111100
라벤더,google,2026-03-08,5,8356,원피스,111100
라벤더,google,2026-03-15,6,10028,원피스,111100
라벤더,google,2026-03-22,7,11699,원피스,111100
라벤더,google,2026-03-29,7,11699,원피스,111100
라벤더,google,2026-04-05,6,10028,원피스,111100
라벤더,google,2026-04-12,7,11699,원피스,111100
라벤더,google,2026-04-19,6,10028,원피스,111100
라벤더,google,2026-04-26,7,11699,원피스,111100
라벤더,google,2026-05-03,9,15042,원피스,111100
라벤더,google,2026-05-10,10,16713,원피스,111100
라벤더,google,2026-05-17,7,11699,원피스,111100
라벤더,google,2026-05-24,8,13371,원피스,111100
라벤더,google,2026-05-31,12,20056,원피스,111100
라벤더,google,2026-06-07,10,16713,원피스,111100
라벤더,google,2026-06-14,10,16713,원피스,111100
라벤더,google,2026-06-21,9,15042,원피스,111100
라벤더,google,2026-06-28,6,10028,원피스,111100
라벤더,google,2026-07-05,6,10028,원피스,111100
라벤더,google,2026-07-12,6,10028,원피스,111100
라벤더,google,2026-07-19,7,11699,원피스,111100
라벤더,google,2026-07-26,6,10028,원피스,111100
라벤더,google,2026-08-02,5,8356,원피스,111100
라벤더,google,2026-08-09,5,8356,원피스,111100
라벤더,google,2026-08-16,5,8356,원피스,111100
라벤더,google,2026-08-23,5,8356,원피스,111100
라벤더,google,2026-08-30,5,8356,원피스,111100
라벤더,google,2026-09-06,5,8356,원피스,111100
라벤더,google,2026-09-13,6,10028,원피스,111100
라일락,google,2025-09-14,4,6685,원피스,111100
라일락,google,2025-09-21,5,8356,원피스,111100
라일락,google,2025-09-28,4,6685,원피스,111100
라일락,google,2025-10-05,5,8356,원피스,111100
라일락,google,2025-10-12,4,6685,원피스,111100
라일락,google,2025-10-19,4,6685,원피스,111100
라일락,google,2025-10-26,5,8356,원피스,111100
라일락,google,2025-11-02,3,5014,원피스,111100
라일락,google,2025-11-09,4,6685,원피스,111100
라일락,google,2025-11-16,5,8356,원피스,111100
라일락,google,2025-11-23,4,6685,원피스,111100
라일락,google,2025-11-30,5,8356,원피스,111100
라일락,google,2025-12-07,4,6685,원피스,111100
라일락,google,2025-12-14,4,6685,원피스,111100
라일락,google,2025-12-21,4,6685,원피스,111100
라일락,google,2025-12-28,5,8356,원피스,111100
라일락,google,2026-01-04,4,6685,원피스,111100
라일락,google,2026-01-11,5,8356,원피스,111100
라일락,google,2026-01-18,4,6685,원피스,111100
라일락,google,2026-01-25,5,8356,원피스,111100
라일락,google,2026-02-01,5,8356,원피스,111100
라일락,google,2026-02-08,4,6685,원피스,111100
라일락,google,2026-02-15,4,6685,원피스,111100
라일락,google,2026-02-22,5,8356,원피스,111100
라일락,google,2026-03-01,4,6685,원피스,111100
라일락,google,2026-03-08,4,6685,원피스,111100
라일락,google,2026-03-15,4,6685,원피스,111100
라일락,google,2026-03-22,6,10028,원피스,111100
라일락,google,2026-03-29,6,10028,원피스,111100
라일락,google,2026-04-05,7,11699,원피스,111100
라일락,google,2026-04-12,11,18385,원피스,111100
라일락,google,2026-04-19,8,13371,원피스,111100
라일락,google,2026-04-26,7,11699,원피스,111100
라일락,google,2026-05-03,7,11699,원피스,111100
라일락,google,2026-05-10,5,8356,원피스,111100
라일락,google,2026-05-17,5,8356,원피스,111100
라일락,google,2026-05-24,4,6685,원피스,111100
라일락,google,2026-05-31,4,6685,원피스,111100
라일락,google,2026-06-07,5,8356,원피스,111100
라일락,google,2026-06-14,4,6685,원피스,111100
라일락,google,2026-06-21,4,6685,원피스,111100
라일락,google,2026-06-28,4,6685,원피스,111100
라일락,google,2026-07-05,3,5014,원피스,111100
라일락,google,2026-07-12,4,6685,원피스,111100
라일락,google,2026-07-19,3,5014,원피스,111100
라일락,google,2026-07-26,4,6685,원피스,111100
라일락,google,2026-08-02,4,6685,원피스,111100
라일락,google,2026-08-09,4,6685,원피스,111100
라일락,google,2026-08-16,3,5014,원피스,111100
라일락,google,2026-08-23,4,6685,원피스,111100
라일락,google,2026-08-30,4,6685,원피스,111100
라일락,google,2026-09-06,4,6685,원피스,111100
라일락,google,2026-09-13,5,8356,원피스,111100
애프리콧,google,2025-09-14,0,0,원피스,111100
애프리콧,google,2025-09-21,0,0,원피스,111100
애프리콧,google,2025-09-28,0,0,원피스,111100
애프리콧,google,2025-10-05,0,0,원피스,111100
애프리콧,google,2025-10-12,0,0,원피스,111100
애프리콧,google,2025-10-19,0,0,원피스,111100
애프리콧,google,2025-10-26,0,0,원피스,111100
애프리콧,google,2025-11-02,1,1671,원피스,111100
애프리콧,google,2025-11-09,0,0,원피스,111100
애프리콧,google,2025-11-16,0,0,원피스,111100
애프리콧,google,2025-11-23,0,0,원피스,111100
애프리콧,google,2025-11-30,1,1671,원피스,111100
애프리콧,google,2025-12-07,0,0,원피스,111100
애프리콧,google,2025-12-14,0,0,원피스,111100
애프리콧,google,2025-12-21,0,0,원피스,111100
애프리콧,google,2025-12-28,0,0,원피스,111100
애프리콧,google,2026-01-04,0,0,원피스,111100
애프리콧,google,2026-01-11,0,0,원피스,111100
애프리콧,google,2026-01-18,0,0,원피스,111100
애프리콧,google,2026-01-25,0,0,원피스,111100
애프리콧,google,2026-02-01,0,0,원피스,111100
애프리콧,google,2026-02-08,0,0,원피스,111100
애프리콧,google,2026-02-15,0,0,원피스,111100
애프리콧,google,2026-02-22,1,1671,원피스,111100
애프리콧,google,2026-03-01,0,0,원피스,111100
애프리콧,google,2026-03-08,0,0,원피스,111100
애프리콧,google,2026-03-15,0,0,원피스,111100
애프리콧,google,2026-03-22,0,0,원피스,111100
애프리콧,google,2026-03-29,0,0,원피스,111100
애프리콧,google,2026-04-05,0,0,원피스,111100
애프리콧,google,2026-04-12,0,0,원피스,111100
애프리콧,google,2026-04-19,0,0,원피스,111100
애프리콧,google,2026-04-26,0,0,원피스,111100
애프리콧,google,2026-05-03,0,0,원피스,111100
애프리콧,google,2026-05-10,0,0,원피스,111100
애프리콧,google,2026-05-17,0,0,원피스,111100
애프리콧,google,2026-05-24,0,0,원피스,111100
애프리콧,google,2026-05-31,0,0,원피스,111100
애프리콧,google,2026-06-07,0,0,원피스,111100
애프리콧,google,2026-06-14,0,0,원피스,111100
애프리콧,google,2026-06-21,0,0,원피스,111100
애프리콧,google,2026-06-28,0,0,원피스,111100
애프리콧,google,2026-07-05,0,0,원피스,111100
애프리콧,google,2026-07-12,0,0,원피스,111100
애프리콧,google,2026-07-19,0,0,원피스,111100
애프리콧,google,2026-07-26,0,0,원피스,111100
애프리콧,google,2026-08-02,0,0,원피스,111100
애프리콧,google,2026-08-09,0,0,원피스,111100
애프리콧,google,2026-08-16,0,0,원피스,111100
애프리콧,google,2026-08-23,0,0,원피스,111100
애프리콧,google,2026-08-30,0,0,원피스,111100
애프리콧,google,2026-09-06,0,0,원피스,111100
애프리콧,google,2026-09-13,0,0,원피스,111100
페리윙클,google,2025-09-14,78,130368,원피스,111100
페리윙클,google,2025-09-21,0,0,원피스,111100
페리윙클,google,2025-09-28,0,0,원피스,111100
페리윙클,google,2025-10-05,0,0,원피스,111100
페리윙클,google,2025-10-12,0,0,원피스,111100
페리윙클,google,2025-10-19,0,0,원피스,111100
페리윙클,google,2025-10-26,0,0,원피스,111100
페리윙클,google,2025-11-02,0,0,원피스,111100
페리윙클,google,2025-11-09,0,0,원피스,111100
페리윙클,google,2025-11-16,0,0,원피스,111100
페리윙클,google,2025-11-23,0,0,원피스,111100
페리윙클,google,2025-11-30,0,0,원피스,111100
페리윙클,google,2025-12-07,0,0,원피스,111100
페리윙클,google,2025-12-14,0,0,원피스,111100
페리윙클,google,2025-12-21,0,0,원피스,111100
페리윙클,google,2025-12-28,0,0,원피스,111100
페리윙클,google,2026-01-04,0,0,원피스,111100
페리윙클,google,2026-01-11,0,0,원피스,111100
페리윙클,google,2026-01-18,0,0,원피스,111100
페리윙클,google,2026-01-25,0,0,원피스,111100
페리윙클,google,2026-02-01,0,0,원피스,111100
페리윙클,google,2026-02-08,0,0,원피스,111100
페리윙클,google,2026-02-15,0,0,원피스,111100
페리윙클,google,2026-02-22,0,0,원피스,111100
페리윙클,google,2026-03-01,0,0,원피스,111100
페리윙클,google,2026-03-08,0,0,원피스,111100
페리윙클,google,2026-03-15,0,0,원피스,111100
페리윙클,google,2026-03-22,0,0,원피스,111100
페리윙클,google,2026-03-29,0,0,원피스,111100
페리윙클,google,2026-04-05,0,0,원피스,111100
페리윙클,google,2026-04-12,0,0,원피스,111100
페리윙클,google,2026-04-19,0,0,원피스,111100
페리윙클,google,2026-04-26,0,0,원피스,111100
페리윙클,google,2026-05-03,0,0,원피스,111100
페리윙클,google,2026-05-10,0,0,원피스,111100
페리윙클,google,2026-05-17,0,0,원피스,111100
페리윙클,google,2026-05-24,0,0,원피스,111100
페리윙클,google,2026-05-31,0,0,원피스,111100
페리윙클,google,2026-06-07,0,0,원피스,111100
페리윙클,google,2026-06-14,0,0,원피스,111100
페리윙클,google,2026-06-21,0,0,원피스,111100
페리윙클,google,2026-06-28,0,0,원피스,111100
페리윙클,google,2026-07-05,0,0,원피스,111100
페리윙클,google,2026-07-12,0,0,원피스,111100
페리윙클,google,2026-07-19,0,0,원피스,111100
페리윙클,google,2026-07-26,0,0,원피스,111100
페리윙클,google,2026-08-02,0,0,원피스,111100
페리윙클,google,2026-08-09,0,0,원피스,111100
페리윙클,google,2026-08-16,0,0,원피스,111100
페리윙클,google,2026-08-23,0,0,원피스,111100
페리윙클,google,2026-08-30,12,20056,원피스,111100
페리윙클,google,2026-09-06,18,30084,원피스,111100
페리윙클,google,2026-09-13,0,0,원피스,111100
더스티핑크,google,2025-09-14,0,0,원피스,111100
더스티핑크,google,2025-09-21,0,0,원피스,111100
더스티핑크,google,2025-09-28,0,0,원피스,111100
더스티핑크,google,2025-10-05,0,0,원피스,111100
더스티핑크,google,2025-10-12,0,0,원피스,111100
더스티핑크,google,2025-10-19,0,0,원피스,111100
더스티핑크,google,2025-10-26,0,0,원피스,111100
더스티핑크,google,2025-11-02,0,0,원피스,111100
더스티핑크,google,2025-11-09,0,0,원피스,111100
더스티핑크,google,2025-11-16,0,0,원피스,111100
더스티핑크,google,2025-11-23,0,0,원피스,111100
더스티핑크,google,2025-11-30,0,0,원피스,111100
더스티핑크,google,2025-12-07,0,0,원피스,111100
더스티핑크,google,2025-12-14,0,0,원피스,111100
더스티핑크,google,2025-12-21,0,0,원피스,111100
더스티핑크,google,2025-12-28,0,0,원피스,111100
더스티핑크,google,2026-01-04,0,0,원피스,111100
더스티핑크,google,2026-01-11,0,0,원피스,111100
더스티핑크,google,2026-01-18,0,0,원피스,111100
더스티핑크,google,2026-01-25,0,0,원피스,111100
더스티핑크,google,2026-02-01,0,0,원피스,111100
더스티핑크,google,2026-02-08,0,0,원피스,111100
더스티핑크,google,2026-02-15,0,0,원피스,111100
더스티핑크,google,2026-02-22,0,0,원피스,111100
더스티핑크,google,2026-03-01,0,0,원피스,111100
더스티핑크,google,2026-03-08,0,0,원피스,111100
더스티핑크,google,2026-03-15,0,0,원피스,111100
더스티핑크,google,2026-03-22,0,0,원피스,111100
더스티핑크,google,2026-03-29,0,0,원피스,111100
더스티핑크,google,2026-04-05,0,0,원피스,111100
더스티핑크,google,2026-04-12,0,0,원피스,111100
더스티핑크,google,2026-04-19,0,0,원피스,111100
더스티핑크,google,2026-04-26,0,0,원피스,111100
더스티핑크,google,2026-05-03,0,0,원피스,111100
더스티핑크,google,2026-05-10,0,0,원피스,111100
더스티핑크,google,2026-05-17,0,0,원피스,111100
더스티핑크,google,2026-05-24,0,0,원피스,111100
더스티핑크,google,2026-05-31,0,0,원피스,111100
더스티핑크,google,2026-06-07,0,0,원피스,111100
더스티핑크,google,2026-06-14,0,0,원피스,111100
더스티핑크,google,2026-06-21,0,0,원피스,111100
더스티핑크,google,2026-06-28,0,0,원피스,111100
더스티핑크,google,2026-07-05,0,0,원피스,111100
더스티핑크,google,2026-07-12,0,0,원피스,111100
더스티핑크,google,2026-07-19,0,0,원피스,111100
더스티핑크,google,2026-07-26,0,0,원피스,111100
더스티핑크,google,2026-08-02,0,0,원피스,111100
더스티핑크,google,2026-08-09,0,0,원피스,111100
더스티핑크,google,2026-08-16,0,0,원피스,111100
더스티핑크,google,2026-08-23,0,0,원피스,111100
더스티핑크,google,2026-08-30,6,10028,원피스,111100
더스티핑크,google,2026-09-06,11,18385,원피스,111100
더스티핑크,google,2026-09-13,0,0,원피스,111100
버터옐로우,google,2025-09-14,0,0,원피스,111100
버터옐로우,google,2025-09-21,0,0,원피스,111100
버터옐로우,google,2025-09-28,0,0,원피스,111100
버터옐로우,google,2025-10-05,0,0,원피스,111100
버터옐로우,google,2025-10-12,0,0,원피스,111100
버터옐로우,google,2025-10-19,0,0,원피스,111100
버터옐로우,google,2025-10-26,0,0,원피스,111100
버터옐로우,google,2025-11-02,0,0,원피스,111100
버터옐로우,google,2025-11-09,0,0,원피스,111100
버터옐로우,google,2025-11-16,0,0,원피스,111100
버터옐로우,google,2025-11-23,0,0,원피스,111100
버터옐로우,google,2025-11-30,0,0,원피스,111100
버터옐로우,google,2025-12-07,0,0,원피스,111100
버터옐로우,google,2025-12-14,0,0,원피스,111100
버터옐로우,google,2025-12-21,0,0,원피스,111100
버터옐로우,google,2025-12-28,0,0,원피스,111100
버터옐로우,google,2026-01-04,0,0,원피스,111100
버터옐로우,google,2026-01-11,0,0,원피스,111100
버터옐로우,google,2026-01-18,0,0,원피스,111100
버터옐로우,google,2026-01-25,0,0,원피스,111100
버터옐로우,google,2026-02-01,0,0,원피스,111100
버터옐로우,google,2026-02-08,0,0,원피스,111100
버터옐로우,google,2026-02-15,0,0,원피스,111100
버터옐로우,google,2026-02-22,0,0,원피스,111100
버터옐로우,google,2026-03-01,0,0,원피스,111100
버터옐로우,google,2026-03-08,0,0,원피스,111100
버터옐로우,google,2026-03-15,0,0,원피스,111100
버터옐로우,google,2026-03-22,0,0,원피스,111100
버터옐로우,google,2026-03-29,0,0,원피스,111100
버터옐로우,google,2026-04-05,0,0,원피스,111100
버터옐로우,google,2026-04-12,0,0,원피스,111100
버터옐로우,google,2026-04-19,0,0,원피스,111100
버터옐로우,google,2026-04-26,0,0,원피스,111100
버터옐로우,google,2026-05-03,0,0,원피스,111100
버터옐로우,google,2026-05-10,0,0,원피스,111100
버터옐로우,google,2026-05-17,0,0,원피스,111100
버터옐로우,google,2026-05-24,0,0,원피스,111100
버터옐로우,google,2026-05-31,0,0,원피스,111100
버터옐로우,google,2026-06-07,0,0,원피스,111100
버터옐로우,google,2026-06-14,0,0,원피스,111100
버터옐로우,google,2026-06-21,0,0,원피스,111100
버터옐로우,google,2026-06-28,0,0,원피스,111100
버터옐로우,google,2026-07-05,0,0,원피스,111100
버터옐로우,google,2026-07-12,0,0,원피스,111100
버터옐로우,google,2026-07-19,0,0,원피스,111100
버터옐로우,google,2026-07-26,0,0,원피스,111100
버터옐로우,google,2026-08-02,0,0,원피스,111100
버터옐로우,google,2026-08-09,0,0,원피스,111100
버터옐로우,google,2026-08-16,0,0,원피스,111100
버터옐로우,google,2026-08-23,0,0,원피스,111100
버터옐로우,google,2026-08-30,11,18385,원피스,111100
버터옐로우,google,2026-09-06,12,20056,원피스,111100
버터옐로우,google,2026-09-13,0,0,원피스,111100
베이비블루,google,2025-09-14,0,0,원피스,111100
베이비블루,google,2025-09-21,0,0,원피스,111100
베이비블루,google,2025-09-28,93,155439,원피스,111100
베이비블루,google,2025-10-05,86,143739,원피스,111100
베이비블루,google,2025-10-12,0,0,원피스,111100
베이비블루,google,2025-10-19,0,0,원피스,111100
베이비블루,google,2025-10-26,0,0,원피스,111100
베이비블루,google,2025-11-02,0,0,원피스,111100
베이비블루,google,2025-11-09,0,0,원피스,111100
베이비블루,google,2025-11-16,0,0,원피스,111100
베이비블루,google,2025-11-23,0,0,원피스,111100
베이비블루,google,2025-11-30,0,0,원피스,111100
베이비블루,google,2025-12-07,0,0,원피스,111100
베이비블루,google,2025-12-14,0,0,원피스,111100
베이비블루,google,2025-12-21,0,0,원피스,111100
베이비블루,google,2025-12-28,0,0,원피스,111100
베이비블루,google,2026-01-04,88,147082,원피스,111100
베이비블루,google,2026-01-11,0,0,원피스,111100
베이비블루,google,2026-01-18,0,0,원피스,111100
베이비블루,google,2026-01-25,0,0,원피스,111100
베이비블루,google,2026-02-01,0,0,원피스,111100
베이비블루,google,2026-02-08,0,0,원피스,111100
베이비블루,google,2026-02-15,0,0,원피스,111100
베이비블루,google,2026-02-22,0,0,원피스,111100
베이비블루,google,2026-03-01,0,0,원피스,111100
베이비블루,google,2026-03-08,0,0,원피스,111100
베이비블루,google,2026-03-15,0,0,원피스,111100
베이비블루,google,2026-03-22,76,127025,원피스,111100
베이비블루,google,2026-03-29,0,0,원피스,111100
베이비블루,google,2026-04-05,0,0,원피스,111100
베이비블루,google,2026-04-12,0,0,원피스,111100
베이비블루,google,2026-04-19,0,0,원피스,111100
베이비블루,google,2026-04-26,76,127025,원피스,111100
베이비블루,google,2026-05-03,0,0,원피스,111100
베이비블루,google,2026-05-10,90,150424,원피스,111100
베이비블루,google,2026-05-17,0,0,원피스,111100
베이비블루,google,2026-05-24,0,0,원피스,111100
베이비블루,google,2026-05-31,0,0,원피스,111100
베이비블루,google,2026-06-07,0,0,원피스,111100
베이비블루,google,2026-06-14,0,0,원피스,111100
베이비블루,google,2026-06-21,0,0,원피스,111100
베이비블루,google,2026-06-28,0,0,원피스,111100
베이비블루,google,2026-07-05,0,0,원피스,111100
베이비블루,google,2026-07-12,0,0,원피스,111100
베이비블루,google,2026-07-19,0,0,원피스,111100
베이비블루,google,2026-07-26,0,0,원피스,111100
베이비블루,google,2026-08-02,0,0,원피스,111100
베이비블루,google,2026-08-09,0,0,원피스,111100
베이비블루,google,2026-08-16,0,0,원피스,111100
베이비블루,google,2026-08-23,0,0,원피스,111100
베이비블루,google,2026-08-30,32,53484,원피스,111100
베이비블루,google,2026-09-06,39,65184,원피스,111100
베이비블루,google,2026-09-13,42,70198,원피스,111100
베이비핑크,google,2025-09-14,0,0,원피스,111100
베이비핑크,google,2025-09-21,0,0,원피스,111100
베이비핑크,google,2025-09-28,0,0,원피스,111100
베이비핑크,google,2025-10-05,0,0,원피스,111100
베이비핑크,google,2025-10-12,0,0,원피스,111100
베이비핑크,google,2025-10-19,0,0,원피스,111100
베이비핑크,google,2025-10-26,0,0,원피스,111100
베이비핑크,google,2025-11-02,0,0,원피스,111100
베이비핑크,google,2025-11-09,0,0,원피스,111100
베이비핑크,google,2025-11-16,0,0,원피스,111100
베이비핑크,google,2025-11-23,0,0,원피스,111100
베이비핑크,google,2025-11-30,0,0,원피스,111100
베이비핑크,google,2025-12-07,0,0,원피스,111100
베이비핑크,google,2025-12-14,0,0,원피스,111100
베이비핑크,google,2025-12-21,0,0,원피스,111100
베이비핑크,google,2025-12-28,0,0,원피스,111100
베이비핑크,google,2026-01-04,0,0,원피스,111100
베이비핑크,google,2026-01-11,0,0,원피스,111100
베이비핑크,google,2026-01-18,0,0,원피스,111100
베이비핑크,google,2026-01-25,0,0,원피스,111100
베이비핑크,google,2026-02-01,0,0,원피스,111100
베이비핑크,google,2026-02-08,75,125354,원피스,111100
베이비핑크,google,2026-02-15,0,0,원피스,111100
베이비핑크,google,2026-02-22,93,155439,원피스,111100
베이비핑크,google,2026-03-01,0,0,원피스,111100
베이비핑크,google,2026-03-08,0,0,원피스,111100
베이비핑크,google,2026-03-15,0,0,원피스,111100
베이비핑크,google,2026-03-22,0,0,원피스,111100
베이비핑크,google,2026-03-29,0,0,원피스,111100
베이비핑크,google,2026-04-05,0,0,원피스,111100
베이비핑크,google,2026-04-12,0,0,원피스,111100
베이비핑크,google,2026-04-19,0,0,원피스,111100
베이비핑크,google,2026-04-26,0,0,원피스,111100
베이비핑크,google,2026-05-03,0,0,원피스,111100
베이비핑크,google,2026-05-10,0,0,원피스,111100
베이비핑크,google,2026-05-17,0,0,원피스,111100
베이비핑크,google,2026-05-24,0,0,원피스,111100
베이비핑크,google,2026-05-31,0,0,원피스,111100
베이비핑크,google,2026-06-07,89,148753,원피스,111100
베이비핑크,google,2026-06-14,0,0,원피스,111100
베이비핑크,google,2026-06-21,0,0,원피스,111100
베이비핑크,google,2026-06-28,0,0,원피스,111100
베이비핑크,google,2026-07-05,63,105297,원피스,111100
베이비핑크,google,2026-07-12,0,0,원피스,111100
베이비핑크,google,2026-07-19,0,0,원피스,111100
베이비핑크,google,2026-07-26,75,125354,원피스,111100
베이비핑크,google,2026-08-02,94,157110,원피스,111100
베이비핑크,google,2026-08-09,0,0,원피스,111100
베이비핑크,google,2026-08-16,100,167138,원피스,111100
베이비핑크,google,2026-08-23,0,0,원피스,111100
베이비핑크,google,2026-08-30,35,58498,원피스,111100
베이비핑크,google,2026-09-06,36,60169,원피스,111100
베이비핑크,google,2026-09-13,0,0,원피스,111100
아이스블루,google,2025-09-14,2,3342,원피스,111100
아이스블루,google,2025-09-21,3,5014,원피스,111100
아이스블루,google,2025-09-28,3,5014,원피스,111100
아이스블루,google,2025-10-05,4,6685,원피스,111100
아이스블루,google,2025-10-12,4,6685,원피스,111100
아이스블루,google,2025-10-19,3,5014,원피스,111100
아이스블루,google,2025-10-26,4,6685,원피스,111100
아이스블루,google,2025-11-02,3,5014,원피스,111100
아이스블루,google,2025-11-09,0,0,원피스,111100
아이스블루,google,2025-11-16,2,3342,원피스,111100
아이스블루,google,2025-11-23,0,0,원피스,111100
아이스블루,google,2025-11-30,4,6685,원피스,111100
아이스블루,google,2025-12-07,3,5014,원피스,111100
아이스블루,google,2025-12-14,2,3342,원피스,111100
아이스블루,google,2025-12-21,3,5014,원피스,111100
아이스블루,google,2025-12-28,2,3342,원피스,111100
아이스블루,google,2026-01-04,5,8356,원피스,111100
아이스블루,google,2026-01-11,0,0,원피스,111100
아이스블루,google,2026-01-18,0,0,원피스,111100
아이스블루,google,2026-01-25,4,6685,원피스,111100
아이스블루,google,2026-02-01,4,6685,원피스,111100
아이스블루,google,2026-02-08,3,5014,원피스,111100
아이스블루,google,2026-02-15,6,10028,원피스,111100
아이스블루,google,2026-02-22,6,10028,원피스,111100
아이스블루,google,2026-03-01,2,3342,원피스,111100
아이스블루,google,2026-03-08,2,3342,원피스,111100
아이스블루,google,2026-03-15,4,6685,원피스,111100
아이스블루,google,2026-03-22,3,5014,원피스,111100
아이스블루,google,2026-03-29,3,5014,원피스,111100
아이스블루,google,2026-04-05,2,3342,원피스,111100
아이스블루,google,2026-04-12,4,6685,원피스,111100
아이스블루,google,2026-04-19,0,0,원피스,111100
아이스블루,google,2026-04-26,2,3342,원피스,111100
아이스블루,google,2026-05-03,3,5014,원피스,111100
아이스블루,google,2026-05-10,4,6685,원피스,111100
아이스블루,google,2026-05-17,3,5014,원피스,111100
아이스블루,google,2026-05-24,2,3342,원피스,111100
아이스블루,google,2026-05-31,2,3342,원피스,111100
아이스블루,google,2026-06-07,2,3342,원피스,111100
아이스블루,google,2026-06-14,2,3342,원피스,111100
아이스블루,google,2026-06-21,2,3342,원피스,111100
아이스블루,google,2026-06-28,2,3342,원피스,111100
아이스블루,google,2026-07-05,0,0,원피스,111100
아이스블루,google,2026-07-12,2,3342,원피스,111100
아이스블루,google,2026-07-19,2,3342,원피스,111100
아이스블루,google,2026-07-26,2,3342,원피스,111100
아이스블루,google,2026-08-02,2,3342,원피스,111100
아이스블루,google,2026-08-09,2,3342,원피스,111100
아이스블루,google,2026-08-16,2,3342,원피스,111100
아이스블루,google,2026-08-23,0,0,원피스,111100
아이스블루,google,2026-08-30,2,3342,원피스,111100
아이스블루,google,2026-09-06,2,3342,원피스,111100
아이스블루,google,2026-09-13,2,3342,원피스,111100
모카신,google,2025-09-14,0,0,원피스,111100
모카신,google,2025-09-21,0,0,원피스,111100
모카신,google,2025-09-28,0,0,원피스,111100
모카신,google,2025-10-05,0,0,원피스,111100
모카신,google,2025-10-12,0,0,원피스,111100
모카신,google,2025-10-19,0,0,원피스,111100
모카신,google,2025-10-26,0,0,원피스,111100
모카신,google,2025-11-02,0,0,원피스,111100
모카신,google,2025-11-09,0,0,원피스,111100
모카신,google,2025-11-16,0,0,원피스,111100
모카신,google,2025-11-23,0,0,원피스,111100
모카신,google,2025-11-30,0,0,원피스,111100
모카신,google,2025-12-07,0,0,원피스,111100
모카신,google,2025-12-14,0,0,원피스,111100
모카신,google,2025-12-21,0,0,원피스,111100
모카신,google,2025-12-28,0,0,원피스,111100
모카신,google,2026-01-04,0,0,원피스,111100
모카신,google,2026-01-11,0,0,원피스,111100
모카신,google,2026-01-18,0,0,원피스,111100
모카신,google,2026-01-25,0,0,원피스,111100
모카신,google,2026-02-01,0,0,원피스,111100
모카신,google,2026-02-08,0,0,원피스,111100
모카신,google,2026-02-15,0,0,원피스,111100
모카신,google,2026-02-22,0,0,원피스,111100
모카신,google,2026-03-01,0,0,원피스,111100
모카신,google,2026-03-08,0,0,원피스,111100
모카신,google,2026-03-15,0,0,원피스,111100
모카신,google,2026-03-22,0,0,원피스,111100
모카신,google,2026-03-29,0,0,원피스,111100
모카신,google,2026-04-05,0,0,원피스,111100
모카신,google,2026-04-12,0,0,원피스,111100
모카신,google,2026-04-19,0,0,원피스,111100
모카신,google,2026-04-26,0,0,원피스,111100
모카신,google,2026-05-03,0,0,원피스,111100
모카신,google,2026-05-10,0,0,원피스,111100
모카신,google,2026-05-17,0,0,원피스,111100
모카신,google,2026-05-24,0,0,원피스,111100
모카신,google,2026-05-31,0,0,원피스,111100
모카신,google,2026-06-07,0,0,원피스,111100
모카신,google,2026-06-14,0,0,원피스,111100
모카신,google,2026-06-21,0,0,원피스,111100
모카신,google,2026-06-28,0,0,원피스,111100
모카신,google,2026-07-05,0,0,원피스,111100
모카신,google,2026-07-12,0,0,원피스,111100
모카신,google,2026-07-19,0,0,원피스,111100
모카신,google,2026-07-26,0,0,원피스,111100
모카신,google,2026-08-02,0,0,원피스,111100
모카신,google,2026-08-09,0,0,원피스,111100
모카신,google,2026-08-16,0,0,원피스,111100
모카신,google,2026-08-23,0,0,원피스,111100
모카신,google,2026-08-30,3,5014,원피스,111100
모카신,google,2026-09-06,1,1671,원피스,111100
모카신,google,2026-09-13,1,1671,원피스,111100
뮬,google,2025-09-14,55,91926,원피스,111100
뮬,google,2025-09-21,52,86912,원피스,111100
뮬,google,2025-09-28,60,100283,원피스,111100
뮬,google,2025-10-05,57,95269,원피스,111100
뮬,google,2025-10-12,57,95269,원피스,111100
뮬,google,2025-10-19,57,95269,원피스,111100
뮬,google,2025-10-26,60,100283,원피스,111100
뮬,google,2025-11-02,57,95269,원피스,111100
뮬,google,2025-11-09,61,101954,원피스,111100
뮬,google,2025-11-16,60,100283,원피스,111100
뮬,google,2025-11-23,62,103626,원피스,111100
뮬,google,2025-11-30,56,93597,원피스,111100
뮬,google,2025-12-07,58,96940,원피스,111100
뮬,google,2025-12-14,53,88583,원피스,111100
뮬,google,2025-12-21,55,91926,원피스,111100
뮬,google,2025-12-28,61,101954,원피스,111100
뮬,google,2026-01-04,55,91926,원피스,111100
뮬,google,2026-01-11,55,91926,원피스,111100
뮬,google,2026-01-18,54,90254,원피스,111100
뮬,google,2026-01-25,59,98611,원피스,111100
뮬,google,2026-02-01,52,86912,원피스,111100
뮬,google,2026-02-08,50,83569,원피스,111100
뮬,google,2026-02-15,49,81898,원피스,111100
뮬,google,2026-02-22,52,86912,원피스,111100
뮬,google,2026-03-01,59,98611,원피스,111100
뮬,google,2026-03-08,50,83569,원피스,111100
뮬,google,2026-03-15,56,93597,원피스,111100
뮬,google,2026-03-22,59,98611,원피스,111100
뮬,google,2026-03-29,54,90254,원피스,111100
뮬,google,2026-04-05,54,90254,원피스,111100
뮬,google,2026-04-12,51,85240,원피스,111100
뮬,google,2026-04-19,51,85240,원피스,111100
뮬,google,2026-04-26,50,83569,원피스,111100
뮬,google,2026-05-03,49,81898,원피스,111100
뮬,google,2026-05-10,53,88583,원피스,111100
뮬,google,2026-05-17,52,86912,원피스,111100
뮬,google,2026-05-24,55,91926,원피스,111100
뮬,google,2026-05-31,55,91926,원피스,111100
뮬,google,2026-06-07,51,85240,원피스,111100
뮬,google,2026-06-14,48,80226,원피스,111100
뮬,google,2026-06-21,52,86912,원피스,111100
뮬,google,2026-06-28,51,85240,원피스,111100
뮬,google,2026-07-05,56,93597,원피스,111100
뮬,google,2026-07-12,52,86912,원피스,111100
뮬,google,2026-07-19,50,83569,원피스,111100
뮬,google,2026-07-26,50,83569,원피스,111100
뮬,google,2026-08-02,47,78555,원피스,111100
뮬,google,2026-08-09,44,73541,원피스,111100
뮬,google,2026-08-16,52,86912,원피스,111100
뮬,google,2026-08-23,53,88583,원피스,111100
뮬,google,2026-08-30,44,73541,원피스,111100
뮬,google,2026-09-06,48,80226,원피스,111100
뮬,google,2026-09-13,46,76883,원피스,111100
보트슈즈,google,2025-09-14,0,0,원피스,111100
보트슈즈,google,2025-09-21,0,0,원피스,111100
보트슈즈,google,2025-09-28,0,0,원피스,111100
보트슈즈,google,2025-10-05,0,0,원피스,111100
보트슈즈,google,2025-10-12,0,0,원피스,111100
보트슈즈,google,2025-10-19,0,0,원피스,111100
보트슈즈,google,2025-10-26,0,0,원피스,111100
보트슈즈,google,2025-11-02,0,0,원피스,111100
보트슈즈,google,2025-11-09,0,0,원피스,111100
보트슈즈,google,2025-11-16,0,0,원피스,111100
보트슈즈,google,2025-11-23,0,0,원피스,111100
보트슈즈,google,2025-11-30,0,0,원피스,111100
보트슈즈,google,2025-12-07,0,0,원피스,111100
보트슈즈,google,2025-12-14,0,0,원피스,111100
보트슈즈,google,2025-12-21,0,0,원피스,111100
보트슈즈,google,2025-12-28,0,0,원피스,111100
보트슈즈,google,2026-01-04,0,0,원피스,111100
보트슈즈,google,2026-01-11,0,0,원피스,111100
보트슈즈,google,2026-01-18,0,0,원피스,111100
보트슈즈,google,2026-01-25,0,0,원피스,111100
보트슈즈,google,2026-02-01,0,0,원피스,111100
보트슈즈,google,2026-02-08,0,0,원피스,111100
보트슈즈,google,2026-02-15,0,0,원피스,111100
보트슈즈,google,2026-02-22,0,0,원피스,111100
보트슈즈,google,2026-03-01,0,0,원피스,111100
보트슈즈,google,2026-03-08,0,0,원피스,111100
보트슈즈,google,2026-03-15,0,0,원피스,111100
보트슈즈,google,2026-03-22,0,0,원피스,111100
보트슈즈,google,2026-03-29,0,0,원피스,111100
보트슈즈,google,2026-04-05,0,0,원피스,111100
보트슈즈,google,2026-04-12,0,0,원피스,111100
보트슈즈,google,2026-04-19,0,0,원피스,111100
보트슈즈,google,2026-04-26,0,0,원피스,111100
보트슈즈,google,2026-05-03,0,0,원피스,111100
보트슈즈,google,2026-05-10,0,0,원피스,111100
보트슈즈,google,2026-05-17,2,3342,원피스,111100
보트슈즈,google,2026-05-24,0,0,원피스,111100
보트슈즈,google,2026-05-31,0,0,원피스,111100
보트슈즈,google,2026-06-07,0,0,원피스,111100
보트슈즈,google,2026-06-14,0,0,원피스,111100
보트슈즈,google,2026-06-21,0,0,원피스,111100
보트슈즈,google,2026-06-28,0,0,원피스,111100
보트슈즈,google,2026-07-05,0,0,원피스,111100
보트슈즈,google,2026-07-12,0,0,원피스,111100
보트슈즈,google,2026-07-19,0,0,원피스,111100
보트슈즈,google,2026-07-26,0,0,원피스,111100
보트슈즈,google,2026-08-02,0,0,원피스,111100
보트슈즈,google,2026-08-09,0,0,원피스,111100
보트슈즈,google,2026-08-16,0,0,원피스,111100
보트슈즈,google,2026-08-23,0,0,원피스,111100
보트슈즈,google,2026-08-30,1,1671,원피스,111100
보트슈즈,google,2026-09-06,1,1671,원피스,111100
보트슈즈,google,2026-09-13,0,0,원피스,111100
부츠,google,2025-09-14,47,78555,원피스,111100
부츠,google,2025-09-21,47,78555,원피스,111100
부츠,google,2025-09-28,56,93597,원피스,111100
부츠,google,2025-10-05,65,108640,원피스,111100
부츠,google,2025-10-12,60,100283,원피스,111100
부츠,google,2025-10-19,62,103626,원피스,111100
부츠,google,2025-10-26,69,115325,원피스,111100
부츠,google,2025-11-02,69,115325,원피스,111100
부츠,google,2025-11-09,79,132039,원피스,111100
부츠,google,2025-11-16,86,143739,원피스,111100
부츠,google,2025-11-23,84,140396,원피스,111100
부츠,google,2025-11-30,100,167138,원피스,111100
부츠,google,2025-12-07,87,145410,원피스,111100
부츠,google,2025-12-14,86,143739,원피스,111100
부츠,google,2025-12-21,83,138725,원피스,111100
부츠,google,2025-12-28,80,133711,원피스,111100
부츠,google,2026-01-04,75,125354,원피스,111100
부츠,google,2026-01-11,70,116997,원피스,111100
부츠,google,2026-01-18,72,120339,원피스,111100
부츠,google,2026-01-25,72,120339,원피스,111100
부츠,google,2026-02-01,70,116997,원피스,111100
부츠,google,2026-02-08,60,100283,원피스,111100
부츠,google,2026-02-15,57,95269,원피스,111100
부츠,google,2026-02-22,66,110311,원피스,111100
부츠,google,2026-03-01,61,101954,원피스,111100
부츠,google,2026-03-08,61,101954,원피스,111100
부츠,google,2026-03-15,63,105297,원피스,111100
부츠,google,2026-03-22,60,100283,원피스,111100
부츠,google,2026-03-29,56,93597,원피스,111100
부츠,google,2026-04-05,49,81898,원피스,111100
부츠,google,2026-04-12,43,71869,원피스,111100
부츠,google,2026-04-19,48,80226,원피스,111100
부츠,google,2026-04-26,46,76883,원피스,111100
부츠,google,2026-05-03,43,71869,원피스,111100
부츠,google,2026-05-10,43,71869,원피스,111100
부츠,google,2026-05-17,49,81898,원피스,111100
부츠,google,2026-05-24,60,100283,원피스,111100
부츠,google,2026-05-31,48,80226,원피스,111100
부츠,google,2026-06-07,44,73541,원피스,111100
부츠,google,2026-06-14,55,91926,원피스,111100
부츠,google,2026-06-21,51,85240,원피스,111100
부츠,google,2026-06-28,60,100283,원피스,111100
부츠,google,2026-07-05,75,125354,원피스,111100
부츠,google,2026-07-12,62,103626,원피스,111100
부츠,google,2026-07-19,56,93597,원피스,111100
부츠,google,2026-07-26,41,68526,원피스,111100
부츠,google,2026-08-02,40,66855,원피스,111100
부츠,google,2026-08-09,42,70198,원피스,111100
부츠,google,2026-08-16,50,83569,원피스,111100
부츠,google,2026-08-23,55,91926,원피스,111100
부츠,google,2026-08-30,48,80226,원피스,111100
부츠,google,2026-09-06,51,85240,원피스,111100
부츠,google,2026-09-13,62,103626,원피스,111100
샌들,google,2025-09-14,1,1671,원피스,111100
샌들,google,2025-09-21,1,1671,원피스,111100
샌들,google,2025-09-28,1,1671,원피스,111100
샌들,google,2025-10-05,1,1671,원피스,111100
샌들,google,2025-10-12,0,0,원피스,111100
샌들,google,2025-10-19,0,0,원피스,111100
샌들,google,2025-10-26,0,0,원피스,111100
샌들,google,2025-11-02,0,0,원피스,111100
샌들,google,2025-11-09,1,1671,원피스,111100
샌들,google,2025-11-16,1,1671,원피스,111100
샌들,google,2025-11-23,1,1671,원피스,111100
샌들,google,2025-11-30,1,1671,원피스,111100
샌들,google,2025-12-07,1,1671,원피스,111100
샌들,google,2025-12-14,1,1671,원피스,111100
샌들,google,2025-12-21,1,1671,원피스,111100
샌들,google,2025-12-28,1,1671,원피스,111100
샌들,google,2026-01-04,1,1671,원피스,111100
샌들,google,2026-01-11,1,1671,원피스,111100
샌들,google,2026-01-18,1,1671,원피스,111100
샌들,google,2026-01-25,1,1671,원피스,111100
샌들,google,2026-02-01,1,1671,원피스,111100
샌들,google,2026-02-08,1,1671,원피스,111100
샌들,google,2026-02-15,1,1671,원피스,111100
샌들,google,2026-02-22,1,1671,원피스,111100
샌들,google,2026-03-01,1,1671,원피스,111100
샌들,google,2026-03-08,1,1671,원피스,111100
샌들,google,2026-03-15,1,1671,원피스,111100
샌들,google,2026-03-22,1,1671,원피스,111100
샌들,google,2026-03-29,1,1671,원피스,111100
샌들,google,2026-04-05,1,1671,원피스,111100
샌들,google,2026-04-12,1,1671,원피스,111100
샌들,google,2026-04-19,1,1671,원피스,111100
샌들,google,2026-04-26,2,3342,원피스,111100
샌들,google,2026-05-03,2,3342,원피스,111100
샌들,google,2026-05-10,2,3342,원피스,111100
샌들,google,2026-05-17,2,3342,원피스,111100
샌들,google,2026-05-24,2,3342,원피스,111100
샌들,google,2026-05-31,2,3342,원피스,111100
샌들,google,2026-06-07,2,3342,원피스,111100
샌들,google,2026-06-14,2,3342,원피스,111100
샌들,google,2026-06-21,3,5014,원피스,111100
샌들,google,2026-06-28,2,3342,원피스,111100
샌들,google,2026-07-05,4,6685,원피스,111100
샌들,google,2026-07-12,3,5014,원피스,111100
샌들,google,2026-07-19,2,3342,원피스,111100
샌들,google,2026-07-26,2,3342,원피스,111100
샌들,google,2026-08-02,1,1671,원피스,111100
샌들,google,2026-08-09,1,1671,원피스,111100
샌들,google,2026-08-16,1,1671,원피스,111100
샌들,google,2026-08-23,1,1671,원피스,111100
샌들,google,2026-08-30,1,1671,원피스,111100
샌들,google,2026-09-06,1,1671,원피스,111100
샌들,google,2026-09-13,1,1671,원피스,111100
스니커즈,google,2025-09-14,1,1671,원피스,111100
스니커즈,google,2025-09-21,1,1671,원피스,111100
스니커즈,google,2025-09-28,1,1671,원피스,111100
스니커즈,google,2025-10-05,1,1671,원피스,111100
스니커즈,google,2025-10-12,1,1671,원피스,111100
스니커즈,google,2025-10-19,1,1671,원피스,111100
스니커즈,google,2025-10-26,1,1671,원피스,111100
스니커즈,google,2025-11-02,1,1671,원피스,111100
스니커즈,google,2025-11-09,1,1671,원피스,111100
스니커즈,google,2025-11-16,1,1671,원피스,111100
스니커즈,google,2025-11-23,1,1671,원피스,111100
스니커즈,google,2025-11-30,1,1671,원피스,111100
스니커즈,google,2025-12-07,1,1671,원피스,111100
스니커즈,google,2025-12-14,1,1671,원피스,111100
스니커즈,google,2025-12-21,1,1671,원피스,111100
스니커즈,google,2025-12-28,1,1671,원피스,111100
스니커즈,google,2026-01-04,1,1671,원피스,111100
스니커즈,google,2026-01-11,1,1671,원피스,111100
스니커즈,google,2026-01-18,1,1671,원피스,111100
스니커즈,google,2026-01-25,1,1671,원피스,111100
스니커즈,google,2026-02-01,1,1671,원피스,111100
스니커즈,google,2026-02-08,1,1671,원피스,111100
스니커즈,google,2026-02-15,1,1671,원피스,111100
스니커즈,google,2026-02-22,1,1671,원피스,111100
스니커즈,google,2026-03-01,1,1671,원피스,111100
스니커즈,google,2026-03-08,1,1671,원피스,111100
스니커즈,google,2026-03-15,1,1671,원피스,111100
스니커즈,google,2026-03-22,2,3342,원피스,111100
스니커즈,google,2026-03-29,1,1671,원피스,111100
스니커즈,google,2026-04-05,1,1671,원피스,111100
스니커즈,google,2026-04-12,1,1671,원피스,111100
스니커즈,google,2026-04-19,1,1671,원피스,111100
스니커즈,google,2026-04-26,1,1671,원피스,111100
스니커즈,google,2026-05-03,1,1671,원피스,111100
스니커즈,google,2026-05-10,1,1671,원피스,111100
스니커즈,google,2026-05-17,1,1671,원피스,111100
스니커즈,google,2026-05-24,1,1671,원피스,111100
스니커즈,google,2026-05-31,1,1671,원피스,111100
스니커즈,google,2026-06-07,1,1671,원피스,111100
스니커즈,google,2026-06-14,2,3342,원피스,111100
스니커즈,google,2026-06-21,1,1671,원피스,111100
스니커즈,google,2026-06-28,1,1671,원피스,111100
스니커즈,google,2026-07-05,1,1671,원피스,111100
스니커즈,google,2026-07-12,1,1671,원피스,111100
스니커즈,google,2026-07-19,1,1671,원피스,111100
스니커즈,google,2026-07-26,1,1671,원피스,111100
스니커즈,google,2026-08-02,1,1671,원피스,111100
스니커즈,google,2026-08-09,1,1671,원피스,111100
스니커즈,google,2026-08-16,1,1671,원피스,111100
스니커즈,google,2026-08-23,1,1671,원피스,111100
스니커즈,google,2026-08-30,1,1671,원피스,111100
스니커즈,google,2026-09-06,1,1671,원피스,111100
스니커즈,google,2026-09-13,1,1671,원피스,111100
슬리퍼,google,2025-09-14,2,3342,원피스,111100
슬리퍼,google,2025-09-21,2,3342,원피스,111100
슬리퍼,google,2025-09-28,2,3342,원피스,111100
슬리퍼,google,2025-10-05,2,3342,원피스,111100
슬리퍼,google,2025-10-12,2,3342,원피스,111100
슬리퍼,google,2025-10-19,2,3342,원피스,111100
슬리퍼,google,2025-10-26,2,3342,원피스,111100
슬리퍼,google,2025-11-02,2,3342,원피스,111100
슬리퍼,google,2025-11-09,2,3342,원피스,111100
슬리퍼,google,2025-11-16,2,3342,원피스,111100
슬리퍼,google,2025-11-23,2,3342,원피스,111100
슬리퍼,google,2025-11-30,2,3342,원피스,111100
슬리퍼,google,2025-12-07,2,3342,원피스,111100
슬리퍼,google,2025-12-14,2,3342,원피스,111100
슬리퍼,google,2025-12-21,2,3342,원피스,111100
슬리퍼,google,2025-12-28,2,3342,원피스,111100
슬리퍼,google,2026-01-04,2,3342,원피스,111100
슬리퍼,google,2026-01-11,2,3342,원피스,111100
슬리퍼,google,2026-01-18,2,3342,원피스,111100
슬리퍼,google,2026-01-25,2,3342,원피스,111100
슬리퍼,google,2026-02-01,2,3342,원피스,111100
슬리퍼,google,2026-02-08,1,1671,원피스,111100
슬리퍼,google,2026-02-15,1,1671,원피스,111100
슬리퍼,google,2026-02-22,2,3342,원피스,111100
슬리퍼,google,2026-03-01,2,3342,원피스,111100
슬리퍼,google,2026-03-08,2,3342,원피스,111100
슬리퍼,google,2026-03-15,2,3342,원피스,111100
슬리퍼,google,2026-03-22,2,3342,원피스,111100
슬리퍼,google,2026-03-29,2,3342,원피스,111100
슬리퍼,google,2026-04-05,2,3342,원피스,111100
슬리퍼,google,2026-04-12,2,3342,원피스,111100
슬리퍼,google,2026-04-19,2,3342,원피스,111100
슬리퍼,google,2026-04-26,2,3342,원피스,111100
슬리퍼,google,2026-05-03,2,3342,원피스,111100
슬리퍼,google,2026-05-10,2,3342,원피스,111100
슬리퍼,google,2026-05-17,2,3342,원피스,111100
슬리퍼,google,2026-05-24,2,3342,원피스,111100
슬리퍼,google,2026-05-31,2,3342,원피스,111100
슬리퍼,google,2026-06-07,2,3342,원피스,111100
슬리퍼,google,2026-06-14,2,3342,원피스,111100
슬리퍼,google,2026-06-21,2,3342,원피스,111100
슬리퍼,google,2026-06-28,2,3342,원피스,111100
슬리퍼,google,2026-07-05,2,3342,원피스,111100
슬리퍼,google,2026-07-12,2,3342,원피스,111100
슬리퍼,google,2026-07-19,2,3342,원피스,111100
슬리퍼,google,2026-07-26,2,3342,원피스,111100
슬리퍼,google,2026-08-02,2,3342,원피스,111100
슬리퍼,google,2026-08-09,2,3342,원피스,111100
슬리퍼,google,2026-08-16,2,3342,원피스,111100
슬리퍼,google,2026-08-23,2,3342,원피스,111100
슬리퍼,google,2026-08-30,2,3342,원피스,111100
슬리퍼,google,2026-09-06,2,3342,원피스,111100
슬리퍼,google,2026-09-13,2,3342,원피스,111100
페스티벌,google,2025-09-14,6,10028,원피스,111100
페스티벌,google,2025-09-21,7,11699,원피스,111100
페스티벌,google,2025-09-28,5,8356,원피스,111100
페스티벌,google,2025-10-05,4,6685,원피스,111100
페스티벌,google,2025-10-12,6,10028,원피스,111100
페스티벌,google,2025-10-19,6,10028,원피스,111100
페스티벌,google,2025-10-26,6,10028,원피스,111100
페스티벌,google,2025-11-02,5,8356,원피스,111100
페스티벌,google,2025-11-09,4,6685,원피스,111100
페스티벌,google,2025-11-16,4,6685,원피스,111100
페스티벌,google,2025-11-23,3,5014,원피스,111100
페스티벌,google,2025-11-30,3,5014,원피스,111100
페스티벌,google,2025-12-07,2,3342,원피스,111100
페스티벌,google,2025-12-14,2,3342,원피스,111100
페스티벌,google,2025-12-21,2,3342,원피스,111100
페스티벌,google,2025-12-28,2,3342,원피스,111100
페스티벌,google,2026-01-04,2,3342,원피스,111100
페스티벌,google,2026-01-11,2,3342,원피스,111100
페스티벌,google,2026-01-18,2,3342,원피스,111100
페스티벌,google,2026-01-25,2,3342,원피스,111100
페스티벌,google,2026-02-01,2,3342,원피스,111100
페스티벌,google,2026-02-08,2,3342,원피스,111100
페스티벌,google,2026-02-15,2,3342,원피스,111100
페스티벌,google,2026-02-22,3,5014,원피스,111100
페스티벌,google,2026-03-01,3,5014,원피스,111100
페스티벌,google,2026-03-08,3,5014,원피스,111100
페스티벌,google,2026-03-15,3,5014,원피스,111100
페스티벌,google,2026-03-22,3,5014,원피스,111100
페스티벌,google,2026-03-29,3,5014,원피스,111100
페스티벌,google,2026-04-05,3,5014,원피스,111100
페스티벌,google,2026-04-12,4,6685,원피스,111100
페스티벌,google,2026-04-19,4,6685,원피스,111100
페스티벌,google,2026-04-26,5,8356,원피스,111100
페스티벌,google,2026-05-03,6,10028,원피스,111100
페스티벌,google,2026-05-10,6,10028,원피스,111100
페스티벌,google,2026-05-17,6,10028,원피스,111100
페스티벌,google,2026-05-24,6,10028,원피스,111100
페스티벌,google,2026-05-31,5,8356,원피스,111100
페스티벌,google,2026-06-07,8,13371,원피스,111100
페스티벌,google,2026-06-14,8,13371,원피스,111100
페스티벌,google,2026-06-21,7,11699,원피스,111100
페스티벌,google,2026-06-28,10,16713,원피스,111100
페스티벌,google,2026-07-05,7,11699,원피스,111100
페스티벌,google,2026-07-12,6,10028,원피스,111100
페스티벌,google,2026-07-19,6,10028,원피스,111100
페스티벌,google,2026-07-26,6,10028,원피스,111100
페스티벌,google,2026-08-02,5,8356,원피스,111100
페스티벌,google,2026-08-09,5,8356,원피스,111100
페스티벌,google,2026-08-16,5,8356,원피스,111100
페스티벌,google,2026-08-23,4,6685,원피스,111100
페스티벌,google,2026-08-30,5,8356,원피스,111100
페스티벌,google,2026-09-06,6,10028,원피스,111100
페스티벌,google,2026-09-13,5,8356,원피스,111100
크리스마스,google,2025-09-14,3,5014,원피스,111100
크리스마스,google,2025-09-21,3,5014,원피스,111100
크리스마스,google,2025-09-28,3,5014,원피스,111100
크리스마스,google,2025-10-05,3,5014,원피스,111100
크리스마스,google,2025-10-12,4,6685,원피스,111100
크리스마스,google,2025-10-19,5,8356,원피스,111100
크리스마스,google,2025-10-26,7,11699,원피스,111100
크리스마스,google,2025-11-02,9,15042,원피스,111100
크리스마스,google,2025-11-09,12,20056,원피스,111100
크리스마스,google,2025-11-16,18,30084,원피스,111100
크리스마스,google,2025-11-23,21,35099,원피스,111100
크리스마스,google,2025-11-30,28,46798,원피스,111100
크리스마스,google,2025-12-07,36,60169,원피스,111100
크리스마스,google,2025-12-14,43,71869,원피스,111100
크리스마스,google,2025-12-21,100,167138,원피스,111100
크리스마스,google,2025-12-28,12,20056,원피스,111100
크리스마스,google,2026-01-04,5,8356,원피스,111100
크리스마스,google,2026-01-11,3,5014,원피스,111100
크리스마스,google,2026-01-18,3,5014,원피스,111100
크리스마스,google,2026-01-25,2,3342,원피스,111100
크리스마스,google,2026-02-01,2,3342,원피스,111100
크리스마스,google,2026-02-08,2,3342,원피스,111100
크리스마스,google,2026-02-15,2,3342,원피스,111100
크리스마스,google,2026-02-22,2,3342,원피스,111100
크리스마스,google,2026-03-01,2,3342,원피스,111100
크리스마스,google,2026-03-08,2,3342,원피스,111100
크리스마스,google,2026-03-15,2,3342,원피스,111100
크리스마스,google,2026-03-22,2,3342,원피스,111100
크리스마스,google,2026-03-29,2,3342,원피스,111100
크리스마스,google,2026-04-05,2,3342,원피스,111100
크리스마스,google,2026-04-12,1,1671,원피스,111100
크리스마스,google,2026-04-19,1,1671,원피스,111100
크리스마스,google,2026-04-26,1,1671,원피스,111100
크리스마스,google,2026-05-03,2,3342,원피스,111100
크리스마스,google,2026-05-10,1,1671,원피스,111100
크리스마스,google,2026-05-17,1,1671,원피스,111100
크리스마스,google,2026-05-24,1,1671,원피스,111100
크리스마스,google,2026-05-31,1,1671,원피스,111100
크리스마스,google,2026-06-07,1,1671,원피스,111100
크리스마스,google,2026-06-14,1,1671,원피스,111100
크리스마스,google,2026-06-21,1,1671,원피스,111100
크리스마스,google,2026-06-28,2,3342,원피스,111100
크리스마스,google,2026-07-05,2,3342,원피스,111100
크리스마스,google,2026-07-12,2,3342,원피스,111100
크리스마스,google,2026-07-19,2,3342,원피스,111100
크리스마스,google,2026-07-26,2,3342,원피스,111100
크리스마스,google,2026-08-02,1,1671,원피스,111100
크리스마스,google,2026-08-09,2,3342,원피스,111100
크리스마스,google,2026-08-16,2,3342,원피스,111100
크리스마스,google,2026-08-23,2,3342,원피스,111100
크리스마스,google,2026-08-30,2,3342,원피스,111100
크리스마스,google,2026-09-06,2,3342,원피스,111100
크리스마스,google,2026-09-13,3,5014,원피스,111100
비즈니스 미팅,google,2025-09-14,0,0,원피스,111100
비즈니스 미팅,google,2025-09-21,0,0,원피스,111100
비즈니스 미팅,google,2025-09-28,0,0,원피스,111100
비즈니스 미팅,google,2025-10-05,0,0,원피스,111100
비즈니스 미팅,google,2025-10-12,0,0,원피스,111100
비즈니스 미팅,google,2025-10-19,0,0,원피스,111100
비즈니스 미팅,google,2025-10-26,0,0,원피스,111100
비즈니스 미팅,google,2025-11-02,0,0,원피스,111100
비즈니스 미팅,google,2025-11-09,0,0,원피스,111100
비즈니스 미팅,google,2025-11-16,0,0,원피스,111100
비즈니스 미팅,google,2025-11-23,0,0,원피스,111100
비즈니스 미팅,google,2025-11-30,0,0,원피스,111100
비즈니스 미팅,google,2025-12-07,0,0,원피스,111100
비즈니스 미팅,google,2025-12-14,0,0,원피스,111100
비즈니스 미팅,google,2025-12-21,0,0,원피스,111100
비즈니스 미팅,google,2025-12-28,0,0,원피스,111100
비즈니스 미팅,google,2026-01-04,0,0,원피스,111100
비즈니스 미팅,google,2026-01-11,0,0,원피스,111100
비즈니스 미팅,google,2026-01-18,0,0,원피스,111100
비즈니스 미팅,google,2026-01-25,0,0,원피스,111100
비즈니스 미팅,google,2026-02-01,0,0,원피스,111100
비즈니스 미팅,google,2026-02-08,0,0,원피스,111100
비즈니스 미팅,google,2026-02-15,0,0,원피스,111100
비즈니스 미팅,google,2026-02-22,0,0,원피스,111100
비즈니스 미팅,google,2026-03-01,0,0,원피스,111100
비즈니스 미팅,google,2026-03-08,0,0,원피스,111100
비즈니스 미팅,google,2026-03-15,0,0,원피스,111100
비즈니스 미팅,google,2026-03-22,0,0,원피스,111100
비즈니스 미팅,google,2026-03-29,0,0,원피스,111100
비즈니스 미팅,google,2026-04-05,0,0,원피스,111100
비즈니스 미팅,google,2026-04-12,0,0,원피스,111100
비즈니스 미팅,google,2026-04-19,0,0,원피스,111100
비즈니스 미팅,google,2026-04-26,0,0,원피스,111100
비즈니스 미팅,google,2026-05-03,0,0,원피스,111100
비즈니스 미팅,google,2026-05-10,0,0,원피스,111100
비즈니스 미팅,google,2026-05-17,0,0,원피스,111100
비즈니스 미팅,google,2026-05-24,0,0,원피스,111100
비즈니스 미팅,google,2026-05-31,0,0,원피스,111100
비즈니스 미팅,google,2026-06-07,0,0,원피스,111100
비즈니스 미팅,google,2026-06-14,0,0,원피스,111100
비즈니스 미팅,google,2026-06-21,0,0,원피스,111100
비즈니스 미팅,google,2026-06-28,0,0,원피스,111100
비즈니스 미팅,google,2026-07-05,0,0,원피스,111100
비즈니스 미팅,google,2026-07-12,0,0,원피스,111100
비즈니스 미팅,google,2026-07-19,0,0,원피스,111100
비즈니스 미팅,google,2026-07-26,0,0,원피스,111100
비즈니스 미팅,google,2026-08-02,0,0,원피스,111100
비즈니스 미팅,google,2026-08-09,0,0,원피스,111100
비즈니스 미팅,google,2026-08-16,0,0,원피스,111100
비즈니스 미팅,google,2026-08-23,0,0,원피스,111100
비즈니스 미팅,google,2026-08-30,0,0,원피스,111100
비즈니스 미팅,google,2026-09-06,0,0,원피스,111100
비즈니스 미팅,google,2026-09-13,0,0,원피스,111100
봄,google,2025-09-14,16,26742,원피스,111100
봄,google,2025-09-21,17,28413,원피스,111100
봄,google,2025-09-28,17,28413,원피스,111100
봄,google,2025-10-05,16,26742,원피스,111100
봄,google,2025-10-12,17,28413,원피스,111100
봄,google,2025-10-19,17,28413,원피스,111100
봄,google,2025-10-26,18,30084,원피스,111100
봄,google,2025-11-02,15,25070,원피스,111100
봄,google,2025-11-09,16,26742,원피스,111100
봄,google,2025-11-16,17,28413,원피스,111100
봄,google,2025-11-23,17,28413,원피스,111100
봄,google,2025-11-30,18,30084,원피스,111100
봄,google,2025-12-07,16,26742,원피스,111100
봄,google,2025-12-14,17,28413,원피스,111100
봄,google,2025-12-21,18,30084,원피스,111100
봄,google,2025-12-28,19,31756,원피스,111100
봄,google,2026-01-04,17,28413,원피스,111100
봄,google,2026-01-11,17,28413,원피스,111100
봄,google,2026-01-18,19,31756,원피스,111100
봄,google,2026-01-25,20,33427,원피스,111100
봄,google,2026-02-01,21,35099,원피스,111100
봄,google,2026-02-08,19,31756,원피스,111100
봄,google,2026-02-15,25,41784,원피스,111100
봄,google,2026-02-22,31,51813,원피스,111100
봄,google,2026-03-01,33,55155,원피스,111100
봄,google,2026-03-08,35,58498,원피스,111100
봄,google,2026-03-15,38,63512,원피스,111100
봄,google,2026-03-22,39,65184,원피스,111100
봄,google,2026-03-29,42,70198,원피스,111100
봄,google,2026-04-05,33,55155,원피스,111100
봄,google,2026-04-12,31,51813,원피스,111100
봄,google,2026-04-19,28,46798,원피스,111100
봄,google,2026-04-26,25,41784,원피스,111100
봄,google,2026-05-03,22,36770,원피스,111100
봄,google,2026-05-10,20,33427,원피스,111100
봄,google,2026-05-17,20,33427,원피스,111100
봄,google,2026-05-24,18,30084,원피스,111100
봄,google,2026-05-31,16,26742,원피스,111100
봄,google,2026-06-07,15,25070,원피스,111100
봄,google,2026-06-14,14,23399,원피스,111100
봄,google,2026-06-21,14,23399,원피스,111100
봄,google,2026-06-28,16,26742,원피스,111100
봄,google,2026-07-05,20,33427,원피스,111100
봄,google,2026-07-12,18,30084,원피스,111100
봄,google,2026-07-19,17,28413,원피스,111100
봄,google,2026-07-26,17,28413,원피스,111100
봄,google,2026-08-02,15,25070,원피스,111100
봄,google,2026-08-09,14,23399,원피스,111100
봄,google,2026-08-16,18,30084,원피스,111100
봄,google,2026-08-23,15,25070,원피스,111100
봄,google,2026-08-30,13,21728,원피스,111100
봄,google,2026-09-06,16,26742,원피스,111100
봄,google,2026-09-13,17,28413,원피스,111100
가을,google,2025-09-14,36,60169,원피스,111100
가을,google,2025-09-21,39,65184,원피스,111100
가을,google,2025-09-28,45,75212,원피스,111100
가을,google,2025-10-05,38,63512,원피스,111100
가을,google,2025-10-12,42,70198,원피스,111100
가을,google,2025-10-19,43,71869,원피스,111100
가을,google,2025-10-26,37,61841,원피스,111100
가을,google,2025-11-02,33,55155,원피스,111100
가을,google,2025-11-09,29,48470,원피스,111100
가을,google,2025-11-16,23,38441,원피스,111100
가을,google,2025-11-23,15,25070,원피스,111100
가을,google,2025-11-30,11,18385,원피스,111100
가을,google,2025-12-07,10,16713,원피스,111100
가을,google,2025-12-14,9,15042,원피스,111100
가을,google,2025-12-21,9,15042,원피스,111100
가을,google,2025-12-28,8,13371,원피스,111100
가을,google,2026-01-04,8,13371,원피스,111100
가을,google,2026-01-11,8,13371,원피스,111100
가을,google,2026-01-18,9,15042,원피스,111100
가을,google,2026-01-25,8,13371,원피스,111100
가을,google,2026-02-01,8,13371,원피스,111100
가을,google,2026-02-08,8,13371,원피스,111100
가을,google,2026-02-15,7,11699,원피스,111100
가을,google,2026-02-22,9,15042,원피스,111100
가을,google,2026-03-01,8,13371,원피스,111100
가을,google,2026-03-08,9,15042,원피스,111100
가을,google,2026-03-15,9,15042,원피스,111100
가을,google,2026-03-22,10,16713,원피스,111100
가을,google,2026-03-29,9,15042,원피스,111100
가을,google,2026-04-05,9,15042,원피스,111100
가을,google,2026-04-12,8,13371,원피스,111100
가을,google,2026-04-19,8,13371,원피스,111100
가을,google,2026-04-26,8,13371,원피스,111100
가을,google,2026-05-03,8,13371,원피스,111100
가을,google,2026-05-10,8,13371,원피스,111100
가을,google,2026-05-17,8,13371,원피스,111100
가을,google,2026-05-24,8,13371,원피스,111100
가을,google,2026-05-31,8,13371,원피스,111100
가을,google,2026-06-07,8,13371,원피스,111100
가을,google,2026-06-14,8,13371,원피스,111100
가을,google,2026-06-21,9,15042,원피스,111100
가을,google,2026-06-28,9,15042,원피스,111100
가을,google,2026-07-05,9,15042,원피스,111100
가을,google,2026-07-12,9,15042,원피스,111100
가을,google,2026-07-19,10,16713,원피스,111100
가을,google,2026-07-26,11,18385,원피스,111100
가을,google,2026-08-02,11,18385,원피스,111100
가을,google,2026-08-09,14,23399,원피스,111100
가을,google,2026-08-16,17,28413,원피스,111100
가을,google,2026-08-23,20,33427,원피스,111100
가을,google,2026-08-30,24,40113,원피스,111100
가을,google,2026-09-06,35,58498,원피스,111100
가을,google,2026-09-13,48,80226,원피스,111100
겨울,google,2025-09-14,21,35099,원피스,111100
겨울,google,2025-09-21,21,35099,원피스,111100
겨울,google,2025-09-28,22,36770,원피스,111100
겨울,google,2025-10-05,24,40113,원피스,111100
겨울,google,2025-10-12,28,46798,원피스,111100
겨울,google,2025-10-19,41,68526,원피스,111100
겨울,google,2025-10-26,49,81898,원피스,111100
겨울,google,2025-11-02,57,95269,원피스,111100
겨울,google,2025-11-09,51,85240,원피스,111100
겨울,google,2025-11-16,72,120339,원피스,111100
겨울,google,2025-11-23,68,113654,원피스,111100
겨울,google,2025-11-30,100,167138,원피스,111100
겨울,google,2025-12-07,77,128696,원피스,111100
겨울,google,2025-12-14,82,137053,원피스,111100
겨울,google,2025-12-21,79,132039,원피스,111100
겨울,google,2025-12-28,69,115325,원피스,111100
겨울,google,2026-01-04,59,98611,원피스,111100
겨울,google,2026-01-11,50,83569,원피스,111100
겨울,google,2026-01-18,53,88583,원피스,111100
겨울,google,2026-01-25,45,75212,원피스,111100
겨울,google,2026-02-01,39,65184,원피스,111100
겨울,google,2026-02-08,30,50141,원피스,111100
겨울,google,2026-02-15,26,43456,원피스,111100
겨울,google,2026-02-22,22,36770,원피스,111100
겨울,google,2026-03-01,17,28413,원피스,111100
겨울,google,2026-03-08,15,25070,원피스,111100
겨울,google,2026-03-15,14,23399,원피스,111100
겨울,google,2026-03-22,15,25070,원피스,111100
겨울,google,2026-03-29,15,25070,원피스,111100
겨울,google,2026-04-05,13,21728,원피스,111100
겨울,google,2026-04-12,13,21728,원피스,111100
겨울,google,2026-04-19,13,21728,원피스,111100
겨울,google,2026-04-26,12,20056,원피스,111100
겨울,google,2026-05-03,12,20056,원피스,111100
겨울,google,2026-05-10,13,21728,원피스,111100
겨울,google,2026-05-17,12,20056,원피스,111100
겨울,google,2026-05-24,13,21728,원피스,111100
겨울,google,2026-05-31,12,20056,원피스,111100
겨울,google,2026-06-07,12,20056,원피스,111100
겨울,google,2026-06-14,13,21728,원피스,111100
겨울,google,2026-06-21,13,21728,원피스,111100
겨울,google,2026-06-28,14,23399,원피스,111100
겨울,google,2026-07-05,14,23399,원피스,111100
겨울,google,2026-07-12,13,21728,원피스,111100
겨울,google,2026-07-19,15,25070,원피스,111100
겨울,google,2026-07-26,15,25070,원피스,111100
겨울,google,2026-08-02,15,25070,원피스,111100
겨울,google,2026-08-09,15,25070,원피스,111100
겨울,google,2026-08-16,18,30084,원피스,111100
겨울,google,2026-08-23,19,31756,원피스,111100
겨울,google,2026-08-30,17,28413,원피스,111100
겨울,google,2026-09-06,20,33427,원피스,111100
겨울,google,2026-09-13,22,36770,원피스,111100
아침,google,2025-09-14,20,33427,원피스,111100
아침,google,2025-09-21,22,36770,원피스,111100
아침,google,2025-09-28,22,36770,원피스,111100
아침,google,2025-10-05,23,38441,원피스,111100
아침,google,2025-10-12,22,36770,원피스,111100
아침,google,2025-10-19,22,36770,원피스,111100
아침,google,2025-10-26,22,36770,원피스,111100
아침,google,2025-11-02,24,40113,원피스,111100
아침,google,2025-11-09,26,43456,원피스,111100
아침,google,2025-11-16,24,40113,원피스,111100
아침,google,2025-11-23,22,36770,원피스,111100
아침,google,2025-11-30,22,36770,원피스,111100
아침,google,2025-12-07,22,36770,원피스,111100
아침,google,2025-12-14,21,35099,원피스,111100
아침,google,2025-12-21,22,36770,원피스,111100
아침,google,2025-12-28,24,40113,원피스,111100
아침,google,2026-01-04,23,38441,원피스,111100
아침,google,2026-01-11,23,38441,원피스,111100
아침,google,2026-01-18,23,38441,원피스,111100
아침,google,2026-01-25,24,40113,원피스,111100
아침,google,2026-02-01,23,38441,원피스,111100
아침,google,2026-02-08,20,33427,원피스,111100
아침,google,2026-02-15,19,31756,원피스,111100
아침,google,2026-02-22,24,40113,원피스,111100
아침,google,2026-03-01,26,43456,원피스,111100
아침,google,2026-03-08,25,41784,원피스,111100
아침,google,2026-03-15,23,38441,원피스,111100
아침,google,2026-03-22,25,41784,원피스,111100
아침,google,2026-03-29,26,43456,원피스,111100
아침,google,2026-04-05,26,43456,원피스,111100
아침,google,2026-04-12,23,38441,원피스,111100
아침,google,2026-04-19,25,41784,원피스,111100
아침,google,2026-04-26,26,43456,원피스,111100
아침,google,2026-05-03,24,40113,원피스,111100
아침,google,2026-05-10,26,43456,원피스,111100
아침,google,2026-05-17,29,48470,원피스,111100
아침,google,2026-05-24,24,40113,원피스,111100
아침,google,2026-05-31,24,40113,원피스,111100
아침,google,2026-06-07,24,40113,원피스,111100
아침,google,2026-06-14,26,43456,원피스,111100
아침,google,2026-06-21,35,58498,원피스,111100
아침,google,2026-06-28,47,78555,원피스,111100
아침,google,2026-07-05,24,40113,원피스,111100
아침,google,2026-07-12,21,35099,원피스,111100
아침,google,2026-07-19,42,70198,원피스,111100
아침,google,2026-07-26,23,38441,원피스,111100
아침,google,2026-08-02,33,55155,원피스,111100
아침,google,2026-08-09,29,48470,원피스,111100
아침,google,2026-08-16,31,51813,원피스,111100
아침,google,2026-08-23,33,55155,원피스,111100
아침,google,2026-08-30,24,40113,원피스,111100
아침,google,2026-09-06,27,45127,원피스,111100
아침,google,2026-09-13,29,48470,원피스,111100
여름,google,2025-09-14,18,30084,원피스,111100
여름,google,2025-09-21,17,28413,원피스,111100
여름,google,2025-09-28,16,26742,원피스,111100
여름,google,2025-10-05,15,25070,원피스,111100
여름,google,2025-10-12,13,21728,원피스,111100
여름,google,2025-10-19,14,23399,원피스,111100
여름,google,2025-10-26,13,21728,원피스,111100
여름,google,2025-11-02,13,21728,원피스,111100
여름,google,2025-11-09,13,21728,원피스,111100
여름,google,2025-11-16,14,23399,원피스,111100
여름,google,2025-11-23,13,21728,원피스,111100
여름,google,2025-11-30,13,21728,원피스,111100
여름,google,2025-12-07,13,21728,원피스,111100
여름,google,2025-12-14,15,25070,원피스,111100
여름,google,2025-12-21,14,23399,원피스,111100
여름,google,2025-12-28,14,23399,원피스,111100
여름,google,2026-01-04,13,21728,원피스,111100
여름,google,2026-01-11,13,21728,원피스,111100
여름,google,2026-01-18,13,21728,원피스,111100
여름,google,2026-01-25,14,23399,원피스,111100
여름,google,2026-02-01,13,21728,원피스,111100
여름,google,2026-02-08,12,20056,원피스,111100
여름,google,2026-02-15,14,23399,원피스,111100
여름,google,2026-02-22,16,26742,원피스,111100
여름,google,2026-03-01,17,28413,원피스,111100
여름,google,2026-03-08,16,26742,원피스,111100
여름,google,2026-03-15,17,28413,원피스,111100
여름,google,2026-03-22,19,31756,원피스,111100
여름,google,2026-03-29,20,33427,원피스,111100
여름,google,2026-04-05,20,33427,원피스,111100
여름,google,2026-04-12,27,45127,원피스,111100
여름,google,2026-04-19,25,41784,원피스,111100
여름,google,2026-04-26,26,43456,원피스,111100
여름,google,2026-05-03,27,45127,원피스,111100
여름,google,2026-05-10,39,65184,원피스,111100
여름,google,2026-05-17,39,65184,원피스,111100
여름,google,2026-05-24,46,76883,원피스,111100
여름,google,2026-05-31,50,83569,원피스,111100
여름,google,2026-06-07,42,70198,원피스,111100
여름,google,2026-06-14,46,76883,원피스,111100
여름,google,2026-06-21,49,81898,원피스,111100
여름,google,2026-06-28,53,88583,원피스,111100
여름,google,2026-07-05,56,93597,원피스,111100
여름,google,2026-07-12,55,91926,원피스,111100
여름,google,2026-07-19,52,86912,원피스,111100
여름,google,2026-07-26,53,88583,원피스,111100
여름,google,2026-08-02,52,86912,원피스,111100
여름,google,2026-08-09,31,51813,원피스,111100
여름,google,2026-08-16,29,48470,원피스,111100
여름,google,2026-08-23,31,51813,원피스,111100
여름,google,2026-08-30,20,33427,원피스,111100
여름,google,2026-09-06,15,25070,원피스,111100
여름,google,2026-09-13,16,26742,원피스,111100
저녁,google,2025-09-14,9,15042,원피스,111100
저녁,google,2025-09-21,9,15042,원피스,111100
저녁,google,2025-09-28,9,15042,원피스,111100
저녁,google,2025-10-05,9,15042,원피스,111100
저녁,google,2025-10-12,9,15042,원피스,111100
저녁,google,2025-10-19,9,15042,원피스,111100
저녁,google,2025-10-26,9,15042,원피스,111100
저녁,google,2025-11-02,10,16713,원피스,111100
저녁,google,2025-11-09,12,20056,원피스,111100
저녁,google,2025-11-16,10,16713,원피스,111100
저녁,google,2025-11-23,10,16713,원피스,111100
저녁,google,2025-11-30,10,16713,원피스,111100
저녁,google,2025-12-07,11,18385,원피스,111100
저녁,google,2025-12-14,11,18385,원피스,111100
저녁,google,2025-12-21,10,16713,원피스,111100
저녁,google,2025-12-28,10,16713,원피스,111100
저녁,google,2026-01-04,10,16713,원피스,111100
저녁,google,2026-01-11,11,18385,원피스,111100
저녁,google,2026-01-18,10,16713,원피스,111100
저녁,google,2026-01-25,9,15042,원피스,111100
저녁,google,2026-02-01,9,15042,원피스,111100
저녁,google,2026-02-08,8,13371,원피스,111100
저녁,google,2026-02-15,8,13371,원피스,111100
저녁,google,2026-02-22,11,18385,원피스,111100
저녁,google,2026-03-01,11,18385,원피스,111100
저녁,google,2026-03-08,11,18385,원피스,111100
저녁,google,2026-03-15,11,18385,원피스,111100
저녁,google,2026-03-22,11,18385,원피스,111100
저녁,google,2026-03-29,12,20056,원피스,111100
저녁,google,2026-04-05,10,16713,원피스,111100
저녁,google,2026-04-12,11,18385,원피스,111100
저녁,google,2026-04-19,11,18385,원피스,111100
저녁,google,2026-04-26,11,18385,원피스,111100
저녁,google,2026-05-03,12,20056,원피스,111100
저녁,google,2026-05-10,13,21728,원피스,111100
저녁,google,2026-05-17,11,18385,원피스,111100
저녁,google,2026-05-24,12,20056,원피스,111100
저녁,google,2026-05-31,12,20056,원피스,111100
저녁,google,2026-06-07,12,20056,원피스,111100
저녁,google,2026-06-14,11,18385,원피스,111100
저녁,google,2026-06-21,13,21728,원피스,111100
저녁,google,2026-06-28,14,23399,원피스,111100
저녁,google,2026-07-05,14,23399,원피스,111100
저녁,google,2026-07-12,12,20056,원피스,111100
저녁,google,2026-07-19,13,21728,원피스,111100
저녁,google,2026-07-26,12,20056,원피스,111100
저녁,google,2026-08-02,11,18385,원피스,111100
저녁,google,2026-08-09,10,16713,원피스,111100
저녁,google,2026-08-16,11,18385,원피스,111100
저녁,google,2026-08-23,11,18385,원피스,111100
저녁,google,2026-08-30,11,18385,원피스,111100
저녁,google,2026-09-06,12,20056,원피스,111100
저녁,google,2026-09-13,12,20056,원피스,111100
주말,google,2025-09-14,11,18385,원피스,111100
주말,google,2025-09-21,12,20056,원피스,111100
주말,google,2025-09-28,8,13371,원피스,111100
주말,google,2025-10-05,10,16713,원피스,111100
주말,google,2025-10-12,11,18385,원피스,111100
주말,google,2025-10-19,13,21728,원피스,111100
주말,google,2025-10-26,12,20056,원피스,111100
주말,google,2025-11-02,13,21728,원피스,111100
주말,google,2025-11-09,13,21728,원피스,111100
주말,google,2025-11-16,12,20056,원피스,111100
주말,google,2025-11-23,13,21728,원피스,111100
주말,google,2025-11-30,13,21728,원피스,111100
주말,google,2025-12-07,13,21728,원피스,111100
주말,google,2025-12-14,12,20056,원피스,111100
주말,google,2025-12-21,11,18385,원피스,111100
주말,google,2025-12-28,12,20056,원피스,111100
주말,google,2026-01-04,12,20056,원피스,111100
주말,google,2026-01-11,12,20056,원피스,111100
주말,google,2026-01-18,13,21728,원피스,111100
주말,google,2026-01-25,12,20056,원피스,111100
주말,google,2026-02-01,12,20056,원피스,111100
주말,google,2026-02-08,11,18385,원피스,111100
주말,google,2026-02-15,11,18385,원피스,111100
주말,google,2026-02-22,15,25070,원피스,111100
주말,google,2026-03-01,15,25070,원피스,111100
주말,google,2026-03-08,14,23399,원피스,111100
주말,google,2026-03-15,14,23399,원피스,111100
주말,google,2026-03-22,14,23399,원피스,111100
주말,google,2026-03-29,14,23399,원피스,111100
주말,google,2026-04-05,12,20056,원피스,111100
주말,google,2026-04-12,13,21728,원피스,111100
주말,google,2026-04-19,12,20056,원피스,111100
주말,google,2026-04-26,12,20056,원피스,111100
주말,google,2026-05-03,15,25070,원피스,111100
주말,google,2026-05-10,14,23399,원피스,111100
주말,google,2026-05-17,14,23399,원피스,111100
주말,google,2026-05-24,13,21728,원피스,111100
주말,google,2026-05-31,14,23399,원피스,111100
주말,google,2026-06-07,13,21728,원피스,111100
주말,google,2026-06-14,13,21728,원피스,111100
주말,google,2026-06-21,13,21728,원피스,111100
주말,google,2026-06-28,15,25070,원피스,111100
주말,google,2026-07-05,14,23399,원피스,111100
주말,google,2026-07-12,12,20056,원피스,111100
주말,google,2026-07-19,12,20056,원피스,111100
주말,google,2026-07-26,11,18385,원피스,111100
주말,google,2026-08-02,12,20056,원피스,111100
주말,google,2026-08-09,11,18385,원피스,111100
주말,google,2026-08-16,12,20056,원피스,111100
주말,google,2026-08-23,12,20056,원피스,111100
주말,google,2026-08-30,11,18385,원피스,111100
주말,google,2026-09-06,11,18385,원피스,111100
주말,google,2026-09-13,15,25070,원피스,111100
평일,google,2025-09-14,2,3342,원피스,111100
평일,google,2025-09-21,2,3342,원피스,111100
평일,google,2025-09-28,2,3342,원피스,111100
평일,google,2025-10-05,2,3342,원피스,111100
평일,google,2025-10-12,2,3342,원피스,111100
평일,google,2025-10-19,3,5014,원피스,111100
평일,google,2025-10-26,3,5014,원피스,111100
평일,google,2025-11-02,3,5014,원피스,111100
평일,google,2025-11-09,3,5014,원피스,111100
평일,google,2025-11-16,3,5014,원피스,111100
평일,google,2025-11-23,3,5014,원피스,111100
평일,google,2025-11-30,3,5014,원피스,111100
평일,google,2025-12-07,3,5014,원피스,111100
평일,google,2025-12-14,3,5014,원피스,111100
평일,google,2025-12-21,3,5014,원피스,111100
평일,google,2025-12-28,3,5014,원피스,111100
평일,google,2026-01-04,3,5014,원피스,111100
평일,google,2026-01-11,3,5014,원피스,111100
평일,google,2026-01-18,3,5014,원피스,111100
평일,google,2026-01-25,3,5014,원피스,111100
평일,google,2026-02-01,3,5014,원피스,111100
평일,google,2026-02-08,3,5014,원피스,111100
평일,google,2026-02-15,2,3342,원피스,111100
평일,google,2026-02-22,3,5014,원피스,111100
평일,google,2026-03-01,3,5014,원피스,111100
평일,google,2026-03-08,3,5014,원피스,111100
평일,google,2026-03-15,3,5014,원피스,111100
평일,google,2026-03-22,3,5014,원피스,111100
평일,google,2026-03-29,4,6685,원피스,111100
평일,google,2026-04-05,3,5014,원피스,111100
평일,google,2026-04-12,3,5014,원피스,111100
평일,google,2026-04-19,3,5014,원피스,111100
평일,google,2026-04-26,3,5014,원피스,111100
평일,google,2026-05-03,4,6685,원피스,111100
평일,google,2026-05-10,4,6685,원피스,111100
평일,google,2026-05-17,3,5014,원피스,111100
평일,google,2026-05-24,4,6685,원피스,111100
평일,google,2026-05-31,3,5014,원피스,111100
평일,google,2026-06-07,4,6685,원피스,111100
평일,google,2026-06-14,3,5014,원피스,111100
평일,google,2026-06-21,4,6685,원피스,111100
평일,google,2026-06-28,4,6685,원피스,111100
평일,google,2026-07-05,4,6685,원피스,111100
평일,google,2026-07-12,4,6685,원피스,111100
평일,google,2026-07-19,4,6685,원피스,111100
평일,google,2026-07-26,3,5014,원피스,111100
평일,google,2026-08-02,4,6685,원피스,111100
평일,google,2026-08-09,4,6685,원피스,111100
평일,google,2026-08-16,4,6685,원피스,111100
평일,google,2026-08-23,3,5014,원피스,111100
평일,google,2026-08-30,3,5014,원피스,111100
평일,google,2026-09-06,3,5014,원피스,111100
평일,google,2026-09-13,3,5014,원피스,111100
나이트,google,2025-09-14,53,88583,원피스,111100
나이트,google,2025-09-21,56,93597,원피스,111100
나이트,google,2025-09-28,50,83569,원피스,111100
나이트,google,2025-10-05,60,100283,원피스,111100
나이트,google,2025-10-12,41,68526,원피스,111100
나이트,google,2025-10-19,70,116997,원피스,111100
나이트,google,2025-10-26,100,167138,원피스,111100
나이트,google,2025-11-02,62,103626,원피스,111100
나이트,google,2025-11-09,46,76883,원피스,111100
나이트,google,2025-11-16,37,61841,원피스,111100
나이트,google,2025-11-23,37,61841,원피스,111100
나이트,google,2025-11-30,34,56827,원피스,111100
나이트,google,2025-12-07,42,70198,원피스,111100
나이트,google,2025-12-14,39,65184,원피스,111100
나이트,google,2025-12-21,40,66855,원피스,111100
나이트,google,2025-12-28,39,65184,원피스,111100
나이트,google,2026-01-04,35,58498,원피스,111100
나이트,google,2026-01-11,31,51813,원피스,111100
나이트,google,2026-01-18,31,51813,원피스,111100
나이트,google,2026-01-25,32,53484,원피스,111100
나이트,google,2026-02-01,32,53484,원피스,111100
나이트,google,2026-02-08,29,48470,원피스,111100
나이트,google,2026-02-15,33,55155,원피스,111100
나이트,google,2026-02-22,31,51813,원피스,111100
나이트,google,2026-03-01,31,51813,원피스,111100
나이트,google,2026-03-08,27,45127,원피스,111100
나이트,google,2026-03-15,28,46798,원피스,111100
나이트,google,2026-03-22,28,46798,원피스,111100
나이트,google,2026-03-29,25,41784,원피스,111100
나이트,google,2026-04-05,24,40113,원피스,111100
나이트,google,2026-04-12,24,40113,원피스,111100
나이트,google,2026-04-19,25,41784,원피스,111100
나이트,google,2026-04-26,26,43456,원피스,111100
나이트,google,2026-05-03,27,45127,원피스,111100
나이트,google,2026-05-10,26,43456,원피스,111100
나이트,google,2026-05-17,27,45127,원피스,111100
나이트,google,2026-05-24,28,46798,원피스,111100
나이트,google,2026-05-31,28,46798,원피스,111100
나이트,google,2026-06-07,27,45127,원피스,111100
나이트,google,2026-06-14,27,45127,원피스,111100
나이트,google,2026-06-21,26,43456,원피스,111100
나이트,google,2026-06-28,25,41784,원피스,111100
나이트,google,2026-07-05,25,41784,원피스,111100
나이트,google,2026-07-12,30,50141,원피스,111100
나이트,google,2026-07-19,32,53484,원피스,111100
나이트,google,2026-07-26,33,55155,원피스,111100
나이트,google,2026-08-02,29,48470,원피스,111100
나이트,google,2026-08-09,25,41784,원피스,111100
나이트,google,2026-08-16,31,51813,원피스,111100
나이트,google,2026-08-23,28,46798,원피스,111100
나이트,google,2026-08-30,25,41784,원피스,111100
나이트,google,2026-09-06,26,43456,원피스,111100
나이트,google,2026-09-13,26,43456,원피스,111100
데일리,google,2025-09-14,8,13371,원피스,111100
데일리,google,2025-09-21,8,13371,원피스,111100
데일리,google,2025-09-28,8,13371,원피스,111100
데일리,google,2025-10-05,7,11699,원피스,111100
데일리,google,2025-10-12,8,13371,원피스,111100
데일리,google,2025-10-19,8,13371,원피스,111100
데일리,google,2025-10-26,9,15042,원피스,111100
데일리,google,2025-11-02,9,15042,원피스,111100
데일리,google,2025-11-09,10,16713,원피스,111100
데일리,google,2025-11-16,10,16713,원피스,111100
데일리,google,2025-11-23,9,15042,원피스,111100
데일리,google,2025-11-30,9,15042,원피스,111100
데일리,google,2025-12-07,9,15042,원피스,111100
데일리,google,2025-12-14,9,15042,원피스,111100
데일리,google,2025-12-21,9,15042,원피스,111100
데일리,google,2025-12-28,9,15042,원피스,111100
데일리,google,2026-01-04,9,15042,원피스,111100
데일리,google,2026-01-11,9,15042,원피스,111100
데일리,google,2026-01-18,9,15042,원피스,111100
데일리,google,2026-01-25,9,15042,원피스,111100
데일리,google,2026-02-01,9,15042,원피스,111100
데일리,google,2026-02-08,9,15042,원피스,111100
데일리,google,2026-02-15,8,13371,원피스,111100
데일리,google,2026-02-22,10,16713,원피스,111100
데일리,google,2026-03-01,9,15042,원피스,111100
데일리,google,2026-03-08,10,16713,원피스,111100
데일리,google,2026-03-15,10,16713,원피스,111100
데일리,google,2026-03-22,9,15042,원피스,111100
데일리,google,2026-03-29,10,16713,원피스,111100
데일리,google,2026-04-05,8,13371,원피스,111100
데일리,google,2026-04-12,9,15042,원피스,111100
데일리,google,2026-04-19,9,15042,원피스,111100
데일리,google,2026-04-26,8,13371,원피스,111100
데일리,google,2026-05-03,9,15042,원피스,111100
데일리,google,2026-05-10,9,15042,원피스,111100
데일리,google,2026-05-17,9,15042,원피스,111100
데일리,google,2026-05-24,9,15042,원피스,111100
데일리,google,2026-05-31,10,16713,원피스,111100
데일리,google,2026-06-07,9,15042,원피스,111100
데일리,google,2026-06-14,9,15042,원피스,111100
데일리,google,2026-06-21,9,15042,원피스,111100
데일리,google,2026-06-28,11,18385,원피스,111100
데일리,google,2026-07-05,8,13371,원피스,111100
데일리,google,2026-07-12,8,13371,원피스,111100
데일리,google,2026-07-19,8,13371,원피스,111100
데일리,google,2026-07-26,8,13371,원피스,111100
데일리,google,2026-08-02,7,11699,원피스,111100
데일리,google,2026-08-09,7,11699,원피스,111100
데일리,google,2026-08-16,8,13371,원피스,111100
데일리,google,2026-08-23,8,13371,원피스,111100
데일리,google,2026-08-30,7,11699,원피스,111100
데일리,google,2026-09-06,8,13371,원피스,111100
데일리,google,2026-09-13,7,11699,원피스,111100
환절기,google,2025-09-14,2,3342,원피스,111100
환절기,google,2025-09-21,2,3342,원피스,111100
환절기,google,2025-09-28,2,3342,원피스,111100
환절기,google,2025-10-05,1,1671,원피스,111100
환절기,google,2025-10-12,1,1671,원피스,111100
환절기,google,2025-10-19,2,3342,원피스,111100
환절기,google,2025-10-26,2,3342,원피스,111100
환절기,google,2025-11-02,1,1671,원피스,111100
환절기,google,2025-11-09,1,1671,원피스,111100
환절기,google,2025-11-16,1,1671,원피스,111100
환절기,google,2025-11-23,1,1671,원피스,111100
환절기,google,2025-11-30,0,0,원피스,111100
환절기,google,2025-12-07,0,0,원피스,111100
환절기,google,2025-12-14,0,0,원피스,111100
환절기,google,2025-12-21,0,0,원피스,111100
환절기,google,2025-12-28,0,0,원피스,111100
환절기,google,2026-01-04,0,0,원피스,111100
환절기,google,2026-01-11,0,0,원피스,111100
환절기,google,2026-01-18,0,0,원피스,111100
환절기,google,2026-01-25,0,0,원피스,111100
환절기,google,2026-02-01,0,0,원피스,111100
환절기,google,2026-02-08,0,0,원피스,111100
환절기,google,2026-02-15,0,0,원피스,111100
환절기,google,2026-02-22,1,1671,원피스,111100
환절기,google,2026-03-01,1,1671,원피스,111100
환절기,google,2026-03-08,1,1671,원피스,111100
환절기,google,2026-03-15,1,1671,원피스,111100
환절기,google,2026-03-22,1,1671,원피스,111100
환절기,google,2026-03-29,1,1671,원피스,111100
환절기,google,2026-04-05,1,1671,원피스,111100
환절기,google,2026-04-12,1,1671,원피스,111100
환절기,google,2026-04-19,1,1671,원피스,111100
환절기,google,2026-04-26,1,1671,원피스,111100
환절기,google,2026-05-03,1,1671,원피스,111100
환절기,google,2026-05-10,0,0,원피스,111100
환절기,google,2026-05-17,0,0,원피스,111100
환절기,google,2026-05-24,0,0,원피스,111100
환절기,google,2026-05-31,0,0,원피스,111100
환절기,google,2026-06-07,0,0,원피스,111100
환절기,google,2026-06-14,0,0,원피스,111100
환절기,google,2026-06-21,0,0,원피스,111100
환절기,google,2026-06-28,0,0,원피스,111100
환절기,google,2026-07-05,0,0,원피스,111100
환절기,google,2026-07-12,0,0,원피스,111100
환절기,google,2026-07-19,0,0,원피스,111100
환절기,google,2026-07-26,0,0,원피스,111100
환절기,google,2026-08-02,0,0,원피스,111100
환절기,google,2026-08-09,0,0,원피스,111100
환절기,google,2026-08-16,0,0,원피스,111100
환절기,google,2026-08-23,0,0,원피스,111100
환절기,google,2026-08-30,1,1671,원피스,111100
환절기,google,2026-09-06,2,3342,원피스,111100
환절기,google,2026-09-13,2,3342,원피스,111100
연말연시,google,2025-09-14,0,0,원피스,111100
연말연시,google,2025-09-21,0,0,원피스,111100
연말연시,google,2025-09-28,0,0,원피스,111100
연말연시,google,2025-10-05,0,0,원피스,111100
연말연시,google,2025-10-12,0,0,원피스,111100
연말연시,google,2025-10-19,0,0,원피스,111100
연말연시,google,2025-10-26,0,0,원피스,111100
연말연시,google,2025-11-02,0,0,원피스,111100
연말연시,google,2025-11-09,0,0,원피스,111100
연말연시,google,2025-11-16,0,0,원피스,111100
연말연시,google,2025-11-23,0,0,원피스,111100
연말연시,google,2025-11-30,0,0,원피스,111100
연말연시,google,2025-12-07,1,1671,원피스,111100
연말연시,google,2025-12-14,1,1671,원피스,111100
연말연시,google,2025-12-21,2,3342,원피스,111100
연말연시,google,2025-12-28,2,3342,원피스,111100
연말연시,google,2026-01-04,0,0,원피스,111100
연말연시,google,2026-01-11,0,0,원피스,111100
연말연시,google,2026-01-18,0,0,원피스,111100
연말연시,google,2026-01-25,0,0,원피스,111100
연말연시,google,2026-02-01,0,0,원피스,111100
연말연시,google,2026-02-08,0,0,원피스,111100
연말연시,google,2026-02-15,0,0,원피스,111100
연말연시,google,2026-02-22,0,0,원피스,111100
연말연시,google,2026-03-01,0,0,원피스,111100
연말연시,google,2026-03-08,0,0,원피스,111100
연말연시,google,2026-03-15,0,0,원피스,111100
연말연시,google,2026-03-22,0,0,원피스,111100
연말연시,google,2026-03-29,0,0,원피스,111100
연말연시,google,2026-04-05,0,0,원피스,111100
연말연시,google,2026-04-12,0,0,원피스,111100
연말연시,google,2026-04-19,0,0,원피스,111100
연말연시,google,2026-04-26,0,0,원피스,111100
연말연시,google,2026-05-03,0,0,원피스,111100
연말연시,google,2026-05-10,0,0,원피스,111100
연말연시,google,2026-05-17,0,0,원피스,111100
연말연시,google,2026-05-24,0,0,원피스,111100
연말연시,google,2026-05-31,0,0,원피스,111100
연말연시,google,2026-06-07,0,0,원피스,111100
연말연시,google,2026-06-14,0,0,원피스,111100
연말연시,google,2026-06-21,0,0,원피스,111100
연말연시,google,2026-06-28,0,0,원피스,111100
연말연시,google,2026-07-05,0,0,원피스,111100
연말연시,google,2026-07-12,0,0,원피스,111100
연말연시,google,2026-07-19,0,0,원피스,111100
연말연시,google,2026-07-26,0,0,원피스,111100
연말연시,google,2026-08-02,0,0,원피스,111100
연말연시,google,2026-08-09,0,0,원피스,111100
연말연시,google,2026-08-16,0,0,원피스,111100
연말연시,google,2026-08-23,0,0,원피스,111100
연말연시,google,2026-08-30,0,0,원피스,111100
연말연시,google,2026-09-06,0,0,원피스,111100
연말연시,google,2026-09-13,0,0,원피스,111100
공항,google,2025-09-14,80,133711,원피스,111100
공항,google,2025-09-21,84,140396,원피스,111100
공항,google,2025-09-28,94,157110,원피스,111100
공항,google,2025-10-05,72,120339,원피스,111100
공항,google,2025-10-12,74,123682,원피스,111100
공항,google,2025-10-19,79,132039,원피스,111100
공항,google,2025-10-26,80,133711,원피스,111100
공항,google,2025-11-02,83,138725,원피스,111100
공항,google,2025-11-09,82,137053,원피스,111100
공항,google,2025-11-16,82,137053,원피스,111100
공항,google,2025-11-23,81,135382,원피스,111100
공항,google,2025-11-30,87,145410,원피스,111100
공항,google,2025-12-07,84,140396,원피스,111100
공항,google,2025-12-14,94,157110,원피스,111100
공항,google,2025-12-21,94,157110,원피스,111100
공항,google,2025-12-28,95,158781,원피스,111100
공항,google,2026-01-04,100,167138,원피스,111100
공항,google,2026-01-11,97,162124,원피스,111100
공항,google,2026-01-18,100,167138,원피스,111100
공항,google,2026-01-25,98,163796,원피스,111100
공항,google,2026-02-01,92,153767,원피스,111100
공항,google,2026-02-08,90,150424,원피스,111100
공항,google,2026-02-15,72,120339,원피스,111100
공항,google,2026-02-22,85,142067,원피스,111100
공항,google,2026-03-01,84,140396,원피스,111100
공항,google,2026-03-08,71,118668,원피스,111100
공항,google,2026-03-15,79,132039,원피스,111100
공항,google,2026-03-22,73,122011,원피스,111100
공항,google,2026-03-29,69,115325,원피스,111100
공항,google,2026-04-05,67,111982,원피스,111100
공항,google,2026-04-12,63,105297,원피스,111100
공항,google,2026-04-19,60,100283,원피스,111100
공항,google,2026-04-26,64,106968,원피스,111100
공항,google,2026-05-03,62,103626,원피스,111100
공항,google,2026-05-10,71,118668,원피스,111100
공항,google,2026-05-17,67,111982,원피스,111100
공항,google,2026-05-24,65,108640,원피스,111100
공항,google,2026-05-31,68,113654,원피스,111100
공항,google,2026-06-07,60,100283,원피스,111100
공항,google,2026-06-14,63,105297,원피스,111100
공항,google,2026-06-21,76,127025,원피스,111100
공항,google,2026-06-28,79,132039,원피스,111100
공항,google,2026-07-05,86,143739,원피스,111100
공항,google,2026-07-12,77,128696,원피스,111100
공항,google,2026-07-19,61,101954,원피스,111100
공항,google,2026-07-26,70,116997,원피스,111100
공항,google,2026-08-02,68,113654,원피스,111100
공항,google,2026-08-09,72,120339,원피스,111100
공항,google,2026-08-16,72,120339,원피스,111100
공항,google,2026-08-23,76,127025,원피스,111100
공항,google,2026-08-30,66,110311,원피스,111100
공항,google,2026-09-06,69,115325,원피스,111100
공항,google,2026-09-13,78,130368,원피스,111100
도심,google,2025-09-14,2,3342,원피스,111100
도심,google,2025-09-21,2,3342,원피스,111100
도심,google,2025-09-28,2,3342,원피스,111100
도심,google,2025-10-05,2,3342,원피스,111100
도심,google,2025-10-12,2,3342,원피스,111100
도심,google,2025-10-19,2,3342,원피스,111100
도심,google,2025-10-26,2,3342,원피스,111100
도심,google,2025-11-02,3,5014,원피스,111100
도심,google,2025-11-09,3,5014,원피스,111100
도심,google,2025-11-16,3,5014,원피스,111100
도심,google,2025-11-23,2,3342,원피스,111100
도심,google,2025-11-30,3,5014,원피스,111100
도심,google,2025-12-07,3,5014,원피스,111100
도심,google,2025-12-14,2,3342,원피스,111100
도심,google,2025-12-21,2,3342,원피스,111100
도심,google,2025-12-28,2,3342,원피스,111100
도심,google,2026-01-04,3,5014,원피스,111100
도심,google,2026-01-11,2,3342,원피스,111100
도심,google,2026-01-18,3,5014,원피스,111100
도심,google,2026-01-25,3,5014,원피스,111100
도심,google,2026-02-01,2,3342,원피스,111100
도심,google,2026-02-08,2,3342,원피스,111100
도심,google,2026-02-15,2,3342,원피스,111100
도심,google,2026-02-22,3,5014,원피스,111100
도심,google,2026-03-01,3,5014,원피스,111100
도심,google,2026-03-08,3,5014,원피스,111100
도심,google,2026-03-15,3,5014,원피스,111100
도심,google,2026-03-22,3,5014,원피스,111100
도심,google,2026-03-29,3,5014,원피스,111100
도심,google,2026-04-05,3,5014,원피스,111100
도심,google,2026-04-12,3,5014,원피스,111100
도심,google,2026-04-19,3,5014,원피스,111100
도심,google,2026-04-26,3,5014,원피스,111100
도심,google,2026-05-03,3,5014,원피스,111100
도심,google,2026-05-10,3,5014,원피스,111100
도심,google,2026-05-17,3,5014,원피스,111100
도심,google,2026-05-24,3,5014,원피스,111100
도심,google,2026-05-31,3,5014,원피스,111100
도심,google,2026-06-07,3,5014,원피스,111100
도심,google,2026-06-14,3,5014,원피스,111100
도심,google,2026-06-21,3,5014,원피스,111100
도심,google,2026-06-28,3,5014,원피스,111100
도심,google,2026-07-05,3,5014,원피스,111100
도심,google,2026-07-12,3,5014,원피스,111100
도심,google,2026-07-19,3,5014,원피스,111100
도심,google,2026-07-26,2,3342,원피스,111100
도심,google,2026-08-02,2,3342,원피스,111100
도심,google,2026-08-09,3,5014,원피스,111100
도심,google,2026-08-16,3,5014,원피스,111100
도심,google,2026-08-23,2,3342,원피스,111100
도심,google,2026-08-30,2,3342,원피스,111100
도심,google,2026-09-06,2,3342,원피스,111100
도심,google,2026-09-13,2,3342,원피스,111100
영화관,google,2025-09-14,14,23399,원피스,111100
영화관,google,2025-09-21,17,28413,원피스,111100
영화관,google,2025-09-28,22,36770,원피스,111100
영화관,google,2025-10-05,26,43456,원피스,111100
영화관,google,2025-10-12,13,21728,원피스,111100
영화관,google,2025-10-19,14,23399,원피스,111100
영화관,google,2025-10-26,13,21728,원피스,111100
영화관,google,2025-11-02,11,18385,원피스,111100
영화관,google,2025-11-09,12,20056,원피스,111100
영화관,google,2025-11-16,12,20056,원피스,111100
영화관,google,2025-11-23,17,28413,원피스,111100
영화관,google,2025-11-30,16,26742,원피스,111100
영화관,google,2025-12-07,16,26742,원피스,111100
영화관,google,2025-12-14,19,31756,원피스,111100
영화관,google,2025-12-21,22,36770,원피스,111100
영화관,google,2025-12-28,18,30084,원피스,111100
영화관,google,2026-01-04,11,18385,원피스,111100
영화관,google,2026-01-11,11,18385,원피스,111100
영화관,google,2026-01-18,11,18385,원피스,111100
영화관,google,2026-01-25,10,16713,원피스,111100
영화관,google,2026-02-01,11,18385,원피스,111100
영화관,google,2026-02-08,10,16713,원피스,111100
영화관,google,2026-02-15,15,25070,원피스,111100
영화관,google,2026-02-22,12,20056,원피스,111100
영화관,google,2026-03-01,16,26742,원피스,111100
영화관,google,2026-03-08,12,20056,원피스,111100
영화관,google,2026-03-15,14,23399,원피스,111100
영화관,google,2026-03-22,13,21728,원피스,111100
영화관,google,2026-03-29,11,18385,원피스,111100
영화관,google,2026-04-05,11,18385,원피스,111100
영화관,google,2026-04-12,10,16713,원피스,111100
영화관,google,2026-04-19,9,15042,원피스,111100
영화관,google,2026-04-26,13,21728,원피스,111100
영화관,google,2026-05-03,13,21728,원피스,111100
영화관,google,2026-05-10,10,16713,원피스,111100
영화관,google,2026-05-17,12,20056,원피스,111100
영화관,google,2026-05-24,15,25070,원피스,111100
영화관,google,2026-05-31,13,21728,원피스,111100
영화관,google,2026-06-07,11,18385,원피스,111100
영화관,google,2026-06-14,11,18385,원피스,111100
영화관,google,2026-06-21,11,18385,원피스,111100
영화관,google,2026-06-28,10,16713,원피스,111100
영화관,google,2026-07-05,12,20056,원피스,111100
영화관,google,2026-07-12,15,25070,원피스,111100
영화관,google,2026-07-19,15,25070,원피스,111100
영화관,google,2026-07-26,25,41784,원피스,111100
영화관,google,2026-08-02,30,50141,원피스,111100
영화관,google,2026-08-09,30,50141,원피스,111100
영화관,google,2026-08-16,27,45127,원피스,111100
영화관,google,2026-08-23,20,33427,원피스,111100
영화관,google,2026-08-30,14,23399,원피스,111100
영화관,google,2026-09-06,12,20056,원피스,111100
영화관,google,2026-09-13,13,21728,원피스,111100
오피스,google,2025-09-14,73,122011,원피스,111100
오피스,google,2025-09-21,76,127025,원피스,111100
오피스,google,2025-09-28,81,135382,원피스,111100
오피스,google,2025-10-05,75,125354,원피스,111100
오피스,google,2025-10-12,76,127025,원피스,111100
오피스,google,2025-10-19,75,125354,원피스,111100
오피스,google,2025-10-26,71,118668,원피스,111100
오피스,google,2025-11-02,79,132039,원피스,111100
오피스,google,2025-11-09,78,130368,원피스,111100
오피스,google,2025-11-16,76,127025,원피스,111100
오피스,google,2025-11-23,75,125354,원피스,111100
오피스,google,2025-11-30,71,118668,원피스,111100
오피스,google,2025-12-07,74,123682,원피스,111100
오피스,google,2025-12-14,75,125354,원피스,111100
오피스,google,2025-12-21,66,110311,원피스,111100
오피스,google,2025-12-28,69,115325,원피스,111100
오피스,google,2026-01-04,70,116997,원피스,111100
오피스,google,2026-01-11,71,118668,원피스,111100
오피스,google,2026-01-18,73,122011,원피스,111100
오피스,google,2026-01-25,69,115325,원피스,111100
오피스,google,2026-02-01,72,120339,원피스,111100
오피스,google,2026-02-08,63,105297,원피스,111100
오피스,google,2026-02-15,60,100283,원피스,111100
오피스,google,2026-02-22,68,113654,원피스,111100
오피스,google,2026-03-01,77,128696,원피스,111100
오피스,google,2026-03-08,79,132039,원피스,111100
오피스,google,2026-03-15,75,125354,원피스,111100
오피스,google,2026-03-22,78,130368,원피스,111100
오피스,google,2026-03-29,71,118668,원피스,111100
오피스,google,2026-04-05,65,108640,원피스,111100
오피스,google,2026-04-12,64,106968,원피스,111100
오피스,google,2026-04-19,62,103626,원피스,111100
오피스,google,2026-04-26,69,115325,원피스,111100
오피스,google,2026-05-03,68,113654,원피스,111100
오피스,google,2026-05-10,75,125354,원피스,111100
오피스,google,2026-05-17,68,113654,원피스,111100
오피스,google,2026-05-24,62,103626,원피스,111100
오피스,google,2026-05-31,66,110311,원피스,111100
오피스,google,2026-06-07,62,103626,원피스,111100
오피스,google,2026-06-14,64,106968,원피스,111100
오피스,google,2026-06-21,58,96940,원피스,111100
오피스,google,2026-06-28,61,101954,원피스,111100
오피스,google,2026-07-05,59,98611,원피스,111100
오피스,google,2026-07-12,57,95269,원피스,111100
오피스,google,2026-07-19,60,100283,원피스,111100
오피스,google,2026-07-26,57,95269,원피스,111100
오피스,google,2026-08-02,52,86912,원피스,111100
오피스,google,2026-08-09,51,85240,원피스,111100
오피스,google,2026-08-16,52,86912,원피스,111100
오피스,google,2026-08-23,60,100283,원피스,111100
오피스,google,2026-08-30,57,95269,원피스,111100
오피스,google,2026-09-06,59,98611,원피스,111100
오피스,google,2026-09-13,56,93597,원피스,111100
웨딩홀,google,2025-09-14,5,8356,원피스,111100
웨딩홀,google,2025-09-21,4,6685,원피스,111100
웨딩홀,google,2025-09-28,3,5014,원피스,111100
웨딩홀,google,2025-10-05,4,6685,원피스,111100
웨딩홀,google,2025-10-12,5,8356,원피스,111100
웨딩홀,google,2025-10-19,4,6685,원피스,111100
웨딩홀,google,2025-10-26,6,10028,원피스,111100
웨딩홀,google,2025-11-02,6,10028,원피스,111100
웨딩홀,google,2025-11-09,5,8356,원피스,111100
웨딩홀,google,2025-11-16,6,10028,원피스,111100
웨딩홀,google,2025-11-23,6,10028,원피스,111100
웨딩홀,google,2025-11-30,5,8356,원피스,111100
웨딩홀,google,2025-12-07,6,10028,원피스,111100
웨딩홀,google,2025-12-14,5,8356,원피스,111100
웨딩홀,google,2025-12-21,5,8356,원피스,111100
웨딩홀,google,2025-12-28,4,6685,원피스,111100
웨딩홀,google,2026-01-04,6,10028,원피스,111100
웨딩홀,google,2026-01-11,6,10028,원피스,111100
웨딩홀,google,2026-01-18,6,10028,원피스,111100
웨딩홀,google,2026-01-25,6,10028,원피스,111100
웨딩홀,google,2026-02-01,6,10028,원피스,111100
웨딩홀,google,2026-02-08,4,6685,원피스,111100
웨딩홀,google,2026-02-15,4,6685,원피스,111100
웨딩홀,google,2026-02-22,6,10028,원피스,111100
웨딩홀,google,2026-03-01,6,10028,원피스,111100
웨딩홀,google,2026-03-08,6,10028,원피스,111100
웨딩홀,google,2026-03-15,6,10028,원피스,111100
웨딩홀,google,2026-03-22,5,8356,원피스,111100
웨딩홀,google,2026-03-29,5,8356,원피스,111100
웨딩홀,google,2026-04-05,5,8356,원피스,111100
웨딩홀,google,2026-04-12,5,8356,원피스,111100
웨딩홀,google,2026-04-19,5,8356,원피스,111100
웨딩홀,google,2026-04-26,4,6685,원피스,111100
웨딩홀,google,2026-05-03,5,8356,원피스,111100
웨딩홀,google,2026-05-10,6,10028,원피스,111100
웨딩홀,google,2026-05-17,4,6685,원피스,111100
웨딩홀,google,2026-05-24,5,8356,원피스,111100
웨딩홀,google,2026-05-31,4,6685,원피스,111100
웨딩홀,google,2026-06-07,4,6685,원피스,111100
웨딩홀,google,2026-06-14,4,6685,원피스,111100
웨딩홀,google,2026-06-21,4,6685,원피스,111100
웨딩홀,google,2026-06-28,4,6685,원피스,111100
웨딩홀,google,2026-07-05,4,6685,원피스,111100
웨딩홀,google,2026-07-12,4,6685,원피스,111100
웨딩홀,google,2026-07-19,3,5014,원피스,111100
웨딩홀,google,2026-07-26,3,5014,원피스,111100
웨딩홀,google,2026-08-02,3,5014,원피스,111100
웨딩홀,google,2026-08-09,3,5014,원피스,111100
웨딩홀,google,2026-08-16,3,5014,원피스,111100
웨딩홀,google,2026-08-23,5,8356,원피스,111100
웨딩홀,google,2026-08-30,4,6685,원피스,111100
웨딩홀,google,2026-09-06,4,6685,원피스,111100
웨딩홀,google,2026-09-13,5,8356,원피스,111100
캠퍼스,google,2025-09-14,79,132039,원피스,111100
캠퍼스,google,2025-09-21,73,122011,원피스,111100
캠퍼스,google,2025-09-28,75,125354,원피스,111100
캠퍼스,google,2025-10-05,59,98611,원피스,111100
캠퍼스,google,2025-10-12,82,137053,원피스,111100
캠퍼스,google,2025-10-19,81,135382,원피스,111100
캠퍼스,google,2025-10-26,75,125354,원피스,111100
캠퍼스,google,2025-11-02,71,118668,원피스,111100
캠퍼스,google,2025-11-09,77,128696,원피스,111100
캠퍼스,google,2025-11-16,91,152096,원피스,111100
캠퍼스,google,2025-11-23,84,140396,원피스,111100
캠퍼스,google,2025-11-30,83,138725,원피스,111100
캠퍼스,google,2025-12-07,86,143739,원피스,111100
캠퍼스,google,2025-12-14,84,140396,원피스,111100
캠퍼스,google,2025-12-21,58,96940,원피스,111100
캠퍼스,google,2025-12-28,51,85240,원피스,111100
캠퍼스,google,2026-01-04,44,73541,원피스,111100
캠퍼스,google,2026-01-11,42,70198,원피스,111100
캠퍼스,google,2026-01-18,41,68526,원피스,111100
캠퍼스,google,2026-01-25,41,68526,원피스,111100
캠퍼스,google,2026-02-01,48,80226,원피스,111100
캠퍼스,google,2026-02-08,42,70198,원피스,111100
캠퍼스,google,2026-02-15,36,60169,원피스,111100
캠퍼스,google,2026-02-22,67,111982,원피스,111100
캠퍼스,google,2026-03-01,100,167138,원피스,111100
캠퍼스,google,2026-03-08,98,163796,원피스,111100
캠퍼스,google,2026-03-15,88,147082,원피스,111100
캠퍼스,google,2026-03-22,88,147082,원피스,111100
캠퍼스,google,2026-03-29,83,138725,원피스,111100
캠퍼스,google,2026-04-05,74,123682,원피스,111100
캠퍼스,google,2026-04-12,81,135382,원피스,111100
캠퍼스,google,2026-04-19,84,140396,원피스,111100
캠퍼스,google,2026-04-26,74,123682,원피스,111100
캠퍼스,google,2026-05-03,80,133711,원피스,111100
캠퍼스,google,2026-05-10,75,125354,원피스,111100
캠퍼스,google,2026-05-17,72,120339,원피스,111100
캠퍼스,google,2026-05-24,78,130368,원피스,111100
캠퍼스,google,2026-05-31,77,128696,원피스,111100
캠퍼스,google,2026-06-07,83,138725,원피스,111100
캠퍼스,google,2026-06-14,79,132039,원피스,111100
캠퍼스,google,2026-06-21,56,93597,원피스,111100
캠퍼스,google,2026-06-28,50,83569,원피스,111100
캠퍼스,google,2026-07-05,41,68526,원피스,111100
캠퍼스,google,2026-07-12,36,60169,원피스,111100
캠퍼스,google,2026-07-19,37,61841,원피스,111100
캠퍼스,google,2026-07-26,35,58498,원피스,111100
캠퍼스,google,2026-08-02,35,58498,원피스,111100
캠퍼스,google,2026-08-09,34,56827,원피스,111100
캠퍼스,google,2026-08-16,36,60169,원피스,111100
캠퍼스,google,2026-08-23,49,81898,원피스,111100
캠퍼스,google,2026-08-30,71,118668,원피스,111100
캠퍼스,google,2026-09-06,94,157110,원피스,111100
캠퍼스,google,2026-09-13,64,106968,원피스,111100
헬스장,google,2025-09-14,15,25070,원피스,111100
헬스장,google,2025-09-21,15,25070,원피스,111100
헬스장,google,2025-09-28,16,26742,원피스,111100
헬스장,google,2025-10-05,15,25070,원피스,111100
헬스장,google,2025-10-12,14,23399,원피스,111100
헬스장,google,2025-10-19,14,23399,원피스,111100
헬스장,google,2025-10-26,15,25070,원피스,111100
헬스장,google,2025-11-02,15,25070,원피스,111100
헬스장,google,2025-11-09,14,23399,원피스,111100
헬스장,google,2025-11-16,15,25070,원피스,111100
헬스장,google,2025-11-23,16,26742,원피스,111100
헬스장,google,2025-11-30,18,30084,원피스,111100
헬스장,google,2025-12-07,16,26742,원피스,111100
헬스장,google,2025-12-14,17,28413,원피스,111100
헬스장,google,2025-12-21,18,30084,원피스,111100
헬스장,google,2025-12-28,20,33427,원피스,111100
헬스장,google,2026-01-04,21,35099,원피스,111100
헬스장,google,2026-01-11,19,31756,원피스,111100
헬스장,google,2026-01-18,20,33427,원피스,111100
헬스장,google,2026-01-25,19,31756,원피스,111100
헬스장,google,2026-02-01,17,28413,원피스,111100
헬스장,google,2026-02-08,17,28413,원피스,111100
헬스장,google,2026-02-15,15,25070,원피스,111100
헬스장,google,2026-02-22,20,33427,원피스,111100
헬스장,google,2026-03-01,20,33427,원피스,111100
헬스장,google,2026-03-08,17,28413,원피스,111100
헬스장,google,2026-03-15,17,28413,원피스,111100
헬스장,google,2026-03-22,16,26742,원피스,111100
헬스장,google,2026-03-29,16,26742,원피스,111100
헬스장,google,2026-04-05,14,23399,원피스,111100
헬스장,google,2026-04-12,14,23399,원피스,111100
헬스장,google,2026-04-19,14,23399,원피스,111100
헬스장,google,2026-04-26,14,23399,원피스,111100
헬스장,google,2026-05-03,14,23399,원피스,111100
헬스장,google,2026-05-10,15,25070,원피스,111100
헬스장,google,2026-05-17,14,23399,원피스,111100
헬스장,google,2026-05-24,15,25070,원피스,111100
헬스장,google,2026-05-31,15,25070,원피스,111100
헬스장,google,2026-06-07,12,20056,원피스,111100
헬스장,google,2026-06-14,14,23399,원피스,111100
헬스장,google,2026-06-21,14,23399,원피스,111100
헬스장,google,2026-06-28,16,26742,원피스,111100
헬스장,google,2026-07-05,18,30084,원피스,111100
헬스장,google,2026-07-12,15,25070,원피스,111100
헬스장,google,2026-07-19,16,26742,원피스,111100
헬스장,google,2026-07-26,14,23399,원피스,111100
헬스장,google,2026-08-02,15,25070,원피스,111100
헬스장,google,2026-08-09,12,20056,원피스,111100
헬스장,google,2026-08-16,14,23399,원피스,111100
헬스장,google,2026-08-23,17,28413,원피스,111100
헬스장,google,2026-08-30,15,25070,원피스,111100
헬스장,google,2026-09-06,14,23399,원피스,111100
헬스장,google,2026-09-13,13,21728,원피스,111100
워터파크,google,2025-09-14,9,15042,원피스,111100
워터파크,google,2025-09-21,9,15042,원피스,111100
워터파크,google,2025-09-28,8,13371,원피스,111100
워터파크,google,2025-10-05,9,15042,원피스,111100
워터파크,google,2025-10-12,7,11699,원피스,111100
워터파크,google,2025-10-19,6,10028,원피스,111100
워터파크,google,2025-10-26,6,10028,원피스,111100
워터파크,google,2025-11-02,7,11699,원피스,111100
워터파크,google,2025-11-09,6,10028,원피스,111100
워터파크,google,2025-11-16,8,13371,원피스,111100
워터파크,google,2025-11-23,8,13371,원피스,111100
워터파크,google,2025-11-30,8,13371,원피스,111100
워터파크,google,2025-12-07,7,11699,원피스,111100
워터파크,google,2025-12-14,8,13371,원피스,111100
워터파크,google,2025-12-21,11,18385,원피스,111100
워터파크,google,2025-12-28,11,18385,원피스,111100
워터파크,google,2026-01-04,11,18385,원피스,111100
워터파크,google,2026-01-11,10,16713,원피스,111100
워터파크,google,2026-01-18,10,16713,원피스,111100
워터파크,google,2026-01-25,10,16713,원피스,111100
워터파크,google,2026-02-01,11,18385,원피스,111100
워터파크,google,2026-02-08,6,10028,원피스,111100
워터파크,google,2026-02-15,10,16713,원피스,111100
워터파크,google,2026-02-22,9,15042,원피스,111100
워터파크,google,2026-03-01,7,11699,원피스,111100
워터파크,google,2026-03-08,7,11699,원피스,111100
워터파크,google,2026-03-15,6,10028,원피스,111100
워터파크,google,2026-03-22,8,13371,원피스,111100
워터파크,google,2026-03-29,7,11699,원피스,111100
워터파크,google,2026-04-05,7,11699,원피스,111100
워터파크,google,2026-04-12,8,13371,원피스,111100
워터파크,google,2026-04-19,8,13371,원피스,111100
워터파크,google,2026-04-26,11,18385,원피스,111100
워터파크,google,2026-05-03,12,20056,원피스,111100
워터파크,google,2026-05-10,13,21728,원피스,111100
워터파크,google,2026-05-17,14,23399,원피스,111100
워터파크,google,2026-05-24,19,31756,원피스,111100
워터파크,google,2026-05-31,19,31756,원피스,111100
워터파크,google,2026-06-07,18,30084,원피스,111100
워터파크,google,2026-06-14,24,40113,원피스,111100
워터파크,google,2026-06-21,30,50141,원피스,111100
워터파크,google,2026-06-28,34,56827,원피스,111100
워터파크,google,2026-07-05,36,60169,원피스,111100
워터파크,google,2026-07-12,62,103626,원피스,111100
워터파크,google,2026-07-19,48,80226,원피스,111100
워터파크,google,2026-07-26,59,98611,원피스,111100
워터파크,google,2026-08-02,56,93597,원피스,111100
워터파크,google,2026-08-09,50,83569,원피스,111100
워터파크,google,2026-08-16,31,51813,원피스,111100
워터파크,google,2026-08-23,22,36770,원피스,111100
워터파크,google,2026-08-30,12,20056,원피스,111100
워터파크,google,2026-09-06,9,15042,원피스,111100
워터파크,google,2026-09-13,9,15042,원피스,111100
워크숍,google,2025-09-14,5,8356,원피스,111100
워크숍,google,2025-09-21,4,6685,원피스,111100
워크숍,google,2025-09-28,4,6685,원피스,111100
워크숍,google,2025-10-05,2,3342,원피스,111100
워크숍,google,2025-10-12,6,10028,원피스,111100
워크숍,google,2025-10-19,6,10028,원피스,111100
워크숍,google,2025-10-26,6,10028,원피스,111100
워크숍,google,2025-11-02,6,10028,원피스,111100
워크숍,google,2025-11-09,8,13371,원피스,111100
워크숍,google,2025-11-16,7,11699,원피스,111100
워크숍,google,2025-11-23,6,10028,원피스,111100
워크숍,google,2025-11-30,7,11699,원피스,111100
워크숍,google,2025-12-07,6,10028,원피스,111100
워크숍,google,2025-12-14,5,8356,원피스,111100
워크숍,google,2025-12-21,4,6685,원피스,111100
워크숍,google,2025-12-28,3,5014,원피스,111100
워크숍,google,2026-01-04,6,10028,원피스,111100
워크숍,google,2026-01-11,6,10028,원피스,111100
워크숍,google,2026-01-18,5,8356,원피스,111100
워크숍,google,2026-01-25,5,8356,원피스,111100
워크숍,google,2026-02-01,4,6685,원피스,111100
워크숍,google,2026-02-08,4,6685,원피스,111100
워크숍,google,2026-02-15,3,5014,원피스,111100
워크숍,google,2026-02-22,6,10028,원피스,111100
워크숍,google,2026-03-01,6,10028,원피스,111100
워크숍,google,2026-03-08,5,8356,원피스,111100
워크숍,google,2026-03-15,6,10028,원피스,111100
워크숍,google,2026-03-22,6,10028,원피스,111100
워크숍,google,2026-03-29,7,11699,원피스,111100
워크숍,google,2026-04-05,5,8356,원피스,111100
워크숍,google,2026-04-12,6,10028,원피스,111100
워크숍,google,2026-04-19,5,8356,원피스,111100
워크숍,google,2026-04-26,4,6685,원피스,111100
워크숍,google,2026-05-03,5,8356,원피스,111100
워크숍,google,2026-05-10,7,11699,원피스,111100
워크숍,google,2026-05-17,5,8356,원피스,111100
워크숍,google,2026-05-24,6,10028,원피스,111100
워크숍,google,2026-05-31,7,11699,원피스,111100
워크숍,google,2026-06-07,6,10028,원피스,111100
워크숍,google,2026-06-14,7,11699,원피스,111100
워크숍,google,2026-06-21,7,11699,원피스,111100
워크숍,google,2026-06-28,7,11699,원피스,111100
워크숍,google,2026-07-05,7,11699,원피스,111100
워크숍,google,2026-07-12,4,6685,원피스,111100
워크숍,google,2026-07-19,5,8356,원피스,111100
워크숍,google,2026-07-26,4,6685,원피스,111100
워크숍,google,2026-08-02,4,6685,원피스,111100
워크숍,google,2026-08-09,4,6685,원피스,111100
워크숍,google,2026-08-16,4,6685,원피스,111100
워크숍,google,2026-08-23,4,6685,원피스,111100
워크숍,google,2026-08-30,3,5014,원피스,111100
워크숍,google,2026-09-06,4,6685,원피스,111100
워크숍,google,2026-09-13,4,6685,원피스,111100
MT,google,2025-09-14,12,20056,원피스,111100
MT,google,2025-09-21,13,21728,원피스,111100
MT,google,2025-09-28,11,18385,원피스,111100
MT,google,2025-10-05,13,21728,원피스,111100
MT,google,2025-10-12,13,21728,원피스,111100
MT,google,2025-10-19,16,26742,원피스,111100
MT,google,2025-10-26,20,33427,원피스,111100
MT,google,2025-11-02,24,40113,원피스,111100
MT,google,2025-11-09,24,40113,원피스,111100
MT,google,2025-11-16,30,50141,원피스,111100
MT,google,2025-11-23,29,48470,원피스,111100
MT,google,2025-11-30,34,56827,원피스,111100
MT,google,2025-12-07,36,60169,원피스,111100
MT,google,2025-12-14,36,60169,원피스,111100
MT,google,2025-12-21,31,51813,원피스,111100
MT,google,2025-12-28,30,50141,원피스,111100
MT,google,2026-01-04,32,53484,원피스,111100
MT,google,2026-01-11,32,53484,원피스,111100
MT,google,2026-01-18,35,58498,원피스,111100
MT,google,2026-01-25,39,65184,원피스,111100
MT,google,2026-02-01,35,58498,원피스,111100
MT,google,2026-02-08,36,60169,원피스,111100
MT,google,2026-02-15,39,65184,원피스,111100
MT,google,2026-02-22,40,66855,원피스,111100
MT,google,2026-03-01,41,68526,원피스,111100
MT,google,2026-03-08,42,70198,원피스,111100
MT,google,2026-03-15,42,70198,원피스,111100
MT,google,2026-03-22,40,66855,원피스,111100
MT,google,2026-03-29,35,58498,원피스,111100
MT,google,2026-04-05,37,61841,원피스,111100
MT,google,2026-04-12,38,63512,원피스,111100
MT,google,2026-04-19,30,50141,원피스,111100
MT,google,2026-04-26,29,48470,원피스,111100
MT,google,2026-05-03,31,51813,원피스,111100
MT,google,2026-05-10,38,63512,원피스,111100
MT,google,2026-05-17,27,45127,원피스,111100
MT,google,2026-05-24,31,51813,원피스,111100
MT,google,2026-05-31,39,65184,원피스,111100
MT,google,2026-06-07,33,55155,원피스,111100
MT,google,2026-06-14,26,43456,원피스,111100
MT,google,2026-06-21,26,43456,원피스,111100
MT,google,2026-06-28,30,50141,원피스,111100
MT,google,2026-07-05,29,48470,원피스,111100
MT,google,2026-07-12,22,36770,원피스,111100
MT,google,2026-07-19,17,28413,원피스,111100
MT,google,2026-07-26,17,28413,원피스,111100
MT,google,2026-08-02,15,25070,원피스,111100
MT,google,2026-08-09,20,33427,원피스,111100
MT,google,2026-08-16,19,31756,원피스,111100
MT,google,2026-08-23,16,26742,원피스,111100
MT,google,2026-08-30,17,28413,원피스,111100
MT,google,2026-09-06,15,25070,원피스,111100
MT,google,2026-09-13,11,18385,원피스,111100
트윌,google,2025-09-14,2,3342,원피스,111100
트윌,google,2025-09-21,2,3342,원피스,111100
트윌,google,2025-09-28,2,3342,원피스,111100
트윌,google,2025-10-05,1,1671,원피스,111100
트윌,google,2025-10-12,2,3342,원피스,111100
트윌,google,2025-10-19,4,6685,원피스,111100
트윌,google,2025-10-26,2,3342,원피스,111100
트윌,google,2025-11-02,2,3342,원피스,111100
트윌,google,2025-11-09,0,0,원피스,111100
트윌,google,2025-11-16,3,5014,원피스,111100
트윌,google,2025-11-23,2,3342,원피스,111100
트윌,google,2025-11-30,0,0,원피스,111100
트윌,google,2025-12-07,2,3342,원피스,111100
트윌,google,2025-12-14,2,3342,원피스,111100
트윌,google,2025-12-21,2,3342,원피스,111100
트윌,google,2025-12-28,2,3342,원피스,111100
트윌,google,2026-01-04,0,0,원피스,111100
트윌,google,2026-01-11,1,1671,원피스,111100
트윌,google,2026-01-18,2,3342,원피스,111100
트윌,google,2026-01-25,2,3342,원피스,111100
트윌,google,2026-02-01,1,1671,원피스,111100
트윌,google,2026-02-08,2,3342,원피스,111100
트윌,google,2026-02-15,2,3342,원피스,111100
트윌,google,2026-02-22,2,3342,원피스,111100
트윌,google,2026-03-01,3,5014,원피스,111100
트윌,google,2026-03-08,2,3342,원피스,111100
트윌,google,2026-03-15,3,5014,원피스,111100
트윌,google,2026-03-22,2,3342,원피스,111100
트윌,google,2026-03-29,2,3342,원피스,111100
트윌,google,2026-04-05,1,1671,원피스,111100
트윌,google,2026-04-12,2,3342,원피스,111100
트윌,google,2026-04-19,1,1671,원피스,111100
트윌,google,2026-04-26,1,1671,원피스,111100
트윌,google,2026-05-03,0,0,원피스,111100
트윌,google,2026-05-10,2,3342,원피스,111100
트윌,google,2026-05-17,1,1671,원피스,111100
트윌,google,2026-05-24,2,3342,원피스,111100
트윌,google,2026-05-31,1,1671,원피스,111100
트윌,google,2026-06-07,1,1671,원피스,111100
트윌,google,2026-06-14,1,1671,원피스,111100
트윌,google,2026-06-21,1,1671,원피스,111100
트윌,google,2026-06-28,1,1671,원피스,111100
트윌,google,2026-07-05,2,3342,원피스,111100
트윌,google,2026-07-12,0,0,원피스,111100
트윌,google,2026-07-19,2,3342,원피스,111100
트윌,google,2026-07-26,1,1671,원피스,111100
트윌,google,2026-08-02,1,1671,원피스,111100
트윌,google,2026-08-09,1,1671,원피스,111100
트윌,google,2026-08-16,1,1671,원피스,111100
트윌,google,2026-08-23,1,1671,원피스,111100
트윌,google,2026-08-30,1,1671,원피스,111100
트윌,google,2026-09-06,2,3342,원피스,111100
트윌,google,2026-09-13,1,1671,원피스,111100
니트,google,2025-09-14,41,68526,원피스,111100
니트,google,2025-09-21,47,78555,원피스,111100
니트,google,2025-09-28,50,83569,원피스,111100
니트,google,2025-10-05,61,101954,원피스,111100
니트,google,2025-10-12,57,95269,원피스,111100
니트,google,2025-10-19,82,137053,원피스,111100
니트,google,2025-10-26,82,137053,원피스,111100
니트,google,2025-11-02,86,143739,원피스,111100
니트,google,2025-11-09,86,143739,원피스,111100
니트,google,2025-11-16,100,167138,원피스,111100
니트,google,2025-11-23,94,157110,원피스,111100
니트,google,2025-11-30,88,147082,원피스,111100
니트,google,2025-12-07,88,147082,원피스,111100
니트,google,2025-12-14,87,145410,원피스,111100
니트,google,2025-12-21,89,148753,원피스,111100
니트,google,2025-12-28,74,123682,원피스,111100
니트,google,2026-01-04,67,111982,원피스,111100
니트,google,2026-01-11,67,111982,원피스,111100
니트,google,2026-01-18,74,123682,원피스,111100
니트,google,2026-01-25,74,123682,원피스,111100
니트,google,2026-02-01,65,108640,원피스,111100
니트,google,2026-02-08,58,96940,원피스,111100
니트,google,2026-02-15,59,98611,원피스,111100
니트,google,2026-02-22,57,95269,원피스,111100
니트,google,2026-03-01,56,93597,원피스,111100
니트,google,2026-03-08,57,95269,원피스,111100
니트,google,2026-03-15,54,90254,원피스,111100
니트,google,2026-03-22,52,86912,원피스,111100
니트,google,2026-03-29,43,71869,원피스,111100
니트,google,2026-04-05,42,70198,원피스,111100
니트,google,2026-04-12,38,63512,원피스,111100
니트,google,2026-04-19,35,58498,원피스,111100
니트,google,2026-04-26,33,55155,원피스,111100
니트,google,2026-05-03,35,58498,원피스,111100
니트,google,2026-05-10,38,63512,원피스,111100
니트,google,2026-05-17,35,58498,원피스,111100
니트,google,2026-05-24,35,58498,원피스,111100
니트,google,2026-05-31,32,53484,원피스,111100
니트,google,2026-06-07,31,51813,원피스,111100
니트,google,2026-06-14,30,50141,원피스,111100
니트,google,2026-06-21,31,51813,원피스,111100
니트,google,2026-06-28,31,51813,원피스,111100
니트,google,2026-07-05,30,50141,원피스,111100
니트,google,2026-07-12,29,48470,원피스,111100
니트,google,2026-07-19,29,48470,원피스,111100
니트,google,2026-07-26,27,45127,원피스,111100
니트,google,2026-08-02,26,43456,원피스,111100
니트,google,2026-08-09,26,43456,원피스,111100
니트,google,2026-08-16,30,50141,원피스,111100
니트,google,2026-08-23,33,55155,원피스,111100
니트,google,2026-08-30,32,53484,원피스,111100
니트,google,2026-09-06,44,73541,원피스,111100
니트,google,2026-09-13,54,90254,원피스,111100
플란넬,google,2025-09-14,4,6685,원피스,111100
플란넬,google,2025-09-21,6,10028,원피스,111100
플란넬,google,2025-09-28,0,0,원피스,111100
플란넬,google,2025-10-05,7,11699,원피스,111100
플란넬,google,2025-10-12,7,11699,원피스,111100
플란넬,google,2025-10-19,7,11699,원피스,111100
플란넬,google,2025-10-26,3,5014,원피스,111100
플란넬,google,2025-11-02,5,8356,원피스,111100
플란넬,google,2025-11-09,5,8356,원피스,111100
플란넬,google,2025-11-16,5,8356,원피스,111100
플란넬,google,2025-11-23,5,8356,원피스,111100
플란넬,google,2025-11-30,5,8356,원피스,111100
플란넬,google,2025-12-07,7,11699,원피스,111100
플란넬,google,2025-12-14,8,13371,원피스,111100
플란넬,google,2025-12-21,0,0,원피스,111100
플란넬,google,2025-12-28,0,0,원피스,111100
플란넬,google,2026-01-04,0,0,원피스,111100
플란넬,google,2026-01-11,5,8356,원피스,111100
플란넬,google,2026-01-18,5,8356,원피스,111100
플란넬,google,2026-01-25,0,0,원피스,111100
플란넬,google,2026-02-01,4,6685,원피스,111100
플란넬,google,2026-02-08,6,10028,원피스,111100
플란넬,google,2026-02-15,0,0,원피스,111100
플란넬,google,2026-02-22,4,6685,원피스,111100
플란넬,google,2026-03-01,0,0,원피스,111100
플란넬,google,2026-03-08,5,8356,원피스,111100
플란넬,google,2026-03-15,4,6685,원피스,111100
플란넬,google,2026-03-22,4,6685,원피스,111100
플란넬,google,2026-03-29,0,0,원피스,111100
플란넬,google,2026-04-05,5,8356,원피스,111100
플란넬,google,2026-04-12,0,0,원피스,111100
플란넬,google,2026-04-19,0,0,원피스,111100
플란넬,google,2026-04-26,0,0,원피스,111100
플란넬,google,2026-05-03,0,0,원피스,111100
플란넬,google,2026-05-10,0,0,원피스,111100
플란넬,google,2026-05-17,0,0,원피스,111100
플란넬,google,2026-05-24,0,0,원피스,111100
플란넬,google,2026-05-31,0,0,원피스,111100
플란넬,google,2026-06-07,4,6685,원피스,111100
플란넬,google,2026-06-14,0,0,원피스,111100
플란넬,google,2026-06-21,0,0,원피스,111100
플란넬,google,2026-06-28,0,0,원피스,111100
플란넬,google,2026-07-05,0,0,원피스,111100
플란넬,google,2026-07-12,0,0,원피스,111100
플란넬,google,2026-07-19,0,0,원피스,111100
플란넬,google,2026-07-26,0,0,원피스,111100
플란넬,google,2026-08-02,3,5014,원피스,111100
플란넬,google,2026-08-09,0,0,원피스,111100
플란넬,google,2026-08-16,0,0,원피스,111100
플란넬,google,2026-08-23,3,5014,원피스,111100
플란넬,google,2026-08-30,2,3342,원피스,111100
플란넬,google,2026-09-06,4,6685,원피스,111100
플란넬,google,2026-09-13,4,6685,원피스,111100
저지,google,2025-09-14,71,118668,원피스,111100
저지,google,2025-09-21,74,123682,원피스,111100
저지,google,2025-09-28,77,128696,원피스,111100
저지,google,2025-10-05,100,167138,원피스,111100
저지,google,2025-10-12,69,115325,원피스,111100
저지,google,2025-10-19,78,130368,원피스,111100
저지,google,2025-10-26,64,106968,원피스,111100
저지,google,2025-11-02,62,103626,원피스,111100
저지,google,2025-11-09,70,116997,원피스,111100
저지,google,2025-11-16,62,103626,원피스,111100
저지,google,2025-11-23,50,83569,원피스,111100
저지,google,2025-11-30,60,100283,원피스,111100
저지,google,2025-12-07,73,122011,원피스,111100
저지,google,2025-12-14,60,100283,원피스,111100
저지,google,2025-12-21,51,85240,원피스,111100
저지,google,2025-12-28,53,88583,원피스,111100
저지,google,2026-01-04,56,93597,원피스,111100
저지,google,2026-01-11,52,86912,원피스,111100
저지,google,2026-01-18,61,101954,원피스,111100
저지,google,2026-01-25,60,100283,원피스,111100
저지,google,2026-02-01,41,68526,원피스,111100
저지,google,2026-02-08,47,78555,원피스,111100
저지,google,2026-02-15,56,93597,원피스,111100
저지,google,2026-02-22,61,101954,원피스,111100
저지,google,2026-03-01,78,130368,원피스,111100
저지,google,2026-03-08,84,140396,원피스,111100
저지,google,2026-03-15,85,142067,원피스,111100
저지,google,2026-03-22,77,128696,원피스,111100
저지,google,2026-03-29,66,110311,원피스,111100
저지,google,2026-04-05,57,95269,원피스,111100
저지,google,2026-04-12,84,140396,원피스,111100
저지,google,2026-04-19,66,110311,원피스,111100
저지,google,2026-04-26,73,122011,원피스,111100
저지,google,2026-05-03,87,145410,원피스,111100
저지,google,2026-05-10,71,118668,원피스,111100
저지,google,2026-05-17,74,123682,원피스,111100
저지,google,2026-05-24,73,122011,원피스,111100
저지,google,2026-05-31,68,113654,원피스,111100
저지,google,2026-06-07,72,120339,원피스,111100
저지,google,2026-06-14,61,101954,원피스,111100
저지,google,2026-06-21,61,101954,원피스,111100
저지,google,2026-06-28,56,93597,원피스,111100
저지,google,2026-07-05,58,96940,원피스,111100
저지,google,2026-07-12,55,91926,원피스,111100
저지,google,2026-07-19,60,100283,원피스,111100
저지,google,2026-07-26,48,80226,원피스,111100
저지,google,2026-08-02,52,86912,원피스,111100
저지,google,2026-08-09,49,81898,원피스,111100
저지,google,2026-08-16,52,86912,원피스,111100
저지,google,2026-08-23,53,88583,원피스,111100
저지,google,2026-08-30,50,83569,원피스,111100
저지,google,2026-09-06,56,93597,원피스,111100
저지,google,2026-09-13,67,111982,원피스,111100
벨루어,google,2025-09-14,0,0,원피스,111100
벨루어,google,2025-09-21,0,0,원피스,111100
벨루어,google,2025-09-28,0,0,원피스,111100
벨루어,google,2025-10-05,0,0,원피스,111100
벨루어,google,2025-10-12,0,0,원피스,111100
벨루어,google,2025-10-19,0,0,원피스,111100
벨루어,google,2025-10-26,0,0,원피스,111100
벨루어,google,2025-11-02,0,0,원피스,111100
벨루어,google,2025-11-09,0,0,원피스,111100
벨루어,google,2025-11-16,0,0,원피스,111100
벨루어,google,2025-11-23,0,0,원피스,111100
벨루어,google,2025-11-30,0,0,원피스,111100
벨루어,google,2025-12-07,0,0,원피스,111100
벨루어,google,2025-12-14,0,0,원피스,111100
벨루어,google,2025-12-21,0,0,원피스,111100
벨루어,google,2025-12-28,0,0,원피스,111100
벨루어,google,2026-01-04,0,0,원피스,111100
벨루어,google,2026-01-11,0,0,원피스,111100
벨루어,google,2026-01-18,0,0,원피스,111100
벨루어,google,2026-01-25,0,0,원피스,111100
벨루어,google,2026-02-01,0,0,원피스,111100
벨루어,google,2026-02-08,0,0,원피스,111100
벨루어,google,2026-02-15,0,0,원피스,111100
벨루어,google,2026-02-22,0,0,원피스,111100
벨루어,google,2026-03-01,0,0,원피스,111100
벨루어,google,2026-03-08,0,0,원피스,111100
벨루어,google,2026-03-15,0,0,원피스,111100
벨루어,google,2026-03-22,0,0,원피스,111100
벨루어,google,2026-03-29,0,0,원피스,111100
벨루어,google,2026-04-05,0,0,원피스,111100
벨루어,google,2026-04-12,0,0,원피스,111100
벨루어,google,2026-04-19,0,0,원피스,111100
벨루어,google,2026-04-26,0,0,원피스,111100
벨루어,google,2026-05-03,0,0,원피스,111100
벨루어,google,2026-05-10,0,0,원피스,111100
벨루어,google,2026-05-17,0,0,원피스,111100
벨루어,google,2026-05-24,0,0,원피스,111100
벨루어,google,2026-05-31,0,0,원피스,111100
벨루어,google,2026-06-07,0,0,원피스,111100
벨루어,google,2026-06-14,0,0,원피스,111100
벨루어,google,2026-06-21,0,0,원피스,111100
벨루어,google,2026-06-28,0,0,원피스,111100
벨루어,google,2026-07-05,0,0,원피스,111100
벨루어,google,2026-07-12,0,0,원피스,111100
벨루어,google,2026-07-19,0,0,원피스,111100
벨루어,google,2026-07-26,0,0,원피스,111100
벨루어,google,2026-08-02,0,0,원피스,111100
벨루어,google,2026-08-09,0,0,원피스,111100
벨루어,google,2026-08-16,0,0,원피스,111100
벨루어,google,2026-08-23,0,0,원피스,111100
벨루어,google,2026-08-30,1,1671,원피스,111100
벨루어,google,2026-09-06,1,1671,원피스,111100
벨루어,google,2026-09-13,0,0,원피스,111100
프렌치테리,google,2025-09-14,0,0,원피스,111100
프렌치테리,google,2025-09-21,0,0,원피스,111100
프렌치테리,google,2025-09-28,0,0,원피스,111100
프렌치테리,google,2025-10-05,0,0,원피스,111100
프렌치테리,google,2025-10-12,0,0,원피스,111100
프렌치테리,google,2025-10-19,0,0,원피스,111100
프렌치테리,google,2025-10-26,0,0,원피스,111100
프렌치테리,google,2025-11-02,0,0,원피스,111100
프렌치테리,google,2025-11-09,0,0,원피스,111100
프렌치테리,google,2025-11-16,0,0,원피스,111100
프렌치테리,google,2025-11-23,0,0,원피스,111100
프렌치테리,google,2025-11-30,0,0,원피스,111100
프렌치테리,google,2025-12-07,0,0,원피스,111100
프렌치테리,google,2025-12-14,0,0,원피스,111100
프렌치테리,google,2025-12-21,0,0,원피스,111100
프렌치테리,google,2025-12-28,0,0,원피스,111100
프렌치테리,google,2026-01-04,0,0,원피스,111100
프렌치테리,google,2026-01-11,0,0,원피스,111100
프렌치테리,google,2026-01-18,0,0,원피스,111100
프렌치테리,google,2026-01-25,0,0,원피스,111100
프렌치테리,google,2026-02-01,0,0,원피스,111100
프렌치테리,google,2026-02-08,0,0,원피스,111100
프렌치테리,google,2026-02-15,0,0,원피스,111100
프렌치테리,google,2026-02-22,0,0,원피스,111100
프렌치테리,google,2026-03-01,0,0,원피스,111100
프렌치테리,google,2026-03-08,0,0,원피스,111100
프렌치테리,google,2026-03-15,0,0,원피스,111100
프렌치테리,google,2026-03-22,0,0,원피스,111100
프렌치테리,google,2026-03-29,0,0,원피스,111100
프렌치테리,google,2026-04-05,0,0,원피스,111100
프렌치테리,google,2026-04-12,0,0,원피스,111100
프렌치테리,google,2026-04-19,0,0,원피스,111100
프렌치테리,google,2026-04-26,0,0,원피스,111100
프렌치테리,google,2026-05-03,0,0,원피스,111100
프렌치테리,google,2026-05-10,0,0,원피스,111100
프렌치테리,google,2026-05-17,0,0,원피스,111100
프렌치테리,google,2026-05-24,0,0,원피스,111100
프렌치테리,google,2026-05-31,0,0,원피스,111100
프렌치테리,google,2026-06-07,0,0,원피스,111100
프렌치테리,google,2026-06-14,0,0,원피스,111100
프렌치테리,google,2026-06-21,0,0,원피스,111100
프렌치테리,google,2026-06-28,0,0,원피스,111100
프렌치테리,google,2026-07-05,0,0,원피스,111100
프렌치테리,google,2026-07-12,0,0,원피스,111100
프렌치테리,google,2026-07-19,0,0,원피스,111100
프렌치테리,google,2026-07-26,0,0,원피스,111100
프렌치테리,google,2026-08-02,0,0,원피스,111100
프렌치테리,google,2026-08-09,0,0,원피스,111100
프렌치테리,google,2026-08-16,0,0,원피스,111100
프렌치테리,google,2026-08-23,0,0,원피스,111100
프렌치테리,google,2026-08-30,0,0,원피스,111100
프렌치테리,google,2026-09-06,1,1671,원피스,111100
프렌치테리,google,2026-09-13,0,0,원피스,111100
개버딘,google,2025-09-14,0,0,원피스,111100
개버딘,google,2025-09-21,3,5014,원피스,111100
개버딘,google,2025-09-28,0,0,원피스,111100
개버딘,google,2025-10-05,0,0,원피스,111100
개버딘,google,2025-10-12,0,0,원피스,111100
개버딘,google,2025-10-19,0,0,원피스,111100
개버딘,google,2025-10-26,0,0,원피스,111100
개버딘,google,2025-11-02,0,0,원피스,111100
개버딘,google,2025-11-09,0,0,원피스,111100
개버딘,google,2025-11-16,0,0,원피스,111100
개버딘,google,2025-11-23,0,0,원피스,111100
개버딘,google,2025-11-30,0,0,원피스,111100
개버딘,google,2025-12-07,0,0,원피스,111100
개버딘,google,2025-12-14,0,0,원피스,111100
개버딘,google,2025-12-21,0,0,원피스,111100
개버딘,google,2025-12-28,0,0,원피스,111100
개버딘,google,2026-01-04,0,0,원피스,111100
개버딘,google,2026-01-11,0,0,원피스,111100
개버딘,google,2026-01-18,0,0,원피스,111100
개버딘,google,2026-01-25,0,0,원피스,111100
개버딘,google,2026-02-01,4,6685,원피스,111100
개버딘,google,2026-02-08,0,0,원피스,111100
개버딘,google,2026-02-15,0,0,원피스,111100
개버딘,google,2026-02-22,0,0,원피스,111100
개버딘,google,2026-03-01,0,0,원피스,111100
개버딘,google,2026-03-08,0,0,원피스,111100
개버딘,google,2026-03-15,0,0,원피스,111100
개버딘,google,2026-03-22,0,0,원피스,111100
개버딘,google,2026-03-29,0,0,원피스,111100
개버딘,google,2026-04-05,0,0,원피스,111100
개버딘,google,2026-04-12,0,0,원피스,111100
개버딘,google,2026-04-19,0,0,원피스,111100
개버딘,google,2026-04-26,0,0,원피스,111100
개버딘,google,2026-05-03,0,0,원피스,111100
개버딘,google,2026-05-10,0,0,원피스,111100
개버딘,google,2026-05-17,0,0,원피스,111100
개버딘,google,2026-05-24,0,0,원피스,111100
개버딘,google,2026-05-31,0,0,원피스,111100
개버딘,google,2026-06-07,0,0,원피스,111100
개버딘,google,2026-06-14,0,0,원피스,111100
개버딘,google,2026-06-21,0,0,원피스,111100
개버딘,google,2026-06-28,0,0,원피스,111100
개버딘,google,2026-07-05,0,0,원피스,111100
개버딘,google,2026-07-12,0,0,원피스,111100
개버딘,google,2026-07-19,0,0,원피스,111100
개버딘,google,2026-07-26,0,0,원피스,111100
개버딘,google,2026-08-02,0,0,원피스,111100
개버딘,google,2026-08-09,0,0,원피스,111100
개버딘,google,2026-08-16,0,0,원피스,111100
개버딘,google,2026-08-23,0,0,원피스,111100
개버딘,google,2026-08-30,1,1671,원피스,111100
개버딘,google,2026-09-06,1,1671,원피스,111100
개버딘,google,2026-09-13,0,0,원피스,111100
에코퍼,google,2025-09-14,0,0,원피스,111100
에코퍼,google,2025-09-21,0,0,원피스,111100
에코퍼,google,2025-09-28,0,0,원피스,111100
에코퍼,google,2025-10-05,0,0,원피스,111100
에코퍼,google,2025-10-12,0,0,원피스,111100
에코퍼,google,2025-10-19,0,0,원피스,111100
에코퍼,google,2025-10-26,0,0,원피스,111100
에코퍼,google,2025-11-02,0,0,원피스,111100
에코퍼,google,2025-11-09,0,0,원피스,111100
에코퍼,google,2025-11-16,0,0,원피스,111100
에코퍼,google,2025-11-23,0,0,원피스,111100
에코퍼,google,2025-11-30,0,0,원피스,111100
에코퍼,google,2025-12-07,0,0,원피스,111100
에코퍼,google,2025-12-14,0,0,원피스,111100
에코퍼,google,2025-12-21,0,0,원피스,111100
에코퍼,google,2025-12-28,0,0,원피스,111100
에코퍼,google,2026-01-04,0,0,원피스,111100
에코퍼,google,2026-01-11,0,0,원피스,111100
에코퍼,google,2026-01-18,0,0,원피스,111100
에코퍼,google,2026-01-25,0,0,원피스,111100
에코퍼,google,2026-02-01,0,0,원피스,111100
에코퍼,google,2026-02-08,0,0,원피스,111100
에코퍼,google,2026-02-15,0,0,원피스,111100
에코퍼,google,2026-02-22,0,0,원피스,111100
에코퍼,google,2026-03-01,0,0,원피스,111100
에코퍼,google,2026-03-08,0,0,원피스,111100
에코퍼,google,2026-03-15,0,0,원피스,111100
에코퍼,google,2026-03-22,0,0,원피스,111100
에코퍼,google,2026-03-29,0,0,원피스,111100
에코퍼,google,2026-04-05,0,0,원피스,111100
에코퍼,google,2026-04-12,0,0,원피스,111100
에코퍼,google,2026-04-19,0,0,원피스,111100
에코퍼,google,2026-04-26,0,0,원피스,111100
에코퍼,google,2026-05-03,0,0,원피스,111100
에코퍼,google,2026-05-10,0,0,원피스,111100
에코퍼,google,2026-05-17,0,0,원피스,111100
에코퍼,google,2026-05-24,0,0,원피스,111100
에코퍼,google,2026-05-31,0,0,원피스,111100
에코퍼,google,2026-06-07,0,0,원피스,111100
에코퍼,google,2026-06-14,0,0,원피스,111100
에코퍼,google,2026-06-21,0,0,원피스,111100
에코퍼,google,2026-06-28,0,0,원피스,111100
에코퍼,google,2026-07-05,0,0,원피스,111100
에코퍼,google,2026-07-12,0,0,원피스,111100
에코퍼,google,2026-07-19,0,0,원피스,111100
에코퍼,google,2026-07-26,0,0,원피스,111100
에코퍼,google,2026-08-02,0,0,원피스,111100
에코퍼,google,2026-08-09,0,0,원피스,111100
에코퍼,google,2026-08-16,0,0,원피스,111100
에코퍼,google,2026-08-23,0,0,원피스,111100
에코퍼,google,2026-08-30,0,0,원피스,111100
에코퍼,google,2026-09-06,0,0,원피스,111100
에코퍼,google,2026-09-13,0,0,원피스,111100
나일론,google,2025-09-14,19,31756,원피스,111100
나일론,google,2025-09-21,19,31756,원피스,111100
나일론,google,2025-09-28,16,26742,원피스,111100
나일론,google,2025-10-05,23,38441,원피스,111100
나일론,google,2025-10-12,22,36770,원피스,111100
나일론,google,2025-10-19,19,31756,원피스,111100
나일론,google,2025-10-26,24,40113,원피스,111100
나일론,google,2025-11-02,21,35099,원피스,111100
나일론,google,2025-11-09,21,35099,원피스,111100
나일론,google,2025-11-16,23,38441,원피스,111100
나일론,google,2025-11-23,22,36770,원피스,111100
나일론,google,2025-11-30,19,31756,원피스,111100
나일론,google,2025-12-07,19,31756,원피스,111100
나일론,google,2025-12-14,21,35099,원피스,111100
나일론,google,2025-12-21,19,31756,원피스,111100
나일론,google,2025-12-28,15,25070,원피스,111100
나일론,google,2026-01-04,17,28413,원피스,111100
나일론,google,2026-01-11,20,33427,원피스,111100
나일론,google,2026-01-18,18,30084,원피스,111100
나일론,google,2026-01-25,21,35099,원피스,111100
나일론,google,2026-02-01,18,30084,원피스,111100
나일론,google,2026-02-08,14,23399,원피스,111100
나일론,google,2026-02-15,15,25070,원피스,111100
나일론,google,2026-02-22,20,33427,원피스,111100
나일론,google,2026-03-01,21,35099,원피스,111100
나일론,google,2026-03-08,21,35099,원피스,111100
나일론,google,2026-03-15,24,40113,원피스,111100
나일론,google,2026-03-22,24,40113,원피스,111100
나일론,google,2026-03-29,23,38441,원피스,111100
나일론,google,2026-04-05,23,38441,원피스,111100
나일론,google,2026-04-12,22,36770,원피스,111100
나일론,google,2026-04-19,19,31756,원피스,111100
나일론,google,2026-04-26,19,31756,원피스,111100
나일론,google,2026-05-03,25,41784,원피스,111100
나일론,google,2026-05-10,30,50141,원피스,111100
나일론,google,2026-05-17,26,43456,원피스,111100
나일론,google,2026-05-24,25,41784,원피스,111100
나일론,google,2026-05-31,23,38441,원피스,111100
나일론,google,2026-06-07,22,36770,원피스,111100
나일론,google,2026-06-14,22,36770,원피스,111100
나일론,google,2026-06-21,22,36770,원피스,111100
나일론,google,2026-06-28,21,35099,원피스,111100
나일론,google,2026-07-05,24,40113,원피스,111100
나일론,google,2026-07-12,21,35099,원피스,111100
나일론,google,2026-07-19,21,35099,원피스,111100
나일론,google,2026-07-26,18,30084,원피스,111100
나일론,google,2026-08-02,19,31756,원피스,111100
나일론,google,2026-08-09,18,30084,원피스,111100
나일론,google,2026-08-16,20,33427,원피스,111100
나일론,google,2026-08-23,17,28413,원피스,111100
나일론,google,2026-08-30,19,31756,원피스,111100
나일론,google,2026-09-06,20,33427,원피스,111100
나일론,google,2026-09-13,19,31756,원피스,111100
아크릴,google,2025-09-14,81,135382,원피스,111100
아크릴,google,2025-09-21,80,133711,원피스,111100
아크릴,google,2025-09-28,76,127025,원피스,111100
아크릴,google,2025-10-05,63,105297,원피스,111100
아크릴,google,2025-10-12,100,167138,원피스,111100
아크릴,google,2025-10-19,85,142067,원피스,111100
아크릴,google,2025-10-26,88,147082,원피스,111100
아크릴,google,2025-11-02,80,133711,원피스,111100
아크릴,google,2025-11-09,88,147082,원피스,111100
아크릴,google,2025-11-16,84,140396,원피스,111100
아크릴,google,2025-11-23,87,145410,원피스,111100
아크릴,google,2025-11-30,94,157110,원피스,111100
아크릴,google,2025-12-07,85,142067,원피스,111100
아크릴,google,2025-12-14,95,158781,원피스,111100
아크릴,google,2025-12-21,76,127025,원피스,111100
아크릴,google,2025-12-28,72,120339,원피스,111100
아크릴,google,2026-01-04,76,127025,원피스,111100
아크릴,google,2026-01-11,75,125354,원피스,111100
아크릴,google,2026-01-18,79,132039,원피스,111100
아크릴,google,2026-01-25,83,138725,원피스,111100
아크릴,google,2026-02-01,81,135382,원피스,111100
아크릴,google,2026-02-08,71,118668,원피스,111100
아크릴,google,2026-02-15,64,106968,원피스,111100
아크릴,google,2026-02-22,80,133711,원피스,111100
아크릴,google,2026-03-01,82,137053,원피스,111100
아크릴,google,2026-03-08,77,128696,원피스,111100
아크릴,google,2026-03-15,87,145410,원피스,111100
아크릴,google,2026-03-22,83,138725,원피스,111100
아크릴,google,2026-03-29,78,130368,원피스,111100
아크릴,google,2026-04-05,75,125354,원피스,111100
아크릴,google,2026-04-12,68,113654,원피스,111100
아크릴,google,2026-04-19,74,123682,원피스,111100
아크릴,google,2026-04-26,70,116997,원피스,111100
아크릴,google,2026-05-03,75,125354,원피스,111100
아크릴,google,2026-05-10,79,132039,원피스,111100
아크릴,google,2026-05-17,71,118668,원피스,111100
아크릴,google,2026-05-24,75,125354,원피스,111100
아크릴,google,2026-05-31,76,127025,원피스,111100
아크릴,google,2026-06-07,69,115325,원피스,111100
아크릴,google,2026-06-14,67,111982,원피스,111100
아크릴,google,2026-06-21,71,118668,원피스,111100
아크릴,google,2026-06-28,75,125354,원피스,111100
아크릴,google,2026-07-05,71,118668,원피스,111100
아크릴,google,2026-07-12,74,123682,원피스,111100
아크릴,google,2026-07-19,70,116997,원피스,111100
아크릴,google,2026-07-26,63,105297,원피스,111100
아크릴,google,2026-08-02,64,106968,원피스,111100
아크릴,google,2026-08-09,62,103626,원피스,111100
아크릴,google,2026-08-16,71,118668,원피스,111100
아크릴,google,2026-08-23,77,128696,원피스,111100
아크릴,google,2026-08-30,75,125354,원피스,111100
아크릴,google,2026-09-06,79,132039,원피스,111100
아크릴,google,2026-09-13,73,122011,원피스,111100
스판덱스,google,2025-09-14,0,0,원피스,111100
스판덱스,google,2025-09-21,3,5014,원피스,111100
스판덱스,google,2025-09-28,0,0,원피스,111100
스판덱스,google,2025-10-05,0,0,원피스,111100
스판덱스,google,2025-10-12,0,0,원피스,111100
스판덱스,google,2025-10-19,0,0,원피스,111100
스판덱스,google,2025-10-26,0,0,원피스,111100
스판덱스,google,2025-11-02,0,0,원피스,111100
스판덱스,google,2025-11-09,0,0,원피스,111100
스판덱스,google,2025-11-16,0,0,원피스,111100
스판덱스,google,2025-11-23,0,0,원피스,111100
스판덱스,google,2025-11-30,0,0,원피스,111100
스판덱스,google,2025-12-07,0,0,원피스,111100
스판덱스,google,2025-12-14,0,0,원피스,111100
스판덱스,google,2025-12-21,0,0,원피스,111100
스판덱스,google,2025-12-28,0,0,원피스,111100
스판덱스,google,2026-01-04,0,0,원피스,111100
스판덱스,google,2026-01-11,0,0,원피스,111100
스판덱스,google,2026-01-18,2,3342,원피스,111100
스판덱스,google,2026-01-25,0,0,원피스,111100
스판덱스,google,2026-02-01,0,0,원피스,111100
스판덱스,google,2026-02-08,0,0,원피스,111100
스판덱스,google,2026-02-15,0,0,원피스,111100
스판덱스,google,2026-02-22,0,0,원피스,111100
스판덱스,google,2026-03-01,2,3342,원피스,111100
스판덱스,google,2026-03-08,3,5014,원피스,111100
스판덱스,google,2026-03-15,2,3342,원피스,111100
스판덱스,google,2026-03-22,0,0,원피스,111100
스판덱스,google,2026-03-29,0,0,원피스,111100
스판덱스,google,2026-04-05,0,0,원피스,111100
스판덱스,google,2026-04-12,2,3342,원피스,111100
스판덱스,google,2026-04-19,0,0,원피스,111100
스판덱스,google,2026-04-26,0,0,원피스,111100
스판덱스,google,2026-05-03,2,3342,원피스,111100
스판덱스,google,2026-05-10,2,3342,원피스,111100
스판덱스,google,2026-05-17,0,0,원피스,111100
스판덱스,google,2026-05-24,3,5014,원피스,111100
스판덱스,google,2026-05-31,2,3342,원피스,111100
스판덱스,google,2026-06-07,0,0,원피스,111100
스판덱스,google,2026-06-14,2,3342,원피스,111100
스판덱스,google,2026-06-21,0,0,원피스,111100
스판덱스,google,2026-06-28,2,3342,원피스,111100
스판덱스,google,2026-07-05,0,0,원피스,111100
스판덱스,google,2026-07-12,0,0,원피스,111100
스판덱스,google,2026-07-19,0,0,원피스,111100
스판덱스,google,2026-07-26,0,0,원피스,111100
스판덱스,google,2026-08-02,0,0,원피스,111100
스판덱스,google,2026-08-09,0,0,원피스,111100
스판덱스,google,2026-08-16,0,0,원피스,111100
스판덱스,google,2026-08-23,0,0,원피스,111100
스판덱스,google,2026-08-30,1,1671,원피스,111100
스판덱스,google,2026-09-06,1,1671,원피스,111100
스판덱스,google,2026-09-13,0,0,원피스,111100
폴리에스터,google,2025-09-14,7,11699,원피스,111100
폴리에스터,google,2025-09-21,5,8356,원피스,111100
폴리에스터,google,2025-09-28,6,10028,원피스,111100
폴리에스터,google,2025-10-05,7,11699,원피스,111100
폴리에스터,google,2025-10-12,7,11699,원피스,111100
폴리에스터,google,2025-10-19,9,15042,원피스,111100
폴리에스터,google,2025-10-26,12,20056,원피스,111100
폴리에스터,google,2025-11-02,10,16713,원피스,111100
폴리에스터,google,2025-11-09,10,16713,원피스,111100
폴리에스터,google,2025-11-16,13,21728,원피스,111100
폴리에스터,google,2025-11-23,12,20056,원피스,111100
폴리에스터,google,2025-11-30,8,13371,원피스,111100
폴리에스터,google,2025-12-07,12,20056,원피스,111100
폴리에스터,google,2025-12-14,9,15042,원피스,111100
폴리에스터,google,2025-12-21,7,11699,원피스,111100
폴리에스터,google,2025-12-28,6,10028,원피스,111100
폴리에스터,google,2026-01-04,9,15042,원피스,111100
폴리에스터,google,2026-01-11,6,10028,원피스,111100
폴리에스터,google,2026-01-18,8,13371,원피스,111100
폴리에스터,google,2026-01-25,6,10028,원피스,111100
폴리에스터,google,2026-02-01,5,8356,원피스,111100
폴리에스터,google,2026-02-08,5,8356,원피스,111100
폴리에스터,google,2026-02-15,5,8356,원피스,111100
폴리에스터,google,2026-02-22,8,13371,원피스,111100
폴리에스터,google,2026-03-01,6,10028,원피스,111100
폴리에스터,google,2026-03-08,8,13371,원피스,111100
폴리에스터,google,2026-03-15,7,11699,원피스,111100
폴리에스터,google,2026-03-22,10,16713,원피스,111100
폴리에스터,google,2026-03-29,8,13371,원피스,111100
폴리에스터,google,2026-04-05,7,11699,원피스,111100
폴리에스터,google,2026-04-12,7,11699,원피스,111100
폴리에스터,google,2026-04-19,5,8356,원피스,111100
폴리에스터,google,2026-04-26,7,11699,원피스,111100
폴리에스터,google,2026-05-03,8,13371,원피스,111100
폴리에스터,google,2026-05-10,7,11699,원피스,111100
폴리에스터,google,2026-05-17,8,13371,원피스,111100
폴리에스터,google,2026-05-24,9,15042,원피스,111100
폴리에스터,google,2026-05-31,9,15042,원피스,111100
폴리에스터,google,2026-06-07,7,11699,원피스,111100
폴리에스터,google,2026-06-14,7,11699,원피스,111100
폴리에스터,google,2026-06-21,6,10028,원피스,111100
폴리에스터,google,2026-06-28,7,11699,원피스,111100
폴리에스터,google,2026-07-05,9,15042,원피스,111100
폴리에스터,google,2026-07-12,7,11699,원피스,111100
폴리에스터,google,2026-07-19,8,13371,원피스,111100
폴리에스터,google,2026-07-26,6,10028,원피스,111100
폴리에스터,google,2026-08-02,5,8356,원피스,111100
폴리에스터,google,2026-08-09,6,10028,원피스,111100
폴리에스터,google,2026-08-16,6,10028,원피스,111100
폴리에스터,google,2026-08-23,6,10028,원피스,111100
폴리에스터,google,2026-08-30,5,8356,원피스,111100
폴리에스터,google,2026-09-06,6,10028,원피스,111100
폴리에스터,google,2026-09-13,6,10028,원피스,111100
고어텍스,google,2025-09-14,21,35099,원피스,111100
고어텍스,google,2025-09-21,17,28413,원피스,111100
고어텍스,google,2025-09-28,21,35099,원피스,111100
고어텍스,google,2025-10-05,28,46798,원피스,111100
고어텍스,google,2025-10-12,24,40113,원피스,111100
고어텍스,google,2025-10-19,29,48470,원피스,111100
고어텍스,google,2025-10-26,28,46798,원피스,111100
고어텍스,google,2025-11-02,29,48470,원피스,111100
고어텍스,google,2025-11-09,33,55155,원피스,111100
고어텍스,google,2025-11-16,36,60169,원피스,111100
고어텍스,google,2025-11-23,29,48470,원피스,111100
고어텍스,google,2025-11-30,38,63512,원피스,111100
고어텍스,google,2025-12-07,45,75212,원피스,111100
고어텍스,google,2025-12-14,40,66855,원피스,111100
고어텍스,google,2025-12-21,31,51813,원피스,111100
고어텍스,google,2025-12-28,28,46798,원피스,111100
고어텍스,google,2026-01-04,24,40113,원피스,111100
고어텍스,google,2026-01-11,24,40113,원피스,111100
고어텍스,google,2026-01-18,27,45127,원피스,111100
고어텍스,google,2026-01-25,27,45127,원피스,111100
고어텍스,google,2026-02-01,25,41784,원피스,111100
고어텍스,google,2026-02-08,23,38441,원피스,111100
고어텍스,google,2026-02-15,19,31756,원피스,111100
고어텍스,google,2026-02-22,20,33427,원피스,111100
고어텍스,google,2026-03-01,20,33427,원피스,111100
고어텍스,google,2026-03-08,31,51813,원피스,111100
고어텍스,google,2026-03-15,21,35099,원피스,111100
고어텍스,google,2026-03-22,24,40113,원피스,111100
고어텍스,google,2026-03-29,18,30084,원피스,111100
고어텍스,google,2026-04-05,17,28413,원피스,111100
고어텍스,google,2026-04-12,16,26742,원피스,111100
고어텍스,google,2026-04-19,17,28413,원피스,111100
고어텍스,google,2026-04-26,17,28413,원피스,111100
고어텍스,google,2026-05-03,17,28413,원피스,111100
고어텍스,google,2026-05-10,19,31756,원피스,111100
고어텍스,google,2026-05-17,25,41784,원피스,111100
고어텍스,google,2026-05-24,21,35099,원피스,111100
고어텍스,google,2026-05-31,15,25070,원피스,111100
고어텍스,google,2026-06-07,15,25070,원피스,111100
고어텍스,google,2026-06-14,18,30084,원피스,111100
고어텍스,google,2026-06-21,14,23399,원피스,111100
고어텍스,google,2026-06-28,18,30084,원피스,111100
고어텍스,google,2026-07-05,29,48470,원피스,111100
고어텍스,google,2026-07-12,21,35099,원피스,111100
고어텍스,google,2026-07-19,19,31756,원피스,111100
고어텍스,google,2026-07-26,10,16713,원피스,111100
고어텍스,google,2026-08-02,11,18385,원피스,111100
고어텍스,google,2026-08-09,11,18385,원피스,111100
고어텍스,google,2026-08-16,15,25070,원피스,111100
고어텍스,google,2026-08-23,12,20056,원피스,111100
고어텍스,google,2026-08-30,14,23399,원피스,111100
고어텍스,google,2026-09-06,16,26742,원피스,111100
고어텍스,google,2026-09-13,17,28413,원피스,111100
튤,google,2025-09-14,0,0,원피스,111100
튤,google,2025-09-21,0,0,원피스,111100
튤,google,2025-09-28,0,0,원피스,111100
튤,google,2025-10-05,0,0,원피스,111100
튤,google,2025-10-12,0,0,원피스,111100
튤,google,2025-10-19,0,0,원피스,111100
튤,google,2025-10-26,5,8356,원피스,111100
튤,google,2025-11-02,0,0,원피스,111100
튤,google,2025-11-09,0,0,원피스,111100
튤,google,2025-11-16,0,0,원피스,111100
튤,google,2025-11-23,0,0,원피스,111100
튤,google,2025-11-30,0,0,원피스,111100
튤,google,2025-12-07,7,11699,원피스,111100
튤,google,2025-12-14,0,0,원피스,111100
튤,google,2025-12-21,0,0,원피스,111100
튤,google,2025-12-28,0,0,원피스,111100
튤,google,2026-01-04,0,0,원피스,111100
튤,google,2026-01-11,0,0,원피스,111100
튤,google,2026-01-18,0,0,원피스,111100
튤,google,2026-01-25,0,0,원피스,111100
튤,google,2026-02-01,0,0,원피스,111100
튤,google,2026-02-08,0,0,원피스,111100
튤,google,2026-02-15,5,8356,원피스,111100
튤,google,2026-02-22,5,8356,원피스,111100
튤,google,2026-03-01,7,11699,원피스,111100
튤,google,2026-03-08,0,0,원피스,111100
튤,google,2026-03-15,0,0,원피스,111100
튤,google,2026-03-22,0,0,원피스,111100
튤,google,2026-03-29,5,8356,원피스,111100
튤,google,2026-04-05,5,8356,원피스,111100
튤,google,2026-04-12,0,0,원피스,111100
튤,google,2026-04-19,0,0,원피스,111100
튤,google,2026-04-26,0,0,원피스,111100
튤,google,2026-05-03,5,8356,원피스,111100
튤,google,2026-05-10,0,0,원피스,111100
튤,google,2026-05-17,0,0,원피스,111100
튤,google,2026-05-24,4,6685,원피스,111100
튤,google,2026-05-31,4,6685,원피스,111100
튤,google,2026-06-07,0,0,원피스,111100
튤,google,2026-06-14,0,0,원피스,111100
튤,google,2026-06-21,0,0,원피스,111100
튤,google,2026-06-28,0,0,원피스,111100
튤,google,2026-07-05,0,0,원피스,111100
튤,google,2026-07-12,0,0,원피스,111100
튤,google,2026-07-19,0,0,원피스,111100
튤,google,2026-07-26,0,0,원피스,111100
튤,google,2026-08-02,0,0,원피스,111100
튤,google,2026-08-09,0,0,원피스,111100
튤,google,2026-08-16,0,0,원피스,111100
튤,google,2026-08-23,0,0,원피스,111100
튤,google,2026-08-30,2,3342,원피스,111100
튤,google,2026-09-06,3,5014,원피스,111100
튤,google,2026-09-13,2,3342,원피스,111100
플리스,google,2025-09-14,27,45127,원피스,111100
플리스,google,2025-09-21,29,48470,원피스,111100
플리스,google,2025-09-28,29,48470,원피스,111100
플리스,google,2025-10-05,38,63512,원피스,111100
플리스,google,2025-10-12,36,60169,원피스,111100
플리스,google,2025-10-19,70,116997,원피스,111100
플리스,google,2025-10-26,65,108640,원피스,111100
플리스,google,2025-11-02,72,120339,원피스,111100
플리스,google,2025-11-09,64,106968,원피스,111100
플리스,google,2025-11-16,87,145410,원피스,111100
플리스,google,2025-11-23,78,130368,원피스,111100
플리스,google,2025-11-30,100,167138,원피스,111100
플리스,google,2025-12-07,77,128696,원피스,111100
플리스,google,2025-12-14,66,110311,원피스,111100
플리스,google,2025-12-21,75,125354,원피스,111100
플리스,google,2025-12-28,77,128696,원피스,111100
플리스,google,2026-01-04,80,133711,원피스,111100
플리스,google,2026-01-11,72,120339,원피스,111100
플리스,google,2026-01-18,78,130368,원피스,111100
플리스,google,2026-01-25,69,115325,원피스,111100
플리스,google,2026-02-01,52,86912,원피스,111100
플리스,google,2026-02-08,67,111982,원피스,111100
플리스,google,2026-02-15,57,95269,원피스,111100
플리스,google,2026-02-22,45,75212,원피스,111100
플리스,google,2026-03-01,59,98611,원피스,111100
플리스,google,2026-03-08,44,73541,원피스,111100
플리스,google,2026-03-15,35,58498,원피스,111100
플리스,google,2026-03-22,26,43456,원피스,111100
플리스,google,2026-03-29,26,43456,원피스,111100
플리스,google,2026-04-05,31,51813,원피스,111100
플리스,google,2026-04-12,18,30084,원피스,111100
플리스,google,2026-04-19,23,38441,원피스,111100
플리스,google,2026-04-26,19,31756,원피스,111100
플리스,google,2026-05-03,22,36770,원피스,111100
플리스,google,2026-05-10,26,43456,원피스,111100
플리스,google,2026-05-17,34,56827,원피스,111100
플리스,google,2026-05-24,24,40113,원피스,111100
플리스,google,2026-05-31,31,51813,원피스,111100
플리스,google,2026-06-07,34,56827,원피스,111100
플리스,google,2026-06-14,27,45127,원피스,111100
플리스,google,2026-06-21,18,30084,원피스,111100
플리스,google,2026-06-28,25,41784,원피스,111100
플리스,google,2026-07-05,14,23399,원피스,111100
플리스,google,2026-07-12,18,30084,원피스,111100
플리스,google,2026-07-19,21,35099,원피스,111100
플리스,google,2026-07-26,17,28413,원피스,111100
플리스,google,2026-08-02,16,26742,원피스,111100
플리스,google,2026-08-09,17,28413,원피스,111100
플리스,google,2026-08-16,20,33427,원피스,111100
플리스,google,2026-08-23,19,31756,원피스,111100
플리스,google,2026-08-30,17,28413,원피스,111100
플리스,google,2026-09-06,25,41784,원피스,111100
플리스,google,2026-09-13,32,53484,원피스,111100
극세사,google,2025-09-14,9,15042,원피스,111100
극세사,google,2025-09-21,12,20056,원피스,111100
극세사,google,2025-09-28,11,18385,원피스,111100
극세사,google,2025-10-05,14,23399,원피스,111100
극세사,google,2025-10-12,11,18385,원피스,111100
극세사,google,2025-10-19,27,45127,원피스,111100
극세사,google,2025-10-26,21,35099,원피스,111100
극세사,google,2025-11-02,23,38441,원피스,111100
극세사,google,2025-11-09,26,43456,원피스,111100
극세사,google,2025-11-16,31,51813,원피스,111100
극세사,google,2025-11-23,16,26742,원피스,111100
극세사,google,2025-11-30,28,46798,원피스,111100
극세사,google,2025-12-07,19,31756,원피스,111100
극세사,google,2025-12-14,17,28413,원피스,111100
극세사,google,2025-12-21,27,45127,원피스,111100
극세사,google,2025-12-28,23,38441,원피스,111100
극세사,google,2026-01-04,21,35099,원피스,111100
극세사,google,2026-01-11,18,30084,원피스,111100
극세사,google,2026-01-18,16,26742,원피스,111100
극세사,google,2026-01-25,16,26742,원피스,111100
극세사,google,2026-02-01,18,30084,원피스,111100
극세사,google,2026-02-08,12,20056,원피스,111100
극세사,google,2026-02-15,15,25070,원피스,111100
극세사,google,2026-02-22,15,25070,원피스,111100
극세사,google,2026-03-01,17,28413,원피스,111100
극세사,google,2026-03-08,13,21728,원피스,111100
극세사,google,2026-03-15,11,18385,원피스,111100
극세사,google,2026-03-22,15,25070,원피스,111100
극세사,google,2026-03-29,10,16713,원피스,111100
극세사,google,2026-04-05,10,16713,원피스,111100
극세사,google,2026-04-12,13,21728,원피스,111100
극세사,google,2026-04-19,11,18385,원피스,111100
극세사,google,2026-04-26,10,16713,원피스,111100
극세사,google,2026-05-03,11,18385,원피스,111100
극세사,google,2026-05-10,15,25070,원피스,111100
극세사,google,2026-05-17,11,18385,원피스,111100
극세사,google,2026-05-24,11,18385,원피스,111100
극세사,google,2026-05-31,10,16713,원피스,111100
극세사,google,2026-06-07,12,20056,원피스,111100
극세사,google,2026-06-14,11,18385,원피스,111100
극세사,google,2026-06-21,13,21728,원피스,111100
극세사,google,2026-06-28,12,20056,원피스,111100
극세사,google,2026-07-05,8,13371,원피스,111100
극세사,google,2026-07-12,9,15042,원피스,111100
극세사,google,2026-07-19,12,20056,원피스,111100
극세사,google,2026-07-26,8,13371,원피스,111100
극세사,google,2026-08-02,12,20056,원피스,111100
극세사,google,2026-08-09,8,13371,원피스,111100
극세사,google,2026-08-16,8,13371,원피스,111100
극세사,google,2026-08-23,9,15042,원피스,111100
극세사,google,2026-08-30,8,13371,원피스,111100
극세사,google,2026-09-06,10,16713,원피스,111100
극세사,google,2026-09-13,12,20056,원피스,111100
피그먼트 워싱,google,2025-09-14,0,0,원피스,111100
피그먼트 워싱,google,2025-09-21,0,0,원피스,111100
피그먼트 워싱,google,2025-09-28,0,0,원피스,111100
피그먼트 워싱,google,2025-10-05,0,0,원피스,111100
피그먼트 워싱,google,2025-10-12,0,0,원피스,111100
피그먼트 워싱,google,2025-10-19,0,0,원피스,111100
피그먼트 워싱,google,2025-10-26,0,0,원피스,111100
피그먼트 워싱,google,2025-11-02,0,0,원피스,111100
피그먼트 워싱,google,2025-11-09,0,0,원피스,111100
피그먼트 워싱,google,2025-11-16,0,0,원피스,111100
피그먼트 워싱,google,2025-11-23,0,0,원피스,111100
피그먼트 워싱,google,2025-11-30,0,0,원피스,111100
피그먼트 워싱,google,2025-12-07,0,0,원피스,111100
피그먼트 워싱,google,2025-12-14,0,0,원피스,111100
피그먼트 워싱,google,2025-12-21,0,0,원피스,111100
피그먼트 워싱,google,2025-12-28,0,0,원피스,111100
피그먼트 워싱,google,2026-01-04,0,0,원피스,111100
피그먼트 워싱,google,2026-01-11,0,0,원피스,111100
피그먼트 워싱,google,2026-01-18,0,0,원피스,111100
피그먼트 워싱,google,2026-01-25,0,0,원피스,111100
피그먼트 워싱,google,2026-02-01,0,0,원피스,111100
피그먼트 워싱,google,2026-02-08,0,0,원피스,111100
피그먼트 워싱,google,2026-02-15,0,0,원피스,111100
피그먼트 워싱,google,2026-02-22,0,0,원피스,111100
피그먼트 워싱,google,2026-03-01,0,0,원피스,111100
피그먼트 워싱,google,2026-03-08,0,0,원피스,111100
피그먼트 워싱,google,2026-03-15,0,0,원피스,111100
피그먼트 워싱,google,2026-03-22,0,0,원피스,111100
피그먼트 워싱,google,2026-03-29,0,0,원피스,111100
피그먼트 워싱,google,2026-04-05,0,0,원피스,111100
피그먼트 워싱,google,2026-04-12,0,0,원피스,111100
피그먼트 워싱,google,2026-04-19,0,0,원피스,111100
피그먼트 워싱,google,2026-04-26,0,0,원피스,111100
피그먼트 워싱,google,2026-05-03,0,0,원피스,111100
피그먼트 워싱,google,2026-05-10,0,0,원피스,111100
피그먼트 워싱,google,2026-05-17,0,0,원피스,111100
피그먼트 워싱,google,2026-05-24,0,0,원피스,111100
피그먼트 워싱,google,2026-05-31,0,0,원피스,111100
피그먼트 워싱,google,2026-06-07,0,0,원피스,111100
피그먼트 워싱,google,2026-06-14,0,0,원피스,111100
피그먼트 워싱,google,2026-06-21,0,0,원피스,111100
피그먼트 워싱,google,2026-06-28,0,0,원피스,111100
피그먼트 워싱,google,2026-07-05,0,0,원피스,111100
피그먼트 워싱,google,2026-07-12,0,0,원피스,111100
피그먼트 워싱,google,2026-07-19,0,0,원피스,111100
피그먼트 워싱,google,2026-07-26,0,0,원피스,111100
피그먼트 워싱,google,2026-08-02,0,0,원피스,111100
피그먼트 워싱,google,2026-08-09,0,0,원피스,111100
피그먼트 워싱,google,2026-08-16,0,0,원피스,111100
피그먼트 워싱,google,2026-08-23,0,0,원피스,111100
피그먼트 워싱,google,2026-08-30,1,1671,원피스,111100
피그먼트 워싱,google,2026-09-06,1,1671,원피스,111100
피그먼트 워싱,google,2026-09-13,0,0,원피스,111100
워싱,google,2025-09-14,32,53484,원피스,111100
워싱,google,2025-09-21,26,43456,원피스,111100
워싱,google,2025-09-28,31,51813,원피스,111100
워싱,google,2025-10-05,34,56827,원피스,111100
워싱,google,2025-10-12,40,66855,원피스,111100
워싱,google,2025-10-19,33,55155,원피스,111100
워싱,google,2025-10-26,34,56827,원피스,111100
워싱,google,2025-11-02,34,56827,원피스,111100
워싱,google,2025-11-09,33,55155,원피스,111100
워싱,google,2025-11-16,31,51813,원피스,111100
워싱,google,2025-11-23,33,55155,원피스,111100
워싱,google,2025-11-30,28,46798,원피스,111100
워싱,google,2025-12-07,25,41784,원피스,111100
워싱,google,2025-12-14,26,43456,원피스,111100
워싱,google,2025-12-21,29,48470,원피스,111100
워싱,google,2025-12-28,26,43456,원피스,111100
워싱,google,2026-01-04,23,38441,원피스,111100
워싱,google,2026-01-11,30,50141,원피스,111100
워싱,google,2026-01-18,27,45127,원피스,111100
워싱,google,2026-01-25,21,35099,원피스,111100
워싱,google,2026-02-01,22,36770,원피스,111100
워싱,google,2026-02-08,23,38441,원피스,111100
워싱,google,2026-02-15,24,40113,원피스,111100
워싱,google,2026-02-22,23,38441,원피스,111100
워싱,google,2026-03-01,25,41784,원피스,111100
워싱,google,2026-03-08,33,55155,원피스,111100
워싱,google,2026-03-15,34,56827,원피스,111100
워싱,google,2026-03-22,38,63512,원피스,111100
워싱,google,2026-03-29,36,60169,원피스,111100
워싱,google,2026-04-05,30,50141,원피스,111100
워싱,google,2026-04-12,30,50141,원피스,111100
워싱,google,2026-04-19,26,43456,원피스,111100
워싱,google,2026-04-26,29,48470,원피스,111100
워싱,google,2026-05-03,31,51813,원피스,111100
워싱,google,2026-05-10,36,60169,원피스,111100
워싱,google,2026-05-17,32,53484,원피스,111100
워싱,google,2026-05-24,39,65184,원피스,111100
워싱,google,2026-05-31,34,56827,원피스,111100
워싱,google,2026-06-07,35,58498,원피스,111100
워싱,google,2026-06-14,29,48470,원피스,111100
워싱,google,2026-06-21,25,41784,원피스,111100
워싱,google,2026-06-28,34,56827,원피스,111100
워싱,google,2026-07-05,34,56827,원피스,111100
워싱,google,2026-07-12,32,53484,원피스,111100
워싱,google,2026-07-19,33,55155,원피스,111100
워싱,google,2026-07-26,27,45127,원피스,111100
워싱,google,2026-08-02,25,41784,원피스,111100
워싱,google,2026-08-09,23,38441,원피스,111100
워싱,google,2026-08-16,27,45127,원피스,111100
워싱,google,2026-08-23,28,46798,원피스,111100
워싱,google,2026-08-30,27,45127,원피스,111100
워싱,google,2026-09-06,28,46798,원피스,111100
워싱,google,2026-09-13,29,48470,원피스,111100
디스트레스드,google,2025-09-14,0,0,원피스,111100
디스트레스드,google,2025-09-21,0,0,원피스,111100
디스트레스드,google,2025-09-28,0,0,원피스,111100
디스트레스드,google,2025-10-05,0,0,원피스,111100
디스트레스드,google,2025-10-12,0,0,원피스,111100
디스트레스드,google,2025-10-19,0,0,원피스,111100
디스트레스드,google,2025-10-26,0,0,원피스,111100
디스트레스드,google,2025-11-02,0,0,원피스,111100
디스트레스드,google,2025-11-09,0,0,원피스,111100
디스트레스드,google,2025-11-16,0,0,원피스,111100
디스트레스드,google,2025-11-23,0,0,원피스,111100
디스트레스드,google,2025-11-30,0,0,원피스,111100
디스트레스드,google,2025-12-07,0,0,원피스,111100
디스트레스드,google,2025-12-14,0,0,원피스,111100
디스트레스드,google,2025-12-21,0,0,원피스,111100
디스트레스드,google,2025-12-28,0,0,원피스,111100
디스트레스드,google,2026-01-04,0,0,원피스,111100
디스트레스드,google,2026-01-11,0,0,원피스,111100
디스트레스드,google,2026-01-18,0,0,원피스,111100
디스트레스드,google,2026-01-25,0,0,원피스,111100
디스트레스드,google,2026-02-01,0,0,원피스,111100
디스트레스드,google,2026-02-08,0,0,원피스,111100
디스트레스드,google,2026-02-15,0,0,원피스,111100
디스트레스드,google,2026-02-22,0,0,원피스,111100
디스트레스드,google,2026-03-01,0,0,원피스,111100
디스트레스드,google,2026-03-08,0,0,원피스,111100
디스트레스드,google,2026-03-15,0,0,원피스,111100
디스트레스드,google,2026-03-22,0,0,원피스,111100
디스트레스드,google,2026-03-29,0,0,원피스,111100
디스트레스드,google,2026-04-05,0,0,원피스,111100
디스트레스드,google,2026-04-12,0,0,원피스,111100
디스트레스드,google,2026-04-19,0,0,원피스,111100
디스트레스드,google,2026-04-26,0,0,원피스,111100
디스트레스드,google,2026-05-03,0,0,원피스,111100
디스트레스드,google,2026-05-10,0,0,원피스,111100
디스트레스드,google,2026-05-17,0,0,원피스,111100
디스트레스드,google,2026-05-24,0,0,원피스,111100
디스트레스드,google,2026-05-31,0,0,원피스,111100
디스트레스드,google,2026-06-07,0,0,원피스,111100
디스트레스드,google,2026-06-14,0,0,원피스,111100
디스트레스드,google,2026-06-21,0,0,원피스,111100
디스트레스드,google,2026-06-28,0,0,원피스,111100
디스트레스드,google,2026-07-05,0,0,원피스,111100
디스트레스드,google,2026-07-12,0,0,원피스,111100
디스트레스드,google,2026-07-19,0,0,원피스,111100
디스트레스드,google,2026-07-26,0,0,원피스,111100
디스트레스드,google,2026-08-02,0,0,원피스,111100
디스트레스드,google,2026-08-09,0,0,원피스,111100
디스트레스드,google,2026-08-16,0,0,원피스,111100
디스트레스드,google,2026-08-23,0,0,원피스,111100
디스트레스드,google,2026-08-30,0,0,원피스,111100
디스트레스드,google,2026-09-06,1,1671,원피스,111100
디스트레스드,google,2026-09-13,0,0,원피스,111100
시폰,google,2025-09-14,0,0,원피스,111100
시폰,google,2025-09-21,0,0,원피스,111100
시폰,google,2025-09-28,0,0,원피스,111100
시폰,google,2025-10-05,0,0,원피스,111100
시폰,google,2025-10-12,0,0,원피스,111100
시폰,google,2025-10-19,0,0,원피스,111100
시폰,google,2025-10-26,0,0,원피스,111100
시폰,google,2025-11-02,0,0,원피스,111100
시폰,google,2025-11-09,0,0,원피스,111100
시폰,google,2025-11-16,0,0,원피스,111100
시폰,google,2025-11-23,0,0,원피스,111100
시폰,google,2025-11-30,4,6685,원피스,111100
시폰,google,2025-12-07,0,0,원피스,111100
시폰,google,2025-12-14,0,0,원피스,111100
시폰,google,2025-12-21,0,0,원피스,111100
시폰,google,2025-12-28,0,0,원피스,111100
시폰,google,2026-01-04,0,0,원피스,111100
시폰,google,2026-01-11,0,0,원피스,111100
시폰,google,2026-01-18,0,0,원피스,111100
시폰,google,2026-01-25,0,0,원피스,111100
시폰,google,2026-02-01,0,0,원피스,111100
시폰,google,2026-02-08,0,0,원피스,111100
시폰,google,2026-02-15,0,0,원피스,111100
시폰,google,2026-02-22,0,0,원피스,111100
시폰,google,2026-03-01,6,10028,원피스,111100
시폰,google,2026-03-08,0,0,원피스,111100
시폰,google,2026-03-15,0,0,원피스,111100
시폰,google,2026-03-22,0,0,원피스,111100
시폰,google,2026-03-29,0,0,원피스,111100
시폰,google,2026-04-05,0,0,원피스,111100
시폰,google,2026-04-12,0,0,원피스,111100
시폰,google,2026-04-19,3,5014,원피스,111100
시폰,google,2026-04-26,0,0,원피스,111100
시폰,google,2026-05-03,0,0,원피스,111100
시폰,google,2026-05-10,0,0,원피스,111100
시폰,google,2026-05-17,4,6685,원피스,111100
시폰,google,2026-05-24,0,0,원피스,111100
시폰,google,2026-05-31,0,0,원피스,111100
시폰,google,2026-06-07,0,0,원피스,111100
시폰,google,2026-06-14,0,0,원피스,111100
시폰,google,2026-06-21,0,0,원피스,111100
시폰,google,2026-06-28,0,0,원피스,111100
시폰,google,2026-07-05,0,0,원피스,111100
시폰,google,2026-07-12,0,0,원피스,111100
시폰,google,2026-07-19,0,0,원피스,111100
시폰,google,2026-07-26,0,0,원피스,111100
시폰,google,2026-08-02,0,0,원피스,111100
시폰,google,2026-08-09,0,0,원피스,111100
시폰,google,2026-08-16,0,0,원피스,111100
시폰,google,2026-08-23,0,0,원피스,111100
시폰,google,2026-08-30,2,3342,원피스,111100
시폰,google,2026-09-06,2,3342,원피스,111100
시폰,google,2026-09-13,2,3342,원피스,111100
레더,google,2025-09-14,50,83569,원피스,111100
레더,google,2025-09-21,60,100283,원피스,111100
레더,google,2025-09-28,74,123682,원피스,111100
레더,google,2025-10-05,73,122011,원피스,111100
레더,google,2025-10-12,58,96940,원피스,111100
레더,google,2025-10-19,75,125354,원피스,111100
레더,google,2025-10-26,76,127025,원피스,111100
레더,google,2025-11-02,69,115325,원피스,111100
레더,google,2025-11-09,64,106968,원피스,111100
레더,google,2025-11-16,73,122011,원피스,111100
레더,google,2025-11-23,69,115325,원피스,111100
레더,google,2025-11-30,66,110311,원피스,111100
레더,google,2025-12-07,60,100283,원피스,111100
레더,google,2025-12-14,65,108640,원피스,111100
레더,google,2025-12-21,59,98611,원피스,111100
레더,google,2025-12-28,67,111982,원피스,111100
레더,google,2026-01-04,59,98611,원피스,111100
레더,google,2026-01-11,62,103626,원피스,111100
레더,google,2026-01-18,65,108640,원피스,111100
레더,google,2026-01-25,67,111982,원피스,111100
레더,google,2026-02-01,64,106968,원피스,111100
레더,google,2026-02-08,73,122011,원피스,111100
레더,google,2026-02-15,100,167138,원피스,111100
레더,google,2026-02-22,90,150424,원피스,111100
레더,google,2026-03-01,86,143739,원피스,111100
레더,google,2026-03-08,95,158781,원피스,111100
레더,google,2026-03-15,81,135382,원피스,111100
레더,google,2026-03-22,74,123682,원피스,111100
레더,google,2026-03-29,63,105297,원피스,111100
레더,google,2026-04-05,56,93597,원피스,111100
레더,google,2026-04-12,53,88583,원피스,111100
레더,google,2026-04-19,52,86912,원피스,111100
레더,google,2026-04-26,41,68526,원피스,111100
레더,google,2026-05-03,46,76883,원피스,111100
레더,google,2026-05-10,50,83569,원피스,111100
레더,google,2026-05-17,47,78555,원피스,111100
레더,google,2026-05-24,53,88583,원피스,111100
레더,google,2026-05-31,42,70198,원피스,111100
레더,google,2026-06-07,36,60169,원피스,111100
레더,google,2026-06-14,42,70198,원피스,111100
레더,google,2026-06-21,41,68526,원피스,111100
레더,google,2026-06-28,40,66855,원피스,111100
레더,google,2026-07-05,44,73541,원피스,111100
레더,google,2026-07-12,47,78555,원피스,111100
레더,google,2026-07-19,47,78555,원피스,111100
레더,google,2026-07-26,42,70198,원피스,111100
레더,google,2026-08-02,39,65184,원피스,111100
레더,google,2026-08-09,49,81898,원피스,111100
레더,google,2026-08-16,65,108640,원피스,111100
레더,google,2026-08-23,67,111982,원피스,111100
레더,google,2026-08-30,54,90254,원피스,111100
레더,google,2026-09-06,64,106968,원피스,111100
레더,google,2026-09-13,84,140396,원피스,111100
리얼퍼,google,2025-09-14,0,0,원피스,111100
리얼퍼,google,2025-09-21,0,0,원피스,111100
리얼퍼,google,2025-09-28,0,0,원피스,111100
리얼퍼,google,2025-10-05,0,0,원피스,111100
리얼퍼,google,2025-10-12,0,0,원피스,111100
리얼퍼,google,2025-10-19,0,0,원피스,111100
리얼퍼,google,2025-10-26,0,0,원피스,111100
리얼퍼,google,2025-11-02,0,0,원피스,111100
리얼퍼,google,2025-11-09,0,0,원피스,111100
리얼퍼,google,2025-11-16,0,0,원피스,111100
리얼퍼,google,2025-11-23,0,0,원피스,111100
리얼퍼,google,2025-11-30,0,0,원피스,111100
리얼퍼,google,2025-12-07,0,0,원피스,111100
리얼퍼,google,2025-12-14,0,0,원피스,111100
리얼퍼,google,2025-12-21,0,0,원피스,111100
리얼퍼,google,2025-12-28,0,0,원피스,111100
리얼퍼,google,2026-01-04,0,0,원피스,111100
리얼퍼,google,2026-01-11,0,0,원피스,111100
리얼퍼,google,2026-01-18,0,0,원피스,111100
리얼퍼,google,2026-01-25,0,0,원피스,111100
리얼퍼,google,2026-02-01,0,0,원피스,111100
리얼퍼,google,2026-02-08,0,0,원피스,111100
리얼퍼,google,2026-02-15,0,0,원피스,111100
리얼퍼,google,2026-02-22,0,0,원피스,111100
리얼퍼,google,2026-03-01,0,0,원피스,111100
리얼퍼,google,2026-03-08,0,0,원피스,111100
리얼퍼,google,2026-03-15,0,0,원피스,111100
리얼퍼,google,2026-03-22,0,0,원피스,111100
리얼퍼,google,2026-03-29,0,0,원피스,111100
리얼퍼,google,2026-04-05,0,0,원피스,111100
리얼퍼,google,2026-04-12,0,0,원피스,111100
리얼퍼,google,2026-04-19,0,0,원피스,111100
리얼퍼,google,2026-04-26,0,0,원피스,111100
리얼퍼,google,2026-05-03,0,0,원피스,111100
리얼퍼,google,2026-05-10,0,0,원피스,111100
리얼퍼,google,2026-05-17,0,0,원피스,111100
리얼퍼,google,2026-05-24,0,0,원피스,111100
리얼퍼,google,2026-05-31,0,0,원피스,111100
리얼퍼,google,2026-06-07,0,0,원피스,111100
리얼퍼,google,2026-06-14,0,0,원피스,111100
리얼퍼,google,2026-06-21,0,0,원피스,111100
리얼퍼,google,2026-06-28,0,0,원피스,111100
리얼퍼,google,2026-07-05,0,0,원피스,111100
리얼퍼,google,2026-07-12,0,0,원피스,111100
리얼퍼,google,2026-07-19,0,0,원피스,111100
리얼퍼,google,2026-07-26,0,0,원피스,111100
리얼퍼,google,2026-08-02,0,0,원피스,111100
리얼퍼,google,2026-08-09,0,0,원피스,111100
리얼퍼,google,2026-08-16,0,0,원피스,111100
리얼퍼,google,2026-08-23,0,0,원피스,111100
리얼퍼,google,2026-08-30,0,0,원피스,111100
리얼퍼,google,2026-09-06,0,0,원피스,111100
리얼퍼,google,2026-09-13,0,0,원피스,111100
무스탕,google,2025-09-14,1,1671,원피스,111100
무스탕,google,2025-09-21,1,1671,원피스,111100
무스탕,google,2025-09-28,1,1671,원피스,111100
무스탕,google,2025-10-05,2,3342,원피스,111100
무스탕,google,2025-10-12,1,1671,원피스,111100
무스탕,google,2025-10-19,2,3342,원피스,111100
무스탕,google,2025-10-26,3,5014,원피스,111100
무스탕,google,2025-11-02,4,6685,원피스,111100
무스탕,google,2025-11-09,3,5014,원피스,111100
무스탕,google,2025-11-16,5,8356,원피스,111100
무스탕,google,2025-11-23,5,8356,원피스,111100
무스탕,google,2025-11-30,5,8356,원피스,111100
무스탕,google,2025-12-07,5,8356,원피스,111100
무스탕,google,2025-12-14,5,8356,원피스,111100
무스탕,google,2025-12-21,6,10028,원피스,111100
무스탕,google,2025-12-28,5,8356,원피스,111100
무스탕,google,2026-01-04,4,6685,원피스,111100
무스탕,google,2026-01-11,4,6685,원피스,111100
무스탕,google,2026-01-18,3,5014,원피스,111100
무스탕,google,2026-01-25,3,5014,원피스,111100
무스탕,google,2026-02-01,2,3342,원피스,111100
무스탕,google,2026-02-08,2,3342,원피스,111100
무스탕,google,2026-02-15,2,3342,원피스,111100
무스탕,google,2026-02-22,1,1671,원피스,111100
무스탕,google,2026-03-01,1,1671,원피스,111100
무스탕,google,2026-03-08,1,1671,원피스,111100
무스탕,google,2026-03-15,1,1671,원피스,111100
무스탕,google,2026-03-22,1,1671,원피스,111100
무스탕,google,2026-03-29,1,1671,원피스,111100
무스탕,google,2026-04-05,0,0,원피스,111100
무스탕,google,2026-04-12,0,0,원피스,111100
무스탕,google,2026-04-19,0,0,원피스,111100
무스탕,google,2026-04-26,0,0,원피스,111100
무스탕,google,2026-05-03,0,0,원피스,111100
무스탕,google,2026-05-10,0,0,원피스,111100
무스탕,google,2026-05-17,0,0,원피스,111100
무스탕,google,2026-05-24,0,0,원피스,111100
무스탕,google,2026-05-31,0,0,원피스,111100
무스탕,google,2026-06-07,0,0,원피스,111100
무스탕,google,2026-06-14,0,0,원피스,111100
무스탕,google,2026-06-21,0,0,원피스,111100
무스탕,google,2026-06-28,0,0,원피스,111100
무스탕,google,2026-07-05,0,0,원피스,111100
무스탕,google,2026-07-12,0,0,원피스,111100
무스탕,google,2026-07-19,0,0,원피스,111100
무스탕,google,2026-07-26,0,0,원피스,111100
무스탕,google,2026-08-02,1,1671,원피스,111100
무스탕,google,2026-08-09,1,1671,원피스,111100
무스탕,google,2026-08-16,1,1671,원피스,111100
무스탕,google,2026-08-23,1,1671,원피스,111100
무스탕,google,2026-08-30,0,0,원피스,111100
무스탕,google,2026-09-06,1,1671,원피스,111100
무스탕,google,2026-09-13,1,1671,원피스,111100
스웨이드,google,2025-09-14,3,5014,원피스,111100
스웨이드,google,2025-09-21,4,6685,원피스,111100
스웨이드,google,2025-09-28,4,6685,원피스,111100
스웨이드,google,2025-10-05,4,6685,원피스,111100
스웨이드,google,2025-10-12,4,6685,원피스,111100
스웨이드,google,2025-10-19,4,6685,원피스,111100
스웨이드,google,2025-10-26,4,6685,원피스,111100
스웨이드,google,2025-11-02,4,6685,원피스,111100
스웨이드,google,2025-11-09,4,6685,원피스,111100
스웨이드,google,2025-11-16,4,6685,원피스,111100
스웨이드,google,2025-11-23,3,5014,원피스,111100
스웨이드,google,2025-11-30,4,6685,원피스,111100
스웨이드,google,2025-12-07,3,5014,원피스,111100
스웨이드,google,2025-12-14,3,5014,원피스,111100
스웨이드,google,2025-12-21,3,5014,원피스,111100
스웨이드,google,2025-12-28,3,5014,원피스,111100
스웨이드,google,2026-01-04,2,3342,원피스,111100
스웨이드,google,2026-01-11,2,3342,원피스,111100
스웨이드,google,2026-01-18,3,5014,원피스,111100
스웨이드,google,2026-01-25,3,5014,원피스,111100
스웨이드,google,2026-02-01,3,5014,원피스,111100
스웨이드,google,2026-02-08,3,5014,원피스,111100
스웨이드,google,2026-02-15,3,5014,원피스,111100
스웨이드,google,2026-02-22,3,5014,원피스,111100
스웨이드,google,2026-03-01,3,5014,원피스,111100
스웨이드,google,2026-03-08,3,5014,원피스,111100
스웨이드,google,2026-03-15,3,5014,원피스,111100
스웨이드,google,2026-03-22,3,5014,원피스,111100
스웨이드,google,2026-03-29,3,5014,원피스,111100
스웨이드,google,2026-04-05,2,3342,원피스,111100
스웨이드,google,2026-04-12,2,3342,원피스,111100
스웨이드,google,2026-04-19,1,1671,원피스,111100
스웨이드,google,2026-04-26,2,3342,원피스,111100
스웨이드,google,2026-05-03,2,3342,원피스,111100
스웨이드,google,2026-05-10,2,3342,원피스,111100
스웨이드,google,2026-05-17,1,1671,원피스,111100
스웨이드,google,2026-05-24,1,1671,원피스,111100
스웨이드,google,2026-05-31,1,1671,원피스,111100
스웨이드,google,2026-06-07,1,1671,원피스,111100
스웨이드,google,2026-06-14,1,1671,원피스,111100
스웨이드,google,2026-06-21,2,3342,원피스,111100
스웨이드,google,2026-06-28,1,1671,원피스,111100
스웨이드,google,2026-07-05,1,1671,원피스,111100
스웨이드,google,2026-07-12,1,1671,원피스,111100
스웨이드,google,2026-07-19,1,1671,원피스,111100
스웨이드,google,2026-07-26,1,1671,원피스,111100
스웨이드,google,2026-08-02,1,1671,원피스,111100
스웨이드,google,2026-08-09,1,1671,원피스,111100
스웨이드,google,2026-08-16,2,3342,원피스,111100
스웨이드,google,2026-08-23,2,3342,원피스,111100
스웨이드,google,2026-08-30,2,3342,원피스,111100
스웨이드,google,2026-09-06,3,5014,원피스,111100
스웨이드,google,2026-09-13,3,5014,원피스,111100
메시,google,2025-09-14,13,21728,원피스,111100
메시,google,2025-09-21,12,20056,원피스,111100
메시,google,2025-09-28,12,20056,원피스,111100
메시,google,2025-10-05,13,21728,원피스,111100
메시,google,2025-10-12,10,16713,원피스,111100
메시,google,2025-10-19,14,23399,원피스,111100
메시,google,2025-10-26,15,25070,원피스,111100
메시,google,2025-11-02,10,16713,원피스,111100
메시,google,2025-11-09,10,16713,원피스,111100
메시,google,2025-11-16,10,16713,원피스,111100
메시,google,2025-11-23,10,16713,원피스,111100
메시,google,2025-11-30,9,15042,원피스,111100
메시,google,2025-12-07,11,18385,원피스,111100
메시,google,2025-12-14,9,15042,원피스,111100
메시,google,2025-12-21,7,11699,원피스,111100
메시,google,2025-12-28,7,11699,원피스,111100
메시,google,2026-01-04,8,13371,원피스,111100
메시,google,2026-01-11,7,11699,원피스,111100
메시,google,2026-01-18,8,13371,원피스,111100
메시,google,2026-01-25,9,15042,원피스,111100
메시,google,2026-02-01,8,13371,원피스,111100
메시,google,2026-02-08,6,10028,원피스,111100
메시,google,2026-02-15,8,13371,원피스,111100
메시,google,2026-02-22,12,20056,원피스,111100
메시,google,2026-03-01,10,16713,원피스,111100
메시,google,2026-03-08,9,15042,원피스,111100
메시,google,2026-03-15,8,13371,원피스,111100
메시,google,2026-03-22,7,11699,원피스,111100
메시,google,2026-03-29,9,15042,원피스,111100
메시,google,2026-04-05,9,15042,원피스,111100
메시,google,2026-04-12,9,15042,원피스,111100
메시,google,2026-04-19,9,15042,원피스,111100
메시,google,2026-04-26,8,13371,원피스,111100
메시,google,2026-05-03,10,16713,원피스,111100
메시,google,2026-05-10,9,15042,원피스,111100
메시,google,2026-05-17,9,15042,원피스,111100
메시,google,2026-05-24,15,25070,원피스,111100
메시,google,2026-05-31,9,15042,원피스,111100
메시,google,2026-06-07,17,28413,원피스,111100
메시,google,2026-06-14,48,80226,원피스,111100
메시,google,2026-06-21,47,78555,원피스,111100
메시,google,2026-06-28,48,80226,원피스,111100
메시,google,2026-07-05,53,88583,원피스,111100
메시,google,2026-07-12,85,142067,원피스,111100
메시,google,2026-07-19,46,76883,원피스,111100
메시,google,2026-07-26,17,28413,원피스,111100
메시,google,2026-08-02,17,28413,원피스,111100
메시,google,2026-08-09,17,28413,원피스,111100
메시,google,2026-08-16,14,23399,원피스,111100
메시,google,2026-08-23,12,20056,원피스,111100
메시,google,2026-08-30,18,30084,원피스,111100
메시,google,2026-09-06,12,20056,원피스,111100
메시,google,2026-09-13,18,30084,원피스,111100
다운,google,2025-09-14,84,140396,원피스,111100
다운,google,2025-09-21,87,145410,원피스,111100
다운,google,2025-09-28,87,145410,원피스,111100
다운,google,2025-10-05,92,153767,원피스,111100
다운,google,2025-10-12,92,153767,원피스,111100
다운,google,2025-10-19,92,153767,원피스,111100
다운,google,2025-10-26,91,152096,원피스,111100
다운,google,2025-11-02,88,147082,원피스,111100
다운,google,2025-11-09,91,152096,원피스,111100
다운,google,2025-11-16,94,157110,원피스,111100
다운,google,2025-11-23,84,140396,원피스,111100
다운,google,2025-11-30,93,155439,원피스,111100
다운,google,2025-12-07,97,162124,원피스,111100
다운,google,2025-12-14,91,152096,원피스,111100
다운,google,2025-12-21,87,145410,원피스,111100
다운,google,2025-12-28,100,167138,원피스,111100
다운,google,2026-01-04,84,140396,원피스,111100
다운,google,2026-01-11,74,123682,원피스,111100
다운,google,2026-01-18,83,138725,원피스,111100
다운,google,2026-01-25,78,130368,원피스,111100
다운,google,2026-02-01,74,123682,원피스,111100
다운,google,2026-02-08,69,115325,원피스,111100
다운,google,2026-02-15,62,103626,원피스,111100
다운,google,2026-02-22,76,127025,원피스,111100
다운,google,2026-03-01,74,123682,원피스,111100
다운,google,2026-03-08,79,132039,원피스,111100
다운,google,2026-03-15,74,123682,원피스,111100
다운,google,2026-03-22,71,118668,원피스,111100
다운,google,2026-03-29,67,111982,원피스,111100
다운,google,2026-04-05,61,101954,원피스,111100
다운,google,2026-04-12,62,103626,원피스,111100
다운,google,2026-04-19,62,103626,원피스,111100
다운,google,2026-04-26,66,110311,원피스,111100
다운,google,2026-05-03,63,105297,원피스,111100
다운,google,2026-05-10,63,105297,원피스,111100
다운,google,2026-05-17,63,105297,원피스,111100
다운,google,2026-05-24,63,105297,원피스,111100
다운,google,2026-05-31,65,108640,원피스,111100
다운,google,2026-06-07,63,105297,원피스,111100
다운,google,2026-06-14,61,101954,원피스,111100
다운,google,2026-06-21,66,110311,원피스,111100
다운,google,2026-06-28,58,96940,원피스,111100
다운,google,2026-07-05,59,98611,원피스,111100
다운,google,2026-07-12,58,96940,원피스,111100
다운,google,2026-07-19,63,105297,원피스,111100
다운,google,2026-07-26,57,95269,원피스,111100
다운,google,2026-08-02,54,90254,원피스,111100
다운,google,2026-08-09,54,90254,원피스,111100
다운,google,2026-08-16,60,100283,원피스,111100
다운,google,2026-08-23,60,100283,원피스,111100
다운,google,2026-08-30,62,103626,원피스,111100
다운,google,2026-09-06,67,111982,원피스,111100
다운,google,2026-09-13,73,122011,원피스,111100
헤링본,google,2025-09-14,0,0,원피스,111100
헤링본,google,2025-09-21,0,0,원피스,111100
헤링본,google,2025-09-28,1,1671,원피스,111100
헤링본,google,2025-10-05,0,0,원피스,111100
헤링본,google,2025-10-12,1,1671,원피스,111100
헤링본,google,2025-10-19,1,1671,원피스,111100
헤링본,google,2025-10-26,1,1671,원피스,111100
헤링본,google,2025-11-02,1,1671,원피스,111100
헤링본,google,2025-11-09,1,1671,원피스,111100
헤링본,google,2025-11-16,1,1671,원피스,111100
헤링본,google,2025-11-23,1,1671,원피스,111100
헤링본,google,2025-11-30,1,1671,원피스,111100
헤링본,google,2025-12-07,1,1671,원피스,111100
헤링본,google,2025-12-14,1,1671,원피스,111100
헤링본,google,2025-12-21,0,0,원피스,111100
헤링본,google,2025-12-28,1,1671,원피스,111100
헤링본,google,2026-01-04,1,1671,원피스,111100
헤링본,google,2026-01-11,1,1671,원피스,111100
헤링본,google,2026-01-18,1,1671,원피스,111100
헤링본,google,2026-01-25,1,1671,원피스,111100
헤링본,google,2026-02-01,1,1671,원피스,111100
헤링본,google,2026-02-08,0,0,원피스,111100
헤링본,google,2026-02-15,1,1671,원피스,111100
헤링본,google,2026-02-22,1,1671,원피스,111100
헤링본,google,2026-03-01,0,0,원피스,111100
헤링본,google,2026-03-08,0,0,원피스,111100
헤링본,google,2026-03-15,0,0,원피스,111100
헤링본,google,2026-03-22,0,0,원피스,111100
헤링본,google,2026-03-29,1,1671,원피스,111100
헤링본,google,2026-04-05,0,0,원피스,111100
헤링본,google,2026-04-12,0,0,원피스,111100
헤링본,google,2026-04-19,0,0,원피스,111100
헤링본,google,2026-04-26,0,0,원피스,111100
헤링본,google,2026-05-03,0,0,원피스,111100
헤링본,google,2026-05-10,0,0,원피스,111100
헤링본,google,2026-05-17,0,0,원피스,111100
헤링본,google,2026-05-24,0,0,원피스,111100
헤링본,google,2026-05-31,0,0,원피스,111100
헤링본,google,2026-06-07,0,0,원피스,111100
헤링본,google,2026-06-14,0,0,원피스,111100
헤링본,google,2026-06-21,0,0,원피스,111100
헤링본,google,2026-06-28,0,0,원피스,111100
헤링본,google,2026-07-05,0,0,원피스,111100
헤링본,google,2026-07-12,0,0,원피스,111100
헤링본,google,2026-07-19,0,0,원피스,111100
헤링본,google,2026-07-26,0,0,원피스,111100
헤링본,google,2026-08-02,0,0,원피스,111100
헤링본,google,2026-08-09,0,0,원피스,111100
헤링본,google,2026-08-16,0,0,원피스,111100
헤링본,google,2026-08-23,0,0,원피스,111100
헤링본,google,2026-08-30,0,0,원피스,111100
헤링본,google,2026-09-06,0,0,원피스,111100
헤링본,google,2026-09-13,0,0,원피스,111100
생지,google,2025-09-14,10,16713,원피스,111100
생지,google,2025-09-21,12,20056,원피스,111100
생지,google,2025-09-28,13,21728,원피스,111100
생지,google,2025-10-05,10,16713,원피스,111100
생지,google,2025-10-12,12,20056,원피스,111100
생지,google,2025-10-19,12,20056,원피스,111100
생지,google,2025-10-26,10,16713,원피스,111100
생지,google,2025-11-02,12,20056,원피스,111100
생지,google,2025-11-09,8,13371,원피스,111100
생지,google,2025-11-16,12,20056,원피스,111100
생지,google,2025-11-23,12,20056,원피스,111100
생지,google,2025-11-30,13,21728,원피스,111100
생지,google,2025-12-07,14,23399,원피스,111100
생지,google,2025-12-14,11,18385,원피스,111100
생지,google,2025-12-21,13,21728,원피스,111100
생지,google,2025-12-28,15,25070,원피스,111100
생지,google,2026-01-04,11,18385,원피스,111100
생지,google,2026-01-11,13,21728,원피스,111100
생지,google,2026-01-18,9,15042,원피스,111100
생지,google,2026-01-25,9,15042,원피스,111100
생지,google,2026-02-01,11,18385,원피스,111100
생지,google,2026-02-08,9,15042,원피스,111100
생지,google,2026-02-15,11,18385,원피스,111100
생지,google,2026-02-22,11,18385,원피스,111100
생지,google,2026-03-01,11,18385,원피스,111100
생지,google,2026-03-08,10,16713,원피스,111100
생지,google,2026-03-15,13,21728,원피스,111100
생지,google,2026-03-22,8,13371,원피스,111100
생지,google,2026-03-29,11,18385,원피스,111100
생지,google,2026-04-05,8,13371,원피스,111100
생지,google,2026-04-12,9,15042,원피스,111100
생지,google,2026-04-19,9,15042,원피스,111100
생지,google,2026-04-26,8,13371,원피스,111100
생지,google,2026-05-03,8,13371,원피스,111100
생지,google,2026-05-10,11,18385,원피스,111100
생지,google,2026-05-17,8,13371,원피스,111100
생지,google,2026-05-24,7,11699,원피스,111100
생지,google,2026-05-31,6,10028,원피스,111100
생지,google,2026-06-07,8,13371,원피스,111100
생지,google,2026-06-14,9,15042,원피스,111100
생지,google,2026-06-21,8,13371,원피스,111100
생지,google,2026-06-28,7,11699,원피스,111100
생지,google,2026-07-05,11,18385,원피스,111100
생지,google,2026-07-12,9,15042,원피스,111100
생지,google,2026-07-19,8,13371,원피스,111100
생지,google,2026-07-26,7,11699,원피스,111100
생지,google,2026-08-02,6,10028,원피스,111100
생지,google,2026-08-09,7,11699,원피스,111100
생지,google,2026-08-16,8,13371,원피스,111100
생지,google,2026-08-23,5,8356,원피스,111100
생지,google,2026-08-30,6,10028,원피스,111100
생지,google,2026-09-06,8,13371,원피스,111100
생지,google,2026-09-13,9,15042,원피스,111100
셀비지,google,2025-09-14,4,6685,원피스,111100
셀비지,google,2025-09-21,4,6685,원피스,111100
셀비지,google,2025-09-28,0,0,원피스,111100
셀비지,google,2025-10-05,0,0,원피스,111100
셀비지,google,2025-10-12,4,6685,원피스,111100
셀비지,google,2025-10-19,3,5014,원피스,111100
셀비지,google,2025-10-26,3,5014,원피스,111100
셀비지,google,2025-11-02,3,5014,원피스,111100
셀비지,google,2025-11-09,4,6685,원피스,111100
셀비지,google,2025-11-16,3,5014,원피스,111100
셀비지,google,2025-11-23,4,6685,원피스,111100
셀비지,google,2025-11-30,0,0,원피스,111100
셀비지,google,2025-12-07,0,0,원피스,111100
셀비지,google,2025-12-14,3,5014,원피스,111100
셀비지,google,2025-12-21,0,0,원피스,111100
셀비지,google,2025-12-28,5,8356,원피스,111100
셀비지,google,2026-01-04,3,5014,원피스,111100
셀비지,google,2026-01-11,4,6685,원피스,111100
셀비지,google,2026-01-18,4,6685,원피스,111100
셀비지,google,2026-01-25,4,6685,원피스,111100
셀비지,google,2026-02-01,3,5014,원피스,111100
셀비지,google,2026-02-08,5,8356,원피스,111100
셀비지,google,2026-02-15,3,5014,원피스,111100
셀비지,google,2026-02-22,7,11699,원피스,111100
셀비지,google,2026-03-01,8,13371,원피스,111100
셀비지,google,2026-03-08,5,8356,원피스,111100
셀비지,google,2026-03-15,5,8356,원피스,111100
셀비지,google,2026-03-22,5,8356,원피스,111100
셀비지,google,2026-03-29,6,10028,원피스,111100
셀비지,google,2026-04-05,4,6685,원피스,111100
셀비지,google,2026-04-12,7,11699,원피스,111100
셀비지,google,2026-04-19,3,5014,원피스,111100
셀비지,google,2026-04-26,3,5014,원피스,111100
셀비지,google,2026-05-03,3,5014,원피스,111100
셀비지,google,2026-05-10,4,6685,원피스,111100
셀비지,google,2026-05-17,0,0,원피스,111100
셀비지,google,2026-05-24,3,5014,원피스,111100
셀비지,google,2026-05-31,3,5014,원피스,111100
셀비지,google,2026-06-07,2,3342,원피스,111100
셀비지,google,2026-06-14,4,6685,원피스,111100
셀비지,google,2026-06-21,0,0,원피스,111100
셀비지,google,2026-06-28,4,6685,원피스,111100
셀비지,google,2026-07-05,0,0,원피스,111100
셀비지,google,2026-07-12,0,0,원피스,111100
셀비지,google,2026-07-19,0,0,원피스,111100
셀비지,google,2026-07-26,0,0,원피스,111100
셀비지,google,2026-08-02,0,0,원피스,111100
셀비지,google,2026-08-09,3,5014,원피스,111100
셀비지,google,2026-08-16,5,8356,원피스,111100
셀비지,google,2026-08-23,3,5014,원피스,111100
셀비지,google,2026-08-30,2,3342,원피스,111100
셀비지,google,2026-09-06,2,3342,원피스,111100
셀비지,google,2026-09-13,3,5014,원피스,111100
포플린,google,2025-09-14,2,3342,원피스,111100
포플린,google,2025-09-21,0,0,원피스,111100
포플린,google,2025-09-28,0,0,원피스,111100
포플린,google,2025-10-05,3,5014,원피스,111100
포플린,google,2025-10-12,0,0,원피스,111100
포플린,google,2025-10-19,0,0,원피스,111100
포플린,google,2025-10-26,0,0,원피스,111100
포플린,google,2025-11-02,0,0,원피스,111100
포플린,google,2025-11-09,0,0,원피스,111100
포플린,google,2025-11-16,0,0,원피스,111100
포플린,google,2025-11-23,0,0,원피스,111100
포플린,google,2025-11-30,0,0,원피스,111100
포플린,google,2025-12-07,0,0,원피스,111100
포플린,google,2025-12-14,0,0,원피스,111100
포플린,google,2025-12-21,0,0,원피스,111100
포플린,google,2025-12-28,0,0,원피스,111100
포플린,google,2026-01-04,0,0,원피스,111100
포플린,google,2026-01-11,0,0,원피스,111100
포플린,google,2026-01-18,0,0,원피스,111100
포플린,google,2026-01-25,0,0,원피스,111100
포플린,google,2026-02-01,0,0,원피스,111100
포플린,google,2026-02-08,0,0,원피스,111100
포플린,google,2026-02-15,0,0,원피스,111100
포플린,google,2026-02-22,0,0,원피스,111100
포플린,google,2026-03-01,3,5014,원피스,111100
포플린,google,2026-03-08,0,0,원피스,111100
포플린,google,2026-03-15,0,0,원피스,111100
포플린,google,2026-03-22,0,0,원피스,111100
포플린,google,2026-03-29,0,0,원피스,111100
포플린,google,2026-04-05,0,0,원피스,111100
포플린,google,2026-04-12,2,3342,원피스,111100
포플린,google,2026-04-19,0,0,원피스,111100
포플린,google,2026-04-26,3,5014,원피스,111100
포플린,google,2026-05-03,0,0,원피스,111100
포플린,google,2026-05-10,0,0,원피스,111100
포플린,google,2026-05-17,0,0,원피스,111100
포플린,google,2026-05-24,0,0,원피스,111100
포플린,google,2026-05-31,0,0,원피스,111100
포플린,google,2026-06-07,0,0,원피스,111100
포플린,google,2026-06-14,0,0,원피스,111100
포플린,google,2026-06-21,0,0,원피스,111100
포플린,google,2026-06-28,0,0,원피스,111100
포플린,google,2026-07-05,0,0,원피스,111100
포플린,google,2026-07-12,0,0,원피스,111100
포플린,google,2026-07-19,0,0,원피스,111100
포플린,google,2026-07-26,0,0,원피스,111100
포플린,google,2026-08-02,3,5014,원피스,111100
포플린,google,2026-08-09,0,0,원피스,111100
포플린,google,2026-08-16,0,0,원피스,111100
포플린,google,2026-08-23,0,0,원피스,111100
포플린,google,2026-08-30,1,1671,원피스,111100
포플린,google,2026-09-06,1,1671,원피스,111100
포플린,google,2026-09-13,1,1671,원피스,111100
도비,google,2025-09-14,13,21728,원피스,111100
도비,google,2025-09-21,14,23399,원피스,111100
도비,google,2025-09-28,11,18385,원피스,111100
도비,google,2025-10-05,11,18385,원피스,111100
도비,google,2025-10-12,11,18385,원피스,111100
도비,google,2025-10-19,16,26742,원피스,111100
도비,google,2025-10-26,12,20056,원피스,111100
도비,google,2025-11-02,12,20056,원피스,111100
도비,google,2025-11-09,17,28413,원피스,111100
도비,google,2025-11-16,16,26742,원피스,111100
도비,google,2025-11-23,17,28413,원피스,111100
도비,google,2025-11-30,18,30084,원피스,111100
도비,google,2025-12-07,15,25070,원피스,111100
도비,google,2025-12-14,18,30084,원피스,111100
도비,google,2025-12-21,16,26742,원피스,111100
도비,google,2025-12-28,15,25070,원피스,111100
도비,google,2026-01-04,16,26742,원피스,111100
도비,google,2026-01-11,15,25070,원피스,111100
도비,google,2026-01-18,14,23399,원피스,111100
도비,google,2026-01-25,13,21728,원피스,111100
도비,google,2026-02-01,14,23399,원피스,111100
도비,google,2026-02-08,15,25070,원피스,111100
도비,google,2026-02-15,13,21728,원피스,111100
도비,google,2026-02-22,15,25070,원피스,111100
도비,google,2026-03-01,10,16713,원피스,111100
도비,google,2026-03-08,13,21728,원피스,111100
도비,google,2026-03-15,21,35099,원피스,111100
도비,google,2026-03-22,15,25070,원피스,111100
도비,google,2026-03-29,16,26742,원피스,111100
도비,google,2026-04-05,13,21728,원피스,111100
도비,google,2026-04-12,12,20056,원피스,111100
도비,google,2026-04-19,14,23399,원피스,111100
도비,google,2026-04-26,16,26742,원피스,111100
도비,google,2026-05-03,21,35099,원피스,111100
도비,google,2026-05-10,15,25070,원피스,111100
도비,google,2026-05-17,13,21728,원피스,111100
도비,google,2026-05-24,15,25070,원피스,111100
도비,google,2026-05-31,12,20056,원피스,111100
도비,google,2026-06-07,13,21728,원피스,111100
도비,google,2026-06-14,13,21728,원피스,111100
도비,google,2026-06-21,14,23399,원피스,111100
도비,google,2026-06-28,16,26742,원피스,111100
도비,google,2026-07-05,14,23399,원피스,111100
도비,google,2026-07-12,12,20056,원피스,111100
도비,google,2026-07-19,11,18385,원피스,111100
도비,google,2026-07-26,15,25070,원피스,111100
도비,google,2026-08-02,15,25070,원피스,111100
도비,google,2026-08-09,15,25070,원피스,111100
도비,google,2026-08-16,100,167138,원피스,111100
도비,google,2026-08-23,15,25070,원피스,111100
도비,google,2026-08-30,12,20056,원피스,111100
도비,google,2026-09-06,14,23399,원피스,111100
도비,google,2026-09-13,15,25070,원피스,111100
시어서커,google,2025-09-14,3,5014,원피스,111100
시어서커,google,2025-09-21,0,0,원피스,111100
시어서커,google,2025-09-28,0,0,원피스,111100
시어서커,google,2025-10-05,0,0,원피스,111100
시어서커,google,2025-10-12,0,0,원피스,111100
시어서커,google,2025-10-19,4,6685,원피스,111100
시어서커,google,2025-10-26,0,0,원피스,111100
시어서커,google,2025-11-02,0,0,원피스,111100
시어서커,google,2025-11-09,0,0,원피스,111100
시어서커,google,2025-11-16,0,0,원피스,111100
시어서커,google,2025-11-23,0,0,원피스,111100
시어서커,google,2025-11-30,0,0,원피스,111100
시어서커,google,2025-12-07,0,0,원피스,111100
시어서커,google,2025-12-14,0,0,원피스,111100
시어서커,google,2025-12-21,0,0,원피스,111100
시어서커,google,2025-12-28,0,0,원피스,111100
시어서커,google,2026-01-04,0,0,원피스,111100
시어서커,google,2026-01-11,0,0,원피스,111100
시어서커,google,2026-01-18,0,0,원피스,111100
시어서커,google,2026-01-25,0,0,원피스,111100
시어서커,google,2026-02-01,0,0,원피스,111100
시어서커,google,2026-02-08,2,3342,원피스,111100
시어서커,google,2026-02-15,0,0,원피스,111100
시어서커,google,2026-02-22,0,0,원피스,111100
시어서커,google,2026-03-01,0,0,원피스,111100
시어서커,google,2026-03-08,0,0,원피스,111100
시어서커,google,2026-03-15,0,0,원피스,111100
시어서커,google,2026-03-22,0,0,원피스,111100
시어서커,google,2026-03-29,3,5014,원피스,111100
시어서커,google,2026-04-05,0,0,원피스,111100
시어서커,google,2026-04-12,5,8356,원피스,111100
시어서커,google,2026-04-19,4,6685,원피스,111100
시어서커,google,2026-04-26,6,10028,원피스,111100
시어서커,google,2026-05-03,5,8356,원피스,111100
시어서커,google,2026-05-10,5,8356,원피스,111100
시어서커,google,2026-05-17,8,13371,원피스,111100
시어서커,google,2026-05-24,8,13371,원피스,111100
시어서커,google,2026-05-31,8,13371,원피스,111100
시어서커,google,2026-06-07,4,6685,원피스,111100
시어서커,google,2026-06-14,7,11699,원피스,111100
시어서커,google,2026-06-21,6,10028,원피스,111100
시어서커,google,2026-06-28,5,8356,원피스,111100
시어서커,google,2026-07-05,8,13371,원피스,111100
시어서커,google,2026-07-12,8,13371,원피스,111100
시어서커,google,2026-07-19,6,10028,원피스,111100
시어서커,google,2026-07-26,4,6685,원피스,111100
시어서커,google,2026-08-02,3,5014,원피스,111100
시어서커,google,2026-08-09,2,3342,원피스,111100
시어서커,google,2026-08-16,0,0,원피스,111100
시어서커,google,2026-08-23,3,5014,원피스,111100
시어서커,google,2026-08-30,2,3342,원피스,111100
시어서커,google,2026-09-06,2,3342,원피스,111100
시어서커,google,2026-09-13,1,1671,원피스,111100
저마,google,2025-09-14,0,0,원피스,111100
저마,google,2025-09-21,0,0,원피스,111100
저마,google,2025-09-28,0,0,원피스,111100
저마,google,2025-10-05,0,0,원피스,111100
저마,google,2025-10-12,0,0,원피스,111100
저마,google,2025-10-19,6,10028,원피스,111100
저마,google,2025-10-26,0,0,원피스,111100
저마,google,2025-11-02,0,0,원피스,111100
저마,google,2025-11-09,0,0,원피스,111100
저마,google,2025-11-16,0,0,원피스,111100
저마,google,2025-11-23,6,10028,원피스,111100
저마,google,2025-11-30,0,0,원피스,111100
저마,google,2025-12-07,0,0,원피스,111100
저마,google,2025-12-14,0,0,원피스,111100
저마,google,2025-12-21,0,0,원피스,111100
저마,google,2025-12-28,0,0,원피스,111100
저마,google,2026-01-04,0,0,원피스,111100
저마,google,2026-01-11,0,0,원피스,111100
저마,google,2026-01-18,0,0,원피스,111100
저마,google,2026-01-25,0,0,원피스,111100
저마,google,2026-02-01,0,0,원피스,111100
저마,google,2026-02-08,0,0,원피스,111100
저마,google,2026-02-15,0,0,원피스,111100
저마,google,2026-02-22,0,0,원피스,111100
저마,google,2026-03-01,0,0,원피스,111100
저마,google,2026-03-08,0,0,원피스,111100
저마,google,2026-03-15,0,0,원피스,111100
저마,google,2026-03-22,0,0,원피스,111100
저마,google,2026-03-29,0,0,원피스,111100
저마,google,2026-04-05,0,0,원피스,111100
저마,google,2026-04-12,0,0,원피스,111100
저마,google,2026-04-19,0,0,원피스,111100
저마,google,2026-04-26,0,0,원피스,111100
저마,google,2026-05-03,0,0,원피스,111100
저마,google,2026-05-10,0,0,원피스,111100
저마,google,2026-05-17,0,0,원피스,111100
저마,google,2026-05-24,0,0,원피스,111100
저마,google,2026-05-31,0,0,원피스,111100
저마,google,2026-06-07,0,0,원피스,111100
저마,google,2026-06-14,0,0,원피스,111100
저마,google,2026-06-21,0,0,원피스,111100
저마,google,2026-06-28,0,0,원피스,111100
저마,google,2026-07-05,0,0,원피스,111100
저마,google,2026-07-12,0,0,원피스,111100
저마,google,2026-07-19,0,0,원피스,111100
저마,google,2026-07-26,0,0,원피스,111100
저마,google,2026-08-02,0,0,원피스,111100
저마,google,2026-08-09,0,0,원피스,111100
저마,google,2026-08-16,0,0,원피스,111100
저마,google,2026-08-23,0,0,원피스,111100
저마,google,2026-08-30,1,1671,원피스,111100
저마,google,2026-09-06,1,1671,원피스,111100
저마,google,2026-09-13,0,0,원피스,111100
코튼,google,2025-09-14,68,113654,원피스,111100
코튼,google,2025-09-21,67,111982,원피스,111100
코튼,google,2025-09-28,66,110311,원피스,111100
코튼,google,2025-10-05,75,125354,원피스,111100
코튼,google,2025-10-12,59,98611,원피스,111100
코튼,google,2025-10-19,69,115325,원피스,111100
코튼,google,2025-10-26,81,135382,원피스,111100
코튼,google,2025-11-02,85,142067,원피스,111100
코튼,google,2025-11-09,72,120339,원피스,111100
코튼,google,2025-11-16,100,167138,원피스,111100
코튼,google,2025-11-23,85,142067,원피스,111100
코튼,google,2025-11-30,82,137053,원피스,111100
코튼,google,2025-12-07,72,120339,원피스,111100
코튼,google,2025-12-14,81,135382,원피스,111100
코튼,google,2025-12-21,61,101954,원피스,111100
코튼,google,2025-12-28,74,123682,원피스,111100
코튼,google,2026-01-04,59,98611,원피스,111100
코튼,google,2026-01-11,64,106968,원피스,111100
코튼,google,2026-01-18,65,108640,원피스,111100
코튼,google,2026-01-25,63,105297,원피스,111100
코튼,google,2026-02-01,66,110311,원피스,111100
코튼,google,2026-02-08,68,113654,원피스,111100
코튼,google,2026-02-15,88,147082,원피스,111100
코튼,google,2026-02-22,84,140396,원피스,111100
코튼,google,2026-03-01,85,142067,원피스,111100
코튼,google,2026-03-08,80,133711,원피스,111100
코튼,google,2026-03-15,93,155439,원피스,111100
코튼,google,2026-03-22,96,160453,원피스,111100
코튼,google,2026-03-29,85,142067,원피스,111100
코튼,google,2026-04-05,90,150424,원피스,111100
코튼,google,2026-04-12,89,148753,원피스,111100
코튼,google,2026-04-19,77,128696,원피스,111100
코튼,google,2026-04-26,71,118668,원피스,111100
코튼,google,2026-05-03,83,138725,원피스,111100
코튼,google,2026-05-10,90,150424,원피스,111100
코튼,google,2026-05-17,80,133711,원피스,111100
코튼,google,2026-05-24,87,145410,원피스,111100
코튼,google,2026-05-31,80,133711,원피스,111100
코튼,google,2026-06-07,73,122011,원피스,111100
코튼,google,2026-06-14,78,130368,원피스,111100
코튼,google,2026-06-21,66,110311,원피스,111100
코튼,google,2026-06-28,80,133711,원피스,111100
코튼,google,2026-07-05,71,118668,원피스,111100
코튼,google,2026-07-12,75,125354,원피스,111100
코튼,google,2026-07-19,73,122011,원피스,111100
코튼,google,2026-07-26,65,108640,원피스,111100
코튼,google,2026-08-02,67,111982,원피스,111100
코튼,google,2026-08-09,55,91926,원피스,111100
코튼,google,2026-08-16,58,96940,원피스,111100
코튼,google,2026-08-23,66,110311,원피스,111100
코튼,google,2026-08-30,62,103626,원피스,111100
코튼,google,2026-09-06,66,110311,원피스,111100
코튼,google,2026-09-13,76,127025,원피스,111100
헴프,google,2025-09-14,0,0,원피스,111100
헴프,google,2025-09-21,0,0,원피스,111100
헴프,google,2025-09-28,0,0,원피스,111100
헴프,google,2025-10-05,0,0,원피스,111100
헴프,google,2025-10-12,5,8356,원피스,111100
헴프,google,2025-10-19,8,13371,원피스,111100
헴프,google,2025-10-26,0,0,원피스,111100
헴프,google,2025-11-02,0,0,원피스,111100
헴프,google,2025-11-09,0,0,원피스,111100
헴프,google,2025-11-16,0,0,원피스,111100
헴프,google,2025-11-23,0,0,원피스,111100
헴프,google,2025-11-30,0,0,원피스,111100
헴프,google,2025-12-07,0,0,원피스,111100
헴프,google,2025-12-14,0,0,원피스,111100
헴프,google,2025-12-21,0,0,원피스,111100
헴프,google,2025-12-28,0,0,원피스,111100
헴프,google,2026-01-04,0,0,원피스,111100
헴프,google,2026-01-11,0,0,원피스,111100
헴프,google,2026-01-18,0,0,원피스,111100
헴프,google,2026-01-25,0,0,원피스,111100
헴프,google,2026-02-01,0,0,원피스,111100
헴프,google,2026-02-08,0,0,원피스,111100
헴프,google,2026-02-15,0,0,원피스,111100
헴프,google,2026-02-22,0,0,원피스,111100
헴프,google,2026-03-01,0,0,원피스,111100
헴프,google,2026-03-08,0,0,원피스,111100
헴프,google,2026-03-15,0,0,원피스,111100
헴프,google,2026-03-22,0,0,원피스,111100
헴프,google,2026-03-29,0,0,원피스,111100
헴프,google,2026-04-05,5,8356,원피스,111100
헴프,google,2026-04-12,0,0,원피스,111100
헴프,google,2026-04-19,5,8356,원피스,111100
헴프,google,2026-04-26,0,0,원피스,111100
헴프,google,2026-05-03,0,0,원피스,111100
헴프,google,2026-05-10,4,6685,원피스,111100
헴프,google,2026-05-17,6,10028,원피스,111100
헴프,google,2026-05-24,0,0,원피스,111100
헴프,google,2026-05-31,0,0,원피스,111100
헴프,google,2026-06-07,0,0,원피스,111100
헴프,google,2026-06-14,0,0,원피스,111100
헴프,google,2026-06-21,0,0,원피스,111100
헴프,google,2026-06-28,0,0,원피스,111100
헴프,google,2026-07-05,0,0,원피스,111100
헴프,google,2026-07-12,0,0,원피스,111100
헴프,google,2026-07-19,5,8356,원피스,111100
헴프,google,2026-07-26,0,0,원피스,111100
헴프,google,2026-08-02,0,0,원피스,111100
헴프,google,2026-08-09,0,0,원피스,111100
헴프,google,2026-08-16,0,0,원피스,111100
헴프,google,2026-08-23,0,0,원피스,111100
헴프,google,2026-08-30,1,1671,원피스,111100
헴프,google,2026-09-06,1,1671,원피스,111100
헴프,google,2026-09-13,0,0,원피스,111100
미들기장,google,2025-09-14,0,0,원피스,111100
미들기장,google,2025-09-21,0,0,원피스,111100
미들기장,google,2025-09-28,0,0,원피스,111100
미들기장,google,2025-10-05,0,0,원피스,111100
미들기장,google,2025-10-12,0,0,원피스,111100
미들기장,google,2025-10-19,0,0,원피스,111100
미들기장,google,2025-10-26,0,0,원피스,111100
미들기장,google,2025-11-02,0,0,원피스,111100
미들기장,google,2025-11-09,0,0,원피스,111100
미들기장,google,2025-11-16,0,0,원피스,111100
미들기장,google,2025-11-23,0,0,원피스,111100
미들기장,google,2025-11-30,0,0,원피스,111100
미들기장,google,2025-12-07,0,0,원피스,111100
미들기장,google,2025-12-14,0,0,원피스,111100
미들기장,google,2025-12-21,0,0,원피스,111100
미들기장,google,2025-12-28,0,0,원피스,111100
미들기장,google,2026-01-04,0,0,원피스,111100
미들기장,google,2026-01-11,0,0,원피스,111100
미들기장,google,2026-01-18,0,0,원피스,111100
미들기장,google,2026-01-25,0,0,원피스,111100
미들기장,google,2026-02-01,6,10028,원피스,111100
미들기장,google,2026-02-08,0,0,원피스,111100
미들기장,google,2026-02-15,0,0,원피스,111100
미들기장,google,2026-02-22,0,0,원피스,111100
미들기장,google,2026-03-01,0,0,원피스,111100
미들기장,google,2026-03-08,0,0,원피스,111100
미들기장,google,2026-03-15,0,0,원피스,111100
미들기장,google,2026-03-22,0,0,원피스,111100
미들기장,google,2026-03-29,0,0,원피스,111100
미들기장,google,2026-04-05,0,0,원피스,111100
미들기장,google,2026-04-12,0,0,원피스,111100
미들기장,google,2026-04-19,0,0,원피스,111100
미들기장,google,2026-04-26,0,0,원피스,111100
미들기장,google,2026-05-03,0,0,원피스,111100
미들기장,google,2026-05-10,0,0,원피스,111100
미들기장,google,2026-05-17,7,11699,원피스,111100
미들기장,google,2026-05-24,0,0,원피스,111100
미들기장,google,2026-05-31,0,0,원피스,111100
미들기장,google,2026-06-07,0,0,원피스,111100
미들기장,google,2026-06-14,0,0,원피스,111100
미들기장,google,2026-06-21,0,0,원피스,111100
미들기장,google,2026-06-28,0,0,원피스,111100
미들기장,google,2026-07-05,0,0,원피스,111100
미들기장,google,2026-07-12,0,0,원피스,111100
미들기장,google,2026-07-19,0,0,원피스,111100
미들기장,google,2026-07-26,0,0,원피스,111100
미들기장,google,2026-08-02,0,0,원피스,111100
미들기장,google,2026-08-09,0,0,원피스,111100
미들기장,google,2026-08-16,0,0,원피스,111100
미들기장,google,2026-08-23,0,0,원피스,111100
미들기장,google,2026-08-30,0,0,원피스,111100
미들기장,google,2026-09-06,0,0,원피스,111100
미들기장,google,2026-09-13,0,0,원피스,111100
니하이기장,google,2025-09-14,0,0,원피스,111100
니하이기장,google,2025-09-21,0,0,원피스,111100
니하이기장,google,2025-09-28,0,0,원피스,111100
니하이기장,google,2025-10-05,0,0,원피스,111100
니하이기장,google,2025-10-12,0,0,원피스,111100
니하이기장,google,2025-10-19,0,0,원피스,111100
니하이기장,google,2025-10-26,0,0,원피스,111100
니하이기장,google,2025-11-02,0,0,원피스,111100
니하이기장,google,2025-11-09,0,0,원피스,111100
니하이기장,google,2025-11-16,0,0,원피스,111100
니하이기장,google,2025-11-23,0,0,원피스,111100
니하이기장,google,2025-11-30,0,0,원피스,111100
니하이기장,google,2025-12-07,0,0,원피스,111100
니하이기장,google,2025-12-14,0,0,원피스,111100
니하이기장,google,2025-12-21,0,0,원피스,111100
니하이기장,google,2025-12-28,0,0,원피스,111100
니하이기장,google,2026-01-04,0,0,원피스,111100
니하이기장,google,2026-01-11,0,0,원피스,111100
니하이기장,google,2026-01-18,0,0,원피스,111100
니하이기장,google,2026-01-25,0,0,원피스,111100
니하이기장,google,2026-02-01,0,0,원피스,111100
니하이기장,google,2026-02-08,0,0,원피스,111100
니하이기장,google,2026-02-15,0,0,원피스,111100
니하이기장,google,2026-02-22,0,0,원피스,111100
니하이기장,google,2026-03-01,0,0,원피스,111100
니하이기장,google,2026-03-08,0,0,원피스,111100
니하이기장,google,2026-03-15,0,0,원피스,111100
니하이기장,google,2026-03-22,0,0,원피스,111100
니하이기장,google,2026-03-29,0,0,원피스,111100
니하이기장,google,2026-04-05,0,0,원피스,111100
니하이기장,google,2026-04-12,0,0,원피스,111100
니하이기장,google,2026-04-19,0,0,원피스,111100
니하이기장,google,2026-04-26,0,0,원피스,111100
니하이기장,google,2026-05-03,0,0,원피스,111100
니하이기장,google,2026-05-10,0,0,원피스,111100
니하이기장,google,2026-05-17,0,0,원피스,111100
니하이기장,google,2026-05-24,0,0,원피스,111100
니하이기장,google,2026-05-31,0,0,원피스,111100
니하이기장,google,2026-06-07,0,0,원피스,111100
니하이기장,google,2026-06-14,0,0,원피스,111100
니하이기장,google,2026-06-21,0,0,원피스,111100
니하이기장,google,2026-06-28,0,0,원피스,111100
니하이기장,google,2026-07-05,0,0,원피스,111100
니하이기장,google,2026-07-12,0,0,원피스,111100
니하이기장,google,2026-07-19,0,0,원피스,111100
니하이기장,google,2026-07-26,0,0,원피스,111100
니하이기장,google,2026-08-02,0,0,원피스,111100
니하이기장,google,2026-08-09,0,0,원피스,111100
니하이기장,google,2026-08-16,0,0,원피스,111100
니하이기장,google,2026-08-23,0,0,원피스,111100
니하이기장,google,2026-08-30,0,0,원피스,111100
니하이기장,google,2026-09-06,0,0,원피스,111100
니하이기장,google,2026-09-13,0,0,원피스,111100
오버니기장,google,2025-09-14,0,0,원피스,111100
오버니기장,google,2025-09-21,0,0,원피스,111100
오버니기장,google,2025-09-28,0,0,원피스,111100
오버니기장,google,2025-10-05,0,0,원피스,111100
오버니기장,google,2025-10-12,0,0,원피스,111100
오버니기장,google,2025-10-19,0,0,원피스,111100
오버니기장,google,2025-10-26,0,0,원피스,111100
오버니기장,google,2025-11-02,0,0,원피스,111100
오버니기장,google,2025-11-09,0,0,원피스,111100
오버니기장,google,2025-11-16,0,0,원피스,111100
오버니기장,google,2025-11-23,0,0,원피스,111100
오버니기장,google,2025-11-30,0,0,원피스,111100
오버니기장,google,2025-12-07,0,0,원피스,111100
오버니기장,google,2025-12-14,0,0,원피스,111100
오버니기장,google,2025-12-21,0,0,원피스,111100
오버니기장,google,2025-12-28,0,0,원피스,111100
오버니기장,google,2026-01-04,0,0,원피스,111100
오버니기장,google,2026-01-11,0,0,원피스,111100
오버니기장,google,2026-01-18,0,0,원피스,111100
오버니기장,google,2026-01-25,0,0,원피스,111100
오버니기장,google,2026-02-01,0,0,원피스,111100
오버니기장,google,2026-02-08,0,0,원피스,111100
오버니기장,google,2026-02-15,0,0,원피스,111100
오버니기장,google,2026-02-22,0,0,원피스,111100
오버니기장,google,2026-03-01,0,0,원피스,111100
오버니기장,google,2026-03-08,0,0,원피스,111100
오버니기장,google,2026-03-15,0,0,원피스,111100
오버니기장,google,2026-03-22,0,0,원피스,111100
오버니기장,google,2026-03-29,0,0,원피스,111100
오버니기장,google,2026-04-05,0,0,원피스,111100
오버니기장,google,2026-04-12,0,0,원피스,111100
오버니기장,google,2026-04-19,0,0,원피스,111100
오버니기장,google,2026-04-26,0,0,원피스,111100
오버니기장,google,2026-05-03,0,0,원피스,111100
오버니기장,google,2026-05-10,0,0,원피스,111100
오버니기장,google,2026-05-17,0,0,원피스,111100
오버니기장,google,2026-05-24,0,0,원피스,111100
오버니기장,google,2026-05-31,0,0,원피스,111100
오버니기장,google,2026-06-07,0,0,원피스,111100
오버니기장,google,2026-06-14,0,0,원피스,111100
오버니기장,google,2026-06-21,0,0,원피스,111100
오버니기장,google,2026-06-28,0,0,원피스,111100
오버니기장,google,2026-07-05,0,0,원피스,111100
오버니기장,google,2026-07-12,0,0,원피스,111100
오버니기장,google,2026-07-19,0,0,원피스,111100
오버니기장,google,2026-07-26,0,0,원피스,111100
오버니기장,google,2026-08-02,0,0,원피스,111100
오버니기장,google,2026-08-09,0,0,원피스,111100
오버니기장,google,2026-08-16,0,0,원피스,111100
오버니기장,google,2026-08-23,0,0,원피스,111100
오버니기장,google,2026-08-30,0,0,원피스,111100
오버니기장,google,2026-09-06,0,0,원피스,111100
오버니기장,google,2026-09-13,0,0,원피스,111100
앵클기장,google,2025-09-14,0,0,원피스,111100
앵클기장,google,2025-09-21,0,0,원피스,111100
앵클기장,google,2025-09-28,0,0,원피스,111100
앵클기장,google,2025-10-05,0,0,원피스,111100
앵클기장,google,2025-10-12,0,0,원피스,111100
앵클기장,google,2025-10-19,0,0,원피스,111100
앵클기장,google,2025-10-26,0,0,원피스,111100
앵클기장,google,2025-11-02,0,0,원피스,111100
앵클기장,google,2025-11-09,0,0,원피스,111100
앵클기장,google,2025-11-16,0,0,원피스,111100
앵클기장,google,2025-11-23,0,0,원피스,111100
앵클기장,google,2025-11-30,0,0,원피스,111100
앵클기장,google,2025-12-07,0,0,원피스,111100
앵클기장,google,2025-12-14,0,0,원피스,111100
앵클기장,google,2025-12-21,0,0,원피스,111100
앵클기장,google,2025-12-28,0,0,원피스,111100
앵클기장,google,2026-01-04,0,0,원피스,111100
앵클기장,google,2026-01-11,0,0,원피스,111100
앵클기장,google,2026-01-18,0,0,원피스,111100
앵클기장,google,2026-01-25,0,0,원피스,111100
앵클기장,google,2026-02-01,0,0,원피스,111100
앵클기장,google,2026-02-08,0,0,원피스,111100
앵클기장,google,2026-02-15,0,0,원피스,111100
앵클기장,google,2026-02-22,0,0,원피스,111100
앵클기장,google,2026-03-01,0,0,원피스,111100
앵클기장,google,2026-03-08,0,0,원피스,111100
앵클기장,google,2026-03-15,0,0,원피스,111100
앵클기장,google,2026-03-22,0,0,원피스,111100
앵클기장,google,2026-03-29,0,0,원피스,111100
앵클기장,google,2026-04-05,0,0,원피스,111100
앵클기장,google,2026-04-12,0,0,원피스,111100
앵클기장,google,2026-04-19,0,0,원피스,111100
앵클기장,google,2026-04-26,0,0,원피스,111100
앵클기장,google,2026-05-03,0,0,원피스,111100
앵클기장,google,2026-05-10,0,0,원피스,111100
앵클기장,google,2026-05-17,0,0,원피스,111100
앵클기장,google,2026-05-24,0,0,원피스,111100
앵클기장,google,2026-05-31,0,0,원피스,111100
앵클기장,google,2026-06-07,0,0,원피스,111100
앵클기장,google,2026-06-14,0,0,원피스,111100
앵클기장,google,2026-06-21,0,0,원피스,111100
앵클기장,google,2026-06-28,0,0,원피스,111100
앵클기장,google,2026-07-05,0,0,원피스,111100
앵클기장,google,2026-07-12,0,0,원피스,111100
앵클기장,google,2026-07-19,0,0,원피스,111100
앵클기장,google,2026-07-26,0,0,원피스,111100
앵클기장,google,2026-08-02,0,0,원피스,111100
앵클기장,google,2026-08-09,0,0,원피스,111100
앵클기장,google,2026-08-16,0,0,원피스,111100
앵클기장,google,2026-08-23,0,0,원피스,111100
앵클기장,google,2026-08-30,0,0,원피스,111100
앵클기장,google,2026-09-06,0,0,원피스,111100
앵클기장,google,2026-09-13,0,0,원피스,111100
빈티지,google,2025-09-14,75,125354,원피스,111100
빈티지,google,2025-09-21,72,120339,원피스,111100
빈티지,google,2025-09-28,84,140396,원피스,111100
빈티지,google,2025-10-05,100,167138,원피스,111100
빈티지,google,2025-10-12,79,132039,원피스,111100
빈티지,google,2025-10-19,84,140396,원피스,111100
빈티지,google,2025-10-26,87,145410,원피스,111100
빈티지,google,2025-11-02,83,138725,원피스,111100
빈티지,google,2025-11-09,89,148753,원피스,111100
빈티지,google,2025-11-16,90,150424,원피스,111100
빈티지,google,2025-11-23,88,147082,원피스,111100
빈티지,google,2025-11-30,84,140396,원피스,111100
빈티지,google,2025-12-07,84,140396,원피스,111100
빈티지,google,2025-12-14,82,137053,원피스,111100
빈티지,google,2025-12-21,84,140396,원피스,111100
빈티지,google,2025-12-28,92,153767,원피스,111100
빈티지,google,2026-01-04,84,140396,원피스,111100
빈티지,google,2026-01-11,81,135382,원피스,111100
빈티지,google,2026-01-18,82,137053,원피스,111100
빈티지,google,2026-01-25,84,140396,원피스,111100
빈티지,google,2026-02-01,83,138725,원피스,111100
빈티지,google,2026-02-08,81,135382,원피스,111100
빈티지,google,2026-02-15,86,143739,원피스,111100
빈티지,google,2026-02-22,93,155439,원피스,111100
빈티지,google,2026-03-01,88,147082,원피스,111100
빈티지,google,2026-03-08,93,155439,원피스,111100
빈티지,google,2026-03-15,83,138725,원피스,111100
빈티지,google,2026-03-22,89,148753,원피스,111100
빈티지,google,2026-03-29,80,133711,원피스,111100
빈티지,google,2026-04-05,75,125354,원피스,111100
빈티지,google,2026-04-12,72,120339,원피스,111100
빈티지,google,2026-04-19,75,125354,원피스,111100
빈티지,google,2026-04-26,79,132039,원피스,111100
빈티지,google,2026-05-03,93,155439,원피스,111100
빈티지,google,2026-05-10,74,123682,원피스,111100
빈티지,google,2026-05-17,75,125354,원피스,111100
빈티지,google,2026-05-24,71,118668,원피스,111100
빈티지,google,2026-05-31,72,120339,원피스,111100
빈티지,google,2026-06-07,73,122011,원피스,111100
빈티지,google,2026-06-14,65,108640,원피스,111100
빈티지,google,2026-06-21,69,115325,원피스,111100
빈티지,google,2026-06-28,63,105297,원피스,111100
빈티지,google,2026-07-05,70,116997,원피스,111100
빈티지,google,2026-07-12,73,122011,원피스,111100
빈티지,google,2026-07-19,70,116997,원피스,111100
빈티지,google,2026-07-26,67,111982,원피스,111100
빈티지,google,2026-08-02,64,106968,원피스,111100
빈티지,google,2026-08-09,66,110311,원피스,111100
빈티지,google,2026-08-16,69,115325,원피스,111100
빈티지,google,2026-08-23,74,123682,원피스,111100
빈티지,google,2026-08-30,71,118668,원피스,111100
빈티지,google,2026-09-06,76,127025,원피스,111100
빈티지,google,2026-09-13,83,138725,원피스,111100
멜란지,google,2025-09-14,3,5014,원피스,111100
멜란지,google,2025-09-21,3,5014,원피스,111100
멜란지,google,2025-09-28,2,3342,원피스,111100
멜란지,google,2025-10-05,4,6685,원피스,111100
멜란지,google,2025-10-12,4,6685,원피스,111100
멜란지,google,2025-10-19,5,8356,원피스,111100
멜란지,google,2025-10-26,5,8356,원피스,111100
멜란지,google,2025-11-02,4,6685,원피스,111100
멜란지,google,2025-11-09,4,6685,원피스,111100
멜란지,google,2025-11-16,3,5014,원피스,111100
멜란지,google,2025-11-23,4,6685,원피스,111100
멜란지,google,2025-11-30,5,8356,원피스,111100
멜란지,google,2025-12-07,3,5014,원피스,111100
멜란지,google,2025-12-14,4,6685,원피스,111100
멜란지,google,2025-12-21,3,5014,원피스,111100
멜란지,google,2025-12-28,3,5014,원피스,111100
멜란지,google,2026-01-04,3,5014,원피스,111100
멜란지,google,2026-01-11,4,6685,원피스,111100
멜란지,google,2026-01-18,5,8356,원피스,111100
멜란지,google,2026-01-25,4,6685,원피스,111100
멜란지,google,2026-02-01,5,8356,원피스,111100
멜란지,google,2026-02-08,3,5014,원피스,111100
멜란지,google,2026-02-15,4,6685,원피스,111100
멜란지,google,2026-02-22,3,5014,원피스,111100
멜란지,google,2026-03-01,3,5014,원피스,111100
멜란지,google,2026-03-08,4,6685,원피스,111100
멜란지,google,2026-03-15,3,5014,원피스,111100
멜란지,google,2026-03-22,4,6685,원피스,111100
멜란지,google,2026-03-29,3,5014,원피스,111100
멜란지,google,2026-04-05,4,6685,원피스,111100
멜란지,google,2026-04-12,4,6685,원피스,111100
멜란지,google,2026-04-19,2,3342,원피스,111100
멜란지,google,2026-04-26,3,5014,원피스,111100
멜란지,google,2026-05-03,4,6685,원피스,111100
멜란지,google,2026-05-10,3,5014,원피스,111100
멜란지,google,2026-05-17,3,5014,원피스,111100
멜란지,google,2026-05-24,4,6685,원피스,111100
멜란지,google,2026-05-31,2,3342,원피스,111100
멜란지,google,2026-06-07,4,6685,원피스,111100
멜란지,google,2026-06-14,4,6685,원피스,111100
멜란지,google,2026-06-21,4,6685,원피스,111100
멜란지,google,2026-06-28,0,0,원피스,111100
멜란지,google,2026-07-05,2,3342,원피스,111100
멜란지,google,2026-07-12,0,0,원피스,111100
멜란지,google,2026-07-19,4,6685,원피스,111100
멜란지,google,2026-07-26,3,5014,원피스,111100
멜란지,google,2026-08-02,2,3342,원피스,111100
멜란지,google,2026-08-09,3,5014,원피스,111100
멜란지,google,2026-08-16,0,0,원피스,111100
멜란지,google,2026-08-23,2,3342,원피스,111100
멜란지,google,2026-08-30,2,3342,원피스,111100
멜란지,google,2026-09-06,3,5014,원피스,111100
멜란지,google,2026-09-13,4,6685,원피스,111100
크롭,google,2025-09-14,33,55155,원피스,111100
크롭,google,2025-09-21,37,61841,원피스,111100
크롭,google,2025-09-28,36,60169,원피스,111100
크롭,google,2025-10-05,38,63512,원피스,111100
크롭,google,2025-10-12,34,56827,원피스,111100
크롭,google,2025-10-19,41,68526,원피스,111100
크롭,google,2025-10-26,41,68526,원피스,111100
크롭,google,2025-11-02,44,73541,원피스,111100
크롭,google,2025-11-09,40,66855,원피스,111100
크롭,google,2025-11-16,40,66855,원피스,111100
크롭,google,2025-11-23,38,63512,원피스,111100
크롭,google,2025-11-30,33,55155,원피스,111100
크롭,google,2025-12-07,35,58498,원피스,111100
크롭,google,2025-12-14,31,51813,원피스,111100
크롭,google,2025-12-21,30,50141,원피스,111100
크롭,google,2025-12-28,32,53484,원피스,111100
크롭,google,2026-01-04,30,50141,원피스,111100
크롭,google,2026-01-11,29,48470,원피스,111100
크롭,google,2026-01-18,31,51813,원피스,111100
크롭,google,2026-01-25,28,46798,원피스,111100
크롭,google,2026-02-01,31,51813,원피스,111100
크롭,google,2026-02-08,30,50141,원피스,111100
크롭,google,2026-02-15,34,56827,원피스,111100
크롭,google,2026-02-22,38,63512,원피스,111100
크롭,google,2026-03-01,35,58498,원피스,111100
크롭,google,2026-03-08,40,66855,원피스,111100
크롭,google,2026-03-15,41,68526,원피스,111100
크롭,google,2026-03-22,41,68526,원피스,111100
크롭,google,2026-03-29,42,70198,원피스,111100
크롭,google,2026-04-05,37,61841,원피스,111100
크롭,google,2026-04-12,36,60169,원피스,111100
크롭,google,2026-04-19,38,63512,원피스,111100
크롭,google,2026-04-26,40,66855,원피스,111100
크롭,google,2026-05-03,38,63512,원피스,111100
크롭,google,2026-05-10,40,66855,원피스,111100
크롭,google,2026-05-17,39,65184,원피스,111100
크롭,google,2026-05-24,33,55155,원피스,111100
크롭,google,2026-05-31,38,63512,원피스,111100
크롭,google,2026-06-07,37,61841,원피스,111100
크롭,google,2026-06-14,36,60169,원피스,111100
크롭,google,2026-06-21,32,53484,원피스,111100
크롭,google,2026-06-28,28,46798,원피스,111100
크롭,google,2026-07-05,36,60169,원피스,111100
크롭,google,2026-07-12,36,60169,원피스,111100
크롭,google,2026-07-19,32,53484,원피스,111100
크롭,google,2026-07-26,35,58498,원피스,111100
크롭,google,2026-08-02,27,45127,원피스,111100
크롭,google,2026-08-09,29,48470,원피스,111100
크롭,google,2026-08-16,36,60169,원피스,111100
크롭,google,2026-08-23,32,53484,원피스,111100
크롭,google,2026-08-30,32,53484,원피스,111100
크롭,google,2026-09-06,32,53484,원피스,111100
크롭,google,2026-09-13,40,66855,원피스,111100
시스루,google,2025-09-14,71,118668,원피스,111100
시스루,google,2025-09-21,68,113654,원피스,111100
시스루,google,2025-09-28,80,133711,원피스,111100
시스루,google,2025-10-05,73,122011,원피스,111100
시스루,google,2025-10-12,67,111982,원피스,111100
시스루,google,2025-10-19,64,106968,원피스,111100
시스루,google,2025-10-26,88,147082,원피스,111100
시스루,google,2025-11-02,71,118668,원피스,111100
시스루,google,2025-11-09,72,120339,원피스,111100
시스루,google,2025-11-16,77,128696,원피스,111100
시스루,google,2025-11-23,74,123682,원피스,111100
시스루,google,2025-11-30,69,115325,원피스,111100
시스루,google,2025-12-07,77,128696,원피스,111100
시스루,google,2025-12-14,68,113654,원피스,111100
시스루,google,2025-12-21,72,120339,원피스,111100
시스루,google,2025-12-28,84,140396,원피스,111100
시스루,google,2026-01-04,76,127025,원피스,111100
시스루,google,2026-01-11,76,127025,원피스,111100
시스루,google,2026-01-18,68,113654,원피스,111100
시스루,google,2026-01-25,76,127025,원피스,111100
시스루,google,2026-02-01,81,135382,원피스,111100
시스루,google,2026-02-08,66,110311,원피스,111100
시스루,google,2026-02-15,72,120339,원피스,111100
시스루,google,2026-02-22,74,123682,원피스,111100
시스루,google,2026-03-01,67,111982,원피스,111100
시스루,google,2026-03-08,69,115325,원피스,111100
시스루,google,2026-03-15,69,115325,원피스,111100
시스루,google,2026-03-22,68,113654,원피스,111100
시스루,google,2026-03-29,77,128696,원피스,111100
시스루,google,2026-04-05,65,108640,원피스,111100
시스루,google,2026-04-12,61,101954,원피스,111100
시스루,google,2026-04-19,72,120339,원피스,111100
시스루,google,2026-04-26,71,118668,원피스,111100
시스루,google,2026-05-03,96,160453,원피스,111100
시스루,google,2026-05-10,60,100283,원피스,111100
시스루,google,2026-05-17,77,128696,원피스,111100
시스루,google,2026-05-24,69,115325,원피스,111100
시스루,google,2026-05-31,56,93597,원피스,111100
시스루,google,2026-06-07,59,98611,원피스,111100
시스루,google,2026-06-14,70,116997,원피스,111100
시스루,google,2026-06-21,62,103626,원피스,111100
시스루,google,2026-06-28,57,95269,원피스,111100
시스루,google,2026-07-05,61,101954,원피스,111100
시스루,google,2026-07-12,56,93597,원피스,111100
시스루,google,2026-07-19,64,106968,원피스,111100
시스루,google,2026-07-26,60,100283,원피스,111100
시스루,google,2026-08-02,59,98611,원피스,111100
시스루,google,2026-08-09,83,138725,원피스,111100
시스루,google,2026-08-16,61,101954,원피스,111100
시스루,google,2026-08-23,57,95269,원피스,111100
시스루,google,2026-08-30,47,78555,원피스,111100
시스루,google,2026-09-06,100,167138,원피스,111100
시스루,google,2026-09-13,61,101954,원피스,111100
절개,google,2025-09-14,44,73541,원피스,111100
절개,google,2025-09-21,53,88583,원피스,111100
절개,google,2025-09-28,46,76883,원피스,111100
절개,google,2025-10-05,52,86912,원피스,111100
절개,google,2025-10-12,53,88583,원피스,111100
절개,google,2025-10-19,51,85240,원피스,111100
절개,google,2025-10-26,49,81898,원피스,111100
절개,google,2025-11-02,57,95269,원피스,111100
절개,google,2025-11-09,59,98611,원피스,111100
절개,google,2025-11-16,56,93597,원피스,111100
절개,google,2025-11-23,57,95269,원피스,111100
절개,google,2025-11-30,49,81898,원피스,111100
절개,google,2025-12-07,58,96940,원피스,111100
절개,google,2025-12-14,61,101954,원피스,111100
절개,google,2025-12-21,58,96940,원피스,111100
절개,google,2025-12-28,58,96940,원피스,111100
절개,google,2026-01-04,61,101954,원피스,111100
절개,google,2026-01-11,59,98611,원피스,111100
절개,google,2026-01-18,58,96940,원피스,111100
절개,google,2026-01-25,56,93597,원피스,111100
절개,google,2026-02-01,58,96940,원피스,111100
절개,google,2026-02-08,58,96940,원피스,111100
절개,google,2026-02-15,54,90254,원피스,111100
절개,google,2026-02-22,57,95269,원피스,111100
절개,google,2026-03-01,42,70198,원피스,111100
절개,google,2026-03-08,57,95269,원피스,111100
절개,google,2026-03-15,55,91926,원피스,111100
절개,google,2026-03-22,45,75212,원피스,111100
절개,google,2026-03-29,57,95269,원피스,111100
절개,google,2026-04-05,43,71869,원피스,111100
절개,google,2026-04-12,47,78555,원피스,111100
절개,google,2026-04-19,53,88583,원피스,111100
절개,google,2026-04-26,57,95269,원피스,111100
절개,google,2026-05-03,66,110311,원피스,111100
절개,google,2026-05-10,54,90254,원피스,111100
절개,google,2026-05-17,48,80226,원피스,111100
절개,google,2026-05-24,52,86912,원피스,111100
절개,google,2026-05-31,44,73541,원피스,111100
절개,google,2026-06-07,49,81898,원피스,111100
절개,google,2026-06-14,47,78555,원피스,111100
절개,google,2026-06-21,47,78555,원피스,111100
절개,google,2026-06-28,50,83569,원피스,111100
절개,google,2026-07-05,52,86912,원피스,111100
절개,google,2026-07-12,52,86912,원피스,111100
절개,google,2026-07-19,48,80226,원피스,111100
절개,google,2026-07-26,45,75212,원피스,111100
절개,google,2026-08-02,43,71869,원피스,111100
절개,google,2026-08-09,43,71869,원피스,111100
절개,google,2026-08-16,43,71869,원피스,111100
절개,google,2026-08-23,46,76883,원피스,111100
절개,google,2026-08-30,42,70198,원피스,111100
절개,google,2026-09-06,45,75212,원피스,111100
절개,google,2026-09-13,48,80226,원피스,111100
투웨이,google,2025-09-14,9,15042,원피스,111100
투웨이,google,2025-09-21,14,23399,원피스,111100
투웨이,google,2025-09-28,8,13371,원피스,111100
투웨이,google,2025-10-05,0,0,원피스,111100
투웨이,google,2025-10-12,7,11699,원피스,111100
투웨이,google,2025-10-19,11,18385,원피스,111100
투웨이,google,2025-10-26,13,21728,원피스,111100
투웨이,google,2025-11-02,13,21728,원피스,111100
투웨이,google,2025-11-09,11,18385,원피스,111100
투웨이,google,2025-11-16,12,20056,원피스,111100
투웨이,google,2025-11-23,11,18385,원피스,111100
투웨이,google,2025-11-30,10,16713,원피스,111100
투웨이,google,2025-12-07,9,15042,원피스,111100
투웨이,google,2025-12-14,8,13371,원피스,111100
투웨이,google,2025-12-21,0,0,원피스,111100
투웨이,google,2025-12-28,9,15042,원피스,111100
투웨이,google,2026-01-04,12,20056,원피스,111100
투웨이,google,2026-01-11,7,11699,원피스,111100
투웨이,google,2026-01-18,11,18385,원피스,111100
투웨이,google,2026-01-25,7,11699,원피스,111100
투웨이,google,2026-02-01,5,8356,원피스,111100
투웨이,google,2026-02-08,6,10028,원피스,111100
투웨이,google,2026-02-15,10,16713,원피스,111100
투웨이,google,2026-02-22,8,13371,원피스,111100
투웨이,google,2026-03-01,8,13371,원피스,111100
투웨이,google,2026-03-08,11,18385,원피스,111100
투웨이,google,2026-03-15,11,18385,원피스,111100
투웨이,google,2026-03-22,12,20056,원피스,111100
투웨이,google,2026-03-29,8,13371,원피스,111100
투웨이,google,2026-04-05,6,10028,원피스,111100
투웨이,google,2026-04-12,8,13371,원피스,111100
투웨이,google,2026-04-19,8,13371,원피스,111100
투웨이,google,2026-04-26,6,10028,원피스,111100
투웨이,google,2026-05-03,5,8356,원피스,111100
투웨이,google,2026-05-10,9,15042,원피스,111100
투웨이,google,2026-05-17,7,11699,원피스,111100
투웨이,google,2026-05-24,8,13371,원피스,111100
투웨이,google,2026-05-31,6,10028,원피스,111100
투웨이,google,2026-06-07,9,15042,원피스,111100
투웨이,google,2026-06-14,7,11699,원피스,111100
투웨이,google,2026-06-21,5,8356,원피스,111100
투웨이,google,2026-06-28,6,10028,원피스,111100
투웨이,google,2026-07-05,7,11699,원피스,111100
투웨이,google,2026-07-12,8,13371,원피스,111100
투웨이,google,2026-07-19,6,10028,원피스,111100
투웨이,google,2026-07-26,0,0,원피스,111100
투웨이,google,2026-08-02,6,10028,원피스,111100
투웨이,google,2026-08-09,4,6685,원피스,111100
투웨이,google,2026-08-16,6,10028,원피스,111100
투웨이,google,2026-08-23,8,13371,원피스,111100
투웨이,google,2026-08-30,7,11699,원피스,111100
투웨이,google,2026-09-06,10,16713,원피스,111100
투웨이,google,2026-09-13,9,15042,원피스,111100
워셔블,google,2025-09-14,8,13371,원피스,111100
워셔블,google,2025-09-21,6,10028,원피스,111100
워셔블,google,2025-09-28,5,8356,원피스,111100
워셔블,google,2025-10-05,5,8356,원피스,111100
워셔블,google,2025-10-12,0,0,원피스,111100
워셔블,google,2025-10-19,6,10028,원피스,111100
워셔블,google,2025-10-26,7,11699,원피스,111100
워셔블,google,2025-11-02,6,10028,원피스,111100
워셔블,google,2025-11-09,4,6685,원피스,111100
워셔블,google,2025-11-16,7,11699,원피스,111100
워셔블,google,2025-11-23,0,0,원피스,111100
워셔블,google,2025-11-30,9,15042,원피스,111100
워셔블,google,2025-12-07,7,11699,원피스,111100
워셔블,google,2025-12-14,8,13371,원피스,111100
워셔블,google,2025-12-21,0,0,원피스,111100
워셔블,google,2025-12-28,0,0,원피스,111100
워셔블,google,2026-01-04,6,10028,원피스,111100
워셔블,google,2026-01-11,0,0,원피스,111100
워셔블,google,2026-01-18,0,0,원피스,111100
워셔블,google,2026-01-25,7,11699,원피스,111100
워셔블,google,2026-02-01,6,10028,원피스,111100
워셔블,google,2026-02-08,6,10028,원피스,111100
워셔블,google,2026-02-15,5,8356,원피스,111100
워셔블,google,2026-02-22,5,8356,원피스,111100
워셔블,google,2026-03-01,0,0,원피스,111100
워셔블,google,2026-03-08,0,0,원피스,111100
워셔블,google,2026-03-15,6,10028,원피스,111100
워셔블,google,2026-03-22,6,10028,원피스,111100
워셔블,google,2026-03-29,0,0,원피스,111100
워셔블,google,2026-04-05,0,0,원피스,111100
워셔블,google,2026-04-12,7,11699,원피스,111100
워셔블,google,2026-04-19,4,6685,원피스,111100
워셔블,google,2026-04-26,5,8356,원피스,111100
워셔블,google,2026-05-03,0,0,원피스,111100
워셔블,google,2026-05-10,5,8356,원피스,111100
워셔블,google,2026-05-17,6,10028,원피스,111100
워셔블,google,2026-05-24,7,11699,원피스,111100
워셔블,google,2026-05-31,0,0,원피스,111100
워셔블,google,2026-06-07,0,0,원피스,111100
워셔블,google,2026-06-14,4,6685,원피스,111100
워셔블,google,2026-06-21,0,0,원피스,111100
워셔블,google,2026-06-28,0,0,원피스,111100
워셔블,google,2026-07-05,0,0,원피스,111100
워셔블,google,2026-07-12,5,8356,원피스,111100
워셔블,google,2026-07-19,0,0,원피스,111100
워셔블,google,2026-07-26,4,6685,원피스,111100
워셔블,google,2026-08-02,0,0,원피스,111100
워셔블,google,2026-08-09,0,0,원피스,111100
워셔블,google,2026-08-16,0,0,원피스,111100
워셔블,google,2026-08-23,0,0,원피스,111100
워셔블,google,2026-08-30,3,5014,원피스,111100
워셔블,google,2026-09-06,3,5014,원피스,111100
워셔블,google,2026-09-13,3,5014,원피스,111100
골지,google,2025-09-14,14,23399,원피스,111100
골지,google,2025-09-21,10,16713,원피스,111100
골지,google,2025-09-28,13,21728,원피스,111100
골지,google,2025-10-05,10,16713,원피스,111100
골지,google,2025-10-12,11,18385,원피스,111100
골지,google,2025-10-19,13,21728,원피스,111100
골지,google,2025-10-26,12,20056,원피스,111100
골지,google,2025-11-02,13,21728,원피스,111100
골지,google,2025-11-09,15,25070,원피스,111100
골지,google,2025-11-16,12,20056,원피스,111100
골지,google,2025-11-23,14,23399,원피스,111100
골지,google,2025-11-30,15,25070,원피스,111100
골지,google,2025-12-07,12,20056,원피스,111100
골지,google,2025-12-14,13,21728,원피스,111100
골지,google,2025-12-21,12,20056,원피스,111100
골지,google,2025-12-28,12,20056,원피스,111100
골지,google,2026-01-04,16,26742,원피스,111100
골지,google,2026-01-11,12,20056,원피스,111100
골지,google,2026-01-18,9,15042,원피스,111100
골지,google,2026-01-25,9,15042,원피스,111100
골지,google,2026-02-01,10,16713,원피스,111100
골지,google,2026-02-08,10,16713,원피스,111100
골지,google,2026-02-15,10,16713,원피스,111100
골지,google,2026-02-22,14,23399,원피스,111100
골지,google,2026-03-01,8,13371,원피스,111100
골지,google,2026-03-08,11,18385,원피스,111100
골지,google,2026-03-15,12,20056,원피스,111100
골지,google,2026-03-22,9,15042,원피스,111100
골지,google,2026-03-29,8,13371,원피스,111100
골지,google,2026-04-05,11,18385,원피스,111100
골지,google,2026-04-12,12,20056,원피스,111100
골지,google,2026-04-19,9,15042,원피스,111100
골지,google,2026-04-26,7,11699,원피스,111100
골지,google,2026-05-03,10,16713,원피스,111100
골지,google,2026-05-10,14,23399,원피스,111100
골지,google,2026-05-17,11,18385,원피스,111100
골지,google,2026-05-24,10,16713,원피스,111100
골지,google,2026-05-31,11,18385,원피스,111100
골지,google,2026-06-07,9,15042,원피스,111100
골지,google,2026-06-14,11,18385,원피스,111100
골지,google,2026-06-21,9,15042,원피스,111100
골지,google,2026-06-28,11,18385,원피스,111100
골지,google,2026-07-05,9,15042,원피스,111100
골지,google,2026-07-12,10,16713,원피스,111100
골지,google,2026-07-19,10,16713,원피스,111100
골지,google,2026-07-26,8,13371,원피스,111100
골지,google,2026-08-02,9,15042,원피스,111100
골지,google,2026-08-09,10,16713,원피스,111100
골지,google,2026-08-16,6,10028,원피스,111100
골지,google,2026-08-23,7,11699,원피스,111100
골지,google,2026-08-30,7,11699,원피스,111100
골지,google,2026-09-06,10,16713,원피스,111100
골지,google,2026-09-13,11,18385,원피스,111100
피그먼트,google,2025-09-14,59,98611,원피스,111100
피그먼트,google,2025-09-21,51,85240,원피스,111100
피그먼트,google,2025-09-28,66,110311,원피스,111100
피그먼트,google,2025-10-05,68,113654,원피스,111100
피그먼트,google,2025-10-12,60,100283,원피스,111100
피그먼트,google,2025-10-19,76,127025,원피스,111100
피그먼트,google,2025-10-26,80,133711,원피스,111100
피그먼트,google,2025-11-02,62,103626,원피스,111100
피그먼트,google,2025-11-09,63,105297,원피스,111100
피그먼트,google,2025-11-16,88,147082,원피스,111100
피그먼트,google,2025-11-23,50,83569,원피스,111100
피그먼트,google,2025-11-30,80,133711,원피스,111100
피그먼트,google,2025-12-07,73,122011,원피스,111100
피그먼트,google,2025-12-14,67,111982,원피스,111100
피그먼트,google,2025-12-21,43,71869,원피스,111100
피그먼트,google,2025-12-28,44,73541,원피스,111100
피그먼트,google,2026-01-04,56,93597,원피스,111100
피그먼트,google,2026-01-11,45,75212,원피스,111100
피그먼트,google,2026-01-18,60,100283,원피스,111100
피그먼트,google,2026-01-25,50,83569,원피스,111100
피그먼트,google,2026-02-01,43,71869,원피스,111100
피그먼트,google,2026-02-08,55,91926,원피스,111100
피그먼트,google,2026-02-15,43,71869,원피스,111100
피그먼트,google,2026-02-22,52,86912,원피스,111100
피그먼트,google,2026-03-01,56,93597,원피스,111100
피그먼트,google,2026-03-08,69,115325,원피스,111100
피그먼트,google,2026-03-15,60,100283,원피스,111100
피그먼트,google,2026-03-22,100,167138,원피스,111100
피그먼트,google,2026-03-29,59,98611,원피스,111100
피그먼트,google,2026-04-05,64,106968,원피스,111100
피그먼트,google,2026-04-12,56,93597,원피스,111100
피그먼트,google,2026-04-19,68,113654,원피스,111100
피그먼트,google,2026-04-26,80,133711,원피스,111100
피그먼트,google,2026-05-03,75,125354,원피스,111100
피그먼트,google,2026-05-10,75,125354,원피스,111100
피그먼트,google,2026-05-17,64,106968,원피스,111100
피그먼트,google,2026-05-24,60,100283,원피스,111100
피그먼트,google,2026-05-31,68,113654,원피스,111100
피그먼트,google,2026-06-07,58,96940,원피스,111100
피그먼트,google,2026-06-14,96,160453,원피스,111100
피그먼트,google,2026-06-21,54,90254,원피스,111100
피그먼트,google,2026-06-28,61,101954,원피스,111100
피그먼트,google,2026-07-05,46,76883,원피스,111100
피그먼트,google,2026-07-12,78,130368,원피스,111100
피그먼트,google,2026-07-19,72,120339,원피스,111100
피그먼트,google,2026-07-26,55,91926,원피스,111100
피그먼트,google,2026-08-02,37,61841,원피스,111100
피그먼트,google,2026-08-09,45,75212,원피스,111100
피그먼트,google,2026-08-16,37,61841,원피스,111100
피그먼트,google,2026-08-23,58,96940,원피스,111100
피그먼트,google,2026-08-30,47,78555,원피스,111100
피그먼트,google,2026-09-06,58,96940,원피스,111100
피그먼트,google,2026-09-13,68,113654,원피스,111100
쉬폰,google,2025-09-14,75,125354,원피스,111100
쉬폰,google,2025-09-21,57,95269,원피스,111100
쉬폰,google,2025-09-28,44,73541,원피스,111100
쉬폰,google,2025-10-05,0,0,원피스,111100
쉬폰,google,2025-10-12,43,71869,원피스,111100
쉬폰,google,2025-10-19,53,88583,원피스,111100
쉬폰,google,2025-10-26,29,48470,원피스,111100
쉬폰,google,2025-11-02,60,100283,원피스,111100
쉬폰,google,2025-11-09,47,78555,원피스,111100
쉬폰,google,2025-11-16,45,75212,원피스,111100
쉬폰,google,2025-11-23,57,95269,원피스,111100
쉬폰,google,2025-11-30,44,73541,원피스,111100
쉬폰,google,2025-12-07,73,122011,원피스,111100
쉬폰,google,2025-12-14,76,127025,원피스,111100
쉬폰,google,2025-12-21,93,155439,원피스,111100
쉬폰,google,2025-12-28,70,116997,원피스,111100
쉬폰,google,2026-01-04,71,118668,원피스,111100
쉬폰,google,2026-01-11,61,101954,원피스,111100
쉬폰,google,2026-01-18,67,111982,원피스,111100
쉬폰,google,2026-01-25,50,83569,원피스,111100
쉬폰,google,2026-02-01,78,130368,원피스,111100
쉬폰,google,2026-02-08,63,105297,원피스,111100
쉬폰,google,2026-02-15,68,113654,원피스,111100
쉬폰,google,2026-02-22,84,140396,원피스,111100
쉬폰,google,2026-03-01,65,108640,원피스,111100
쉬폰,google,2026-03-08,60,100283,원피스,111100
쉬폰,google,2026-03-15,73,122011,원피스,111100
쉬폰,google,2026-03-22,90,150424,원피스,111100
쉬폰,google,2026-03-29,86,143739,원피스,111100
쉬폰,google,2026-04-05,64,106968,원피스,111100
쉬폰,google,2026-04-12,74,123682,원피스,111100
쉬폰,google,2026-04-19,60,100283,원피스,111100
쉬폰,google,2026-04-26,64,106968,원피스,111100
쉬폰,google,2026-05-03,67,111982,원피스,111100
쉬폰,google,2026-05-10,60,100283,원피스,111100
쉬폰,google,2026-05-17,59,98611,원피스,111100
쉬폰,google,2026-05-24,55,91926,원피스,111100
쉬폰,google,2026-05-31,36,60169,원피스,111100
쉬폰,google,2026-06-07,56,93597,원피스,111100
쉬폰,google,2026-06-14,61,101954,원피스,111100
쉬폰,google,2026-06-21,43,71869,원피스,111100
쉬폰,google,2026-06-28,51,85240,원피스,111100
쉬폰,google,2026-07-05,49,81898,원피스,111100
쉬폰,google,2026-07-12,67,111982,원피스,111100
쉬폰,google,2026-07-19,57,95269,원피스,111100
쉬폰,google,2026-07-26,59,98611,원피스,111100
쉬폰,google,2026-08-02,49,81898,원피스,111100
쉬폰,google,2026-08-09,65,108640,원피스,111100
쉬폰,google,2026-08-16,68,113654,원피스,111100
쉬폰,google,2026-08-23,48,80226,원피스,111100
쉬폰,google,2026-08-30,41,68526,원피스,111100
쉬폰,google,2026-09-06,55,91926,원피스,111100
쉬폰,google,2026-09-13,66,110311,원피스,111100
머슬핏,google,2025-09-14,55,91926,원피스,111100
머슬핏,google,2025-09-21,35,58498,원피스,111100
머슬핏,google,2025-09-28,50,83569,원피스,111100
머슬핏,google,2025-10-05,30,50141,원피스,111100
머슬핏,google,2025-10-12,34,56827,원피스,111100
머슬핏,google,2025-10-19,27,45127,원피스,111100
머슬핏,google,2025-10-26,26,43456,원피스,111100
머슬핏,google,2025-11-02,25,41784,원피스,111100
머슬핏,google,2025-11-09,26,43456,원피스,111100
머슬핏,google,2025-11-16,0,0,원피스,111100
머슬핏,google,2025-11-23,0,0,원피스,111100
머슬핏,google,2025-11-30,36,60169,원피스,111100
머슬핏,google,2025-12-07,25,41784,원피스,111100
머슬핏,google,2025-12-14,31,51813,원피스,111100
머슬핏,google,2025-12-21,37,61841,원피스,111100
머슬핏,google,2025-12-28,0,0,원피스,111100
머슬핏,google,2026-01-04,41,68526,원피스,111100
머슬핏,google,2026-01-11,23,38441,원피스,111100
머슬핏,google,2026-01-18,48,80226,원피스,111100
머슬핏,google,2026-01-25,28,46798,원피스,111100
머슬핏,google,2026-02-01,0,0,원피스,111100
머슬핏,google,2026-02-08,43,71869,원피스,111100
머슬핏,google,2026-02-15,49,81898,원피스,111100
머슬핏,google,2026-02-22,37,61841,원피스,111100
머슬핏,google,2026-03-01,32,53484,원피스,111100
머슬핏,google,2026-03-08,49,81898,원피스,111100
머슬핏,google,2026-03-15,44,73541,원피스,111100
머슬핏,google,2026-03-22,73,122011,원피스,111100
머슬핏,google,2026-03-29,61,101954,원피스,111100
머슬핏,google,2026-04-05,44,73541,원피스,111100
머슬핏,google,2026-04-12,99,165467,원피스,111100
머슬핏,google,2026-04-19,73,122011,원피스,111100
머슬핏,google,2026-04-26,40,66855,원피스,111100
머슬핏,google,2026-05-03,67,111982,원피스,111100
머슬핏,google,2026-05-10,96,160453,원피스,111100
머슬핏,google,2026-05-17,94,157110,원피스,111100
머슬핏,google,2026-05-24,80,133711,원피스,111100
머슬핏,google,2026-05-31,67,111982,원피스,111100
머슬핏,google,2026-06-07,57,95269,원피스,111100
머슬핏,google,2026-06-14,86,143739,원피스,111100
머슬핏,google,2026-06-21,75,125354,원피스,111100
머슬핏,google,2026-06-28,40,66855,원피스,111100
머슬핏,google,2026-07-05,55,91926,원피스,111100
머슬핏,google,2026-07-12,58,96940,원피스,111100
머슬핏,google,2026-07-19,63,105297,원피스,111100
머슬핏,google,2026-07-26,60,100283,원피스,111100
머슬핏,google,2026-08-02,58,96940,원피스,111100
머슬핏,google,2026-08-09,56,93597,원피스,111100
머슬핏,google,2026-08-16,47,78555,원피스,111100
머슬핏,google,2026-08-23,47,78555,원피스,111100
머슬핏,google,2026-08-30,41,68526,원피스,111100
머슬핏,google,2026-09-06,44,73541,원피스,111100
머슬핏,google,2026-09-13,52,86912,원피스,111100
맥시기장,google,2025-09-14,0,0,원피스,111100
맥시기장,google,2025-09-21,0,0,원피스,111100
맥시기장,google,2025-09-28,0,0,원피스,111100
맥시기장,google,2025-10-05,0,0,원피스,111100
맥시기장,google,2025-10-12,0,0,원피스,111100
맥시기장,google,2025-10-19,0,0,원피스,111100
맥시기장,google,2025-10-26,0,0,원피스,111100
맥시기장,google,2025-11-02,0,0,원피스,111100
맥시기장,google,2025-11-09,0,0,원피스,111100
맥시기장,google,2025-11-16,0,0,원피스,111100
맥시기장,google,2025-11-23,0,0,원피스,111100
맥시기장,google,2025-11-30,0,0,원피스,111100
맥시기장,google,2025-12-07,0,0,원피스,111100
맥시기장,google,2025-12-14,0,0,원피스,111100
맥시기장,google,2025-12-21,0,0,원피스,111100
맥시기장,google,2025-12-28,0,0,원피스,111100
맥시기장,google,2026-01-04,0,0,원피스,111100
맥시기장,google,2026-01-11,0,0,원피스,111100
맥시기장,google,2026-01-18,0,0,원피스,111100
맥시기장,google,2026-01-25,0,0,원피스,111100
맥시기장,google,2026-02-01,0,0,원피스,111100
맥시기장,google,2026-02-08,0,0,원피스,111100
맥시기장,google,2026-02-15,0,0,원피스,111100
맥시기장,google,2026-02-22,0,0,원피스,111100
맥시기장,google,2026-03-01,0,0,원피스,111100
맥시기장,google,2026-03-08,0,0,원피스,111100
맥시기장,google,2026-03-15,28,46798,원피스,111100
맥시기장,google,2026-03-22,0,0,원피스,111100
맥시기장,google,2026-03-29,0,0,원피스,111100
맥시기장,google,2026-04-05,0,0,원피스,111100
맥시기장,google,2026-04-12,0,0,원피스,111100
맥시기장,google,2026-04-19,0,0,원피스,111100
맥시기장,google,2026-04-26,0,0,원피스,111100
맥시기장,google,2026-05-03,0,0,원피스,111100
맥시기장,google,2026-05-10,0,0,원피스,111100
맥시기장,google,2026-05-17,0,0,원피스,111100
맥시기장,google,2026-05-24,0,0,원피스,111100
맥시기장,google,2026-05-31,0,0,원피스,111100
맥시기장,google,2026-06-07,0,0,원피스,111100
맥시기장,google,2026-06-14,0,0,원피스,111100
맥시기장,google,2026-06-21,0,0,원피스,111100
맥시기장,google,2026-06-28,0,0,원피스,111100
맥시기장,google,2026-07-05,0,0,원피스,111100
맥시기장,google,2026-07-12,0,0,원피스,111100
맥시기장,google,2026-07-19,0,0,원피스,111100
맥시기장,google,2026-07-26,0,0,원피스,111100
맥시기장,google,2026-08-02,0,0,원피스,111100
맥시기장,google,2026-08-09,0,0,원피스,111100
맥시기장,google,2026-08-16,0,0,원피스,111100
맥시기장,google,2026-08-23,0,0,원피스,111100
맥시기장,google,2026-08-30,0,0,원피스,111100
맥시기장,google,2026-09-06,0,0,원피스,111100
맥시기장,google,2026-09-13,0,0,원피스,111100
미니기장,google,2025-09-14,0,0,원피스,111100
미니기장,google,2025-09-21,0,0,원피스,111100
미니기장,google,2025-09-28,0,0,원피스,111100
미니기장,google,2025-10-05,0,0,원피스,111100
미니기장,google,2025-10-12,0,0,원피스,111100
미니기장,google,2025-10-19,0,0,원피스,111100
미니기장,google,2025-10-26,0,0,원피스,111100
미니기장,google,2025-11-02,0,0,원피스,111100
미니기장,google,2025-11-09,0,0,원피스,111100
미니기장,google,2025-11-16,0,0,원피스,111100
미니기장,google,2025-11-23,0,0,원피스,111100
미니기장,google,2025-11-30,0,0,원피스,111100
미니기장,google,2025-12-07,0,0,원피스,111100
미니기장,google,2025-12-14,0,0,원피스,111100
미니기장,google,2025-12-21,0,0,원피스,111100
미니기장,google,2025-12-28,0,0,원피스,111100
미니기장,google,2026-01-04,0,0,원피스,111100
미니기장,google,2026-01-11,0,0,원피스,111100
미니기장,google,2026-01-18,0,0,원피스,111100
미니기장,google,2026-01-25,0,0,원피스,111100
미니기장,google,2026-02-01,0,0,원피스,111100
미니기장,google,2026-02-08,0,0,원피스,111100
미니기장,google,2026-02-15,0,0,원피스,111100
미니기장,google,2026-02-22,0,0,원피스,111100
미니기장,google,2026-03-01,0,0,원피스,111100
미니기장,google,2026-03-08,0,0,원피스,111100
미니기장,google,2026-03-15,0,0,원피스,111100
미니기장,google,2026-03-22,0,0,원피스,111100
미니기장,google,2026-03-29,0,0,원피스,111100
미니기장,google,2026-04-05,0,0,원피스,111100
미니기장,google,2026-04-12,0,0,원피스,111100
미니기장,google,2026-04-19,0,0,원피스,111100
미니기장,google,2026-04-26,0,0,원피스,111100
미니기장,google,2026-05-03,0,0,원피스,111100
미니기장,google,2026-05-10,0,0,원피스,111100
미니기장,google,2026-05-17,0,0,원피스,111100
미니기장,google,2026-05-24,0,0,원피스,111100
미니기장,google,2026-05-31,0,0,원피스,111100
미니기장,google,2026-06-07,0,0,원피스,111100
미니기장,google,2026-06-14,0,0,원피스,111100
미니기장,google,2026-06-21,0,0,원피스,111100
미니기장,google,2026-06-28,0,0,원피스,111100
미니기장,google,2026-07-05,0,0,원피스,111100
미니기장,google,2026-07-12,0,0,원피스,111100
미니기장,google,2026-07-19,0,0,원피스,111100
미니기장,google,2026-07-26,0,0,원피스,111100
미니기장,google,2026-08-02,0,0,원피스,111100
미니기장,google,2026-08-09,0,0,원피스,111100
미니기장,google,2026-08-16,0,0,원피스,111100
미니기장,google,2026-08-23,0,0,원피스,111100
미니기장,google,2026-08-30,0,0,원피스,111100
미니기장,google,2026-09-06,0,0,원피스,111100
미니기장,google,2026-09-13,0,0,원피스,111100
10부기장,google,2025-09-14,0,0,원피스,111100
10부기장,google,2025-09-21,0,0,원피스,111100
10부기장,google,2025-09-28,0,0,원피스,111100
10부기장,google,2025-10-05,0,0,원피스,111100
10부기장,google,2025-10-12,0,0,원피스,111100
10부기장,google,2025-10-19,0,0,원피스,111100
10부기장,google,2025-10-26,0,0,원피스,111100
10부기장,google,2025-11-02,0,0,원피스,111100
10부기장,google,2025-11-09,0,0,원피스,111100
10부기장,google,2025-11-16,0,0,원피스,111100
10부기장,google,2025-11-23,0,0,원피스,111100
10부기장,google,2025-11-30,0,0,원피스,111100
10부기장,google,2025-12-07,92,153767,원피스,111100
10부기장,google,2025-12-14,0,0,원피스,111100
10부기장,google,2025-12-21,0,0,원피스,111100
10부기장,google,2025-12-28,0,0,원피스,111100
10부기장,google,2026-01-04,0,0,원피스,111100
10부기장,google,2026-01-11,0,0,원피스,111100
10부기장,google,2026-01-18,80,133711,원피스,111100
10부기장,google,2026-01-25,0,0,원피스,111100
10부기장,google,2026-02-01,0,0,원피스,111100
10부기장,google,2026-02-08,0,0,원피스,111100
10부기장,google,2026-02-15,0,0,원피스,111100
10부기장,google,2026-02-22,0,0,원피스,111100
10부기장,google,2026-03-01,0,0,원피스,111100
10부기장,google,2026-03-08,0,0,원피스,111100
10부기장,google,2026-03-15,0,0,원피스,111100
10부기장,google,2026-03-22,0,0,원피스,111100
10부기장,google,2026-03-29,0,0,원피스,111100
10부기장,google,2026-04-05,0,0,원피스,111100
10부기장,google,2026-04-12,0,0,원피스,111100
10부기장,google,2026-04-19,0,0,원피스,111100
10부기장,google,2026-04-26,0,0,원피스,111100
10부기장,google,2026-05-03,0,0,원피스,111100
10부기장,google,2026-05-10,0,0,원피스,111100
10부기장,google,2026-05-17,0,0,원피스,111100
10부기장,google,2026-05-24,0,0,원피스,111100
10부기장,google,2026-05-31,0,0,원피스,111100
10부기장,google,2026-06-07,93,155439,원피스,111100
10부기장,google,2026-06-14,0,0,원피스,111100
10부기장,google,2026-06-21,0,0,원피스,111100
10부기장,google,2026-06-28,0,0,원피스,111100
10부기장,google,2026-07-05,0,0,원피스,111100
10부기장,google,2026-07-12,0,0,원피스,111100
10부기장,google,2026-07-19,0,0,원피스,111100
10부기장,google,2026-07-26,0,0,원피스,111100
10부기장,google,2026-08-02,0,0,원피스,111100
10부기장,google,2026-08-09,0,0,원피스,111100
10부기장,google,2026-08-16,0,0,원피스,111100
10부기장,google,2026-08-23,0,0,원피스,111100
10부기장,google,2026-08-30,0,0,원피스,111100
10부기장,google,2026-09-06,0,0,원피스,111100
10부기장,google,2026-09-13,0,0,원피스,111100
3부기장,google,2025-09-14,0,0,원피스,111100
3부기장,google,2025-09-21,0,0,원피스,111100
3부기장,google,2025-09-28,0,0,원피스,111100
3부기장,google,2025-10-05,0,0,원피스,111100
3부기장,google,2025-10-12,0,0,원피스,111100
3부기장,google,2025-10-19,0,0,원피스,111100
3부기장,google,2025-10-26,0,0,원피스,111100
3부기장,google,2025-11-02,0,0,원피스,111100
3부기장,google,2025-11-09,0,0,원피스,111100
3부기장,google,2025-11-16,0,0,원피스,111100
3부기장,google,2025-11-23,0,0,원피스,111100
3부기장,google,2025-11-30,0,0,원피스,111100
3부기장,google,2025-12-07,0,0,원피스,111100
3부기장,google,2025-12-14,0,0,원피스,111100
3부기장,google,2025-12-21,0,0,원피스,111100
3부기장,google,2025-12-28,0,0,원피스,111100
3부기장,google,2026-01-04,0,0,원피스,111100
3부기장,google,2026-01-11,0,0,원피스,111100
3부기장,google,2026-01-18,0,0,원피스,111100
3부기장,google,2026-01-25,0,0,원피스,111100
3부기장,google,2026-02-01,0,0,원피스,111100
3부기장,google,2026-02-08,0,0,원피스,111100
3부기장,google,2026-02-15,0,0,원피스,111100
3부기장,google,2026-02-22,0,0,원피스,111100
3부기장,google,2026-03-01,0,0,원피스,111100
3부기장,google,2026-03-08,0,0,원피스,111100
3부기장,google,2026-03-15,0,0,원피스,111100
3부기장,google,2026-03-22,0,0,원피스,111100
3부기장,google,2026-03-29,0,0,원피스,111100
3부기장,google,2026-04-05,67,111982,원피스,111100
3부기장,google,2026-04-12,0,0,원피스,111100
3부기장,google,2026-04-19,0,0,원피스,111100
3부기장,google,2026-04-26,0,0,원피스,111100
3부기장,google,2026-05-03,0,0,원피스,111100
3부기장,google,2026-05-10,0,0,원피스,111100
3부기장,google,2026-05-17,0,0,원피스,111100
3부기장,google,2026-05-24,0,0,원피스,111100
3부기장,google,2026-05-31,0,0,원피스,111100
3부기장,google,2026-06-07,0,0,원피스,111100
3부기장,google,2026-06-14,0,0,원피스,111100
3부기장,google,2026-06-21,0,0,원피스,111100
3부기장,google,2026-06-28,0,0,원피스,111100
3부기장,google,2026-07-05,0,0,원피스,111100
3부기장,google,2026-07-12,0,0,원피스,111100
3부기장,google,2026-07-19,0,0,원피스,111100
3부기장,google,2026-07-26,0,0,원피스,111100
3부기장,google,2026-08-02,0,0,원피스,111100
3부기장,google,2026-08-09,0,0,원피스,111100
3부기장,google,2026-08-16,0,0,원피스,111100
3부기장,google,2026-08-23,0,0,원피스,111100
3부기장,google,2026-08-30,0,0,원피스,111100
3부기장,google,2026-09-06,0,0,원피스,111100
3부기장,google,2026-09-13,0,0,원피스,111100
4부기장,google,2025-09-14,0,0,원피스,111100
4부기장,google,2025-09-21,0,0,원피스,111100
4부기장,google,2025-09-28,0,0,원피스,111100
4부기장,google,2025-10-05,0,0,원피스,111100
4부기장,google,2025-10-12,0,0,원피스,111100
4부기장,google,2025-10-19,0,0,원피스,111100
4부기장,google,2025-10-26,0,0,원피스,111100
4부기장,google,2025-11-02,0,0,원피스,111100
4부기장,google,2025-11-09,0,0,원피스,111100
4부기장,google,2025-11-16,0,0,원피스,111100
4부기장,google,2025-11-23,0,0,원피스,111100
4부기장,google,2025-11-30,0,0,원피스,111100
4부기장,google,2025-12-07,0,0,원피스,111100
4부기장,google,2025-12-14,0,0,원피스,111100
4부기장,google,2025-12-21,0,0,원피스,111100
4부기장,google,2025-12-28,0,0,원피스,111100
4부기장,google,2026-01-04,0,0,원피스,111100
4부기장,google,2026-01-11,0,0,원피스,111100
4부기장,google,2026-01-18,0,0,원피스,111100
4부기장,google,2026-01-25,0,0,원피스,111100
4부기장,google,2026-02-01,0,0,원피스,111100
4부기장,google,2026-02-08,0,0,원피스,111100
4부기장,google,2026-02-15,0,0,원피스,111100
4부기장,google,2026-02-22,0,0,원피스,111100
4부기장,google,2026-03-01,0,0,원피스,111100
4부기장,google,2026-03-08,0,0,원피스,111100
4부기장,google,2026-03-15,0,0,원피스,111100
4부기장,google,2026-03-22,0,0,원피스,111100
4부기장,google,2026-03-29,0,0,원피스,111100
4부기장,google,2026-04-05,0,0,원피스,111100
4부기장,google,2026-04-12,0,0,원피스,111100
4부기장,google,2026-04-19,100,167138,원피스,111100
4부기장,google,2026-04-26,0,0,원피스,111100
4부기장,google,2026-05-03,0,0,원피스,111100
4부기장,google,2026-05-10,0,0,원피스,111100
4부기장,google,2026-05-17,0,0,원피스,111100
4부기장,google,2026-05-24,0,0,원피스,111100
4부기장,google,2026-05-31,0,0,원피스,111100
4부기장,google,2026-06-07,0,0,원피스,111100
4부기장,google,2026-06-14,0,0,원피스,111100
4부기장,google,2026-06-21,0,0,원피스,111100
4부기장,google,2026-06-28,0,0,원피스,111100
4부기장,google,2026-07-05,0,0,원피스,111100
4부기장,google,2026-07-12,0,0,원피스,111100
4부기장,google,2026-07-19,0,0,원피스,111100
4부기장,google,2026-07-26,0,0,원피스,111100
4부기장,google,2026-08-02,0,0,원피스,111100
4부기장,google,2026-08-09,0,0,원피스,111100
4부기장,google,2026-08-16,0,0,원피스,111100
4부기장,google,2026-08-23,0,0,원피스,111100
4부기장,google,2026-08-30,0,0,원피스,111100
4부기장,google,2026-09-06,0,0,원피스,111100
4부기장,google,2026-09-13,0,0,원피스,111100
5부기장,google,2025-09-14,0,0,원피스,111100
5부기장,google,2025-09-21,0,0,원피스,111100
5부기장,google,2025-09-28,0,0,원피스,111100
5부기장,google,2025-10-05,0,0,원피스,111100
5부기장,google,2025-10-12,0,0,원피스,111100
5부기장,google,2025-10-19,0,0,원피스,111100
5부기장,google,2025-10-26,0,0,원피스,111100
5부기장,google,2025-11-02,0,0,원피스,111100
5부기장,google,2025-11-09,0,0,원피스,111100
5부기장,google,2025-11-16,0,0,원피스,111100
5부기장,google,2025-11-23,0,0,원피스,111100
5부기장,google,2025-11-30,0,0,원피스,111100
5부기장,google,2025-12-07,0,0,원피스,111100
5부기장,google,2025-12-14,0,0,원피스,111100
5부기장,google,2025-12-21,0,0,원피스,111100
5부기장,google,2025-12-28,0,0,원피스,111100
5부기장,google,2026-01-04,0,0,원피스,111100
5부기장,google,2026-01-11,0,0,원피스,111100
5부기장,google,2026-01-18,0,0,원피스,111100
5부기장,google,2026-01-25,0,0,원피스,111100
5부기장,google,2026-02-01,0,0,원피스,111100
5부기장,google,2026-02-08,0,0,원피스,111100
5부기장,google,2026-02-15,0,0,원피스,111100
5부기장,google,2026-02-22,0,0,원피스,111100
5부기장,google,2026-03-01,0,0,원피스,111100
5부기장,google,2026-03-08,0,0,원피스,111100
5부기장,google,2026-03-15,0,0,원피스,111100
5부기장,google,2026-03-22,0,0,원피스,111100
5부기장,google,2026-03-29,0,0,원피스,111100
5부기장,google,2026-04-05,0,0,원피스,111100
5부기장,google,2026-04-12,0,0,원피스,111100
5부기장,google,2026-04-19,0,0,원피스,111100
5부기장,google,2026-04-26,0,0,원피스,111100
5부기장,google,2026-05-03,0,0,원피스,111100
5부기장,google,2026-05-10,0,0,원피스,111100
5부기장,google,2026-05-17,0,0,원피스,111100
5부기장,google,2026-05-24,0,0,원피스,111100
5부기장,google,2026-05-31,0,0,원피스,111100
5부기장,google,2026-06-07,0,0,원피스,111100
5부기장,google,2026-06-14,0,0,원피스,111100
5부기장,google,2026-06-21,0,0,원피스,111100
5부기장,google,2026-06-28,0,0,원피스,111100
5부기장,google,2026-07-05,0,0,원피스,111100
5부기장,google,2026-07-12,0,0,원피스,111100
5부기장,google,2026-07-19,0,0,원피스,111100
5부기장,google,2026-07-26,0,0,원피스,111100
5부기장,google,2026-08-02,0,0,원피스,111100
5부기장,google,2026-08-09,0,0,원피스,111100
5부기장,google,2026-08-16,0,0,원피스,111100
5부기장,google,2026-08-23,0,0,원피스,111100
5부기장,google,2026-08-30,0,0,원피스,111100
5부기장,google,2026-09-06,0,0,원피스,111100
5부기장,google,2026-09-13,0,0,원피스,111100
6-7부기장,google,2025-09-14,0,0,원피스,111100
6-7부기장,google,2025-09-21,0,0,원피스,111100
6-7부기장,google,2025-09-28,0,0,원피스,111100
6-7부기장,google,2025-10-05,0,0,원피스,111100
6-7부기장,google,2025-10-12,0,0,원피스,111100
6-7부기장,google,2025-10-19,0,0,원피스,111100
6-7부기장,google,2025-10-26,0,0,원피스,111100
6-7부기장,google,2025-11-02,0,0,원피스,111100
6-7부기장,google,2025-11-09,0,0,원피스,111100
6-7부기장,google,2025-11-16,0,0,원피스,111100
6-7부기장,google,2025-11-23,0,0,원피스,111100
6-7부기장,google,2025-11-30,0,0,원피스,111100
6-7부기장,google,2025-12-07,0,0,원피스,111100
6-7부기장,google,2025-12-14,0,0,원피스,111100
6-7부기장,google,2025-12-21,0,0,원피스,111100
6-7부기장,google,2025-12-28,0,0,원피스,111100
6-7부기장,google,2026-01-04,0,0,원피스,111100
6-7부기장,google,2026-01-11,0,0,원피스,111100
6-7부기장,google,2026-01-18,0,0,원피스,111100
6-7부기장,google,2026-01-25,0,0,원피스,111100
6-7부기장,google,2026-02-01,0,0,원피스,111100
6-7부기장,google,2026-02-08,0,0,원피스,111100
6-7부기장,google,2026-02-15,0,0,원피스,111100
6-7부기장,google,2026-02-22,0,0,원피스,111100
6-7부기장,google,2026-03-01,0,0,원피스,111100
6-7부기장,google,2026-03-08,0,0,원피스,111100
6-7부기장,google,2026-03-15,0,0,원피스,111100
6-7부기장,google,2026-03-22,0,0,원피스,111100
6-7부기장,google,2026-03-29,0,0,원피스,111100
6-7부기장,google,2026-04-05,0,0,원피스,111100
6-7부기장,google,2026-04-12,0,0,원피스,111100
6-7부기장,google,2026-04-19,0,0,원피스,111100
6-7부기장,google,2026-04-26,0,0,원피스,111100
6-7부기장,google,2026-05-03,0,0,원피스,111100
6-7부기장,google,2026-05-10,0,0,원피스,111100
6-7부기장,google,2026-05-17,0,0,원피스,111100
6-7부기장,google,2026-05-24,0,0,원피스,111100
6-7부기장,google,2026-05-31,84,140396,원피스,111100
6-7부기장,google,2026-06-07,0,0,원피스,111100
6-7부기장,google,2026-06-14,0,0,원피스,111100
6-7부기장,google,2026-06-21,0,0,원피스,111100
6-7부기장,google,2026-06-28,0,0,원피스,111100
6-7부기장,google,2026-07-05,0,0,원피스,111100
6-7부기장,google,2026-07-12,0,0,원피스,111100
6-7부기장,google,2026-07-19,0,0,원피스,111100
6-7부기장,google,2026-07-26,0,0,원피스,111100
6-7부기장,google,2026-08-02,0,0,원피스,111100
6-7부기장,google,2026-08-09,0,0,원피스,111100
6-7부기장,google,2026-08-16,0,0,원피스,111100
6-7부기장,google,2026-08-23,0,0,원피스,111100
6-7부기장,google,2026-08-30,0,0,원피스,111100
6-7부기장,google,2026-09-06,0,0,원피스,111100
6-7부기장,google,2026-09-13,0,0,원피스,111100
8부기장,google,2025-09-14,0,0,원피스,111100
8부기장,google,2025-09-21,0,0,원피스,111100
8부기장,google,2025-09-28,0,0,원피스,111100
8부기장,google,2025-10-05,0,0,원피스,111100
8부기장,google,2025-10-12,0,0,원피스,111100
8부기장,google,2025-10-19,0,0,원피스,111100
8부기장,google,2025-10-26,0,0,원피스,111100
8부기장,google,2025-11-02,0,0,원피스,111100
8부기장,google,2025-11-09,0,0,원피스,111100
8부기장,google,2025-11-16,0,0,원피스,111100
8부기장,google,2025-11-23,0,0,원피스,111100
8부기장,google,2025-11-30,0,0,원피스,111100
8부기장,google,2025-12-07,0,0,원피스,111100
8부기장,google,2025-12-14,0,0,원피스,111100
8부기장,google,2025-12-21,0,0,원피스,111100
8부기장,google,2025-12-28,0,0,원피스,111100
8부기장,google,2026-01-04,0,0,원피스,111100
8부기장,google,2026-01-11,0,0,원피스,111100
8부기장,google,2026-01-18,0,0,원피스,111100
8부기장,google,2026-01-25,0,0,원피스,111100
8부기장,google,2026-02-01,0,0,원피스,111100
8부기장,google,2026-02-08,0,0,원피스,111100
8부기장,google,2026-02-15,0,0,원피스,111100
8부기장,google,2026-02-22,0,0,원피스,111100
8부기장,google,2026-03-01,0,0,원피스,111100
8부기장,google,2026-03-08,0,0,원피스,111100
8부기장,google,2026-03-15,0,0,원피스,111100
8부기장,google,2026-03-22,0,0,원피스,111100
8부기장,google,2026-03-29,0,0,원피스,111100
8부기장,google,2026-04-05,0,0,원피스,111100
8부기장,google,2026-04-12,0,0,원피스,111100
8부기장,google,2026-04-19,0,0,원피스,111100
8부기장,google,2026-04-26,0,0,원피스,111100
8부기장,google,2026-05-03,0,0,원피스,111100
8부기장,google,2026-05-10,0,0,원피스,111100
8부기장,google,2026-05-17,0,0,원피스,111100
8부기장,google,2026-05-24,0,0,원피스,111100
8부기장,google,2026-05-31,0,0,원피스,111100
8부기장,google,2026-06-07,0,0,원피스,111100
8부기장,google,2026-06-14,0,0,원피스,111100
8부기장,google,2026-06-21,0,0,원피스,111100
8부기장,google,2026-06-28,0,0,원피스,111100
8부기장,google,2026-07-05,0,0,원피스,111100
8부기장,google,2026-07-12,0,0,원피스,111100
8부기장,google,2026-07-19,0,0,원피스,111100
8부기장,google,2026-07-26,0,0,원피스,111100
8부기장,google,2026-08-02,0,0,원피스,111100
8부기장,google,2026-08-09,0,0,원피스,111100
8부기장,google,2026-08-16,0,0,원피스,111100
8부기장,google,2026-08-23,0,0,원피스,111100
8부기장,google,2026-08-30,0,0,원피스,111100
8부기장,google,2026-09-06,0,0,원피스,111100
8부기장,google,2026-09-13,0,0,원피스,111100
9부기장,google,2025-09-14,0,0,원피스,111100
9부기장,google,2025-09-21,0,0,원피스,111100
9부기장,google,2025-09-28,0,0,원피스,111100
9부기장,google,2025-10-05,0,0,원피스,111100
9부기장,google,2025-10-12,0,0,원피스,111100
9부기장,google,2025-10-19,0,0,원피스,111100
9부기장,google,2025-10-26,0,0,원피스,111100
9부기장,google,2025-11-02,0,0,원피스,111100
9부기장,google,2025-11-09,0,0,원피스,111100
9부기장,google,2025-11-16,0,0,원피스,111100
9부기장,google,2025-11-23,0,0,원피스,111100
9부기장,google,2025-11-30,0,0,원피스,111100
9부기장,google,2025-12-07,0,0,원피스,111100
9부기장,google,2025-12-14,0,0,원피스,111100
9부기장,google,2025-12-21,0,0,원피스,111100
9부기장,google,2025-12-28,0,0,원피스,111100
9부기장,google,2026-01-04,0,0,원피스,111100
9부기장,google,2026-01-11,0,0,원피스,111100
9부기장,google,2026-01-18,0,0,원피스,111100
9부기장,google,2026-01-25,0,0,원피스,111100
9부기장,google,2026-02-01,0,0,원피스,111100
9부기장,google,2026-02-08,0,0,원피스,111100
9부기장,google,2026-02-15,0,0,원피스,111100
9부기장,google,2026-02-22,0,0,원피스,111100
9부기장,google,2026-03-01,0,0,원피스,111100
9부기장,google,2026-03-08,0,0,원피스,111100
9부기장,google,2026-03-15,0,0,원피스,111100
9부기장,google,2026-03-22,0,0,원피스,111100
9부기장,google,2026-03-29,0,0,원피스,111100
9부기장,google,2026-04-05,0,0,원피스,111100
9부기장,google,2026-04-12,0,0,원피스,111100
9부기장,google,2026-04-19,0,0,원피스,111100
9부기장,google,2026-04-26,0,0,원피스,111100
9부기장,google,2026-05-03,0,0,원피스,111100
9부기장,google,2026-05-10,0,0,원피스,111100
9부기장,google,2026-05-17,0,0,원피스,111100
9부기장,google,2026-05-24,0,0,원피스,111100
9부기장,google,2026-05-31,0,0,원피스,111100
9부기장,google,2026-06-07,0,0,원피스,111100
9부기장,google,2026-06-14,0,0,원피스,111100
9부기장,google,2026-06-21,0,0,원피스,111100
9부기장,google,2026-06-28,0,0,원피스,111100
9부기장,google,2026-07-05,0,0,원피스,111100
9부기장,google,2026-07-12,0,0,원피스,111100
9부기장,google,2026-07-19,0,0,원피스,111100
9부기장,google,2026-07-26,0,0,원피스,111100
9부기장,google,2026-08-02,0,0,원피스,111100
9부기장,google,2026-08-09,0,0,원피스,111100
9부기장,google,2026-08-16,0,0,원피스,111100
9부기장,google,2026-08-23,0,0,원피스,111100
9부기장,google,2026-08-30,0,0,원피스,111100
9부기장,google,2026-09-06,0,0,원피스,111100
9부기장,google,2026-09-13,0,0,원피스,111100
컴포트핏,google,2025-09-14,0,0,원피스,111100
컴포트핏,google,2025-09-21,0,0,원피스,111100
컴포트핏,google,2025-09-28,0,0,원피스,111100
컴포트핏,google,2025-10-05,0,0,원피스,111100
컴포트핏,google,2025-10-12,0,0,원피스,111100
컴포트핏,google,2025-10-19,0,0,원피스,111100
컴포트핏,google,2025-10-26,0,0,원피스,111100
컴포트핏,google,2025-11-02,0,0,원피스,111100
컴포트핏,google,2025-11-09,0,0,원피스,111100
컴포트핏,google,2025-11-16,0,0,원피스,111100
컴포트핏,google,2025-11-23,0,0,원피스,111100
컴포트핏,google,2025-11-30,0,0,원피스,111100
컴포트핏,google,2025-12-07,0,0,원피스,111100
컴포트핏,google,2025-12-14,0,0,원피스,111100
컴포트핏,google,2025-12-21,0,0,원피스,111100
컴포트핏,google,2025-12-28,0,0,원피스,111100
컴포트핏,google,2026-01-04,0,0,원피스,111100
컴포트핏,google,2026-01-11,0,0,원피스,111100
컴포트핏,google,2026-01-18,0,0,원피스,111100
컴포트핏,google,2026-01-25,0,0,원피스,111100
컴포트핏,google,2026-02-01,0,0,원피스,111100
컴포트핏,google,2026-02-08,0,0,원피스,111100
컴포트핏,google,2026-02-15,0,0,원피스,111100
컴포트핏,google,2026-02-22,0,0,원피스,111100
컴포트핏,google,2026-03-01,0,0,원피스,111100
컴포트핏,google,2026-03-08,0,0,원피스,111100
컴포트핏,google,2026-03-15,0,0,원피스,111100
컴포트핏,google,2026-03-22,0,0,원피스,111100
컴포트핏,google,2026-03-29,0,0,원피스,111100
컴포트핏,google,2026-04-05,0,0,원피스,111100
컴포트핏,google,2026-04-12,0,0,원피스,111100
컴포트핏,google,2026-04-19,0,0,원피스,111100
컴포트핏,google,2026-04-26,0,0,원피스,111100
컴포트핏,google,2026-05-03,0,0,원피스,111100
컴포트핏,google,2026-05-10,0,0,원피스,111100
컴포트핏,google,2026-05-17,0,0,원피스,111100
컴포트핏,google,2026-05-24,0,0,원피스,111100
컴포트핏,google,2026-05-31,0,0,원피스,111100
컴포트핏,google,2026-06-07,0,0,원피스,111100
컴포트핏,google,2026-06-14,0,0,원피스,111100
컴포트핏,google,2026-06-21,0,0,원피스,111100
컴포트핏,google,2026-06-28,0,0,원피스,111100
컴포트핏,google,2026-07-05,0,0,원피스,111100
컴포트핏,google,2026-07-12,0,0,원피스,111100
컴포트핏,google,2026-07-19,0,0,원피스,111100
컴포트핏,google,2026-07-26,0,0,원피스,111100
컴포트핏,google,2026-08-02,0,0,원피스,111100
컴포트핏,google,2026-08-09,0,0,원피스,111100
컴포트핏,google,2026-08-16,0,0,원피스,111100
컴포트핏,google,2026-08-23,0,0,원피스,111100
컴포트핏,google,2026-08-30,2,3342,원피스,111100
컴포트핏,google,2026-09-06,3,5014,원피스,111100
컴포트핏,google,2026-09-13,0,0,원피스,111100
루즈핏,google,2025-09-14,34,56827,원피스,111100
루즈핏,google,2025-09-21,52,86912,원피스,111100
루즈핏,google,2025-09-28,39,65184,원피스,111100
루즈핏,google,2025-10-05,67,111982,원피스,111100
루즈핏,google,2025-10-12,63,105297,원피스,111100
루즈핏,google,2025-10-19,69,115325,원피스,111100
루즈핏,google,2025-10-26,61,101954,원피스,111100
루즈핏,google,2025-11-02,51,85240,원피스,111100
루즈핏,google,2025-11-09,55,91926,원피스,111100
루즈핏,google,2025-11-16,54,90254,원피스,111100
루즈핏,google,2025-11-23,60,100283,원피스,111100
루즈핏,google,2025-11-30,49,81898,원피스,111100
루즈핏,google,2025-12-07,47,78555,원피스,111100
루즈핏,google,2025-12-14,43,71869,원피스,111100
루즈핏,google,2025-12-21,42,70198,원피스,111100
루즈핏,google,2025-12-28,40,66855,원피스,111100
루즈핏,google,2026-01-04,54,90254,원피스,111100
루즈핏,google,2026-01-11,33,55155,원피스,111100
루즈핏,google,2026-01-18,53,88583,원피스,111100
루즈핏,google,2026-01-25,47,78555,원피스,111100
루즈핏,google,2026-02-01,51,85240,원피스,111100
루즈핏,google,2026-02-08,67,111982,원피스,111100
루즈핏,google,2026-02-15,72,120339,원피스,111100
루즈핏,google,2026-02-22,58,96940,원피스,111100
루즈핏,google,2026-03-01,58,96940,원피스,111100
루즈핏,google,2026-03-08,70,116997,원피스,111100
루즈핏,google,2026-03-15,52,86912,원피스,111100
루즈핏,google,2026-03-22,100,167138,원피스,111100
루즈핏,google,2026-03-29,63,105297,원피스,111100
루즈핏,google,2026-04-05,55,91926,원피스,111100
루즈핏,google,2026-04-12,47,78555,원피스,111100
루즈핏,google,2026-04-19,64,106968,원피스,111100
루즈핏,google,2026-04-26,36,60169,원피스,111100
루즈핏,google,2026-05-03,75,125354,원피스,111100
루즈핏,google,2026-05-10,46,76883,원피스,111100
루즈핏,google,2026-05-17,44,73541,원피스,111100
루즈핏,google,2026-05-24,87,145410,원피스,111100
루즈핏,google,2026-05-31,57,95269,원피스,111100
루즈핏,google,2026-06-07,39,65184,원피스,111100
루즈핏,google,2026-06-14,65,108640,원피스,111100
루즈핏,google,2026-06-21,41,68526,원피스,111100
루즈핏,google,2026-06-28,62,103626,원피스,111100
루즈핏,google,2026-07-05,75,125354,원피스,111100
루즈핏,google,2026-07-12,42,70198,원피스,111100
루즈핏,google,2026-07-19,43,71869,원피스,111100
루즈핏,google,2026-07-26,46,76883,원피스,111100
루즈핏,google,2026-08-02,42,70198,원피스,111100
루즈핏,google,2026-08-09,41,68526,원피스,111100
루즈핏,google,2026-08-16,27,45127,원피스,111100
루즈핏,google,2026-08-23,47,78555,원피스,111100
루즈핏,google,2026-08-30,28,46798,원피스,111100
루즈핏,google,2026-09-06,43,71869,원피스,111100
루즈핏,google,2026-09-13,52,86912,원피스,111100
레귤러핏,google,2025-09-14,0,0,원피스,111100
레귤러핏,google,2025-09-21,0,0,원피스,111100
레귤러핏,google,2025-09-28,27,45127,원피스,111100
레귤러핏,google,2025-10-05,0,0,원피스,111100
레귤러핏,google,2025-10-12,0,0,원피스,111100
레귤러핏,google,2025-10-19,0,0,원피스,111100
레귤러핏,google,2025-10-26,0,0,원피스,111100
레귤러핏,google,2025-11-02,0,0,원피스,111100
레귤러핏,google,2025-11-09,0,0,원피스,111100
레귤러핏,google,2025-11-16,46,76883,원피스,111100
레귤러핏,google,2025-11-23,28,46798,원피스,111100
레귤러핏,google,2025-11-30,0,0,원피스,111100
레귤러핏,google,2025-12-07,0,0,원피스,111100
레귤러핏,google,2025-12-14,0,0,원피스,111100
레귤러핏,google,2025-12-21,0,0,원피스,111100
레귤러핏,google,2025-12-28,0,0,원피스,111100
레귤러핏,google,2026-01-04,0,0,원피스,111100
레귤러핏,google,2026-01-11,0,0,원피스,111100
레귤러핏,google,2026-01-18,0,0,원피스,111100
레귤러핏,google,2026-01-25,30,50141,원피스,111100
레귤러핏,google,2026-02-01,0,0,원피스,111100
레귤러핏,google,2026-02-08,0,0,원피스,111100
레귤러핏,google,2026-02-15,22,36770,원피스,111100
레귤러핏,google,2026-02-22,0,0,원피스,111100
레귤러핏,google,2026-03-01,32,53484,원피스,111100
레귤러핏,google,2026-03-08,0,0,원피스,111100
레귤러핏,google,2026-03-15,0,0,원피스,111100
레귤러핏,google,2026-03-22,0,0,원피스,111100
레귤러핏,google,2026-03-29,30,50141,원피스,111100
레귤러핏,google,2026-04-05,0,0,원피스,111100
레귤러핏,google,2026-04-12,26,43456,원피스,111100
레귤러핏,google,2026-04-19,0,0,원피스,111100
레귤러핏,google,2026-04-26,0,0,원피스,111100
레귤러핏,google,2026-05-03,24,40113,원피스,111100
레귤러핏,google,2026-05-10,26,43456,원피스,111100
레귤러핏,google,2026-05-17,0,0,원피스,111100
레귤러핏,google,2026-05-24,0,0,원피스,111100
레귤러핏,google,2026-05-31,21,35099,원피스,111100
레귤러핏,google,2026-06-07,0,0,원피스,111100
레귤러핏,google,2026-06-14,0,0,원피스,111100
레귤러핏,google,2026-06-21,23,38441,원피스,111100
레귤러핏,google,2026-06-28,0,0,원피스,111100
레귤러핏,google,2026-07-05,48,80226,원피스,111100
레귤러핏,google,2026-07-12,0,0,원피스,111100
레귤러핏,google,2026-07-19,0,0,원피스,111100
레귤러핏,google,2026-07-26,24,40113,원피스,111100
레귤러핏,google,2026-08-02,0,0,원피스,111100
레귤러핏,google,2026-08-09,0,0,원피스,111100
레귤러핏,google,2026-08-16,0,0,원피스,111100
레귤러핏,google,2026-08-23,0,0,원피스,111100
레귤러핏,google,2026-08-30,15,25070,원피스,111100
레귤러핏,google,2026-09-06,22,36770,원피스,111100
레귤러핏,google,2026-09-13,20,33427,원피스,111100
플랫힐,google,2025-09-14,0,0,원피스,111100
플랫힐,google,2025-09-21,0,0,원피스,111100
플랫힐,google,2025-09-28,0,0,원피스,111100
플랫힐,google,2025-10-05,0,0,원피스,111100
플랫힐,google,2025-10-12,0,0,원피스,111100
플랫힐,google,2025-10-19,0,0,원피스,111100
플랫힐,google,2025-10-26,0,0,원피스,111100
플랫힐,google,2025-11-02,0,0,원피스,111100
플랫힐,google,2025-11-09,0,0,원피스,111100
플랫힐,google,2025-11-16,0,0,원피스,111100
플랫힐,google,2025-11-23,0,0,원피스,111100
플랫힐,google,2025-11-30,0,0,원피스,111100
플랫힐,google,2025-12-07,0,0,원피스,111100
플랫힐,google,2025-12-14,0,0,원피스,111100
플랫힐,google,2025-12-21,0,0,원피스,111100
플랫힐,google,2025-12-28,0,0,원피스,111100
플랫힐,google,2026-01-04,0,0,원피스,111100
플랫힐,google,2026-01-11,0,0,원피스,111100
플랫힐,google,2026-01-18,0,0,원피스,111100
플랫힐,google,2026-01-25,0,0,원피스,111100
플랫힐,google,2026-02-01,0,0,원피스,111100
플랫힐,google,2026-02-08,0,0,원피스,111100
플랫힐,google,2026-02-15,0,0,원피스,111100
플랫힐,google,2026-02-22,0,0,원피스,111100
플랫힐,google,2026-03-01,0,0,원피스,111100
플랫힐,google,2026-03-08,0,0,원피스,111100
플랫힐,google,2026-03-15,0,0,원피스,111100
플랫힐,google,2026-03-22,0,0,원피스,111100
플랫힐,google,2026-03-29,0,0,원피스,111100
플랫힐,google,2026-04-05,0,0,원피스,111100
플랫힐,google,2026-04-12,0,0,원피스,111100
플랫힐,google,2026-04-19,0,0,원피스,111100
플랫힐,google,2026-04-26,0,0,원피스,111100
플랫힐,google,2026-05-03,0,0,원피스,111100
플랫힐,google,2026-05-10,0,0,원피스,111100
플랫힐,google,2026-05-17,0,0,원피스,111100
플랫힐,google,2026-05-24,0,0,원피스,111100
플랫힐,google,2026-05-31,0,0,원피스,111100
플랫힐,google,2026-06-07,0,0,원피스,111100
플랫힐,google,2026-06-14,0,0,원피스,111100
플랫힐,google,2026-06-21,0,0,원피스,111100
플랫힐,google,2026-06-28,0,0,원피스,111100
플랫힐,google,2026-07-05,0,0,원피스,111100
플랫힐,google,2026-07-12,0,0,원피스,111100
플랫힐,google,2026-07-19,0,0,원피스,111100
플랫힐,google,2026-07-26,0,0,원피스,111100
플랫힐,google,2026-08-02,0,0,원피스,111100
플랫힐,google,2026-08-09,0,0,원피스,111100
플랫힐,google,2026-08-16,0,0,원피스,111100
플랫힐,google,2026-08-23,0,0,원피스,111100
플랫힐,google,2026-08-30,0,0,원피스,111100
플랫힐,google,2026-09-06,3,5014,원피스,111100
플랫힐,google,2026-09-13,0,0,원피스,111100
블록힐,google,2025-09-14,0,0,원피스,111100
블록힐,google,2025-09-21,0,0,원피스,111100
블록힐,google,2025-09-28,0,0,원피스,111100
블록힐,google,2025-10-05,0,0,원피스,111100
블록힐,google,2025-10-12,0,0,원피스,111100
블록힐,google,2025-10-19,0,0,원피스,111100
블록힐,google,2025-10-26,0,0,원피스,111100
블록힐,google,2025-11-02,0,0,원피스,111100
블록힐,google,2025-11-09,0,0,원피스,111100
블록힐,google,2025-11-16,0,0,원피스,111100
블록힐,google,2025-11-23,0,0,원피스,111100
블록힐,google,2025-11-30,0,0,원피스,111100
블록힐,google,2025-12-07,0,0,원피스,111100
블록힐,google,2025-12-14,0,0,원피스,111100
블록힐,google,2025-12-21,0,0,원피스,111100
블록힐,google,2025-12-28,0,0,원피스,111100
블록힐,google,2026-01-04,0,0,원피스,111100
블록힐,google,2026-01-11,0,0,원피스,111100
블록힐,google,2026-01-18,0,0,원피스,111100
블록힐,google,2026-01-25,0,0,원피스,111100
블록힐,google,2026-02-01,0,0,원피스,111100
블록힐,google,2026-02-08,40,66855,원피스,111100
블록힐,google,2026-02-15,0,0,원피스,111100
블록힐,google,2026-02-22,0,0,원피스,111100
블록힐,google,2026-03-01,0,0,원피스,111100
블록힐,google,2026-03-08,0,0,원피스,111100
블록힐,google,2026-03-15,0,0,원피스,111100
블록힐,google,2026-03-22,0,0,원피스,111100
블록힐,google,2026-03-29,0,0,원피스,111100
블록힐,google,2026-04-05,0,0,원피스,111100
블록힐,google,2026-04-12,0,0,원피스,111100
블록힐,google,2026-04-19,0,0,원피스,111100
블록힐,google,2026-04-26,0,0,원피스,111100
블록힐,google,2026-05-03,0,0,원피스,111100
블록힐,google,2026-05-10,0,0,원피스,111100
블록힐,google,2026-05-17,0,0,원피스,111100
블록힐,google,2026-05-24,0,0,원피스,111100
블록힐,google,2026-05-31,0,0,원피스,111100
블록힐,google,2026-06-07,0,0,원피스,111100
블록힐,google,2026-06-14,0,0,원피스,111100
블록힐,google,2026-06-21,0,0,원피스,111100
블록힐,google,2026-06-28,0,0,원피스,111100
블록힐,google,2026-07-05,0,0,원피스,111100
블록힐,google,2026-07-12,0,0,원피스,111100
블록힐,google,2026-07-19,0,0,원피스,111100
블록힐,google,2026-07-26,0,0,원피스,111100
블록힐,google,2026-08-02,0,0,원피스,111100
블록힐,google,2026-08-09,0,0,원피스,111100
블록힐,google,2026-08-16,0,0,원피스,111100
블록힐,google,2026-08-23,0,0,원피스,111100
블록힐,google,2026-08-30,4,6685,원피스,111100
블록힐,google,2026-09-06,4,6685,원피스,111100
블록힐,google,2026-09-13,14,23399,원피스,111100
웨지힐,google,2025-09-14,0,0,원피스,111100
웨지힐,google,2025-09-21,0,0,원피스,111100
웨지힐,google,2025-09-28,0,0,원피스,111100
웨지힐,google,2025-10-05,0,0,원피스,111100
웨지힐,google,2025-10-12,0,0,원피스,111100
웨지힐,google,2025-10-19,0,0,원피스,111100
웨지힐,google,2025-10-26,0,0,원피스,111100
웨지힐,google,2025-11-02,0,0,원피스,111100
웨지힐,google,2025-11-09,0,0,원피스,111100
웨지힐,google,2025-11-16,0,0,원피스,111100
웨지힐,google,2025-11-23,0,0,원피스,111100
웨지힐,google,2025-11-30,0,0,원피스,111100
웨지힐,google,2025-12-07,0,0,원피스,111100
웨지힐,google,2025-12-14,0,0,원피스,111100
웨지힐,google,2025-12-21,0,0,원피스,111100
웨지힐,google,2025-12-28,0,0,원피스,111100
웨지힐,google,2026-01-04,0,0,원피스,111100
웨지힐,google,2026-01-11,0,0,원피스,111100
웨지힐,google,2026-01-18,0,0,원피스,111100
웨지힐,google,2026-01-25,41,68526,원피스,111100
웨지힐,google,2026-02-01,0,0,원피스,111100
웨지힐,google,2026-02-08,0,0,원피스,111100
웨지힐,google,2026-02-15,0,0,원피스,111100
웨지힐,google,2026-02-22,0,0,원피스,111100
웨지힐,google,2026-03-01,0,0,원피스,111100
웨지힐,google,2026-03-08,0,0,원피스,111100
웨지힐,google,2026-03-15,0,0,원피스,111100
웨지힐,google,2026-03-22,0,0,원피스,111100
웨지힐,google,2026-03-29,0,0,원피스,111100
웨지힐,google,2026-04-05,100,167138,원피스,111100
웨지힐,google,2026-04-12,0,0,원피스,111100
웨지힐,google,2026-04-19,29,48470,원피스,111100
웨지힐,google,2026-04-26,0,0,원피스,111100
웨지힐,google,2026-05-03,0,0,원피스,111100
웨지힐,google,2026-05-10,0,0,원피스,111100
웨지힐,google,2026-05-17,0,0,원피스,111100
웨지힐,google,2026-05-24,0,0,원피스,111100
웨지힐,google,2026-05-31,0,0,원피스,111100
웨지힐,google,2026-06-07,0,0,원피스,111100
웨지힐,google,2026-06-14,32,53484,원피스,111100
웨지힐,google,2026-06-21,0,0,원피스,111100
웨지힐,google,2026-06-28,0,0,원피스,111100
웨지힐,google,2026-07-05,0,0,원피스,111100
웨지힐,google,2026-07-12,0,0,원피스,111100
웨지힐,google,2026-07-19,0,0,원피스,111100
웨지힐,google,2026-07-26,0,0,원피스,111100
웨지힐,google,2026-08-02,30,50141,원피스,111100
웨지힐,google,2026-08-09,0,0,원피스,111100
웨지힐,google,2026-08-16,0,0,원피스,111100
웨지힐,google,2026-08-23,0,0,원피스,111100
웨지힐,google,2026-08-30,7,11699,원피스,111100
웨지힐,google,2026-09-06,7,11699,원피스,111100
웨지힐,google,2026-09-13,0,0,원피스,111100
청키힐,google,2025-09-14,0,0,원피스,111100
청키힐,google,2025-09-21,0,0,원피스,111100
청키힐,google,2025-09-28,0,0,원피스,111100
청키힐,google,2025-10-05,0,0,원피스,111100
청키힐,google,2025-10-12,0,0,원피스,111100
청키힐,google,2025-10-19,0,0,원피스,111100
청키힐,google,2025-10-26,0,0,원피스,111100
청키힐,google,2025-11-02,0,0,원피스,111100
청키힐,google,2025-11-09,0,0,원피스,111100
청키힐,google,2025-11-16,0,0,원피스,111100
청키힐,google,2025-11-23,0,0,원피스,111100
청키힐,google,2025-11-30,0,0,원피스,111100
청키힐,google,2025-12-07,0,0,원피스,111100
청키힐,google,2025-12-14,0,0,원피스,111100
청키힐,google,2025-12-21,0,0,원피스,111100
청키힐,google,2025-12-28,0,0,원피스,111100
청키힐,google,2026-01-04,0,0,원피스,111100
청키힐,google,2026-01-11,0,0,원피스,111100
청키힐,google,2026-01-18,0,0,원피스,111100
청키힐,google,2026-01-25,0,0,원피스,111100
청키힐,google,2026-02-01,0,0,원피스,111100
청키힐,google,2026-02-08,0,0,원피스,111100
청키힐,google,2026-02-15,0,0,원피스,111100
청키힐,google,2026-02-22,0,0,원피스,111100
청키힐,google,2026-03-01,0,0,원피스,111100
청키힐,google,2026-03-08,0,0,원피스,111100
청키힐,google,2026-03-15,0,0,원피스,111100
청키힐,google,2026-03-22,0,0,원피스,111100
청키힐,google,2026-03-29,0,0,원피스,111100
청키힐,google,2026-04-05,0,0,원피스,111100
청키힐,google,2026-04-12,0,0,원피스,111100
청키힐,google,2026-04-19,0,0,원피스,111100
청키힐,google,2026-04-26,0,0,원피스,111100
청키힐,google,2026-05-03,0,0,원피스,111100
청키힐,google,2026-05-10,0,0,원피스,111100
청키힐,google,2026-05-17,0,0,원피스,111100
청키힐,google,2026-05-24,0,0,원피스,111100
청키힐,google,2026-05-31,0,0,원피스,111100
청키힐,google,2026-06-07,0,0,원피스,111100
청키힐,google,2026-06-14,0,0,원피스,111100
청키힐,google,2026-06-21,0,0,원피스,111100
청키힐,google,2026-06-28,0,0,원피스,111100
청키힐,google,2026-07-05,0,0,원피스,111100
청키힐,google,2026-07-12,0,0,원피스,111100
청키힐,google,2026-07-19,0,0,원피스,111100
청키힐,google,2026-07-26,0,0,원피스,111100
청키힐,google,2026-08-02,0,0,원피스,111100
청키힐,google,2026-08-09,0,0,원피스,111100
청키힐,google,2026-08-16,0,0,원피스,111100
청키힐,google,2026-08-23,0,0,원피스,111100
청키힐,google,2026-08-30,0,0,원피스,111100
청키힐,google,2026-09-06,0,0,원피스,111100
청키힐,google,2026-09-13,0,0,원피스,111100
스틸레토힐,google,2025-09-14,0,0,원피스,111100
스틸레토힐,google,2025-09-21,0,0,원피스,111100
스틸레토힐,google,2025-09-28,0,0,원피스,111100
스틸레토힐,google,2025-10-05,0,0,원피스,111100
스틸레토힐,google,2025-10-12,0,0,원피스,111100
스틸레토힐,google,2025-10-19,0,0,원피스,111100
스틸레토힐,google,2025-10-26,0,0,원피스,111100
스틸레토힐,google,2025-11-02,0,0,원피스,111100
스틸레토힐,google,2025-11-09,0,0,원피스,111100
스틸레토힐,google,2025-11-16,0,0,원피스,111100
스틸레토힐,google,2025-11-23,0,0,원피스,111100
스틸레토힐,google,2025-11-30,0,0,원피스,111100
스틸레토힐,google,2025-12-07,0,0,원피스,111100
스틸레토힐,google,2025-12-14,0,0,원피스,111100
스틸레토힐,google,2025-12-21,0,0,원피스,111100
스틸레토힐,google,2025-12-28,0,0,원피스,111100
스틸레토힐,google,2026-01-04,0,0,원피스,111100
스틸레토힐,google,2026-01-11,0,0,원피스,111100
스틸레토힐,google,2026-01-18,0,0,원피스,111100
스틸레토힐,google,2026-01-25,0,0,원피스,111100
스틸레토힐,google,2026-02-01,0,0,원피스,111100
스틸레토힐,google,2026-02-08,0,0,원피스,111100
스틸레토힐,google,2026-02-15,0,0,원피스,111100
스틸레토힐,google,2026-02-22,0,0,원피스,111100
스틸레토힐,google,2026-03-01,0,0,원피스,111100
스틸레토힐,google,2026-03-08,0,0,원피스,111100
스틸레토힐,google,2026-03-15,0,0,원피스,111100
스틸레토힐,google,2026-03-22,0,0,원피스,111100
스틸레토힐,google,2026-03-29,0,0,원피스,111100
스틸레토힐,google,2026-04-05,0,0,원피스,111100
스틸레토힐,google,2026-04-12,0,0,원피스,111100
스틸레토힐,google,2026-04-19,0,0,원피스,111100
스틸레토힐,google,2026-04-26,0,0,원피스,111100
스틸레토힐,google,2026-05-03,0,0,원피스,111100
스틸레토힐,google,2026-05-10,0,0,원피스,111100
스틸레토힐,google,2026-05-17,0,0,원피스,111100
스틸레토힐,google,2026-05-24,0,0,원피스,111100
스틸레토힐,google,2026-05-31,0,0,원피스,111100
스틸레토힐,google,2026-06-07,0,0,원피스,111100
스틸레토힐,google,2026-06-14,0,0,원피스,111100
스틸레토힐,google,2026-06-21,0,0,원피스,111100
스틸레토힐,google,2026-06-28,0,0,원피스,111100
스틸레토힐,google,2026-07-05,0,0,원피스,111100
스틸레토힐,google,2026-07-12,0,0,원피스,111100
스틸레토힐,google,2026-07-19,0,0,원피스,111100
스틸레토힐,google,2026-07-26,0,0,원피스,111100
스틸레토힐,google,2026-08-02,0,0,원피스,111100
스틸레토힐,google,2026-08-09,0,0,원피스,111100
스틸레토힐,google,2026-08-16,0,0,원피스,111100
스틸레토힐,google,2026-08-23,0,0,원피스,111100
스틸레토힐,google,2026-08-30,7,11699,원피스,111100
스틸레토힐,google,2026-09-06,9,15042,원피스,111100
스틸레토힐,google,2026-09-13,0,0,원피스,111100
크롭기장,google,2025-09-14,0,0,원피스,111100
크롭기장,google,2025-09-21,0,0,원피스,111100
크롭기장,google,2025-09-28,0,0,원피스,111100
크롭기장,google,2025-10-05,0,0,원피스,111100
크롭기장,google,2025-10-12,0,0,원피스,111100
크롭기장,google,2025-10-19,0,0,원피스,111100
크롭기장,google,2025-10-26,0,0,원피스,111100
크롭기장,google,2025-11-02,0,0,원피스,111100
크롭기장,google,2025-11-09,0,0,원피스,111100
크롭기장,google,2025-11-16,0,0,원피스,111100
크롭기장,google,2025-11-23,0,0,원피스,111100
크롭기장,google,2025-11-30,0,0,원피스,111100
크롭기장,google,2025-12-07,0,0,원피스,111100
크롭기장,google,2025-12-14,0,0,원피스,111100
크롭기장,google,2025-12-21,0,0,원피스,111100
크롭기장,google,2025-12-28,0,0,원피스,111100
크롭기장,google,2026-01-04,0,0,원피스,111100
크롭기장,google,2026-01-11,0,0,원피스,111100
크롭기장,google,2026-01-18,0,0,원피스,111100
크롭기장,google,2026-01-25,0,0,원피스,111100
크롭기장,google,2026-02-01,0,0,원피스,111100
크롭기장,google,2026-02-08,0,0,원피스,111100
크롭기장,google,2026-02-15,0,0,원피스,111100
크롭기장,google,2026-02-22,0,0,원피스,111100
크롭기장,google,2026-03-01,0,0,원피스,111100
크롭기장,google,2026-03-08,0,0,원피스,111100
크롭기장,google,2026-03-15,0,0,원피스,111100
크롭기장,google,2026-03-22,0,0,원피스,111100
크롭기장,google,2026-03-29,0,0,원피스,111100
크롭기장,google,2026-04-05,0,0,원피스,111100
크롭기장,google,2026-04-12,0,0,원피스,111100
크롭기장,google,2026-04-19,0,0,원피스,111100
크롭기장,google,2026-04-26,0,0,원피스,111100
크롭기장,google,2026-05-03,0,0,원피스,111100
크롭기장,google,2026-05-10,0,0,원피스,111100
크롭기장,google,2026-05-17,0,0,원피스,111100
크롭기장,google,2026-05-24,0,0,원피스,111100
크롭기장,google,2026-05-31,0,0,원피스,111100
크롭기장,google,2026-06-07,0,0,원피스,111100
크롭기장,google,2026-06-14,0,0,원피스,111100
크롭기장,google,2026-06-21,0,0,원피스,111100
크롭기장,google,2026-06-28,0,0,원피스,111100
크롭기장,google,2026-07-05,0,0,원피스,111100
크롭기장,google,2026-07-12,0,0,원피스,111100
크롭기장,google,2026-07-19,0,0,원피스,111100
크롭기장,google,2026-07-26,0,0,원피스,111100
크롭기장,google,2026-08-02,0,0,원피스,111100
크롭기장,google,2026-08-09,0,0,원피스,111100
크롭기장,google,2026-08-16,0,0,원피스,111100
크롭기장,google,2026-08-23,0,0,원피스,111100
크롭기장,google,2026-08-30,0,0,원피스,111100
크롭기장,google,2026-09-06,0,0,원피스,111100
크롭기장,google,2026-09-13,0,0,원피스,111100
부츠컷,google,2025-09-14,1,1671,원피스,111100
부츠컷,google,2025-09-21,2,3342,원피스,111100
부츠컷,google,2025-09-28,1,1671,원피스,111100
부츠컷,google,2025-10-05,1,1671,원피스,111100
부츠컷,google,2025-10-12,2,3342,원피스,111100
부츠컷,google,2025-10-19,1,1671,원피스,111100
부츠컷,google,2025-10-26,2,3342,원피스,111100
부츠컷,google,2025-11-02,1,1671,원피스,111100
부츠컷,google,2025-11-09,2,3342,원피스,111100
부츠컷,google,2025-11-16,1,1671,원피스,111100
부츠컷,google,2025-11-23,2,3342,원피스,111100
부츠컷,google,2025-11-30,2,3342,원피스,111100
부츠컷,google,2025-12-07,1,1671,원피스,111100
부츠컷,google,2025-12-14,2,3342,원피스,111100
부츠컷,google,2025-12-21,1,1671,원피스,111100
부츠컷,google,2025-12-28,2,3342,원피스,111100
부츠컷,google,2026-01-04,2,3342,원피스,111100
부츠컷,google,2026-01-11,1,1671,원피스,111100
부츠컷,google,2026-01-18,2,3342,원피스,111100
부츠컷,google,2026-01-25,2,3342,원피스,111100
부츠컷,google,2026-02-01,2,3342,원피스,111100
부츠컷,google,2026-02-08,2,3342,원피스,111100
부츠컷,google,2026-02-15,2,3342,원피스,111100
부츠컷,google,2026-02-22,2,3342,원피스,111100
부츠컷,google,2026-03-01,2,3342,원피스,111100
부츠컷,google,2026-03-08,3,5014,원피스,111100
부츠컷,google,2026-03-15,3,5014,원피스,111100
부츠컷,google,2026-03-22,2,3342,원피스,111100
부츠컷,google,2026-03-29,3,5014,원피스,111100
부츠컷,google,2026-04-05,2,3342,원피스,111100
부츠컷,google,2026-04-12,2,3342,원피스,111100
부츠컷,google,2026-04-19,2,3342,원피스,111100
부츠컷,google,2026-04-26,3,5014,원피스,111100
부츠컷,google,2026-05-03,2,3342,원피스,111100
부츠컷,google,2026-05-10,3,5014,원피스,111100
부츠컷,google,2026-05-17,2,3342,원피스,111100
부츠컷,google,2026-05-24,2,3342,원피스,111100
부츠컷,google,2026-05-31,2,3342,원피스,111100
부츠컷,google,2026-06-07,2,3342,원피스,111100
부츠컷,google,2026-06-14,2,3342,원피스,111100
부츠컷,google,2026-06-21,3,5014,원피스,111100
부츠컷,google,2026-06-28,2,3342,원피스,111100
부츠컷,google,2026-07-05,2,3342,원피스,111100
부츠컷,google,2026-07-12,2,3342,원피스,111100
부츠컷,google,2026-07-19,2,3342,원피스,111100
부츠컷,google,2026-07-26,2,3342,원피스,111100
부츠컷,google,2026-08-02,2,3342,원피스,111100
부츠컷,google,2026-08-09,2,3342,원피스,111100
부츠컷,google,2026-08-16,2,3342,원피스,111100
부츠컷,google,2026-08-23,2,3342,원피스,111100
부츠컷,google,2026-08-30,2,3342,원피스,111100
부츠컷,google,2026-09-06,2,3342,원피스,111100
부츠컷,google,2026-09-13,3,5014,원피스,111100
스키니,google,2025-09-14,2,3342,원피스,111100
스키니,google,2025-09-21,3,5014,원피스,111100
스키니,google,2025-09-28,3,5014,원피스,111100
스키니,google,2025-10-05,3,5014,원피스,111100
스키니,google,2025-10-12,2,3342,원피스,111100
스키니,google,2025-10-19,2,3342,원피스,111100
스키니,google,2025-10-26,3,5014,원피스,111100
스키니,google,2025-11-02,3,5014,원피스,111100
스키니,google,2025-11-09,3,5014,원피스,111100
스키니,google,2025-11-16,4,6685,원피스,111100
스키니,google,2025-11-23,3,5014,원피스,111100
스키니,google,2025-11-30,3,5014,원피스,111100
스키니,google,2025-12-07,2,3342,원피스,111100
스키니,google,2025-12-14,3,5014,원피스,111100
스키니,google,2025-12-21,2,3342,원피스,111100
스키니,google,2025-12-28,3,5014,원피스,111100
스키니,google,2026-01-04,3,5014,원피스,111100
스키니,google,2026-01-11,3,5014,원피스,111100
스키니,google,2026-01-18,3,5014,원피스,111100
스키니,google,2026-01-25,3,5014,원피스,111100
스키니,google,2026-02-01,2,3342,원피스,111100
스키니,google,2026-02-08,2,3342,원피스,111100
스키니,google,2026-02-15,2,3342,원피스,111100
스키니,google,2026-02-22,3,5014,원피스,111100
스키니,google,2026-03-01,2,3342,원피스,111100
스키니,google,2026-03-08,3,5014,원피스,111100
스키니,google,2026-03-15,3,5014,원피스,111100
스키니,google,2026-03-22,4,6685,원피스,111100
스키니,google,2026-03-29,2,3342,원피스,111100
스키니,google,2026-04-05,3,5014,원피스,111100
스키니,google,2026-04-12,2,3342,원피스,111100
스키니,google,2026-04-19,3,5014,원피스,111100
스키니,google,2026-04-26,3,5014,원피스,111100
스키니,google,2026-05-03,2,3342,원피스,111100
스키니,google,2026-05-10,2,3342,원피스,111100
스키니,google,2026-05-17,2,3342,원피스,111100
스키니,google,2026-05-24,2,3342,원피스,111100
스키니,google,2026-05-31,2,3342,원피스,111100
스키니,google,2026-06-07,3,5014,원피스,111100
스키니,google,2026-06-14,2,3342,원피스,111100
스키니,google,2026-06-21,2,3342,원피스,111100
스키니,google,2026-06-28,2,3342,원피스,111100
스키니,google,2026-07-05,2,3342,원피스,111100
스키니,google,2026-07-12,2,3342,원피스,111100
스키니,google,2026-07-19,3,5014,원피스,111100
스키니,google,2026-07-26,2,3342,원피스,111100
스키니,google,2026-08-02,2,3342,원피스,111100
스키니,google,2026-08-09,2,3342,원피스,111100
스키니,google,2026-08-16,4,6685,원피스,111100
스키니,google,2026-08-23,3,5014,원피스,111100
스키니,google,2026-08-30,2,3342,원피스,111100
스키니,google,2026-09-06,2,3342,원피스,111100
스키니,google,2026-09-13,78,130368,원피스,111100
와이드,google,2025-09-14,23,38441,원피스,111100
와이드,google,2025-09-21,23,38441,원피스,111100
와이드,google,2025-09-28,23,38441,원피스,111100
와이드,google,2025-10-05,24,40113,원피스,111100
와이드,google,2025-10-12,23,38441,원피스,111100
와이드,google,2025-10-19,24,40113,원피스,111100
와이드,google,2025-10-26,25,41784,원피스,111100
와이드,google,2025-11-02,25,41784,원피스,111100
와이드,google,2025-11-09,27,45127,원피스,111100
와이드,google,2025-11-16,28,46798,원피스,111100
와이드,google,2025-11-23,26,43456,원피스,111100
와이드,google,2025-11-30,25,41784,원피스,111100
와이드,google,2025-12-07,23,38441,원피스,111100
와이드,google,2025-12-14,24,40113,원피스,111100
와이드,google,2025-12-21,25,41784,원피스,111100
와이드,google,2025-12-28,24,40113,원피스,111100
와이드,google,2026-01-04,26,43456,원피스,111100
와이드,google,2026-01-11,24,40113,원피스,111100
와이드,google,2026-01-18,24,40113,원피스,111100
와이드,google,2026-01-25,24,40113,원피스,111100
와이드,google,2026-02-01,25,41784,원피스,111100
와이드,google,2026-02-08,26,43456,원피스,111100
와이드,google,2026-02-15,25,41784,원피스,111100
와이드,google,2026-02-22,29,48470,원피스,111100
와이드,google,2026-03-01,26,43456,원피스,111100
와이드,google,2026-03-08,25,41784,원피스,111100
와이드,google,2026-03-15,25,41784,원피스,111100
와이드,google,2026-03-22,24,40113,원피스,111100
와이드,google,2026-03-29,27,45127,원피스,111100
와이드,google,2026-04-05,25,41784,원피스,111100
와이드,google,2026-04-12,26,43456,원피스,111100
와이드,google,2026-04-19,24,40113,원피스,111100
와이드,google,2026-04-26,25,41784,원피스,111100
와이드,google,2026-05-03,25,41784,원피스,111100
와이드,google,2026-05-10,27,45127,원피스,111100
와이드,google,2026-05-17,24,40113,원피스,111100
와이드,google,2026-05-24,24,40113,원피스,111100
와이드,google,2026-05-31,24,40113,원피스,111100
와이드,google,2026-06-07,24,40113,원피스,111100
와이드,google,2026-06-14,24,40113,원피스,111100
와이드,google,2026-06-21,24,40113,원피스,111100
와이드,google,2026-06-28,26,43456,원피스,111100
와이드,google,2026-07-05,28,46798,원피스,111100
와이드,google,2026-07-12,27,45127,원피스,111100
와이드,google,2026-07-19,34,56827,원피스,111100
와이드,google,2026-07-26,27,45127,원피스,111100
와이드,google,2026-08-02,22,36770,원피스,111100
와이드,google,2026-08-09,22,36770,원피스,111100
와이드,google,2026-08-16,23,38441,원피스,111100
와이드,google,2026-08-23,23,38441,원피스,111100
와이드,google,2026-08-30,24,40113,원피스,111100
와이드,google,2026-09-06,27,45127,원피스,111100
와이드,google,2026-09-13,26,43456,원피스,111100
플레어,google,2025-09-14,9,15042,원피스,111100
플레어,google,2025-09-21,11,18385,원피스,111100
플레어,google,2025-09-28,10,16713,원피스,111100
플레어,google,2025-10-05,9,15042,원피스,111100
플레어,google,2025-10-12,11,18385,원피스,111100
플레어,google,2025-10-19,10,16713,원피스,111100
플레어,google,2025-10-26,9,15042,원피스,111100
플레어,google,2025-11-02,10,16713,원피스,111100
플레어,google,2025-11-09,8,13371,원피스,111100
플레어,google,2025-11-16,100,167138,원피스,111100
플레어,google,2025-11-23,13,21728,원피스,111100
플레어,google,2025-11-30,23,38441,원피스,111100
플레어,google,2025-12-07,16,26742,원피스,111100
플레어,google,2025-12-14,12,20056,원피스,111100
플레어,google,2025-12-21,11,18385,원피스,111100
플레어,google,2025-12-28,9,15042,원피스,111100
플레어,google,2026-01-04,9,15042,원피스,111100
플레어,google,2026-01-11,10,16713,원피스,111100
플레어,google,2026-01-18,10,16713,원피스,111100
플레어,google,2026-01-25,13,21728,원피스,111100
플레어,google,2026-02-01,11,18385,원피스,111100
플레어,google,2026-02-08,10,16713,원피스,111100
플레어,google,2026-02-15,8,13371,원피스,111100
플레어,google,2026-02-22,11,18385,원피스,111100
플레어,google,2026-03-01,9,15042,원피스,111100
플레어,google,2026-03-08,10,16713,원피스,111100
플레어,google,2026-03-15,11,18385,원피스,111100
플레어,google,2026-03-22,12,20056,원피스,111100
플레어,google,2026-03-29,10,16713,원피스,111100
플레어,google,2026-04-05,10,16713,원피스,111100
플레어,google,2026-04-12,10,16713,원피스,111100
플레어,google,2026-04-19,11,18385,원피스,111100
플레어,google,2026-04-26,16,26742,원피스,111100
플레어,google,2026-05-03,14,23399,원피스,111100
플레어,google,2026-05-10,13,21728,원피스,111100
플레어,google,2026-05-17,12,20056,원피스,111100
플레어,google,2026-05-24,15,25070,원피스,111100
플레어,google,2026-05-31,15,25070,원피스,111100
플레어,google,2026-06-07,12,20056,원피스,111100
플레어,google,2026-06-14,11,18385,원피스,111100
플레어,google,2026-06-21,11,18385,원피스,111100
플레어,google,2026-06-28,10,16713,원피스,111100
플레어,google,2026-07-05,11,18385,원피스,111100
플레어,google,2026-07-12,10,16713,원피스,111100
플레어,google,2026-07-19,12,20056,원피스,111100
플레어,google,2026-07-26,12,20056,원피스,111100
플레어,google,2026-08-02,11,18385,원피스,111100
플레어,google,2026-08-09,12,20056,원피스,111100
플레어,google,2026-08-16,11,18385,원피스,111100
플레어,google,2026-08-23,10,16713,원피스,111100
플레어,google,2026-08-30,10,16713,원피스,111100
플레어,google,2026-09-06,10,16713,원피스,111100
플레어,google,2026-09-13,10,16713,원피스,111100
배럴레그,google,2025-09-14,0,0,원피스,111100
배럴레그,google,2025-09-21,0,0,원피스,111100
배럴레그,google,2025-09-28,11,18385,원피스,111100
배럴레그,google,2025-10-05,0,0,원피스,111100
배럴레그,google,2025-10-12,0,0,원피스,111100
배럴레그,google,2025-10-19,0,0,원피스,111100
배럴레그,google,2025-10-26,0,0,원피스,111100
배럴레그,google,2025-11-02,0,0,원피스,111100
배럴레그,google,2025-11-09,0,0,원피스,111100
배럴레그,google,2025-11-16,0,0,원피스,111100
배럴레그,google,2025-11-23,0,0,원피스,111100
배럴레그,google,2025-11-30,0,0,원피스,111100
배럴레그,google,2025-12-07,0,0,원피스,111100
배럴레그,google,2025-12-14,0,0,원피스,111100
배럴레그,google,2025-12-21,0,0,원피스,111100
배럴레그,google,2025-12-28,0,0,원피스,111100
배럴레그,google,2026-01-04,0,0,원피스,111100
배럴레그,google,2026-01-11,0,0,원피스,111100
배럴레그,google,2026-01-18,0,0,원피스,111100
배럴레그,google,2026-01-25,0,0,원피스,111100
배럴레그,google,2026-02-01,0,0,원피스,111100
배럴레그,google,2026-02-08,0,0,원피스,111100
배럴레그,google,2026-02-15,0,0,원피스,111100
배럴레그,google,2026-02-22,8,13371,원피스,111100
배럴레그,google,2026-03-01,0,0,원피스,111100
배럴레그,google,2026-03-08,0,0,원피스,111100
배럴레그,google,2026-03-15,0,0,원피스,111100
배럴레그,google,2026-03-22,0,0,원피스,111100
배럴레그,google,2026-03-29,0,0,원피스,111100
배럴레그,google,2026-04-05,0,0,원피스,111100
배럴레그,google,2026-04-12,0,0,원피스,111100
배럴레그,google,2026-04-19,0,0,원피스,111100
배럴레그,google,2026-04-26,0,0,원피스,111100
배럴레그,google,2026-05-03,0,0,원피스,111100
배럴레그,google,2026-05-10,0,0,원피스,111100
배럴레그,google,2026-05-17,0,0,원피스,111100
배럴레그,google,2026-05-24,0,0,원피스,111100
배럴레그,google,2026-05-31,0,0,원피스,111100
배럴레그,google,2026-06-07,0,0,원피스,111100
배럴레그,google,2026-06-14,0,0,원피스,111100
배럴레그,google,2026-06-21,0,0,원피스,111100
배럴레그,google,2026-06-28,0,0,원피스,111100
배럴레그,google,2026-07-05,0,0,원피스,111100
배럴레그,google,2026-07-12,0,0,원피스,111100
배럴레그,google,2026-07-19,0,0,원피스,111100
배럴레그,google,2026-07-26,0,0,원피스,111100
배럴레그,google,2026-08-02,0,0,원피스,111100
배럴레그,google,2026-08-09,0,0,원피스,111100
배럴레그,google,2026-08-16,0,0,원피스,111100
배럴레그,google,2026-08-23,0,0,원피스,111100
배럴레그,google,2026-08-30,2,3342,원피스,111100
배럴레그,google,2026-09-06,4,6685,원피스,111100
배럴레그,google,2026-09-13,4,6685,원피스,111100
테이퍼드,google,2025-09-14,10,16713,원피스,111100
테이퍼드,google,2025-09-21,14,23399,원피스,111100
테이퍼드,google,2025-09-28,13,21728,원피스,111100
테이퍼드,google,2025-10-05,8,13371,원피스,111100
테이퍼드,google,2025-10-12,0,0,원피스,111100
테이퍼드,google,2025-10-19,11,18385,원피스,111100
테이퍼드,google,2025-10-26,12,20056,원피스,111100
테이퍼드,google,2025-11-02,14,23399,원피스,111100
테이퍼드,google,2025-11-09,9,15042,원피스,111100
테이퍼드,google,2025-11-16,19,31756,원피스,111100
테이퍼드,google,2025-11-23,0,0,원피스,111100
테이퍼드,google,2025-11-30,14,23399,원피스,111100
테이퍼드,google,2025-12-07,12,20056,원피스,111100
테이퍼드,google,2025-12-14,13,21728,원피스,111100
테이퍼드,google,2025-12-21,10,16713,원피스,111100
테이퍼드,google,2025-12-28,10,16713,원피스,111100
테이퍼드,google,2026-01-04,8,13371,원피스,111100
테이퍼드,google,2026-01-11,0,0,원피스,111100
테이퍼드,google,2026-01-18,14,23399,원피스,111100
테이퍼드,google,2026-01-25,9,15042,원피스,111100
테이퍼드,google,2026-02-01,14,23399,원피스,111100
테이퍼드,google,2026-02-08,0,0,원피스,111100
테이퍼드,google,2026-02-15,10,16713,원피스,111100
테이퍼드,google,2026-02-22,10,16713,원피스,111100
테이퍼드,google,2026-03-01,13,21728,원피스,111100
테이퍼드,google,2026-03-08,16,26742,원피스,111100
테이퍼드,google,2026-03-15,10,16713,원피스,111100
테이퍼드,google,2026-03-22,13,21728,원피스,111100
테이퍼드,google,2026-03-29,12,20056,원피스,111100
테이퍼드,google,2026-04-05,13,21728,원피스,111100
테이퍼드,google,2026-04-12,12,20056,원피스,111100
테이퍼드,google,2026-04-19,11,18385,원피스,111100
테이퍼드,google,2026-04-26,12,20056,원피스,111100
테이퍼드,google,2026-05-03,9,15042,원피스,111100
테이퍼드,google,2026-05-10,10,16713,원피스,111100
테이퍼드,google,2026-05-17,10,16713,원피스,111100
테이퍼드,google,2026-05-24,11,18385,원피스,111100
테이퍼드,google,2026-05-31,7,11699,원피스,111100
테이퍼드,google,2026-06-07,0,0,원피스,111100
테이퍼드,google,2026-06-14,10,16713,원피스,111100
테이퍼드,google,2026-06-21,0,0,원피스,111100
테이퍼드,google,2026-06-28,11,18385,원피스,111100
테이퍼드,google,2026-07-05,12,20056,원피스,111100
테이퍼드,google,2026-07-12,0,0,원피스,111100
테이퍼드,google,2026-07-19,0,0,원피스,111100
테이퍼드,google,2026-07-26,10,16713,원피스,111100
테이퍼드,google,2026-08-02,0,0,원피스,111100
테이퍼드,google,2026-08-09,0,0,원피스,111100
테이퍼드,google,2026-08-16,7,11699,원피스,111100
테이퍼드,google,2026-08-23,12,20056,원피스,111100
테이퍼드,google,2026-08-30,7,11699,원피스,111100
테이퍼드,google,2026-09-06,9,15042,원피스,111100
테이퍼드,google,2026-09-13,5,8356,원피스,111100
세미와이드,google,2025-09-14,7,11699,원피스,111100
세미와이드,google,2025-09-21,8,13371,원피스,111100
세미와이드,google,2025-09-28,10,16713,원피스,111100
세미와이드,google,2025-10-05,9,15042,원피스,111100
세미와이드,google,2025-10-12,0,0,원피스,111100
세미와이드,google,2025-10-19,12,20056,원피스,111100
세미와이드,google,2025-10-26,0,0,원피스,111100
세미와이드,google,2025-11-02,7,11699,원피스,111100
세미와이드,google,2025-11-09,10,16713,원피스,111100
세미와이드,google,2025-11-16,14,23399,원피스,111100
세미와이드,google,2025-11-23,13,21728,원피스,111100
세미와이드,google,2025-11-30,0,0,원피스,111100
세미와이드,google,2025-12-07,10,16713,원피스,111100
세미와이드,google,2025-12-14,0,0,원피스,111100
세미와이드,google,2025-12-21,14,23399,원피스,111100
세미와이드,google,2025-12-28,9,15042,원피스,111100
세미와이드,google,2026-01-04,8,13371,원피스,111100
세미와이드,google,2026-01-11,0,0,원피스,111100
세미와이드,google,2026-01-18,0,0,원피스,111100
세미와이드,google,2026-01-25,0,0,원피스,111100
세미와이드,google,2026-02-01,0,0,원피스,111100
세미와이드,google,2026-02-08,12,20056,원피스,111100
세미와이드,google,2026-02-15,9,15042,원피스,111100
세미와이드,google,2026-02-22,11,18385,원피스,111100
세미와이드,google,2026-03-01,12,20056,원피스,111100
세미와이드,google,2026-03-08,0,0,원피스,111100
세미와이드,google,2026-03-15,15,25070,원피스,111100
세미와이드,google,2026-03-22,0,0,원피스,111100
세미와이드,google,2026-03-29,7,11699,원피스,111100
세미와이드,google,2026-04-05,10,16713,원피스,111100
세미와이드,google,2026-04-12,10,16713,원피스,111100
세미와이드,google,2026-04-19,9,15042,원피스,111100
세미와이드,google,2026-04-26,8,13371,원피스,111100
세미와이드,google,2026-05-03,15,25070,원피스,111100
세미와이드,google,2026-05-10,12,20056,원피스,111100
세미와이드,google,2026-05-17,15,25070,원피스,111100
세미와이드,google,2026-05-24,13,21728,원피스,111100
세미와이드,google,2026-05-31,10,16713,원피스,111100
세미와이드,google,2026-06-07,8,13371,원피스,111100
세미와이드,google,2026-06-14,8,13371,원피스,111100
세미와이드,google,2026-06-21,10,16713,원피스,111100
세미와이드,google,2026-06-28,0,0,원피스,111100
세미와이드,google,2026-07-05,8,13371,원피스,111100
세미와이드,google,2026-07-12,0,0,원피스,111100
세미와이드,google,2026-07-19,0,0,원피스,111100
세미와이드,google,2026-07-26,0,0,원피스,111100
세미와이드,google,2026-08-02,6,10028,원피스,111100
세미와이드,google,2026-08-09,0,0,원피스,111100
세미와이드,google,2026-08-16,0,0,원피스,111100
세미와이드,google,2026-08-23,10,16713,원피스,111100
세미와이드,google,2026-08-30,5,8356,원피스,111100
세미와이드,google,2026-09-06,7,11699,원피스,111100
세미와이드,google,2026-09-13,6,10028,원피스,111100
스트레이트,google,2025-09-14,85,142067,원피스,111100
스트레이트,google,2025-09-21,76,127025,원피스,111100
스트레이트,google,2025-09-28,86,143739,원피스,111100
스트레이트,google,2025-10-05,98,163796,원피스,111100
스트레이트,google,2025-10-12,83,138725,원피스,111100
스트레이트,google,2025-10-19,80,133711,원피스,111100
스트레이트,google,2025-10-26,76,127025,원피스,111100
스트레이트,google,2025-11-02,86,143739,원피스,111100
스트레이트,google,2025-11-09,85,142067,원피스,111100
스트레이트,google,2025-11-16,91,152096,원피스,111100
스트레이트,google,2025-11-23,100,167138,원피스,111100
스트레이트,google,2025-11-30,61,101954,원피스,111100
스트레이트,google,2025-12-07,86,143739,원피스,111100
스트레이트,google,2025-12-14,92,153767,원피스,111100
스트레이트,google,2025-12-21,66,110311,원피스,111100
스트레이트,google,2025-12-28,82,137053,원피스,111100
스트레이트,google,2026-01-04,79,132039,원피스,111100
스트레이트,google,2026-01-11,79,132039,원피스,111100
스트레이트,google,2026-01-18,77,128696,원피스,111100
스트레이트,google,2026-01-25,79,132039,원피스,111100
스트레이트,google,2026-02-01,81,135382,원피스,111100
스트레이트,google,2026-02-08,75,125354,원피스,111100
스트레이트,google,2026-02-15,80,133711,원피스,111100
스트레이트,google,2026-02-22,80,133711,원피스,111100
스트레이트,google,2026-03-01,99,165467,원피스,111100
스트레이트,google,2026-03-08,93,155439,원피스,111100
스트레이트,google,2026-03-15,92,153767,원피스,111100
스트레이트,google,2026-03-22,97,162124,원피스,111100
스트레이트,google,2026-03-29,92,153767,원피스,111100
스트레이트,google,2026-04-05,88,147082,원피스,111100
스트레이트,google,2026-04-12,80,133711,원피스,111100
스트레이트,google,2026-04-19,79,132039,원피스,111100
스트레이트,google,2026-04-26,78,130368,원피스,111100
스트레이트,google,2026-05-03,82,137053,원피스,111100
스트레이트,google,2026-05-10,97,162124,원피스,111100
스트레이트,google,2026-05-17,75,125354,원피스,111100
스트레이트,google,2026-05-24,89,148753,원피스,111100
스트레이트,google,2026-05-31,97,162124,원피스,111100
스트레이트,google,2026-06-07,86,143739,원피스,111100
스트레이트,google,2026-06-14,100,167138,원피스,111100
스트레이트,google,2026-06-21,82,137053,원피스,111100
스트레이트,google,2026-06-28,86,143739,원피스,111100
스트레이트,google,2026-07-05,87,145410,원피스,111100
스트레이트,google,2026-07-12,79,132039,원피스,111100
스트레이트,google,2026-07-19,87,145410,원피스,111100
스트레이트,google,2026-07-26,82,137053,원피스,111100
스트레이트,google,2026-08-02,75,125354,원피스,111100
스트레이트,google,2026-08-09,68,113654,원피스,111100
스트레이트,google,2026-08-16,73,122011,원피스,111100
스트레이트,google,2026-08-23,86,143739,원피스,111100
스트레이트,google,2026-08-30,85,142067,원피스,111100
스트레이트,google,2026-09-06,85,142067,원피스,111100
스트레이트,google,2026-09-13,84,140396,원피스,111100
커브드레그,google,2025-09-14,0,0,원피스,111100
커브드레그,google,2025-09-21,0,0,원피스,111100
커브드레그,google,2025-09-28,0,0,원피스,111100
커브드레그,google,2025-10-05,0,0,원피스,111100
커브드레그,google,2025-10-12,0,0,원피스,111100
커브드레그,google,2025-10-19,0,0,원피스,111100
커브드레그,google,2025-10-26,0,0,원피스,111100
커브드레그,google,2025-11-02,0,0,원피스,111100
커브드레그,google,2025-11-09,0,0,원피스,111100
커브드레그,google,2025-11-16,0,0,원피스,111100
커브드레그,google,2025-11-23,0,0,원피스,111100
커브드레그,google,2025-11-30,0,0,원피스,111100
커브드레그,google,2025-12-07,0,0,원피스,111100
커브드레그,google,2025-12-14,0,0,원피스,111100
커브드레그,google,2025-12-21,0,0,원피스,111100
커브드레그,google,2025-12-28,0,0,원피스,111100
커브드레그,google,2026-01-04,0,0,원피스,111100
커브드레그,google,2026-01-11,0,0,원피스,111100
커브드레그,google,2026-01-18,0,0,원피스,111100
커브드레그,google,2026-01-25,0,0,원피스,111100
커브드레그,google,2026-02-01,0,0,원피스,111100
커브드레그,google,2026-02-08,0,0,원피스,111100
커브드레그,google,2026-02-15,0,0,원피스,111100
커브드레그,google,2026-02-22,0,0,원피스,111100
커브드레그,google,2026-03-01,0,0,원피스,111100
커브드레그,google,2026-03-08,0,0,원피스,111100
커브드레그,google,2026-03-15,0,0,원피스,111100
커브드레그,google,2026-03-22,0,0,원피스,111100
커브드레그,google,2026-03-29,0,0,원피스,111100
커브드레그,google,2026-04-05,0,0,원피스,111100
커브드레그,google,2026-04-12,0,0,원피스,111100
커브드레그,google,2026-04-19,0,0,원피스,111100
커브드레그,google,2026-04-26,0,0,원피스,111100
커브드레그,google,2026-05-03,0,0,원피스,111100
커브드레그,google,2026-05-10,0,0,원피스,111100
커브드레그,google,2026-05-17,0,0,원피스,111100
커브드레그,google,2026-05-24,0,0,원피스,111100
커브드레그,google,2026-05-31,0,0,원피스,111100
커브드레그,google,2026-06-07,0,0,원피스,111100
커브드레그,google,2026-06-14,0,0,원피스,111100
커브드레그,google,2026-06-21,0,0,원피스,111100
커브드레그,google,2026-06-28,0,0,원피스,111100
커브드레그,google,2026-07-05,0,0,원피스,111100
커브드레그,google,2026-07-12,0,0,원피스,111100
커브드레그,google,2026-07-19,0,0,원피스,111100
커브드레그,google,2026-07-26,0,0,원피스,111100
커브드레그,google,2026-08-02,0,0,원피스,111100
커브드레그,google,2026-08-09,0,0,원피스,111100
커브드레그,google,2026-08-16,0,0,원피스,111100
커브드레그,google,2026-08-23,0,0,원피스,111100
커브드레그,google,2026-08-30,0,0,원피스,111100
커브드레그,google,2026-09-06,0,0,원피스,111100
커브드레그,google,2026-09-13,0,0,원피스,111100
슬림스트레이트,google,2025-09-14,0,0,원피스,111100
슬림스트레이트,google,2025-09-21,0,0,원피스,111100
슬림스트레이트,google,2025-09-28,0,0,원피스,111100
슬림스트레이트,google,2025-10-05,0,0,원피스,111100
슬림스트레이트,google,2025-10-12,0,0,원피스,111100
슬림스트레이트,google,2025-10-19,0,0,원피스,111100
슬림스트레이트,google,2025-10-26,0,0,원피스,111100
슬림스트레이트,google,2025-11-02,0,0,원피스,111100
슬림스트레이트,google,2025-11-09,0,0,원피스,111100
슬림스트레이트,google,2025-11-16,0,0,원피스,111100
슬림스트레이트,google,2025-11-23,0,0,원피스,111100
슬림스트레이트,google,2025-11-30,0,0,원피스,111100
슬림스트레이트,google,2025-12-07,0,0,원피스,111100
슬림스트레이트,google,2025-12-14,0,0,원피스,111100
슬림스트레이트,google,2025-12-21,0,0,원피스,111100
슬림스트레이트,google,2025-12-28,0,0,원피스,111100
슬림스트레이트,google,2026-01-04,0,0,원피스,111100
슬림스트레이트,google,2026-01-11,0,0,원피스,111100
슬림스트레이트,google,2026-01-18,0,0,원피스,111100
슬림스트레이트,google,2026-01-25,0,0,원피스,111100
슬림스트레이트,google,2026-02-01,0,0,원피스,111100
슬림스트레이트,google,2026-02-08,0,0,원피스,111100
슬림스트레이트,google,2026-02-15,0,0,원피스,111100
슬림스트레이트,google,2026-02-22,0,0,원피스,111100
슬림스트레이트,google,2026-03-01,0,0,원피스,111100
슬림스트레이트,google,2026-03-08,0,0,원피스,111100
슬림스트레이트,google,2026-03-15,0,0,원피스,111100
슬림스트레이트,google,2026-03-22,0,0,원피스,111100
슬림스트레이트,google,2026-03-29,0,0,원피스,111100
슬림스트레이트,google,2026-04-05,0,0,원피스,111100
슬림스트레이트,google,2026-04-12,0,0,원피스,111100
슬림스트레이트,google,2026-04-19,0,0,원피스,111100
슬림스트레이트,google,2026-04-26,0,0,원피스,111100
슬림스트레이트,google,2026-05-03,0,0,원피스,111100
슬림스트레이트,google,2026-05-10,0,0,원피스,111100
슬림스트레이트,google,2026-05-17,45,75212,원피스,111100
슬림스트레이트,google,2026-05-24,0,0,원피스,111100
슬림스트레이트,google,2026-05-31,0,0,원피스,111100
슬림스트레이트,google,2026-06-07,0,0,원피스,111100
슬림스트레이트,google,2026-06-14,0,0,원피스,111100
슬림스트레이트,google,2026-06-21,0,0,원피스,111100
슬림스트레이트,google,2026-06-28,0,0,원피스,111100
슬림스트레이트,google,2026-07-05,0,0,원피스,111100
슬림스트레이트,google,2026-07-12,0,0,원피스,111100
슬림스트레이트,google,2026-07-19,0,0,원피스,111100
슬림스트레이트,google,2026-07-26,0,0,원피스,111100
슬림스트레이트,google,2026-08-02,0,0,원피스,111100
슬림스트레이트,google,2026-08-09,0,0,원피스,111100
슬림스트레이트,google,2026-08-16,0,0,원피스,111100
슬림스트레이트,google,2026-08-23,0,0,원피스,111100
슬림스트레이트,google,2026-08-30,5,8356,원피스,111100
슬림스트레이트,google,2026-09-06,7,11699,원피스,111100
슬림스트레이트,google,2026-09-13,0,0,원피스,111100
플랫폼솔,google,2025-09-14,0,0,원피스,111100
플랫폼솔,google,2025-09-21,0,0,원피스,111100
플랫폼솔,google,2025-09-28,0,0,원피스,111100
플랫폼솔,google,2025-10-05,0,0,원피스,111100
플랫폼솔,google,2025-10-12,0,0,원피스,111100
플랫폼솔,google,2025-10-19,0,0,원피스,111100
플랫폼솔,google,2025-10-26,0,0,원피스,111100
플랫폼솔,google,2025-11-02,0,0,원피스,111100
플랫폼솔,google,2025-11-09,0,0,원피스,111100
플랫폼솔,google,2025-11-16,0,0,원피스,111100
플랫폼솔,google,2025-11-23,0,0,원피스,111100
플랫폼솔,google,2025-11-30,0,0,원피스,111100
플랫폼솔,google,2025-12-07,0,0,원피스,111100
플랫폼솔,google,2025-12-14,0,0,원피스,111100
플랫폼솔,google,2025-12-21,0,0,원피스,111100
플랫폼솔,google,2025-12-28,0,0,원피스,111100
플랫폼솔,google,2026-01-04,0,0,원피스,111100
플랫폼솔,google,2026-01-11,0,0,원피스,111100
플랫폼솔,google,2026-01-18,0,0,원피스,111100
플랫폼솔,google,2026-01-25,0,0,원피스,111100
플랫폼솔,google,2026-02-01,0,0,원피스,111100
플랫폼솔,google,2026-02-08,0,0,원피스,111100
플랫폼솔,google,2026-02-15,0,0,원피스,111100
플랫폼솔,google,2026-02-22,0,0,원피스,111100
플랫폼솔,google,2026-03-01,0,0,원피스,111100
플랫폼솔,google,2026-03-08,0,0,원피스,111100
플랫폼솔,google,2026-03-15,0,0,원피스,111100
플랫폼솔,google,2026-03-22,0,0,원피스,111100
플랫폼솔,google,2026-03-29,0,0,원피스,111100
플랫폼솔,google,2026-04-05,0,0,원피스,111100
플랫폼솔,google,2026-04-12,0,0,원피스,111100
플랫폼솔,google,2026-04-19,0,0,원피스,111100
플랫폼솔,google,2026-04-26,0,0,원피스,111100
플랫폼솔,google,2026-05-03,0,0,원피스,111100
플랫폼솔,google,2026-05-10,0,0,원피스,111100
플랫폼솔,google,2026-05-17,0,0,원피스,111100
플랫폼솔,google,2026-05-24,0,0,원피스,111100
플랫폼솔,google,2026-05-31,0,0,원피스,111100
플랫폼솔,google,2026-06-07,0,0,원피스,111100
플랫폼솔,google,2026-06-14,0,0,원피스,111100
플랫폼솔,google,2026-06-21,0,0,원피스,111100
플랫폼솔,google,2026-06-28,0,0,원피스,111100
플랫폼솔,google,2026-07-05,0,0,원피스,111100
플랫폼솔,google,2026-07-12,0,0,원피스,111100
플랫폼솔,google,2026-07-19,0,0,원피스,111100
플랫폼솔,google,2026-07-26,0,0,원피스,111100
플랫폼솔,google,2026-08-02,0,0,원피스,111100
플랫폼솔,google,2026-08-09,0,0,원피스,111100
플랫폼솔,google,2026-08-16,0,0,원피스,111100
플랫폼솔,google,2026-08-23,0,0,원피스,111100
플랫폼솔,google,2026-08-30,0,0,원피스,111100
플랫폼솔,google,2026-09-06,0,0,원피스,111100
플랫폼솔,google,2026-09-13,0,0,원피스,111100
스플릿토,google,2025-09-14,0,0,원피스,111100
스플릿토,google,2025-09-21,0,0,원피스,111100
스플릿토,google,2025-09-28,0,0,원피스,111100
스플릿토,google,2025-10-05,0,0,원피스,111100
스플릿토,google,2025-10-12,0,0,원피스,111100
스플릿토,google,2025-10-19,0,0,원피스,111100
스플릿토,google,2025-10-26,0,0,원피스,111100
스플릿토,google,2025-11-02,0,0,원피스,111100
스플릿토,google,2025-11-09,0,0,원피스,111100
스플릿토,google,2025-11-16,0,0,원피스,111100
스플릿토,google,2025-11-23,0,0,원피스,111100
스플릿토,google,2025-11-30,0,0,원피스,111100
스플릿토,google,2025-12-07,0,0,원피스,111100
스플릿토,google,2025-12-14,0,0,원피스,111100
스플릿토,google,2025-12-21,0,0,원피스,111100
스플릿토,google,2025-12-28,0,0,원피스,111100
스플릿토,google,2026-01-04,0,0,원피스,111100
스플릿토,google,2026-01-11,0,0,원피스,111100
스플릿토,google,2026-01-18,0,0,원피스,111100
스플릿토,google,2026-01-25,0,0,원피스,111100
스플릿토,google,2026-02-01,0,0,원피스,111100
스플릿토,google,2026-02-08,0,0,원피스,111100
스플릿토,google,2026-02-15,0,0,원피스,111100
스플릿토,google,2026-02-22,0,0,원피스,111100
스플릿토,google,2026-03-01,0,0,원피스,111100
스플릿토,google,2026-03-08,0,0,원피스,111100
스플릿토,google,2026-03-15,0,0,원피스,111100
스플릿토,google,2026-03-22,0,0,원피스,111100
스플릿토,google,2026-03-29,0,0,원피스,111100
스플릿토,google,2026-04-05,0,0,원피스,111100
스플릿토,google,2026-04-12,0,0,원피스,111100
스플릿토,google,2026-04-19,0,0,원피스,111100
스플릿토,google,2026-04-26,0,0,원피스,111100
스플릿토,google,2026-05-03,0,0,원피스,111100
스플릿토,google,2026-05-10,0,0,원피스,111100
스플릿토,google,2026-05-17,0,0,원피스,111100
스플릿토,google,2026-05-24,0,0,원피스,111100
스플릿토,google,2026-05-31,0,0,원피스,111100
스플릿토,google,2026-06-07,0,0,원피스,111100
스플릿토,google,2026-06-14,0,0,원피스,111100
스플릿토,google,2026-06-21,0,0,원피스,111100
스플릿토,google,2026-06-28,0,0,원피스,111100
스플릿토,google,2026-07-05,0,0,원피스,111100
스플릿토,google,2026-07-12,0,0,원피스,111100
스플릿토,google,2026-07-19,0,0,원피스,111100
스플릿토,google,2026-07-26,0,0,원피스,111100
스플릿토,google,2026-08-02,0,0,원피스,111100
스플릿토,google,2026-08-09,0,0,원피스,111100
스플릿토,google,2026-08-16,0,0,원피스,111100
스플릿토,google,2026-08-23,0,0,원피스,111100
스플릿토,google,2026-08-30,0,0,원피스,111100
스플릿토,google,2026-09-06,0,0,원피스,111100
스플릿토,google,2026-09-13,0,0,원피스,111100
라운드토,google,2025-09-14,0,0,원피스,111100
라운드토,google,2025-09-21,0,0,원피스,111100
라운드토,google,2025-09-28,0,0,원피스,111100
라운드토,google,2025-10-05,0,0,원피스,111100
라운드토,google,2025-10-12,0,0,원피스,111100
라운드토,google,2025-10-19,0,0,원피스,111100
라운드토,google,2025-10-26,0,0,원피스,111100
라운드토,google,2025-11-02,0,0,원피스,111100
라운드토,google,2025-11-09,0,0,원피스,111100
라운드토,google,2025-11-16,0,0,원피스,111100
라운드토,google,2025-11-23,0,0,원피스,111100
라운드토,google,2025-11-30,0,0,원피스,111100
라운드토,google,2025-12-07,0,0,원피스,111100
라운드토,google,2025-12-14,0,0,원피스,111100
라운드토,google,2025-12-21,0,0,원피스,111100
라운드토,google,2025-12-28,0,0,원피스,111100
라운드토,google,2026-01-04,0,0,원피스,111100
라운드토,google,2026-01-11,0,0,원피스,111100
라운드토,google,2026-01-18,0,0,원피스,111100
라운드토,google,2026-01-25,0,0,원피스,111100
라운드토,google,2026-02-01,0,0,원피스,111100
라운드토,google,2026-02-08,0,0,원피스,111100
라운드토,google,2026-02-15,0,0,원피스,111100
라운드토,google,2026-02-22,0,0,원피스,111100
라운드토,google,2026-03-01,0,0,원피스,111100
라운드토,google,2026-03-08,0,0,원피스,111100
라운드토,google,2026-03-15,0,0,원피스,111100
라운드토,google,2026-03-22,0,0,원피스,111100
라운드토,google,2026-03-29,0,0,원피스,111100
라운드토,google,2026-04-05,0,0,원피스,111100
라운드토,google,2026-04-12,0,0,원피스,111100
라운드토,google,2026-04-19,0,0,원피스,111100
라운드토,google,2026-04-26,0,0,원피스,111100
라운드토,google,2026-05-03,0,0,원피스,111100
라운드토,google,2026-05-10,0,0,원피스,111100
라운드토,google,2026-05-17,0,0,원피스,111100
라운드토,google,2026-05-24,0,0,원피스,111100
라운드토,google,2026-05-31,0,0,원피스,111100
라운드토,google,2026-06-07,0,0,원피스,111100
라운드토,google,2026-06-14,0,0,원피스,111100
라운드토,google,2026-06-21,0,0,원피스,111100
라운드토,google,2026-06-28,0,0,원피스,111100
라운드토,google,2026-07-05,0,0,원피스,111100
라운드토,google,2026-07-12,0,0,원피스,111100
라운드토,google,2026-07-19,0,0,원피스,111100
라운드토,google,2026-07-26,0,0,원피스,111100
라운드토,google,2026-08-02,0,0,원피스,111100
라운드토,google,2026-08-09,0,0,원피스,111100
라운드토,google,2026-08-16,0,0,원피스,111100
라운드토,google,2026-08-23,0,0,원피스,111100
라운드토,google,2026-08-30,3,5014,원피스,111100
라운드토,google,2026-09-06,5,8356,원피스,111100
라운드토,google,2026-09-13,0,0,원피스,111100
스퀘어토,google,2025-09-14,0,0,원피스,111100
스퀘어토,google,2025-09-21,0,0,원피스,111100
스퀘어토,google,2025-09-28,0,0,원피스,111100
스퀘어토,google,2025-10-05,0,0,원피스,111100
스퀘어토,google,2025-10-12,0,0,원피스,111100
스퀘어토,google,2025-10-19,0,0,원피스,111100
스퀘어토,google,2025-10-26,0,0,원피스,111100
스퀘어토,google,2025-11-02,0,0,원피스,111100
스퀘어토,google,2025-11-09,0,0,원피스,111100
스퀘어토,google,2025-11-16,0,0,원피스,111100
스퀘어토,google,2025-11-23,0,0,원피스,111100
스퀘어토,google,2025-11-30,0,0,원피스,111100
스퀘어토,google,2025-12-07,0,0,원피스,111100
스퀘어토,google,2025-12-14,0,0,원피스,111100
스퀘어토,google,2025-12-21,0,0,원피스,111100
스퀘어토,google,2025-12-28,0,0,원피스,111100
스퀘어토,google,2026-01-04,0,0,원피스,111100
스퀘어토,google,2026-01-11,0,0,원피스,111100
스퀘어토,google,2026-01-18,0,0,원피스,111100
스퀘어토,google,2026-01-25,0,0,원피스,111100
스퀘어토,google,2026-02-01,0,0,원피스,111100
스퀘어토,google,2026-02-08,0,0,원피스,111100
스퀘어토,google,2026-02-15,0,0,원피스,111100
스퀘어토,google,2026-02-22,53,88583,원피스,111100
스퀘어토,google,2026-03-01,0,0,원피스,111100
스퀘어토,google,2026-03-08,0,0,원피스,111100
스퀘어토,google,2026-03-15,0,0,원피스,111100
스퀘어토,google,2026-03-22,0,0,원피스,111100
스퀘어토,google,2026-03-29,0,0,원피스,111100
스퀘어토,google,2026-04-05,0,0,원피스,111100
스퀘어토,google,2026-04-12,0,0,원피스,111100
스퀘어토,google,2026-04-19,0,0,원피스,111100
스퀘어토,google,2026-04-26,0,0,원피스,111100
스퀘어토,google,2026-05-03,0,0,원피스,111100
스퀘어토,google,2026-05-10,0,0,원피스,111100
스퀘어토,google,2026-05-17,100,167138,원피스,111100
스퀘어토,google,2026-05-24,0,0,원피스,111100
스퀘어토,google,2026-05-31,0,0,원피스,111100
스퀘어토,google,2026-06-07,0,0,원피스,111100
스퀘어토,google,2026-06-14,60,100283,원피스,111100
스퀘어토,google,2026-06-21,0,0,원피스,111100
스퀘어토,google,2026-06-28,0,0,원피스,111100
스퀘어토,google,2026-07-05,0,0,원피스,111100
스퀘어토,google,2026-07-12,0,0,원피스,111100
스퀘어토,google,2026-07-19,0,0,원피스,111100
스퀘어토,google,2026-07-26,0,0,원피스,111100
스퀘어토,google,2026-08-02,0,0,원피스,111100
스퀘어토,google,2026-08-09,39,65184,원피스,111100
스퀘어토,google,2026-08-16,0,0,원피스,111100
스퀘어토,google,2026-08-23,0,0,원피스,111100
스퀘어토,google,2026-08-30,10,16713,원피스,111100
스퀘어토,google,2026-09-06,16,26742,원피스,111100
스퀘어토,google,2026-09-13,0,0,원피스,111100
포인티토,google,2025-09-14,0,0,원피스,111100
포인티토,google,2025-09-21,0,0,원피스,111100
포인티토,google,2025-09-28,0,0,원피스,111100
포인티토,google,2025-10-05,0,0,원피스,111100
포인티토,google,2025-10-12,0,0,원피스,111100
포인티토,google,2025-10-19,0,0,원피스,111100
포인티토,google,2025-10-26,0,0,원피스,111100
포인티토,google,2025-11-02,0,0,원피스,111100
포인티토,google,2025-11-09,0,0,원피스,111100
포인티토,google,2025-11-16,0,0,원피스,111100
포인티토,google,2025-11-23,0,0,원피스,111100
포인티토,google,2025-11-30,0,0,원피스,111100
포인티토,google,2025-12-07,0,0,원피스,111100
포인티토,google,2025-12-14,0,0,원피스,111100
포인티토,google,2025-12-21,0,0,원피스,111100
포인티토,google,2025-12-28,0,0,원피스,111100
포인티토,google,2026-01-04,0,0,원피스,111100
포인티토,google,2026-01-11,0,0,원피스,111100
포인티토,google,2026-01-18,0,0,원피스,111100
포인티토,google,2026-01-25,0,0,원피스,111100
포인티토,google,2026-02-01,0,0,원피스,111100
포인티토,google,2026-02-08,0,0,원피스,111100
포인티토,google,2026-02-15,0,0,원피스,111100
포인티토,google,2026-02-22,0,0,원피스,111100
포인티토,google,2026-03-01,0,0,원피스,111100
포인티토,google,2026-03-08,0,0,원피스,111100
포인티토,google,2026-03-15,0,0,원피스,111100
포인티토,google,2026-03-22,0,0,원피스,111100
포인티토,google,2026-03-29,0,0,원피스,111100
포인티토,google,2026-04-05,0,0,원피스,111100
포인티토,google,2026-04-12,0,0,원피스,111100
포인티토,google,2026-04-19,0,0,원피스,111100
포인티토,google,2026-04-26,0,0,원피스,111100
포인티토,google,2026-05-03,0,0,원피스,111100
포인티토,google,2026-05-10,0,0,원피스,111100
포인티토,google,2026-05-17,0,0,원피스,111100
포인티토,google,2026-05-24,0,0,원피스,111100
포인티토,google,2026-05-31,0,0,원피스,111100
포인티토,google,2026-06-07,0,0,원피스,111100
포인티토,google,2026-06-14,0,0,원피스,111100
포인티토,google,2026-06-21,0,0,원피스,111100
포인티토,google,2026-06-28,0,0,원피스,111100
포인티토,google,2026-07-05,0,0,원피스,111100
포인티토,google,2026-07-12,0,0,원피스,111100
포인티토,google,2026-07-19,0,0,원피스,111100
포인티토,google,2026-07-26,0,0,원피스,111100
포인티토,google,2026-08-02,0,0,원피스,111100
포인티토,google,2026-08-09,0,0,원피스,111100
포인티토,google,2026-08-16,0,0,원피스,111100
포인티토,google,2026-08-23,0,0,원피스,111100
포인티토,google,2026-08-30,0,0,원피스,111100
포인티토,google,2026-09-06,0,0,원피스,111100
포인티토,google,2026-09-13,0,0,원피스,111100
슬립온,google,2025-09-14,9,15042,원피스,111100
슬립온,google,2025-09-21,8,13371,원피스,111100
슬립온,google,2025-09-28,7,11699,원피스,111100
슬립온,google,2025-10-05,8,13371,원피스,111100
슬립온,google,2025-10-12,8,13371,원피스,111100
슬립온,google,2025-10-19,8,13371,원피스,111100
슬립온,google,2025-10-26,9,15042,원피스,111100
슬립온,google,2025-11-02,10,16713,원피스,111100
슬립온,google,2025-11-09,8,13371,원피스,111100
슬립온,google,2025-11-16,10,16713,원피스,111100
슬립온,google,2025-11-23,12,20056,원피스,111100
슬립온,google,2025-11-30,10,16713,원피스,111100
슬립온,google,2025-12-07,8,13371,원피스,111100
슬립온,google,2025-12-14,9,15042,원피스,111100
슬립온,google,2025-12-21,8,13371,원피스,111100
슬립온,google,2025-12-28,8,13371,원피스,111100
슬립온,google,2026-01-04,9,15042,원피스,111100
슬립온,google,2026-01-11,7,11699,원피스,111100
슬립온,google,2026-01-18,6,10028,원피스,111100
슬립온,google,2026-01-25,11,18385,원피스,111100
슬립온,google,2026-02-01,6,10028,원피스,111100
슬립온,google,2026-02-08,6,10028,원피스,111100
슬립온,google,2026-02-15,6,10028,원피스,111100
슬립온,google,2026-02-22,4,6685,원피스,111100
슬립온,google,2026-03-01,8,13371,원피스,111100
슬립온,google,2026-03-08,6,10028,원피스,111100
슬립온,google,2026-03-15,8,13371,원피스,111100
슬립온,google,2026-03-22,5,8356,원피스,111100
슬립온,google,2026-03-29,8,13371,원피스,111100
슬립온,google,2026-04-05,9,15042,원피스,111100
슬립온,google,2026-04-12,9,15042,원피스,111100
슬립온,google,2026-04-19,8,13371,원피스,111100
슬립온,google,2026-04-26,8,13371,원피스,111100
슬립온,google,2026-05-03,8,13371,원피스,111100
슬립온,google,2026-05-10,7,11699,원피스,111100
슬립온,google,2026-05-17,8,13371,원피스,111100
슬립온,google,2026-05-24,22,36770,원피스,111100
슬립온,google,2026-05-31,6,10028,원피스,111100
슬립온,google,2026-06-07,7,11699,원피스,111100
슬립온,google,2026-06-14,8,13371,원피스,111100
슬립온,google,2026-06-21,8,13371,원피스,111100
슬립온,google,2026-06-28,6,10028,원피스,111100
슬립온,google,2026-07-05,9,15042,원피스,111100
슬립온,google,2026-07-12,6,10028,원피스,111100
슬립온,google,2026-07-19,4,6685,원피스,111100
슬립온,google,2026-07-26,8,13371,원피스,111100
슬립온,google,2026-08-02,6,10028,원피스,111100
슬립온,google,2026-08-09,5,8356,원피스,111100
슬립온,google,2026-08-16,6,10028,원피스,111100
슬립온,google,2026-08-23,8,13371,원피스,111100
슬립온,google,2026-08-30,7,11699,원피스,111100
슬립온,google,2026-09-06,6,10028,원피스,111100
슬립온,google,2026-09-13,6,10028,원피스,111100
스트랩,google,2025-09-14,89,148753,원피스,111100
스트랩,google,2025-09-21,97,162124,원피스,111100
스트랩,google,2025-09-28,100,167138,원피스,111100
스트랩,google,2025-10-05,97,162124,원피스,111100
스트랩,google,2025-10-12,84,140396,원피스,111100
스트랩,google,2025-10-19,91,152096,원피스,111100
스트랩,google,2025-10-26,88,147082,원피스,111100
스트랩,google,2025-11-02,85,142067,원피스,111100
스트랩,google,2025-11-09,92,153767,원피스,111100
스트랩,google,2025-11-16,85,142067,원피스,111100
스트랩,google,2025-11-23,88,147082,원피스,111100
스트랩,google,2025-11-30,83,138725,원피스,111100
스트랩,google,2025-12-07,78,130368,원피스,111100
스트랩,google,2025-12-14,83,138725,원피스,111100
스트랩,google,2025-12-21,80,133711,원피스,111100
스트랩,google,2025-12-28,81,135382,원피스,111100
스트랩,google,2026-01-04,95,158781,원피스,111100
스트랩,google,2026-01-11,90,150424,원피스,111100
스트랩,google,2026-01-18,97,162124,원피스,111100
스트랩,google,2026-01-25,84,140396,원피스,111100
스트랩,google,2026-02-01,82,137053,원피스,111100
스트랩,google,2026-02-08,78,130368,원피스,111100
스트랩,google,2026-02-15,76,127025,원피스,111100
스트랩,google,2026-02-22,85,142067,원피스,111100
스트랩,google,2026-03-01,85,142067,원피스,111100
스트랩,google,2026-03-08,87,145410,원피스,111100
스트랩,google,2026-03-15,80,133711,원피스,111100
스트랩,google,2026-03-22,86,143739,원피스,111100
스트랩,google,2026-03-29,75,125354,원피스,111100
스트랩,google,2026-04-05,74,123682,원피스,111100
스트랩,google,2026-04-12,74,123682,원피스,111100
스트랩,google,2026-04-19,69,115325,원피스,111100
스트랩,google,2026-04-26,74,123682,원피스,111100
스트랩,google,2026-05-03,80,133711,원피스,111100
스트랩,google,2026-05-10,75,125354,원피스,111100
스트랩,google,2026-05-17,82,137053,원피스,111100
스트랩,google,2026-05-24,85,142067,원피스,111100
스트랩,google,2026-05-31,78,130368,원피스,111100
스트랩,google,2026-06-07,72,120339,원피스,111100
스트랩,google,2026-06-14,76,127025,원피스,111100
스트랩,google,2026-06-21,78,130368,원피스,111100
스트랩,google,2026-06-28,82,137053,원피스,111100
스트랩,google,2026-07-05,96,160453,원피스,111100
스트랩,google,2026-07-12,77,128696,원피스,111100
스트랩,google,2026-07-19,73,122011,원피스,111100
스트랩,google,2026-07-26,84,140396,원피스,111100
스트랩,google,2026-08-02,75,125354,원피스,111100
스트랩,google,2026-08-09,70,116997,원피스,111100
스트랩,google,2026-08-16,78,130368,원피스,111100
스트랩,google,2026-08-23,84,140396,원피스,111100
스트랩,google,2026-08-30,71,118668,원피스,111100
스트랩,google,2026-09-06,81,135382,원피스,111100
스트랩,google,2026-09-13,92,153767,원피스,111100
레이스업,google,2025-09-14,0,0,원피스,111100
레이스업,google,2025-09-21,0,0,원피스,111100
레이스업,google,2025-09-28,0,0,원피스,111100
레이스업,google,2025-10-05,0,0,원피스,111100
레이스업,google,2025-10-12,3,5014,원피스,111100
레이스업,google,2025-10-19,0,0,원피스,111100
레이스업,google,2025-10-26,3,5014,원피스,111100
레이스업,google,2025-11-02,0,0,원피스,111100
레이스업,google,2025-11-09,0,0,원피스,111100
레이스업,google,2025-11-16,0,0,원피스,111100
레이스업,google,2025-11-23,0,0,원피스,111100
레이스업,google,2025-11-30,0,0,원피스,111100
레이스업,google,2025-12-07,3,5014,원피스,111100
레이스업,google,2025-12-14,0,0,원피스,111100
레이스업,google,2025-12-21,0,0,원피스,111100
레이스업,google,2025-12-28,0,0,원피스,111100
레이스업,google,2026-01-04,0,0,원피스,111100
레이스업,google,2026-01-11,0,0,원피스,111100
레이스업,google,2026-01-18,0,0,원피스,111100
레이스업,google,2026-01-25,0,0,원피스,111100
레이스업,google,2026-02-01,0,0,원피스,111100
레이스업,google,2026-02-08,0,0,원피스,111100
레이스업,google,2026-02-15,0,0,원피스,111100
레이스업,google,2026-02-22,0,0,원피스,111100
레이스업,google,2026-03-01,0,0,원피스,111100
레이스업,google,2026-03-08,0,0,원피스,111100
레이스업,google,2026-03-15,0,0,원피스,111100
레이스업,google,2026-03-22,0,0,원피스,111100
레이스업,google,2026-03-29,0,0,원피스,111100
레이스업,google,2026-04-05,0,0,원피스,111100
레이스업,google,2026-04-12,0,0,원피스,111100
레이스업,google,2026-04-19,0,0,원피스,111100
레이스업,google,2026-04-26,0,0,원피스,111100
레이스업,google,2026-05-03,0,0,원피스,111100
레이스업,google,2026-05-10,0,0,원피스,111100
레이스업,google,2026-05-17,0,0,원피스,111100
레이스업,google,2026-05-24,0,0,원피스,111100
레이스업,google,2026-05-31,0,0,원피스,111100
레이스업,google,2026-06-07,0,0,원피스,111100
레이스업,google,2026-06-14,0,0,원피스,111100
레이스업,google,2026-06-21,0,0,원피스,111100
레이스업,google,2026-06-28,0,0,원피스,111100
레이스업,google,2026-07-05,3,5014,원피스,111100
레이스업,google,2026-07-12,0,0,원피스,111100
레이스업,google,2026-07-19,0,0,원피스,111100
레이스업,google,2026-07-26,0,0,원피스,111100
레이스업,google,2026-08-02,0,0,원피스,111100
레이스업,google,2026-08-09,3,5014,원피스,111100
레이스업,google,2026-08-16,0,0,원피스,111100
레이스업,google,2026-08-23,3,5014,원피스,111100
레이스업,google,2026-08-30,2,3342,원피스,111100
레이스업,google,2026-09-06,2,3342,원피스,111100
레이스업,google,2026-09-13,2,3342,원피스,111100
유넥,google,2025-09-14,0,0,원피스,111100
유넥,google,2025-09-21,0,0,원피스,111100
유넥,google,2025-09-28,0,0,원피스,111100
유넥,google,2025-10-05,0,0,원피스,111100
유넥,google,2025-10-12,0,0,원피스,111100
유넥,google,2025-10-19,0,0,원피스,111100
유넥,google,2025-10-26,0,0,원피스,111100
유넥,google,2025-11-02,0,0,원피스,111100
유넥,google,2025-11-09,0,0,원피스,111100
유넥,google,2025-11-16,0,0,원피스,111100
유넥,google,2025-11-23,0,0,원피스,111100
유넥,google,2025-11-30,0,0,원피스,111100
유넥,google,2025-12-07,0,0,원피스,111100
유넥,google,2025-12-14,0,0,원피스,111100
유넥,google,2025-12-21,4,6685,원피스,111100
유넥,google,2025-12-28,0,0,원피스,111100
유넥,google,2026-01-04,0,0,원피스,111100
유넥,google,2026-01-11,0,0,원피스,111100
유넥,google,2026-01-18,0,0,원피스,111100
유넥,google,2026-01-25,0,0,원피스,111100
유넥,google,2026-02-01,0,0,원피스,111100
유넥,google,2026-02-08,0,0,원피스,111100
유넥,google,2026-02-15,0,0,원피스,111100
유넥,google,2026-02-22,0,0,원피스,111100
유넥,google,2026-03-01,0,0,원피스,111100
유넥,google,2026-03-08,0,0,원피스,111100
유넥,google,2026-03-15,0,0,원피스,111100
유넥,google,2026-03-22,0,0,원피스,111100
유넥,google,2026-03-29,0,0,원피스,111100
유넥,google,2026-04-05,0,0,원피스,111100
유넥,google,2026-04-12,0,0,원피스,111100
유넥,google,2026-04-19,3,5014,원피스,111100
유넥,google,2026-04-26,0,0,원피스,111100
유넥,google,2026-05-03,0,0,원피스,111100
유넥,google,2026-05-10,0,0,원피스,111100
유넥,google,2026-05-17,0,0,원피스,111100
유넥,google,2026-05-24,0,0,원피스,111100
유넥,google,2026-05-31,0,0,원피스,111100
유넥,google,2026-06-07,0,0,원피스,111100
유넥,google,2026-06-14,0,0,원피스,111100
유넥,google,2026-06-21,0,0,원피스,111100
유넥,google,2026-06-28,0,0,원피스,111100
유넥,google,2026-07-05,0,0,원피스,111100
유넥,google,2026-07-12,0,0,원피스,111100
유넥,google,2026-07-19,0,0,원피스,111100
유넥,google,2026-07-26,0,0,원피스,111100
유넥,google,2026-08-02,0,0,원피스,111100
유넥,google,2026-08-09,0,0,원피스,111100
유넥,google,2026-08-16,0,0,원피스,111100
유넥,google,2026-08-23,0,0,원피스,111100
유넥,google,2026-08-30,1,1671,원피스,111100
유넥,google,2026-09-06,1,1671,원피스,111100
유넥,google,2026-09-13,0,0,원피스,111100
보트넥,google,2025-09-14,0,0,원피스,111100
보트넥,google,2025-09-21,0,0,원피스,111100
보트넥,google,2025-09-28,0,0,원피스,111100
보트넥,google,2025-10-05,0,0,원피스,111100
보트넥,google,2025-10-12,0,0,원피스,111100
보트넥,google,2025-10-19,0,0,원피스,111100
보트넥,google,2025-10-26,0,0,원피스,111100
보트넥,google,2025-11-02,0,0,원피스,111100
보트넥,google,2025-11-09,0,0,원피스,111100
보트넥,google,2025-11-16,0,0,원피스,111100
보트넥,google,2025-11-23,0,0,원피스,111100
보트넥,google,2025-11-30,0,0,원피스,111100
보트넥,google,2025-12-07,0,0,원피스,111100
보트넥,google,2025-12-14,0,0,원피스,111100
보트넥,google,2025-12-21,0,0,원피스,111100
보트넥,google,2025-12-28,0,0,원피스,111100
보트넥,google,2026-01-04,0,0,원피스,111100
보트넥,google,2026-01-11,0,0,원피스,111100
보트넥,google,2026-01-18,0,0,원피스,111100
보트넥,google,2026-01-25,0,0,원피스,111100
보트넥,google,2026-02-01,0,0,원피스,111100
보트넥,google,2026-02-08,28,46798,원피스,111100
보트넥,google,2026-02-15,0,0,원피스,111100
보트넥,google,2026-02-22,0,0,원피스,111100
보트넥,google,2026-03-01,0,0,원피스,111100
보트넥,google,2026-03-08,0,0,원피스,111100
보트넥,google,2026-03-15,0,0,원피스,111100
보트넥,google,2026-03-22,0,0,원피스,111100
보트넥,google,2026-03-29,34,56827,원피스,111100
보트넥,google,2026-04-05,0,0,원피스,111100
보트넥,google,2026-04-12,0,0,원피스,111100
보트넥,google,2026-04-19,0,0,원피스,111100
보트넥,google,2026-04-26,0,0,원피스,111100
보트넥,google,2026-05-03,28,46798,원피스,111100
보트넥,google,2026-05-10,0,0,원피스,111100
보트넥,google,2026-05-17,0,0,원피스,111100
보트넥,google,2026-05-24,0,0,원피스,111100
보트넥,google,2026-05-31,28,46798,원피스,111100
보트넥,google,2026-06-07,0,0,원피스,111100
보트넥,google,2026-06-14,0,0,원피스,111100
보트넥,google,2026-06-21,22,36770,원피스,111100
보트넥,google,2026-06-28,0,0,원피스,111100
보트넥,google,2026-07-05,0,0,원피스,111100
보트넥,google,2026-07-12,0,0,원피스,111100
보트넥,google,2026-07-19,0,0,원피스,111100
보트넥,google,2026-07-26,0,0,원피스,111100
보트넥,google,2026-08-02,0,0,원피스,111100
보트넥,google,2026-08-09,0,0,원피스,111100
보트넥,google,2026-08-16,0,0,원피스,111100
보트넥,google,2026-08-23,0,0,원피스,111100
보트넥,google,2026-08-30,9,15042,원피스,111100
보트넥,google,2026-09-06,16,26742,원피스,111100
보트넥,google,2026-09-13,29,48470,원피스,111100
브이넥,google,2025-09-14,61,101954,원피스,111100
브이넥,google,2025-09-21,62,103626,원피스,111100
브이넥,google,2025-09-28,69,115325,원피스,111100
브이넥,google,2025-10-05,53,88583,원피스,111100
브이넥,google,2025-10-12,63,105297,원피스,111100
브이넥,google,2025-10-19,63,105297,원피스,111100
브이넥,google,2025-10-26,100,167138,원피스,111100
브이넥,google,2025-11-02,87,145410,원피스,111100
브이넥,google,2025-11-09,78,130368,원피스,111100
브이넥,google,2025-11-16,75,125354,원피스,111100
브이넥,google,2025-11-23,95,158781,원피스,111100
브이넥,google,2025-11-30,80,133711,원피스,111100
브이넥,google,2025-12-07,71,118668,원피스,111100
브이넥,google,2025-12-14,76,127025,원피스,111100
브이넥,google,2025-12-21,84,140396,원피스,111100
브이넥,google,2025-12-28,94,157110,원피스,111100
브이넥,google,2026-01-04,82,137053,원피스,111100
브이넥,google,2026-01-11,62,103626,원피스,111100
브이넥,google,2026-01-18,90,150424,원피스,111100
브이넥,google,2026-01-25,63,105297,원피스,111100
브이넥,google,2026-02-01,68,113654,원피스,111100
브이넥,google,2026-02-08,60,100283,원피스,111100
브이넥,google,2026-02-15,85,142067,원피스,111100
브이넥,google,2026-02-22,78,130368,원피스,111100
브이넥,google,2026-03-01,70,116997,원피스,111100
브이넥,google,2026-03-08,90,150424,원피스,111100
브이넥,google,2026-03-15,80,133711,원피스,111100
브이넥,google,2026-03-22,95,158781,원피스,111100
브이넥,google,2026-03-29,71,118668,원피스,111100
브이넥,google,2026-04-05,45,75212,원피스,111100
브이넥,google,2026-04-12,96,160453,원피스,111100
브이넥,google,2026-04-19,62,103626,원피스,111100
브이넥,google,2026-04-26,63,105297,원피스,111100
브이넥,google,2026-05-03,43,71869,원피스,111100
브이넥,google,2026-05-10,73,122011,원피스,111100
브이넥,google,2026-05-17,79,132039,원피스,111100
브이넥,google,2026-05-24,44,73541,원피스,111100
브이넥,google,2026-05-31,73,122011,원피스,111100
브이넥,google,2026-06-07,49,81898,원피스,111100
브이넥,google,2026-06-14,70,116997,원피스,111100
브이넥,google,2026-06-21,43,71869,원피스,111100
브이넥,google,2026-06-28,61,101954,원피스,111100
브이넥,google,2026-07-05,49,81898,원피스,111100
브이넥,google,2026-07-12,34,56827,원피스,111100
브이넥,google,2026-07-19,35,58498,원피스,111100
브이넥,google,2026-07-26,43,71869,원피스,111100
브이넥,google,2026-08-02,48,80226,원피스,111100
브이넥,google,2026-08-09,37,61841,원피스,111100
브이넥,google,2026-08-16,53,88583,원피스,111100
브이넥,google,2026-08-23,63,105297,원피스,111100
브이넥,google,2026-08-30,44,73541,원피스,111100
브이넥,google,2026-09-06,75,125354,원피스,111100
브이넥,google,2026-09-13,87,145410,원피스,111100
스쿱넥,google,2025-09-14,0,0,원피스,111100
스쿱넥,google,2025-09-21,0,0,원피스,111100
스쿱넥,google,2025-09-28,0,0,원피스,111100
스쿱넥,google,2025-10-05,0,0,원피스,111100
스쿱넥,google,2025-10-12,0,0,원피스,111100
스쿱넥,google,2025-10-19,0,0,원피스,111100
스쿱넥,google,2025-10-26,0,0,원피스,111100
스쿱넥,google,2025-11-02,0,0,원피스,111100
스쿱넥,google,2025-11-09,0,0,원피스,111100
스쿱넥,google,2025-11-16,0,0,원피스,111100
스쿱넥,google,2025-11-23,0,0,원피스,111100
스쿱넥,google,2025-11-30,0,0,원피스,111100
스쿱넥,google,2025-12-07,0,0,원피스,111100
스쿱넥,google,2025-12-14,0,0,원피스,111100
스쿱넥,google,2025-12-21,0,0,원피스,111100
스쿱넥,google,2025-12-28,0,0,원피스,111100
스쿱넥,google,2026-01-04,0,0,원피스,111100
스쿱넥,google,2026-01-11,0,0,원피스,111100
스쿱넥,google,2026-01-18,0,0,원피스,111100
스쿱넥,google,2026-01-25,0,0,원피스,111100
스쿱넥,google,2026-02-01,0,0,원피스,111100
스쿱넥,google,2026-02-08,0,0,원피스,111100
스쿱넥,google,2026-02-15,0,0,원피스,111100
스쿱넥,google,2026-02-22,0,0,원피스,111100
스쿱넥,google,2026-03-01,0,0,원피스,111100
스쿱넥,google,2026-03-08,0,0,원피스,111100
스쿱넥,google,2026-03-15,0,0,원피스,111100
스쿱넥,google,2026-03-22,0,0,원피스,111100
스쿱넥,google,2026-03-29,0,0,원피스,111100
스쿱넥,google,2026-04-05,0,0,원피스,111100
스쿱넥,google,2026-04-12,0,0,원피스,111100
스쿱넥,google,2026-04-19,0,0,원피스,111100
스쿱넥,google,2026-04-26,0,0,원피스,111100
스쿱넥,google,2026-05-03,0,0,원피스,111100
스쿱넥,google,2026-05-10,0,0,원피스,111100
스쿱넥,google,2026-05-17,0,0,원피스,111100
스쿱넥,google,2026-05-24,0,0,원피스,111100
스쿱넥,google,2026-05-31,0,0,원피스,111100
스쿱넥,google,2026-06-07,0,0,원피스,111100
스쿱넥,google,2026-06-14,0,0,원피스,111100
스쿱넥,google,2026-06-21,0,0,원피스,111100
스쿱넥,google,2026-06-28,0,0,원피스,111100
스쿱넥,google,2026-07-05,0,0,원피스,111100
스쿱넥,google,2026-07-12,0,0,원피스,111100
스쿱넥,google,2026-07-19,0,0,원피스,111100
스쿱넥,google,2026-07-26,0,0,원피스,111100
스쿱넥,google,2026-08-02,0,0,원피스,111100
스쿱넥,google,2026-08-09,0,0,원피스,111100
스쿱넥,google,2026-08-16,0,0,원피스,111100
스쿱넥,google,2026-08-23,0,0,원피스,111100
스쿱넥,google,2026-08-30,3,5014,원피스,111100
스쿱넥,google,2026-09-06,3,5014,원피스,111100
스쿱넥,google,2026-09-13,0,0,원피스,111100
원숄더,google,2025-09-14,0,0,원피스,111100
원숄더,google,2025-09-21,0,0,원피스,111100
원숄더,google,2025-09-28,0,0,원피스,111100
원숄더,google,2025-10-05,0,0,원피스,111100
원숄더,google,2025-10-12,0,0,원피스,111100
원숄더,google,2025-10-19,0,0,원피스,111100
원숄더,google,2025-10-26,0,0,원피스,111100
원숄더,google,2025-11-02,0,0,원피스,111100
원숄더,google,2025-11-09,0,0,원피스,111100
원숄더,google,2025-11-16,0,0,원피스,111100
원숄더,google,2025-11-23,30,50141,원피스,111100
원숄더,google,2025-11-30,0,0,원피스,111100
원숄더,google,2025-12-07,0,0,원피스,111100
원숄더,google,2025-12-14,0,0,원피스,111100
원숄더,google,2025-12-21,0,0,원피스,111100
원숄더,google,2025-12-28,0,0,원피스,111100
원숄더,google,2026-01-04,0,0,원피스,111100
원숄더,google,2026-01-11,0,0,원피스,111100
원숄더,google,2026-01-18,0,0,원피스,111100
원숄더,google,2026-01-25,0,0,원피스,111100
원숄더,google,2026-02-01,0,0,원피스,111100
원숄더,google,2026-02-08,0,0,원피스,111100
원숄더,google,2026-02-15,0,0,원피스,111100
원숄더,google,2026-02-22,0,0,원피스,111100
원숄더,google,2026-03-01,0,0,원피스,111100
원숄더,google,2026-03-08,0,0,원피스,111100
원숄더,google,2026-03-15,0,0,원피스,111100
원숄더,google,2026-03-22,0,0,원피스,111100
원숄더,google,2026-03-29,0,0,원피스,111100
원숄더,google,2026-04-05,0,0,원피스,111100
원숄더,google,2026-04-12,0,0,원피스,111100
원숄더,google,2026-04-19,31,51813,원피스,111100
원숄더,google,2026-04-26,0,0,원피스,111100
원숄더,google,2026-05-03,0,0,원피스,111100
원숄더,google,2026-05-10,0,0,원피스,111100
원숄더,google,2026-05-17,0,0,원피스,111100
원숄더,google,2026-05-24,0,0,원피스,111100
원숄더,google,2026-05-31,24,40113,원피스,111100
원숄더,google,2026-06-07,0,0,원피스,111100
원숄더,google,2026-06-14,0,0,원피스,111100
원숄더,google,2026-06-21,0,0,원피스,111100
원숄더,google,2026-06-28,0,0,원피스,111100
원숄더,google,2026-07-05,0,0,원피스,111100
원숄더,google,2026-07-12,0,0,원피스,111100
원숄더,google,2026-07-19,0,0,원피스,111100
원숄더,google,2026-07-26,0,0,원피스,111100
원숄더,google,2026-08-02,0,0,원피스,111100
원숄더,google,2026-08-09,0,0,원피스,111100
원숄더,google,2026-08-16,23,38441,원피스,111100
원숄더,google,2026-08-23,0,0,원피스,111100
원숄더,google,2026-08-30,11,18385,원피스,111100
원숄더,google,2026-09-06,11,18385,원피스,111100
원숄더,google,2026-09-13,0,0,원피스,111100
카울넥,google,2025-09-14,0,0,원피스,111100
카울넥,google,2025-09-21,0,0,원피스,111100
카울넥,google,2025-09-28,0,0,원피스,111100
카울넥,google,2025-10-05,0,0,원피스,111100
카울넥,google,2025-10-12,0,0,원피스,111100
카울넥,google,2025-10-19,0,0,원피스,111100
카울넥,google,2025-10-26,0,0,원피스,111100
카울넥,google,2025-11-02,0,0,원피스,111100
카울넥,google,2025-11-09,0,0,원피스,111100
카울넥,google,2025-11-16,0,0,원피스,111100
카울넥,google,2025-11-23,0,0,원피스,111100
카울넥,google,2025-11-30,0,0,원피스,111100
카울넥,google,2025-12-07,0,0,원피스,111100
카울넥,google,2025-12-14,0,0,원피스,111100
카울넥,google,2025-12-21,0,0,원피스,111100
카울넥,google,2025-12-28,0,0,원피스,111100
카울넥,google,2026-01-04,0,0,원피스,111100
카울넥,google,2026-01-11,0,0,원피스,111100
카울넥,google,2026-01-18,0,0,원피스,111100
카울넥,google,2026-01-25,0,0,원피스,111100
카울넥,google,2026-02-01,0,0,원피스,111100
카울넥,google,2026-02-08,0,0,원피스,111100
카울넥,google,2026-02-15,0,0,원피스,111100
카울넥,google,2026-02-22,0,0,원피스,111100
카울넥,google,2026-03-01,0,0,원피스,111100
카울넥,google,2026-03-08,0,0,원피스,111100
카울넥,google,2026-03-15,0,0,원피스,111100
카울넥,google,2026-03-22,0,0,원피스,111100
카울넥,google,2026-03-29,0,0,원피스,111100
카울넥,google,2026-04-05,0,0,원피스,111100
카울넥,google,2026-04-12,0,0,원피스,111100
카울넥,google,2026-04-19,0,0,원피스,111100
카울넥,google,2026-04-26,0,0,원피스,111100
카울넥,google,2026-05-03,0,0,원피스,111100
카울넥,google,2026-05-10,0,0,원피스,111100
카울넥,google,2026-05-17,0,0,원피스,111100
카울넥,google,2026-05-24,0,0,원피스,111100
카울넥,google,2026-05-31,0,0,원피스,111100
카울넥,google,2026-06-07,0,0,원피스,111100
카울넥,google,2026-06-14,0,0,원피스,111100
카울넥,google,2026-06-21,0,0,원피스,111100
카울넥,google,2026-06-28,0,0,원피스,111100
카울넥,google,2026-07-05,0,0,원피스,111100
카울넥,google,2026-07-12,0,0,원피스,111100
카울넥,google,2026-07-19,0,0,원피스,111100
카울넥,google,2026-07-26,0,0,원피스,111100
카울넥,google,2026-08-02,0,0,원피스,111100
카울넥,google,2026-08-09,0,0,원피스,111100
카울넥,google,2026-08-16,0,0,원피스,111100
카울넥,google,2026-08-23,0,0,원피스,111100
카울넥,google,2026-08-30,2,3342,원피스,111100
카울넥,google,2026-09-06,3,5014,원피스,111100
카울넥,google,2026-09-13,0,0,원피스,111100
터틀넥,google,2025-09-14,0,0,원피스,111100
터틀넥,google,2025-09-21,10,16713,원피스,111100
터틀넥,google,2025-09-28,0,0,원피스,111100
터틀넥,google,2025-10-05,9,15042,원피스,111100
터틀넥,google,2025-10-12,16,26742,원피스,111100
터틀넥,google,2025-10-19,18,30084,원피스,111100
터틀넥,google,2025-10-26,24,40113,원피스,111100
터틀넥,google,2025-11-02,21,35099,원피스,111100
터틀넥,google,2025-11-09,19,31756,원피스,111100
터틀넥,google,2025-11-16,21,35099,원피스,111100
터틀넥,google,2025-11-23,24,40113,원피스,111100
터틀넥,google,2025-11-30,27,45127,원피스,111100
터틀넥,google,2025-12-07,26,43456,원피스,111100
터틀넥,google,2025-12-14,24,40113,원피스,111100
터틀넥,google,2025-12-21,28,46798,원피스,111100
터틀넥,google,2025-12-28,16,26742,원피스,111100
터틀넥,google,2026-01-04,19,31756,원피스,111100
터틀넥,google,2026-01-11,15,25070,원피스,111100
터틀넥,google,2026-01-18,13,21728,원피스,111100
터틀넥,google,2026-01-25,14,23399,원피스,111100
터틀넥,google,2026-02-01,17,28413,원피스,111100
터틀넥,google,2026-02-08,7,11699,원피스,111100
터틀넥,google,2026-02-15,12,20056,원피스,111100
터틀넥,google,2026-02-22,8,13371,원피스,111100
터틀넥,google,2026-03-01,16,26742,원피스,111100
터틀넥,google,2026-03-08,9,15042,원피스,111100
터틀넥,google,2026-03-15,0,0,원피스,111100
터틀넥,google,2026-03-22,14,23399,원피스,111100
터틀넥,google,2026-03-29,12,20056,원피스,111100
터틀넥,google,2026-04-05,7,11699,원피스,111100
터틀넥,google,2026-04-12,9,15042,원피스,111100
터틀넥,google,2026-04-19,8,13371,원피스,111100
터틀넥,google,2026-04-26,7,11699,원피스,111100
터틀넥,google,2026-05-03,7,11699,원피스,111100
터틀넥,google,2026-05-10,7,11699,원피스,111100
터틀넥,google,2026-05-17,0,0,원피스,111100
터틀넥,google,2026-05-24,11,18385,원피스,111100
터틀넥,google,2026-05-31,0,0,원피스,111100
터틀넥,google,2026-06-07,8,13371,원피스,111100
터틀넥,google,2026-06-14,8,13371,원피스,111100
터틀넥,google,2026-06-21,7,11699,원피스,111100
터틀넥,google,2026-06-28,8,13371,원피스,111100
터틀넥,google,2026-07-05,7,11699,원피스,111100
터틀넥,google,2026-07-12,11,18385,원피스,111100
터틀넥,google,2026-07-19,11,18385,원피스,111100
터틀넥,google,2026-07-26,11,18385,원피스,111100
터틀넥,google,2026-08-02,7,11699,원피스,111100
터틀넥,google,2026-08-09,6,10028,원피스,111100
터틀넥,google,2026-08-16,11,18385,원피스,111100
터틀넥,google,2026-08-23,11,18385,원피스,111100
터틀넥,google,2026-08-30,7,11699,원피스,111100
터틀넥,google,2026-09-06,10,16713,원피스,111100
터틀넥,google,2026-09-13,9,15042,원피스,111100
헨리넥,google,2025-09-14,17,28413,원피스,111100
헨리넥,google,2025-09-21,14,23399,원피스,111100
헨리넥,google,2025-09-28,16,26742,원피스,111100
헨리넥,google,2025-10-05,20,33427,원피스,111100
헨리넥,google,2025-10-12,18,30084,원피스,111100
헨리넥,google,2025-10-19,13,21728,원피스,111100
헨리넥,google,2025-10-26,15,25070,원피스,111100
헨리넥,google,2025-11-02,14,23399,원피스,111100
헨리넥,google,2025-11-09,17,28413,원피스,111100
헨리넥,google,2025-11-16,21,35099,원피스,111100
헨리넥,google,2025-11-23,18,30084,원피스,111100
헨리넥,google,2025-11-30,11,18385,원피스,111100
헨리넥,google,2025-12-07,13,21728,원피스,111100
헨리넥,google,2025-12-14,0,0,원피스,111100
헨리넥,google,2025-12-21,12,20056,원피스,111100
헨리넥,google,2025-12-28,16,26742,원피스,111100
헨리넥,google,2026-01-04,13,21728,원피스,111100
헨리넥,google,2026-01-11,14,23399,원피스,111100
헨리넥,google,2026-01-18,12,20056,원피스,111100
헨리넥,google,2026-01-25,14,23399,원피스,111100
헨리넥,google,2026-02-01,16,26742,원피스,111100
헨리넥,google,2026-02-08,18,30084,원피스,111100
헨리넥,google,2026-02-15,23,38441,원피스,111100
헨리넥,google,2026-02-22,11,18385,원피스,111100
헨리넥,google,2026-03-01,19,31756,원피스,111100
헨리넥,google,2026-03-08,21,35099,원피스,111100
헨리넥,google,2026-03-15,27,45127,원피스,111100
헨리넥,google,2026-03-22,28,46798,원피스,111100
헨리넥,google,2026-03-29,28,46798,원피스,111100
헨리넥,google,2026-04-05,23,38441,원피스,111100
헨리넥,google,2026-04-12,29,48470,원피스,111100
헨리넥,google,2026-04-19,26,43456,원피스,111100
헨리넥,google,2026-04-26,24,40113,원피스,111100
헨리넥,google,2026-05-03,24,40113,원피스,111100
헨리넥,google,2026-05-10,25,41784,원피스,111100
헨리넥,google,2026-05-17,30,50141,원피스,111100
헨리넥,google,2026-05-24,21,35099,원피스,111100
헨리넥,google,2026-05-31,30,50141,원피스,111100
헨리넥,google,2026-06-07,25,41784,원피스,111100
헨리넥,google,2026-06-14,23,38441,원피스,111100
헨리넥,google,2026-06-21,25,41784,원피스,111100
헨리넥,google,2026-06-28,18,30084,원피스,111100
헨리넥,google,2026-07-05,24,40113,원피스,111100
헨리넥,google,2026-07-12,16,26742,원피스,111100
헨리넥,google,2026-07-19,22,36770,원피스,111100
헨리넥,google,2026-07-26,25,41784,원피스,111100
헨리넥,google,2026-08-02,21,35099,원피스,111100
헨리넥,google,2026-08-09,19,31756,원피스,111100
헨리넥,google,2026-08-16,18,30084,원피스,111100
헨리넥,google,2026-08-23,25,41784,원피스,111100
헨리넥,google,2026-08-30,18,30084,원피스,111100
헨리넥,google,2026-09-06,26,43456,원피스,111100
헨리넥,google,2026-09-13,33,55155,원피스,111100
홀터넥,google,2025-09-14,10,16713,원피스,111100
홀터넥,google,2025-09-21,9,15042,원피스,111100
홀터넥,google,2025-09-28,0,0,원피스,111100
홀터넥,google,2025-10-05,0,0,원피스,111100
홀터넥,google,2025-10-12,18,30084,원피스,111100
홀터넥,google,2025-10-19,7,11699,원피스,111100
홀터넥,google,2025-10-26,8,13371,원피스,111100
홀터넥,google,2025-11-02,7,11699,원피스,111100
홀터넥,google,2025-11-09,0,0,원피스,111100
홀터넥,google,2025-11-16,9,15042,원피스,111100
홀터넥,google,2025-11-23,13,21728,원피스,111100
홀터넥,google,2025-11-30,0,0,원피스,111100
홀터넥,google,2025-12-07,11,18385,원피스,111100
홀터넥,google,2025-12-14,0,0,원피스,111100
홀터넥,google,2025-12-21,10,16713,원피스,111100
홀터넥,google,2025-12-28,10,16713,원피스,111100
홀터넥,google,2026-01-04,11,18385,원피스,111100
홀터넥,google,2026-01-11,13,21728,원피스,111100
홀터넥,google,2026-01-18,11,18385,원피스,111100
홀터넥,google,2026-01-25,8,13371,원피스,111100
홀터넥,google,2026-02-01,10,16713,원피스,111100
홀터넥,google,2026-02-08,14,23399,원피스,111100
홀터넥,google,2026-02-15,7,11699,원피스,111100
홀터넥,google,2026-02-22,8,13371,원피스,111100
홀터넥,google,2026-03-01,13,21728,원피스,111100
홀터넥,google,2026-03-08,15,25070,원피스,111100
홀터넥,google,2026-03-15,10,16713,원피스,111100
홀터넥,google,2026-03-22,17,28413,원피스,111100
홀터넥,google,2026-03-29,13,21728,원피스,111100
홀터넥,google,2026-04-05,13,21728,원피스,111100
홀터넥,google,2026-04-12,10,16713,원피스,111100
홀터넥,google,2026-04-19,12,20056,원피스,111100
홀터넥,google,2026-04-26,11,18385,원피스,111100
홀터넥,google,2026-05-03,13,21728,원피스,111100
홀터넥,google,2026-05-10,17,28413,원피스,111100
홀터넥,google,2026-05-17,11,18385,원피스,111100
홀터넥,google,2026-05-24,13,21728,원피스,111100
홀터넥,google,2026-05-31,16,26742,원피스,111100
홀터넥,google,2026-06-07,19,31756,원피스,111100
홀터넥,google,2026-06-14,16,26742,원피스,111100
홀터넥,google,2026-06-21,20,33427,원피스,111100
홀터넥,google,2026-06-28,17,28413,원피스,111100
홀터넥,google,2026-07-05,15,25070,원피스,111100
홀터넥,google,2026-07-12,81,135382,원피스,111100
홀터넥,google,2026-07-19,100,167138,원피스,111100
홀터넥,google,2026-07-26,20,33427,원피스,111100
홀터넥,google,2026-08-02,18,30084,원피스,111100
홀터넥,google,2026-08-09,20,33427,원피스,111100
홀터넥,google,2026-08-16,19,31756,원피스,111100
홀터넥,google,2026-08-23,11,18385,원피스,111100
홀터넥,google,2026-08-30,11,18385,원피스,111100
홀터넥,google,2026-09-06,13,21728,원피스,111100
홀터넥,google,2026-09-13,13,21728,원피스,111100
스퀘어넥,google,2025-09-14,0,0,원피스,111100
스퀘어넥,google,2025-09-21,0,0,원피스,111100
스퀘어넥,google,2025-09-28,0,0,원피스,111100
스퀘어넥,google,2025-10-05,0,0,원피스,111100
스퀘어넥,google,2025-10-12,0,0,원피스,111100
스퀘어넥,google,2025-10-19,0,0,원피스,111100
스퀘어넥,google,2025-10-26,0,0,원피스,111100
스퀘어넥,google,2025-11-02,0,0,원피스,111100
스퀘어넥,google,2025-11-09,0,0,원피스,111100
스퀘어넥,google,2025-11-16,0,0,원피스,111100
스퀘어넥,google,2025-11-23,0,0,원피스,111100
스퀘어넥,google,2025-11-30,0,0,원피스,111100
스퀘어넥,google,2025-12-07,0,0,원피스,111100
스퀘어넥,google,2025-12-14,0,0,원피스,111100
스퀘어넥,google,2025-12-21,0,0,원피스,111100
스퀘어넥,google,2025-12-28,0,0,원피스,111100
스퀘어넥,google,2026-01-04,7,11699,원피스,111100
스퀘어넥,google,2026-01-11,0,0,원피스,111100
스퀘어넥,google,2026-01-18,0,0,원피스,111100
스퀘어넥,google,2026-01-25,0,0,원피스,111100
스퀘어넥,google,2026-02-01,0,0,원피스,111100
스퀘어넥,google,2026-02-08,0,0,원피스,111100
스퀘어넥,google,2026-02-15,0,0,원피스,111100
스퀘어넥,google,2026-02-22,0,0,원피스,111100
스퀘어넥,google,2026-03-01,7,11699,원피스,111100
스퀘어넥,google,2026-03-08,0,0,원피스,111100
스퀘어넥,google,2026-03-15,8,13371,원피스,111100
스퀘어넥,google,2026-03-22,0,0,원피스,111100
스퀘어넥,google,2026-03-29,0,0,원피스,111100
스퀘어넥,google,2026-04-05,0,0,원피스,111100
스퀘어넥,google,2026-04-12,7,11699,원피스,111100
스퀘어넥,google,2026-04-19,0,0,원피스,111100
스퀘어넥,google,2026-04-26,0,0,원피스,111100
스퀘어넥,google,2026-05-03,8,13371,원피스,111100
스퀘어넥,google,2026-05-10,0,0,원피스,111100
스퀘어넥,google,2026-05-17,0,0,원피스,111100
스퀘어넥,google,2026-05-24,6,10028,원피스,111100
스퀘어넥,google,2026-05-31,11,18385,원피스,111100
스퀘어넥,google,2026-06-07,13,21728,원피스,111100
스퀘어넥,google,2026-06-14,0,0,원피스,111100
스퀘어넥,google,2026-06-21,8,13371,원피스,111100
스퀘어넥,google,2026-06-28,6,10028,원피스,111100
스퀘어넥,google,2026-07-05,6,10028,원피스,111100
스퀘어넥,google,2026-07-12,7,11699,원피스,111100
스퀘어넥,google,2026-07-19,0,0,원피스,111100
스퀘어넥,google,2026-07-26,6,10028,원피스,111100
스퀘어넥,google,2026-08-02,6,10028,원피스,111100
스퀘어넥,google,2026-08-09,0,0,원피스,111100
스퀘어넥,google,2026-08-16,0,0,원피스,111100
스퀘어넥,google,2026-08-23,7,11699,원피스,111100
스퀘어넥,google,2026-08-30,3,5014,원피스,111100
스퀘어넥,google,2026-09-06,4,6685,원피스,111100
스퀘어넥,google,2026-09-13,0,0,원피스,111100
오프숄더,google,2025-09-14,17,28413,원피스,111100
오프숄더,google,2025-09-21,20,33427,원피스,111100
오프숄더,google,2025-09-28,24,40113,원피스,111100
오프숄더,google,2025-10-05,20,33427,원피스,111100
오프숄더,google,2025-10-12,22,36770,원피스,111100
오프숄더,google,2025-10-19,19,31756,원피스,111100
오프숄더,google,2025-10-26,27,45127,원피스,111100
오프숄더,google,2025-11-02,24,40113,원피스,111100
오프숄더,google,2025-11-09,23,38441,원피스,111100
오프숄더,google,2025-11-16,28,46798,원피스,111100
오프숄더,google,2025-11-23,32,53484,원피스,111100
오프숄더,google,2025-11-30,23,38441,원피스,111100
오프숄더,google,2025-12-07,23,38441,원피스,111100
오프숄더,google,2025-12-14,23,38441,원피스,111100
오프숄더,google,2025-12-21,35,58498,원피스,111100
오프숄더,google,2025-12-28,28,46798,원피스,111100
오프숄더,google,2026-01-04,24,40113,원피스,111100
오프숄더,google,2026-01-11,29,48470,원피스,111100
오프숄더,google,2026-01-18,26,43456,원피스,111100
오프숄더,google,2026-01-25,28,46798,원피스,111100
오프숄더,google,2026-02-01,23,38441,원피스,111100
오프숄더,google,2026-02-08,19,31756,원피스,111100
오프숄더,google,2026-02-15,26,43456,원피스,111100
오프숄더,google,2026-02-22,28,46798,원피스,111100
오프숄더,google,2026-03-01,28,46798,원피스,111100
오프숄더,google,2026-03-08,23,38441,원피스,111100
오프숄더,google,2026-03-15,22,36770,원피스,111100
오프숄더,google,2026-03-22,30,50141,원피스,111100
오프숄더,google,2026-03-29,10,16713,원피스,111100
오프숄더,google,2026-04-05,21,35099,원피스,111100
오프숄더,google,2026-04-12,24,40113,원피스,111100
오프숄더,google,2026-04-19,27,45127,원피스,111100
오프숄더,google,2026-04-26,23,38441,원피스,111100
오프숄더,google,2026-05-03,27,45127,원피스,111100
오프숄더,google,2026-05-10,29,48470,원피스,111100
오프숄더,google,2026-05-17,24,40113,원피스,111100
오프숄더,google,2026-05-24,28,46798,원피스,111100
오프숄더,google,2026-05-31,22,36770,원피스,111100
오프숄더,google,2026-06-07,28,46798,원피스,111100
오프숄더,google,2026-06-14,24,40113,원피스,111100
오프숄더,google,2026-06-21,19,31756,원피스,111100
오프숄더,google,2026-06-28,15,25070,원피스,111100
오프숄더,google,2026-07-05,21,35099,원피스,111100
오프숄더,google,2026-07-12,20,33427,원피스,111100
오프숄더,google,2026-07-19,25,41784,원피스,111100
오프숄더,google,2026-07-26,27,45127,원피스,111100
오프숄더,google,2026-08-02,24,40113,원피스,111100
오프숄더,google,2026-08-09,23,38441,원피스,111100
오프숄더,google,2026-08-16,22,36770,원피스,111100
오프숄더,google,2026-08-23,20,33427,원피스,111100
오프숄더,google,2026-08-30,18,30084,원피스,111100
오프숄더,google,2026-09-06,21,35099,원피스,111100
오프숄더,google,2026-09-13,28,46798,원피스,111100
라운드넥,google,2025-09-14,0,0,원피스,111100
라운드넥,google,2025-09-21,12,20056,원피스,111100
라운드넥,google,2025-09-28,0,0,원피스,111100
라운드넥,google,2025-10-05,0,0,원피스,111100
라운드넥,google,2025-10-12,13,21728,원피스,111100
라운드넥,google,2025-10-19,17,28413,원피스,111100
라운드넥,google,2025-10-26,14,23399,원피스,111100
라운드넥,google,2025-11-02,13,21728,원피스,111100
라운드넥,google,2025-11-09,13,21728,원피스,111100
라운드넥,google,2025-11-16,12,20056,원피스,111100
라운드넥,google,2025-11-23,0,0,원피스,111100
라운드넥,google,2025-11-30,13,21728,원피스,111100
라운드넥,google,2025-12-07,14,23399,원피스,111100
라운드넥,google,2025-12-14,14,23399,원피스,111100
라운드넥,google,2025-12-21,0,0,원피스,111100
라운드넥,google,2025-12-28,0,0,원피스,111100
라운드넥,google,2026-01-04,0,0,원피스,111100
라운드넥,google,2026-01-11,0,0,원피스,111100
라운드넥,google,2026-01-18,0,0,원피스,111100
라운드넥,google,2026-01-25,0,0,원피스,111100
라운드넥,google,2026-02-01,11,18385,원피스,111100
라운드넥,google,2026-02-08,20,33427,원피스,111100
라운드넥,google,2026-02-15,20,33427,원피스,111100
라운드넥,google,2026-02-22,14,23399,원피스,111100
라운드넥,google,2026-03-01,0,0,원피스,111100
라운드넥,google,2026-03-08,14,23399,원피스,111100
라운드넥,google,2026-03-15,0,0,원피스,111100
라운드넥,google,2026-03-22,0,0,원피스,111100
라운드넥,google,2026-03-29,13,21728,원피스,111100
라운드넥,google,2026-04-05,0,0,원피스,111100
라운드넥,google,2026-04-12,0,0,원피스,111100
라운드넥,google,2026-04-19,12,20056,원피스,111100
라운드넥,google,2026-04-26,0,0,원피스,111100
라운드넥,google,2026-05-03,0,0,원피스,111100
라운드넥,google,2026-05-10,11,18385,원피스,111100
라운드넥,google,2026-05-17,0,0,원피스,111100
라운드넥,google,2026-05-24,0,0,원피스,111100
라운드넥,google,2026-05-31,0,0,원피스,111100
라운드넥,google,2026-06-07,9,15042,원피스,111100
라운드넥,google,2026-06-14,0,0,원피스,111100
라운드넥,google,2026-06-21,0,0,원피스,111100
라운드넥,google,2026-06-28,0,0,원피스,111100
라운드넥,google,2026-07-05,9,15042,원피스,111100
라운드넥,google,2026-07-12,11,18385,원피스,111100
라운드넥,google,2026-07-19,0,0,원피스,111100
라운드넥,google,2026-07-26,0,0,원피스,111100
라운드넥,google,2026-08-02,9,15042,원피스,111100
라운드넥,google,2026-08-09,0,0,원피스,111100
라운드넥,google,2026-08-16,0,0,원피스,111100
라운드넥,google,2026-08-23,0,0,원피스,111100
라운드넥,google,2026-08-30,5,8356,원피스,111100
라운드넥,google,2026-09-06,9,15042,원피스,111100
라운드넥,google,2026-09-13,7,11699,원피스,111100
스탠드칼라,google,2025-09-14,0,0,원피스,111100
스탠드칼라,google,2025-09-21,0,0,원피스,111100
스탠드칼라,google,2025-09-28,0,0,원피스,111100
스탠드칼라,google,2025-10-05,0,0,원피스,111100
스탠드칼라,google,2025-10-12,0,0,원피스,111100
스탠드칼라,google,2025-10-19,0,0,원피스,111100
스탠드칼라,google,2025-10-26,0,0,원피스,111100
스탠드칼라,google,2025-11-02,0,0,원피스,111100
스탠드칼라,google,2025-11-09,0,0,원피스,111100
스탠드칼라,google,2025-11-16,0,0,원피스,111100
스탠드칼라,google,2025-11-23,0,0,원피스,111100
스탠드칼라,google,2025-11-30,0,0,원피스,111100
스탠드칼라,google,2025-12-07,0,0,원피스,111100
스탠드칼라,google,2025-12-14,0,0,원피스,111100
스탠드칼라,google,2025-12-21,0,0,원피스,111100
스탠드칼라,google,2025-12-28,0,0,원피스,111100
스탠드칼라,google,2026-01-04,0,0,원피스,111100
스탠드칼라,google,2026-01-11,0,0,원피스,111100
스탠드칼라,google,2026-01-18,0,0,원피스,111100
스탠드칼라,google,2026-01-25,0,0,원피스,111100
스탠드칼라,google,2026-02-01,0,0,원피스,111100
스탠드칼라,google,2026-02-08,0,0,원피스,111100
스탠드칼라,google,2026-02-15,0,0,원피스,111100
스탠드칼라,google,2026-02-22,0,0,원피스,111100
스탠드칼라,google,2026-03-01,0,0,원피스,111100
스탠드칼라,google,2026-03-08,0,0,원피스,111100
스탠드칼라,google,2026-03-15,0,0,원피스,111100
스탠드칼라,google,2026-03-22,0,0,원피스,111100
스탠드칼라,google,2026-03-29,0,0,원피스,111100
스탠드칼라,google,2026-04-05,0,0,원피스,111100
스탠드칼라,google,2026-04-12,0,0,원피스,111100
스탠드칼라,google,2026-04-19,0,0,원피스,111100
스탠드칼라,google,2026-04-26,0,0,원피스,111100
스탠드칼라,google,2026-05-03,0,0,원피스,111100
스탠드칼라,google,2026-05-10,0,0,원피스,111100
스탠드칼라,google,2026-05-17,0,0,원피스,111100
스탠드칼라,google,2026-05-24,0,0,원피스,111100
스탠드칼라,google,2026-05-31,0,0,원피스,111100
스탠드칼라,google,2026-06-07,0,0,원피스,111100
스탠드칼라,google,2026-06-14,0,0,원피스,111100
스탠드칼라,google,2026-06-21,0,0,원피스,111100
스탠드칼라,google,2026-06-28,0,0,원피스,111100
스탠드칼라,google,2026-07-05,0,0,원피스,111100
스탠드칼라,google,2026-07-12,0,0,원피스,111100
스탠드칼라,google,2026-07-19,0,0,원피스,111100
스탠드칼라,google,2026-07-26,0,0,원피스,111100
스탠드칼라,google,2026-08-02,0,0,원피스,111100
스탠드칼라,google,2026-08-09,0,0,원피스,111100
스탠드칼라,google,2026-08-16,0,0,원피스,111100
스탠드칼라,google,2026-08-23,0,0,원피스,111100
스탠드칼라,google,2026-08-30,1,1671,원피스,111100
스탠드칼라,google,2026-09-06,2,3342,원피스,111100
스탠드칼라,google,2026-09-13,0,0,원피스,111100
긴소매,google,2025-09-14,0,0,원피스,111100
긴소매,google,2025-09-21,0,0,원피스,111100
긴소매,google,2025-09-28,0,0,원피스,111100
긴소매,google,2025-10-05,0,0,원피스,111100
긴소매,google,2025-10-12,0,0,원피스,111100
긴소매,google,2025-10-19,0,0,원피스,111100
긴소매,google,2025-10-26,0,0,원피스,111100
긴소매,google,2025-11-02,0,0,원피스,111100
긴소매,google,2025-11-09,0,0,원피스,111100
긴소매,google,2025-11-16,0,0,원피스,111100
긴소매,google,2025-11-23,0,0,원피스,111100
긴소매,google,2025-11-30,0,0,원피스,111100
긴소매,google,2025-12-07,0,0,원피스,111100
긴소매,google,2025-12-14,0,0,원피스,111100
긴소매,google,2025-12-21,0,0,원피스,111100
긴소매,google,2025-12-28,0,0,원피스,111100
긴소매,google,2026-01-04,0,0,원피스,111100
긴소매,google,2026-01-11,0,0,원피스,111100
긴소매,google,2026-01-18,0,0,원피스,111100
긴소매,google,2026-01-25,0,0,원피스,111100
긴소매,google,2026-02-01,0,0,원피스,111100
긴소매,google,2026-02-08,0,0,원피스,111100
긴소매,google,2026-02-15,0,0,원피스,111100
긴소매,google,2026-02-22,0,0,원피스,111100
긴소매,google,2026-03-01,0,0,원피스,111100
긴소매,google,2026-03-08,0,0,원피스,111100
긴소매,google,2026-03-15,0,0,원피스,111100
긴소매,google,2026-03-22,0,0,원피스,111100
긴소매,google,2026-03-29,0,0,원피스,111100
긴소매,google,2026-04-05,0,0,원피스,111100
긴소매,google,2026-04-12,0,0,원피스,111100
긴소매,google,2026-04-19,0,0,원피스,111100
긴소매,google,2026-04-26,0,0,원피스,111100
긴소매,google,2026-05-03,0,0,원피스,111100
긴소매,google,2026-05-10,10,16713,원피스,111100
긴소매,google,2026-05-17,0,0,원피스,111100
긴소매,google,2026-05-24,0,0,원피스,111100
긴소매,google,2026-05-31,0,0,원피스,111100
긴소매,google,2026-06-07,0,0,원피스,111100
긴소매,google,2026-06-14,0,0,원피스,111100
긴소매,google,2026-06-21,0,0,원피스,111100
긴소매,google,2026-06-28,0,0,원피스,111100
긴소매,google,2026-07-05,0,0,원피스,111100
긴소매,google,2026-07-12,0,0,원피스,111100
긴소매,google,2026-07-19,0,0,원피스,111100
긴소매,google,2026-07-26,0,0,원피스,111100
긴소매,google,2026-08-02,0,0,원피스,111100
긴소매,google,2026-08-09,0,0,원피스,111100
긴소매,google,2026-08-16,0,0,원피스,111100
긴소매,google,2026-08-23,0,0,원피스,111100
긴소매,google,2026-08-30,4,6685,원피스,111100
긴소매,google,2026-09-06,6,10028,원피스,111100
긴소매,google,2026-09-13,6,10028,원피스,111100
반소매,google,2025-09-14,0,0,원피스,111100
반소매,google,2025-09-21,0,0,원피스,111100
반소매,google,2025-09-28,0,0,원피스,111100
반소매,google,2025-10-05,0,0,원피스,111100
반소매,google,2025-10-12,0,0,원피스,111100
반소매,google,2025-10-19,0,0,원피스,111100
반소매,google,2025-10-26,0,0,원피스,111100
반소매,google,2025-11-02,0,0,원피스,111100
반소매,google,2025-11-09,0,0,원피스,111100
반소매,google,2025-11-16,0,0,원피스,111100
반소매,google,2025-11-23,0,0,원피스,111100
반소매,google,2025-11-30,0,0,원피스,111100
반소매,google,2025-12-07,0,0,원피스,111100
반소매,google,2025-12-14,0,0,원피스,111100
반소매,google,2025-12-21,0,0,원피스,111100
반소매,google,2025-12-28,0,0,원피스,111100
반소매,google,2026-01-04,0,0,원피스,111100
반소매,google,2026-01-11,0,0,원피스,111100
반소매,google,2026-01-18,0,0,원피스,111100
반소매,google,2026-01-25,0,0,원피스,111100
반소매,google,2026-02-01,0,0,원피스,111100
반소매,google,2026-02-08,11,18385,원피스,111100
반소매,google,2026-02-15,0,0,원피스,111100
반소매,google,2026-02-22,0,0,원피스,111100
반소매,google,2026-03-01,0,0,원피스,111100
반소매,google,2026-03-08,0,0,원피스,111100
반소매,google,2026-03-15,0,0,원피스,111100
반소매,google,2026-03-22,0,0,원피스,111100
반소매,google,2026-03-29,0,0,원피스,111100
반소매,google,2026-04-05,0,0,원피스,111100
반소매,google,2026-04-12,0,0,원피스,111100
반소매,google,2026-04-19,0,0,원피스,111100
반소매,google,2026-04-26,0,0,원피스,111100
반소매,google,2026-05-03,0,0,원피스,111100
반소매,google,2026-05-10,14,23399,원피스,111100
반소매,google,2026-05-17,14,23399,원피스,111100
반소매,google,2026-05-24,0,0,원피스,111100
반소매,google,2026-05-31,13,21728,원피스,111100
반소매,google,2026-06-07,11,18385,원피스,111100
반소매,google,2026-06-14,0,0,원피스,111100
반소매,google,2026-06-21,13,21728,원피스,111100
반소매,google,2026-06-28,12,20056,원피스,111100
반소매,google,2026-07-05,12,20056,원피스,111100
반소매,google,2026-07-12,0,0,원피스,111100
반소매,google,2026-07-19,0,0,원피스,111100
반소매,google,2026-07-26,10,16713,원피스,111100
반소매,google,2026-08-02,0,0,원피스,111100
반소매,google,2026-08-09,0,0,원피스,111100
반소매,google,2026-08-16,0,0,원피스,111100
반소매,google,2026-08-23,0,0,원피스,111100
반소매,google,2026-08-30,4,6685,원피스,111100
반소매,google,2026-09-06,4,6685,원피스,111100
반소매,google,2026-09-13,0,0,원피스,111100
민소매,google,2025-09-14,27,45127,원피스,111100
민소매,google,2025-09-21,32,53484,원피스,111100
민소매,google,2025-09-28,21,35099,원피스,111100
민소매,google,2025-10-05,30,50141,원피스,111100
민소매,google,2025-10-12,29,48470,원피스,111100
민소매,google,2025-10-19,18,30084,원피스,111100
민소매,google,2025-10-26,25,41784,원피스,111100
민소매,google,2025-11-02,24,40113,원피스,111100
민소매,google,2025-11-09,26,43456,원피스,111100
민소매,google,2025-11-16,32,53484,원피스,111100
민소매,google,2025-11-23,22,36770,원피스,111100
민소매,google,2025-11-30,26,43456,원피스,111100
민소매,google,2025-12-07,27,45127,원피스,111100
민소매,google,2025-12-14,24,40113,원피스,111100
민소매,google,2025-12-21,26,43456,원피스,111100
민소매,google,2025-12-28,38,63512,원피스,111100
민소매,google,2026-01-04,28,46798,원피스,111100
민소매,google,2026-01-11,26,43456,원피스,111100
민소매,google,2026-01-18,32,53484,원피스,111100
민소매,google,2026-01-25,30,50141,원피스,111100
민소매,google,2026-02-01,22,36770,원피스,111100
민소매,google,2026-02-08,20,33427,원피스,111100
민소매,google,2026-02-15,21,35099,원피스,111100
민소매,google,2026-02-22,29,48470,원피스,111100
민소매,google,2026-03-01,44,73541,원피스,111100
민소매,google,2026-03-08,27,45127,원피스,111100
민소매,google,2026-03-15,30,50141,원피스,111100
민소매,google,2026-03-22,25,41784,원피스,111100
민소매,google,2026-03-29,34,56827,원피스,111100
민소매,google,2026-04-05,24,40113,원피스,111100
민소매,google,2026-04-12,27,45127,원피스,111100
민소매,google,2026-04-19,29,48470,원피스,111100
민소매,google,2026-04-26,41,68526,원피스,111100
민소매,google,2026-05-03,39,65184,원피스,111100
민소매,google,2026-05-10,41,68526,원피스,111100
민소매,google,2026-05-17,47,78555,원피스,111100
민소매,google,2026-05-24,38,63512,원피스,111100
민소매,google,2026-05-31,68,113654,원피스,111100
민소매,google,2026-06-07,40,66855,원피스,111100
민소매,google,2026-06-14,70,116997,원피스,111100
민소매,google,2026-06-21,51,85240,원피스,111100
민소매,google,2026-06-28,44,73541,원피스,111100
민소매,google,2026-07-05,45,75212,원피스,111100
민소매,google,2026-07-12,48,80226,원피스,111100
민소매,google,2026-07-19,71,118668,원피스,111100
민소매,google,2026-07-26,100,167138,원피스,111100
민소매,google,2026-08-02,59,98611,원피스,111100
민소매,google,2026-08-09,34,56827,원피스,111100
민소매,google,2026-08-16,41,68526,원피스,111100
민소매,google,2026-08-23,43,71869,원피스,111100
민소매,google,2026-08-30,25,41784,원피스,111100
민소매,google,2026-09-06,30,50141,원피스,111100
민소매,google,2026-09-13,38,63512,원피스,111100
5부소매,google,2025-09-14,0,0,원피스,111100
5부소매,google,2025-09-21,0,0,원피스,111100
5부소매,google,2025-09-28,0,0,원피스,111100
5부소매,google,2025-10-05,0,0,원피스,111100
5부소매,google,2025-10-12,0,0,원피스,111100
5부소매,google,2025-10-19,0,0,원피스,111100
5부소매,google,2025-10-26,0,0,원피스,111100
5부소매,google,2025-11-02,0,0,원피스,111100
5부소매,google,2025-11-09,0,0,원피스,111100
5부소매,google,2025-11-16,0,0,원피스,111100
5부소매,google,2025-11-23,0,0,원피스,111100
5부소매,google,2025-11-30,0,0,원피스,111100
5부소매,google,2025-12-07,0,0,원피스,111100
5부소매,google,2025-12-14,0,0,원피스,111100
5부소매,google,2025-12-21,0,0,원피스,111100
5부소매,google,2025-12-28,0,0,원피스,111100
5부소매,google,2026-01-04,0,0,원피스,111100
5부소매,google,2026-01-11,0,0,원피스,111100
5부소매,google,2026-01-18,0,0,원피스,111100
5부소매,google,2026-01-25,0,0,원피스,111100
5부소매,google,2026-02-01,0,0,원피스,111100
5부소매,google,2026-02-08,0,0,원피스,111100
5부소매,google,2026-02-15,0,0,원피스,111100
5부소매,google,2026-02-22,0,0,원피스,111100
5부소매,google,2026-03-01,0,0,원피스,111100
5부소매,google,2026-03-08,0,0,원피스,111100
5부소매,google,2026-03-15,0,0,원피스,111100
5부소매,google,2026-03-22,0,0,원피스,111100
5부소매,google,2026-03-29,0,0,원피스,111100
5부소매,google,2026-04-05,0,0,원피스,111100
5부소매,google,2026-04-12,0,0,원피스,111100
5부소매,google,2026-04-19,0,0,원피스,111100
5부소매,google,2026-04-26,0,0,원피스,111100
5부소매,google,2026-05-03,0,0,원피스,111100
5부소매,google,2026-05-10,0,0,원피스,111100
5부소매,google,2026-05-17,0,0,원피스,111100
5부소매,google,2026-05-24,0,0,원피스,111100
5부소매,google,2026-05-31,0,0,원피스,111100
5부소매,google,2026-06-07,0,0,원피스,111100
5부소매,google,2026-06-14,0,0,원피스,111100
5부소매,google,2026-06-21,0,0,원피스,111100
5부소매,google,2026-06-28,0,0,원피스,111100
5부소매,google,2026-07-05,0,0,원피스,111100
5부소매,google,2026-07-12,0,0,원피스,111100
5부소매,google,2026-07-19,0,0,원피스,111100
5부소매,google,2026-07-26,0,0,원피스,111100
5부소매,google,2026-08-02,0,0,원피스,111100
5부소매,google,2026-08-09,0,0,원피스,111100
5부소매,google,2026-08-16,0,0,원피스,111100
5부소매,google,2026-08-23,0,0,원피스,111100
5부소매,google,2026-08-30,0,0,원피스,111100
5부소매,google,2026-09-06,0,0,원피스,111100
5부소매,google,2026-09-13,0,0,원피스,111100
7부소매,google,2025-09-14,0,0,원피스,111100
7부소매,google,2025-09-21,0,0,원피스,111100
7부소매,google,2025-09-28,0,0,원피스,111100
7부소매,google,2025-10-05,0,0,원피스,111100
7부소매,google,2025-10-12,0,0,원피스,111100
7부소매,google,2025-10-19,0,0,원피스,111100
7부소매,google,2025-10-26,0,0,원피스,111100
7부소매,google,2025-11-02,0,0,원피스,111100
7부소매,google,2025-11-09,0,0,원피스,111100
7부소매,google,2025-11-16,0,0,원피스,111100
7부소매,google,2025-11-23,0,0,원피스,111100
7부소매,google,2025-11-30,0,0,원피스,111100
7부소매,google,2025-12-07,0,0,원피스,111100
7부소매,google,2025-12-14,0,0,원피스,111100
7부소매,google,2025-12-21,0,0,원피스,111100
7부소매,google,2025-12-28,0,0,원피스,111100
7부소매,google,2026-01-04,0,0,원피스,111100
7부소매,google,2026-01-11,0,0,원피스,111100
7부소매,google,2026-01-18,0,0,원피스,111100
7부소매,google,2026-01-25,0,0,원피스,111100
7부소매,google,2026-02-01,0,0,원피스,111100
7부소매,google,2026-02-08,0,0,원피스,111100
7부소매,google,2026-02-15,0,0,원피스,111100
7부소매,google,2026-02-22,0,0,원피스,111100
7부소매,google,2026-03-01,0,0,원피스,111100
7부소매,google,2026-03-08,0,0,원피스,111100
7부소매,google,2026-03-15,0,0,원피스,111100
7부소매,google,2026-03-22,0,0,원피스,111100
7부소매,google,2026-03-29,0,0,원피스,111100
7부소매,google,2026-04-05,0,0,원피스,111100
7부소매,google,2026-04-12,0,0,원피스,111100
7부소매,google,2026-04-19,0,0,원피스,111100
7부소매,google,2026-04-26,0,0,원피스,111100
7부소매,google,2026-05-03,0,0,원피스,111100
7부소매,google,2026-05-10,0,0,원피스,111100
7부소매,google,2026-05-17,0,0,원피스,111100
7부소매,google,2026-05-24,0,0,원피스,111100
7부소매,google,2026-05-31,0,0,원피스,111100
7부소매,google,2026-06-07,0,0,원피스,111100
7부소매,google,2026-06-14,0,0,원피스,111100
7부소매,google,2026-06-21,0,0,원피스,111100
7부소매,google,2026-06-28,0,0,원피스,111100
7부소매,google,2026-07-05,0,0,원피스,111100
7부소매,google,2026-07-12,0,0,원피스,111100
7부소매,google,2026-07-19,0,0,원피스,111100
7부소매,google,2026-07-26,0,0,원피스,111100
7부소매,google,2026-08-02,0,0,원피스,111100
7부소매,google,2026-08-09,0,0,원피스,111100
7부소매,google,2026-08-16,0,0,원피스,111100
7부소매,google,2026-08-23,0,0,원피스,111100
7부소매,google,2026-08-30,3,5014,원피스,111100
7부소매,google,2026-09-06,4,6685,원피스,111100
7부소매,google,2026-09-13,0,0,원피스,111100
퍼프소매,google,2025-09-14,0,0,원피스,111100
퍼프소매,google,2025-09-21,0,0,원피스,111100
퍼프소매,google,2025-09-28,0,0,원피스,111100
퍼프소매,google,2025-10-05,0,0,원피스,111100
퍼프소매,google,2025-10-12,0,0,원피스,111100
퍼프소매,google,2025-10-19,0,0,원피스,111100
퍼프소매,google,2025-10-26,0,0,원피스,111100
퍼프소매,google,2025-11-02,0,0,원피스,111100
퍼프소매,google,2025-11-09,0,0,원피스,111100
퍼프소매,google,2025-11-16,0,0,원피스,111100
퍼프소매,google,2025-11-23,0,0,원피스,111100
퍼프소매,google,2025-11-30,0,0,원피스,111100
퍼프소매,google,2025-12-07,0,0,원피스,111100
퍼프소매,google,2025-12-14,0,0,원피스,111100
퍼프소매,google,2025-12-21,0,0,원피스,111100
퍼프소매,google,2025-12-28,0,0,원피스,111100
퍼프소매,google,2026-01-04,0,0,원피스,111100
퍼프소매,google,2026-01-11,0,0,원피스,111100
퍼프소매,google,2026-01-18,0,0,원피스,111100
퍼프소매,google,2026-01-25,0,0,원피스,111100
퍼프소매,google,2026-02-01,0,0,원피스,111100
퍼프소매,google,2026-02-08,0,0,원피스,111100
퍼프소매,google,2026-02-15,0,0,원피스,111100
퍼프소매,google,2026-02-22,0,0,원피스,111100
퍼프소매,google,2026-03-01,0,0,원피스,111100
퍼프소매,google,2026-03-08,0,0,원피스,111100
퍼프소매,google,2026-03-15,0,0,원피스,111100
퍼프소매,google,2026-03-22,0,0,원피스,111100
퍼프소매,google,2026-03-29,0,0,원피스,111100
퍼프소매,google,2026-04-05,0,0,원피스,111100
퍼프소매,google,2026-04-12,0,0,원피스,111100
퍼프소매,google,2026-04-19,0,0,원피스,111100
퍼프소매,google,2026-04-26,0,0,원피스,111100
퍼프소매,google,2026-05-03,0,0,원피스,111100
퍼프소매,google,2026-05-10,0,0,원피스,111100
퍼프소매,google,2026-05-17,0,0,원피스,111100
퍼프소매,google,2026-05-24,0,0,원피스,111100
퍼프소매,google,2026-05-31,0,0,원피스,111100
퍼프소매,google,2026-06-07,0,0,원피스,111100
퍼프소매,google,2026-06-14,28,46798,원피스,111100
퍼프소매,google,2026-06-21,0,0,원피스,111100
퍼프소매,google,2026-06-28,0,0,원피스,111100
퍼프소매,google,2026-07-05,0,0,원피스,111100
퍼프소매,google,2026-07-12,0,0,원피스,111100
퍼프소매,google,2026-07-19,0,0,원피스,111100
퍼프소매,google,2026-07-26,0,0,원피스,111100
퍼프소매,google,2026-08-02,0,0,원피스,111100
퍼프소매,google,2026-08-09,0,0,원피스,111100
퍼프소매,google,2026-08-16,0,0,원피스,111100
퍼프소매,google,2026-08-23,0,0,원피스,111100
퍼프소매,google,2026-08-30,6,10028,원피스,111100
퍼프소매,google,2026-09-06,6,10028,원피스,111100
퍼프소매,google,2026-09-13,0,0,원피스,111100
레글런소매,google,2025-09-14,0,0,원피스,111100
레글런소매,google,2025-09-21,0,0,원피스,111100
레글런소매,google,2025-09-28,0,0,원피스,111100
레글런소매,google,2025-10-05,0,0,원피스,111100
레글런소매,google,2025-10-12,0,0,원피스,111100
레글런소매,google,2025-10-19,0,0,원피스,111100
레글런소매,google,2025-10-26,0,0,원피스,111100
레글런소매,google,2025-11-02,0,0,원피스,111100
레글런소매,google,2025-11-09,0,0,원피스,111100
레글런소매,google,2025-11-16,0,0,원피스,111100
레글런소매,google,2025-11-23,0,0,원피스,111100
레글런소매,google,2025-11-30,0,0,원피스,111100
레글런소매,google,2025-12-07,0,0,원피스,111100
레글런소매,google,2025-12-14,0,0,원피스,111100
레글런소매,google,2025-12-21,0,0,원피스,111100
레글런소매,google,2025-12-28,0,0,원피스,111100
레글런소매,google,2026-01-04,0,0,원피스,111100
레글런소매,google,2026-01-11,0,0,원피스,111100
레글런소매,google,2026-01-18,0,0,원피스,111100
레글런소매,google,2026-01-25,0,0,원피스,111100
레글런소매,google,2026-02-01,0,0,원피스,111100
레글런소매,google,2026-02-08,0,0,원피스,111100
레글런소매,google,2026-02-15,0,0,원피스,111100
레글런소매,google,2026-02-22,0,0,원피스,111100
레글런소매,google,2026-03-01,0,0,원피스,111100
레글런소매,google,2026-03-08,0,0,원피스,111100
레글런소매,google,2026-03-15,0,0,원피스,111100
레글런소매,google,2026-03-22,0,0,원피스,111100
레글런소매,google,2026-03-29,0,0,원피스,111100
레글런소매,google,2026-04-05,0,0,원피스,111100
레글런소매,google,2026-04-12,0,0,원피스,111100
레글런소매,google,2026-04-19,0,0,원피스,111100
레글런소매,google,2026-04-26,0,0,원피스,111100
레글런소매,google,2026-05-03,0,0,원피스,111100
레글런소매,google,2026-05-10,0,0,원피스,111100
레글런소매,google,2026-05-17,0,0,원피스,111100
레글런소매,google,2026-05-24,0,0,원피스,111100
레글런소매,google,2026-05-31,0,0,원피스,111100
레글런소매,google,2026-06-07,0,0,원피스,111100
레글런소매,google,2026-06-14,0,0,원피스,111100
레글런소매,google,2026-06-21,0,0,원피스,111100
레글런소매,google,2026-06-28,0,0,원피스,111100
레글런소매,google,2026-07-05,0,0,원피스,111100
레글런소매,google,2026-07-12,0,0,원피스,111100
레글런소매,google,2026-07-19,0,0,원피스,111100
레글런소매,google,2026-07-26,0,0,원피스,111100
레글런소매,google,2026-08-02,0,0,원피스,111100
레글런소매,google,2026-08-09,0,0,원피스,111100
레글런소매,google,2026-08-16,0,0,원피스,111100
레글런소매,google,2026-08-23,0,0,원피스,111100
레글런소매,google,2026-08-30,0,0,원피스,111100
레글런소매,google,2026-09-06,2,3342,원피스,111100
레글런소매,google,2026-09-13,0,0,원피스,111100
로우라이즈,google,2025-09-14,39,65184,원피스,111100
로우라이즈,google,2025-09-21,48,80226,원피스,111100
로우라이즈,google,2025-09-28,58,96940,원피스,111100
로우라이즈,google,2025-10-05,81,135382,원피스,111100
로우라이즈,google,2025-10-12,43,71869,원피스,111100
로우라이즈,google,2025-10-19,48,80226,원피스,111100
로우라이즈,google,2025-10-26,0,0,원피스,111100
로우라이즈,google,2025-11-02,30,50141,원피스,111100
로우라이즈,google,2025-11-09,0,0,원피스,111100
로우라이즈,google,2025-11-16,0,0,원피스,111100
로우라이즈,google,2025-11-23,0,0,원피스,111100
로우라이즈,google,2025-11-30,46,76883,원피스,111100
로우라이즈,google,2025-12-07,35,58498,원피스,111100
로우라이즈,google,2025-12-14,51,85240,원피스,111100
로우라이즈,google,2025-12-21,39,65184,원피스,111100
로우라이즈,google,2025-12-28,53,88583,원피스,111100
로우라이즈,google,2026-01-04,41,68526,원피스,111100
로우라이즈,google,2026-01-11,48,80226,원피스,111100
로우라이즈,google,2026-01-18,58,96940,원피스,111100
로우라이즈,google,2026-01-25,55,91926,원피스,111100
로우라이즈,google,2026-02-01,31,51813,원피스,111100
로우라이즈,google,2026-02-08,55,91926,원피스,111100
로우라이즈,google,2026-02-15,41,68526,원피스,111100
로우라이즈,google,2026-02-22,79,132039,원피스,111100
로우라이즈,google,2026-03-01,0,0,원피스,111100
로우라이즈,google,2026-03-08,69,115325,원피스,111100
로우라이즈,google,2026-03-15,66,110311,원피스,111100
로우라이즈,google,2026-03-22,73,122011,원피스,111100
로우라이즈,google,2026-03-29,66,110311,원피스,111100
로우라이즈,google,2026-04-05,53,88583,원피스,111100
로우라이즈,google,2026-04-12,60,100283,원피스,111100
로우라이즈,google,2026-04-19,47,78555,원피스,111100
로우라이즈,google,2026-04-26,74,123682,원피스,111100
로우라이즈,google,2026-05-03,78,130368,원피스,111100
로우라이즈,google,2026-05-10,53,88583,원피스,111100
로우라이즈,google,2026-05-17,0,0,원피스,111100
로우라이즈,google,2026-05-24,50,83569,원피스,111100
로우라이즈,google,2026-05-31,45,75212,원피스,111100
로우라이즈,google,2026-06-07,63,105297,원피스,111100
로우라이즈,google,2026-06-14,37,61841,원피스,111100
로우라이즈,google,2026-06-21,64,106968,원피스,111100
로우라이즈,google,2026-06-28,61,101954,원피스,111100
로우라이즈,google,2026-07-05,43,71869,원피스,111100
로우라이즈,google,2026-07-12,57,95269,원피스,111100
로우라이즈,google,2026-07-19,68,113654,원피스,111100
로우라이즈,google,2026-07-26,100,167138,원피스,111100
로우라이즈,google,2026-08-02,47,78555,원피스,111100
로우라이즈,google,2026-08-09,73,122011,원피스,111100
로우라이즈,google,2026-08-16,65,108640,원피스,111100
로우라이즈,google,2026-08-23,45,75212,원피스,111100
로우라이즈,google,2026-08-30,43,71869,원피스,111100
로우라이즈,google,2026-09-06,60,100283,원피스,111100
로우라이즈,google,2026-09-13,78,130368,원피스,111100
롱기장,google,2025-09-14,0,0,원피스,111100
롱기장,google,2025-09-21,49,81898,원피스,111100
롱기장,google,2025-09-28,0,0,원피스,111100
롱기장,google,2025-10-05,0,0,원피스,111100
롱기장,google,2025-10-12,0,0,원피스,111100
롱기장,google,2025-10-19,0,0,원피스,111100
롱기장,google,2025-10-26,0,0,원피스,111100
롱기장,google,2025-11-02,0,0,원피스,111100
롱기장,google,2025-11-09,0,0,원피스,111100
롱기장,google,2025-11-16,0,0,원피스,111100
롱기장,google,2025-11-23,0,0,원피스,111100
롱기장,google,2025-11-30,48,80226,원피스,111100
롱기장,google,2025-12-07,0,0,원피스,111100
롱기장,google,2025-12-14,0,0,원피스,111100
롱기장,google,2025-12-21,0,0,원피스,111100
롱기장,google,2025-12-28,0,0,원피스,111100
롱기장,google,2026-01-04,0,0,원피스,111100
롱기장,google,2026-01-11,0,0,원피스,111100
롱기장,google,2026-01-18,0,0,원피스,111100
롱기장,google,2026-01-25,0,0,원피스,111100
롱기장,google,2026-02-01,0,0,원피스,111100
롱기장,google,2026-02-08,0,0,원피스,111100
롱기장,google,2026-02-15,0,0,원피스,111100
롱기장,google,2026-02-22,0,0,원피스,111100
롱기장,google,2026-03-01,0,0,원피스,111100
롱기장,google,2026-03-08,0,0,원피스,111100
롱기장,google,2026-03-15,0,0,원피스,111100
롱기장,google,2026-03-22,0,0,원피스,111100
롱기장,google,2026-03-29,0,0,원피스,111100
롱기장,google,2026-04-05,0,0,원피스,111100
롱기장,google,2026-04-12,0,0,원피스,111100
롱기장,google,2026-04-19,0,0,원피스,111100
롱기장,google,2026-04-26,0,0,원피스,111100
롱기장,google,2026-05-03,0,0,원피스,111100
롱기장,google,2026-05-10,0,0,원피스,111100
롱기장,google,2026-05-17,0,0,원피스,111100
롱기장,google,2026-05-24,0,0,원피스,111100
롱기장,google,2026-05-31,0,0,원피스,111100
롱기장,google,2026-06-07,0,0,원피스,111100
롱기장,google,2026-06-14,0,0,원피스,111100
롱기장,google,2026-06-21,0,0,원피스,111100
롱기장,google,2026-06-28,0,0,원피스,111100
롱기장,google,2026-07-05,0,0,원피스,111100
롱기장,google,2026-07-12,0,0,원피스,111100
롱기장,google,2026-07-19,0,0,원피스,111100
롱기장,google,2026-07-26,0,0,원피스,111100
롱기장,google,2026-08-02,0,0,원피스,111100
롱기장,google,2026-08-09,0,0,원피스,111100
롱기장,google,2026-08-16,0,0,원피스,111100
롱기장,google,2026-08-23,0,0,원피스,111100
롱기장,google,2026-08-30,6,10028,원피스,111100
롱기장,google,2026-09-06,12,20056,원피스,111100
롱기장,google,2026-09-13,0,0,원피스,111100
숏기장,google,2025-09-14,0,0,원피스,111100
숏기장,google,2025-09-21,0,0,원피스,111100
숏기장,google,2025-09-28,0,0,원피스,111100
숏기장,google,2025-10-05,0,0,원피스,111100
숏기장,google,2025-10-12,0,0,원피스,111100
숏기장,google,2025-10-19,0,0,원피스,111100
숏기장,google,2025-10-26,0,0,원피스,111100
숏기장,google,2025-11-02,0,0,원피스,111100
숏기장,google,2025-11-09,49,81898,원피스,111100
숏기장,google,2025-11-16,0,0,원피스,111100
숏기장,google,2025-11-23,0,0,원피스,111100
숏기장,google,2025-11-30,0,0,원피스,111100
숏기장,google,2025-12-07,0,0,원피스,111100
숏기장,google,2025-12-14,0,0,원피스,111100
숏기장,google,2025-12-21,0,0,원피스,111100
숏기장,google,2025-12-28,0,0,원피스,111100
숏기장,google,2026-01-04,0,0,원피스,111100
숏기장,google,2026-01-11,0,0,원피스,111100
숏기장,google,2026-01-18,0,0,원피스,111100
숏기장,google,2026-01-25,0,0,원피스,111100
숏기장,google,2026-02-01,0,0,원피스,111100
숏기장,google,2026-02-08,0,0,원피스,111100
숏기장,google,2026-02-15,0,0,원피스,111100
숏기장,google,2026-02-22,0,0,원피스,111100
숏기장,google,2026-03-01,0,0,원피스,111100
숏기장,google,2026-03-08,0,0,원피스,111100
숏기장,google,2026-03-15,0,0,원피스,111100
숏기장,google,2026-03-22,0,0,원피스,111100
숏기장,google,2026-03-29,0,0,원피스,111100
숏기장,google,2026-04-05,0,0,원피스,111100
숏기장,google,2026-04-12,0,0,원피스,111100
숏기장,google,2026-04-19,0,0,원피스,111100
숏기장,google,2026-04-26,0,0,원피스,111100
숏기장,google,2026-05-03,0,0,원피스,111100
숏기장,google,2026-05-10,0,0,원피스,111100
숏기장,google,2026-05-17,0,0,원피스,111100
숏기장,google,2026-05-24,0,0,원피스,111100
숏기장,google,2026-05-31,0,0,원피스,111100
숏기장,google,2026-06-07,0,0,원피스,111100
숏기장,google,2026-06-14,0,0,원피스,111100
숏기장,google,2026-06-21,0,0,원피스,111100
숏기장,google,2026-06-28,0,0,원피스,111100
숏기장,google,2026-07-05,0,0,원피스,111100
숏기장,google,2026-07-12,0,0,원피스,111100
숏기장,google,2026-07-19,0,0,원피스,111100
숏기장,google,2026-07-26,0,0,원피스,111100
숏기장,google,2026-08-02,0,0,원피스,111100
숏기장,google,2026-08-09,0,0,원피스,111100
숏기장,google,2026-08-16,0,0,원피스,111100
숏기장,google,2026-08-23,0,0,원피스,111100
숏기장,google,2026-08-30,4,6685,원피스,111100
숏기장,google,2026-09-06,6,10028,원피스,111100
숏기장,google,2026-09-13,0,0,원피스,111100
미디기장,google,2025-09-14,0,0,원피스,111100
미디기장,google,2025-09-21,0,0,원피스,111100
미디기장,google,2025-09-28,0,0,원피스,111100
미디기장,google,2025-10-05,0,0,원피스,111100
미디기장,google,2025-10-12,0,0,원피스,111100
미디기장,google,2025-10-19,0,0,원피스,111100
미디기장,google,2025-10-26,0,0,원피스,111100
미디기장,google,2025-11-02,0,0,원피스,111100
미디기장,google,2025-11-09,0,0,원피스,111100
미디기장,google,2025-11-16,53,88583,원피스,111100
미디기장,google,2025-11-23,0,0,원피스,111100
미디기장,google,2025-11-30,0,0,원피스,111100
미디기장,google,2025-12-07,0,0,원피스,111100
미디기장,google,2025-12-14,0,0,원피스,111100
미디기장,google,2025-12-21,0,0,원피스,111100
미디기장,google,2025-12-28,0,0,원피스,111100
미디기장,google,2026-01-04,0,0,원피스,111100
미디기장,google,2026-01-11,0,0,원피스,111100
미디기장,google,2026-01-18,0,0,원피스,111100
미디기장,google,2026-01-25,0,0,원피스,111100
미디기장,google,2026-02-01,0,0,원피스,111100
미디기장,google,2026-02-08,0,0,원피스,111100
미디기장,google,2026-02-15,0,0,원피스,111100
미디기장,google,2026-02-22,66,110311,원피스,111100
미디기장,google,2026-03-01,0,0,원피스,111100
미디기장,google,2026-03-08,0,0,원피스,111100
미디기장,google,2026-03-15,0,0,원피스,111100
미디기장,google,2026-03-22,0,0,원피스,111100
미디기장,google,2026-03-29,45,75212,원피스,111100
미디기장,google,2026-04-05,0,0,원피스,111100
미디기장,google,2026-04-12,0,0,원피스,111100
미디기장,google,2026-04-19,0,0,원피스,111100
미디기장,google,2026-04-26,0,0,원피스,111100
미디기장,google,2026-05-03,0,0,원피스,111100
미디기장,google,2026-05-10,0,0,원피스,111100
미디기장,google,2026-05-17,0,0,원피스,111100
미디기장,google,2026-05-24,0,0,원피스,111100
미디기장,google,2026-05-31,0,0,원피스,111100
미디기장,google,2026-06-07,0,0,원피스,111100
미디기장,google,2026-06-14,0,0,원피스,111100
미디기장,google,2026-06-21,0,0,원피스,111100
미디기장,google,2026-06-28,0,0,원피스,111100
미디기장,google,2026-07-05,0,0,원피스,111100
미디기장,google,2026-07-12,0,0,원피스,111100
미디기장,google,2026-07-19,0,0,원피스,111100
미디기장,google,2026-07-26,0,0,원피스,111100
미디기장,google,2026-08-02,0,0,원피스,111100
미디기장,google,2026-08-09,0,0,원피스,111100
미디기장,google,2026-08-16,0,0,원피스,111100
미디기장,google,2026-08-23,0,0,원피스,111100
미디기장,google,2026-08-30,0,0,원피스,111100
미디기장,google,2026-09-06,0,0,원피스,111100
미디기장,google,2026-09-13,0,0,원피스,111100
미드라이즈,google,2025-09-14,0,0,원피스,111100
미드라이즈,google,2025-09-21,0,0,원피스,111100
미드라이즈,google,2025-09-28,0,0,원피스,111100
미드라이즈,google,2025-10-05,0,0,원피스,111100
미드라이즈,google,2025-10-12,0,0,원피스,111100
미드라이즈,google,2025-10-19,0,0,원피스,111100
미드라이즈,google,2025-10-26,0,0,원피스,111100
미드라이즈,google,2025-11-02,0,0,원피스,111100
미드라이즈,google,2025-11-09,0,0,원피스,111100
미드라이즈,google,2025-11-16,0,0,원피스,111100
미드라이즈,google,2025-11-23,0,0,원피스,111100
미드라이즈,google,2025-11-30,0,0,원피스,111100
미드라이즈,google,2025-12-07,0,0,원피스,111100
미드라이즈,google,2025-12-14,0,0,원피스,111100
미드라이즈,google,2025-12-21,0,0,원피스,111100
미드라이즈,google,2025-12-28,0,0,원피스,111100
미드라이즈,google,2026-01-04,0,0,원피스,111100
미드라이즈,google,2026-01-11,0,0,원피스,111100
미드라이즈,google,2026-01-18,0,0,원피스,111100
미드라이즈,google,2026-01-25,0,0,원피스,111100
미드라이즈,google,2026-02-01,0,0,원피스,111100
미드라이즈,google,2026-02-08,0,0,원피스,111100
미드라이즈,google,2026-02-15,0,0,원피스,111100
미드라이즈,google,2026-02-22,0,0,원피스,111100
미드라이즈,google,2026-03-01,0,0,원피스,111100
미드라이즈,google,2026-03-08,0,0,원피스,111100
미드라이즈,google,2026-03-15,0,0,원피스,111100
미드라이즈,google,2026-03-22,0,0,원피스,111100
미드라이즈,google,2026-03-29,0,0,원피스,111100
미드라이즈,google,2026-04-05,0,0,원피스,111100
미드라이즈,google,2026-04-12,0,0,원피스,111100
미드라이즈,google,2026-04-19,0,0,원피스,111100
미드라이즈,google,2026-04-26,0,0,원피스,111100
미드라이즈,google,2026-05-03,0,0,원피스,111100
미드라이즈,google,2026-05-10,0,0,원피스,111100
미드라이즈,google,2026-05-17,0,0,원피스,111100
미드라이즈,google,2026-05-24,0,0,원피스,111100
미드라이즈,google,2026-05-31,0,0,원피스,111100
미드라이즈,google,2026-06-07,0,0,원피스,111100
미드라이즈,google,2026-06-14,43,71869,원피스,111100
미드라이즈,google,2026-06-21,0,0,원피스,111100
미드라이즈,google,2026-06-28,0,0,원피스,111100
미드라이즈,google,2026-07-05,0,0,원피스,111100
미드라이즈,google,2026-07-12,0,0,원피스,111100
미드라이즈,google,2026-07-19,0,0,원피스,111100
미드라이즈,google,2026-07-26,0,0,원피스,111100
미드라이즈,google,2026-08-02,0,0,원피스,111100
미드라이즈,google,2026-08-09,0,0,원피스,111100
미드라이즈,google,2026-08-16,49,81898,원피스,111100
미드라이즈,google,2026-08-23,0,0,원피스,111100
미드라이즈,google,2026-08-30,13,21728,원피스,111100
미드라이즈,google,2026-09-06,19,31756,원피스,111100
미드라이즈,google,2026-09-13,24,40113,원피스,111100
하이웨스트,google,2025-09-14,50,83569,원피스,111100
하이웨스트,google,2025-09-21,47,78555,원피스,111100
하이웨스트,google,2025-09-28,0,0,원피스,111100
하이웨스트,google,2025-10-05,91,152096,원피스,111100
하이웨스트,google,2025-10-12,53,88583,원피스,111100
하이웨스트,google,2025-10-19,0,0,원피스,111100
하이웨스트,google,2025-10-26,69,115325,원피스,111100
하이웨스트,google,2025-11-02,50,83569,원피스,111100
하이웨스트,google,2025-11-09,58,96940,원피스,111100
하이웨스트,google,2025-11-16,0,0,원피스,111100
하이웨스트,google,2025-11-23,0,0,원피스,111100
하이웨스트,google,2025-11-30,0,0,원피스,111100
하이웨스트,google,2025-12-07,0,0,원피스,111100
하이웨스트,google,2025-12-14,0,0,원피스,111100
하이웨스트,google,2025-12-21,52,86912,원피스,111100
하이웨스트,google,2025-12-28,100,167138,원피스,111100
하이웨스트,google,2026-01-04,55,91926,원피스,111100
하이웨스트,google,2026-01-11,50,83569,원피스,111100
하이웨스트,google,2026-01-18,0,0,원피스,111100
하이웨스트,google,2026-01-25,0,0,원피스,111100
하이웨스트,google,2026-02-01,47,78555,원피스,111100
하이웨스트,google,2026-02-08,68,113654,원피스,111100
하이웨스트,google,2026-02-15,89,148753,원피스,111100
하이웨스트,google,2026-02-22,0,0,원피스,111100
하이웨스트,google,2026-03-01,52,86912,원피스,111100
하이웨스트,google,2026-03-08,55,91926,원피스,111100
하이웨스트,google,2026-03-15,0,0,원피스,111100
하이웨스트,google,2026-03-22,68,113654,원피스,111100
하이웨스트,google,2026-03-29,50,83569,원피스,111100
하이웨스트,google,2026-04-05,71,118668,원피스,111100
하이웨스트,google,2026-04-12,81,135382,원피스,111100
하이웨스트,google,2026-04-19,47,78555,원피스,111100
하이웨스트,google,2026-04-26,49,81898,원피스,111100
하이웨스트,google,2026-05-03,56,93597,원피스,111100
하이웨스트,google,2026-05-10,71,118668,원피스,111100
하이웨스트,google,2026-05-17,47,78555,원피스,111100
하이웨스트,google,2026-05-24,66,110311,원피스,111100
하이웨스트,google,2026-05-31,77,128696,원피스,111100
하이웨스트,google,2026-06-07,59,98611,원피스,111100
하이웨스트,google,2026-06-14,0,0,원피스,111100
하이웨스트,google,2026-06-21,0,0,원피스,111100
하이웨스트,google,2026-06-28,0,0,원피스,111100
하이웨스트,google,2026-07-05,45,75212,원피스,111100
하이웨스트,google,2026-07-12,41,68526,원피스,111100
하이웨스트,google,2026-07-19,0,0,원피스,111100
하이웨스트,google,2026-07-26,47,78555,원피스,111100
하이웨스트,google,2026-08-02,0,0,원피스,111100
하이웨스트,google,2026-08-09,49,81898,원피스,111100
하이웨스트,google,2026-08-16,0,0,원피스,111100
하이웨스트,google,2026-08-23,92,153767,원피스,111100
하이웨스트,google,2026-08-30,35,58498,원피스,111100
하이웨스트,google,2026-09-06,46,76883,원피스,111100
하이웨스트,google,2026-09-13,60,100283,원피스,111100
밴딩허리,google,2025-09-14,0,0,원피스,111100
밴딩허리,google,2025-09-21,0,0,원피스,111100
밴딩허리,google,2025-09-28,0,0,원피스,111100
밴딩허리,google,2025-10-05,0,0,원피스,111100
밴딩허리,google,2025-10-12,0,0,원피스,111100
밴딩허리,google,2025-10-19,0,0,원피스,111100
밴딩허리,google,2025-10-26,0,0,원피스,111100
밴딩허리,google,2025-11-02,0,0,원피스,111100
밴딩허리,google,2025-11-09,0,0,원피스,111100
밴딩허리,google,2025-11-16,0,0,원피스,111100
밴딩허리,google,2025-11-23,0,0,원피스,111100
밴딩허리,google,2025-11-30,0,0,원피스,111100
밴딩허리,google,2025-12-07,0,0,원피스,111100
밴딩허리,google,2025-12-14,0,0,원피스,111100
밴딩허리,google,2025-12-21,0,0,원피스,111100
밴딩허리,google,2025-12-28,0,0,원피스,111100
밴딩허리,google,2026-01-04,0,0,원피스,111100
밴딩허리,google,2026-01-11,0,0,원피스,111100
밴딩허리,google,2026-01-18,0,0,원피스,111100
밴딩허리,google,2026-01-25,0,0,원피스,111100
밴딩허리,google,2026-02-01,0,0,원피스,111100
밴딩허리,google,2026-02-08,0,0,원피스,111100
밴딩허리,google,2026-02-15,0,0,원피스,111100
밴딩허리,google,2026-02-22,0,0,원피스,111100
밴딩허리,google,2026-03-01,0,0,원피스,111100
밴딩허리,google,2026-03-08,0,0,원피스,111100
밴딩허리,google,2026-03-15,0,0,원피스,111100
밴딩허리,google,2026-03-22,0,0,원피스,111100
밴딩허리,google,2026-03-29,0,0,원피스,111100
밴딩허리,google,2026-04-05,0,0,원피스,111100
밴딩허리,google,2026-04-12,0,0,원피스,111100
밴딩허리,google,2026-04-19,0,0,원피스,111100
밴딩허리,google,2026-04-26,0,0,원피스,111100
밴딩허리,google,2026-05-03,0,0,원피스,111100
밴딩허리,google,2026-05-10,0,0,원피스,111100
밴딩허리,google,2026-05-17,0,0,원피스,111100
밴딩허리,google,2026-05-24,0,0,원피스,111100
밴딩허리,google,2026-05-31,0,0,원피스,111100
밴딩허리,google,2026-06-07,0,0,원피스,111100
밴딩허리,google,2026-06-14,0,0,원피스,111100
밴딩허리,google,2026-06-21,0,0,원피스,111100
밴딩허리,google,2026-06-28,0,0,원피스,111100
밴딩허리,google,2026-07-05,0,0,원피스,111100
밴딩허리,google,2026-07-12,0,0,원피스,111100
밴딩허리,google,2026-07-19,0,0,원피스,111100
밴딩허리,google,2026-07-26,0,0,원피스,111100
밴딩허리,google,2026-08-02,0,0,원피스,111100
밴딩허리,google,2026-08-09,0,0,원피스,111100
밴딩허리,google,2026-08-16,0,0,원피스,111100
밴딩허리,google,2026-08-23,0,0,원피스,111100
밴딩허리,google,2026-08-30,0,0,원피스,111100
밴딩허리,google,2026-09-06,0,0,원피스,111100
밴딩허리,google,2026-09-13,0,0,원피스,111100
커브드,google,2025-09-14,2,3342,원피스,111100
커브드,google,2025-09-21,2,3342,원피스,111100
커브드,google,2025-09-28,2,3342,원피스,111100
커브드,google,2025-10-05,1,1671,원피스,111100
커브드,google,2025-10-12,2,3342,원피스,111100
커브드,google,2025-10-19,2,3342,원피스,111100
커브드,google,2025-10-26,2,3342,원피스,111100
커브드,google,2025-11-02,2,3342,원피스,111100
커브드,google,2025-11-09,2,3342,원피스,111100
커브드,google,2025-11-16,2,3342,원피스,111100
커브드,google,2025-11-23,3,5014,원피스,111100
커브드,google,2025-11-30,2,3342,원피스,111100
커브드,google,2025-12-07,2,3342,원피스,111100
커브드,google,2025-12-14,2,3342,원피스,111100
커브드,google,2025-12-21,2,3342,원피스,111100
커브드,google,2025-12-28,2,3342,원피스,111100
커브드,google,2026-01-04,2,3342,원피스,111100
커브드,google,2026-01-11,2,3342,원피스,111100
커브드,google,2026-01-18,2,3342,원피스,111100
커브드,google,2026-01-25,2,3342,원피스,111100
커브드,google,2026-02-01,2,3342,원피스,111100
커브드,google,2026-02-08,1,1671,원피스,111100
커브드,google,2026-02-15,3,5014,원피스,111100
커브드,google,2026-02-22,2,3342,원피스,111100
커브드,google,2026-03-01,2,3342,원피스,111100
커브드,google,2026-03-08,2,3342,원피스,111100
커브드,google,2026-03-15,2,3342,원피스,111100
커브드,google,2026-03-22,2,3342,원피스,111100
커브드,google,2026-03-29,2,3342,원피스,111100
커브드,google,2026-04-05,2,3342,원피스,111100
커브드,google,2026-04-12,2,3342,원피스,111100
커브드,google,2026-04-19,2,3342,원피스,111100
커브드,google,2026-04-26,1,1671,원피스,111100
커브드,google,2026-05-03,2,3342,원피스,111100
커브드,google,2026-05-10,2,3342,원피스,111100
커브드,google,2026-05-17,2,3342,원피스,111100
커브드,google,2026-05-24,2,3342,원피스,111100
커브드,google,2026-05-31,2,3342,원피스,111100
커브드,google,2026-06-07,2,3342,원피스,111100
커브드,google,2026-06-14,2,3342,원피스,111100
커브드,google,2026-06-21,2,3342,원피스,111100
커브드,google,2026-06-28,2,3342,원피스,111100
커브드,google,2026-07-05,1,1671,원피스,111100
커브드,google,2026-07-12,2,3342,원피스,111100
커브드,google,2026-07-19,2,3342,원피스,111100
커브드,google,2026-07-26,2,3342,원피스,111100
커브드,google,2026-08-02,1,1671,원피스,111100
커브드,google,2026-08-09,1,1671,원피스,111100
커브드,google,2026-08-16,2,3342,원피스,111100
커브드,google,2026-08-23,2,3342,원피스,111100
커브드,google,2026-08-30,1,1671,원피스,111100
커브드,google,2026-09-06,2,3342,원피스,111100
커브드,google,2026-09-13,2,3342,원피스,111100
스트라이프,google,2025-09-14,4,6685,원피스,111100
스트라이프,google,2025-09-21,4,6685,원피스,111100
스트라이프,google,2025-09-28,4,6685,원피스,111100
스트라이프,google,2025-10-05,5,8356,원피스,111100
스트라이프,google,2025-10-12,4,6685,원피스,111100
스트라이프,google,2025-10-19,3,5014,원피스,111100
스트라이프,google,2025-10-26,4,6685,원피스,111100
스트라이프,google,2025-11-02,4,6685,원피스,111100
스트라이프,google,2025-11-09,4,6685,원피스,111100
스트라이프,google,2025-11-16,3,5014,원피스,111100
스트라이프,google,2025-11-23,3,5014,원피스,111100
스트라이프,google,2025-11-30,2,3342,원피스,111100
스트라이프,google,2025-12-07,3,5014,원피스,111100
스트라이프,google,2025-12-14,3,5014,원피스,111100
스트라이프,google,2025-12-21,3,5014,원피스,111100
스트라이프,google,2025-12-28,3,5014,원피스,111100
스트라이프,google,2026-01-04,3,5014,원피스,111100
스트라이프,google,2026-01-11,3,5014,원피스,111100
스트라이프,google,2026-01-18,4,6685,원피스,111100
스트라이프,google,2026-01-25,3,5014,원피스,111100
스트라이프,google,2026-02-01,4,6685,원피스,111100
스트라이프,google,2026-02-08,5,8356,원피스,111100
스트라이프,google,2026-02-15,5,8356,원피스,111100
스트라이프,google,2026-02-22,3,5014,원피스,111100
스트라이프,google,2026-03-01,3,5014,원피스,111100
스트라이프,google,2026-03-08,3,5014,원피스,111100
스트라이프,google,2026-03-15,4,6685,원피스,111100
스트라이프,google,2026-03-22,4,6685,원피스,111100
스트라이프,google,2026-03-29,5,8356,원피스,111100
스트라이프,google,2026-04-05,5,8356,원피스,111100
스트라이프,google,2026-04-12,4,6685,원피스,111100
스트라이프,google,2026-04-19,4,6685,원피스,111100
스트라이프,google,2026-04-26,4,6685,원피스,111100
스트라이프,google,2026-05-03,5,8356,원피스,111100
스트라이프,google,2026-05-10,5,8356,원피스,111100
스트라이프,google,2026-05-17,5,8356,원피스,111100
스트라이프,google,2026-05-24,3,5014,원피스,111100
스트라이프,google,2026-05-31,5,8356,원피스,111100
스트라이프,google,2026-06-07,4,6685,원피스,111100
스트라이프,google,2026-06-14,4,6685,원피스,111100
스트라이프,google,2026-06-21,5,8356,원피스,111100
스트라이프,google,2026-06-28,4,6685,원피스,111100
스트라이프,google,2026-07-05,4,6685,원피스,111100
스트라이프,google,2026-07-12,4,6685,원피스,111100
스트라이프,google,2026-07-19,4,6685,원피스,111100
스트라이프,google,2026-07-26,3,5014,원피스,111100
스트라이프,google,2026-08-02,3,5014,원피스,111100
스트라이프,google,2026-08-09,3,5014,원피스,111100
스트라이프,google,2026-08-16,4,6685,원피스,111100
스트라이프,google,2026-08-23,3,5014,원피스,111100
스트라이프,google,2026-08-30,3,5014,원피스,111100
스트라이프,google,2026-09-06,4,6685,원피스,111100
스트라이프,google,2026-09-13,4,6685,원피스,111100
핀스트라이프,google,2025-09-14,0,0,원피스,111100
핀스트라이프,google,2025-09-21,0,0,원피스,111100
핀스트라이프,google,2025-09-28,0,0,원피스,111100
핀스트라이프,google,2025-10-05,0,0,원피스,111100
핀스트라이프,google,2025-10-12,0,0,원피스,111100
핀스트라이프,google,2025-10-19,0,0,원피스,111100
핀스트라이프,google,2025-10-26,0,0,원피스,111100
핀스트라이프,google,2025-11-02,0,0,원피스,111100
핀스트라이프,google,2025-11-09,0,0,원피스,111100
핀스트라이프,google,2025-11-16,0,0,원피스,111100
핀스트라이프,google,2025-11-23,0,0,원피스,111100
핀스트라이프,google,2025-11-30,0,0,원피스,111100
핀스트라이프,google,2025-12-07,0,0,원피스,111100
핀스트라이프,google,2025-12-14,0,0,원피스,111100
핀스트라이프,google,2025-12-21,0,0,원피스,111100
핀스트라이프,google,2025-12-28,0,0,원피스,111100
핀스트라이프,google,2026-01-04,0,0,원피스,111100
핀스트라이프,google,2026-01-11,0,0,원피스,111100
핀스트라이프,google,2026-01-18,0,0,원피스,111100
핀스트라이프,google,2026-01-25,0,0,원피스,111100
핀스트라이프,google,2026-02-01,0,0,원피스,111100
핀스트라이프,google,2026-02-08,0,0,원피스,111100
핀스트라이프,google,2026-02-15,0,0,원피스,111100
핀스트라이프,google,2026-02-22,0,0,원피스,111100
핀스트라이프,google,2026-03-01,0,0,원피스,111100
핀스트라이프,google,2026-03-08,0,0,원피스,111100
핀스트라이프,google,2026-03-15,0,0,원피스,111100
핀스트라이프,google,2026-03-22,0,0,원피스,111100
핀스트라이프,google,2026-03-29,0,0,원피스,111100
핀스트라이프,google,2026-04-05,0,0,원피스,111100
핀스트라이프,google,2026-04-12,0,0,원피스,111100
핀스트라이프,google,2026-04-19,0,0,원피스,111100
핀스트라이프,google,2026-04-26,0,0,원피스,111100
핀스트라이프,google,2026-05-03,0,0,원피스,111100
핀스트라이프,google,2026-05-10,0,0,원피스,111100
핀스트라이프,google,2026-05-17,0,0,원피스,111100
핀스트라이프,google,2026-05-24,0,0,원피스,111100
핀스트라이프,google,2026-05-31,0,0,원피스,111100
핀스트라이프,google,2026-06-07,0,0,원피스,111100
핀스트라이프,google,2026-06-14,0,0,원피스,111100
핀스트라이프,google,2026-06-21,0,0,원피스,111100
핀스트라이프,google,2026-06-28,0,0,원피스,111100
핀스트라이프,google,2026-07-05,0,0,원피스,111100
핀스트라이프,google,2026-07-12,0,0,원피스,111100
핀스트라이프,google,2026-07-19,0,0,원피스,111100
핀스트라이프,google,2026-07-26,0,0,원피스,111100
핀스트라이프,google,2026-08-02,0,0,원피스,111100
핀스트라이프,google,2026-08-09,0,0,원피스,111100
핀스트라이프,google,2026-08-16,0,0,원피스,111100
핀스트라이프,google,2026-08-23,0,0,원피스,111100
핀스트라이프,google,2026-08-30,0,0,원피스,111100
핀스트라이프,google,2026-09-06,0,0,원피스,111100
핀스트라이프,google,2026-09-13,0,0,원피스,111100
체크,google,2025-09-14,82,137053,원피스,111100
체크,google,2025-09-21,84,140396,원피스,111100
체크,google,2025-09-28,81,135382,원피스,111100
체크,google,2025-10-05,65,108640,원피스,111100
체크,google,2025-10-12,79,132039,원피스,111100
체크,google,2025-10-19,80,133711,원피스,111100
체크,google,2025-10-26,82,137053,원피스,111100
체크,google,2025-11-02,83,138725,원피스,111100
체크,google,2025-11-09,95,158781,원피스,111100
체크,google,2025-11-16,84,140396,원피스,111100
체크,google,2025-11-23,84,140396,원피스,111100
체크,google,2025-11-30,100,167138,원피스,111100
체크,google,2025-12-07,86,143739,원피스,111100
체크,google,2025-12-14,85,142067,원피스,111100
체크,google,2025-12-21,83,138725,원피스,111100
체크,google,2025-12-28,90,150424,원피스,111100
체크,google,2026-01-04,95,158781,원피스,111100
체크,google,2026-01-11,94,157110,원피스,111100
체크,google,2026-01-18,97,162124,원피스,111100
체크,google,2026-01-25,92,153767,원피스,111100
체크,google,2026-02-01,97,162124,원피스,111100
체크,google,2026-02-08,88,147082,원피스,111100
체크,google,2026-02-15,74,123682,원피스,111100
체크,google,2026-02-22,95,158781,원피스,111100
체크,google,2026-03-01,92,153767,원피스,111100
체크,google,2026-03-08,86,143739,원피스,111100
체크,google,2026-03-15,87,145410,원피스,111100
체크,google,2026-03-22,84,140396,원피스,111100
체크,google,2026-03-29,82,137053,원피스,111100
체크,google,2026-04-05,71,118668,원피스,111100
체크,google,2026-04-12,73,122011,원피스,111100
체크,google,2026-04-19,69,115325,원피스,111100
체크,google,2026-04-26,75,125354,원피스,111100
체크,google,2026-05-03,100,167138,원피스,111100
체크,google,2026-05-10,84,140396,원피스,111100
체크,google,2026-05-17,77,128696,원피스,111100
체크,google,2026-05-24,80,133711,원피스,111100
체크,google,2026-05-31,79,132039,원피스,111100
체크,google,2026-06-07,79,132039,원피스,111100
체크,google,2026-06-14,76,127025,원피스,111100
체크,google,2026-06-21,76,127025,원피스,111100
체크,google,2026-06-28,84,140396,원피스,111100
체크,google,2026-07-05,75,125354,원피스,111100
체크,google,2026-07-12,69,115325,원피스,111100
체크,google,2026-07-19,78,130368,원피스,111100
체크,google,2026-07-26,70,116997,원피스,111100
체크,google,2026-08-02,63,105297,원피스,111100
체크,google,2026-08-09,65,108640,원피스,111100
체크,google,2026-08-16,66,110311,원피스,111100
체크,google,2026-08-23,70,116997,원피스,111100
체크,google,2026-08-30,69,115325,원피스,111100
체크,google,2026-09-06,71,118668,원피스,111100
체크,google,2026-09-13,61,101954,원피스,111100
깅엄체크,google,2025-09-14,0,0,원피스,111100
깅엄체크,google,2025-09-21,0,0,원피스,111100
깅엄체크,google,2025-09-28,0,0,원피스,111100
깅엄체크,google,2025-10-05,0,0,원피스,111100
깅엄체크,google,2025-10-12,0,0,원피스,111100
깅엄체크,google,2025-10-19,0,0,원피스,111100
깅엄체크,google,2025-10-26,0,0,원피스,111100
깅엄체크,google,2025-11-02,0,0,원피스,111100
깅엄체크,google,2025-11-09,0,0,원피스,111100
깅엄체크,google,2025-11-16,0,0,원피스,111100
깅엄체크,google,2025-11-23,0,0,원피스,111100
깅엄체크,google,2025-11-30,0,0,원피스,111100
깅엄체크,google,2025-12-07,0,0,원피스,111100
깅엄체크,google,2025-12-14,0,0,원피스,111100
깅엄체크,google,2025-12-21,0,0,원피스,111100
깅엄체크,google,2025-12-28,0,0,원피스,111100
깅엄체크,google,2026-01-04,0,0,원피스,111100
깅엄체크,google,2026-01-11,0,0,원피스,111100
깅엄체크,google,2026-01-18,0,0,원피스,111100
깅엄체크,google,2026-01-25,0,0,원피스,111100
깅엄체크,google,2026-02-01,0,0,원피스,111100
깅엄체크,google,2026-02-08,0,0,원피스,111100
깅엄체크,google,2026-02-15,0,0,원피스,111100
깅엄체크,google,2026-02-22,0,0,원피스,111100
깅엄체크,google,2026-03-01,0,0,원피스,111100
깅엄체크,google,2026-03-08,0,0,원피스,111100
깅엄체크,google,2026-03-15,0,0,원피스,111100
깅엄체크,google,2026-03-22,0,0,원피스,111100
깅엄체크,google,2026-03-29,54,90254,원피스,111100
깅엄체크,google,2026-04-05,0,0,원피스,111100
깅엄체크,google,2026-04-12,0,0,원피스,111100
깅엄체크,google,2026-04-19,0,0,원피스,111100
깅엄체크,google,2026-04-26,0,0,원피스,111100
깅엄체크,google,2026-05-03,0,0,원피스,111100
깅엄체크,google,2026-05-10,53,88583,원피스,111100
깅엄체크,google,2026-05-17,0,0,원피스,111100
깅엄체크,google,2026-05-24,0,0,원피스,111100
깅엄체크,google,2026-05-31,0,0,원피스,111100
깅엄체크,google,2026-06-07,0,0,원피스,111100
깅엄체크,google,2026-06-14,0,0,원피스,111100
깅엄체크,google,2026-06-21,0,0,원피스,111100
깅엄체크,google,2026-06-28,45,75212,원피스,111100
깅엄체크,google,2026-07-05,0,0,원피스,111100
깅엄체크,google,2026-07-12,0,0,원피스,111100
깅엄체크,google,2026-07-19,0,0,원피스,111100
깅엄체크,google,2026-07-26,0,0,원피스,111100
깅엄체크,google,2026-08-02,0,0,원피스,111100
깅엄체크,google,2026-08-09,0,0,원피스,111100
깅엄체크,google,2026-08-16,0,0,원피스,111100
깅엄체크,google,2026-08-23,0,0,원피스,111100
깅엄체크,google,2026-08-30,9,15042,원피스,111100
깅엄체크,google,2026-09-06,13,21728,원피스,111100
깅엄체크,google,2026-09-13,0,0,원피스,111100
타탄체크,google,2025-09-14,0,0,원피스,111100
타탄체크,google,2025-09-21,0,0,원피스,111100
타탄체크,google,2025-09-28,0,0,원피스,111100
타탄체크,google,2025-10-05,0,0,원피스,111100
타탄체크,google,2025-10-12,0,0,원피스,111100
타탄체크,google,2025-10-19,0,0,원피스,111100
타탄체크,google,2025-10-26,0,0,원피스,111100
타탄체크,google,2025-11-02,0,0,원피스,111100
타탄체크,google,2025-11-09,0,0,원피스,111100
타탄체크,google,2025-11-16,0,0,원피스,111100
타탄체크,google,2025-11-23,0,0,원피스,111100
타탄체크,google,2025-11-30,0,0,원피스,111100
타탄체크,google,2025-12-07,0,0,원피스,111100
타탄체크,google,2025-12-14,0,0,원피스,111100
타탄체크,google,2025-12-21,0,0,원피스,111100
타탄체크,google,2025-12-28,0,0,원피스,111100
타탄체크,google,2026-01-04,0,0,원피스,111100
타탄체크,google,2026-01-11,0,0,원피스,111100
타탄체크,google,2026-01-18,0,0,원피스,111100
타탄체크,google,2026-01-25,0,0,원피스,111100
타탄체크,google,2026-02-01,0,0,원피스,111100
타탄체크,google,2026-02-08,0,0,원피스,111100
타탄체크,google,2026-02-15,0,0,원피스,111100
타탄체크,google,2026-02-22,0,0,원피스,111100
타탄체크,google,2026-03-01,0,0,원피스,111100
타탄체크,google,2026-03-08,0,0,원피스,111100
타탄체크,google,2026-03-15,0,0,원피스,111100
타탄체크,google,2026-03-22,0,0,원피스,111100
타탄체크,google,2026-03-29,0,0,원피스,111100
타탄체크,google,2026-04-05,0,0,원피스,111100
타탄체크,google,2026-04-12,0,0,원피스,111100
타탄체크,google,2026-04-19,0,0,원피스,111100
타탄체크,google,2026-04-26,0,0,원피스,111100
타탄체크,google,2026-05-03,0,0,원피스,111100
타탄체크,google,2026-05-10,0,0,원피스,111100
타탄체크,google,2026-05-17,0,0,원피스,111100
타탄체크,google,2026-05-24,0,0,원피스,111100
타탄체크,google,2026-05-31,0,0,원피스,111100
타탄체크,google,2026-06-07,0,0,원피스,111100
타탄체크,google,2026-06-14,0,0,원피스,111100
타탄체크,google,2026-06-21,0,0,원피스,111100
타탄체크,google,2026-06-28,0,0,원피스,111100
타탄체크,google,2026-07-05,0,0,원피스,111100
타탄체크,google,2026-07-12,0,0,원피스,111100
타탄체크,google,2026-07-19,0,0,원피스,111100
타탄체크,google,2026-07-26,0,0,원피스,111100
타탄체크,google,2026-08-02,0,0,원피스,111100
타탄체크,google,2026-08-09,0,0,원피스,111100
타탄체크,google,2026-08-16,0,0,원피스,111100
타탄체크,google,2026-08-23,0,0,원피스,111100
타탄체크,google,2026-08-30,11,18385,원피스,111100
타탄체크,google,2026-09-06,12,20056,원피스,111100
타탄체크,google,2026-09-13,0,0,원피스,111100
글렌체크,google,2025-09-14,0,0,원피스,111100
글렌체크,google,2025-09-21,66,110311,원피스,111100
글렌체크,google,2025-09-28,63,105297,원피스,111100
글렌체크,google,2025-10-05,0,0,원피스,111100
글렌체크,google,2025-10-12,0,0,원피스,111100
글렌체크,google,2025-10-19,50,83569,원피스,111100
글렌체크,google,2025-10-26,59,98611,원피스,111100
글렌체크,google,2025-11-02,0,0,원피스,111100
글렌체크,google,2025-11-09,0,0,원피스,111100
글렌체크,google,2025-11-16,0,0,원피스,111100
글렌체크,google,2025-11-23,0,0,원피스,111100
글렌체크,google,2025-11-30,0,0,원피스,111100
글렌체크,google,2025-12-07,0,0,원피스,111100
글렌체크,google,2025-12-14,0,0,원피스,111100
글렌체크,google,2025-12-21,0,0,원피스,111100
글렌체크,google,2025-12-28,74,123682,원피스,111100
글렌체크,google,2026-01-04,0,0,원피스,111100
글렌체크,google,2026-01-11,0,0,원피스,111100
글렌체크,google,2026-01-18,0,0,원피스,111100
글렌체크,google,2026-01-25,0,0,원피스,111100
글렌체크,google,2026-02-01,0,0,원피스,111100
글렌체크,google,2026-02-08,0,0,원피스,111100
글렌체크,google,2026-02-15,46,76883,원피스,111100
글렌체크,google,2026-02-22,0,0,원피스,111100
글렌체크,google,2026-03-01,0,0,원피스,111100
글렌체크,google,2026-03-08,0,0,원피스,111100
글렌체크,google,2026-03-15,0,0,원피스,111100
글렌체크,google,2026-03-22,0,0,원피스,111100
글렌체크,google,2026-03-29,0,0,원피스,111100
글렌체크,google,2026-04-05,0,0,원피스,111100
글렌체크,google,2026-04-12,0,0,원피스,111100
글렌체크,google,2026-04-19,0,0,원피스,111100
글렌체크,google,2026-04-26,0,0,원피스,111100
글렌체크,google,2026-05-03,0,0,원피스,111100
글렌체크,google,2026-05-10,0,0,원피스,111100
글렌체크,google,2026-05-17,0,0,원피스,111100
글렌체크,google,2026-05-24,0,0,원피스,111100
글렌체크,google,2026-05-31,0,0,원피스,111100
글렌체크,google,2026-06-07,0,0,원피스,111100
글렌체크,google,2026-06-14,0,0,원피스,111100
글렌체크,google,2026-06-21,0,0,원피스,111100
글렌체크,google,2026-06-28,0,0,원피스,111100
글렌체크,google,2026-07-05,0,0,원피스,111100
글렌체크,google,2026-07-12,0,0,원피스,111100
글렌체크,google,2026-07-19,0,0,원피스,111100
글렌체크,google,2026-07-26,0,0,원피스,111100
글렌체크,google,2026-08-02,0,0,원피스,111100
글렌체크,google,2026-08-09,0,0,원피스,111100
글렌체크,google,2026-08-16,0,0,원피스,111100
글렌체크,google,2026-08-23,0,0,원피스,111100
글렌체크,google,2026-08-30,16,26742,원피스,111100
글렌체크,google,2026-09-06,23,38441,원피스,111100
글렌체크,google,2026-09-13,0,0,원피스,111100
하운드투스,google,2025-09-14,0,0,원피스,111100
하운드투스,google,2025-09-21,0,0,원피스,111100
하운드투스,google,2025-09-28,0,0,원피스,111100
하운드투스,google,2025-10-05,0,0,원피스,111100
하운드투스,google,2025-10-12,0,0,원피스,111100
하운드투스,google,2025-10-19,0,0,원피스,111100
하운드투스,google,2025-10-26,0,0,원피스,111100
하운드투스,google,2025-11-02,0,0,원피스,111100
하운드투스,google,2025-11-09,0,0,원피스,111100
하운드투스,google,2025-11-16,0,0,원피스,111100
하운드투스,google,2025-11-23,0,0,원피스,111100
하운드투스,google,2025-11-30,0,0,원피스,111100
하운드투스,google,2025-12-07,0,0,원피스,111100
하운드투스,google,2025-12-14,0,0,원피스,111100
하운드투스,google,2025-12-21,0,0,원피스,111100
하운드투스,google,2025-12-28,0,0,원피스,111100
하운드투스,google,2026-01-04,0,0,원피스,111100
하운드투스,google,2026-01-11,0,0,원피스,111100
하운드투스,google,2026-01-18,0,0,원피스,111100
하운드투스,google,2026-01-25,0,0,원피스,111100
하운드투스,google,2026-02-01,0,0,원피스,111100
하운드투스,google,2026-02-08,0,0,원피스,111100
하운드투스,google,2026-02-15,0,0,원피스,111100
하운드투스,google,2026-02-22,0,0,원피스,111100
하운드투스,google,2026-03-01,0,0,원피스,111100
하운드투스,google,2026-03-08,0,0,원피스,111100
하운드투스,google,2026-03-15,0,0,원피스,111100
하운드투스,google,2026-03-22,0,0,원피스,111100
하운드투스,google,2026-03-29,0,0,원피스,111100
하운드투스,google,2026-04-05,0,0,원피스,111100
하운드투스,google,2026-04-12,0,0,원피스,111100
하운드투스,google,2026-04-19,0,0,원피스,111100
하운드투스,google,2026-04-26,0,0,원피스,111100
하운드투스,google,2026-05-03,0,0,원피스,111100
하운드투스,google,2026-05-10,0,0,원피스,111100
하운드투스,google,2026-05-17,0,0,원피스,111100
하운드투스,google,2026-05-24,0,0,원피스,111100
하운드투스,google,2026-05-31,0,0,원피스,111100
하운드투스,google,2026-06-07,0,0,원피스,111100
하운드투스,google,2026-06-14,0,0,원피스,111100
하운드투스,google,2026-06-21,0,0,원피스,111100
하운드투스,google,2026-06-28,0,0,원피스,111100
하운드투스,google,2026-07-05,0,0,원피스,111100
하운드투스,google,2026-07-12,0,0,원피스,111100
하운드투스,google,2026-07-19,0,0,원피스,111100
하운드투스,google,2026-07-26,0,0,원피스,111100
하운드투스,google,2026-08-02,0,0,원피스,111100
하운드투스,google,2026-08-09,0,0,원피스,111100
하운드투스,google,2026-08-16,0,0,원피스,111100
하운드투스,google,2026-08-23,0,0,원피스,111100
하운드투스,google,2026-08-30,15,25070,원피스,111100
하운드투스,google,2026-09-06,8,13371,원피스,111100
하운드투스,google,2026-09-13,0,0,원피스,111100
아가일,google,2025-09-14,73,122011,원피스,111100
아가일,google,2025-09-21,0,0,원피스,111100
아가일,google,2025-09-28,61,101954,원피스,111100
아가일,google,2025-10-05,71,118668,원피스,111100
아가일,google,2025-10-12,64,106968,원피스,111100
아가일,google,2025-10-19,54,90254,원피스,111100
아가일,google,2025-10-26,93,155439,원피스,111100
아가일,google,2025-11-02,63,105297,원피스,111100
아가일,google,2025-11-09,60,100283,원피스,111100
아가일,google,2025-11-16,98,163796,원피스,111100
아가일,google,2025-11-23,92,153767,원피스,111100
아가일,google,2025-11-30,66,110311,원피스,111100
아가일,google,2025-12-07,84,140396,원피스,111100
아가일,google,2025-12-14,61,101954,원피스,111100
아가일,google,2025-12-21,100,167138,원피스,111100
아가일,google,2025-12-28,0,0,원피스,111100
아가일,google,2026-01-04,0,0,원피스,111100
아가일,google,2026-01-11,0,0,원피스,111100
아가일,google,2026-01-18,53,88583,원피스,111100
아가일,google,2026-01-25,80,133711,원피스,111100
아가일,google,2026-02-01,85,142067,원피스,111100
아가일,google,2026-02-08,66,110311,원피스,111100
아가일,google,2026-02-15,45,75212,원피스,111100
아가일,google,2026-02-22,0,0,원피스,111100
아가일,google,2026-03-01,0,0,원피스,111100
아가일,google,2026-03-08,0,0,원피스,111100
아가일,google,2026-03-15,0,0,원피스,111100
아가일,google,2026-03-22,0,0,원피스,111100
아가일,google,2026-03-29,0,0,원피스,111100
아가일,google,2026-04-05,0,0,원피스,111100
아가일,google,2026-04-12,0,0,원피스,111100
아가일,google,2026-04-19,0,0,원피스,111100
아가일,google,2026-04-26,0,0,원피스,111100
아가일,google,2026-05-03,0,0,원피스,111100
아가일,google,2026-05-10,0,0,원피스,111100
아가일,google,2026-05-17,54,90254,원피스,111100
아가일,google,2026-05-24,0,0,원피스,111100
아가일,google,2026-05-31,0,0,원피스,111100
아가일,google,2026-06-07,0,0,원피스,111100
아가일,google,2026-06-14,0,0,원피스,111100
아가일,google,2026-06-21,0,0,원피스,111100
아가일,google,2026-06-28,0,0,원피스,111100
아가일,google,2026-07-05,0,0,원피스,111100
아가일,google,2026-07-12,0,0,원피스,111100
아가일,google,2026-07-19,0,0,원피스,111100
아가일,google,2026-07-26,64,106968,원피스,111100
아가일,google,2026-08-02,0,0,원피스,111100
아가일,google,2026-08-09,40,66855,원피스,111100
아가일,google,2026-08-16,54,90254,원피스,111100
아가일,google,2026-08-23,0,0,원피스,111100
아가일,google,2026-08-30,41,68526,원피스,111100
아가일,google,2026-09-06,32,53484,원피스,111100
아가일,google,2026-09-13,36,60169,원피스,111100
레오파드,google,2025-09-14,27,45127,원피스,111100
레오파드,google,2025-09-21,32,53484,원피스,111100
레오파드,google,2025-09-28,24,40113,원피스,111100
레오파드,google,2025-10-05,30,50141,원피스,111100
레오파드,google,2025-10-12,33,55155,원피스,111100
레오파드,google,2025-10-19,36,60169,원피스,111100
레오파드,google,2025-10-26,34,56827,원피스,111100
레오파드,google,2025-11-02,37,61841,원피스,111100
레오파드,google,2025-11-09,42,70198,원피스,111100
레오파드,google,2025-11-16,39,65184,원피스,111100
레오파드,google,2025-11-23,37,61841,원피스,111100
레오파드,google,2025-11-30,42,70198,원피스,111100
레오파드,google,2025-12-07,37,61841,원피스,111100
레오파드,google,2025-12-14,32,53484,원피스,111100
레오파드,google,2025-12-21,32,53484,원피스,111100
레오파드,google,2025-12-28,39,65184,원피스,111100
레오파드,google,2026-01-04,31,51813,원피스,111100
레오파드,google,2026-01-11,30,50141,원피스,111100
레오파드,google,2026-01-18,40,66855,원피스,111100
레오파드,google,2026-01-25,34,56827,원피스,111100
레오파드,google,2026-02-01,31,51813,원피스,111100
레오파드,google,2026-02-08,37,61841,원피스,111100
레오파드,google,2026-02-15,37,61841,원피스,111100
레오파드,google,2026-02-22,30,50141,원피스,111100
레오파드,google,2026-03-01,36,60169,원피스,111100
레오파드,google,2026-03-08,31,51813,원피스,111100
레오파드,google,2026-03-15,29,48470,원피스,111100
레오파드,google,2026-03-22,29,48470,원피스,111100
레오파드,google,2026-03-29,25,41784,원피스,111100
레오파드,google,2026-04-05,28,46798,원피스,111100
레오파드,google,2026-04-12,34,56827,원피스,111100
레오파드,google,2026-04-19,26,43456,원피스,111100
레오파드,google,2026-04-26,28,46798,원피스,111100
레오파드,google,2026-05-03,37,61841,원피스,111100
레오파드,google,2026-05-10,32,53484,원피스,111100
레오파드,google,2026-05-17,32,53484,원피스,111100
레오파드,google,2026-05-24,39,65184,원피스,111100
레오파드,google,2026-05-31,26,43456,원피스,111100
레오파드,google,2026-06-07,35,58498,원피스,111100
레오파드,google,2026-06-14,51,85240,원피스,111100
레오파드,google,2026-06-21,42,70198,원피스,111100
레오파드,google,2026-06-28,38,63512,원피스,111100
레오파드,google,2026-07-05,42,70198,원피스,111100
레오파드,google,2026-07-12,32,53484,원피스,111100
레오파드,google,2026-07-19,29,48470,원피스,111100
레오파드,google,2026-07-26,37,61841,원피스,111100
레오파드,google,2026-08-02,34,56827,원피스,111100
레오파드,google,2026-08-09,23,38441,원피스,111100
레오파드,google,2026-08-16,34,56827,원피스,111100
레오파드,google,2026-08-23,37,61841,원피스,111100
레오파드,google,2026-08-30,31,51813,원피스,111100
레오파드,google,2026-09-06,32,53484,원피스,111100
레오파드,google,2026-09-13,36,60169,원피스,111100
지브라,google,2025-09-14,99,165467,원피스,111100
지브라,google,2025-09-21,84,140396,원피스,111100
지브라,google,2025-09-28,61,101954,원피스,111100
지브라,google,2025-10-05,27,45127,원피스,111100
지브라,google,2025-10-12,100,167138,원피스,111100
지브라,google,2025-10-19,87,145410,원피스,111100
지브라,google,2025-10-26,74,123682,원피스,111100
지브라,google,2025-11-02,83,138725,원피스,111100
지브라,google,2025-11-09,66,110311,원피스,111100
지브라,google,2025-11-16,82,137053,원피스,111100
지브라,google,2025-11-23,75,125354,원피스,111100
지브라,google,2025-11-30,58,96940,원피스,111100
지브라,google,2025-12-07,43,71869,원피스,111100
지브라,google,2025-12-14,45,75212,원피스,111100
지브라,google,2025-12-21,35,58498,원피스,111100
지브라,google,2025-12-28,37,61841,원피스,111100
지브라,google,2026-01-04,21,35099,원피스,111100
지브라,google,2026-01-11,19,31756,원피스,111100
지브라,google,2026-01-18,25,41784,원피스,111100
지브라,google,2026-01-25,21,35099,원피스,111100
지브라,google,2026-02-01,21,35099,원피스,111100
지브라,google,2026-02-08,17,28413,원피스,111100
지브라,google,2026-02-15,17,28413,원피스,111100
지브라,google,2026-02-22,26,43456,원피스,111100
지브라,google,2026-03-01,33,55155,원피스,111100
지브라,google,2026-03-08,34,56827,원피스,111100
지브라,google,2026-03-15,41,68526,원피스,111100
지브라,google,2026-03-22,51,85240,원피스,111100
지브라,google,2026-03-29,57,95269,원피스,111100
지브라,google,2026-04-05,59,98611,원피스,111100
지브라,google,2026-04-12,56,93597,원피스,111100
지브라,google,2026-04-19,35,58498,원피스,111100
지브라,google,2026-04-26,29,48470,원피스,111100
지브라,google,2026-05-03,49,81898,원피스,111100
지브라,google,2026-05-10,68,113654,원피스,111100
지브라,google,2026-05-17,54,90254,원피스,111100
지브라,google,2026-05-24,69,115325,원피스,111100
지브라,google,2026-05-31,65,108640,원피스,111100
지브라,google,2026-06-07,95,158781,원피스,111100
지브라,google,2026-06-14,77,128696,원피스,111100
지브라,google,2026-06-21,55,91926,원피스,111100
지브라,google,2026-06-28,30,50141,원피스,111100
지브라,google,2026-07-05,62,103626,원피스,111100
지브라,google,2026-07-12,58,96940,원피스,111100
지브라,google,2026-07-19,29,48470,원피스,111100
지브라,google,2026-07-26,28,46798,원피스,111100
지브라,google,2026-08-02,17,28413,원피스,111100
지브라,google,2026-08-09,22,36770,원피스,111100
지브라,google,2026-08-16,40,66855,원피스,111100
지브라,google,2026-08-23,71,118668,원피스,111100
지브라,google,2026-08-30,61,101954,원피스,111100
지브라,google,2026-09-06,69,115325,원피스,111100
지브라,google,2026-09-13,67,111982,원피스,111100
카우프린트,google,2025-09-14,0,0,원피스,111100
카우프린트,google,2025-09-21,0,0,원피스,111100
카우프린트,google,2025-09-28,0,0,원피스,111100
카우프린트,google,2025-10-05,0,0,원피스,111100
카우프린트,google,2025-10-12,0,0,원피스,111100
카우프린트,google,2025-10-19,0,0,원피스,111100
카우프린트,google,2025-10-26,0,0,원피스,111100
카우프린트,google,2025-11-02,0,0,원피스,111100
카우프린트,google,2025-11-09,0,0,원피스,111100
카우프린트,google,2025-11-16,0,0,원피스,111100
카우프린트,google,2025-11-23,0,0,원피스,111100
카우프린트,google,2025-11-30,0,0,원피스,111100
카우프린트,google,2025-12-07,0,0,원피스,111100
카우프린트,google,2025-12-14,0,0,원피스,111100
카우프린트,google,2025-12-21,0,0,원피스,111100
카우프린트,google,2025-12-28,0,0,원피스,111100
카우프린트,google,2026-01-04,0,0,원피스,111100
카우프린트,google,2026-01-11,0,0,원피스,111100
카우프린트,google,2026-01-18,0,0,원피스,111100
카우프린트,google,2026-01-25,0,0,원피스,111100
카우프린트,google,2026-02-01,0,0,원피스,111100
카우프린트,google,2026-02-08,0,0,원피스,111100
카우프린트,google,2026-02-15,0,0,원피스,111100
카우프린트,google,2026-02-22,0,0,원피스,111100
카우프린트,google,2026-03-01,0,0,원피스,111100
카우프린트,google,2026-03-08,0,0,원피스,111100
카우프린트,google,2026-03-15,0,0,원피스,111100
카우프린트,google,2026-03-22,0,0,원피스,111100
카우프린트,google,2026-03-29,0,0,원피스,111100
카우프린트,google,2026-04-05,0,0,원피스,111100
카우프린트,google,2026-04-12,0,0,원피스,111100
카우프린트,google,2026-04-19,0,0,원피스,111100
카우프린트,google,2026-04-26,0,0,원피스,111100
카우프린트,google,2026-05-03,0,0,원피스,111100
카우프린트,google,2026-05-10,0,0,원피스,111100
카우프린트,google,2026-05-17,0,0,원피스,111100
카우프린트,google,2026-05-24,0,0,원피스,111100
카우프린트,google,2026-05-31,0,0,원피스,111100
카우프린트,google,2026-06-07,0,0,원피스,111100
카우프린트,google,2026-06-14,0,0,원피스,111100
카우프린트,google,2026-06-21,0,0,원피스,111100
카우프린트,google,2026-06-28,0,0,원피스,111100
카우프린트,google,2026-07-05,0,0,원피스,111100
카우프린트,google,2026-07-12,0,0,원피스,111100
카우프린트,google,2026-07-19,0,0,원피스,111100
카우프린트,google,2026-07-26,0,0,원피스,111100
카우프린트,google,2026-08-02,0,0,원피스,111100
카우프린트,google,2026-08-09,0,0,원피스,111100
카우프린트,google,2026-08-16,0,0,원피스,111100
카우프린트,google,2026-08-23,0,0,원피스,111100
카우프린트,google,2026-08-30,0,0,원피스,111100
카우프린트,google,2026-09-06,0,0,원피스,111100
카우프린트,google,2026-09-13,0,0,원피스,111100
스네이크프린트,google,2025-09-14,0,0,원피스,111100
스네이크프린트,google,2025-09-21,0,0,원피스,111100
스네이크프린트,google,2025-09-28,0,0,원피스,111100
스네이크프린트,google,2025-10-05,0,0,원피스,111100
스네이크프린트,google,2025-10-12,0,0,원피스,111100
스네이크프린트,google,2025-10-19,0,0,원피스,111100
스네이크프린트,google,2025-10-26,0,0,원피스,111100
스네이크프린트,google,2025-11-02,0,0,원피스,111100
스네이크프린트,google,2025-11-09,0,0,원피스,111100
스네이크프린트,google,2025-11-16,0,0,원피스,111100
스네이크프린트,google,2025-11-23,0,0,원피스,111100
스네이크프린트,google,2025-11-30,0,0,원피스,111100
스네이크프린트,google,2025-12-07,0,0,원피스,111100
스네이크프린트,google,2025-12-14,0,0,원피스,111100
스네이크프린트,google,2025-12-21,0,0,원피스,111100
스네이크프린트,google,2025-12-28,0,0,원피스,111100
스네이크프린트,google,2026-01-04,0,0,원피스,111100
스네이크프린트,google,2026-01-11,0,0,원피스,111100
스네이크프린트,google,2026-01-18,0,0,원피스,111100
스네이크프린트,google,2026-01-25,0,0,원피스,111100
스네이크프린트,google,2026-02-01,0,0,원피스,111100
스네이크프린트,google,2026-02-08,0,0,원피스,111100
스네이크프린트,google,2026-02-15,0,0,원피스,111100
스네이크프린트,google,2026-02-22,0,0,원피스,111100
스네이크프린트,google,2026-03-01,0,0,원피스,111100
스네이크프린트,google,2026-03-08,0,0,원피스,111100
스네이크프린트,google,2026-03-15,0,0,원피스,111100
스네이크프린트,google,2026-03-22,0,0,원피스,111100
스네이크프린트,google,2026-03-29,0,0,원피스,111100
스네이크프린트,google,2026-04-05,0,0,원피스,111100
스네이크프린트,google,2026-04-12,0,0,원피스,111100
스네이크프린트,google,2026-04-19,0,0,원피스,111100
스네이크프린트,google,2026-04-26,0,0,원피스,111100
스네이크프린트,google,2026-05-03,0,0,원피스,111100
스네이크프린트,google,2026-05-10,0,0,원피스,111100
스네이크프린트,google,2026-05-17,0,0,원피스,111100
스네이크프린트,google,2026-05-24,0,0,원피스,111100
스네이크프린트,google,2026-05-31,0,0,원피스,111100
스네이크프린트,google,2026-06-07,0,0,원피스,111100
스네이크프린트,google,2026-06-14,0,0,원피스,111100
스네이크프린트,google,2026-06-21,0,0,원피스,111100
스네이크프린트,google,2026-06-28,0,0,원피스,111100
스네이크프린트,google,2026-07-05,0,0,원피스,111100
스네이크프린트,google,2026-07-12,0,0,원피스,111100
스네이크프린트,google,2026-07-19,0,0,원피스,111100
스네이크프린트,google,2026-07-26,0,0,원피스,111100
스네이크프린트,google,2026-08-02,0,0,원피스,111100
스네이크프린트,google,2026-08-09,0,0,원피스,111100
스네이크프린트,google,2026-08-16,0,0,원피스,111100
스네이크프린트,google,2026-08-23,0,0,원피스,111100
스네이크프린트,google,2026-08-30,0,0,원피스,111100
스네이크프린트,google,2026-09-06,0,0,원피스,111100
스네이크프린트,google,2026-09-13,0,0,원피스,111100
카무플라주,google,2025-09-14,0,0,원피스,111100
카무플라주,google,2025-09-21,0,0,원피스,111100
카무플라주,google,2025-09-28,0,0,원피스,111100
카무플라주,google,2025-10-05,0,0,원피스,111100
카무플라주,google,2025-10-12,0,0,원피스,111100
카무플라주,google,2025-10-19,0,0,원피스,111100
카무플라주,google,2025-10-26,0,0,원피스,111100
카무플라주,google,2025-11-02,0,0,원피스,111100
카무플라주,google,2025-11-09,0,0,원피스,111100
카무플라주,google,2025-11-16,0,0,원피스,111100
카무플라주,google,2025-11-23,0,0,원피스,111100
카무플라주,google,2025-11-30,0,0,원피스,111100
카무플라주,google,2025-12-07,0,0,원피스,111100
카무플라주,google,2025-12-14,0,0,원피스,111100
카무플라주,google,2025-12-21,0,0,원피스,111100
카무플라주,google,2025-12-28,0,0,원피스,111100
카무플라주,google,2026-01-04,0,0,원피스,111100
카무플라주,google,2026-01-11,0,0,원피스,111100
카무플라주,google,2026-01-18,0,0,원피스,111100
카무플라주,google,2026-01-25,0,0,원피스,111100
카무플라주,google,2026-02-01,0,0,원피스,111100
카무플라주,google,2026-02-08,0,0,원피스,111100
카무플라주,google,2026-02-15,0,0,원피스,111100
카무플라주,google,2026-02-22,0,0,원피스,111100
카무플라주,google,2026-03-01,0,0,원피스,111100
카무플라주,google,2026-03-08,0,0,원피스,111100
카무플라주,google,2026-03-15,0,0,원피스,111100
카무플라주,google,2026-03-22,0,0,원피스,111100
카무플라주,google,2026-03-29,0,0,원피스,111100
카무플라주,google,2026-04-05,0,0,원피스,111100
카무플라주,google,2026-04-12,0,0,원피스,111100
카무플라주,google,2026-04-19,0,0,원피스,111100
카무플라주,google,2026-04-26,0,0,원피스,111100
카무플라주,google,2026-05-03,0,0,원피스,111100
카무플라주,google,2026-05-10,0,0,원피스,111100
카무플라주,google,2026-05-17,0,0,원피스,111100
카무플라주,google,2026-05-24,0,0,원피스,111100
카무플라주,google,2026-05-31,0,0,원피스,111100
카무플라주,google,2026-06-07,0,0,원피스,111100
카무플라주,google,2026-06-14,0,0,원피스,111100
카무플라주,google,2026-06-21,0,0,원피스,111100
카무플라주,google,2026-06-28,0,0,원피스,111100
카무플라주,google,2026-07-05,0,0,원피스,111100
카무플라주,google,2026-07-12,0,0,원피스,111100
카무플라주,google,2026-07-19,0,0,원피스,111100
카무플라주,google,2026-07-26,0,0,원피스,111100
카무플라주,google,2026-08-02,0,0,원피스,111100
카무플라주,google,2026-08-09,0,0,원피스,111100
카무플라주,google,2026-08-16,0,0,원피스,111100
카무플라주,google,2026-08-23,0,0,원피스,111100
카무플라주,google,2026-08-30,1,1671,원피스,111100
카무플라주,google,2026-09-06,1,1671,원피스,111100
카무플라주,google,2026-09-13,0,0,원피스,111100
플로럴,google,2025-09-14,4,6685,원피스,111100
플로럴,google,2025-09-21,5,8356,원피스,111100
플로럴,google,2025-09-28,4,6685,원피스,111100
플로럴,google,2025-10-05,0,0,원피스,111100
플로럴,google,2025-10-12,6,10028,원피스,111100
플로럴,google,2025-10-19,6,10028,원피스,111100
플로럴,google,2025-10-26,6,10028,원피스,111100
플로럴,google,2025-11-02,6,10028,원피스,111100
플로럴,google,2025-11-09,7,11699,원피스,111100
플로럴,google,2025-11-16,0,0,원피스,111100
플로럴,google,2025-11-23,7,11699,원피스,111100
플로럴,google,2025-11-30,6,10028,원피스,111100
플로럴,google,2025-12-07,6,10028,원피스,111100
플로럴,google,2025-12-14,7,11699,원피스,111100
플로럴,google,2025-12-21,10,16713,원피스,111100
플로럴,google,2025-12-28,4,6685,원피스,111100
플로럴,google,2026-01-04,10,16713,원피스,111100
플로럴,google,2026-01-11,0,0,원피스,111100
플로럴,google,2026-01-18,7,11699,원피스,111100
플로럴,google,2026-01-25,6,10028,원피스,111100
플로럴,google,2026-02-01,8,13371,원피스,111100
플로럴,google,2026-02-08,5,8356,원피스,111100
플로럴,google,2026-02-15,7,11699,원피스,111100
플로럴,google,2026-02-22,5,8356,원피스,111100
플로럴,google,2026-03-01,5,8356,원피스,111100
플로럴,google,2026-03-08,7,11699,원피스,111100
플로럴,google,2026-03-15,8,13371,원피스,111100
플로럴,google,2026-03-22,6,10028,원피스,111100
플로럴,google,2026-03-29,6,10028,원피스,111100
플로럴,google,2026-04-05,3,5014,원피스,111100
플로럴,google,2026-04-12,6,10028,원피스,111100
플로럴,google,2026-04-19,5,8356,원피스,111100
플로럴,google,2026-04-26,7,11699,원피스,111100
플로럴,google,2026-05-03,6,10028,원피스,111100
플로럴,google,2026-05-10,7,11699,원피스,111100
플로럴,google,2026-05-17,5,8356,원피스,111100
플로럴,google,2026-05-24,4,6685,원피스,111100
플로럴,google,2026-05-31,6,10028,원피스,111100
플로럴,google,2026-06-07,4,6685,원피스,111100
플로럴,google,2026-06-14,5,8356,원피스,111100
플로럴,google,2026-06-21,4,6685,원피스,111100
플로럴,google,2026-06-28,5,8356,원피스,111100
플로럴,google,2026-07-05,6,10028,원피스,111100
플로럴,google,2026-07-12,6,10028,원피스,111100
플로럴,google,2026-07-19,5,8356,원피스,111100
플로럴,google,2026-07-26,7,11699,원피스,111100
플로럴,google,2026-08-02,4,6685,원피스,111100
플로럴,google,2026-08-09,4,6685,원피스,111100
플로럴,google,2026-08-16,7,11699,원피스,111100
플로럴,google,2026-08-23,5,8356,원피스,111100
플로럴,google,2026-08-30,3,5014,원피스,111100
플로럴,google,2026-09-06,5,8356,원피스,111100
플로럴,google,2026-09-13,3,5014,원피스,111100
페이즐리,google,2025-09-14,0,0,원피스,111100
페이즐리,google,2025-09-21,0,0,원피스,111100
페이즐리,google,2025-09-28,0,0,원피스,111100
페이즐리,google,2025-10-05,0,0,원피스,111100
페이즐리,google,2025-10-12,0,0,원피스,111100
페이즐리,google,2025-10-19,0,0,원피스,111100
페이즐리,google,2025-10-26,5,8356,원피스,111100
페이즐리,google,2025-11-02,0,0,원피스,111100
페이즐리,google,2025-11-09,0,0,원피스,111100
페이즐리,google,2025-11-16,0,0,원피스,111100
페이즐리,google,2025-11-23,0,0,원피스,111100
페이즐리,google,2025-11-30,0,0,원피스,111100
페이즐리,google,2025-12-07,0,0,원피스,111100
페이즐리,google,2025-12-14,4,6685,원피스,111100
페이즐리,google,2025-12-21,0,0,원피스,111100
페이즐리,google,2025-12-28,0,0,원피스,111100
페이즐리,google,2026-01-04,5,8356,원피스,111100
페이즐리,google,2026-01-11,0,0,원피스,111100
페이즐리,google,2026-01-18,0,0,원피스,111100
페이즐리,google,2026-01-25,0,0,원피스,111100
페이즐리,google,2026-02-01,0,0,원피스,111100
페이즐리,google,2026-02-08,0,0,원피스,111100
페이즐리,google,2026-02-15,4,6685,원피스,111100
페이즐리,google,2026-02-22,0,0,원피스,111100
페이즐리,google,2026-03-01,0,0,원피스,111100
페이즐리,google,2026-03-08,0,0,원피스,111100
페이즐리,google,2026-03-15,0,0,원피스,111100
페이즐리,google,2026-03-22,0,0,원피스,111100
페이즐리,google,2026-03-29,0,0,원피스,111100
페이즐리,google,2026-04-05,0,0,원피스,111100
페이즐리,google,2026-04-12,0,0,원피스,111100
페이즐리,google,2026-04-19,4,6685,원피스,111100
페이즐리,google,2026-04-26,0,0,원피스,111100
페이즐리,google,2026-05-03,0,0,원피스,111100
페이즐리,google,2026-05-10,4,6685,원피스,111100
페이즐리,google,2026-05-17,4,6685,원피스,111100
페이즐리,google,2026-05-24,4,6685,원피스,111100
페이즐리,google,2026-05-31,0,0,원피스,111100
페이즐리,google,2026-06-07,3,5014,원피스,111100
페이즐리,google,2026-06-14,0,0,원피스,111100
페이즐리,google,2026-06-21,0,0,원피스,111100
페이즐리,google,2026-06-28,0,0,원피스,111100
페이즐리,google,2026-07-05,4,6685,원피스,111100
페이즐리,google,2026-07-12,0,0,원피스,111100
페이즐리,google,2026-07-19,0,0,원피스,111100
페이즐리,google,2026-07-26,0,0,원피스,111100
페이즐리,google,2026-08-02,0,0,원피스,111100
페이즐리,google,2026-08-09,0,0,원피스,111100
페이즐리,google,2026-08-16,0,0,원피스,111100
페이즐리,google,2026-08-23,0,0,원피스,111100
페이즐리,google,2026-08-30,1,1671,원피스,111100
페이즐리,google,2026-09-06,2,3342,원피스,111100
페이즐리,google,2026-09-13,0,0,원피스,111100
도트,google,2025-09-14,93,155439,원피스,111100
도트,google,2025-09-21,90,150424,원피스,111100
도트,google,2025-09-28,77,128696,원피스,111100
도트,google,2025-10-05,87,145410,원피스,111100
도트,google,2025-10-12,83,138725,원피스,111100
도트,google,2025-10-19,93,155439,원피스,111100
도트,google,2025-10-26,74,123682,원피스,111100
도트,google,2025-11-02,88,147082,원피스,111100
도트,google,2025-11-09,87,145410,원피스,111100
도트,google,2025-11-16,84,140396,원피스,111100
도트,google,2025-11-23,85,142067,원피스,111100
도트,google,2025-11-30,77,128696,원피스,111100
도트,google,2025-12-07,87,145410,원피스,111100
도트,google,2025-12-14,82,137053,원피스,111100
도트,google,2025-12-21,91,152096,원피스,111100
도트,google,2025-12-28,100,167138,원피스,111100
도트,google,2026-01-04,88,147082,원피스,111100
도트,google,2026-01-11,85,142067,원피스,111100
도트,google,2026-01-18,91,152096,원피스,111100
도트,google,2026-01-25,100,167138,원피스,111100
도트,google,2026-02-01,84,140396,원피스,111100
도트,google,2026-02-08,85,142067,원피스,111100
도트,google,2026-02-15,83,138725,원피스,111100
도트,google,2026-02-22,87,145410,원피스,111100
도트,google,2026-03-01,82,137053,원피스,111100
도트,google,2026-03-08,85,142067,원피스,111100
도트,google,2026-03-15,97,162124,원피스,111100
도트,google,2026-03-22,100,167138,원피스,111100
도트,google,2026-03-29,92,153767,원피스,111100
도트,google,2026-04-05,77,128696,원피스,111100
도트,google,2026-04-12,80,133711,원피스,111100
도트,google,2026-04-19,84,140396,원피스,111100
도트,google,2026-04-26,76,127025,원피스,111100
도트,google,2026-05-03,84,140396,원피스,111100
도트,google,2026-05-10,77,128696,원피스,111100
도트,google,2026-05-17,96,160453,원피스,111100
도트,google,2026-05-24,79,132039,원피스,111100
도트,google,2026-05-31,82,137053,원피스,111100
도트,google,2026-06-07,84,140396,원피스,111100
도트,google,2026-06-14,86,143739,원피스,111100
도트,google,2026-06-21,72,120339,원피스,111100
도트,google,2026-06-28,83,138725,원피스,111100
도트,google,2026-07-05,77,128696,원피스,111100
도트,google,2026-07-12,79,132039,원피스,111100
도트,google,2026-07-19,86,143739,원피스,111100
도트,google,2026-07-26,84,140396,원피스,111100
도트,google,2026-08-02,77,128696,원피스,111100
도트,google,2026-08-09,75,125354,원피스,111100
도트,google,2026-08-16,83,138725,원피스,111100
도트,google,2026-08-23,79,132039,원피스,111100
도트,google,2026-08-30,74,123682,원피스,111100
도트,google,2026-09-06,79,132039,원피스,111100
도트,google,2026-09-13,80,133711,원피스,111100
기하학패턴,google,2025-09-14,0,0,원피스,111100
기하학패턴,google,2025-09-21,0,0,원피스,111100
기하학패턴,google,2025-09-28,0,0,원피스,111100
기하학패턴,google,2025-10-05,0,0,원피스,111100
기하학패턴,google,2025-10-12,0,0,원피스,111100
기하학패턴,google,2025-10-19,0,0,원피스,111100
기하학패턴,google,2025-10-26,0,0,원피스,111100
기하학패턴,google,2025-11-02,0,0,원피스,111100
기하학패턴,google,2025-11-09,0,0,원피스,111100
기하학패턴,google,2025-11-16,0,0,원피스,111100
기하학패턴,google,2025-11-23,0,0,원피스,111100
기하학패턴,google,2025-11-30,0,0,원피스,111100
기하학패턴,google,2025-12-07,0,0,원피스,111100
기하학패턴,google,2025-12-14,0,0,원피스,111100
기하학패턴,google,2025-12-21,0,0,원피스,111100
기하학패턴,google,2025-12-28,0,0,원피스,111100
기하학패턴,google,2026-01-04,0,0,원피스,111100
기하학패턴,google,2026-01-11,0,0,원피스,111100
기하학패턴,google,2026-01-18,0,0,원피스,111100
기하학패턴,google,2026-01-25,0,0,원피스,111100
기하학패턴,google,2026-02-01,0,0,원피스,111100
기하학패턴,google,2026-02-08,0,0,원피스,111100
기하학패턴,google,2026-02-15,0,0,원피스,111100
기하학패턴,google,2026-02-22,0,0,원피스,111100
기하학패턴,google,2026-03-01,0,0,원피스,111100
기하학패턴,google,2026-03-08,0,0,원피스,111100
기하학패턴,google,2026-03-15,0,0,원피스,111100
기하학패턴,google,2026-03-22,0,0,원피스,111100
기하학패턴,google,2026-03-29,0,0,원피스,111100
기하학패턴,google,2026-04-05,0,0,원피스,111100
기하학패턴,google,2026-04-12,0,0,원피스,111100
기하학패턴,google,2026-04-19,0,0,원피스,111100
기하학패턴,google,2026-04-26,0,0,원피스,111100
기하학패턴,google,2026-05-03,0,0,원피스,111100
기하학패턴,google,2026-05-10,0,0,원피스,111100
기하학패턴,google,2026-05-17,0,0,원피스,111100
기하학패턴,google,2026-05-24,0,0,원피스,111100
기하학패턴,google,2026-05-31,0,0,원피스,111100
기하학패턴,google,2026-06-07,0,0,원피스,111100
기하학패턴,google,2026-06-14,0,0,원피스,111100
기하학패턴,google,2026-06-21,0,0,원피스,111100
기하학패턴,google,2026-06-28,0,0,원피스,111100
기하학패턴,google,2026-07-05,0,0,원피스,111100
기하학패턴,google,2026-07-12,0,0,원피스,111100
기하학패턴,google,2026-07-19,0,0,원피스,111100
기하학패턴,google,2026-07-26,0,0,원피스,111100
기하학패턴,google,2026-08-02,0,0,원피스,111100
기하학패턴,google,2026-08-09,0,0,원피스,111100
기하학패턴,google,2026-08-16,0,0,원피스,111100
기하학패턴,google,2026-08-23,0,0,원피스,111100
기하학패턴,google,2026-08-30,0,0,원피스,111100
기하학패턴,google,2026-09-06,0,0,원피스,111100
기하학패턴,google,2026-09-13,0,0,원피스,111100
추상패턴,google,2025-09-14,0,0,원피스,111100
추상패턴,google,2025-09-21,0,0,원피스,111100
추상패턴,google,2025-09-28,0,0,원피스,111100
추상패턴,google,2025-10-05,0,0,원피스,111100
추상패턴,google,2025-10-12,0,0,원피스,111100
추상패턴,google,2025-10-19,0,0,원피스,111100
추상패턴,google,2025-10-26,0,0,원피스,111100
추상패턴,google,2025-11-02,0,0,원피스,111100
추상패턴,google,2025-11-09,0,0,원피스,111100
추상패턴,google,2025-11-16,0,0,원피스,111100
추상패턴,google,2025-11-23,0,0,원피스,111100
추상패턴,google,2025-11-30,0,0,원피스,111100
추상패턴,google,2025-12-07,0,0,원피스,111100
추상패턴,google,2025-12-14,0,0,원피스,111100
추상패턴,google,2025-12-21,0,0,원피스,111100
추상패턴,google,2025-12-28,0,0,원피스,111100
추상패턴,google,2026-01-04,0,0,원피스,111100
추상패턴,google,2026-01-11,0,0,원피스,111100
추상패턴,google,2026-01-18,0,0,원피스,111100
추상패턴,google,2026-01-25,0,0,원피스,111100
추상패턴,google,2026-02-01,0,0,원피스,111100
추상패턴,google,2026-02-08,0,0,원피스,111100
추상패턴,google,2026-02-15,0,0,원피스,111100
추상패턴,google,2026-02-22,0,0,원피스,111100
추상패턴,google,2026-03-01,0,0,원피스,111100
추상패턴,google,2026-03-08,0,0,원피스,111100
추상패턴,google,2026-03-15,0,0,원피스,111100
추상패턴,google,2026-03-22,0,0,원피스,111100
추상패턴,google,2026-03-29,0,0,원피스,111100
추상패턴,google,2026-04-05,0,0,원피스,111100
추상패턴,google,2026-04-12,0,0,원피스,111100
추상패턴,google,2026-04-19,0,0,원피스,111100
추상패턴,google,2026-04-26,0,0,원피스,111100
추상패턴,google,2026-05-03,0,0,원피스,111100
추상패턴,google,2026-05-10,0,0,원피스,111100
추상패턴,google,2026-05-17,0,0,원피스,111100
추상패턴,google,2026-05-24,0,0,원피스,111100
추상패턴,google,2026-05-31,0,0,원피스,111100
추상패턴,google,2026-06-07,0,0,원피스,111100
추상패턴,google,2026-06-14,0,0,원피스,111100
추상패턴,google,2026-06-21,0,0,원피스,111100
추상패턴,google,2026-06-28,0,0,원피스,111100
추상패턴,google,2026-07-05,0,0,원피스,111100
추상패턴,google,2026-07-12,0,0,원피스,111100
추상패턴,google,2026-07-19,0,0,원피스,111100
추상패턴,google,2026-07-26,0,0,원피스,111100
추상패턴,google,2026-08-02,0,0,원피스,111100
추상패턴,google,2026-08-09,0,0,원피스,111100
추상패턴,google,2026-08-16,0,0,원피스,111100
추상패턴,google,2026-08-23,0,0,원피스,111100
추상패턴,google,2026-08-30,0,0,원피스,111100
추상패턴,google,2026-09-06,0,0,원피스,111100
추상패턴,google,2026-09-13,0,0,원피스,111100
컬러블록,google,2025-09-14,13,21728,원피스,111100
컬러블록,google,2025-09-21,14,23399,원피스,111100
컬러블록,google,2025-09-28,15,25070,원피스,111100
컬러블록,google,2025-10-05,0,0,원피스,111100
컬러블록,google,2025-10-12,23,38441,원피스,111100
컬러블록,google,2025-10-19,0,0,원피스,111100
컬러블록,google,2025-10-26,0,0,원피스,111100
컬러블록,google,2025-11-02,0,0,원피스,111100
컬러블록,google,2025-11-09,0,0,원피스,111100
컬러블록,google,2025-11-16,0,0,원피스,111100
컬러블록,google,2025-11-23,0,0,원피스,111100
컬러블록,google,2025-11-30,0,0,원피스,111100
컬러블록,google,2025-12-07,0,0,원피스,111100
컬러블록,google,2025-12-14,0,0,원피스,111100
컬러블록,google,2025-12-21,16,26742,원피스,111100
컬러블록,google,2025-12-28,0,0,원피스,111100
컬러블록,google,2026-01-04,0,0,원피스,111100
컬러블록,google,2026-01-11,0,0,원피스,111100
컬러블록,google,2026-01-18,0,0,원피스,111100
컬러블록,google,2026-01-25,0,0,원피스,111100
컬러블록,google,2026-02-01,0,0,원피스,111100
컬러블록,google,2026-02-08,0,0,원피스,111100
컬러블록,google,2026-02-15,0,0,원피스,111100
컬러블록,google,2026-02-22,0,0,원피스,111100
컬러블록,google,2026-03-01,0,0,원피스,111100
컬러블록,google,2026-03-08,0,0,원피스,111100
컬러블록,google,2026-03-15,0,0,원피스,111100
컬러블록,google,2026-03-22,0,0,원피스,111100
컬러블록,google,2026-03-29,0,0,원피스,111100
컬러블록,google,2026-04-05,0,0,원피스,111100
컬러블록,google,2026-04-12,0,0,원피스,111100
컬러블록,google,2026-04-19,0,0,원피스,111100
컬러블록,google,2026-04-26,0,0,원피스,111100
컬러블록,google,2026-05-03,0,0,원피스,111100
컬러블록,google,2026-05-10,0,0,원피스,111100
컬러블록,google,2026-05-17,0,0,원피스,111100
컬러블록,google,2026-05-24,14,23399,원피스,111100
컬러블록,google,2026-05-31,0,0,원피스,111100
컬러블록,google,2026-06-07,0,0,원피스,111100
컬러블록,google,2026-06-14,0,0,원피스,111100
컬러블록,google,2026-06-21,0,0,원피스,111100
컬러블록,google,2026-06-28,0,0,원피스,111100
컬러블록,google,2026-07-05,0,0,원피스,111100
컬러블록,google,2026-07-12,0,0,원피스,111100
컬러블록,google,2026-07-19,0,0,원피스,111100
컬러블록,google,2026-07-26,0,0,원피스,111100
컬러블록,google,2026-08-02,12,20056,원피스,111100
컬러블록,google,2026-08-09,0,0,원피스,111100
컬러블록,google,2026-08-16,0,0,원피스,111100
컬러블록,google,2026-08-23,13,21728,원피스,111100
컬러블록,google,2026-08-30,4,6685,원피스,111100
컬러블록,google,2026-09-06,7,11699,원피스,111100
컬러블록,google,2026-09-13,7,11699,원피스,111100
옴브레,google,2025-09-14,0,0,원피스,111100
옴브레,google,2025-09-21,0,0,원피스,111100
옴브레,google,2025-09-28,0,0,원피스,111100
옴브레,google,2025-10-05,20,33427,원피스,111100
옴브레,google,2025-10-12,17,28413,원피스,111100
옴브레,google,2025-10-19,17,28413,원피스,111100
옴브레,google,2025-10-26,0,0,원피스,111100
옴브레,google,2025-11-02,14,23399,원피스,111100
옴브레,google,2025-11-09,17,28413,원피스,111100
옴브레,google,2025-11-16,0,0,원피스,111100
옴브레,google,2025-11-23,0,0,원피스,111100
옴브레,google,2025-11-30,0,0,원피스,111100
옴브레,google,2025-12-07,0,0,원피스,111100
옴브레,google,2025-12-14,0,0,원피스,111100
옴브레,google,2025-12-21,0,0,원피스,111100
옴브레,google,2025-12-28,0,0,원피스,111100
옴브레,google,2026-01-04,0,0,원피스,111100
옴브레,google,2026-01-11,0,0,원피스,111100
옴브레,google,2026-01-18,0,0,원피스,111100
옴브레,google,2026-01-25,0,0,원피스,111100
옴브레,google,2026-02-01,0,0,원피스,111100
옴브레,google,2026-02-08,0,0,원피스,111100
옴브레,google,2026-02-15,0,0,원피스,111100
옴브레,google,2026-02-22,0,0,원피스,111100
옴브레,google,2026-03-01,0,0,원피스,111100
옴브레,google,2026-03-08,0,0,원피스,111100
옴브레,google,2026-03-15,13,21728,원피스,111100
옴브레,google,2026-03-22,13,21728,원피스,111100
옴브레,google,2026-03-29,0,0,원피스,111100
옴브레,google,2026-04-05,0,0,원피스,111100
옴브레,google,2026-04-12,0,0,원피스,111100
옴브레,google,2026-04-19,12,20056,원피스,111100
옴브레,google,2026-04-26,0,0,원피스,111100
옴브레,google,2026-05-03,0,0,원피스,111100
옴브레,google,2026-05-10,12,20056,원피스,111100
옴브레,google,2026-05-17,0,0,원피스,111100
옴브레,google,2026-05-24,0,0,원피스,111100
옴브레,google,2026-05-31,0,0,원피스,111100
옴브레,google,2026-06-07,0,0,원피스,111100
옴브레,google,2026-06-14,0,0,원피스,111100
옴브레,google,2026-06-21,0,0,원피스,111100
옴브레,google,2026-06-28,0,0,원피스,111100
옴브레,google,2026-07-05,11,18385,원피스,111100
옴브레,google,2026-07-12,0,0,원피스,111100
옴브레,google,2026-07-19,0,0,원피스,111100
옴브레,google,2026-07-26,0,0,원피스,111100
옴브레,google,2026-08-02,0,0,원피스,111100
옴브레,google,2026-08-09,14,23399,원피스,111100
옴브레,google,2026-08-16,12,20056,원피스,111100
옴브레,google,2026-08-23,0,0,원피스,111100
옴브레,google,2026-08-30,7,11699,원피스,111100
옴브레,google,2026-09-06,11,18385,원피스,111100
옴브레,google,2026-09-13,9,15042,원피스,111100
타이다이,google,2025-09-14,0,0,원피스,111100
타이다이,google,2025-09-21,0,0,원피스,111100
타이다이,google,2025-09-28,16,26742,원피스,111100
타이다이,google,2025-10-05,17,28413,원피스,111100
타이다이,google,2025-10-12,18,30084,원피스,111100
타이다이,google,2025-10-19,0,0,원피스,111100
타이다이,google,2025-10-26,0,0,원피스,111100
타이다이,google,2025-11-02,0,0,원피스,111100
타이다이,google,2025-11-09,13,21728,원피스,111100
타이다이,google,2025-11-16,26,43456,원피스,111100
타이다이,google,2025-11-23,19,31756,원피스,111100
타이다이,google,2025-11-30,0,0,원피스,111100
타이다이,google,2025-12-07,17,28413,원피스,111100
타이다이,google,2025-12-14,0,0,원피스,111100
타이다이,google,2025-12-21,0,0,원피스,111100
타이다이,google,2025-12-28,15,25070,원피스,111100
타이다이,google,2026-01-04,16,26742,원피스,111100
타이다이,google,2026-01-11,0,0,원피스,111100
타이다이,google,2026-01-18,0,0,원피스,111100
타이다이,google,2026-01-25,0,0,원피스,111100
타이다이,google,2026-02-01,0,0,원피스,111100
타이다이,google,2026-02-08,0,0,원피스,111100
타이다이,google,2026-02-15,16,26742,원피스,111100
타이다이,google,2026-02-22,0,0,원피스,111100
타이다이,google,2026-03-01,14,23399,원피스,111100
타이다이,google,2026-03-08,15,25070,원피스,111100
타이다이,google,2026-03-15,13,21728,원피스,111100
타이다이,google,2026-03-22,17,28413,원피스,111100
타이다이,google,2026-03-29,0,0,원피스,111100
타이다이,google,2026-04-05,13,21728,원피스,111100
타이다이,google,2026-04-12,0,0,원피스,111100
타이다이,google,2026-04-19,17,28413,원피스,111100
타이다이,google,2026-04-26,17,28413,원피스,111100
타이다이,google,2026-05-03,0,0,원피스,111100
타이다이,google,2026-05-10,13,21728,원피스,111100
타이다이,google,2026-05-17,0,0,원피스,111100
타이다이,google,2026-05-24,0,0,원피스,111100
타이다이,google,2026-05-31,13,21728,원피스,111100
타이다이,google,2026-06-07,0,0,원피스,111100
타이다이,google,2026-06-14,12,20056,원피스,111100
타이다이,google,2026-06-21,0,0,원피스,111100
타이다이,google,2026-06-28,0,0,원피스,111100
타이다이,google,2026-07-05,14,23399,원피스,111100
타이다이,google,2026-07-12,19,31756,원피스,111100
타이다이,google,2026-07-19,17,28413,원피스,111100
타이다이,google,2026-07-26,16,26742,원피스,111100
타이다이,google,2026-08-02,0,0,원피스,111100
타이다이,google,2026-08-09,12,20056,원피스,111100
타이다이,google,2026-08-16,13,21728,원피스,111100
타이다이,google,2026-08-23,12,20056,원피스,111100
타이다이,google,2026-08-30,9,15042,원피스,111100
타이다이,google,2026-09-06,12,20056,원피스,111100
타이다이,google,2026-09-13,11,18385,원피스,111100
로고패턴,google,2025-09-14,0,0,원피스,111100
로고패턴,google,2025-09-21,0,0,원피스,111100
로고패턴,google,2025-09-28,0,0,원피스,111100
로고패턴,google,2025-10-05,0,0,원피스,111100
로고패턴,google,2025-10-12,0,0,원피스,111100
로고패턴,google,2025-10-19,0,0,원피스,111100
로고패턴,google,2025-10-26,0,0,원피스,111100
로고패턴,google,2025-11-02,0,0,원피스,111100
로고패턴,google,2025-11-09,0,0,원피스,111100
로고패턴,google,2025-11-16,0,0,원피스,111100
로고패턴,google,2025-11-23,0,0,원피스,111100
로고패턴,google,2025-11-30,0,0,원피스,111100
로고패턴,google,2025-12-07,0,0,원피스,111100
로고패턴,google,2025-12-14,0,0,원피스,111100
로고패턴,google,2025-12-21,0,0,원피스,111100
로고패턴,google,2025-12-28,0,0,원피스,111100
로고패턴,google,2026-01-04,0,0,원피스,111100
로고패턴,google,2026-01-11,0,0,원피스,111100
로고패턴,google,2026-01-18,0,0,원피스,111100
로고패턴,google,2026-01-25,0,0,원피스,111100
로고패턴,google,2026-02-01,0,0,원피스,111100
로고패턴,google,2026-02-08,0,0,원피스,111100
로고패턴,google,2026-02-15,0,0,원피스,111100
로고패턴,google,2026-02-22,0,0,원피스,111100
로고패턴,google,2026-03-01,0,0,원피스,111100
로고패턴,google,2026-03-08,0,0,원피스,111100
로고패턴,google,2026-03-15,0,0,원피스,111100
로고패턴,google,2026-03-22,0,0,원피스,111100
로고패턴,google,2026-03-29,0,0,원피스,111100
로고패턴,google,2026-04-05,0,0,원피스,111100
로고패턴,google,2026-04-12,0,0,원피스,111100
로고패턴,google,2026-04-19,0,0,원피스,111100
로고패턴,google,2026-04-26,0,0,원피스,111100
로고패턴,google,2026-05-03,0,0,원피스,111100
로고패턴,google,2026-05-10,0,0,원피스,111100
로고패턴,google,2026-05-17,0,0,원피스,111100
로고패턴,google,2026-05-24,0,0,원피스,111100
로고패턴,google,2026-05-31,0,0,원피스,111100
로고패턴,google,2026-06-07,0,0,원피스,111100
로고패턴,google,2026-06-14,0,0,원피스,111100
로고패턴,google,2026-06-21,0,0,원피스,111100
로고패턴,google,2026-06-28,0,0,원피스,111100
로고패턴,google,2026-07-05,0,0,원피스,111100
로고패턴,google,2026-07-12,0,0,원피스,111100
로고패턴,google,2026-07-19,0,0,원피스,111100
로고패턴,google,2026-07-26,0,0,원피스,111100
로고패턴,google,2026-08-02,0,0,원피스,111100
로고패턴,google,2026-08-09,0,0,원피스,111100
로고패턴,google,2026-08-16,0,0,원피스,111100
로고패턴,google,2026-08-23,0,0,원피스,111100
로고패턴,google,2026-08-30,2,3342,원피스,111100
로고패턴,google,2026-09-06,2,3342,원피스,111100
로고패턴,google,2026-09-13,0,0,원피스,111100
레터링,google,2025-09-14,83,138725,원피스,111100
레터링,google,2025-09-21,91,152096,원피스,111100
레터링,google,2025-09-28,74,123682,원피스,111100
레터링,google,2025-10-05,82,137053,원피스,111100
레터링,google,2025-10-12,77,128696,원피스,111100
레터링,google,2025-10-19,73,122011,원피스,111100
레터링,google,2025-10-26,83,138725,원피스,111100
레터링,google,2025-11-02,100,167138,원피스,111100
레터링,google,2025-11-09,88,147082,원피스,111100
레터링,google,2025-11-16,83,138725,원피스,111100
레터링,google,2025-11-23,83,138725,원피스,111100
레터링,google,2025-11-30,85,142067,원피스,111100
레터링,google,2025-12-07,96,160453,원피스,111100
레터링,google,2025-12-14,92,153767,원피스,111100
레터링,google,2025-12-21,99,165467,원피스,111100
레터링,google,2025-12-28,74,123682,원피스,111100
레터링,google,2026-01-04,86,143739,원피스,111100
레터링,google,2026-01-11,68,113654,원피스,111100
레터링,google,2026-01-18,71,118668,원피스,111100
레터링,google,2026-01-25,73,122011,원피스,111100
레터링,google,2026-02-01,71,118668,원피스,111100
레터링,google,2026-02-08,88,147082,원피스,111100
레터링,google,2026-02-15,72,120339,원피스,111100
레터링,google,2026-02-22,75,125354,원피스,111100
레터링,google,2026-03-01,84,140396,원피스,111100
레터링,google,2026-03-08,69,115325,원피스,111100
레터링,google,2026-03-15,87,145410,원피스,111100
레터링,google,2026-03-22,70,116997,원피스,111100
레터링,google,2026-03-29,88,147082,원피스,111100
레터링,google,2026-04-05,72,120339,원피스,111100
레터링,google,2026-04-12,78,130368,원피스,111100
레터링,google,2026-04-19,80,133711,원피스,111100
레터링,google,2026-04-26,83,138725,원피스,111100
레터링,google,2026-05-03,82,137053,원피스,111100
레터링,google,2026-05-10,99,165467,원피스,111100
레터링,google,2026-05-17,88,147082,원피스,111100
레터링,google,2026-05-24,75,125354,원피스,111100
레터링,google,2026-05-31,72,120339,원피스,111100
레터링,google,2026-06-07,67,111982,원피스,111100
레터링,google,2026-06-14,66,110311,원피스,111100
레터링,google,2026-06-21,63,105297,원피스,111100
레터링,google,2026-06-28,69,115325,원피스,111100
레터링,google,2026-07-05,73,122011,원피스,111100
레터링,google,2026-07-12,61,101954,원피스,111100
레터링,google,2026-07-19,81,135382,원피스,111100
레터링,google,2026-07-26,76,127025,원피스,111100
레터링,google,2026-08-02,49,81898,원피스,111100
레터링,google,2026-08-09,66,110311,원피스,111100
레터링,google,2026-08-16,57,95269,원피스,111100
레터링,google,2026-08-23,66,110311,원피스,111100
레터링,google,2026-08-30,55,91926,원피스,111100
레터링,google,2026-09-06,63,105297,원피스,111100
레터링,google,2026-09-13,62,103626,원피스,111100
그래픽,google,2025-09-14,80,133711,원피스,111100
그래픽,google,2025-09-21,76,127025,원피스,111100
그래픽,google,2025-09-28,83,138725,원피스,111100
그래픽,google,2025-10-05,84,140396,원피스,111100
그래픽,google,2025-10-12,80,133711,원피스,111100
그래픽,google,2025-10-19,81,135382,원피스,111100
그래픽,google,2025-10-26,88,147082,원피스,111100
그래픽,google,2025-11-02,89,148753,원피스,111100
그래픽,google,2025-11-09,96,160453,원피스,111100
그래픽,google,2025-11-16,100,167138,원피스,111100
그래픽,google,2025-11-23,94,157110,원피스,111100
그래픽,google,2025-11-30,85,142067,원피스,111100
그래픽,google,2025-12-07,84,140396,원피스,111100
그래픽,google,2025-12-14,83,138725,원피스,111100
그래픽,google,2025-12-21,82,137053,원피스,111100
그래픽,google,2025-12-28,78,130368,원피스,111100
그래픽,google,2026-01-04,83,138725,원피스,111100
그래픽,google,2026-01-11,78,130368,원피스,111100
그래픽,google,2026-01-18,88,147082,원피스,111100
그래픽,google,2026-01-25,87,145410,원피스,111100
그래픽,google,2026-02-01,76,127025,원피스,111100
그래픽,google,2026-02-08,69,115325,원피스,111100
그래픽,google,2026-02-15,72,120339,원피스,111100
그래픽,google,2026-02-22,77,128696,원피스,111100
그래픽,google,2026-03-01,80,133711,원피스,111100
그래픽,google,2026-03-08,72,120339,원피스,111100
그래픽,google,2026-03-15,75,125354,원피스,111100
그래픽,google,2026-03-22,80,133711,원피스,111100
그래픽,google,2026-03-29,74,123682,원피스,111100
그래픽,google,2026-04-05,69,115325,원피스,111100
그래픽,google,2026-04-12,60,100283,원피스,111100
그래픽,google,2026-04-19,57,95269,원피스,111100
그래픽,google,2026-04-26,65,108640,원피스,111100
그래픽,google,2026-05-03,79,132039,원피스,111100
그래픽,google,2026-05-10,66,110311,원피스,111100
그래픽,google,2026-05-17,61,101954,원피스,111100
그래픽,google,2026-05-24,65,108640,원피스,111100
그래픽,google,2026-05-31,67,111982,원피스,111100
그래픽,google,2026-06-07,62,103626,원피스,111100
그래픽,google,2026-06-14,60,100283,원피스,111100
그래픽,google,2026-06-21,59,98611,원피스,111100
그래픽,google,2026-06-28,58,96940,원피스,111100
그래픽,google,2026-07-05,60,100283,원피스,111100
그래픽,google,2026-07-12,56,93597,원피스,111100
그래픽,google,2026-07-19,55,91926,원피스,111100
그래픽,google,2026-07-26,56,93597,원피스,111100
그래픽,google,2026-08-02,52,86912,원피스,111100
그래픽,google,2026-08-09,53,88583,원피스,111100
그래픽,google,2026-08-16,56,93597,원피스,111100
그래픽,google,2026-08-23,63,105297,원피스,111100
그래픽,google,2026-08-30,67,111982,원피스,111100
그래픽,google,2026-09-06,73,122011,원피스,111100
그래픽,google,2026-09-13,68,113654,원피스,111100
A라인,google,2025-09-14,1,1671,원피스,111100
A라인,google,2025-09-21,1,1671,원피스,111100
A라인,google,2025-09-28,0,0,원피스,111100
A라인,google,2025-10-05,1,1671,원피스,111100
A라인,google,2025-10-12,1,1671,원피스,111100
A라인,google,2025-10-19,1,1671,원피스,111100
A라인,google,2025-10-26,1,1671,원피스,111100
A라인,google,2025-11-02,2,3342,원피스,111100
A라인,google,2025-11-09,2,3342,원피스,111100
A라인,google,2025-11-16,2,3342,원피스,111100
A라인,google,2025-11-23,4,6685,원피스,111100
A라인,google,2025-11-30,5,8356,원피스,111100
A라인,google,2025-12-07,4,6685,원피스,111100
A라인,google,2025-12-14,4,6685,원피스,111100
A라인,google,2025-12-21,3,5014,원피스,111100
A라인,google,2025-12-28,1,1671,원피스,111100
A라인,google,2026-01-04,3,5014,원피스,111100
A라인,google,2026-01-11,2,3342,원피스,111100
A라인,google,2026-01-18,3,5014,원피스,111100
A라인,google,2026-01-25,3,5014,원피스,111100
A라인,google,2026-02-01,3,5014,원피스,111100
A라인,google,2026-02-08,2,3342,원피스,111100
A라인,google,2026-02-15,2,3342,원피스,111100
A라인,google,2026-02-22,4,6685,원피스,111100
A라인,google,2026-03-01,3,5014,원피스,111100
A라인,google,2026-03-08,3,5014,원피스,111100
A라인,google,2026-03-15,3,5014,원피스,111100
A라인,google,2026-03-22,3,5014,원피스,111100
A라인,google,2026-03-29,3,5014,원피스,111100
A라인,google,2026-04-05,3,5014,원피스,111100
A라인,google,2026-04-12,3,5014,원피스,111100
A라인,google,2026-04-19,3,5014,원피스,111100
A라인,google,2026-04-26,3,5014,원피스,111100
A라인,google,2026-05-03,3,5014,원피스,111100
A라인,google,2026-05-10,4,6685,원피스,111100
A라인,google,2026-05-17,3,5014,원피스,111100
A라인,google,2026-05-24,3,5014,원피스,111100
A라인,google,2026-05-31,3,5014,원피스,111100
A라인,google,2026-06-07,3,5014,원피스,111100
A라인,google,2026-06-14,3,5014,원피스,111100
A라인,google,2026-06-21,3,5014,원피스,111100
A라인,google,2026-06-28,3,5014,원피스,111100
A라인,google,2026-07-05,3,5014,원피스,111100
A라인,google,2026-07-12,2,3342,원피스,111100
A라인,google,2026-07-19,2,3342,원피스,111100
A라인,google,2026-07-26,1,1671,원피스,111100
A라인,google,2026-08-02,1,1671,원피스,111100
A라인,google,2026-08-09,1,1671,원피스,111100
A라인,google,2026-08-16,2,3342,원피스,111100
A라인,google,2026-08-23,1,1671,원피스,111100
A라인,google,2026-08-30,1,1671,원피스,111100
A라인,google,2026-09-06,1,1671,원피스,111100
A라인,google,2026-09-13,1,1671,원피스,111100
H라인,google,2025-09-14,0,0,원피스,111100
H라인,google,2025-09-21,1,1671,원피스,111100
H라인,google,2025-09-28,0,0,원피스,111100
H라인,google,2025-10-05,0,0,원피스,111100
H라인,google,2025-10-12,1,1671,원피스,111100
H라인,google,2025-10-19,1,1671,원피스,111100
H라인,google,2025-10-26,0,0,원피스,111100
H라인,google,2025-11-02,1,1671,원피스,111100
H라인,google,2025-11-09,1,1671,원피스,111100
H라인,google,2025-11-16,0,0,원피스,111100
H라인,google,2025-11-23,1,1671,원피스,111100
H라인,google,2025-11-30,1,1671,원피스,111100
H라인,google,2025-12-07,1,1671,원피스,111100
H라인,google,2025-12-14,1,1671,원피스,111100
H라인,google,2025-12-21,1,1671,원피스,111100
H라인,google,2025-12-28,1,1671,원피스,111100
H라인,google,2026-01-04,1,1671,원피스,111100
H라인,google,2026-01-11,1,1671,원피스,111100
H라인,google,2026-01-18,1,1671,원피스,111100
H라인,google,2026-01-25,1,1671,원피스,111100
H라인,google,2026-02-01,1,1671,원피스,111100
H라인,google,2026-02-08,0,0,원피스,111100
H라인,google,2026-02-15,1,1671,원피스,111100
H라인,google,2026-02-22,1,1671,원피스,111100
H라인,google,2026-03-01,1,1671,원피스,111100
H라인,google,2026-03-08,1,1671,원피스,111100
H라인,google,2026-03-15,1,1671,원피스,111100
H라인,google,2026-03-22,1,1671,원피스,111100
H라인,google,2026-03-29,0,0,원피스,111100
H라인,google,2026-04-05,1,1671,원피스,111100
H라인,google,2026-04-12,1,1671,원피스,111100
H라인,google,2026-04-19,1,1671,원피스,111100
H라인,google,2026-04-26,1,1671,원피스,111100
H라인,google,2026-05-03,1,1671,원피스,111100
H라인,google,2026-05-10,1,1671,원피스,111100
H라인,google,2026-05-17,1,1671,원피스,111100
H라인,google,2026-05-24,0,0,원피스,111100
H라인,google,2026-05-31,1,1671,원피스,111100
H라인,google,2026-06-07,1,1671,원피스,111100
H라인,google,2026-06-14,1,1671,원피스,111100
H라인,google,2026-06-21,1,1671,원피스,111100
H라인,google,2026-06-28,1,1671,원피스,111100
H라인,google,2026-07-05,1,1671,원피스,111100
H라인,google,2026-07-12,0,0,원피스,111100
H라인,google,2026-07-19,0,0,원피스,111100
H라인,google,2026-07-26,0,0,원피스,111100
H라인,google,2026-08-02,0,0,원피스,111100
H라인,google,2026-08-09,1,1671,원피스,111100
H라인,google,2026-08-16,0,0,원피스,111100
H라인,google,2026-08-23,0,0,원피스,111100
H라인,google,2026-08-30,0,0,원피스,111100
H라인,google,2026-09-06,0,0,원피스,111100
H라인,google,2026-09-13,0,0,원피스,111100
머메이드,google,2025-09-14,2,3342,원피스,111100
머메이드,google,2025-09-21,1,1671,원피스,111100
머메이드,google,2025-09-28,2,3342,원피스,111100
머메이드,google,2025-10-05,2,3342,원피스,111100
머메이드,google,2025-10-12,2,3342,원피스,111100
머메이드,google,2025-10-19,2,3342,원피스,111100
머메이드,google,2025-10-26,3,5014,원피스,111100
머메이드,google,2025-11-02,3,5014,원피스,111100
머메이드,google,2025-11-09,3,5014,원피스,111100
머메이드,google,2025-11-16,2,3342,원피스,111100
머메이드,google,2025-11-23,2,3342,원피스,111100
머메이드,google,2025-11-30,2,3342,원피스,111100
머메이드,google,2025-12-07,2,3342,원피스,111100
머메이드,google,2025-12-14,2,3342,원피스,111100
머메이드,google,2025-12-21,1,1671,원피스,111100
머메이드,google,2025-12-28,2,3342,원피스,111100
머메이드,google,2026-01-04,2,3342,원피스,111100
머메이드,google,2026-01-11,2,3342,원피스,111100
머메이드,google,2026-01-18,2,3342,원피스,111100
머메이드,google,2026-01-25,2,3342,원피스,111100
머메이드,google,2026-02-01,2,3342,원피스,111100
머메이드,google,2026-02-08,2,3342,원피스,111100
머메이드,google,2026-02-15,1,1671,원피스,111100
머메이드,google,2026-02-22,2,3342,원피스,111100
머메이드,google,2026-03-01,2,3342,원피스,111100
머메이드,google,2026-03-08,2,3342,원피스,111100
머메이드,google,2026-03-15,2,3342,원피스,111100
머메이드,google,2026-03-22,2,3342,원피스,111100
머메이드,google,2026-03-29,2,3342,원피스,111100
머메이드,google,2026-04-05,2,3342,원피스,111100
머메이드,google,2026-04-12,2,3342,원피스,111100
머메이드,google,2026-04-19,2,3342,원피스,111100
머메이드,google,2026-04-26,1,1671,원피스,111100
머메이드,google,2026-05-03,2,3342,원피스,111100
머메이드,google,2026-05-10,2,3342,원피스,111100
머메이드,google,2026-05-17,1,1671,원피스,111100
머메이드,google,2026-05-24,2,3342,원피스,111100
머메이드,google,2026-05-31,2,3342,원피스,111100
머메이드,google,2026-06-07,1,1671,원피스,111100
머메이드,google,2026-06-14,1,1671,원피스,111100
머메이드,google,2026-06-21,2,3342,원피스,111100
머메이드,google,2026-06-28,3,5014,원피스,111100
머메이드,google,2026-07-05,2,3342,원피스,111100
머메이드,google,2026-07-12,2,3342,원피스,111100
머메이드,google,2026-07-19,3,5014,원피스,111100
머메이드,google,2026-07-26,3,5014,원피스,111100
머메이드,google,2026-08-02,1,1671,원피스,111100
머메이드,google,2026-08-09,2,3342,원피스,111100
머메이드,google,2026-08-16,2,3342,원피스,111100
머메이드,google,2026-08-23,2,3342,원피스,111100
머메이드,google,2026-08-30,2,3342,원피스,111100
머메이드,google,2026-09-06,2,3342,원피스,111100
머메이드,google,2026-09-13,2,3342,원피스,111100
코쿤,google,2025-09-14,2,3342,원피스,111100
코쿤,google,2025-09-21,1,1671,원피스,111100
코쿤,google,2025-09-28,2,3342,원피스,111100
코쿤,google,2025-10-05,2,3342,원피스,111100
코쿤,google,2025-10-12,3,5014,원피스,111100
코쿤,google,2025-10-19,2,3342,원피스,111100
코쿤,google,2025-10-26,3,5014,원피스,111100
코쿤,google,2025-11-02,2,3342,원피스,111100
코쿤,google,2025-11-09,3,5014,원피스,111100
코쿤,google,2025-11-16,1,1671,원피스,111100
코쿤,google,2025-11-23,2,3342,원피스,111100
코쿤,google,2025-11-30,2,3342,원피스,111100
코쿤,google,2025-12-07,2,3342,원피스,111100
코쿤,google,2025-12-14,2,3342,원피스,111100
코쿤,google,2025-12-21,3,5014,원피스,111100
코쿤,google,2025-12-28,2,3342,원피스,111100
코쿤,google,2026-01-04,2,3342,원피스,111100
코쿤,google,2026-01-11,2,3342,원피스,111100
코쿤,google,2026-01-18,2,3342,원피스,111100
코쿤,google,2026-01-25,2,3342,원피스,111100
코쿤,google,2026-02-01,1,1671,원피스,111100
코쿤,google,2026-02-08,2,3342,원피스,111100
코쿤,google,2026-02-15,2,3342,원피스,111100
코쿤,google,2026-02-22,2,3342,원피스,111100
코쿤,google,2026-03-01,2,3342,원피스,111100
코쿤,google,2026-03-08,2,3342,원피스,111100
코쿤,google,2026-03-15,2,3342,원피스,111100
코쿤,google,2026-03-22,2,3342,원피스,111100
코쿤,google,2026-03-29,1,1671,원피스,111100
코쿤,google,2026-04-05,2,3342,원피스,111100
코쿤,google,2026-04-12,2,3342,원피스,111100
코쿤,google,2026-04-19,2,3342,원피스,111100
코쿤,google,2026-04-26,2,3342,원피스,111100
코쿤,google,2026-05-03,2,3342,원피스,111100
코쿤,google,2026-05-10,1,1671,원피스,111100
코쿤,google,2026-05-17,2,3342,원피스,111100
코쿤,google,2026-05-24,2,3342,원피스,111100
코쿤,google,2026-05-31,2,3342,원피스,111100
코쿤,google,2026-06-07,1,1671,원피스,111100
코쿤,google,2026-06-14,5,8356,원피스,111100
코쿤,google,2026-06-21,3,5014,원피스,111100
코쿤,google,2026-06-28,4,6685,원피스,111100
코쿤,google,2026-07-05,2,3342,원피스,111100
코쿤,google,2026-07-12,2,3342,원피스,111100
코쿤,google,2026-07-19,1,1671,원피스,111100
코쿤,google,2026-07-26,2,3342,원피스,111100
코쿤,google,2026-08-02,2,3342,원피스,111100
코쿤,google,2026-08-09,1,1671,원피스,111100
코쿤,google,2026-08-16,1,1671,원피스,111100
코쿤,google,2026-08-23,2,3342,원피스,111100
코쿤,google,2026-08-30,1,1671,원피스,111100
코쿤,google,2026-09-06,1,1671,원피스,111100
코쿤,google,2026-09-13,1,1671,원피스,111100
벌룬,google,2025-09-14,54,90254,원피스,111100
벌룬,google,2025-09-21,90,150424,원피스,111100
벌룬,google,2025-09-28,100,167138,원피스,111100
벌룬,google,2025-10-05,74,123682,원피스,111100
벌룬,google,2025-10-12,65,108640,원피스,111100
벌룬,google,2025-10-19,72,120339,원피스,111100
벌룬,google,2025-10-26,80,133711,원피스,111100
벌룬,google,2025-11-02,82,137053,원피스,111100
벌룬,google,2025-11-09,82,137053,원피스,111100
벌룬,google,2025-11-16,59,98611,원피스,111100
벌룬,google,2025-11-23,75,125354,원피스,111100
벌룬,google,2025-11-30,85,142067,원피스,111100
벌룬,google,2025-12-07,62,103626,원피스,111100
벌룬,google,2025-12-14,77,128696,원피스,111100
벌룬,google,2025-12-21,86,143739,원피스,111100
벌룬,google,2025-12-28,67,111982,원피스,111100
벌룬,google,2026-01-04,69,115325,원피스,111100
벌룬,google,2026-01-11,69,115325,원피스,111100
벌룬,google,2026-01-18,80,133711,원피스,111100
벌룬,google,2026-01-25,67,111982,원피스,111100
벌룬,google,2026-02-01,62,103626,원피스,111100
벌룬,google,2026-02-08,46,76883,원피스,111100
벌룬,google,2026-02-15,73,122011,원피스,111100
벌룬,google,2026-02-22,73,122011,원피스,111100
벌룬,google,2026-03-01,84,140396,원피스,111100
벌룬,google,2026-03-08,73,122011,원피스,111100
벌룬,google,2026-03-15,78,130368,원피스,111100
벌룬,google,2026-03-22,79,132039,원피스,111100
벌룬,google,2026-03-29,87,145410,원피스,111100
벌룬,google,2026-04-05,72,120339,원피스,111100
벌룬,google,2026-04-12,65,108640,원피스,111100
벌룬,google,2026-04-19,73,122011,원피스,111100
벌룬,google,2026-04-26,79,132039,원피스,111100
벌룬,google,2026-05-03,52,86912,원피스,111100
벌룬,google,2026-05-10,73,122011,원피스,111100
벌룬,google,2026-05-17,75,125354,원피스,111100
벌룬,google,2026-05-24,66,110311,원피스,111100
벌룬,google,2026-05-31,44,73541,원피스,111100
벌룬,google,2026-06-07,51,85240,원피스,111100
벌룬,google,2026-06-14,54,90254,원피스,111100
벌룬,google,2026-06-21,59,98611,원피스,111100
벌룬,google,2026-06-28,54,90254,원피스,111100
벌룬,google,2026-07-05,71,118668,원피스,111100
벌룬,google,2026-07-12,58,96940,원피스,111100
벌룬,google,2026-07-19,59,98611,원피스,111100
벌룬,google,2026-07-26,47,78555,원피스,111100
벌룬,google,2026-08-02,61,101954,원피스,111100
벌룬,google,2026-08-09,44,73541,원피스,111100
벌룬,google,2026-08-16,79,132039,원피스,111100
벌룬,google,2026-08-23,77,128696,원피스,111100
벌룬,google,2026-08-30,58,96940,원피스,111100
벌룬,google,2026-09-06,77,128696,원피스,111100
벌룬,google,2026-09-13,96,160453,원피스,111100
박시,google,2025-09-14,16,26742,원피스,111100
박시,google,2025-09-21,31,51813,원피스,111100
박시,google,2025-09-28,28,46798,원피스,111100
박시,google,2025-10-05,17,28413,원피스,111100
박시,google,2025-10-12,22,36770,원피스,111100
박시,google,2025-10-19,33,55155,원피스,111100
박시,google,2025-10-26,34,56827,원피스,111100
박시,google,2025-11-02,42,70198,원피스,111100
박시,google,2025-11-09,21,35099,원피스,111100
박시,google,2025-11-16,41,68526,원피스,111100
박시,google,2025-11-23,0,0,원피스,111100
박시,google,2025-11-30,38,63512,원피스,111100
박시,google,2025-12-07,28,46798,원피스,111100
박시,google,2025-12-14,27,45127,원피스,111100
박시,google,2025-12-21,0,0,원피스,111100
박시,google,2025-12-28,22,36770,원피스,111100
박시,google,2026-01-04,16,26742,원피스,111100
박시,google,2026-01-11,0,0,원피스,111100
박시,google,2026-01-18,19,31756,원피스,111100
박시,google,2026-01-25,33,55155,원피스,111100
박시,google,2026-02-01,26,43456,원피스,111100
박시,google,2026-02-08,0,0,원피스,111100
박시,google,2026-02-15,20,33427,원피스,111100
박시,google,2026-02-22,22,36770,원피스,111100
박시,google,2026-03-01,23,38441,원피스,111100
박시,google,2026-03-08,30,50141,원피스,111100
박시,google,2026-03-15,32,53484,원피스,111100
박시,google,2026-03-22,33,55155,원피스,111100
박시,google,2026-03-29,26,43456,원피스,111100
박시,google,2026-04-05,27,45127,원피스,111100
박시,google,2026-04-12,35,58498,원피스,111100
박시,google,2026-04-19,38,63512,원피스,111100
박시,google,2026-04-26,35,58498,원피스,111100
박시,google,2026-05-03,26,43456,원피스,111100
박시,google,2026-05-10,29,48470,원피스,111100
박시,google,2026-05-17,32,53484,원피스,111100
박시,google,2026-05-24,29,48470,원피스,111100
박시,google,2026-05-31,17,28413,원피스,111100
박시,google,2026-06-07,15,25070,원피스,111100
박시,google,2026-06-14,35,58498,원피스,111100
박시,google,2026-06-21,29,48470,원피스,111100
박시,google,2026-06-28,26,43456,원피스,111100
박시,google,2026-07-05,24,40113,원피스,111100
박시,google,2026-07-12,22,36770,원피스,111100
박시,google,2026-07-19,19,31756,원피스,111100
박시,google,2026-07-26,25,41784,원피스,111100
박시,google,2026-08-02,18,30084,원피스,111100
박시,google,2026-08-09,14,23399,원피스,111100
박시,google,2026-08-16,20,33427,원피스,111100
박시,google,2026-08-23,15,25070,원피스,111100
박시,google,2026-08-30,16,26742,원피스,111100
박시,google,2026-09-06,24,40113,원피스,111100
박시,google,2026-09-13,28,46798,원피스,111100
페플럼,google,2025-09-14,0,0,원피스,111100
페플럼,google,2025-09-21,0,0,원피스,111100
페플럼,google,2025-09-28,0,0,원피스,111100
페플럼,google,2025-10-05,0,0,원피스,111100
페플럼,google,2025-10-12,0,0,원피스,111100
페플럼,google,2025-10-19,0,0,원피스,111100
페플럼,google,2025-10-26,0,0,원피스,111100
페플럼,google,2025-11-02,0,0,원피스,111100
페플럼,google,2025-11-09,0,0,원피스,111100
페플럼,google,2025-11-16,0,0,원피스,111100
페플럼,google,2025-11-23,0,0,원피스,111100
페플럼,google,2025-11-30,0,0,원피스,111100
페플럼,google,2025-12-07,0,0,원피스,111100
페플럼,google,2025-12-14,0,0,원피스,111100
페플럼,google,2025-12-21,0,0,원피스,111100
페플럼,google,2025-12-28,0,0,원피스,111100
페플럼,google,2026-01-04,0,0,원피스,111100
페플럼,google,2026-01-11,0,0,원피스,111100
페플럼,google,2026-01-18,0,0,원피스,111100
페플럼,google,2026-01-25,0,0,원피스,111100
페플럼,google,2026-02-01,0,0,원피스,111100
페플럼,google,2026-02-08,0,0,원피스,111100
페플럼,google,2026-02-15,0,0,원피스,111100
페플럼,google,2026-02-22,0,0,원피스,111100
페플럼,google,2026-03-01,0,0,원피스,111100
페플럼,google,2026-03-08,0,0,원피스,111100
페플럼,google,2026-03-15,0,0,원피스,111100
페플럼,google,2026-03-22,0,0,원피스,111100
페플럼,google,2026-03-29,0,0,원피스,111100
페플럼,google,2026-04-05,0,0,원피스,111100
페플럼,google,2026-04-12,0,0,원피스,111100
페플럼,google,2026-04-19,0,0,원피스,111100
페플럼,google,2026-04-26,0,0,원피스,111100
페플럼,google,2026-05-03,0,0,원피스,111100
페플럼,google,2026-05-10,0,0,원피스,111100
페플럼,google,2026-05-17,0,0,원피스,111100
페플럼,google,2026-05-24,0,0,원피스,111100
페플럼,google,2026-05-31,0,0,원피스,111100
페플럼,google,2026-06-07,0,0,원피스,111100
페플럼,google,2026-06-14,0,0,원피스,111100
페플럼,google,2026-06-21,0,0,원피스,111100
페플럼,google,2026-06-28,0,0,원피스,111100
페플럼,google,2026-07-05,0,0,원피스,111100
페플럼,google,2026-07-12,0,0,원피스,111100
페플럼,google,2026-07-19,0,0,원피스,111100
페플럼,google,2026-07-26,0,0,원피스,111100
페플럼,google,2026-08-02,0,0,원피스,111100
페플럼,google,2026-08-09,0,0,원피스,111100
페플럼,google,2026-08-16,0,0,원피스,111100
페플럼,google,2026-08-23,0,0,원피스,111100
페플럼,google,2026-08-30,2,3342,원피스,111100
페플럼,google,2026-09-06,3,5014,원피스,111100
페플럼,google,2026-09-13,0,0,원피스,111100
마이크로미니,google,2025-09-14,0,0,원피스,111100
마이크로미니,google,2025-09-21,28,46798,원피스,111100
마이크로미니,google,2025-09-28,27,45127,원피스,111100
마이크로미니,google,2025-10-05,0,0,원피스,111100
마이크로미니,google,2025-10-12,15,25070,원피스,111100
마이크로미니,google,2025-10-19,0,0,원피스,111100
마이크로미니,google,2025-10-26,0,0,원피스,111100
마이크로미니,google,2025-11-02,0,0,원피스,111100
마이크로미니,google,2025-11-09,15,25070,원피스,111100
마이크로미니,google,2025-11-16,22,36770,원피스,111100
마이크로미니,google,2025-11-23,0,0,원피스,111100
마이크로미니,google,2025-11-30,0,0,원피스,111100
마이크로미니,google,2025-12-07,20,33427,원피스,111100
마이크로미니,google,2025-12-14,0,0,원피스,111100
마이크로미니,google,2025-12-21,0,0,원피스,111100
마이크로미니,google,2025-12-28,0,0,원피스,111100
마이크로미니,google,2026-01-04,0,0,원피스,111100
마이크로미니,google,2026-01-11,0,0,원피스,111100
마이크로미니,google,2026-01-18,0,0,원피스,111100
마이크로미니,google,2026-01-25,0,0,원피스,111100
마이크로미니,google,2026-02-01,0,0,원피스,111100
마이크로미니,google,2026-02-08,15,25070,원피스,111100
마이크로미니,google,2026-02-15,0,0,원피스,111100
마이크로미니,google,2026-02-22,15,25070,원피스,111100
마이크로미니,google,2026-03-01,0,0,원피스,111100
마이크로미니,google,2026-03-08,0,0,원피스,111100
마이크로미니,google,2026-03-15,0,0,원피스,111100
마이크로미니,google,2026-03-22,0,0,원피스,111100
마이크로미니,google,2026-03-29,21,35099,원피스,111100
마이크로미니,google,2026-04-05,0,0,원피스,111100
마이크로미니,google,2026-04-12,0,0,원피스,111100
마이크로미니,google,2026-04-19,0,0,원피스,111100
마이크로미니,google,2026-04-26,18,30084,원피스,111100
마이크로미니,google,2026-05-03,14,23399,원피스,111100
마이크로미니,google,2026-05-10,18,30084,원피스,111100
마이크로미니,google,2026-05-17,18,30084,원피스,111100
마이크로미니,google,2026-05-24,16,26742,원피스,111100
마이크로미니,google,2026-05-31,15,25070,원피스,111100
마이크로미니,google,2026-06-07,13,21728,원피스,111100
마이크로미니,google,2026-06-14,19,31756,원피스,111100
마이크로미니,google,2026-06-21,0,0,원피스,111100
마이크로미니,google,2026-06-28,0,0,원피스,111100
마이크로미니,google,2026-07-05,0,0,원피스,111100
마이크로미니,google,2026-07-12,0,0,원피스,111100
마이크로미니,google,2026-07-19,0,0,원피스,111100
마이크로미니,google,2026-07-26,19,31756,원피스,111100
마이크로미니,google,2026-08-02,0,0,원피스,111100
마이크로미니,google,2026-08-09,14,23399,원피스,111100
마이크로미니,google,2026-08-16,0,0,원피스,111100
마이크로미니,google,2026-08-23,15,25070,원피스,111100
마이크로미니,google,2026-08-30,9,15042,원피스,111100
마이크로미니,google,2026-09-06,11,18385,원피스,111100
마이크로미니,google,2026-09-13,7,11699,원피스,111100
니렝스,google,2025-09-14,0,0,원피스,111100
니렝스,google,2025-09-21,0,0,원피스,111100
니렝스,google,2025-09-28,0,0,원피스,111100
니렝스,google,2025-10-05,0,0,원피스,111100
니렝스,google,2025-10-12,0,0,원피스,111100
니렝스,google,2025-10-19,0,0,원피스,111100
니렝스,google,2025-10-26,0,0,원피스,111100
니렝스,google,2025-11-02,0,0,원피스,111100
니렝스,google,2025-11-09,0,0,원피스,111100
니렝스,google,2025-11-16,0,0,원피스,111100
니렝스,google,2025-11-23,0,0,원피스,111100
니렝스,google,2025-11-30,0,0,원피스,111100
니렝스,google,2025-12-07,0,0,원피스,111100
니렝스,google,2025-12-14,0,0,원피스,111100
니렝스,google,2025-12-21,0,0,원피스,111100
니렝스,google,2025-12-28,0,0,원피스,111100
니렝스,google,2026-01-04,0,0,원피스,111100
니렝스,google,2026-01-11,0,0,원피스,111100
니렝스,google,2026-01-18,0,0,원피스,111100
니렝스,google,2026-01-25,0,0,원피스,111100
니렝스,google,2026-02-01,0,0,원피스,111100
니렝스,google,2026-02-08,0,0,원피스,111100
니렝스,google,2026-02-15,0,0,원피스,111100
니렝스,google,2026-02-22,0,0,원피스,111100
니렝스,google,2026-03-01,0,0,원피스,111100
니렝스,google,2026-03-08,0,0,원피스,111100
니렝스,google,2026-03-15,0,0,원피스,111100
니렝스,google,2026-03-22,0,0,원피스,111100
니렝스,google,2026-03-29,0,0,원피스,111100
니렝스,google,2026-04-05,0,0,원피스,111100
니렝스,google,2026-04-12,0,0,원피스,111100
니렝스,google,2026-04-19,0,0,원피스,111100
니렝스,google,2026-04-26,0,0,원피스,111100
니렝스,google,2026-05-03,0,0,원피스,111100
니렝스,google,2026-05-10,0,0,원피스,111100
니렝스,google,2026-05-17,0,0,원피스,111100
니렝스,google,2026-05-24,0,0,원피스,111100
니렝스,google,2026-05-31,0,0,원피스,111100
니렝스,google,2026-06-07,0,0,원피스,111100
니렝스,google,2026-06-14,0,0,원피스,111100
니렝스,google,2026-06-21,0,0,원피스,111100
니렝스,google,2026-06-28,0,0,원피스,111100
니렝스,google,2026-07-05,0,0,원피스,111100
니렝스,google,2026-07-12,0,0,원피스,111100
니렝스,google,2026-07-19,0,0,원피스,111100
니렝스,google,2026-07-26,0,0,원피스,111100
니렝스,google,2026-08-02,0,0,원피스,111100
니렝스,google,2026-08-09,0,0,원피스,111100
니렝스,google,2026-08-16,0,0,원피스,111100
니렝스,google,2026-08-23,0,0,원피스,111100
니렝스,google,2026-08-30,0,0,원피스,111100
니렝스,google,2026-09-06,0,0,원피스,111100
니렝스,google,2026-09-13,0,0,원피스,111100
목토,google,2025-09-14,0,0,원피스,111100
목토,google,2025-09-21,0,0,원피스,111100
목토,google,2025-09-28,0,0,원피스,111100
목토,google,2025-10-05,0,0,원피스,111100
목토,google,2025-10-12,0,0,원피스,111100
목토,google,2025-10-19,0,0,원피스,111100
목토,google,2025-10-26,0,0,원피스,111100
목토,google,2025-11-02,0,0,원피스,111100
목토,google,2025-11-09,62,103626,원피스,111100
목토,google,2025-11-16,0,0,원피스,111100
목토,google,2025-11-23,0,0,원피스,111100
목토,google,2025-11-30,60,100283,원피스,111100
목토,google,2025-12-07,78,130368,원피스,111100
목토,google,2025-12-14,0,0,원피스,111100
목토,google,2025-12-21,0,0,원피스,111100
목토,google,2025-12-28,100,167138,원피스,111100
목토,google,2026-01-04,69,115325,원피스,111100
목토,google,2026-01-11,0,0,원피스,111100
목토,google,2026-01-18,0,0,원피스,111100
목토,google,2026-01-25,59,98611,원피스,111100
목토,google,2026-02-01,0,0,원피스,111100
목토,google,2026-02-08,73,122011,원피스,111100
목토,google,2026-02-15,0,0,원피스,111100
목토,google,2026-02-22,0,0,원피스,111100
목토,google,2026-03-01,0,0,원피스,111100
목토,google,2026-03-08,0,0,원피스,111100
목토,google,2026-03-15,0,0,원피스,111100
목토,google,2026-03-22,69,115325,원피스,111100
목토,google,2026-03-29,0,0,원피스,111100
목토,google,2026-04-05,0,0,원피스,111100
목토,google,2026-04-12,0,0,원피스,111100
목토,google,2026-04-19,0,0,원피스,111100
목토,google,2026-04-26,0,0,원피스,111100
목토,google,2026-05-03,0,0,원피스,111100
목토,google,2026-05-10,52,86912,원피스,111100
목토,google,2026-05-17,0,0,원피스,111100
목토,google,2026-05-24,0,0,원피스,111100
목토,google,2026-05-31,0,0,원피스,111100
목토,google,2026-06-07,0,0,원피스,111100
목토,google,2026-06-14,0,0,원피스,111100
목토,google,2026-06-21,0,0,원피스,111100
목토,google,2026-06-28,0,0,원피스,111100
목토,google,2026-07-05,0,0,원피스,111100
목토,google,2026-07-12,0,0,원피스,111100
목토,google,2026-07-19,0,0,원피스,111100
목토,google,2026-07-26,0,0,원피스,111100
목토,google,2026-08-02,0,0,원피스,111100
목토,google,2026-08-09,0,0,원피스,111100
목토,google,2026-08-16,0,0,원피스,111100
목토,google,2026-08-23,0,0,원피스,111100
목토,google,2026-08-30,26,43456,원피스,111100
목토,google,2026-09-06,33,55155,원피스,111100
목토,google,2026-09-13,42,70198,원피스,111100
캡토,google,2025-09-14,0,0,원피스,111100
캡토,google,2025-09-21,0,0,원피스,111100
캡토,google,2025-09-28,0,0,원피스,111100
캡토,google,2025-10-05,0,0,원피스,111100
캡토,google,2025-10-12,0,0,원피스,111100
캡토,google,2025-10-19,0,0,원피스,111100
캡토,google,2025-10-26,0,0,원피스,111100
캡토,google,2025-11-02,0,0,원피스,111100
캡토,google,2025-11-09,0,0,원피스,111100
캡토,google,2025-11-16,0,0,원피스,111100
캡토,google,2025-11-23,0,0,원피스,111100
캡토,google,2025-11-30,0,0,원피스,111100
캡토,google,2025-12-07,0,0,원피스,111100
캡토,google,2025-12-14,0,0,원피스,111100
캡토,google,2025-12-21,0,0,원피스,111100
캡토,google,2025-12-28,0,0,원피스,111100
캡토,google,2026-01-04,0,0,원피스,111100
캡토,google,2026-01-11,0,0,원피스,111100
캡토,google,2026-01-18,0,0,원피스,111100
캡토,google,2026-01-25,0,0,원피스,111100
캡토,google,2026-02-01,0,0,원피스,111100
캡토,google,2026-02-08,0,0,원피스,111100
캡토,google,2026-02-15,0,0,원피스,111100
캡토,google,2026-02-22,0,0,원피스,111100
캡토,google,2026-03-01,0,0,원피스,111100
캡토,google,2026-03-08,0,0,원피스,111100
캡토,google,2026-03-15,0,0,원피스,111100
캡토,google,2026-03-22,0,0,원피스,111100
캡토,google,2026-03-29,0,0,원피스,111100
캡토,google,2026-04-05,0,0,원피스,111100
캡토,google,2026-04-12,0,0,원피스,111100
캡토,google,2026-04-19,0,0,원피스,111100
캡토,google,2026-04-26,0,0,원피스,111100
캡토,google,2026-05-03,0,0,원피스,111100
캡토,google,2026-05-10,0,0,원피스,111100
캡토,google,2026-05-17,0,0,원피스,111100
캡토,google,2026-05-24,0,0,원피스,111100
캡토,google,2026-05-31,0,0,원피스,111100
캡토,google,2026-06-07,0,0,원피스,111100
캡토,google,2026-06-14,0,0,원피스,111100
캡토,google,2026-06-21,0,0,원피스,111100
캡토,google,2026-06-28,0,0,원피스,111100
캡토,google,2026-07-05,0,0,원피스,111100
캡토,google,2026-07-12,0,0,원피스,111100
캡토,google,2026-07-19,0,0,원피스,111100
캡토,google,2026-07-26,0,0,원피스,111100
캡토,google,2026-08-02,0,0,원피스,111100
캡토,google,2026-08-09,0,0,원피스,111100
캡토,google,2026-08-16,0,0,원피스,111100
캡토,google,2026-08-23,0,0,원피스,111100
캡토,google,2026-08-30,8,13371,원피스,111100
캡토,google,2026-09-06,6,10028,원피스,111100
캡토,google,2026-09-13,0,0,원피스,111100
키튼힐,google,2025-09-14,0,0,원피스,111100
키튼힐,google,2025-09-21,0,0,원피스,111100
키튼힐,google,2025-09-28,0,0,원피스,111100
키튼힐,google,2025-10-05,0,0,원피스,111100
키튼힐,google,2025-10-12,0,0,원피스,111100
키튼힐,google,2025-10-19,0,0,원피스,111100
키튼힐,google,2025-10-26,0,0,원피스,111100
키튼힐,google,2025-11-02,0,0,원피스,111100
키튼힐,google,2025-11-09,0,0,원피스,111100
키튼힐,google,2025-11-16,0,0,원피스,111100
키튼힐,google,2025-11-23,0,0,원피스,111100
키튼힐,google,2025-11-30,0,0,원피스,111100
키튼힐,google,2025-12-07,0,0,원피스,111100
키튼힐,google,2025-12-14,0,0,원피스,111100
키튼힐,google,2025-12-21,0,0,원피스,111100
키튼힐,google,2025-12-28,0,0,원피스,111100
키튼힐,google,2026-01-04,0,0,원피스,111100
키튼힐,google,2026-01-11,0,0,원피스,111100
키튼힐,google,2026-01-18,0,0,원피스,111100
키튼힐,google,2026-01-25,0,0,원피스,111100
키튼힐,google,2026-02-01,0,0,원피스,111100
키튼힐,google,2026-02-08,0,0,원피스,111100
키튼힐,google,2026-02-15,0,0,원피스,111100
키튼힐,google,2026-02-22,0,0,원피스,111100
키튼힐,google,2026-03-01,0,0,원피스,111100
키튼힐,google,2026-03-08,0,0,원피스,111100
키튼힐,google,2026-03-15,0,0,원피스,111100
키튼힐,google,2026-03-22,0,0,원피스,111100
키튼힐,google,2026-03-29,0,0,원피스,111100
키튼힐,google,2026-04-05,0,0,원피스,111100
키튼힐,google,2026-04-12,0,0,원피스,111100
키튼힐,google,2026-04-19,0,0,원피스,111100
키튼힐,google,2026-04-26,0,0,원피스,111100
키튼힐,google,2026-05-03,0,0,원피스,111100
키튼힐,google,2026-05-10,0,0,원피스,111100
키튼힐,google,2026-05-17,53,88583,원피스,111100
키튼힐,google,2026-05-24,0,0,원피스,111100
키튼힐,google,2026-05-31,0,0,원피스,111100
키튼힐,google,2026-06-07,0,0,원피스,111100
키튼힐,google,2026-06-14,0,0,원피스,111100
키튼힐,google,2026-06-21,0,0,원피스,111100
키튼힐,google,2026-06-28,0,0,원피스,111100
키튼힐,google,2026-07-05,0,0,원피스,111100
키튼힐,google,2026-07-12,0,0,원피스,111100
키튼힐,google,2026-07-19,0,0,원피스,111100
키튼힐,google,2026-07-26,0,0,원피스,111100
키튼힐,google,2026-08-02,0,0,원피스,111100
키튼힐,google,2026-08-09,0,0,원피스,111100
키튼힐,google,2026-08-16,0,0,원피스,111100
키튼힐,google,2026-08-23,0,0,원피스,111100
키튼힐,google,2026-08-30,5,8356,원피스,111100
키튼힐,google,2026-09-06,9,15042,원피스,111100
키튼힐,google,2026-09-13,0,0,원피스,111100
콘힐,google,2025-09-14,0,0,원피스,111100
콘힐,google,2025-09-21,0,0,원피스,111100
콘힐,google,2025-09-28,0,0,원피스,111100
콘힐,google,2025-10-05,0,0,원피스,111100
콘힐,google,2025-10-12,0,0,원피스,111100
콘힐,google,2025-10-19,0,0,원피스,111100
콘힐,google,2025-10-26,0,0,원피스,111100
콘힐,google,2025-11-02,0,0,원피스,111100
콘힐,google,2025-11-09,0,0,원피스,111100
콘힐,google,2025-11-16,0,0,원피스,111100
콘힐,google,2025-11-23,0,0,원피스,111100
콘힐,google,2025-11-30,0,0,원피스,111100
콘힐,google,2025-12-07,0,0,원피스,111100
콘힐,google,2025-12-14,0,0,원피스,111100
콘힐,google,2025-12-21,0,0,원피스,111100
콘힐,google,2025-12-28,0,0,원피스,111100
콘힐,google,2026-01-04,0,0,원피스,111100
콘힐,google,2026-01-11,0,0,원피스,111100
콘힐,google,2026-01-18,0,0,원피스,111100
콘힐,google,2026-01-25,0,0,원피스,111100
콘힐,google,2026-02-01,0,0,원피스,111100
콘힐,google,2026-02-08,0,0,원피스,111100
콘힐,google,2026-02-15,0,0,원피스,111100
콘힐,google,2026-02-22,0,0,원피스,111100
콘힐,google,2026-03-01,0,0,원피스,111100
콘힐,google,2026-03-08,0,0,원피스,111100
콘힐,google,2026-03-15,0,0,원피스,111100
콘힐,google,2026-03-22,0,0,원피스,111100
콘힐,google,2026-03-29,0,0,원피스,111100
콘힐,google,2026-04-05,0,0,원피스,111100
콘힐,google,2026-04-12,0,0,원피스,111100
콘힐,google,2026-04-19,0,0,원피스,111100
콘힐,google,2026-04-26,0,0,원피스,111100
콘힐,google,2026-05-03,0,0,원피스,111100
콘힐,google,2026-05-10,0,0,원피스,111100
콘힐,google,2026-05-17,0,0,원피스,111100
콘힐,google,2026-05-24,0,0,원피스,111100
콘힐,google,2026-05-31,0,0,원피스,111100
콘힐,google,2026-06-07,0,0,원피스,111100
콘힐,google,2026-06-14,0,0,원피스,111100
콘힐,google,2026-06-21,0,0,원피스,111100
콘힐,google,2026-06-28,0,0,원피스,111100
콘힐,google,2026-07-05,0,0,원피스,111100
콘힐,google,2026-07-12,0,0,원피스,111100
콘힐,google,2026-07-19,0,0,원피스,111100
콘힐,google,2026-07-26,0,0,원피스,111100
콘힐,google,2026-08-02,0,0,원피스,111100
콘힐,google,2026-08-09,0,0,원피스,111100
콘힐,google,2026-08-16,0,0,원피스,111100
콘힐,google,2026-08-23,0,0,원피스,111100
콘힐,google,2026-08-30,0,0,원피스,111100
콘힐,google,2026-09-06,0,0,원피스,111100
콘힐,google,2026-09-13,0,0,원피스,111100
스풀힐,google,2025-09-14,0,0,원피스,111100
스풀힐,google,2025-09-21,0,0,원피스,111100
스풀힐,google,2025-09-28,0,0,원피스,111100
스풀힐,google,2025-10-05,0,0,원피스,111100
스풀힐,google,2025-10-12,0,0,원피스,111100
스풀힐,google,2025-10-19,0,0,원피스,111100
스풀힐,google,2025-10-26,0,0,원피스,111100
스풀힐,google,2025-11-02,0,0,원피스,111100
스풀힐,google,2025-11-09,0,0,원피스,111100
스풀힐,google,2025-11-16,0,0,원피스,111100
스풀힐,google,2025-11-23,0,0,원피스,111100
스풀힐,google,2025-11-30,0,0,원피스,111100
스풀힐,google,2025-12-07,0,0,원피스,111100
스풀힐,google,2025-12-14,0,0,원피스,111100
스풀힐,google,2025-12-21,0,0,원피스,111100
스풀힐,google,2025-12-28,0,0,원피스,111100
스풀힐,google,2026-01-04,0,0,원피스,111100
스풀힐,google,2026-01-11,0,0,원피스,111100
스풀힐,google,2026-01-18,0,0,원피스,111100
스풀힐,google,2026-01-25,0,0,원피스,111100
스풀힐,google,2026-02-01,0,0,원피스,111100
스풀힐,google,2026-02-08,0,0,원피스,111100
스풀힐,google,2026-02-15,0,0,원피스,111100
스풀힐,google,2026-02-22,0,0,원피스,111100
스풀힐,google,2026-03-01,0,0,원피스,111100
스풀힐,google,2026-03-08,0,0,원피스,111100
스풀힐,google,2026-03-15,0,0,원피스,111100
스풀힐,google,2026-03-22,0,0,원피스,111100
스풀힐,google,2026-03-29,0,0,원피스,111100
스풀힐,google,2026-04-05,0,0,원피스,111100
스풀힐,google,2026-04-12,0,0,원피스,111100
스풀힐,google,2026-04-19,0,0,원피스,111100
스풀힐,google,2026-04-26,0,0,원피스,111100
스풀힐,google,2026-05-03,0,0,원피스,111100
스풀힐,google,2026-05-10,0,0,원피스,111100
스풀힐,google,2026-05-17,0,0,원피스,111100
스풀힐,google,2026-05-24,0,0,원피스,111100
스풀힐,google,2026-05-31,0,0,원피스,111100
스풀힐,google,2026-06-07,0,0,원피스,111100
스풀힐,google,2026-06-14,0,0,원피스,111100
스풀힐,google,2026-06-21,0,0,원피스,111100
스풀힐,google,2026-06-28,0,0,원피스,111100
스풀힐,google,2026-07-05,0,0,원피스,111100
스풀힐,google,2026-07-12,0,0,원피스,111100
스풀힐,google,2026-07-19,0,0,원피스,111100
스풀힐,google,2026-07-26,0,0,원피스,111100
스풀힐,google,2026-08-02,0,0,원피스,111100
스풀힐,google,2026-08-09,0,0,원피스,111100
스풀힐,google,2026-08-16,0,0,원피스,111100
스풀힐,google,2026-08-23,0,0,원피스,111100
스풀힐,google,2026-08-30,0,0,원피스,111100
스풀힐,google,2026-09-06,0,0,원피스,111100
스풀힐,google,2026-09-13,0,0,원피스,111100
러그솔,google,2025-09-14,0,0,원피스,111100
러그솔,google,2025-09-21,0,0,원피스,111100
러그솔,google,2025-09-28,0,0,원피스,111100
러그솔,google,2025-10-05,0,0,원피스,111100
러그솔,google,2025-10-12,0,0,원피스,111100
러그솔,google,2025-10-19,0,0,원피스,111100
러그솔,google,2025-10-26,0,0,원피스,111100
러그솔,google,2025-11-02,0,0,원피스,111100
러그솔,google,2025-11-09,0,0,원피스,111100
러그솔,google,2025-11-16,0,0,원피스,111100
러그솔,google,2025-11-23,0,0,원피스,111100
러그솔,google,2025-11-30,0,0,원피스,111100
러그솔,google,2025-12-07,0,0,원피스,111100
러그솔,google,2025-12-14,0,0,원피스,111100
러그솔,google,2025-12-21,0,0,원피스,111100
러그솔,google,2025-12-28,0,0,원피스,111100
러그솔,google,2026-01-04,0,0,원피스,111100
러그솔,google,2026-01-11,0,0,원피스,111100
러그솔,google,2026-01-18,0,0,원피스,111100
러그솔,google,2026-01-25,0,0,원피스,111100
러그솔,google,2026-02-01,0,0,원피스,111100
러그솔,google,2026-02-08,0,0,원피스,111100
러그솔,google,2026-02-15,0,0,원피스,111100
러그솔,google,2026-02-22,0,0,원피스,111100
러그솔,google,2026-03-01,0,0,원피스,111100
러그솔,google,2026-03-08,0,0,원피스,111100
러그솔,google,2026-03-15,0,0,원피스,111100
러그솔,google,2026-03-22,0,0,원피스,111100
러그솔,google,2026-03-29,0,0,원피스,111100
러그솔,google,2026-04-05,0,0,원피스,111100
러그솔,google,2026-04-12,0,0,원피스,111100
러그솔,google,2026-04-19,0,0,원피스,111100
러그솔,google,2026-04-26,0,0,원피스,111100
러그솔,google,2026-05-03,0,0,원피스,111100
러그솔,google,2026-05-10,0,0,원피스,111100
러그솔,google,2026-05-17,0,0,원피스,111100
러그솔,google,2026-05-24,0,0,원피스,111100
러그솔,google,2026-05-31,0,0,원피스,111100
러그솔,google,2026-06-07,0,0,원피스,111100
러그솔,google,2026-06-14,0,0,원피스,111100
러그솔,google,2026-06-21,100,167138,원피스,111100
러그솔,google,2026-06-28,0,0,원피스,111100
러그솔,google,2026-07-05,0,0,원피스,111100
러그솔,google,2026-07-12,0,0,원피스,111100
러그솔,google,2026-07-19,0,0,원피스,111100
러그솔,google,2026-07-26,0,0,원피스,111100
러그솔,google,2026-08-02,0,0,원피스,111100
러그솔,google,2026-08-09,0,0,원피스,111100
러그솔,google,2026-08-16,0,0,원피스,111100
러그솔,google,2026-08-23,0,0,원피스,111100
러그솔,google,2026-08-30,0,0,원피스,111100
러그솔,google,2026-09-06,0,0,원피스,111100
러그솔,google,2026-09-13,0,0,원피스,111100
청키솔,google,2025-09-14,0,0,원피스,111100
청키솔,google,2025-09-21,0,0,원피스,111100
청키솔,google,2025-09-28,0,0,원피스,111100
청키솔,google,2025-10-05,0,0,원피스,111100
청키솔,google,2025-10-12,0,0,원피스,111100
청키솔,google,2025-10-19,0,0,원피스,111100
청키솔,google,2025-10-26,0,0,원피스,111100
청키솔,google,2025-11-02,0,0,원피스,111100
청키솔,google,2025-11-09,0,0,원피스,111100
청키솔,google,2025-11-16,0,0,원피스,111100
청키솔,google,2025-11-23,0,0,원피스,111100
청키솔,google,2025-11-30,0,0,원피스,111100
청키솔,google,2025-12-07,0,0,원피스,111100
청키솔,google,2025-12-14,0,0,원피스,111100
청키솔,google,2025-12-21,0,0,원피스,111100
청키솔,google,2025-12-28,0,0,원피스,111100
청키솔,google,2026-01-04,0,0,원피스,111100
청키솔,google,2026-01-11,0,0,원피스,111100
청키솔,google,2026-01-18,0,0,원피스,111100
청키솔,google,2026-01-25,0,0,원피스,111100
청키솔,google,2026-02-01,0,0,원피스,111100
청키솔,google,2026-02-08,0,0,원피스,111100
청키솔,google,2026-02-15,0,0,원피스,111100
청키솔,google,2026-02-22,0,0,원피스,111100
청키솔,google,2026-03-01,0,0,원피스,111100
청키솔,google,2026-03-08,0,0,원피스,111100
청키솔,google,2026-03-15,0,0,원피스,111100
청키솔,google,2026-03-22,0,0,원피스,111100
청키솔,google,2026-03-29,0,0,원피스,111100
청키솔,google,2026-04-05,0,0,원피스,111100
청키솔,google,2026-04-12,0,0,원피스,111100
청키솔,google,2026-04-19,0,0,원피스,111100
청키솔,google,2026-04-26,0,0,원피스,111100
청키솔,google,2026-05-03,0,0,원피스,111100
청키솔,google,2026-05-10,0,0,원피스,111100
청키솔,google,2026-05-17,0,0,원피스,111100
청키솔,google,2026-05-24,0,0,원피스,111100
청키솔,google,2026-05-31,0,0,원피스,111100
청키솔,google,2026-06-07,0,0,원피스,111100
청키솔,google,2026-06-14,0,0,원피스,111100
청키솔,google,2026-06-21,0,0,원피스,111100
청키솔,google,2026-06-28,0,0,원피스,111100
청키솔,google,2026-07-05,0,0,원피스,111100
청키솔,google,2026-07-12,0,0,원피스,111100
청키솔,google,2026-07-19,0,0,원피스,111100
청키솔,google,2026-07-26,0,0,원피스,111100
청키솔,google,2026-08-02,0,0,원피스,111100
청키솔,google,2026-08-09,0,0,원피스,111100
청키솔,google,2026-08-16,0,0,원피스,111100
청키솔,google,2026-08-23,0,0,원피스,111100
청키솔,google,2026-08-30,0,0,원피스,111100
청키솔,google,2026-09-06,0,0,원피스,111100
청키솔,google,2026-09-13,0,0,원피스,111100
검솔,google,2025-09-14,0,0,원피스,111100
검솔,google,2025-09-21,0,0,원피스,111100
검솔,google,2025-09-28,0,0,원피스,111100
검솔,google,2025-10-05,0,0,원피스,111100
검솔,google,2025-10-12,0,0,원피스,111100
검솔,google,2025-10-19,0,0,원피스,111100
검솔,google,2025-10-26,0,0,원피스,111100
검솔,google,2025-11-02,0,0,원피스,111100
검솔,google,2025-11-09,0,0,원피스,111100
검솔,google,2025-11-16,0,0,원피스,111100
검솔,google,2025-11-23,0,0,원피스,111100
검솔,google,2025-11-30,0,0,원피스,111100
검솔,google,2025-12-07,0,0,원피스,111100
검솔,google,2025-12-14,0,0,원피스,111100
검솔,google,2025-12-21,0,0,원피스,111100
검솔,google,2025-12-28,0,0,원피스,111100
검솔,google,2026-01-04,0,0,원피스,111100
검솔,google,2026-01-11,0,0,원피스,111100
검솔,google,2026-01-18,0,0,원피스,111100
검솔,google,2026-01-25,0,0,원피스,111100
검솔,google,2026-02-01,0,0,원피스,111100
검솔,google,2026-02-08,0,0,원피스,111100
검솔,google,2026-02-15,0,0,원피스,111100
검솔,google,2026-02-22,0,0,원피스,111100
검솔,google,2026-03-01,0,0,원피스,111100
검솔,google,2026-03-08,0,0,원피스,111100
검솔,google,2026-03-15,0,0,원피스,111100
검솔,google,2026-03-22,0,0,원피스,111100
검솔,google,2026-03-29,0,0,원피스,111100
검솔,google,2026-04-05,0,0,원피스,111100
검솔,google,2026-04-12,0,0,원피스,111100
검솔,google,2026-04-19,0,0,원피스,111100
검솔,google,2026-04-26,0,0,원피스,111100
검솔,google,2026-05-03,0,0,원피스,111100
검솔,google,2026-05-10,0,0,원피스,111100
검솔,google,2026-05-17,0,0,원피스,111100
검솔,google,2026-05-24,0,0,원피스,111100
검솔,google,2026-05-31,0,0,원피스,111100
검솔,google,2026-06-07,0,0,원피스,111100
검솔,google,2026-06-14,0,0,원피스,111100
검솔,google,2026-06-21,0,0,원피스,111100
검솔,google,2026-06-28,0,0,원피스,111100
검솔,google,2026-07-05,0,0,원피스,111100
검솔,google,2026-07-12,0,0,원피스,111100
검솔,google,2026-07-19,0,0,원피스,111100
검솔,google,2026-07-26,0,0,원피스,111100
검솔,google,2026-08-02,0,0,원피스,111100
검솔,google,2026-08-09,0,0,원피스,111100
검솔,google,2026-08-16,0,0,원피스,111100
검솔,google,2026-08-23,0,0,원피스,111100
검솔,google,2026-08-30,11,18385,원피스,111100
검솔,google,2026-09-06,7,11699,원피스,111100
검솔,google,2026-09-13,0,0,원피스,111100
피티드핏,google,2025-09-14,0,0,원피스,111100
피티드핏,google,2025-09-21,0,0,원피스,111100
피티드핏,google,2025-09-28,0,0,원피스,111100
피티드핏,google,2025-10-05,0,0,원피스,111100
피티드핏,google,2025-10-12,0,0,원피스,111100
피티드핏,google,2025-10-19,0,0,원피스,111100
피티드핏,google,2025-10-26,0,0,원피스,111100
피티드핏,google,2025-11-02,0,0,원피스,111100
피티드핏,google,2025-11-09,0,0,원피스,111100
피티드핏,google,2025-11-16,0,0,원피스,111100
피티드핏,google,2025-11-23,0,0,원피스,111100
피티드핏,google,2025-11-30,0,0,원피스,111100
피티드핏,google,2025-12-07,0,0,원피스,111100
피티드핏,google,2025-12-14,0,0,원피스,111100
피티드핏,google,2025-12-21,0,0,원피스,111100
피티드핏,google,2025-12-28,0,0,원피스,111100
피티드핏,google,2026-01-04,0,0,원피스,111100
피티드핏,google,2026-01-11,0,0,원피스,111100
피티드핏,google,2026-01-18,0,0,원피스,111100
피티드핏,google,2026-01-25,0,0,원피스,111100
피티드핏,google,2026-02-01,0,0,원피스,111100
피티드핏,google,2026-02-08,0,0,원피스,111100
피티드핏,google,2026-02-15,0,0,원피스,111100
피티드핏,google,2026-02-22,0,0,원피스,111100
피티드핏,google,2026-03-01,0,0,원피스,111100
피티드핏,google,2026-03-08,0,0,원피스,111100
피티드핏,google,2026-03-15,0,0,원피스,111100
피티드핏,google,2026-03-22,0,0,원피스,111100
피티드핏,google,2026-03-29,0,0,원피스,111100
피티드핏,google,2026-04-05,0,0,원피스,111100
피티드핏,google,2026-04-12,0,0,원피스,111100
피티드핏,google,2026-04-19,0,0,원피스,111100
피티드핏,google,2026-04-26,0,0,원피스,111100
피티드핏,google,2026-05-03,0,0,원피스,111100
피티드핏,google,2026-05-10,0,0,원피스,111100
피티드핏,google,2026-05-17,0,0,원피스,111100
피티드핏,google,2026-05-24,0,0,원피스,111100
피티드핏,google,2026-05-31,0,0,원피스,111100
피티드핏,google,2026-06-07,0,0,원피스,111100
피티드핏,google,2026-06-14,0,0,원피스,111100
피티드핏,google,2026-06-21,0,0,원피스,111100
피티드핏,google,2026-06-28,0,0,원피스,111100
피티드핏,google,2026-07-05,0,0,원피스,111100
피티드핏,google,2026-07-12,0,0,원피스,111100
피티드핏,google,2026-07-19,0,0,원피스,111100
피티드핏,google,2026-07-26,0,0,원피스,111100
피티드핏,google,2026-08-02,0,0,원피스,111100
피티드핏,google,2026-08-09,0,0,원피스,111100
피티드핏,google,2026-08-16,0,0,원피스,111100
피티드핏,google,2026-08-23,0,0,원피스,111100
피티드핏,google,2026-08-30,0,0,원피스,111100
피티드핏,google,2026-09-06,0,0,원피스,111100
피티드핏,google,2026-09-13,0,0,원피스,111100
릴랙스핏,google,2025-09-14,0,0,원피스,111100
릴랙스핏,google,2025-09-21,0,0,원피스,111100
릴랙스핏,google,2025-09-28,0,0,원피스,111100
릴랙스핏,google,2025-10-05,0,0,원피스,111100
릴랙스핏,google,2025-10-12,0,0,원피스,111100
릴랙스핏,google,2025-10-19,0,0,원피스,111100
릴랙스핏,google,2025-10-26,0,0,원피스,111100
릴랙스핏,google,2025-11-02,0,0,원피스,111100
릴랙스핏,google,2025-11-09,0,0,원피스,111100
릴랙스핏,google,2025-11-16,0,0,원피스,111100
릴랙스핏,google,2025-11-23,0,0,원피스,111100
릴랙스핏,google,2025-11-30,0,0,원피스,111100
릴랙스핏,google,2025-12-07,0,0,원피스,111100
릴랙스핏,google,2025-12-14,0,0,원피스,111100
릴랙스핏,google,2025-12-21,0,0,원피스,111100
릴랙스핏,google,2025-12-28,0,0,원피스,111100
릴랙스핏,google,2026-01-04,0,0,원피스,111100
릴랙스핏,google,2026-01-11,0,0,원피스,111100
릴랙스핏,google,2026-01-18,0,0,원피스,111100
릴랙스핏,google,2026-01-25,0,0,원피스,111100
릴랙스핏,google,2026-02-01,0,0,원피스,111100
릴랙스핏,google,2026-02-08,0,0,원피스,111100
릴랙스핏,google,2026-02-15,0,0,원피스,111100
릴랙스핏,google,2026-02-22,0,0,원피스,111100
릴랙스핏,google,2026-03-01,0,0,원피스,111100
릴랙스핏,google,2026-03-08,0,0,원피스,111100
릴랙스핏,google,2026-03-15,0,0,원피스,111100
릴랙스핏,google,2026-03-22,0,0,원피스,111100
릴랙스핏,google,2026-03-29,0,0,원피스,111100
릴랙스핏,google,2026-04-05,0,0,원피스,111100
릴랙스핏,google,2026-04-12,0,0,원피스,111100
릴랙스핏,google,2026-04-19,0,0,원피스,111100
릴랙스핏,google,2026-04-26,0,0,원피스,111100
릴랙스핏,google,2026-05-03,0,0,원피스,111100
릴랙스핏,google,2026-05-10,0,0,원피스,111100
릴랙스핏,google,2026-05-17,0,0,원피스,111100
릴랙스핏,google,2026-05-24,0,0,원피스,111100
릴랙스핏,google,2026-05-31,0,0,원피스,111100
릴랙스핏,google,2026-06-07,0,0,원피스,111100
릴랙스핏,google,2026-06-14,0,0,원피스,111100
릴랙스핏,google,2026-06-21,0,0,원피스,111100
릴랙스핏,google,2026-06-28,0,0,원피스,111100
릴랙스핏,google,2026-07-05,0,0,원피스,111100
릴랙스핏,google,2026-07-12,0,0,원피스,111100
릴랙스핏,google,2026-07-19,0,0,원피스,111100
릴랙스핏,google,2026-07-26,0,0,원피스,111100
릴랙스핏,google,2026-08-02,0,0,원피스,111100
릴랙스핏,google,2026-08-09,0,0,원피스,111100
릴랙스핏,google,2026-08-16,0,0,원피스,111100
릴랙스핏,google,2026-08-23,0,0,원피스,111100
릴랙스핏,google,2026-08-30,12,20056,원피스,111100
릴랙스핏,google,2026-09-06,8,13371,원피스,111100
릴랙스핏,google,2026-09-13,0,0,원피스,111100
모크넥,google,2025-09-14,0,0,원피스,111100
모크넥,google,2025-09-21,0,0,원피스,111100
모크넥,google,2025-09-28,0,0,원피스,111100
모크넥,google,2025-10-05,0,0,원피스,111100
모크넥,google,2025-10-12,0,0,원피스,111100
모크넥,google,2025-10-19,75,125354,원피스,111100
모크넥,google,2025-10-26,0,0,원피스,111100
모크넥,google,2025-11-02,0,0,원피스,111100
모크넥,google,2025-11-09,60,100283,원피스,111100
모크넥,google,2025-11-16,91,152096,원피스,111100
모크넥,google,2025-11-23,61,101954,원피스,111100
모크넥,google,2025-11-30,100,167138,원피스,111100
모크넥,google,2025-12-07,65,108640,원피스,111100
모크넥,google,2025-12-14,83,138725,원피스,111100
모크넥,google,2025-12-21,0,0,원피스,111100
모크넥,google,2025-12-28,0,0,원피스,111100
모크넥,google,2026-01-04,55,91926,원피스,111100
모크넥,google,2026-01-11,86,143739,원피스,111100
모크넥,google,2026-01-18,57,95269,원피스,111100
모크넥,google,2026-01-25,0,0,원피스,111100
모크넥,google,2026-02-01,0,0,원피스,111100
모크넥,google,2026-02-08,51,85240,원피스,111100
모크넥,google,2026-02-15,0,0,원피스,111100
모크넥,google,2026-02-22,0,0,원피스,111100
모크넥,google,2026-03-01,0,0,원피스,111100
모크넥,google,2026-03-08,0,0,원피스,111100
모크넥,google,2026-03-15,0,0,원피스,111100
모크넥,google,2026-03-22,0,0,원피스,111100
모크넥,google,2026-03-29,0,0,원피스,111100
모크넥,google,2026-04-05,0,0,원피스,111100
모크넥,google,2026-04-12,0,0,원피스,111100
모크넥,google,2026-04-19,0,0,원피스,111100
모크넥,google,2026-04-26,0,0,원피스,111100
모크넥,google,2026-05-03,0,0,원피스,111100
모크넥,google,2026-05-10,0,0,원피스,111100
모크넥,google,2026-05-17,0,0,원피스,111100
모크넥,google,2026-05-24,0,0,원피스,111100
모크넥,google,2026-05-31,0,0,원피스,111100
모크넥,google,2026-06-07,0,0,원피스,111100
모크넥,google,2026-06-14,0,0,원피스,111100
모크넥,google,2026-06-21,0,0,원피스,111100
모크넥,google,2026-06-28,0,0,원피스,111100
모크넥,google,2026-07-05,0,0,원피스,111100
모크넥,google,2026-07-12,0,0,원피스,111100
모크넥,google,2026-07-19,0,0,원피스,111100
모크넥,google,2026-07-26,58,96940,원피스,111100
모크넥,google,2026-08-02,0,0,원피스,111100
모크넥,google,2026-08-09,0,0,원피스,111100
모크넥,google,2026-08-16,0,0,원피스,111100
모크넥,google,2026-08-23,0,0,원피스,111100
모크넥,google,2026-08-30,14,23399,원피스,111100
모크넥,google,2026-09-06,21,35099,원피스,111100
모크넥,google,2026-09-13,0,0,원피스,111100
스위트하트넥,google,2025-09-14,0,0,원피스,111100
스위트하트넥,google,2025-09-21,0,0,원피스,111100
스위트하트넥,google,2025-09-28,0,0,원피스,111100
스위트하트넥,google,2025-10-05,0,0,원피스,111100
스위트하트넥,google,2025-10-12,0,0,원피스,111100
스위트하트넥,google,2025-10-19,0,0,원피스,111100
스위트하트넥,google,2025-10-26,0,0,원피스,111100
스위트하트넥,google,2025-11-02,0,0,원피스,111100
스위트하트넥,google,2025-11-09,0,0,원피스,111100
스위트하트넥,google,2025-11-16,0,0,원피스,111100
스위트하트넥,google,2025-11-23,0,0,원피스,111100
스위트하트넥,google,2025-11-30,0,0,원피스,111100
스위트하트넥,google,2025-12-07,0,0,원피스,111100
스위트하트넥,google,2025-12-14,0,0,원피스,111100
스위트하트넥,google,2025-12-21,0,0,원피스,111100
스위트하트넥,google,2025-12-28,0,0,원피스,111100
스위트하트넥,google,2026-01-04,0,0,원피스,111100
스위트하트넥,google,2026-01-11,0,0,원피스,111100
스위트하트넥,google,2026-01-18,0,0,원피스,111100
스위트하트넥,google,2026-01-25,0,0,원피스,111100
스위트하트넥,google,2026-02-01,0,0,원피스,111100
스위트하트넥,google,2026-02-08,0,0,원피스,111100
스위트하트넥,google,2026-02-15,0,0,원피스,111100
스위트하트넥,google,2026-02-22,0,0,원피스,111100
스위트하트넥,google,2026-03-01,0,0,원피스,111100
스위트하트넥,google,2026-03-08,0,0,원피스,111100
스위트하트넥,google,2026-03-15,0,0,원피스,111100
스위트하트넥,google,2026-03-22,0,0,원피스,111100
스위트하트넥,google,2026-03-29,0,0,원피스,111100
스위트하트넥,google,2026-04-05,0,0,원피스,111100
스위트하트넥,google,2026-04-12,0,0,원피스,111100
스위트하트넥,google,2026-04-19,0,0,원피스,111100
스위트하트넥,google,2026-04-26,0,0,원피스,111100
스위트하트넥,google,2026-05-03,0,0,원피스,111100
스위트하트넥,google,2026-05-10,0,0,원피스,111100
스위트하트넥,google,2026-05-17,0,0,원피스,111100
스위트하트넥,google,2026-05-24,0,0,원피스,111100
스위트하트넥,google,2026-05-31,0,0,원피스,111100
스위트하트넥,google,2026-06-07,0,0,원피스,111100
스위트하트넥,google,2026-06-14,0,0,원피스,111100
스위트하트넥,google,2026-06-21,0,0,원피스,111100
스위트하트넥,google,2026-06-28,0,0,원피스,111100
스위트하트넥,google,2026-07-05,0,0,원피스,111100
스위트하트넥,google,2026-07-12,0,0,원피스,111100
스위트하트넥,google,2026-07-19,0,0,원피스,111100
스위트하트넥,google,2026-07-26,0,0,원피스,111100
스위트하트넥,google,2026-08-02,0,0,원피스,111100
스위트하트넥,google,2026-08-09,0,0,원피스,111100
스위트하트넥,google,2026-08-16,0,0,원피스,111100
스위트하트넥,google,2026-08-23,0,0,원피스,111100
스위트하트넥,google,2026-08-30,0,0,원피스,111100
스위트하트넥,google,2026-09-06,0,0,원피스,111100
스위트하트넥,google,2026-09-13,0,0,원피스,111100
키홀넥,google,2025-09-14,0,0,원피스,111100
키홀넥,google,2025-09-21,0,0,원피스,111100
키홀넥,google,2025-09-28,0,0,원피스,111100
키홀넥,google,2025-10-05,0,0,원피스,111100
키홀넥,google,2025-10-12,0,0,원피스,111100
키홀넥,google,2025-10-19,0,0,원피스,111100
키홀넥,google,2025-10-26,0,0,원피스,111100
키홀넥,google,2025-11-02,0,0,원피스,111100
키홀넥,google,2025-11-09,0,0,원피스,111100
키홀넥,google,2025-11-16,0,0,원피스,111100
키홀넥,google,2025-11-23,0,0,원피스,111100
키홀넥,google,2025-11-30,0,0,원피스,111100
키홀넥,google,2025-12-07,0,0,원피스,111100
키홀넥,google,2025-12-14,0,0,원피스,111100
키홀넥,google,2025-12-21,0,0,원피스,111100
키홀넥,google,2025-12-28,0,0,원피스,111100
키홀넥,google,2026-01-04,0,0,원피스,111100
키홀넥,google,2026-01-11,0,0,원피스,111100
키홀넥,google,2026-01-18,0,0,원피스,111100
키홀넥,google,2026-01-25,0,0,원피스,111100
키홀넥,google,2026-02-01,0,0,원피스,111100
키홀넥,google,2026-02-08,0,0,원피스,111100
키홀넥,google,2026-02-15,0,0,원피스,111100
키홀넥,google,2026-02-22,0,0,원피스,111100
키홀넥,google,2026-03-01,0,0,원피스,111100
키홀넥,google,2026-03-08,0,0,원피스,111100
키홀넥,google,2026-03-15,0,0,원피스,111100
키홀넥,google,2026-03-22,0,0,원피스,111100
키홀넥,google,2026-03-29,0,0,원피스,111100
키홀넥,google,2026-04-05,0,0,원피스,111100
키홀넥,google,2026-04-12,0,0,원피스,111100
키홀넥,google,2026-04-19,0,0,원피스,111100
키홀넥,google,2026-04-26,0,0,원피스,111100
키홀넥,google,2026-05-03,0,0,원피스,111100
키홀넥,google,2026-05-10,0,0,원피스,111100
키홀넥,google,2026-05-17,0,0,원피스,111100
키홀넥,google,2026-05-24,0,0,원피스,111100
키홀넥,google,2026-05-31,0,0,원피스,111100
키홀넥,google,2026-06-07,0,0,원피스,111100
키홀넥,google,2026-06-14,0,0,원피스,111100
키홀넥,google,2026-06-21,0,0,원피스,111100
키홀넥,google,2026-06-28,0,0,원피스,111100
키홀넥,google,2026-07-05,0,0,원피스,111100
키홀넥,google,2026-07-12,0,0,원피스,111100
키홀넥,google,2026-07-19,0,0,원피스,111100
키홀넥,google,2026-07-26,0,0,원피스,111100
키홀넥,google,2026-08-02,0,0,원피스,111100
키홀넥,google,2026-08-09,0,0,원피스,111100
키홀넥,google,2026-08-16,0,0,원피스,111100
키홀넥,google,2026-08-23,0,0,원피스,111100
키홀넥,google,2026-08-30,0,0,원피스,111100
키홀넥,google,2026-09-06,0,0,원피스,111100
키홀넥,google,2026-09-13,0,0,원피스,111100
언밸런스넥,google,2025-09-14,0,0,원피스,111100
언밸런스넥,google,2025-09-21,0,0,원피스,111100
언밸런스넥,google,2025-09-28,0,0,원피스,111100
언밸런스넥,google,2025-10-05,0,0,원피스,111100
언밸런스넥,google,2025-10-12,0,0,원피스,111100
언밸런스넥,google,2025-10-19,0,0,원피스,111100
언밸런스넥,google,2025-10-26,0,0,원피스,111100
언밸런스넥,google,2025-11-02,0,0,원피스,111100
언밸런스넥,google,2025-11-09,0,0,원피스,111100
언밸런스넥,google,2025-11-16,0,0,원피스,111100
언밸런스넥,google,2025-11-23,0,0,원피스,111100
언밸런스넥,google,2025-11-30,0,0,원피스,111100
언밸런스넥,google,2025-12-07,0,0,원피스,111100
언밸런스넥,google,2025-12-14,0,0,원피스,111100
언밸런스넥,google,2025-12-21,0,0,원피스,111100
언밸런스넥,google,2025-12-28,0,0,원피스,111100
언밸런스넥,google,2026-01-04,0,0,원피스,111100
언밸런스넥,google,2026-01-11,0,0,원피스,111100
언밸런스넥,google,2026-01-18,0,0,원피스,111100
언밸런스넥,google,2026-01-25,0,0,원피스,111100
언밸런스넥,google,2026-02-01,0,0,원피스,111100
언밸런스넥,google,2026-02-08,0,0,원피스,111100
언밸런스넥,google,2026-02-15,0,0,원피스,111100
언밸런스넥,google,2026-02-22,0,0,원피스,111100
언밸런스넥,google,2026-03-01,0,0,원피스,111100
언밸런스넥,google,2026-03-08,0,0,원피스,111100
언밸런스넥,google,2026-03-15,0,0,원피스,111100
언밸런스넥,google,2026-03-22,0,0,원피스,111100
언밸런스넥,google,2026-03-29,0,0,원피스,111100
언밸런스넥,google,2026-04-05,0,0,원피스,111100
언밸런스넥,google,2026-04-12,0,0,원피스,111100
언밸런스넥,google,2026-04-19,0,0,원피스,111100
언밸런스넥,google,2026-04-26,0,0,원피스,111100
언밸런스넥,google,2026-05-03,0,0,원피스,111100
언밸런스넥,google,2026-05-10,0,0,원피스,111100
언밸런스넥,google,2026-05-17,0,0,원피스,111100
언밸런스넥,google,2026-05-24,0,0,원피스,111100
언밸런스넥,google,2026-05-31,0,0,원피스,111100
언밸런스넥,google,2026-06-07,0,0,원피스,111100
언밸런스넥,google,2026-06-14,0,0,원피스,111100
언밸런스넥,google,2026-06-21,0,0,원피스,111100
언밸런스넥,google,2026-06-28,0,0,원피스,111100
언밸런스넥,google,2026-07-05,0,0,원피스,111100
언밸런스넥,google,2026-07-12,0,0,원피스,111100
언밸런스넥,google,2026-07-19,0,0,원피스,111100
언밸런스넥,google,2026-07-26,0,0,원피스,111100
언밸런스넥,google,2026-08-02,0,0,원피스,111100
언밸런스넥,google,2026-08-09,0,0,원피스,111100
언밸런스넥,google,2026-08-16,0,0,원피스,111100
언밸런스넥,google,2026-08-23,0,0,원피스,111100
언밸런스넥,google,2026-08-30,0,0,원피스,111100
언밸런스넥,google,2026-09-06,0,0,원피스,111100
언밸런스넥,google,2026-09-13,0,0,원피스,111100
셔츠칼라,google,2025-09-14,0,0,원피스,111100
셔츠칼라,google,2025-09-21,0,0,원피스,111100
셔츠칼라,google,2025-09-28,0,0,원피스,111100
셔츠칼라,google,2025-10-05,0,0,원피스,111100
셔츠칼라,google,2025-10-12,0,0,원피스,111100
셔츠칼라,google,2025-10-19,0,0,원피스,111100
셔츠칼라,google,2025-10-26,0,0,원피스,111100
셔츠칼라,google,2025-11-02,0,0,원피스,111100
셔츠칼라,google,2025-11-09,0,0,원피스,111100
셔츠칼라,google,2025-11-16,0,0,원피스,111100
셔츠칼라,google,2025-11-23,0,0,원피스,111100
셔츠칼라,google,2025-11-30,0,0,원피스,111100
셔츠칼라,google,2025-12-07,0,0,원피스,111100
셔츠칼라,google,2025-12-14,0,0,원피스,111100
셔츠칼라,google,2025-12-21,0,0,원피스,111100
셔츠칼라,google,2025-12-28,0,0,원피스,111100
셔츠칼라,google,2026-01-04,0,0,원피스,111100
셔츠칼라,google,2026-01-11,0,0,원피스,111100
셔츠칼라,google,2026-01-18,0,0,원피스,111100
셔츠칼라,google,2026-01-25,0,0,원피스,111100
셔츠칼라,google,2026-02-01,0,0,원피스,111100
셔츠칼라,google,2026-02-08,0,0,원피스,111100
셔츠칼라,google,2026-02-15,0,0,원피스,111100
셔츠칼라,google,2026-02-22,0,0,원피스,111100
셔츠칼라,google,2026-03-01,0,0,원피스,111100
셔츠칼라,google,2026-03-08,0,0,원피스,111100
셔츠칼라,google,2026-03-15,0,0,원피스,111100
셔츠칼라,google,2026-03-22,0,0,원피스,111100
셔츠칼라,google,2026-03-29,0,0,원피스,111100
셔츠칼라,google,2026-04-05,0,0,원피스,111100
셔츠칼라,google,2026-04-12,0,0,원피스,111100
셔츠칼라,google,2026-04-19,0,0,원피스,111100
셔츠칼라,google,2026-04-26,0,0,원피스,111100
셔츠칼라,google,2026-05-03,0,0,원피스,111100
셔츠칼라,google,2026-05-10,0,0,원피스,111100
셔츠칼라,google,2026-05-17,0,0,원피스,111100
셔츠칼라,google,2026-05-24,0,0,원피스,111100
셔츠칼라,google,2026-05-31,0,0,원피스,111100
셔츠칼라,google,2026-06-07,0,0,원피스,111100
셔츠칼라,google,2026-06-14,0,0,원피스,111100
셔츠칼라,google,2026-06-21,0,0,원피스,111100
셔츠칼라,google,2026-06-28,0,0,원피스,111100
셔츠칼라,google,2026-07-05,0,0,원피스,111100
셔츠칼라,google,2026-07-12,0,0,원피스,111100
셔츠칼라,google,2026-07-19,0,0,원피스,111100
셔츠칼라,google,2026-07-26,0,0,원피스,111100
셔츠칼라,google,2026-08-02,0,0,원피스,111100
셔츠칼라,google,2026-08-09,42,70198,원피스,111100
셔츠칼라,google,2026-08-16,0,0,원피스,111100
셔츠칼라,google,2026-08-23,0,0,원피스,111100
셔츠칼라,google,2026-08-30,13,21728,원피스,111100
셔츠칼라,google,2026-09-06,20,33427,원피스,111100
셔츠칼라,google,2026-09-13,23,38441,원피스,111100
폴로칼라,google,2025-09-14,0,0,원피스,111100
폴로칼라,google,2025-09-21,0,0,원피스,111100
폴로칼라,google,2025-09-28,0,0,원피스,111100
폴로칼라,google,2025-10-05,0,0,원피스,111100
폴로칼라,google,2025-10-12,0,0,원피스,111100
폴로칼라,google,2025-10-19,0,0,원피스,111100
폴로칼라,google,2025-10-26,0,0,원피스,111100
폴로칼라,google,2025-11-02,0,0,원피스,111100
폴로칼라,google,2025-11-09,0,0,원피스,111100
폴로칼라,google,2025-11-16,0,0,원피스,111100
폴로칼라,google,2025-11-23,0,0,원피스,111100
폴로칼라,google,2025-11-30,0,0,원피스,111100
폴로칼라,google,2025-12-07,0,0,원피스,111100
폴로칼라,google,2025-12-14,0,0,원피스,111100
폴로칼라,google,2025-12-21,0,0,원피스,111100
폴로칼라,google,2025-12-28,0,0,원피스,111100
폴로칼라,google,2026-01-04,0,0,원피스,111100
폴로칼라,google,2026-01-11,0,0,원피스,111100
폴로칼라,google,2026-01-18,0,0,원피스,111100
폴로칼라,google,2026-01-25,0,0,원피스,111100
폴로칼라,google,2026-02-01,0,0,원피스,111100
폴로칼라,google,2026-02-08,0,0,원피스,111100
폴로칼라,google,2026-02-15,0,0,원피스,111100
폴로칼라,google,2026-02-22,0,0,원피스,111100
폴로칼라,google,2026-03-01,0,0,원피스,111100
폴로칼라,google,2026-03-08,0,0,원피스,111100
폴로칼라,google,2026-03-15,0,0,원피스,111100
폴로칼라,google,2026-03-22,0,0,원피스,111100
폴로칼라,google,2026-03-29,0,0,원피스,111100
폴로칼라,google,2026-04-05,0,0,원피스,111100
폴로칼라,google,2026-04-12,0,0,원피스,111100
폴로칼라,google,2026-04-19,0,0,원피스,111100
폴로칼라,google,2026-04-26,0,0,원피스,111100
폴로칼라,google,2026-05-03,0,0,원피스,111100
폴로칼라,google,2026-05-10,0,0,원피스,111100
폴로칼라,google,2026-05-17,0,0,원피스,111100
폴로칼라,google,2026-05-24,0,0,원피스,111100
폴로칼라,google,2026-05-31,0,0,원피스,111100
폴로칼라,google,2026-06-07,0,0,원피스,111100
폴로칼라,google,2026-06-14,0,0,원피스,111100
폴로칼라,google,2026-06-21,0,0,원피스,111100
폴로칼라,google,2026-06-28,0,0,원피스,111100
폴로칼라,google,2026-07-05,0,0,원피스,111100
폴로칼라,google,2026-07-12,0,0,원피스,111100
폴로칼라,google,2026-07-19,0,0,원피스,111100
폴로칼라,google,2026-07-26,0,0,원피스,111100
폴로칼라,google,2026-08-02,0,0,원피스,111100
폴로칼라,google,2026-08-09,0,0,원피스,111100
폴로칼라,google,2026-08-16,0,0,원피스,111100
폴로칼라,google,2026-08-23,0,0,원피스,111100
폴로칼라,google,2026-08-30,0,0,원피스,111100
폴로칼라,google,2026-09-06,0,0,원피스,111100
폴로칼라,google,2026-09-13,0,0,원피스,111100
피터팬칼라,google,2025-09-14,0,0,원피스,111100
피터팬칼라,google,2025-09-21,0,0,원피스,111100
피터팬칼라,google,2025-09-28,0,0,원피스,111100
피터팬칼라,google,2025-10-05,0,0,원피스,111100
피터팬칼라,google,2025-10-12,0,0,원피스,111100
피터팬칼라,google,2025-10-19,0,0,원피스,111100
피터팬칼라,google,2025-10-26,0,0,원피스,111100
피터팬칼라,google,2025-11-02,0,0,원피스,111100
피터팬칼라,google,2025-11-09,0,0,원피스,111100
피터팬칼라,google,2025-11-16,0,0,원피스,111100
피터팬칼라,google,2025-11-23,0,0,원피스,111100
피터팬칼라,google,2025-11-30,0,0,원피스,111100
피터팬칼라,google,2025-12-07,0,0,원피스,111100
피터팬칼라,google,2025-12-14,0,0,원피스,111100
피터팬칼라,google,2025-12-21,0,0,원피스,111100
피터팬칼라,google,2025-12-28,0,0,원피스,111100
피터팬칼라,google,2026-01-04,0,0,원피스,111100
피터팬칼라,google,2026-01-11,0,0,원피스,111100
피터팬칼라,google,2026-01-18,0,0,원피스,111100
피터팬칼라,google,2026-01-25,0,0,원피스,111100
피터팬칼라,google,2026-02-01,0,0,원피스,111100
피터팬칼라,google,2026-02-08,0,0,원피스,111100
피터팬칼라,google,2026-02-15,0,0,원피스,111100
피터팬칼라,google,2026-02-22,0,0,원피스,111100
피터팬칼라,google,2026-03-01,0,0,원피스,111100
피터팬칼라,google,2026-03-08,0,0,원피스,111100
피터팬칼라,google,2026-03-15,0,0,원피스,111100
피터팬칼라,google,2026-03-22,0,0,원피스,111100
피터팬칼라,google,2026-03-29,0,0,원피스,111100
피터팬칼라,google,2026-04-05,0,0,원피스,111100
피터팬칼라,google,2026-04-12,0,0,원피스,111100
피터팬칼라,google,2026-04-19,0,0,원피스,111100
피터팬칼라,google,2026-04-26,0,0,원피스,111100
피터팬칼라,google,2026-05-03,0,0,원피스,111100
피터팬칼라,google,2026-05-10,0,0,원피스,111100
피터팬칼라,google,2026-05-17,0,0,원피스,111100
피터팬칼라,google,2026-05-24,0,0,원피스,111100
피터팬칼라,google,2026-05-31,0,0,원피스,111100
피터팬칼라,google,2026-06-07,0,0,원피스,111100
피터팬칼라,google,2026-06-14,0,0,원피스,111100
피터팬칼라,google,2026-06-21,0,0,원피스,111100
피터팬칼라,google,2026-06-28,0,0,원피스,111100
피터팬칼라,google,2026-07-05,0,0,원피스,111100
피터팬칼라,google,2026-07-12,0,0,원피스,111100
피터팬칼라,google,2026-07-19,0,0,원피스,111100
피터팬칼라,google,2026-07-26,0,0,원피스,111100
피터팬칼라,google,2026-08-02,0,0,원피스,111100
피터팬칼라,google,2026-08-09,0,0,원피스,111100
피터팬칼라,google,2026-08-16,0,0,원피스,111100
피터팬칼라,google,2026-08-23,0,0,원피스,111100
피터팬칼라,google,2026-08-30,0,0,원피스,111100
피터팬칼라,google,2026-09-06,0,0,원피스,111100
피터팬칼라,google,2026-09-13,0,0,원피스,111100
세일러칼라,google,2025-09-14,0,0,원피스,111100
세일러칼라,google,2025-09-21,0,0,원피스,111100
세일러칼라,google,2025-09-28,0,0,원피스,111100
세일러칼라,google,2025-10-05,0,0,원피스,111100
세일러칼라,google,2025-10-12,0,0,원피스,111100
세일러칼라,google,2025-10-19,0,0,원피스,111100
세일러칼라,google,2025-10-26,0,0,원피스,111100
세일러칼라,google,2025-11-02,0,0,원피스,111100
세일러칼라,google,2025-11-09,0,0,원피스,111100
세일러칼라,google,2025-11-16,0,0,원피스,111100
세일러칼라,google,2025-11-23,0,0,원피스,111100
세일러칼라,google,2025-11-30,0,0,원피스,111100
세일러칼라,google,2025-12-07,0,0,원피스,111100
세일러칼라,google,2025-12-14,0,0,원피스,111100
세일러칼라,google,2025-12-21,0,0,원피스,111100
세일러칼라,google,2025-12-28,0,0,원피스,111100
세일러칼라,google,2026-01-04,0,0,원피스,111100
세일러칼라,google,2026-01-11,0,0,원피스,111100
세일러칼라,google,2026-01-18,0,0,원피스,111100
세일러칼라,google,2026-01-25,0,0,원피스,111100
세일러칼라,google,2026-02-01,0,0,원피스,111100
세일러칼라,google,2026-02-08,0,0,원피스,111100
세일러칼라,google,2026-02-15,0,0,원피스,111100
세일러칼라,google,2026-02-22,0,0,원피스,111100
세일러칼라,google,2026-03-01,0,0,원피스,111100
세일러칼라,google,2026-03-08,0,0,원피스,111100
세일러칼라,google,2026-03-15,0,0,원피스,111100
세일러칼라,google,2026-03-22,0,0,원피스,111100
세일러칼라,google,2026-03-29,0,0,원피스,111100
세일러칼라,google,2026-04-05,0,0,원피스,111100
세일러칼라,google,2026-04-12,0,0,원피스,111100
세일러칼라,google,2026-04-19,0,0,원피스,111100
세일러칼라,google,2026-04-26,0,0,원피스,111100
세일러칼라,google,2026-05-03,0,0,원피스,111100
세일러칼라,google,2026-05-10,0,0,원피스,111100
세일러칼라,google,2026-05-17,0,0,원피스,111100
세일러칼라,google,2026-05-24,0,0,원피스,111100
세일러칼라,google,2026-05-31,0,0,원피스,111100
세일러칼라,google,2026-06-07,0,0,원피스,111100
세일러칼라,google,2026-06-14,0,0,원피스,111100
세일러칼라,google,2026-06-21,0,0,원피스,111100
세일러칼라,google,2026-06-28,0,0,원피스,111100
세일러칼라,google,2026-07-05,0,0,원피스,111100
세일러칼라,google,2026-07-12,0,0,원피스,111100
세일러칼라,google,2026-07-19,0,0,원피스,111100
세일러칼라,google,2026-07-26,0,0,원피스,111100
세일러칼라,google,2026-08-02,0,0,원피스,111100
세일러칼라,google,2026-08-09,0,0,원피스,111100
세일러칼라,google,2026-08-16,0,0,원피스,111100
세일러칼라,google,2026-08-23,0,0,원피스,111100
세일러칼라,google,2026-08-30,0,0,원피스,111100
세일러칼라,google,2026-09-06,0,0,원피스,111100
세일러칼라,google,2026-09-13,0,0,원피스,111100
노치드라펠,google,2025-09-14,0,0,원피스,111100
노치드라펠,google,2025-09-21,0,0,원피스,111100
노치드라펠,google,2025-09-28,0,0,원피스,111100
노치드라펠,google,2025-10-05,0,0,원피스,111100
노치드라펠,google,2025-10-12,0,0,원피스,111100
노치드라펠,google,2025-10-19,0,0,원피스,111100
노치드라펠,google,2025-10-26,0,0,원피스,111100
노치드라펠,google,2025-11-02,0,0,원피스,111100
노치드라펠,google,2025-11-09,0,0,원피스,111100
노치드라펠,google,2025-11-16,0,0,원피스,111100
노치드라펠,google,2025-11-23,0,0,원피스,111100
노치드라펠,google,2025-11-30,0,0,원피스,111100
노치드라펠,google,2025-12-07,0,0,원피스,111100
노치드라펠,google,2025-12-14,0,0,원피스,111100
노치드라펠,google,2025-12-21,0,0,원피스,111100
노치드라펠,google,2025-12-28,0,0,원피스,111100
노치드라펠,google,2026-01-04,0,0,원피스,111100
노치드라펠,google,2026-01-11,0,0,원피스,111100
노치드라펠,google,2026-01-18,0,0,원피스,111100
노치드라펠,google,2026-01-25,0,0,원피스,111100
노치드라펠,google,2026-02-01,0,0,원피스,111100
노치드라펠,google,2026-02-08,0,0,원피스,111100
노치드라펠,google,2026-02-15,0,0,원피스,111100
노치드라펠,google,2026-02-22,0,0,원피스,111100
노치드라펠,google,2026-03-01,0,0,원피스,111100
노치드라펠,google,2026-03-08,0,0,원피스,111100
노치드라펠,google,2026-03-15,0,0,원피스,111100
노치드라펠,google,2026-03-22,0,0,원피스,111100
노치드라펠,google,2026-03-29,0,0,원피스,111100
노치드라펠,google,2026-04-05,0,0,원피스,111100
노치드라펠,google,2026-04-12,0,0,원피스,111100
노치드라펠,google,2026-04-19,0,0,원피스,111100
노치드라펠,google,2026-04-26,0,0,원피스,111100
노치드라펠,google,2026-05-03,0,0,원피스,111100
노치드라펠,google,2026-05-10,0,0,원피스,111100
노치드라펠,google,2026-05-17,0,0,원피스,111100
노치드라펠,google,2026-05-24,0,0,원피스,111100
노치드라펠,google,2026-05-31,0,0,원피스,111100
노치드라펠,google,2026-06-07,0,0,원피스,111100
노치드라펠,google,2026-06-14,0,0,원피스,111100
노치드라펠,google,2026-06-21,0,0,원피스,111100
노치드라펠,google,2026-06-28,0,0,원피스,111100
노치드라펠,google,2026-07-05,0,0,원피스,111100
노치드라펠,google,2026-07-12,0,0,원피스,111100
노치드라펠,google,2026-07-19,0,0,원피스,111100
노치드라펠,google,2026-07-26,0,0,원피스,111100
노치드라펠,google,2026-08-02,100,167138,원피스,111100
노치드라펠,google,2026-08-09,0,0,원피스,111100
노치드라펠,google,2026-08-16,0,0,원피스,111100
노치드라펠,google,2026-08-23,0,0,원피스,111100
노치드라펠,google,2026-08-30,0,0,원피스,111100
노치드라펠,google,2026-09-06,0,0,원피스,111100
노치드라펠,google,2026-09-13,0,0,원피스,111100
피크드라펠,google,2025-09-14,0,0,원피스,111100
피크드라펠,google,2025-09-21,0,0,원피스,111100
피크드라펠,google,2025-09-28,0,0,원피스,111100
피크드라펠,google,2025-10-05,0,0,원피스,111100
피크드라펠,google,2025-10-12,0,0,원피스,111100
피크드라펠,google,2025-10-19,0,0,원피스,111100
피크드라펠,google,2025-10-26,0,0,원피스,111100
피크드라펠,google,2025-11-02,0,0,원피스,111100
피크드라펠,google,2025-11-09,0,0,원피스,111100
피크드라펠,google,2025-11-16,0,0,원피스,111100
피크드라펠,google,2025-11-23,0,0,원피스,111100
피크드라펠,google,2025-11-30,0,0,원피스,111100
피크드라펠,google,2025-12-07,0,0,원피스,111100
피크드라펠,google,2025-12-14,0,0,원피스,111100
피크드라펠,google,2025-12-21,0,0,원피스,111100
피크드라펠,google,2025-12-28,0,0,원피스,111100
피크드라펠,google,2026-01-04,0,0,원피스,111100
피크드라펠,google,2026-01-11,0,0,원피스,111100
피크드라펠,google,2026-01-18,0,0,원피스,111100
피크드라펠,google,2026-01-25,0,0,원피스,111100
피크드라펠,google,2026-02-01,0,0,원피스,111100
피크드라펠,google,2026-02-08,0,0,원피스,111100
피크드라펠,google,2026-02-15,0,0,원피스,111100
피크드라펠,google,2026-02-22,0,0,원피스,111100
피크드라펠,google,2026-03-01,0,0,원피스,111100
피크드라펠,google,2026-03-08,0,0,원피스,111100
피크드라펠,google,2026-03-15,0,0,원피스,111100
피크드라펠,google,2026-03-22,0,0,원피스,111100
피크드라펠,google,2026-03-29,0,0,원피스,111100
피크드라펠,google,2026-04-05,0,0,원피스,111100
피크드라펠,google,2026-04-12,0,0,원피스,111100
피크드라펠,google,2026-04-19,0,0,원피스,111100
피크드라펠,google,2026-04-26,0,0,원피스,111100
피크드라펠,google,2026-05-03,0,0,원피스,111100
피크드라펠,google,2026-05-10,0,0,원피스,111100
피크드라펠,google,2026-05-17,0,0,원피스,111100
피크드라펠,google,2026-05-24,0,0,원피스,111100
피크드라펠,google,2026-05-31,0,0,원피스,111100
피크드라펠,google,2026-06-07,0,0,원피스,111100
피크드라펠,google,2026-06-14,0,0,원피스,111100
피크드라펠,google,2026-06-21,0,0,원피스,111100
피크드라펠,google,2026-06-28,0,0,원피스,111100
피크드라펠,google,2026-07-05,0,0,원피스,111100
피크드라펠,google,2026-07-12,0,0,원피스,111100
피크드라펠,google,2026-07-19,0,0,원피스,111100
피크드라펠,google,2026-07-26,0,0,원피스,111100
피크드라펠,google,2026-08-02,0,0,원피스,111100
피크드라펠,google,2026-08-09,0,0,원피스,111100
피크드라펠,google,2026-08-16,0,0,원피스,111100
피크드라펠,google,2026-08-23,0,0,원피스,111100
피크드라펠,google,2026-08-30,0,0,원피스,111100
피크드라펠,google,2026-09-06,0,0,원피스,111100
피크드라펠,google,2026-09-13,0,0,원피스,111100
캡소매,google,2025-09-14,0,0,원피스,111100
캡소매,google,2025-09-21,0,0,원피스,111100
캡소매,google,2025-09-28,0,0,원피스,111100
캡소매,google,2025-10-05,0,0,원피스,111100
캡소매,google,2025-10-12,0,0,원피스,111100
캡소매,google,2025-10-19,0,0,원피스,111100
캡소매,google,2025-10-26,0,0,원피스,111100
캡소매,google,2025-11-02,0,0,원피스,111100
캡소매,google,2025-11-09,0,0,원피스,111100
캡소매,google,2025-11-16,0,0,원피스,111100
캡소매,google,2025-11-23,0,0,원피스,111100
캡소매,google,2025-11-30,0,0,원피스,111100
캡소매,google,2025-12-07,0,0,원피스,111100
캡소매,google,2025-12-14,0,0,원피스,111100
캡소매,google,2025-12-21,0,0,원피스,111100
캡소매,google,2025-12-28,0,0,원피스,111100
캡소매,google,2026-01-04,0,0,원피스,111100
캡소매,google,2026-01-11,0,0,원피스,111100
캡소매,google,2026-01-18,0,0,원피스,111100
캡소매,google,2026-01-25,0,0,원피스,111100
캡소매,google,2026-02-01,0,0,원피스,111100
캡소매,google,2026-02-08,0,0,원피스,111100
캡소매,google,2026-02-15,0,0,원피스,111100
캡소매,google,2026-02-22,0,0,원피스,111100
캡소매,google,2026-03-01,0,0,원피스,111100
캡소매,google,2026-03-08,0,0,원피스,111100
캡소매,google,2026-03-15,0,0,원피스,111100
캡소매,google,2026-03-22,0,0,원피스,111100
캡소매,google,2026-03-29,0,0,원피스,111100
캡소매,google,2026-04-05,0,0,원피스,111100
캡소매,google,2026-04-12,0,0,원피스,111100
캡소매,google,2026-04-19,0,0,원피스,111100
캡소매,google,2026-04-26,0,0,원피스,111100
캡소매,google,2026-05-03,0,0,원피스,111100
캡소매,google,2026-05-10,0,0,원피스,111100
캡소매,google,2026-05-17,0,0,원피스,111100
캡소매,google,2026-05-24,0,0,원피스,111100
캡소매,google,2026-05-31,0,0,원피스,111100
캡소매,google,2026-06-07,0,0,원피스,111100
캡소매,google,2026-06-14,0,0,원피스,111100
캡소매,google,2026-06-21,0,0,원피스,111100
캡소매,google,2026-06-28,0,0,원피스,111100
캡소매,google,2026-07-05,0,0,원피스,111100
캡소매,google,2026-07-12,0,0,원피스,111100
캡소매,google,2026-07-19,0,0,원피스,111100
캡소매,google,2026-07-26,0,0,원피스,111100
캡소매,google,2026-08-02,0,0,원피스,111100
캡소매,google,2026-08-09,0,0,원피스,111100
캡소매,google,2026-08-16,0,0,원피스,111100
캡소매,google,2026-08-23,0,0,원피스,111100
캡소매,google,2026-08-30,9,15042,원피스,111100
캡소매,google,2026-09-06,10,16713,원피스,111100
캡소매,google,2026-09-13,0,0,원피스,111100
벌룬소매,google,2025-09-14,0,0,원피스,111100
벌룬소매,google,2025-09-21,0,0,원피스,111100
벌룬소매,google,2025-09-28,0,0,원피스,111100
벌룬소매,google,2025-10-05,0,0,원피스,111100
벌룬소매,google,2025-10-12,0,0,원피스,111100
벌룬소매,google,2025-10-19,0,0,원피스,111100
벌룬소매,google,2025-10-26,0,0,원피스,111100
벌룬소매,google,2025-11-02,0,0,원피스,111100
벌룬소매,google,2025-11-09,0,0,원피스,111100
벌룬소매,google,2025-11-16,0,0,원피스,111100
벌룬소매,google,2025-11-23,0,0,원피스,111100
벌룬소매,google,2025-11-30,0,0,원피스,111100
벌룬소매,google,2025-12-07,0,0,원피스,111100
벌룬소매,google,2025-12-14,0,0,원피스,111100
벌룬소매,google,2025-12-21,0,0,원피스,111100
벌룬소매,google,2025-12-28,0,0,원피스,111100
벌룬소매,google,2026-01-04,0,0,원피스,111100
벌룬소매,google,2026-01-11,0,0,원피스,111100
벌룬소매,google,2026-01-18,0,0,원피스,111100
벌룬소매,google,2026-01-25,0,0,원피스,111100
벌룬소매,google,2026-02-01,0,0,원피스,111100
벌룬소매,google,2026-02-08,0,0,원피스,111100
벌룬소매,google,2026-02-15,0,0,원피스,111100
벌룬소매,google,2026-02-22,0,0,원피스,111100
벌룬소매,google,2026-03-01,0,0,원피스,111100
벌룬소매,google,2026-03-08,0,0,원피스,111100
벌룬소매,google,2026-03-15,0,0,원피스,111100
벌룬소매,google,2026-03-22,0,0,원피스,111100
벌룬소매,google,2026-03-29,0,0,원피스,111100
벌룬소매,google,2026-04-05,0,0,원피스,111100
벌룬소매,google,2026-04-12,0,0,원피스,111100
벌룬소매,google,2026-04-19,0,0,원피스,111100
벌룬소매,google,2026-04-26,0,0,원피스,111100
벌룬소매,google,2026-05-03,0,0,원피스,111100
벌룬소매,google,2026-05-10,0,0,원피스,111100
벌룬소매,google,2026-05-17,0,0,원피스,111100
벌룬소매,google,2026-05-24,0,0,원피스,111100
벌룬소매,google,2026-05-31,0,0,원피스,111100
벌룬소매,google,2026-06-07,0,0,원피스,111100
벌룬소매,google,2026-06-14,0,0,원피스,111100
벌룬소매,google,2026-06-21,0,0,원피스,111100
벌룬소매,google,2026-06-28,0,0,원피스,111100
벌룬소매,google,2026-07-05,0,0,원피스,111100
벌룬소매,google,2026-07-12,0,0,원피스,111100
벌룬소매,google,2026-07-19,0,0,원피스,111100
벌룬소매,google,2026-07-26,0,0,원피스,111100
벌룬소매,google,2026-08-02,0,0,원피스,111100
벌룬소매,google,2026-08-09,0,0,원피스,111100
벌룬소매,google,2026-08-16,0,0,원피스,111100
벌룬소매,google,2026-08-23,0,0,원피스,111100
벌룬소매,google,2026-08-30,6,10028,원피스,111100
벌룬소매,google,2026-09-06,0,0,원피스,111100
벌룬소매,google,2026-09-13,0,0,원피스,111100
비숍소매,google,2025-09-14,0,0,원피스,111100
비숍소매,google,2025-09-21,0,0,원피스,111100
비숍소매,google,2025-09-28,0,0,원피스,111100
비숍소매,google,2025-10-05,0,0,원피스,111100
비숍소매,google,2025-10-12,0,0,원피스,111100
비숍소매,google,2025-10-19,0,0,원피스,111100
비숍소매,google,2025-10-26,0,0,원피스,111100
비숍소매,google,2025-11-02,0,0,원피스,111100
비숍소매,google,2025-11-09,0,0,원피스,111100
비숍소매,google,2025-11-16,0,0,원피스,111100
비숍소매,google,2025-11-23,0,0,원피스,111100
비숍소매,google,2025-11-30,0,0,원피스,111100
비숍소매,google,2025-12-07,0,0,원피스,111100
비숍소매,google,2025-12-14,0,0,원피스,111100
비숍소매,google,2025-12-21,0,0,원피스,111100
비숍소매,google,2025-12-28,0,0,원피스,111100
비숍소매,google,2026-01-04,0,0,원피스,111100
비숍소매,google,2026-01-11,0,0,원피스,111100
비숍소매,google,2026-01-18,0,0,원피스,111100
비숍소매,google,2026-01-25,0,0,원피스,111100
비숍소매,google,2026-02-01,0,0,원피스,111100
비숍소매,google,2026-02-08,0,0,원피스,111100
비숍소매,google,2026-02-15,0,0,원피스,111100
비숍소매,google,2026-02-22,0,0,원피스,111100
비숍소매,google,2026-03-01,0,0,원피스,111100
비숍소매,google,2026-03-08,0,0,원피스,111100
비숍소매,google,2026-03-15,0,0,원피스,111100
비숍소매,google,2026-03-22,0,0,원피스,111100
비숍소매,google,2026-03-29,0,0,원피스,111100
비숍소매,google,2026-04-05,0,0,원피스,111100
비숍소매,google,2026-04-12,0,0,원피스,111100
비숍소매,google,2026-04-19,0,0,원피스,111100
비숍소매,google,2026-04-26,0,0,원피스,111100
비숍소매,google,2026-05-03,0,0,원피스,111100
비숍소매,google,2026-05-10,0,0,원피스,111100
비숍소매,google,2026-05-17,0,0,원피스,111100
비숍소매,google,2026-05-24,0,0,원피스,111100
비숍소매,google,2026-05-31,0,0,원피스,111100
비숍소매,google,2026-06-07,0,0,원피스,111100
비숍소매,google,2026-06-14,0,0,원피스,111100
비숍소매,google,2026-06-21,0,0,원피스,111100
비숍소매,google,2026-06-28,0,0,원피스,111100
비숍소매,google,2026-07-05,0,0,원피스,111100
비숍소매,google,2026-07-12,100,167138,원피스,111100
비숍소매,google,2026-07-19,0,0,원피스,111100
비숍소매,google,2026-07-26,0,0,원피스,111100
비숍소매,google,2026-08-02,0,0,원피스,111100
비숍소매,google,2026-08-09,0,0,원피스,111100
비숍소매,google,2026-08-16,0,0,원피스,111100
비숍소매,google,2026-08-23,0,0,원피스,111100
비숍소매,google,2026-08-30,0,0,원피스,111100
비숍소매,google,2026-09-06,0,0,원피스,111100
비숍소매,google,2026-09-13,0,0,원피스,111100
벨소매,google,2025-09-14,0,0,원피스,111100
벨소매,google,2025-09-21,0,0,원피스,111100
벨소매,google,2025-09-28,0,0,원피스,111100
벨소매,google,2025-10-05,0,0,원피스,111100
벨소매,google,2025-10-12,0,0,원피스,111100
벨소매,google,2025-10-19,0,0,원피스,111100
벨소매,google,2025-10-26,0,0,원피스,111100
벨소매,google,2025-11-02,0,0,원피스,111100
벨소매,google,2025-11-09,0,0,원피스,111100
벨소매,google,2025-11-16,0,0,원피스,111100
벨소매,google,2025-11-23,0,0,원피스,111100
벨소매,google,2025-11-30,0,0,원피스,111100
벨소매,google,2025-12-07,0,0,원피스,111100
벨소매,google,2025-12-14,0,0,원피스,111100
벨소매,google,2025-12-21,0,0,원피스,111100
벨소매,google,2025-12-28,0,0,원피스,111100
벨소매,google,2026-01-04,0,0,원피스,111100
벨소매,google,2026-01-11,0,0,원피스,111100
벨소매,google,2026-01-18,0,0,원피스,111100
벨소매,google,2026-01-25,0,0,원피스,111100
벨소매,google,2026-02-01,0,0,원피스,111100
벨소매,google,2026-02-08,0,0,원피스,111100
벨소매,google,2026-02-15,0,0,원피스,111100
벨소매,google,2026-02-22,0,0,원피스,111100
벨소매,google,2026-03-01,0,0,원피스,111100
벨소매,google,2026-03-08,0,0,원피스,111100
벨소매,google,2026-03-15,0,0,원피스,111100
벨소매,google,2026-03-22,0,0,원피스,111100
벨소매,google,2026-03-29,0,0,원피스,111100
벨소매,google,2026-04-05,0,0,원피스,111100
벨소매,google,2026-04-12,0,0,원피스,111100
벨소매,google,2026-04-19,0,0,원피스,111100
벨소매,google,2026-04-26,0,0,원피스,111100
벨소매,google,2026-05-03,0,0,원피스,111100
벨소매,google,2026-05-10,0,0,원피스,111100
벨소매,google,2026-05-17,0,0,원피스,111100
벨소매,google,2026-05-24,0,0,원피스,111100
벨소매,google,2026-05-31,0,0,원피스,111100
벨소매,google,2026-06-07,0,0,원피스,111100
벨소매,google,2026-06-14,0,0,원피스,111100
벨소매,google,2026-06-21,0,0,원피스,111100
벨소매,google,2026-06-28,0,0,원피스,111100
벨소매,google,2026-07-05,0,0,원피스,111100
벨소매,google,2026-07-12,0,0,원피스,111100
벨소매,google,2026-07-19,0,0,원피스,111100
벨소매,google,2026-07-26,0,0,원피스,111100
벨소매,google,2026-08-02,0,0,원피스,111100
벨소매,google,2026-08-09,0,0,원피스,111100
벨소매,google,2026-08-16,0,0,원피스,111100
벨소매,google,2026-08-23,0,0,원피스,111100
벨소매,google,2026-08-30,0,0,원피스,111100
벨소매,google,2026-09-06,0,0,원피스,111100
벨소매,google,2026-09-13,0,0,원피스,111100
돌먼소매,google,2025-09-14,0,0,원피스,111100
돌먼소매,google,2025-09-21,0,0,원피스,111100
돌먼소매,google,2025-09-28,0,0,원피스,111100
돌먼소매,google,2025-10-05,0,0,원피스,111100
돌먼소매,google,2025-10-12,0,0,원피스,111100
돌먼소매,google,2025-10-19,0,0,원피스,111100
돌먼소매,google,2025-10-26,0,0,원피스,111100
돌먼소매,google,2025-11-02,0,0,원피스,111100
돌먼소매,google,2025-11-09,0,0,원피스,111100
돌먼소매,google,2025-11-16,0,0,원피스,111100
돌먼소매,google,2025-11-23,0,0,원피스,111100
돌먼소매,google,2025-11-30,0,0,원피스,111100
돌먼소매,google,2025-12-07,0,0,원피스,111100
돌먼소매,google,2025-12-14,0,0,원피스,111100
돌먼소매,google,2025-12-21,0,0,원피스,111100
돌먼소매,google,2025-12-28,0,0,원피스,111100
돌먼소매,google,2026-01-04,0,0,원피스,111100
돌먼소매,google,2026-01-11,0,0,원피스,111100
돌먼소매,google,2026-01-18,0,0,원피스,111100
돌먼소매,google,2026-01-25,0,0,원피스,111100
돌먼소매,google,2026-02-01,0,0,원피스,111100
돌먼소매,google,2026-02-08,0,0,원피스,111100
돌먼소매,google,2026-02-15,0,0,원피스,111100
돌먼소매,google,2026-02-22,0,0,원피스,111100
돌먼소매,google,2026-03-01,0,0,원피스,111100
돌먼소매,google,2026-03-08,0,0,원피스,111100
돌먼소매,google,2026-03-15,0,0,원피스,111100
돌먼소매,google,2026-03-22,0,0,원피스,111100
돌먼소매,google,2026-03-29,0,0,원피스,111100
돌먼소매,google,2026-04-05,0,0,원피스,111100
돌먼소매,google,2026-04-12,0,0,원피스,111100
돌먼소매,google,2026-04-19,0,0,원피스,111100
돌먼소매,google,2026-04-26,0,0,원피스,111100
돌먼소매,google,2026-05-03,0,0,원피스,111100
돌먼소매,google,2026-05-10,0,0,원피스,111100
돌먼소매,google,2026-05-17,0,0,원피스,111100
돌먼소매,google,2026-05-24,0,0,원피스,111100
돌먼소매,google,2026-05-31,0,0,원피스,111100
돌먼소매,google,2026-06-07,0,0,원피스,111100
돌먼소매,google,2026-06-14,0,0,원피스,111100
돌먼소매,google,2026-06-21,0,0,원피스,111100
돌먼소매,google,2026-06-28,0,0,원피스,111100
돌먼소매,google,2026-07-05,0,0,원피스,111100
돌먼소매,google,2026-07-12,0,0,원피스,111100
돌먼소매,google,2026-07-19,0,0,원피스,111100
돌먼소매,google,2026-07-26,0,0,원피스,111100
돌먼소매,google,2026-08-02,0,0,원피스,111100
돌먼소매,google,2026-08-09,0,0,원피스,111100
돌먼소매,google,2026-08-16,0,0,원피스,111100
돌먼소매,google,2026-08-23,0,0,원피스,111100
돌먼소매,google,2026-08-30,0,0,원피스,111100
돌먼소매,google,2026-09-06,0,0,원피스,111100
돌먼소매,google,2026-09-13,0,0,원피스,111100
배트윙소매,google,2025-09-14,0,0,원피스,111100
배트윙소매,google,2025-09-21,0,0,원피스,111100
배트윙소매,google,2025-09-28,0,0,원피스,111100
배트윙소매,google,2025-10-05,0,0,원피스,111100
배트윙소매,google,2025-10-12,0,0,원피스,111100
배트윙소매,google,2025-10-19,0,0,원피스,111100
배트윙소매,google,2025-10-26,0,0,원피스,111100
배트윙소매,google,2025-11-02,0,0,원피스,111100
배트윙소매,google,2025-11-09,0,0,원피스,111100
배트윙소매,google,2025-11-16,0,0,원피스,111100
배트윙소매,google,2025-11-23,0,0,원피스,111100
배트윙소매,google,2025-11-30,0,0,원피스,111100
배트윙소매,google,2025-12-07,0,0,원피스,111100
배트윙소매,google,2025-12-14,0,0,원피스,111100
배트윙소매,google,2025-12-21,0,0,원피스,111100
배트윙소매,google,2025-12-28,0,0,원피스,111100
배트윙소매,google,2026-01-04,0,0,원피스,111100
배트윙소매,google,2026-01-11,0,0,원피스,111100
배트윙소매,google,2026-01-18,0,0,원피스,111100
배트윙소매,google,2026-01-25,0,0,원피스,111100
배트윙소매,google,2026-02-01,0,0,원피스,111100
배트윙소매,google,2026-02-08,0,0,원피스,111100
배트윙소매,google,2026-02-15,0,0,원피스,111100
배트윙소매,google,2026-02-22,0,0,원피스,111100
배트윙소매,google,2026-03-01,0,0,원피스,111100
배트윙소매,google,2026-03-08,0,0,원피스,111100
배트윙소매,google,2026-03-15,0,0,원피스,111100
배트윙소매,google,2026-03-22,0,0,원피스,111100
배트윙소매,google,2026-03-29,0,0,원피스,111100
배트윙소매,google,2026-04-05,0,0,원피스,111100
배트윙소매,google,2026-04-12,0,0,원피스,111100
배트윙소매,google,2026-04-19,0,0,원피스,111100
배트윙소매,google,2026-04-26,0,0,원피스,111100
배트윙소매,google,2026-05-03,0,0,원피스,111100
배트윙소매,google,2026-05-10,0,0,원피스,111100
배트윙소매,google,2026-05-17,0,0,원피스,111100
배트윙소매,google,2026-05-24,0,0,원피스,111100
배트윙소매,google,2026-05-31,0,0,원피스,111100
배트윙소매,google,2026-06-07,0,0,원피스,111100
배트윙소매,google,2026-06-14,0,0,원피스,111100
배트윙소매,google,2026-06-21,0,0,원피스,111100
배트윙소매,google,2026-06-28,0,0,원피스,111100
배트윙소매,google,2026-07-05,0,0,원피스,111100
배트윙소매,google,2026-07-12,0,0,원피스,111100
배트윙소매,google,2026-07-19,0,0,원피스,111100
배트윙소매,google,2026-07-26,0,0,원피스,111100
배트윙소매,google,2026-08-02,0,0,원피스,111100
배트윙소매,google,2026-08-09,0,0,원피스,111100
배트윙소매,google,2026-08-16,0,0,원피스,111100
배트윙소매,google,2026-08-23,0,0,원피스,111100
배트윙소매,google,2026-08-30,0,0,원피스,111100
배트윙소매,google,2026-09-06,0,0,원피스,111100
배트윙소매,google,2026-09-13,0,0,원피스,111100
플러터소매,google,2025-09-14,0,0,원피스,111100
플러터소매,google,2025-09-21,0,0,원피스,111100
플러터소매,google,2025-09-28,0,0,원피스,111100
플러터소매,google,2025-10-05,0,0,원피스,111100
플러터소매,google,2025-10-12,0,0,원피스,111100
플러터소매,google,2025-10-19,0,0,원피스,111100
플러터소매,google,2025-10-26,0,0,원피스,111100
플러터소매,google,2025-11-02,0,0,원피스,111100
플러터소매,google,2025-11-09,0,0,원피스,111100
플러터소매,google,2025-11-16,0,0,원피스,111100
플러터소매,google,2025-11-23,0,0,원피스,111100
플러터소매,google,2025-11-30,0,0,원피스,111100
플러터소매,google,2025-12-07,0,0,원피스,111100
플러터소매,google,2025-12-14,0,0,원피스,111100
플러터소매,google,2025-12-21,0,0,원피스,111100
플러터소매,google,2025-12-28,0,0,원피스,111100
플러터소매,google,2026-01-04,0,0,원피스,111100
플러터소매,google,2026-01-11,0,0,원피스,111100
플러터소매,google,2026-01-18,0,0,원피스,111100
플러터소매,google,2026-01-25,0,0,원피스,111100
플러터소매,google,2026-02-01,0,0,원피스,111100
플러터소매,google,2026-02-08,0,0,원피스,111100
플러터소매,google,2026-02-15,0,0,원피스,111100
플러터소매,google,2026-02-22,0,0,원피스,111100
플러터소매,google,2026-03-01,0,0,원피스,111100
플러터소매,google,2026-03-08,0,0,원피스,111100
플러터소매,google,2026-03-15,0,0,원피스,111100
플러터소매,google,2026-03-22,0,0,원피스,111100
플러터소매,google,2026-03-29,0,0,원피스,111100
플러터소매,google,2026-04-05,0,0,원피스,111100
플러터소매,google,2026-04-12,0,0,원피스,111100
플러터소매,google,2026-04-19,0,0,원피스,111100
플러터소매,google,2026-04-26,0,0,원피스,111100
플러터소매,google,2026-05-03,0,0,원피스,111100
플러터소매,google,2026-05-10,0,0,원피스,111100
플러터소매,google,2026-05-17,0,0,원피스,111100
플러터소매,google,2026-05-24,0,0,원피스,111100
플러터소매,google,2026-05-31,0,0,원피스,111100
플러터소매,google,2026-06-07,0,0,원피스,111100
플러터소매,google,2026-06-14,0,0,원피스,111100
플러터소매,google,2026-06-21,0,0,원피스,111100
플러터소매,google,2026-06-28,0,0,원피스,111100
플러터소매,google,2026-07-05,0,0,원피스,111100
플러터소매,google,2026-07-12,0,0,원피스,111100
플러터소매,google,2026-07-19,0,0,원피스,111100
플러터소매,google,2026-07-26,0,0,원피스,111100
플러터소매,google,2026-08-02,0,0,원피스,111100
플러터소매,google,2026-08-09,0,0,원피스,111100
플러터소매,google,2026-08-16,0,0,원피스,111100
플러터소매,google,2026-08-23,0,0,원피스,111100
플러터소매,google,2026-08-30,0,0,원피스,111100
플러터소매,google,2026-09-06,0,0,원피스,111100
플러터소매,google,2026-09-13,0,0,원피스,111100
드롭숄더,google,2025-09-14,0,0,원피스,111100
드롭숄더,google,2025-09-21,58,96940,원피스,111100
드롭숄더,google,2025-09-28,0,0,원피스,111100
드롭숄더,google,2025-10-05,0,0,원피스,111100
드롭숄더,google,2025-10-12,0,0,원피스,111100
드롭숄더,google,2025-10-19,0,0,원피스,111100
드롭숄더,google,2025-10-26,0,0,원피스,111100
드롭숄더,google,2025-11-02,0,0,원피스,111100
드롭숄더,google,2025-11-09,0,0,원피스,111100
드롭숄더,google,2025-11-16,0,0,원피스,111100
드롭숄더,google,2025-11-23,0,0,원피스,111100
드롭숄더,google,2025-11-30,0,0,원피스,111100
드롭숄더,google,2025-12-07,0,0,원피스,111100
드롭숄더,google,2025-12-14,0,0,원피스,111100
드롭숄더,google,2025-12-21,0,0,원피스,111100
드롭숄더,google,2025-12-28,0,0,원피스,111100
드롭숄더,google,2026-01-04,0,0,원피스,111100
드롭숄더,google,2026-01-11,0,0,원피스,111100
드롭숄더,google,2026-01-18,0,0,원피스,111100
드롭숄더,google,2026-01-25,0,0,원피스,111100
드롭숄더,google,2026-02-01,0,0,원피스,111100
드롭숄더,google,2026-02-08,0,0,원피스,111100
드롭숄더,google,2026-02-15,0,0,원피스,111100
드롭숄더,google,2026-02-22,0,0,원피스,111100
드롭숄더,google,2026-03-01,0,0,원피스,111100
드롭숄더,google,2026-03-08,0,0,원피스,111100
드롭숄더,google,2026-03-15,0,0,원피스,111100
드롭숄더,google,2026-03-22,0,0,원피스,111100
드롭숄더,google,2026-03-29,0,0,원피스,111100
드롭숄더,google,2026-04-05,0,0,원피스,111100
드롭숄더,google,2026-04-12,0,0,원피스,111100
드롭숄더,google,2026-04-19,0,0,원피스,111100
드롭숄더,google,2026-04-26,0,0,원피스,111100
드롭숄더,google,2026-05-03,0,0,원피스,111100
드롭숄더,google,2026-05-10,0,0,원피스,111100
드롭숄더,google,2026-05-17,0,0,원피스,111100
드롭숄더,google,2026-05-24,0,0,원피스,111100
드롭숄더,google,2026-05-31,0,0,원피스,111100
드롭숄더,google,2026-06-07,0,0,원피스,111100
드롭숄더,google,2026-06-14,0,0,원피스,111100
드롭숄더,google,2026-06-21,0,0,원피스,111100
드롭숄더,google,2026-06-28,0,0,원피스,111100
드롭숄더,google,2026-07-05,0,0,원피스,111100
드롭숄더,google,2026-07-12,0,0,원피스,111100
드롭숄더,google,2026-07-19,0,0,원피스,111100
드롭숄더,google,2026-07-26,0,0,원피스,111100
드롭숄더,google,2026-08-02,0,0,원피스,111100
드롭숄더,google,2026-08-09,0,0,원피스,111100
드롭숄더,google,2026-08-16,0,0,원피스,111100
드롭숄더,google,2026-08-23,0,0,원피스,111100
드롭숄더,google,2026-08-30,10,16713,원피스,111100
드롭숄더,google,2026-09-06,8,13371,원피스,111100
드롭숄더,google,2026-09-13,0,0,원피스,111100
패치포켓,google,2025-09-14,0,0,원피스,111100
패치포켓,google,2025-09-21,0,0,원피스,111100
패치포켓,google,2025-09-28,70,116997,원피스,111100
패치포켓,google,2025-10-05,0,0,원피스,111100
패치포켓,google,2025-10-12,0,0,원피스,111100
패치포켓,google,2025-10-19,0,0,원피스,111100
패치포켓,google,2025-10-26,0,0,원피스,111100
패치포켓,google,2025-11-02,0,0,원피스,111100
패치포켓,google,2025-11-09,0,0,원피스,111100
패치포켓,google,2025-11-16,0,0,원피스,111100
패치포켓,google,2025-11-23,0,0,원피스,111100
패치포켓,google,2025-11-30,0,0,원피스,111100
패치포켓,google,2025-12-07,0,0,원피스,111100
패치포켓,google,2025-12-14,0,0,원피스,111100
패치포켓,google,2025-12-21,0,0,원피스,111100
패치포켓,google,2025-12-28,0,0,원피스,111100
패치포켓,google,2026-01-04,0,0,원피스,111100
패치포켓,google,2026-01-11,0,0,원피스,111100
패치포켓,google,2026-01-18,0,0,원피스,111100
패치포켓,google,2026-01-25,0,0,원피스,111100
패치포켓,google,2026-02-01,0,0,원피스,111100
패치포켓,google,2026-02-08,55,91926,원피스,111100
패치포켓,google,2026-02-15,0,0,원피스,111100
패치포켓,google,2026-02-22,0,0,원피스,111100
패치포켓,google,2026-03-01,0,0,원피스,111100
패치포켓,google,2026-03-08,0,0,원피스,111100
패치포켓,google,2026-03-15,0,0,원피스,111100
패치포켓,google,2026-03-22,0,0,원피스,111100
패치포켓,google,2026-03-29,0,0,원피스,111100
패치포켓,google,2026-04-05,0,0,원피스,111100
패치포켓,google,2026-04-12,0,0,원피스,111100
패치포켓,google,2026-04-19,0,0,원피스,111100
패치포켓,google,2026-04-26,0,0,원피스,111100
패치포켓,google,2026-05-03,0,0,원피스,111100
패치포켓,google,2026-05-10,0,0,원피스,111100
패치포켓,google,2026-05-17,0,0,원피스,111100
패치포켓,google,2026-05-24,0,0,원피스,111100
패치포켓,google,2026-05-31,0,0,원피스,111100
패치포켓,google,2026-06-07,0,0,원피스,111100
패치포켓,google,2026-06-14,0,0,원피스,111100
패치포켓,google,2026-06-21,61,101954,원피스,111100
패치포켓,google,2026-06-28,0,0,원피스,111100
패치포켓,google,2026-07-05,0,0,원피스,111100
패치포켓,google,2026-07-12,0,0,원피스,111100
패치포켓,google,2026-07-19,0,0,원피스,111100
패치포켓,google,2026-07-26,52,86912,원피스,111100
패치포켓,google,2026-08-02,100,167138,원피스,111100
패치포켓,google,2026-08-09,0,0,원피스,111100
패치포켓,google,2026-08-16,58,96940,원피스,111100
패치포켓,google,2026-08-23,0,0,원피스,111100
패치포켓,google,2026-08-30,42,70198,원피스,111100
패치포켓,google,2026-09-06,44,73541,원피스,111100
패치포켓,google,2026-09-13,67,111982,원피스,111100
카고포켓,google,2025-09-14,0,0,원피스,111100
카고포켓,google,2025-09-21,0,0,원피스,111100
카고포켓,google,2025-09-28,0,0,원피스,111100
카고포켓,google,2025-10-05,0,0,원피스,111100
카고포켓,google,2025-10-12,0,0,원피스,111100
카고포켓,google,2025-10-19,0,0,원피스,111100
카고포켓,google,2025-10-26,0,0,원피스,111100
카고포켓,google,2025-11-02,0,0,원피스,111100
카고포켓,google,2025-11-09,0,0,원피스,111100
카고포켓,google,2025-11-16,0,0,원피스,111100
카고포켓,google,2025-11-23,0,0,원피스,111100
카고포켓,google,2025-11-30,0,0,원피스,111100
카고포켓,google,2025-12-07,0,0,원피스,111100
카고포켓,google,2025-12-14,0,0,원피스,111100
카고포켓,google,2025-12-21,0,0,원피스,111100
카고포켓,google,2025-12-28,0,0,원피스,111100
카고포켓,google,2026-01-04,0,0,원피스,111100
카고포켓,google,2026-01-11,0,0,원피스,111100
카고포켓,google,2026-01-18,0,0,원피스,111100
카고포켓,google,2026-01-25,0,0,원피스,111100
카고포켓,google,2026-02-01,0,0,원피스,111100
카고포켓,google,2026-02-08,0,0,원피스,111100
카고포켓,google,2026-02-15,0,0,원피스,111100
카고포켓,google,2026-02-22,0,0,원피스,111100
카고포켓,google,2026-03-01,0,0,원피스,111100
카고포켓,google,2026-03-08,0,0,원피스,111100
카고포켓,google,2026-03-15,0,0,원피스,111100
카고포켓,google,2026-03-22,0,0,원피스,111100
카고포켓,google,2026-03-29,0,0,원피스,111100
카고포켓,google,2026-04-05,0,0,원피스,111100
카고포켓,google,2026-04-12,0,0,원피스,111100
카고포켓,google,2026-04-19,0,0,원피스,111100
카고포켓,google,2026-04-26,0,0,원피스,111100
카고포켓,google,2026-05-03,0,0,원피스,111100
카고포켓,google,2026-05-10,0,0,원피스,111100
카고포켓,google,2026-05-17,0,0,원피스,111100
카고포켓,google,2026-05-24,0,0,원피스,111100
카고포켓,google,2026-05-31,0,0,원피스,111100
카고포켓,google,2026-06-07,0,0,원피스,111100
카고포켓,google,2026-06-14,0,0,원피스,111100
카고포켓,google,2026-06-21,0,0,원피스,111100
카고포켓,google,2026-06-28,0,0,원피스,111100
카고포켓,google,2026-07-05,0,0,원피스,111100
카고포켓,google,2026-07-12,0,0,원피스,111100
카고포켓,google,2026-07-19,0,0,원피스,111100
카고포켓,google,2026-07-26,0,0,원피스,111100
카고포켓,google,2026-08-02,0,0,원피스,111100
카고포켓,google,2026-08-09,0,0,원피스,111100
카고포켓,google,2026-08-16,0,0,원피스,111100
카고포켓,google,2026-08-23,0,0,원피스,111100
카고포켓,google,2026-08-30,5,8356,원피스,111100
카고포켓,google,2026-09-06,6,10028,원피스,111100
카고포켓,google,2026-09-13,0,0,원피스,111100
플랩포켓,google,2025-09-14,0,0,원피스,111100
플랩포켓,google,2025-09-21,0,0,원피스,111100
플랩포켓,google,2025-09-28,0,0,원피스,111100
플랩포켓,google,2025-10-05,0,0,원피스,111100
플랩포켓,google,2025-10-12,0,0,원피스,111100
플랩포켓,google,2025-10-19,0,0,원피스,111100
플랩포켓,google,2025-10-26,0,0,원피스,111100
플랩포켓,google,2025-11-02,0,0,원피스,111100
플랩포켓,google,2025-11-09,0,0,원피스,111100
플랩포켓,google,2025-11-16,0,0,원피스,111100
플랩포켓,google,2025-11-23,0,0,원피스,111100
플랩포켓,google,2025-11-30,0,0,원피스,111100
플랩포켓,google,2025-12-07,0,0,원피스,111100
플랩포켓,google,2025-12-14,0,0,원피스,111100
플랩포켓,google,2025-12-21,0,0,원피스,111100
플랩포켓,google,2025-12-28,0,0,원피스,111100
플랩포켓,google,2026-01-04,0,0,원피스,111100
플랩포켓,google,2026-01-11,0,0,원피스,111100
플랩포켓,google,2026-01-18,0,0,원피스,111100
플랩포켓,google,2026-01-25,0,0,원피스,111100
플랩포켓,google,2026-02-01,0,0,원피스,111100
플랩포켓,google,2026-02-08,0,0,원피스,111100
플랩포켓,google,2026-02-15,0,0,원피스,111100
플랩포켓,google,2026-02-22,0,0,원피스,111100
플랩포켓,google,2026-03-01,0,0,원피스,111100
플랩포켓,google,2026-03-08,0,0,원피스,111100
플랩포켓,google,2026-03-15,0,0,원피스,111100
플랩포켓,google,2026-03-22,0,0,원피스,111100
플랩포켓,google,2026-03-29,0,0,원피스,111100
플랩포켓,google,2026-04-05,0,0,원피스,111100
플랩포켓,google,2026-04-12,0,0,원피스,111100
플랩포켓,google,2026-04-19,0,0,원피스,111100
플랩포켓,google,2026-04-26,0,0,원피스,111100
플랩포켓,google,2026-05-03,0,0,원피스,111100
플랩포켓,google,2026-05-10,0,0,원피스,111100
플랩포켓,google,2026-05-17,0,0,원피스,111100
플랩포켓,google,2026-05-24,0,0,원피스,111100
플랩포켓,google,2026-05-31,0,0,원피스,111100
플랩포켓,google,2026-06-07,0,0,원피스,111100
플랩포켓,google,2026-06-14,0,0,원피스,111100
플랩포켓,google,2026-06-21,0,0,원피스,111100
플랩포켓,google,2026-06-28,0,0,원피스,111100
플랩포켓,google,2026-07-05,0,0,원피스,111100
플랩포켓,google,2026-07-12,0,0,원피스,111100
플랩포켓,google,2026-07-19,0,0,원피스,111100
플랩포켓,google,2026-07-26,0,0,원피스,111100
플랩포켓,google,2026-08-02,0,0,원피스,111100
플랩포켓,google,2026-08-09,0,0,원피스,111100
플랩포켓,google,2026-08-16,0,0,원피스,111100
플랩포켓,google,2026-08-23,0,0,원피스,111100
플랩포켓,google,2026-08-30,89,148753,원피스,111100
플랩포켓,google,2026-09-06,0,0,원피스,111100
플랩포켓,google,2026-09-13,0,0,원피스,111100
웰트포켓,google,2025-09-14,0,0,원피스,111100
웰트포켓,google,2025-09-21,0,0,원피스,111100
웰트포켓,google,2025-09-28,0,0,원피스,111100
웰트포켓,google,2025-10-05,0,0,원피스,111100
웰트포켓,google,2025-10-12,0,0,원피스,111100
웰트포켓,google,2025-10-19,0,0,원피스,111100
웰트포켓,google,2025-10-26,0,0,원피스,111100
웰트포켓,google,2025-11-02,0,0,원피스,111100
웰트포켓,google,2025-11-09,0,0,원피스,111100
웰트포켓,google,2025-11-16,0,0,원피스,111100
웰트포켓,google,2025-11-23,0,0,원피스,111100
웰트포켓,google,2025-11-30,0,0,원피스,111100
웰트포켓,google,2025-12-07,0,0,원피스,111100
웰트포켓,google,2025-12-14,0,0,원피스,111100
웰트포켓,google,2025-12-21,0,0,원피스,111100
웰트포켓,google,2025-12-28,0,0,원피스,111100
웰트포켓,google,2026-01-04,0,0,원피스,111100
웰트포켓,google,2026-01-11,0,0,원피스,111100
웰트포켓,google,2026-01-18,0,0,원피스,111100
웰트포켓,google,2026-01-25,0,0,원피스,111100
웰트포켓,google,2026-02-01,0,0,원피스,111100
웰트포켓,google,2026-02-08,0,0,원피스,111100
웰트포켓,google,2026-02-15,0,0,원피스,111100
웰트포켓,google,2026-02-22,0,0,원피스,111100
웰트포켓,google,2026-03-01,0,0,원피스,111100
웰트포켓,google,2026-03-08,0,0,원피스,111100
웰트포켓,google,2026-03-15,0,0,원피스,111100
웰트포켓,google,2026-03-22,0,0,원피스,111100
웰트포켓,google,2026-03-29,0,0,원피스,111100
웰트포켓,google,2026-04-05,0,0,원피스,111100
웰트포켓,google,2026-04-12,0,0,원피스,111100
웰트포켓,google,2026-04-19,0,0,원피스,111100
웰트포켓,google,2026-04-26,0,0,원피스,111100
웰트포켓,google,2026-05-03,0,0,원피스,111100
웰트포켓,google,2026-05-10,0,0,원피스,111100
웰트포켓,google,2026-05-17,0,0,원피스,111100
웰트포켓,google,2026-05-24,0,0,원피스,111100
웰트포켓,google,2026-05-31,0,0,원피스,111100
웰트포켓,google,2026-06-07,0,0,원피스,111100
웰트포켓,google,2026-06-14,0,0,원피스,111100
웰트포켓,google,2026-06-21,0,0,원피스,111100
웰트포켓,google,2026-06-28,0,0,원피스,111100
웰트포켓,google,2026-07-05,0,0,원피스,111100
웰트포켓,google,2026-07-12,0,0,원피스,111100
웰트포켓,google,2026-07-19,0,0,원피스,111100
웰트포켓,google,2026-07-26,0,0,원피스,111100
웰트포켓,google,2026-08-02,0,0,원피스,111100
웰트포켓,google,2026-08-09,0,0,원피스,111100
웰트포켓,google,2026-08-16,0,0,원피스,111100
웰트포켓,google,2026-08-23,0,0,원피스,111100
웰트포켓,google,2026-08-30,0,0,원피스,111100
웰트포켓,google,2026-09-06,0,0,원피스,111100
웰트포켓,google,2026-09-13,0,0,원피스,111100
슬래시포켓,google,2025-09-14,0,0,원피스,111100
슬래시포켓,google,2025-09-21,0,0,원피스,111100
슬래시포켓,google,2025-09-28,0,0,원피스,111100
슬래시포켓,google,2025-10-05,0,0,원피스,111100
슬래시포켓,google,2025-10-12,0,0,원피스,111100
슬래시포켓,google,2025-10-19,0,0,원피스,111100
슬래시포켓,google,2025-10-26,0,0,원피스,111100
슬래시포켓,google,2025-11-02,0,0,원피스,111100
슬래시포켓,google,2025-11-09,0,0,원피스,111100
슬래시포켓,google,2025-11-16,0,0,원피스,111100
슬래시포켓,google,2025-11-23,0,0,원피스,111100
슬래시포켓,google,2025-11-30,0,0,원피스,111100
슬래시포켓,google,2025-12-07,0,0,원피스,111100
슬래시포켓,google,2025-12-14,0,0,원피스,111100
슬래시포켓,google,2025-12-21,0,0,원피스,111100
슬래시포켓,google,2025-12-28,0,0,원피스,111100
슬래시포켓,google,2026-01-04,0,0,원피스,111100
슬래시포켓,google,2026-01-11,0,0,원피스,111100
슬래시포켓,google,2026-01-18,0,0,원피스,111100
슬래시포켓,google,2026-01-25,0,0,원피스,111100
슬래시포켓,google,2026-02-01,0,0,원피스,111100
슬래시포켓,google,2026-02-08,0,0,원피스,111100
슬래시포켓,google,2026-02-15,0,0,원피스,111100
슬래시포켓,google,2026-02-22,0,0,원피스,111100
슬래시포켓,google,2026-03-01,0,0,원피스,111100
슬래시포켓,google,2026-03-08,0,0,원피스,111100
슬래시포켓,google,2026-03-15,0,0,원피스,111100
슬래시포켓,google,2026-03-22,0,0,원피스,111100
슬래시포켓,google,2026-03-29,0,0,원피스,111100
슬래시포켓,google,2026-04-05,0,0,원피스,111100
슬래시포켓,google,2026-04-12,0,0,원피스,111100
슬래시포켓,google,2026-04-19,0,0,원피스,111100
슬래시포켓,google,2026-04-26,0,0,원피스,111100
슬래시포켓,google,2026-05-03,0,0,원피스,111100
슬래시포켓,google,2026-05-10,0,0,원피스,111100
슬래시포켓,google,2026-05-17,0,0,원피스,111100
슬래시포켓,google,2026-05-24,0,0,원피스,111100
슬래시포켓,google,2026-05-31,0,0,원피스,111100
슬래시포켓,google,2026-06-07,0,0,원피스,111100
슬래시포켓,google,2026-06-14,0,0,원피스,111100
슬래시포켓,google,2026-06-21,0,0,원피스,111100
슬래시포켓,google,2026-06-28,0,0,원피스,111100
슬래시포켓,google,2026-07-05,0,0,원피스,111100
슬래시포켓,google,2026-07-12,0,0,원피스,111100
슬래시포켓,google,2026-07-19,0,0,원피스,111100
슬래시포켓,google,2026-07-26,0,0,원피스,111100
슬래시포켓,google,2026-08-02,0,0,원피스,111100
슬래시포켓,google,2026-08-09,0,0,원피스,111100
슬래시포켓,google,2026-08-16,0,0,원피스,111100
슬래시포켓,google,2026-08-23,0,0,원피스,111100
슬래시포켓,google,2026-08-30,0,0,원피스,111100
슬래시포켓,google,2026-09-06,0,0,원피스,111100
슬래시포켓,google,2026-09-13,0,0,원피스,111100
캥거루포켓,google,2025-09-14,0,0,원피스,111100
캥거루포켓,google,2025-09-21,0,0,원피스,111100
캥거루포켓,google,2025-09-28,0,0,원피스,111100
캥거루포켓,google,2025-10-05,0,0,원피스,111100
캥거루포켓,google,2025-10-12,0,0,원피스,111100
캥거루포켓,google,2025-10-19,0,0,원피스,111100
캥거루포켓,google,2025-10-26,0,0,원피스,111100
캥거루포켓,google,2025-11-02,0,0,원피스,111100
캥거루포켓,google,2025-11-09,0,0,원피스,111100
캥거루포켓,google,2025-11-16,0,0,원피스,111100
캥거루포켓,google,2025-11-23,0,0,원피스,111100
캥거루포켓,google,2025-11-30,0,0,원피스,111100
캥거루포켓,google,2025-12-07,0,0,원피스,111100
캥거루포켓,google,2025-12-14,0,0,원피스,111100
캥거루포켓,google,2025-12-21,0,0,원피스,111100
캥거루포켓,google,2025-12-28,0,0,원피스,111100
캥거루포켓,google,2026-01-04,0,0,원피스,111100
캥거루포켓,google,2026-01-11,0,0,원피스,111100
캥거루포켓,google,2026-01-18,0,0,원피스,111100
캥거루포켓,google,2026-01-25,0,0,원피스,111100
캥거루포켓,google,2026-02-01,0,0,원피스,111100
캥거루포켓,google,2026-02-08,0,0,원피스,111100
캥거루포켓,google,2026-02-15,0,0,원피스,111100
캥거루포켓,google,2026-02-22,0,0,원피스,111100
캥거루포켓,google,2026-03-01,0,0,원피스,111100
캥거루포켓,google,2026-03-08,0,0,원피스,111100
캥거루포켓,google,2026-03-15,0,0,원피스,111100
캥거루포켓,google,2026-03-22,0,0,원피스,111100
캥거루포켓,google,2026-03-29,0,0,원피스,111100
캥거루포켓,google,2026-04-05,0,0,원피스,111100
캥거루포켓,google,2026-04-12,0,0,원피스,111100
캥거루포켓,google,2026-04-19,0,0,원피스,111100
캥거루포켓,google,2026-04-26,0,0,원피스,111100
캥거루포켓,google,2026-05-03,0,0,원피스,111100
캥거루포켓,google,2026-05-10,0,0,원피스,111100
캥거루포켓,google,2026-05-17,0,0,원피스,111100
캥거루포켓,google,2026-05-24,0,0,원피스,111100
캥거루포켓,google,2026-05-31,0,0,원피스,111100
캥거루포켓,google,2026-06-07,0,0,원피스,111100
캥거루포켓,google,2026-06-14,0,0,원피스,111100
캥거루포켓,google,2026-06-21,0,0,원피스,111100
캥거루포켓,google,2026-06-28,0,0,원피스,111100
캥거루포켓,google,2026-07-05,0,0,원피스,111100
캥거루포켓,google,2026-07-12,0,0,원피스,111100
캥거루포켓,google,2026-07-19,0,0,원피스,111100
캥거루포켓,google,2026-07-26,0,0,원피스,111100
캥거루포켓,google,2026-08-02,0,0,원피스,111100
캥거루포켓,google,2026-08-09,0,0,원피스,111100
캥거루포켓,google,2026-08-16,0,0,원피스,111100
캥거루포켓,google,2026-08-23,0,0,원피스,111100
캥거루포켓,google,2026-08-30,0,0,원피스,111100
캥거루포켓,google,2026-09-06,0,0,원피스,111100
캥거루포켓,google,2026-09-13,0,0,원피스,111100
체스트포켓,google,2025-09-14,0,0,원피스,111100
체스트포켓,google,2025-09-21,0,0,원피스,111100
체스트포켓,google,2025-09-28,0,0,원피스,111100
체스트포켓,google,2025-10-05,0,0,원피스,111100
체스트포켓,google,2025-10-12,0,0,원피스,111100
체스트포켓,google,2025-10-19,0,0,원피스,111100
체스트포켓,google,2025-10-26,0,0,원피스,111100
체스트포켓,google,2025-11-02,0,0,원피스,111100
체스트포켓,google,2025-11-09,0,0,원피스,111100
체스트포켓,google,2025-11-16,0,0,원피스,111100
체스트포켓,google,2025-11-23,0,0,원피스,111100
체스트포켓,google,2025-11-30,0,0,원피스,111100
체스트포켓,google,2025-12-07,0,0,원피스,111100
체스트포켓,google,2025-12-14,0,0,원피스,111100
체스트포켓,google,2025-12-21,0,0,원피스,111100
체스트포켓,google,2025-12-28,0,0,원피스,111100
체스트포켓,google,2026-01-04,0,0,원피스,111100
체스트포켓,google,2026-01-11,0,0,원피스,111100
체스트포켓,google,2026-01-18,0,0,원피스,111100
체스트포켓,google,2026-01-25,0,0,원피스,111100
체스트포켓,google,2026-02-01,0,0,원피스,111100
체스트포켓,google,2026-02-08,0,0,원피스,111100
체스트포켓,google,2026-02-15,0,0,원피스,111100
체스트포켓,google,2026-02-22,0,0,원피스,111100
체스트포켓,google,2026-03-01,0,0,원피스,111100
체스트포켓,google,2026-03-08,0,0,원피스,111100
체스트포켓,google,2026-03-15,0,0,원피스,111100
체스트포켓,google,2026-03-22,0,0,원피스,111100
체스트포켓,google,2026-03-29,0,0,원피스,111100
체스트포켓,google,2026-04-05,0,0,원피스,111100
체스트포켓,google,2026-04-12,0,0,원피스,111100
체스트포켓,google,2026-04-19,0,0,원피스,111100
체스트포켓,google,2026-04-26,0,0,원피스,111100
체스트포켓,google,2026-05-03,0,0,원피스,111100
체스트포켓,google,2026-05-10,0,0,원피스,111100
체스트포켓,google,2026-05-17,0,0,원피스,111100
체스트포켓,google,2026-05-24,0,0,원피스,111100
체스트포켓,google,2026-05-31,0,0,원피스,111100
체스트포켓,google,2026-06-07,0,0,원피스,111100
체스트포켓,google,2026-06-14,0,0,원피스,111100
체스트포켓,google,2026-06-21,0,0,원피스,111100
체스트포켓,google,2026-06-28,0,0,원피스,111100
체스트포켓,google,2026-07-05,0,0,원피스,111100
체스트포켓,google,2026-07-12,0,0,원피스,111100
체스트포켓,google,2026-07-19,0,0,원피스,111100
체스트포켓,google,2026-07-26,0,0,원피스,111100
체스트포켓,google,2026-08-02,0,0,원피스,111100
체스트포켓,google,2026-08-09,0,0,원피스,111100
체스트포켓,google,2026-08-16,0,0,원피스,111100
체스트포켓,google,2026-08-23,0,0,원피스,111100
체스트포켓,google,2026-08-30,0,0,원피스,111100
체스트포켓,google,2026-09-06,100,167138,원피스,111100
체스트포켓,google,2026-09-13,0,0,원피스,111100
버클여밈,google,2025-09-14,0,0,원피스,111100
버클여밈,google,2025-09-21,0,0,원피스,111100
버클여밈,google,2025-09-28,0,0,원피스,111100
버클여밈,google,2025-10-05,0,0,원피스,111100
버클여밈,google,2025-10-12,0,0,원피스,111100
버클여밈,google,2025-10-19,0,0,원피스,111100
버클여밈,google,2025-10-26,0,0,원피스,111100
버클여밈,google,2025-11-02,0,0,원피스,111100
버클여밈,google,2025-11-09,0,0,원피스,111100
버클여밈,google,2025-11-16,0,0,원피스,111100
버클여밈,google,2025-11-23,0,0,원피스,111100
버클여밈,google,2025-11-30,0,0,원피스,111100
버클여밈,google,2025-12-07,0,0,원피스,111100
버클여밈,google,2025-12-14,0,0,원피스,111100
버클여밈,google,2025-12-21,0,0,원피스,111100
버클여밈,google,2025-12-28,0,0,원피스,111100
버클여밈,google,2026-01-04,0,0,원피스,111100
버클여밈,google,2026-01-11,0,0,원피스,111100
버클여밈,google,2026-01-18,0,0,원피스,111100
버클여밈,google,2026-01-25,0,0,원피스,111100
버클여밈,google,2026-02-01,0,0,원피스,111100
버클여밈,google,2026-02-08,0,0,원피스,111100
버클여밈,google,2026-02-15,0,0,원피스,111100
버클여밈,google,2026-02-22,0,0,원피스,111100
버클여밈,google,2026-03-01,0,0,원피스,111100
버클여밈,google,2026-03-08,0,0,원피스,111100
버클여밈,google,2026-03-15,0,0,원피스,111100
버클여밈,google,2026-03-22,0,0,원피스,111100
버클여밈,google,2026-03-29,0,0,원피스,111100
버클여밈,google,2026-04-05,0,0,원피스,111100
버클여밈,google,2026-04-12,0,0,원피스,111100
버클여밈,google,2026-04-19,0,0,원피스,111100
버클여밈,google,2026-04-26,0,0,원피스,111100
버클여밈,google,2026-05-03,0,0,원피스,111100
버클여밈,google,2026-05-10,0,0,원피스,111100
버클여밈,google,2026-05-17,0,0,원피스,111100
버클여밈,google,2026-05-24,0,0,원피스,111100
버클여밈,google,2026-05-31,0,0,원피스,111100
버클여밈,google,2026-06-07,0,0,원피스,111100
버클여밈,google,2026-06-14,0,0,원피스,111100
버클여밈,google,2026-06-21,0,0,원피스,111100
버클여밈,google,2026-06-28,0,0,원피스,111100
버클여밈,google,2026-07-05,0,0,원피스,111100
버클여밈,google,2026-07-12,0,0,원피스,111100
버클여밈,google,2026-07-19,0,0,원피스,111100
버클여밈,google,2026-07-26,0,0,원피스,111100
버클여밈,google,2026-08-02,0,0,원피스,111100
버클여밈,google,2026-08-09,0,0,원피스,111100
버클여밈,google,2026-08-16,0,0,원피스,111100
버클여밈,google,2026-08-23,0,0,원피스,111100
버클여밈,google,2026-08-30,0,0,원피스,111100
버클여밈,google,2026-09-06,0,0,원피스,111100
버클여밈,google,2026-09-13,0,0,원피스,111100
드로스트링,google,2025-09-14,0,0,원피스,111100
드로스트링,google,2025-09-21,0,0,원피스,111100
드로스트링,google,2025-09-28,0,0,원피스,111100
드로스트링,google,2025-10-05,0,0,원피스,111100
드로스트링,google,2025-10-12,0,0,원피스,111100
드로스트링,google,2025-10-19,0,0,원피스,111100
드로스트링,google,2025-10-26,0,0,원피스,111100
드로스트링,google,2025-11-02,0,0,원피스,111100
드로스트링,google,2025-11-09,0,0,원피스,111100
드로스트링,google,2025-11-16,0,0,원피스,111100
드로스트링,google,2025-11-23,0,0,원피스,111100
드로스트링,google,2025-11-30,0,0,원피스,111100
드로스트링,google,2025-12-07,0,0,원피스,111100
드로스트링,google,2025-12-14,0,0,원피스,111100
드로스트링,google,2025-12-21,0,0,원피스,111100
드로스트링,google,2025-12-28,0,0,원피스,111100
드로스트링,google,2026-01-04,0,0,원피스,111100
드로스트링,google,2026-01-11,0,0,원피스,111100
드로스트링,google,2026-01-18,0,0,원피스,111100
드로스트링,google,2026-01-25,0,0,원피스,111100
드로스트링,google,2026-02-01,0,0,원피스,111100
드로스트링,google,2026-02-08,0,0,원피스,111100
드로스트링,google,2026-02-15,0,0,원피스,111100
드로스트링,google,2026-02-22,0,0,원피스,111100
드로스트링,google,2026-03-01,0,0,원피스,111100
드로스트링,google,2026-03-08,0,0,원피스,111100
드로스트링,google,2026-03-15,0,0,원피스,111100
드로스트링,google,2026-03-22,0,0,원피스,111100
드로스트링,google,2026-03-29,0,0,원피스,111100
드로스트링,google,2026-04-05,0,0,원피스,111100
드로스트링,google,2026-04-12,0,0,원피스,111100
드로스트링,google,2026-04-19,0,0,원피스,111100
드로스트링,google,2026-04-26,0,0,원피스,111100
드로스트링,google,2026-05-03,0,0,원피스,111100
드로스트링,google,2026-05-10,0,0,원피스,111100
드로스트링,google,2026-05-17,0,0,원피스,111100
드로스트링,google,2026-05-24,0,0,원피스,111100
드로스트링,google,2026-05-31,0,0,원피스,111100
드로스트링,google,2026-06-07,0,0,원피스,111100
드로스트링,google,2026-06-14,0,0,원피스,111100
드로스트링,google,2026-06-21,0,0,원피스,111100
드로스트링,google,2026-06-28,0,0,원피스,111100
드로스트링,google,2026-07-05,0,0,원피스,111100
드로스트링,google,2026-07-12,0,0,원피스,111100
드로스트링,google,2026-07-19,0,0,원피스,111100
드로스트링,google,2026-07-26,0,0,원피스,111100
드로스트링,google,2026-08-02,0,0,원피스,111100
드로스트링,google,2026-08-09,0,0,원피스,111100
드로스트링,google,2026-08-16,0,0,원피스,111100
드로스트링,google,2026-08-23,0,0,원피스,111100
드로스트링,google,2026-08-30,5,8356,원피스,111100
드로스트링,google,2026-09-06,6,10028,원피스,111100
드로스트링,google,2026-09-13,0,0,원피스,111100
토글여밈,google,2025-09-14,0,0,원피스,111100
토글여밈,google,2025-09-21,0,0,원피스,111100
토글여밈,google,2025-09-28,0,0,원피스,111100
토글여밈,google,2025-10-05,0,0,원피스,111100
토글여밈,google,2025-10-12,0,0,원피스,111100
토글여밈,google,2025-10-19,0,0,원피스,111100
토글여밈,google,2025-10-26,0,0,원피스,111100
토글여밈,google,2025-11-02,0,0,원피스,111100
토글여밈,google,2025-11-09,0,0,원피스,111100
토글여밈,google,2025-11-16,0,0,원피스,111100
토글여밈,google,2025-11-23,0,0,원피스,111100
토글여밈,google,2025-11-30,0,0,원피스,111100
토글여밈,google,2025-12-07,0,0,원피스,111100
토글여밈,google,2025-12-14,0,0,원피스,111100
토글여밈,google,2025-12-21,0,0,원피스,111100
토글여밈,google,2025-12-28,0,0,원피스,111100
토글여밈,google,2026-01-04,0,0,원피스,111100
토글여밈,google,2026-01-11,0,0,원피스,111100
토글여밈,google,2026-01-18,0,0,원피스,111100
토글여밈,google,2026-01-25,0,0,원피스,111100
토글여밈,google,2026-02-01,0,0,원피스,111100
토글여밈,google,2026-02-08,0,0,원피스,111100
토글여밈,google,2026-02-15,0,0,원피스,111100
토글여밈,google,2026-02-22,0,0,원피스,111100
토글여밈,google,2026-03-01,0,0,원피스,111100
토글여밈,google,2026-03-08,0,0,원피스,111100
토글여밈,google,2026-03-15,0,0,원피스,111100
토글여밈,google,2026-03-22,0,0,원피스,111100
토글여밈,google,2026-03-29,0,0,원피스,111100
토글여밈,google,2026-04-05,0,0,원피스,111100
토글여밈,google,2026-04-12,0,0,원피스,111100
토글여밈,google,2026-04-19,0,0,원피스,111100
토글여밈,google,2026-04-26,0,0,원피스,111100
토글여밈,google,2026-05-03,0,0,원피스,111100
토글여밈,google,2026-05-10,0,0,원피스,111100
토글여밈,google,2026-05-17,0,0,원피스,111100
토글여밈,google,2026-05-24,0,0,원피스,111100
토글여밈,google,2026-05-31,0,0,원피스,111100
토글여밈,google,2026-06-07,0,0,원피스,111100
토글여밈,google,2026-06-14,0,0,원피스,111100
토글여밈,google,2026-06-21,0,0,원피스,111100
토글여밈,google,2026-06-28,0,0,원피스,111100
토글여밈,google,2026-07-05,0,0,원피스,111100
토글여밈,google,2026-07-12,0,0,원피스,111100
토글여밈,google,2026-07-19,0,0,원피스,111100
토글여밈,google,2026-07-26,0,0,원피스,111100
토글여밈,google,2026-08-02,0,0,원피스,111100
토글여밈,google,2026-08-09,0,0,원피스,111100
토글여밈,google,2026-08-16,0,0,원피스,111100
토글여밈,google,2026-08-23,0,0,원피스,111100
토글여밈,google,2026-08-30,0,0,원피스,111100
토글여밈,google,2026-09-06,0,0,원피스,111100
토글여밈,google,2026-09-13,0,0,원피스,111100
벨크로,google,2025-09-14,63,105297,원피스,111100
벨크로,google,2025-09-21,90,150424,원피스,111100
벨크로,google,2025-09-28,58,96940,원피스,111100
벨크로,google,2025-10-05,45,75212,원피스,111100
벨크로,google,2025-10-12,72,120339,원피스,111100
벨크로,google,2025-10-19,92,153767,원피스,111100
벨크로,google,2025-10-26,79,132039,원피스,111100
벨크로,google,2025-11-02,84,140396,원피스,111100
벨크로,google,2025-11-09,79,132039,원피스,111100
벨크로,google,2025-11-16,54,90254,원피스,111100
벨크로,google,2025-11-23,63,105297,원피스,111100
벨크로,google,2025-11-30,78,130368,원피스,111100
벨크로,google,2025-12-07,87,145410,원피스,111100
벨크로,google,2025-12-14,83,138725,원피스,111100
벨크로,google,2025-12-21,66,110311,원피스,111100
벨크로,google,2025-12-28,69,115325,원피스,111100
벨크로,google,2026-01-04,100,167138,원피스,111100
벨크로,google,2026-01-11,51,85240,원피스,111100
벨크로,google,2026-01-18,82,137053,원피스,111100
벨크로,google,2026-01-25,60,100283,원피스,111100
벨크로,google,2026-02-01,90,150424,원피스,111100
벨크로,google,2026-02-08,57,95269,원피스,111100
벨크로,google,2026-02-15,50,83569,원피스,111100
벨크로,google,2026-02-22,96,160453,원피스,111100
벨크로,google,2026-03-01,82,137053,원피스,111100
벨크로,google,2026-03-08,87,145410,원피스,111100
벨크로,google,2026-03-15,56,93597,원피스,111100
벨크로,google,2026-03-22,86,143739,원피스,111100
벨크로,google,2026-03-29,69,115325,원피스,111100
벨크로,google,2026-04-05,95,158781,원피스,111100
벨크로,google,2026-04-12,44,73541,원피스,111100
벨크로,google,2026-04-19,74,123682,원피스,111100
벨크로,google,2026-04-26,61,101954,원피스,111100
벨크로,google,2026-05-03,91,152096,원피스,111100
벨크로,google,2026-05-10,64,106968,원피스,111100
벨크로,google,2026-05-17,68,113654,원피스,111100
벨크로,google,2026-05-24,82,137053,원피스,111100
벨크로,google,2026-05-31,99,165467,원피스,111100
벨크로,google,2026-06-07,79,132039,원피스,111100
벨크로,google,2026-06-14,75,125354,원피스,111100
벨크로,google,2026-06-21,87,145410,원피스,111100
벨크로,google,2026-06-28,55,91926,원피스,111100
벨크로,google,2026-07-05,78,130368,원피스,111100
벨크로,google,2026-07-12,63,105297,원피스,111100
벨크로,google,2026-07-19,82,137053,원피스,111100
벨크로,google,2026-07-26,51,85240,원피스,111100
벨크로,google,2026-08-02,65,108640,원피스,111100
벨크로,google,2026-08-09,63,105297,원피스,111100
벨크로,google,2026-08-16,79,132039,원피스,111100
벨크로,google,2026-08-23,74,123682,원피스,111100
벨크로,google,2026-08-30,59,98611,원피스,111100
벨크로,google,2026-09-06,68,113654,원피스,111100
벨크로,google,2026-09-13,63,105297,원피스,111100
타이여밈,google,2025-09-14,0,0,원피스,111100
타이여밈,google,2025-09-21,0,0,원피스,111100
타이여밈,google,2025-09-28,0,0,원피스,111100
타이여밈,google,2025-10-05,0,0,원피스,111100
타이여밈,google,2025-10-12,0,0,원피스,111100
타이여밈,google,2025-10-19,0,0,원피스,111100
타이여밈,google,2025-10-26,0,0,원피스,111100
타이여밈,google,2025-11-02,0,0,원피스,111100
타이여밈,google,2025-11-09,0,0,원피스,111100
타이여밈,google,2025-11-16,0,0,원피스,111100
타이여밈,google,2025-11-23,0,0,원피스,111100
타이여밈,google,2025-11-30,0,0,원피스,111100
타이여밈,google,2025-12-07,0,0,원피스,111100
타이여밈,google,2025-12-14,0,0,원피스,111100
타이여밈,google,2025-12-21,0,0,원피스,111100
타이여밈,google,2025-12-28,0,0,원피스,111100
타이여밈,google,2026-01-04,0,0,원피스,111100
타이여밈,google,2026-01-11,0,0,원피스,111100
타이여밈,google,2026-01-18,0,0,원피스,111100
타이여밈,google,2026-01-25,0,0,원피스,111100
타이여밈,google,2026-02-01,0,0,원피스,111100
타이여밈,google,2026-02-08,0,0,원피스,111100
타이여밈,google,2026-02-15,0,0,원피스,111100
타이여밈,google,2026-02-22,0,0,원피스,111100
타이여밈,google,2026-03-01,0,0,원피스,111100
타이여밈,google,2026-03-08,0,0,원피스,111100
타이여밈,google,2026-03-15,0,0,원피스,111100
타이여밈,google,2026-03-22,0,0,원피스,111100
타이여밈,google,2026-03-29,0,0,원피스,111100
타이여밈,google,2026-04-05,0,0,원피스,111100
타이여밈,google,2026-04-12,0,0,원피스,111100
타이여밈,google,2026-04-19,0,0,원피스,111100
타이여밈,google,2026-04-26,0,0,원피스,111100
타이여밈,google,2026-05-03,0,0,원피스,111100
타이여밈,google,2026-05-10,0,0,원피스,111100
타이여밈,google,2026-05-17,0,0,원피스,111100
타이여밈,google,2026-05-24,0,0,원피스,111100
타이여밈,google,2026-05-31,0,0,원피스,111100
타이여밈,google,2026-06-07,0,0,원피스,111100
타이여밈,google,2026-06-14,0,0,원피스,111100
타이여밈,google,2026-06-21,0,0,원피스,111100
타이여밈,google,2026-06-28,0,0,원피스,111100
타이여밈,google,2026-07-05,0,0,원피스,111100
타이여밈,google,2026-07-12,0,0,원피스,111100
타이여밈,google,2026-07-19,0,0,원피스,111100
타이여밈,google,2026-07-26,0,0,원피스,111100
타이여밈,google,2026-08-02,0,0,원피스,111100
타이여밈,google,2026-08-09,0,0,원피스,111100
타이여밈,google,2026-08-16,0,0,원피스,111100
타이여밈,google,2026-08-23,0,0,원피스,111100
타이여밈,google,2026-08-30,0,0,원피스,111100
타이여밈,google,2026-09-06,0,0,원피스,111100
타이여밈,google,2026-09-13,0,0,원피스,111100
리본,google,2025-09-14,78,130368,원피스,111100
리본,google,2025-09-21,76,127025,원피스,111100
리본,google,2025-09-28,74,123682,원피스,111100
리본,google,2025-10-05,79,132039,원피스,111100
리본,google,2025-10-12,74,123682,원피스,111100
리본,google,2025-10-19,83,138725,원피스,111100
리본,google,2025-10-26,79,132039,원피스,111100
리본,google,2025-11-02,80,133711,원피스,111100
리본,google,2025-11-09,84,140396,원피스,111100
리본,google,2025-11-16,75,125354,원피스,111100
리본,google,2025-11-23,79,132039,원피스,111100
리본,google,2025-11-30,79,132039,원피스,111100
리본,google,2025-12-07,76,127025,원피스,111100
리본,google,2025-12-14,88,147082,원피스,111100
리본,google,2025-12-21,97,162124,원피스,111100
리본,google,2025-12-28,85,142067,원피스,111100
리본,google,2026-01-04,79,132039,원피스,111100
리본,google,2026-01-11,74,123682,원피스,111100
리본,google,2026-01-18,73,122011,원피스,111100
리본,google,2026-01-25,74,123682,원피스,111100
리본,google,2026-02-01,72,120339,원피스,111100
리본,google,2026-02-08,78,130368,원피스,111100
리본,google,2026-02-15,69,115325,원피스,111100
리본,google,2026-02-22,82,137053,원피스,111100
리본,google,2026-03-01,74,123682,원피스,111100
리본,google,2026-03-08,72,120339,원피스,111100
리본,google,2026-03-15,69,115325,원피스,111100
리본,google,2026-03-22,80,133711,원피스,111100
리본,google,2026-03-29,68,113654,원피스,111100
리본,google,2026-04-05,64,106968,원피스,111100
리본,google,2026-04-12,71,118668,원피스,111100
리본,google,2026-04-19,77,128696,원피스,111100
리본,google,2026-04-26,74,123682,원피스,111100
리본,google,2026-05-03,77,128696,원피스,111100
리본,google,2026-05-10,71,118668,원피스,111100
리본,google,2026-05-17,81,135382,원피스,111100
리본,google,2026-05-24,88,147082,원피스,111100
리본,google,2026-05-31,81,135382,원피스,111100
리본,google,2026-06-07,74,123682,원피스,111100
리본,google,2026-06-14,71,118668,원피스,111100
리본,google,2026-06-21,70,116997,원피스,111100
리본,google,2026-06-28,72,120339,원피스,111100
리본,google,2026-07-05,72,120339,원피스,111100
리본,google,2026-07-12,77,128696,원피스,111100
리본,google,2026-07-19,68,113654,원피스,111100
리본,google,2026-07-26,70,116997,원피스,111100
리본,google,2026-08-02,83,138725,원피스,111100
리본,google,2026-08-09,100,167138,원피스,111100
리본,google,2026-08-16,80,133711,원피스,111100
리본,google,2026-08-23,73,122011,원피스,111100
리본,google,2026-08-30,67,111982,원피스,111100
리본,google,2026-09-06,69,115325,원피스,111100
리본,google,2026-09-13,71,118668,원피스,111100
보우,google,2025-09-14,35,58498,원피스,111100
보우,google,2025-09-21,28,46798,원피스,111100
보우,google,2025-09-28,31,51813,원피스,111100
보우,google,2025-10-05,40,66855,원피스,111100
보우,google,2025-10-12,29,48470,원피스,111100
보우,google,2025-10-19,35,58498,원피스,111100
보우,google,2025-10-26,33,55155,원피스,111100
보우,google,2025-11-02,30,50141,원피스,111100
보우,google,2025-11-09,32,53484,원피스,111100
보우,google,2025-11-16,31,51813,원피스,111100
보우,google,2025-11-23,25,41784,원피스,111100
보우,google,2025-11-30,26,43456,원피스,111100
보우,google,2025-12-07,25,41784,원피스,111100
보우,google,2025-12-14,53,88583,원피스,111100
보우,google,2025-12-21,44,73541,원피스,111100
보우,google,2025-12-28,42,70198,원피스,111100
보우,google,2026-01-04,33,55155,원피스,111100
보우,google,2026-01-11,32,53484,원피스,111100
보우,google,2026-01-18,28,46798,원피스,111100
보우,google,2026-01-25,27,45127,원피스,111100
보우,google,2026-02-01,26,43456,원피스,111100
보우,google,2026-02-08,41,68526,원피스,111100
보우,google,2026-02-15,34,56827,원피스,111100
보우,google,2026-02-22,40,66855,원피스,111100
보우,google,2026-03-01,43,71869,원피스,111100
보우,google,2026-03-08,36,60169,원피스,111100
보우,google,2026-03-15,39,65184,원피스,111100
보우,google,2026-03-22,38,63512,원피스,111100
보우,google,2026-03-29,38,63512,원피스,111100
보우,google,2026-04-05,26,43456,원피스,111100
보우,google,2026-04-12,28,46798,원피스,111100
보우,google,2026-04-19,24,40113,원피스,111100
보우,google,2026-04-26,23,38441,원피스,111100
보우,google,2026-05-03,29,48470,원피스,111100
보우,google,2026-05-10,28,46798,원피스,111100
보우,google,2026-05-17,25,41784,원피스,111100
보우,google,2026-05-24,35,58498,원피스,111100
보우,google,2026-05-31,29,48470,원피스,111100
보우,google,2026-06-07,32,53484,원피스,111100
보우,google,2026-06-14,52,86912,원피스,111100
보우,google,2026-06-21,41,68526,원피스,111100
보우,google,2026-06-28,34,56827,원피스,111100
보우,google,2026-07-05,31,51813,원피스,111100
보우,google,2026-07-12,33,55155,원피스,111100
보우,google,2026-07-19,34,56827,원피스,111100
보우,google,2026-07-26,28,46798,원피스,111100
보우,google,2026-08-02,22,36770,원피스,111100
보우,google,2026-08-09,25,41784,원피스,111100
보우,google,2026-08-16,25,41784,원피스,111100
보우,google,2026-08-23,29,48470,원피스,111100
보우,google,2026-08-30,27,45127,원피스,111100
보우,google,2026-09-06,28,46798,원피스,111100
보우,google,2026-09-13,31,51813,원피스,111100
러플,google,2025-09-14,17,28413,원피스,111100
러플,google,2025-09-21,18,30084,원피스,111100
러플,google,2025-09-28,20,33427,원피스,111100
러플,google,2025-10-05,22,36770,원피스,111100
러플,google,2025-10-12,21,35099,원피스,111100
러플,google,2025-10-19,20,33427,원피스,111100
러플,google,2025-10-26,18,30084,원피스,111100
러플,google,2025-11-02,17,28413,원피스,111100
러플,google,2025-11-09,17,28413,원피스,111100
러플,google,2025-11-16,16,26742,원피스,111100
러플,google,2025-11-23,17,28413,원피스,111100
러플,google,2025-11-30,18,30084,원피스,111100
러플,google,2025-12-07,34,56827,원피스,111100
러플,google,2025-12-14,33,55155,원피스,111100
러플,google,2025-12-21,28,46798,원피스,111100
러플,google,2025-12-28,26,43456,원피스,111100
러플,google,2026-01-04,23,38441,원피스,111100
러플,google,2026-01-11,25,41784,원피스,111100
러플,google,2026-01-18,21,35099,원피스,111100
러플,google,2026-01-25,20,33427,원피스,111100
러플,google,2026-02-01,28,46798,원피스,111100
러플,google,2026-02-08,22,36770,원피스,111100
러플,google,2026-02-15,21,35099,원피스,111100
러플,google,2026-02-22,21,35099,원피스,111100
러플,google,2026-03-01,13,21728,원피스,111100
러플,google,2026-03-08,15,25070,원피스,111100
러플,google,2026-03-15,21,35099,원피스,111100
러플,google,2026-03-22,24,40113,원피스,111100
러플,google,2026-03-29,22,36770,원피스,111100
러플,google,2026-04-05,15,25070,원피스,111100
러플,google,2026-04-12,17,28413,원피스,111100
러플,google,2026-04-19,16,26742,원피스,111100
러플,google,2026-04-26,16,26742,원피스,111100
러플,google,2026-05-03,21,35099,원피스,111100
러플,google,2026-05-10,21,35099,원피스,111100
러플,google,2026-05-17,21,35099,원피스,111100
러플,google,2026-05-24,22,36770,원피스,111100
러플,google,2026-05-31,21,35099,원피스,111100
러플,google,2026-06-07,21,35099,원피스,111100
러플,google,2026-06-14,20,33427,원피스,111100
러플,google,2026-06-21,13,21728,원피스,111100
러플,google,2026-06-28,12,20056,원피스,111100
러플,google,2026-07-05,13,21728,원피스,111100
러플,google,2026-07-12,19,31756,원피스,111100
러플,google,2026-07-19,19,31756,원피스,111100
러플,google,2026-07-26,17,28413,원피스,111100
러플,google,2026-08-02,15,25070,원피스,111100
러플,google,2026-08-09,20,33427,원피스,111100
러플,google,2026-08-16,13,21728,원피스,111100
러플,google,2026-08-23,15,25070,원피스,111100
러플,google,2026-08-30,12,20056,원피스,111100
러플,google,2026-09-06,12,20056,원피스,111100
러플,google,2026-09-13,13,21728,원피스,111100
프릴,google,2025-09-14,11,18385,원피스,111100
프릴,google,2025-09-21,7,11699,원피스,111100
프릴,google,2025-09-28,7,11699,원피스,111100
프릴,google,2025-10-05,13,21728,원피스,111100
프릴,google,2025-10-12,12,20056,원피스,111100
프릴,google,2025-10-19,9,15042,원피스,111100
프릴,google,2025-10-26,12,20056,원피스,111100
프릴,google,2025-11-02,11,18385,원피스,111100
프릴,google,2025-11-09,10,16713,원피스,111100
프릴,google,2025-11-16,13,21728,원피스,111100
프릴,google,2025-11-23,13,21728,원피스,111100
프릴,google,2025-11-30,13,21728,원피스,111100
프릴,google,2025-12-07,10,16713,원피스,111100
프릴,google,2025-12-14,11,18385,원피스,111100
프릴,google,2025-12-21,8,13371,원피스,111100
프릴,google,2025-12-28,12,20056,원피스,111100
프릴,google,2026-01-04,12,20056,원피스,111100
프릴,google,2026-01-11,14,23399,원피스,111100
프릴,google,2026-01-18,12,20056,원피스,111100
프릴,google,2026-01-25,14,23399,원피스,111100
프릴,google,2026-02-01,12,20056,원피스,111100
프릴,google,2026-02-08,11,18385,원피스,111100
프릴,google,2026-02-15,9,15042,원피스,111100
프릴,google,2026-02-22,9,15042,원피스,111100
프릴,google,2026-03-01,12,20056,원피스,111100
프릴,google,2026-03-08,12,20056,원피스,111100
프릴,google,2026-03-15,15,25070,원피스,111100
프릴,google,2026-03-22,15,25070,원피스,111100
프릴,google,2026-03-29,14,23399,원피스,111100
프릴,google,2026-04-05,14,23399,원피스,111100
프릴,google,2026-04-12,13,21728,원피스,111100
프릴,google,2026-04-19,11,18385,원피스,111100
프릴,google,2026-04-26,10,16713,원피스,111100
프릴,google,2026-05-03,11,18385,원피스,111100
프릴,google,2026-05-10,13,21728,원피스,111100
프릴,google,2026-05-17,11,18385,원피스,111100
프릴,google,2026-05-24,8,13371,원피스,111100
프릴,google,2026-05-31,12,20056,원피스,111100
프릴,google,2026-06-07,11,18385,원피스,111100
프릴,google,2026-06-14,12,20056,원피스,111100
프릴,google,2026-06-21,10,16713,원피스,111100
프릴,google,2026-06-28,9,15042,원피스,111100
프릴,google,2026-07-05,10,16713,원피스,111100
프릴,google,2026-07-12,12,20056,원피스,111100
프릴,google,2026-07-19,14,23399,원피스,111100
프릴,google,2026-07-26,10,16713,원피스,111100
프릴,google,2026-08-02,10,16713,원피스,111100
프릴,google,2026-08-09,9,15042,원피스,111100
프릴,google,2026-08-16,10,16713,원피스,111100
프릴,google,2026-08-23,10,16713,원피스,111100
프릴,google,2026-08-30,9,15042,원피스,111100
프릴,google,2026-09-06,10,16713,원피스,111100
프릴,google,2026-09-13,12,20056,원피스,111100
플리츠,google,2025-09-14,8,13371,원피스,111100
플리츠,google,2025-09-21,8,13371,원피스,111100
플리츠,google,2025-09-28,9,15042,원피스,111100
플리츠,google,2025-10-05,9,15042,원피스,111100
플리츠,google,2025-10-12,10,16713,원피스,111100
플리츠,google,2025-10-19,6,10028,원피스,111100
플리츠,google,2025-10-26,5,8356,원피스,111100
플리츠,google,2025-11-02,6,10028,원피스,111100
플리츠,google,2025-11-09,5,8356,원피스,111100
플리츠,google,2025-11-16,10,16713,원피스,111100
플리츠,google,2025-11-23,6,10028,원피스,111100
플리츠,google,2025-11-30,6,10028,원피스,111100
플리츠,google,2025-12-07,7,11699,원피스,111100
플리츠,google,2025-12-14,8,13371,원피스,111100
플리츠,google,2025-12-21,8,13371,원피스,111100
플리츠,google,2025-12-28,8,13371,원피스,111100
플리츠,google,2026-01-04,7,11699,원피스,111100
플리츠,google,2026-01-11,3,5014,원피스,111100
플리츠,google,2026-01-18,8,13371,원피스,111100
플리츠,google,2026-01-25,7,11699,원피스,111100
플리츠,google,2026-02-01,10,16713,원피스,111100
플리츠,google,2026-02-08,6,10028,원피스,111100
플리츠,google,2026-02-15,9,15042,원피스,111100
플리츠,google,2026-02-22,6,10028,원피스,111100
플리츠,google,2026-03-01,9,15042,원피스,111100
플리츠,google,2026-03-08,6,10028,원피스,111100
플리츠,google,2026-03-15,9,15042,원피스,111100
플리츠,google,2026-03-22,11,18385,원피스,111100
플리츠,google,2026-03-29,9,15042,원피스,111100
플리츠,google,2026-04-05,8,13371,원피스,111100
플리츠,google,2026-04-12,10,16713,원피스,111100
플리츠,google,2026-04-19,11,18385,원피스,111100
플리츠,google,2026-04-26,13,21728,원피스,111100
플리츠,google,2026-05-03,13,21728,원피스,111100
플리츠,google,2026-05-10,11,18385,원피스,111100
플리츠,google,2026-05-17,11,18385,원피스,111100
플리츠,google,2026-05-24,12,20056,원피스,111100
플리츠,google,2026-05-31,13,21728,원피스,111100
플리츠,google,2026-06-07,15,25070,원피스,111100
플리츠,google,2026-06-14,13,21728,원피스,111100
플리츠,google,2026-06-21,13,21728,원피스,111100
플리츠,google,2026-06-28,12,20056,원피스,111100
플리츠,google,2026-07-05,12,20056,원피스,111100
플리츠,google,2026-07-12,15,25070,원피스,111100
플리츠,google,2026-07-19,14,23399,원피스,111100
플리츠,google,2026-07-26,13,21728,원피스,111100
플리츠,google,2026-08-02,11,18385,원피스,111100
플리츠,google,2026-08-09,11,18385,원피스,111100
플리츠,google,2026-08-16,11,18385,원피스,111100
플리츠,google,2026-08-23,9,15042,원피스,111100
플리츠,google,2026-08-30,11,18385,원피스,111100
플리츠,google,2026-09-06,17,28413,원피스,111100
플리츠,google,2026-09-13,12,20056,원피스,111100
스팽글,google,2025-09-14,0,0,원피스,111100
스팽글,google,2025-09-21,0,0,원피스,111100
스팽글,google,2025-09-28,2,3342,원피스,111100
스팽글,google,2025-10-05,0,0,원피스,111100
스팽글,google,2025-10-12,0,0,원피스,111100
스팽글,google,2025-10-19,0,0,원피스,111100
스팽글,google,2025-10-26,2,3342,원피스,111100
스팽글,google,2025-11-02,1,1671,원피스,111100
스팽글,google,2025-11-09,0,0,원피스,111100
스팽글,google,2025-11-16,0,0,원피스,111100
스팽글,google,2025-11-23,0,0,원피스,111100
스팽글,google,2025-11-30,2,3342,원피스,111100
스팽글,google,2025-12-07,1,1671,원피스,111100
스팽글,google,2025-12-14,0,0,원피스,111100
스팽글,google,2025-12-21,0,0,원피스,111100
스팽글,google,2025-12-28,0,0,원피스,111100
스팽글,google,2026-01-04,0,0,원피스,111100
스팽글,google,2026-01-11,0,0,원피스,111100
스팽글,google,2026-01-18,0,0,원피스,111100
스팽글,google,2026-01-25,0,0,원피스,111100
스팽글,google,2026-02-01,0,0,원피스,111100
스팽글,google,2026-02-08,0,0,원피스,111100
스팽글,google,2026-02-15,0,0,원피스,111100
스팽글,google,2026-02-22,2,3342,원피스,111100
스팽글,google,2026-03-01,0,0,원피스,111100
스팽글,google,2026-03-08,0,0,원피스,111100
스팽글,google,2026-03-15,0,0,원피스,111100
스팽글,google,2026-03-22,0,0,원피스,111100
스팽글,google,2026-03-29,0,0,원피스,111100
스팽글,google,2026-04-05,0,0,원피스,111100
스팽글,google,2026-04-12,0,0,원피스,111100
스팽글,google,2026-04-19,0,0,원피스,111100
스팽글,google,2026-04-26,0,0,원피스,111100
스팽글,google,2026-05-03,0,0,원피스,111100
스팽글,google,2026-05-10,1,1671,원피스,111100
스팽글,google,2026-05-17,0,0,원피스,111100
스팽글,google,2026-05-24,0,0,원피스,111100
스팽글,google,2026-05-31,0,0,원피스,111100
스팽글,google,2026-06-07,0,0,원피스,111100
스팽글,google,2026-06-14,0,0,원피스,111100
스팽글,google,2026-06-21,0,0,원피스,111100
스팽글,google,2026-06-28,0,0,원피스,111100
스팽글,google,2026-07-05,1,1671,원피스,111100
스팽글,google,2026-07-12,0,0,원피스,111100
스팽글,google,2026-07-19,0,0,원피스,111100
스팽글,google,2026-07-26,0,0,원피스,111100
스팽글,google,2026-08-02,0,0,원피스,111100
스팽글,google,2026-08-09,0,0,원피스,111100
스팽글,google,2026-08-16,0,0,원피스,111100
스팽글,google,2026-08-23,0,0,원피스,111100
스팽글,google,2026-08-30,1,1671,원피스,111100
스팽글,google,2026-09-06,1,1671,원피스,111100
스팽글,google,2026-09-13,1,1671,원피스,111100
비즈,google,2025-09-14,94,157110,원피스,111100
비즈,google,2025-09-21,98,163796,원피스,111100
비즈,google,2025-09-28,89,148753,원피스,111100
비즈,google,2025-10-05,54,90254,원피스,111100
비즈,google,2025-10-12,92,153767,원피스,111100
비즈,google,2025-10-19,96,160453,원피스,111100
비즈,google,2025-10-26,92,153767,원피스,111100
비즈,google,2025-11-02,95,158781,원피스,111100
비즈,google,2025-11-09,98,163796,원피스,111100
비즈,google,2025-11-16,86,143739,원피스,111100
비즈,google,2025-11-23,90,150424,원피스,111100
비즈,google,2025-11-30,100,167138,원피스,111100
비즈,google,2025-12-07,87,145410,원피스,111100
비즈,google,2025-12-14,91,152096,원피스,111100
비즈,google,2025-12-21,79,132039,원피스,111100
비즈,google,2025-12-28,79,132039,원피스,111100
비즈,google,2026-01-04,89,148753,원피스,111100
비즈,google,2026-01-11,85,142067,원피스,111100
비즈,google,2026-01-18,84,140396,원피스,111100
비즈,google,2026-01-25,83,138725,원피스,111100
비즈,google,2026-02-01,91,152096,원피스,111100
비즈,google,2026-02-08,83,138725,원피스,111100
비즈,google,2026-02-15,53,88583,원피스,111100
비즈,google,2026-02-22,90,150424,원피스,111100
비즈,google,2026-03-01,84,140396,원피스,111100
비즈,google,2026-03-08,93,155439,원피스,111100
비즈,google,2026-03-15,90,150424,원피스,111100
비즈,google,2026-03-22,97,162124,원피스,111100
비즈,google,2026-03-29,96,160453,원피스,111100
비즈,google,2026-04-05,87,145410,원피스,111100
비즈,google,2026-04-12,91,152096,원피스,111100
비즈,google,2026-04-19,82,137053,원피스,111100
비즈,google,2026-04-26,85,142067,원피스,111100
비즈,google,2026-05-03,83,138725,원피스,111100
비즈,google,2026-05-10,91,152096,원피스,111100
비즈,google,2026-05-17,79,132039,원피스,111100
비즈,google,2026-05-24,81,135382,원피스,111100
비즈,google,2026-05-31,84,140396,원피스,111100
비즈,google,2026-06-07,97,162124,원피스,111100
비즈,google,2026-06-14,91,152096,원피스,111100
비즈,google,2026-06-21,92,153767,원피스,111100
비즈,google,2026-06-28,99,165467,원피스,111100
비즈,google,2026-07-05,92,153767,원피스,111100
비즈,google,2026-07-12,85,142067,원피스,111100
비즈,google,2026-07-19,88,147082,원피스,111100
비즈,google,2026-07-26,87,145410,원피스,111100
비즈,google,2026-08-02,85,142067,원피스,111100
비즈,google,2026-08-09,78,130368,원피스,111100
비즈,google,2026-08-16,76,127025,원피스,111100
비즈,google,2026-08-23,91,152096,원피스,111100
비즈,google,2026-08-30,88,147082,원피스,111100
비즈,google,2026-09-06,85,142067,원피스,111100
비즈,google,2026-09-13,70,116997,원피스,111100
자수,google,2025-09-14,18,30084,원피스,111100
자수,google,2025-09-21,18,30084,원피스,111100
자수,google,2025-09-28,19,31756,원피스,111100
자수,google,2025-10-05,15,25070,원피스,111100
자수,google,2025-10-12,19,31756,원피스,111100
자수,google,2025-10-19,20,33427,원피스,111100
자수,google,2025-10-26,18,30084,원피스,111100
자수,google,2025-11-02,19,31756,원피스,111100
자수,google,2025-11-09,19,31756,원피스,111100
자수,google,2025-11-16,20,33427,원피스,111100
자수,google,2025-11-23,19,31756,원피스,111100
자수,google,2025-11-30,19,31756,원피스,111100
자수,google,2025-12-07,19,31756,원피스,111100
자수,google,2025-12-14,20,33427,원피스,111100
자수,google,2025-12-21,18,30084,원피스,111100
자수,google,2025-12-28,19,31756,원피스,111100
자수,google,2026-01-04,19,31756,원피스,111100
자수,google,2026-01-11,17,28413,원피스,111100
자수,google,2026-01-18,18,30084,원피스,111100
자수,google,2026-01-25,19,31756,원피스,111100
자수,google,2026-02-01,19,31756,원피스,111100
자수,google,2026-02-08,18,30084,원피스,111100
자수,google,2026-02-15,15,25070,원피스,111100
자수,google,2026-02-22,18,30084,원피스,111100
자수,google,2026-03-01,19,31756,원피스,111100
자수,google,2026-03-08,20,33427,원피스,111100
자수,google,2026-03-15,18,30084,원피스,111100
자수,google,2026-03-22,18,30084,원피스,111100
자수,google,2026-03-29,17,28413,원피스,111100
자수,google,2026-04-05,18,30084,원피스,111100
자수,google,2026-04-12,18,30084,원피스,111100
자수,google,2026-04-19,19,31756,원피스,111100
자수,google,2026-04-26,19,31756,원피스,111100
자수,google,2026-05-03,18,30084,원피스,111100
자수,google,2026-05-10,17,28413,원피스,111100
자수,google,2026-05-17,17,28413,원피스,111100
자수,google,2026-05-24,19,31756,원피스,111100
자수,google,2026-05-31,19,31756,원피스,111100
자수,google,2026-06-07,18,30084,원피스,111100
자수,google,2026-06-14,17,28413,원피스,111100
자수,google,2026-06-21,16,26742,원피스,111100
자수,google,2026-06-28,17,28413,원피스,111100
자수,google,2026-07-05,21,35099,원피스,111100
자수,google,2026-07-12,18,30084,원피스,111100
자수,google,2026-07-19,18,30084,원피스,111100
자수,google,2026-07-26,25,41784,원피스,111100
자수,google,2026-08-02,18,30084,원피스,111100
자수,google,2026-08-09,14,23399,원피스,111100
자수,google,2026-08-16,15,25070,원피스,111100
자수,google,2026-08-23,16,26742,원피스,111100
자수,google,2026-08-30,14,23399,원피스,111100
자수,google,2026-09-06,17,28413,원피스,111100
자수,google,2026-09-13,18,30084,원피스,111100
아플리케,google,2025-09-14,0,0,원피스,111100
아플리케,google,2025-09-21,0,0,원피스,111100
아플리케,google,2025-09-28,0,0,원피스,111100
아플리케,google,2025-10-05,1,1671,원피스,111100
아플리케,google,2025-10-12,0,0,원피스,111100
아플리케,google,2025-10-19,0,0,원피스,111100
아플리케,google,2025-10-26,0,0,원피스,111100
아플리케,google,2025-11-02,0,0,원피스,111100
아플리케,google,2025-11-09,0,0,원피스,111100
아플리케,google,2025-11-16,0,0,원피스,111100
아플리케,google,2025-11-23,1,1671,원피스,111100
아플리케,google,2025-11-30,0,0,원피스,111100
아플리케,google,2025-12-07,0,0,원피스,111100
아플리케,google,2025-12-14,0,0,원피스,111100
아플리케,google,2025-12-21,0,0,원피스,111100
아플리케,google,2025-12-28,0,0,원피스,111100
아플리케,google,2026-01-04,0,0,원피스,111100
아플리케,google,2026-01-11,0,0,원피스,111100
아플리케,google,2026-01-18,0,0,원피스,111100
아플리케,google,2026-01-25,0,0,원피스,111100
아플리케,google,2026-02-01,0,0,원피스,111100
아플리케,google,2026-02-08,0,0,원피스,111100
아플리케,google,2026-02-15,0,0,원피스,111100
아플리케,google,2026-02-22,0,0,원피스,111100
아플리케,google,2026-03-01,0,0,원피스,111100
아플리케,google,2026-03-08,0,0,원피스,111100
아플리케,google,2026-03-15,0,0,원피스,111100
아플리케,google,2026-03-22,0,0,원피스,111100
아플리케,google,2026-03-29,2,3342,원피스,111100
아플리케,google,2026-04-05,0,0,원피스,111100
아플리케,google,2026-04-12,0,0,원피스,111100
아플리케,google,2026-04-19,0,0,원피스,111100
아플리케,google,2026-04-26,0,0,원피스,111100
아플리케,google,2026-05-03,0,0,원피스,111100
아플리케,google,2026-05-10,0,0,원피스,111100
아플리케,google,2026-05-17,0,0,원피스,111100
아플리케,google,2026-05-24,0,0,원피스,111100
아플리케,google,2026-05-31,0,0,원피스,111100
아플리케,google,2026-06-07,0,0,원피스,111100
아플리케,google,2026-06-14,0,0,원피스,111100
아플리케,google,2026-06-21,0,0,원피스,111100
아플리케,google,2026-06-28,0,0,원피스,111100
아플리케,google,2026-07-05,0,0,원피스,111100
아플리케,google,2026-07-12,0,0,원피스,111100
아플리케,google,2026-07-19,0,0,원피스,111100
아플리케,google,2026-07-26,0,0,원피스,111100
아플리케,google,2026-08-02,0,0,원피스,111100
아플리케,google,2026-08-09,0,0,원피스,111100
아플리케,google,2026-08-16,0,0,원피스,111100
아플리케,google,2026-08-23,0,0,원피스,111100
아플리케,google,2026-08-30,0,0,원피스,111100
아플리케,google,2026-09-06,1,1671,원피스,111100
아플리케,google,2026-09-13,0,0,원피스,111100
레이스트림,google,2025-09-14,0,0,원피스,111100
레이스트림,google,2025-09-21,0,0,원피스,111100
레이스트림,google,2025-09-28,0,0,원피스,111100
레이스트림,google,2025-10-05,0,0,원피스,111100
레이스트림,google,2025-10-12,0,0,원피스,111100
레이스트림,google,2025-10-19,0,0,원피스,111100
레이스트림,google,2025-10-26,0,0,원피스,111100
레이스트림,google,2025-11-02,0,0,원피스,111100
레이스트림,google,2025-11-09,0,0,원피스,111100
레이스트림,google,2025-11-16,0,0,원피스,111100
레이스트림,google,2025-11-23,0,0,원피스,111100
레이스트림,google,2025-11-30,0,0,원피스,111100
레이스트림,google,2025-12-07,0,0,원피스,111100
레이스트림,google,2025-12-14,0,0,원피스,111100
레이스트림,google,2025-12-21,0,0,원피스,111100
레이스트림,google,2025-12-28,0,0,원피스,111100
레이스트림,google,2026-01-04,0,0,원피스,111100
레이스트림,google,2026-01-11,0,0,원피스,111100
레이스트림,google,2026-01-18,0,0,원피스,111100
레이스트림,google,2026-01-25,0,0,원피스,111100
레이스트림,google,2026-02-01,0,0,원피스,111100
레이스트림,google,2026-02-08,0,0,원피스,111100
레이스트림,google,2026-02-15,0,0,원피스,111100
레이스트림,google,2026-02-22,0,0,원피스,111100
레이스트림,google,2026-03-01,0,0,원피스,111100
레이스트림,google,2026-03-08,0,0,원피스,111100
레이스트림,google,2026-03-15,0,0,원피스,111100
레이스트림,google,2026-03-22,0,0,원피스,111100
레이스트림,google,2026-03-29,0,0,원피스,111100
레이스트림,google,2026-04-05,0,0,원피스,111100
레이스트림,google,2026-04-12,0,0,원피스,111100
레이스트림,google,2026-04-19,0,0,원피스,111100
레이스트림,google,2026-04-26,0,0,원피스,111100
레이스트림,google,2026-05-03,0,0,원피스,111100
레이스트림,google,2026-05-10,0,0,원피스,111100
레이스트림,google,2026-05-17,0,0,원피스,111100
레이스트림,google,2026-05-24,0,0,원피스,111100
레이스트림,google,2026-05-31,0,0,원피스,111100
레이스트림,google,2026-06-07,0,0,원피스,111100
레이스트림,google,2026-06-14,0,0,원피스,111100
레이스트림,google,2026-06-21,0,0,원피스,111100
레이스트림,google,2026-06-28,0,0,원피스,111100
레이스트림,google,2026-07-05,0,0,원피스,111100
레이스트림,google,2026-07-12,0,0,원피스,111100
레이스트림,google,2026-07-19,0,0,원피스,111100
레이스트림,google,2026-07-26,0,0,원피스,111100
레이스트림,google,2026-08-02,0,0,원피스,111100
레이스트림,google,2026-08-09,0,0,원피스,111100
레이스트림,google,2026-08-16,0,0,원피스,111100
레이스트림,google,2026-08-23,0,0,원피스,111100
레이스트림,google,2026-08-30,0,0,원피스,111100
레이스트림,google,2026-09-06,0,0,원피스,111100
레이스트림,google,2026-09-13,0,0,원피스,111100
프린지,google,2025-09-14,34,56827,원피스,111100
프린지,google,2025-09-21,17,28413,원피스,111100
프린지,google,2025-09-28,22,36770,원피스,111100
프린지,google,2025-10-05,0,0,원피스,111100
프린지,google,2025-10-12,21,35099,원피스,111100
프린지,google,2025-10-19,21,35099,원피스,111100
프린지,google,2025-10-26,17,28413,원피스,111100
프린지,google,2025-11-02,0,0,원피스,111100
프린지,google,2025-11-09,24,40113,원피스,111100
프린지,google,2025-11-16,0,0,원피스,111100
프린지,google,2025-11-23,0,0,원피스,111100
프린지,google,2025-11-30,0,0,원피스,111100
프린지,google,2025-12-07,0,0,원피스,111100
프린지,google,2025-12-14,21,35099,원피스,111100
프린지,google,2025-12-21,0,0,원피스,111100
프린지,google,2025-12-28,0,0,원피스,111100
프린지,google,2026-01-04,0,0,원피스,111100
프린지,google,2026-01-11,0,0,원피스,111100
프린지,google,2026-01-18,0,0,원피스,111100
프린지,google,2026-01-25,25,41784,원피스,111100
프린지,google,2026-02-01,31,51813,원피스,111100
프린지,google,2026-02-08,24,40113,원피스,111100
프린지,google,2026-02-15,18,30084,원피스,111100
프린지,google,2026-02-22,0,0,원피스,111100
프린지,google,2026-03-01,0,0,원피스,111100
프린지,google,2026-03-08,18,30084,원피스,111100
프린지,google,2026-03-15,17,28413,원피스,111100
프린지,google,2026-03-22,26,43456,원피스,111100
프린지,google,2026-03-29,0,0,원피스,111100
프린지,google,2026-04-05,0,0,원피스,111100
프린지,google,2026-04-12,0,0,원피스,111100
프린지,google,2026-04-19,0,0,원피스,111100
프린지,google,2026-04-26,0,0,원피스,111100
프린지,google,2026-05-03,24,40113,원피스,111100
프린지,google,2026-05-10,0,0,원피스,111100
프린지,google,2026-05-17,22,36770,원피스,111100
프린지,google,2026-05-24,0,0,원피스,111100
프린지,google,2026-05-31,22,36770,원피스,111100
프린지,google,2026-06-07,16,26742,원피스,111100
프린지,google,2026-06-14,21,35099,원피스,111100
프린지,google,2026-06-21,23,38441,원피스,111100
프린지,google,2026-06-28,0,0,원피스,111100
프린지,google,2026-07-05,21,35099,원피스,111100
프린지,google,2026-07-12,20,33427,원피스,111100
프린지,google,2026-07-19,31,51813,원피스,111100
프린지,google,2026-07-26,23,38441,원피스,111100
프린지,google,2026-08-02,0,0,원피스,111100
프린지,google,2026-08-09,32,53484,원피스,111100
프린지,google,2026-08-16,23,38441,원피스,111100
프린지,google,2026-08-23,0,0,원피스,111100
프린지,google,2026-08-30,17,28413,원피스,111100
프린지,google,2026-09-06,17,28413,원피스,111100
프린지,google,2026-09-13,17,28413,원피스,111100
태슬,google,2025-09-14,29,48470,원피스,111100
태슬,google,2025-09-21,33,55155,원피스,111100
태슬,google,2025-09-28,28,46798,원피스,111100
태슬,google,2025-10-05,28,46798,원피스,111100
태슬,google,2025-10-12,27,45127,원피스,111100
태슬,google,2025-10-19,0,0,원피스,111100
태슬,google,2025-10-26,32,53484,원피스,111100
태슬,google,2025-11-02,31,51813,원피스,111100
태슬,google,2025-11-09,36,60169,원피스,111100
태슬,google,2025-11-16,20,33427,원피스,111100
태슬,google,2025-11-23,33,55155,원피스,111100
태슬,google,2025-11-30,21,35099,원피스,111100
태슬,google,2025-12-07,34,56827,원피스,111100
태슬,google,2025-12-14,37,61841,원피스,111100
태슬,google,2025-12-21,31,51813,원피스,111100
태슬,google,2025-12-28,31,51813,원피스,111100
태슬,google,2026-01-04,40,66855,원피스,111100
태슬,google,2026-01-11,35,58498,원피스,111100
태슬,google,2026-01-18,44,73541,원피스,111100
태슬,google,2026-01-25,61,101954,원피스,111100
태슬,google,2026-02-01,42,70198,원피스,111100
태슬,google,2026-02-08,50,83569,원피스,111100
태슬,google,2026-02-15,41,68526,원피스,111100
태슬,google,2026-02-22,40,66855,원피스,111100
태슬,google,2026-03-01,34,56827,원피스,111100
태슬,google,2026-03-08,32,53484,원피스,111100
태슬,google,2026-03-15,30,50141,원피스,111100
태슬,google,2026-03-22,45,75212,원피스,111100
태슬,google,2026-03-29,43,71869,원피스,111100
태슬,google,2026-04-05,48,80226,원피스,111100
태슬,google,2026-04-12,30,50141,원피스,111100
태슬,google,2026-04-19,26,43456,원피스,111100
태슬,google,2026-04-26,30,50141,원피스,111100
태슬,google,2026-05-03,37,61841,원피스,111100
태슬,google,2026-05-10,30,50141,원피스,111100
태슬,google,2026-05-17,34,56827,원피스,111100
태슬,google,2026-05-24,39,65184,원피스,111100
태슬,google,2026-05-31,33,55155,원피스,111100
태슬,google,2026-06-07,49,81898,원피스,111100
태슬,google,2026-06-14,24,40113,원피스,111100
태슬,google,2026-06-21,35,58498,원피스,111100
태슬,google,2026-06-28,32,53484,원피스,111100
태슬,google,2026-07-05,27,45127,원피스,111100
태슬,google,2026-07-12,43,71869,원피스,111100
태슬,google,2026-07-19,43,71869,원피스,111100
태슬,google,2026-07-26,31,51813,원피스,111100
태슬,google,2026-08-02,40,66855,원피스,111100
태슬,google,2026-08-09,31,51813,원피스,111100
태슬,google,2026-08-16,27,45127,원피스,111100
태슬,google,2026-08-23,44,73541,원피스,111100
태슬,google,2026-08-30,25,41784,원피스,111100
태슬,google,2026-09-06,30,50141,원피스,111100
태슬,google,2026-09-13,33,55155,원피스,111100
스터드,google,2025-09-14,70,116997,원피스,111100
스터드,google,2025-09-21,83,138725,원피스,111100
스터드,google,2025-09-28,55,91926,원피스,111100
스터드,google,2025-10-05,51,85240,원피스,111100
스터드,google,2025-10-12,71,118668,원피스,111100
스터드,google,2025-10-19,77,128696,원피스,111100
스터드,google,2025-10-26,58,96940,원피스,111100
스터드,google,2025-11-02,72,120339,원피스,111100
스터드,google,2025-11-09,72,120339,원피스,111100
스터드,google,2025-11-16,66,110311,원피스,111100
스터드,google,2025-11-23,72,120339,원피스,111100
스터드,google,2025-11-30,69,115325,원피스,111100
스터드,google,2025-12-07,81,135382,원피스,111100
스터드,google,2025-12-14,75,125354,원피스,111100
스터드,google,2025-12-21,84,140396,원피스,111100
스터드,google,2025-12-28,72,120339,원피스,111100
스터드,google,2026-01-04,77,128696,원피스,111100
스터드,google,2026-01-11,76,127025,원피스,111100
스터드,google,2026-01-18,100,167138,원피스,111100
스터드,google,2026-01-25,70,116997,원피스,111100
스터드,google,2026-02-01,82,137053,원피스,111100
스터드,google,2026-02-08,60,100283,원피스,111100
스터드,google,2026-02-15,57,95269,원피스,111100
스터드,google,2026-02-22,93,155439,원피스,111100
스터드,google,2026-03-01,79,132039,원피스,111100
스터드,google,2026-03-08,73,122011,원피스,111100
스터드,google,2026-03-15,98,163796,원피스,111100
스터드,google,2026-03-22,84,140396,원피스,111100
스터드,google,2026-03-29,95,158781,원피스,111100
스터드,google,2026-04-05,79,132039,원피스,111100
스터드,google,2026-04-12,76,127025,원피스,111100
스터드,google,2026-04-19,63,105297,원피스,111100
스터드,google,2026-04-26,75,125354,원피스,111100
스터드,google,2026-05-03,99,165467,원피스,111100
스터드,google,2026-05-10,87,145410,원피스,111100
스터드,google,2026-05-17,70,116997,원피스,111100
스터드,google,2026-05-24,61,101954,원피스,111100
스터드,google,2026-05-31,75,125354,원피스,111100
스터드,google,2026-06-07,72,120339,원피스,111100
스터드,google,2026-06-14,75,125354,원피스,111100
스터드,google,2026-06-21,81,135382,원피스,111100
스터드,google,2026-06-28,79,132039,원피스,111100
스터드,google,2026-07-05,79,132039,원피스,111100
스터드,google,2026-07-12,67,111982,원피스,111100
스터드,google,2026-07-19,88,147082,원피스,111100
스터드,google,2026-07-26,70,116997,원피스,111100
스터드,google,2026-08-02,61,101954,원피스,111100
스터드,google,2026-08-09,61,101954,원피스,111100
스터드,google,2026-08-16,79,132039,원피스,111100
스터드,google,2026-08-23,52,86912,원피스,111100
스터드,google,2026-08-30,53,88583,원피스,111100
스터드,google,2026-09-06,74,123682,원피스,111100
스터드,google,2026-09-13,74,123682,원피스,111100
라인스톤,google,2025-09-14,0,0,원피스,111100
라인스톤,google,2025-09-21,0,0,원피스,111100
라인스톤,google,2025-09-28,0,0,원피스,111100
라인스톤,google,2025-10-05,0,0,원피스,111100
라인스톤,google,2025-10-12,0,0,원피스,111100
라인스톤,google,2025-10-19,0,0,원피스,111100
라인스톤,google,2025-10-26,0,0,원피스,111100
라인스톤,google,2025-11-02,0,0,원피스,111100
라인스톤,google,2025-11-09,0,0,원피스,111100
라인스톤,google,2025-11-16,0,0,원피스,111100
라인스톤,google,2025-11-23,0,0,원피스,111100
라인스톤,google,2025-11-30,0,0,원피스,111100
라인스톤,google,2025-12-07,0,0,원피스,111100
라인스톤,google,2025-12-14,0,0,원피스,111100
라인스톤,google,2025-12-21,0,0,원피스,111100
라인스톤,google,2025-12-28,0,0,원피스,111100
라인스톤,google,2026-01-04,0,0,원피스,111100
라인스톤,google,2026-01-11,0,0,원피스,111100
라인스톤,google,2026-01-18,0,0,원피스,111100
라인스톤,google,2026-01-25,25,41784,원피스,111100
라인스톤,google,2026-02-01,18,30084,원피스,111100
라인스톤,google,2026-02-08,17,28413,원피스,111100
라인스톤,google,2026-02-15,0,0,원피스,111100
라인스톤,google,2026-02-22,0,0,원피스,111100
라인스톤,google,2026-03-01,18,30084,원피스,111100
라인스톤,google,2026-03-08,0,0,원피스,111100
라인스톤,google,2026-03-15,0,0,원피스,111100
라인스톤,google,2026-03-22,0,0,원피스,111100
라인스톤,google,2026-03-29,0,0,원피스,111100
라인스톤,google,2026-04-05,0,0,원피스,111100
라인스톤,google,2026-04-12,0,0,원피스,111100
라인스톤,google,2026-04-19,0,0,원피스,111100
라인스톤,google,2026-04-26,0,0,원피스,111100
라인스톤,google,2026-05-03,0,0,원피스,111100
라인스톤,google,2026-05-10,0,0,원피스,111100
라인스톤,google,2026-05-17,0,0,원피스,111100
라인스톤,google,2026-05-24,0,0,원피스,111100
라인스톤,google,2026-05-31,0,0,원피스,111100
라인스톤,google,2026-06-07,0,0,원피스,111100
라인스톤,google,2026-06-14,0,0,원피스,111100
라인스톤,google,2026-06-21,0,0,원피스,111100
라인스톤,google,2026-06-28,0,0,원피스,111100
라인스톤,google,2026-07-05,0,0,원피스,111100
라인스톤,google,2026-07-12,0,0,원피스,111100
라인스톤,google,2026-07-19,0,0,원피스,111100
라인스톤,google,2026-07-26,0,0,원피스,111100
라인스톤,google,2026-08-02,0,0,원피스,111100
라인스톤,google,2026-08-09,0,0,원피스,111100
라인스톤,google,2026-08-16,0,0,원피스,111100
라인스톤,google,2026-08-23,0,0,원피스,111100
라인스톤,google,2026-08-30,5,8356,원피스,111100
라인스톤,google,2026-09-06,5,8356,원피스,111100
라인스톤,google,2026-09-13,9,15042,원피스,111100
펄장식,google,2025-09-14,0,0,원피스,111100
펄장식,google,2025-09-21,0,0,원피스,111100
펄장식,google,2025-09-28,0,0,원피스,111100
펄장식,google,2025-10-05,0,0,원피스,111100
펄장식,google,2025-10-12,0,0,원피스,111100
펄장식,google,2025-10-19,0,0,원피스,111100
펄장식,google,2025-10-26,0,0,원피스,111100
펄장식,google,2025-11-02,0,0,원피스,111100
펄장식,google,2025-11-09,0,0,원피스,111100
펄장식,google,2025-11-16,0,0,원피스,111100
펄장식,google,2025-11-23,0,0,원피스,111100
펄장식,google,2025-11-30,0,0,원피스,111100
펄장식,google,2025-12-07,0,0,원피스,111100
펄장식,google,2025-12-14,0,0,원피스,111100
펄장식,google,2025-12-21,0,0,원피스,111100
펄장식,google,2025-12-28,0,0,원피스,111100
펄장식,google,2026-01-04,0,0,원피스,111100
펄장식,google,2026-01-11,0,0,원피스,111100
펄장식,google,2026-01-18,0,0,원피스,111100
펄장식,google,2026-01-25,0,0,원피스,111100
펄장식,google,2026-02-01,0,0,원피스,111100
펄장식,google,2026-02-08,0,0,원피스,111100
펄장식,google,2026-02-15,0,0,원피스,111100
펄장식,google,2026-02-22,0,0,원피스,111100
펄장식,google,2026-03-01,0,0,원피스,111100
펄장식,google,2026-03-08,0,0,원피스,111100
펄장식,google,2026-03-15,0,0,원피스,111100
펄장식,google,2026-03-22,0,0,원피스,111100
펄장식,google,2026-03-29,0,0,원피스,111100
펄장식,google,2026-04-05,0,0,원피스,111100
펄장식,google,2026-04-12,0,0,원피스,111100
펄장식,google,2026-04-19,0,0,원피스,111100
펄장식,google,2026-04-26,0,0,원피스,111100
펄장식,google,2026-05-03,0,0,원피스,111100
펄장식,google,2026-05-10,0,0,원피스,111100
펄장식,google,2026-05-17,0,0,원피스,111100
펄장식,google,2026-05-24,0,0,원피스,111100
펄장식,google,2026-05-31,0,0,원피스,111100
펄장식,google,2026-06-07,0,0,원피스,111100
펄장식,google,2026-06-14,0,0,원피스,111100
펄장식,google,2026-06-21,0,0,원피스,111100
펄장식,google,2026-06-28,0,0,원피스,111100
펄장식,google,2026-07-05,0,0,원피스,111100
펄장식,google,2026-07-12,0,0,원피스,111100
펄장식,google,2026-07-19,0,0,원피스,111100
펄장식,google,2026-07-26,0,0,원피스,111100
펄장식,google,2026-08-02,0,0,원피스,111100
펄장식,google,2026-08-09,0,0,원피스,111100
펄장식,google,2026-08-16,0,0,원피스,111100
펄장식,google,2026-08-23,0,0,원피스,111100
펄장식,google,2026-08-30,0,0,원피스,111100
펄장식,google,2026-09-06,0,0,원피스,111100
펄장식,google,2026-09-13,0,0,원피스,111100
체인장식,google,2025-09-14,0,0,원피스,111100
체인장식,google,2025-09-21,0,0,원피스,111100
체인장식,google,2025-09-28,0,0,원피스,111100
체인장식,google,2025-10-05,0,0,원피스,111100
체인장식,google,2025-10-12,0,0,원피스,111100
체인장식,google,2025-10-19,0,0,원피스,111100
체인장식,google,2025-10-26,0,0,원피스,111100
체인장식,google,2025-11-02,0,0,원피스,111100
체인장식,google,2025-11-09,0,0,원피스,111100
체인장식,google,2025-11-16,0,0,원피스,111100
체인장식,google,2025-11-23,0,0,원피스,111100
체인장식,google,2025-11-30,0,0,원피스,111100
체인장식,google,2025-12-07,0,0,원피스,111100
체인장식,google,2025-12-14,0,0,원피스,111100
체인장식,google,2025-12-21,0,0,원피스,111100
체인장식,google,2025-12-28,0,0,원피스,111100
체인장식,google,2026-01-04,0,0,원피스,111100
체인장식,google,2026-01-11,0,0,원피스,111100
체인장식,google,2026-01-18,0,0,원피스,111100
체인장식,google,2026-01-25,0,0,원피스,111100
체인장식,google,2026-02-01,0,0,원피스,111100
체인장식,google,2026-02-08,0,0,원피스,111100
체인장식,google,2026-02-15,0,0,원피스,111100
체인장식,google,2026-02-22,0,0,원피스,111100
체인장식,google,2026-03-01,0,0,원피스,111100
체인장식,google,2026-03-08,0,0,원피스,111100
체인장식,google,2026-03-15,0,0,원피스,111100
체인장식,google,2026-03-22,0,0,원피스,111100
체인장식,google,2026-03-29,0,0,원피스,111100
체인장식,google,2026-04-05,0,0,원피스,111100
체인장식,google,2026-04-12,0,0,원피스,111100
체인장식,google,2026-04-19,0,0,원피스,111100
체인장식,google,2026-04-26,0,0,원피스,111100
체인장식,google,2026-05-03,0,0,원피스,111100
체인장식,google,2026-05-10,0,0,원피스,111100
체인장식,google,2026-05-17,0,0,원피스,111100
체인장식,google,2026-05-24,0,0,원피스,111100
체인장식,google,2026-05-31,0,0,원피스,111100
체인장식,google,2026-06-07,0,0,원피스,111100
체인장식,google,2026-06-14,0,0,원피스,111100
체인장식,google,2026-06-21,0,0,원피스,111100
체인장식,google,2026-06-28,0,0,원피스,111100
체인장식,google,2026-07-05,0,0,원피스,111100
체인장식,google,2026-07-12,0,0,원피스,111100
체인장식,google,2026-07-19,0,0,원피스,111100
체인장식,google,2026-07-26,0,0,원피스,111100
체인장식,google,2026-08-02,0,0,원피스,111100
체인장식,google,2026-08-09,0,0,원피스,111100
체인장식,google,2026-08-16,0,0,원피스,111100
체인장식,google,2026-08-23,0,0,원피스,111100
체인장식,google,2026-08-30,3,5014,원피스,111100
체인장식,google,2026-09-06,2,3342,원피스,111100
체인장식,google,2026-09-13,0,0,원피스,111100
메탈하드웨어,google,2025-09-14,0,0,원피스,111100
메탈하드웨어,google,2025-09-21,0,0,원피스,111100
메탈하드웨어,google,2025-09-28,0,0,원피스,111100
메탈하드웨어,google,2025-10-05,0,0,원피스,111100
메탈하드웨어,google,2025-10-12,0,0,원피스,111100
메탈하드웨어,google,2025-10-19,0,0,원피스,111100
메탈하드웨어,google,2025-10-26,0,0,원피스,111100
메탈하드웨어,google,2025-11-02,0,0,원피스,111100
메탈하드웨어,google,2025-11-09,0,0,원피스,111100
메탈하드웨어,google,2025-11-16,0,0,원피스,111100
메탈하드웨어,google,2025-11-23,0,0,원피스,111100
메탈하드웨어,google,2025-11-30,0,0,원피스,111100
메탈하드웨어,google,2025-12-07,0,0,원피스,111100
메탈하드웨어,google,2025-12-14,0,0,원피스,111100
메탈하드웨어,google,2025-12-21,0,0,원피스,111100
메탈하드웨어,google,2025-12-28,0,0,원피스,111100
메탈하드웨어,google,2026-01-04,0,0,원피스,111100
메탈하드웨어,google,2026-01-11,0,0,원피스,111100
메탈하드웨어,google,2026-01-18,0,0,원피스,111100
메탈하드웨어,google,2026-01-25,0,0,원피스,111100
메탈하드웨어,google,2026-02-01,0,0,원피스,111100
메탈하드웨어,google,2026-02-08,0,0,원피스,111100
메탈하드웨어,google,2026-02-15,0,0,원피스,111100
메탈하드웨어,google,2026-02-22,0,0,원피스,111100
메탈하드웨어,google,2026-03-01,0,0,원피스,111100
메탈하드웨어,google,2026-03-08,0,0,원피스,111100
메탈하드웨어,google,2026-03-15,0,0,원피스,111100
메탈하드웨어,google,2026-03-22,0,0,원피스,111100
메탈하드웨어,google,2026-03-29,0,0,원피스,111100
메탈하드웨어,google,2026-04-05,0,0,원피스,111100
메탈하드웨어,google,2026-04-12,0,0,원피스,111100
메탈하드웨어,google,2026-04-19,0,0,원피스,111100
메탈하드웨어,google,2026-04-26,0,0,원피스,111100
메탈하드웨어,google,2026-05-03,0,0,원피스,111100
메탈하드웨어,google,2026-05-10,0,0,원피스,111100
메탈하드웨어,google,2026-05-17,0,0,원피스,111100
메탈하드웨어,google,2026-05-24,0,0,원피스,111100
메탈하드웨어,google,2026-05-31,0,0,원피스,111100
메탈하드웨어,google,2026-06-07,0,0,원피스,111100
메탈하드웨어,google,2026-06-14,0,0,원피스,111100
메탈하드웨어,google,2026-06-21,0,0,원피스,111100
메탈하드웨어,google,2026-06-28,0,0,원피스,111100
메탈하드웨어,google,2026-07-05,0,0,원피스,111100
메탈하드웨어,google,2026-07-12,0,0,원피스,111100
메탈하드웨어,google,2026-07-19,0,0,원피스,111100
메탈하드웨어,google,2026-07-26,0,0,원피스,111100
메탈하드웨어,google,2026-08-02,0,0,원피스,111100
메탈하드웨어,google,2026-08-09,0,0,원피스,111100
메탈하드웨어,google,2026-08-16,0,0,원피스,111100
메탈하드웨어,google,2026-08-23,0,0,원피스,111100
메탈하드웨어,google,2026-08-30,0,0,원피스,111100
메탈하드웨어,google,2026-09-06,0,0,원피스,111100
메탈하드웨어,google,2026-09-13,0,0,원피스,111100
셔링,google,2025-09-14,66,110311,원피스,111100
셔링,google,2025-09-21,53,88583,원피스,111100
셔링,google,2025-09-28,42,70198,원피스,111100
셔링,google,2025-10-05,0,0,원피스,111100
셔링,google,2025-10-12,54,90254,원피스,111100
셔링,google,2025-10-19,37,61841,원피스,111100
셔링,google,2025-10-26,38,63512,원피스,111100
셔링,google,2025-11-02,67,111982,원피스,111100
셔링,google,2025-11-09,49,81898,원피스,111100
셔링,google,2025-11-16,39,65184,원피스,111100
셔링,google,2025-11-23,46,76883,원피스,111100
셔링,google,2025-11-30,38,63512,원피스,111100
셔링,google,2025-12-07,40,66855,원피스,111100
셔링,google,2025-12-14,35,58498,원피스,111100
셔링,google,2025-12-21,56,93597,원피스,111100
셔링,google,2025-12-28,0,0,원피스,111100
셔링,google,2026-01-04,69,115325,원피스,111100
셔링,google,2026-01-11,38,63512,원피스,111100
셔링,google,2026-01-18,46,76883,원피스,111100
셔링,google,2026-01-25,58,96940,원피스,111100
셔링,google,2026-02-01,69,115325,원피스,111100
셔링,google,2026-02-08,59,98611,원피스,111100
셔링,google,2026-02-15,35,58498,원피스,111100
셔링,google,2026-02-22,42,70198,원피스,111100
셔링,google,2026-03-01,67,111982,원피스,111100
셔링,google,2026-03-08,71,118668,원피스,111100
셔링,google,2026-03-15,72,120339,원피스,111100
셔링,google,2026-03-22,62,103626,원피스,111100
셔링,google,2026-03-29,56,93597,원피스,111100
셔링,google,2026-04-05,46,76883,원피스,111100
셔링,google,2026-04-12,58,96940,원피스,111100
셔링,google,2026-04-19,79,132039,원피스,111100
셔링,google,2026-04-26,50,83569,원피스,111100
셔링,google,2026-05-03,71,118668,원피스,111100
셔링,google,2026-05-10,66,110311,원피스,111100
셔링,google,2026-05-17,67,111982,원피스,111100
셔링,google,2026-05-24,74,123682,원피스,111100
셔링,google,2026-05-31,84,140396,원피스,111100
셔링,google,2026-06-07,83,138725,원피스,111100
셔링,google,2026-06-14,72,120339,원피스,111100
셔링,google,2026-06-21,69,115325,원피스,111100
셔링,google,2026-06-28,41,68526,원피스,111100
셔링,google,2026-07-05,83,138725,원피스,111100
셔링,google,2026-07-12,56,93597,원피스,111100
셔링,google,2026-07-19,100,167138,원피스,111100
셔링,google,2026-07-26,69,115325,원피스,111100
셔링,google,2026-08-02,72,120339,원피스,111100
셔링,google,2026-08-09,68,113654,원피스,111100
셔링,google,2026-08-16,85,142067,원피스,111100
셔링,google,2026-08-23,65,108640,원피스,111100
셔링,google,2026-08-30,47,78555,원피스,111100
셔링,google,2026-09-06,58,96940,원피스,111100
셔링,google,2026-09-13,66,110311,원피스,111100
루칭,google,2025-09-14,0,0,원피스,111100
루칭,google,2025-09-21,0,0,원피스,111100
루칭,google,2025-09-28,0,0,원피스,111100
루칭,google,2025-10-05,0,0,원피스,111100
루칭,google,2025-10-12,0,0,원피스,111100
루칭,google,2025-10-19,0,0,원피스,111100
루칭,google,2025-10-26,0,0,원피스,111100
루칭,google,2025-11-02,0,0,원피스,111100
루칭,google,2025-11-09,0,0,원피스,111100
루칭,google,2025-11-16,0,0,원피스,111100
루칭,google,2025-11-23,0,0,원피스,111100
루칭,google,2025-11-30,0,0,원피스,111100
루칭,google,2025-12-07,0,0,원피스,111100
루칭,google,2025-12-14,0,0,원피스,111100
루칭,google,2025-12-21,0,0,원피스,111100
루칭,google,2025-12-28,0,0,원피스,111100
루칭,google,2026-01-04,0,0,원피스,111100
루칭,google,2026-01-11,0,0,원피스,111100
루칭,google,2026-01-18,0,0,원피스,111100
루칭,google,2026-01-25,0,0,원피스,111100
루칭,google,2026-02-01,0,0,원피스,111100
루칭,google,2026-02-08,0,0,원피스,111100
루칭,google,2026-02-15,0,0,원피스,111100
루칭,google,2026-02-22,0,0,원피스,111100
루칭,google,2026-03-01,0,0,원피스,111100
루칭,google,2026-03-08,0,0,원피스,111100
루칭,google,2026-03-15,0,0,원피스,111100
루칭,google,2026-03-22,0,0,원피스,111100
루칭,google,2026-03-29,0,0,원피스,111100
루칭,google,2026-04-05,0,0,원피스,111100
루칭,google,2026-04-12,0,0,원피스,111100
루칭,google,2026-04-19,0,0,원피스,111100
루칭,google,2026-04-26,0,0,원피스,111100
루칭,google,2026-05-03,0,0,원피스,111100
루칭,google,2026-05-10,0,0,원피스,111100
루칭,google,2026-05-17,0,0,원피스,111100
루칭,google,2026-05-24,0,0,원피스,111100
루칭,google,2026-05-31,0,0,원피스,111100
루칭,google,2026-06-07,0,0,원피스,111100
루칭,google,2026-06-14,0,0,원피스,111100
루칭,google,2026-06-21,0,0,원피스,111100
루칭,google,2026-06-28,0,0,원피스,111100
루칭,google,2026-07-05,0,0,원피스,111100
루칭,google,2026-07-12,0,0,원피스,111100
루칭,google,2026-07-19,0,0,원피스,111100
루칭,google,2026-07-26,0,0,원피스,111100
루칭,google,2026-08-02,0,0,원피스,111100
루칭,google,2026-08-09,0,0,원피스,111100
루칭,google,2026-08-16,0,0,원피스,111100
루칭,google,2026-08-23,0,0,원피스,111100
루칭,google,2026-08-30,0,0,원피스,111100
루칭,google,2026-09-06,0,0,원피스,111100
루칭,google,2026-09-13,0,0,원피스,111100
드레이프,google,2025-09-14,0,0,원피스,111100
드레이프,google,2025-09-21,0,0,원피스,111100
드레이프,google,2025-09-28,0,0,원피스,111100
드레이프,google,2025-10-05,0,0,원피스,111100
드레이프,google,2025-10-12,0,0,원피스,111100
드레이프,google,2025-10-19,0,0,원피스,111100
드레이프,google,2025-10-26,33,55155,원피스,111100
드레이프,google,2025-11-02,0,0,원피스,111100
드레이프,google,2025-11-09,0,0,원피스,111100
드레이프,google,2025-11-16,0,0,원피스,111100
드레이프,google,2025-11-23,0,0,원피스,111100
드레이프,google,2025-11-30,0,0,원피스,111100
드레이프,google,2025-12-07,0,0,원피스,111100
드레이프,google,2025-12-14,0,0,원피스,111100
드레이프,google,2025-12-21,0,0,원피스,111100
드레이프,google,2025-12-28,0,0,원피스,111100
드레이프,google,2026-01-04,0,0,원피스,111100
드레이프,google,2026-01-11,0,0,원피스,111100
드레이프,google,2026-01-18,40,66855,원피스,111100
드레이프,google,2026-01-25,0,0,원피스,111100
드레이프,google,2026-02-01,47,78555,원피스,111100
드레이프,google,2026-02-08,0,0,원피스,111100
드레이프,google,2026-02-15,0,0,원피스,111100
드레이프,google,2026-02-22,0,0,원피스,111100
드레이프,google,2026-03-01,0,0,원피스,111100
드레이프,google,2026-03-08,39,65184,원피스,111100
드레이프,google,2026-03-15,0,0,원피스,111100
드레이프,google,2026-03-22,0,0,원피스,111100
드레이프,google,2026-03-29,0,0,원피스,111100
드레이프,google,2026-04-05,0,0,원피스,111100
드레이프,google,2026-04-12,0,0,원피스,111100
드레이프,google,2026-04-19,63,105297,원피스,111100
드레이프,google,2026-04-26,0,0,원피스,111100
드레이프,google,2026-05-03,47,78555,원피스,111100
드레이프,google,2026-05-10,0,0,원피스,111100
드레이프,google,2026-05-17,40,66855,원피스,111100
드레이프,google,2026-05-24,35,58498,원피스,111100
드레이프,google,2026-05-31,28,46798,원피스,111100
드레이프,google,2026-06-07,0,0,원피스,111100
드레이프,google,2026-06-14,39,65184,원피스,111100
드레이프,google,2026-06-21,0,0,원피스,111100
드레이프,google,2026-06-28,0,0,원피스,111100
드레이프,google,2026-07-05,0,0,원피스,111100
드레이프,google,2026-07-12,0,0,원피스,111100
드레이프,google,2026-07-19,41,68526,원피스,111100
드레이프,google,2026-07-26,59,98611,원피스,111100
드레이프,google,2026-08-02,28,46798,원피스,111100
드레이프,google,2026-08-09,29,48470,원피스,111100
드레이프,google,2026-08-16,40,66855,원피스,111100
드레이프,google,2026-08-23,36,60169,원피스,111100
드레이프,google,2026-08-30,27,45127,원피스,111100
드레이프,google,2026-09-06,41,68526,원피스,111100
드레이프,google,2026-09-13,25,41784,원피스,111100
컷아웃,google,2025-09-14,1,1671,원피스,111100
컷아웃,google,2025-09-21,1,1671,원피스,111100
컷아웃,google,2025-09-28,0,0,원피스,111100
컷아웃,google,2025-10-05,0,0,원피스,111100
컷아웃,google,2025-10-12,1,1671,원피스,111100
컷아웃,google,2025-10-19,1,1671,원피스,111100
컷아웃,google,2025-10-26,1,1671,원피스,111100
컷아웃,google,2025-11-02,1,1671,원피스,111100
컷아웃,google,2025-11-09,1,1671,원피스,111100
컷아웃,google,2025-11-16,1,1671,원피스,111100
컷아웃,google,2025-11-23,0,0,원피스,111100
컷아웃,google,2025-11-30,1,1671,원피스,111100
컷아웃,google,2025-12-07,1,1671,원피스,111100
컷아웃,google,2025-12-14,0,0,원피스,111100
컷아웃,google,2025-12-21,1,1671,원피스,111100
컷아웃,google,2025-12-28,0,0,원피스,111100
컷아웃,google,2026-01-04,1,1671,원피스,111100
컷아웃,google,2026-01-11,1,1671,원피스,111100
컷아웃,google,2026-01-18,1,1671,원피스,111100
컷아웃,google,2026-01-25,1,1671,원피스,111100
컷아웃,google,2026-02-01,0,0,원피스,111100
컷아웃,google,2026-02-08,1,1671,원피스,111100
컷아웃,google,2026-02-15,0,0,원피스,111100
컷아웃,google,2026-02-22,0,0,원피스,111100
컷아웃,google,2026-03-01,1,1671,원피스,111100
컷아웃,google,2026-03-08,1,1671,원피스,111100
컷아웃,google,2026-03-15,1,1671,원피스,111100
컷아웃,google,2026-03-22,1,1671,원피스,111100
컷아웃,google,2026-03-29,1,1671,원피스,111100
컷아웃,google,2026-04-05,1,1671,원피스,111100
컷아웃,google,2026-04-12,1,1671,원피스,111100
컷아웃,google,2026-04-19,0,0,원피스,111100
컷아웃,google,2026-04-26,0,0,원피스,111100
컷아웃,google,2026-05-03,0,0,원피스,111100
컷아웃,google,2026-05-10,1,1671,원피스,111100
컷아웃,google,2026-05-17,1,1671,원피스,111100
컷아웃,google,2026-05-24,0,0,원피스,111100
컷아웃,google,2026-05-31,1,1671,원피스,111100
컷아웃,google,2026-06-07,0,0,원피스,111100
컷아웃,google,2026-06-14,1,1671,원피스,111100
컷아웃,google,2026-06-21,1,1671,원피스,111100
컷아웃,google,2026-06-28,0,0,원피스,111100
컷아웃,google,2026-07-05,1,1671,원피스,111100
컷아웃,google,2026-07-12,0,0,원피스,111100
컷아웃,google,2026-07-19,0,0,원피스,111100
컷아웃,google,2026-07-26,0,0,원피스,111100
컷아웃,google,2026-08-02,1,1671,원피스,111100
컷아웃,google,2026-08-09,0,0,원피스,111100
컷아웃,google,2026-08-16,0,0,원피스,111100
컷아웃,google,2026-08-23,0,0,원피스,111100
컷아웃,google,2026-08-30,1,1671,원피스,111100
컷아웃,google,2026-09-06,1,1671,원피스,111100
컷아웃,google,2026-09-13,1,1671,원피스,111100
랩,google,2025-09-14,77,128696,원피스,111100
랩,google,2025-09-21,78,130368,원피스,111100
랩,google,2025-09-28,76,127025,원피스,111100
랩,google,2025-10-05,63,105297,원피스,111100
랩,google,2025-10-12,80,133711,원피스,111100
랩,google,2025-10-19,85,142067,원피스,111100
랩,google,2025-10-26,97,162124,원피스,111100
랩,google,2025-11-02,87,145410,원피스,111100
랩,google,2025-11-09,96,160453,원피스,111100
랩,google,2025-11-16,95,158781,원피스,111100
랩,google,2025-11-23,92,153767,원피스,111100
랩,google,2025-11-30,90,150424,원피스,111100
랩,google,2025-12-07,85,142067,원피스,111100
랩,google,2025-12-14,85,142067,원피스,111100
랩,google,2025-12-21,83,138725,원피스,111100
랩,google,2025-12-28,77,128696,원피스,111100
랩,google,2026-01-04,85,142067,원피스,111100
랩,google,2026-01-11,82,137053,원피스,111100
랩,google,2026-01-18,95,158781,원피스,111100
랩,google,2026-01-25,95,158781,원피스,111100
랩,google,2026-02-01,92,153767,원피스,111100
랩,google,2026-02-08,86,143739,원피스,111100
랩,google,2026-02-15,72,120339,원피스,111100
랩,google,2026-02-22,89,148753,원피스,111100
랩,google,2026-03-01,90,150424,원피스,111100
랩,google,2026-03-08,88,147082,원피스,111100
랩,google,2026-03-15,98,163796,원피스,111100
랩,google,2026-03-22,93,155439,원피스,111100
랩,google,2026-03-29,100,167138,원피스,111100
랩,google,2026-04-05,88,147082,원피스,111100
랩,google,2026-04-12,87,145410,원피스,111100
랩,google,2026-04-19,84,140396,원피스,111100
랩,google,2026-04-26,81,135382,원피스,111100
랩,google,2026-05-03,84,140396,원피스,111100
랩,google,2026-05-10,93,155439,원피스,111100
랩,google,2026-05-17,87,145410,원피스,111100
랩,google,2026-05-24,85,142067,원피스,111100
랩,google,2026-05-31,89,148753,원피스,111100
랩,google,2026-06-07,89,148753,원피스,111100
랩,google,2026-06-14,91,152096,원피스,111100
랩,google,2026-06-21,91,152096,원피스,111100
랩,google,2026-06-28,92,153767,원피스,111100
랩,google,2026-07-05,86,143739,원피스,111100
랩,google,2026-07-12,87,145410,원피스,111100
랩,google,2026-07-19,88,147082,원피스,111100
랩,google,2026-07-26,80,133711,원피스,111100
랩,google,2026-08-02,81,135382,원피스,111100
랩,google,2026-08-09,71,118668,원피스,111100
랩,google,2026-08-16,83,138725,원피스,111100
랩,google,2026-08-23,89,148753,원피스,111100
랩,google,2026-08-30,84,140396,원피스,111100
랩,google,2026-09-06,89,148753,원피스,111100
랩,google,2026-09-13,93,155439,원피스,111100
레이어드,google,2025-09-14,8,13371,원피스,111100
레이어드,google,2025-09-21,9,15042,원피스,111100
레이어드,google,2025-09-28,8,13371,원피스,111100
레이어드,google,2025-10-05,9,15042,원피스,111100
레이어드,google,2025-10-12,7,11699,원피스,111100
레이어드,google,2025-10-19,8,13371,원피스,111100
레이어드,google,2025-10-26,9,15042,원피스,111100
레이어드,google,2025-11-02,9,15042,원피스,111100
레이어드,google,2025-11-09,9,15042,원피스,111100
레이어드,google,2025-11-16,9,15042,원피스,111100
레이어드,google,2025-11-23,8,13371,원피스,111100
레이어드,google,2025-11-30,9,15042,원피스,111100
레이어드,google,2025-12-07,7,11699,원피스,111100
레이어드,google,2025-12-14,8,13371,원피스,111100
레이어드,google,2025-12-21,8,13371,원피스,111100
레이어드,google,2025-12-28,8,13371,원피스,111100
레이어드,google,2026-01-04,8,13371,원피스,111100
레이어드,google,2026-01-11,8,13371,원피스,111100
레이어드,google,2026-01-18,8,13371,원피스,111100
레이어드,google,2026-01-25,8,13371,원피스,111100
레이어드,google,2026-02-01,8,13371,원피스,111100
레이어드,google,2026-02-08,9,15042,원피스,111100
레이어드,google,2026-02-15,8,13371,원피스,111100
레이어드,google,2026-02-22,10,16713,원피스,111100
레이어드,google,2026-03-01,9,15042,원피스,111100
레이어드,google,2026-03-08,8,13371,원피스,111100
레이어드,google,2026-03-15,10,16713,원피스,111100
레이어드,google,2026-03-22,10,16713,원피스,111100
레이어드,google,2026-03-29,9,15042,원피스,111100
레이어드,google,2026-04-05,8,13371,원피스,111100
레이어드,google,2026-04-12,8,13371,원피스,111100
레이어드,google,2026-04-19,8,13371,원피스,111100
레이어드,google,2026-04-26,9,15042,원피스,111100
레이어드,google,2026-05-03,9,15042,원피스,111100
레이어드,google,2026-05-10,7,11699,원피스,111100
레이어드,google,2026-05-17,8,13371,원피스,111100
레이어드,google,2026-05-24,8,13371,원피스,111100
레이어드,google,2026-05-31,8,13371,원피스,111100
레이어드,google,2026-06-07,7,11699,원피스,111100
레이어드,google,2026-06-14,8,13371,원피스,111100
레이어드,google,2026-06-21,6,10028,원피스,111100
레이어드,google,2026-06-28,7,11699,원피스,111100
레이어드,google,2026-07-05,8,13371,원피스,111100
레이어드,google,2026-07-12,6,10028,원피스,111100
레이어드,google,2026-07-19,7,11699,원피스,111100
레이어드,google,2026-07-26,6,10028,원피스,111100
레이어드,google,2026-08-02,7,11699,원피스,111100
레이어드,google,2026-08-09,6,10028,원피스,111100
레이어드,google,2026-08-16,8,13371,원피스,111100
레이어드,google,2026-08-23,7,11699,원피스,111100
레이어드,google,2026-08-30,6,10028,원피스,111100
레이어드,google,2026-09-06,7,11699,원피스,111100
레이어드,google,2026-09-13,8,13371,원피스,111100
언밸런스,google,2025-09-14,0,0,원피스,111100
언밸런스,google,2025-09-21,0,0,원피스,111100
언밸런스,google,2025-09-28,0,0,원피스,111100
언밸런스,google,2025-10-05,0,0,원피스,111100
언밸런스,google,2025-10-12,0,0,원피스,111100
언밸런스,google,2025-10-19,0,0,원피스,111100
언밸런스,google,2025-10-26,0,0,원피스,111100
언밸런스,google,2025-11-02,1,1671,원피스,111100
언밸런스,google,2025-11-09,0,0,원피스,111100
언밸런스,google,2025-11-16,0,0,원피스,111100
언밸런스,google,2025-11-23,0,0,원피스,111100
언밸런스,google,2025-11-30,0,0,원피스,111100
언밸런스,google,2025-12-07,0,0,원피스,111100
언밸런스,google,2025-12-14,0,0,원피스,111100
언밸런스,google,2025-12-21,0,0,원피스,111100
언밸런스,google,2025-12-28,0,0,원피스,111100
언밸런스,google,2026-01-04,0,0,원피스,111100
언밸런스,google,2026-01-11,0,0,원피스,111100
언밸런스,google,2026-01-18,0,0,원피스,111100
언밸런스,google,2026-01-25,0,0,원피스,111100
언밸런스,google,2026-02-01,0,0,원피스,111100
언밸런스,google,2026-02-08,0,0,원피스,111100
언밸런스,google,2026-02-15,1,1671,원피스,111100
언밸런스,google,2026-02-22,0,0,원피스,111100
언밸런스,google,2026-03-01,0,0,원피스,111100
언밸런스,google,2026-03-08,0,0,원피스,111100
언밸런스,google,2026-03-15,0,0,원피스,111100
언밸런스,google,2026-03-22,0,0,원피스,111100
언밸런스,google,2026-03-29,0,0,원피스,111100
언밸런스,google,2026-04-05,0,0,원피스,111100
언밸런스,google,2026-04-12,0,0,원피스,111100
언밸런스,google,2026-04-19,0,0,원피스,111100
언밸런스,google,2026-04-26,0,0,원피스,111100
언밸런스,google,2026-05-03,0,0,원피스,111100
언밸런스,google,2026-05-10,0,0,원피스,111100
언밸런스,google,2026-05-17,0,0,원피스,111100
언밸런스,google,2026-05-24,0,0,원피스,111100
언밸런스,google,2026-05-31,0,0,원피스,111100
언밸런스,google,2026-06-07,0,0,원피스,111100
언밸런스,google,2026-06-14,0,0,원피스,111100
언밸런스,google,2026-06-21,0,0,원피스,111100
언밸런스,google,2026-06-28,0,0,원피스,111100
언밸런스,google,2026-07-05,0,0,원피스,111100
언밸런스,google,2026-07-12,0,0,원피스,111100
언밸런스,google,2026-07-19,0,0,원피스,111100
언밸런스,google,2026-07-26,0,0,원피스,111100
언밸런스,google,2026-08-02,0,0,원피스,111100
언밸런스,google,2026-08-09,0,0,원피스,111100
언밸런스,google,2026-08-16,0,0,원피스,111100
언밸런스,google,2026-08-23,0,0,원피스,111100
언밸런스,google,2026-08-30,0,0,원피스,111100
언밸런스,google,2026-09-06,0,0,원피스,111100
언밸런스,google,2026-09-13,0,0,원피스,111100
슬릿,google,2025-09-14,1,1671,원피스,111100
슬릿,google,2025-09-21,1,1671,원피스,111100
슬릿,google,2025-09-28,1,1671,원피스,111100
슬릿,google,2025-10-05,1,1671,원피스,111100
슬릿,google,2025-10-12,1,1671,원피스,111100
슬릿,google,2025-10-19,2,3342,원피스,111100
슬릿,google,2025-10-26,1,1671,원피스,111100
슬릿,google,2025-11-02,1,1671,원피스,111100
슬릿,google,2025-11-09,2,3342,원피스,111100
슬릿,google,2025-11-16,2,3342,원피스,111100
슬릿,google,2025-11-23,2,3342,원피스,111100
슬릿,google,2025-11-30,2,3342,원피스,111100
슬릿,google,2025-12-07,2,3342,원피스,111100
슬릿,google,2025-12-14,2,3342,원피스,111100
슬릿,google,2025-12-21,1,1671,원피스,111100
슬릿,google,2025-12-28,2,3342,원피스,111100
슬릿,google,2026-01-04,2,3342,원피스,111100
슬릿,google,2026-01-11,1,1671,원피스,111100
슬릿,google,2026-01-18,1,1671,원피스,111100
슬릿,google,2026-01-25,1,1671,원피스,111100
슬릿,google,2026-02-01,2,3342,원피스,111100
슬릿,google,2026-02-08,1,1671,원피스,111100
슬릿,google,2026-02-15,1,1671,원피스,111100
슬릿,google,2026-02-22,1,1671,원피스,111100
슬릿,google,2026-03-01,1,1671,원피스,111100
슬릿,google,2026-03-08,1,1671,원피스,111100
슬릿,google,2026-03-15,1,1671,원피스,111100
슬릿,google,2026-03-22,2,3342,원피스,111100
슬릿,google,2026-03-29,1,1671,원피스,111100
슬릿,google,2026-04-05,1,1671,원피스,111100
슬릿,google,2026-04-12,2,3342,원피스,111100
슬릿,google,2026-04-19,1,1671,원피스,111100
슬릿,google,2026-04-26,2,3342,원피스,111100
슬릿,google,2026-05-03,2,3342,원피스,111100
슬릿,google,2026-05-10,1,1671,원피스,111100
슬릿,google,2026-05-17,2,3342,원피스,111100
슬릿,google,2026-05-24,2,3342,원피스,111100
슬릿,google,2026-05-31,2,3342,원피스,111100
슬릿,google,2026-06-07,2,3342,원피스,111100
슬릿,google,2026-06-14,2,3342,원피스,111100
슬릿,google,2026-06-21,2,3342,원피스,111100
슬릿,google,2026-06-28,2,3342,원피스,111100
슬릿,google,2026-07-05,1,1671,원피스,111100
슬릿,google,2026-07-12,1,1671,원피스,111100
슬릿,google,2026-07-19,1,1671,원피스,111100
슬릿,google,2026-07-26,1,1671,원피스,111100
슬릿,google,2026-08-02,1,1671,원피스,111100
슬릿,google,2026-08-09,1,1671,원피스,111100
슬릿,google,2026-08-16,1,1671,원피스,111100
슬릿,google,2026-08-23,2,3342,원피스,111100
슬릿,google,2026-08-30,1,1671,원피스,111100
슬릿,google,2026-09-06,1,1671,원피스,111100
슬릿,google,2026-09-13,2,3342,원피스,111100
개더,google,2025-09-14,0,0,원피스,111100
개더,google,2025-09-21,0,0,원피스,111100
개더,google,2025-09-28,0,0,원피스,111100
개더,google,2025-10-05,0,0,원피스,111100
개더,google,2025-10-12,0,0,원피스,111100
개더,google,2025-10-19,0,0,원피스,111100
개더,google,2025-10-26,0,0,원피스,111100
개더,google,2025-11-02,0,0,원피스,111100
개더,google,2025-11-09,0,0,원피스,111100
개더,google,2025-11-16,0,0,원피스,111100
개더,google,2025-11-23,0,0,원피스,111100
개더,google,2025-11-30,0,0,원피스,111100
개더,google,2025-12-07,0,0,원피스,111100
개더,google,2025-12-14,0,0,원피스,111100
개더,google,2025-12-21,0,0,원피스,111100
개더,google,2025-12-28,0,0,원피스,111100
개더,google,2026-01-04,0,0,원피스,111100
개더,google,2026-01-11,0,0,원피스,111100
개더,google,2026-01-18,0,0,원피스,111100
개더,google,2026-01-25,0,0,원피스,111100
개더,google,2026-02-01,0,0,원피스,111100
개더,google,2026-02-08,0,0,원피스,111100
개더,google,2026-02-15,0,0,원피스,111100
개더,google,2026-02-22,0,0,원피스,111100
개더,google,2026-03-01,0,0,원피스,111100
개더,google,2026-03-08,0,0,원피스,111100
개더,google,2026-03-15,27,45127,원피스,111100
개더,google,2026-03-22,0,0,원피스,111100
개더,google,2026-03-29,0,0,원피스,111100
개더,google,2026-04-05,0,0,원피스,111100
개더,google,2026-04-12,0,0,원피스,111100
개더,google,2026-04-19,0,0,원피스,111100
개더,google,2026-04-26,0,0,원피스,111100
개더,google,2026-05-03,0,0,원피스,111100
개더,google,2026-05-10,0,0,원피스,111100
개더,google,2026-05-17,0,0,원피스,111100
개더,google,2026-05-24,27,45127,원피스,111100
개더,google,2026-05-31,0,0,원피스,111100
개더,google,2026-06-07,0,0,원피스,111100
개더,google,2026-06-14,0,0,원피스,111100
개더,google,2026-06-21,0,0,원피스,111100
개더,google,2026-06-28,0,0,원피스,111100
개더,google,2026-07-05,0,0,원피스,111100
개더,google,2026-07-12,0,0,원피스,111100
개더,google,2026-07-19,0,0,원피스,111100
개더,google,2026-07-26,0,0,원피스,111100
개더,google,2026-08-02,0,0,원피스,111100
개더,google,2026-08-09,0,0,원피스,111100
개더,google,2026-08-16,0,0,원피스,111100
개더,google,2026-08-23,25,41784,원피스,111100
개더,google,2026-08-30,10,16713,원피스,111100
개더,google,2026-09-06,15,25070,원피스,111100
개더,google,2026-09-13,11,18385,원피스,111100
스모킹,google,2025-09-14,98,163796,원피스,111100
스모킹,google,2025-09-21,93,155439,원피스,111100
스모킹,google,2025-09-28,81,135382,원피스,111100
스모킹,google,2025-10-05,82,137053,원피스,111100
스모킹,google,2025-10-12,100,167138,원피스,111100
스모킹,google,2025-10-19,78,130368,원피스,111100
스모킹,google,2025-10-26,67,111982,원피스,111100
스모킹,google,2025-11-02,79,132039,원피스,111100
스모킹,google,2025-11-09,70,116997,원피스,111100
스모킹,google,2025-11-16,60,100283,원피스,111100
스모킹,google,2025-11-23,55,91926,원피스,111100
스모킹,google,2025-11-30,61,101954,원피스,111100
스모킹,google,2025-12-07,52,86912,원피스,111100
스모킹,google,2025-12-14,88,147082,원피스,111100
스모킹,google,2025-12-21,72,120339,원피스,111100
스모킹,google,2025-12-28,46,76883,원피스,111100
스모킹,google,2026-01-04,50,83569,원피스,111100
스모킹,google,2026-01-11,46,76883,원피스,111100
스모킹,google,2026-01-18,55,91926,원피스,111100
스모킹,google,2026-01-25,57,95269,원피스,111100
스모킹,google,2026-02-01,77,128696,원피스,111100
스모킹,google,2026-02-08,41,68526,원피스,111100
스모킹,google,2026-02-15,46,76883,원피스,111100
스모킹,google,2026-02-22,61,101954,원피스,111100
스모킹,google,2026-03-01,54,90254,원피스,111100
스모킹,google,2026-03-08,65,108640,원피스,111100
스모킹,google,2026-03-15,76,127025,원피스,111100
스모킹,google,2026-03-22,52,86912,원피스,111100
스모킹,google,2026-03-29,65,108640,원피스,111100
스모킹,google,2026-04-05,45,75212,원피스,111100
스모킹,google,2026-04-12,37,61841,원피스,111100
스모킹,google,2026-04-19,38,63512,원피스,111100
스모킹,google,2026-04-26,58,96940,원피스,111100
스모킹,google,2026-05-03,78,130368,원피스,111100
스모킹,google,2026-05-10,60,100283,원피스,111100
스모킹,google,2026-05-17,46,76883,원피스,111100
스모킹,google,2026-05-24,46,76883,원피스,111100
스모킹,google,2026-05-31,63,105297,원피스,111100
스모킹,google,2026-06-07,69,115325,원피스,111100
스모킹,google,2026-06-14,41,68526,원피스,111100
스모킹,google,2026-06-21,48,80226,원피스,111100
스모킹,google,2026-06-28,68,113654,원피스,111100
스모킹,google,2026-07-05,52,86912,원피스,111100
스모킹,google,2026-07-12,53,88583,원피스,111100
스모킹,google,2026-07-19,81,135382,원피스,111100
스모킹,google,2026-07-26,48,80226,원피스,111100
스모킹,google,2026-08-02,69,115325,원피스,111100
스모킹,google,2026-08-09,50,83569,원피스,111100
스모킹,google,2026-08-16,42,70198,원피스,111100
스모킹,google,2026-08-23,56,93597,원피스,111100
스모킹,google,2026-08-30,40,66855,원피스,111100
스모킹,google,2026-09-06,49,81898,원피스,111100
스모킹,google,2026-09-13,49,81898,원피스,111100
