keyword,year_month,volume,term_type
5부소매,2025-09,30,DETAIL
5부소매,2025-10,30,DETAIL
5부소매,2025-11,20,DETAIL
5부소매,2025-12,10,DETAIL
5부소매,2026-01,40,DETAIL
5부소매,2026-02,50,DETAIL
5부소매,2026-03,90,DETAIL
5부소매,2026-04,170,DETAIL
5부소매,2026-05,260,DETAIL
5부소매,2026-06,260,DETAIL
5부소매,2026-07,260,DETAIL
5부소매,2026-08,260,DETAIL
7부소매,2025-09,90,DETAIL
7부소매,2025-10,90,DETAIL
7부소매,2025-11,90,DETAIL
7부소매,2025-12,50,DETAIL
7부소매,2026-01,90,DETAIL
7부소매,2026-02,110,DETAIL
7부소매,2026-03,170,DETAIL
7부소매,2026-04,260,DETAIL
7부소매,2026-05,210,DETAIL
7부소매,2026-06,210,DETAIL
7부소매,2026-07,260,DETAIL
7부소매,2026-08,260,DETAIL
MT,2025-09,60,TPO
MT,2025-10,30,TPO
MT,2025-11,50,TPO
MT,2025-12,30,TPO
MT,2026-01,30,TPO
MT,2026-02,100,TPO
MT,2026-03,380,TPO
MT,2026-04,180,TPO
MT,2026-05,210,TPO
MT,2026-06,60,TPO
MT,2026-07,70,TPO
MT,2026-08,90,TPO
Y2K,2025-09,70,STYLE
Y2K,2025-10,70,STYLE
Y2K,2025-11,50,STYLE
Y2K,2025-12,70,STYLE
Y2K,2026-01,90,STYLE
Y2K,2026-02,70,STYLE
Y2K,2026-03,90,STYLE
Y2K,2026-04,110,STYLE
Y2K,2026-05,170,STYLE
Y2K,2026-06,110,STYLE
Y2K,2026-07,90,STYLE
Y2K,2026-08,110,STYLE
가디건,2025-09,12100,ITEM
가디건,2025-10,14800,ITEM
가디건,2025-11,12100,ITEM
가디건,2025-12,9900,ITEM
가디건,2026-01,12100,ITEM
가디건,2026-02,12100,ITEM
가디건,2026-03,14800,ITEM
가디건,2026-04,14800,ITEM
가디건,2026-05,12100,ITEM
가디건,2026-06,9900,ITEM
가디건,2026-07,9900,ITEM
가디건,2026-08,9900,ITEM
가방,2025-09,1090,ITEM
가방,2025-10,1020,ITEM
가방,2025-11,1000,ITEM
가방,2025-12,840,ITEM
가방,2026-01,1420,ITEM
가방,2026-02,1440,ITEM
가방,2026-03,1140,ITEM
가방,2026-04,1140,ITEM
가방,2026-05,1210,ITEM
가방,2026-06,1120,ITEM
가방,2026-07,1160,ITEM
가방,2026-08,1440,ITEM
가을,2025-09,13700,TPO
가을,2025-10,12700,TPO
가을,2025-11,4400,TPO
가을,2025-12,1200,TPO
가을,2026-01,810,TPO
가을,2026-02,940,TPO
가을,2026-03,970,TPO
가을,2026-04,1320,TPO
가을,2026-05,1090,TPO
가을,2026-06,1040,TPO
가을,2026-07,1380,TPO
가을,2026-08,5570,TPO
개강,2025-09,280,TPO
개강,2025-10,120,TPO
개강,2025-11,100,TPO
개강,2025-12,80,TPO
개강,2026-01,280,TPO
개강,2026-02,1070,TPO
개강,2026-03,1770,TPO
개강,2026-04,190,TPO
개강,2026-05,120,TPO
개강,2026-06,100,TPO
개강,2026-07,120,TPO
개강,2026-08,530,TPO
개더,2025-09,110,DETAIL
개더,2025-10,110,DETAIL
개더,2025-11,90,DETAIL
개더,2025-12,110,DETAIL
개더,2026-01,140,DETAIL
개더,2026-02,170,DETAIL
개더,2026-03,320,DETAIL
개더,2026-04,390,DETAIL
개더,2026-05,480,DETAIL
개더,2026-06,590,DETAIL
개더,2026-07,590,DETAIL
개더,2026-08,480,DETAIL
개버딘,2025-09,170,MATERIAL
개버딘,2025-10,210,MATERIAL
개버딘,2025-11,220,MATERIAL
개버딘,2025-12,150,MATERIAL
개버딘,2026-01,170,MATERIAL
개버딘,2026-02,170,MATERIAL
개버딘,2026-03,310,MATERIAL
개버딘,2026-04,300,MATERIAL
개버딘,2026-05,370,MATERIAL
개버딘,2026-06,210,MATERIAL
개버딘,2026-07,240,MATERIAL
개버딘,2026-08,190,MATERIAL
걸리시,2025-09,90,STYLE
걸리시,2025-10,120,STYLE
걸리시,2025-11,70,STYLE
걸리시,2025-12,60,STYLE
걸리시,2026-01,110,STYLE
걸리시,2026-02,80,STYLE
걸리시,2026-03,130,STYLE
걸리시,2026-04,120,STYLE
걸리시,2026-05,160,STYLE
걸리시,2026-06,150,STYLE
걸리시,2026-07,110,STYLE
걸리시,2026-08,130,STYLE
검솔,2025-09,10,DETAIL
검솔,2025-10,10,DETAIL
검솔,2025-11,10,DETAIL
검솔,2025-12,20,DETAIL
검솔,2026-01,20,DETAIL
검솔,2026-02,40,DETAIL
검솔,2026-03,90,DETAIL
검솔,2026-04,70,DETAIL
검솔,2026-05,90,DETAIL
검솔,2026-06,90,DETAIL
검솔,2026-07,90,DETAIL
검솔,2026-08,90,DETAIL
겨울,2025-09,3210,TPO
겨울,2025-10,8100,TPO
겨울,2025-11,15800,TPO
겨울,2025-12,14500,TPO
겨울,2026-01,8300,TPO
겨울,2026-02,3670,TPO
겨울,2026-03,1340,TPO
겨울,2026-04,1180,TPO
겨울,2026-05,1310,TPO
겨울,2026-06,1760,TPO
겨울,2026-07,1910,TPO
겨울,2026-08,2460,TPO
결혼식 하객,2025-09,560,TPO
결혼식 하객,2025-10,560,TPO
결혼식 하객,2025-11,500,TPO
결혼식 하객,2025-12,490,TPO
결혼식 하객,2026-01,500,TPO
결혼식 하객,2026-02,390,TPO
결혼식 하객,2026-03,430,TPO
결혼식 하객,2026-04,530,TPO
결혼식 하객,2026-05,430,TPO
결혼식 하객,2026-06,330,TPO
결혼식 하객,2026-07,250,TPO
결혼식 하객,2026-08,390,TPO
고어텍스,2025-09,5470,MATERIAL
고어텍스,2025-10,5450,MATERIAL
고어텍스,2025-11,5490,MATERIAL
고어텍스,2025-12,6670,MATERIAL
고어텍스,2026-01,5450,MATERIAL
고어텍스,2026-02,3650,MATERIAL
고어텍스,2026-03,5490,MATERIAL
고어텍스,2026-04,4490,MATERIAL
고어텍스,2026-05,4510,MATERIAL
고어텍스,2026-06,3710,MATERIAL
고어텍스,2026-07,4510,MATERIAL
고어텍스,2026-08,3710,MATERIAL
고프코어,2025-09,7000,STYLE
고프코어,2025-10,7300,STYLE
고프코어,2025-11,7300,STYLE
고프코어,2025-12,7000,STYLE
고프코어,2026-01,6000,STYLE
고프코어,2026-02,7000,STYLE
고프코어,2026-03,9000,STYLE
고프코어,2026-04,8500,STYLE
고프코어,2026-05,9000,STYLE
고프코어,2026-06,6000,STYLE
고프코어,2026-07,5700,STYLE
고프코어,2026-08,7000,STYLE
골드,2025-09,10,COLOR
골드,2025-10,10,COLOR
골드,2025-11,10,COLOR
골드,2025-12,10,COLOR
골드,2026-01,10,COLOR
골드,2026-02,10,COLOR
골드,2026-03,20,COLOR
골드,2026-04,30,COLOR
골드,2026-05,30,COLOR
골드,2026-06,40,COLOR
골드,2026-07,50,COLOR
골드,2026-08,50,COLOR
골지,2025-09,140,MATERIAL
골지,2025-10,160,MATERIAL
골지,2025-11,250,MATERIAL
골지,2025-12,370,MATERIAL
골지,2026-01,430,MATERIAL
골지,2026-02,530,MATERIAL
골지,2026-03,580,MATERIAL
골지,2026-04,650,MATERIAL
골지,2026-05,870,MATERIAL
골지,2026-06,800,MATERIAL
골지,2026-07,910,MATERIAL
골지,2026-08,910,MATERIAL
골프,2025-09,3200,TPO
골프,2025-10,3100,TPO
골프,2025-11,2350,TPO
골프,2025-12,2030,TPO
골프,2026-01,2020,TPO
골프,2026-02,2100,TPO
골프,2026-03,3040,TPO
골프,2026-04,3680,TPO
골프,2026-05,3240,TPO
골프,2026-06,2590,TPO
골프,2026-07,2540,TPO
골프,2026-08,2470,TPO
공항,2025-09,1170,TPO
공항,2025-10,1050,TPO
공항,2025-11,1050,TPO
공항,2025-12,860,TPO
공항,2026-01,1210,TPO
공항,2026-02,890,TPO
공항,2026-03,1210,TPO
공항,2026-04,1210,TPO
공항,2026-05,1050,TPO
공항,2026-06,1210,TPO
공항,2026-07,1140,TPO
공항,2026-08,1090,TPO
그런지,2025-09,2080,STYLE
그런지,2025-10,1990,STYLE
그런지,2025-11,1990,STYLE
그런지,2025-12,1690,STYLE
그런지,2026-01,1990,STYLE
그런지,2026-02,1690,STYLE
그런지,2026-03,2380,STYLE
그런지,2026-04,2290,STYLE
그런지,2026-05,2380,STYLE
그런지,2026-06,2380,STYLE
그런지,2026-07,2080,STYLE
그런지,2026-08,1990,STYLE
그레이,2025-09,120,COLOR
그레이,2025-10,180,COLOR
그레이,2025-11,130,COLOR
그레이,2025-12,130,COLOR
그레이,2026-01,160,COLOR
그레이,2026-02,190,COLOR
그레이,2026-03,200,COLOR
그레이,2026-04,180,COLOR
그레이,2026-05,130,COLOR
그레이,2026-06,130,COLOR
그레이,2026-07,120,COLOR
그레이,2026-08,120,COLOR
그레이지,2025-09,390,COLOR
그레이지,2025-10,390,COLOR
그레이지,2025-11,390,COLOR
그레이지,2025-12,590,COLOR
그레이지,2026-01,590,COLOR
그레이지,2026-02,590,COLOR
그레이지,2026-03,590,COLOR
그레이지,2026-04,590,COLOR
그레이지,2026-05,720,COLOR
그레이지,2026-06,720,COLOR
그레이지,2026-07,720,COLOR
그레이지,2026-08,880,COLOR
그린,2025-09,130,COLOR
그린,2025-10,100,COLOR
그린,2025-11,100,COLOR
그린,2025-12,100,COLOR
그린,2026-01,70,COLOR
그린,2026-02,100,COLOR
그린,2026-03,160,COLOR
그린,2026-04,130,COLOR
그린,2026-05,190,COLOR
그린,2026-06,130,COLOR
그린,2026-07,110,COLOR
그린,2026-08,150,COLOR
극세사,2025-09,150,MATERIAL
극세사,2025-10,190,MATERIAL
극세사,2025-11,250,MATERIAL
극세사,2025-12,230,MATERIAL
극세사,2026-01,200,MATERIAL
극세사,2026-02,180,MATERIAL
극세사,2026-03,280,MATERIAL
극세사,2026-04,220,MATERIAL
극세사,2026-05,280,MATERIAL
극세사,2026-06,270,MATERIAL
극세사,2026-07,270,MATERIAL
극세사,2026-08,270,MATERIAL
글렌체크,2025-09,4400,DETAIL
글렌체크,2025-10,4400,DETAIL
글렌체크,2025-11,2400,DETAIL
글렌체크,2025-12,1900,DETAIL
글렌체크,2026-01,1900,DETAIL
글렌체크,2026-02,1900,DETAIL
글렌체크,2026-03,2400,DETAIL
글렌체크,2026-04,2400,DETAIL
글렌체크,2026-05,3600,DETAIL
글렌체크,2026-06,2900,DETAIL
글렌체크,2026-07,2400,DETAIL
글렌체크,2026-08,2400,DETAIL
기하학패턴,2025-09,720,DETAIL
기하학패턴,2025-10,590,DETAIL
기하학패턴,2025-11,590,DETAIL
기하학패턴,2025-12,480,DETAIL
기하학패턴,2026-01,390,DETAIL
기하학패턴,2026-02,390,DETAIL
기하학패턴,2026-03,720,DETAIL
기하학패턴,2026-04,720,DETAIL
기하학패턴,2026-05,720,DETAIL
기하학패턴,2026-06,590,DETAIL
기하학패턴,2026-07,480,DETAIL
기하학패턴,2026-08,480,DETAIL
긱시크,2025-09,5880,STYLE
긱시크,2025-10,4790,STYLE
긱시크,2025-11,4790,STYLE
긱시크,2025-12,4790,STYLE
긱시크,2026-01,4880,STYLE
긱시크,2026-02,4790,STYLE
긱시크,2026-03,5880,STYLE
긱시크,2026-04,5880,STYLE
긱시크,2026-05,5990,STYLE
긱시크,2026-06,4990,STYLE
긱시크,2026-07,4790,STYLE
긱시크,2026-08,5880,STYLE
긴소매,2025-09,210,DETAIL
긴소매,2025-10,210,DETAIL
긴소매,2025-11,210,DETAIL
긴소매,2025-12,210,DETAIL
긴소매,2026-01,210,DETAIL
긴소매,2026-02,170,DETAIL
긴소매,2026-03,170,DETAIL
긴소매,2026-04,210,DETAIL
긴소매,2026-05,210,DETAIL
긴소매,2026-06,210,DETAIL
긴소매,2026-07,260,DETAIL
긴소매,2026-08,260,DETAIL
깅엄체크,2025-09,880,DETAIL
깅엄체크,2025-10,720,DETAIL
깅엄체크,2025-11,590,DETAIL
깅엄체크,2025-12,590,DETAIL
깅엄체크,2026-01,720,DETAIL
깅엄체크,2026-02,590,DETAIL
깅엄체크,2026-03,880,DETAIL
깅엄체크,2026-04,1000,DETAIL
깅엄체크,2026-05,880,DETAIL
깅엄체크,2026-06,880,DETAIL
깅엄체크,2026-07,720,DETAIL
깅엄체크,2026-08,720,DETAIL
나이트,2025-09,780,TPO
나이트,2025-10,930,TPO
나이트,2025-11,1050,TPO
나이트,2025-12,920,TPO
나이트,2026-01,930,TPO
나이트,2026-02,910,TPO
나이트,2026-03,920,TPO
나이트,2026-04,920,TPO
나이트,2026-05,920,TPO
나이트,2026-06,920,TPO
나이트,2026-07,910,TPO
나이트,2026-08,910,TPO
나일론,2025-09,1200,MATERIAL
나일론,2025-10,930,MATERIAL
나일론,2025-11,980,MATERIAL
나일론,2025-12,800,MATERIAL
나일론,2026-01,690,MATERIAL
나일론,2026-02,690,MATERIAL
나일론,2026-03,1040,MATERIAL
나일론,2026-04,1200,MATERIAL
나일론,2026-05,1040,MATERIAL
나일론,2026-06,1040,MATERIAL
나일론,2026-07,1200,MATERIAL
나일론,2026-08,1200,MATERIAL
네오프렌,2025-09,1370,MATERIAL
네오프렌,2025-10,1390,MATERIAL
네오프렌,2025-11,1370,MATERIAL
네오프렌,2025-12,1140,MATERIAL
네오프렌,2026-01,1560,MATERIAL
네오프렌,2026-02,1200,MATERIAL
네오프렌,2026-03,1990,MATERIAL
네오프렌,2026-04,1780,MATERIAL
네오프렌,2026-05,1890,MATERIAL
네오프렌,2026-06,1890,MATERIAL
네오프렌,2026-07,1590,MATERIAL
네오프렌,2026-08,1590,MATERIAL
네이비,2025-09,340,COLOR
네이비,2025-10,400,COLOR
네이비,2025-11,400,COLOR
네이비,2025-12,270,COLOR
네이비,2026-01,270,COLOR
네이비,2026-02,330,COLOR
네이비,2026-03,400,COLOR
네이비,2026-04,330,COLOR
네이비,2026-05,330,COLOR
네이비,2026-06,220,COLOR
네이비,2026-07,280,COLOR
네이비,2026-08,270,COLOR
넥타이,2025-09,8270,ITEM
넥타이,2025-10,10160,ITEM
넥타이,2025-11,10110,ITEM
넥타이,2025-12,8310,ITEM
넥타이,2026-01,10160,ITEM
넥타이,2026-02,8310,ITEM
넥타이,2026-03,10160,ITEM
넥타이,2026-04,10160,ITEM
넥타이,2026-05,10160,ITEM
넥타이,2026-06,8310,ITEM
넥타이,2026-07,8310,ITEM
넥타이,2026-08,8420,ITEM
노치드라펠,2025-09,210,DETAIL
노치드라펠,2025-10,170,DETAIL
노치드라펠,2025-11,260,DETAIL
노치드라펠,2025-12,260,DETAIL
노치드라펠,2026-01,260,DETAIL
노치드라펠,2026-02,260,DETAIL
노치드라펠,2026-03,260,DETAIL
노치드라펠,2026-04,260,DETAIL
노치드라펠,2026-05,210,DETAIL
노치드라펠,2026-06,210,DETAIL
노치드라펠,2026-07,210,DETAIL
노치드라펠,2026-08,320,DETAIL
놈코어,2025-09,1480,STYLE
놈코어,2025-10,1480,STYLE
놈코어,2025-11,1480,STYLE
놈코어,2025-12,1880,STYLE
놈코어,2026-01,1310,STYLE
놈코어,2026-02,1200,STYLE
놈코어,2026-03,1590,STYLE
놈코어,2026-04,1470,STYLE
놈코어,2026-05,1720,STYLE
놈코어,2026-06,1600,STYLE
놈코어,2026-07,1470,STYLE
놈코어,2026-08,1600,STYLE
니렝스,2025-09,10,DETAIL
니렝스,2025-10,10,DETAIL
니렝스,2025-11,10,DETAIL
니렝스,2025-12,10,DETAIL
니렝스,2026-01,10,DETAIL
니렝스,2026-02,10,DETAIL
니렝스,2026-03,10,DETAIL
니렝스,2026-04,20,DETAIL
니렝스,2026-05,20,DETAIL
니렝스,2026-06,10,DETAIL
니렝스,2026-07,10,DETAIL
니렝스,2026-08,10,DETAIL
니트,2025-09,13610,ITEM
니트,2025-09,13610,MATERIAL
니트,2025-10,23820,ITEM
니트,2025-10,23820,MATERIAL
니트,2025-11,28980,ITEM
니트,2025-11,28980,MATERIAL
니트,2025-12,29010,ITEM
니트,2025-12,29010,MATERIAL
니트,2026-01,24050,ITEM
니트,2026-01,24050,MATERIAL
니트,2026-02,19460,ITEM
니트,2026-02,19460,MATERIAL
니트,2026-03,19330,ITEM
니트,2026-03,19330,MATERIAL
니트,2026-04,16090,ITEM
니트,2026-04,16090,MATERIAL
니트,2026-05,15990,ITEM
니트,2026-05,15990,MATERIAL
니트,2026-06,13190,ITEM
니트,2026-06,13190,MATERIAL
니트,2026-07,13150,ITEM
니트,2026-07,13150,MATERIAL
니트,2026-08,15940,ITEM
니트,2026-08,15940,MATERIAL
니트타이,2025-09,210,ITEM
니트타이,2025-10,260,ITEM
니트타이,2025-11,260,ITEM
니트타이,2025-12,260,ITEM
니트타이,2026-01,260,ITEM
니트타이,2026-02,210,ITEM
니트타이,2026-03,320,ITEM
니트타이,2026-04,260,ITEM
니트타이,2026-05,260,ITEM
니트타이,2026-06,210,ITEM
니트타이,2026-07,140,ITEM
니트타이,2026-08,170,ITEM
다운,2025-09,10,MATERIAL
다운,2025-10,20,MATERIAL
다운,2025-11,30,MATERIAL
다운,2025-12,20,MATERIAL
다운,2026-01,10,MATERIAL
다운,2026-02,10,MATERIAL
다운,2026-03,10,MATERIAL
다운,2026-04,10,MATERIAL
다운,2026-05,10,MATERIAL
다운,2026-06,10,MATERIAL
다운,2026-07,10,MATERIAL
다운,2026-08,10,MATERIAL
다크 아카데미아,2025-09,320,STYLE
다크 아카데미아,2025-10,320,STYLE
다크 아카데미아,2025-11,260,STYLE
다크 아카데미아,2025-12,260,STYLE
다크 아카데미아,2026-01,320,STYLE
다크 아카데미아,2026-02,320,STYLE
다크 아카데미아,2026-03,320,STYLE
다크 아카데미아,2026-04,320,STYLE
다크 아카데미아,2026-05,390,STYLE
다크 아카데미아,2026-06,320,STYLE
다크 아카데미아,2026-07,320,STYLE
다크 아카데미아,2026-08,390,STYLE
다크브라운,2025-09,1740,COLOR
다크브라운,2025-10,2110,COLOR
다크브라운,2025-11,2110,COLOR
다크브라운,2025-12,2540,COLOR
다크브라운,2026-01,2510,COLOR
다크브라운,2026-02,2510,COLOR
다크브라운,2026-03,2540,COLOR
다크브라운,2026-04,2470,COLOR
다크브라운,2026-05,2470,COLOR
다크브라운,2026-06,2450,COLOR
다크브라운,2026-07,2940,COLOR
다크브라운,2026-08,2940,COLOR
더비슈즈,2025-09,6600,ITEM
더비슈즈,2025-10,8100,ITEM
더비슈즈,2025-11,9900,ITEM
더비슈즈,2025-12,9900,ITEM
더비슈즈,2026-01,9900,ITEM
더비슈즈,2026-02,9900,ITEM
더비슈즈,2026-03,9900,ITEM
더비슈즈,2026-04,9900,ITEM
더비슈즈,2026-05,8100,ITEM
더비슈즈,2026-06,6600,ITEM
더비슈즈,2026-07,6600,ITEM
더비슈즈,2026-08,8100,ITEM
더스티핑크,2025-09,170,COLOR
더스티핑크,2025-10,320,COLOR
더스티핑크,2025-11,260,COLOR
더스티핑크,2025-12,480,COLOR
더스티핑크,2026-01,720,COLOR
더스티핑크,2026-02,590,COLOR
더스티핑크,2026-03,590,COLOR
더스티핑크,2026-04,720,COLOR
더스티핑크,2026-05,590,COLOR
더스티핑크,2026-06,480,COLOR
더스티핑크,2026-07,480,COLOR
더스티핑크,2026-08,480,COLOR
더플코트,2025-09,1000,ITEM
더플코트,2025-10,1900,ITEM
더플코트,2025-11,3600,ITEM
더플코트,2025-12,3600,ITEM
더플코트,2026-01,2400,ITEM
더플코트,2026-02,1600,ITEM
더플코트,2026-03,1000,ITEM
더플코트,2026-04,720,ITEM
더플코트,2026-05,720,ITEM
더플코트,2026-06,720,ITEM
더플코트,2026-07,880,ITEM
더플코트,2026-08,1000,ITEM
데님,2025-09,400,MATERIAL
데님,2025-10,400,MATERIAL
데님,2025-11,430,MATERIAL
데님,2025-12,370,MATERIAL
데님,2026-01,280,MATERIAL
데님,2026-02,320,MATERIAL
데님,2026-03,530,MATERIAL
데님,2026-04,650,MATERIAL
데님,2026-05,650,MATERIAL
데님,2026-06,580,MATERIAL
데님,2026-07,420,MATERIAL
데님,2026-08,380,MATERIAL
데님블루,2025-09,70,COLOR
데님블루,2025-10,50,COLOR
데님블루,2025-11,70,COLOR
데님블루,2025-12,70,COLOR
데님블루,2026-01,90,COLOR
데님블루,2026-02,70,COLOR
데님블루,2026-03,110,COLOR
데님블루,2026-04,110,COLOR
데님블루,2026-05,110,COLOR
데님블루,2026-06,110,COLOR
데님블루,2026-07,140,COLOR
데님블루,2026-08,140,COLOR
데이트,2025-09,1500,TPO
데이트,2025-10,1480,TPO
데이트,2025-11,1230,TPO
데이트,2025-12,1210,TPO
데이트,2026-01,1180,TPO
데이트,2026-02,1540,TPO
데이트,2026-03,1810,TPO
데이트,2026-04,1810,TPO
데이트,2026-05,1830,TPO
데이트,2026-06,1480,TPO
데이트,2026-07,1510,TPO
데이트,2026-08,1510,TPO
데일리,2025-09,4470,TPO
데일리,2025-10,8140,TPO
데일리,2025-11,4430,TPO
데일리,2025-12,3640,TPO
데일리,2026-01,3640,TPO
데일리,2026-02,3640,TPO
데일리,2026-03,5430,TPO
데일리,2026-04,3650,TPO
데일리,2026-05,3630,TPO
데일리,2026-06,2930,TPO
데일리,2026-07,2430,TPO
데일리,2026-08,2450,TPO
도비,2025-09,50,MATERIAL
도비,2025-10,40,MATERIAL
도비,2025-11,50,MATERIAL
도비,2025-12,50,MATERIAL
도비,2026-01,90,MATERIAL
도비,2026-02,110,MATERIAL
도비,2026-03,140,MATERIAL
도비,2026-04,170,MATERIAL
도비,2026-05,210,MATERIAL
도비,2026-06,210,MATERIAL
도비,2026-07,210,MATERIAL
도비,2026-08,210,MATERIAL
도심,2025-09,70,TPO
도심,2025-10,70,TPO
도심,2025-11,50,TPO
도심,2025-12,40,TPO
도심,2026-01,40,TPO
도심,2026-02,70,TPO
도심,2026-03,90,TPO
도심,2026-04,70,TPO
도심,2026-05,90,TPO
도심,2026-06,50,TPO
도심,2026-07,70,TPO
도심,2026-08,90,TPO
도트,2025-09,800,DETAIL
도트,2025-10,690,DETAIL
도트,2025-11,740,DETAIL
도트,2025-12,740,DETAIL
도트,2026-01,650,DETAIL
도트,2026-02,650,DETAIL
도트,2026-03,850,DETAIL
도트,2026-04,850,DETAIL
도트,2026-05,980,DETAIL
도트,2026-06,1070,DETAIL
도트,2026-07,800,DETAIL
도트,2026-08,800,DETAIL
돌먼소매,2025-09,50,DETAIL
돌먼소매,2025-10,40,DETAIL
돌먼소매,2025-11,50,DETAIL
돌먼소매,2025-12,50,DETAIL
돌먼소매,2026-01,50,DETAIL
돌먼소매,2026-02,90,DETAIL
돌먼소매,2026-03,170,DETAIL
돌먼소매,2026-04,320,DETAIL
돌먼소매,2026-05,480,DETAIL
돌먼소매,2026-06,590,DETAIL
돌먼소매,2026-07,590,DETAIL
돌먼소매,2026-08,390,DETAIL
돌잔치,2025-09,1160,TPO
돌잔치,2025-10,980,TPO
돌잔치,2025-11,960,TPO
돌잔치,2025-12,820,TPO
돌잔치,2026-01,1020,TPO
돌잔치,2026-02,690,TPO
돌잔치,2026-03,1020,TPO
돌잔치,2026-04,1020,TPO
돌잔치,2026-05,1180,TPO
돌잔치,2026-06,1040,TPO
돌잔치,2026-07,1180,TPO
돌잔치,2026-08,1060,TPO
드레스,2025-09,13420,ITEM
드레스,2025-10,11520,ITEM
드레스,2025-11,11220,ITEM
드레스,2025-12,13720,ITEM
드레스,2026-01,14020,ITEM
드레스,2026-02,11220,ITEM
드레스,2026-03,23590,ITEM
드레스,2026-04,16190,ITEM
드레스,2026-05,28790,ITEM
드레스,2026-06,41890,ITEM
드레스,2026-07,19490,ITEM
드레스,2026-08,51120,ITEM
드레이프,2025-09,50,DETAIL
드레이프,2025-10,70,DETAIL
드레이프,2025-11,40,DETAIL
드레이프,2025-12,30,DETAIL
드레이프,2026-01,50,DETAIL
드레이프,2026-02,70,DETAIL
드레이프,2026-03,140,DETAIL
드레이프,2026-04,140,DETAIL
드레이프,2026-05,260,DETAIL
드레이프,2026-06,320,DETAIL
드레이프,2026-07,260,DETAIL
드레이프,2026-08,260,DETAIL
드로스트링,2025-09,160,DETAIL
드로스트링,2025-10,190,DETAIL
드로스트링,2025-11,180,DETAIL
드로스트링,2025-12,180,DETAIL
드로스트링,2026-01,190,DETAIL
드로스트링,2026-02,240,DETAIL
드로스트링,2026-03,240,DETAIL
드로스트링,2026-04,260,DETAIL
드로스트링,2026-05,320,DETAIL
드로스트링,2026-06,300,DETAIL
드로스트링,2026-07,350,DETAIL
드로스트링,2026-08,330,DETAIL
드롭숄더,2025-09,480,DETAIL
드롭숄더,2025-10,480,DETAIL
드롭숄더,2025-11,480,DETAIL
드롭숄더,2025-12,480,DETAIL
드롭숄더,2026-01,480,DETAIL
드롭숄더,2026-02,590,DETAIL
드롭숄더,2026-03,720,DETAIL
드롭숄더,2026-04,880,DETAIL
드롭숄더,2026-05,720,DETAIL
드롭숄더,2026-06,720,DETAIL
드롭숄더,2026-07,720,DETAIL
드롭숄더,2026-08,880,DETAIL
등산로,2025-09,3110,TPO
등산로,2025-10,3160,TPO
등산로,2025-11,3860,TPO
등산로,2025-12,3070,TPO
등산로,2026-01,2610,TPO
등산로,2026-02,2160,TPO
등산로,2026-03,3290,TPO
등산로,2026-04,3990,TPO
등산로,2026-05,4080,TPO
등산로,2026-06,2720,TPO
등산로,2026-07,2610,TPO
등산로,2026-08,2660,TPO
등산화,2025-09,3600,ITEM
등산화,2025-10,4400,ITEM
등산화,2025-11,4400,ITEM
등산화,2025-12,4400,ITEM
등산화,2026-01,3600,ITEM
등산화,2026-02,3600,ITEM
등산화,2026-03,3600,ITEM
등산화,2026-04,4400,ITEM
등산화,2026-05,4400,ITEM
등산화,2026-06,2900,ITEM
등산화,2026-07,2900,ITEM
등산화,2026-08,2900,ITEM
디스트레스드,2025-09,70,MATERIAL
디스트레스드,2025-10,90,MATERIAL
디스트레스드,2025-11,70,MATERIAL
디스트레스드,2025-12,90,MATERIAL
디스트레스드,2026-01,70,MATERIAL
디스트레스드,2026-02,90,MATERIAL
디스트레스드,2026-03,140,MATERIAL
디스트레스드,2026-04,90,MATERIAL
디스트레스드,2026-05,140,MATERIAL
디스트레스드,2026-06,90,MATERIAL
디스트레스드,2026-07,110,MATERIAL
디스트레스드,2026-08,140,MATERIAL
딥네이비,2025-09,320,COLOR
딥네이비,2025-10,320,COLOR
딥네이비,2025-11,390,COLOR
딥네이비,2025-12,480,COLOR
딥네이비,2026-01,590,COLOR
딥네이비,2026-02,720,COLOR
딥네이비,2026-03,880,COLOR
딥네이비,2026-04,720,COLOR
딥네이비,2026-05,1000,COLOR
딥네이비,2026-06,590,COLOR
딥네이비,2026-07,720,COLOR
딥네이비,2026-08,880,COLOR
라벤더,2025-09,30,COLOR
라벤더,2025-10,10,COLOR
라벤더,2025-11,20,COLOR
라벤더,2025-12,10,COLOR
라벤더,2026-01,20,COLOR
라벤더,2026-02,50,COLOR
라벤더,2026-03,70,COLOR
라벤더,2026-04,50,COLOR
라벤더,2026-05,70,COLOR
라벤더,2026-06,70,COLOR
라벤더,2026-07,70,COLOR
라벤더,2026-08,50,COLOR
라운드넥,2025-09,880,DETAIL
라운드넥,2025-10,880,DETAIL
라운드넥,2025-11,880,DETAIL
라운드넥,2025-12,880,DETAIL
라운드넥,2026-01,720,DETAIL
라운드넥,2026-02,720,DETAIL
라운드넥,2026-03,1000,DETAIL
라운드넥,2026-04,1000,DETAIL
라운드넥,2026-05,1000,DETAIL
라운드넥,2026-06,1000,DETAIL
라운드넥,2026-07,1000,DETAIL
라운드넥,2026-08,1000,DETAIL
라운드토,2025-09,30,DETAIL
라운드토,2025-10,50,DETAIL
라운드토,2025-11,40,DETAIL
라운드토,2025-12,30,DETAIL
라운드토,2026-01,30,DETAIL
라운드토,2026-02,70,DETAIL
라운드토,2026-03,90,DETAIL
라운드토,2026-04,70,DETAIL
라운드토,2026-05,70,DETAIL
라운드토,2026-06,50,DETAIL
라운드토,2026-07,50,DETAIL
라운드토,2026-08,70,DETAIL
라이더재킷,2025-09,170,ITEM
라이더재킷,2025-10,170,ITEM
라이더재킷,2025-11,210,ITEM
라이더재킷,2025-12,170,ITEM
라이더재킷,2026-01,170,ITEM
라이더재킷,2026-02,170,ITEM
라이더재킷,2026-03,140,ITEM
라이더재킷,2026-04,170,ITEM
라이더재킷,2026-05,170,ITEM
라이더재킷,2026-06,110,ITEM
라이더재킷,2026-07,170,ITEM
라이더재킷,2026-08,170,ITEM
라이트그레이,2025-09,950,COLOR
라이트그레이,2025-10,1070,COLOR
라이트그레이,2025-11,1390,COLOR
라이트그레이,2025-12,1050,COLOR
라이트그레이,2026-01,920,COLOR
라이트그레이,2026-02,1050,COLOR
라이트그레이,2026-03,1070,COLOR
라이트그레이,2026-04,1070,COLOR
라이트그레이,2026-05,1050,COLOR
라이트그레이,2026-06,1050,COLOR
라이트그레이,2026-07,1040,COLOR
라이트그레이,2026-08,1020,COLOR
라임그린,2025-09,260,COLOR
라임그린,2025-10,260,COLOR
라임그린,2025-11,210,COLOR
라임그린,2025-12,260,COLOR
라임그린,2026-01,210,COLOR
라임그린,2026-02,320,COLOR
라임그린,2026-03,320,COLOR
라임그린,2026-04,390,COLOR
라임그린,2026-05,480,COLOR
라임그린,2026-06,590,COLOR
라임그린,2026-07,480,COLOR
라임그린,2026-08,720,COLOR
라즈베리,2025-09,4400,COLOR
라즈베리,2025-10,4400,COLOR
라즈베리,2025-11,4400,COLOR
라즈베리,2025-12,5400,COLOR
라즈베리,2026-01,5400,COLOR
라즈베리,2026-02,4400,COLOR
라즈베리,2026-03,6600,COLOR
라즈베리,2026-04,6600,COLOR
라즈베리,2026-05,6600,COLOR
라즈베리,2026-06,8100,COLOR
라즈베리,2026-07,6600,COLOR
라즈베리,2026-08,6600,COLOR
래글런,2025-09,590,DETAIL
래글런,2025-10,590,DETAIL
래글런,2025-11,590,DETAIL
래글런,2025-12,590,DETAIL
래글런,2026-01,480,DETAIL
래글런,2026-02,480,DETAIL
래글런,2026-03,590,DETAIL
래글런,2026-04,590,DETAIL
래글런,2026-05,590,DETAIL
래글런,2026-06,720,DETAIL
래글런,2026-07,720,DETAIL
래글런,2026-08,880,DETAIL
래시가드,2025-09,12100,ITEM
래시가드,2025-10,8100,ITEM
래시가드,2025-11,8100,ITEM
래시가드,2025-12,8100,ITEM
래시가드,2026-01,12100,ITEM
래시가드,2026-02,12100,ITEM
래시가드,2026-03,12100,ITEM
래시가드,2026-04,18100,ITEM
래시가드,2026-05,22200,ITEM
래시가드,2026-06,27100,ITEM
래시가드,2026-07,40500,ITEM
래시가드,2026-08,33100,ITEM
랩,2025-09,2460,DETAIL
랩,2025-10,2280,DETAIL
랩,2025-11,2170,DETAIL
랩,2025-12,2300,DETAIL
랩,2026-01,2430,DETAIL
랩,2026-02,2490,DETAIL
랩,2026-03,2920,DETAIL
랩,2026-04,2730,DETAIL
랩,2026-05,3510,DETAIL
랩,2026-06,3810,DETAIL
랩,2026-07,5010,DETAIL
랩,2026-08,4010,DETAIL
러그솔,2025-09,10,DETAIL
러그솔,2025-10,20,DETAIL
러그솔,2025-11,20,DETAIL
러그솔,2025-12,40,DETAIL
러그솔,2026-01,20,DETAIL
러그솔,2026-02,20,DETAIL
러그솔,2026-03,20,DETAIL
러그솔,2026-04,30,DETAIL
러그솔,2026-05,20,DETAIL
러그솔,2026-06,20,DETAIL
러그솔,2026-07,10,DETAIL
러그솔,2026-08,20,DETAIL
러닝화,2025-09,26200,ITEM
러닝화,2025-10,20200,ITEM
러닝화,2025-11,13200,ITEM
러닝화,2025-12,19200,ITEM
러닝화,2026-01,9800,ITEM
러닝화,2026-02,8800,ITEM
러닝화,2026-03,16200,ITEM
러닝화,2026-04,16200,ITEM
러닝화,2026-05,13500,ITEM
러닝화,2026-06,11000,ITEM
러닝화,2026-07,12000,ITEM
러닝화,2026-08,18700,ITEM
러블리,2025-09,160,STYLE
러블리,2025-10,190,STYLE
러블리,2025-11,160,STYLE
러블리,2025-12,140,STYLE
러블리,2026-01,160,STYLE
러블리,2026-02,210,STYLE
러블리,2026-03,160,STYLE
러블리,2026-04,180,STYLE
러블리,2026-05,200,STYLE
러블리,2026-06,210,STYLE
러블리,2026-07,160,STYLE
러블리,2026-08,190,STYLE
러플,2025-09,140,DETAIL
러플,2025-10,140,DETAIL
러플,2025-11,140,DETAIL
러플,2025-12,110,DETAIL
러플,2026-01,170,DETAIL
러플,2026-02,390,DETAIL
러플,2026-03,590,DETAIL
러플,2026-04,720,DETAIL
러플,2026-05,920,DETAIL
러플,2026-06,910,DETAIL
러플,2026-07,910,DETAIL
러플,2026-08,760,DETAIL
레귤러핏,2025-09,720,DETAIL
레귤러핏,2025-10,880,DETAIL
레귤러핏,2025-11,720,DETAIL
레귤러핏,2025-12,720,DETAIL
레귤러핏,2026-01,720,DETAIL
레귤러핏,2026-02,720,DETAIL
레귤러핏,2026-03,720,DETAIL
레귤러핏,2026-04,880,DETAIL
레귤러핏,2026-05,880,DETAIL
레귤러핏,2026-06,880,DETAIL
레귤러핏,2026-07,720,DETAIL
레귤러핏,2026-08,720,DETAIL
레그워머,2025-09,2900,ITEM
레그워머,2025-10,3600,ITEM
레그워머,2025-11,5400,ITEM
레그워머,2025-12,8100,ITEM
레그워머,2026-01,6600,ITEM
레그워머,2026-02,4400,ITEM
레그워머,2026-03,3600,ITEM
레그워머,2026-04,2900,ITEM
레그워머,2026-05,3600,ITEM
레그워머,2026-06,2900,ITEM
레그워머,2026-07,4400,ITEM
레그워머,2026-08,3600,ITEM
레글런소매,2025-09,90,DETAIL
레글런소매,2025-10,70,DETAIL
레글런소매,2025-11,110,DETAIL
레글런소매,2025-12,110,DETAIL
레글런소매,2026-01,140,DETAIL
레글런소매,2026-02,320,DETAIL
레글런소매,2026-03,260,DETAIL
레글런소매,2026-04,320,DETAIL
레글런소매,2026-05,320,DETAIL
레글런소매,2026-06,320,DETAIL
레글런소매,2026-07,260,DETAIL
레글런소매,2026-08,720,DETAIL
레깅스,2025-09,12210,ITEM
레깅스,2025-10,60590,ITEM
레깅스,2025-11,201110,ITEM
레깅스,2025-12,14910,ITEM
레깅스,2026-01,14940,ITEM
레깅스,2026-02,12210,ITEM
레깅스,2026-03,12240,ITEM
레깅스,2026-04,22290,ITEM
레깅스,2026-05,14940,ITEM
레깅스,2026-06,10010,ITEM
레깅스,2026-07,12240,ITEM
레깅스,2026-08,18240,ITEM
레더,2025-09,50,MATERIAL
레더,2025-10,80,MATERIAL
레더,2025-11,70,MATERIAL
레더,2025-12,120,MATERIAL
레더,2026-01,190,MATERIAL
레더,2026-02,300,MATERIAL
레더,2026-03,370,MATERIAL
레더,2026-04,410,MATERIAL
레더,2026-05,570,MATERIAL
레더,2026-06,480,MATERIAL
레더,2026-07,570,MATERIAL
레더,2026-08,590,MATERIAL
레드,2025-09,100,COLOR
레드,2025-10,120,COLOR
레드,2025-11,120,COLOR
레드,2025-12,170,COLOR
레드,2026-01,110,COLOR
레드,2026-02,120,COLOR
레드,2026-03,130,COLOR
레드,2026-04,110,COLOR
레드,2026-05,100,COLOR
레드,2026-06,110,COLOR
레드,2026-07,100,COLOR
레드,2026-08,130,COLOR
레몬옐로우,2025-09,210,COLOR
레몬옐로우,2025-10,170,COLOR
레몬옐로우,2025-11,170,COLOR
레몬옐로우,2025-12,210,COLOR
레몬옐로우,2026-01,210,COLOR
레몬옐로우,2026-02,210,COLOR
레몬옐로우,2026-03,320,COLOR
레몬옐로우,2026-04,320,COLOR
레몬옐로우,2026-05,390,COLOR
레몬옐로우,2026-06,320,COLOR
레몬옐로우,2026-07,320,COLOR
레몬옐로우,2026-08,390,COLOR
레오파드,2025-09,140,DETAIL
레오파드,2025-10,110,DETAIL
레오파드,2025-11,90,DETAIL
레오파드,2025-12,110,DETAIL
레오파드,2026-01,110,DETAIL
레오파드,2026-02,70,DETAIL
레오파드,2026-03,110,DETAIL
레오파드,2026-04,90,DETAIL
레오파드,2026-05,90,DETAIL
레오파드,2026-06,90,DETAIL
레오파드,2026-07,70,DETAIL
레오파드,2026-08,90,DETAIL
레이스,2025-09,330,MATERIAL
레이스,2025-10,350,MATERIAL
레이스,2025-11,280,MATERIAL
레이스,2025-12,390,MATERIAL
레이스,2026-01,390,MATERIAL
레이스,2026-02,330,MATERIAL
레이스,2026-03,480,MATERIAL
레이스,2026-04,570,MATERIAL
레이스,2026-05,590,MATERIAL
레이스,2026-06,730,MATERIAL
레이스,2026-07,680,MATERIAL
레이스,2026-08,590,MATERIAL
레이스업,2025-09,460,DETAIL
레이스업,2025-10,410,DETAIL
레이스업,2025-11,460,DETAIL
레이스업,2025-12,550,DETAIL
레이스업,2026-01,460,DETAIL
레이스업,2026-02,480,DETAIL
레이스업,2026-03,500,DETAIL
레이스업,2026-04,480,DETAIL
레이스업,2026-05,480,DETAIL
레이스업,2026-06,480,DETAIL
레이스업,2026-07,460,DETAIL
레이스업,2026-08,590,DETAIL
레이스트림,2025-09,10,DETAIL
레이스트림,2025-10,10,DETAIL
레이스트림,2025-11,10,DETAIL
레이스트림,2025-12,10,DETAIL
레이스트림,2026-01,10,DETAIL
레이스트림,2026-02,10,DETAIL
레이스트림,2026-03,10,DETAIL
레이스트림,2026-04,10,DETAIL
레이스트림,2026-05,10,DETAIL
레이스트림,2026-06,10,DETAIL
레이스트림,2026-07,10,DETAIL
레이스트림,2026-08,10,DETAIL
레이어드,2025-09,650,DETAIL
레이어드,2025-10,650,DETAIL
레이어드,2025-11,640,DETAIL
레이어드,2025-12,580,DETAIL
레이어드,2026-01,580,DETAIL
레이어드,2026-02,870,DETAIL
레이어드,2026-03,1070,DETAIL
레이어드,2026-04,1070,DETAIL
레이어드,2026-05,1110,DETAIL
레이어드,2026-06,850,DETAIL
레이어드,2026-07,740,DETAIL
레이어드,2026-08,740,DETAIL
레이온,2025-09,1050,MATERIAL
레이온,2025-10,1050,MATERIAL
레이온,2025-11,860,MATERIAL
레이온,2025-12,800,MATERIAL
레이온,2026-01,930,MATERIAL
레이온,2026-02,980,MATERIAL
레이온,2026-03,1320,MATERIAL
레이온,2026-04,1780,MATERIAL
레이온,2026-05,1780,MATERIAL
레이온,2026-06,2080,MATERIAL
레이온,2026-07,2080,MATERIAL
레이온,2026-08,1780,MATERIAL
레인부츠,2025-09,1900,ITEM
레인부츠,2025-10,1600,ITEM
레인부츠,2025-11,1000,ITEM
레인부츠,2025-12,1000,ITEM
레인부츠,2026-01,880,ITEM
레인부츠,2026-02,880,ITEM
레인부츠,2026-03,1300,ITEM
레인부츠,2026-04,1600,ITEM
레인부츠,2026-05,9900,ITEM
레인부츠,2026-06,4400,ITEM
레인부츠,2026-07,14800,ITEM
레인부츠,2026-08,1600,ITEM
레터링,2025-09,10,DETAIL
레터링,2025-10,10,DETAIL
레터링,2025-11,10,DETAIL
레터링,2025-12,10,DETAIL
레터링,2026-01,10,DETAIL
레터링,2026-02,10,DETAIL
레터링,2026-03,10,DETAIL
레터링,2026-04,10,DETAIL
레터링,2026-05,10,DETAIL
레터링,2026-06,10,DETAIL
레터링,2026-07,10,DETAIL
레터링,2026-08,10,DETAIL
레트로,2025-09,1470,STYLE
레트로,2025-10,1560,STYLE
레트로,2025-11,1270,STYLE
레트로,2025-12,1450,STYLE
레트로,2026-01,960,STYLE
레트로,2026-02,780,STYLE
레트로,2026-03,1050,STYLE
레트로,2026-04,1410,STYLE
레트로,2026-05,1270,STYLE
레트로,2026-06,1000,STYLE
레트로,2026-07,870,STYLE
레트로,2026-08,850,STYLE
로고패턴,2025-09,70,DETAIL
로고패턴,2025-10,50,DETAIL
로고패턴,2025-11,70,DETAIL
로고패턴,2025-12,70,DETAIL
로고패턴,2026-01,40,DETAIL
로고패턴,2026-02,70,DETAIL
로고패턴,2026-03,110,DETAIL
로고패턴,2026-04,110,DETAIL
로고패턴,2026-05,140,DETAIL
로고패턴,2026-06,140,DETAIL
로고패턴,2026-07,90,DETAIL
로고패턴,2026-08,110,DETAIL
로우라이즈,2025-09,4400,DETAIL
로우라이즈,2025-10,4400,DETAIL
로우라이즈,2025-11,3600,DETAIL
로우라이즈,2025-12,6600,DETAIL
로우라이즈,2026-01,4400,DETAIL
로우라이즈,2026-02,12100,DETAIL
로우라이즈,2026-03,6600,DETAIL
로우라이즈,2026-04,6600,DETAIL
로우라이즈,2026-05,8100,DETAIL
로우라이즈,2026-06,6600,DETAIL
로우라이즈,2026-07,8100,DETAIL
로우라이즈,2026-08,8100,DETAIL
로즈골드,2025-09,2900,COLOR
로즈골드,2025-10,2900,COLOR
로즈골드,2025-11,2900,COLOR
로즈골드,2025-12,2900,COLOR
로즈골드,2026-01,2900,COLOR
로즈골드,2026-02,2900,COLOR
로즈골드,2026-03,2900,COLOR
로즈골드,2026-04,2900,COLOR
로즈골드,2026-05,2900,COLOR
로즈골드,2026-06,2900,COLOR
로즈골드,2026-07,2900,COLOR
로즈골드,2026-08,2900,COLOR
로즈핑크,2025-09,480,COLOR
로즈핑크,2025-10,590,COLOR
로즈핑크,2025-11,590,COLOR
로즈핑크,2025-12,480,COLOR
로즈핑크,2026-01,720,COLOR
로즈핑크,2026-02,590,COLOR
로즈핑크,2026-03,720,COLOR
로즈핑크,2026-04,720,COLOR
로즈핑크,2026-05,880,COLOR
로즈핑크,2026-06,880,COLOR
로즈핑크,2026-07,720,COLOR
로즈핑크,2026-08,880,COLOR
로퍼,2025-09,9900,ITEM
로퍼,2025-10,12100,ITEM
로퍼,2025-11,12100,ITEM
로퍼,2025-12,12100,ITEM
로퍼,2026-01,12100,ITEM
로퍼,2026-02,12100,ITEM
로퍼,2026-03,14800,ITEM
로퍼,2026-04,12100,ITEM
로퍼,2026-05,14800,ITEM
로퍼,2026-06,12100,ITEM
로퍼,2026-07,12100,ITEM
로퍼,2026-08,14800,ITEM
롱기장,2025-09,30,DETAIL
롱기장,2025-10,40,DETAIL
롱기장,2025-11,40,DETAIL
롱기장,2025-12,50,DETAIL
롱기장,2026-01,40,DETAIL
롱기장,2026-02,40,DETAIL
롱기장,2026-03,50,DETAIL
롱기장,2026-04,30,DETAIL
롱기장,2026-05,50,DETAIL
롱기장,2026-06,70,DETAIL
롱기장,2026-07,30,DETAIL
롱기장,2026-08,30,DETAIL
루즈핏,2025-09,2400,DETAIL
루즈핏,2025-10,2400,DETAIL
루즈핏,2025-11,2400,DETAIL
루즈핏,2025-12,1900,DETAIL
루즈핏,2026-01,1900,DETAIL
루즈핏,2026-02,1900,DETAIL
루즈핏,2026-03,2400,DETAIL
루즈핏,2026-04,2400,DETAIL
루즈핏,2026-05,2900,DETAIL
루즈핏,2026-06,2400,DETAIL
루즈핏,2026-07,2400,DETAIL
루즈핏,2026-08,2400,DETAIL
리본,2025-09,320,DETAIL
리본,2025-10,210,DETAIL
리본,2025-11,210,DETAIL
리본,2025-12,210,DETAIL
리본,2026-01,260,DETAIL
리본,2026-02,260,DETAIL
리본,2026-03,390,DETAIL
리본,2026-04,390,DETAIL
리본,2026-05,320,DETAIL
리본,2026-06,320,DETAIL
리본,2026-07,390,DETAIL
리본,2026-08,320,DETAIL
린넨,2025-09,470,MATERIAL
린넨,2025-10,340,MATERIAL
린넨,2025-11,340,MATERIAL
린넨,2025-12,340,MATERIAL
린넨,2026-01,430,MATERIAL
린넨,2026-02,430,MATERIAL
린넨,2026-03,710,MATERIAL
린넨,2026-04,1040,MATERIAL
린넨,2026-05,1270,MATERIAL
린넨,2026-06,1390,MATERIAL
린넨,2026-07,1270,MATERIAL
린넨,2026-08,980,MATERIAL
릴랙스핏,2025-09,30,DETAIL
릴랙스핏,2025-10,70,DETAIL
릴랙스핏,2025-11,40,DETAIL
릴랙스핏,2025-12,40,DETAIL
릴랙스핏,2026-01,30,DETAIL
릴랙스핏,2026-02,50,DETAIL
릴랙스핏,2026-03,70,DETAIL
릴랙스핏,2026-04,50,DETAIL
릴랙스핏,2026-05,70,DETAIL
릴랙스핏,2026-06,50,DETAIL
릴랙스핏,2026-07,110,DETAIL
릴랙스핏,2026-08,110,DETAIL
마이크로미니,2025-09,140,DETAIL
마이크로미니,2025-10,210,DETAIL
마이크로미니,2025-11,260,DETAIL
마이크로미니,2025-12,210,DETAIL
마이크로미니,2026-01,210,DETAIL
마이크로미니,2026-02,260,DETAIL
마이크로미니,2026-03,210,DETAIL
마이크로미니,2026-04,210,DETAIL
마이크로미니,2026-05,210,DETAIL
마이크로미니,2026-06,170,DETAIL
마이크로미니,2026-07,140,DETAIL
마이크로미니,2026-08,140,DETAIL
맨투맨,2025-09,9900,ITEM
맨투맨,2025-10,14800,ITEM
맨투맨,2025-11,14800,ITEM
맨투맨,2025-12,12100,ITEM
맨투맨,2026-01,12100,ITEM
맨투맨,2026-02,9900,ITEM
맨투맨,2026-03,12100,ITEM
맨투맨,2026-04,9900,ITEM
맨투맨,2026-05,8100,ITEM
맨투맨,2026-06,5400,ITEM
맨투맨,2026-07,5400,ITEM
맨투맨,2026-08,6600,ITEM
머메이드,2025-09,2380,DETAIL
머메이드,2025-10,2490,DETAIL
머메이드,2025-11,2490,DETAIL
머메이드,2025-12,2380,DETAIL
머메이드,2026-01,2990,DETAIL
머메이드,2026-02,2990,DETAIL
머메이드,2026-03,2990,DETAIL
머메이드,2026-04,2990,DETAIL
머메이드,2026-05,3490,DETAIL
머메이드,2026-06,2990,DETAIL
머메이드,2026-07,4990,DETAIL
머메이드,2026-08,3620,DETAIL
머스타드,2025-09,2410,COLOR
머스타드,2025-10,2420,COLOR
머스타드,2025-11,2430,COLOR
머스타드,2025-12,1910,COLOR
머스타드,2026-01,2410,COLOR
머스타드,2026-02,1920,COLOR
머스타드,2026-03,1910,COLOR
머스타드,2026-04,1910,COLOR
머스타드,2026-05,2410,COLOR
머스타드,2026-06,1910,COLOR
머스타드,2026-07,1920,COLOR
머스타드,2026-08,2420,COLOR
머슬핏,2025-09,3600,DETAIL
머슬핏,2025-10,2400,DETAIL
머슬핏,2025-11,1600,DETAIL
머슬핏,2025-12,1600,DETAIL
머슬핏,2026-01,1900,DETAIL
머슬핏,2026-02,2400,DETAIL
머슬핏,2026-03,2900,DETAIL
머슬핏,2026-04,4400,DETAIL
머슬핏,2026-05,5400,DETAIL
머슬핏,2026-06,4400,DETAIL
머슬핏,2026-07,5400,DETAIL
머슬핏,2026-08,5400,DETAIL
머플러,2025-09,9000,ITEM
머플러,2025-10,16500,ITEM
머플러,2025-11,32100,ITEM
머플러,2025-12,39200,ITEM
머플러,2026-01,18700,ITEM
머플러,2026-02,9800,ITEM
머플러,2026-03,12500,ITEM
머플러,2026-04,8000,ITEM
머플러,2026-05,9800,ITEM
머플러,2026-06,6000,ITEM
머플러,2026-07,7300,ITEM
머플러,2026-08,8800,ITEM
메리노울,2025-09,1000,MATERIAL
메리노울,2025-10,1600,MATERIAL
메리노울,2025-11,2430,MATERIAL
메리노울,2025-12,2430,MATERIAL
메리노울,2026-01,1910,MATERIAL
메리노울,2026-02,1010,MATERIAL
메리노울,2026-03,900,MATERIAL
메리노울,2026-04,730,MATERIAL
메리노울,2026-05,740,MATERIAL
메리노울,2026-06,600,MATERIAL
메리노울,2026-07,730,MATERIAL
메리노울,2026-08,890,MATERIAL
메리제인슈즈,2025-09,720,ITEM
메리제인슈즈,2025-10,590,ITEM
메리제인슈즈,2025-11,480,ITEM
메리제인슈즈,2025-12,590,ITEM
메리제인슈즈,2026-01,590,ITEM
메리제인슈즈,2026-02,720,ITEM
메리제인슈즈,2026-03,1300,ITEM
메리제인슈즈,2026-04,1600,ITEM
메리제인슈즈,2026-05,1600,ITEM
메리제인슈즈,2026-06,1600,ITEM
메리제인슈즈,2026-07,1300,ITEM
메리제인슈즈,2026-08,1300,ITEM
메시,2025-09,90,MATERIAL
메시,2025-10,80,MATERIAL
메시,2025-11,50,MATERIAL
메시,2025-12,50,MATERIAL
메시,2026-01,80,MATERIAL
메시,2026-02,60,MATERIAL
메시,2026-03,90,MATERIAL
메시,2026-04,90,MATERIAL
메시,2026-05,120,MATERIAL
메시,2026-06,110,MATERIAL
메시,2026-07,120,MATERIAL
메시,2026-08,140,MATERIAL
멜란지,2025-09,2910,COLOR
멜란지,2025-10,3620,COLOR
멜란지,2025-11,3630,COLOR
멜란지,2025-12,2930,COLOR
멜란지,2026-01,2420,COLOR
멜란지,2026-02,2910,COLOR
멜란지,2026-03,2920,COLOR
멜란지,2026-04,2910,COLOR
멜란지,2026-05,3620,COLOR
멜란지,2026-06,2920,COLOR
멜란지,2026-07,2410,COLOR
멜란지,2026-08,2910,COLOR
면접,2025-09,4800,TPO
면접,2025-10,6880,TPO
면접,2025-11,7180,TPO
면접,2025-12,5540,TPO
면접,2026-01,5720,TPO
면접,2026-02,4040,TPO
면접,2026-03,5790,TPO
면접,2026-04,5790,TPO
면접,2026-05,6180,TPO
면접,2026-06,4870,TPO
면접,2026-07,4800,TPO
면접,2026-08,4990,TPO
명절,2025-09,80,TPO
명절,2025-10,180,TPO
명절,2025-11,30,TPO
명절,2025-12,30,TPO
명절,2026-01,50,TPO
명절,2026-02,160,TPO
명절,2026-03,20,TPO
명절,2026-04,30,TPO
명절,2026-05,30,TPO
명절,2026-06,30,TPO
명절,2026-07,30,TPO
명절,2026-08,80,TPO
모달,2025-09,1210,MATERIAL
모달,2025-10,1560,MATERIAL
모달,2025-11,1210,MATERIAL
모달,2025-12,1050,MATERIAL
모달,2026-01,1090,MATERIAL
모달,2026-02,1210,MATERIAL
모달,2026-03,1210,MATERIAL
모달,2026-04,1620,MATERIAL
모달,2026-05,1620,MATERIAL
모달,2026-06,1990,MATERIAL
모달,2026-07,1620,MATERIAL
모달,2026-08,1620,MATERIAL
모자,2025-09,1380,ITEM
모자,2025-10,1120,ITEM
모자,2025-11,1000,ITEM
모자,2025-12,850,ITEM
모자,2026-01,1020,ITEM
모자,2026-02,980,ITEM
모자,2026-03,1440,ITEM
모자,2026-04,1620,ITEM
모자,2026-05,1410,ITEM
모자,2026-06,1310,ITEM
모자,2026-07,1340,ITEM
모자,2026-08,1380,ITEM
모카브라운,2025-09,880,COLOR
모카브라운,2025-10,1000,COLOR
모카브라운,2025-11,1300,COLOR
모카브라운,2025-12,1000,COLOR
모카브라운,2026-01,1000,COLOR
모카브라운,2026-02,1000,COLOR
모카브라운,2026-03,880,COLOR
모카브라운,2026-04,1000,COLOR
모카브라운,2026-05,1600,COLOR
모카브라운,2026-06,1300,COLOR
모카브라운,2026-07,1600,COLOR
모카브라운,2026-08,1600,COLOR
모카신,2025-09,1300,ITEM
모카신,2025-10,1600,ITEM
모카신,2025-11,1900,ITEM
모카신,2025-12,1900,ITEM
모카신,2026-01,1600,ITEM
모카신,2026-02,1300,ITEM
모카신,2026-03,1300,ITEM
모카신,2026-04,1300,ITEM
모카신,2026-05,1000,ITEM
모카신,2026-06,880,ITEM
모카신,2026-07,880,ITEM
모카신,2026-08,1300,ITEM
모크넥,2025-09,590,DETAIL
모크넥,2025-10,1300,DETAIL
모크넥,2025-11,2400,DETAIL
모크넥,2025-12,1900,DETAIL
모크넥,2026-01,1600,DETAIL
모크넥,2026-02,1000,DETAIL
모크넥,2026-03,1000,DETAIL
모크넥,2026-04,720,DETAIL
모크넥,2026-05,590,DETAIL
모크넥,2026-06,590,DETAIL
모크넥,2026-07,590,DETAIL
모크넥,2026-08,880,DETAIL
모헤어,2025-09,130,MATERIAL
모헤어,2025-10,170,MATERIAL
모헤어,2025-11,300,MATERIAL
모헤어,2025-12,910,MATERIAL
모헤어,2026-01,1620,MATERIAL
모헤어,2026-02,2920,MATERIAL
모헤어,2026-03,2920,MATERIAL
모헤어,2026-04,4410,MATERIAL
모헤어,2026-05,5410,MATERIAL
모헤어,2026-06,5410,MATERIAL
모헤어,2026-07,5410,MATERIAL
모헤어,2026-08,5420,MATERIAL
목토,2025-09,80,DETAIL
목토,2025-10,100,DETAIL
목토,2025-11,150,DETAIL
목토,2025-12,160,DETAIL
목토,2026-01,190,DETAIL
목토,2026-02,140,DETAIL
목토,2026-03,120,DETAIL
목토,2026-04,100,DETAIL
목토,2026-05,120,DETAIL
목토,2026-06,40,DETAIL
목토,2026-07,80,DETAIL
목토,2026-08,100,DETAIL
무스탕,2025-09,7230,ITEM
무스탕,2025-09,7230,MATERIAL
무스탕,2025-10,19490,ITEM
무스탕,2025-10,19490,MATERIAL
무스탕,2025-11,29210,ITEM
무스탕,2025-11,29210,MATERIAL
무스탕,2025-12,35290,ITEM
무스탕,2025-12,35290,MATERIAL
무스탕,2026-01,24140,ITEM
무스탕,2026-01,24140,MATERIAL
무스탕,2026-02,13000,ITEM
무스탕,2026-02,13000,MATERIAL
무스탕,2026-03,8660,ITEM
무스탕,2026-03,8660,MATERIAL
무스탕,2026-04,4750,ITEM
무스탕,2026-04,4750,MATERIAL
무스탕,2026-05,3890,ITEM
무스탕,2026-05,3890,MATERIAL
무스탕,2026-06,3840,ITEM
무스탕,2026-06,3840,MATERIAL
무스탕,2026-07,4020,ITEM
무스탕,2026-07,4020,MATERIAL
무스탕,2026-08,5930,ITEM
무스탕,2026-08,5930,MATERIAL
뮬,2025-09,80,ITEM
뮬,2025-10,80,ITEM
뮬,2025-11,70,ITEM
뮬,2025-12,40,ITEM
뮬,2026-01,60,ITEM
뮬,2026-02,80,ITEM
뮬,2026-03,160,ITEM
뮬,2026-04,390,ITEM
뮬,2026-05,680,ITEM
뮬,2026-06,970,ITEM
뮬,2026-07,790,ITEM
뮬,2026-08,530,ITEM
미니멀,2025-09,2110,STYLE
미니멀,2025-10,2430,STYLE
미니멀,2025-11,1980,STYLE
미니멀,2025-12,1700,STYLE
미니멀,2026-01,2300,STYLE
미니멀,2026-02,2030,STYLE
미니멀,2026-03,2430,STYLE
미니멀,2026-04,2330,STYLE
미니멀,2026-05,2300,STYLE
미니멀,2026-06,1870,STYLE
미니멀,2026-07,2150,STYLE
미니멀,2026-08,2190,STYLE
미드라이즈,2025-09,210,DETAIL
미드라이즈,2025-10,210,DETAIL
미드라이즈,2025-11,210,DETAIL
미드라이즈,2025-12,210,DETAIL
미드라이즈,2026-01,210,DETAIL
미드라이즈,2026-02,170,DETAIL
미드라이즈,2026-03,210,DETAIL
미드라이즈,2026-04,210,DETAIL
미드라이즈,2026-05,260,DETAIL
미드라이즈,2026-06,260,DETAIL
미드라이즈,2026-07,210,DETAIL
미드라이즈,2026-08,260,DETAIL
미디기장,2025-09,30,DETAIL
미디기장,2025-10,20,DETAIL
미디기장,2025-11,30,DETAIL
미디기장,2025-12,50,DETAIL
미디기장,2026-01,30,DETAIL
미디기장,2026-02,30,DETAIL
미디기장,2026-03,40,DETAIL
미디기장,2026-04,40,DETAIL
미디기장,2026-05,30,DETAIL
미디기장,2026-06,40,DETAIL
미디기장,2026-07,110,DETAIL
미디기장,2026-08,40,DETAIL
미술관,2025-09,90,TPO
미술관,2025-10,90,TPO
미술관,2025-11,90,TPO
미술관,2025-12,70,TPO
미술관,2026-01,100,TPO
미술관,2026-02,100,TPO
미술관,2026-03,210,TPO
미술관,2026-04,140,TPO
미술관,2026-05,230,TPO
미술관,2026-06,160,TPO
미술관,2026-07,210,TPO
미술관,2026-08,220,TPO
민소매,2025-09,4400,DETAIL
민소매,2025-10,4400,DETAIL
민소매,2025-11,3600,DETAIL
민소매,2025-12,3600,DETAIL
민소매,2026-01,4400,DETAIL
민소매,2026-02,4400,DETAIL
민소매,2026-03,4400,DETAIL
민소매,2026-04,5400,DETAIL
민소매,2026-05,8100,DETAIL
민소매,2026-06,12100,DETAIL
민소매,2026-07,12100,DETAIL
민소매,2026-08,8100,DETAIL
민트,2025-09,60,COLOR
민트,2025-10,60,COLOR
민트,2025-11,80,COLOR
민트,2025-12,60,COLOR
민트,2026-01,90,COLOR
민트,2026-02,100,COLOR
민트,2026-03,170,COLOR
민트,2026-04,200,COLOR
민트,2026-05,270,COLOR
민트,2026-06,250,COLOR
민트,2026-07,260,COLOR
민트,2026-08,240,COLOR
바람막이,2025-09,14800,ITEM
바람막이,2025-10,14800,ITEM
바람막이,2025-11,6600,ITEM
바람막이,2025-12,4400,ITEM
바람막이,2026-01,5400,ITEM
바람막이,2026-02,8100,ITEM
바람막이,2026-03,49500,ITEM
바람막이,2026-04,27100,ITEM
바람막이,2026-05,14800,ITEM
바람막이,2026-06,8100,ITEM
바람막이,2026-07,6600,ITEM
바람막이,2026-08,8100,ITEM
바스켓백,2025-09,20,ITEM
바스켓백,2025-10,30,ITEM
바스켓백,2025-11,30,ITEM
바스켓백,2025-12,110,ITEM
바스켓백,2026-01,210,ITEM
바스켓백,2026-02,50,ITEM
바스켓백,2026-03,90,ITEM
바스켓백,2026-04,140,ITEM
바스켓백,2026-05,320,ITEM
바스켓백,2026-06,590,ITEM
바스켓백,2026-07,390,ITEM
바스켓백,2026-08,320,ITEM
바이크코어,2025-09,20,STYLE
바이크코어,2025-10,30,STYLE
바이크코어,2025-11,30,STYLE
바이크코어,2025-12,20,STYLE
바이크코어,2026-01,30,STYLE
바이크코어,2026-02,30,STYLE
바이크코어,2026-03,40,STYLE
바이크코어,2026-04,30,STYLE
바이크코어,2026-05,30,STYLE
바이크코어,2026-06,30,STYLE
바이크코어,2026-07,20,STYLE
바이크코어,2026-08,30,STYLE
박시,2025-09,240,DETAIL
박시,2025-10,240,DETAIL
박시,2025-11,150,DETAIL
박시,2025-12,220,DETAIL
박시,2026-01,210,DETAIL
박시,2026-02,210,DETAIL
박시,2026-03,280,DETAIL
박시,2026-04,320,DETAIL
박시,2026-05,430,DETAIL
박시,2026-06,350,DETAIL
박시,2026-07,350,DETAIL
박시,2026-08,350,DETAIL
반소매,2025-09,390,DETAIL
반소매,2025-10,390,DETAIL
반소매,2025-11,320,DETAIL
반소매,2025-12,320,DETAIL
반소매,2026-01,480,DETAIL
반소매,2026-02,390,DETAIL
반소매,2026-03,480,DETAIL
반소매,2026-04,590,DETAIL
반소매,2026-05,880,DETAIL
반소매,2026-06,720,DETAIL
반소매,2026-07,720,DETAIL
반소매,2026-08,720,DETAIL
발레코어,2025-09,3900,STYLE
발레코어,2025-10,4200,STYLE
발레코어,2025-11,3900,STYLE
발레코어,2025-12,3280,STYLE
발레코어,2026-01,3120,STYLE
발레코어,2026-02,3780,STYLE
발레코어,2026-03,4600,STYLE
발레코어,2026-04,4900,STYLE
발레코어,2026-05,4900,STYLE
발레코어,2026-06,4200,STYLE
발레코어,2026-07,4600,STYLE
발레코어,2026-08,4600,STYLE
발레플랫슈즈,2025-09,30,ITEM
발레플랫슈즈,2025-10,50,ITEM
발레플랫슈즈,2025-11,40,ITEM
발레플랫슈즈,2025-12,20,ITEM
발레플랫슈즈,2026-01,30,ITEM
발레플랫슈즈,2026-02,20,ITEM
발레플랫슈즈,2026-03,40,ITEM
발레플랫슈즈,2026-04,50,ITEM
발레플랫슈즈,2026-05,50,ITEM
발레플랫슈즈,2026-06,40,ITEM
발레플랫슈즈,2026-07,50,ITEM
발레플랫슈즈,2026-08,40,ITEM
배럴레그,2025-09,140,DETAIL
배럴레그,2025-10,250,DETAIL
배럴레그,2025-11,280,DETAIL
배럴레그,2025-12,210,DETAIL
배럴레그,2026-01,260,DETAIL
배럴레그,2026-02,330,DETAIL
배럴레그,2026-03,440,DETAIL
배럴레그,2026-04,370,DETAIL
배럴레그,2026-05,310,DETAIL
배럴레그,2026-06,370,DETAIL
배럴레그,2026-07,370,DETAIL
배럴레그,2026-08,560,DETAIL
백팩,2025-09,9900,ITEM
백팩,2025-10,8100,ITEM
백팩,2025-11,8100,ITEM
백팩,2025-12,8100,ITEM
백팩,2026-01,9900,ITEM
백팩,2026-02,9900,ITEM
백팩,2026-03,9900,ITEM
백팩,2026-04,8100,ITEM
백팩,2026-05,8100,ITEM
백팩,2026-06,8100,ITEM
백팩,2026-07,8100,ITEM
백팩,2026-08,9900,ITEM
백화점,2025-09,10,TPO
백화점,2025-10,10,TPO
백화점,2025-11,10,TPO
백화점,2025-12,10,TPO
백화점,2026-01,10,TPO
백화점,2026-02,20,TPO
백화점,2026-03,10,TPO
백화점,2026-04,10,TPO
백화점,2026-05,20,TPO
백화점,2026-06,20,TPO
백화점,2026-07,20,TPO
백화점,2026-08,20,TPO
버건디,2025-09,610,COLOR
버건디,2025-10,910,COLOR
버건디,2025-11,740,COLOR
버건디,2025-12,620,COLOR
버건디,2026-01,410,COLOR
버건디,2026-02,490,COLOR
버건디,2026-03,620,COLOR
버건디,2026-04,500,COLOR
버건디,2026-05,510,COLOR
버건디,2026-06,600,COLOR
버건디,2026-07,510,COLOR
버건디,2026-08,810,COLOR
버뮤다팬츠,2025-09,12100,ITEM
버뮤다팬츠,2025-10,8100,ITEM
버뮤다팬츠,2025-11,3600,ITEM
버뮤다팬츠,2025-12,2900,ITEM
버뮤다팬츠,2026-01,3600,ITEM
버뮤다팬츠,2026-02,3600,ITEM
버뮤다팬츠,2026-03,8100,ITEM
버뮤다팬츠,2026-04,22200,ITEM
버뮤다팬츠,2026-05,33100,ITEM
버뮤다팬츠,2026-06,27100,ITEM
버뮤다팬츠,2026-07,22200,ITEM
버뮤다팬츠,2026-08,18100,ITEM
버터옐로우,2025-09,180,COLOR
버터옐로우,2025-10,150,COLOR
버터옐로우,2025-11,180,COLOR
버터옐로우,2025-12,180,COLOR
버터옐로우,2026-01,270,COLOR
버터옐로우,2026-02,270,COLOR
버터옐로우,2026-03,410,COLOR
버터옐로우,2026-04,410,COLOR
버터옐로우,2026-05,610,COLOR
버터옐로우,2026-06,510,COLOR
버터옐로우,2026-07,520,COLOR
버터옐로우,2026-08,640,COLOR
벌룬,2025-09,420,DETAIL
벌룬,2025-10,350,DETAIL
벌룬,2025-11,280,DETAIL
벌룬,2025-12,280,DETAIL
벌룬,2026-01,330,DETAIL
벌룬,2026-02,490,DETAIL
벌룬,2026-03,1050,DETAIL
벌룬,2026-04,1090,DETAIL
벌룬,2026-05,1670,DETAIL
벌룬,2026-06,1630,DETAIL
벌룬,2026-07,1620,DETAIL
벌룬,2026-08,1340,DETAIL
벌룬소매,2025-09,110,DETAIL
벌룬소매,2025-10,140,DETAIL
벌룬소매,2025-11,140,DETAIL
벌룬소매,2025-12,170,DETAIL
벌룬소매,2026-01,140,DETAIL
벌룬소매,2026-02,170,DETAIL
벌룬소매,2026-03,260,DETAIL
벌룬소매,2026-04,260,DETAIL
벌룬소매,2026-05,210,DETAIL
벌룬소매,2026-06,210,DETAIL
벌룬소매,2026-07,210,DETAIL
벌룬소매,2026-08,260,DETAIL
베스트,2025-09,940,ITEM
베스트,2025-10,1520,ITEM
베스트,2025-11,1700,ITEM
베스트,2025-12,1520,ITEM
베스트,2026-01,1300,ITEM
베스트,2026-02,1190,ITEM
베스트,2026-03,1040,ITEM
베스트,2026-04,1010,ITEM
베스트,2026-05,920,ITEM
베스트,2026-06,910,ITEM
베스트,2026-07,940,ITEM
베스트,2026-08,960,ITEM
베이비블루,2025-09,1000,COLOR
베이비블루,2025-10,1000,COLOR
베이비블루,2025-11,1000,COLOR
베이비블루,2025-12,1300,COLOR
베이비블루,2026-01,1900,COLOR
베이비블루,2026-02,2400,COLOR
베이비블루,2026-03,2400,COLOR
베이비블루,2026-04,2900,COLOR
베이비블루,2026-05,3600,COLOR
베이비블루,2026-06,3600,COLOR
베이비블루,2026-07,3600,COLOR
베이비블루,2026-08,4400,COLOR
베이비핑크,2025-09,1000,COLOR
베이비핑크,2025-10,1000,COLOR
베이비핑크,2025-11,1300,COLOR
베이비핑크,2025-12,1600,COLOR
베이비핑크,2026-01,1900,COLOR
베이비핑크,2026-02,2400,COLOR
베이비핑크,2026-03,2900,COLOR
베이비핑크,2026-04,3600,COLOR
베이비핑크,2026-05,4400,COLOR
베이비핑크,2026-06,4400,COLOR
베이비핑크,2026-07,4400,COLOR
베이비핑크,2026-08,4400,COLOR
베이지,2025-09,280,COLOR
베이지,2025-10,350,COLOR
베이지,2025-11,280,COLOR
베이지,2025-12,230,COLOR
베이지,2026-01,210,COLOR
베이지,2026-02,340,COLOR
베이지,2026-03,400,COLOR
베이지,2026-04,420,COLOR
베이지,2026-05,460,COLOR
베이지,2026-06,370,COLOR
베이지,2026-07,280,COLOR
베이지,2026-08,420,COLOR
벨루어,2025-09,90,MATERIAL
벨루어,2025-10,100,MATERIAL
벨루어,2025-11,120,MATERIAL
벨루어,2025-12,150,MATERIAL
벨루어,2026-01,170,MATERIAL
벨루어,2026-02,230,MATERIAL
벨루어,2026-03,230,MATERIAL
벨루어,2026-04,230,MATERIAL
벨루어,2026-05,340,MATERIAL
벨루어,2026-06,280,MATERIAL
벨루어,2026-07,340,MATERIAL
벨루어,2026-08,290,MATERIAL
벨벳,2025-09,490,MATERIAL
벨벳,2025-10,650,MATERIAL
벨벳,2025-11,780,MATERIAL
벨벳,2025-12,710,MATERIAL
벨벳,2026-01,580,MATERIAL
벨벳,2026-02,470,MATERIAL
벨벳,2026-03,520,MATERIAL
벨벳,2026-04,600,MATERIAL
벨벳,2026-05,600,MATERIAL
벨벳,2026-06,530,MATERIAL
벨벳,2026-07,490,MATERIAL
벨벳,2026-08,470,MATERIAL
벨소매,2025-09,70,DETAIL
벨소매,2025-10,40,DETAIL
벨소매,2025-11,70,DETAIL
벨소매,2025-12,50,DETAIL
벨소매,2026-01,40,DETAIL
벨소매,2026-02,40,DETAIL
벨소매,2026-03,70,DETAIL
벨소매,2026-04,70,DETAIL
벨소매,2026-05,70,DETAIL
벨소매,2026-06,70,DETAIL
벨소매,2026-07,70,DETAIL
벨소매,2026-08,90,DETAIL
벨크로,2025-09,3690,DETAIL
벨크로,2025-10,2970,DETAIL
벨크로,2025-11,3690,DETAIL
벨크로,2025-12,3690,DETAIL
벨크로,2026-01,2970,DETAIL
벨크로,2026-02,2490,DETAIL
벨크로,2026-03,4570,DETAIL
벨크로,2026-04,4540,DETAIL
벨크로,2026-05,4570,DETAIL
벨크로,2026-06,4610,DETAIL
벨크로,2026-07,3770,DETAIL
벨크로,2026-08,3690,DETAIL
벨트,2025-09,500,ITEM
벨트,2025-10,480,ITEM
벨트,2025-11,460,ITEM
벨트,2025-12,440,ITEM
벨트,2026-01,360,ITEM
벨트,2026-02,460,ITEM
벨트,2026-03,500,ITEM
벨트,2026-04,570,ITEM
벨트,2026-05,570,ITEM
벨트,2026-06,590,ITEM
벨트,2026-07,480,ITEM
벨트,2026-08,570,ITEM
보우,2025-09,10,DETAIL
보우,2025-10,10,DETAIL
보우,2025-11,10,DETAIL
보우,2025-12,30,DETAIL
보우,2026-01,50,DETAIL
보우,2026-02,90,DETAIL
보우,2026-03,90,DETAIL
보우,2026-04,110,DETAIL
보우,2026-05,110,DETAIL
보우,2026-06,110,DETAIL
보우,2026-07,110,DETAIL
보우,2026-08,140,DETAIL
보트넥,2025-09,1300,DETAIL
보트넥,2025-10,1000,DETAIL
보트넥,2025-11,1000,DETAIL
보트넥,2025-12,1000,DETAIL
보트넥,2026-01,1000,DETAIL
보트넥,2026-02,1000,DETAIL
보트넥,2026-03,1600,DETAIL
보트넥,2026-04,1900,DETAIL
보트넥,2026-05,1900,DETAIL
보트넥,2026-06,1900,DETAIL
보트넥,2026-07,1900,DETAIL
보트넥,2026-08,1900,DETAIL
보트슈즈,2025-09,720,ITEM
보트슈즈,2025-10,880,ITEM
보트슈즈,2025-11,880,ITEM
보트슈즈,2025-12,880,ITEM
보트슈즈,2026-01,1000,ITEM
보트슈즈,2026-02,880,ITEM
보트슈즈,2026-03,1300,ITEM
보트슈즈,2026-04,1600,ITEM
보트슈즈,2026-05,1600,ITEM
보트슈즈,2026-06,1300,ITEM
보트슈즈,2026-07,1300,ITEM
보트슈즈,2026-08,1000,ITEM
볼레로,2025-09,6600,ITEM
볼레로,2025-10,8100,ITEM
볼레로,2025-11,5400,ITEM
볼레로,2025-12,5400,ITEM
볼레로,2026-01,5400,ITEM
볼레로,2026-02,5400,ITEM
볼레로,2026-03,6600,ITEM
볼레로,2026-04,8100,ITEM
볼레로,2026-05,8100,ITEM
볼레로,2026-06,8100,ITEM
볼레로,2026-07,8100,ITEM
볼레로,2026-08,8100,ITEM
볼캡,2025-09,3110,ITEM
볼캡,2025-10,3160,ITEM
볼캡,2025-11,2660,ITEM
볼캡,2025-12,2570,ITEM
볼캡,2026-01,3160,ITEM
볼캡,2026-02,3110,ITEM
볼캡,2026-03,3990,ITEM
볼캡,2026-04,4790,ITEM
볼캡,2026-05,4880,ITEM
볼캡,2026-06,3920,ITEM
볼캡,2026-07,3990,ITEM
볼캡,2026-08,3990,ITEM
봄,2025-09,760,TPO
봄,2025-10,730,TPO
봄,2025-11,940,TPO
봄,2025-12,1050,TPO
봄,2026-01,2210,TPO
봄,2026-02,6980,TPO
봄,2026-03,13200,TPO
봄,2026-04,7700,TPO
봄,2026-05,1690,TPO
봄,2026-06,640,TPO
봄,2026-07,620,TPO
봄,2026-08,640,TPO
봄버재킷,2025-09,320,ITEM
봄버재킷,2025-10,390,ITEM
봄버재킷,2025-11,720,ITEM
봄버재킷,2025-12,320,ITEM
봄버재킷,2026-01,320,ITEM
봄버재킷,2026-02,390,ITEM
봄버재킷,2026-03,390,ITEM
봄버재킷,2026-04,260,ITEM
봄버재킷,2026-05,170,ITEM
봄버재킷,2026-06,210,ITEM
봄버재킷,2026-07,320,ITEM
봄버재킷,2026-08,320,ITEM
부츠,2025-09,18880,ITEM
부츠,2025-10,23000,ITEM
부츠,2025-11,23400,ITEM
부츠,2025-12,28410,ITEM
부츠,2026-01,13300,ITEM
부츠,2026-02,7180,ITEM
부츠,2026-03,5830,ITEM
부츠,2026-04,5890,ITEM
부츠,2026-05,6950,ITEM
부츠,2026-06,5830,ITEM
부츠,2026-07,7090,ITEM
부츠,2026-08,10330,ITEM
부츠컷,2025-09,2900,DETAIL
부츠컷,2025-10,3600,DETAIL
부츠컷,2025-11,2900,DETAIL
부츠컷,2025-12,3600,DETAIL
부츠컷,2026-01,4400,DETAIL
부츠컷,2026-02,4400,DETAIL
부츠컷,2026-03,5400,DETAIL
부츠컷,2026-04,5400,DETAIL
부츠컷,2026-05,6600,DETAIL
부츠컷,2026-06,4400,DETAIL
부츠컷,2026-07,5400,DETAIL
부츠컷,2026-08,5400,DETAIL
브라,2025-09,13520,ITEM
브라,2025-10,13530,ITEM
브라,2025-11,11720,ITEM
브라,2025-12,11020,ITEM
브라,2026-01,13520,ITEM
브라,2026-02,11720,ITEM
브라,2026-03,13530,ITEM
브라,2026-04,15330,ITEM
브라,2026-05,16540,ITEM
브라,2026-06,16550,ITEM
브라,2026-07,22040,ITEM
브라,2026-08,20240,ITEM
브라운,2025-09,430,COLOR
브라운,2025-10,630,COLOR
브라운,2025-11,630,COLOR
브라운,2025-12,510,COLOR
브라운,2026-01,430,COLOR
브라운,2026-02,460,COLOR
브라운,2026-03,440,COLOR
브라운,2026-04,370,COLOR
브라운,2026-05,210,COLOR
브라운,2026-06,240,COLOR
브라운,2026-07,190,COLOR
브라운,2026-08,360,COLOR
브리프케이스,2025-09,1300,ITEM
브리프케이스,2025-10,1300,ITEM
브리프케이스,2025-11,1600,ITEM
브리프케이스,2025-12,1600,ITEM
브리프케이스,2026-01,1600,ITEM
브리프케이스,2026-02,1600,ITEM
브리프케이스,2026-03,1600,ITEM
브리프케이스,2026-04,1300,ITEM
브리프케이스,2026-05,1300,ITEM
브리프케이스,2026-06,1600,ITEM
브리프케이스,2026-07,1600,ITEM
브리프케이스,2026-08,1900,ITEM
브릭레드,2025-09,210,COLOR
브릭레드,2025-10,260,COLOR
브릭레드,2025-11,260,COLOR
브릭레드,2025-12,260,COLOR
브릭레드,2026-01,210,COLOR
브릭레드,2026-02,260,COLOR
브릭레드,2026-03,320,COLOR
브릭레드,2026-04,260,COLOR
브릭레드,2026-05,260,COLOR
브릭레드,2026-06,170,COLOR
브릭레드,2026-07,210,COLOR
브릭레드,2026-08,170,COLOR
브이넥,2025-09,1000,DETAIL
브이넥,2025-10,1300,DETAIL
브이넥,2025-11,1300,DETAIL
브이넥,2025-12,1000,DETAIL
브이넥,2026-01,1300,DETAIL
브이넥,2026-02,1300,DETAIL
브이넥,2026-03,1300,DETAIL
브이넥,2026-04,1600,DETAIL
브이넥,2026-05,1900,DETAIL
브이넥,2026-06,1600,DETAIL
브이넥,2026-07,1600,DETAIL
브이넥,2026-08,1600,DETAIL
블라우스,2025-09,22200,ITEM
블라우스,2025-10,14800,ITEM
블라우스,2025-11,14800,ITEM
블라우스,2025-12,14800,ITEM
블라우스,2026-01,18100,ITEM
블라우스,2026-02,18100,ITEM
블라우스,2026-03,18100,ITEM
블라우스,2026-04,90500,ITEM
블라우스,2026-05,22200,ITEM
블라우스,2026-06,27100,ITEM
블라우스,2026-07,27100,ITEM
블라우스,2026-08,22200,ITEM
블랙,2025-09,380,COLOR
블랙,2025-10,390,COLOR
블랙,2025-11,310,COLOR
블랙,2025-12,290,COLOR
블랙,2026-01,250,COLOR
블랙,2026-02,290,COLOR
블랙,2026-03,350,COLOR
블랙,2026-04,380,COLOR
블랙,2026-05,390,COLOR
블랙,2026-06,250,COLOR
블랙,2026-07,320,COLOR
블랙,2026-08,320,COLOR
블레이저,2025-09,12100,ITEM
블레이저,2025-10,14800,ITEM
블레이저,2025-11,12100,ITEM
블레이저,2025-12,9900,ITEM
블레이저,2026-01,9900,ITEM
블레이저,2026-02,9900,ITEM
블레이저,2026-03,33100,ITEM
블레이저,2026-04,18100,ITEM
블레이저,2026-05,12100,ITEM
블레이저,2026-06,8100,ITEM
블레이저,2026-07,8100,ITEM
블레이저,2026-08,9900,ITEM
블록코어,2025-09,3900,STYLE
블록코어,2025-10,2190,STYLE
블록코어,2025-11,1390,STYLE
블록코어,2025-12,1140,STYLE
블록코어,2026-01,1390,STYLE
블록코어,2026-02,1390,STYLE
블록코어,2026-03,2080,STYLE
블록코어,2026-04,3280,STYLE
블록코어,2026-05,4200,STYLE
블록코어,2026-06,4900,STYLE
블록코어,2026-07,4200,STYLE
블록코어,2026-08,3780,STYLE
블록힐,2025-09,40,DETAIL
블록힐,2025-10,40,DETAIL
블록힐,2025-11,30,DETAIL
블록힐,2025-12,50,DETAIL
블록힐,2026-01,50,DETAIL
블록힐,2026-02,50,DETAIL
블록힐,2026-03,70,DETAIL
블록힐,2026-04,70,DETAIL
블록힐,2026-05,70,DETAIL
블록힐,2026-06,70,DETAIL
블록힐,2026-07,70,DETAIL
블록힐,2026-08,90,DETAIL
블루,2025-09,340,COLOR
블루,2025-10,340,COLOR
블루,2025-11,290,COLOR
블루,2025-12,380,COLOR
블루,2026-01,300,COLOR
블루,2026-02,320,COLOR
블루,2026-03,290,COLOR
블루,2026-04,310,COLOR
블루,2026-05,330,COLOR
블루,2026-06,510,COLOR
블루,2026-07,660,COLOR
블루,2026-08,330,COLOR
블루종,2025-09,6600,ITEM
블루종,2025-10,12100,ITEM
블루종,2025-11,9900,ITEM
블루종,2025-12,5400,ITEM
블루종,2026-01,5400,ITEM
블루종,2026-02,9900,ITEM
블루종,2026-03,12100,ITEM
블루종,2026-04,6600,ITEM
블루종,2026-05,3600,ITEM
블루종,2026-06,2400,ITEM
블루종,2026-07,1900,ITEM
블루종,2026-08,3600,ITEM
비니,2025-09,7190,ITEM
비니,2025-10,10780,ITEM
비니,2025-11,16100,ITEM
비니,2025-12,16400,ITEM
비니,2026-01,16100,ITEM
비니,2026-02,10780,ITEM
비니,2026-03,8820,ITEM
비니,2026-04,7190,ITEM
비니,2026-05,7190,ITEM
비니,2026-06,7190,ITEM
비니,2026-07,7190,ITEM
비니,2026-08,7320,ITEM
비숍소매,2025-09,90,DETAIL
비숍소매,2025-10,170,DETAIL
비숍소매,2025-11,170,DETAIL
비숍소매,2025-12,140,DETAIL
비숍소매,2026-01,170,DETAIL
비숍소매,2026-02,140,DETAIL
비숍소매,2026-03,170,DETAIL
비숍소매,2026-04,170,DETAIL
비숍소매,2026-05,260,DETAIL
비숍소매,2026-06,210,DETAIL
비숍소매,2026-07,210,DETAIL
비숍소매,2026-08,210,DETAIL
비즈,2025-09,50,DETAIL
비즈,2025-10,30,DETAIL
비즈,2025-11,20,DETAIL
비즈,2025-12,70,DETAIL
비즈,2026-01,110,DETAIL
비즈,2026-02,170,DETAIL
비즈,2026-03,170,DETAIL
비즈,2026-04,260,DETAIL
비즈,2026-05,390,DETAIL
비즈,2026-06,320,DETAIL
비즈,2026-07,390,DETAIL
비즈,2026-08,320,DETAIL
비즈니스 미팅,2025-09,8270,TPO
비즈니스 미팅,2025-10,8270,TPO
비즈니스 미팅,2025-11,10080,TPO
비즈니스 미팅,2025-12,8230,TPO
비즈니스 미팅,2026-01,8300,TPO
비즈니스 미팅,2026-02,6760,TPO
비즈니스 미팅,2026-03,10180,TPO
비즈니스 미팅,2026-04,10110,TPO
비즈니스 미팅,2026-05,12320,TPO
비즈니스 미팅,2026-06,12280,TPO
비즈니스 미팅,2026-07,10080,TPO
비즈니스 미팅,2026-08,10080,TPO
비즈니스코어,2025-09,180,STYLE
비즈니스코어,2025-10,150,STYLE
비즈니스코어,2025-11,180,STYLE
비즈니스코어,2025-12,160,STYLE
비즈니스코어,2026-01,130,STYLE
비즈니스코어,2026-02,130,STYLE
비즈니스코어,2026-03,190,STYLE
비즈니스코어,2026-04,150,STYLE
비즈니스코어,2026-05,190,STYLE
비즈니스코어,2026-06,180,STYLE
비즈니스코어,2026-07,150,STYLE
비즈니스코어,2026-08,180,STYLE
빈티지,2025-09,1890,STYLE
빈티지,2025-10,1980,STYLE
빈티지,2025-11,1730,STYLE
빈티지,2025-12,1520,STYLE
빈티지,2026-01,1410,STYLE
빈티지,2026-02,1410,STYLE
빈티지,2026-03,2090,STYLE
빈티지,2026-04,1770,STYLE
빈티지,2026-05,2050,STYLE
빈티지,2026-06,1810,STYLE
빈티지,2026-07,1520,STYLE
빈티지,2026-08,1700,STYLE
상견례,2025-09,1510,TPO
상견례,2025-10,2110,TPO
상견례,2025-11,1770,TPO
상견례,2025-12,1210,TPO
상견례,2026-01,1510,TPO
상견례,2026-02,1860,TPO
상견례,2026-03,2220,TPO
상견례,2026-04,2220,TPO
상견례,2026-05,2220,TPO
상견례,2026-06,1810,TPO
상견례,2026-07,1620,TPO
상견례,2026-08,1560,TPO
새틴,2025-09,350,MATERIAL
새틴,2025-10,380,MATERIAL
새틴,2025-11,340,MATERIAL
새틴,2025-12,340,MATERIAL
새틴,2026-01,380,MATERIAL
새틴,2026-02,340,MATERIAL
새틴,2026-03,530,MATERIAL
새틴,2026-04,530,MATERIAL
새틴,2026-05,600,MATERIAL
새틴,2026-06,600,MATERIAL
새틴,2026-07,600,MATERIAL
새틴,2026-08,530,MATERIAL
샌드베이지,2025-09,880,COLOR
샌드베이지,2025-10,720,COLOR
샌드베이지,2025-11,880,COLOR
샌드베이지,2025-12,880,COLOR
샌드베이지,2026-01,1000,COLOR
샌드베이지,2026-02,1000,COLOR
샌드베이지,2026-03,1300,COLOR
샌드베이지,2026-04,1000,COLOR
샌드베이지,2026-05,1000,COLOR
샌드베이지,2026-06,1300,COLOR
샌드베이지,2026-07,1000,COLOR
샌드베이지,2026-08,1000,COLOR
샌들,2025-09,3990,ITEM
샌들,2025-10,2660,ITEM
샌들,2025-11,2220,ITEM
샌들,2025-12,2080,ITEM
샌들,2026-01,2380,ITEM
샌들,2026-02,2290,ITEM
샌들,2026-03,3380,ITEM
샌들,2026-04,5280,ITEM
샌들,2026-05,28700,ITEM
샌들,2026-06,24100,ITEM
샌들,2026-07,35000,ITEM
샌들,2026-08,7480,ITEM
생일 파티,2025-09,220,TPO
생일 파티,2025-10,270,TPO
생일 파티,2025-11,330,TPO
생일 파티,2025-12,400,TPO
생일 파티,2026-01,270,TPO
생일 파티,2026-02,180,TPO
생일 파티,2026-03,220,TPO
생일 파티,2026-04,190,TPO
생일 파티,2026-05,220,TPO
생일 파티,2026-06,220,TPO
생일 파티,2026-07,180,TPO
생일 파티,2026-08,170,TPO
생지,2025-09,10,MATERIAL
생지,2025-10,10,MATERIAL
생지,2025-11,10,MATERIAL
생지,2025-12,20,MATERIAL
생지,2026-01,20,MATERIAL
생지,2026-02,20,MATERIAL
생지,2026-03,20,MATERIAL
생지,2026-04,40,MATERIAL
생지,2026-05,50,MATERIAL
생지,2026-06,50,MATERIAL
생지,2026-07,50,MATERIAL
생지,2026-08,70,MATERIAL
선글라스,2025-09,14800,ITEM
선글라스,2025-10,12100,ITEM
선글라스,2025-11,12100,ITEM
선글라스,2025-12,12100,ITEM
선글라스,2026-01,12100,ITEM
선글라스,2026-02,9900,ITEM
선글라스,2026-03,12100,ITEM
선글라스,2026-04,18100,ITEM
선글라스,2026-05,27100,ITEM
선글라스,2026-06,18100,ITEM
선글라스,2026-07,22200,ITEM
선글라스,2026-08,14800,ITEM
선셋오렌지,2025-09,70,COLOR
선셋오렌지,2025-10,90,COLOR
선셋오렌지,2025-11,90,COLOR
선셋오렌지,2025-12,70,COLOR
선셋오렌지,2026-01,70,COLOR
선셋오렌지,2026-02,70,COLOR
선셋오렌지,2026-03,70,COLOR
선셋오렌지,2026-04,70,COLOR
선셋오렌지,2026-05,90,COLOR
선셋오렌지,2026-06,90,COLOR
선셋오렌지,2026-07,70,COLOR
선셋오렌지,2026-08,110,COLOR
세미오버핏,2025-09,320,DETAIL
세미오버핏,2025-10,320,DETAIL
세미오버핏,2025-11,320,DETAIL
세미오버핏,2025-12,320,DETAIL
세미오버핏,2026-01,390,DETAIL
세미오버핏,2026-02,480,DETAIL
세미오버핏,2026-03,590,DETAIL
세미오버핏,2026-04,720,DETAIL
세미오버핏,2026-05,880,DETAIL
세미오버핏,2026-06,720,DETAIL
세미오버핏,2026-07,880,DETAIL
세미오버핏,2026-08,720,DETAIL
세미와이드,2025-09,530,DETAIL
세미와이드,2025-10,710,DETAIL
세미와이드,2025-11,650,DETAIL
세미와이드,2025-12,580,DETAIL
세미와이드,2026-01,710,DETAIL
세미와이드,2026-02,710,DETAIL
세미와이드,2026-03,910,DETAIL
세미와이드,2026-04,800,DETAIL
세미와이드,2026-05,910,DETAIL
세미와이드,2026-06,650,DETAIL
세미와이드,2026-07,600,DETAIL
세미와이드,2026-08,650,DETAIL
세이지그린,2025-09,1610,COLOR
세이지그린,2025-10,1610,COLOR
세이지그린,2025-11,1630,COLOR
세이지그린,2025-12,1630,COLOR
세이지그린,2026-01,2420,COLOR
세이지그린,2026-02,2420,COLOR
세이지그린,2026-03,2930,COLOR
세이지그린,2026-04,2940,COLOR
세이지그린,2026-05,2930,COLOR
세이지그린,2026-06,3620,COLOR
세이지그린,2026-07,3650,COLOR
세이지그린,2026-08,2930,COLOR
세일러칼라,2025-09,70,DETAIL
세일러칼라,2025-10,50,DETAIL
세일러칼라,2025-11,70,DETAIL
세일러칼라,2025-12,70,DETAIL
세일러칼라,2026-01,70,DETAIL
세일러칼라,2026-02,110,DETAIL
세일러칼라,2026-03,170,DETAIL
세일러칼라,2026-04,210,DETAIL
세일러칼라,2026-05,260,DETAIL
세일러칼라,2026-06,260,DETAIL
세일러칼라,2026-07,210,DETAIL
세일러칼라,2026-08,210,DETAIL
세트업,2025-09,2800,ITEM
세트업,2025-10,3270,ITEM
세트업,2025-11,3160,ITEM
세트업,2025-12,3140,ITEM
세트업,2026-01,3140,ITEM
세트업,2026-02,3200,ITEM
세트업,2026-03,2250,ITEM
세트업,2026-04,2890,ITEM
세트업,2026-05,4830,ITEM
세트업,2026-06,3950,ITEM
세트업,2026-07,3160,ITEM
세트업,2026-08,3220,ITEM
셀비지,2025-09,720,MATERIAL
셀비지,2025-10,720,MATERIAL
셀비지,2025-11,590,MATERIAL
셀비지,2025-12,480,MATERIAL
셀비지,2026-01,480,MATERIAL
셀비지,2026-02,880,MATERIAL
셀비지,2026-03,1300,MATERIAL
셀비지,2026-04,880,MATERIAL
셀비지,2026-05,720,MATERIAL
셀비지,2026-06,480,MATERIAL
셀비지,2026-07,480,MATERIAL
셀비지,2026-08,590,MATERIAL
셔링,2025-09,190,DETAIL
셔링,2025-10,180,DETAIL
셔링,2025-11,190,DETAIL
셔링,2025-12,190,DETAIL
셔링,2026-01,290,DETAIL
셔링,2026-02,300,DETAIL
셔링,2026-03,370,DETAIL
셔링,2026-04,370,DETAIL
셔링,2026-05,500,DETAIL
셔링,2026-06,560,DETAIL
셔링,2026-07,530,DETAIL
셔링,2026-08,600,DETAIL
셔츠,2025-09,27900,ITEM
셔츠,2025-10,22910,ITEM
셔츠,2025-11,12630,ITEM
셔츠,2025-12,12570,ITEM
셔츠,2026-01,18570,ITEM
셔츠,2026-02,22780,ITEM
셔츠,2026-03,23070,ITEM
셔츠,2026-04,34210,ITEM
셔츠,2026-05,34300,ITEM
셔츠,2026-06,19170,ITEM
셔츠,2026-07,19170,ITEM
셔츠,2026-08,34080,ITEM
셔츠칼라,2025-09,140,DETAIL
셔츠칼라,2025-10,170,DETAIL
셔츠칼라,2025-11,110,DETAIL
셔츠칼라,2025-12,90,DETAIL
셔츠칼라,2026-01,110,DETAIL
셔츠칼라,2026-02,140,DETAIL
셔츠칼라,2026-03,260,DETAIL
셔츠칼라,2026-04,210,DETAIL
셔츠칼라,2026-05,210,DETAIL
셔츠칼라,2026-06,260,DETAIL
셔츠칼라,2026-07,210,DETAIL
셔츠칼라,2026-08,210,DETAIL
소매,2025-09,20,DETAIL
소매,2025-10,10,DETAIL
소매,2025-11,10,DETAIL
소매,2025-12,20,DETAIL
소매,2026-01,20,DETAIL
소매,2026-02,20,DETAIL
소매,2026-03,30,DETAIL
소매,2026-04,20,DETAIL
소매,2026-05,40,DETAIL
소매,2026-06,30,DETAIL
소매,2026-07,40,DETAIL
소매,2026-08,40,DETAIL
쇼츠,2025-09,22900,ITEM
쇼츠,2025-10,18400,ITEM
쇼츠,2025-11,18400,ITEM
쇼츠,2025-12,17700,ITEM
쇼츠,2026-01,18400,ITEM
쇼츠,2026-02,18400,ITEM
쇼츠,2026-03,21400,ITEM
쇼츠,2026-04,26200,ITEM
쇼츠,2026-05,44400,ITEM
쇼츠,2026-06,58600,ITEM
쇼츠,2026-07,30200,ITEM
쇼츠,2026-08,24700,ITEM
숄더백,2025-09,3600,ITEM
숄더백,2025-10,3600,ITEM
숄더백,2025-11,3600,ITEM
숄더백,2025-12,3600,ITEM
숄더백,2026-01,4400,ITEM
숄더백,2026-02,5400,ITEM
숄더백,2026-03,5400,ITEM
숄더백,2026-04,4400,ITEM
숄더백,2026-05,4400,ITEM
숄더백,2026-06,4400,ITEM
숄더백,2026-07,4400,ITEM
숄더백,2026-08,5400,ITEM
숏기장,2025-09,30,DETAIL
숏기장,2025-10,70,DETAIL
숏기장,2025-11,50,DETAIL
숏기장,2025-12,70,DETAIL
숏기장,2026-01,50,DETAIL
숏기장,2026-02,70,DETAIL
숏기장,2026-03,50,DETAIL
숏기장,2026-04,50,DETAIL
숏기장,2026-05,50,DETAIL
숏기장,2026-06,50,DETAIL
숏기장,2026-07,40,DETAIL
숏기장,2026-08,50,DETAIL
수영복,2025-09,78600,ITEM
수영복,2025-10,72600,ITEM
수영복,2025-11,61600,ITEM
수영복,2025-12,64300,ITEM
수영복,2026-01,75300,ITEM
수영복,2026-02,67600,ITEM
수영복,2026-03,75300,ITEM
수영복,2026-04,78600,ITEM
수영복,2026-05,96200,ITEM
수영복,2026-06,101100,ITEM
수영복,2026-07,131000,ITEM
수영복,2026-08,143100,ITEM
쉬폰,2025-09,400,MATERIAL
쉬폰,2025-10,350,MATERIAL
쉬폰,2025-11,320,MATERIAL
쉬폰,2025-12,490,MATERIAL
쉬폰,2026-01,740,MATERIAL
쉬폰,2026-02,980,MATERIAL
쉬폰,2026-03,1270,MATERIAL
쉬폰,2026-04,1590,MATERIAL
쉬폰,2026-05,2020,MATERIAL
쉬폰,2026-06,1890,MATERIAL
쉬폰,2026-07,1890,MATERIAL
쉬폰,2026-08,1890,MATERIAL
스니커즈,2025-09,18100,ITEM
스니커즈,2025-10,12100,ITEM
스니커즈,2025-11,12100,ITEM
스니커즈,2025-12,14800,ITEM
스니커즈,2026-01,18100,ITEM
스니커즈,2026-02,27100,ITEM
스니커즈,2026-03,14800,ITEM
스니커즈,2026-04,12100,ITEM
스니커즈,2026-05,14800,ITEM
스니커즈,2026-06,22200,ITEM
스니커즈,2026-07,9900,ITEM
스니커즈,2026-08,12100,ITEM
스모키그레이,2025-09,40,COLOR
스모키그레이,2025-10,40,COLOR
스모키그레이,2025-11,50,COLOR
스모키그레이,2025-12,40,COLOR
스모키그레이,2026-01,70,COLOR
스모키그레이,2026-02,70,COLOR
스모키그레이,2026-03,40,COLOR
스모키그레이,2026-04,30,COLOR
스모키그레이,2026-05,50,COLOR
스모키그레이,2026-06,50,COLOR
스모키그레이,2026-07,50,COLOR
스모키그레이,2026-08,50,COLOR
스모킹,2025-09,40,DETAIL
스모킹,2025-10,30,DETAIL
스모킹,2025-11,30,DETAIL
스모킹,2025-12,40,DETAIL
스모킹,2026-01,80,DETAIL
스모킹,2026-02,130,DETAIL
스모킹,2026-03,250,DETAIL
스모킹,2026-04,410,DETAIL
스모킹,2026-05,730,DETAIL
스모킹,2026-06,890,DETAIL
스모킹,2026-07,890,DETAIL
스모킹,2026-08,860,DETAIL
스웨이드,2025-09,280,MATERIAL
스웨이드,2025-10,470,MATERIAL
스웨이드,2025-11,430,MATERIAL
스웨이드,2025-12,380,MATERIAL
스웨이드,2026-01,580,MATERIAL
스웨이드,2026-02,650,MATERIAL
스웨이드,2026-03,870,MATERIAL
스웨이드,2026-04,870,MATERIAL
스웨이드,2026-05,980,MATERIAL
스웨이드,2026-06,910,MATERIAL
스웨이드,2026-07,980,MATERIAL
스웨이드,2026-08,1110,MATERIAL
스웨트팬츠,2025-09,1300,ITEM
스웨트팬츠,2025-10,1900,ITEM
스웨트팬츠,2025-11,1600,ITEM
스웨트팬츠,2025-12,1300,ITEM
스웨트팬츠,2026-01,4400,ITEM
스웨트팬츠,2026-02,1900,ITEM
스웨트팬츠,2026-03,2900,ITEM
스웨트팬츠,2026-04,2900,ITEM
스웨트팬츠,2026-05,3600,ITEM
스웨트팬츠,2026-06,2400,ITEM
스웨트팬츠,2026-07,2900,ITEM
스웨트팬츠,2026-08,2900,ITEM
스위트하트넥,2025-09,0,DETAIL
스위트하트넥,2025-10,0,DETAIL
스위트하트넥,2025-11,0,DETAIL
스위트하트넥,2025-12,0,DETAIL
스위트하트넥,2026-01,0,DETAIL
스위트하트넥,2026-02,0,DETAIL
스위트하트넥,2026-03,0,DETAIL
스위트하트넥,2026-04,0,DETAIL
스위트하트넥,2026-05,0,DETAIL
스위트하트넥,2026-06,40,DETAIL
스위트하트넥,2026-07,30,DETAIL
스위트하트넥,2026-08,40,DETAIL
스카이블루,2025-09,2950,COLOR
스카이블루,2025-10,2970,COLOR
스카이블루,2025-11,2970,COLOR
스카이블루,2025-12,2970,COLOR
스카이블루,2026-01,3650,COLOR
스카이블루,2026-02,3690,COLOR
스카이블루,2026-03,4490,COLOR
스카이블루,2026-04,4510,COLOR
스카이블루,2026-05,4490,COLOR
스카이블루,2026-06,4510,COLOR
스카이블루,2026-07,4490,COLOR
스카이블루,2026-08,4490,COLOR
스카프,2025-09,5800,ITEM
스카프,2025-10,5900,ITEM
스카프,2025-11,7090,ITEM
스카프,2025-12,5730,ITEM
스카프,2026-01,5730,ITEM
스카프,2026-02,8590,ITEM
스카프,2026-03,7210,ITEM
스카프,2026-04,7000,ITEM
스카프,2026-05,7000,ITEM
스카프,2026-06,5740,ITEM
스카프,2026-07,5640,ITEM
스카프,2026-08,5680,ITEM
스커트,2025-09,12500,ITEM
스커트,2025-10,14300,ITEM
스커트,2025-11,12500,ITEM
스커트,2025-12,13500,ITEM
스커트,2026-01,27600,ITEM
스커트,2026-02,22500,ITEM
스커트,2026-03,23500,ITEM
스커트,2026-04,17500,ITEM
스커트,2026-05,38500,ITEM
스커트,2026-06,65900,ITEM
스커트,2026-07,79400,ITEM
스커트,2026-08,54900,ITEM
스커트팬츠,2025-09,480,ITEM
스커트팬츠,2025-10,390,ITEM
스커트팬츠,2025-11,320,ITEM
스커트팬츠,2025-12,390,ITEM
스커트팬츠,2026-01,590,ITEM
스커트팬츠,2026-02,590,ITEM
스커트팬츠,2026-03,880,ITEM
스커트팬츠,2026-04,880,ITEM
스커트팬츠,2026-05,1000,ITEM
스커트팬츠,2026-06,1000,ITEM
스커트팬츠,2026-07,880,ITEM
스커트팬츠,2026-08,880,ITEM
스케이트화,2025-09,320,ITEM
스케이트화,2025-10,320,ITEM
스케이트화,2025-11,320,ITEM
스케이트화,2025-12,590,ITEM
스케이트화,2026-01,590,ITEM
스케이트화,2026-02,590,ITEM
스케이트화,2026-03,480,ITEM
스케이트화,2026-04,390,ITEM
스케이트화,2026-05,390,ITEM
스케이트화,2026-06,390,ITEM
스케이트화,2026-07,390,ITEM
스케이트화,2026-08,390,ITEM
스쿱넥,2025-09,210,DETAIL
스쿱넥,2025-10,210,DETAIL
스쿱넥,2025-11,210,DETAIL
스쿱넥,2025-12,170,DETAIL
스쿱넥,2026-01,210,DETAIL
스쿱넥,2026-02,260,DETAIL
스쿱넥,2026-03,480,DETAIL
스쿱넥,2026-04,720,DETAIL
스쿱넥,2026-05,1300,DETAIL
스쿱넥,2026-06,1000,DETAIL
스쿱넥,2026-07,1000,DETAIL
스쿱넥,2026-08,1000,DETAIL
스퀘어넥,2025-09,720,DETAIL
스퀘어넥,2025-10,720,DETAIL
스퀘어넥,2025-11,880,DETAIL
스퀘어넥,2025-12,720,DETAIL
스퀘어넥,2026-01,880,DETAIL
스퀘어넥,2026-02,880,DETAIL
스퀘어넥,2026-03,1300,DETAIL
스퀘어넥,2026-04,1300,DETAIL
스퀘어넥,2026-05,1600,DETAIL
스퀘어넥,2026-06,1900,DETAIL
스퀘어넥,2026-07,1600,DETAIL
스퀘어넥,2026-08,1900,DETAIL
스퀘어토,2025-09,210,DETAIL
스퀘어토,2025-10,170,DETAIL
스퀘어토,2025-11,210,DETAIL
스퀘어토,2025-12,210,DETAIL
스퀘어토,2026-01,210,DETAIL
스퀘어토,2026-02,170,DETAIL
스퀘어토,2026-03,210,DETAIL
스퀘어토,2026-04,210,DETAIL
스퀘어토,2026-05,210,DETAIL
스퀘어토,2026-06,210,DETAIL
스퀘어토,2026-07,170,DETAIL
스퀘어토,2026-08,260,DETAIL
스키니,2025-09,4470,DETAIL
스키니,2025-10,5510,DETAIL
스키니,2025-11,4510,DETAIL
스키니,2025-12,5510,DETAIL
스키니,2026-01,5510,DETAIL
스키니,2026-02,4510,DETAIL
스키니,2026-03,8240,DETAIL
스키니,2026-04,5510,DETAIL
스키니,2026-05,5540,DETAIL
스키니,2026-06,4510,DETAIL
스키니,2026-07,4510,DETAIL
스키니,2026-08,5540,DETAIL
스키장,2025-09,1910,TPO
스키장,2025-10,2490,TPO
스키장,2025-11,5240,TPO
스키장,2025-12,9110,TPO
스키장,2026-01,10610,TPO
스키장,2026-02,4710,TPO
스키장,2026-03,1240,TPO
스키장,2026-04,780,TPO
스키장,2026-05,830,TPO
스키장,2026-06,830,TPO
스키장,2026-07,1120,TPO
스키장,2026-08,1300,TPO
스타디움재킷,2025-09,70,ITEM
스타디움재킷,2025-10,90,ITEM
스타디움재킷,2025-11,90,ITEM
스타디움재킷,2025-12,50,ITEM
스타디움재킷,2026-01,40,ITEM
스타디움재킷,2026-02,50,ITEM
스타디움재킷,2026-03,50,ITEM
스타디움재킷,2026-04,40,ITEM
스타디움재킷,2026-05,40,ITEM
스타디움재킷,2026-06,30,ITEM
스타디움재킷,2026-07,40,ITEM
스타디움재킷,2026-08,40,ITEM
스탠드칼라,2025-09,210,DETAIL
스탠드칼라,2025-10,170,DETAIL
스탠드칼라,2025-11,170,DETAIL
스탠드칼라,2025-12,210,DETAIL
스탠드칼라,2026-01,170,DETAIL
스탠드칼라,2026-02,320,DETAIL
스탠드칼라,2026-03,260,DETAIL
스탠드칼라,2026-04,320,DETAIL
스탠드칼라,2026-05,320,DETAIL
스탠드칼라,2026-06,320,DETAIL
스탠드칼라,2026-07,390,DETAIL
스탠드칼라,2026-08,480,DETAIL
스터드,2025-09,140,DETAIL
스터드,2025-10,140,DETAIL
스터드,2025-11,110,DETAIL
스터드,2025-12,110,DETAIL
스터드,2026-01,140,DETAIL
스터드,2026-02,110,DETAIL
스터드,2026-03,170,DETAIL
스터드,2026-04,170,DETAIL
스터드,2026-05,170,DETAIL
스터드,2026-06,210,DETAIL
스터드,2026-07,170,DETAIL
스터드,2026-08,170,DETAIL
스트라이프,2025-09,5400,DETAIL
스트라이프,2025-10,5400,DETAIL
스트라이프,2025-11,4400,DETAIL
스트라이프,2025-12,4400,DETAIL
스트라이프,2026-01,4400,DETAIL
스트라이프,2026-02,5400,DETAIL
스트라이프,2026-03,5400,DETAIL
스트라이프,2026-04,5400,DETAIL
스트라이프,2026-05,6600,DETAIL
스트라이프,2026-06,5400,DETAIL
스트라이프,2026-07,6600,DETAIL
스트라이프,2026-08,6600,DETAIL
스트랩,2025-09,1000,DETAIL
스트랩,2025-10,1000,DETAIL
스트랩,2025-11,1300,DETAIL
스트랩,2025-12,880,DETAIL
스트랩,2026-01,880,DETAIL
스트랩,2026-02,590,DETAIL
스트랩,2026-03,590,DETAIL
스트랩,2026-04,720,DETAIL
스트랩,2026-05,1000,DETAIL
스트랩,2026-06,1300,DETAIL
스트랩,2026-07,1300,DETAIL
스트랩,2026-08,1000,DETAIL
스트레이트,2025-09,690,DETAIL
스트레이트,2025-10,980,DETAIL
스트레이트,2025-11,890,DETAIL
스트레이트,2025-12,850,DETAIL
스트레이트,2026-01,850,DETAIL
스트레이트,2026-02,1040,DETAIL
스트레이트,2026-03,1200,DETAIL
스트레이트,2026-04,1040,DETAIL
스트레이트,2026-05,980,DETAIL
스트레이트,2026-06,850,DETAIL
스트레이트,2026-07,850,DETAIL
스트레이트,2026-08,980,DETAIL
스트레치 데님,2025-09,20,MATERIAL
스트레치 데님,2025-10,20,MATERIAL
스트레치 데님,2025-11,10,MATERIAL
스트레치 데님,2025-12,20,MATERIAL
스트레치 데님,2026-01,40,MATERIAL
스트레치 데님,2026-02,20,MATERIAL
스트레치 데님,2026-03,20,MATERIAL
스트레치 데님,2026-04,30,MATERIAL
스트레치 데님,2026-05,20,MATERIAL
스트레치 데님,2026-06,20,MATERIAL
스트레치 데님,2026-07,10,MATERIAL
스트레치 데님,2026-08,10,MATERIAL
스트릿웨어,2025-09,6100,STYLE
스트릿웨어,2025-10,6100,STYLE
스트릿웨어,2025-11,4970,STYLE
스트릿웨어,2025-12,4880,STYLE
스트릿웨어,2026-01,5880,STYLE
스트릿웨어,2026-02,5900,STYLE
스트릿웨어,2026-03,7360,STYLE
스트릿웨어,2026-04,7250,STYLE
스트릿웨어,2026-05,7690,STYLE
스트릿웨어,2026-06,6330,STYLE
스트릿웨어,2026-07,5330,STYLE
스트릿웨어,2026-08,5290,STYLE
스틸레토힐,2025-09,1600,DETAIL
스틸레토힐,2025-10,1600,DETAIL
스틸레토힐,2025-11,1600,DETAIL
스틸레토힐,2025-12,1600,DETAIL
스틸레토힐,2026-01,2900,DETAIL
스틸레토힐,2026-02,2400,DETAIL
스틸레토힐,2026-03,2900,DETAIL
스틸레토힐,2026-04,2900,DETAIL
스틸레토힐,2026-05,2900,DETAIL
스틸레토힐,2026-06,2400,DETAIL
스틸레토힐,2026-07,2400,DETAIL
스틸레토힐,2026-08,2400,DETAIL
스틸블루,2025-09,260,COLOR
스틸블루,2025-10,390,COLOR
스틸블루,2025-11,390,COLOR
스틸블루,2025-12,320,COLOR
스틸블루,2026-01,320,COLOR
스틸블루,2026-02,320,COLOR
스틸블루,2026-03,390,COLOR
스틸블루,2026-04,390,COLOR
스틸블루,2026-05,480,COLOR
스틸블루,2026-06,480,COLOR
스틸블루,2026-07,480,COLOR
스틸블루,2026-08,480,COLOR
스판덱스,2025-09,170,MATERIAL
스판덱스,2025-10,210,MATERIAL
스판덱스,2025-11,210,MATERIAL
스판덱스,2025-12,160,MATERIAL
스판덱스,2026-01,170,MATERIAL
스판덱스,2026-02,130,MATERIAL
스판덱스,2026-03,160,MATERIAL
스판덱스,2026-04,210,MATERIAL
스판덱스,2026-05,200,MATERIAL
스판덱스,2026-06,230,MATERIAL
스판덱스,2026-07,180,MATERIAL
스판덱스,2026-08,210,MATERIAL
스팽글,2025-09,1070,DETAIL
스팽글,2025-10,1390,DETAIL
스팽글,2025-11,1410,DETAIL
스팽글,2025-12,1740,DETAIL
스팽글,2026-01,1740,DETAIL
스팽글,2026-02,1440,DETAIL
스팽글,2026-03,1510,DETAIL
스팽글,2026-04,1560,DETAIL
스팽글,2026-05,1920,DETAIL
스팽글,2026-06,1920,DETAIL
스팽글,2026-07,1860,DETAIL
스팽글,2026-08,1920,DETAIL
스포츠브라,2025-09,4400,ITEM
스포츠브라,2025-10,4400,ITEM
스포츠브라,2025-11,3600,ITEM
스포츠브라,2025-12,3600,ITEM
스포츠브라,2026-01,4400,ITEM
스포츠브라,2026-02,8100,ITEM
스포츠브라,2026-03,4400,ITEM
스포츠브라,2026-04,5400,ITEM
스포츠브라,2026-05,6600,ITEM
스포츠브라,2026-06,5400,ITEM
스포츠브라,2026-07,5400,ITEM
스포츠브라,2026-08,5400,ITEM
스플릿토,2025-09,0,DETAIL
스플릿토,2025-10,0,DETAIL
스플릿토,2025-11,0,DETAIL
스플릿토,2025-12,0,DETAIL
스플릿토,2026-01,0,DETAIL
스플릿토,2026-02,0,DETAIL
스플릿토,2026-03,0,DETAIL
스플릿토,2026-04,0,DETAIL
스플릿토,2026-05,0,DETAIL
스플릿토,2026-06,0,DETAIL
스플릿토,2026-07,0,DETAIL
스플릿토,2026-08,0,DETAIL
슬라이드,2025-09,70,ITEM
슬라이드,2025-10,70,ITEM
슬라이드,2025-11,60,ITEM
슬라이드,2025-12,40,ITEM
슬라이드,2026-01,60,ITEM
슬라이드,2026-02,90,ITEM
슬라이드,2026-03,110,ITEM
슬라이드,2026-04,130,ITEM
슬라이드,2026-05,180,ITEM
슬라이드,2026-06,190,ITEM
슬라이드,2026-07,190,ITEM
슬라이드,2026-08,140,ITEM
슬랙스,2025-09,14800,ITEM
슬랙스,2025-10,18100,ITEM
슬랙스,2025-11,14800,ITEM
슬랙스,2025-12,14800,ITEM
슬랙스,2026-01,14800,ITEM
슬랙스,2026-02,14800,ITEM
슬랙스,2026-03,18100,ITEM
슬랙스,2026-04,18100,ITEM
슬랙스,2026-05,18100,ITEM
슬랙스,2026-06,18100,ITEM
슬랙스,2026-07,18100,ITEM
슬랙스,2026-08,18100,ITEM
슬레이트그레이,2025-09,110,COLOR
슬레이트그레이,2025-10,170,COLOR
슬레이트그레이,2025-11,170,COLOR
슬레이트그레이,2025-12,320,COLOR
슬레이트그레이,2026-01,720,COLOR
슬레이트그레이,2026-02,880,COLOR
슬레이트그레이,2026-03,1300,COLOR
슬레이트그레이,2026-04,1600,COLOR
슬레이트그레이,2026-05,1900,COLOR
슬레이트그레이,2026-06,1900,COLOR
슬레이트그레이,2026-07,2900,COLOR
슬레이트그레이,2026-08,2400,COLOR
슬리브리스,2025-09,1600,ITEM
슬리브리스,2025-10,1300,ITEM
슬리브리스,2025-11,1000,ITEM
슬리브리스,2025-12,1000,ITEM
슬리브리스,2026-01,1600,ITEM
슬리브리스,2026-02,1900,ITEM
슬리브리스,2026-03,2400,ITEM
슬리브리스,2026-04,2900,ITEM
슬리브리스,2026-05,4400,ITEM
슬리브리스,2026-06,4400,ITEM
슬리브리스,2026-07,5400,ITEM
슬리브리스,2026-08,4400,ITEM
슬리퍼,2025-09,9930,ITEM
슬리퍼,2025-10,22230,ITEM
슬리퍼,2025-11,8120,ITEM
슬리퍼,2025-12,8110,ITEM
슬리퍼,2026-01,8110,ITEM
슬리퍼,2026-02,9910,ITEM
슬리퍼,2026-03,14840,ITEM
슬리퍼,2026-04,9920,ITEM
슬리퍼,2026-05,12130,ITEM
슬리퍼,2026-06,12170,ITEM
슬리퍼,2026-07,14850,ITEM
슬리퍼,2026-08,14850,ITEM
슬림스트레이트,2025-09,70,DETAIL
슬림스트레이트,2025-10,110,DETAIL
슬림스트레이트,2025-11,160,DETAIL
슬림스트레이트,2025-12,110,DETAIL
슬림스트레이트,2026-01,150,DETAIL
슬림스트레이트,2026-02,130,DETAIL
슬림스트레이트,2026-03,160,DETAIL
슬림스트레이트,2026-04,150,DETAIL
슬림스트레이트,2026-05,130,DETAIL
슬림스트레이트,2026-06,120,DETAIL
슬림스트레이트,2026-07,120,DETAIL
슬림스트레이트,2026-08,180,DETAIL
슬림핏,2025-09,1300,DETAIL
슬림핏,2025-10,1300,DETAIL
슬림핏,2025-11,1000,DETAIL
슬림핏,2025-12,1000,DETAIL
슬림핏,2026-01,1300,DETAIL
슬림핏,2026-02,1300,DETAIL
슬림핏,2026-03,1600,DETAIL
슬림핏,2026-04,1900,DETAIL
슬림핏,2026-05,1900,DETAIL
슬림핏,2026-06,1900,DETAIL
슬림핏,2026-07,1900,DETAIL
슬림핏,2026-08,1900,DETAIL
슬립온,2025-09,350,ITEM
슬립온,2025-09,350,DETAIL
슬립온,2025-10,790,ITEM
슬립온,2025-10,790,DETAIL
슬립온,2025-11,390,ITEM
슬립온,2025-11,390,DETAIL
슬립온,2025-12,260,ITEM
슬립온,2025-12,260,DETAIL
슬립온,2026-01,280,ITEM
슬립온,2026-01,280,DETAIL
슬립온,2026-02,4470,ITEM
슬립온,2026-02,4470,DETAIL
슬립온,2026-03,1690,ITEM
슬립온,2026-03,1690,DETAIL
슬립온,2026-04,330,ITEM
슬립온,2026-04,330,DETAIL
슬립온,2026-05,4470,ITEM
슬립온,2026-05,4470,DETAIL
슬립온,2026-06,330,ITEM
슬립온,2026-06,330,DETAIL
슬립온,2026-07,220,ITEM
슬립온,2026-07,220,DETAIL
슬립온,2026-08,220,ITEM
슬립온,2026-08,220,DETAIL
슬릿,2025-09,340,DETAIL
슬릿,2025-10,330,DETAIL
슬릿,2025-11,270,DETAIL
슬릿,2025-12,270,DETAIL
슬릿,2026-01,400,DETAIL
슬릿,2026-02,330,DETAIL
슬릿,2026-03,490,DETAIL
슬릿,2026-04,610,DETAIL
슬릿,2026-05,750,DETAIL
슬릿,2026-06,740,DETAIL
슬릿,2026-07,730,DETAIL
슬릿,2026-08,740,DETAIL
슬링백,2025-09,6630,ITEM
슬링백,2025-10,6620,ITEM
슬링백,2025-11,5430,ITEM
슬링백,2025-12,4430,ITEM
슬링백,2026-01,5450,ITEM
슬링백,2026-02,5540,ITEM
슬링백,2026-03,5660,ITEM
슬링백,2026-04,7080,ITEM
슬링백,2026-05,8580,ITEM
슬링백,2026-06,6990,ITEM
슬링백,2026-07,8420,ITEM
슬링백,2026-08,8490,ITEM
시계,2025-09,8420,ITEM
시계,2025-10,6860,ITEM
시계,2025-11,8310,ITEM
시계,2025-12,5610,ITEM
시계,2026-01,5720,ITEM
시계,2026-02,5660,ITEM
시계,2026-03,8490,ITEM
시계,2026-04,8420,ITEM
시계,2026-05,8490,ITEM
시계,2026-06,8420,ITEM
시계,2026-07,6920,ITEM
시계,2026-08,6860,ITEM
시스루,2025-09,23400,DETAIL
시스루,2025-10,13030,DETAIL
시스루,2025-11,13080,DETAIL
시스루,2025-12,10830,DETAIL
시스루,2026-01,13030,DETAIL
시스루,2026-02,13240,DETAIL
시스루,2026-03,13240,DETAIL
시스루,2026-04,13300,DETAIL
시스루,2026-05,23470,DETAIL
시스루,2026-06,16000,DETAIL
시스루,2026-07,19370,DETAIL
시스루,2026-08,23310,DETAIL
시어서커,2025-09,1560,MATERIAL
시어서커,2025-10,700,MATERIAL
시어서커,2025-11,550,MATERIAL
시어서커,2025-12,550,MATERIAL
시어서커,2026-01,700,MATERIAL
시어서커,2026-02,860,MATERIAL
시어서커,2026-03,1560,MATERIAL
시어서커,2026-04,3380,MATERIAL
시어서커,2026-05,5120,MATERIAL
시어서커,2026-06,6120,MATERIAL
시어서커,2026-07,4990,MATERIAL
시어서커,2026-08,3290,MATERIAL
시크,2025-09,260,STYLE
시크,2025-10,260,STYLE
시크,2025-11,260,STYLE
시크,2025-12,230,STYLE
시크,2026-01,240,STYLE
시크,2026-02,260,STYLE
시크,2026-03,260,STYLE
시크,2026-04,280,STYLE
시크,2026-05,260,STYLE
시크,2026-06,240,STYLE
시크,2026-07,210,STYLE
시크,2026-08,320,STYLE
시티보이,2025-09,1370,STYLE
시티보이,2025-10,1370,STYLE
시티보이,2025-11,1040,STYLE
시티보이,2025-12,950,STYLE
시티보이,2026-01,1350,STYLE
시티보이,2026-02,1690,STYLE
시티보이,2026-03,1970,STYLE
시티보이,2026-04,1990,STYLE
시티보이,2026-05,2470,STYLE
시티보이,2026-06,1970,STYLE
시티보이,2026-07,1970,STYLE
시티보이,2026-08,1690,STYLE
시폰,2025-09,50,MATERIAL
시폰,2025-10,40,MATERIAL
시폰,2025-11,50,MATERIAL
시폰,2025-12,70,MATERIAL
시폰,2026-01,90,MATERIAL
시폰,2026-02,120,MATERIAL
시폰,2026-03,160,MATERIAL
시폰,2026-04,200,MATERIAL
시폰,2026-05,310,MATERIAL
시폰,2026-06,310,MATERIAL
시폰,2026-07,280,MATERIAL
시폰,2026-08,310,MATERIAL
신발,2025-09,2150,ITEM
신발,2025-10,2080,ITEM
신발,2025-11,2080,ITEM
신발,2025-12,1740,ITEM
신발,2026-01,2060,ITEM
신발,2026-02,2600,ITEM
신발,2026-03,2600,ITEM
신발,2026-04,2620,ITEM
신발,2026-05,2540,ITEM
신발,2026-06,2560,ITEM
신발,2026-07,2060,ITEM
신발,2026-08,2060,ITEM
실내,2025-09,260,TPO
실내,2025-10,320,TPO
실내,2025-11,390,TPO
실내,2025-12,390,TPO
실내,2026-01,480,TPO
실내,2026-02,390,TPO
실내,2026-03,480,TPO
실내,2026-04,390,TPO
실내,2026-05,390,TPO
실내,2026-06,320,TPO
실내,2026-07,390,TPO
실내,2026-08,320,TPO
실버,2025-09,40,COLOR
실버,2025-10,30,COLOR
실버,2025-11,50,COLOR
실버,2025-12,30,COLOR
실버,2026-01,30,COLOR
실버,2026-02,40,COLOR
실버,2026-03,50,COLOR
실버,2026-04,80,COLOR
실버,2026-05,110,COLOR
실버,2026-06,110,COLOR
실버,2026-07,110,COLOR
실버,2026-08,130,COLOR
실크,2025-09,530,MATERIAL
실크,2025-10,520,MATERIAL
실크,2025-11,470,MATERIAL
실크,2025-12,470,MATERIAL
실크,2026-01,470,MATERIAL
실크,2026-02,490,MATERIAL
실크,2026-03,640,MATERIAL
실크,2026-04,650,MATERIAL
실크,2026-05,740,MATERIAL
실크,2026-06,740,MATERIAL
실크,2026-07,650,MATERIAL
실크,2026-08,650,MATERIAL
아가일,2025-09,1040,DETAIL
아가일,2025-10,1590,DETAIL
아가일,2025-11,2020,DETAIL
아가일,2025-12,3780,DETAIL
아가일,2026-01,1600,DETAIL
아가일,2026-02,1440,DETAIL
아가일,2026-03,1200,DETAIL
아가일,2026-04,1200,DETAIL
아가일,2026-05,980,DETAIL
아가일,2026-06,850,DETAIL
아가일,2026-07,850,DETAIL
아가일,2026-08,1110,DETAIL
아노락,2025-09,6600,ITEM
아노락,2025-10,6600,ITEM
아노락,2025-11,4400,ITEM
아노락,2025-12,2900,ITEM
아노락,2026-01,3600,ITEM
아노락,2026-02,2900,ITEM
아노락,2026-03,4400,ITEM
아노락,2026-04,4400,ITEM
아노락,2026-05,5400,ITEM
아노락,2026-06,3600,ITEM
아노락,2026-07,2900,ITEM
아노락,2026-08,2900,ITEM
아메카지,2025-09,12300,STYLE
아메카지,2025-10,13500,STYLE
아메카지,2025-11,12800,STYLE
아메카지,2025-12,10500,STYLE
아메카지,2026-01,13500,STYLE
아메카지,2026-02,12800,STYLE
아메카지,2026-03,13500,STYLE
아메카지,2026-04,12800,STYLE
아메카지,2026-05,11000,STYLE
아메카지,2026-06,10500,STYLE
아메카지,2026-07,10500,STYLE
아메카지,2026-08,11000,STYLE
아몬드토,2025-09,20,DETAIL
아몬드토,2025-10,30,DETAIL
아몬드토,2025-11,20,DETAIL
아몬드토,2025-12,30,DETAIL
아몬드토,2026-01,30,DETAIL
아몬드토,2026-02,30,DETAIL
아몬드토,2026-03,30,DETAIL
아몬드토,2026-04,40,DETAIL
아몬드토,2026-05,30,DETAIL
아몬드토,2026-06,50,DETAIL
아몬드토,2026-07,70,DETAIL
아몬드토,2026-08,90,DETAIL
아세테이트,2025-09,240,MATERIAL
아세테이트,2025-10,150,MATERIAL
아세테이트,2025-11,190,MATERIAL
아세테이트,2025-12,210,MATERIAL
아세테이트,2026-01,210,MATERIAL
아세테이트,2026-02,240,MATERIAL
아세테이트,2026-03,330,MATERIAL
아세테이트,2026-04,350,MATERIAL
아세테이트,2026-05,620,MATERIAL
아세테이트,2026-06,650,MATERIAL
아세테이트,2026-07,500,MATERIAL
아세테이트,2026-08,530,MATERIAL
아이보리,2025-09,120,COLOR
아이보리,2025-10,180,COLOR
아이보리,2025-11,220,COLOR
아이보리,2025-12,190,COLOR
아이보리,2026-01,150,COLOR
아이보리,2026-02,140,COLOR
아이보리,2026-03,180,COLOR
아이보리,2026-04,170,COLOR
아이보리,2026-05,160,COLOR
아이보리,2026-06,140,COLOR
아이보리,2026-07,130,COLOR
아이보리,2026-08,120,COLOR
아이스블루,2025-09,880,COLOR
아이스블루,2025-10,880,COLOR
아이스블루,2025-11,1000,COLOR
아이스블루,2025-12,1000,COLOR
아이스블루,2026-01,1000,COLOR
아이스블루,2026-02,1000,COLOR
아이스블루,2026-03,1000,COLOR
아이스블루,2026-04,1000,COLOR
아이스블루,2026-05,1000,COLOR
아이스블루,2026-06,1000,COLOR
아이스블루,2026-07,1300,COLOR
아이스블루,2026-08,1300,COLOR
아크릴,2025-09,380,MATERIAL
아크릴,2025-10,400,MATERIAL
아크릴,2025-11,490,MATERIAL
아크릴,2025-12,460,MATERIAL
아크릴,2026-01,320,MATERIAL
아크릴,2026-02,260,MATERIAL
아크릴,2026-03,300,MATERIAL
아크릴,2026-04,350,MATERIAL
아크릴,2026-05,300,MATERIAL
아크릴,2026-06,320,MATERIAL
아크릴,2026-07,320,MATERIAL
아크릴,2026-08,300,MATERIAL
아플리케,2025-09,0,DETAIL
아플리케,2025-10,0,DETAIL
아플리케,2025-11,0,DETAIL
아플리케,2025-12,0,DETAIL
아플리케,2026-01,0,DETAIL
아플리케,2026-02,0,DETAIL
아플리케,2026-03,30,DETAIL
아플리케,2026-04,20,DETAIL
아플리케,2026-05,10,DETAIL
아플리케,2026-06,30,DETAIL
아플리케,2026-07,20,DETAIL
아플리케,2026-08,20,DETAIL
안경,2025-09,7000,ITEM
안경,2025-10,7000,ITEM
안경,2025-11,6700,ITEM
안경,2025-12,7000,ITEM
안경,2026-01,8300,ITEM
안경,2026-02,7000,ITEM
안경,2026-03,7300,ITEM
안경,2026-04,7300,ITEM
안경,2026-05,8200,ITEM
안경,2026-06,7000,ITEM
안경,2026-07,6700,ITEM
안경,2026-08,6700,ITEM
알파카,2025-09,80,MATERIAL
알파카,2025-10,100,MATERIAL
알파카,2025-11,180,MATERIAL
알파카,2025-12,280,MATERIAL
알파카,2026-01,410,MATERIAL
알파카,2026-02,460,MATERIAL
알파카,2026-03,530,MATERIAL
알파카,2026-04,520,MATERIAL
알파카,2026-05,640,MATERIAL
알파카,2026-06,770,MATERIAL
알파카,2026-07,760,MATERIAL
알파카,2026-08,760,MATERIAL
앙고라,2025-09,60,MATERIAL
앙고라,2025-10,60,MATERIAL
앙고라,2025-11,100,MATERIAL
앙고라,2025-12,220,MATERIAL
앙고라,2026-01,480,MATERIAL
앙고라,2026-02,500,MATERIAL
앙고라,2026-03,590,MATERIAL
앙고라,2026-04,760,MATERIAL
앙고라,2026-05,930,MATERIAL
앙고라,2026-06,890,MATERIAL
앙고라,2026-07,1050,MATERIAL
앙고라,2026-08,1090,MATERIAL
애쉬그레이,2025-09,5410,COLOR
애쉬그레이,2025-10,6610,COLOR
애쉬그레이,2025-11,6610,COLOR
애쉬그레이,2025-12,8110,COLOR
애쉬그레이,2026-01,6620,COLOR
애쉬그레이,2026-02,5420,COLOR
애쉬그레이,2026-03,6630,COLOR
애쉬그레이,2026-04,6630,COLOR
애쉬그레이,2026-05,6630,COLOR
애쉬그레이,2026-06,6610,COLOR
애쉬그레이,2026-07,6620,COLOR
애쉬그레이,2026-08,6640,COLOR
애슬레저,2025-09,1720,STYLE
애슬레저,2025-10,1760,STYLE
애슬레저,2025-11,1780,STYLE
애슬레저,2025-12,1270,STYLE
애슬레저,2026-01,1360,STYLE
애슬레저,2026-02,1360,STYLE
애슬레저,2026-03,1720,STYLE
애슬레저,2026-04,2000,STYLE
애슬레저,2026-05,2300,STYLE
애슬레저,2026-06,1760,STYLE
애슬레저,2026-07,1760,STYLE
애슬레저,2026-08,2000,STYLE
애프리콧,2025-09,720,COLOR
애프리콧,2025-10,590,COLOR
애프리콧,2025-11,590,COLOR
애프리콧,2025-12,720,COLOR
애프리콧,2026-01,880,COLOR
애프리콧,2026-02,880,COLOR
애프리콧,2026-03,880,COLOR
애프리콧,2026-04,880,COLOR
애프리콧,2026-05,880,COLOR
애프리콧,2026-06,880,COLOR
애프리콧,2026-07,880,COLOR
애프리콧,2026-08,1000,COLOR
애플그린,2025-09,110,COLOR
애플그린,2025-10,110,COLOR
애플그린,2025-11,70,COLOR
애플그린,2025-12,90,COLOR
애플그린,2026-01,110,COLOR
애플그린,2026-02,140,COLOR
애플그린,2026-03,170,COLOR
애플그린,2026-04,170,COLOR
애플그린,2026-05,170,COLOR
애플그린,2026-06,210,COLOR
애플그린,2026-07,210,COLOR
애플그린,2026-08,260,COLOR
야상,2025-09,3600,ITEM
야상,2025-10,8100,ITEM
야상,2025-11,8100,ITEM
야상,2025-12,6600,ITEM
야상,2026-01,6600,ITEM
야상,2026-02,8100,ITEM
야상,2026-03,8100,ITEM
야상,2026-04,4400,ITEM
야상,2026-05,2900,ITEM
야상,2026-06,2400,ITEM
야상,2026-07,2900,ITEM
야상,2026-08,5400,ITEM
야외,2025-09,50,TPO
야외,2025-10,70,TPO
야외,2025-11,70,TPO
야외,2025-12,50,TPO
야외,2026-01,50,TPO
야외,2026-02,70,TPO
야외,2026-03,70,TPO
야외,2026-04,90,TPO
야외,2026-05,70,TPO
야외,2026-06,50,TPO
야외,2026-07,40,TPO
야외,2026-08,50,TPO
양말,2025-09,430,ITEM
양말,2025-10,460,ITEM
양말,2025-11,430,ITEM
양말,2025-12,430,ITEM
양말,2026-01,460,ITEM
양말,2026-02,530,ITEM
양말,2026-03,560,ITEM
양말,2026-04,650,ITEM
양말,2026-05,650,ITEM
양말,2026-06,620,ITEM
양말,2026-07,490,ITEM
양말,2026-08,560,ITEM
에메랄드그린,2025-09,1900,COLOR
에메랄드그린,2025-10,1600,COLOR
에메랄드그린,2025-11,1900,COLOR
에메랄드그린,2025-12,1600,COLOR
에메랄드그린,2026-01,1600,COLOR
에메랄드그린,2026-02,1600,COLOR
에메랄드그린,2026-03,2900,COLOR
에메랄드그린,2026-04,3600,COLOR
에메랄드그린,2026-05,2900,COLOR
에메랄드그린,2026-06,2900,COLOR
에메랄드그린,2026-07,2400,COLOR
에메랄드그린,2026-08,2400,COLOR
여름,2025-09,2780,TPO
여름,2025-10,1480,TPO
여름,2025-11,1650,TPO
여름,2025-12,1790,TPO
여름,2026-01,2080,TPO
여름,2026-02,2590,TPO
여름,2026-03,4880,TPO
여름,2026-04,12100,TPO
여름,2026-05,15900,TPO
여름,2026-06,12100,TPO
여름,2026-07,12100,TPO
여름,2026-08,6800,TPO
여행지,2025-09,570,TPO
여행지,2025-10,480,TPO
여행지,2025-11,450,TPO
여행지,2025-12,420,TPO
여행지,2026-01,680,TPO
여행지,2026-02,520,TPO
여행지,2026-03,450,TPO
여행지,2026-04,640,TPO
여행지,2026-05,540,TPO
여행지,2026-06,570,TPO
여행지,2026-07,660,TPO
여행지,2026-08,630,TPO
연말연시,2025-09,50,TPO
연말연시,2025-10,160,TPO
연말연시,2025-11,650,TPO
연말연시,2025-12,1120,TPO
연말연시,2026-01,110,TPO
연말연시,2026-02,80,TPO
연말연시,2026-03,50,TPO
연말연시,2026-04,40,TPO
연말연시,2026-05,60,TPO
연말연시,2026-06,50,TPO
연말연시,2026-07,50,TPO
연말연시,2026-08,80,TPO
영화관,2025-09,90,TPO
영화관,2025-10,50,TPO
영화관,2025-11,60,TPO
영화관,2025-12,50,TPO
영화관,2026-01,20,TPO
영화관,2026-02,40,TPO
영화관,2026-03,30,TPO
영화관,2026-04,60,TPO
영화관,2026-05,70,TPO
영화관,2026-06,40,TPO
영화관,2026-07,70,TPO
영화관,2026-08,60,TPO
옐로우,2025-09,10,COLOR
옐로우,2025-10,10,COLOR
옐로우,2025-11,10,COLOR
옐로우,2025-12,10,COLOR
옐로우,2026-01,30,COLOR
옐로우,2026-02,20,COLOR
옐로우,2026-03,50,COLOR
옐로우,2026-04,70,COLOR
옐로우,2026-05,70,COLOR
옐로우,2026-06,70,COLOR
옐로우,2026-07,50,COLOR
옐로우,2026-08,90,COLOR
오렌지,2025-09,50,COLOR
오렌지,2025-10,30,COLOR
오렌지,2025-11,50,COLOR
오렌지,2025-12,90,COLOR
오렌지,2026-01,70,COLOR
오렌지,2026-02,70,COLOR
오렌지,2026-03,140,COLOR
오렌지,2026-04,120,COLOR
오렌지,2026-05,120,COLOR
오렌지,2026-06,120,COLOR
오렌지,2026-07,180,COLOR
오렌지,2026-08,160,COLOR
오버사이즈,2025-09,320,DETAIL
오버사이즈,2025-10,320,DETAIL
오버사이즈,2025-11,320,DETAIL
오버사이즈,2025-12,320,DETAIL
오버사이즈,2026-01,390,DETAIL
오버사이즈,2026-02,390,DETAIL
오버사이즈,2026-03,590,DETAIL
오버사이즈,2026-04,590,DETAIL
오버사이즈,2026-05,720,DETAIL
오버사이즈,2026-06,720,DETAIL
오버사이즈,2026-07,720,DETAIL
오버사이즈,2026-08,880,DETAIL
오버올,2025-09,3920,ITEM
오버올,2025-10,3860,ITEM
오버올,2025-11,3160,ITEM
오버올,2025-12,3160,ITEM
오버올,2026-01,3110,ITEM
오버올,2026-02,3160,ITEM
오버올,2026-03,3920,ITEM
오버올,2026-04,4610,ITEM
오버올,2026-05,5720,ITEM
오버올,2026-06,3920,ITEM
오버올,2026-07,4790,ITEM
오버올,2026-08,4720,ITEM
오션블루,2025-09,590,COLOR
오션블루,2025-10,480,COLOR
오션블루,2025-11,390,COLOR
오션블루,2025-12,590,COLOR
오션블루,2026-01,880,COLOR
오션블루,2026-02,1300,COLOR
오션블루,2026-03,1300,COLOR
오션블루,2026-04,1600,COLOR
오션블루,2026-05,2400,COLOR
오션블루,2026-06,2400,COLOR
오션블루,2026-07,2900,COLOR
오션블루,2026-08,2900,COLOR
오트밀베이지,2025-09,70,COLOR
오트밀베이지,2025-10,50,COLOR
오트밀베이지,2025-11,90,COLOR
오트밀베이지,2025-12,140,COLOR
오트밀베이지,2026-01,260,COLOR
오트밀베이지,2026-02,260,COLOR
오트밀베이지,2026-03,320,COLOR
오트밀베이지,2026-04,260,COLOR
오트밀베이지,2026-05,320,COLOR
오트밀베이지,2026-06,320,COLOR
오트밀베이지,2026-07,260,COLOR
오트밀베이지,2026-08,320,COLOR
오프숄더,2025-09,8100,DETAIL
오프숄더,2025-10,8100,DETAIL
오프숄더,2025-11,8100,DETAIL
오프숄더,2025-12,9900,DETAIL
오프숄더,2026-01,9900,DETAIL
오프숄더,2026-02,9900,DETAIL
오프숄더,2026-03,9900,DETAIL
오프숄더,2026-04,9900,DETAIL
오프숄더,2026-05,12100,DETAIL
오프숄더,2026-06,12100,DETAIL
오프숄더,2026-07,12100,DETAIL
오프숄더,2026-08,12100,DETAIL
오프화이트,2025-09,4420,COLOR
오프화이트,2025-10,4410,COLOR
오프화이트,2025-11,4420,COLOR
오프화이트,2025-12,5420,COLOR
오프화이트,2026-01,6610,COLOR
오프화이트,2026-02,4420,COLOR
오프화이트,2026-03,5420,COLOR
오프화이트,2026-04,5420,COLOR
오프화이트,2026-05,5420,COLOR
오프화이트,2026-06,4410,COLOR
오프화이트,2026-07,5420,COLOR
오프화이트,2026-08,4420,COLOR
오피스,2025-09,6620,TPO
오피스,2025-10,6630,TPO
오피스,2025-11,6630,TPO
오피스,2025-12,6620,TPO
오피스,2026-01,6630,TPO
오피스,2026-02,6630,TPO
오피스,2026-03,6620,TPO
오피스,2026-04,6640,TPO
오피스,2026-05,8140,TPO
오피스,2026-06,8140,TPO
오피스,2026-07,8140,TPO
오피스,2026-08,8150,TPO
옥스포드,2025-09,570,MATERIAL
옥스포드,2025-10,550,MATERIAL
옥스포드,2025-11,460,MATERIAL
옥스포드,2025-12,460,MATERIAL
옥스포드,2026-01,460,MATERIAL
옥스포드,2026-02,460,MATERIAL
옥스포드,2026-03,570,MATERIAL
옥스포드,2026-04,590,MATERIAL
옥스포드,2026-05,700,MATERIAL
옥스포드,2026-06,620,MATERIAL
옥스포드,2026-07,570,MATERIAL
옥스포드,2026-08,590,MATERIAL
옥스포드화,2025-09,260,ITEM
옥스포드화,2025-10,320,ITEM
옥스포드화,2025-11,390,ITEM
옥스포드화,2025-12,320,ITEM
옥스포드화,2026-01,480,ITEM
옥스포드화,2026-02,480,ITEM
옥스포드화,2026-03,320,ITEM
옥스포드화,2026-04,260,ITEM
옥스포드화,2026-05,320,ITEM
옥스포드화,2026-06,210,ITEM
옥스포드화,2026-07,260,ITEM
옥스포드화,2026-08,260,ITEM
올리브,2025-09,210,COLOR
올리브,2025-10,260,COLOR
올리브,2025-11,210,COLOR
올리브,2025-12,210,COLOR
올리브,2026-01,170,COLOR
올리브,2026-02,210,COLOR
올리브,2026-03,260,COLOR
올리브,2026-04,210,COLOR
올리브,2026-05,170,COLOR
올리브,2026-06,140,COLOR
올리브,2026-07,90,COLOR
올리브,2026-08,170,COLOR
옴브레,2025-09,880,DETAIL
옴브레,2025-10,880,DETAIL
옴브레,2025-11,880,DETAIL
옴브레,2025-12,880,DETAIL
옴브레,2026-01,880,DETAIL
옴브레,2026-02,720,DETAIL
옴브레,2026-03,880,DETAIL
옴브레,2026-04,880,DETAIL
옴브레,2026-05,880,DETAIL
옴브레,2026-06,880,DETAIL
옴브레,2026-07,880,DETAIL
옴브레,2026-08,880,DETAIL
와이드,2025-09,9100,DETAIL
와이드,2025-10,9400,DETAIL
와이드,2025-11,9100,DETAIL
와이드,2025-12,8980,DETAIL
와이드,2026-01,8980,DETAIL
와이드,2026-02,9100,DETAIL
와이드,2026-03,10900,DETAIL
와이드,2026-04,10900,DETAIL
와이드,2026-05,10900,DETAIL
와이드,2026-06,10780,DETAIL
와이드,2026-07,10780,DETAIL
와이드,2026-08,10900,DETAIL
와인,2025-09,10,COLOR
와인,2025-10,10,COLOR
와인,2025-11,20,COLOR
와인,2025-12,10,COLOR
와인,2026-01,10,COLOR
와인,2026-02,10,COLOR
와인,2026-03,10,COLOR
와인,2026-04,10,COLOR
와인,2026-05,10,COLOR
와인,2026-06,10,COLOR
와인,2026-07,10,COLOR
와인,2026-08,10,COLOR
와플,2025-09,110,MATERIAL
와플,2025-10,150,MATERIAL
와플,2025-11,170,MATERIAL
와플,2025-12,250,MATERIAL
와플,2026-01,420,MATERIAL
와플,2026-02,630,MATERIAL
와플,2026-03,790,MATERIAL
와플,2026-04,950,MATERIAL
와플,2026-05,1390,MATERIAL
와플,2026-06,1370,MATERIAL
와플,2026-07,1350,MATERIAL
와플,2026-08,1350,MATERIAL
운동,2025-09,4970,TPO
운동,2025-10,4650,TPO
운동,2025-11,7530,TPO
운동,2025-12,3950,TPO
운동,2026-01,5750,TPO
운동,2026-02,4230,TPO
운동,2026-03,5770,TPO
운동,2026-04,5750,TPO
운동,2026-05,62170,TPO
운동,2026-06,11270,TPO
운동,2026-07,5750,TPO
운동,2026-08,5750,TPO
울,2025-09,620,MATERIAL
울,2025-10,890,MATERIAL
울,2025-11,1140,MATERIAL
울,2025-12,1050,MATERIAL
울,2026-01,1020,MATERIAL
울,2026-02,1020,MATERIAL
울,2026-03,1210,MATERIAL
울,2026-04,1210,MATERIAL
울,2026-05,1170,MATERIAL
울,2026-06,1170,MATERIAL
울,2026-07,1210,MATERIAL
울,2026-08,1170,MATERIAL
워셔블,2025-09,260,DETAIL
워셔블,2025-10,420,DETAIL
워셔블,2025-11,580,DETAIL
워셔블,2025-12,470,DETAIL
워셔블,2026-01,470,DETAIL
워셔블,2026-02,470,DETAIL
워셔블,2026-03,430,DETAIL
워셔블,2026-04,400,DETAIL
워셔블,2026-05,370,DETAIL
워셔블,2026-06,430,DETAIL
워셔블,2026-07,350,DETAIL
워셔블,2026-08,370,DETAIL
워싱,2025-09,20,MATERIAL
워싱,2025-10,20,MATERIAL
워싱,2025-11,40,MATERIAL
워싱,2025-12,20,MATERIAL
워싱,2026-01,50,MATERIAL
워싱,2026-02,20,MATERIAL
워싱,2026-03,50,MATERIAL
워싱,2026-04,50,MATERIAL
워싱,2026-05,50,MATERIAL
워싱,2026-06,50,MATERIAL
워싱,2026-07,70,MATERIAL
워싱,2026-08,50,MATERIAL
워커,2025-09,2020,ITEM
워커,2025-10,2300,ITEM
워커,2025-11,2000,ITEM
워커,2025-12,2300,ITEM
워커,2026-01,2300,ITEM
워커,2026-02,1880,ITEM
워커,2026-03,1600,ITEM
워커,2026-04,1600,ITEM
워커,2026-05,1760,ITEM
워커,2026-06,1310,ITEM
워커,2026-07,1310,ITEM
워커,2026-08,1600,ITEM
워크부츠,2025-09,170,ITEM
워크부츠,2025-10,210,ITEM
워크부츠,2025-11,260,ITEM
워크부츠,2025-12,320,ITEM
워크부츠,2026-01,260,ITEM
워크부츠,2026-02,210,ITEM
워크부츠,2026-03,210,ITEM
워크부츠,2026-04,170,ITEM
워크부츠,2026-05,140,ITEM
워크부츠,2026-06,170,ITEM
워크부츠,2026-07,170,ITEM
워크부츠,2026-08,210,ITEM
워크숍,2025-09,30,TPO
워크숍,2025-10,30,TPO
워크숍,2025-11,30,TPO
워크숍,2025-12,10,TPO
워크숍,2026-01,10,TPO
워크숍,2026-02,10,TPO
워크숍,2026-03,20,TPO
워크숍,2026-04,20,TPO
워크숍,2026-05,50,TPO
워크숍,2026-06,20,TPO
워크숍,2026-07,20,TPO
워크숍,2026-08,10,TPO
워크웨어,2025-09,3990,STYLE
워크웨어,2025-10,4720,STYLE
워크웨어,2025-11,4790,STYLE
워크웨어,2025-12,3920,STYLE
워크웨어,2026-01,3860,STYLE
워크웨어,2026-02,4790,STYLE
워크웨어,2026-03,4790,STYLE
워크웨어,2026-04,3990,STYLE
워크웨어,2026-05,3290,STYLE
워크웨어,2026-06,3220,STYLE
워크웨어,2026-07,2720,STYLE
워크웨어,2026-08,2790,STYLE
워터파크,2025-09,220,TPO
워터파크,2025-10,180,TPO
워터파크,2025-11,150,TPO
워터파크,2025-12,220,TPO
워터파크,2026-01,220,TPO
워터파크,2026-02,230,TPO
워터파크,2026-03,180,TPO
워터파크,2026-04,270,TPO
워터파크,2026-05,420,TPO
워터파크,2026-06,970,TPO
워터파크,2026-07,1740,TPO
워터파크,2026-08,1090,TPO
원숄더,2025-09,590,DETAIL
원숄더,2025-10,480,DETAIL
원숄더,2025-11,320,DETAIL
원숄더,2025-12,390,DETAIL
원숄더,2026-01,480,DETAIL
원숄더,2026-02,720,DETAIL
원숄더,2026-03,1000,DETAIL
원숄더,2026-04,1000,DETAIL
원숄더,2026-05,1300,DETAIL
원숄더,2026-06,1300,DETAIL
원숄더,2026-07,1300,DETAIL
원숄더,2026-08,1900,DETAIL
원피스,2025-09,91500,ITEM
원피스,2025-10,91220,ITEM
원피스,2025-11,74720,ITEM
원피스,2025-12,91220,ITEM
원피스,2026-01,91220,ITEM
원피스,2026-02,74720,ITEM
원피스,2026-03,135720,ITEM
원피스,2026-04,110880,ITEM
원피스,2026-05,110880,ITEM
원피스,2026-06,91500,ITEM
원피스,2026-07,136000,ITEM
원피스,2026-08,110880,ITEM
웨딩 촬영,2025-09,30,TPO
웨딩 촬영,2025-10,20,TPO
웨딩 촬영,2025-11,20,TPO
웨딩 촬영,2025-12,10,TPO
웨딩 촬영,2026-01,10,TPO
웨딩 촬영,2026-02,20,TPO
웨딩 촬영,2026-03,10,TPO
웨딩 촬영,2026-04,20,TPO
웨딩 촬영,2026-05,20,TPO
웨딩 촬영,2026-06,10,TPO
웨딩 촬영,2026-07,20,TPO
웨딩 촬영,2026-08,10,TPO
웨딩홀,2025-09,9000,TPO
웨딩홀,2025-10,9000,TPO
웨딩홀,2025-11,7300,TPO
웨딩홀,2025-12,4900,TPO
웨딩홀,2026-01,5700,TPO
웨딩홀,2026-02,5700,TPO
웨딩홀,2026-03,9000,TPO
웨딩홀,2026-04,9000,TPO
웨딩홀,2026-05,9000,TPO
웨딩홀,2026-06,6300,TPO
웨딩홀,2026-07,4200,TPO
웨딩홀,2026-08,7800,TPO
웨지힐,2025-09,720,DETAIL
웨지힐,2025-10,720,DETAIL
웨지힐,2025-11,720,DETAIL
웨지힐,2025-12,880,DETAIL
웨지힐,2026-01,1000,DETAIL
웨지힐,2026-02,27100,DETAIL
웨지힐,2026-03,880,DETAIL
웨지힐,2026-04,3600,DETAIL
웨지힐,2026-05,1300,DETAIL
웨지힐,2026-06,1300,DETAIL
웨지힐,2026-07,1300,DETAIL
웨지힐,2026-08,1000,DETAIL
웰트포켓,2025-09,210,DETAIL
웰트포켓,2025-10,210,DETAIL
웰트포켓,2025-11,210,DETAIL
웰트포켓,2025-12,320,DETAIL
웰트포켓,2026-01,320,DETAIL
웰트포켓,2026-02,480,DETAIL
웰트포켓,2026-03,590,DETAIL
웰트포켓,2026-04,720,DETAIL
웰트포켓,2026-05,720,DETAIL
웰트포켓,2026-06,590,DETAIL
웰트포켓,2026-07,590,DETAIL
웰트포켓,2026-08,720,DETAIL
유넥,2025-09,260,DETAIL
유넥,2025-10,260,DETAIL
유넥,2025-11,170,DETAIL
유넥,2025-12,210,DETAIL
유넥,2026-01,260,DETAIL
유넥,2026-02,260,DETAIL
유넥,2026-03,320,DETAIL
유넥,2026-04,390,DETAIL
유넥,2026-05,320,DETAIL
유넥,2026-06,320,DETAIL
유넥,2026-07,320,DETAIL
유넥,2026-08,320,DETAIL
유니폼,2025-09,350,ITEM
유니폼,2025-10,180,ITEM
유니폼,2025-11,110,ITEM
유니폼,2025-12,110,ITEM
유니폼,2026-01,100,ITEM
유니폼,2026-02,120,ITEM
유니폼,2026-03,190,ITEM
유니폼,2026-04,280,ITEM
유니폼,2026-05,350,ITEM
유니폼,2026-06,410,ITEM
유니폼,2026-07,370,ITEM
유니폼,2026-08,350,ITEM
유틸리티백,2025-09,40,ITEM
유틸리티백,2025-10,50,ITEM
유틸리티백,2025-11,40,ITEM
유틸리티백,2025-12,70,ITEM
유틸리티백,2026-01,70,ITEM
유틸리티백,2026-02,70,ITEM
유틸리티백,2026-03,50,ITEM
유틸리티백,2026-04,50,ITEM
유틸리티백,2026-05,110,ITEM
유틸리티백,2026-06,110,ITEM
유틸리티백,2026-07,70,ITEM
유틸리티백,2026-08,90,ITEM
유틸리티벨트,2025-09,140,ITEM
유틸리티벨트,2025-10,140,ITEM
유틸리티벨트,2025-11,110,ITEM
유틸리티벨트,2025-12,140,ITEM
유틸리티벨트,2026-01,170,ITEM
유틸리티벨트,2026-02,170,ITEM
유틸리티벨트,2026-03,260,ITEM
유틸리티벨트,2026-04,210,ITEM
유틸리티벨트,2026-05,210,ITEM
유틸리티벨트,2026-06,320,ITEM
유틸리티벨트,2026-07,320,ITEM
유틸리티벨트,2026-08,260,ITEM
인도어화,2025-09,610,ITEM
인도어화,2025-10,490,ITEM
인도어화,2025-11,500,ITEM
인도어화,2025-12,610,ITEM
인도어화,2026-01,730,ITEM
인도어화,2026-02,610,ITEM
인도어화,2026-03,1320,ITEM
인도어화,2026-04,730,ITEM
인도어화,2026-05,740,ITEM
인도어화,2026-06,740,ITEM
인도어화,2026-07,890,ITEM
인도어화,2026-08,900,ITEM
인조가죽,2025-09,900,MATERIAL
인조가죽,2025-10,890,MATERIAL
인조가죽,2025-11,890,MATERIAL
인조가죽,2025-12,740,MATERIAL
인조가죽,2026-01,730,MATERIAL
인조가죽,2026-02,730,MATERIAL
인조가죽,2026-03,900,MATERIAL
인조가죽,2026-04,730,MATERIAL
인조가죽,2026-05,730,MATERIAL
인조가죽,2026-06,730,MATERIAL
인조가죽,2026-07,730,MATERIAL
인조가죽,2026-08,740,MATERIAL
자카드,2025-09,440,MATERIAL
자카드,2025-10,420,MATERIAL
자카드,2025-11,360,MATERIAL
자카드,2025-12,360,MATERIAL
자카드,2026-01,550,MATERIAL
자카드,2026-02,530,MATERIAL
자카드,2026-03,680,MATERIAL
자카드,2026-04,660,MATERIAL
자카드,2026-05,810,MATERIAL
자카드,2026-06,830,MATERIAL
자카드,2026-07,990,MATERIAL
자카드,2026-08,990,MATERIAL
잠옷,2025-09,11810,ITEM
잠옷,2025-10,14410,ITEM
잠옷,2025-11,16640,ITEM
잠옷,2025-12,15440,ITEM
잠옷,2026-01,12640,ITEM
잠옷,2026-02,11810,ITEM
잠옷,2026-03,14410,ITEM
잠옷,2026-04,12640,ITEM
잠옷,2026-05,16410,ITEM
잠옷,2026-06,12710,ITEM
잠옷,2026-07,14960,ITEM
잠옷,2026-08,12640,ITEM
장갑,2025-09,1460,ITEM
장갑,2025-10,2180,ITEM
장갑,2025-11,2830,ITEM
장갑,2025-12,3590,ITEM
장갑,2026-01,3370,ITEM
장갑,2026-02,1810,ITEM
장갑,2026-03,1500,ITEM
장갑,2026-04,1180,ITEM
장갑,2026-05,1460,ITEM
장갑,2026-06,1430,ITEM
장갑,2026-07,1460,ITEM
장갑,2026-08,1790,ITEM
장례식,2025-09,10690,TPO
장례식,2025-10,10670,TPO
장례식,2025-11,10690,TPO
장례식,2025-12,8720,TPO
장례식,2026-01,8780,TPO
장례식,2026-02,7150,TPO
장례식,2026-03,10600,TPO
장례식,2026-04,10630,TPO
장례식,2026-05,10790,TPO
장례식,2026-06,8830,TPO
장례식,2026-07,8800,TPO
장례식,2026-08,10630,TPO
재킷,2025-09,29520,ITEM
재킷,2025-10,43880,ITEM
재킷,2025-11,83100,ITEM
재킷,2025-12,19700,ITEM
재킷,2026-01,17800,ITEM
재킷,2026-02,58320,ITEM
재킷,2026-03,51280,ITEM
재킷,2026-04,36080,ITEM
재킷,2026-05,11720,ITEM
재킷,2026-06,10280,ITEM
재킷,2026-07,9390,ITEM
재킷,2026-08,19090,ITEM
저지,2025-09,200,ITEM
저지,2025-09,200,MATERIAL
저지,2025-10,200,ITEM
저지,2025-10,200,MATERIAL
저지,2025-11,200,ITEM
저지,2025-11,200,MATERIAL
저지,2025-12,230,ITEM
저지,2025-12,230,MATERIAL
저지,2026-01,180,ITEM
저지,2026-01,180,MATERIAL
저지,2026-02,160,ITEM
저지,2026-02,160,MATERIAL
저지,2026-03,250,ITEM
저지,2026-03,250,MATERIAL
저지,2026-04,320,ITEM
저지,2026-04,320,MATERIAL
저지,2026-05,280,ITEM
저지,2026-05,280,MATERIAL
저지,2026-06,320,ITEM
저지,2026-06,320,MATERIAL
저지,2026-07,240,ITEM
저지,2026-07,240,MATERIAL
저지,2026-08,290,ITEM
저지,2026-08,290,MATERIAL
절개,2025-09,20,DETAIL
절개,2025-10,20,DETAIL
절개,2025-11,20,DETAIL
절개,2025-12,20,DETAIL
절개,2026-01,20,DETAIL
절개,2026-02,20,DETAIL
절개,2026-03,20,DETAIL
절개,2026-04,20,DETAIL
절개,2026-05,30,DETAIL
절개,2026-06,40,DETAIL
절개,2026-07,30,DETAIL
절개,2026-08,20,DETAIL
점프수트,2025-09,4400,ITEM
점프수트,2025-10,3600,ITEM
점프수트,2025-11,3600,ITEM
점프수트,2025-12,2900,ITEM
점프수트,2026-01,3600,ITEM
점프수트,2026-02,3600,ITEM
점프수트,2026-03,3600,ITEM
점프수트,2026-04,5400,ITEM
점프수트,2026-05,5400,ITEM
점프수트,2026-06,3600,ITEM
점프수트,2026-07,9900,ITEM
점프수트,2026-08,5400,ITEM
젠더리스,2025-09,1110,STYLE
젠더리스,2025-10,980,STYLE
젠더리스,2025-11,800,STYLE
젠더리스,2025-12,710,STYLE
젠더리스,2026-01,780,STYLE
젠더리스,2026-02,710,STYLE
젠더리스,2026-03,870,STYLE
젠더리스,2026-04,980,STYLE
젠더리스,2026-05,1070,STYLE
젠더리스,2026-06,980,STYLE
젠더리스,2026-07,800,STYLE
젠더리스,2026-08,800,STYLE
조거팬츠,2025-09,8100,ITEM
조거팬츠,2025-10,9900,ITEM
조거팬츠,2025-11,9900,ITEM
조거팬츠,2025-12,8100,ITEM
조거팬츠,2026-01,8100,ITEM
조거팬츠,2026-02,8100,ITEM
조거팬츠,2026-03,8100,ITEM
조거팬츠,2026-04,8100,ITEM
조거팬츠,2026-05,8100,ITEM
조거팬츠,2026-06,6600,ITEM
조거팬츠,2026-07,8100,ITEM
조거팬츠,2026-08,6600,ITEM
졸업식,2025-09,100,TPO
졸업식,2025-10,110,TPO
졸업식,2025-11,120,TPO
졸업식,2025-12,430,TPO
졸업식,2026-01,740,TPO
졸업식,2026-02,3280,TPO
졸업식,2026-03,160,TPO
졸업식,2026-04,140,TPO
졸업식,2026-05,240,TPO
졸업식,2026-06,160,TPO
졸업식,2026-07,140,TPO
졸업식,2026-08,890,TPO
주말,2025-09,20,TPO
주말,2025-10,20,TPO
주말,2025-11,20,TPO
주말,2025-12,10,TPO
주말,2026-01,20,TPO
주말,2026-02,20,TPO
주말,2026-03,20,TPO
주말,2026-04,20,TPO
주말,2026-05,20,TPO
주말,2026-06,20,TPO
주말,2026-07,10,TPO
주말,2026-08,20,TPO
주얼리,2025-09,2960,ITEM
주얼리,2025-10,3660,ITEM
주얼리,2025-11,1940,ITEM
주얼리,2025-12,2450,ITEM
주얼리,2026-01,2940,ITEM
주얼리,2026-02,27150,ITEM
주얼리,2026-03,3730,ITEM
주얼리,2026-04,3670,ITEM
주얼리,2026-05,4450,ITEM
주얼리,2026-06,3650,ITEM
주얼리,2026-07,5460,ITEM
주얼리,2026-08,3000,ITEM
지갑,2025-09,1200,ITEM
지갑,2025-10,1470,ITEM
지갑,2025-11,1470,ITEM
지갑,2025-12,1600,ITEM
지갑,2026-01,1720,ITEM
지갑,2026-02,1890,ITEM
지갑,2026-03,1720,ITEM
지갑,2026-04,1470,ITEM
지갑,2026-05,1590,ITEM
지갑,2026-06,1480,ITEM
지갑,2026-07,1590,ITEM
지갑,2026-08,2020,ITEM
지브라,2025-09,170,DETAIL
지브라,2025-10,140,DETAIL
지브라,2025-11,170,DETAIL
지브라,2025-12,210,DETAIL
지브라,2026-01,210,DETAIL
지브라,2026-02,260,DETAIL
지브라,2026-03,320,DETAIL
지브라,2026-04,390,DETAIL
지브라,2026-05,480,DETAIL
지브라,2026-06,480,DETAIL
지브라,2026-07,390,DETAIL
지브라,2026-08,590,DETAIL
지퍼포켓,2025-09,20,DETAIL
지퍼포켓,2025-10,20,DETAIL
지퍼포켓,2025-11,20,DETAIL
지퍼포켓,2025-12,30,DETAIL
지퍼포켓,2026-01,10,DETAIL
지퍼포켓,2026-02,10,DETAIL
지퍼포켓,2026-03,20,DETAIL
지퍼포켓,2026-04,10,DETAIL
지퍼포켓,2026-05,10,DETAIL
지퍼포켓,2026-06,20,DETAIL
지퍼포켓,2026-07,20,DETAIL
지퍼포켓,2026-08,20,DETAIL
차콜,2025-09,210,COLOR
차콜,2025-10,260,COLOR
차콜,2025-11,260,COLOR
차콜,2025-12,170,COLOR
차콜,2026-01,140,COLOR
차콜,2026-02,170,COLOR
차콜,2026-03,210,COLOR
차콜,2026-04,210,COLOR
차콜,2026-05,210,COLOR
차콜,2026-06,170,COLOR
차콜,2026-07,210,COLOR
차콜,2026-08,170,COLOR
청바지,2025-09,60500,ITEM
청바지,2025-10,33100,ITEM
청바지,2025-11,27100,ITEM
청바지,2025-12,60500,ITEM
청바지,2026-01,74000,ITEM
청바지,2026-02,135000,ITEM
청바지,2026-03,165000,ITEM
청바지,2026-04,165000,ITEM
청바지,2026-05,110000,ITEM
청바지,2026-06,135000,ITEM
청바지,2026-07,74000,ITEM
청바지,2026-08,135000,ITEM
청키솔,2025-09,10,DETAIL
청키솔,2025-10,20,DETAIL
청키솔,2025-11,20,DETAIL
청키솔,2025-12,10,DETAIL
청키솔,2026-01,10,DETAIL
청키솔,2026-02,30,DETAIL
청키솔,2026-03,30,DETAIL
청키솔,2026-04,30,DETAIL
청키솔,2026-05,20,DETAIL
청키솔,2026-06,20,DETAIL
청키솔,2026-07,30,DETAIL
청키솔,2026-08,50,DETAIL
청키힐,2025-09,70,DETAIL
청키힐,2025-10,70,DETAIL
청키힐,2025-11,50,DETAIL
청키힐,2025-12,70,DETAIL
청키힐,2026-01,70,DETAIL
청키힐,2026-02,90,DETAIL
청키힐,2026-03,110,DETAIL
청키힐,2026-04,110,DETAIL
청키힐,2026-05,140,DETAIL
청키힐,2026-06,170,DETAIL
청키힐,2026-07,110,DETAIL
청키힐,2026-08,140,DETAIL
체리레드,2025-09,480,COLOR
체리레드,2025-10,480,COLOR
체리레드,2025-11,390,COLOR
체리레드,2025-12,480,COLOR
체리레드,2026-01,480,COLOR
체리레드,2026-02,480,COLOR
체리레드,2026-03,590,COLOR
체리레드,2026-04,590,COLOR
체리레드,2026-05,590,COLOR
체리레드,2026-06,590,COLOR
체리레드,2026-07,720,COLOR
체리레드,2026-08,720,COLOR
체리핑크,2025-09,210,COLOR
체리핑크,2025-10,210,COLOR
체리핑크,2025-11,170,COLOR
체리핑크,2025-12,210,COLOR
체리핑크,2026-01,260,COLOR
체리핑크,2026-02,320,COLOR
체리핑크,2026-03,480,COLOR
체리핑크,2026-04,590,COLOR
체리핑크,2026-05,720,COLOR
체리핑크,2026-06,590,COLOR
체리핑크,2026-07,720,COLOR
체리핑크,2026-08,720,COLOR
체스트포켓,2025-09,70,DETAIL
체스트포켓,2025-10,60,DETAIL
체스트포켓,2025-11,80,DETAIL
체스트포켓,2025-12,80,DETAIL
체스트포켓,2026-01,90,DETAIL
체스트포켓,2026-02,80,DETAIL
체스트포켓,2026-03,100,DETAIL
체스트포켓,2026-04,100,DETAIL
체스트포켓,2026-05,110,DETAIL
체스트포켓,2026-06,120,DETAIL
체스트포켓,2026-07,100,DETAIL
체스트포켓,2026-08,130,DETAIL
체인장식,2025-09,20,DETAIL
체인장식,2025-10,50,DETAIL
체인장식,2025-11,30,DETAIL
체인장식,2025-12,20,DETAIL
체인장식,2026-01,40,DETAIL
체인장식,2026-02,50,DETAIL
체인장식,2026-03,40,DETAIL
체인장식,2026-04,70,DETAIL
체인장식,2026-05,70,DETAIL
체인장식,2026-06,70,DETAIL
체인장식,2026-07,70,DETAIL
체인장식,2026-08,70,DETAIL
체크,2025-09,3780,DETAIL
체크,2025-10,3280,DETAIL
체크,2025-11,2480,DETAIL
체크,2025-12,2180,DETAIL
체크,2026-01,2320,DETAIL
체크,2026-02,2190,DETAIL
체크,2026-03,3120,DETAIL
체크,2026-04,3780,DETAIL
체크,2026-05,4320,DETAIL
체크,2026-06,2620,DETAIL
체크,2026-07,2490,DETAIL
체크,2026-08,2490,DETAIL
첼시부츠,2025-09,4400,ITEM
첼시부츠,2025-10,5400,ITEM
첼시부츠,2025-11,6600,ITEM
첼시부츠,2025-12,8100,ITEM
첼시부츠,2026-01,6600,ITEM
첼시부츠,2026-02,5400,ITEM
첼시부츠,2026-03,4400,ITEM
첼시부츠,2026-04,3600,ITEM
첼시부츠,2026-05,3600,ITEM
첼시부츠,2026-06,3600,ITEM
첼시부츠,2026-07,4400,ITEM
첼시부츠,2026-08,3600,ITEM
추상패턴,2025-09,40,DETAIL
추상패턴,2025-10,20,DETAIL
추상패턴,2025-11,20,DETAIL
추상패턴,2025-12,10,DETAIL
추상패턴,2026-01,10,DETAIL
추상패턴,2026-02,10,DETAIL
추상패턴,2026-03,30,DETAIL
추상패턴,2026-04,30,DETAIL
추상패턴,2026-05,20,DETAIL
추상패턴,2026-06,10,DETAIL
추상패턴,2026-07,10,DETAIL
추상패턴,2026-08,20,DETAIL
출근,2025-09,1080,TPO
출근,2025-10,1100,TPO
출근,2025-11,950,TPO
출근,2025-12,940,TPO
출근,2026-01,1090,TPO
출근,2026-02,950,TPO
출근,2026-03,1720,TPO
출근,2026-04,1420,TPO
출근,2026-05,1460,TPO
출근,2026-06,1440,TPO
출근,2026-07,1400,TPO
출근,2026-08,1420,TPO
치노팬츠,2025-09,6600,ITEM
치노팬츠,2025-10,6600,ITEM
치노팬츠,2025-11,5400,ITEM
치노팬츠,2025-12,4400,ITEM
치노팬츠,2026-01,4400,ITEM
치노팬츠,2026-02,5400,ITEM
치노팬츠,2026-03,6600,ITEM
치노팬츠,2026-04,6600,ITEM
치노팬츠,2026-05,6600,ITEM
치노팬츠,2026-06,5400,ITEM
치노팬츠,2026-07,4400,ITEM
치노팬츠,2026-08,5400,ITEM
카고팬츠,2025-09,4400,ITEM
카고팬츠,2025-10,4400,ITEM
카고팬츠,2025-11,3600,ITEM
카고팬츠,2025-12,2900,ITEM
카고팬츠,2026-01,2900,ITEM
카고팬츠,2026-02,3600,ITEM
카고팬츠,2026-03,8100,ITEM
카고팬츠,2026-04,6600,ITEM
카고팬츠,2026-05,9900,ITEM
카고팬츠,2026-06,9900,ITEM
카고팬츠,2026-07,14800,ITEM
카고팬츠,2026-08,6600,ITEM
카고포켓,2025-09,40,DETAIL
카고포켓,2025-10,20,DETAIL
카고포켓,2025-11,40,DETAIL
카고포켓,2025-12,40,DETAIL
카고포켓,2026-01,50,DETAIL
카고포켓,2026-02,40,DETAIL
카고포켓,2026-03,70,DETAIL
카고포켓,2026-04,90,DETAIL
카고포켓,2026-05,110,DETAIL
카고포켓,2026-06,110,DETAIL
카고포켓,2026-07,90,DETAIL
카고포켓,2026-08,90,DETAIL
카나리아옐로우,2025-09,40,COLOR
카나리아옐로우,2025-10,30,COLOR
카나리아옐로우,2025-11,20,COLOR
카나리아옐로우,2025-12,20,COLOR
카나리아옐로우,2026-01,30,COLOR
카나리아옐로우,2026-02,30,COLOR
카나리아옐로우,2026-03,70,COLOR
카나리아옐로우,2026-04,40,COLOR
카나리아옐로우,2026-05,50,COLOR
카나리아옐로우,2026-06,70,COLOR
카나리아옐로우,2026-07,50,COLOR
카나리아옐로우,2026-08,90,COLOR
카라비너,2025-09,1020,ITEM
카라비너,2025-10,900,ITEM
카라비너,2025-11,730,ITEM
카라비너,2025-12,750,ITEM
카라비너,2026-01,740,ITEM
카라비너,2026-02,750,ITEM
카라비너,2026-03,730,ITEM
카라비너,2026-04,740,ITEM
카라비너,2026-05,900,ITEM
카라비너,2026-06,1020,ITEM
카라비너,2026-07,900,ITEM
카라비너,2026-08,890,ITEM
카멜,2025-09,40,COLOR
카멜,2025-10,40,COLOR
카멜,2025-11,40,COLOR
카멜,2025-12,60,COLOR
카멜,2026-01,40,COLOR
카멜,2026-02,40,COLOR
카멜,2026-03,50,COLOR
카멜,2026-04,30,COLOR
카멜,2026-05,20,COLOR
카멜,2026-06,20,COLOR
카멜,2026-07,20,COLOR
카멜,2026-08,20,COLOR
카무플라주,2025-09,3380,DETAIL
카무플라주,2025-10,2790,DETAIL
카무플라주,2025-11,2720,DETAIL
카무플라주,2025-12,2660,DETAIL
카무플라주,2026-01,1320,DETAIL
카무플라주,2026-02,980,DETAIL
카무플라주,2026-03,2720,DETAIL
카무플라주,2026-04,3290,DETAIL
카무플라주,2026-05,3220,DETAIL
카무플라주,2026-06,3920,DETAIL
카무플라주,2026-07,3160,DETAIL
카무플라주,2026-08,2720,DETAIL
카울넥,2025-09,170,DETAIL
카울넥,2025-10,170,DETAIL
카울넥,2025-11,170,DETAIL
카울넥,2025-12,260,DETAIL
카울넥,2026-01,590,DETAIL
카울넥,2026-02,720,DETAIL
카울넥,2026-03,1000,DETAIL
카울넥,2026-04,1300,DETAIL
카울넥,2026-05,1900,DETAIL
카울넥,2026-06,2900,DETAIL
카울넥,2026-07,2900,DETAIL
카울넥,2026-08,2900,DETAIL
카키,2025-09,410,COLOR
카키,2025-10,620,COLOR
카키,2025-11,490,COLOR
카키,2025-12,490,COLOR
카키,2026-01,340,COLOR
카키,2026-02,420,COLOR
카키,2026-03,600,COLOR
카키,2026-04,430,COLOR
카키,2026-05,410,COLOR
카키,2026-06,360,COLOR
카키,2026-07,370,COLOR
카키,2026-08,410,COLOR
카페,2025-09,40,TPO
카페,2025-10,20,TPO
카페,2025-11,30,TPO
카페,2025-12,30,TPO
카페,2026-01,40,TPO
카페,2026-02,40,TPO
카페,2026-03,70,TPO
카페,2026-04,50,TPO
카페,2026-05,60,TPO
카페,2026-06,60,TPO
카페,2026-07,30,TPO
카페,2026-08,50,TPO
카프리팬츠,2025-09,880,ITEM
카프리팬츠,2025-10,590,ITEM
카프리팬츠,2025-11,390,ITEM
카프리팬츠,2025-12,260,ITEM
카프리팬츠,2026-01,390,ITEM
카프리팬츠,2026-02,590,ITEM
카프리팬츠,2026-03,1900,ITEM
카프리팬츠,2026-04,5400,ITEM
카프리팬츠,2026-05,14800,ITEM
카프리팬츠,2026-06,14800,ITEM
카프리팬츠,2026-07,14800,ITEM
카프리팬츠,2026-08,8100,ITEM
캐시미어,2025-09,4470,MATERIAL
캐시미어,2025-10,6690,MATERIAL
캐시미어,2025-11,10070,MATERIAL
캐시미어,2025-12,12270,MATERIAL
캐시미어,2026-01,10110,MATERIAL
캐시미어,2026-02,5660,MATERIAL
캐시미어,2026-03,5720,MATERIAL
캐시미어,2026-04,5720,MATERIAL
캐시미어,2026-05,4790,MATERIAL
캐시미어,2026-06,5790,MATERIAL
캐시미어,2026-07,5880,MATERIAL
캐시미어,2026-08,5790,MATERIAL
캐주얼,2025-09,3320,STYLE
캐주얼,2025-10,3190,STYLE
캐주얼,2025-11,2770,STYLE
캐주얼,2025-12,2660,STYLE
캐주얼,2026-01,2660,STYLE
캐주얼,2026-02,2660,STYLE
캐주얼,2026-03,3490,STYLE
캐주얼,2026-04,3190,STYLE
캐주얼,2026-05,3490,STYLE
캐주얼,2026-06,3490,STYLE
캐주얼,2026-07,2780,STYLE
캐주얼,2026-08,3370,STYLE
캔버스,2025-09,430,MATERIAL
캔버스,2025-10,350,MATERIAL
캔버스,2025-11,430,MATERIAL
캔버스,2025-12,350,MATERIAL
캔버스,2026-01,370,MATERIAL
캔버스,2026-02,370,MATERIAL
캔버스,2026-03,470,MATERIAL
캔버스,2026-04,490,MATERIAL
캔버스,2026-05,530,MATERIAL
캔버스,2026-06,560,MATERIAL
캔버스,2026-07,490,MATERIAL
캔버스,2026-08,400,MATERIAL
캠퍼스,2025-09,800,TPO
캠퍼스,2025-10,710,TPO
캠퍼스,2025-11,650,TPO
캠퍼스,2025-12,520,TPO
캠퍼스,2026-01,710,TPO
캠퍼스,2026-02,1470,TPO
캠퍼스,2026-03,1760,TPO
캠퍼스,2026-04,870,TPO
캠퍼스,2026-05,710,TPO
캠퍼스,2026-06,470,TPO
캠퍼스,2026-07,530,TPO
캠퍼스,2026-08,710,TPO
캠핑,2025-09,250,TPO
캠핑,2025-10,350,TPO
캠핑,2025-11,290,TPO
캠핑,2025-12,220,TPO
캠핑,2026-01,230,TPO
캠핑,2026-02,210,TPO
캠핑,2026-03,240,TPO
캠핑,2026-04,280,TPO
캠핑,2026-05,330,TPO
캠핑,2026-06,260,TPO
캠핑,2026-07,240,TPO
캠핑,2026-08,290,TPO
캡소매,2025-09,210,DETAIL
캡소매,2025-10,210,DETAIL
캡소매,2025-11,210,DETAIL
캡소매,2025-12,170,DETAIL
캡소매,2026-01,260,DETAIL
캡소매,2026-02,260,DETAIL
캡소매,2026-03,390,DETAIL
캡소매,2026-04,720,DETAIL
캡소매,2026-05,1600,DETAIL
캡소매,2026-06,2400,DETAIL
캡소매,2026-07,2400,DETAIL
캡소매,2026-08,1900,DETAIL
캡토,2025-09,0,DETAIL
캡토,2025-10,0,DETAIL
캡토,2025-11,0,DETAIL
캡토,2025-12,0,DETAIL
캡토,2026-01,0,DETAIL
캡토,2026-02,0,DETAIL
캡토,2026-03,20,DETAIL
캡토,2026-04,20,DETAIL
캡토,2026-05,30,DETAIL
캡토,2026-06,20,DETAIL
캡토,2026-07,10,DETAIL
캡토,2026-08,30,DETAIL
캥거루포켓,2025-09,20,DETAIL
캥거루포켓,2025-10,40,DETAIL
캥거루포켓,2025-11,40,DETAIL
캥거루포켓,2025-12,70,DETAIL
캥거루포켓,2026-01,40,DETAIL
캥거루포켓,2026-02,40,DETAIL
캥거루포켓,2026-03,50,DETAIL
캥거루포켓,2026-04,50,DETAIL
캥거루포켓,2026-05,30,DETAIL
캥거루포켓,2026-06,40,DETAIL
캥거루포켓,2026-07,30,DETAIL
캥거루포켓,2026-08,50,DETAIL
커브드,2025-09,1410,DETAIL
커브드,2025-10,1140,DETAIL
커브드,2025-11,990,DETAIL
커브드,2025-12,970,DETAIL
커브드,2026-01,1170,DETAIL
커브드,2026-02,1770,DETAIL
커브드,2026-03,1810,DETAIL
커브드,2026-04,1860,DETAIL
커브드,2026-05,1470,DETAIL
커브드,2026-06,1020,DETAIL
커브드,2026-07,830,DETAIL
커브드,2026-08,1470,DETAIL
컬러블록,2025-09,170,DETAIL
컬러블록,2025-10,170,DETAIL
컬러블록,2025-11,170,DETAIL
컬러블록,2025-12,170,DETAIL
컬러블록,2026-01,170,DETAIL
컬러블록,2026-02,170,DETAIL
컬러블록,2026-03,320,DETAIL
컬러블록,2026-04,320,DETAIL
컬러블록,2026-05,320,DETAIL
컬러블록,2026-06,320,DETAIL
컬러블록,2026-07,320,DETAIL
컬러블록,2026-08,260,DETAIL
컴포트핏,2025-09,70,DETAIL
컴포트핏,2025-10,90,DETAIL
컴포트핏,2025-11,90,DETAIL
컴포트핏,2025-12,50,DETAIL
컴포트핏,2026-01,50,DETAIL
컴포트핏,2026-02,70,DETAIL
컴포트핏,2026-03,90,DETAIL
컴포트핏,2026-04,90,DETAIL
컴포트핏,2026-05,170,DETAIL
컴포트핏,2026-06,110,DETAIL
컴포트핏,2026-07,70,DETAIL
컴포트핏,2026-08,90,DETAIL
컷아웃,2025-09,40,DETAIL
컷아웃,2025-10,40,DETAIL
컷아웃,2025-11,40,DETAIL
컷아웃,2025-12,40,DETAIL
컷아웃,2026-01,50,DETAIL
컷아웃,2026-02,40,DETAIL
컷아웃,2026-03,60,DETAIL
컷아웃,2026-04,50,DETAIL
컷아웃,2026-05,90,DETAIL
컷아웃,2026-06,60,DETAIL
컷아웃,2026-07,60,DETAIL
컷아웃,2026-08,90,DETAIL
코듀로이,2025-09,3670,MATERIAL
코듀로이,2025-10,6740,MATERIAL
코듀로이,2025-11,10070,MATERIAL
코듀로이,2025-12,8240,MATERIAL
코듀로이,2026-01,6810,MATERIAL
코듀로이,2026-02,4610,MATERIAL
코듀로이,2026-03,3810,MATERIAL
코듀로이,2026-04,2660,MATERIAL
코듀로이,2026-05,2220,MATERIAL
코듀로이,2026-06,1860,MATERIAL
코듀로이,2026-07,1990,MATERIAL
코듀로이,2026-08,2720,MATERIAL
코랄,2025-09,10,COLOR
코랄,2025-10,10,COLOR
코랄,2025-11,10,COLOR
코랄,2025-12,10,COLOR
코랄,2026-01,10,COLOR
코랄,2026-02,40,COLOR
코랄,2026-03,40,COLOR
코랄,2026-04,50,COLOR
코랄,2026-05,90,COLOR
코랄,2026-06,70,COLOR
코랄,2026-07,70,COLOR
코랄,2026-08,90,COLOR
코발트블루,2025-09,5450,COLOR
코발트블루,2025-10,5510,COLOR
코발트블루,2025-11,5510,COLOR
코발트블루,2025-12,4470,COLOR
코발트블루,2026-01,5510,COLOR
코발트블루,2026-02,5510,COLOR
코발트블루,2026-03,6740,COLOR
코발트블루,2026-04,6710,COLOR
코발트블루,2026-05,6690,COLOR
코발트블루,2026-06,6670,COLOR
코발트블루,2026-07,6690,COLOR
코발트블루,2026-08,6710,COLOR
코치재킷,2025-09,140,ITEM
코치재킷,2025-10,260,ITEM
코치재킷,2025-11,140,ITEM
코치재킷,2025-12,110,ITEM
코치재킷,2026-01,110,ITEM
코치재킷,2026-02,170,ITEM
코치재킷,2026-03,260,ITEM
코치재킷,2026-04,210,ITEM
코치재킷,2026-05,110,ITEM
코치재킷,2026-06,70,ITEM
코치재킷,2026-07,90,ITEM
코치재킷,2026-08,140,ITEM
코코아브라운,2025-09,140,COLOR
코코아브라운,2025-10,140,COLOR
코코아브라운,2025-11,170,COLOR
코코아브라운,2025-12,320,COLOR
코코아브라운,2026-01,320,COLOR
코코아브라운,2026-02,260,COLOR
코코아브라운,2026-03,260,COLOR
코코아브라운,2026-04,260,COLOR
코코아브라운,2026-05,320,COLOR
코코아브라운,2026-06,210,COLOR
코코아브라운,2026-07,210,COLOR
코코아브라운,2026-08,210,COLOR
코쿤,2025-09,90,DETAIL
코쿤,2025-10,100,DETAIL
코쿤,2025-11,60,DETAIL
코쿤,2025-12,90,DETAIL
코쿤,2026-01,130,DETAIL
코쿤,2026-02,90,DETAIL
코쿤,2026-03,180,DETAIL
코쿤,2026-04,150,DETAIL
코쿤,2026-05,60,DETAIL
코쿤,2026-06,70,DETAIL
코쿤,2026-07,70,DETAIL
코쿤,2026-08,40,DETAIL
코트,2025-09,11890,ITEM
코트,2025-10,43990,ITEM
코트,2025-11,95780,ITEM
코트,2025-12,79400,ITEM
코트,2026-01,31580,ITEM
코트,2026-02,21480,ITEM
코트,2026-03,12690,ITEM
코트,2026-04,9960,ITEM
코트,2026-05,9910,ITEM
코트,2026-06,10210,ITEM
코트,2026-07,10210,ITEM
코트,2026-08,12560,ITEM
코튼,2025-09,400,MATERIAL
코튼,2025-10,460,MATERIAL
코튼,2025-11,430,MATERIAL
코튼,2025-12,400,MATERIAL
코튼,2026-01,400,MATERIAL
코튼,2026-02,490,MATERIAL
코튼,2026-03,690,MATERIAL
코튼,2026-04,910,MATERIAL
코튼,2026-05,710,MATERIAL
코튼,2026-06,640,MATERIAL
코튼,2026-07,580,MATERIAL
코튼,2026-08,640,MATERIAL
코티지코어,2025-09,660,STYLE
코티지코어,2025-10,1070,STYLE
코티지코어,2025-11,640,STYLE
코티지코어,2025-12,760,STYLE
코티지코어,2026-01,930,STYLE
코티지코어,2026-02,1370,STYLE
코티지코어,2026-03,1390,STYLE
코티지코어,2026-04,1370,STYLE
코티지코어,2026-05,1690,STYLE
코티지코어,2026-06,1690,STYLE
코티지코어,2026-07,1690,STYLE
코티지코어,2026-08,1990,STYLE
콘서트,2025-09,260,TPO
콘서트,2025-10,350,TPO
콘서트,2025-11,230,TPO
콘서트,2025-12,210,TPO
콘서트,2026-01,180,TPO
콘서트,2026-02,200,TPO
콘서트,2026-03,280,TPO
콘서트,2026-04,260,TPO
콘서트,2026-05,260,TPO
콘서트,2026-06,350,TPO
콘서트,2026-07,400,TPO
콘서트,2026-08,320,TPO
콘힐,2025-09,20,DETAIL
콘힐,2025-10,10,DETAIL
콘힐,2025-11,10,DETAIL
콘힐,2025-12,20,DETAIL
콘힐,2026-01,10,DETAIL
콘힐,2026-02,10,DETAIL
콘힐,2026-03,20,DETAIL
콘힐,2026-04,10,DETAIL
콘힐,2026-05,10,DETAIL
콘힐,2026-06,30,DETAIL
콘힐,2026-07,20,DETAIL
콘힐,2026-08,10,DETAIL
큐롯팬츠,2025-09,390,ITEM
큐롯팬츠,2025-10,390,ITEM
큐롯팬츠,2025-11,260,ITEM
큐롯팬츠,2025-12,260,ITEM
큐롯팬츠,2026-01,320,ITEM
큐롯팬츠,2026-02,320,ITEM
큐롯팬츠,2026-03,390,ITEM
큐롯팬츠,2026-04,480,ITEM
큐롯팬츠,2026-05,720,ITEM
큐롯팬츠,2026-06,720,ITEM
큐롯팬츠,2026-07,720,ITEM
큐롯팬츠,2026-08,720,ITEM
큐프로,2025-09,20,MATERIAL
큐프로,2025-10,10,MATERIAL
큐프로,2025-11,10,MATERIAL
큐프로,2025-12,20,MATERIAL
큐프로,2026-01,10,MATERIAL
큐프로,2026-02,20,MATERIAL
큐프로,2026-03,30,MATERIAL
큐프로,2026-04,50,MATERIAL
큐프로,2026-05,50,MATERIAL
큐프로,2026-06,60,MATERIAL
큐프로,2026-07,60,MATERIAL
큐프로,2026-08,40,MATERIAL
크로스백,2025-09,9900,ITEM
크로스백,2025-10,9900,ITEM
크로스백,2025-11,9900,ITEM
크로스백,2025-12,9900,ITEM
크로스백,2026-01,9900,ITEM
크로스백,2026-02,9900,ITEM
크로스백,2026-03,12100,ITEM
크로스백,2026-04,12100,ITEM
크로스백,2026-05,12100,ITEM
크로스백,2026-06,12100,ITEM
크로스백,2026-07,12100,ITEM
크로스백,2026-08,12100,ITEM
크롭,2025-09,9900,DETAIL
크롭,2025-10,9900,DETAIL
크롭,2025-11,8100,DETAIL
크롭,2025-12,8100,DETAIL
크롭,2026-01,9900,DETAIL
크롭,2026-02,8100,DETAIL
크롭,2026-03,9900,DETAIL
크롭,2026-04,9900,DETAIL
크롭,2026-05,12100,DETAIL
크롭,2026-06,12100,DETAIL
크롭,2026-07,12100,DETAIL
크롭,2026-08,12100,DETAIL
크롭기장,2025-09,140,DETAIL
크롭기장,2025-10,140,DETAIL
크롭기장,2025-11,170,DETAIL
크롭기장,2025-12,110,DETAIL
크롭기장,2026-01,110,DETAIL
크롭기장,2026-02,170,DETAIL
크롭기장,2026-03,210,DETAIL
크롭기장,2026-04,210,DETAIL
크롭기장,2026-05,260,DETAIL
크롭기장,2026-06,170,DETAIL
크롭기장,2026-07,170,DETAIL
크롭기장,2026-08,140,DETAIL
크롭탑,2025-09,2900,ITEM
크롭탑,2025-10,2400,ITEM
크롭탑,2025-11,2400,ITEM
크롭탑,2025-12,2900,ITEM
크롭탑,2026-01,2900,ITEM
크롭탑,2026-02,3600,ITEM
크롭탑,2026-03,5400,ITEM
크롭탑,2026-04,5400,ITEM
크롭탑,2026-05,6600,ITEM
크롭탑,2026-06,6600,ITEM
크롭탑,2026-07,8100,ITEM
크롭탑,2026-08,9900,ITEM
크리스마스,2025-09,220,TPO
크리스마스,2025-10,320,TPO
크리스마스,2025-11,1830,TPO
크리스마스,2025-12,5060,TPO
크리스마스,2026-01,100,TPO
크리스마스,2026-02,70,TPO
크리스마스,2026-03,100,TPO
크리스마스,2026-04,70,TPO
크리스마스,2026-05,90,TPO
크리스마스,2026-06,90,TPO
크리스마스,2026-07,100,TPO
크리스마스,2026-08,120,TPO
크림,2025-09,10,COLOR
크림,2025-10,10,COLOR
크림,2025-11,20,COLOR
크림,2025-12,20,COLOR
크림,2026-01,10,COLOR
크림,2026-02,10,COLOR
크림,2026-03,20,COLOR
크림,2026-04,20,COLOR
크림,2026-05,20,COLOR
크림,2026-06,10,COLOR
크림,2026-07,10,COLOR
크림,2026-08,20,COLOR
클래식,2025-09,740,STYLE
클래식,2025-10,750,STYLE
클래식,2025-11,760,STYLE
클래식,2025-12,580,STYLE
클래식,2026-01,510,STYLE
클래식,2026-02,530,STYLE
클래식,2026-03,750,STYLE
클래식,2026-04,720,STYLE
클래식,2026-05,600,STYLE
클래식,2026-06,600,STYLE
클래식,2026-07,430,STYLE
클래식,2026-08,590,STYLE
클로그,2025-09,1320,ITEM
클로그,2025-10,1320,ITEM
클로그,2025-11,1320,ITEM
클로그,2025-12,1010,ITEM
클로그,2026-01,1010,ITEM
클로그,2026-02,1620,ITEM
클로그,2026-03,2430,ITEM
클로그,2026-04,3640,ITEM
클로그,2026-05,4430,ITEM
클로그,2026-06,4470,ITEM
클로그,2026-07,3740,ITEM
클로그,2026-08,3670,ITEM
클린 걸,2025-09,70,STYLE
클린 걸,2025-10,70,STYLE
클린 걸,2025-11,40,STYLE
클린 걸,2025-12,50,STYLE
클린 걸,2026-01,50,STYLE
클린 걸,2026-02,30,STYLE
클린 걸,2026-03,30,STYLE
클린 걸,2026-04,50,STYLE
클린 걸,2026-05,70,STYLE
클린 걸,2026-06,70,STYLE
클린 걸,2026-07,50,STYLE
클린 걸,2026-08,50,STYLE
키튼힐,2025-09,260,DETAIL
키튼힐,2025-10,260,DETAIL
키튼힐,2025-11,260,DETAIL
키튼힐,2025-12,170,DETAIL
키튼힐,2026-01,390,DETAIL
키튼힐,2026-02,390,DETAIL
키튼힐,2026-03,480,DETAIL
키튼힐,2026-04,480,DETAIL
키튼힐,2026-05,1000,DETAIL
키튼힐,2026-06,720,DETAIL
키튼힐,2026-07,720,DETAIL
키튼힐,2026-08,720,DETAIL
키홀넥,2025-09,30,DETAIL
키홀넥,2025-10,20,DETAIL
키홀넥,2025-11,20,DETAIL
키홀넥,2025-12,20,DETAIL
키홀넥,2026-01,30,DETAIL
키홀넥,2026-02,20,DETAIL
키홀넥,2026-03,30,DETAIL
키홀넥,2026-04,40,DETAIL
키홀넥,2026-05,50,DETAIL
키홀넥,2026-06,50,DETAIL
키홀넥,2026-07,70,DETAIL
키홀넥,2026-08,50,DETAIL
타이다이,2025-09,1000,DETAIL
타이다이,2025-10,880,DETAIL
타이다이,2025-11,880,DETAIL
타이다이,2025-12,720,DETAIL
타이다이,2026-01,880,DETAIL
타이다이,2026-02,720,DETAIL
타이다이,2026-03,880,DETAIL
타이다이,2026-04,1000,DETAIL
타이다이,2026-05,1300,DETAIL
타이다이,2026-06,1300,DETAIL
타이다이,2026-07,1000,DETAIL
타이다이,2026-08,1000,DETAIL
타탄체크,2025-09,880,DETAIL
타탄체크,2025-10,1000,DETAIL
타탄체크,2025-11,1000,DETAIL
타탄체크,2025-12,1000,DETAIL
타탄체크,2026-01,880,DETAIL
타탄체크,2026-02,720,DETAIL
타탄체크,2026-03,880,DETAIL
타탄체크,2026-04,880,DETAIL
타탄체크,2026-05,880,DETAIL
타탄체크,2026-06,880,DETAIL
타탄체크,2026-07,720,DETAIL
타탄체크,2026-08,880,DETAIL
태슬,2025-09,70,DETAIL
태슬,2025-10,70,DETAIL
태슬,2025-11,90,DETAIL
태슬,2025-12,260,DETAIL
태슬,2026-01,110,DETAIL
태슬,2026-02,140,DETAIL
태슬,2026-03,140,DETAIL
태슬,2026-04,170,DETAIL
태슬,2026-05,140,DETAIL
태슬,2026-06,170,DETAIL
태슬,2026-07,110,DETAIL
태슬,2026-08,140,DETAIL
탱크탑,2025-09,6600,ITEM
탱크탑,2025-10,6600,ITEM
탱크탑,2025-11,6600,ITEM
탱크탑,2025-12,8100,ITEM
탱크탑,2026-01,8100,ITEM
탱크탑,2026-02,9900,ITEM
탱크탑,2026-03,9900,ITEM
탱크탑,2026-04,9900,ITEM
탱크탑,2026-05,14800,ITEM
탱크탑,2026-06,12100,ITEM
탱크탑,2026-07,12100,ITEM
탱크탑,2026-08,12100,ITEM
터틀넥,2025-09,3600,DETAIL
터틀넥,2025-10,8100,DETAIL
터틀넥,2025-11,9900,DETAIL
터틀넥,2025-12,14800,DETAIL
터틀넥,2026-01,6600,DETAIL
터틀넥,2026-02,5400,DETAIL
터틀넥,2026-03,8100,DETAIL
터틀넥,2026-04,8100,DETAIL
터틀넥,2026-05,8100,DETAIL
터틀넥,2026-06,6600,DETAIL
터틀넥,2026-07,8100,DETAIL
터틀넥,2026-08,6600,DETAIL
테리,2025-09,320,MATERIAL
테리,2025-10,350,MATERIAL
테리,2025-11,430,MATERIAL
테리,2025-12,600,MATERIAL
테리,2026-01,800,MATERIAL
테리,2026-02,1040,MATERIAL
테리,2026-03,1110,MATERIAL
테리,2026-04,1360,MATERIAL
테리,2026-05,1480,MATERIAL
테리,2026-06,1480,MATERIAL
테리,2026-07,1480,MATERIAL
테리,2026-08,1480,MATERIAL
테이퍼드,2025-09,1810,DETAIL
테이퍼드,2025-10,2070,DETAIL
테이퍼드,2025-11,2070,DETAIL
테이퍼드,2025-12,1770,DETAIL
테이퍼드,2026-01,1860,DETAIL
테이퍼드,2026-02,1860,DETAIL
테이퍼드,2026-03,2160,DETAIL
테이퍼드,2026-04,2220,DETAIL
테이퍼드,2026-05,1920,DETAIL
테이퍼드,2026-06,1860,DETAIL
테이퍼드,2026-07,1510,DETAIL
테이퍼드,2026-08,1620,DETAIL
텐셀,2025-09,600,MATERIAL
텐셀,2025-10,530,MATERIAL
텐셀,2025-11,530,MATERIAL
텐셀,2025-12,460,MATERIAL
텐셀,2026-01,500,MATERIAL
텐셀,2026-02,620,MATERIAL
텐셀,2026-03,930,MATERIAL
텐셀,2026-04,1040,MATERIAL
텐셀,2026-05,1270,MATERIAL
텐셀,2026-06,1390,MATERIAL
텐셀,2026-07,1200,MATERIAL
텐셀,2026-08,1110,MATERIAL
토마토레드,2025-09,70,COLOR
토마토레드,2025-10,70,COLOR
토마토레드,2025-11,50,COLOR
토마토레드,2025-12,50,COLOR
토마토레드,2026-01,70,COLOR
토마토레드,2026-02,50,COLOR
토마토레드,2026-03,70,COLOR
토마토레드,2026-04,70,COLOR
토마토레드,2026-05,90,COLOR
토마토레드,2026-06,90,COLOR
토마토레드,2026-07,110,COLOR
토마토레드,2026-08,110,COLOR
토스트브라운,2025-09,0,COLOR
토스트브라운,2025-10,0,COLOR
토스트브라운,2025-11,0,COLOR
토스트브라운,2025-12,0,COLOR
토스트브라운,2026-01,0,COLOR
토스트브라운,2026-02,0,COLOR
토스트브라운,2026-03,0,COLOR
토스트브라운,2026-04,0,COLOR
토스트브라운,2026-05,0,COLOR
토스트브라운,2026-06,0,COLOR
토스트브라운,2026-07,0,COLOR
토스트브라운,2026-08,0,COLOR
토트백,2025-09,6600,ITEM
토트백,2025-10,6600,ITEM
토트백,2025-11,6600,ITEM
토트백,2025-12,6600,ITEM
토트백,2026-01,8100,ITEM
토트백,2026-02,27100,ITEM
토트백,2026-03,14800,ITEM
토트백,2026-04,8100,ITEM
토트백,2026-05,8100,ITEM
토트백,2026-06,9900,ITEM
토트백,2026-07,27100,ITEM
토트백,2026-08,22200,ITEM
투웨이,2025-09,500,DETAIL
투웨이,2025-10,650,DETAIL
투웨이,2025-11,700,DETAIL
투웨이,2025-12,530,DETAIL
투웨이,2026-01,570,DETAIL
투웨이,2026-02,460,DETAIL
투웨이,2026-03,700,DETAIL
투웨이,2026-04,570,DETAIL
투웨이,2026-05,390,DETAIL
투웨이,2026-06,290,DETAIL
투웨이,2026-07,250,DETAIL
투웨이,2026-08,280,DETAIL
튤,2025-09,120,MATERIAL
튤,2025-10,70,MATERIAL
튤,2025-11,100,MATERIAL
튤,2025-12,160,MATERIAL
튤,2026-01,280,MATERIAL
튤,2026-02,380,MATERIAL
튤,2026-03,520,MATERIAL
튤,2026-04,640,MATERIAL
튤,2026-05,980,MATERIAL
튤,2026-06,980,MATERIAL
튤,2026-07,1070,MATERIAL
튤,2026-08,980,MATERIAL
트랙탑,2025-09,3600,ITEM
트랙탑,2025-10,3600,ITEM
트랙탑,2025-11,1600,ITEM
트랙탑,2025-12,1300,ITEM
트랙탑,2026-01,1600,ITEM
트랙탑,2026-02,2400,ITEM
트랙탑,2026-03,2900,ITEM
트랙탑,2026-04,2900,ITEM
트랙탑,2026-05,3600,ITEM
트랙탑,2026-06,2900,ITEM
트랙탑,2026-07,1900,ITEM
트랙탑,2026-08,1900,ITEM
트러커재킷,2025-09,140,ITEM
트러커재킷,2025-10,210,ITEM
트러커재킷,2025-11,170,ITEM
트러커재킷,2025-12,70,ITEM
트러커재킷,2026-01,110,ITEM
트러커재킷,2026-02,170,ITEM
트러커재킷,2026-03,260,ITEM
트러커재킷,2026-04,140,ITEM
트러커재킷,2026-05,70,ITEM
트러커재킷,2026-06,90,ITEM
트러커재킷,2026-07,90,ITEM
트러커재킷,2026-08,140,ITEM
트레이닝재킷,2025-09,50,ITEM
트레이닝재킷,2025-10,50,ITEM
트레이닝재킷,2025-11,40,ITEM
트레이닝재킷,2025-12,30,ITEM
트레이닝재킷,2026-01,90,ITEM
트레이닝재킷,2026-02,70,ITEM
트레이닝재킷,2026-03,70,ITEM
트레이닝재킷,2026-04,70,ITEM
트레이닝재킷,2026-05,40,ITEM
트레이닝재킷,2026-06,50,ITEM
트레이닝재킷,2026-07,70,ITEM
트레이닝재킷,2026-08,90,ITEM
트레이닝팬츠,2025-09,1000,ITEM
트레이닝팬츠,2025-10,1300,ITEM
트레이닝팬츠,2025-11,1300,ITEM
트레이닝팬츠,2025-12,1300,ITEM
트레이닝팬츠,2026-01,1600,ITEM
트레이닝팬츠,2026-02,1600,ITEM
트레이닝팬츠,2026-03,1600,ITEM
트레이닝팬츠,2026-04,1600,ITEM
트레이닝팬츠,2026-05,1300,ITEM
트레이닝팬츠,2026-06,1000,ITEM
트레이닝팬츠,2026-07,1000,ITEM
트레이닝팬츠,2026-08,1300,ITEM
트레킹화,2025-09,1900,ITEM
트레킹화,2025-10,1900,ITEM
트레킹화,2025-11,1900,ITEM
트레킹화,2025-12,1900,ITEM
트레킹화,2026-01,1900,ITEM
트레킹화,2026-02,1600,ITEM
트레킹화,2026-03,1900,ITEM
트레킹화,2026-04,1900,ITEM
트레킹화,2026-05,1900,ITEM
트레킹화,2026-06,1600,ITEM
트레킹화,2026-07,1600,ITEM
트레킹화,2026-08,1600,ITEM
트렌치코트,2025-09,14800,ITEM
트렌치코트,2025-10,14800,ITEM
트렌치코트,2025-11,9900,ITEM
트렌치코트,2025-12,6600,ITEM
트렌치코트,2026-01,6600,ITEM
트렌치코트,2026-02,12100,ITEM
트렌치코트,2026-03,49500,ITEM
트렌치코트,2026-04,9900,ITEM
트렌치코트,2026-05,5400,ITEM
트렌치코트,2026-06,4400,ITEM
트렌치코트,2026-07,5400,ITEM
트렌치코트,2026-08,9900,ITEM
트위드,2025-09,1970,MATERIAL
트위드,2025-10,2990,MATERIAL
트위드,2025-11,2990,MATERIAL
트위드,2025-12,3040,MATERIAL
트위드,2026-01,4570,MATERIAL
트위드,2026-02,3160,MATERIAL
트위드,2026-03,3920,MATERIAL
트위드,2026-04,6860,MATERIAL
트위드,2026-05,2220,MATERIAL
트위드,2026-06,2160,MATERIAL
트위드,2026-07,1920,MATERIAL
트위드,2026-08,3920,MATERIAL
트윌,2025-09,350,MATERIAL
트윌,2025-10,460,MATERIAL
트윌,2025-11,370,MATERIAL
트윌,2025-12,370,MATERIAL
트윌,2026-01,370,MATERIAL
트윌,2026-02,400,MATERIAL
트윌,2026-03,560,MATERIAL
트윌,2026-04,560,MATERIAL
트윌,2026-05,530,MATERIAL
트윌,2026-06,460,MATERIAL
트윌,2026-07,460,MATERIAL
트윌,2026-08,530,MATERIAL
티셔츠,2025-09,20,ITEM
티셔츠,2025-10,30,ITEM
티셔츠,2025-11,20,ITEM
티셔츠,2025-12,10,ITEM
티셔츠,2026-01,10,ITEM
티셔츠,2026-02,20,ITEM
티셔츠,2026-03,30,ITEM
티셔츠,2026-04,40,ITEM
티셔츠,2026-05,40,ITEM
티셔츠,2026-06,40,ITEM
티셔츠,2026-07,30,ITEM
티셔츠,2026-08,30,ITEM
파우더블루,2025-09,320,COLOR
파우더블루,2025-10,320,COLOR
파우더블루,2025-11,390,COLOR
파우더블루,2025-12,480,COLOR
파우더블루,2026-01,480,COLOR
파우더블루,2026-02,590,COLOR
파우더블루,2026-03,590,COLOR
파우더블루,2026-04,720,COLOR
파우더블루,2026-05,880,COLOR
파우더블루,2026-06,880,COLOR
파우더블루,2026-07,880,COLOR
파우더블루,2026-08,880,COLOR
파카,2025-09,9900,ITEM
파카,2025-10,12100,ITEM
파카,2025-11,18100,ITEM
파카,2025-12,14800,ITEM
파카,2026-01,12100,ITEM
파카,2026-02,9900,ITEM
파카,2026-03,9900,ITEM
파카,2026-04,9900,ITEM
파카,2026-05,9900,ITEM
파카,2026-06,8100,ITEM
파카,2026-07,9900,ITEM
파카,2026-08,12100,ITEM
패딩,2025-09,8100,ITEM
패딩,2025-10,40500,ITEM
패딩,2025-11,165000,ITEM
패딩,2025-12,110000,ITEM
패딩,2026-01,40500,ITEM
패딩,2026-02,8100,ITEM
패딩,2026-03,9900,ITEM
패딩,2026-04,3600,ITEM
패딩,2026-05,3600,ITEM
패딩,2026-06,3600,ITEM
패딩,2026-07,3600,ITEM
패딩,2026-08,5400,ITEM
패치포켓,2025-09,50,DETAIL
패치포켓,2025-10,90,DETAIL
패치포켓,2025-11,70,DETAIL
패치포켓,2025-12,90,DETAIL
패치포켓,2026-01,70,DETAIL
패치포켓,2026-02,70,DETAIL
패치포켓,2026-03,110,DETAIL
패치포켓,2026-04,140,DETAIL
패치포켓,2026-05,90,DETAIL
패치포켓,2026-06,90,DETAIL
패치포켓,2026-07,90,DETAIL
패치포켓,2026-08,110,DETAIL
팬츠,2025-09,20140,ITEM
팬츠,2025-10,35090,ITEM
팬츠,2025-11,42990,ITEM
팬츠,2025-12,42990,ITEM
팬츠,2026-01,35590,ITEM
팬츠,2026-02,62990,ITEM
팬츠,2026-03,76970,ITEM
팬츠,2026-04,112490,ITEM
팬츠,2026-05,52510,ITEM
팬츠,2026-06,52510,ITEM
팬츠,2026-07,167990,ITEM
팬츠,2026-08,43540,ITEM
팬티,2025-09,17100,ITEM
팬티,2025-10,17400,ITEM
팬티,2025-11,17400,ITEM
팬티,2025-12,14700,ITEM
팬티,2026-01,15000,ITEM
팬티,2026-02,14280,ITEM
팬티,2026-03,14700,ITEM
팬티,2026-04,17280,ITEM
팬티,2026-05,20580,ITEM
팬티,2026-06,16980,ITEM
팬티,2026-07,17400,ITEM
팬티,2026-08,17400,ITEM
퍼프소매,2025-09,880,DETAIL
퍼프소매,2025-10,880,DETAIL
퍼프소매,2025-11,880,DETAIL
퍼프소매,2025-12,720,DETAIL
퍼프소매,2026-01,720,DETAIL
퍼프소매,2026-02,880,DETAIL
퍼프소매,2026-03,880,DETAIL
퍼프소매,2026-04,880,DETAIL
퍼프소매,2026-05,1000,DETAIL
퍼프소매,2026-06,1300,DETAIL
퍼프소매,2026-07,1300,DETAIL
퍼프소매,2026-08,1300,DETAIL
퍼플,2025-09,50,COLOR
퍼플,2025-10,40,COLOR
퍼플,2025-11,60,COLOR
퍼플,2025-12,60,COLOR
퍼플,2026-01,50,COLOR
퍼플,2026-02,70,COLOR
퍼플,2026-03,70,COLOR
퍼플,2026-04,110,COLOR
퍼플,2026-05,110,COLOR
퍼플,2026-06,90,COLOR
퍼플,2026-07,130,COLOR
퍼플,2026-08,130,COLOR
펄,2025-09,20,COLOR
펄,2025-10,30,COLOR
펄,2025-11,10,COLOR
펄,2025-12,10,COLOR
펄,2026-01,20,COLOR
펄,2026-02,10,COLOR
펄,2026-03,20,COLOR
펄,2026-04,20,COLOR
펄,2026-05,30,COLOR
펄,2026-06,30,COLOR
펄,2026-07,10,COLOR
펄,2026-08,10,COLOR
펄장식,2025-09,10,DETAIL
펄장식,2025-10,10,DETAIL
펄장식,2025-11,20,DETAIL
펄장식,2025-12,10,DETAIL
펄장식,2026-01,30,DETAIL
펄장식,2026-02,40,DETAIL
펄장식,2026-03,30,DETAIL
펄장식,2026-04,70,DETAIL
펄장식,2026-05,70,DETAIL
펄장식,2026-06,50,DETAIL
펄장식,2026-07,70,DETAIL
펄장식,2026-08,70,DETAIL
펌프스,2025-09,1390,ITEM
펌프스,2025-10,1390,ITEM
펌프스,2025-11,1320,ITEM
펌프스,2025-12,1390,ITEM
펌프스,2026-01,1690,ITEM
펌프스,2026-02,1390,ITEM
펌프스,2026-03,3490,ITEM
펌프스,2026-04,4990,ITEM
펌프스,2026-05,2880,ITEM
펌프스,2026-06,2080,ITEM
펌프스,2026-07,2080,ITEM
펌프스,2026-08,2080,ITEM
페리윙클,2025-09,720,COLOR
페리윙클,2025-10,880,COLOR
페리윙클,2025-11,720,COLOR
페리윙클,2025-12,880,COLOR
페리윙클,2026-01,880,COLOR
페리윙클,2026-02,880,COLOR
페리윙클,2026-03,1000,COLOR
페리윙클,2026-04,1300,COLOR
페리윙클,2026-05,1000,COLOR
페리윙클,2026-06,1000,COLOR
페리윙클,2026-07,1000,COLOR
페리윙클,2026-08,1000,COLOR
페미닌,2025-09,1740,STYLE
페미닌,2025-10,1440,STYLE
페미닌,2025-11,1690,STYLE
페미닌,2025-12,2490,STYLE
페미닌,2026-01,1390,STYLE
페미닌,2026-02,2990,STYLE
페미닌,2026-03,2010,STYLE
페미닌,2026-04,2010,STYLE
페미닌,2026-05,1990,STYLE
페미닌,2026-06,1710,STYLE
페미닌,2026-07,1990,STYLE
페미닌,2026-08,1990,STYLE
페스티벌,2025-09,190,TPO
페스티벌,2025-10,120,TPO
페스티벌,2025-11,40,TPO
페스티벌,2025-12,30,TPO
페스티벌,2026-01,50,TPO
페스티벌,2026-02,50,TPO
페스티벌,2026-03,140,TPO
페스티벌,2026-04,200,TPO
페스티벌,2026-05,530,TPO
페스티벌,2026-06,440,TPO
페스티벌,2026-07,390,TPO
페스티벌,2026-08,370,TPO
페이즐리,2025-09,480,DETAIL
페이즐리,2025-10,390,DETAIL
페이즐리,2025-11,390,DETAIL
페이즐리,2025-12,320,DETAIL
페이즐리,2026-01,390,DETAIL
페이즐리,2026-02,320,DETAIL
페이즐리,2026-03,590,DETAIL
페이즐리,2026-04,480,DETAIL
페이즐리,2026-05,720,DETAIL
페이즐리,2026-06,590,DETAIL
페이즐리,2026-07,590,DETAIL
페이즐리,2026-08,590,DETAIL
페플럼,2025-09,260,DETAIL
페플럼,2025-10,240,DETAIL
페플럼,2025-11,220,DETAIL
페플럼,2025-12,300,DETAIL
페플럼,2026-01,350,DETAIL
페플럼,2026-02,520,DETAIL
페플럼,2026-03,870,DETAIL
페플럼,2026-04,1470,DETAIL
페플럼,2026-05,2320,DETAIL
페플럼,2026-06,2780,DETAIL
페플럼,2026-07,2320,DETAIL
페플럼,2026-08,2320,DETAIL
포레스트그린,2025-09,590,COLOR
포레스트그린,2025-10,390,COLOR
포레스트그린,2025-11,480,COLOR
포레스트그린,2025-12,590,COLOR
포레스트그린,2026-01,720,COLOR
포레스트그린,2026-02,720,COLOR
포레스트그린,2026-03,880,COLOR
포레스트그린,2026-04,880,COLOR
포레스트그린,2026-05,880,COLOR
포레스트그린,2026-06,880,COLOR
포레스트그린,2026-07,1000,COLOR
포레스트그린,2026-08,1000,COLOR
포플린,2025-09,120,MATERIAL
포플린,2025-10,100,MATERIAL
포플린,2025-11,120,MATERIAL
포플린,2025-12,120,MATERIAL
포플린,2026-01,210,MATERIAL
포플린,2026-02,280,MATERIAL
포플린,2026-03,400,MATERIAL
포플린,2026-04,430,MATERIAL
포플린,2026-05,690,MATERIAL
포플린,2026-06,650,MATERIAL
포플린,2026-07,620,MATERIAL
포플린,2026-08,620,MATERIAL
폴로셔츠,2025-09,5400,ITEM
폴로셔츠,2025-10,4400,ITEM
폴로셔츠,2025-11,2900,ITEM
폴로셔츠,2025-12,2400,ITEM
폴로셔츠,2026-01,2900,ITEM
폴로셔츠,2026-02,3600,ITEM
폴로셔츠,2026-03,4400,ITEM
폴로셔츠,2026-04,5400,ITEM
폴로셔츠,2026-05,6600,ITEM
폴로셔츠,2026-06,6600,ITEM
폴로셔츠,2026-07,6600,ITEM
폴로셔츠,2026-08,5400,ITEM
폴리에스터,2025-09,760,MATERIAL
폴리에스터,2025-10,890,MATERIAL
폴리에스터,2025-11,890,MATERIAL
폴리에스터,2025-12,730,MATERIAL
폴리에스터,2026-01,860,MATERIAL
폴리에스터,2026-02,680,MATERIAL
폴리에스터,2026-03,1050,MATERIAL
폴리에스터,2026-04,1090,MATERIAL
폴리에스터,2026-05,1170,MATERIAL
폴리에스터,2026-06,1210,MATERIAL
폴리에스터,2026-07,1210,MATERIAL
폴리에스터,2026-08,1140,MATERIAL
폴리우레탄,2025-09,350,MATERIAL
폴리우레탄,2025-10,350,MATERIAL
폴리우레탄,2025-11,280,MATERIAL
폴리우레탄,2025-12,250,MATERIAL
폴리우레탄,2026-01,260,MATERIAL
폴리우레탄,2026-02,320,MATERIAL
폴리우레탄,2026-03,340,MATERIAL
폴리우레탄,2026-04,420,MATERIAL
폴리우레탄,2026-05,470,MATERIAL
폴리우레탄,2026-06,520,MATERIAL
폴리우레탄,2026-07,380,MATERIAL
폴리우레탄,2026-08,420,MATERIAL
프레피,2025-09,5470,STYLE
프레피,2025-10,6710,STYLE
프레피,2025-11,6690,STYLE
프레피,2025-12,4450,STYLE
프레피,2026-01,5450,STYLE
프레피,2026-02,5440,STYLE
프레피,2026-03,6670,STYLE
프레피,2026-04,8130,STYLE
프레피,2026-05,8150,STYLE
프레피,2026-06,5470,STYLE
프레피,2026-07,5450,STYLE
프레피,2026-08,6650,STYLE
프렌치테리,2025-09,70,MATERIAL
프렌치테리,2025-10,90,MATERIAL
프렌치테리,2025-11,110,MATERIAL
프렌치테리,2025-12,70,MATERIAL
프렌치테리,2026-01,70,MATERIAL
프렌치테리,2026-02,80,MATERIAL
프렌치테리,2026-03,90,MATERIAL
프렌치테리,2026-04,70,MATERIAL
프렌치테리,2026-05,60,MATERIAL
프렌치테리,2026-06,40,MATERIAL
프렌치테리,2026-07,40,MATERIAL
프렌치테리,2026-08,50,MATERIAL
프린지,2025-09,40,DETAIL
프린지,2025-10,20,DETAIL
프린지,2025-11,50,DETAIL
프린지,2025-12,80,DETAIL
프린지,2026-01,150,DETAIL
프린지,2026-02,190,DETAIL
프린지,2026-03,240,DETAIL
프린지,2026-04,240,DETAIL
프린지,2026-05,290,DETAIL
프린지,2026-06,300,DETAIL
프린지,2026-07,280,DETAIL
프린지,2026-08,350,DETAIL
프릴,2025-09,720,DETAIL
프릴,2025-10,720,DETAIL
프릴,2025-11,590,DETAIL
프릴,2025-12,590,DETAIL
프릴,2026-01,720,DETAIL
프릴,2026-02,590,DETAIL
프릴,2026-03,720,DETAIL
프릴,2026-04,880,DETAIL
프릴,2026-05,880,DETAIL
프릴,2026-06,720,DETAIL
프릴,2026-07,720,DETAIL
프릴,2026-08,720,DETAIL
플란넬,2025-09,390,MATERIAL
플란넬,2025-10,410,MATERIAL
플란넬,2025-11,400,MATERIAL
플란넬,2025-12,370,MATERIAL
플란넬,2026-01,320,MATERIAL
플란넬,2026-02,320,MATERIAL
플란넬,2026-03,350,MATERIAL
플란넬,2026-04,280,MATERIAL
플란넬,2026-05,340,MATERIAL
플란넬,2026-06,340,MATERIAL
플란넬,2026-07,310,MATERIAL
플란넬,2026-08,340,MATERIAL
플랩포켓,2025-09,210,DETAIL
플랩포켓,2025-10,170,DETAIL
플랩포켓,2025-11,170,DETAIL
플랩포켓,2025-12,170,DETAIL
플랩포켓,2026-01,170,DETAIL
플랩포켓,2026-02,170,DETAIL
플랩포켓,2026-03,320,DETAIL
플랩포켓,2026-04,320,DETAIL
플랩포켓,2026-05,210,DETAIL
플랩포켓,2026-06,210,DETAIL
플랩포켓,2026-07,210,DETAIL
플랩포켓,2026-08,260,DETAIL
플랫슈즈,2025-09,4400,ITEM
플랫슈즈,2025-10,2400,ITEM
플랫슈즈,2025-11,1900,ITEM
플랫슈즈,2025-12,2400,ITEM
플랫슈즈,2026-01,2900,ITEM
플랫슈즈,2026-02,4400,ITEM
플랫슈즈,2026-03,2900,ITEM
플랫슈즈,2026-04,3600,ITEM
플랫슈즈,2026-05,3600,ITEM
플랫슈즈,2026-06,3600,ITEM
플랫슈즈,2026-07,5400,ITEM
플랫슈즈,2026-08,3600,ITEM
플랫폼솔,2025-09,210,DETAIL
플랫폼솔,2025-10,320,DETAIL
플랫폼솔,2025-11,210,DETAIL
플랫폼솔,2025-12,260,DETAIL
플랫폼솔,2026-01,260,DETAIL
플랫폼솔,2026-02,260,DETAIL
플랫폼솔,2026-03,320,DETAIL
플랫폼솔,2026-04,320,DETAIL
플랫폼솔,2026-05,390,DETAIL
플랫폼솔,2026-06,390,DETAIL
플랫폼솔,2026-07,320,DETAIL
플랫폼솔,2026-08,320,DETAIL
플랫힐,2025-09,30,DETAIL
플랫힐,2025-10,40,DETAIL
플랫힐,2025-11,10,DETAIL
플랫힐,2025-12,30,DETAIL
플랫힐,2026-01,10,DETAIL
플랫힐,2026-02,20,DETAIL
플랫힐,2026-03,40,DETAIL
플랫힐,2026-04,30,DETAIL
플랫힐,2026-05,40,DETAIL
플랫힐,2026-06,20,DETAIL
플랫힐,2026-07,30,DETAIL
플랫힐,2026-08,40,DETAIL
플레어,2025-09,2790,DETAIL
플레어,2025-10,3290,DETAIL
플레어,2025-11,3290,DETAIL
플레어,2025-12,3220,DETAIL
플레어,2026-01,2720,DETAIL
플레어,2026-02,2880,DETAIL
플레어,2026-03,3490,DETAIL
플레어,2026-04,3490,DETAIL
플레어,2026-05,3490,DETAIL
플레어,2026-06,3490,DETAIL
플레어,2026-07,2990,DETAIL
플레어,2026-08,2990,DETAIL
플로럴,2025-09,140,DETAIL
플로럴,2025-10,160,DETAIL
플로럴,2025-11,140,DETAIL
플로럴,2025-12,100,DETAIL
플로럴,2026-01,80,DETAIL
플로럴,2026-02,120,DETAIL
플로럴,2026-03,250,DETAIL
플로럴,2026-04,280,DETAIL
플로럴,2026-05,300,DETAIL
플로럴,2026-06,280,DETAIL
플로럴,2026-07,310,DETAIL
플로럴,2026-08,240,DETAIL
플리스,2025-09,250,MATERIAL
플리스,2025-10,310,MATERIAL
플리스,2025-11,530,MATERIAL
플리스,2025-12,520,MATERIAL
플리스,2026-01,580,MATERIAL
플리스,2026-02,640,MATERIAL
플리스,2026-03,580,MATERIAL
플리스,2026-04,580,MATERIAL
플리스,2026-05,800,MATERIAL
플리스,2026-06,710,MATERIAL
플리스,2026-07,800,MATERIAL
플리스,2026-08,780,MATERIAL
플리스재킷,2025-09,70,ITEM
플리스재킷,2025-10,110,ITEM
플리스재킷,2025-11,210,ITEM
플리스재킷,2025-12,110,ITEM
플리스재킷,2026-01,70,ITEM
플리스재킷,2026-02,70,ITEM
플리스재킷,2026-03,90,ITEM
플리스재킷,2026-04,50,ITEM
플리스재킷,2026-05,40,ITEM
플리스재킷,2026-06,30,ITEM
플리스재킷,2026-07,70,ITEM
플리스재킷,2026-08,70,ITEM
플리츠,2025-09,4900,DETAIL
플리츠,2025-10,6000,DETAIL
플리츠,2025-11,5700,DETAIL
플리츠,2025-12,5400,DETAIL
플리츠,2026-01,6700,DETAIL
플리츠,2026-02,5700,DETAIL
플리츠,2026-03,16400,DETAIL
플리츠,2026-04,9000,DETAIL
플리츠,2026-05,9500,DETAIL
플리츠,2026-06,9000,DETAIL
플리츠,2026-07,9000,DETAIL
플리츠,2026-08,10200,DETAIL
플립플랍,2025-09,720,ITEM
플립플랍,2025-10,590,ITEM
플립플랍,2025-11,480,ITEM
플립플랍,2025-12,480,ITEM
플립플랍,2026-01,480,ITEM
플립플랍,2026-02,1600,ITEM
플립플랍,2026-03,720,ITEM
플립플랍,2026-04,1000,ITEM
플립플랍,2026-05,1900,ITEM
플립플랍,2026-06,2400,ITEM
플립플랍,2026-07,2400,ITEM
플립플랍,2026-08,1600,ITEM
피그먼트,2025-09,110,MATERIAL
피그먼트,2025-10,90,MATERIAL
피그먼트,2025-11,90,MATERIAL
피그먼트,2025-12,110,MATERIAL
피그먼트,2026-01,130,MATERIAL
피그먼트,2026-02,170,MATERIAL
피그먼트,2026-03,200,MATERIAL
피그먼트,2026-04,260,MATERIAL
피그먼트,2026-05,220,MATERIAL
피그먼트,2026-06,200,MATERIAL
피그먼트,2026-07,180,MATERIAL
피그먼트,2026-08,200,MATERIAL
피그먼트 워싱,2025-09,390,MATERIAL
피그먼트 워싱,2025-10,320,MATERIAL
피그먼트 워싱,2025-11,260,MATERIAL
피그먼트 워싱,2025-12,260,MATERIAL
피그먼트 워싱,2026-01,260,MATERIAL
피그먼트 워싱,2026-02,320,MATERIAL
피그먼트 워싱,2026-03,390,MATERIAL
피그먼트 워싱,2026-04,480,MATERIAL
피그먼트 워싱,2026-05,480,MATERIAL
피그먼트 워싱,2026-06,480,MATERIAL
피그먼트 워싱,2026-07,390,MATERIAL
피그먼트 워싱,2026-08,390,MATERIAL
피크닉,2025-09,110,TPO
피크닉,2025-10,70,TPO
피크닉,2025-11,30,TPO
피크닉,2025-12,30,TPO
피크닉,2026-01,40,TPO
피크닉,2026-02,60,TPO
피크닉,2026-03,180,TPO
피크닉,2026-04,350,TPO
피크닉,2026-05,320,TPO
피크닉,2026-06,160,TPO
피크닉,2026-07,150,TPO
피크닉,2026-08,120,TPO
피크드라펠,2025-09,210,DETAIL
피크드라펠,2025-10,260,DETAIL
피크드라펠,2025-11,390,DETAIL
피크드라펠,2025-12,320,DETAIL
피크드라펠,2026-01,320,DETAIL
피크드라펠,2026-02,320,DETAIL
피크드라펠,2026-03,390,DETAIL
피크드라펠,2026-04,320,DETAIL
피크드라펠,2026-05,320,DETAIL
피크드라펠,2026-06,320,DETAIL
피크드라펠,2026-07,260,DETAIL
피크드라펠,2026-08,390,DETAIL
피터팬칼라,2025-09,50,DETAIL
피터팬칼라,2025-10,70,DETAIL
피터팬칼라,2025-11,70,DETAIL
피터팬칼라,2025-12,70,DETAIL
피터팬칼라,2026-01,170,DETAIL
피터팬칼라,2026-02,210,DETAIL
피터팬칼라,2026-03,320,DETAIL
피터팬칼라,2026-04,390,DETAIL
피터팬칼라,2026-05,480,DETAIL
피터팬칼라,2026-06,480,DETAIL
피터팬칼라,2026-07,480,DETAIL
피터팬칼라,2026-08,590,DETAIL
핀스트라이프,2025-09,260,DETAIL
핀스트라이프,2025-10,320,DETAIL
핀스트라이프,2025-11,260,DETAIL
핀스트라이프,2025-12,320,DETAIL
핀스트라이프,2026-01,390,DETAIL
핀스트라이프,2026-02,390,DETAIL
핀스트라이프,2026-03,590,DETAIL
핀스트라이프,2026-04,720,DETAIL
핀스트라이프,2026-05,880,DETAIL
핀스트라이프,2026-06,880,DETAIL
핀스트라이프,2026-07,880,DETAIL
핀스트라이프,2026-08,1000,DETAIL
핀턱,2025-09,140,DETAIL
핀턱,2025-10,140,DETAIL
핀턱,2025-11,140,DETAIL
핀턱,2025-12,170,DETAIL
핀턱,2026-01,210,DETAIL
핀턱,2026-02,210,DETAIL
핀턱,2026-03,320,DETAIL
핀턱,2026-04,390,DETAIL
핀턱,2026-05,720,DETAIL
핀턱,2026-06,720,DETAIL
핀턱,2026-07,590,DETAIL
핀턱,2026-08,590,DETAIL
핑크,2025-09,180,COLOR
핑크,2025-10,260,COLOR
핑크,2025-11,270,COLOR
핑크,2025-12,220,COLOR
핑크,2026-01,230,COLOR
핑크,2026-02,270,COLOR
핑크,2026-03,340,COLOR
핑크,2026-04,380,COLOR
핑크,2026-05,330,COLOR
핑크,2026-06,260,COLOR
핑크,2026-07,310,COLOR
핑크,2026-08,330,COLOR
하운드투스,2025-09,480,DETAIL
하운드투스,2025-10,590,DETAIL
하운드투스,2025-11,720,DETAIL
하운드투스,2025-12,720,DETAIL
하운드투스,2026-01,720,DETAIL
하운드투스,2026-02,590,DETAIL
하운드투스,2026-03,590,DETAIL
하운드투스,2026-04,590,DETAIL
하운드투스,2026-05,590,DETAIL
하운드투스,2026-06,590,DETAIL
하운드투스,2026-07,590,DETAIL
하운드투스,2026-08,590,DETAIL
하이넥,2025-09,1600,DETAIL
하이넥,2025-10,880,DETAIL
하이넥,2025-11,1000,DETAIL
하이넥,2025-12,1300,DETAIL
하이넥,2026-01,1300,DETAIL
하이넥,2026-02,1300,DETAIL
하이넥,2026-03,1300,DETAIL
하이넥,2026-04,1600,DETAIL
하이넥,2026-05,1600,DETAIL
하이넥,2026-06,1600,DETAIL
하이넥,2026-07,1600,DETAIL
하이넥,2026-08,1900,DETAIL
하이웨스트,2025-09,3600,DETAIL
하이웨스트,2025-10,3600,DETAIL
하이웨스트,2025-11,3600,DETAIL
하이웨스트,2025-12,2900,DETAIL
하이웨스트,2026-01,3600,DETAIL
하이웨스트,2026-02,3600,DETAIL
하이웨스트,2026-03,4400,DETAIL
하이웨스트,2026-04,5400,DETAIL
하이웨스트,2026-05,5400,DETAIL
하이웨스트,2026-06,4400,DETAIL
하이웨스트,2026-07,5400,DETAIL
하이웨스트,2026-08,5400,DETAIL
해변,2025-09,940,TPO
해변,2025-10,660,TPO
해변,2025-11,930,TPO
해변,2025-12,930,TPO
해변,2026-01,1350,TPO
해변,2026-02,780,TPO
해변,2026-03,820,TPO
해변,2026-04,970,TPO
해변,2026-05,1180,TPO
해변,2026-06,1480,TPO
해변,2026-07,2180,TPO
해변,2026-08,2100,TPO
헤링본,2025-09,1920,MATERIAL
헤링본,2025-10,1940,MATERIAL
헤링본,2025-11,2430,MATERIAL
헤링본,2025-12,2450,MATERIAL
헤링본,2026-01,2470,MATERIAL
헤링본,2026-02,1710,MATERIAL
헤링본,2026-03,3010,MATERIAL
헤링본,2026-04,1690,MATERIAL
헤링본,2026-05,2040,MATERIAL
헤링본,2026-06,1740,MATERIAL
헤링본,2026-07,2010,MATERIAL
헤링본,2026-08,1990,MATERIAL
헤어밴드,2025-09,6670,ITEM
헤어밴드,2025-10,5440,ITEM
헤어밴드,2025-11,5440,ITEM
헤어밴드,2025-12,5450,ITEM
헤어밴드,2026-01,9950,ITEM
헤어밴드,2026-02,6640,ITEM
헤어밴드,2026-03,5440,ITEM
헤어밴드,2026-04,6650,ITEM
헤어밴드,2026-05,6650,ITEM
헤어밴드,2026-06,6670,ITEM
헤어밴드,2026-07,6630,ITEM
헤어밴드,2026-08,6650,ITEM
헨리넥,2025-09,4400,DETAIL
헨리넥,2025-10,4400,DETAIL
헨리넥,2025-11,3600,DETAIL
헨리넥,2025-12,2900,DETAIL
헨리넥,2026-01,2900,DETAIL
헨리넥,2026-02,3600,DETAIL
헨리넥,2026-03,5400,DETAIL
헨리넥,2026-04,6600,DETAIL
헨리넥,2026-05,8100,DETAIL
헨리넥,2026-06,8100,DETAIL
헨리넥,2026-07,8100,DETAIL
헨리넥,2026-08,8100,DETAIL
헬스장,2025-09,660,TPO
헬스장,2025-10,530,TPO
헬스장,2025-11,680,TPO
헬스장,2025-12,660,TPO
헬스장,2026-01,1020,TPO
헬스장,2026-02,590,TPO
헬스장,2026-03,700,TPO
헬스장,2026-04,660,TPO
헬스장,2026-05,570,TPO
헬스장,2026-06,550,TPO
헬스장,2026-07,700,TPO
헬스장,2026-08,570,TPO
헴프,2025-09,70,MATERIAL
헴프,2025-10,70,MATERIAL
헴프,2025-11,70,MATERIAL
헴프,2025-12,50,MATERIAL
헴프,2026-01,50,MATERIAL
헴프,2026-02,50,MATERIAL
헴프,2026-03,100,MATERIAL
헴프,2026-04,100,MATERIAL
헴프,2026-05,120,MATERIAL
헴프,2026-06,110,MATERIAL
헴프,2026-07,110,MATERIAL
헴프,2026-08,80,MATERIAL
홀터넥,2025-09,5400,DETAIL
홀터넥,2025-10,4400,DETAIL
홀터넥,2025-11,4400,DETAIL
홀터넥,2025-12,5400,DETAIL
홀터넥,2026-01,5400,DETAIL
홀터넥,2026-02,5400,DETAIL
홀터넥,2026-03,8100,DETAIL
홀터넥,2026-04,8100,DETAIL
홀터넥,2026-05,9900,DETAIL
홀터넥,2026-06,9900,DETAIL
홀터넥,2026-07,27100,DETAIL
홀터넥,2026-08,12100,DETAIL
홈웨어,2025-09,1640,TPO
홈웨어,2025-10,1950,TPO
홈웨어,2025-11,1940,TPO
홈웨어,2025-12,1950,TPO
홈웨어,2026-01,2450,TPO
홈웨어,2026-02,1950,TPO
홈웨어,2026-03,1960,TPO
홈웨어,2026-04,1640,TPO
홈웨어,2026-05,1940,TPO
홈웨어,2026-06,1920,TPO
홈웨어,2026-07,2430,TPO
홈웨어,2026-08,1930,TPO
화이트,2025-09,80,COLOR
화이트,2025-10,70,COLOR
화이트,2025-11,110,COLOR
화이트,2025-12,110,COLOR
화이트,2026-01,170,COLOR
화이트,2026-02,180,COLOR
화이트,2026-03,330,COLOR
화이트,2026-04,480,COLOR
화이트,2026-05,620,COLOR
화이트,2026-06,550,COLOR
화이트,2026-07,570,COLOR
화이트,2026-08,480,COLOR
환절기,2025-09,170,TPO
환절기,2025-10,190,TPO
환절기,2025-11,70,TPO
환절기,2025-12,30,TPO
환절기,2026-01,40,TPO
환절기,2026-02,140,TPO
환절기,2026-03,270,TPO
환절기,2026-04,200,TPO
환절기,2026-05,100,TPO
환절기,2026-06,50,TPO
환절기,2026-07,60,TPO
환절기,2026-08,70,TPO
회식,2025-09,40,TPO
회식,2025-10,20,TPO
회식,2025-11,30,TPO
회식,2025-12,70,TPO
회식,2026-01,20,TPO
회식,2026-02,20,TPO
회식,2026-03,40,TPO
회식,2026-04,30,TPO
회식,2026-05,40,TPO
회식,2026-06,30,TPO
회식,2026-07,30,TPO
회식,2026-08,20,TPO
후드,2025-09,22240,ITEM
후드,2025-10,27240,ITEM
후드,2025-11,22340,ITEM
후드,2025-12,18190,ITEM
후드,2026-01,14890,ITEM
후드,2026-02,12190,ITEM
후드,2026-03,14910,ITEM
후드,2026-04,12150,ITEM
후드,2026-05,12120,ITEM
후드,2026-06,9910,ITEM
후드,2026-07,9920,ITEM
후드,2026-08,12130,ITEM
후드집업,2025-09,18100,ITEM
후드집업,2025-10,22200,ITEM
후드집업,2025-11,12100,ITEM
후드집업,2025-12,8100,ITEM
후드집업,2026-01,9900,ITEM
후드집업,2026-02,12100,ITEM
후드집업,2026-03,18100,ITEM
후드집업,2026-04,14800,ITEM
후드집업,2026-05,9900,ITEM
후드집업,2026-06,8100,ITEM
후드집업,2026-07,8100,ITEM
후드집업,2026-08,12100,ITEM
힐,2025-09,6340,ITEM
힐,2025-10,7370,ITEM
힐,2025-11,6330,ITEM
힐,2025-12,6330,ITEM
힐,2026-01,6320,ITEM
힐,2026-02,6350,ITEM
힐,2026-03,7370,ITEM
힐,2026-04,51450,ITEM
힐,2026-05,6340,ITEM
힐,2026-06,7350,ITEM
힐,2026-07,6320,ITEM
힐,2026-08,6850,ITEM
