period,keyword,ratio,platform,data_type
2025-09-14,코트,21,google,trend_relative
2025-09-21,코트,24,google,trend_relative
2025-09-28,코트,24,google,trend_relative
2025-10-05,코트,25,google,trend_relative
2025-10-12,코트,26,google,trend_relative
2025-10-19,코트,38,google,trend_relative
2025-10-26,코트,44,google,trend_relative
2025-11-02,코트,45,google,trend_relative
2025-11-09,코트,56,google,trend_relative
2025-11-16,코트,59,google,trend_relative
2025-11-23,코트,55,google,trend_relative
2025-11-30,코트,52,google,trend_relative
2025-12-07,코트,51,google,trend_relative
2025-12-14,코트,51,google,trend_relative
2025-12-21,코트,57,google,trend_relative
2025-12-28,코트,47,google,trend_relative
2026-01-04,코트,46,google,trend_relative
2026-01-11,코트,38,google,trend_relative
2026-01-18,코트,43,google,trend_relative
2026-01-25,코트,39,google,trend_relative
2026-02-01,코트,37,google,trend_relative
2026-02-08,코트,30,google,trend_relative
2026-02-15,코트,30,google,trend_relative
2026-02-22,코트,31,google,trend_relative
2026-03-01,코트,29,google,trend_relative
2026-03-08,코트,27,google,trend_relative
2026-03-15,코트,26,google,trend_relative
2026-03-22,코트,64,google,trend_relative
2026-03-29,코트,35,google,trend_relative
2026-04-05,코트,21,google,trend_relative
2026-04-12,코트,18,google,trend_relative
2026-04-19,코트,16,google,trend_relative
2026-04-26,코트,16,google,trend_relative
2026-05-03,코트,16,google,trend_relative
2026-05-10,코트,18,google,trend_relative
2026-05-17,코트,17,google,trend_relative
2026-05-24,코트,16,google,trend_relative
2026-05-31,코트,42,google,trend_relative
2026-06-07,코트,23,google,trend_relative
2026-06-14,코트,55,google,trend_relative
2026-06-21,코트,35,google,trend_relative
2026-06-28,코트,35,google,trend_relative
2026-07-05,코트,21,google,trend_relative
2026-07-12,코트,17,google,trend_relative
2026-07-19,코트,19,google,trend_relative
2026-07-26,코트,17,google,trend_relative
2026-08-02,코트,22,google,trend_relative
2026-08-09,코트,16,google,trend_relative
2026-08-16,코트,21,google,trend_relative
2026-08-23,코트,19,google,trend_relative
2026-08-30,코트,20,google,trend_relative
2026-09-06,코트,22,google,trend_relative
2026-09-13,코트,24,google,trend_relative
2025-09-14,파카,5,google,trend_relative
2025-09-21,파카,5,google,trend_relative
2025-09-28,파카,5,google,trend_relative
2025-10-05,파카,6,google,trend_relative
2025-10-12,파카,6,google,trend_relative
2025-10-19,파카,8,google,trend_relative
2025-10-26,파카,8,google,trend_relative
2025-11-02,파카,7,google,trend_relative
2025-11-09,파카,8,google,trend_relative
2025-11-16,파카,10,google,trend_relative
2025-11-23,파카,9,google,trend_relative
2025-11-30,파카,11,google,trend_relative
2025-12-07,파카,10,google,trend_relative
2025-12-14,파카,8,google,trend_relative
2025-12-21,파카,8,google,trend_relative
2025-12-28,파카,8,google,trend_relative
2026-01-04,파카,7,google,trend_relative
2026-01-11,파카,8,google,trend_relative
2026-01-18,파카,7,google,trend_relative
2026-01-25,파카,7,google,trend_relative
2026-02-01,파카,6,google,trend_relative
2026-02-08,파카,5,google,trend_relative
2026-02-15,파카,6,google,trend_relative
2026-02-22,파카,5,google,trend_relative
2026-03-01,파카,4,google,trend_relative
2026-03-08,파카,5,google,trend_relative
2026-03-15,파카,4,google,trend_relative
2026-03-22,파카,4,google,trend_relative
2026-03-29,파카,4,google,trend_relative
2026-04-05,파카,4,google,trend_relative
2026-04-12,파카,3,google,trend_relative
2026-04-19,파카,3,google,trend_relative
2026-04-26,파카,4,google,trend_relative
2026-05-03,파카,3,google,trend_relative
2026-05-10,파카,3,google,trend_relative
2026-05-17,파카,3,google,trend_relative
2026-05-24,파카,3,google,trend_relative
2026-05-31,파카,3,google,trend_relative
2026-06-07,파카,3,google,trend_relative
2026-06-14,파카,2,google,trend_relative
2026-06-21,파카,3,google,trend_relative
2026-06-28,파카,4,google,trend_relative
2026-07-05,파카,4,google,trend_relative
2026-07-12,파카,3,google,trend_relative
2026-07-19,파카,4,google,trend_relative
2026-07-26,파카,2,google,trend_relative
2026-08-02,파카,3,google,trend_relative
2026-08-09,파카,3,google,trend_relative
2026-08-16,파카,4,google,trend_relative
2026-08-23,파카,5,google,trend_relative
2026-08-30,파카,3,google,trend_relative
2026-09-06,파카,4,google,trend_relative
2026-09-13,파카,4,google,trend_relative
2025-09-14,패딩,12,google,trend_relative
2025-09-21,패딩,15,google,trend_relative
2025-09-28,패딩,15,google,trend_relative
2025-10-05,패딩,19,google,trend_relative
2025-10-12,패딩,24,google,trend_relative
2025-10-19,패딩,55,google,trend_relative
2025-10-26,패딩,70,google,trend_relative
2025-11-02,패딩,71,google,trend_relative
2025-11-09,패딩,66,google,trend_relative
2025-11-16,패딩,100,google,trend_relative
2025-11-23,패딩,78,google,trend_relative
2025-11-30,패딩,96,google,trend_relative
2025-12-07,패딩,75,google,trend_relative
2025-12-14,패딩,66,google,trend_relative
2025-12-21,패딩,74,google,trend_relative
2025-12-28,패딩,65,google,trend_relative
2026-01-04,패딩,58,google,trend_relative
2026-01-11,패딩,53,google,trend_relative
2026-01-18,패딩,56,google,trend_relative
2026-01-25,패딩,50,google,trend_relative
2026-02-01,패딩,38,google,trend_relative
2026-02-08,패딩,31,google,trend_relative
2026-02-15,패딩,25,google,trend_relative
2026-02-22,패딩,22,google,trend_relative
2026-03-01,패딩,20,google,trend_relative
2026-03-08,패딩,18,google,trend_relative
2026-03-15,패딩,16,google,trend_relative
2026-03-22,패딩,14,google,trend_relative
2026-03-29,패딩,8,google,trend_relative
2026-04-05,패딩,9,google,trend_relative
2026-04-12,패딩,7,google,trend_relative
2026-04-19,패딩,6,google,trend_relative
2026-04-26,패딩,5,google,trend_relative
2026-05-03,패딩,5,google,trend_relative
2026-05-10,패딩,5,google,trend_relative
2026-05-17,패딩,5,google,trend_relative
2026-05-24,패딩,5,google,trend_relative
2026-05-31,패딩,4,google,trend_relative
2026-06-07,패딩,4,google,trend_relative
2026-06-14,패딩,4,google,trend_relative
2026-06-21,패딩,4,google,trend_relative
2026-06-28,패딩,4,google,trend_relative
2026-07-05,패딩,5,google,trend_relative
2026-07-12,패딩,5,google,trend_relative
2026-07-19,패딩,5,google,trend_relative
2026-07-26,패딩,5,google,trend_relative
2026-08-02,패딩,5,google,trend_relative
2026-08-09,패딩,6,google,trend_relative
2026-08-16,패딩,7,google,trend_relative
2026-08-23,패딩,8,google,trend_relative
2026-08-30,패딩,13,google,trend_relative
2026-09-06,패딩,11,google,trend_relative
2026-09-13,패딩,14,google,trend_relative
2025-09-14,후드집업,8,google,trend_relative
2025-09-21,후드집업,8,google,trend_relative
2025-09-28,후드집업,10,google,trend_relative
2025-10-05,후드집업,11,google,trend_relative
2025-10-12,후드집업,10,google,trend_relative
2025-10-19,후드집업,12,google,trend_relative
2025-10-26,후드집업,10,google,trend_relative
2025-11-02,후드집업,8,google,trend_relative
2025-11-09,후드집업,6,google,trend_relative
2025-11-16,후드집업,7,google,trend_relative
2025-11-23,후드집업,7,google,trend_relative
2025-11-30,후드집업,6,google,trend_relative
2025-12-07,후드집업,6,google,trend_relative
2025-12-14,후드집업,6,google,trend_relative
2025-12-21,후드집업,5,google,trend_relative
2025-12-28,후드집업,5,google,trend_relative
2026-01-04,후드집업,6,google,trend_relative
2026-01-11,후드집업,5,google,trend_relative
2026-01-18,후드집업,6,google,trend_relative
2026-01-25,후드집업,7,google,trend_relative
2026-02-01,후드집업,7,google,trend_relative
2026-02-08,후드집업,7,google,trend_relative
2026-02-15,후드집업,10,google,trend_relative
2026-02-22,후드집업,9,google,trend_relative
2026-03-01,후드집업,8,google,trend_relative
2026-03-08,후드집업,8,google,trend_relative
2026-03-15,후드집업,9,google,trend_relative
2026-03-22,후드집업,9,google,trend_relative
2026-03-29,후드집업,9,google,trend_relative
2026-04-05,후드집업,8,google,trend_relative
2026-04-12,후드집업,6,google,trend_relative
2026-04-19,후드집업,6,google,trend_relative
2026-04-26,후드집업,6,google,trend_relative
2026-05-03,후드집업,6,google,trend_relative
2026-05-10,후드집업,4,google,trend_relative
2026-05-17,후드집업,4,google,trend_relative
2026-05-24,후드집업,4,google,trend_relative
2026-05-31,후드집업,4,google,trend_relative
2026-06-07,후드집업,4,google,trend_relative
2026-06-14,후드집업,3,google,trend_relative
2026-06-21,후드집업,3,google,trend_relative
2026-06-28,후드집업,3,google,trend_relative
2026-07-05,후드집업,3,google,trend_relative
2026-07-12,후드집업,3,google,trend_relative
2026-07-19,후드집업,3,google,trend_relative
2026-07-26,후드집업,3,google,trend_relative
2026-08-02,후드집업,4,google,trend_relative
2026-08-09,후드집업,4,google,trend_relative
2026-08-16,후드집업,5,google,trend_relative
2026-08-23,후드집업,6,google,trend_relative
2026-08-30,후드집업,6,google,trend_relative
2026-09-06,후드집업,12,google,trend_relative
2026-09-13,후드집업,14,google,trend_relative
2025-09-14,라이더재킷,0,google,trend_relative
2025-09-21,라이더재킷,0,google,trend_relative
2025-09-28,라이더재킷,0,google,trend_relative
2025-10-05,라이더재킷,0,google,trend_relative
2025-10-12,라이더재킷,0,google,trend_relative
2025-10-19,라이더재킷,0,google,trend_relative
2025-10-26,라이더재킷,0,google,trend_relative
2025-11-02,라이더재킷,0,google,trend_relative
2025-11-09,라이더재킷,0,google,trend_relative
2025-11-16,라이더재킷,0,google,trend_relative
2025-11-23,라이더재킷,0,google,trend_relative
2025-11-30,라이더재킷,0,google,trend_relative
2025-12-07,라이더재킷,0,google,trend_relative
2025-12-14,라이더재킷,0,google,trend_relative
2025-12-21,라이더재킷,0,google,trend_relative
2025-12-28,라이더재킷,0,google,trend_relative
2026-01-04,라이더재킷,0,google,trend_relative
2026-01-11,라이더재킷,0,google,trend_relative
2026-01-18,라이더재킷,0,google,trend_relative
2026-01-25,라이더재킷,0,google,trend_relative
2026-02-01,라이더재킷,0,google,trend_relative
2026-02-08,라이더재킷,0,google,trend_relative
2026-02-15,라이더재킷,0,google,trend_relative
2026-02-22,라이더재킷,0,google,trend_relative
2026-03-01,라이더재킷,0,google,trend_relative
2026-03-08,라이더재킷,0,google,trend_relative
2026-03-15,라이더재킷,0,google,trend_relative
2026-03-22,라이더재킷,0,google,trend_relative
2026-03-29,라이더재킷,0,google,trend_relative
2026-04-05,라이더재킷,0,google,trend_relative
2026-04-12,라이더재킷,0,google,trend_relative
2026-04-19,라이더재킷,0,google,trend_relative
2026-04-26,라이더재킷,0,google,trend_relative
2026-05-03,라이더재킷,0,google,trend_relative
2026-05-10,라이더재킷,0,google,trend_relative
2026-05-17,라이더재킷,0,google,trend_relative
2026-05-24,라이더재킷,0,google,trend_relative
2026-05-31,라이더재킷,0,google,trend_relative
2026-06-07,라이더재킷,0,google,trend_relative
2026-06-14,라이더재킷,0,google,trend_relative
2026-06-21,라이더재킷,0,google,trend_relative
2026-06-28,라이더재킷,0,google,trend_relative
2026-07-05,라이더재킷,0,google,trend_relative
2026-07-12,라이더재킷,0,google,trend_relative
2026-07-19,라이더재킷,0,google,trend_relative
2026-07-26,라이더재킷,0,google,trend_relative
2026-08-02,라이더재킷,0,google,trend_relative
2026-08-09,라이더재킷,0,google,trend_relative
2026-08-16,라이더재킷,0,google,trend_relative
2026-08-23,라이더재킷,0,google,trend_relative
2026-08-30,라이더재킷,0,google,trend_relative
2026-09-06,라이더재킷,0,google,trend_relative
2026-09-13,라이더재킷,0,google,trend_relative
2025-09-14,봄버재킷,0,google,trend_relative
2025-09-21,봄버재킷,0,google,trend_relative
2025-09-28,봄버재킷,0,google,trend_relative
2025-10-05,봄버재킷,0,google,trend_relative
2025-10-12,봄버재킷,0,google,trend_relative
2025-10-19,봄버재킷,0,google,trend_relative
2025-10-26,봄버재킷,0,google,trend_relative
2025-11-02,봄버재킷,0,google,trend_relative
2025-11-09,봄버재킷,0,google,trend_relative
2025-11-16,봄버재킷,0,google,trend_relative
2025-11-23,봄버재킷,0,google,trend_relative
2025-11-30,봄버재킷,0,google,trend_relative
2025-12-07,봄버재킷,0,google,trend_relative
2025-12-14,봄버재킷,0,google,trend_relative
2025-12-21,봄버재킷,0,google,trend_relative
2025-12-28,봄버재킷,0,google,trend_relative
2026-01-04,봄버재킷,0,google,trend_relative
2026-01-11,봄버재킷,0,google,trend_relative
2026-01-18,봄버재킷,0,google,trend_relative
2026-01-25,봄버재킷,0,google,trend_relative
2026-02-01,봄버재킷,0,google,trend_relative
2026-02-08,봄버재킷,0,google,trend_relative
2026-02-15,봄버재킷,0,google,trend_relative
2026-02-22,봄버재킷,0,google,trend_relative
2026-03-01,봄버재킷,0,google,trend_relative
2026-03-08,봄버재킷,0,google,trend_relative
2026-03-15,봄버재킷,0,google,trend_relative
2026-03-22,봄버재킷,0,google,trend_relative
2026-03-29,봄버재킷,0,google,trend_relative
2026-04-05,봄버재킷,0,google,trend_relative
2026-04-12,봄버재킷,0,google,trend_relative
2026-04-19,봄버재킷,0,google,trend_relative
2026-04-26,봄버재킷,0,google,trend_relative
2026-05-03,봄버재킷,0,google,trend_relative
2026-05-10,봄버재킷,0,google,trend_relative
2026-05-17,봄버재킷,0,google,trend_relative
2026-05-24,봄버재킷,0,google,trend_relative
2026-05-31,봄버재킷,0,google,trend_relative
2026-06-07,봄버재킷,0,google,trend_relative
2026-06-14,봄버재킷,0,google,trend_relative
2026-06-21,봄버재킷,0,google,trend_relative
2026-06-28,봄버재킷,0,google,trend_relative
2026-07-05,봄버재킷,0,google,trend_relative
2026-07-12,봄버재킷,0,google,trend_relative
2026-07-19,봄버재킷,0,google,trend_relative
2026-07-26,봄버재킷,0,google,trend_relative
2026-08-02,봄버재킷,0,google,trend_relative
2026-08-09,봄버재킷,0,google,trend_relative
2026-08-16,봄버재킷,0,google,trend_relative
2026-08-23,봄버재킷,0,google,trend_relative
2026-08-30,봄버재킷,0,google,trend_relative
2026-09-06,봄버재킷,1,google,trend_relative
2026-09-13,봄버재킷,0,google,trend_relative
2025-09-14,블레이저,80,google,trend_relative
2025-09-21,블레이저,78,google,trend_relative
2025-09-28,블레이저,84,google,trend_relative
2025-10-05,블레이저,89,google,trend_relative
2025-10-12,블레이저,92,google,trend_relative
2025-10-19,블레이저,91,google,trend_relative
2025-10-26,블레이저,88,google,trend_relative
2025-11-02,블레이저,89,google,trend_relative
2025-11-09,블레이저,81,google,trend_relative
2025-11-16,블레이저,88,google,trend_relative
2025-11-23,블레이저,83,google,trend_relative
2025-11-30,블레이저,72,google,trend_relative
2025-12-07,블레이저,83,google,trend_relative
2025-12-14,블레이저,64,google,trend_relative
2025-12-21,블레이저,72,google,trend_relative
2025-12-28,블레이저,68,google,trend_relative
2026-01-04,블레이저,71,google,trend_relative
2026-01-11,블레이저,65,google,trend_relative
2026-01-18,블레이저,61,google,trend_relative
2026-01-25,블레이저,68,google,trend_relative
2026-02-01,블레이저,66,google,trend_relative
2026-02-08,블레이저,65,google,trend_relative
2026-02-15,블레이저,86,google,trend_relative
2026-02-22,블레이저,87,google,trend_relative
2026-03-01,블레이저,81,google,trend_relative
2026-03-08,블레이저,69,google,trend_relative
2026-03-15,블레이저,83,google,trend_relative
2026-03-22,블레이저,99,google,trend_relative
2026-03-29,블레이저,86,google,trend_relative
2026-04-05,블레이저,100,google,trend_relative
2026-04-12,블레이저,71,google,trend_relative
2026-04-19,블레이저,63,google,trend_relative
2026-04-26,블레이저,53,google,trend_relative
2026-05-03,블레이저,71,google,trend_relative
2026-05-10,블레이저,56,google,trend_relative
2026-05-17,블레이저,55,google,trend_relative
2026-05-24,블레이저,50,google,trend_relative
2026-05-31,블레이저,79,google,trend_relative
2026-06-07,블레이저,44,google,trend_relative
2026-06-14,블레이저,58,google,trend_relative
2026-06-21,블레이저,45,google,trend_relative
2026-06-28,블레이저,47,google,trend_relative
2026-07-05,블레이저,56,google,trend_relative
2026-07-12,블레이저,41,google,trend_relative
2026-07-19,블레이저,44,google,trend_relative
2026-07-26,블레이저,51,google,trend_relative
2026-08-02,블레이저,52,google,trend_relative
2026-08-09,블레이저,42,google,trend_relative
2026-08-16,블레이저,42,google,trend_relative
2026-08-23,블레이저,55,google,trend_relative
2026-08-30,블레이저,53,google,trend_relative
2026-09-06,블레이저,61,google,trend_relative
2026-09-13,블레이저,66,google,trend_relative
2025-09-14,블루종,30,google,trend_relative
2025-09-21,블루종,45,google,trend_relative
2025-09-28,블루종,58,google,trend_relative
2025-10-05,블루종,54,google,trend_relative
2025-10-12,블루종,49,google,trend_relative
2025-10-19,블루종,59,google,trend_relative
2025-10-26,블루종,60,google,trend_relative
2025-11-02,블루종,60,google,trend_relative
2025-11-09,블루종,51,google,trend_relative
2025-11-16,블루종,45,google,trend_relative
2025-11-23,블루종,49,google,trend_relative
2025-11-30,블루종,31,google,trend_relative
2025-12-07,블루종,31,google,trend_relative
2025-12-14,블루종,33,google,trend_relative
2025-12-21,블루종,28,google,trend_relative
2025-12-28,블루종,37,google,trend_relative
2026-01-04,블루종,31,google,trend_relative
2026-01-11,블루종,31,google,trend_relative
2026-01-18,블루종,25,google,trend_relative
2026-01-25,블루종,34,google,trend_relative
2026-02-01,블루종,27,google,trend_relative
2026-02-08,블루종,36,google,trend_relative
2026-02-15,블루종,62,google,trend_relative
2026-02-22,블루종,64,google,trend_relative
2026-03-01,블루종,75,google,trend_relative
2026-03-08,블루종,75,google,trend_relative
2026-03-15,블루종,70,google,trend_relative
2026-03-22,블루종,68,google,trend_relative
2026-03-29,블루종,40,google,trend_relative
2026-04-05,블루종,37,google,trend_relative
2026-04-12,블루종,25,google,trend_relative
2026-04-19,블루종,24,google,trend_relative
2026-04-26,블루종,28,google,trend_relative
2026-05-03,블루종,22,google,trend_relative
2026-05-10,블루종,23,google,trend_relative
2026-05-17,블루종,17,google,trend_relative
2026-05-24,블루종,17,google,trend_relative
2026-05-31,블루종,12,google,trend_relative
2026-06-07,블루종,10,google,trend_relative
2026-06-14,블루종,14,google,trend_relative
2026-06-21,블루종,14,google,trend_relative
2026-06-28,블루종,11,google,trend_relative
2026-07-05,블루종,10,google,trend_relative
2026-07-12,블루종,18,google,trend_relative
2026-07-19,블루종,10,google,trend_relative
2026-07-26,블루종,0,google,trend_relative
2026-08-02,블루종,11,google,trend_relative
2026-08-09,블루종,14,google,trend_relative
2026-08-16,블루종,24,google,trend_relative
2026-08-23,블루종,30,google,trend_relative
2026-08-30,블루종,22,google,trend_relative
2026-09-06,블루종,41,google,trend_relative
2026-09-13,블루종,54,google,trend_relative
2025-09-14,스타디움재킷,0,google,trend_relative
2025-09-21,스타디움재킷,0,google,trend_relative
2025-09-28,스타디움재킷,0,google,trend_relative
2025-10-05,스타디움재킷,0,google,trend_relative
2025-10-12,스타디움재킷,0,google,trend_relative
2025-10-19,스타디움재킷,0,google,trend_relative
2025-10-26,스타디움재킷,0,google,trend_relative
2025-11-02,스타디움재킷,0,google,trend_relative
2025-11-09,스타디움재킷,0,google,trend_relative
2025-11-16,스타디움재킷,0,google,trend_relative
2025-11-23,스타디움재킷,0,google,trend_relative
2025-11-30,스타디움재킷,0,google,trend_relative
2025-12-07,스타디움재킷,0,google,trend_relative
2025-12-14,스타디움재킷,0,google,trend_relative
2025-12-21,스타디움재킷,0,google,trend_relative
2025-12-28,스타디움재킷,0,google,trend_relative
2026-01-04,스타디움재킷,0,google,trend_relative
2026-01-11,스타디움재킷,0,google,trend_relative
2026-01-18,스타디움재킷,0,google,trend_relative
2026-01-25,스타디움재킷,0,google,trend_relative
2026-02-01,스타디움재킷,0,google,trend_relative
2026-02-08,스타디움재킷,0,google,trend_relative
2026-02-15,스타디움재킷,0,google,trend_relative
2026-02-22,스타디움재킷,0,google,trend_relative
2026-03-01,스타디움재킷,0,google,trend_relative
2026-03-08,스타디움재킷,0,google,trend_relative
2026-03-15,스타디움재킷,0,google,trend_relative
2026-03-22,스타디움재킷,0,google,trend_relative
2026-03-29,스타디움재킷,0,google,trend_relative
2026-04-05,스타디움재킷,0,google,trend_relative
2026-04-12,스타디움재킷,0,google,trend_relative
2026-04-19,스타디움재킷,0,google,trend_relative
2026-04-26,스타디움재킷,0,google,trend_relative
2026-05-03,스타디움재킷,0,google,trend_relative
2026-05-10,스타디움재킷,0,google,trend_relative
2026-05-17,스타디움재킷,0,google,trend_relative
2026-05-24,스타디움재킷,0,google,trend_relative
2026-05-31,스타디움재킷,0,google,trend_relative
2026-06-07,스타디움재킷,0,google,trend_relative
2026-06-14,스타디움재킷,0,google,trend_relative
2026-06-21,스타디움재킷,0,google,trend_relative
2026-06-28,스타디움재킷,0,google,trend_relative
2026-07-05,스타디움재킷,0,google,trend_relative
2026-07-12,스타디움재킷,0,google,trend_relative
2026-07-19,스타디움재킷,0,google,trend_relative
2026-07-26,스타디움재킷,0,google,trend_relative
2026-08-02,스타디움재킷,0,google,trend_relative
2026-08-09,스타디움재킷,0,google,trend_relative
2026-08-16,스타디움재킷,0,google,trend_relative
2026-08-23,스타디움재킷,0,google,trend_relative
2026-08-30,스타디움재킷,0,google,trend_relative
2026-09-06,스타디움재킷,0,google,trend_relative
2026-09-13,스타디움재킷,0,google,trend_relative
2025-09-14,야상,19,google,trend_relative
2025-09-21,야상,29,google,trend_relative
2025-09-28,야상,30,google,trend_relative
2025-10-05,야상,33,google,trend_relative
2025-10-12,야상,29,google,trend_relative
2025-10-19,야상,46,google,trend_relative
2025-10-26,야상,55,google,trend_relative
2025-11-02,야상,47,google,trend_relative
2025-11-09,야상,53,google,trend_relative
2025-11-16,야상,55,google,trend_relative
2025-11-23,야상,55,google,trend_relative
2025-11-30,야상,51,google,trend_relative
2025-12-07,야상,40,google,trend_relative
2025-12-14,야상,55,google,trend_relative
2025-12-21,야상,56,google,trend_relative
2025-12-28,야상,31,google,trend_relative
2026-01-04,야상,53,google,trend_relative
2026-01-11,야상,33,google,trend_relative
2026-01-18,야상,54,google,trend_relative
2026-01-25,야상,51,google,trend_relative
2026-02-01,야상,37,google,trend_relative
2026-02-08,야상,37,google,trend_relative
2026-02-15,야상,39,google,trend_relative
2026-02-22,야상,51,google,trend_relative
2026-03-01,야상,55,google,trend_relative
2026-03-08,야상,44,google,trend_relative
2026-03-15,야상,46,google,trend_relative
2026-03-22,야상,36,google,trend_relative
2026-03-29,야상,33,google,trend_relative
2026-04-05,야상,32,google,trend_relative
2026-04-12,야상,20,google,trend_relative
2026-04-19,야상,15,google,trend_relative
2026-04-26,야상,17,google,trend_relative
2026-05-03,야상,13,google,trend_relative
2026-05-10,야상,17,google,trend_relative
2026-05-17,야상,11,google,trend_relative
2026-05-24,야상,14,google,trend_relative
2026-05-31,야상,7,google,trend_relative
2026-06-07,야상,12,google,trend_relative
2026-06-14,야상,11,google,trend_relative
2026-06-21,야상,10,google,trend_relative
2026-06-28,야상,13,google,trend_relative
2026-07-05,야상,16,google,trend_relative
2026-07-12,야상,15,google,trend_relative
2026-07-19,야상,11,google,trend_relative
2026-07-26,야상,14,google,trend_relative
2026-08-02,야상,11,google,trend_relative
2026-08-09,야상,14,google,trend_relative
2026-08-16,야상,19,google,trend_relative
2026-08-23,야상,25,google,trend_relative
2026-08-30,야상,18,google,trend_relative
2026-09-06,야상,36,google,trend_relative
2026-09-13,야상,40,google,trend_relative
2025-09-14,코치재킷,0,google,trend_relative
2025-09-21,코치재킷,0,google,trend_relative
2025-09-28,코치재킷,0,google,trend_relative
2025-10-05,코치재킷,0,google,trend_relative
2025-10-12,코치재킷,0,google,trend_relative
2025-10-19,코치재킷,0,google,trend_relative
2025-10-26,코치재킷,0,google,trend_relative
2025-11-02,코치재킷,0,google,trend_relative
2025-11-09,코치재킷,0,google,trend_relative
2025-11-16,코치재킷,0,google,trend_relative
2025-11-23,코치재킷,0,google,trend_relative
2025-11-30,코치재킷,0,google,trend_relative
2025-12-07,코치재킷,0,google,trend_relative
2025-12-14,코치재킷,0,google,trend_relative
2025-12-21,코치재킷,0,google,trend_relative
2025-12-28,코치재킷,0,google,trend_relative
2026-01-04,코치재킷,0,google,trend_relative
2026-01-11,코치재킷,0,google,trend_relative
2026-01-18,코치재킷,0,google,trend_relative
2026-01-25,코치재킷,0,google,trend_relative
2026-02-01,코치재킷,0,google,trend_relative
2026-02-08,코치재킷,0,google,trend_relative
2026-02-15,코치재킷,0,google,trend_relative
2026-02-22,코치재킷,0,google,trend_relative
2026-03-01,코치재킷,0,google,trend_relative
2026-03-08,코치재킷,0,google,trend_relative
2026-03-15,코치재킷,0,google,trend_relative
2026-03-22,코치재킷,0,google,trend_relative
2026-03-29,코치재킷,0,google,trend_relative
2026-04-05,코치재킷,0,google,trend_relative
2026-04-12,코치재킷,0,google,trend_relative
2026-04-19,코치재킷,0,google,trend_relative
2026-04-26,코치재킷,0,google,trend_relative
2026-05-03,코치재킷,0,google,trend_relative
2026-05-10,코치재킷,0,google,trend_relative
2026-05-17,코치재킷,0,google,trend_relative
2026-05-24,코치재킷,0,google,trend_relative
2026-05-31,코치재킷,0,google,trend_relative
2026-06-07,코치재킷,0,google,trend_relative
2026-06-14,코치재킷,0,google,trend_relative
2026-06-21,코치재킷,0,google,trend_relative
2026-06-28,코치재킷,0,google,trend_relative
2026-07-05,코치재킷,0,google,trend_relative
2026-07-12,코치재킷,0,google,trend_relative
2026-07-19,코치재킷,0,google,trend_relative
2026-07-26,코치재킷,0,google,trend_relative
2026-08-02,코치재킷,0,google,trend_relative
2026-08-09,코치재킷,0,google,trend_relative
2026-08-16,코치재킷,0,google,trend_relative
2026-08-23,코치재킷,0,google,trend_relative
2026-08-30,코치재킷,0,google,trend_relative
2026-09-06,코치재킷,2,google,trend_relative
2026-09-13,코치재킷,0,google,trend_relative
2025-09-14,트러커재킷,0,google,trend_relative
2025-09-21,트러커재킷,0,google,trend_relative
2025-09-28,트러커재킷,0,google,trend_relative
2025-10-05,트러커재킷,0,google,trend_relative
2025-10-12,트러커재킷,0,google,trend_relative
2025-10-19,트러커재킷,0,google,trend_relative
2025-10-26,트러커재킷,0,google,trend_relative
2025-11-02,트러커재킷,0,google,trend_relative
2025-11-09,트러커재킷,0,google,trend_relative
2025-11-16,트러커재킷,0,google,trend_relative
2025-11-23,트러커재킷,0,google,trend_relative
2025-11-30,트러커재킷,0,google,trend_relative
2025-12-07,트러커재킷,0,google,trend_relative
2025-12-14,트러커재킷,0,google,trend_relative
2025-12-21,트러커재킷,0,google,trend_relative
2025-12-28,트러커재킷,0,google,trend_relative
2026-01-04,트러커재킷,0,google,trend_relative
2026-01-11,트러커재킷,0,google,trend_relative
2026-01-18,트러커재킷,0,google,trend_relative
2026-01-25,트러커재킷,0,google,trend_relative
2026-02-01,트러커재킷,0,google,trend_relative
2026-02-08,트러커재킷,0,google,trend_relative
2026-02-15,트러커재킷,0,google,trend_relative
2026-02-22,트러커재킷,0,google,trend_relative
2026-03-01,트러커재킷,0,google,trend_relative
2026-03-08,트러커재킷,0,google,trend_relative
2026-03-15,트러커재킷,0,google,trend_relative
2026-03-22,트러커재킷,0,google,trend_relative
2026-03-29,트러커재킷,0,google,trend_relative
2026-04-05,트러커재킷,0,google,trend_relative
2026-04-12,트러커재킷,0,google,trend_relative
2026-04-19,트러커재킷,0,google,trend_relative
2026-04-26,트러커재킷,0,google,trend_relative
2026-05-03,트러커재킷,0,google,trend_relative
2026-05-10,트러커재킷,0,google,trend_relative
2026-05-17,트러커재킷,0,google,trend_relative
2026-05-24,트러커재킷,0,google,trend_relative
2026-05-31,트러커재킷,0,google,trend_relative
2026-06-07,트러커재킷,0,google,trend_relative
2026-06-14,트러커재킷,0,google,trend_relative
2026-06-21,트러커재킷,0,google,trend_relative
2026-06-28,트러커재킷,0,google,trend_relative
2026-07-05,트러커재킷,0,google,trend_relative
2026-07-12,트러커재킷,0,google,trend_relative
2026-07-19,트러커재킷,0,google,trend_relative
2026-07-26,트러커재킷,0,google,trend_relative
2026-08-02,트러커재킷,0,google,trend_relative
2026-08-09,트러커재킷,0,google,trend_relative
2026-08-16,트러커재킷,0,google,trend_relative
2026-08-23,트러커재킷,0,google,trend_relative
2026-08-30,트러커재킷,3,google,trend_relative
2026-09-06,트러커재킷,4,google,trend_relative
2026-09-13,트러커재킷,0,google,trend_relative
2025-09-14,트레이닝재킷,0,google,trend_relative
2025-09-21,트레이닝재킷,0,google,trend_relative
2025-09-28,트레이닝재킷,0,google,trend_relative
2025-10-05,트레이닝재킷,0,google,trend_relative
2025-10-12,트레이닝재킷,0,google,trend_relative
2025-10-19,트레이닝재킷,0,google,trend_relative
2025-10-26,트레이닝재킷,0,google,trend_relative
2025-11-02,트레이닝재킷,0,google,trend_relative
2025-11-09,트레이닝재킷,0,google,trend_relative
2025-11-16,트레이닝재킷,0,google,trend_relative
2025-11-23,트레이닝재킷,0,google,trend_relative
2025-11-30,트레이닝재킷,0,google,trend_relative
2025-12-07,트레이닝재킷,0,google,trend_relative
2025-12-14,트레이닝재킷,0,google,trend_relative
2025-12-21,트레이닝재킷,0,google,trend_relative
2025-12-28,트레이닝재킷,0,google,trend_relative
2026-01-04,트레이닝재킷,0,google,trend_relative
2026-01-11,트레이닝재킷,0,google,trend_relative
2026-01-18,트레이닝재킷,0,google,trend_relative
2026-01-25,트레이닝재킷,0,google,trend_relative
2026-02-01,트레이닝재킷,0,google,trend_relative
2026-02-08,트레이닝재킷,0,google,trend_relative
2026-02-15,트레이닝재킷,0,google,trend_relative
2026-02-22,트레이닝재킷,0,google,trend_relative
2026-03-01,트레이닝재킷,0,google,trend_relative
2026-03-08,트레이닝재킷,0,google,trend_relative
2026-03-15,트레이닝재킷,0,google,trend_relative
2026-03-22,트레이닝재킷,0,google,trend_relative
2026-03-29,트레이닝재킷,0,google,trend_relative
2026-04-05,트레이닝재킷,0,google,trend_relative
2026-04-12,트레이닝재킷,0,google,trend_relative
2026-04-19,트레이닝재킷,0,google,trend_relative
2026-04-26,트레이닝재킷,0,google,trend_relative
2026-05-03,트레이닝재킷,0,google,trend_relative
2026-05-10,트레이닝재킷,0,google,trend_relative
2026-05-17,트레이닝재킷,0,google,trend_relative
2026-05-24,트레이닝재킷,0,google,trend_relative
2026-05-31,트레이닝재킷,0,google,trend_relative
2026-06-07,트레이닝재킷,0,google,trend_relative
2026-06-14,트레이닝재킷,0,google,trend_relative
2026-06-21,트레이닝재킷,0,google,trend_relative
2026-06-28,트레이닝재킷,0,google,trend_relative
2026-07-05,트레이닝재킷,0,google,trend_relative
2026-07-12,트레이닝재킷,0,google,trend_relative
2026-07-19,트레이닝재킷,0,google,trend_relative
2026-07-26,트레이닝재킷,0,google,trend_relative
2026-08-02,트레이닝재킷,0,google,trend_relative
2026-08-09,트레이닝재킷,0,google,trend_relative
2026-08-16,트레이닝재킷,0,google,trend_relative
2026-08-23,트레이닝재킷,0,google,trend_relative
2026-08-30,트레이닝재킷,4,google,trend_relative
2026-09-06,트레이닝재킷,3,google,trend_relative
2026-09-13,트레이닝재킷,0,google,trend_relative
2025-09-14,플리스재킷,0,google,trend_relative
2025-09-21,플리스재킷,0,google,trend_relative
2025-09-28,플리스재킷,0,google,trend_relative
2025-10-05,플리스재킷,0,google,trend_relative
2025-10-12,플리스재킷,0,google,trend_relative
2025-10-19,플리스재킷,0,google,trend_relative
2025-10-26,플리스재킷,0,google,trend_relative
2025-11-02,플리스재킷,0,google,trend_relative
2025-11-09,플리스재킷,0,google,trend_relative
2025-11-16,플리스재킷,0,google,trend_relative
2025-11-23,플리스재킷,0,google,trend_relative
2025-11-30,플리스재킷,0,google,trend_relative
2025-12-07,플리스재킷,0,google,trend_relative
2025-12-14,플리스재킷,0,google,trend_relative
2025-12-21,플리스재킷,0,google,trend_relative
2025-12-28,플리스재킷,0,google,trend_relative
2026-01-04,플리스재킷,0,google,trend_relative
2026-01-11,플리스재킷,0,google,trend_relative
2026-01-18,플리스재킷,0,google,trend_relative
2026-01-25,플리스재킷,0,google,trend_relative
2026-02-01,플리스재킷,0,google,trend_relative
2026-02-08,플리스재킷,0,google,trend_relative
2026-02-15,플리스재킷,0,google,trend_relative
2026-02-22,플리스재킷,0,google,trend_relative
2026-03-01,플리스재킷,0,google,trend_relative
2026-03-08,플리스재킷,0,google,trend_relative
2026-03-15,플리스재킷,0,google,trend_relative
2026-03-22,플리스재킷,0,google,trend_relative
2026-03-29,플리스재킷,0,google,trend_relative
2026-04-05,플리스재킷,0,google,trend_relative
2026-04-12,플리스재킷,0,google,trend_relative
2026-04-19,플리스재킷,0,google,trend_relative
2026-04-26,플리스재킷,0,google,trend_relative
2026-05-03,플리스재킷,0,google,trend_relative
2026-05-10,플리스재킷,0,google,trend_relative
2026-05-17,플리스재킷,0,google,trend_relative
2026-05-24,플리스재킷,0,google,trend_relative
2026-05-31,플리스재킷,0,google,trend_relative
2026-06-07,플리스재킷,0,google,trend_relative
2026-06-14,플리스재킷,0,google,trend_relative
2026-06-21,플리스재킷,0,google,trend_relative
2026-06-28,플리스재킷,0,google,trend_relative
2026-07-05,플리스재킷,0,google,trend_relative
2026-07-12,플리스재킷,0,google,trend_relative
2026-07-19,플리스재킷,0,google,trend_relative
2026-07-26,플리스재킷,0,google,trend_relative
2026-08-02,플리스재킷,0,google,trend_relative
2026-08-09,플리스재킷,0,google,trend_relative
2026-08-16,플리스재킷,0,google,trend_relative
2026-08-23,플리스재킷,0,google,trend_relative
2026-08-30,플리스재킷,2,google,trend_relative
2026-09-06,플리스재킷,3,google,trend_relative
2026-09-13,플리스재킷,0,google,trend_relative
2025-09-14,더플코트,0,google,trend_relative
2025-09-21,더플코트,0,google,trend_relative
2025-09-28,더플코트,0,google,trend_relative
2025-10-05,더플코트,0,google,trend_relative
2025-10-12,더플코트,0,google,trend_relative
2025-10-19,더플코트,46,google,trend_relative
2025-10-26,더플코트,45,google,trend_relative
2025-11-02,더플코트,45,google,trend_relative
2025-11-09,더플코트,89,google,trend_relative
2025-11-16,더플코트,100,google,trend_relative
2025-11-23,더플코트,58,google,trend_relative
2025-11-30,더플코트,54,google,trend_relative
2025-12-07,더플코트,70,google,trend_relative
2025-12-14,더플코트,81,google,trend_relative
2025-12-21,더플코트,59,google,trend_relative
2025-12-28,더플코트,40,google,trend_relative
2026-01-04,더플코트,0,google,trend_relative
2026-01-11,더플코트,38,google,trend_relative
2026-01-18,더플코트,0,google,trend_relative
2026-01-25,더플코트,0,google,trend_relative
2026-02-01,더플코트,39,google,trend_relative
2026-02-08,더플코트,0,google,trend_relative
2026-02-15,더플코트,0,google,trend_relative
2026-02-22,더플코트,0,google,trend_relative
2026-03-01,더플코트,0,google,trend_relative
2026-03-08,더플코트,33,google,trend_relative
2026-03-15,더플코트,0,google,trend_relative
2026-03-22,더플코트,0,google,trend_relative
2026-03-29,더플코트,0,google,trend_relative
2026-04-05,더플코트,0,google,trend_relative
2026-04-12,더플코트,0,google,trend_relative
2026-04-19,더플코트,0,google,trend_relative
2026-04-26,더플코트,0,google,trend_relative
2026-05-03,더플코트,0,google,trend_relative
2026-05-10,더플코트,0,google,trend_relative
2026-05-17,더플코트,0,google,trend_relative
2026-05-24,더플코트,0,google,trend_relative
2026-05-31,더플코트,0,google,trend_relative
2026-06-07,더플코트,0,google,trend_relative
2026-06-14,더플코트,0,google,trend_relative
2026-06-21,더플코트,0,google,trend_relative
2026-06-28,더플코트,0,google,trend_relative
2026-07-05,더플코트,0,google,trend_relative
2026-07-12,더플코트,0,google,trend_relative
2026-07-19,더플코트,0,google,trend_relative
2026-07-26,더플코트,0,google,trend_relative
2026-08-02,더플코트,0,google,trend_relative
2026-08-09,더플코트,0,google,trend_relative
2026-08-16,더플코트,0,google,trend_relative
2026-08-23,더플코트,0,google,trend_relative
2026-08-30,더플코트,6,google,trend_relative
2026-09-06,더플코트,15,google,trend_relative
2026-09-13,더플코트,12,google,trend_relative
2025-09-14,트렌치코트,2,google,trend_relative
2025-09-21,트렌치코트,4,google,trend_relative
2025-09-28,트렌치코트,5,google,trend_relative
2025-10-05,트렌치코트,5,google,trend_relative
2025-10-12,트렌치코트,5,google,trend_relative
2025-10-19,트렌치코트,8,google,trend_relative
2025-10-26,트렌치코트,5,google,trend_relative
2025-11-02,트렌치코트,4,google,trend_relative
2025-11-09,트렌치코트,4,google,trend_relative
2025-11-16,트렌치코트,5,google,trend_relative
2025-11-23,트렌치코트,3,google,trend_relative
2025-11-30,트렌치코트,3,google,trend_relative
2025-12-07,트렌치코트,3,google,trend_relative
2025-12-14,트렌치코트,3,google,trend_relative
2025-12-21,트렌치코트,2,google,trend_relative
2025-12-28,트렌치코트,4,google,trend_relative
2026-01-04,트렌치코트,2,google,trend_relative
2026-01-11,트렌치코트,3,google,trend_relative
2026-01-18,트렌치코트,3,google,trend_relative
2026-01-25,트렌치코트,3,google,trend_relative
2026-02-01,트렌치코트,3,google,trend_relative
2026-02-08,트렌치코트,3,google,trend_relative
2026-02-15,트렌치코트,5,google,trend_relative
2026-02-22,트렌치코트,4,google,trend_relative
2026-03-01,트렌치코트,5,google,trend_relative
2026-03-08,트렌치코트,5,google,trend_relative
2026-03-15,트렌치코트,6,google,trend_relative
2026-03-22,트렌치코트,6,google,trend_relative
2026-03-29,트렌치코트,6,google,trend_relative
2026-04-05,트렌치코트,8,google,trend_relative
2026-04-12,트렌치코트,3,google,trend_relative
2026-04-19,트렌치코트,3,google,trend_relative
2026-04-26,트렌치코트,2,google,trend_relative
2026-05-03,트렌치코트,2,google,trend_relative
2026-05-10,트렌치코트,1,google,trend_relative
2026-05-17,트렌치코트,2,google,trend_relative
2026-05-24,트렌치코트,2,google,trend_relative
2026-05-31,트렌치코트,0,google,trend_relative
2026-06-07,트렌치코트,1,google,trend_relative
2026-06-14,트렌치코트,2,google,trend_relative
2026-06-21,트렌치코트,1,google,trend_relative
2026-06-28,트렌치코트,1,google,trend_relative
2026-07-05,트렌치코트,3,google,trend_relative
2026-07-12,트렌치코트,2,google,trend_relative
2026-07-19,트렌치코트,0,google,trend_relative
2026-07-26,트렌치코트,1,google,trend_relative
2026-08-02,트렌치코트,2,google,trend_relative
2026-08-09,트렌치코트,2,google,trend_relative
2026-08-16,트렌치코트,6,google,trend_relative
2026-08-23,트렌치코트,4,google,trend_relative
2026-08-30,트렌치코트,2,google,trend_relative
2026-09-06,트렌치코트,4,google,trend_relative
2026-09-13,트렌치코트,8,google,trend_relative
2025-09-14,레깅스,18,google,trend_relative
2025-09-21,레깅스,18,google,trend_relative
2025-09-28,레깅스,17,google,trend_relative
2025-10-05,레깅스,19,google,trend_relative
2025-10-12,레깅스,19,google,trend_relative
2025-10-19,레깅스,20,google,trend_relative
2025-10-26,레깅스,21,google,trend_relative
2025-11-02,레깅스,20,google,trend_relative
2025-11-09,레깅스,20,google,trend_relative
2025-11-16,레깅스,21,google,trend_relative
2025-11-23,레깅스,19,google,trend_relative
2025-11-30,레깅스,17,google,trend_relative
2025-12-07,레깅스,16,google,trend_relative
2025-12-14,레깅스,14,google,trend_relative
2025-12-21,레깅스,16,google,trend_relative
2025-12-28,레깅스,15,google,trend_relative
2026-01-04,레깅스,18,google,trend_relative
2026-01-11,레깅스,14,google,trend_relative
2026-01-18,레깅스,19,google,trend_relative
2026-01-25,레깅스,16,google,trend_relative
2026-02-01,레깅스,16,google,trend_relative
2026-02-08,레깅스,14,google,trend_relative
2026-02-15,레깅스,12,google,trend_relative
2026-02-22,레깅스,12,google,trend_relative
2026-03-01,레깅스,18,google,trend_relative
2026-03-08,레깅스,15,google,trend_relative
2026-03-15,레깅스,13,google,trend_relative
2026-03-22,레깅스,15,google,trend_relative
2026-03-29,레깅스,17,google,trend_relative
2026-04-05,레깅스,14,google,trend_relative
2026-04-12,레깅스,13,google,trend_relative
2026-04-19,레깅스,30,google,trend_relative
2026-04-26,레깅스,15,google,trend_relative
2026-05-03,레깅스,14,google,trend_relative
2026-05-10,레깅스,15,google,trend_relative
2026-05-17,레깅스,20,google,trend_relative
2026-05-24,레깅스,13,google,trend_relative
2026-05-31,레깅스,13,google,trend_relative
2026-06-07,레깅스,13,google,trend_relative
2026-06-14,레깅스,13,google,trend_relative
2026-06-21,레깅스,14,google,trend_relative
2026-06-28,레깅스,14,google,trend_relative
2026-07-05,레깅스,17,google,trend_relative
2026-07-12,레깅스,11,google,trend_relative
2026-07-19,레깅스,14,google,trend_relative
2026-07-26,레깅스,18,google,trend_relative
2026-08-02,레깅스,22,google,trend_relative
2026-08-09,레깅스,12,google,trend_relative
2026-08-16,레깅스,13,google,trend_relative
2026-08-23,레깅스,14,google,trend_relative
2026-08-30,레깅스,9,google,trend_relative
2026-09-06,레깅스,14,google,trend_relative
2026-09-13,레깅스,12,google,trend_relative
2025-09-14,팬츠,45,google,trend_relative
2025-09-21,팬츠,50,google,trend_relative
2025-09-28,팬츠,49,google,trend_relative
2025-10-05,팬츠,60,google,trend_relative
2025-10-12,팬츠,49,google,trend_relative
2025-10-19,팬츠,62,google,trend_relative
2025-10-26,팬츠,56,google,trend_relative
2025-11-02,팬츠,54,google,trend_relative
2025-11-09,팬츠,53,google,trend_relative
2025-11-16,팬츠,60,google,trend_relative
2025-11-23,팬츠,59,google,trend_relative
2025-11-30,팬츠,56,google,trend_relative
2025-12-07,팬츠,53,google,trend_relative
2025-12-14,팬츠,51,google,trend_relative
2025-12-21,팬츠,53,google,trend_relative
2025-12-28,팬츠,52,google,trend_relative
2026-01-04,팬츠,52,google,trend_relative
2026-01-11,팬츠,49,google,trend_relative
2026-01-18,팬츠,49,google,trend_relative
2026-01-25,팬츠,49,google,trend_relative
2026-02-01,팬츠,47,google,trend_relative
2026-02-08,팬츠,46,google,trend_relative
2026-02-15,팬츠,51,google,trend_relative
2026-02-22,팬츠,50,google,trend_relative
2026-03-01,팬츠,52,google,trend_relative
2026-03-08,팬츠,54,google,trend_relative
2026-03-15,팬츠,52,google,trend_relative
2026-03-22,팬츠,57,google,trend_relative
2026-03-29,팬츠,55,google,trend_relative
2026-04-05,팬츠,58,google,trend_relative
2026-04-12,팬츠,52,google,trend_relative
2026-04-19,팬츠,56,google,trend_relative
2026-04-26,팬츠,57,google,trend_relative
2026-05-03,팬츠,52,google,trend_relative
2026-05-10,팬츠,61,google,trend_relative
2026-05-17,팬츠,61,google,trend_relative
2026-05-24,팬츠,74,google,trend_relative
2026-05-31,팬츠,73,google,trend_relative
2026-06-07,팬츠,50,google,trend_relative
2026-06-14,팬츠,59,google,trend_relative
2026-06-21,팬츠,55,google,trend_relative
2026-06-28,팬츠,58,google,trend_relative
2026-07-05,팬츠,61,google,trend_relative
2026-07-12,팬츠,49,google,trend_relative
2026-07-19,팬츠,64,google,trend_relative
2026-07-26,팬츠,49,google,trend_relative
2026-08-02,팬츠,50,google,trend_relative
2026-08-09,팬츠,44,google,trend_relative
2026-08-16,팬츠,45,google,trend_relative
2026-08-23,팬츠,45,google,trend_relative
2026-08-30,팬츠,46,google,trend_relative
2026-09-06,팬츠,54,google,trend_relative
2026-09-13,팬츠,60,google,trend_relative
2025-09-14,버뮤다팬츠,2,google,trend_relative
2025-09-21,버뮤다팬츠,2,google,trend_relative
2025-09-28,버뮤다팬츠,2,google,trend_relative
2025-10-05,버뮤다팬츠,2,google,trend_relative
2025-10-12,버뮤다팬츠,0,google,trend_relative
2025-10-19,버뮤다팬츠,1,google,trend_relative
2025-10-26,버뮤다팬츠,0,google,trend_relative
2025-11-02,버뮤다팬츠,0,google,trend_relative
2025-11-09,버뮤다팬츠,0,google,trend_relative
2025-11-16,버뮤다팬츠,0,google,trend_relative
2025-11-23,버뮤다팬츠,0,google,trend_relative
2025-11-30,버뮤다팬츠,0,google,trend_relative
2025-12-07,버뮤다팬츠,0,google,trend_relative
2025-12-14,버뮤다팬츠,0,google,trend_relative
2025-12-21,버뮤다팬츠,0,google,trend_relative
2025-12-28,버뮤다팬츠,0,google,trend_relative
2026-01-04,버뮤다팬츠,0,google,trend_relative
2026-01-11,버뮤다팬츠,0,google,trend_relative
2026-01-18,버뮤다팬츠,0,google,trend_relative
2026-01-25,버뮤다팬츠,0,google,trend_relative
2026-02-01,버뮤다팬츠,0,google,trend_relative
2026-02-08,버뮤다팬츠,0,google,trend_relative
2026-02-15,버뮤다팬츠,0,google,trend_relative
2026-02-22,버뮤다팬츠,0,google,trend_relative
2026-03-01,버뮤다팬츠,0,google,trend_relative
2026-03-08,버뮤다팬츠,1,google,trend_relative
2026-03-15,버뮤다팬츠,1,google,trend_relative
2026-03-22,버뮤다팬츠,2,google,trend_relative
2026-03-29,버뮤다팬츠,3,google,trend_relative
2026-04-05,버뮤다팬츠,3,google,trend_relative
2026-04-12,버뮤다팬츠,4,google,trend_relative
2026-04-19,버뮤다팬츠,5,google,trend_relative
2026-04-26,버뮤다팬츠,5,google,trend_relative
2026-05-03,버뮤다팬츠,4,google,trend_relative
2026-05-10,버뮤다팬츠,6,google,trend_relative
2026-05-17,버뮤다팬츠,7,google,trend_relative
2026-05-24,버뮤다팬츠,8,google,trend_relative
2026-05-31,버뮤다팬츠,6,google,trend_relative
2026-06-07,버뮤다팬츠,4,google,trend_relative
2026-06-14,버뮤다팬츠,7,google,trend_relative
2026-06-21,버뮤다팬츠,6,google,trend_relative
2026-06-28,버뮤다팬츠,5,google,trend_relative
2026-07-05,버뮤다팬츠,6,google,trend_relative
2026-07-12,버뮤다팬츠,4,google,trend_relative
2026-07-19,버뮤다팬츠,5,google,trend_relative
2026-07-26,버뮤다팬츠,5,google,trend_relative
2026-08-02,버뮤다팬츠,5,google,trend_relative
2026-08-09,버뮤다팬츠,4,google,trend_relative
2026-08-16,버뮤다팬츠,4,google,trend_relative
2026-08-23,버뮤다팬츠,2,google,trend_relative
2026-08-30,버뮤다팬츠,2,google,trend_relative
2026-09-06,버뮤다팬츠,2,google,trend_relative
2026-09-13,버뮤다팬츠,2,google,trend_relative
2025-09-14,쇼츠,53,google,trend_relative
2025-09-21,쇼츠,56,google,trend_relative
2025-09-28,쇼츠,58,google,trend_relative
2025-10-05,쇼츠,53,google,trend_relative
2025-10-12,쇼츠,62,google,trend_relative
2025-10-19,쇼츠,53,google,trend_relative
2025-10-26,쇼츠,57,google,trend_relative
2025-11-02,쇼츠,100,google,trend_relative
2025-11-09,쇼츠,63,google,trend_relative
2025-11-16,쇼츠,64,google,trend_relative
2025-11-23,쇼츠,64,google,trend_relative
2025-11-30,쇼츠,58,google,trend_relative
2025-12-07,쇼츠,62,google,trend_relative
2025-12-14,쇼츠,63,google,trend_relative
2025-12-21,쇼츠,63,google,trend_relative
2025-12-28,쇼츠,61,google,trend_relative
2026-01-04,쇼츠,66,google,trend_relative
2026-01-11,쇼츠,60,google,trend_relative
2026-01-18,쇼츠,60,google,trend_relative
2026-01-25,쇼츠,56,google,trend_relative
2026-02-01,쇼츠,65,google,trend_relative
2026-02-08,쇼츠,60,google,trend_relative
2026-02-15,쇼츠,70,google,trend_relative
2026-02-22,쇼츠,72,google,trend_relative
2026-03-01,쇼츠,67,google,trend_relative
2026-03-08,쇼츠,56,google,trend_relative
2026-03-15,쇼츠,57,google,trend_relative
2026-03-22,쇼츠,66,google,trend_relative
2026-03-29,쇼츠,62,google,trend_relative
2026-04-05,쇼츠,50,google,trend_relative
2026-04-12,쇼츠,55,google,trend_relative
2026-04-19,쇼츠,62,google,trend_relative
2026-04-26,쇼츠,68,google,trend_relative
2026-05-03,쇼츠,60,google,trend_relative
2026-05-10,쇼츠,58,google,trend_relative
2026-05-17,쇼츠,52,google,trend_relative
2026-05-24,쇼츠,63,google,trend_relative
2026-05-31,쇼츠,63,google,trend_relative
2026-06-07,쇼츠,65,google,trend_relative
2026-06-14,쇼츠,60,google,trend_relative
2026-06-21,쇼츠,53,google,trend_relative
2026-06-28,쇼츠,63,google,trend_relative
2026-07-05,쇼츠,57,google,trend_relative
2026-07-12,쇼츠,75,google,trend_relative
2026-07-19,쇼츠,62,google,trend_relative
2026-07-26,쇼츠,65,google,trend_relative
2026-08-02,쇼츠,55,google,trend_relative
2026-08-09,쇼츠,55,google,trend_relative
2026-08-16,쇼츠,52,google,trend_relative
2026-08-23,쇼츠,52,google,trend_relative
2026-08-30,쇼츠,52,google,trend_relative
2026-09-06,쇼츠,55,google,trend_relative
2026-09-13,쇼츠,61,google,trend_relative
2025-09-14,스웨트팬츠,1,google,trend_relative
2025-09-21,스웨트팬츠,0,google,trend_relative
2025-09-28,스웨트팬츠,0,google,trend_relative
2025-10-05,스웨트팬츠,1,google,trend_relative
2025-10-12,스웨트팬츠,0,google,trend_relative
2025-10-19,스웨트팬츠,1,google,trend_relative
2025-10-26,스웨트팬츠,1,google,trend_relative
2025-11-02,스웨트팬츠,1,google,trend_relative
2025-11-09,스웨트팬츠,0,google,trend_relative
2025-11-16,스웨트팬츠,0,google,trend_relative
2025-11-23,스웨트팬츠,0,google,trend_relative
2025-11-30,스웨트팬츠,0,google,trend_relative
2025-12-07,스웨트팬츠,1,google,trend_relative
2025-12-14,스웨트팬츠,0,google,trend_relative
2025-12-21,스웨트팬츠,1,google,trend_relative
2025-12-28,스웨트팬츠,0,google,trend_relative
2026-01-04,스웨트팬츠,1,google,trend_relative
2026-01-11,스웨트팬츠,1,google,trend_relative
2026-01-18,스웨트팬츠,0,google,trend_relative
2026-01-25,스웨트팬츠,1,google,trend_relative
2026-02-01,스웨트팬츠,1,google,trend_relative
2026-02-08,스웨트팬츠,1,google,trend_relative
2026-02-15,스웨트팬츠,0,google,trend_relative
2026-02-22,스웨트팬츠,1,google,trend_relative
2026-03-01,스웨트팬츠,1,google,trend_relative
2026-03-08,스웨트팬츠,1,google,trend_relative
2026-03-15,스웨트팬츠,1,google,trend_relative
2026-03-22,스웨트팬츠,1,google,trend_relative
2026-03-29,스웨트팬츠,0,google,trend_relative
2026-04-05,스웨트팬츠,1,google,trend_relative
2026-04-12,스웨트팬츠,1,google,trend_relative
2026-04-19,스웨트팬츠,1,google,trend_relative
2026-04-26,스웨트팬츠,0,google,trend_relative
2026-05-03,스웨트팬츠,0,google,trend_relative
2026-05-10,스웨트팬츠,0,google,trend_relative
2026-05-17,스웨트팬츠,0,google,trend_relative
2026-05-24,스웨트팬츠,0,google,trend_relative
2026-05-31,스웨트팬츠,0,google,trend_relative
2026-06-07,스웨트팬츠,1,google,trend_relative
2026-06-14,스웨트팬츠,0,google,trend_relative
2026-06-21,스웨트팬츠,1,google,trend_relative
2026-06-28,스웨트팬츠,0,google,trend_relative
2026-07-05,스웨트팬츠,0,google,trend_relative
2026-07-12,스웨트팬츠,0,google,trend_relative
2026-07-19,스웨트팬츠,0,google,trend_relative
2026-07-26,스웨트팬츠,0,google,trend_relative
2026-08-02,스웨트팬츠,0,google,trend_relative
2026-08-09,스웨트팬츠,0,google,trend_relative
2026-08-16,스웨트팬츠,0,google,trend_relative
2026-08-23,스웨트팬츠,0,google,trend_relative
2026-08-30,스웨트팬츠,1,google,trend_relative
2026-09-06,스웨트팬츠,1,google,trend_relative
2026-09-13,스웨트팬츠,1,google,trend_relative
2025-09-14,스커트팬츠,0,google,trend_relative
2025-09-21,스커트팬츠,0,google,trend_relative
2025-09-28,스커트팬츠,0,google,trend_relative
2025-10-05,스커트팬츠,0,google,trend_relative
2025-10-12,스커트팬츠,0,google,trend_relative
2025-10-19,스커트팬츠,0,google,trend_relative
2025-10-26,스커트팬츠,0,google,trend_relative
2025-11-02,스커트팬츠,0,google,trend_relative
2025-11-09,스커트팬츠,0,google,trend_relative
2025-11-16,스커트팬츠,0,google,trend_relative
2025-11-23,스커트팬츠,0,google,trend_relative
2025-11-30,스커트팬츠,0,google,trend_relative
2025-12-07,스커트팬츠,0,google,trend_relative
2025-12-14,스커트팬츠,0,google,trend_relative
2025-12-21,스커트팬츠,0,google,trend_relative
2025-12-28,스커트팬츠,0,google,trend_relative
2026-01-04,스커트팬츠,0,google,trend_relative
2026-01-11,스커트팬츠,0,google,trend_relative
2026-01-18,스커트팬츠,0,google,trend_relative
2026-01-25,스커트팬츠,0,google,trend_relative
2026-02-01,스커트팬츠,0,google,trend_relative
2026-02-08,스커트팬츠,0,google,trend_relative
2026-02-15,스커트팬츠,0,google,trend_relative
2026-02-22,스커트팬츠,0,google,trend_relative
2026-03-01,스커트팬츠,0,google,trend_relative
2026-03-08,스커트팬츠,0,google,trend_relative
2026-03-15,스커트팬츠,0,google,trend_relative
2026-03-22,스커트팬츠,0,google,trend_relative
2026-03-29,스커트팬츠,0,google,trend_relative
2026-04-05,스커트팬츠,0,google,trend_relative
2026-04-12,스커트팬츠,0,google,trend_relative
2026-04-19,스커트팬츠,0,google,trend_relative
2026-04-26,스커트팬츠,0,google,trend_relative
2026-05-03,스커트팬츠,0,google,trend_relative
2026-05-10,스커트팬츠,0,google,trend_relative
2026-05-17,스커트팬츠,0,google,trend_relative
2026-05-24,스커트팬츠,0,google,trend_relative
2026-05-31,스커트팬츠,0,google,trend_relative
2026-06-07,스커트팬츠,1,google,trend_relative
2026-06-14,스커트팬츠,0,google,trend_relative
2026-06-21,스커트팬츠,0,google,trend_relative
2026-06-28,스커트팬츠,0,google,trend_relative
2026-07-05,스커트팬츠,0,google,trend_relative
2026-07-12,스커트팬츠,0,google,trend_relative
2026-07-19,스커트팬츠,0,google,trend_relative
2026-07-26,스커트팬츠,1,google,trend_relative
2026-08-02,스커트팬츠,0,google,trend_relative
2026-08-09,스커트팬츠,0,google,trend_relative
2026-08-16,스커트팬츠,0,google,trend_relative
2026-08-23,스커트팬츠,0,google,trend_relative
2026-08-30,스커트팬츠,0,google,trend_relative
2026-09-06,스커트팬츠,0,google,trend_relative
2026-09-13,스커트팬츠,0,google,trend_relative
2025-09-14,슬랙스,7,google,trend_relative
2025-09-21,슬랙스,7,google,trend_relative
2025-09-28,슬랙스,8,google,trend_relative
2025-10-05,슬랙스,7,google,trend_relative
2025-10-12,슬랙스,8,google,trend_relative
2025-10-19,슬랙스,9,google,trend_relative
2025-10-26,슬랙스,7,google,trend_relative
2025-11-02,슬랙스,8,google,trend_relative
2025-11-09,슬랙스,8,google,trend_relative
2025-11-16,슬랙스,8,google,trend_relative
2025-11-23,슬랙스,7,google,trend_relative
2025-11-30,슬랙스,7,google,trend_relative
2025-12-07,슬랙스,7,google,trend_relative
2025-12-14,슬랙스,6,google,trend_relative
2025-12-21,슬랙스,7,google,trend_relative
2025-12-28,슬랙스,6,google,trend_relative
2026-01-04,슬랙스,7,google,trend_relative
2026-01-11,슬랙스,6,google,trend_relative
2026-01-18,슬랙스,5,google,trend_relative
2026-01-25,슬랙스,7,google,trend_relative
2026-02-01,슬랙스,6,google,trend_relative
2026-02-08,슬랙스,6,google,trend_relative
2026-02-15,슬랙스,7,google,trend_relative
2026-02-22,슬랙스,8,google,trend_relative
2026-03-01,슬랙스,6,google,trend_relative
2026-03-08,슬랙스,7,google,trend_relative
2026-03-15,슬랙스,8,google,trend_relative
2026-03-22,슬랙스,9,google,trend_relative
2026-03-29,슬랙스,9,google,trend_relative
2026-04-05,슬랙스,6,google,trend_relative
2026-04-12,슬랙스,8,google,trend_relative
2026-04-19,슬랙스,6,google,trend_relative
2026-04-26,슬랙스,7,google,trend_relative
2026-05-03,슬랙스,8,google,trend_relative
2026-05-10,슬랙스,7,google,trend_relative
2026-05-17,슬랙스,8,google,trend_relative
2026-05-24,슬랙스,6,google,trend_relative
2026-05-31,슬랙스,8,google,trend_relative
2026-06-07,슬랙스,6,google,trend_relative
2026-06-14,슬랙스,6,google,trend_relative
2026-06-21,슬랙스,6,google,trend_relative
2026-06-28,슬랙스,6,google,trend_relative
2026-07-05,슬랙스,6,google,trend_relative
2026-07-12,슬랙스,5,google,trend_relative
2026-07-19,슬랙스,5,google,trend_relative
2026-07-26,슬랙스,6,google,trend_relative
2026-08-02,슬랙스,5,google,trend_relative
2026-08-09,슬랙스,5,google,trend_relative
2026-08-16,슬랙스,6,google,trend_relative
2026-08-23,슬랙스,5,google,trend_relative
2026-08-30,슬랙스,6,google,trend_relative
2026-09-06,슬랙스,6,google,trend_relative
2026-09-13,슬랙스,6,google,trend_relative
2025-09-14,조거팬츠,2,google,trend_relative
2025-09-21,조거팬츠,2,google,trend_relative
2025-09-28,조거팬츠,1,google,trend_relative
2025-10-05,조거팬츠,3,google,trend_relative
2025-10-12,조거팬츠,2,google,trend_relative
2025-10-19,조거팬츠,3,google,trend_relative
2025-10-26,조거팬츠,3,google,trend_relative
2025-11-02,조거팬츠,3,google,trend_relative
2025-11-09,조거팬츠,3,google,trend_relative
2025-11-16,조거팬츠,2,google,trend_relative
2025-11-23,조거팬츠,3,google,trend_relative
2025-11-30,조거팬츠,3,google,trend_relative
2025-12-07,조거팬츠,3,google,trend_relative
2025-12-14,조거팬츠,2,google,trend_relative
2025-12-21,조거팬츠,1,google,trend_relative
2025-12-28,조거팬츠,2,google,trend_relative
2026-01-04,조거팬츠,2,google,trend_relative
2026-01-11,조거팬츠,2,google,trend_relative
2026-01-18,조거팬츠,2,google,trend_relative
2026-01-25,조거팬츠,2,google,trend_relative
2026-02-01,조거팬츠,1,google,trend_relative
2026-02-08,조거팬츠,2,google,trend_relative
2026-02-15,조거팬츠,2,google,trend_relative
2026-02-22,조거팬츠,1,google,trend_relative
2026-03-01,조거팬츠,2,google,trend_relative
2026-03-08,조거팬츠,2,google,trend_relative
2026-03-15,조거팬츠,2,google,trend_relative
2026-03-22,조거팬츠,2,google,trend_relative
2026-03-29,조거팬츠,2,google,trend_relative
2026-04-05,조거팬츠,2,google,trend_relative
2026-04-12,조거팬츠,2,google,trend_relative
2026-04-19,조거팬츠,1,google,trend_relative
2026-04-26,조거팬츠,1,google,trend_relative
2026-05-03,조거팬츠,2,google,trend_relative
2026-05-10,조거팬츠,2,google,trend_relative
2026-05-17,조거팬츠,1,google,trend_relative
2026-05-24,조거팬츠,2,google,trend_relative
2026-05-31,조거팬츠,1,google,trend_relative
2026-06-07,조거팬츠,1,google,trend_relative
2026-06-14,조거팬츠,2,google,trend_relative
2026-06-21,조거팬츠,2,google,trend_relative
2026-06-28,조거팬츠,1,google,trend_relative
2026-07-05,조거팬츠,2,google,trend_relative
2026-07-12,조거팬츠,1,google,trend_relative
2026-07-19,조거팬츠,1,google,trend_relative
2026-07-26,조거팬츠,1,google,trend_relative
2026-08-02,조거팬츠,1,google,trend_relative
2026-08-09,조거팬츠,1,google,trend_relative
2026-08-16,조거팬츠,1,google,trend_relative
2026-08-23,조거팬츠,1,google,trend_relative
2026-08-30,조거팬츠,1,google,trend_relative
2026-09-06,조거팬츠,1,google,trend_relative
2026-09-13,조거팬츠,1,google,trend_relative
2025-09-14,청바지,22,google,trend_relative
2025-09-21,청바지,24,google,trend_relative
2025-09-28,청바지,26,google,trend_relative
2025-10-05,청바지,29,google,trend_relative
2025-10-12,청바지,25,google,trend_relative
2025-10-19,청바지,28,google,trend_relative
2025-10-26,청바지,26,google,trend_relative
2025-11-02,청바지,26,google,trend_relative
2025-11-09,청바지,25,google,trend_relative
2025-11-16,청바지,23,google,trend_relative
2025-11-23,청바지,24,google,trend_relative
2025-11-30,청바지,22,google,trend_relative
2025-12-07,청바지,21,google,trend_relative
2025-12-14,청바지,24,google,trend_relative
2025-12-21,청바지,25,google,trend_relative
2025-12-28,청바지,23,google,trend_relative
2026-01-04,청바지,20,google,trend_relative
2026-01-11,청바지,19,google,trend_relative
2026-01-18,청바지,21,google,trend_relative
2026-01-25,청바지,22,google,trend_relative
2026-02-01,청바지,21,google,trend_relative
2026-02-08,청바지,21,google,trend_relative
2026-02-15,청바지,23,google,trend_relative
2026-02-22,청바지,25,google,trend_relative
2026-03-01,청바지,26,google,trend_relative
2026-03-08,청바지,24,google,trend_relative
2026-03-15,청바지,25,google,trend_relative
2026-03-22,청바지,28,google,trend_relative
2026-03-29,청바지,29,google,trend_relative
2026-04-05,청바지,59,google,trend_relative
2026-04-12,청바지,43,google,trend_relative
2026-04-19,청바지,76,google,trend_relative
2026-04-26,청바지,34,google,trend_relative
2026-05-03,청바지,29,google,trend_relative
2026-05-10,청바지,40,google,trend_relative
2026-05-17,청바지,62,google,trend_relative
2026-05-24,청바지,36,google,trend_relative
2026-05-31,청바지,65,google,trend_relative
2026-06-07,청바지,22,google,trend_relative
2026-06-14,청바지,35,google,trend_relative
2026-06-21,청바지,50,google,trend_relative
2026-06-28,청바지,27,google,trend_relative
2026-07-05,청바지,42,google,trend_relative
2026-07-12,청바지,23,google,trend_relative
2026-07-19,청바지,28,google,trend_relative
2026-07-26,청바지,20,google,trend_relative
2026-08-02,청바지,26,google,trend_relative
2026-08-09,청바지,45,google,trend_relative
2026-08-16,청바지,41,google,trend_relative
2026-08-23,청바지,40,google,trend_relative
2026-08-30,청바지,40,google,trend_relative
2026-09-06,청바지,72,google,trend_relative
2026-09-13,청바지,100,google,trend_relative
2025-09-14,치노팬츠,28,google,trend_relative
2025-09-21,치노팬츠,22,google,trend_relative
2025-09-28,치노팬츠,45,google,trend_relative
2025-10-05,치노팬츠,35,google,trend_relative
2025-10-12,치노팬츠,27,google,trend_relative
2025-10-19,치노팬츠,24,google,trend_relative
2025-10-26,치노팬츠,28,google,trend_relative
2025-11-02,치노팬츠,19,google,trend_relative
2025-11-09,치노팬츠,19,google,trend_relative
2025-11-16,치노팬츠,33,google,trend_relative
2025-11-23,치노팬츠,25,google,trend_relative
2025-11-30,치노팬츠,22,google,trend_relative
2025-12-07,치노팬츠,19,google,trend_relative
2025-12-14,치노팬츠,0,google,trend_relative
2025-12-21,치노팬츠,21,google,trend_relative
2025-12-28,치노팬츠,16,google,trend_relative
2026-01-04,치노팬츠,17,google,trend_relative
2026-01-11,치노팬츠,17,google,trend_relative
2026-01-18,치노팬츠,15,google,trend_relative
2026-01-25,치노팬츠,18,google,trend_relative
2026-02-01,치노팬츠,18,google,trend_relative
2026-02-08,치노팬츠,18,google,trend_relative
2026-02-15,치노팬츠,28,google,trend_relative
2026-02-22,치노팬츠,24,google,trend_relative
2026-03-01,치노팬츠,30,google,trend_relative
2026-03-08,치노팬츠,33,google,trend_relative
2026-03-15,치노팬츠,29,google,trend_relative
2026-03-22,치노팬츠,24,google,trend_relative
2026-03-29,치노팬츠,23,google,trend_relative
2026-04-05,치노팬츠,28,google,trend_relative
2026-04-12,치노팬츠,21,google,trend_relative
2026-04-19,치노팬츠,19,google,trend_relative
2026-04-26,치노팬츠,18,google,trend_relative
2026-05-03,치노팬츠,25,google,trend_relative
2026-05-10,치노팬츠,16,google,trend_relative
2026-05-17,치노팬츠,13,google,trend_relative
2026-05-24,치노팬츠,17,google,trend_relative
2026-05-31,치노팬츠,13,google,trend_relative
2026-06-07,치노팬츠,15,google,trend_relative
2026-06-14,치노팬츠,17,google,trend_relative
2026-06-21,치노팬츠,15,google,trend_relative
2026-06-28,치노팬츠,11,google,trend_relative
2026-07-05,치노팬츠,16,google,trend_relative
2026-07-12,치노팬츠,9,google,trend_relative
2026-07-19,치노팬츠,15,google,trend_relative
2026-07-26,치노팬츠,13,google,trend_relative
2026-08-02,치노팬츠,11,google,trend_relative
2026-08-09,치노팬츠,11,google,trend_relative
2026-08-16,치노팬츠,12,google,trend_relative
2026-08-23,치노팬츠,18,google,trend_relative
2026-08-30,치노팬츠,14,google,trend_relative
2026-09-06,치노팬츠,19,google,trend_relative
2026-09-13,치노팬츠,29,google,trend_relative
2025-09-14,카고팬츠,17,google,trend_relative
2025-09-21,카고팬츠,20,google,trend_relative
2025-09-28,카고팬츠,14,google,trend_relative
2025-10-05,카고팬츠,25,google,trend_relative
2025-10-12,카고팬츠,20,google,trend_relative
2025-10-19,카고팬츠,25,google,trend_relative
2025-10-26,카고팬츠,16,google,trend_relative
2025-11-02,카고팬츠,20,google,trend_relative
2025-11-09,카고팬츠,16,google,trend_relative
2025-11-16,카고팬츠,16,google,trend_relative
2025-11-23,카고팬츠,13,google,trend_relative
2025-11-30,카고팬츠,19,google,trend_relative
2025-12-07,카고팬츠,13,google,trend_relative
2025-12-14,카고팬츠,19,google,trend_relative
2025-12-21,카고팬츠,16,google,trend_relative
2025-12-28,카고팬츠,20,google,trend_relative
2026-01-04,카고팬츠,15,google,trend_relative
2026-01-11,카고팬츠,17,google,trend_relative
2026-01-18,카고팬츠,20,google,trend_relative
2026-01-25,카고팬츠,12,google,trend_relative
2026-02-01,카고팬츠,13,google,trend_relative
2026-02-08,카고팬츠,22,google,trend_relative
2026-02-15,카고팬츠,18,google,trend_relative
2026-02-22,카고팬츠,22,google,trend_relative
2026-03-01,카고팬츠,25,google,trend_relative
2026-03-08,카고팬츠,28,google,trend_relative
2026-03-15,카고팬츠,17,google,trend_relative
2026-03-22,카고팬츠,25,google,trend_relative
2026-03-29,카고팬츠,24,google,trend_relative
2026-04-05,카고팬츠,25,google,trend_relative
2026-04-12,카고팬츠,23,google,trend_relative
2026-04-19,카고팬츠,23,google,trend_relative
2026-04-26,카고팬츠,22,google,trend_relative
2026-05-03,카고팬츠,27,google,trend_relative
2026-05-10,카고팬츠,26,google,trend_relative
2026-05-17,카고팬츠,30,google,trend_relative
2026-05-24,카고팬츠,61,google,trend_relative
2026-05-31,카고팬츠,28,google,trend_relative
2026-06-07,카고팬츠,22,google,trend_relative
2026-06-14,카고팬츠,28,google,trend_relative
2026-06-21,카고팬츠,35,google,trend_relative
2026-06-28,카고팬츠,41,google,trend_relative
2026-07-05,카고팬츠,27,google,trend_relative
2026-07-12,카고팬츠,16,google,trend_relative
2026-07-19,카고팬츠,100,google,trend_relative
2026-07-26,카고팬츠,20,google,trend_relative
2026-08-02,카고팬츠,24,google,trend_relative
2026-08-09,카고팬츠,15,google,trend_relative
2026-08-16,카고팬츠,19,google,trend_relative
2026-08-23,카고팬츠,21,google,trend_relative
2026-08-30,카고팬츠,16,google,trend_relative
2026-09-06,카고팬츠,45,google,trend_relative
2026-09-13,카고팬츠,32,google,trend_relative
2025-09-14,카프리팬츠,0,google,trend_relative
2025-09-21,카프리팬츠,0,google,trend_relative
2025-09-28,카프리팬츠,0,google,trend_relative
2025-10-05,카프리팬츠,0,google,trend_relative
2025-10-12,카프리팬츠,0,google,trend_relative
2025-10-19,카프리팬츠,0,google,trend_relative
2025-10-26,카프리팬츠,0,google,trend_relative
2025-11-02,카프리팬츠,0,google,trend_relative
2025-11-09,카프리팬츠,0,google,trend_relative
2025-11-16,카프리팬츠,0,google,trend_relative
2025-11-23,카프리팬츠,0,google,trend_relative
2025-11-30,카프리팬츠,0,google,trend_relative
2025-12-07,카프리팬츠,0,google,trend_relative
2025-12-14,카프리팬츠,0,google,trend_relative
2025-12-21,카프리팬츠,0,google,trend_relative
2025-12-28,카프리팬츠,0,google,trend_relative
2026-01-04,카프리팬츠,0,google,trend_relative
2026-01-11,카프리팬츠,0,google,trend_relative
2026-01-18,카프리팬츠,0,google,trend_relative
2026-01-25,카프리팬츠,0,google,trend_relative
2026-02-01,카프리팬츠,0,google,trend_relative
2026-02-08,카프리팬츠,0,google,trend_relative
2026-02-15,카프리팬츠,0,google,trend_relative
2026-02-22,카프리팬츠,0,google,trend_relative
2026-03-01,카프리팬츠,0,google,trend_relative
2026-03-08,카프리팬츠,0,google,trend_relative
2026-03-15,카프리팬츠,0,google,trend_relative
2026-03-22,카프리팬츠,0,google,trend_relative
2026-03-29,카프리팬츠,0,google,trend_relative
2026-04-05,카프리팬츠,0,google,trend_relative
2026-04-12,카프리팬츠,8,google,trend_relative
2026-04-19,카프리팬츠,0,google,trend_relative
2026-04-26,카프리팬츠,13,google,trend_relative
2026-05-03,카프리팬츠,0,google,trend_relative
2026-05-10,카프리팬츠,23,google,trend_relative
2026-05-17,카프리팬츠,22,google,trend_relative
2026-05-24,카프리팬츠,12,google,trend_relative
2026-05-31,카프리팬츠,21,google,trend_relative
2026-06-07,카프리팬츠,13,google,trend_relative
2026-06-14,카프리팬츠,15,google,trend_relative
2026-06-21,카프리팬츠,11,google,trend_relative
2026-06-28,카프리팬츠,14,google,trend_relative
2026-07-05,카프리팬츠,17,google,trend_relative
2026-07-12,카프리팬츠,14,google,trend_relative
2026-07-19,카프리팬츠,16,google,trend_relative
2026-07-26,카프리팬츠,10,google,trend_relative
2026-08-02,카프리팬츠,14,google,trend_relative
2026-08-09,카프리팬츠,12,google,trend_relative
2026-08-16,카프리팬츠,0,google,trend_relative
2026-08-23,카프리팬츠,0,google,trend_relative
2026-08-30,카프리팬츠,5,google,trend_relative
2026-09-06,카프리팬츠,6,google,trend_relative
2026-09-13,카프리팬츠,10,google,trend_relative
2025-09-14,큐롯팬츠,0,google,trend_relative
2025-09-21,큐롯팬츠,0,google,trend_relative
2025-09-28,큐롯팬츠,0,google,trend_relative
2025-10-05,큐롯팬츠,0,google,trend_relative
2025-10-12,큐롯팬츠,0,google,trend_relative
2025-10-19,큐롯팬츠,0,google,trend_relative
2025-10-26,큐롯팬츠,0,google,trend_relative
2025-11-02,큐롯팬츠,0,google,trend_relative
2025-11-09,큐롯팬츠,0,google,trend_relative
2025-11-16,큐롯팬츠,0,google,trend_relative
2025-11-23,큐롯팬츠,0,google,trend_relative
2025-11-30,큐롯팬츠,0,google,trend_relative
2025-12-07,큐롯팬츠,0,google,trend_relative
2025-12-14,큐롯팬츠,0,google,trend_relative
2025-12-21,큐롯팬츠,0,google,trend_relative
2025-12-28,큐롯팬츠,0,google,trend_relative
2026-01-04,큐롯팬츠,0,google,trend_relative
2026-01-11,큐롯팬츠,0,google,trend_relative
2026-01-18,큐롯팬츠,0,google,trend_relative
2026-01-25,큐롯팬츠,0,google,trend_relative
2026-02-01,큐롯팬츠,0,google,trend_relative
2026-02-08,큐롯팬츠,0,google,trend_relative
2026-02-15,큐롯팬츠,0,google,trend_relative
2026-02-22,큐롯팬츠,0,google,trend_relative
2026-03-01,큐롯팬츠,0,google,trend_relative
2026-03-08,큐롯팬츠,0,google,trend_relative
2026-03-15,큐롯팬츠,0,google,trend_relative
2026-03-22,큐롯팬츠,0,google,trend_relative
2026-03-29,큐롯팬츠,0,google,trend_relative
2026-04-05,큐롯팬츠,0,google,trend_relative
2026-04-12,큐롯팬츠,0,google,trend_relative
2026-04-19,큐롯팬츠,0,google,trend_relative
2026-04-26,큐롯팬츠,0,google,trend_relative
2026-05-03,큐롯팬츠,0,google,trend_relative
2026-05-10,큐롯팬츠,0,google,trend_relative
2026-05-17,큐롯팬츠,0,google,trend_relative
2026-05-24,큐롯팬츠,0,google,trend_relative
2026-05-31,큐롯팬츠,0,google,trend_relative
2026-06-07,큐롯팬츠,0,google,trend_relative
2026-06-14,큐롯팬츠,0,google,trend_relative
2026-06-21,큐롯팬츠,0,google,trend_relative
2026-06-28,큐롯팬츠,0,google,trend_relative
2026-07-05,큐롯팬츠,0,google,trend_relative
2026-07-12,큐롯팬츠,0,google,trend_relative
2026-07-19,큐롯팬츠,0,google,trend_relative
2026-07-26,큐롯팬츠,0,google,trend_relative
2026-08-02,큐롯팬츠,0,google,trend_relative
2026-08-09,큐롯팬츠,0,google,trend_relative
2026-08-16,큐롯팬츠,0,google,trend_relative
2026-08-23,큐롯팬츠,0,google,trend_relative
2026-08-30,큐롯팬츠,1,google,trend_relative
2026-09-06,큐롯팬츠,0,google,trend_relative
2026-09-13,큐롯팬츠,0,google,trend_relative
2025-09-14,트레이닝팬츠,0,google,trend_relative
2025-09-21,트레이닝팬츠,0,google,trend_relative
2025-09-28,트레이닝팬츠,0,google,trend_relative
2025-10-05,트레이닝팬츠,12,google,trend_relative
2025-10-12,트레이닝팬츠,8,google,trend_relative
2025-10-19,트레이닝팬츠,13,google,trend_relative
2025-10-26,트레이닝팬츠,0,google,trend_relative
2025-11-02,트레이닝팬츠,9,google,trend_relative
2025-11-09,트레이닝팬츠,10,google,trend_relative
2025-11-16,트레이닝팬츠,15,google,trend_relative
2025-11-23,트레이닝팬츠,0,google,trend_relative
2025-11-30,트레이닝팬츠,0,google,trend_relative
2025-12-07,트레이닝팬츠,10,google,trend_relative
2025-12-14,트레이닝팬츠,9,google,trend_relative
2025-12-21,트레이닝팬츠,0,google,trend_relative
2025-12-28,트레이닝팬츠,0,google,trend_relative
2026-01-04,트레이닝팬츠,0,google,trend_relative
2026-01-11,트레이닝팬츠,13,google,trend_relative
2026-01-18,트레이닝팬츠,11,google,trend_relative
2026-01-25,트레이닝팬츠,13,google,trend_relative
2026-02-01,트레이닝팬츠,9,google,trend_relative
2026-02-08,트레이닝팬츠,0,google,trend_relative
2026-02-15,트레이닝팬츠,10,google,trend_relative
2026-02-22,트레이닝팬츠,15,google,trend_relative
2026-03-01,트레이닝팬츠,9,google,trend_relative
2026-03-08,트레이닝팬츠,15,google,trend_relative
2026-03-15,트레이닝팬츠,18,google,trend_relative
2026-03-22,트레이닝팬츠,10,google,trend_relative
2026-03-29,트레이닝팬츠,13,google,trend_relative
2026-04-05,트레이닝팬츠,11,google,trend_relative
2026-04-12,트레이닝팬츠,0,google,trend_relative
2026-04-19,트레이닝팬츠,11,google,trend_relative
2026-04-26,트레이닝팬츠,0,google,trend_relative
2026-05-03,트레이닝팬츠,8,google,trend_relative
2026-05-10,트레이닝팬츠,0,google,trend_relative
2026-05-17,트레이닝팬츠,8,google,trend_relative
2026-05-24,트레이닝팬츠,9,google,trend_relative
2026-05-31,트레이닝팬츠,0,google,trend_relative
2026-06-07,트레이닝팬츠,0,google,trend_relative
2026-06-14,트레이닝팬츠,0,google,trend_relative
2026-06-21,트레이닝팬츠,0,google,trend_relative
2026-06-28,트레이닝팬츠,0,google,trend_relative
2026-07-05,트레이닝팬츠,0,google,trend_relative
2026-07-12,트레이닝팬츠,0,google,trend_relative
2026-07-19,트레이닝팬츠,0,google,trend_relative
2026-07-26,트레이닝팬츠,0,google,trend_relative
2026-08-02,트레이닝팬츠,0,google,trend_relative
2026-08-09,트레이닝팬츠,8,google,trend_relative
2026-08-16,트레이닝팬츠,0,google,trend_relative
2026-08-23,트레이닝팬츠,0,google,trend_relative
2026-08-30,트레이닝팬츠,5,google,trend_relative
2026-09-06,트레이닝팬츠,8,google,trend_relative
2026-09-13,트레이닝팬츠,7,google,trend_relative
2025-09-14,세트업,0,google,trend_relative
2025-09-21,세트업,1,google,trend_relative
2025-09-28,세트업,0,google,trend_relative
2025-10-05,세트업,1,google,trend_relative
2025-10-12,세트업,0,google,trend_relative
2025-10-19,세트업,1,google,trend_relative
2025-10-26,세트업,1,google,trend_relative
2025-11-02,세트업,1,google,trend_relative
2025-11-09,세트업,1,google,trend_relative
2025-11-16,세트업,1,google,trend_relative
2025-11-23,세트업,0,google,trend_relative
2025-11-30,세트업,0,google,trend_relative
2025-12-07,세트업,0,google,trend_relative
2025-12-14,세트업,1,google,trend_relative
2025-12-21,세트업,0,google,trend_relative
2025-12-28,세트업,1,google,trend_relative
2026-01-04,세트업,1,google,trend_relative
2026-01-11,세트업,1,google,trend_relative
2026-01-18,세트업,1,google,trend_relative
2026-01-25,세트업,1,google,trend_relative
2026-02-01,세트업,1,google,trend_relative
2026-02-08,세트업,1,google,trend_relative
2026-02-15,세트업,1,google,trend_relative
2026-02-22,세트업,0,google,trend_relative
2026-03-01,세트업,0,google,trend_relative
2026-03-08,세트업,0,google,trend_relative
2026-03-15,세트업,1,google,trend_relative
2026-03-22,세트업,1,google,trend_relative
2026-03-29,세트업,1,google,trend_relative
2026-04-05,세트업,0,google,trend_relative
2026-04-12,세트업,0,google,trend_relative
2026-04-19,세트업,1,google,trend_relative
2026-04-26,세트업,1,google,trend_relative
2026-05-03,세트업,1,google,trend_relative
2026-05-10,세트업,1,google,trend_relative
2026-05-17,세트업,1,google,trend_relative
2026-05-24,세트업,1,google,trend_relative
2026-05-31,세트업,1,google,trend_relative
2026-06-07,세트업,1,google,trend_relative
2026-06-14,세트업,1,google,trend_relative
2026-06-21,세트업,1,google,trend_relative
2026-06-28,세트업,0,google,trend_relative
2026-07-05,세트업,0,google,trend_relative
2026-07-12,세트업,1,google,trend_relative
2026-07-19,세트업,0,google,trend_relative
2026-07-26,세트업,0,google,trend_relative
2026-08-02,세트업,0,google,trend_relative
2026-08-09,세트업,0,google,trend_relative
2026-08-16,세트업,1,google,trend_relative
2026-08-23,세트업,0,google,trend_relative
2026-08-30,세트업,0,google,trend_relative
2026-09-06,세트업,0,google,trend_relative
2026-09-13,세트업,0,google,trend_relative
2025-09-14,스커트,6,google,trend_relative
2025-09-21,스커트,6,google,trend_relative
2025-09-28,스커트,5,google,trend_relative
2025-10-05,스커트,6,google,trend_relative
2025-10-12,스커트,6,google,trend_relative
2025-10-19,스커트,6,google,trend_relative
2025-10-26,스커트,5,google,trend_relative
2025-11-02,스커트,6,google,trend_relative
2025-11-09,스커트,6,google,trend_relative
2025-11-16,스커트,6,google,trend_relative
2025-11-23,스커트,6,google,trend_relative
2025-11-30,스커트,6,google,trend_relative
2025-12-07,스커트,5,google,trend_relative
2025-12-14,스커트,7,google,trend_relative
2025-12-21,스커트,6,google,trend_relative
2025-12-28,스커트,5,google,trend_relative
2026-01-04,스커트,6,google,trend_relative
2026-01-11,스커트,5,google,trend_relative
2026-01-18,스커트,6,google,trend_relative
2026-01-25,스커트,6,google,trend_relative
2026-02-01,스커트,6,google,trend_relative
2026-02-08,스커트,5,google,trend_relative
2026-02-15,스커트,6,google,trend_relative
2026-02-22,스커트,6,google,trend_relative
2026-03-01,스커트,6,google,trend_relative
2026-03-08,스커트,6,google,trend_relative
2026-03-15,스커트,6,google,trend_relative
2026-03-22,스커트,7,google,trend_relative
2026-03-29,스커트,6,google,trend_relative
2026-04-05,스커트,6,google,trend_relative
2026-04-12,스커트,6,google,trend_relative
2026-04-19,스커트,6,google,trend_relative
2026-04-26,스커트,6,google,trend_relative
2026-05-03,스커트,6,google,trend_relative
2026-05-10,스커트,6,google,trend_relative
2026-05-17,스커트,6,google,trend_relative
2026-05-24,스커트,6,google,trend_relative
2026-05-31,스커트,7,google,trend_relative
2026-06-07,스커트,6,google,trend_relative
2026-06-14,스커트,6,google,trend_relative
2026-06-21,스커트,5,google,trend_relative
2026-06-28,스커트,6,google,trend_relative
2026-07-05,스커트,7,google,trend_relative
2026-07-12,스커트,6,google,trend_relative
2026-07-19,스커트,6,google,trend_relative
2026-07-26,스커트,6,google,trend_relative
2026-08-02,스커트,6,google,trend_relative
2026-08-09,스커트,8,google,trend_relative
2026-08-16,스커트,6,google,trend_relative
2026-08-23,스커트,6,google,trend_relative
2026-08-30,스커트,5,google,trend_relative
2026-09-06,스커트,8,google,trend_relative
2026-09-13,스커트,7,google,trend_relative
2025-09-14,오버올,0,google,trend_relative
2025-09-21,오버올,0,google,trend_relative
2025-09-28,오버올,0,google,trend_relative
2025-10-05,오버올,0,google,trend_relative
2025-10-12,오버올,0,google,trend_relative
2025-10-19,오버올,0,google,trend_relative
2025-10-26,오버올,0,google,trend_relative
2025-11-02,오버올,0,google,trend_relative
2025-11-09,오버올,0,google,trend_relative
2025-11-16,오버올,0,google,trend_relative
2025-11-23,오버올,0,google,trend_relative
2025-11-30,오버올,0,google,trend_relative
2025-12-07,오버올,0,google,trend_relative
2025-12-14,오버올,0,google,trend_relative
2025-12-21,오버올,0,google,trend_relative
2025-12-28,오버올,0,google,trend_relative
2026-01-04,오버올,0,google,trend_relative
2026-01-11,오버올,0,google,trend_relative
2026-01-18,오버올,0,google,trend_relative
2026-01-25,오버올,0,google,trend_relative
2026-02-01,오버올,0,google,trend_relative
2026-02-08,오버올,0,google,trend_relative
2026-02-15,오버올,0,google,trend_relative
2026-02-22,오버올,0,google,trend_relative
2026-03-01,오버올,0,google,trend_relative
2026-03-08,오버올,0,google,trend_relative
2026-03-15,오버올,0,google,trend_relative
2026-03-22,오버올,0,google,trend_relative
2026-03-29,오버올,0,google,trend_relative
2026-04-05,오버올,0,google,trend_relative
2026-04-12,오버올,0,google,trend_relative
2026-04-19,오버올,0,google,trend_relative
2026-04-26,오버올,0,google,trend_relative
2026-05-03,오버올,0,google,trend_relative
2026-05-10,오버올,0,google,trend_relative
2026-05-17,오버올,0,google,trend_relative
2026-05-24,오버올,0,google,trend_relative
2026-05-31,오버올,0,google,trend_relative
2026-06-07,오버올,0,google,trend_relative
2026-06-14,오버올,0,google,trend_relative
2026-06-21,오버올,0,google,trend_relative
2026-06-28,오버올,0,google,trend_relative
2026-07-05,오버올,0,google,trend_relative
2026-07-12,오버올,0,google,trend_relative
2026-07-19,오버올,0,google,trend_relative
2026-07-26,오버올,0,google,trend_relative
2026-08-02,오버올,0,google,trend_relative
2026-08-09,오버올,0,google,trend_relative
2026-08-16,오버올,0,google,trend_relative
2026-08-23,오버올,0,google,trend_relative
2026-08-30,오버올,0,google,trend_relative
2026-09-06,오버올,0,google,trend_relative
2026-09-13,오버올,0,google,trend_relative
2025-09-14,원피스,67,google,trend_relative
2025-09-21,원피스,93,google,trend_relative
2025-09-28,원피스,68,google,trend_relative
2025-10-05,원피스,80,google,trend_relative
2025-10-12,원피스,55,google,trend_relative
2025-10-19,원피스,69,google,trend_relative
2025-10-26,원피스,63,google,trend_relative
2025-11-02,원피스,64,google,trend_relative
2025-11-09,원피스,54,google,trend_relative
2025-11-16,원피스,65,google,trend_relative
2025-11-23,원피스,69,google,trend_relative
2025-11-30,원피스,69,google,trend_relative
2025-12-07,원피스,62,google,trend_relative
2025-12-14,원피스,75,google,trend_relative
2025-12-21,원피스,79,google,trend_relative
2025-12-28,원피스,78,google,trend_relative
2026-01-04,원피스,69,google,trend_relative
2026-01-11,원피스,71,google,trend_relative
2026-01-18,원피스,58,google,trend_relative
2026-01-25,원피스,64,google,trend_relative
2026-02-01,원피스,60,google,trend_relative
2026-02-08,원피스,58,google,trend_relative
2026-02-15,원피스,49,google,trend_relative
2026-02-22,원피스,63,google,trend_relative
2026-03-01,원피스,58,google,trend_relative
2026-03-08,원피스,58,google,trend_relative
2026-03-15,원피스,70,google,trend_relative
2026-03-22,원피스,64,google,trend_relative
2026-03-29,원피스,81,google,trend_relative
2026-04-05,원피스,62,google,trend_relative
2026-04-12,원피스,73,google,trend_relative
2026-04-19,원피스,65,google,trend_relative
2026-04-26,원피스,67,google,trend_relative
2026-05-03,원피스,76,google,trend_relative
2026-05-10,원피스,64,google,trend_relative
2026-05-17,원피스,65,google,trend_relative
2026-05-24,원피스,63,google,trend_relative
2026-05-31,원피스,57,google,trend_relative
2026-06-07,원피스,58,google,trend_relative
2026-06-14,원피스,52,google,trend_relative
2026-06-21,원피스,67,google,trend_relative
2026-06-28,원피스,63,google,trend_relative
2026-07-05,원피스,58,google,trend_relative
2026-07-12,원피스,94,google,trend_relative
2026-07-19,원피스,100,google,trend_relative
2026-07-26,원피스,71,google,trend_relative
2026-08-02,원피스,67,google,trend_relative
2026-08-09,원피스,54,google,trend_relative
2026-08-16,원피스,64,google,trend_relative
2026-08-23,원피스,62,google,trend_relative
2026-08-30,원피스,63,google,trend_relative
2026-09-06,원피스,62,google,trend_relative
2026-09-13,원피스,63,google,trend_relative
2025-09-14,점프수트,0,google,trend_relative
2025-09-21,점프수트,0,google,trend_relative
2025-09-28,점프수트,0,google,trend_relative
2025-10-05,점프수트,1,google,trend_relative
2025-10-12,점프수트,0,google,trend_relative
2025-10-19,점프수트,0,google,trend_relative
2025-10-26,점프수트,0,google,trend_relative
2025-11-02,점프수트,0,google,trend_relative
2025-11-09,점프수트,0,google,trend_relative
2025-11-16,점프수트,0,google,trend_relative
2025-11-23,점프수트,0,google,trend_relative
2025-11-30,점프수트,0,google,trend_relative
2025-12-07,점프수트,0,google,trend_relative
2025-12-14,점프수트,1,google,trend_relative
2025-12-21,점프수트,0,google,trend_relative
2025-12-28,점프수트,0,google,trend_relative
2026-01-04,점프수트,0,google,trend_relative
2026-01-11,점프수트,1,google,trend_relative
2026-01-18,점프수트,0,google,trend_relative
2026-01-25,점프수트,0,google,trend_relative
2026-02-01,점프수트,0,google,trend_relative
2026-02-08,점프수트,0,google,trend_relative
2026-02-15,점프수트,0,google,trend_relative
2026-02-22,점프수트,0,google,trend_relative
2026-03-01,점프수트,0,google,trend_relative
2026-03-08,점프수트,0,google,trend_relative
2026-03-15,점프수트,0,google,trend_relative
2026-03-22,점프수트,0,google,trend_relative
2026-03-29,점프수트,0,google,trend_relative
2026-04-05,점프수트,0,google,trend_relative
2026-04-12,점프수트,0,google,trend_relative
2026-04-19,점프수트,1,google,trend_relative
2026-04-26,점프수트,0,google,trend_relative
2026-05-03,점프수트,1,google,trend_relative
2026-05-10,점프수트,0,google,trend_relative
2026-05-17,점프수트,0,google,trend_relative
2026-05-24,점프수트,0,google,trend_relative
2026-05-31,점프수트,0,google,trend_relative
2026-06-07,점프수트,0,google,trend_relative
2026-06-14,점프수트,0,google,trend_relative
2026-06-21,점프수트,0,google,trend_relative
2026-06-28,점프수트,0,google,trend_relative
2026-07-05,점프수트,0,google,trend_relative
2026-07-12,점프수트,0,google,trend_relative
2026-07-19,점프수트,1,google,trend_relative
2026-07-26,점프수트,0,google,trend_relative
2026-08-02,점프수트,0,google,trend_relative
2026-08-09,점프수트,0,google,trend_relative
2026-08-16,점프수트,0,google,trend_relative
2026-08-23,점프수트,1,google,trend_relative
2026-08-30,점프수트,0,google,trend_relative
2026-09-06,점프수트,0,google,trend_relative
2026-09-13,점프수트,0,google,trend_relative
2025-09-14,드레스,24,google,trend_relative
2025-09-21,드레스,23,google,trend_relative
2025-09-28,드레스,21,google,trend_relative
2025-10-05,드레스,25,google,trend_relative
2025-10-12,드레스,22,google,trend_relative
2025-10-19,드레스,24,google,trend_relative
2025-10-26,드레스,23,google,trend_relative
2025-11-02,드레스,23,google,trend_relative
2025-11-09,드레스,21,google,trend_relative
2025-11-16,드레스,22,google,trend_relative
2025-11-23,드레스,25,google,trend_relative
2025-11-30,드레스,23,google,trend_relative
2025-12-07,드레스,24,google,trend_relative
2025-12-14,드레스,26,google,trend_relative
2025-12-21,드레스,28,google,trend_relative
2025-12-28,드레스,25,google,trend_relative
2026-01-04,드레스,23,google,trend_relative
2026-01-11,드레스,24,google,trend_relative
2026-01-18,드레스,23,google,trend_relative
2026-01-25,드레스,24,google,trend_relative
2026-02-01,드레스,24,google,trend_relative
2026-02-08,드레스,20,google,trend_relative
2026-02-15,드레스,21,google,trend_relative
2026-02-22,드레스,23,google,trend_relative
2026-03-01,드레스,24,google,trend_relative
2026-03-08,드레스,23,google,trend_relative
2026-03-15,드레스,25,google,trend_relative
2026-03-22,드레스,23,google,trend_relative
2026-03-29,드레스,22,google,trend_relative
2026-04-05,드레스,21,google,trend_relative
2026-04-12,드레스,22,google,trend_relative
2026-04-19,드레스,24,google,trend_relative
2026-04-26,드레스,25,google,trend_relative
2026-05-03,드레스,30,google,trend_relative
2026-05-10,드레스,26,google,trend_relative
2026-05-17,드레스,24,google,trend_relative
2026-05-24,드레스,22,google,trend_relative
2026-05-31,드레스,21,google,trend_relative
2026-06-07,드레스,34,google,trend_relative
2026-06-14,드레스,21,google,trend_relative
2026-06-21,드레스,22,google,trend_relative
2026-06-28,드레스,33,google,trend_relative
2026-07-05,드레스,22,google,trend_relative
2026-07-12,드레스,20,google,trend_relative
2026-07-19,드레스,21,google,trend_relative
2026-07-26,드레스,20,google,trend_relative
2026-08-02,드레스,23,google,trend_relative
2026-08-09,드레스,33,google,trend_relative
2026-08-16,드레스,31,google,trend_relative
2026-08-23,드레스,20,google,trend_relative
2026-08-30,드레스,19,google,trend_relative
2026-09-06,드레스,29,google,trend_relative
2026-09-13,드레스,23,google,trend_relative
2025-09-14,신발,73,google,trend_relative
2025-09-21,신발,73,google,trend_relative
2025-09-28,신발,73,google,trend_relative
2025-10-05,신발,81,google,trend_relative
2025-10-12,신발,81,google,trend_relative
2025-10-19,신발,76,google,trend_relative
2025-10-26,신발,73,google,trend_relative
2025-11-02,신발,75,google,trend_relative
2025-11-09,신발,83,google,trend_relative
2025-11-16,신발,81,google,trend_relative
2025-11-23,신발,76,google,trend_relative
2025-11-30,신발,74,google,trend_relative
2025-12-07,신발,72,google,trend_relative
2025-12-14,신발,68,google,trend_relative
2025-12-21,신발,74,google,trend_relative
2025-12-28,신발,69,google,trend_relative
2026-01-04,신발,69,google,trend_relative
2026-01-11,신발,68,google,trend_relative
2026-01-18,신발,71,google,trend_relative
2026-01-25,신발,67,google,trend_relative
2026-02-01,신발,63,google,trend_relative
2026-02-08,신발,56,google,trend_relative
2026-02-15,신발,66,google,trend_relative
2026-02-22,신발,72,google,trend_relative
2026-03-01,신발,74,google,trend_relative
2026-03-08,신발,70,google,trend_relative
2026-03-15,신발,70,google,trend_relative
2026-03-22,신발,77,google,trend_relative
2026-03-29,신발,75,google,trend_relative
2026-04-05,신발,72,google,trend_relative
2026-04-12,신발,92,google,trend_relative
2026-04-19,신발,100,google,trend_relative
2026-04-26,신발,96,google,trend_relative
2026-05-03,신발,82,google,trend_relative
2026-05-10,신발,95,google,trend_relative
2026-05-17,신발,79,google,trend_relative
2026-05-24,신발,79,google,trend_relative
2026-05-31,신발,78,google,trend_relative
2026-06-07,신발,100,google,trend_relative
2026-06-14,신발,88,google,trend_relative
2026-06-21,신발,72,google,trend_relative
2026-06-28,신발,74,google,trend_relative
2026-07-05,신발,69,google,trend_relative
2026-07-12,신발,61,google,trend_relative
2026-07-19,신발,59,google,trend_relative
2026-07-26,신발,70,google,trend_relative
2026-08-02,신발,57,google,trend_relative
2026-08-09,신발,65,google,trend_relative
2026-08-16,신발,67,google,trend_relative
2026-08-23,신발,63,google,trend_relative
2026-08-30,신발,98,google,trend_relative
2026-09-06,신발,73,google,trend_relative
2026-09-13,신발,73,google,trend_relative
2025-09-14,레인부츠,1,google,trend_relative
2025-09-21,레인부츠,1,google,trend_relative
2025-09-28,레인부츠,1,google,trend_relative
2025-10-05,레인부츠,0,google,trend_relative
2025-10-12,레인부츠,1,google,trend_relative
2025-10-19,레인부츠,0,google,trend_relative
2025-10-26,레인부츠,0,google,trend_relative
2025-11-02,레인부츠,0,google,trend_relative
2025-11-09,레인부츠,0,google,trend_relative
2025-11-16,레인부츠,0,google,trend_relative
2025-11-23,레인부츠,0,google,trend_relative
2025-11-30,레인부츠,1,google,trend_relative
2025-12-07,레인부츠,0,google,trend_relative
2025-12-14,레인부츠,0,google,trend_relative
2025-12-21,레인부츠,1,google,trend_relative
2025-12-28,레인부츠,0,google,trend_relative
2026-01-04,레인부츠,1,google,trend_relative
2026-01-11,레인부츠,0,google,trend_relative
2026-01-18,레인부츠,0,google,trend_relative
2026-01-25,레인부츠,1,google,trend_relative
2026-02-01,레인부츠,1,google,trend_relative
2026-02-08,레인부츠,0,google,trend_relative
2026-02-15,레인부츠,0,google,trend_relative
2026-02-22,레인부츠,0,google,trend_relative
2026-03-01,레인부츠,1,google,trend_relative
2026-03-08,레인부츠,0,google,trend_relative
2026-03-15,레인부츠,0,google,trend_relative
2026-03-22,레인부츠,0,google,trend_relative
2026-03-29,레인부츠,1,google,trend_relative
2026-04-05,레인부츠,1,google,trend_relative
2026-04-12,레인부츠,0,google,trend_relative
2026-04-19,레인부츠,0,google,trend_relative
2026-04-26,레인부츠,1,google,trend_relative
2026-05-03,레인부츠,1,google,trend_relative
2026-05-10,레인부츠,1,google,trend_relative
2026-05-17,레인부츠,2,google,trend_relative
2026-05-24,레인부츠,6,google,trend_relative
2026-05-31,레인부츠,1,google,trend_relative
2026-06-07,레인부츠,1,google,trend_relative
2026-06-14,레인부츠,2,google,trend_relative
2026-06-21,레인부츠,1,google,trend_relative
2026-06-28,레인부츠,2,google,trend_relative
2026-07-05,레인부츠,6,google,trend_relative
2026-07-12,레인부츠,4,google,trend_relative
2026-07-19,레인부츠,2,google,trend_relative
2026-07-26,레인부츠,0,google,trend_relative
2026-08-02,레인부츠,0,google,trend_relative
2026-08-09,레인부츠,0,google,trend_relative
2026-08-16,레인부츠,0,google,trend_relative
2026-08-23,레인부츠,1,google,trend_relative
2026-08-30,레인부츠,0,google,trend_relative
2026-09-06,레인부츠,0,google,trend_relative
2026-09-13,레인부츠,0,google,trend_relative
2025-09-14,워커,24,google,trend_relative
2025-09-21,워커,24,google,trend_relative
2025-09-28,워커,29,google,trend_relative
2025-10-05,워커,30,google,trend_relative
2025-10-12,워커,26,google,trend_relative
2025-10-19,워커,24,google,trend_relative
2025-10-26,워커,23,google,trend_relative
2025-11-02,워커,25,google,trend_relative
2025-11-09,워커,23,google,trend_relative
2025-11-16,워커,22,google,trend_relative
2025-11-23,워커,24,google,trend_relative
2025-11-30,워커,24,google,trend_relative
2025-12-07,워커,26,google,trend_relative
2025-12-14,워커,25,google,trend_relative
2025-12-21,워커,25,google,trend_relative
2025-12-28,워커,27,google,trend_relative
2026-01-04,워커,26,google,trend_relative
2026-01-11,워커,24,google,trend_relative
2026-01-18,워커,25,google,trend_relative
2026-01-25,워커,26,google,trend_relative
2026-02-01,워커,23,google,trend_relative
2026-02-08,워커,25,google,trend_relative
2026-02-15,워커,23,google,trend_relative
2026-02-22,워커,24,google,trend_relative
2026-03-01,워커,22,google,trend_relative
2026-03-08,워커,23,google,trend_relative
2026-03-15,워커,25,google,trend_relative
2026-03-22,워커,23,google,trend_relative
2026-03-29,워커,21,google,trend_relative
2026-04-05,워커,22,google,trend_relative
2026-04-12,워커,20,google,trend_relative
2026-04-19,워커,22,google,trend_relative
2026-04-26,워커,22,google,trend_relative
2026-05-03,워커,23,google,trend_relative
2026-05-10,워커,22,google,trend_relative
2026-05-17,워커,21,google,trend_relative
2026-05-24,워커,25,google,trend_relative
2026-05-31,워커,27,google,trend_relative
2026-06-07,워커,23,google,trend_relative
2026-06-14,워커,23,google,trend_relative
2026-06-21,워커,22,google,trend_relative
2026-06-28,워커,24,google,trend_relative
2026-07-05,워커,21,google,trend_relative
2026-07-12,워커,21,google,trend_relative
2026-07-19,워커,21,google,trend_relative
2026-07-26,워커,21,google,trend_relative
2026-08-02,워커,20,google,trend_relative
2026-08-09,워커,20,google,trend_relative
2026-08-16,워커,22,google,trend_relative
2026-08-23,워커,25,google,trend_relative
2026-08-30,워커,39,google,trend_relative
2026-09-06,워커,41,google,trend_relative
2026-09-13,워커,39,google,trend_relative
2025-09-14,워크부츠,0,google,trend_relative
2025-09-21,워크부츠,0,google,trend_relative
2025-09-28,워크부츠,0,google,trend_relative
2025-10-05,워크부츠,0,google,trend_relative
2025-10-12,워크부츠,0,google,trend_relative
2025-10-19,워크부츠,0,google,trend_relative
2025-10-26,워크부츠,0,google,trend_relative
2025-11-02,워크부츠,0,google,trend_relative
2025-11-09,워크부츠,0,google,trend_relative
2025-11-16,워크부츠,0,google,trend_relative
2025-11-23,워크부츠,0,google,trend_relative
2025-11-30,워크부츠,0,google,trend_relative
2025-12-07,워크부츠,0,google,trend_relative
2025-12-14,워크부츠,0,google,trend_relative
2025-12-21,워크부츠,0,google,trend_relative
2025-12-28,워크부츠,0,google,trend_relative
2026-01-04,워크부츠,0,google,trend_relative
2026-01-11,워크부츠,0,google,trend_relative
2026-01-18,워크부츠,0,google,trend_relative
2026-01-25,워크부츠,0,google,trend_relative
2026-02-01,워크부츠,0,google,trend_relative
2026-02-08,워크부츠,0,google,trend_relative
2026-02-15,워크부츠,0,google,trend_relative
2026-02-22,워크부츠,0,google,trend_relative
2026-03-01,워크부츠,0,google,trend_relative
2026-03-08,워크부츠,0,google,trend_relative
2026-03-15,워크부츠,0,google,trend_relative
2026-03-22,워크부츠,0,google,trend_relative
2026-03-29,워크부츠,0,google,trend_relative
2026-04-05,워크부츠,0,google,trend_relative
2026-04-12,워크부츠,0,google,trend_relative
2026-04-19,워크부츠,0,google,trend_relative
2026-04-26,워크부츠,0,google,trend_relative
2026-05-03,워크부츠,0,google,trend_relative
2026-05-10,워크부츠,0,google,trend_relative
2026-05-17,워크부츠,0,google,trend_relative
2026-05-24,워크부츠,0,google,trend_relative
2026-05-31,워크부츠,0,google,trend_relative
2026-06-07,워크부츠,0,google,trend_relative
2026-06-14,워크부츠,0,google,trend_relative
2026-06-21,워크부츠,0,google,trend_relative
2026-06-28,워크부츠,0,google,trend_relative
2026-07-05,워크부츠,0,google,trend_relative
2026-07-12,워크부츠,0,google,trend_relative
2026-07-19,워크부츠,1,google,trend_relative
2026-07-26,워크부츠,0,google,trend_relative
2026-08-02,워크부츠,0,google,trend_relative
2026-08-09,워크부츠,0,google,trend_relative
2026-08-16,워크부츠,0,google,trend_relative
2026-08-23,워크부츠,0,google,trend_relative
2026-08-30,워크부츠,0,google,trend_relative
2026-09-06,워크부츠,0,google,trend_relative
2026-09-13,워크부츠,0,google,trend_relative
2025-09-14,첼시부츠,4,google,trend_relative
2025-09-21,첼시부츠,3,google,trend_relative
2025-09-28,첼시부츠,4,google,trend_relative
2025-10-05,첼시부츠,6,google,trend_relative
2025-10-12,첼시부츠,4,google,trend_relative
2025-10-19,첼시부츠,5,google,trend_relative
2025-10-26,첼시부츠,6,google,trend_relative
2025-11-02,첼시부츠,5,google,trend_relative
2025-11-09,첼시부츠,7,google,trend_relative
2025-11-16,첼시부츠,5,google,trend_relative
2025-11-23,첼시부츠,6,google,trend_relative
2025-11-30,첼시부츠,6,google,trend_relative
2025-12-07,첼시부츠,8,google,trend_relative
2025-12-14,첼시부츠,7,google,trend_relative
2025-12-21,첼시부츠,7,google,trend_relative
2025-12-28,첼시부츠,7,google,trend_relative
2026-01-04,첼시부츠,6,google,trend_relative
2026-01-11,첼시부츠,2,google,trend_relative
2026-01-18,첼시부츠,5,google,trend_relative
2026-01-25,첼시부츠,3,google,trend_relative
2026-02-01,첼시부츠,4,google,trend_relative
2026-02-08,첼시부츠,2,google,trend_relative
2026-02-15,첼시부츠,4,google,trend_relative
2026-02-22,첼시부츠,6,google,trend_relative
2026-03-01,첼시부츠,3,google,trend_relative
2026-03-08,첼시부츠,6,google,trend_relative
2026-03-15,첼시부츠,3,google,trend_relative
2026-03-22,첼시부츠,3,google,trend_relative
2026-03-29,첼시부츠,3,google,trend_relative
2026-04-05,첼시부츠,2,google,trend_relative
2026-04-12,첼시부츠,0,google,trend_relative
2026-04-19,첼시부츠,2,google,trend_relative
2026-04-26,첼시부츠,0,google,trend_relative
2026-05-03,첼시부츠,0,google,trend_relative
2026-05-10,첼시부츠,2,google,trend_relative
2026-05-17,첼시부츠,0,google,trend_relative
2026-05-24,첼시부츠,0,google,trend_relative
2026-05-31,첼시부츠,3,google,trend_relative
2026-06-07,첼시부츠,3,google,trend_relative
2026-06-14,첼시부츠,3,google,trend_relative
2026-06-21,첼시부츠,0,google,trend_relative
2026-06-28,첼시부츠,2,google,trend_relative
2026-07-05,첼시부츠,5,google,trend_relative
2026-07-12,첼시부츠,3,google,trend_relative
2026-07-19,첼시부츠,3,google,trend_relative
2026-07-26,첼시부츠,0,google,trend_relative
2026-08-02,첼시부츠,0,google,trend_relative
2026-08-09,첼시부츠,3,google,trend_relative
2026-08-16,첼시부츠,2,google,trend_relative
2026-08-23,첼시부츠,2,google,trend_relative
2026-08-30,첼시부츠,2,google,trend_relative
2026-09-06,첼시부츠,3,google,trend_relative
2026-09-13,첼시부츠,5,google,trend_relative
2025-09-14,스케이트화,0,google,trend_relative
2025-09-21,스케이트화,0,google,trend_relative
2025-09-28,스케이트화,0,google,trend_relative
2025-10-05,스케이트화,0,google,trend_relative
2025-10-12,스케이트화,0,google,trend_relative
2025-10-19,스케이트화,0,google,trend_relative
2025-10-26,스케이트화,0,google,trend_relative
2025-11-02,스케이트화,0,google,trend_relative
2025-11-09,스케이트화,0,google,trend_relative
2025-11-16,스케이트화,0,google,trend_relative
2025-11-23,스케이트화,0,google,trend_relative
2025-11-30,스케이트화,0,google,trend_relative
2025-12-07,스케이트화,0,google,trend_relative
2025-12-14,스케이트화,0,google,trend_relative
2025-12-21,스케이트화,0,google,trend_relative
2025-12-28,스케이트화,0,google,trend_relative
2026-01-04,스케이트화,0,google,trend_relative
2026-01-11,스케이트화,0,google,trend_relative
2026-01-18,스케이트화,0,google,trend_relative
2026-01-25,스케이트화,0,google,trend_relative
2026-02-01,스케이트화,0,google,trend_relative
2026-02-08,스케이트화,0,google,trend_relative
2026-02-15,스케이트화,0,google,trend_relative
2026-02-22,스케이트화,0,google,trend_relative
2026-03-01,스케이트화,0,google,trend_relative
2026-03-08,스케이트화,0,google,trend_relative
2026-03-15,스케이트화,0,google,trend_relative
2026-03-22,스케이트화,0,google,trend_relative
2026-03-29,스케이트화,0,google,trend_relative
2026-04-05,스케이트화,0,google,trend_relative
2026-04-12,스케이트화,0,google,trend_relative
2026-04-19,스케이트화,0,google,trend_relative
2026-04-26,스케이트화,0,google,trend_relative
2026-05-03,스케이트화,0,google,trend_relative
2026-05-10,스케이트화,0,google,trend_relative
2026-05-17,스케이트화,0,google,trend_relative
2026-05-24,스케이트화,0,google,trend_relative
2026-05-31,스케이트화,0,google,trend_relative
2026-06-07,스케이트화,0,google,trend_relative
2026-06-14,스케이트화,0,google,trend_relative
2026-06-21,스케이트화,0,google,trend_relative
2026-06-28,스케이트화,0,google,trend_relative
2026-07-05,스케이트화,0,google,trend_relative
2026-07-12,스케이트화,0,google,trend_relative
2026-07-19,스케이트화,0,google,trend_relative
2026-07-26,스케이트화,0,google,trend_relative
2026-08-02,스케이트화,0,google,trend_relative
2026-08-09,스케이트화,0,google,trend_relative
2026-08-16,스케이트화,0,google,trend_relative
2026-08-23,스케이트화,0,google,trend_relative
2026-08-30,스케이트화,0,google,trend_relative
2026-09-06,스케이트화,1,google,trend_relative
2026-09-13,스케이트화,0,google,trend_relative
2025-09-14,슬립온,7,google,trend_relative
2025-09-21,슬립온,6,google,trend_relative
2025-09-28,슬립온,5,google,trend_relative
2025-10-05,슬립온,6,google,trend_relative
2025-10-12,슬립온,6,google,trend_relative
2025-10-19,슬립온,6,google,trend_relative
2025-10-26,슬립온,7,google,trend_relative
2025-11-02,슬립온,7,google,trend_relative
2025-11-09,슬립온,6,google,trend_relative
2025-11-16,슬립온,8,google,trend_relative
2025-11-23,슬립온,9,google,trend_relative
2025-11-30,슬립온,8,google,trend_relative
2025-12-07,슬립온,6,google,trend_relative
2025-12-14,슬립온,7,google,trend_relative
2025-12-21,슬립온,6,google,trend_relative
2025-12-28,슬립온,6,google,trend_relative
2026-01-04,슬립온,7,google,trend_relative
2026-01-11,슬립온,5,google,trend_relative
2026-01-18,슬립온,5,google,trend_relative
2026-01-25,슬립온,8,google,trend_relative
2026-02-01,슬립온,5,google,trend_relative
2026-02-08,슬립온,4,google,trend_relative
2026-02-15,슬립온,4,google,trend_relative
2026-02-22,슬립온,3,google,trend_relative
2026-03-01,슬립온,6,google,trend_relative
2026-03-08,슬립온,5,google,trend_relative
2026-03-15,슬립온,6,google,trend_relative
2026-03-22,슬립온,4,google,trend_relative
2026-03-29,슬립온,6,google,trend_relative
2026-04-05,슬립온,7,google,trend_relative
2026-04-12,슬립온,7,google,trend_relative
2026-04-19,슬립온,6,google,trend_relative
2026-04-26,슬립온,6,google,trend_relative
2026-05-03,슬립온,6,google,trend_relative
2026-05-10,슬립온,5,google,trend_relative
2026-05-17,슬립온,6,google,trend_relative
2026-05-24,슬립온,17,google,trend_relative
2026-05-31,슬립온,4,google,trend_relative
2026-06-07,슬립온,5,google,trend_relative
2026-06-14,슬립온,6,google,trend_relative
2026-06-21,슬립온,6,google,trend_relative
2026-06-28,슬립온,4,google,trend_relative
2026-07-05,슬립온,7,google,trend_relative
2026-07-12,슬립온,5,google,trend_relative
2026-07-19,슬립온,3,google,trend_relative
2026-07-26,슬립온,6,google,trend_relative
2026-08-02,슬립온,5,google,trend_relative
2026-08-09,슬립온,4,google,trend_relative
2026-08-16,슬립온,5,google,trend_relative
2026-08-23,슬립온,6,google,trend_relative
2026-08-30,슬립온,6,google,trend_relative
2026-09-06,슬립온,4,google,trend_relative
2026-09-13,슬립온,4,google,trend_relative
2025-09-14,슬라이드,85,google,trend_relative
2025-09-21,슬라이드,87,google,trend_relative
2025-09-28,슬라이드,70,google,trend_relative
2025-10-05,슬라이드,50,google,trend_relative
2025-10-12,슬라이드,89,google,trend_relative
2025-10-19,슬라이드,89,google,trend_relative
2025-10-26,슬라이드,91,google,trend_relative
2025-11-02,슬라이드,93,google,trend_relative
2025-11-09,슬라이드,96,google,trend_relative
2025-11-16,슬라이드,91,google,trend_relative
2025-11-23,슬라이드,83,google,trend_relative
2025-11-30,슬라이드,86,google,trend_relative
2025-12-07,슬라이드,86,google,trend_relative
2025-12-14,슬라이드,78,google,trend_relative
2025-12-21,슬라이드,64,google,trend_relative
2025-12-28,슬라이드,61,google,trend_relative
2026-01-04,슬라이드,68,google,trend_relative
2026-01-11,슬라이드,72,google,trend_relative
2026-01-18,슬라이드,71,google,trend_relative
2026-01-25,슬라이드,72,google,trend_relative
2026-02-01,슬라이드,71,google,trend_relative
2026-02-08,슬라이드,66,google,trend_relative
2026-02-15,슬라이드,50,google,trend_relative
2026-02-22,슬라이드,78,google,trend_relative
2026-03-01,슬라이드,76,google,trend_relative
2026-03-08,슬라이드,90,google,trend_relative
2026-03-15,슬라이드,94,google,trend_relative
2026-03-22,슬라이드,94,google,trend_relative
2026-03-29,슬라이드,84,google,trend_relative
2026-04-05,슬라이드,78,google,trend_relative
2026-04-12,슬라이드,78,google,trend_relative
2026-04-19,슬라이드,83,google,trend_relative
2026-04-26,슬라이드,75,google,trend_relative
2026-05-03,슬라이드,82,google,trend_relative
2026-05-10,슬라이드,87,google,trend_relative
2026-05-17,슬라이드,89,google,trend_relative
2026-05-24,슬라이드,80,google,trend_relative
2026-05-31,슬라이드,92,google,trend_relative
2026-06-07,슬라이드,100,google,trend_relative
2026-06-14,슬라이드,83,google,trend_relative
2026-06-21,슬라이드,72,google,trend_relative
2026-06-28,슬라이드,71,google,trend_relative
2026-07-05,슬라이드,75,google,trend_relative
2026-07-12,슬라이드,74,google,trend_relative
2026-07-19,슬라이드,66,google,trend_relative
2026-07-26,슬라이드,59,google,trend_relative
2026-08-02,슬라이드,52,google,trend_relative
2026-08-09,슬라이드,54,google,trend_relative
2026-08-16,슬라이드,61,google,trend_relative
2026-08-23,슬라이드,63,google,trend_relative
2026-08-30,슬라이드,60,google,trend_relative
2026-09-06,슬라이드,64,google,trend_relative
2026-09-13,슬라이드,60,google,trend_relative
2025-09-14,플립플랍,0,google,trend_relative
2025-09-21,플립플랍,0,google,trend_relative
2025-09-28,플립플랍,0,google,trend_relative
2025-10-05,플립플랍,0,google,trend_relative
2025-10-12,플립플랍,0,google,trend_relative
2025-10-19,플립플랍,0,google,trend_relative
2025-10-26,플립플랍,0,google,trend_relative
2025-11-02,플립플랍,0,google,trend_relative
2025-11-09,플립플랍,0,google,trend_relative
2025-11-16,플립플랍,0,google,trend_relative
2025-11-23,플립플랍,0,google,trend_relative
2025-11-30,플립플랍,0,google,trend_relative
2025-12-07,플립플랍,0,google,trend_relative
2025-12-14,플립플랍,0,google,trend_relative
2025-12-21,플립플랍,0,google,trend_relative
2025-12-28,플립플랍,0,google,trend_relative
2026-01-04,플립플랍,0,google,trend_relative
2026-01-11,플립플랍,0,google,trend_relative
2026-01-18,플립플랍,0,google,trend_relative
2026-01-25,플립플랍,0,google,trend_relative
2026-02-01,플립플랍,0,google,trend_relative
2026-02-08,플립플랍,0,google,trend_relative
2026-02-15,플립플랍,0,google,trend_relative
2026-02-22,플립플랍,0,google,trend_relative
2026-03-01,플립플랍,0,google,trend_relative
2026-03-08,플립플랍,0,google,trend_relative
2026-03-15,플립플랍,0,google,trend_relative
2026-03-22,플립플랍,0,google,trend_relative
2026-03-29,플립플랍,0,google,trend_relative
2026-04-05,플립플랍,0,google,trend_relative
2026-04-12,플립플랍,0,google,trend_relative
2026-04-19,플립플랍,0,google,trend_relative
2026-04-26,플립플랍,0,google,trend_relative
2026-05-03,플립플랍,0,google,trend_relative
2026-05-10,플립플랍,0,google,trend_relative
2026-05-17,플립플랍,0,google,trend_relative
2026-05-24,플립플랍,0,google,trend_relative
2026-05-31,플립플랍,0,google,trend_relative
2026-06-07,플립플랍,2,google,trend_relative
2026-06-14,플립플랍,0,google,trend_relative
2026-06-21,플립플랍,0,google,trend_relative
2026-06-28,플립플랍,2,google,trend_relative
2026-07-05,플립플랍,2,google,trend_relative
2026-07-12,플립플랍,2,google,trend_relative
2026-07-19,플립플랍,0,google,trend_relative
2026-07-26,플립플랍,0,google,trend_relative
2026-08-02,플립플랍,2,google,trend_relative
2026-08-09,플립플랍,2,google,trend_relative
2026-08-16,플립플랍,0,google,trend_relative
2026-08-23,플립플랍,0,google,trend_relative
2026-08-30,플립플랍,1,google,trend_relative
2026-09-06,플립플랍,1,google,trend_relative
2026-09-13,플립플랍,0,google,trend_relative
2025-09-14,더비슈즈,11,google,trend_relative
2025-09-21,더비슈즈,11,google,trend_relative
2025-09-28,더비슈즈,10,google,trend_relative
2025-10-05,더비슈즈,11,google,trend_relative
2025-10-12,더비슈즈,13,google,trend_relative
2025-10-19,더비슈즈,13,google,trend_relative
2025-10-26,더비슈즈,10,google,trend_relative
2025-11-02,더비슈즈,11,google,trend_relative
2025-11-09,더비슈즈,15,google,trend_relative
2025-11-16,더비슈즈,14,google,trend_relative
2025-11-23,더비슈즈,12,google,trend_relative
2025-11-30,더비슈즈,11,google,trend_relative
2025-12-07,더비슈즈,9,google,trend_relative
2025-12-14,더비슈즈,12,google,trend_relative
2025-12-21,더비슈즈,11,google,trend_relative
2025-12-28,더비슈즈,10,google,trend_relative
2026-01-04,더비슈즈,9,google,trend_relative
2026-01-11,더비슈즈,9,google,trend_relative
2026-01-18,더비슈즈,7,google,trend_relative
2026-01-25,더비슈즈,13,google,trend_relative
2026-02-01,더비슈즈,10,google,trend_relative
2026-02-08,더비슈즈,13,google,trend_relative
2026-02-15,더비슈즈,10,google,trend_relative
2026-02-22,더비슈즈,14,google,trend_relative
2026-03-01,더비슈즈,11,google,trend_relative
2026-03-08,더비슈즈,11,google,trend_relative
2026-03-15,더비슈즈,11,google,trend_relative
2026-03-22,더비슈즈,8,google,trend_relative
2026-03-29,더비슈즈,12,google,trend_relative
2026-04-05,더비슈즈,8,google,trend_relative
2026-04-12,더비슈즈,6,google,trend_relative
2026-04-19,더비슈즈,8,google,trend_relative
2026-04-26,더비슈즈,7,google,trend_relative
2026-05-03,더비슈즈,10,google,trend_relative
2026-05-10,더비슈즈,8,google,trend_relative
2026-05-17,더비슈즈,7,google,trend_relative
2026-05-24,더비슈즈,4,google,trend_relative
2026-05-31,더비슈즈,6,google,trend_relative
2026-06-07,더비슈즈,7,google,trend_relative
2026-06-14,더비슈즈,6,google,trend_relative
2026-06-21,더비슈즈,8,google,trend_relative
2026-06-28,더비슈즈,5,google,trend_relative
2026-07-05,더비슈즈,7,google,trend_relative
2026-07-12,더비슈즈,6,google,trend_relative
2026-07-19,더비슈즈,0,google,trend_relative
2026-07-26,더비슈즈,5,google,trend_relative
2026-08-02,더비슈즈,5,google,trend_relative
2026-08-09,더비슈즈,3,google,trend_relative
2026-08-16,더비슈즈,9,google,trend_relative
2026-08-23,더비슈즈,5,google,trend_relative
2026-08-30,더비슈즈,6,google,trend_relative
2026-09-06,더비슈즈,9,google,trend_relative
2026-09-13,더비슈즈,12,google,trend_relative
2025-09-14,등산화,20,google,trend_relative
2025-09-21,등산화,26,google,trend_relative
2025-09-28,등산화,21,google,trend_relative
2025-10-05,등산화,25,google,trend_relative
2025-10-12,등산화,26,google,trend_relative
2025-10-19,등산화,26,google,trend_relative
2025-10-26,등산화,23,google,trend_relative
2025-11-02,등산화,26,google,trend_relative
2025-11-09,등산화,22,google,trend_relative
2025-11-16,등산화,23,google,trend_relative
2025-11-23,등산화,25,google,trend_relative
2025-11-30,등산화,26,google,trend_relative
2025-12-07,등산화,22,google,trend_relative
2025-12-14,등산화,21,google,trend_relative
2025-12-21,등산화,25,google,trend_relative
2025-12-28,등산화,24,google,trend_relative
2026-01-04,등산화,26,google,trend_relative
2026-01-11,등산화,21,google,trend_relative
2026-01-18,등산화,27,google,trend_relative
2026-01-25,등산화,21,google,trend_relative
2026-02-01,등산화,24,google,trend_relative
2026-02-08,등산화,16,google,trend_relative
2026-02-15,등산화,17,google,trend_relative
2026-02-22,등산화,22,google,trend_relative
2026-03-01,등산화,23,google,trend_relative
2026-03-08,등산화,22,google,trend_relative
2026-03-15,등산화,20,google,trend_relative
2026-03-22,등산화,25,google,trend_relative
2026-03-29,등산화,19,google,trend_relative
2026-04-05,등산화,19,google,trend_relative
2026-04-12,등산화,18,google,trend_relative
2026-04-19,등산화,22,google,trend_relative
2026-04-26,등산화,22,google,trend_relative
2026-05-03,등산화,25,google,trend_relative
2026-05-10,등산화,21,google,trend_relative
2026-05-17,등산화,19,google,trend_relative
2026-05-24,등산화,19,google,trend_relative
2026-05-31,등산화,19,google,trend_relative
2026-06-07,등산화,16,google,trend_relative
2026-06-14,등산화,18,google,trend_relative
2026-06-21,등산화,18,google,trend_relative
2026-06-28,등산화,18,google,trend_relative
2026-07-05,등산화,17,google,trend_relative
2026-07-12,등산화,13,google,trend_relative
2026-07-19,등산화,15,google,trend_relative
2026-07-26,등산화,13,google,trend_relative
2026-08-02,등산화,12,google,trend_relative
2026-08-09,등산화,11,google,trend_relative
2026-08-16,등산화,17,google,trend_relative
2026-08-23,등산화,15,google,trend_relative
2026-08-30,등산화,13,google,trend_relative
2026-09-06,등산화,17,google,trend_relative
2026-09-13,등산화,26,google,trend_relative
2025-09-14,러닝화,83,google,trend_relative
2025-09-21,러닝화,86,google,trend_relative
2025-09-28,러닝화,96,google,trend_relative
2025-10-05,러닝화,100,google,trend_relative
2025-10-12,러닝화,86,google,trend_relative
2025-10-19,러닝화,81,google,trend_relative
2025-10-26,러닝화,72,google,trend_relative
2025-11-02,러닝화,78,google,trend_relative
2025-11-09,러닝화,84,google,trend_relative
2025-11-16,러닝화,56,google,trend_relative
2025-11-23,러닝화,56,google,trend_relative
2025-11-30,러닝화,59,google,trend_relative
2025-12-07,러닝화,49,google,trend_relative
2025-12-14,러닝화,38,google,trend_relative
2025-12-21,러닝화,37,google,trend_relative
2025-12-28,러닝화,53,google,trend_relative
2026-01-04,러닝화,46,google,trend_relative
2026-01-11,러닝화,43,google,trend_relative
2026-01-18,러닝화,45,google,trend_relative
2026-01-25,러닝화,44,google,trend_relative
2026-02-01,러닝화,47,google,trend_relative
2026-02-08,러닝화,46,google,trend_relative
2026-02-15,러닝화,53,google,trend_relative
2026-02-22,러닝화,57,google,trend_relative
2026-03-01,러닝화,57,google,trend_relative
2026-03-08,러닝화,48,google,trend_relative
2026-03-15,러닝화,62,google,trend_relative
2026-03-22,러닝화,64,google,trend_relative
2026-03-29,러닝화,63,google,trend_relative
2026-04-05,러닝화,56,google,trend_relative
2026-04-12,러닝화,60,google,trend_relative
2026-04-19,러닝화,51,google,trend_relative
2026-04-26,러닝화,64,google,trend_relative
2026-05-03,러닝화,66,google,trend_relative
2026-05-10,러닝화,64,google,trend_relative
2026-05-17,러닝화,55,google,trend_relative
2026-05-24,러닝화,62,google,trend_relative
2026-05-31,러닝화,67,google,trend_relative
2026-06-07,러닝화,56,google,trend_relative
2026-06-14,러닝화,58,google,trend_relative
2026-06-21,러닝화,50,google,trend_relative
2026-06-28,러닝화,53,google,trend_relative
2026-07-05,러닝화,56,google,trend_relative
2026-07-12,러닝화,41,google,trend_relative
2026-07-19,러닝화,45,google,trend_relative
2026-07-26,러닝화,46,google,trend_relative
2026-08-02,러닝화,42,google,trend_relative
2026-08-09,러닝화,47,google,trend_relative
2026-08-16,러닝화,52,google,trend_relative
2026-08-23,러닝화,43,google,trend_relative
2026-08-30,러닝화,45,google,trend_relative
2026-09-06,러닝화,56,google,trend_relative
2026-09-13,러닝화,68,google,trend_relative
2025-09-14,로퍼,41,google,trend_relative
2025-09-21,로퍼,45,google,trend_relative
2025-09-28,로퍼,54,google,trend_relative
2025-10-05,로퍼,55,google,trend_relative
2025-10-12,로퍼,53,google,trend_relative
2025-10-19,로퍼,58,google,trend_relative
2025-10-26,로퍼,59,google,trend_relative
2025-11-02,로퍼,50,google,trend_relative
2025-11-09,로퍼,56,google,trend_relative
2025-11-16,로퍼,45,google,trend_relative
2025-11-23,로퍼,51,google,trend_relative
2025-11-30,로퍼,46,google,trend_relative
2025-12-07,로퍼,50,google,trend_relative
2025-12-14,로퍼,55,google,trend_relative
2025-12-21,로퍼,54,google,trend_relative
2025-12-28,로퍼,47,google,trend_relative
2026-01-04,로퍼,54,google,trend_relative
2026-01-11,로퍼,53,google,trend_relative
2026-01-18,로퍼,51,google,trend_relative
2026-01-25,로퍼,56,google,trend_relative
2026-02-01,로퍼,52,google,trend_relative
2026-02-08,로퍼,49,google,trend_relative
2026-02-15,로퍼,50,google,trend_relative
2026-02-22,로퍼,57,google,trend_relative
2026-03-01,로퍼,49,google,trend_relative
2026-03-08,로퍼,51,google,trend_relative
2026-03-15,로퍼,59,google,trend_relative
2026-03-22,로퍼,62,google,trend_relative
2026-03-29,로퍼,53,google,trend_relative
2026-04-05,로퍼,55,google,trend_relative
2026-04-12,로퍼,52,google,trend_relative
2026-04-19,로퍼,51,google,trend_relative
2026-04-26,로퍼,43,google,trend_relative
2026-05-03,로퍼,48,google,trend_relative
2026-05-10,로퍼,52,google,trend_relative
2026-05-17,로퍼,47,google,trend_relative
2026-05-24,로퍼,40,google,trend_relative
2026-05-31,로퍼,49,google,trend_relative
2026-06-07,로퍼,41,google,trend_relative
2026-06-14,로퍼,52,google,trend_relative
2026-06-21,로퍼,41,google,trend_relative
2026-06-28,로퍼,41,google,trend_relative
2026-07-05,로퍼,43,google,trend_relative
2026-07-12,로퍼,39,google,trend_relative
2026-07-19,로퍼,41,google,trend_relative
2026-07-26,로퍼,36,google,trend_relative
2026-08-02,로퍼,36,google,trend_relative
2026-08-09,로퍼,32,google,trend_relative
2026-08-16,로퍼,42,google,trend_relative
2026-08-23,로퍼,42,google,trend_relative
2026-08-30,로퍼,38,google,trend_relative
2026-09-06,로퍼,49,google,trend_relative
2026-09-13,로퍼,58,google,trend_relative
2025-09-14,메리제인슈즈,0,google,trend_relative
2025-09-21,메리제인슈즈,0,google,trend_relative
2025-09-28,메리제인슈즈,0,google,trend_relative
2025-10-05,메리제인슈즈,0,google,trend_relative
2025-10-12,메리제인슈즈,0,google,trend_relative
2025-10-19,메리제인슈즈,0,google,trend_relative
2025-10-26,메리제인슈즈,0,google,trend_relative
2025-11-02,메리제인슈즈,0,google,trend_relative
2025-11-09,메리제인슈즈,0,google,trend_relative
2025-11-16,메리제인슈즈,0,google,trend_relative
2025-11-23,메리제인슈즈,0,google,trend_relative
2025-11-30,메리제인슈즈,0,google,trend_relative
2025-12-07,메리제인슈즈,0,google,trend_relative
2025-12-14,메리제인슈즈,0,google,trend_relative
2025-12-21,메리제인슈즈,0,google,trend_relative
2025-12-28,메리제인슈즈,0,google,trend_relative
2026-01-04,메리제인슈즈,0,google,trend_relative
2026-01-11,메리제인슈즈,0,google,trend_relative
2026-01-18,메리제인슈즈,0,google,trend_relative
2026-01-25,메리제인슈즈,0,google,trend_relative
2026-02-01,메리제인슈즈,0,google,trend_relative
2026-02-08,메리제인슈즈,0,google,trend_relative
2026-02-15,메리제인슈즈,0,google,trend_relative
2026-02-22,메리제인슈즈,0,google,trend_relative
2026-03-01,메리제인슈즈,0,google,trend_relative
2026-03-08,메리제인슈즈,0,google,trend_relative
2026-03-15,메리제인슈즈,0,google,trend_relative
2026-03-22,메리제인슈즈,0,google,trend_relative
2026-03-29,메리제인슈즈,0,google,trend_relative
2026-04-05,메리제인슈즈,0,google,trend_relative
2026-04-12,메리제인슈즈,0,google,trend_relative
2026-04-19,메리제인슈즈,0,google,trend_relative
2026-04-26,메리제인슈즈,0,google,trend_relative
2026-05-03,메리제인슈즈,0,google,trend_relative
2026-05-10,메리제인슈즈,0,google,trend_relative
2026-05-17,메리제인슈즈,0,google,trend_relative
2026-05-24,메리제인슈즈,0,google,trend_relative
2026-05-31,메리제인슈즈,0,google,trend_relative
2026-06-07,메리제인슈즈,0,google,trend_relative
2026-06-14,메리제인슈즈,4,google,trend_relative
2026-06-21,메리제인슈즈,0,google,trend_relative
2026-06-28,메리제인슈즈,0,google,trend_relative
2026-07-05,메리제인슈즈,4,google,trend_relative
2026-07-12,메리제인슈즈,0,google,trend_relative
2026-07-19,메리제인슈즈,0,google,trend_relative
2026-07-26,메리제인슈즈,0,google,trend_relative
2026-08-02,메리제인슈즈,0,google,trend_relative
2026-08-09,메리제인슈즈,0,google,trend_relative
2026-08-16,메리제인슈즈,0,google,trend_relative
2026-08-23,메리제인슈즈,0,google,trend_relative
2026-08-30,메리제인슈즈,1,google,trend_relative
2026-09-06,메리제인슈즈,1,google,trend_relative
2026-09-13,메리제인슈즈,0,google,trend_relative
2025-09-14,슬링백,59,google,trend_relative
2025-09-21,슬링백,76,google,trend_relative
2025-09-28,슬링백,57,google,trend_relative
2025-10-05,슬링백,85,google,trend_relative
2025-10-12,슬링백,86,google,trend_relative
2025-10-19,슬링백,36,google,trend_relative
2025-10-26,슬링백,48,google,trend_relative
2025-11-02,슬링백,50,google,trend_relative
2025-11-09,슬링백,59,google,trend_relative
2025-11-16,슬링백,61,google,trend_relative
2025-11-23,슬링백,73,google,trend_relative
2025-11-30,슬링백,51,google,trend_relative
2025-12-07,슬링백,37,google,trend_relative
2025-12-14,슬링백,55,google,trend_relative
2025-12-21,슬링백,49,google,trend_relative
2025-12-28,슬링백,50,google,trend_relative
2026-01-04,슬링백,61,google,trend_relative
2026-01-11,슬링백,35,google,trend_relative
2026-01-18,슬링백,63,google,trend_relative
2026-01-25,슬링백,71,google,trend_relative
2026-02-01,슬링백,65,google,trend_relative
2026-02-08,슬링백,54,google,trend_relative
2026-02-15,슬링백,48,google,trend_relative
2026-02-22,슬링백,71,google,trend_relative
2026-03-01,슬링백,62,google,trend_relative
2026-03-08,슬링백,58,google,trend_relative
2026-03-15,슬링백,61,google,trend_relative
2026-03-22,슬링백,55,google,trend_relative
2026-03-29,슬링백,65,google,trend_relative
2026-04-05,슬링백,71,google,trend_relative
2026-04-12,슬링백,66,google,trend_relative
2026-04-19,슬링백,66,google,trend_relative
2026-04-26,슬링백,66,google,trend_relative
2026-05-03,슬링백,75,google,trend_relative
2026-05-10,슬링백,75,google,trend_relative
2026-05-17,슬링백,70,google,trend_relative
2026-05-24,슬링백,84,google,trend_relative
2026-05-31,슬링백,84,google,trend_relative
2026-06-07,슬링백,78,google,trend_relative
2026-06-14,슬링백,79,google,trend_relative
2026-06-21,슬링백,73,google,trend_relative
2026-06-28,슬링백,54,google,trend_relative
2026-07-05,슬링백,83,google,trend_relative
2026-07-12,슬링백,70,google,trend_relative
2026-07-19,슬링백,64,google,trend_relative
2026-07-26,슬링백,83,google,trend_relative
2026-08-02,슬링백,63,google,trend_relative
2026-08-09,슬링백,74,google,trend_relative
2026-08-16,슬링백,38,google,trend_relative
2026-08-23,슬링백,67,google,trend_relative
2026-08-30,슬링백,49,google,trend_relative
2026-09-06,슬링백,65,google,trend_relative
2026-09-13,슬링백,72,google,trend_relative
2025-09-14,옥스포드화,0,google,trend_relative
2025-09-21,옥스포드화,0,google,trend_relative
2025-09-28,옥스포드화,0,google,trend_relative
2025-10-05,옥스포드화,0,google,trend_relative
2025-10-12,옥스포드화,0,google,trend_relative
2025-10-19,옥스포드화,0,google,trend_relative
2025-10-26,옥스포드화,0,google,trend_relative
2025-11-02,옥스포드화,0,google,trend_relative
2025-11-09,옥스포드화,0,google,trend_relative
2025-11-16,옥스포드화,0,google,trend_relative
2025-11-23,옥스포드화,0,google,trend_relative
2025-11-30,옥스포드화,0,google,trend_relative
2025-12-07,옥스포드화,0,google,trend_relative
2025-12-14,옥스포드화,0,google,trend_relative
2025-12-21,옥스포드화,0,google,trend_relative
2025-12-28,옥스포드화,0,google,trend_relative
2026-01-04,옥스포드화,0,google,trend_relative
2026-01-11,옥스포드화,0,google,trend_relative
2026-01-18,옥스포드화,0,google,trend_relative
2026-01-25,옥스포드화,0,google,trend_relative
2026-02-01,옥스포드화,0,google,trend_relative
2026-02-08,옥스포드화,0,google,trend_relative
2026-02-15,옥스포드화,0,google,trend_relative
2026-02-22,옥스포드화,0,google,trend_relative
2026-03-01,옥스포드화,0,google,trend_relative
2026-03-08,옥스포드화,0,google,trend_relative
2026-03-15,옥스포드화,0,google,trend_relative
2026-03-22,옥스포드화,0,google,trend_relative
2026-03-29,옥스포드화,0,google,trend_relative
2026-04-05,옥스포드화,0,google,trend_relative
2026-04-12,옥스포드화,0,google,trend_relative
2026-04-19,옥스포드화,0,google,trend_relative
2026-04-26,옥스포드화,0,google,trend_relative
2026-05-03,옥스포드화,0,google,trend_relative
2026-05-10,옥스포드화,0,google,trend_relative
2026-05-17,옥스포드화,0,google,trend_relative
2026-05-24,옥스포드화,0,google,trend_relative
2026-05-31,옥스포드화,0,google,trend_relative
2026-06-07,옥스포드화,0,google,trend_relative
2026-06-14,옥스포드화,0,google,trend_relative
2026-06-21,옥스포드화,0,google,trend_relative
2026-06-28,옥스포드화,0,google,trend_relative
2026-07-05,옥스포드화,0,google,trend_relative
2026-07-12,옥스포드화,0,google,trend_relative
2026-07-19,옥스포드화,0,google,trend_relative
2026-07-26,옥스포드화,0,google,trend_relative
2026-08-02,옥스포드화,0,google,trend_relative
2026-08-09,옥스포드화,0,google,trend_relative
2026-08-16,옥스포드화,0,google,trend_relative
2026-08-23,옥스포드화,0,google,trend_relative
2026-08-30,옥스포드화,1,google,trend_relative
2026-09-06,옥스포드화,2,google,trend_relative
2026-09-13,옥스포드화,0,google,trend_relative
2025-09-14,인도어화,0,google,trend_relative
2025-09-21,인도어화,0,google,trend_relative
2025-09-28,인도어화,0,google,trend_relative
2025-10-05,인도어화,22,google,trend_relative
2025-10-12,인도어화,0,google,trend_relative
2025-10-19,인도어화,0,google,trend_relative
2025-10-26,인도어화,0,google,trend_relative
2025-11-02,인도어화,0,google,trend_relative
2025-11-09,인도어화,0,google,trend_relative
2025-11-16,인도어화,0,google,trend_relative
2025-11-23,인도어화,0,google,trend_relative
2025-11-30,인도어화,0,google,trend_relative
2025-12-07,인도어화,0,google,trend_relative
2025-12-14,인도어화,0,google,trend_relative
2025-12-21,인도어화,0,google,trend_relative
2025-12-28,인도어화,0,google,trend_relative
2026-01-04,인도어화,0,google,trend_relative
2026-01-11,인도어화,0,google,trend_relative
2026-01-18,인도어화,0,google,trend_relative
2026-01-25,인도어화,0,google,trend_relative
2026-02-01,인도어화,0,google,trend_relative
2026-02-08,인도어화,0,google,trend_relative
2026-02-15,인도어화,0,google,trend_relative
2026-02-22,인도어화,0,google,trend_relative
2026-03-01,인도어화,0,google,trend_relative
2026-03-08,인도어화,0,google,trend_relative
2026-03-15,인도어화,0,google,trend_relative
2026-03-22,인도어화,0,google,trend_relative
2026-03-29,인도어화,0,google,trend_relative
2026-04-05,인도어화,0,google,trend_relative
2026-04-12,인도어화,0,google,trend_relative
2026-04-19,인도어화,0,google,trend_relative
2026-04-26,인도어화,0,google,trend_relative
2026-05-03,인도어화,0,google,trend_relative
2026-05-10,인도어화,0,google,trend_relative
2026-05-17,인도어화,0,google,trend_relative
2026-05-24,인도어화,0,google,trend_relative
2026-05-31,인도어화,0,google,trend_relative
2026-06-07,인도어화,0,google,trend_relative
2026-06-14,인도어화,0,google,trend_relative
2026-06-21,인도어화,0,google,trend_relative
2026-06-28,인도어화,0,google,trend_relative
2026-07-05,인도어화,0,google,trend_relative
2026-07-12,인도어화,0,google,trend_relative
2026-07-19,인도어화,0,google,trend_relative
2026-07-26,인도어화,0,google,trend_relative
2026-08-02,인도어화,0,google,trend_relative
2026-08-09,인도어화,0,google,trend_relative
2026-08-16,인도어화,0,google,trend_relative
2026-08-23,인도어화,0,google,trend_relative
2026-08-30,인도어화,3,google,trend_relative
2026-09-06,인도어화,4,google,trend_relative
2026-09-13,인도어화,0,google,trend_relative
2025-09-14,클로그,44,google,trend_relative
2025-09-21,클로그,35,google,trend_relative
2025-09-28,클로그,27,google,trend_relative
2025-10-05,클로그,36,google,trend_relative
2025-10-12,클로그,47,google,trend_relative
2025-10-19,클로그,41,google,trend_relative
2025-10-26,클로그,26,google,trend_relative
2025-11-02,클로그,52,google,trend_relative
2025-11-09,클로그,36,google,trend_relative
2025-11-16,클로그,41,google,trend_relative
2025-11-23,클로그,48,google,trend_relative
2025-11-30,클로그,32,google,trend_relative
2025-12-07,클로그,36,google,trend_relative
2025-12-14,클로그,30,google,trend_relative
2025-12-21,클로그,38,google,trend_relative
2025-12-28,클로그,32,google,trend_relative
2026-01-04,클로그,31,google,trend_relative
2026-01-11,클로그,37,google,trend_relative
2026-01-18,클로그,43,google,trend_relative
2026-01-25,클로그,28,google,trend_relative
2026-02-01,클로그,45,google,trend_relative
2026-02-08,클로그,29,google,trend_relative
2026-02-15,클로그,34,google,trend_relative
2026-02-22,클로그,56,google,trend_relative
2026-03-01,클로그,48,google,trend_relative
2026-03-08,클로그,52,google,trend_relative
2026-03-15,클로그,39,google,trend_relative
2026-03-22,클로그,64,google,trend_relative
2026-03-29,클로그,68,google,trend_relative
2026-04-05,클로그,59,google,trend_relative
2026-04-12,클로그,53,google,trend_relative
2026-04-19,클로그,78,google,trend_relative
2026-04-26,클로그,65,google,trend_relative
2026-05-03,클로그,58,google,trend_relative
2026-05-10,클로그,75,google,trend_relative
2026-05-17,클로그,63,google,trend_relative
2026-05-24,클로그,95,google,trend_relative
2026-05-31,클로그,88,google,trend_relative
2026-06-07,클로그,71,google,trend_relative
2026-06-14,클로그,84,google,trend_relative
2026-06-21,클로그,70,google,trend_relative
2026-06-28,클로그,76,google,trend_relative
2026-07-05,클로그,100,google,trend_relative
2026-07-12,클로그,56,google,trend_relative
2026-07-19,클로그,59,google,trend_relative
2026-07-26,클로그,58,google,trend_relative
2026-08-02,클로그,66,google,trend_relative
2026-08-09,클로그,40,google,trend_relative
2026-08-16,클로그,54,google,trend_relative
2026-08-23,클로그,36,google,trend_relative
2026-08-30,클로그,42,google,trend_relative
2026-09-06,클로그,51,google,trend_relative
2026-09-13,클로그,51,google,trend_relative
2025-09-14,트레킹화,32,google,trend_relative
2025-09-21,트레킹화,24,google,trend_relative
2025-09-28,트레킹화,27,google,trend_relative
2025-10-05,트레킹화,30,google,trend_relative
2025-10-12,트레킹화,31,google,trend_relative
2025-10-19,트레킹화,26,google,trend_relative
2025-10-26,트레킹화,25,google,trend_relative
2025-11-02,트레킹화,35,google,trend_relative
2025-11-09,트레킹화,28,google,trend_relative
2025-11-16,트레킹화,20,google,trend_relative
2025-11-23,트레킹화,35,google,trend_relative
2025-11-30,트레킹화,19,google,trend_relative
2025-12-07,트레킹화,28,google,trend_relative
2025-12-14,트레킹화,28,google,trend_relative
2025-12-21,트레킹화,26,google,trend_relative
2025-12-28,트레킹화,23,google,trend_relative
2026-01-04,트레킹화,25,google,trend_relative
2026-01-11,트레킹화,0,google,trend_relative
2026-01-18,트레킹화,0,google,trend_relative
2026-01-25,트레킹화,28,google,trend_relative
2026-02-01,트레킹화,0,google,trend_relative
2026-02-08,트레킹화,26,google,trend_relative
2026-02-15,트레킹화,21,google,trend_relative
2026-02-22,트레킹화,0,google,trend_relative
2026-03-01,트레킹화,19,google,trend_relative
2026-03-08,트레킹화,33,google,trend_relative
2026-03-15,트레킹화,0,google,trend_relative
2026-03-22,트레킹화,32,google,trend_relative
2026-03-29,트레킹화,48,google,trend_relative
2026-04-05,트레킹화,0,google,trend_relative
2026-04-12,트레킹화,23,google,trend_relative
2026-04-19,트레킹화,28,google,trend_relative
2026-04-26,트레킹화,26,google,trend_relative
2026-05-03,트레킹화,40,google,trend_relative
2026-05-10,트레킹화,30,google,trend_relative
2026-05-17,트레킹화,33,google,trend_relative
2026-05-24,트레킹화,30,google,trend_relative
2026-05-31,트레킹화,20,google,trend_relative
2026-06-07,트레킹화,18,google,trend_relative
2026-06-14,트레킹화,19,google,trend_relative
2026-06-21,트레킹화,23,google,trend_relative
2026-06-28,트레킹화,34,google,trend_relative
2026-07-05,트레킹화,21,google,trend_relative
2026-07-12,트레킹화,23,google,trend_relative
2026-07-19,트레킹화,27,google,trend_relative
2026-07-26,트레킹화,23,google,trend_relative
2026-08-02,트레킹화,20,google,trend_relative
2026-08-09,트레킹화,0,google,trend_relative
2026-08-16,트레킹화,18,google,trend_relative
2026-08-23,트레킹화,0,google,trend_relative
2026-08-30,트레킹화,17,google,trend_relative
2026-09-06,트레킹화,24,google,trend_relative
2026-09-13,트레킹화,17,google,trend_relative
2025-09-14,펌프스,0,google,trend_relative
2025-09-21,펌프스,0,google,trend_relative
2025-09-28,펌프스,0,google,trend_relative
2025-10-05,펌프스,0,google,trend_relative
2025-10-12,펌프스,0,google,trend_relative
2025-10-19,펌프스,0,google,trend_relative
2025-10-26,펌프스,0,google,trend_relative
2025-11-02,펌프스,0,google,trend_relative
2025-11-09,펌프스,0,google,trend_relative
2025-11-16,펌프스,0,google,trend_relative
2025-11-23,펌프스,0,google,trend_relative
2025-11-30,펌프스,0,google,trend_relative
2025-12-07,펌프스,0,google,trend_relative
2025-12-14,펌프스,0,google,trend_relative
2025-12-21,펌프스,0,google,trend_relative
2025-12-28,펌프스,0,google,trend_relative
2026-01-04,펌프스,0,google,trend_relative
2026-01-11,펌프스,0,google,trend_relative
2026-01-18,펌프스,0,google,trend_relative
2026-01-25,펌프스,0,google,trend_relative
2026-02-01,펌프스,0,google,trend_relative
2026-02-08,펌프스,0,google,trend_relative
2026-02-15,펌프스,0,google,trend_relative
2026-02-22,펌프스,0,google,trend_relative
2026-03-01,펌프스,0,google,trend_relative
2026-03-08,펌프스,0,google,trend_relative
2026-03-15,펌프스,0,google,trend_relative
2026-03-22,펌프스,0,google,trend_relative
2026-03-29,펌프스,0,google,trend_relative
2026-04-05,펌프스,0,google,trend_relative
2026-04-12,펌프스,0,google,trend_relative
2026-04-19,펌프스,0,google,trend_relative
2026-04-26,펌프스,0,google,trend_relative
2026-05-03,펌프스,0,google,trend_relative
2026-05-10,펌프스,0,google,trend_relative
2026-05-17,펌프스,0,google,trend_relative
2026-05-24,펌프스,0,google,trend_relative
2026-05-31,펌프스,0,google,trend_relative
2026-06-07,펌프스,0,google,trend_relative
2026-06-14,펌프스,0,google,trend_relative
2026-06-21,펌프스,0,google,trend_relative
2026-06-28,펌프스,0,google,trend_relative
2026-07-05,펌프스,0,google,trend_relative
2026-07-12,펌프스,0,google,trend_relative
2026-07-19,펌프스,0,google,trend_relative
2026-07-26,펌프스,0,google,trend_relative
2026-08-02,펌프스,0,google,trend_relative
2026-08-09,펌프스,0,google,trend_relative
2026-08-16,펌프스,0,google,trend_relative
2026-08-23,펌프스,0,google,trend_relative
2026-08-30,펌프스,0,google,trend_relative
2026-09-06,펌프스,0,google,trend_relative
2026-09-13,펌프스,0,google,trend_relative
2025-09-14,플랫슈즈,0,google,trend_relative
2025-09-21,플랫슈즈,0,google,trend_relative
2025-09-28,플랫슈즈,0,google,trend_relative
2025-10-05,플랫슈즈,0,google,trend_relative
2025-10-12,플랫슈즈,0,google,trend_relative
2025-10-19,플랫슈즈,0,google,trend_relative
2025-10-26,플랫슈즈,0,google,trend_relative
2025-11-02,플랫슈즈,0,google,trend_relative
2025-11-09,플랫슈즈,0,google,trend_relative
2025-11-16,플랫슈즈,0,google,trend_relative
2025-11-23,플랫슈즈,0,google,trend_relative
2025-11-30,플랫슈즈,0,google,trend_relative
2025-12-07,플랫슈즈,0,google,trend_relative
2025-12-14,플랫슈즈,0,google,trend_relative
2025-12-21,플랫슈즈,0,google,trend_relative
2025-12-28,플랫슈즈,0,google,trend_relative
2026-01-04,플랫슈즈,0,google,trend_relative
2026-01-11,플랫슈즈,0,google,trend_relative
2026-01-18,플랫슈즈,0,google,trend_relative
2026-01-25,플랫슈즈,0,google,trend_relative
2026-02-01,플랫슈즈,0,google,trend_relative
2026-02-08,플랫슈즈,0,google,trend_relative
2026-02-15,플랫슈즈,0,google,trend_relative
2026-02-22,플랫슈즈,0,google,trend_relative
2026-03-01,플랫슈즈,0,google,trend_relative
2026-03-08,플랫슈즈,0,google,trend_relative
2026-03-15,플랫슈즈,0,google,trend_relative
2026-03-22,플랫슈즈,0,google,trend_relative
2026-03-29,플랫슈즈,0,google,trend_relative
2026-04-05,플랫슈즈,0,google,trend_relative
2026-04-12,플랫슈즈,0,google,trend_relative
2026-04-19,플랫슈즈,0,google,trend_relative
2026-04-26,플랫슈즈,0,google,trend_relative
2026-05-03,플랫슈즈,0,google,trend_relative
2026-05-10,플랫슈즈,0,google,trend_relative
2026-05-17,플랫슈즈,0,google,trend_relative
2026-05-24,플랫슈즈,0,google,trend_relative
2026-05-31,플랫슈즈,0,google,trend_relative
2026-06-07,플랫슈즈,0,google,trend_relative
2026-06-14,플랫슈즈,0,google,trend_relative
2026-06-21,플랫슈즈,0,google,trend_relative
2026-06-28,플랫슈즈,0,google,trend_relative
2026-07-05,플랫슈즈,0,google,trend_relative
2026-07-12,플랫슈즈,0,google,trend_relative
2026-07-19,플랫슈즈,0,google,trend_relative
2026-07-26,플랫슈즈,1,google,trend_relative
2026-08-02,플랫슈즈,0,google,trend_relative
2026-08-09,플랫슈즈,0,google,trend_relative
2026-08-16,플랫슈즈,0,google,trend_relative
2026-08-23,플랫슈즈,0,google,trend_relative
2026-08-30,플랫슈즈,0,google,trend_relative
2026-09-06,플랫슈즈,0,google,trend_relative
2026-09-13,플랫슈즈,0,google,trend_relative
2025-09-14,힐,17,google,trend_relative
2025-09-21,힐,35,google,trend_relative
2025-09-28,힐,29,google,trend_relative
2025-10-05,힐,26,google,trend_relative
2025-10-12,힐,21,google,trend_relative
2025-10-19,힐,20,google,trend_relative
2025-10-26,힐,20,google,trend_relative
2025-11-02,힐,20,google,trend_relative
2025-11-09,힐,19,google,trend_relative
2025-11-16,힐,20,google,trend_relative
2025-11-23,힐,18,google,trend_relative
2025-11-30,힐,18,google,trend_relative
2025-12-07,힐,18,google,trend_relative
2025-12-14,힐,19,google,trend_relative
2025-12-21,힐,19,google,trend_relative
2025-12-28,힐,18,google,trend_relative
2026-01-04,힐,18,google,trend_relative
2026-01-11,힐,21,google,trend_relative
2026-01-18,힐,20,google,trend_relative
2026-01-25,힐,18,google,trend_relative
2026-02-01,힐,18,google,trend_relative
2026-02-08,힐,100,google,trend_relative
2026-02-15,힐,22,google,trend_relative
2026-02-22,힐,21,google,trend_relative
2026-03-01,힐,19,google,trend_relative
2026-03-08,힐,20,google,trend_relative
2026-03-15,힐,21,google,trend_relative
2026-03-22,힐,21,google,trend_relative
2026-03-29,힐,20,google,trend_relative
2026-04-05,힐,19,google,trend_relative
2026-04-12,힐,19,google,trend_relative
2026-04-19,힐,19,google,trend_relative
2026-04-26,힐,18,google,trend_relative
2026-05-03,힐,20,google,trend_relative
2026-05-10,힐,20,google,trend_relative
2026-05-17,힐,17,google,trend_relative
2026-05-24,힐,18,google,trend_relative
2026-05-31,힐,19,google,trend_relative
2026-06-07,힐,17,google,trend_relative
2026-06-14,힐,16,google,trend_relative
2026-06-21,힐,20,google,trend_relative
2026-06-28,힐,19,google,trend_relative
2026-07-05,힐,19,google,trend_relative
2026-07-12,힐,17,google,trend_relative
2026-07-19,힐,17,google,trend_relative
2026-07-26,힐,16,google,trend_relative
2026-08-02,힐,16,google,trend_relative
2026-08-09,힐,16,google,trend_relative
2026-08-16,힐,17,google,trend_relative
2026-08-23,힐,16,google,trend_relative
2026-08-30,힐,17,google,trend_relative
2026-09-06,힐,18,google,trend_relative
2026-09-13,힐,20,google,trend_relative
2025-09-14,발레플랫슈즈,0,google,trend_relative
2025-09-21,발레플랫슈즈,0,google,trend_relative
2025-09-28,발레플랫슈즈,0,google,trend_relative
2025-10-05,발레플랫슈즈,0,google,trend_relative
2025-10-12,발레플랫슈즈,0,google,trend_relative
2025-10-19,발레플랫슈즈,0,google,trend_relative
2025-10-26,발레플랫슈즈,0,google,trend_relative
2025-11-02,발레플랫슈즈,0,google,trend_relative
2025-11-09,발레플랫슈즈,0,google,trend_relative
2025-11-16,발레플랫슈즈,0,google,trend_relative
2025-11-23,발레플랫슈즈,0,google,trend_relative
2025-11-30,발레플랫슈즈,0,google,trend_relative
2025-12-07,발레플랫슈즈,0,google,trend_relative
2025-12-14,발레플랫슈즈,0,google,trend_relative
2025-12-21,발레플랫슈즈,0,google,trend_relative
2025-12-28,발레플랫슈즈,0,google,trend_relative
2026-01-04,발레플랫슈즈,0,google,trend_relative
2026-01-11,발레플랫슈즈,0,google,trend_relative
2026-01-18,발레플랫슈즈,0,google,trend_relative
2026-01-25,발레플랫슈즈,0,google,trend_relative
2026-02-01,발레플랫슈즈,0,google,trend_relative
2026-02-08,발레플랫슈즈,0,google,trend_relative
2026-02-15,발레플랫슈즈,0,google,trend_relative
2026-02-22,발레플랫슈즈,0,google,trend_relative
2026-03-01,발레플랫슈즈,0,google,trend_relative
2026-03-08,발레플랫슈즈,0,google,trend_relative
2026-03-15,발레플랫슈즈,0,google,trend_relative
2026-03-22,발레플랫슈즈,0,google,trend_relative
2026-03-29,발레플랫슈즈,0,google,trend_relative
2026-04-05,발레플랫슈즈,0,google,trend_relative
2026-04-12,발레플랫슈즈,0,google,trend_relative
2026-04-19,발레플랫슈즈,0,google,trend_relative
2026-04-26,발레플랫슈즈,0,google,trend_relative
2026-05-03,발레플랫슈즈,0,google,trend_relative
2026-05-10,발레플랫슈즈,0,google,trend_relative
2026-05-17,발레플랫슈즈,0,google,trend_relative
2026-05-24,발레플랫슈즈,0,google,trend_relative
2026-05-31,발레플랫슈즈,0,google,trend_relative
2026-06-07,발레플랫슈즈,0,google,trend_relative
2026-06-14,발레플랫슈즈,0,google,trend_relative
2026-06-21,발레플랫슈즈,0,google,trend_relative
2026-06-28,발레플랫슈즈,0,google,trend_relative
2026-07-05,발레플랫슈즈,0,google,trend_relative
2026-07-12,발레플랫슈즈,0,google,trend_relative
2026-07-19,발레플랫슈즈,0,google,trend_relative
2026-07-26,발레플랫슈즈,0,google,trend_relative
2026-08-02,발레플랫슈즈,0,google,trend_relative
2026-08-09,발레플랫슈즈,0,google,trend_relative
2026-08-16,발레플랫슈즈,0,google,trend_relative
2026-08-23,발레플랫슈즈,0,google,trend_relative
2026-08-30,발레플랫슈즈,0,google,trend_relative
2026-09-06,발레플랫슈즈,0,google,trend_relative
2026-09-13,발레플랫슈즈,0,google,trend_relative
2025-09-14,가방,28,google,trend_relative
2025-09-21,가방,26,google,trend_relative
2025-09-28,가방,29,google,trend_relative
2025-10-05,가방,29,google,trend_relative
2025-10-12,가방,26,google,trend_relative
2025-10-19,가방,27,google,trend_relative
2025-10-26,가방,28,google,trend_relative
2025-11-02,가방,30,google,trend_relative
2025-11-09,가방,28,google,trend_relative
2025-11-16,가방,28,google,trend_relative
2025-11-23,가방,28,google,trend_relative
2025-11-30,가방,27,google,trend_relative
2025-12-07,가방,27,google,trend_relative
2025-12-14,가방,29,google,trend_relative
2025-12-21,가방,32,google,trend_relative
2025-12-28,가방,30,google,trend_relative
2026-01-04,가방,29,google,trend_relative
2026-01-11,가방,28,google,trend_relative
2026-01-18,가방,31,google,trend_relative
2026-01-25,가방,31,google,trend_relative
2026-02-01,가방,28,google,trend_relative
2026-02-08,가방,27,google,trend_relative
2026-02-15,가방,30,google,trend_relative
2026-02-22,가방,36,google,trend_relative
2026-03-01,가방,32,google,trend_relative
2026-03-08,가방,28,google,trend_relative
2026-03-15,가방,27,google,trend_relative
2026-03-22,가방,29,google,trend_relative
2026-03-29,가방,28,google,trend_relative
2026-04-05,가방,26,google,trend_relative
2026-04-12,가방,26,google,trend_relative
2026-04-19,가방,26,google,trend_relative
2026-04-26,가방,26,google,trend_relative
2026-05-03,가방,33,google,trend_relative
2026-05-10,가방,28,google,trend_relative
2026-05-17,가방,24,google,trend_relative
2026-05-24,가방,26,google,trend_relative
2026-05-31,가방,26,google,trend_relative
2026-06-07,가방,26,google,trend_relative
2026-06-14,가방,25,google,trend_relative
2026-06-21,가방,24,google,trend_relative
2026-06-28,가방,26,google,trend_relative
2026-07-05,가방,30,google,trend_relative
2026-07-12,가방,25,google,trend_relative
2026-07-19,가방,28,google,trend_relative
2026-07-26,가방,26,google,trend_relative
2026-08-02,가방,26,google,trend_relative
2026-08-09,가방,23,google,trend_relative
2026-08-16,가방,31,google,trend_relative
2026-08-23,가방,50,google,trend_relative
2026-08-30,가방,30,google,trend_relative
2026-09-06,가방,29,google,trend_relative
2026-09-13,가방,29,google,trend_relative
2025-09-14,바스켓백,0,google,trend_relative
2025-09-21,바스켓백,0,google,trend_relative
2025-09-28,바스켓백,0,google,trend_relative
2025-10-05,바스켓백,0,google,trend_relative
2025-10-12,바스켓백,0,google,trend_relative
2025-10-19,바스켓백,0,google,trend_relative
2025-10-26,바스켓백,0,google,trend_relative
2025-11-02,바스켓백,0,google,trend_relative
2025-11-09,바스켓백,0,google,trend_relative
2025-11-16,바스켓백,0,google,trend_relative
2025-11-23,바스켓백,0,google,trend_relative
2025-11-30,바스켓백,0,google,trend_relative
2025-12-07,바스켓백,0,google,trend_relative
2025-12-14,바스켓백,0,google,trend_relative
2025-12-21,바스켓백,0,google,trend_relative
2025-12-28,바스켓백,0,google,trend_relative
2026-01-04,바스켓백,0,google,trend_relative
2026-01-11,바스켓백,0,google,trend_relative
2026-01-18,바스켓백,0,google,trend_relative
2026-01-25,바스켓백,0,google,trend_relative
2026-02-01,바스켓백,0,google,trend_relative
2026-02-08,바스켓백,0,google,trend_relative
2026-02-15,바스켓백,0,google,trend_relative
2026-02-22,바스켓백,0,google,trend_relative
2026-03-01,바스켓백,0,google,trend_relative
2026-03-08,바스켓백,0,google,trend_relative
2026-03-15,바스켓백,0,google,trend_relative
2026-03-22,바스켓백,0,google,trend_relative
2026-03-29,바스켓백,0,google,trend_relative
2026-04-05,바스켓백,0,google,trend_relative
2026-04-12,바스켓백,0,google,trend_relative
2026-04-19,바스켓백,0,google,trend_relative
2026-04-26,바스켓백,0,google,trend_relative
2026-05-03,바스켓백,0,google,trend_relative
2026-05-10,바스켓백,0,google,trend_relative
2026-05-17,바스켓백,0,google,trend_relative
2026-05-24,바스켓백,0,google,trend_relative
2026-05-31,바스켓백,0,google,trend_relative
2026-06-07,바스켓백,0,google,trend_relative
2026-06-14,바스켓백,0,google,trend_relative
2026-06-21,바스켓백,0,google,trend_relative
2026-06-28,바스켓백,0,google,trend_relative
2026-07-05,바스켓백,0,google,trend_relative
2026-07-12,바스켓백,0,google,trend_relative
2026-07-19,바스켓백,0,google,trend_relative
2026-07-26,바스켓백,0,google,trend_relative
2026-08-02,바스켓백,0,google,trend_relative
2026-08-09,바스켓백,0,google,trend_relative
2026-08-16,바스켓백,0,google,trend_relative
2026-08-23,바스켓백,0,google,trend_relative
2026-08-30,바스켓백,0,google,trend_relative
2026-09-06,바스켓백,0,google,trend_relative
2026-09-13,바스켓백,0,google,trend_relative
2025-09-14,백팩,79,google,trend_relative
2025-09-21,백팩,75,google,trend_relative
2025-09-28,백팩,74,google,trend_relative
2025-10-05,백팩,80,google,trend_relative
2025-10-12,백팩,72,google,trend_relative
2025-10-19,백팩,67,google,trend_relative
2025-10-26,백팩,70,google,trend_relative
2025-11-02,백팩,67,google,trend_relative
2025-11-09,백팩,69,google,trend_relative
2025-11-16,백팩,69,google,trend_relative
2025-11-23,백팩,68,google,trend_relative
2025-11-30,백팩,68,google,trend_relative
2025-12-07,백팩,72,google,trend_relative
2025-12-14,백팩,79,google,trend_relative
2025-12-21,백팩,69,google,trend_relative
2025-12-28,백팩,80,google,trend_relative
2026-01-04,백팩,92,google,trend_relative
2026-01-11,백팩,83,google,trend_relative
2026-01-18,백팩,88,google,trend_relative
2026-01-25,백팩,88,google,trend_relative
2026-02-01,백팩,88,google,trend_relative
2026-02-08,백팩,92,google,trend_relative
2026-02-15,백팩,100,google,trend_relative
2026-02-22,백팩,95,google,trend_relative
2026-03-01,백팩,92,google,trend_relative
2026-03-08,백팩,81,google,trend_relative
2026-03-15,백팩,74,google,trend_relative
2026-03-22,백팩,78,google,trend_relative
2026-03-29,백팩,70,google,trend_relative
2026-04-05,백팩,66,google,trend_relative
2026-04-12,백팩,74,google,trend_relative
2026-04-19,백팩,67,google,trend_relative
2026-04-26,백팩,67,google,trend_relative
2026-05-03,백팩,72,google,trend_relative
2026-05-10,백팩,66,google,trend_relative
2026-05-17,백팩,70,google,trend_relative
2026-05-24,백팩,70,google,trend_relative
2026-05-31,백팩,65,google,trend_relative
2026-06-07,백팩,68,google,trend_relative
2026-06-14,백팩,69,google,trend_relative
2026-06-21,백팩,66,google,trend_relative
2026-06-28,백팩,68,google,trend_relative
2026-07-05,백팩,70,google,trend_relative
2026-07-12,백팩,65,google,trend_relative
2026-07-19,백팩,75,google,trend_relative
2026-07-26,백팩,64,google,trend_relative
2026-08-02,백팩,66,google,trend_relative
2026-08-09,백팩,61,google,trend_relative
2026-08-16,백팩,72,google,trend_relative
2026-08-23,백팩,76,google,trend_relative
2026-08-30,백팩,69,google,trend_relative
2026-09-06,백팩,69,google,trend_relative
2026-09-13,백팩,80,google,trend_relative
2025-09-14,브리프케이스,3,google,trend_relative
2025-09-21,브리프케이스,3,google,trend_relative
2025-09-28,브리프케이스,0,google,trend_relative
2025-10-05,브리프케이스,0,google,trend_relative
2025-10-12,브리프케이스,0,google,trend_relative
2025-10-19,브리프케이스,0,google,trend_relative
2025-10-26,브리프케이스,0,google,trend_relative
2025-11-02,브리프케이스,0,google,trend_relative
2025-11-09,브리프케이스,4,google,trend_relative
2025-11-16,브리프케이스,0,google,trend_relative
2025-11-23,브리프케이스,0,google,trend_relative
2025-11-30,브리프케이스,0,google,trend_relative
2025-12-07,브리프케이스,0,google,trend_relative
2025-12-14,브리프케이스,0,google,trend_relative
2025-12-21,브리프케이스,0,google,trend_relative
2025-12-28,브리프케이스,4,google,trend_relative
2026-01-04,브리프케이스,3,google,trend_relative
2026-01-11,브리프케이스,3,google,trend_relative
2026-01-18,브리프케이스,0,google,trend_relative
2026-01-25,브리프케이스,3,google,trend_relative
2026-02-01,브리프케이스,0,google,trend_relative
2026-02-08,브리프케이스,3,google,trend_relative
2026-02-15,브리프케이스,4,google,trend_relative
2026-02-22,브리프케이스,0,google,trend_relative
2026-03-01,브리프케이스,3,google,trend_relative
2026-03-08,브리프케이스,0,google,trend_relative
2026-03-15,브리프케이스,3,google,trend_relative
2026-03-22,브리프케이스,0,google,trend_relative
2026-03-29,브리프케이스,0,google,trend_relative
2026-04-05,브리프케이스,3,google,trend_relative
2026-04-12,브리프케이스,0,google,trend_relative
2026-04-19,브리프케이스,0,google,trend_relative
2026-04-26,브리프케이스,3,google,trend_relative
2026-05-03,브리프케이스,0,google,trend_relative
2026-05-10,브리프케이스,0,google,trend_relative
2026-05-17,브리프케이스,0,google,trend_relative
2026-05-24,브리프케이스,0,google,trend_relative
2026-05-31,브리프케이스,0,google,trend_relative
2026-06-07,브리프케이스,3,google,trend_relative
2026-06-14,브리프케이스,0,google,trend_relative
2026-06-21,브리프케이스,0,google,trend_relative
2026-06-28,브리프케이스,2,google,trend_relative
2026-07-05,브리프케이스,2,google,trend_relative
2026-07-12,브리프케이스,3,google,trend_relative
2026-07-19,브리프케이스,3,google,trend_relative
2026-07-26,브리프케이스,2,google,trend_relative
2026-08-02,브리프케이스,3,google,trend_relative
2026-08-09,브리프케이스,0,google,trend_relative
2026-08-16,브리프케이스,3,google,trend_relative
2026-08-23,브리프케이스,2,google,trend_relative
2026-08-30,브리프케이스,2,google,trend_relative
2026-09-06,브리프케이스,2,google,trend_relative
2026-09-13,브리프케이스,3,google,trend_relative
2025-09-14,숄더백,12,google,trend_relative
2025-09-21,숄더백,14,google,trend_relative
2025-09-28,숄더백,16,google,trend_relative
2025-10-05,숄더백,18,google,trend_relative
2025-10-12,숄더백,14,google,trend_relative
2025-10-19,숄더백,15,google,trend_relative
2025-10-26,숄더백,13,google,trend_relative
2025-11-02,숄더백,16,google,trend_relative
2025-11-09,숄더백,15,google,trend_relative
2025-11-16,숄더백,12,google,trend_relative
2025-11-23,숄더백,12,google,trend_relative
2025-11-30,숄더백,14,google,trend_relative
2025-12-07,숄더백,15,google,trend_relative
2025-12-14,숄더백,15,google,trend_relative
2025-12-21,숄더백,15,google,trend_relative
2025-12-28,숄더백,14,google,trend_relative
2026-01-04,숄더백,17,google,trend_relative
2026-01-11,숄더백,16,google,trend_relative
2026-01-18,숄더백,13,google,trend_relative
2026-01-25,숄더백,15,google,trend_relative
2026-02-01,숄더백,15,google,trend_relative
2026-02-08,숄더백,17,google,trend_relative
2026-02-15,숄더백,15,google,trend_relative
2026-02-22,숄더백,21,google,trend_relative
2026-03-01,숄더백,22,google,trend_relative
2026-03-08,숄더백,21,google,trend_relative
2026-03-15,숄더백,19,google,trend_relative
2026-03-22,숄더백,22,google,trend_relative
2026-03-29,숄더백,16,google,trend_relative
2026-04-05,숄더백,16,google,trend_relative
2026-04-12,숄더백,13,google,trend_relative
2026-04-19,숄더백,14,google,trend_relative
2026-04-26,숄더백,13,google,trend_relative
2026-05-03,숄더백,16,google,trend_relative
2026-05-10,숄더백,17,google,trend_relative
2026-05-17,숄더백,13,google,trend_relative
2026-05-24,숄더백,15,google,trend_relative
2026-05-31,숄더백,16,google,trend_relative
2026-06-07,숄더백,15,google,trend_relative
2026-06-14,숄더백,14,google,trend_relative
2026-06-21,숄더백,14,google,trend_relative
2026-06-28,숄더백,15,google,trend_relative
2026-07-05,숄더백,16,google,trend_relative
2026-07-12,숄더백,18,google,trend_relative
2026-07-19,숄더백,17,google,trend_relative
2026-07-26,숄더백,13,google,trend_relative
2026-08-02,숄더백,20,google,trend_relative
2026-08-09,숄더백,16,google,trend_relative
2026-08-16,숄더백,15,google,trend_relative
2026-08-23,숄더백,18,google,trend_relative
2026-08-30,숄더백,13,google,trend_relative
2026-09-06,숄더백,16,google,trend_relative
2026-09-13,숄더백,20,google,trend_relative
2025-09-14,유틸리티백,0,google,trend_relative
2025-09-21,유틸리티백,0,google,trend_relative
2025-09-28,유틸리티백,0,google,trend_relative
2025-10-05,유틸리티백,0,google,trend_relative
2025-10-12,유틸리티백,0,google,trend_relative
2025-10-19,유틸리티백,0,google,trend_relative
2025-10-26,유틸리티백,0,google,trend_relative
2025-11-02,유틸리티백,0,google,trend_relative
2025-11-09,유틸리티백,0,google,trend_relative
2025-11-16,유틸리티백,0,google,trend_relative
2025-11-23,유틸리티백,0,google,trend_relative
2025-11-30,유틸리티백,0,google,trend_relative
2025-12-07,유틸리티백,0,google,trend_relative
2025-12-14,유틸리티백,0,google,trend_relative
2025-12-21,유틸리티백,0,google,trend_relative
2025-12-28,유틸리티백,0,google,trend_relative
2026-01-04,유틸리티백,0,google,trend_relative
2026-01-11,유틸리티백,0,google,trend_relative
2026-01-18,유틸리티백,0,google,trend_relative
2026-01-25,유틸리티백,3,google,trend_relative
2026-02-01,유틸리티백,0,google,trend_relative
2026-02-08,유틸리티백,0,google,trend_relative
2026-02-15,유틸리티백,0,google,trend_relative
2026-02-22,유틸리티백,0,google,trend_relative
2026-03-01,유틸리티백,0,google,trend_relative
2026-03-08,유틸리티백,0,google,trend_relative
2026-03-15,유틸리티백,0,google,trend_relative
2026-03-22,유틸리티백,0,google,trend_relative
2026-03-29,유틸리티백,0,google,trend_relative
2026-04-05,유틸리티백,0,google,trend_relative
2026-04-12,유틸리티백,0,google,trend_relative
2026-04-19,유틸리티백,0,google,trend_relative
2026-04-26,유틸리티백,0,google,trend_relative
2026-05-03,유틸리티백,0,google,trend_relative
2026-05-10,유틸리티백,0,google,trend_relative
2026-05-17,유틸리티백,0,google,trend_relative
2026-05-24,유틸리티백,0,google,trend_relative
2026-05-31,유틸리티백,0,google,trend_relative
2026-06-07,유틸리티백,0,google,trend_relative
2026-06-14,유틸리티백,0,google,trend_relative
2026-06-21,유틸리티백,0,google,trend_relative
2026-06-28,유틸리티백,0,google,trend_relative
2026-07-05,유틸리티백,0,google,trend_relative
2026-07-12,유틸리티백,0,google,trend_relative
2026-07-19,유틸리티백,0,google,trend_relative
2026-07-26,유틸리티백,0,google,trend_relative
2026-08-02,유틸리티백,0,google,trend_relative
2026-08-09,유틸리티백,0,google,trend_relative
2026-08-16,유틸리티백,0,google,trend_relative
2026-08-23,유틸리티백,0,google,trend_relative
2026-08-30,유틸리티백,0,google,trend_relative
2026-09-06,유틸리티백,0,google,trend_relative
2026-09-13,유틸리티백,0,google,trend_relative
2025-09-14,크로스백,39,google,trend_relative
2025-09-21,크로스백,37,google,trend_relative
2025-09-28,크로스백,38,google,trend_relative
2025-10-05,크로스백,47,google,trend_relative
2025-10-12,크로스백,36,google,trend_relative
2025-10-19,크로스백,33,google,trend_relative
2025-10-26,크로스백,29,google,trend_relative
2025-11-02,크로스백,36,google,trend_relative
2025-11-09,크로스백,39,google,trend_relative
2025-11-16,크로스백,37,google,trend_relative
2025-11-23,크로스백,43,google,trend_relative
2025-11-30,크로스백,36,google,trend_relative
2025-12-07,크로스백,35,google,trend_relative
2025-12-14,크로스백,43,google,trend_relative
2025-12-21,크로스백,47,google,trend_relative
2025-12-28,크로스백,40,google,trend_relative
2026-01-04,크로스백,48,google,trend_relative
2026-01-11,크로스백,36,google,trend_relative
2026-01-18,크로스백,46,google,trend_relative
2026-01-25,크로스백,46,google,trend_relative
2026-02-01,크로스백,50,google,trend_relative
2026-02-08,크로스백,41,google,trend_relative
2026-02-15,크로스백,39,google,trend_relative
2026-02-22,크로스백,40,google,trend_relative
2026-03-01,크로스백,42,google,trend_relative
2026-03-08,크로스백,33,google,trend_relative
2026-03-15,크로스백,38,google,trend_relative
2026-03-22,크로스백,43,google,trend_relative
2026-03-29,크로스백,41,google,trend_relative
2026-04-05,크로스백,30,google,trend_relative
2026-04-12,크로스백,33,google,trend_relative
2026-04-19,크로스백,30,google,trend_relative
2026-04-26,크로스백,35,google,trend_relative
2026-05-03,크로스백,38,google,trend_relative
2026-05-10,크로스백,39,google,trend_relative
2026-05-17,크로스백,38,google,trend_relative
2026-05-24,크로스백,37,google,trend_relative
2026-05-31,크로스백,41,google,trend_relative
2026-06-07,크로스백,35,google,trend_relative
2026-06-14,크로스백,32,google,trend_relative
2026-06-21,크로스백,35,google,trend_relative
2026-06-28,크로스백,38,google,trend_relative
2026-07-05,크로스백,41,google,trend_relative
2026-07-12,크로스백,37,google,trend_relative
2026-07-19,크로스백,41,google,trend_relative
2026-07-26,크로스백,33,google,trend_relative
2026-08-02,크로스백,35,google,trend_relative
2026-08-09,크로스백,30,google,trend_relative
2026-08-16,크로스백,35,google,trend_relative
2026-08-23,크로스백,33,google,trend_relative
2026-08-30,크로스백,32,google,trend_relative
2026-09-06,크로스백,33,google,trend_relative
2026-09-13,크로스백,41,google,trend_relative
2025-09-14,토트백,20,google,trend_relative
2025-09-21,토트백,18,google,trend_relative
2025-09-28,토트백,21,google,trend_relative
2025-10-05,토트백,29,google,trend_relative
2025-10-12,토트백,22,google,trend_relative
2025-10-19,토트백,24,google,trend_relative
2025-10-26,토트백,17,google,trend_relative
2025-11-02,토트백,28,google,trend_relative
2025-11-09,토트백,23,google,trend_relative
2025-11-16,토트백,19,google,trend_relative
2025-11-23,토트백,20,google,trend_relative
2025-11-30,토트백,22,google,trend_relative
2025-12-07,토트백,20,google,trend_relative
2025-12-14,토트백,22,google,trend_relative
2025-12-21,토트백,26,google,trend_relative
2025-12-28,토트백,27,google,trend_relative
2026-01-04,토트백,25,google,trend_relative
2026-01-11,토트백,25,google,trend_relative
2026-01-18,토트백,27,google,trend_relative
2026-01-25,토트백,28,google,trend_relative
2026-02-01,토트백,26,google,trend_relative
2026-02-08,토트백,25,google,trend_relative
2026-02-15,토트백,33,google,trend_relative
2026-02-22,토트백,28,google,trend_relative
2026-03-01,토트백,33,google,trend_relative
2026-03-08,토트백,34,google,trend_relative
2026-03-15,토트백,36,google,trend_relative
2026-03-22,토트백,25,google,trend_relative
2026-03-29,토트백,27,google,trend_relative
2026-04-05,토트백,26,google,trend_relative
2026-04-12,토트백,19,google,trend_relative
2026-04-19,토트백,27,google,trend_relative
2026-04-26,토트백,21,google,trend_relative
2026-05-03,토트백,23,google,trend_relative
2026-05-10,토트백,27,google,trend_relative
2026-05-17,토트백,18,google,trend_relative
2026-05-24,토트백,27,google,trend_relative
2026-05-31,토트백,27,google,trend_relative
2026-06-07,토트백,25,google,trend_relative
2026-06-14,토트백,27,google,trend_relative
2026-06-21,토트백,28,google,trend_relative
2026-06-28,토트백,27,google,trend_relative
2026-07-05,토트백,27,google,trend_relative
2026-07-12,토트백,27,google,trend_relative
2026-07-19,토트백,100,google,trend_relative
2026-07-26,토트백,22,google,trend_relative
2026-08-02,토트백,23,google,trend_relative
2026-08-09,토트백,75,google,trend_relative
2026-08-16,토트백,29,google,trend_relative
2026-08-23,토트백,27,google,trend_relative
2026-08-30,토트백,25,google,trend_relative
2026-09-06,토트백,26,google,trend_relative
2026-09-13,토트백,29,google,trend_relative
2025-09-14,넥타이,49,google,trend_relative
2025-09-21,넥타이,46,google,trend_relative
2025-09-28,넥타이,50,google,trend_relative
2025-10-05,넥타이,41,google,trend_relative
2025-10-12,넥타이,55,google,trend_relative
2025-10-19,넥타이,54,google,trend_relative
2025-10-26,넥타이,61,google,trend_relative
2025-11-02,넥타이,52,google,trend_relative
2025-11-09,넥타이,48,google,trend_relative
2025-11-16,넥타이,50,google,trend_relative
2025-11-23,넥타이,50,google,trend_relative
2025-11-30,넥타이,51,google,trend_relative
2025-12-07,넥타이,50,google,trend_relative
2025-12-14,넥타이,50,google,trend_relative
2025-12-21,넥타이,47,google,trend_relative
2025-12-28,넥타이,46,google,trend_relative
2026-01-04,넥타이,51,google,trend_relative
2026-01-11,넥타이,51,google,trend_relative
2026-01-18,넥타이,41,google,trend_relative
2026-01-25,넥타이,46,google,trend_relative
2026-02-01,넥타이,46,google,trend_relative
2026-02-08,넥타이,38,google,trend_relative
2026-02-15,넥타이,45,google,trend_relative
2026-02-22,넥타이,47,google,trend_relative
2026-03-01,넥타이,50,google,trend_relative
2026-03-08,넥타이,51,google,trend_relative
2026-03-15,넥타이,57,google,trend_relative
2026-03-22,넥타이,48,google,trend_relative
2026-03-29,넥타이,47,google,trend_relative
2026-04-05,넥타이,44,google,trend_relative
2026-04-12,넥타이,44,google,trend_relative
2026-04-19,넥타이,48,google,trend_relative
2026-04-26,넥타이,43,google,trend_relative
2026-05-03,넥타이,46,google,trend_relative
2026-05-10,넥타이,43,google,trend_relative
2026-05-17,넥타이,40,google,trend_relative
2026-05-24,넥타이,37,google,trend_relative
2026-05-31,넥타이,33,google,trend_relative
2026-06-07,넥타이,34,google,trend_relative
2026-06-14,넥타이,29,google,trend_relative
2026-06-21,넥타이,31,google,trend_relative
2026-06-28,넥타이,32,google,trend_relative
2026-07-05,넥타이,32,google,trend_relative
2026-07-12,넥타이,36,google,trend_relative
2026-07-19,넥타이,35,google,trend_relative
2026-07-26,넥타이,23,google,trend_relative
2026-08-02,넥타이,30,google,trend_relative
2026-08-09,넥타이,27,google,trend_relative
2026-08-16,넥타이,29,google,trend_relative
2026-08-23,넥타이,35,google,trend_relative
2026-08-30,넥타이,31,google,trend_relative
2026-09-06,넥타이,41,google,trend_relative
2026-09-13,넥타이,43,google,trend_relative
2025-09-14,레그워머,4,google,trend_relative
2025-09-21,레그워머,0,google,trend_relative
2025-09-28,레그워머,0,google,trend_relative
2025-10-05,레그워머,0,google,trend_relative
2025-10-12,레그워머,0,google,trend_relative
2025-10-19,레그워머,0,google,trend_relative
2025-10-26,레그워머,4,google,trend_relative
2025-11-02,레그워머,6,google,trend_relative
2025-11-09,레그워머,7,google,trend_relative
2025-11-16,레그워머,6,google,trend_relative
2025-11-23,레그워머,5,google,trend_relative
2025-11-30,레그워머,7,google,trend_relative
2025-12-07,레그워머,7,google,trend_relative
2025-12-14,레그워머,10,google,trend_relative
2025-12-21,레그워머,8,google,trend_relative
2025-12-28,레그워머,13,google,trend_relative
2026-01-04,레그워머,7,google,trend_relative
2026-01-11,레그워머,0,google,trend_relative
2026-01-18,레그워머,7,google,trend_relative
2026-01-25,레그워머,6,google,trend_relative
2026-02-01,레그워머,4,google,trend_relative
2026-02-08,레그워머,6,google,trend_relative
2026-02-15,레그워머,0,google,trend_relative
2026-02-22,레그워머,3,google,trend_relative
2026-03-01,레그워머,0,google,trend_relative
2026-03-08,레그워머,0,google,trend_relative
2026-03-15,레그워머,0,google,trend_relative
2026-03-22,레그워머,0,google,trend_relative
2026-03-29,레그워머,0,google,trend_relative
2026-04-05,레그워머,0,google,trend_relative
2026-04-12,레그워머,0,google,trend_relative
2026-04-19,레그워머,0,google,trend_relative
2026-04-26,레그워머,0,google,trend_relative
2026-05-03,레그워머,0,google,trend_relative
2026-05-10,레그워머,0,google,trend_relative
2026-05-17,레그워머,0,google,trend_relative
2026-05-24,레그워머,0,google,trend_relative
2026-05-31,레그워머,0,google,trend_relative
2026-06-07,레그워머,0,google,trend_relative
2026-06-14,레그워머,0,google,trend_relative
2026-06-21,레그워머,0,google,trend_relative
2026-06-28,레그워머,0,google,trend_relative
2026-07-05,레그워머,0,google,trend_relative
2026-07-12,레그워머,0,google,trend_relative
2026-07-19,레그워머,0,google,trend_relative
2026-07-26,레그워머,0,google,trend_relative
2026-08-02,레그워머,0,google,trend_relative
2026-08-09,레그워머,0,google,trend_relative
2026-08-16,레그워머,0,google,trend_relative
2026-08-23,레그워머,0,google,trend_relative
2026-08-30,레그워머,1,google,trend_relative
2026-09-06,레그워머,2,google,trend_relative
2026-09-13,레그워머,2,google,trend_relative
2025-09-14,머플러,21,google,trend_relative
2025-09-21,머플러,29,google,trend_relative
2025-09-28,머플러,27,google,trend_relative
2025-10-05,머플러,24,google,trend_relative
2025-10-12,머플러,33,google,trend_relative
2025-10-19,머플러,36,google,trend_relative
2025-10-26,머플러,53,google,trend_relative
2025-11-02,머플러,55,google,trend_relative
2025-11-09,머플러,59,google,trend_relative
2025-11-16,머플러,80,google,trend_relative
2025-11-23,머플러,69,google,trend_relative
2025-11-30,머플러,85,google,trend_relative
2025-12-07,머플러,89,google,trend_relative
2025-12-14,머플러,83,google,trend_relative
2025-12-21,머플러,84,google,trend_relative
2025-12-28,머플러,62,google,trend_relative
2026-01-04,머플러,55,google,trend_relative
2026-01-11,머플러,53,google,trend_relative
2026-01-18,머플러,61,google,trend_relative
2026-01-25,머플러,57,google,trend_relative
2026-02-01,머플러,37,google,trend_relative
2026-02-08,머플러,40,google,trend_relative
2026-02-15,머플러,23,google,trend_relative
2026-02-22,머플러,25,google,trend_relative
2026-03-01,머플러,22,google,trend_relative
2026-03-08,머플러,26,google,trend_relative
2026-03-15,머플러,21,google,trend_relative
2026-03-22,머플러,24,google,trend_relative
2026-03-29,머플러,21,google,trend_relative
2026-04-05,머플러,20,google,trend_relative
2026-04-12,머플러,18,google,trend_relative
2026-04-19,머플러,14,google,trend_relative
2026-04-26,머플러,19,google,trend_relative
2026-05-03,머플러,23,google,trend_relative
2026-05-10,머플러,21,google,trend_relative
2026-05-17,머플러,17,google,trend_relative
2026-05-24,머플러,17,google,trend_relative
2026-05-31,머플러,17,google,trend_relative
2026-06-07,머플러,19,google,trend_relative
2026-06-14,머플러,14,google,trend_relative
2026-06-21,머플러,17,google,trend_relative
2026-06-28,머플러,15,google,trend_relative
2026-07-05,머플러,15,google,trend_relative
2026-07-12,머플러,16,google,trend_relative
2026-07-19,머플러,18,google,trend_relative
2026-07-26,머플러,16,google,trend_relative
2026-08-02,머플러,14,google,trend_relative
2026-08-09,머플러,17,google,trend_relative
2026-08-16,머플러,21,google,trend_relative
2026-08-23,머플러,21,google,trend_relative
2026-08-30,머플러,15,google,trend_relative
2026-09-06,머플러,22,google,trend_relative
2026-09-13,머플러,25,google,trend_relative
2025-09-14,모자,56,google,trend_relative
2025-09-21,모자,57,google,trend_relative
2025-09-28,모자,56,google,trend_relative
2025-10-05,모자,59,google,trend_relative
2025-10-12,모자,57,google,trend_relative
2025-10-19,모자,59,google,trend_relative
2025-10-26,모자,61,google,trend_relative
2025-11-02,모자,55,google,trend_relative
2025-11-09,모자,56,google,trend_relative
2025-11-16,모자,64,google,trend_relative
2025-11-23,모자,57,google,trend_relative
2025-11-30,모자,57,google,trend_relative
2025-12-07,모자,54,google,trend_relative
2025-12-14,모자,54,google,trend_relative
2025-12-21,모자,65,google,trend_relative
2025-12-28,모자,55,google,trend_relative
2026-01-04,모자,56,google,trend_relative
2026-01-11,모자,51,google,trend_relative
2026-01-18,모자,52,google,trend_relative
2026-01-25,모자,50,google,trend_relative
2026-02-01,모자,48,google,trend_relative
2026-02-08,모자,45,google,trend_relative
2026-02-15,모자,45,google,trend_relative
2026-02-22,모자,50,google,trend_relative
2026-03-01,모자,50,google,trend_relative
2026-03-08,모자,49,google,trend_relative
2026-03-15,모자,50,google,trend_relative
2026-03-22,모자,52,google,trend_relative
2026-03-29,모자,53,google,trend_relative
2026-04-05,모자,55,google,trend_relative
2026-04-12,모자,58,google,trend_relative
2026-04-19,모자,65,google,trend_relative
2026-04-26,모자,75,google,trend_relative
2026-05-03,모자,83,google,trend_relative
2026-05-10,모자,81,google,trend_relative
2026-05-17,모자,86,google,trend_relative
2026-05-24,모자,82,google,trend_relative
2026-05-31,모자,75,google,trend_relative
2026-06-07,모자,58,google,trend_relative
2026-06-14,모자,61,google,trend_relative
2026-06-21,모자,61,google,trend_relative
2026-06-28,모자,61,google,trend_relative
2026-07-05,모자,58,google,trend_relative
2026-07-12,모자,59,google,trend_relative
2026-07-19,모자,53,google,trend_relative
2026-07-26,모자,57,google,trend_relative
2026-08-02,모자,50,google,trend_relative
2026-08-09,모자,48,google,trend_relative
2026-08-16,모자,49,google,trend_relative
2026-08-23,모자,53,google,trend_relative
2026-08-30,모자,47,google,trend_relative
2026-09-06,모자,51,google,trend_relative
2026-09-13,모자,56,google,trend_relative
2025-09-14,벨트,31,google,trend_relative
2025-09-21,벨트,31,google,trend_relative
2025-09-28,벨트,33,google,trend_relative
2025-10-05,벨트,34,google,trend_relative
2025-10-12,벨트,32,google,trend_relative
2025-10-19,벨트,31,google,trend_relative
2025-10-26,벨트,31,google,trend_relative
2025-11-02,벨트,30,google,trend_relative
2025-11-09,벨트,32,google,trend_relative
2025-11-16,벨트,29,google,trend_relative
2025-11-23,벨트,29,google,trend_relative
2025-11-30,벨트,31,google,trend_relative
2025-12-07,벨트,30,google,trend_relative
2025-12-14,벨트,28,google,trend_relative
2025-12-21,벨트,29,google,trend_relative
2025-12-28,벨트,26,google,trend_relative
2026-01-04,벨트,29,google,trend_relative
2026-01-11,벨트,27,google,trend_relative
2026-01-18,벨트,32,google,trend_relative
2026-01-25,벨트,33,google,trend_relative
2026-02-01,벨트,31,google,trend_relative
2026-02-08,벨트,31,google,trend_relative
2026-02-15,벨트,29,google,trend_relative
2026-02-22,벨트,36,google,trend_relative
2026-03-01,벨트,34,google,trend_relative
2026-03-08,벨트,33,google,trend_relative
2026-03-15,벨트,34,google,trend_relative
2026-03-22,벨트,33,google,trend_relative
2026-03-29,벨트,32,google,trend_relative
2026-04-05,벨트,30,google,trend_relative
2026-04-12,벨트,32,google,trend_relative
2026-04-19,벨트,33,google,trend_relative
2026-04-26,벨트,29,google,trend_relative
2026-05-03,벨트,29,google,trend_relative
2026-05-10,벨트,31,google,trend_relative
2026-05-17,벨트,31,google,trend_relative
2026-05-24,벨트,33,google,trend_relative
2026-05-31,벨트,65,google,trend_relative
2026-06-07,벨트,30,google,trend_relative
2026-06-14,벨트,29,google,trend_relative
2026-06-21,벨트,30,google,trend_relative
2026-06-28,벨트,31,google,trend_relative
2026-07-05,벨트,31,google,trend_relative
2026-07-12,벨트,31,google,trend_relative
2026-07-19,벨트,28,google,trend_relative
2026-07-26,벨트,46,google,trend_relative
2026-08-02,벨트,42,google,trend_relative
2026-08-09,벨트,26,google,trend_relative
2026-08-16,벨트,27,google,trend_relative
2026-08-23,벨트,32,google,trend_relative
2026-08-30,벨트,28,google,trend_relative
2026-09-06,벨트,28,google,trend_relative
2026-09-13,벨트,31,google,trend_relative
2025-09-14,스카프,5,google,trend_relative
2025-09-21,스카프,6,google,trend_relative
2025-09-28,스카프,5,google,trend_relative
2025-10-05,스카프,5,google,trend_relative
2025-10-12,스카프,6,google,trend_relative
2025-10-19,스카프,8,google,trend_relative
2025-10-26,스카프,7,google,trend_relative
2025-11-02,스카프,8,google,trend_relative
2025-11-09,스카프,8,google,trend_relative
2025-11-16,스카프,9,google,trend_relative
2025-11-23,스카프,9,google,trend_relative
2025-11-30,스카프,8,google,trend_relative
2025-12-07,스카프,9,google,trend_relative
2025-12-14,스카프,8,google,trend_relative
2025-12-21,스카프,7,google,trend_relative
2025-12-28,스카프,7,google,trend_relative
2026-01-04,스카프,8,google,trend_relative
2026-01-11,스카프,8,google,trend_relative
2026-01-18,스카프,7,google,trend_relative
2026-01-25,스카프,6,google,trend_relative
2026-02-01,스카프,8,google,trend_relative
2026-02-08,스카프,7,google,trend_relative
2026-02-15,스카프,6,google,trend_relative
2026-02-22,스카프,7,google,trend_relative
2026-03-01,스카프,7,google,trend_relative
2026-03-08,스카프,9,google,trend_relative
2026-03-15,스카프,9,google,trend_relative
2026-03-22,스카프,8,google,trend_relative
2026-03-29,스카프,6,google,trend_relative
2026-04-05,스카프,10,google,trend_relative
2026-04-12,스카프,9,google,trend_relative
2026-04-19,스카프,7,google,trend_relative
2026-04-26,스카프,7,google,trend_relative
2026-05-03,스카프,8,google,trend_relative
2026-05-10,스카프,6,google,trend_relative
2026-05-17,스카프,6,google,trend_relative
2026-05-24,스카프,7,google,trend_relative
2026-05-31,스카프,6,google,trend_relative
2026-06-07,스카프,5,google,trend_relative
2026-06-14,스카프,8,google,trend_relative
2026-06-21,스카프,8,google,trend_relative
2026-06-28,스카프,8,google,trend_relative
2026-07-05,스카프,8,google,trend_relative
2026-07-12,스카프,7,google,trend_relative
2026-07-19,스카프,7,google,trend_relative
2026-07-26,스카프,7,google,trend_relative
2026-08-02,스카프,7,google,trend_relative
2026-08-09,스카프,6,google,trend_relative
2026-08-16,스카프,7,google,trend_relative
2026-08-23,스카프,6,google,trend_relative
2026-08-30,스카프,6,google,trend_relative
2026-09-06,스카프,7,google,trend_relative
2026-09-13,스카프,8,google,trend_relative
2025-09-14,시계,93,google,trend_relative
2025-09-21,시계,96,google,trend_relative
2025-09-28,시계,91,google,trend_relative
2025-10-05,시계,94,google,trend_relative
2025-10-12,시계,92,google,trend_relative
2025-10-19,시계,97,google,trend_relative
2025-10-26,시계,91,google,trend_relative
2025-11-02,시계,86,google,trend_relative
2025-11-09,시계,92,google,trend_relative
2025-11-16,시계,91,google,trend_relative
2025-11-23,시계,88,google,trend_relative
2025-11-30,시계,85,google,trend_relative
2025-12-07,시계,85,google,trend_relative
2025-12-14,시계,87,google,trend_relative
2025-12-21,시계,91,google,trend_relative
2025-12-28,시계,100,google,trend_relative
2026-01-04,시계,90,google,trend_relative
2026-01-11,시계,91,google,trend_relative
2026-01-18,시계,86,google,trend_relative
2026-01-25,시계,89,google,trend_relative
2026-02-01,시계,90,google,trend_relative
2026-02-08,시계,85,google,trend_relative
2026-02-15,시계,78,google,trend_relative
2026-02-22,시계,99,google,trend_relative
2026-03-01,시계,100,google,trend_relative
2026-03-08,시계,94,google,trend_relative
2026-03-15,시계,89,google,trend_relative
2026-03-22,시계,95,google,trend_relative
2026-03-29,시계,90,google,trend_relative
2026-04-05,시계,82,google,trend_relative
2026-04-12,시계,78,google,trend_relative
2026-04-19,시계,83,google,trend_relative
2026-04-26,시계,82,google,trend_relative
2026-05-03,시계,90,google,trend_relative
2026-05-10,시계,91,google,trend_relative
2026-05-17,시계,96,google,trend_relative
2026-05-24,시계,91,google,trend_relative
2026-05-31,시계,86,google,trend_relative
2026-06-07,시계,89,google,trend_relative
2026-06-14,시계,84,google,trend_relative
2026-06-21,시계,88,google,trend_relative
2026-06-28,시계,85,google,trend_relative
2026-07-05,시계,87,google,trend_relative
2026-07-12,시계,86,google,trend_relative
2026-07-19,시계,85,google,trend_relative
2026-07-26,시계,82,google,trend_relative
2026-08-02,시계,81,google,trend_relative
2026-08-09,시계,85,google,trend_relative
2026-08-16,시계,88,google,trend_relative
2026-08-23,시계,98,google,trend_relative
2026-08-30,시계,95,google,trend_relative
2026-09-06,시계,98,google,trend_relative
2026-09-13,시계,94,google,trend_relative
2025-09-14,안경,52,google,trend_relative
2025-09-21,안경,53,google,trend_relative
2025-09-28,안경,57,google,trend_relative
2025-10-05,안경,57,google,trend_relative
2025-10-12,안경,54,google,trend_relative
2025-10-19,안경,52,google,trend_relative
2025-10-26,안경,57,google,trend_relative
2025-11-02,안경,54,google,trend_relative
2025-11-09,안경,57,google,trend_relative
2025-11-16,안경,54,google,trend_relative
2025-11-23,안경,55,google,trend_relative
2025-11-30,안경,54,google,trend_relative
2025-12-07,안경,57,google,trend_relative
2025-12-14,안경,59,google,trend_relative
2025-12-21,안경,55,google,trend_relative
2025-12-28,안경,62,google,trend_relative
2026-01-04,안경,55,google,trend_relative
2026-01-11,안경,56,google,trend_relative
2026-01-18,안경,62,google,trend_relative
2026-01-25,안경,62,google,trend_relative
2026-02-01,안경,57,google,trend_relative
2026-02-08,안경,53,google,trend_relative
2026-02-15,안경,52,google,trend_relative
2026-02-22,안경,59,google,trend_relative
2026-03-01,안경,58,google,trend_relative
2026-03-08,안경,56,google,trend_relative
2026-03-15,안경,58,google,trend_relative
2026-03-22,안경,55,google,trend_relative
2026-03-29,안경,57,google,trend_relative
2026-04-05,안경,57,google,trend_relative
2026-04-12,안경,56,google,trend_relative
2026-04-19,안경,57,google,trend_relative
2026-04-26,안경,56,google,trend_relative
2026-05-03,안경,56,google,trend_relative
2026-05-10,안경,58,google,trend_relative
2026-05-17,안경,59,google,trend_relative
2026-05-24,안경,56,google,trend_relative
2026-05-31,안경,54,google,trend_relative
2026-06-07,안경,55,google,trend_relative
2026-06-14,안경,55,google,trend_relative
2026-06-21,안경,57,google,trend_relative
2026-06-28,안경,53,google,trend_relative
2026-07-05,안경,72,google,trend_relative
2026-07-12,안경,55,google,trend_relative
2026-07-19,안경,54,google,trend_relative
2026-07-26,안경,54,google,trend_relative
2026-08-02,안경,52,google,trend_relative
2026-08-09,안경,53,google,trend_relative
2026-08-16,안경,51,google,trend_relative
2026-08-23,안경,55,google,trend_relative
2026-08-30,안경,50,google,trend_relative
2026-09-06,안경,53,google,trend_relative
2026-09-13,안경,54,google,trend_relative
2025-09-14,수영복,7,google,trend_relative
2025-09-21,수영복,7,google,trend_relative
2025-09-28,수영복,8,google,trend_relative
2025-10-05,수영복,7,google,trend_relative
2025-10-12,수영복,6,google,trend_relative
2025-10-19,수영복,6,google,trend_relative
2025-10-26,수영복,6,google,trend_relative
2025-11-02,수영복,6,google,trend_relative
2025-11-09,수영복,7,google,trend_relative
2025-11-16,수영복,7,google,trend_relative
2025-11-23,수영복,6,google,trend_relative
2025-11-30,수영복,7,google,trend_relative
2025-12-07,수영복,7,google,trend_relative
2025-12-14,수영복,8,google,trend_relative
2025-12-21,수영복,9,google,trend_relative
2025-12-28,수영복,8,google,trend_relative
2026-01-04,수영복,7,google,trend_relative
2026-01-11,수영복,7,google,trend_relative
2026-01-18,수영복,7,google,trend_relative
2026-01-25,수영복,7,google,trend_relative
2026-02-01,수영복,7,google,trend_relative
2026-02-08,수영복,6,google,trend_relative
2026-02-15,수영복,6,google,trend_relative
2026-02-22,수영복,7,google,trend_relative
2026-03-01,수영복,6,google,trend_relative
2026-03-08,수영복,6,google,trend_relative
2026-03-15,수영복,6,google,trend_relative
2026-03-22,수영복,7,google,trend_relative
2026-03-29,수영복,6,google,trend_relative
2026-04-05,수영복,6,google,trend_relative
2026-04-12,수영복,6,google,trend_relative
2026-04-19,수영복,6,google,trend_relative
2026-04-26,수영복,7,google,trend_relative
2026-05-03,수영복,6,google,trend_relative
2026-05-10,수영복,6,google,trend_relative
2026-05-17,수영복,7,google,trend_relative
2026-05-24,수영복,7,google,trend_relative
2026-05-31,수영복,7,google,trend_relative
2026-06-07,수영복,8,google,trend_relative
2026-06-14,수영복,8,google,trend_relative
2026-06-21,수영복,11,google,trend_relative
2026-06-28,수영복,13,google,trend_relative
2026-07-05,수영복,14,google,trend_relative
2026-07-12,수영복,12,google,trend_relative
2026-07-19,수영복,12,google,trend_relative
2026-07-26,수영복,14,google,trend_relative
2026-08-02,수영복,13,google,trend_relative
2026-08-09,수영복,13,google,trend_relative
2026-08-16,수영복,9,google,trend_relative
2026-08-23,수영복,8,google,trend_relative
2026-08-30,수영복,8,google,trend_relative
2026-09-06,수영복,7,google,trend_relative
2026-09-13,수영복,8,google,trend_relative
2025-09-14,그런지,0,google,trend_relative
2025-09-21,그런지,0,google,trend_relative
2025-09-28,그런지,0,google,trend_relative
2025-10-05,그런지,0,google,trend_relative
2025-10-12,그런지,0,google,trend_relative
2025-10-19,그런지,0,google,trend_relative
2025-10-26,그런지,0,google,trend_relative
2025-11-02,그런지,0,google,trend_relative
2025-11-09,그런지,0,google,trend_relative
2025-11-16,그런지,0,google,trend_relative
2025-11-23,그런지,0,google,trend_relative
2025-11-30,그런지,0,google,trend_relative
2025-12-07,그런지,0,google,trend_relative
2025-12-14,그런지,0,google,trend_relative
2025-12-21,그런지,0,google,trend_relative
2025-12-28,그런지,0,google,trend_relative
2026-01-04,그런지,0,google,trend_relative
2026-01-11,그런지,0,google,trend_relative
2026-01-18,그런지,0,google,trend_relative
2026-01-25,그런지,0,google,trend_relative
2026-02-01,그런지,0,google,trend_relative
2026-02-08,그런지,0,google,trend_relative
2026-02-15,그런지,0,google,trend_relative
2026-02-22,그런지,0,google,trend_relative
2026-03-01,그런지,0,google,trend_relative
2026-03-08,그런지,0,google,trend_relative
2026-03-15,그런지,1,google,trend_relative
2026-03-22,그런지,0,google,trend_relative
2026-03-29,그런지,0,google,trend_relative
2026-04-05,그런지,0,google,trend_relative
2026-04-12,그런지,0,google,trend_relative
2026-04-19,그런지,0,google,trend_relative
2026-04-26,그런지,0,google,trend_relative
2026-05-03,그런지,0,google,trend_relative
2026-05-10,그런지,0,google,trend_relative
2026-05-17,그런지,0,google,trend_relative
2026-05-24,그런지,0,google,trend_relative
2026-05-31,그런지,0,google,trend_relative
2026-06-07,그런지,0,google,trend_relative
2026-06-14,그런지,0,google,trend_relative
2026-06-21,그런지,0,google,trend_relative
2026-06-28,그런지,0,google,trend_relative
2026-07-05,그런지,1,google,trend_relative
2026-07-12,그런지,1,google,trend_relative
2026-07-19,그런지,0,google,trend_relative
2026-07-26,그런지,0,google,trend_relative
2026-08-02,그런지,0,google,trend_relative
2026-08-09,그런지,0,google,trend_relative
2026-08-16,그런지,0,google,trend_relative
2026-08-23,그런지,1,google,trend_relative
2026-08-30,그런지,0,google,trend_relative
2026-09-06,그런지,0,google,trend_relative
2026-09-13,그런지,1,google,trend_relative
2025-09-14,클래식,22,google,trend_relative
2025-09-21,클래식,25,google,trend_relative
2025-09-28,클래식,23,google,trend_relative
2025-10-05,클래식,27,google,trend_relative
2025-10-12,클래식,23,google,trend_relative
2025-10-19,클래식,25,google,trend_relative
2025-10-26,클래식,23,google,trend_relative
2025-11-02,클래식,23,google,trend_relative
2025-11-09,클래식,24,google,trend_relative
2025-11-16,클래식,21,google,trend_relative
2025-11-23,클래식,21,google,trend_relative
2025-11-30,클래식,22,google,trend_relative
2025-12-07,클래식,21,google,trend_relative
2025-12-14,클래식,19,google,trend_relative
2025-12-21,클래식,20,google,trend_relative
2025-12-28,클래식,26,google,trend_relative
2026-01-04,클래식,32,google,trend_relative
2026-01-11,클래식,41,google,trend_relative
2026-01-18,클래식,35,google,trend_relative
2026-01-25,클래식,32,google,trend_relative
2026-02-01,클래식,55,google,trend_relative
2026-02-08,클래식,100,google,trend_relative
2026-02-15,클래식,82,google,trend_relative
2026-02-22,클래식,81,google,trend_relative
2026-03-01,클래식,78,google,trend_relative
2026-03-08,클래식,77,google,trend_relative
2026-03-15,클래식,64,google,trend_relative
2026-03-22,클래식,63,google,trend_relative
2026-03-29,클래식,61,google,trend_relative
2026-04-05,클래식,49,google,trend_relative
2026-04-12,클래식,42,google,trend_relative
2026-04-19,클래식,46,google,trend_relative
2026-04-26,클래식,43,google,trend_relative
2026-05-03,클래식,39,google,trend_relative
2026-05-10,클래식,38,google,trend_relative
2026-05-17,클래식,37,google,trend_relative
2026-05-24,클래식,34,google,trend_relative
2026-05-31,클래식,34,google,trend_relative
2026-06-07,클래식,33,google,trend_relative
2026-06-14,클래식,30,google,trend_relative
2026-06-21,클래식,32,google,trend_relative
2026-06-28,클래식,31,google,trend_relative
2026-07-05,클래식,32,google,trend_relative
2026-07-12,클래식,35,google,trend_relative
2026-07-19,클래식,36,google,trend_relative
2026-07-26,클래식,59,google,trend_relative
2026-08-02,클래식,38,google,trend_relative
2026-08-09,클래식,29,google,trend_relative
2026-08-16,클래식,29,google,trend_relative
2026-08-23,클래식,27,google,trend_relative
2026-08-30,클래식,26,google,trend_relative
2026-09-06,클래식,27,google,trend_relative
2026-09-13,클래식,28,google,trend_relative
2025-09-14,페미닌,0,google,trend_relative
2025-09-21,페미닌,0,google,trend_relative
2025-09-28,페미닌,0,google,trend_relative
2025-10-05,페미닌,0,google,trend_relative
2025-10-12,페미닌,0,google,trend_relative
2025-10-19,페미닌,0,google,trend_relative
2025-10-26,페미닌,0,google,trend_relative
2025-11-02,페미닌,0,google,trend_relative
2025-11-09,페미닌,0,google,trend_relative
2025-11-16,페미닌,0,google,trend_relative
2025-11-23,페미닌,0,google,trend_relative
2025-11-30,페미닌,0,google,trend_relative
2025-12-07,페미닌,0,google,trend_relative
2025-12-14,페미닌,0,google,trend_relative
2025-12-21,페미닌,0,google,trend_relative
2025-12-28,페미닌,0,google,trend_relative
2026-01-04,페미닌,0,google,trend_relative
2026-01-11,페미닌,0,google,trend_relative
2026-01-18,페미닌,0,google,trend_relative
2026-01-25,페미닌,0,google,trend_relative
2026-02-01,페미닌,0,google,trend_relative
2026-02-08,페미닌,0,google,trend_relative
2026-02-15,페미닌,0,google,trend_relative
2026-02-22,페미닌,0,google,trend_relative
2026-03-01,페미닌,0,google,trend_relative
2026-03-08,페미닌,0,google,trend_relative
2026-03-15,페미닌,0,google,trend_relative
2026-03-22,페미닌,0,google,trend_relative
2026-03-29,페미닌,0,google,trend_relative
2026-04-05,페미닌,0,google,trend_relative
2026-04-12,페미닌,0,google,trend_relative
2026-04-19,페미닌,0,google,trend_relative
2026-04-26,페미닌,0,google,trend_relative
2026-05-03,페미닌,0,google,trend_relative
2026-05-10,페미닌,0,google,trend_relative
2026-05-17,페미닌,0,google,trend_relative
2026-05-24,페미닌,0,google,trend_relative
2026-05-31,페미닌,0,google,trend_relative
2026-06-07,페미닌,0,google,trend_relative
2026-06-14,페미닌,0,google,trend_relative
2026-06-21,페미닌,0,google,trend_relative
2026-06-28,페미닌,0,google,trend_relative
2026-07-05,페미닌,0,google,trend_relative
2026-07-12,페미닌,0,google,trend_relative
2026-07-19,페미닌,0,google,trend_relative
2026-07-26,페미닌,0,google,trend_relative
2026-08-02,페미닌,0,google,trend_relative
2026-08-09,페미닌,0,google,trend_relative
2026-08-16,페미닌,0,google,trend_relative
2026-08-23,페미닌,0,google,trend_relative
2026-08-30,페미닌,0,google,trend_relative
2026-09-06,페미닌,0,google,trend_relative
2026-09-13,페미닌,0,google,trend_relative
2025-09-14,아메카지,0,google,trend_relative
2025-09-21,아메카지,0,google,trend_relative
2025-09-28,아메카지,0,google,trend_relative
2025-10-05,아메카지,1,google,trend_relative
2025-10-12,아메카지,1,google,trend_relative
2025-10-19,아메카지,1,google,trend_relative
2025-10-26,아메카지,0,google,trend_relative
2025-11-02,아메카지,0,google,trend_relative
2025-11-09,아메카지,0,google,trend_relative
2025-11-16,아메카지,0,google,trend_relative
2025-11-23,아메카지,0,google,trend_relative
2025-11-30,아메카지,0,google,trend_relative
2025-12-07,아메카지,0,google,trend_relative
2025-12-14,아메카지,0,google,trend_relative
2025-12-21,아메카지,0,google,trend_relative
2025-12-28,아메카지,1,google,trend_relative
2026-01-04,아메카지,1,google,trend_relative
2026-01-11,아메카지,0,google,trend_relative
2026-01-18,아메카지,0,google,trend_relative
2026-01-25,아메카지,1,google,trend_relative
2026-02-01,아메카지,0,google,trend_relative
2026-02-08,아메카지,0,google,trend_relative
2026-02-15,아메카지,1,google,trend_relative
2026-02-22,아메카지,0,google,trend_relative
2026-03-01,아메카지,0,google,trend_relative
2026-03-08,아메카지,0,google,trend_relative
2026-03-15,아메카지,1,google,trend_relative
2026-03-22,아메카지,1,google,trend_relative
2026-03-29,아메카지,1,google,trend_relative
2026-04-05,아메카지,0,google,trend_relative
2026-04-12,아메카지,0,google,trend_relative
2026-04-19,아메카지,0,google,trend_relative
2026-04-26,아메카지,0,google,trend_relative
2026-05-03,아메카지,1,google,trend_relative
2026-05-10,아메카지,0,google,trend_relative
2026-05-17,아메카지,0,google,trend_relative
2026-05-24,아메카지,0,google,trend_relative
2026-05-31,아메카지,0,google,trend_relative
2026-06-07,아메카지,0,google,trend_relative
2026-06-14,아메카지,0,google,trend_relative
2026-06-21,아메카지,0,google,trend_relative
2026-06-28,아메카지,0,google,trend_relative
2026-07-05,아메카지,0,google,trend_relative
2026-07-12,아메카지,0,google,trend_relative
2026-07-19,아메카지,0,google,trend_relative
2026-07-26,아메카지,0,google,trend_relative
2026-08-02,아메카지,0,google,trend_relative
2026-08-09,아메카지,0,google,trend_relative
2026-08-16,아메카지,0,google,trend_relative
2026-08-23,아메카지,0,google,trend_relative
2026-08-30,아메카지,0,google,trend_relative
2026-09-06,아메카지,0,google,trend_relative
2026-09-13,아메카지,0,google,trend_relative
2025-09-14,발레코어,1,google,trend_relative
2025-09-21,발레코어,0,google,trend_relative
2025-09-28,발레코어,0,google,trend_relative
2025-10-05,발레코어,1,google,trend_relative
2025-10-12,발레코어,0,google,trend_relative
2025-10-19,발레코어,0,google,trend_relative
2025-10-26,발레코어,0,google,trend_relative
2025-11-02,발레코어,0,google,trend_relative
2025-11-09,발레코어,0,google,trend_relative
2025-11-16,발레코어,0,google,trend_relative
2025-11-23,발레코어,0,google,trend_relative
2025-11-30,발레코어,0,google,trend_relative
2025-12-07,발레코어,0,google,trend_relative
2025-12-14,발레코어,1,google,trend_relative
2025-12-21,발레코어,0,google,trend_relative
2025-12-28,발레코어,0,google,trend_relative
2026-01-04,발레코어,0,google,trend_relative
2026-01-11,발레코어,1,google,trend_relative
2026-01-18,발레코어,0,google,trend_relative
2026-01-25,발레코어,0,google,trend_relative
2026-02-01,발레코어,0,google,trend_relative
2026-02-08,발레코어,0,google,trend_relative
2026-02-15,발레코어,0,google,trend_relative
2026-02-22,발레코어,1,google,trend_relative
2026-03-01,발레코어,1,google,trend_relative
2026-03-08,발레코어,0,google,trend_relative
2026-03-15,발레코어,0,google,trend_relative
2026-03-22,발레코어,1,google,trend_relative
2026-03-29,발레코어,0,google,trend_relative
2026-04-05,발레코어,0,google,trend_relative
2026-04-12,발레코어,0,google,trend_relative
2026-04-19,발레코어,1,google,trend_relative
2026-04-26,발레코어,0,google,trend_relative
2026-05-03,발레코어,0,google,trend_relative
2026-05-10,발레코어,0,google,trend_relative
2026-05-17,발레코어,0,google,trend_relative
2026-05-24,발레코어,1,google,trend_relative
2026-05-31,발레코어,0,google,trend_relative
2026-06-07,발레코어,1,google,trend_relative
2026-06-14,발레코어,0,google,trend_relative
2026-06-21,발레코어,0,google,trend_relative
2026-06-28,발레코어,1,google,trend_relative
2026-07-05,발레코어,1,google,trend_relative
2026-07-12,발레코어,0,google,trend_relative
2026-07-19,발레코어,0,google,trend_relative
2026-07-26,발레코어,1,google,trend_relative
2026-08-02,발레코어,0,google,trend_relative
2026-08-09,발레코어,1,google,trend_relative
2026-08-16,발레코어,1,google,trend_relative
2026-08-23,발레코어,0,google,trend_relative
2026-08-30,발레코어,1,google,trend_relative
2026-09-06,발레코어,1,google,trend_relative
2026-09-13,발레코어,1,google,trend_relative
2025-09-14,블록코어,1,google,trend_relative
2025-09-21,블록코어,1,google,trend_relative
2025-09-28,블록코어,0,google,trend_relative
2025-10-05,블록코어,0,google,trend_relative
2025-10-12,블록코어,1,google,trend_relative
2025-10-19,블록코어,0,google,trend_relative
2025-10-26,블록코어,1,google,trend_relative
2025-11-02,블록코어,0,google,trend_relative
2025-11-09,블록코어,0,google,trend_relative
2025-11-16,블록코어,0,google,trend_relative
2025-11-23,블록코어,0,google,trend_relative
2025-11-30,블록코어,0,google,trend_relative
2025-12-07,블록코어,0,google,trend_relative
2025-12-14,블록코어,0,google,trend_relative
2025-12-21,블록코어,0,google,trend_relative
2025-12-28,블록코어,0,google,trend_relative
2026-01-04,블록코어,0,google,trend_relative
2026-01-11,블록코어,1,google,trend_relative
2026-01-18,블록코어,0,google,trend_relative
2026-01-25,블록코어,0,google,trend_relative
2026-02-01,블록코어,0,google,trend_relative
2026-02-08,블록코어,1,google,trend_relative
2026-02-15,블록코어,0,google,trend_relative
2026-02-22,블록코어,1,google,trend_relative
2026-03-01,블록코어,0,google,trend_relative
2026-03-08,블록코어,0,google,trend_relative
2026-03-15,블록코어,0,google,trend_relative
2026-03-22,블록코어,0,google,trend_relative
2026-03-29,블록코어,0,google,trend_relative
2026-04-05,블록코어,0,google,trend_relative
2026-04-12,블록코어,1,google,trend_relative
2026-04-19,블록코어,0,google,trend_relative
2026-04-26,블록코어,0,google,trend_relative
2026-05-03,블록코어,0,google,trend_relative
2026-05-10,블록코어,0,google,trend_relative
2026-05-17,블록코어,0,google,trend_relative
2026-05-24,블록코어,1,google,trend_relative
2026-05-31,블록코어,1,google,trend_relative
2026-06-07,블록코어,1,google,trend_relative
2026-06-14,블록코어,1,google,trend_relative
2026-06-21,블록코어,1,google,trend_relative
2026-06-28,블록코어,1,google,trend_relative
2026-07-05,블록코어,1,google,trend_relative
2026-07-12,블록코어,1,google,trend_relative
2026-07-19,블록코어,0,google,trend_relative
2026-07-26,블록코어,1,google,trend_relative
2026-08-02,블록코어,0,google,trend_relative
2026-08-09,블록코어,0,google,trend_relative
2026-08-16,블록코어,0,google,trend_relative
2026-08-23,블록코어,0,google,trend_relative
2026-08-30,블록코어,1,google,trend_relative
2026-09-06,블록코어,1,google,trend_relative
2026-09-13,블록코어,1,google,trend_relative
2025-09-14,니트,41,google,trend_relative
2025-09-21,니트,47,google,trend_relative
2025-09-28,니트,50,google,trend_relative
2025-10-05,니트,61,google,trend_relative
2025-10-12,니트,57,google,trend_relative
2025-10-19,니트,82,google,trend_relative
2025-10-26,니트,82,google,trend_relative
2025-11-02,니트,86,google,trend_relative
2025-11-09,니트,86,google,trend_relative
2025-11-16,니트,100,google,trend_relative
2025-11-23,니트,94,google,trend_relative
2025-11-30,니트,88,google,trend_relative
2025-12-07,니트,88,google,trend_relative
2025-12-14,니트,87,google,trend_relative
2025-12-21,니트,89,google,trend_relative
2025-12-28,니트,74,google,trend_relative
2026-01-04,니트,67,google,trend_relative
2026-01-11,니트,67,google,trend_relative
2026-01-18,니트,74,google,trend_relative
2026-01-25,니트,74,google,trend_relative
2026-02-01,니트,65,google,trend_relative
2026-02-08,니트,58,google,trend_relative
2026-02-15,니트,59,google,trend_relative
2026-02-22,니트,57,google,trend_relative
2026-03-01,니트,56,google,trend_relative
2026-03-08,니트,57,google,trend_relative
2026-03-15,니트,54,google,trend_relative
2026-03-22,니트,52,google,trend_relative
2026-03-29,니트,43,google,trend_relative
2026-04-05,니트,42,google,trend_relative
2026-04-12,니트,38,google,trend_relative
2026-04-19,니트,35,google,trend_relative
2026-04-26,니트,33,google,trend_relative
2026-05-03,니트,35,google,trend_relative
2026-05-10,니트,38,google,trend_relative
2026-05-17,니트,35,google,trend_relative
2026-05-24,니트,35,google,trend_relative
2026-05-31,니트,32,google,trend_relative
2026-06-07,니트,31,google,trend_relative
2026-06-14,니트,30,google,trend_relative
2026-06-21,니트,31,google,trend_relative
2026-06-28,니트,31,google,trend_relative
2026-07-05,니트,30,google,trend_relative
2026-07-12,니트,29,google,trend_relative
2026-07-19,니트,29,google,trend_relative
2026-07-26,니트,27,google,trend_relative
2026-08-02,니트,26,google,trend_relative
2026-08-09,니트,26,google,trend_relative
2026-08-16,니트,30,google,trend_relative
2026-08-23,니트,33,google,trend_relative
2026-08-30,니트,32,google,trend_relative
2026-09-06,니트,44,google,trend_relative
2026-09-13,니트,54,google,trend_relative
2025-09-14,래시가드,1,google,trend_relative
2025-09-21,래시가드,0,google,trend_relative
2025-09-28,래시가드,0,google,trend_relative
2025-10-05,래시가드,0,google,trend_relative
2025-10-12,래시가드,0,google,trend_relative
2025-10-19,래시가드,0,google,trend_relative
2025-10-26,래시가드,0,google,trend_relative
2025-11-02,래시가드,1,google,trend_relative
2025-11-09,래시가드,0,google,trend_relative
2025-11-16,래시가드,0,google,trend_relative
2025-11-23,래시가드,0,google,trend_relative
2025-11-30,래시가드,0,google,trend_relative
2025-12-07,래시가드,0,google,trend_relative
2025-12-14,래시가드,0,google,trend_relative
2025-12-21,래시가드,0,google,trend_relative
2025-12-28,래시가드,0,google,trend_relative
2026-01-04,래시가드,0,google,trend_relative
2026-01-11,래시가드,1,google,trend_relative
2026-01-18,래시가드,0,google,trend_relative
2026-01-25,래시가드,0,google,trend_relative
2026-02-01,래시가드,0,google,trend_relative
2026-02-08,래시가드,0,google,trend_relative
2026-02-15,래시가드,0,google,trend_relative
2026-02-22,래시가드,0,google,trend_relative
2026-03-01,래시가드,0,google,trend_relative
2026-03-08,래시가드,0,google,trend_relative
2026-03-15,래시가드,0,google,trend_relative
2026-03-22,래시가드,0,google,trend_relative
2026-03-29,래시가드,0,google,trend_relative
2026-04-05,래시가드,0,google,trend_relative
2026-04-12,래시가드,0,google,trend_relative
2026-04-19,래시가드,0,google,trend_relative
2026-04-26,래시가드,0,google,trend_relative
2026-05-03,래시가드,1,google,trend_relative
2026-05-10,래시가드,0,google,trend_relative
2026-05-17,래시가드,0,google,trend_relative
2026-05-24,래시가드,0,google,trend_relative
2026-05-31,래시가드,0,google,trend_relative
2026-06-07,래시가드,1,google,trend_relative
2026-06-14,래시가드,1,google,trend_relative
2026-06-21,래시가드,1,google,trend_relative
2026-06-28,래시가드,2,google,trend_relative
2026-07-05,래시가드,1,google,trend_relative
2026-07-12,래시가드,2,google,trend_relative
2026-07-19,래시가드,2,google,trend_relative
2026-07-26,래시가드,0,google,trend_relative
2026-08-02,래시가드,1,google,trend_relative
2026-08-09,래시가드,0,google,trend_relative
2026-08-16,래시가드,1,google,trend_relative
2026-08-23,래시가드,0,google,trend_relative
2026-08-30,래시가드,0,google,trend_relative
2026-09-06,래시가드,0,google,trend_relative
2026-09-13,래시가드,0,google,trend_relative
2025-09-14,맨투맨,11,google,trend_relative
2025-09-21,맨투맨,14,google,trend_relative
2025-09-28,맨투맨,17,google,trend_relative
2025-10-05,맨투맨,21,google,trend_relative
2025-10-12,맨투맨,20,google,trend_relative
2025-10-19,맨투맨,24,google,trend_relative
2025-10-26,맨투맨,23,google,trend_relative
2025-11-02,맨투맨,21,google,trend_relative
2025-11-09,맨투맨,21,google,trend_relative
2025-11-16,맨투맨,20,google,trend_relative
2025-11-23,맨투맨,20,google,trend_relative
2025-11-30,맨투맨,18,google,trend_relative
2025-12-07,맨투맨,18,google,trend_relative
2025-12-14,맨투맨,17,google,trend_relative
2025-12-21,맨투맨,15,google,trend_relative
2025-12-28,맨투맨,16,google,trend_relative
2026-01-04,맨투맨,16,google,trend_relative
2026-01-11,맨투맨,18,google,trend_relative
2026-01-18,맨투맨,14,google,trend_relative
2026-01-25,맨투맨,16,google,trend_relative
2026-02-01,맨투맨,15,google,trend_relative
2026-02-08,맨투맨,13,google,trend_relative
2026-02-15,맨투맨,15,google,trend_relative
2026-02-22,맨투맨,17,google,trend_relative
2026-03-01,맨투맨,14,google,trend_relative
2026-03-08,맨투맨,13,google,trend_relative
2026-03-15,맨투맨,15,google,trend_relative
2026-03-22,맨투맨,15,google,trend_relative
2026-03-29,맨투맨,14,google,trend_relative
2026-04-05,맨투맨,12,google,trend_relative
2026-04-12,맨투맨,7,google,trend_relative
2026-04-19,맨투맨,9,google,trend_relative
2026-04-26,맨투맨,7,google,trend_relative
2026-05-03,맨투맨,7,google,trend_relative
2026-05-10,맨투맨,6,google,trend_relative
2026-05-17,맨투맨,5,google,trend_relative
2026-05-24,맨투맨,5,google,trend_relative
2026-05-31,맨투맨,3,google,trend_relative
2026-06-07,맨투맨,4,google,trend_relative
2026-06-14,맨투맨,4,google,trend_relative
2026-06-21,맨투맨,4,google,trend_relative
2026-06-28,맨투맨,3,google,trend_relative
2026-07-05,맨투맨,4,google,trend_relative
2026-07-12,맨투맨,3,google,trend_relative
2026-07-19,맨투맨,5,google,trend_relative
2026-07-26,맨투맨,5,google,trend_relative
2026-08-02,맨투맨,3,google,trend_relative
2026-08-09,맨투맨,4,google,trend_relative
2026-08-16,맨투맨,5,google,trend_relative
2026-08-23,맨투맨,6,google,trend_relative
2026-08-30,맨투맨,6,google,trend_relative
2026-09-06,맨투맨,10,google,trend_relative
2026-09-13,맨투맨,13,google,trend_relative
2025-09-14,블라우스,8,google,trend_relative
2025-09-21,블라우스,10,google,trend_relative
2025-09-28,블라우스,6,google,trend_relative
2025-10-05,블라우스,9,google,trend_relative
2025-10-12,블라우스,8,google,trend_relative
2025-10-19,블라우스,8,google,trend_relative
2025-10-26,블라우스,8,google,trend_relative
2025-11-02,블라우스,7,google,trend_relative
2025-11-09,블라우스,8,google,trend_relative
2025-11-16,블라우스,8,google,trend_relative
2025-11-23,블라우스,8,google,trend_relative
2025-11-30,블라우스,8,google,trend_relative
2025-12-07,블라우스,8,google,trend_relative
2025-12-14,블라우스,8,google,trend_relative
2025-12-21,블라우스,8,google,trend_relative
2025-12-28,블라우스,7,google,trend_relative
2026-01-04,블라우스,9,google,trend_relative
2026-01-11,블라우스,9,google,trend_relative
2026-01-18,블라우스,10,google,trend_relative
2026-01-25,블라우스,9,google,trend_relative
2026-02-01,블라우스,9,google,trend_relative
2026-02-08,블라우스,8,google,trend_relative
2026-02-15,블라우스,8,google,trend_relative
2026-02-22,블라우스,10,google,trend_relative
2026-03-01,블라우스,9,google,trend_relative
2026-03-08,블라우스,9,google,trend_relative
2026-03-15,블라우스,10,google,trend_relative
2026-03-22,블라우스,10,google,trend_relative
2026-03-29,블라우스,11,google,trend_relative
2026-04-05,블라우스,25,google,trend_relative
2026-04-12,블라우스,25,google,trend_relative
2026-04-19,블라우스,16,google,trend_relative
2026-04-26,블라우스,46,google,trend_relative
2026-05-03,블라우스,13,google,trend_relative
2026-05-10,블라우스,12,google,trend_relative
2026-05-17,블라우스,12,google,trend_relative
2026-05-24,블라우스,13,google,trend_relative
2026-05-31,블라우스,11,google,trend_relative
2026-06-07,블라우스,23,google,trend_relative
2026-06-14,블라우스,14,google,trend_relative
2026-06-21,블라우스,13,google,trend_relative
2026-06-28,블라우스,12,google,trend_relative
2026-07-05,블라우스,11,google,trend_relative
2026-07-12,블라우스,14,google,trend_relative
2026-07-19,블라우스,13,google,trend_relative
2026-07-26,블라우스,10,google,trend_relative
2026-08-02,블라우스,10,google,trend_relative
2026-08-09,블라우스,9,google,trend_relative
2026-08-16,블라우스,11,google,trend_relative
2026-08-23,블라우스,10,google,trend_relative
2026-08-30,블라우스,9,google,trend_relative
2026-09-06,블라우스,13,google,trend_relative
2026-09-13,블라우스,9,google,trend_relative
2025-09-14,셔츠,80,google,trend_relative
2025-09-21,셔츠,90,google,trend_relative
2025-09-28,셔츠,81,google,trend_relative
2025-10-05,셔츠,79,google,trend_relative
2025-10-12,셔츠,79,google,trend_relative
2025-10-19,셔츠,75,google,trend_relative
2025-10-26,셔츠,65,google,trend_relative
2025-11-02,셔츠,60,google,trend_relative
2025-11-09,셔츠,60,google,trend_relative
2025-11-16,셔츠,60,google,trend_relative
2025-11-23,셔츠,52,google,trend_relative
2025-11-30,셔츠,50,google,trend_relative
2025-12-07,셔츠,51,google,trend_relative
2025-12-14,셔츠,51,google,trend_relative
2025-12-21,셔츠,55,google,trend_relative
2025-12-28,셔츠,48,google,trend_relative
2026-01-04,셔츠,48,google,trend_relative
2026-01-11,셔츠,47,google,trend_relative
2026-01-18,셔츠,47,google,trend_relative
2026-01-25,셔츠,51,google,trend_relative
2026-02-01,셔츠,48,google,trend_relative
2026-02-08,셔츠,55,google,trend_relative
2026-02-15,셔츠,56,google,trend_relative
2026-02-22,셔츠,64,google,trend_relative
2026-03-01,셔츠,67,google,trend_relative
2026-03-08,셔츠,61,google,trend_relative
2026-03-15,셔츠,65,google,trend_relative
2026-03-22,셔츠,79,google,trend_relative
2026-03-29,셔츠,82,google,trend_relative
2026-04-05,셔츠,71,google,trend_relative
2026-04-12,셔츠,87,google,trend_relative
2026-04-19,셔츠,79,google,trend_relative
2026-04-26,셔츠,84,google,trend_relative
2026-05-03,셔츠,87,google,trend_relative
2026-05-10,셔츠,88,google,trend_relative
2026-05-17,셔츠,86,google,trend_relative
2026-05-24,셔츠,84,google,trend_relative
2026-05-31,셔츠,82,google,trend_relative
2026-06-07,셔츠,75,google,trend_relative
2026-06-14,셔츠,72,google,trend_relative
2026-06-21,셔츠,67,google,trend_relative
2026-06-28,셔츠,70,google,trend_relative
2026-07-05,셔츠,71,google,trend_relative
2026-07-12,셔츠,60,google,trend_relative
2026-07-19,셔츠,60,google,trend_relative
2026-07-26,셔츠,64,google,trend_relative
2026-08-02,셔츠,57,google,trend_relative
2026-08-09,셔츠,54,google,trend_relative
2026-08-16,셔츠,60,google,trend_relative
2026-08-23,셔츠,77,google,trend_relative
2026-08-30,셔츠,65,google,trend_relative
2026-09-06,셔츠,72,google,trend_relative
2026-09-13,셔츠,100,google,trend_relative
2025-09-14,슬리브리스,1,google,trend_relative
2025-09-21,슬리브리스,1,google,trend_relative
2025-09-28,슬리브리스,0,google,trend_relative
2025-10-05,슬리브리스,0,google,trend_relative
2025-10-12,슬리브리스,0,google,trend_relative
2025-10-19,슬리브리스,0,google,trend_relative
2025-10-26,슬리브리스,0,google,trend_relative
2025-11-02,슬리브리스,0,google,trend_relative
2025-11-09,슬리브리스,1,google,trend_relative
2025-11-16,슬리브리스,1,google,trend_relative
2025-11-23,슬리브리스,0,google,trend_relative
2025-11-30,슬리브리스,1,google,trend_relative
2025-12-07,슬리브리스,0,google,trend_relative
2025-12-14,슬리브리스,0,google,trend_relative
2025-12-21,슬리브리스,0,google,trend_relative
2025-12-28,슬리브리스,0,google,trend_relative
2026-01-04,슬리브리스,0,google,trend_relative
2026-01-11,슬리브리스,0,google,trend_relative
2026-01-18,슬리브리스,0,google,trend_relative
2026-01-25,슬리브리스,0,google,trend_relative
2026-02-01,슬리브리스,0,google,trend_relative
2026-02-08,슬리브리스,1,google,trend_relative
2026-02-15,슬리브리스,0,google,trend_relative
2026-02-22,슬리브리스,0,google,trend_relative
2026-03-01,슬리브리스,1,google,trend_relative
2026-03-08,슬리브리스,1,google,trend_relative
2026-03-15,슬리브리스,0,google,trend_relative
2026-03-22,슬리브리스,1,google,trend_relative
2026-03-29,슬리브리스,2,google,trend_relative
2026-04-05,슬리브리스,1,google,trend_relative
2026-04-12,슬리브리스,0,google,trend_relative
2026-04-19,슬리브리스,1,google,trend_relative
2026-04-26,슬리브리스,2,google,trend_relative
2026-05-03,슬리브리스,2,google,trend_relative
2026-05-10,슬리브리스,2,google,trend_relative
2026-05-17,슬리브리스,1,google,trend_relative
2026-05-24,슬리브리스,2,google,trend_relative
2026-05-31,슬리브리스,2,google,trend_relative
2026-06-07,슬리브리스,2,google,trend_relative
2026-06-14,슬리브리스,1,google,trend_relative
2026-06-21,슬리브리스,2,google,trend_relative
2026-06-28,슬리브리스,1,google,trend_relative
2026-07-05,슬리브리스,2,google,trend_relative
2026-07-12,슬리브리스,1,google,trend_relative
2026-07-19,슬리브리스,2,google,trend_relative
2026-07-26,슬리브리스,2,google,trend_relative
2026-08-02,슬리브리스,2,google,trend_relative
2026-08-09,슬리브리스,1,google,trend_relative
2026-08-16,슬리브리스,2,google,trend_relative
2026-08-23,슬리브리스,1,google,trend_relative
2026-08-30,슬리브리스,1,google,trend_relative
2026-09-06,슬리브리스,1,google,trend_relative
2026-09-13,슬리브리스,1,google,trend_relative
2025-09-14,유니폼,73,google,trend_relative
2025-09-21,유니폼,69,google,trend_relative
2025-09-28,유니폼,69,google,trend_relative
2025-10-05,유니폼,62,google,trend_relative
2025-10-12,유니폼,55,google,trend_relative
2025-10-19,유니폼,55,google,trend_relative
2025-10-26,유니폼,52,google,trend_relative
2025-11-02,유니폼,55,google,trend_relative
2025-11-09,유니폼,51,google,trend_relative
2025-11-16,유니폼,46,google,trend_relative
2025-11-23,유니폼,43,google,trend_relative
2025-11-30,유니폼,44,google,trend_relative
2025-12-07,유니폼,38,google,trend_relative
2025-12-14,유니폼,39,google,trend_relative
2025-12-21,유니폼,35,google,trend_relative
2025-12-28,유니폼,39,google,trend_relative
2026-01-04,유니폼,45,google,trend_relative
2026-01-11,유니폼,44,google,trend_relative
2026-01-18,유니폼,43,google,trend_relative
2026-01-25,유니폼,47,google,trend_relative
2026-02-01,유니폼,48,google,trend_relative
2026-02-08,유니폼,38,google,trend_relative
2026-02-15,유니폼,39,google,trend_relative
2026-02-22,유니폼,45,google,trend_relative
2026-03-01,유니폼,42,google,trend_relative
2026-03-08,유니폼,46,google,trend_relative
2026-03-15,유니폼,55,google,trend_relative
2026-03-22,유니폼,65,google,trend_relative
2026-03-29,유니폼,66,google,trend_relative
2026-04-05,유니폼,63,google,trend_relative
2026-04-12,유니폼,65,google,trend_relative
2026-04-19,유니폼,63,google,trend_relative
2026-04-26,유니폼,65,google,trend_relative
2026-05-03,유니폼,75,google,trend_relative
2026-05-10,유니폼,76,google,trend_relative
2026-05-17,유니폼,75,google,trend_relative
2026-05-24,유니폼,80,google,trend_relative
2026-05-31,유니폼,73,google,trend_relative
2026-06-07,유니폼,92,google,trend_relative
2026-06-14,유니폼,95,google,trend_relative
2026-06-21,유니폼,81,google,trend_relative
2026-06-28,유니폼,83,google,trend_relative
2026-07-05,유니폼,81,google,trend_relative
2026-07-12,유니폼,78,google,trend_relative
2026-07-19,유니폼,81,google,trend_relative
2026-07-26,유니폼,75,google,trend_relative
2026-08-02,유니폼,67,google,trend_relative
2026-08-09,유니폼,56,google,trend_relative
2026-08-16,유니폼,61,google,trend_relative
2026-08-23,유니폼,63,google,trend_relative
2026-08-30,유니폼,61,google,trend_relative
2026-09-06,유니폼,64,google,trend_relative
2026-09-13,유니폼,69,google,trend_relative
2025-09-14,저지,20,google,trend_relative
2025-09-21,저지,20,google,trend_relative
2025-09-28,저지,21,google,trend_relative
2025-10-05,저지,28,google,trend_relative
2025-10-12,저지,19,google,trend_relative
2025-10-19,저지,22,google,trend_relative
2025-10-26,저지,18,google,trend_relative
2025-11-02,저지,17,google,trend_relative
2025-11-09,저지,19,google,trend_relative
2025-11-16,저지,17,google,trend_relative
2025-11-23,저지,14,google,trend_relative
2025-11-30,저지,16,google,trend_relative
2025-12-07,저지,20,google,trend_relative
2025-12-14,저지,16,google,trend_relative
2025-12-21,저지,14,google,trend_relative
2025-12-28,저지,15,google,trend_relative
2026-01-04,저지,15,google,trend_relative
2026-01-11,저지,14,google,trend_relative
2026-01-18,저지,17,google,trend_relative
2026-01-25,저지,16,google,trend_relative
2026-02-01,저지,11,google,trend_relative
2026-02-08,저지,13,google,trend_relative
2026-02-15,저지,15,google,trend_relative
2026-02-22,저지,17,google,trend_relative
2026-03-01,저지,21,google,trend_relative
2026-03-08,저지,23,google,trend_relative
2026-03-15,저지,23,google,trend_relative
2026-03-22,저지,21,google,trend_relative
2026-03-29,저지,18,google,trend_relative
2026-04-05,저지,16,google,trend_relative
2026-04-12,저지,23,google,trend_relative
2026-04-19,저지,18,google,trend_relative
2026-04-26,저지,20,google,trend_relative
2026-05-03,저지,24,google,trend_relative
2026-05-10,저지,19,google,trend_relative
2026-05-17,저지,20,google,trend_relative
2026-05-24,저지,20,google,trend_relative
2026-05-31,저지,19,google,trend_relative
2026-06-07,저지,20,google,trend_relative
2026-06-14,저지,17,google,trend_relative
2026-06-21,저지,17,google,trend_relative
2026-06-28,저지,15,google,trend_relative
2026-07-05,저지,16,google,trend_relative
2026-07-12,저지,15,google,trend_relative
2026-07-19,저지,17,google,trend_relative
2026-07-26,저지,13,google,trend_relative
2026-08-02,저지,14,google,trend_relative
2026-08-09,저지,14,google,trend_relative
2026-08-16,저지,14,google,trend_relative
2026-08-23,저지,15,google,trend_relative
2026-08-30,저지,14,google,trend_relative
2026-09-06,저지,16,google,trend_relative
2026-09-13,저지,18,google,trend_relative
2025-09-14,볼레로,11,google,trend_relative
2025-09-21,볼레로,8,google,trend_relative
2025-09-28,볼레로,7,google,trend_relative
2025-10-05,볼레로,8,google,trend_relative
2025-10-12,볼레로,10,google,trend_relative
2025-10-19,볼레로,12,google,trend_relative
2025-10-26,볼레로,9,google,trend_relative
2025-11-02,볼레로,9,google,trend_relative
2025-11-09,볼레로,7,google,trend_relative
2025-11-16,볼레로,11,google,trend_relative
2025-11-23,볼레로,8,google,trend_relative
2025-11-30,볼레로,7,google,trend_relative
2025-12-07,볼레로,9,google,trend_relative
2025-12-14,볼레로,6,google,trend_relative
2025-12-21,볼레로,8,google,trend_relative
2025-12-28,볼레로,6,google,trend_relative
2026-01-04,볼레로,4,google,trend_relative
2026-01-11,볼레로,6,google,trend_relative
2026-01-18,볼레로,6,google,trend_relative
2026-01-25,볼레로,7,google,trend_relative
2026-02-01,볼레로,10,google,trend_relative
2026-02-08,볼레로,9,google,trend_relative
2026-02-15,볼레로,7,google,trend_relative
2026-02-22,볼레로,5,google,trend_relative
2026-03-01,볼레로,7,google,trend_relative
2026-03-08,볼레로,8,google,trend_relative
2026-03-15,볼레로,8,google,trend_relative
2026-03-22,볼레로,10,google,trend_relative
2026-03-29,볼레로,8,google,trend_relative
2026-04-05,볼레로,7,google,trend_relative
2026-04-12,볼레로,7,google,trend_relative
2026-04-19,볼레로,11,google,trend_relative
2026-04-26,볼레로,8,google,trend_relative
2026-05-03,볼레로,9,google,trend_relative
2026-05-10,볼레로,10,google,trend_relative
2026-05-17,볼레로,10,google,trend_relative
2026-05-24,볼레로,7,google,trend_relative
2026-05-31,볼레로,8,google,trend_relative
2026-06-07,볼레로,11,google,trend_relative
2026-06-14,볼레로,4,google,trend_relative
2026-06-21,볼레로,6,google,trend_relative
2026-06-28,볼레로,7,google,trend_relative
2026-07-05,볼레로,5,google,trend_relative
2026-07-12,볼레로,6,google,trend_relative
2026-07-19,볼레로,7,google,trend_relative
2026-07-26,볼레로,6,google,trend_relative
2026-08-02,볼레로,8,google,trend_relative
2026-08-09,볼레로,6,google,trend_relative
2026-08-16,볼레로,10,google,trend_relative
2026-08-23,볼레로,7,google,trend_relative
2026-08-30,볼레로,7,google,trend_relative
2026-09-06,볼레로,8,google,trend_relative
2026-09-13,볼레로,9,google,trend_relative
2025-09-14,아노락,13,google,trend_relative
2025-09-21,아노락,17,google,trend_relative
2025-09-28,아노락,15,google,trend_relative
2025-10-05,아노락,12,google,trend_relative
2025-10-12,아노락,14,google,trend_relative
2025-10-19,아노락,14,google,trend_relative
2025-10-26,아노락,12,google,trend_relative
2025-11-02,아노락,10,google,trend_relative
2025-11-09,아노락,11,google,trend_relative
2025-11-16,아노락,10,google,trend_relative
2025-11-23,아노락,11,google,trend_relative
2025-11-30,아노락,10,google,trend_relative
2025-12-07,아노락,10,google,trend_relative
2025-12-14,아노락,7,google,trend_relative
2025-12-21,아노락,8,google,trend_relative
2025-12-28,아노락,7,google,trend_relative
2026-01-04,아노락,7,google,trend_relative
2026-01-11,아노락,5,google,trend_relative
2026-01-18,아노락,8,google,trend_relative
2026-01-25,아노락,5,google,trend_relative
2026-02-01,아노락,8,google,trend_relative
2026-02-08,아노락,6,google,trend_relative
2026-02-15,아노락,8,google,trend_relative
2026-02-22,아노락,5,google,trend_relative
2026-03-01,아노락,7,google,trend_relative
2026-03-08,아노락,10,google,trend_relative
2026-03-15,아노락,10,google,trend_relative
2026-03-22,아노락,10,google,trend_relative
2026-03-29,아노락,10,google,trend_relative
2026-04-05,아노락,11,google,trend_relative
2026-04-12,아노락,11,google,trend_relative
2026-04-19,아노락,7,google,trend_relative
2026-04-26,아노락,12,google,trend_relative
2026-05-03,아노락,8,google,trend_relative
2026-05-10,아노락,9,google,trend_relative
2026-05-17,아노락,9,google,trend_relative
2026-05-24,아노락,8,google,trend_relative
2026-05-31,아노락,6,google,trend_relative
2026-06-07,아노락,5,google,trend_relative
2026-06-14,아노락,7,google,trend_relative
2026-06-21,아노락,7,google,trend_relative
2026-06-28,아노락,4,google,trend_relative
2026-07-05,아노락,7,google,trend_relative
2026-07-12,아노락,6,google,trend_relative
2026-07-19,아노락,0,google,trend_relative
2026-07-26,아노락,0,google,trend_relative
2026-08-02,아노락,5,google,trend_relative
2026-08-09,아노락,6,google,trend_relative
2026-08-16,아노락,7,google,trend_relative
2026-08-23,아노락,5,google,trend_relative
2026-08-30,아노락,4,google,trend_relative
2026-09-06,아노락,7,google,trend_relative
2026-09-13,아노락,7,google,trend_relative
2025-09-14,재킷,33,google,trend_relative
2025-09-21,재킷,36,google,trend_relative
2025-09-28,재킷,40,google,trend_relative
2025-10-05,재킷,46,google,trend_relative
2025-10-12,재킷,39,google,trend_relative
2025-10-19,재킷,51,google,trend_relative
2025-10-26,재킷,53,google,trend_relative
2025-11-02,재킷,49,google,trend_relative
2025-11-09,재킷,54,google,trend_relative
2025-11-16,재킷,55,google,trend_relative
2025-11-23,재킷,53,google,trend_relative
2025-11-30,재킷,53,google,trend_relative
2025-12-07,재킷,53,google,trend_relative
2025-12-14,재킷,42,google,trend_relative
2025-12-21,재킷,45,google,trend_relative
2025-12-28,재킷,37,google,trend_relative
2026-01-04,재킷,45,google,trend_relative
2026-01-11,재킷,35,google,trend_relative
2026-01-18,재킷,43,google,trend_relative
2026-01-25,재킷,37,google,trend_relative
2026-02-01,재킷,40,google,trend_relative
2026-02-08,재킷,42,google,trend_relative
2026-02-15,재킷,52,google,trend_relative
2026-02-22,재킷,45,google,trend_relative
2026-03-01,재킷,44,google,trend_relative
2026-03-08,재킷,45,google,trend_relative
2026-03-15,재킷,46,google,trend_relative
2026-03-22,재킷,45,google,trend_relative
2026-03-29,재킷,34,google,trend_relative
2026-04-05,재킷,49,google,trend_relative
2026-04-12,재킷,45,google,trend_relative
2026-04-19,재킷,40,google,trend_relative
2026-04-26,재킷,33,google,trend_relative
2026-05-03,재킷,35,google,trend_relative
2026-05-10,재킷,26,google,trend_relative
2026-05-17,재킷,27,google,trend_relative
2026-05-24,재킷,22,google,trend_relative
2026-05-31,재킷,27,google,trend_relative
2026-06-07,재킷,30,google,trend_relative
2026-06-14,재킷,19,google,trend_relative
2026-06-21,재킷,25,google,trend_relative
2026-06-28,재킷,17,google,trend_relative
2026-07-05,재킷,27,google,trend_relative
2026-07-12,재킷,34,google,trend_relative
2026-07-19,재킷,32,google,trend_relative
2026-07-26,재킷,24,google,trend_relative
2026-08-02,재킷,27,google,trend_relative
2026-08-09,재킷,27,google,trend_relative
2026-08-16,재킷,30,google,trend_relative
2026-08-23,재킷,52,google,trend_relative
2026-08-30,재킷,64,google,trend_relative
2026-09-06,재킷,49,google,trend_relative
2026-09-13,재킷,100,google,trend_relative
2025-09-14,바이크코어,0,google,trend_relative
2025-09-21,바이크코어,0,google,trend_relative
2025-09-28,바이크코어,0,google,trend_relative
2025-10-05,바이크코어,0,google,trend_relative
2025-10-12,바이크코어,0,google,trend_relative
2025-10-19,바이크코어,0,google,trend_relative
2025-10-26,바이크코어,0,google,trend_relative
2025-11-02,바이크코어,0,google,trend_relative
2025-11-09,바이크코어,0,google,trend_relative
2025-11-16,바이크코어,0,google,trend_relative
2025-11-23,바이크코어,0,google,trend_relative
2025-11-30,바이크코어,0,google,trend_relative
2025-12-07,바이크코어,0,google,trend_relative
2025-12-14,바이크코어,0,google,trend_relative
2025-12-21,바이크코어,0,google,trend_relative
2025-12-28,바이크코어,0,google,trend_relative
2026-01-04,바이크코어,0,google,trend_relative
2026-01-11,바이크코어,0,google,trend_relative
2026-01-18,바이크코어,0,google,trend_relative
2026-01-25,바이크코어,0,google,trend_relative
2026-02-01,바이크코어,0,google,trend_relative
2026-02-08,바이크코어,0,google,trend_relative
2026-02-15,바이크코어,0,google,trend_relative
2026-02-22,바이크코어,0,google,trend_relative
2026-03-01,바이크코어,0,google,trend_relative
2026-03-08,바이크코어,0,google,trend_relative
2026-03-15,바이크코어,0,google,trend_relative
2026-03-22,바이크코어,0,google,trend_relative
2026-03-29,바이크코어,0,google,trend_relative
2026-04-05,바이크코어,0,google,trend_relative
2026-04-12,바이크코어,0,google,trend_relative
2026-04-19,바이크코어,0,google,trend_relative
2026-04-26,바이크코어,0,google,trend_relative
2026-05-03,바이크코어,0,google,trend_relative
2026-05-10,바이크코어,0,google,trend_relative
2026-05-17,바이크코어,0,google,trend_relative
2026-05-24,바이크코어,0,google,trend_relative
2026-05-31,바이크코어,0,google,trend_relative
2026-06-07,바이크코어,0,google,trend_relative
2026-06-14,바이크코어,0,google,trend_relative
2026-06-21,바이크코어,0,google,trend_relative
2026-06-28,바이크코어,0,google,trend_relative
2026-07-05,바이크코어,0,google,trend_relative
2026-07-12,바이크코어,0,google,trend_relative
2026-07-19,바이크코어,0,google,trend_relative
2026-07-26,바이크코어,0,google,trend_relative
2026-08-02,바이크코어,0,google,trend_relative
2026-08-09,바이크코어,0,google,trend_relative
2026-08-16,바이크코어,0,google,trend_relative
2026-08-23,바이크코어,0,google,trend_relative
2026-08-30,바이크코어,0,google,trend_relative
2026-09-06,바이크코어,0,google,trend_relative
2026-09-13,바이크코어,0,google,trend_relative
2025-09-14,코티지코어,0,google,trend_relative
2025-09-21,코티지코어,0,google,trend_relative
2025-09-28,코티지코어,0,google,trend_relative
2025-10-05,코티지코어,0,google,trend_relative
2025-10-12,코티지코어,0,google,trend_relative
2025-10-19,코티지코어,4,google,trend_relative
2025-10-26,코티지코어,0,google,trend_relative
2025-11-02,코티지코어,0,google,trend_relative
2025-11-09,코티지코어,0,google,trend_relative
2025-11-16,코티지코어,0,google,trend_relative
2025-11-23,코티지코어,0,google,trend_relative
2025-11-30,코티지코어,0,google,trend_relative
2025-12-07,코티지코어,0,google,trend_relative
2025-12-14,코티지코어,0,google,trend_relative
2025-12-21,코티지코어,0,google,trend_relative
2025-12-28,코티지코어,0,google,trend_relative
2026-01-04,코티지코어,0,google,trend_relative
2026-01-11,코티지코어,0,google,trend_relative
2026-01-18,코티지코어,0,google,trend_relative
2026-01-25,코티지코어,0,google,trend_relative
2026-02-01,코티지코어,0,google,trend_relative
2026-02-08,코티지코어,0,google,trend_relative
2026-02-15,코티지코어,0,google,trend_relative
2026-02-22,코티지코어,0,google,trend_relative
2026-03-01,코티지코어,0,google,trend_relative
2026-03-08,코티지코어,0,google,trend_relative
2026-03-15,코티지코어,0,google,trend_relative
2026-03-22,코티지코어,0,google,trend_relative
2026-03-29,코티지코어,0,google,trend_relative
2026-04-05,코티지코어,0,google,trend_relative
2026-04-12,코티지코어,0,google,trend_relative
2026-04-19,코티지코어,0,google,trend_relative
2026-04-26,코티지코어,0,google,trend_relative
2026-05-03,코티지코어,0,google,trend_relative
2026-05-10,코티지코어,0,google,trend_relative
2026-05-17,코티지코어,0,google,trend_relative
2026-05-24,코티지코어,0,google,trend_relative
2026-05-31,코티지코어,0,google,trend_relative
2026-06-07,코티지코어,0,google,trend_relative
2026-06-14,코티지코어,0,google,trend_relative
2026-06-21,코티지코어,0,google,trend_relative
2026-06-28,코티지코어,0,google,trend_relative
2026-07-05,코티지코어,0,google,trend_relative
2026-07-12,코티지코어,0,google,trend_relative
2026-07-19,코티지코어,0,google,trend_relative
2026-07-26,코티지코어,0,google,trend_relative
2026-08-02,코티지코어,0,google,trend_relative
2026-08-09,코티지코어,0,google,trend_relative
2026-08-16,코티지코어,0,google,trend_relative
2026-08-23,코티지코어,0,google,trend_relative
2026-08-30,코티지코어,0,google,trend_relative
2026-09-06,코티지코어,1,google,trend_relative
2026-09-13,코티지코어,0,google,trend_relative
2025-09-14,Y2K,8,google,trend_relative
2025-09-21,Y2K,9,google,trend_relative
2025-09-28,Y2K,11,google,trend_relative
2025-10-05,Y2K,10,google,trend_relative
2025-10-12,Y2K,9,google,trend_relative
2025-10-19,Y2K,9,google,trend_relative
2025-10-26,Y2K,13,google,trend_relative
2025-11-02,Y2K,12,google,trend_relative
2025-11-09,Y2K,12,google,trend_relative
2025-11-16,Y2K,16,google,trend_relative
2025-11-23,Y2K,12,google,trend_relative
2025-11-30,Y2K,12,google,trend_relative
2025-12-07,Y2K,11,google,trend_relative
2025-12-14,Y2K,15,google,trend_relative
2025-12-21,Y2K,11,google,trend_relative
2025-12-28,Y2K,15,google,trend_relative
2026-01-04,Y2K,13,google,trend_relative
2026-01-11,Y2K,12,google,trend_relative
2026-01-18,Y2K,13,google,trend_relative
2026-01-25,Y2K,13,google,trend_relative
2026-02-01,Y2K,18,google,trend_relative
2026-02-08,Y2K,81,google,trend_relative
2026-02-15,Y2K,100,google,trend_relative
2026-02-22,Y2K,35,google,trend_relative
2026-03-01,Y2K,11,google,trend_relative
2026-03-08,Y2K,12,google,trend_relative
2026-03-15,Y2K,13,google,trend_relative
2026-03-22,Y2K,15,google,trend_relative
2026-03-29,Y2K,20,google,trend_relative
2026-04-05,Y2K,20,google,trend_relative
2026-04-12,Y2K,16,google,trend_relative
2026-04-19,Y2K,15,google,trend_relative
2026-04-26,Y2K,10,google,trend_relative
2026-05-03,Y2K,20,google,trend_relative
2026-05-10,Y2K,22,google,trend_relative
2026-05-17,Y2K,19,google,trend_relative
2026-05-24,Y2K,16,google,trend_relative
2026-05-31,Y2K,18,google,trend_relative
2026-06-07,Y2K,11,google,trend_relative
2026-06-14,Y2K,12,google,trend_relative
2026-06-21,Y2K,11,google,trend_relative
2026-06-28,Y2K,15,google,trend_relative
2026-07-05,Y2K,16,google,trend_relative
2026-07-12,Y2K,12,google,trend_relative
2026-07-19,Y2K,10,google,trend_relative
2026-07-26,Y2K,10,google,trend_relative
2026-08-02,Y2K,10,google,trend_relative
2026-08-09,Y2K,11,google,trend_relative
2026-08-16,Y2K,14,google,trend_relative
2026-08-23,Y2K,9,google,trend_relative
2026-08-30,Y2K,9,google,trend_relative
2026-09-06,Y2K,11,google,trend_relative
2026-09-13,Y2K,12,google,trend_relative
2025-09-14,다크 아카데미아,0,google,trend_relative
2025-09-21,다크 아카데미아,0,google,trend_relative
2025-09-28,다크 아카데미아,0,google,trend_relative
2025-10-05,다크 아카데미아,0,google,trend_relative
2025-10-12,다크 아카데미아,0,google,trend_relative
2025-10-19,다크 아카데미아,0,google,trend_relative
2025-10-26,다크 아카데미아,0,google,trend_relative
2025-11-02,다크 아카데미아,0,google,trend_relative
2025-11-09,다크 아카데미아,0,google,trend_relative
2025-11-16,다크 아카데미아,0,google,trend_relative
2025-11-23,다크 아카데미아,0,google,trend_relative
2025-11-30,다크 아카데미아,0,google,trend_relative
2025-12-07,다크 아카데미아,2,google,trend_relative
2025-12-14,다크 아카데미아,0,google,trend_relative
2025-12-21,다크 아카데미아,0,google,trend_relative
2025-12-28,다크 아카데미아,0,google,trend_relative
2026-01-04,다크 아카데미아,0,google,trend_relative
2026-01-11,다크 아카데미아,0,google,trend_relative
2026-01-18,다크 아카데미아,0,google,trend_relative
2026-01-25,다크 아카데미아,0,google,trend_relative
2026-02-01,다크 아카데미아,0,google,trend_relative
2026-02-08,다크 아카데미아,0,google,trend_relative
2026-02-15,다크 아카데미아,0,google,trend_relative
2026-02-22,다크 아카데미아,0,google,trend_relative
2026-03-01,다크 아카데미아,0,google,trend_relative
2026-03-08,다크 아카데미아,0,google,trend_relative
2026-03-15,다크 아카데미아,0,google,trend_relative
2026-03-22,다크 아카데미아,0,google,trend_relative
2026-03-29,다크 아카데미아,0,google,trend_relative
2026-04-05,다크 아카데미아,0,google,trend_relative
2026-04-12,다크 아카데미아,0,google,trend_relative
2026-04-19,다크 아카데미아,0,google,trend_relative
2026-04-26,다크 아카데미아,0,google,trend_relative
2026-05-03,다크 아카데미아,0,google,trend_relative
2026-05-10,다크 아카데미아,0,google,trend_relative
2026-05-17,다크 아카데미아,0,google,trend_relative
2026-05-24,다크 아카데미아,0,google,trend_relative
2026-05-31,다크 아카데미아,0,google,trend_relative
2026-06-07,다크 아카데미아,0,google,trend_relative
2026-06-14,다크 아카데미아,0,google,trend_relative
2026-06-21,다크 아카데미아,0,google,trend_relative
2026-06-28,다크 아카데미아,0,google,trend_relative
2026-07-05,다크 아카데미아,0,google,trend_relative
2026-07-12,다크 아카데미아,0,google,trend_relative
2026-07-19,다크 아카데미아,0,google,trend_relative
2026-07-26,다크 아카데미아,0,google,trend_relative
2026-08-02,다크 아카데미아,0,google,trend_relative
2026-08-09,다크 아카데미아,0,google,trend_relative
2026-08-16,다크 아카데미아,0,google,trend_relative
2026-08-23,다크 아카데미아,0,google,trend_relative
2026-08-30,다크 아카데미아,0,google,trend_relative
2026-09-06,다크 아카데미아,0,google,trend_relative
2026-09-13,다크 아카데미아,0,google,trend_relative
2025-09-14,레트로,47,google,trend_relative
2025-09-21,레트로,50,google,trend_relative
2025-09-28,레트로,44,google,trend_relative
2025-10-05,레트로,47,google,trend_relative
2025-10-12,레트로,50,google,trend_relative
2025-10-19,레트로,48,google,trend_relative
2025-10-26,레트로,50,google,trend_relative
2025-11-02,레트로,50,google,trend_relative
2025-11-09,레트로,46,google,trend_relative
2025-11-16,레트로,50,google,trend_relative
2025-11-23,레트로,52,google,trend_relative
2025-11-30,레트로,51,google,trend_relative
2025-12-07,레트로,49,google,trend_relative
2025-12-14,레트로,47,google,trend_relative
2025-12-21,레트로,49,google,trend_relative
2025-12-28,레트로,44,google,trend_relative
2026-01-04,레트로,46,google,trend_relative
2026-01-11,레트로,45,google,trend_relative
2026-01-18,레트로,46,google,trend_relative
2026-01-25,레트로,41,google,trend_relative
2026-02-01,레트로,40,google,trend_relative
2026-02-08,레트로,40,google,trend_relative
2026-02-15,레트로,40,google,trend_relative
2026-02-22,레트로,44,google,trend_relative
2026-03-01,레트로,48,google,trend_relative
2026-03-08,레트로,49,google,trend_relative
2026-03-15,레트로,46,google,trend_relative
2026-03-22,레트로,43,google,trend_relative
2026-03-29,레트로,41,google,trend_relative
2026-04-05,레트로,40,google,trend_relative
2026-04-12,레트로,43,google,trend_relative
2026-04-19,레트로,41,google,trend_relative
2026-04-26,레트로,41,google,trend_relative
2026-05-03,레트로,44,google,trend_relative
2026-05-10,레트로,45,google,trend_relative
2026-05-17,레트로,42,google,trend_relative
2026-05-24,레트로,41,google,trend_relative
2026-05-31,레트로,43,google,trend_relative
2026-06-07,레트로,35,google,trend_relative
2026-06-14,레트로,38,google,trend_relative
2026-06-21,레트로,40,google,trend_relative
2026-06-28,레트로,39,google,trend_relative
2026-07-05,레트로,41,google,trend_relative
2026-07-12,레트로,40,google,trend_relative
2026-07-19,레트로,50,google,trend_relative
2026-07-26,레트로,51,google,trend_relative
2026-08-02,레트로,52,google,trend_relative
2026-08-09,레트로,44,google,trend_relative
2026-08-16,레트로,54,google,trend_relative
2026-08-23,레트로,52,google,trend_relative
2026-08-30,레트로,45,google,trend_relative
2026-09-06,레트로,48,google,trend_relative
2026-09-13,레트로,58,google,trend_relative
2025-09-14,놈코어,0,google,trend_relative
2025-09-21,놈코어,0,google,trend_relative
2025-09-28,놈코어,0,google,trend_relative
2025-10-05,놈코어,0,google,trend_relative
2025-10-12,놈코어,0,google,trend_relative
2025-10-19,놈코어,0,google,trend_relative
2025-10-26,놈코어,0,google,trend_relative
2025-11-02,놈코어,0,google,trend_relative
2025-11-09,놈코어,0,google,trend_relative
2025-11-16,놈코어,0,google,trend_relative
2025-11-23,놈코어,0,google,trend_relative
2025-11-30,놈코어,0,google,trend_relative
2025-12-07,놈코어,0,google,trend_relative
2025-12-14,놈코어,0,google,trend_relative
2025-12-21,놈코어,0,google,trend_relative
2025-12-28,놈코어,0,google,trend_relative
2026-01-04,놈코어,0,google,trend_relative
2026-01-11,놈코어,0,google,trend_relative
2026-01-18,놈코어,0,google,trend_relative
2026-01-25,놈코어,0,google,trend_relative
2026-02-01,놈코어,0,google,trend_relative
2026-02-08,놈코어,0,google,trend_relative
2026-02-15,놈코어,0,google,trend_relative
2026-02-22,놈코어,0,google,trend_relative
2026-03-01,놈코어,0,google,trend_relative
2026-03-08,놈코어,0,google,trend_relative
2026-03-15,놈코어,0,google,trend_relative
2026-03-22,놈코어,0,google,trend_relative
2026-03-29,놈코어,0,google,trend_relative
2026-04-05,놈코어,0,google,trend_relative
2026-04-12,놈코어,0,google,trend_relative
2026-04-19,놈코어,3,google,trend_relative
2026-04-26,놈코어,0,google,trend_relative
2026-05-03,놈코어,0,google,trend_relative
2026-05-10,놈코어,0,google,trend_relative
2026-05-17,놈코어,0,google,trend_relative
2026-05-24,놈코어,0,google,trend_relative
2026-05-31,놈코어,0,google,trend_relative
2026-06-07,놈코어,0,google,trend_relative
2026-06-14,놈코어,0,google,trend_relative
2026-06-21,놈코어,0,google,trend_relative
2026-06-28,놈코어,0,google,trend_relative
2026-07-05,놈코어,0,google,trend_relative
2026-07-12,놈코어,0,google,trend_relative
2026-07-19,놈코어,0,google,trend_relative
2026-07-26,놈코어,0,google,trend_relative
2026-08-02,놈코어,0,google,trend_relative
2026-08-09,놈코어,0,google,trend_relative
2026-08-16,놈코어,0,google,trend_relative
2026-08-23,놈코어,0,google,trend_relative
2026-08-30,놈코어,0,google,trend_relative
2026-09-06,놈코어,0,google,trend_relative
2026-09-13,놈코어,0,google,trend_relative
2025-09-14,클린 걸,0,google,trend_relative
2025-09-21,클린 걸,0,google,trend_relative
2025-09-28,클린 걸,0,google,trend_relative
2025-10-05,클린 걸,0,google,trend_relative
2025-10-12,클린 걸,0,google,trend_relative
2025-10-19,클린 걸,0,google,trend_relative
2025-10-26,클린 걸,0,google,trend_relative
2025-11-02,클린 걸,0,google,trend_relative
2025-11-09,클린 걸,0,google,trend_relative
2025-11-16,클린 걸,0,google,trend_relative
2025-11-23,클린 걸,0,google,trend_relative
2025-11-30,클린 걸,0,google,trend_relative
2025-12-07,클린 걸,0,google,trend_relative
2025-12-14,클린 걸,0,google,trend_relative
2025-12-21,클린 걸,0,google,trend_relative
2025-12-28,클린 걸,0,google,trend_relative
2026-01-04,클린 걸,0,google,trend_relative
2026-01-11,클린 걸,0,google,trend_relative
2026-01-18,클린 걸,0,google,trend_relative
2026-01-25,클린 걸,0,google,trend_relative
2026-02-01,클린 걸,0,google,trend_relative
2026-02-08,클린 걸,0,google,trend_relative
2026-02-15,클린 걸,0,google,trend_relative
2026-02-22,클린 걸,0,google,trend_relative
2026-03-01,클린 걸,0,google,trend_relative
2026-03-08,클린 걸,0,google,trend_relative
2026-03-15,클린 걸,0,google,trend_relative
2026-03-22,클린 걸,0,google,trend_relative
2026-03-29,클린 걸,0,google,trend_relative
2026-04-05,클린 걸,0,google,trend_relative
2026-04-12,클린 걸,0,google,trend_relative
2026-04-19,클린 걸,0,google,trend_relative
2026-04-26,클린 걸,0,google,trend_relative
2026-05-03,클린 걸,0,google,trend_relative
2026-05-10,클린 걸,0,google,trend_relative
2026-05-17,클린 걸,0,google,trend_relative
2026-05-24,클린 걸,0,google,trend_relative
2026-05-31,클린 걸,0,google,trend_relative
2026-06-07,클린 걸,0,google,trend_relative
2026-06-14,클린 걸,0,google,trend_relative
2026-06-21,클린 걸,2,google,trend_relative
2026-06-28,클린 걸,0,google,trend_relative
2026-07-05,클린 걸,0,google,trend_relative
2026-07-12,클린 걸,0,google,trend_relative
2026-07-19,클린 걸,0,google,trend_relative
2026-07-26,클린 걸,0,google,trend_relative
2026-08-02,클린 걸,0,google,trend_relative
2026-08-09,클린 걸,0,google,trend_relative
2026-08-16,클린 걸,0,google,trend_relative
2026-08-23,클린 걸,0,google,trend_relative
2026-08-30,클린 걸,0,google,trend_relative
2026-09-06,클린 걸,0,google,trend_relative
2026-09-13,클린 걸,1,google,trend_relative
2025-09-14,골프,26,google,trend_relative
2025-09-21,골프,24,google,trend_relative
2025-09-28,골프,26,google,trend_relative
2025-10-05,골프,26,google,trend_relative
2025-10-12,골프,28,google,trend_relative
2025-10-19,골프,28,google,trend_relative
2025-10-26,골프,26,google,trend_relative
2025-11-02,골프,28,google,trend_relative
2025-11-09,골프,27,google,trend_relative
2025-11-16,골프,27,google,trend_relative
2025-11-23,골프,26,google,trend_relative
2025-11-30,골프,26,google,trend_relative
2025-12-07,골프,25,google,trend_relative
2025-12-14,골프,22,google,trend_relative
2025-12-21,골프,22,google,trend_relative
2025-12-28,골프,22,google,trend_relative
2026-01-04,골프,22,google,trend_relative
2026-01-11,골프,21,google,trend_relative
2026-01-18,골프,22,google,trend_relative
2026-01-25,골프,23,google,trend_relative
2026-02-01,골프,21,google,trend_relative
2026-02-08,골프,19,google,trend_relative
2026-02-15,골프,22,google,trend_relative
2026-02-22,골프,26,google,trend_relative
2026-03-01,골프,26,google,trend_relative
2026-03-08,골프,26,google,trend_relative
2026-03-15,골프,27,google,trend_relative
2026-03-22,골프,29,google,trend_relative
2026-03-29,골프,30,google,trend_relative
2026-04-05,골프,31,google,trend_relative
2026-04-12,골프,48,google,trend_relative
2026-04-19,골프,30,google,trend_relative
2026-04-26,골프,28,google,trend_relative
2026-05-03,골프,34,google,trend_relative
2026-05-10,골프,34,google,trend_relative
2026-05-17,골프,30,google,trend_relative
2026-05-24,골프,43,google,trend_relative
2026-05-31,골프,34,google,trend_relative
2026-06-07,골프,34,google,trend_relative
2026-06-14,골프,29,google,trend_relative
2026-06-21,골프,31,google,trend_relative
2026-06-28,골프,33,google,trend_relative
2026-07-05,골프,32,google,trend_relative
2026-07-12,골프,30,google,trend_relative
2026-07-19,골프,31,google,trend_relative
2026-07-26,골프,38,google,trend_relative
2026-08-02,골프,29,google,trend_relative
2026-08-09,골프,34,google,trend_relative
2026-08-16,골프,50,google,trend_relative
2026-08-23,골프,48,google,trend_relative
2026-08-30,골프,26,google,trend_relative
2026-09-06,골프,36,google,trend_relative
2026-09-13,골프,52,google,trend_relative
2025-09-14,면접,32,google,trend_relative
2025-09-21,면접,31,google,trend_relative
2025-09-28,면접,30,google,trend_relative
2025-10-05,면접,21,google,trend_relative
2025-10-12,면접,38,google,trend_relative
2025-10-19,면접,38,google,trend_relative
2025-10-26,면접,38,google,trend_relative
2025-11-02,면접,42,google,trend_relative
2025-11-09,면접,45,google,trend_relative
2025-11-16,면접,49,google,trend_relative
2025-11-23,면접,44,google,trend_relative
2025-11-30,면접,35,google,trend_relative
2025-12-07,면접,31,google,trend_relative
2025-12-14,면접,29,google,trend_relative
2025-12-21,면접,22,google,trend_relative
2025-12-28,면접,20,google,trend_relative
2026-01-04,면접,25,google,trend_relative
2026-01-11,면접,27,google,trend_relative
2026-01-18,면접,25,google,trend_relative
2026-01-25,면접,21,google,trend_relative
2026-02-01,면접,21,google,trend_relative
2026-02-08,면접,19,google,trend_relative
2026-02-15,면접,14,google,trend_relative
2026-02-22,면접,24,google,trend_relative
2026-03-01,면접,23,google,trend_relative
2026-03-08,면접,27,google,trend_relative
2026-03-15,면접,27,google,trend_relative
2026-03-22,면접,25,google,trend_relative
2026-03-29,면접,24,google,trend_relative
2026-04-05,면접,25,google,trend_relative
2026-04-12,면접,26,google,trend_relative
2026-04-19,면접,24,google,trend_relative
2026-04-26,면접,23,google,trend_relative
2026-05-03,면접,28,google,trend_relative
2026-05-10,면접,31,google,trend_relative
2026-05-17,면접,28,google,trend_relative
2026-05-24,면접,28,google,trend_relative
2026-05-31,면접,29,google,trend_relative
2026-06-07,면접,27,google,trend_relative
2026-06-14,면접,22,google,trend_relative
2026-06-21,면접,23,google,trend_relative
2026-06-28,면접,23,google,trend_relative
2026-07-05,면접,23,google,trend_relative
2026-07-12,면접,23,google,trend_relative
2026-07-19,면접,22,google,trend_relative
2026-07-26,면접,21,google,trend_relative
2026-08-02,면접,21,google,trend_relative
2026-08-09,면접,22,google,trend_relative
2026-08-16,면접,23,google,trend_relative
2026-08-23,면접,25,google,trend_relative
2026-08-30,면접,23,google,trend_relative
2026-09-06,면접,38,google,trend_relative
2026-09-13,면접,29,google,trend_relative
2025-09-14,명절,14,google,trend_relative
2025-09-21,명절,10,google,trend_relative
2025-09-28,명절,22,google,trend_relative
2025-10-05,명절,17,google,trend_relative
2025-10-12,명절,3,google,trend_relative
2025-10-19,명절,2,google,trend_relative
2025-10-26,명절,2,google,trend_relative
2025-11-02,명절,2,google,trend_relative
2025-11-09,명절,2,google,trend_relative
2025-11-16,명절,1,google,trend_relative
2025-11-23,명절,1,google,trend_relative
2025-11-30,명절,2,google,trend_relative
2025-12-07,명절,2,google,trend_relative
2025-12-14,명절,2,google,trend_relative
2025-12-21,명절,2,google,trend_relative
2025-12-28,명절,2,google,trend_relative
2026-01-04,명절,3,google,trend_relative
2026-01-11,명절,3,google,trend_relative
2026-01-18,명절,6,google,trend_relative
2026-01-25,명절,6,google,trend_relative
2026-02-01,명절,9,google,trend_relative
2026-02-08,명절,20,google,trend_relative
2026-02-15,명절,17,google,trend_relative
2026-02-22,명절,3,google,trend_relative
2026-03-01,명절,1,google,trend_relative
2026-03-08,명절,1,google,trend_relative
2026-03-15,명절,1,google,trend_relative
2026-03-22,명절,1,google,trend_relative
2026-03-29,명절,1,google,trend_relative
2026-04-05,명절,1,google,trend_relative
2026-04-12,명절,1,google,trend_relative
2026-04-19,명절,1,google,trend_relative
2026-04-26,명절,1,google,trend_relative
2026-05-03,명절,1,google,trend_relative
2026-05-10,명절,1,google,trend_relative
2026-05-17,명절,1,google,trend_relative
2026-05-24,명절,1,google,trend_relative
2026-05-31,명절,1,google,trend_relative
2026-06-07,명절,1,google,trend_relative
2026-06-14,명절,1,google,trend_relative
2026-06-21,명절,1,google,trend_relative
2026-06-28,명절,1,google,trend_relative
2026-07-05,명절,1,google,trend_relative
2026-07-12,명절,1,google,trend_relative
2026-07-19,명절,1,google,trend_relative
2026-07-26,명절,1,google,trend_relative
2026-08-02,명절,1,google,trend_relative
2026-08-09,명절,2,google,trend_relative
2026-08-16,명절,2,google,trend_relative
2026-08-23,명절,3,google,trend_relative
2026-08-30,명절,4,google,trend_relative
2026-09-06,명절,9,google,trend_relative
2026-09-13,명절,7,google,trend_relative
2025-09-14,운동,50,google,trend_relative
2025-09-21,운동,49,google,trend_relative
2025-09-28,운동,46,google,trend_relative
2025-10-05,운동,42,google,trend_relative
2025-10-12,운동,51,google,trend_relative
2025-10-19,운동,50,google,trend_relative
2025-10-26,운동,49,google,trend_relative
2025-11-02,운동,55,google,trend_relative
2025-11-09,운동,47,google,trend_relative
2025-11-16,운동,49,google,trend_relative
2025-11-23,운동,45,google,trend_relative
2025-11-30,운동,50,google,trend_relative
2025-12-07,운동,47,google,trend_relative
2025-12-14,운동,46,google,trend_relative
2025-12-21,운동,41,google,trend_relative
2025-12-28,운동,43,google,trend_relative
2026-01-04,운동,42,google,trend_relative
2026-01-11,운동,43,google,trend_relative
2026-01-18,운동,52,google,trend_relative
2026-01-25,운동,48,google,trend_relative
2026-02-01,운동,41,google,trend_relative
2026-02-08,운동,39,google,trend_relative
2026-02-15,운동,34,google,trend_relative
2026-02-22,운동,44,google,trend_relative
2026-03-01,운동,44,google,trend_relative
2026-03-08,운동,47,google,trend_relative
2026-03-15,운동,45,google,trend_relative
2026-03-22,운동,48,google,trend_relative
2026-03-29,운동,47,google,trend_relative
2026-04-05,운동,64,google,trend_relative
2026-04-12,운동,77,google,trend_relative
2026-04-19,운동,72,google,trend_relative
2026-04-26,운동,63,google,trend_relative
2026-05-03,운동,83,google,trend_relative
2026-05-10,운동,72,google,trend_relative
2026-05-17,운동,90,google,trend_relative
2026-05-24,운동,100,google,trend_relative
2026-05-31,운동,98,google,trend_relative
2026-06-07,운동,71,google,trend_relative
2026-06-14,운동,62,google,trend_relative
2026-06-21,운동,70,google,trend_relative
2026-06-28,운동,58,google,trend_relative
2026-07-05,운동,71,google,trend_relative
2026-07-12,운동,70,google,trend_relative
2026-07-19,운동,44,google,trend_relative
2026-07-26,운동,72,google,trend_relative
2026-08-02,운동,53,google,trend_relative
2026-08-09,운동,41,google,trend_relative
2026-08-16,운동,43,google,trend_relative
2026-08-23,운동,46,google,trend_relative
2026-08-30,운동,66,google,trend_relative
2026-09-06,운동,65,google,trend_relative
2026-09-13,운동,95,google,trend_relative
2025-09-14,출근,8,google,trend_relative
2025-09-21,출근,7,google,trend_relative
2025-09-28,출근,6,google,trend_relative
2025-10-05,출근,6,google,trend_relative
2025-10-12,출근,7,google,trend_relative
2025-10-19,출근,6,google,trend_relative
2025-10-26,출근,6,google,trend_relative
2025-11-02,출근,7,google,trend_relative
2025-11-09,출근,10,google,trend_relative
2025-11-16,출근,6,google,trend_relative
2025-11-23,출근,6,google,trend_relative
2025-11-30,출근,5,google,trend_relative
2025-12-07,출근,6,google,trend_relative
2025-12-14,출근,6,google,trend_relative
2025-12-21,출근,7,google,trend_relative
2025-12-28,출근,6,google,trend_relative
2026-01-04,출근,7,google,trend_relative
2026-01-11,출근,6,google,trend_relative
2026-01-18,출근,6,google,trend_relative
2026-01-25,출근,6,google,trend_relative
2026-02-01,출근,6,google,trend_relative
2026-02-08,출근,5,google,trend_relative
2026-02-15,출근,4,google,trend_relative
2026-02-22,출근,6,google,trend_relative
2026-03-01,출근,6,google,trend_relative
2026-03-08,출근,6,google,trend_relative
2026-03-15,출근,6,google,trend_relative
2026-03-22,출근,5,google,trend_relative
2026-03-29,출근,6,google,trend_relative
2026-04-05,출근,5,google,trend_relative
2026-04-12,출근,5,google,trend_relative
2026-04-19,출근,5,google,trend_relative
2026-04-26,출근,5,google,trend_relative
2026-05-03,출근,5,google,trend_relative
2026-05-10,출근,5,google,trend_relative
2026-05-17,출근,6,google,trend_relative
2026-05-24,출근,7,google,trend_relative
2026-05-31,출근,9,google,trend_relative
2026-06-07,출근,8,google,trend_relative
2026-06-14,출근,7,google,trend_relative
2026-06-21,출근,11,google,trend_relative
2026-06-28,출근,11,google,trend_relative
2026-07-05,출근,10,google,trend_relative
2026-07-12,출근,9,google,trend_relative
2026-07-19,출근,10,google,trend_relative
2026-07-26,출근,8,google,trend_relative
2026-08-02,출근,6,google,trend_relative
2026-08-09,출근,5,google,trend_relative
2026-08-16,출근,6,google,trend_relative
2026-08-23,출근,6,google,trend_relative
2026-08-30,출근,6,google,trend_relative
2026-09-06,출근,9,google,trend_relative
2026-09-13,출근,11,google,trend_relative
2025-09-14,상견례,3,google,trend_relative
2025-09-21,상견례,3,google,trend_relative
2025-09-28,상견례,4,google,trend_relative
2025-10-05,상견례,4,google,trend_relative
2025-10-12,상견례,4,google,trend_relative
2025-10-19,상견례,4,google,trend_relative
2025-10-26,상견례,5,google,trend_relative
2025-11-02,상견례,4,google,trend_relative
2025-11-09,상견례,4,google,trend_relative
2025-11-16,상견례,4,google,trend_relative
2025-11-23,상견례,4,google,trend_relative
2025-11-30,상견례,4,google,trend_relative
2025-12-07,상견례,3,google,trend_relative
2025-12-14,상견례,4,google,trend_relative
2025-12-21,상견례,6,google,trend_relative
2025-12-28,상견례,4,google,trend_relative
2026-01-04,상견례,5,google,trend_relative
2026-01-11,상견례,5,google,trend_relative
2026-01-18,상견례,5,google,trend_relative
2026-01-25,상견례,5,google,trend_relative
2026-02-01,상견례,4,google,trend_relative
2026-02-08,상견례,3,google,trend_relative
2026-02-15,상견례,5,google,trend_relative
2026-02-22,상견례,5,google,trend_relative
2026-03-01,상견례,6,google,trend_relative
2026-03-08,상견례,5,google,trend_relative
2026-03-15,상견례,5,google,trend_relative
2026-03-22,상견례,5,google,trend_relative
2026-03-29,상견례,5,google,trend_relative
2026-04-05,상견례,6,google,trend_relative
2026-04-12,상견례,4,google,trend_relative
2026-04-19,상견례,4,google,trend_relative
2026-04-26,상견례,4,google,trend_relative
2026-05-03,상견례,5,google,trend_relative
2026-05-10,상견례,5,google,trend_relative
2026-05-17,상견례,5,google,trend_relative
2026-05-24,상견례,5,google,trend_relative
2026-05-31,상견례,4,google,trend_relative
2026-06-07,상견례,4,google,trend_relative
2026-06-14,상견례,4,google,trend_relative
2026-06-21,상견례,3,google,trend_relative
2026-06-28,상견례,3,google,trend_relative
2026-07-05,상견례,4,google,trend_relative
2026-07-12,상견례,4,google,trend_relative
2026-07-19,상견례,3,google,trend_relative
2026-07-26,상견례,3,google,trend_relative
2026-08-02,상견례,3,google,trend_relative
2026-08-09,상견례,3,google,trend_relative
2026-08-16,상견례,3,google,trend_relative
2026-08-23,상견례,3,google,trend_relative
2026-08-30,상견례,3,google,trend_relative
2026-09-06,상견례,3,google,trend_relative
2026-09-13,상견례,4,google,trend_relative
2025-09-14,장례식,14,google,trend_relative
2025-09-21,장례식,13,google,trend_relative
2025-09-28,장례식,13,google,trend_relative
2025-10-05,장례식,14,google,trend_relative
2025-10-12,장례식,12,google,trend_relative
2025-10-19,장례식,14,google,trend_relative
2025-10-26,장례식,16,google,trend_relative
2025-11-02,장례식,14,google,trend_relative
2025-11-09,장례식,15,google,trend_relative
2025-11-16,장례식,16,google,trend_relative
2025-11-23,장례식,17,google,trend_relative
2025-11-30,장례식,14,google,trend_relative
2025-12-07,장례식,16,google,trend_relative
2025-12-14,장례식,14,google,trend_relative
2025-12-21,장례식,14,google,trend_relative
2025-12-28,장례식,14,google,trend_relative
2026-01-04,장례식,14,google,trend_relative
2026-01-11,장례식,15,google,trend_relative
2026-01-18,장례식,15,google,trend_relative
2026-01-25,장례식,15,google,trend_relative
2026-02-01,장례식,13,google,trend_relative
2026-02-08,장례식,12,google,trend_relative
2026-02-15,장례식,12,google,trend_relative
2026-02-22,장례식,14,google,trend_relative
2026-03-01,장례식,12,google,trend_relative
2026-03-08,장례식,12,google,trend_relative
2026-03-15,장례식,13,google,trend_relative
2026-03-22,장례식,13,google,trend_relative
2026-03-29,장례식,14,google,trend_relative
2026-04-05,장례식,13,google,trend_relative
2026-04-12,장례식,11,google,trend_relative
2026-04-19,장례식,11,google,trend_relative
2026-04-26,장례식,12,google,trend_relative
2026-05-03,장례식,13,google,trend_relative
2026-05-10,장례식,11,google,trend_relative
2026-05-17,장례식,12,google,trend_relative
2026-05-24,장례식,11,google,trend_relative
2026-05-31,장례식,12,google,trend_relative
2026-06-07,장례식,11,google,trend_relative
2026-06-14,장례식,10,google,trend_relative
2026-06-21,장례식,11,google,trend_relative
2026-06-28,장례식,13,google,trend_relative
2026-07-05,장례식,11,google,trend_relative
2026-07-12,장례식,12,google,trend_relative
2026-07-19,장례식,12,google,trend_relative
2026-07-26,장례식,10,google,trend_relative
2026-08-02,장례식,11,google,trend_relative
2026-08-09,장례식,11,google,trend_relative
2026-08-16,장례식,11,google,trend_relative
2026-08-23,장례식,12,google,trend_relative
2026-08-30,장례식,11,google,trend_relative
2026-09-06,장례식,11,google,trend_relative
2026-09-13,장례식,13,google,trend_relative
2025-09-14,졸업식,3,google,trend_relative
2025-09-21,졸업식,3,google,trend_relative
2025-09-28,졸업식,2,google,trend_relative
2025-10-05,졸업식,3,google,trend_relative
2025-10-12,졸업식,3,google,trend_relative
2025-10-19,졸업식,4,google,trend_relative
2025-10-26,졸업식,4,google,trend_relative
2025-11-02,졸업식,4,google,trend_relative
2025-11-09,졸업식,4,google,trend_relative
2025-11-16,졸업식,5,google,trend_relative
2025-11-23,졸업식,7,google,trend_relative
2025-11-30,졸업식,8,google,trend_relative
2025-12-07,졸업식,8,google,trend_relative
2025-12-14,졸업식,12,google,trend_relative
2025-12-21,졸업식,13,google,trend_relative
2025-12-28,졸업식,20,google,trend_relative
2026-01-04,졸업식,24,google,trend_relative
2026-01-11,졸업식,12,google,trend_relative
2026-01-18,졸업식,13,google,trend_relative
2026-01-25,졸업식,15,google,trend_relative
2026-02-01,졸업식,26,google,trend_relative
2026-02-08,졸업식,24,google,trend_relative
2026-02-15,졸업식,23,google,trend_relative
2026-02-22,졸업식,19,google,trend_relative
2026-03-01,졸업식,5,google,trend_relative
2026-03-08,졸업식,3,google,trend_relative
2026-03-15,졸업식,4,google,trend_relative
2026-03-22,졸업식,4,google,trend_relative
2026-03-29,졸업식,3,google,trend_relative
2026-04-05,졸업식,2,google,trend_relative
2026-04-12,졸업식,3,google,trend_relative
2026-04-19,졸업식,2,google,trend_relative
2026-04-26,졸업식,2,google,trend_relative
2026-05-03,졸업식,3,google,trend_relative
2026-05-10,졸업식,3,google,trend_relative
2026-05-17,졸업식,3,google,trend_relative
2026-05-24,졸업식,4,google,trend_relative
2026-05-31,졸업식,3,google,trend_relative
2026-06-07,졸업식,2,google,trend_relative
2026-06-14,졸업식,3,google,trend_relative
2026-06-21,졸업식,3,google,trend_relative
2026-06-28,졸업식,3,google,trend_relative
2026-07-05,졸업식,3,google,trend_relative
2026-07-12,졸업식,3,google,trend_relative
2026-07-19,졸업식,4,google,trend_relative
2026-07-26,졸업식,3,google,trend_relative
2026-08-02,졸업식,4,google,trend_relative
2026-08-09,졸업식,6,google,trend_relative
2026-08-16,졸업식,8,google,trend_relative
2026-08-23,졸업식,6,google,trend_relative
2026-08-30,졸업식,2,google,trend_relative
2026-09-06,졸업식,3,google,trend_relative
2026-09-13,졸업식,3,google,trend_relative
2025-09-14,집들이,3,google,trend_relative
2025-09-21,집들이,3,google,trend_relative
2025-09-28,집들이,4,google,trend_relative
2025-10-05,집들이,2,google,trend_relative
2025-10-12,집들이,3,google,trend_relative
2025-10-19,집들이,3,google,trend_relative
2025-10-26,집들이,3,google,trend_relative
2025-11-02,집들이,3,google,trend_relative
2025-11-09,집들이,3,google,trend_relative
2025-11-16,집들이,3,google,trend_relative
2025-11-23,집들이,3,google,trend_relative
2025-11-30,집들이,4,google,trend_relative
2025-12-07,집들이,4,google,trend_relative
2025-12-14,집들이,4,google,trend_relative
2025-12-21,집들이,3,google,trend_relative
2025-12-28,집들이,4,google,trend_relative
2026-01-04,집들이,4,google,trend_relative
2026-01-11,집들이,3,google,trend_relative
2026-01-18,집들이,4,google,trend_relative
2026-01-25,집들이,4,google,trend_relative
2026-02-01,집들이,4,google,trend_relative
2026-02-08,집들이,4,google,trend_relative
2026-02-15,집들이,3,google,trend_relative
2026-02-22,집들이,4,google,trend_relative
2026-03-01,집들이,4,google,trend_relative
2026-03-08,집들이,3,google,trend_relative
2026-03-15,집들이,3,google,trend_relative
2026-03-22,집들이,4,google,trend_relative
2026-03-29,집들이,3,google,trend_relative
2026-04-05,집들이,3,google,trend_relative
2026-04-12,집들이,3,google,trend_relative
2026-04-19,집들이,2,google,trend_relative
2026-04-26,집들이,2,google,trend_relative
2026-05-03,집들이,3,google,trend_relative
2026-05-10,집들이,3,google,trend_relative
2026-05-17,집들이,3,google,trend_relative
2026-05-24,집들이,3,google,trend_relative
2026-05-31,집들이,3,google,trend_relative
2026-06-07,집들이,3,google,trend_relative
2026-06-14,집들이,2,google,trend_relative
2026-06-21,집들이,3,google,trend_relative
2026-06-28,집들이,2,google,trend_relative
2026-07-05,집들이,3,google,trend_relative
2026-07-12,집들이,2,google,trend_relative
2026-07-19,집들이,3,google,trend_relative
2026-07-26,집들이,3,google,trend_relative
2026-08-02,집들이,3,google,trend_relative
2026-08-09,집들이,3,google,trend_relative
2026-08-16,집들이,3,google,trend_relative
2026-08-23,집들이,3,google,trend_relative
2026-08-30,집들이,2,google,trend_relative
2026-09-06,집들이,2,google,trend_relative
2026-09-13,집들이,2,google,trend_relative
2025-09-14,콘서트,66,google,trend_relative
2025-09-21,콘서트,71,google,trend_relative
2025-09-28,콘서트,74,google,trend_relative
2025-10-05,콘서트,100,google,trend_relative
2025-10-12,콘서트,70,google,trend_relative
2025-10-19,콘서트,85,google,trend_relative
2025-10-26,콘서트,75,google,trend_relative
2025-11-02,콘서트,67,google,trend_relative
2025-11-09,콘서트,76,google,trend_relative
2025-11-16,콘서트,79,google,trend_relative
2025-11-23,콘서트,69,google,trend_relative
2025-11-30,콘서트,67,google,trend_relative
2025-12-07,콘서트,64,google,trend_relative
2025-12-14,콘서트,75,google,trend_relative
2025-12-21,콘서트,78,google,trend_relative
2025-12-28,콘서트,56,google,trend_relative
2026-01-04,콘서트,49,google,trend_relative
2026-01-11,콘서트,50,google,trend_relative
2026-01-18,콘서트,52,google,trend_relative
2026-01-25,콘서트,53,google,trend_relative
2026-02-01,콘서트,57,google,trend_relative
2026-02-08,콘서트,59,google,trend_relative
2026-02-15,콘서트,48,google,trend_relative
2026-02-22,콘서트,55,google,trend_relative
2026-03-01,콘서트,44,google,trend_relative
2026-03-08,콘서트,57,google,trend_relative
2026-03-15,콘서트,87,google,trend_relative
2026-03-22,콘서트,66,google,trend_relative
2026-03-29,콘서트,66,google,trend_relative
2026-04-05,콘서트,89,google,trend_relative
2026-04-12,콘서트,67,google,trend_relative
2026-04-19,콘서트,54,google,trend_relative
2026-04-26,콘서트,53,google,trend_relative
2026-05-03,콘서트,50,google,trend_relative
2026-05-10,콘서트,53,google,trend_relative
2026-05-17,콘서트,59,google,trend_relative
2026-05-24,콘서트,58,google,trend_relative
2026-05-31,콘서트,64,google,trend_relative
2026-06-07,콘서트,66,google,trend_relative
2026-06-14,콘서트,66,google,trend_relative
2026-06-21,콘서트,67,google,trend_relative
2026-06-28,콘서트,50,google,trend_relative
2026-07-05,콘서트,53,google,trend_relative
2026-07-12,콘서트,65,google,trend_relative
2026-07-19,콘서트,55,google,trend_relative
2026-07-26,콘서트,51,google,trend_relative
2026-08-02,콘서트,52,google,trend_relative
2026-08-09,콘서트,48,google,trend_relative
2026-08-16,콘서트,62,google,trend_relative
2026-08-23,콘서트,61,google,trend_relative
2026-08-30,콘서트,60,google,trend_relative
2026-09-06,콘서트,66,google,trend_relative
2026-09-13,콘서트,67,google,trend_relative
2025-09-14,피크닉,6,google,trend_relative
2025-09-21,피크닉,6,google,trend_relative
2025-09-28,피크닉,8,google,trend_relative
2025-10-05,피크닉,6,google,trend_relative
2025-10-12,피크닉,5,google,trend_relative
2025-10-19,피크닉,5,google,trend_relative
2025-10-26,피크닉,5,google,trend_relative
2025-11-02,피크닉,4,google,trend_relative
2025-11-09,피크닉,4,google,trend_relative
2025-11-16,피크닉,3,google,trend_relative
2025-11-23,피크닉,3,google,trend_relative
2025-11-30,피크닉,2,google,trend_relative
2025-12-07,피크닉,3,google,trend_relative
2025-12-14,피크닉,2,google,trend_relative
2025-12-21,피크닉,3,google,trend_relative
2025-12-28,피크닉,3,google,trend_relative
2026-01-04,피크닉,3,google,trend_relative
2026-01-11,피크닉,4,google,trend_relative
2026-01-18,피크닉,4,google,trend_relative
2026-01-25,피크닉,4,google,trend_relative
2026-02-01,피크닉,3,google,trend_relative
2026-02-08,피크닉,3,google,trend_relative
2026-02-15,피크닉,4,google,trend_relative
2026-02-22,피크닉,4,google,trend_relative
2026-03-01,피크닉,4,google,trend_relative
2026-03-08,피크닉,6,google,trend_relative
2026-03-15,피크닉,6,google,trend_relative
2026-03-22,피크닉,7,google,trend_relative
2026-03-29,피크닉,10,google,trend_relative
2026-04-05,피크닉,8,google,trend_relative
2026-04-12,피크닉,9,google,trend_relative
2026-04-19,피크닉,7,google,trend_relative
2026-04-26,피크닉,8,google,trend_relative
2026-05-03,피크닉,9,google,trend_relative
2026-05-10,피크닉,8,google,trend_relative
2026-05-17,피크닉,7,google,trend_relative
2026-05-24,피크닉,8,google,trend_relative
2026-05-31,피크닉,8,google,trend_relative
2026-06-07,피크닉,7,google,trend_relative
2026-06-14,피크닉,6,google,trend_relative
2026-06-21,피크닉,6,google,trend_relative
2026-06-28,피크닉,4,google,trend_relative
2026-07-05,피크닉,5,google,trend_relative
2026-07-12,피크닉,4,google,trend_relative
2026-07-19,피크닉,4,google,trend_relative
2026-07-26,피크닉,5,google,trend_relative
2026-08-02,피크닉,4,google,trend_relative
2026-08-09,피크닉,5,google,trend_relative
2026-08-16,피크닉,4,google,trend_relative
2026-08-23,피크닉,4,google,trend_relative
2026-08-30,피크닉,4,google,trend_relative
2026-09-06,피크닉,7,google,trend_relative
2026-09-13,피크닉,8,google,trend_relative
2025-09-14,홈웨어,0,google,trend_relative
2025-09-21,홈웨어,0,google,trend_relative
2025-09-28,홈웨어,0,google,trend_relative
2025-10-05,홈웨어,0,google,trend_relative
2025-10-12,홈웨어,0,google,trend_relative
2025-10-19,홈웨어,0,google,trend_relative
2025-10-26,홈웨어,0,google,trend_relative
2025-11-02,홈웨어,0,google,trend_relative
2025-11-09,홈웨어,0,google,trend_relative
2025-11-16,홈웨어,0,google,trend_relative
2025-11-23,홈웨어,0,google,trend_relative
2025-11-30,홈웨어,0,google,trend_relative
2025-12-07,홈웨어,0,google,trend_relative
2025-12-14,홈웨어,0,google,trend_relative
2025-12-21,홈웨어,0,google,trend_relative
2025-12-28,홈웨어,0,google,trend_relative
2026-01-04,홈웨어,0,google,trend_relative
2026-01-11,홈웨어,0,google,trend_relative
2026-01-18,홈웨어,0,google,trend_relative
2026-01-25,홈웨어,0,google,trend_relative
2026-02-01,홈웨어,1,google,trend_relative
2026-02-08,홈웨어,0,google,trend_relative
2026-02-15,홈웨어,0,google,trend_relative
2026-02-22,홈웨어,1,google,trend_relative
2026-03-01,홈웨어,0,google,trend_relative
2026-03-08,홈웨어,0,google,trend_relative
2026-03-15,홈웨어,0,google,trend_relative
2026-03-22,홈웨어,1,google,trend_relative
2026-03-29,홈웨어,0,google,trend_relative
2026-04-05,홈웨어,0,google,trend_relative
2026-04-12,홈웨어,1,google,trend_relative
2026-04-19,홈웨어,0,google,trend_relative
2026-04-26,홈웨어,1,google,trend_relative
2026-05-03,홈웨어,0,google,trend_relative
2026-05-10,홈웨어,1,google,trend_relative
2026-05-17,홈웨어,1,google,trend_relative
2026-05-24,홈웨어,0,google,trend_relative
2026-05-31,홈웨어,0,google,trend_relative
2026-06-07,홈웨어,0,google,trend_relative
2026-06-14,홈웨어,0,google,trend_relative
2026-06-21,홈웨어,0,google,trend_relative
2026-06-28,홈웨어,0,google,trend_relative
2026-07-05,홈웨어,0,google,trend_relative
2026-07-12,홈웨어,0,google,trend_relative
2026-07-19,홈웨어,0,google,trend_relative
2026-07-26,홈웨어,0,google,trend_relative
2026-08-02,홈웨어,0,google,trend_relative
2026-08-09,홈웨어,1,google,trend_relative
2026-08-16,홈웨어,0,google,trend_relative
2026-08-23,홈웨어,0,google,trend_relative
2026-08-30,홈웨어,0,google,trend_relative
2026-09-06,홈웨어,0,google,trend_relative
2026-09-13,홈웨어,0,google,trend_relative
2025-09-14,생일 파티,2,google,trend_relative
2025-09-21,생일 파티,2,google,trend_relative
2025-09-28,생일 파티,3,google,trend_relative
2025-10-05,생일 파티,2,google,trend_relative
2025-10-12,생일 파티,2,google,trend_relative
2025-10-19,생일 파티,2,google,trend_relative
2025-10-26,생일 파티,2,google,trend_relative
2025-11-02,생일 파티,2,google,trend_relative
2025-11-09,생일 파티,2,google,trend_relative
2025-11-16,생일 파티,2,google,trend_relative
2025-11-23,생일 파티,2,google,trend_relative
2025-11-30,생일 파티,2,google,trend_relative
2025-12-07,생일 파티,1,google,trend_relative
2025-12-14,생일 파티,2,google,trend_relative
2025-12-21,생일 파티,2,google,trend_relative
2025-12-28,생일 파티,1,google,trend_relative
2026-01-04,생일 파티,2,google,trend_relative
2026-01-11,생일 파티,2,google,trend_relative
2026-01-18,생일 파티,3,google,trend_relative
2026-01-25,생일 파티,2,google,trend_relative
2026-02-01,생일 파티,2,google,trend_relative
2026-02-08,생일 파티,2,google,trend_relative
2026-02-15,생일 파티,2,google,trend_relative
2026-02-22,생일 파티,2,google,trend_relative
2026-03-01,생일 파티,2,google,trend_relative
2026-03-08,생일 파티,2,google,trend_relative
2026-03-15,생일 파티,2,google,trend_relative
2026-03-22,생일 파티,3,google,trend_relative
2026-03-29,생일 파티,2,google,trend_relative
2026-04-05,생일 파티,1,google,trend_relative
2026-04-12,생일 파티,3,google,trend_relative
2026-04-19,생일 파티,2,google,trend_relative
2026-04-26,생일 파티,2,google,trend_relative
2026-05-03,생일 파티,2,google,trend_relative
2026-05-10,생일 파티,2,google,trend_relative
2026-05-17,생일 파티,1,google,trend_relative
2026-05-24,생일 파티,1,google,trend_relative
2026-05-31,생일 파티,2,google,trend_relative
2026-06-07,생일 파티,1,google,trend_relative
2026-06-14,생일 파티,1,google,trend_relative
2026-06-21,생일 파티,1,google,trend_relative
2026-06-28,생일 파티,2,google,trend_relative
2026-07-05,생일 파티,2,google,trend_relative
2026-07-12,생일 파티,2,google,trend_relative
2026-07-19,생일 파티,1,google,trend_relative
2026-07-26,생일 파티,1,google,trend_relative
2026-08-02,생일 파티,2,google,trend_relative
2026-08-09,생일 파티,2,google,trend_relative
2026-08-16,생일 파티,1,google,trend_relative
2026-08-23,생일 파티,1,google,trend_relative
2026-08-30,생일 파티,1,google,trend_relative
2026-09-06,생일 파티,2,google,trend_relative
2026-09-13,생일 파티,2,google,trend_relative
2025-09-14,웨딩 촬영,2,google,trend_relative
2025-09-21,웨딩 촬영,2,google,trend_relative
2025-09-28,웨딩 촬영,2,google,trend_relative
2025-10-05,웨딩 촬영,2,google,trend_relative
2025-10-12,웨딩 촬영,3,google,trend_relative
2025-10-19,웨딩 촬영,3,google,trend_relative
2025-10-26,웨딩 촬영,2,google,trend_relative
2025-11-02,웨딩 촬영,3,google,trend_relative
2025-11-09,웨딩 촬영,2,google,trend_relative
2025-11-16,웨딩 촬영,2,google,trend_relative
2025-11-23,웨딩 촬영,2,google,trend_relative
2025-11-30,웨딩 촬영,2,google,trend_relative
2025-12-07,웨딩 촬영,1,google,trend_relative
2025-12-14,웨딩 촬영,2,google,trend_relative
2025-12-21,웨딩 촬영,1,google,trend_relative
2025-12-28,웨딩 촬영,1,google,trend_relative
2026-01-04,웨딩 촬영,2,google,trend_relative
2026-01-11,웨딩 촬영,3,google,trend_relative
2026-01-18,웨딩 촬영,2,google,trend_relative
2026-01-25,웨딩 촬영,2,google,trend_relative
2026-02-01,웨딩 촬영,2,google,trend_relative
2026-02-08,웨딩 촬영,2,google,trend_relative
2026-02-15,웨딩 촬영,2,google,trend_relative
2026-02-22,웨딩 촬영,2,google,trend_relative
2026-03-01,웨딩 촬영,3,google,trend_relative
2026-03-08,웨딩 촬영,3,google,trend_relative
2026-03-15,웨딩 촬영,3,google,trend_relative
2026-03-22,웨딩 촬영,2,google,trend_relative
2026-03-29,웨딩 촬영,3,google,trend_relative
2026-04-05,웨딩 촬영,5,google,trend_relative
2026-04-12,웨딩 촬영,3,google,trend_relative
2026-04-19,웨딩 촬영,3,google,trend_relative
2026-04-26,웨딩 촬영,3,google,trend_relative
2026-05-03,웨딩 촬영,3,google,trend_relative
2026-05-10,웨딩 촬영,3,google,trend_relative
2026-05-17,웨딩 촬영,2,google,trend_relative
2026-05-24,웨딩 촬영,3,google,trend_relative
2026-05-31,웨딩 촬영,3,google,trend_relative
2026-06-07,웨딩 촬영,2,google,trend_relative
2026-06-14,웨딩 촬영,1,google,trend_relative
2026-06-21,웨딩 촬영,2,google,trend_relative
2026-06-28,웨딩 촬영,2,google,trend_relative
2026-07-05,웨딩 촬영,2,google,trend_relative
2026-07-12,웨딩 촬영,2,google,trend_relative
2026-07-19,웨딩 촬영,2,google,trend_relative
2026-07-26,웨딩 촬영,1,google,trend_relative
2026-08-02,웨딩 촬영,1,google,trend_relative
2026-08-09,웨딩 촬영,2,google,trend_relative
2026-08-16,웨딩 촬영,2,google,trend_relative
2026-08-23,웨딩 촬영,2,google,trend_relative
2026-08-30,웨딩 촬영,3,google,trend_relative
2026-09-06,웨딩 촬영,3,google,trend_relative
2026-09-13,웨딩 촬영,3,google,trend_relative
2025-09-14,와인,49,google,trend_relative
2025-09-21,와인,50,google,trend_relative
2025-09-28,와인,59,google,trend_relative
2025-10-05,와인,59,google,trend_relative
2025-10-12,와인,48,google,trend_relative
2025-10-19,와인,50,google,trend_relative
2025-10-26,와인,53,google,trend_relative
2025-11-02,와인,53,google,trend_relative
2025-11-09,와인,57,google,trend_relative
2025-11-16,와인,67,google,trend_relative
2025-11-23,와인,63,google,trend_relative
2025-11-30,와인,68,google,trend_relative
2025-12-07,와인,65,google,trend_relative
2025-12-14,와인,73,google,trend_relative
2025-12-21,와인,100,google,trend_relative
2025-12-28,와인,74,google,trend_relative
2026-01-04,와인,58,google,trend_relative
2026-01-11,와인,55,google,trend_relative
2026-01-18,와인,55,google,trend_relative
2026-01-25,와인,49,google,trend_relative
2026-02-01,와인,51,google,trend_relative
2026-02-08,와인,54,google,trend_relative
2026-02-15,와인,55,google,trend_relative
2026-02-22,와인,54,google,trend_relative
2026-03-01,와인,51,google,trend_relative
2026-03-08,와인,50,google,trend_relative
2026-03-15,와인,50,google,trend_relative
2026-03-22,와인,51,google,trend_relative
2026-03-29,와인,48,google,trend_relative
2026-04-05,와인,40,google,trend_relative
2026-04-12,와인,42,google,trend_relative
2026-04-19,와인,53,google,trend_relative
2026-04-26,와인,53,google,trend_relative
2026-05-03,와인,91,google,trend_relative
2026-05-10,와인,63,google,trend_relative
2026-05-17,와인,52,google,trend_relative
2026-05-24,와인,47,google,trend_relative
2026-05-31,와인,48,google,trend_relative
2026-06-07,와인,47,google,trend_relative
2026-06-14,와인,44,google,trend_relative
2026-06-21,와인,45,google,trend_relative
2026-06-28,와인,42,google,trend_relative
2026-07-05,와인,47,google,trend_relative
2026-07-12,와인,45,google,trend_relative
2026-07-19,와인,44,google,trend_relative
2026-07-26,와인,41,google,trend_relative
2026-08-02,와인,38,google,trend_relative
2026-08-09,와인,39,google,trend_relative
2026-08-16,와인,40,google,trend_relative
2026-08-23,와인,43,google,trend_relative
2026-08-30,와인,39,google,trend_relative
2026-09-06,와인,42,google,trend_relative
2026-09-13,와인,45,google,trend_relative
2025-09-14,버건디,49,google,trend_relative
2025-09-21,버건디,48,google,trend_relative
2025-09-28,버건디,39,google,trend_relative
2025-10-05,버건디,48,google,trend_relative
2025-10-12,버건디,51,google,trend_relative
2025-10-19,버건디,57,google,trend_relative
2025-10-26,버건디,46,google,trend_relative
2025-11-02,버건디,56,google,trend_relative
2025-11-09,버건디,56,google,trend_relative
2025-11-16,버건디,65,google,trend_relative
2025-11-23,버건디,46,google,trend_relative
2025-11-30,버건디,54,google,trend_relative
2025-12-07,버건디,44,google,trend_relative
2025-12-14,버건디,52,google,trend_relative
2025-12-21,버건디,46,google,trend_relative
2025-12-28,버건디,46,google,trend_relative
2026-01-04,버건디,41,google,trend_relative
2026-01-11,버건디,41,google,trend_relative
2026-01-18,버건디,40,google,trend_relative
2026-01-25,버건디,40,google,trend_relative
2026-02-01,버건디,42,google,trend_relative
2026-02-08,버건디,45,google,trend_relative
2026-02-15,버건디,49,google,trend_relative
2026-02-22,버건디,50,google,trend_relative
2026-03-01,버건디,51,google,trend_relative
2026-03-08,버건디,41,google,trend_relative
2026-03-15,버건디,49,google,trend_relative
2026-03-22,버건디,42,google,trend_relative
2026-03-29,버건디,50,google,trend_relative
2026-04-05,버건디,45,google,trend_relative
2026-04-12,버건디,36,google,trend_relative
2026-04-19,버건디,46,google,trend_relative
2026-04-26,버건디,47,google,trend_relative
2026-05-03,버건디,45,google,trend_relative
2026-05-10,버건디,43,google,trend_relative
2026-05-17,버건디,44,google,trend_relative
2026-05-24,버건디,47,google,trend_relative
2026-05-31,버건디,37,google,trend_relative
2026-06-07,버건디,30,google,trend_relative
2026-06-14,버건디,42,google,trend_relative
2026-06-21,버건디,37,google,trend_relative
2026-06-28,버건디,38,google,trend_relative
2026-07-05,버건디,40,google,trend_relative
2026-07-12,버건디,36,google,trend_relative
2026-07-19,버건디,36,google,trend_relative
2026-07-26,버건디,39,google,trend_relative
2026-08-02,버건디,49,google,trend_relative
2026-08-09,버건디,35,google,trend_relative
2026-08-16,버건디,47,google,trend_relative
2026-08-23,버건디,46,google,trend_relative
2026-08-30,버건디,52,google,trend_relative
2026-09-06,버건디,71,google,trend_relative
2026-09-13,버건디,100,google,trend_relative
2025-09-14,딥네이비,0,google,trend_relative
2025-09-21,딥네이비,0,google,trend_relative
2025-09-28,딥네이비,0,google,trend_relative
2025-10-05,딥네이비,0,google,trend_relative
2025-10-12,딥네이비,0,google,trend_relative
2025-10-19,딥네이비,0,google,trend_relative
2025-10-26,딥네이비,0,google,trend_relative
2025-11-02,딥네이비,0,google,trend_relative
2025-11-09,딥네이비,0,google,trend_relative
2025-11-16,딥네이비,0,google,trend_relative
2025-11-23,딥네이비,0,google,trend_relative
2025-11-30,딥네이비,0,google,trend_relative
2025-12-07,딥네이비,0,google,trend_relative
2025-12-14,딥네이비,0,google,trend_relative
2025-12-21,딥네이비,0,google,trend_relative
2025-12-28,딥네이비,0,google,trend_relative
2026-01-04,딥네이비,0,google,trend_relative
2026-01-11,딥네이비,0,google,trend_relative
2026-01-18,딥네이비,0,google,trend_relative
2026-01-25,딥네이비,0,google,trend_relative
2026-02-01,딥네이비,0,google,trend_relative
2026-02-08,딥네이비,0,google,trend_relative
2026-02-15,딥네이비,0,google,trend_relative
2026-02-22,딥네이비,0,google,trend_relative
2026-03-01,딥네이비,0,google,trend_relative
2026-03-08,딥네이비,0,google,trend_relative
2026-03-15,딥네이비,0,google,trend_relative
2026-03-22,딥네이비,0,google,trend_relative
2026-03-29,딥네이비,0,google,trend_relative
2026-04-05,딥네이비,0,google,trend_relative
2026-04-12,딥네이비,0,google,trend_relative
2026-04-19,딥네이비,7,google,trend_relative
2026-04-26,딥네이비,0,google,trend_relative
2026-05-03,딥네이비,0,google,trend_relative
2026-05-10,딥네이비,0,google,trend_relative
2026-05-17,딥네이비,0,google,trend_relative
2026-05-24,딥네이비,0,google,trend_relative
2026-05-31,딥네이비,0,google,trend_relative
2026-06-07,딥네이비,0,google,trend_relative
2026-06-14,딥네이비,0,google,trend_relative
2026-06-21,딥네이비,0,google,trend_relative
2026-06-28,딥네이비,0,google,trend_relative
2026-07-05,딥네이비,0,google,trend_relative
2026-07-12,딥네이비,0,google,trend_relative
2026-07-19,딥네이비,0,google,trend_relative
2026-07-26,딥네이비,0,google,trend_relative
2026-08-02,딥네이비,0,google,trend_relative
2026-08-09,딥네이비,7,google,trend_relative
2026-08-16,딥네이비,0,google,trend_relative
2026-08-23,딥네이비,0,google,trend_relative
2026-08-30,딥네이비,1,google,trend_relative
2026-09-06,딥네이비,2,google,trend_relative
2026-09-13,딥네이비,0,google,trend_relative
2025-09-14,아메시스트,0,google,trend_relative
2025-09-21,아메시스트,0,google,trend_relative
2025-09-28,아메시스트,0,google,trend_relative
2025-10-05,아메시스트,0,google,trend_relative
2025-10-12,아메시스트,0,google,trend_relative
2025-10-19,아메시스트,0,google,trend_relative
2025-10-26,아메시스트,0,google,trend_relative
2025-11-02,아메시스트,0,google,trend_relative
2025-11-09,아메시스트,0,google,trend_relative
2025-11-16,아메시스트,0,google,trend_relative
2025-11-23,아메시스트,0,google,trend_relative
2025-11-30,아메시스트,0,google,trend_relative
2025-12-07,아메시스트,0,google,trend_relative
2025-12-14,아메시스트,0,google,trend_relative
2025-12-21,아메시스트,0,google,trend_relative
2025-12-28,아메시스트,0,google,trend_relative
2026-01-04,아메시스트,0,google,trend_relative
2026-01-11,아메시스트,0,google,trend_relative
2026-01-18,아메시스트,0,google,trend_relative
2026-01-25,아메시스트,0,google,trend_relative
2026-02-01,아메시스트,0,google,trend_relative
2026-02-08,아메시스트,0,google,trend_relative
2026-02-15,아메시스트,0,google,trend_relative
2026-02-22,아메시스트,0,google,trend_relative
2026-03-01,아메시스트,0,google,trend_relative
2026-03-08,아메시스트,0,google,trend_relative
2026-03-15,아메시스트,0,google,trend_relative
2026-03-22,아메시스트,0,google,trend_relative
2026-03-29,아메시스트,0,google,trend_relative
2026-04-05,아메시스트,0,google,trend_relative
2026-04-12,아메시스트,0,google,trend_relative
2026-04-19,아메시스트,0,google,trend_relative
2026-04-26,아메시스트,0,google,trend_relative
2026-05-03,아메시스트,0,google,trend_relative
2026-05-10,아메시스트,0,google,trend_relative
2026-05-17,아메시스트,0,google,trend_relative
2026-05-24,아메시스트,0,google,trend_relative
2026-05-31,아메시스트,0,google,trend_relative
2026-06-07,아메시스트,0,google,trend_relative
2026-06-14,아메시스트,0,google,trend_relative
2026-06-21,아메시스트,0,google,trend_relative
2026-06-28,아메시스트,0,google,trend_relative
2026-07-05,아메시스트,0,google,trend_relative
2026-07-12,아메시스트,0,google,trend_relative
2026-07-19,아메시스트,0,google,trend_relative
2026-07-26,아메시스트,0,google,trend_relative
2026-08-02,아메시스트,0,google,trend_relative
2026-08-09,아메시스트,0,google,trend_relative
2026-08-16,아메시스트,0,google,trend_relative
2026-08-23,아메시스트,7,google,trend_relative
2026-08-30,아메시스트,2,google,trend_relative
2026-09-06,아메시스트,3,google,trend_relative
2026-09-13,아메시스트,3,google,trend_relative
2025-09-14,인디고블루,0,google,trend_relative
2025-09-21,인디고블루,0,google,trend_relative
2025-09-28,인디고블루,0,google,trend_relative
2025-10-05,인디고블루,0,google,trend_relative
2025-10-12,인디고블루,0,google,trend_relative
2025-10-19,인디고블루,0,google,trend_relative
2025-10-26,인디고블루,0,google,trend_relative
2025-11-02,인디고블루,0,google,trend_relative
2025-11-09,인디고블루,0,google,trend_relative
2025-11-16,인디고블루,0,google,trend_relative
2025-11-23,인디고블루,0,google,trend_relative
2025-11-30,인디고블루,0,google,trend_relative
2025-12-07,인디고블루,0,google,trend_relative
2025-12-14,인디고블루,0,google,trend_relative
2025-12-21,인디고블루,0,google,trend_relative
2025-12-28,인디고블루,0,google,trend_relative
2026-01-04,인디고블루,0,google,trend_relative
2026-01-11,인디고블루,0,google,trend_relative
2026-01-18,인디고블루,0,google,trend_relative
2026-01-25,인디고블루,0,google,trend_relative
2026-02-01,인디고블루,0,google,trend_relative
2026-02-08,인디고블루,0,google,trend_relative
2026-02-15,인디고블루,0,google,trend_relative
2026-02-22,인디고블루,0,google,trend_relative
2026-03-01,인디고블루,0,google,trend_relative
2026-03-08,인디고블루,0,google,trend_relative
2026-03-15,인디고블루,0,google,trend_relative
2026-03-22,인디고블루,0,google,trend_relative
2026-03-29,인디고블루,0,google,trend_relative
2026-04-05,인디고블루,0,google,trend_relative
2026-04-12,인디고블루,0,google,trend_relative
2026-04-19,인디고블루,0,google,trend_relative
2026-04-26,인디고블루,0,google,trend_relative
2026-05-03,인디고블루,0,google,trend_relative
2026-05-10,인디고블루,0,google,trend_relative
2026-05-17,인디고블루,0,google,trend_relative
2026-05-24,인디고블루,0,google,trend_relative
2026-05-31,인디고블루,0,google,trend_relative
2026-06-07,인디고블루,0,google,trend_relative
2026-06-14,인디고블루,0,google,trend_relative
2026-06-21,인디고블루,0,google,trend_relative
2026-06-28,인디고블루,0,google,trend_relative
2026-07-05,인디고블루,0,google,trend_relative
2026-07-12,인디고블루,0,google,trend_relative
2026-07-19,인디고블루,0,google,trend_relative
2026-07-26,인디고블루,0,google,trend_relative
2026-08-02,인디고블루,0,google,trend_relative
2026-08-09,인디고블루,0,google,trend_relative
2026-08-16,인디고블루,0,google,trend_relative
2026-08-23,인디고블루,0,google,trend_relative
2026-08-30,인디고블루,2,google,trend_relative
2026-09-06,인디고블루,3,google,trend_relative
2026-09-13,인디고블루,0,google,trend_relative
2025-09-14,에메랄드그린,0,google,trend_relative
2025-09-21,에메랄드그린,0,google,trend_relative
2025-09-28,에메랄드그린,0,google,trend_relative
2025-10-05,에메랄드그린,0,google,trend_relative
2025-10-12,에메랄드그린,0,google,trend_relative
2025-10-19,에메랄드그린,0,google,trend_relative
2025-10-26,에메랄드그린,0,google,trend_relative
2025-11-02,에메랄드그린,0,google,trend_relative
2025-11-09,에메랄드그린,0,google,trend_relative
2025-11-16,에메랄드그린,0,google,trend_relative
2025-11-23,에메랄드그린,0,google,trend_relative
2025-11-30,에메랄드그린,0,google,trend_relative
2025-12-07,에메랄드그린,0,google,trend_relative
2025-12-14,에메랄드그린,0,google,trend_relative
2025-12-21,에메랄드그린,0,google,trend_relative
2025-12-28,에메랄드그린,0,google,trend_relative
2026-01-04,에메랄드그린,0,google,trend_relative
2026-01-11,에메랄드그린,0,google,trend_relative
2026-01-18,에메랄드그린,0,google,trend_relative
2026-01-25,에메랄드그린,0,google,trend_relative
2026-02-01,에메랄드그린,0,google,trend_relative
2026-02-08,에메랄드그린,0,google,trend_relative
2026-02-15,에메랄드그린,0,google,trend_relative
2026-02-22,에메랄드그린,0,google,trend_relative
2026-03-01,에메랄드그린,0,google,trend_relative
2026-03-08,에메랄드그린,0,google,trend_relative
2026-03-15,에메랄드그린,0,google,trend_relative
2026-03-22,에메랄드그린,0,google,trend_relative
2026-03-29,에메랄드그린,8,google,trend_relative
2026-04-05,에메랄드그린,0,google,trend_relative
2026-04-12,에메랄드그린,0,google,trend_relative
2026-04-19,에메랄드그린,0,google,trend_relative
2026-04-26,에메랄드그린,0,google,trend_relative
2026-05-03,에메랄드그린,0,google,trend_relative
2026-05-10,에메랄드그린,0,google,trend_relative
2026-05-17,에메랄드그린,0,google,trend_relative
2026-05-24,에메랄드그린,11,google,trend_relative
2026-05-31,에메랄드그린,0,google,trend_relative
2026-06-07,에메랄드그린,0,google,trend_relative
2026-06-14,에메랄드그린,0,google,trend_relative
2026-06-21,에메랄드그린,0,google,trend_relative
2026-06-28,에메랄드그린,0,google,trend_relative
2026-07-05,에메랄드그린,0,google,trend_relative
2026-07-12,에메랄드그린,0,google,trend_relative
2026-07-19,에메랄드그린,0,google,trend_relative
2026-07-26,에메랄드그린,0,google,trend_relative
2026-08-02,에메랄드그린,0,google,trend_relative
2026-08-09,에메랄드그린,6,google,trend_relative
2026-08-16,에메랄드그린,0,google,trend_relative
2026-08-23,에메랄드그린,0,google,trend_relative
2026-08-30,에메랄드그린,3,google,trend_relative
2026-09-06,에메랄드그린,3,google,trend_relative
2026-09-13,에메랄드그린,0,google,trend_relative
2025-09-14,포레스트그린,0,google,trend_relative
2025-09-21,포레스트그린,0,google,trend_relative
2025-09-28,포레스트그린,0,google,trend_relative
2025-10-05,포레스트그린,0,google,trend_relative
2025-10-12,포레스트그린,0,google,trend_relative
2025-10-19,포레스트그린,0,google,trend_relative
2025-10-26,포레스트그린,3,google,trend_relative
2025-11-02,포레스트그린,4,google,trend_relative
2025-11-09,포레스트그린,0,google,trend_relative
2025-11-16,포레스트그린,0,google,trend_relative
2025-11-23,포레스트그린,0,google,trend_relative
2025-11-30,포레스트그린,0,google,trend_relative
2025-12-07,포레스트그린,0,google,trend_relative
2025-12-14,포레스트그린,0,google,trend_relative
2025-12-21,포레스트그린,0,google,trend_relative
2025-12-28,포레스트그린,0,google,trend_relative
2026-01-04,포레스트그린,0,google,trend_relative
2026-01-11,포레스트그린,0,google,trend_relative
2026-01-18,포레스트그린,0,google,trend_relative
2026-01-25,포레스트그린,0,google,trend_relative
2026-02-01,포레스트그린,0,google,trend_relative
2026-02-08,포레스트그린,0,google,trend_relative
2026-02-15,포레스트그린,0,google,trend_relative
2026-02-22,포레스트그린,0,google,trend_relative
2026-03-01,포레스트그린,0,google,trend_relative
2026-03-08,포레스트그린,0,google,trend_relative
2026-03-15,포레스트그린,0,google,trend_relative
2026-03-22,포레스트그린,0,google,trend_relative
2026-03-29,포레스트그린,0,google,trend_relative
2026-04-05,포레스트그린,0,google,trend_relative
2026-04-12,포레스트그린,0,google,trend_relative
2026-04-19,포레스트그린,4,google,trend_relative
2026-04-26,포레스트그린,0,google,trend_relative
2026-05-03,포레스트그린,0,google,trend_relative
2026-05-10,포레스트그린,0,google,trend_relative
2026-05-17,포레스트그린,0,google,trend_relative
2026-05-24,포레스트그린,0,google,trend_relative
2026-05-31,포레스트그린,0,google,trend_relative
2026-06-07,포레스트그린,0,google,trend_relative
2026-06-14,포레스트그린,0,google,trend_relative
2026-06-21,포레스트그린,0,google,trend_relative
2026-06-28,포레스트그린,0,google,trend_relative
2026-07-05,포레스트그린,0,google,trend_relative
2026-07-12,포레스트그린,0,google,trend_relative
2026-07-19,포레스트그린,0,google,trend_relative
2026-07-26,포레스트그린,0,google,trend_relative
2026-08-02,포레스트그린,0,google,trend_relative
2026-08-09,포레스트그린,0,google,trend_relative
2026-08-16,포레스트그린,0,google,trend_relative
2026-08-23,포레스트그린,0,google,trend_relative
2026-08-30,포레스트그린,1,google,trend_relative
2026-09-06,포레스트그린,1,google,trend_relative
2026-09-13,포레스트그린,0,google,trend_relative
2025-09-14,탠,7,google,trend_relative
2025-09-21,탠,8,google,trend_relative
2025-09-28,탠,8,google,trend_relative
2025-10-05,탠,7,google,trend_relative
2025-10-12,탠,8,google,trend_relative
2025-10-19,탠,6,google,trend_relative
2025-10-26,탠,8,google,trend_relative
2025-11-02,탠,6,google,trend_relative
2025-11-09,탠,9,google,trend_relative
2025-11-16,탠,6,google,trend_relative
2025-11-23,탠,5,google,trend_relative
2025-11-30,탠,7,google,trend_relative
2025-12-07,탠,0,google,trend_relative
2025-12-14,탠,7,google,trend_relative
2025-12-21,탠,0,google,trend_relative
2025-12-28,탠,0,google,trend_relative
2026-01-04,탠,7,google,trend_relative
2026-01-11,탠,8,google,trend_relative
2026-01-18,탠,4,google,trend_relative
2026-01-25,탠,9,google,trend_relative
2026-02-01,탠,3,google,trend_relative
2026-02-08,탠,8,google,trend_relative
2026-02-15,탠,4,google,trend_relative
2026-02-22,탠,7,google,trend_relative
2026-03-01,탠,6,google,trend_relative
2026-03-08,탠,4,google,trend_relative
2026-03-15,탠,6,google,trend_relative
2026-03-22,탠,6,google,trend_relative
2026-03-29,탠,6,google,trend_relative
2026-04-05,탠,8,google,trend_relative
2026-04-12,탠,5,google,trend_relative
2026-04-19,탠,8,google,trend_relative
2026-04-26,탠,7,google,trend_relative
2026-05-03,탠,4,google,trend_relative
2026-05-10,탠,8,google,trend_relative
2026-05-17,탠,5,google,trend_relative
2026-05-24,탠,3,google,trend_relative
2026-05-31,탠,8,google,trend_relative
2026-06-07,탠,0,google,trend_relative
2026-06-14,탠,7,google,trend_relative
2026-06-21,탠,5,google,trend_relative
2026-06-28,탠,5,google,trend_relative
2026-07-05,탠,5,google,trend_relative
2026-07-12,탠,6,google,trend_relative
2026-07-19,탠,6,google,trend_relative
2026-07-26,탠,6,google,trend_relative
2026-08-02,탠,4,google,trend_relative
2026-08-09,탠,4,google,trend_relative
2026-08-16,탠,6,google,trend_relative
2026-08-23,탠,6,google,trend_relative
2026-08-30,탠,5,google,trend_relative
2026-09-06,탠,6,google,trend_relative
2026-09-13,탠,8,google,trend_relative
2025-09-14,카멜,43,google,trend_relative
2025-09-21,카멜,34,google,trend_relative
2025-09-28,카멜,44,google,trend_relative
2025-10-05,카멜,33,google,trend_relative
2025-10-12,카멜,36,google,trend_relative
2025-10-19,카멜,31,google,trend_relative
2025-10-26,카멜,38,google,trend_relative
2025-11-02,카멜,33,google,trend_relative
2025-11-09,카멜,36,google,trend_relative
2025-11-16,카멜,43,google,trend_relative
2025-11-23,카멜,39,google,trend_relative
2025-11-30,카멜,37,google,trend_relative
2025-12-07,카멜,37,google,trend_relative
2025-12-14,카멜,42,google,trend_relative
2025-12-21,카멜,40,google,trend_relative
2025-12-28,카멜,40,google,trend_relative
2026-01-04,카멜,41,google,trend_relative
2026-01-11,카멜,43,google,trend_relative
2026-01-18,카멜,47,google,trend_relative
2026-01-25,카멜,100,google,trend_relative
2026-02-01,카멜,52,google,trend_relative
2026-02-08,카멜,40,google,trend_relative
2026-02-15,카멜,38,google,trend_relative
2026-02-22,카멜,43,google,trend_relative
2026-03-01,카멜,35,google,trend_relative
2026-03-08,카멜,39,google,trend_relative
2026-03-15,카멜,40,google,trend_relative
2026-03-22,카멜,36,google,trend_relative
2026-03-29,카멜,41,google,trend_relative
2026-04-05,카멜,38,google,trend_relative
2026-04-12,카멜,33,google,trend_relative
2026-04-19,카멜,32,google,trend_relative
2026-04-26,카멜,27,google,trend_relative
2026-05-03,카멜,31,google,trend_relative
2026-05-10,카멜,37,google,trend_relative
2026-05-17,카멜,34,google,trend_relative
2026-05-24,카멜,43,google,trend_relative
2026-05-31,카멜,46,google,trend_relative
2026-06-07,카멜,33,google,trend_relative
2026-06-14,카멜,40,google,trend_relative
2026-06-21,카멜,39,google,trend_relative
2026-06-28,카멜,46,google,trend_relative
2026-07-05,카멜,42,google,trend_relative
2026-07-12,카멜,39,google,trend_relative
2026-07-19,카멜,37,google,trend_relative
2026-07-26,카멜,29,google,trend_relative
2026-08-02,카멜,33,google,trend_relative
2026-08-09,카멜,32,google,trend_relative
2026-08-16,카멜,32,google,trend_relative
2026-08-23,카멜,28,google,trend_relative
2026-08-30,카멜,29,google,trend_relative
2026-09-06,카멜,29,google,trend_relative
2026-09-13,카멜,28,google,trend_relative
2025-09-14,카키,46,google,trend_relative
2025-09-21,카키,46,google,trend_relative
2025-09-28,카키,44,google,trend_relative
2025-10-05,카키,41,google,trend_relative
2025-10-12,카키,43,google,trend_relative
2025-10-19,카키,48,google,trend_relative
2025-10-26,카키,49,google,trend_relative
2025-11-02,카키,47,google,trend_relative
2025-11-09,카키,47,google,trend_relative
2025-11-16,카키,45,google,trend_relative
2025-11-23,카키,47,google,trend_relative
2025-11-30,카키,43,google,trend_relative
2025-12-07,카키,44,google,trend_relative
2025-12-14,카키,44,google,trend_relative
2025-12-21,카키,37,google,trend_relative
2025-12-28,카키,36,google,trend_relative
2026-01-04,카키,41,google,trend_relative
2026-01-11,카키,46,google,trend_relative
2026-01-18,카키,37,google,trend_relative
2026-01-25,카키,36,google,trend_relative
2026-02-01,카키,40,google,trend_relative
2026-02-08,카키,36,google,trend_relative
2026-02-15,카키,44,google,trend_relative
2026-02-22,카키,43,google,trend_relative
2026-03-01,카키,41,google,trend_relative
2026-03-08,카키,46,google,trend_relative
2026-03-15,카키,43,google,trend_relative
2026-03-22,카키,41,google,trend_relative
2026-03-29,카키,40,google,trend_relative
2026-04-05,카키,33,google,trend_relative
2026-04-12,카키,36,google,trend_relative
2026-04-19,카키,35,google,trend_relative
2026-04-26,카키,40,google,trend_relative
2026-05-03,카키,39,google,trend_relative
2026-05-10,카키,37,google,trend_relative
2026-05-17,카키,39,google,trend_relative
2026-05-24,카키,39,google,trend_relative
2026-05-31,카키,42,google,trend_relative
2026-06-07,카키,32,google,trend_relative
2026-06-14,카키,34,google,trend_relative
2026-06-21,카키,32,google,trend_relative
2026-06-28,카키,40,google,trend_relative
2026-07-05,카키,40,google,trend_relative
2026-07-12,카키,30,google,trend_relative
2026-07-19,카키,36,google,trend_relative
2026-07-26,카키,36,google,trend_relative
2026-08-02,카키,34,google,trend_relative
2026-08-09,카키,33,google,trend_relative
2026-08-16,카키,43,google,trend_relative
2026-08-23,카키,41,google,trend_relative
2026-08-30,카키,38,google,trend_relative
2026-09-06,카키,41,google,trend_relative
2026-09-13,카키,45,google,trend_relative
2025-09-14,러스트,49,google,trend_relative
2025-09-21,러스트,47,google,trend_relative
2025-09-28,러스트,57,google,trend_relative
2025-10-05,러스트,71,google,trend_relative
2025-10-12,러스트,50,google,trend_relative
2025-10-19,러스트,52,google,trend_relative
2025-10-26,러스트,46,google,trend_relative
2025-11-02,러스트,46,google,trend_relative
2025-11-09,러스트,57,google,trend_relative
2025-11-16,러스트,40,google,trend_relative
2025-11-23,러스트,39,google,trend_relative
2025-11-30,러스트,30,google,trend_relative
2025-12-07,러스트,46,google,trend_relative
2025-12-14,러스트,51,google,trend_relative
2025-12-21,러스트,55,google,trend_relative
2025-12-28,러스트,56,google,trend_relative
2026-01-04,러스트,50,google,trend_relative
2026-01-11,러스트,42,google,trend_relative
2026-01-18,러스트,47,google,trend_relative
2026-01-25,러스트,37,google,trend_relative
2026-02-01,러스트,40,google,trend_relative
2026-02-08,러스트,51,google,trend_relative
2026-02-15,러스트,40,google,trend_relative
2026-02-22,러스트,45,google,trend_relative
2026-03-01,러스트,41,google,trend_relative
2026-03-08,러스트,39,google,trend_relative
2026-03-15,러스트,32,google,trend_relative
2026-03-22,러스트,37,google,trend_relative
2026-03-29,러스트,42,google,trend_relative
2026-04-05,러스트,29,google,trend_relative
2026-04-12,러스트,30,google,trend_relative
2026-04-19,러스트,26,google,trend_relative
2026-04-26,러스트,33,google,trend_relative
2026-05-03,러스트,37,google,trend_relative
2026-05-10,러스트,52,google,trend_relative
2026-05-17,러스트,47,google,trend_relative
2026-05-24,러스트,31,google,trend_relative
2026-05-31,러스트,30,google,trend_relative
2026-06-07,러스트,29,google,trend_relative
2026-06-14,러스트,33,google,trend_relative
2026-06-21,러스트,33,google,trend_relative
2026-06-28,러스트,32,google,trend_relative
2026-07-05,러스트,31,google,trend_relative
2026-07-12,러스트,29,google,trend_relative
2026-07-19,러스트,34,google,trend_relative
2026-07-26,러스트,34,google,trend_relative
2026-08-02,러스트,35,google,trend_relative
2026-08-09,러스트,31,google,trend_relative
2026-08-16,러스트,32,google,trend_relative
2026-08-23,러스트,34,google,trend_relative
2026-08-30,러스트,29,google,trend_relative
2026-09-06,러스트,32,google,trend_relative
2026-09-13,러스트,39,google,trend_relative
2025-09-14,틸,1,google,trend_relative
2025-09-21,틸,1,google,trend_relative
2025-09-28,틸,1,google,trend_relative
2025-10-05,틸,1,google,trend_relative
2025-10-12,틸,1,google,trend_relative
2025-10-19,틸,1,google,trend_relative
2025-10-26,틸,1,google,trend_relative
2025-11-02,틸,1,google,trend_relative
2025-11-09,틸,1,google,trend_relative
2025-11-16,틸,1,google,trend_relative
2025-11-23,틸,1,google,trend_relative
2025-11-30,틸,1,google,trend_relative
2025-12-07,틸,1,google,trend_relative
2025-12-14,틸,1,google,trend_relative
2025-12-21,틸,1,google,trend_relative
2025-12-28,틸,1,google,trend_relative
2026-01-04,틸,1,google,trend_relative
2026-01-11,틸,1,google,trend_relative
2026-01-18,틸,1,google,trend_relative
2026-01-25,틸,1,google,trend_relative
2026-02-01,틸,1,google,trend_relative
2026-02-08,틸,1,google,trend_relative
2026-02-15,틸,1,google,trend_relative
2026-02-22,틸,1,google,trend_relative
2026-03-01,틸,1,google,trend_relative
2026-03-08,틸,1,google,trend_relative
2026-03-15,틸,1,google,trend_relative
2026-03-22,틸,1,google,trend_relative
2026-03-29,틸,1,google,trend_relative
2026-04-05,틸,1,google,trend_relative
2026-04-12,틸,1,google,trend_relative
2026-04-19,틸,1,google,trend_relative
2026-04-26,틸,1,google,trend_relative
2026-05-03,틸,1,google,trend_relative
2026-05-10,틸,1,google,trend_relative
2026-05-17,틸,1,google,trend_relative
2026-05-24,틸,1,google,trend_relative
2026-05-31,틸,1,google,trend_relative
2026-06-07,틸,1,google,trend_relative
2026-06-14,틸,1,google,trend_relative
2026-06-21,틸,1,google,trend_relative
2026-06-28,틸,1,google,trend_relative
2026-07-05,틸,1,google,trend_relative
2026-07-12,틸,1,google,trend_relative
2026-07-19,틸,1,google,trend_relative
2026-07-26,틸,1,google,trend_relative
2026-08-02,틸,1,google,trend_relative
2026-08-09,틸,1,google,trend_relative
2026-08-16,틸,1,google,trend_relative
2026-08-23,틸,1,google,trend_relative
2026-08-30,틸,1,google,trend_relative
2026-09-06,틸,1,google,trend_relative
2026-09-13,틸,1,google,trend_relative
2025-09-14,그린,10,google,trend_relative
2025-09-21,그린,10,google,trend_relative
2025-09-28,그린,11,google,trend_relative
2025-10-05,그린,10,google,trend_relative
2025-10-12,그린,11,google,trend_relative
2025-10-19,그린,11,google,trend_relative
2025-10-26,그린,11,google,trend_relative
2025-11-02,그린,11,google,trend_relative
2025-11-09,그린,11,google,trend_relative
2025-11-16,그린,11,google,trend_relative
2025-11-23,그린,11,google,trend_relative
2025-11-30,그린,11,google,trend_relative
2025-12-07,그린,10,google,trend_relative
2025-12-14,그린,11,google,trend_relative
2025-12-21,그린,11,google,trend_relative
2025-12-28,그린,10,google,trend_relative
2026-01-04,그린,10,google,trend_relative
2026-01-11,그린,11,google,trend_relative
2026-01-18,그린,10,google,trend_relative
2026-01-25,그린,10,google,trend_relative
2026-02-01,그린,11,google,trend_relative
2026-02-08,그린,10,google,trend_relative
2026-02-15,그린,9,google,trend_relative
2026-02-22,그린,11,google,trend_relative
2026-03-01,그린,10,google,trend_relative
2026-03-08,그린,11,google,trend_relative
2026-03-15,그린,11,google,trend_relative
2026-03-22,그린,11,google,trend_relative
2026-03-29,그린,11,google,trend_relative
2026-04-05,그린,9,google,trend_relative
2026-04-12,그린,10,google,trend_relative
2026-04-19,그린,10,google,trend_relative
2026-04-26,그린,10,google,trend_relative
2026-05-03,그린,10,google,trend_relative
2026-05-10,그린,11,google,trend_relative
2026-05-17,그린,10,google,trend_relative
2026-05-24,그린,11,google,trend_relative
2026-05-31,그린,11,google,trend_relative
2026-06-07,그린,10,google,trend_relative
2026-06-14,그린,10,google,trend_relative
2026-06-21,그린,10,google,trend_relative
2026-06-28,그린,11,google,trend_relative
2026-07-05,그린,10,google,trend_relative
2026-07-12,그린,10,google,trend_relative
2026-07-19,그린,10,google,trend_relative
2026-07-26,그린,9,google,trend_relative
2026-08-02,그린,9,google,trend_relative
2026-08-09,그린,9,google,trend_relative
2026-08-16,그린,10,google,trend_relative
2026-08-23,그린,9,google,trend_relative
2026-08-30,그린,9,google,trend_relative
2026-09-06,그린,9,google,trend_relative
2026-09-13,그린,10,google,trend_relative
2025-09-14,민트,2,google,trend_relative
2025-09-21,민트,2,google,trend_relative
2025-09-28,민트,2,google,trend_relative
2025-10-05,민트,2,google,trend_relative
2025-10-12,민트,2,google,trend_relative
2025-10-19,민트,2,google,trend_relative
2025-10-26,민트,2,google,trend_relative
2025-11-02,민트,2,google,trend_relative
2025-11-09,민트,2,google,trend_relative
2025-11-16,민트,2,google,trend_relative
2025-11-23,민트,2,google,trend_relative
2025-11-30,민트,2,google,trend_relative
2025-12-07,민트,2,google,trend_relative
2025-12-14,민트,2,google,trend_relative
2025-12-21,민트,2,google,trend_relative
2025-12-28,민트,2,google,trend_relative
2026-01-04,민트,2,google,trend_relative
2026-01-11,민트,2,google,trend_relative
2026-01-18,민트,2,google,trend_relative
2026-01-25,민트,3,google,trend_relative
2026-02-01,민트,3,google,trend_relative
2026-02-08,민트,5,google,trend_relative
2026-02-15,민트,7,google,trend_relative
2026-02-22,민트,4,google,trend_relative
2026-03-01,민트,4,google,trend_relative
2026-03-08,민트,3,google,trend_relative
2026-03-15,민트,2,google,trend_relative
2026-03-22,민트,2,google,trend_relative
2026-03-29,민트,4,google,trend_relative
2026-04-05,민트,4,google,trend_relative
2026-04-12,민트,7,google,trend_relative
2026-04-19,민트,2,google,trend_relative
2026-04-26,민트,3,google,trend_relative
2026-05-03,민트,2,google,trend_relative
2026-05-10,민트,3,google,trend_relative
2026-05-17,민트,2,google,trend_relative
2026-05-24,민트,3,google,trend_relative
2026-05-31,민트,3,google,trend_relative
2026-06-07,민트,2,google,trend_relative
2026-06-14,민트,2,google,trend_relative
2026-06-21,민트,2,google,trend_relative
2026-06-28,민트,2,google,trend_relative
2026-07-05,민트,2,google,trend_relative
2026-07-12,민트,2,google,trend_relative
2026-07-19,민트,2,google,trend_relative
2026-07-26,민트,2,google,trend_relative
2026-08-02,민트,2,google,trend_relative
2026-08-09,민트,2,google,trend_relative
2026-08-16,민트,7,google,trend_relative
2026-08-23,민트,8,google,trend_relative
2026-08-30,민트,2,google,trend_relative
2026-09-06,민트,2,google,trend_relative
2026-09-13,민트,2,google,trend_relative
2025-09-14,블루,50,google,trend_relative
2025-09-21,블루,47,google,trend_relative
2025-09-28,블루,47,google,trend_relative
2025-10-05,블루,53,google,trend_relative
2025-10-12,블루,48,google,trend_relative
2025-10-19,블루,64,google,trend_relative
2025-10-26,블루,100,google,trend_relative
2025-11-02,블루,57,google,trend_relative
2025-11-09,블루,38,google,trend_relative
2025-11-16,블루,37,google,trend_relative
2025-11-23,블루,39,google,trend_relative
2025-11-30,블루,39,google,trend_relative
2025-12-07,블루,37,google,trend_relative
2025-12-14,블루,42,google,trend_relative
2025-12-21,블루,42,google,trend_relative
2025-12-28,블루,37,google,trend_relative
2026-01-04,블루,35,google,trend_relative
2026-01-11,블루,34,google,trend_relative
2026-01-18,블루,34,google,trend_relative
2026-01-25,블루,31,google,trend_relative
2026-02-01,블루,30,google,trend_relative
2026-02-08,블루,30,google,trend_relative
2026-02-15,블루,28,google,trend_relative
2026-02-22,블루,33,google,trend_relative
2026-03-01,블루,38,google,trend_relative
2026-03-08,블루,42,google,trend_relative
2026-03-15,블루,38,google,trend_relative
2026-03-22,블루,39,google,trend_relative
2026-03-29,블루,45,google,trend_relative
2026-04-05,블루,46,google,trend_relative
2026-04-12,블루,40,google,trend_relative
2026-04-19,블루,42,google,trend_relative
2026-04-26,블루,38,google,trend_relative
2026-05-03,블루,40,google,trend_relative
2026-05-10,블루,40,google,trend_relative
2026-05-17,블루,38,google,trend_relative
2026-05-24,블루,46,google,trend_relative
2026-05-31,블루,34,google,trend_relative
2026-06-07,블루,35,google,trend_relative
2026-06-14,블루,39,google,trend_relative
2026-06-21,블루,38,google,trend_relative
2026-06-28,블루,39,google,trend_relative
2026-07-05,블루,49,google,trend_relative
2026-07-12,블루,36,google,trend_relative
2026-07-19,블루,34,google,trend_relative
2026-07-26,블루,32,google,trend_relative
2026-08-02,블루,26,google,trend_relative
2026-08-09,블루,31,google,trend_relative
2026-08-16,블루,29,google,trend_relative
2026-08-23,블루,31,google,trend_relative
2026-08-30,블루,27,google,trend_relative
2026-09-06,블루,32,google,trend_relative
2026-09-13,블루,36,google,trend_relative
2025-09-14,네이비,4,google,trend_relative
2025-09-21,네이비,4,google,trend_relative
2025-09-28,네이비,3,google,trend_relative
2025-10-05,네이비,3,google,trend_relative
2025-10-12,네이비,4,google,trend_relative
2025-10-19,네이비,4,google,trend_relative
2025-10-26,네이비,3,google,trend_relative
2025-11-02,네이비,3,google,trend_relative
2025-11-09,네이비,3,google,trend_relative
2025-11-16,네이비,4,google,trend_relative
2025-11-23,네이비,3,google,trend_relative
2025-11-30,네이비,3,google,trend_relative
2025-12-07,네이비,2,google,trend_relative
2025-12-14,네이비,3,google,trend_relative
2025-12-21,네이비,2,google,trend_relative
2025-12-28,네이비,2,google,trend_relative
2026-01-04,네이비,3,google,trend_relative
2026-01-11,네이비,2,google,trend_relative
2026-01-18,네이비,3,google,trend_relative
2026-01-25,네이비,3,google,trend_relative
2026-02-01,네이비,5,google,trend_relative
2026-02-08,네이비,6,google,trend_relative
2026-02-15,네이비,3,google,trend_relative
2026-02-22,네이비,6,google,trend_relative
2026-03-01,네이비,6,google,trend_relative
2026-03-08,네이비,4,google,trend_relative
2026-03-15,네이비,3,google,trend_relative
2026-03-22,네이비,3,google,trend_relative
2026-03-29,네이비,3,google,trend_relative
2026-04-05,네이비,3,google,trend_relative
2026-04-12,네이비,3,google,trend_relative
2026-04-19,네이비,4,google,trend_relative
2026-04-26,네이비,3,google,trend_relative
2026-05-03,네이비,3,google,trend_relative
2026-05-10,네이비,3,google,trend_relative
2026-05-17,네이비,3,google,trend_relative
2026-05-24,네이비,3,google,trend_relative
2026-05-31,네이비,3,google,trend_relative
2026-06-07,네이비,3,google,trend_relative
2026-06-14,네이비,3,google,trend_relative
2026-06-21,네이비,3,google,trend_relative
2026-06-28,네이비,3,google,trend_relative
2026-07-05,네이비,3,google,trend_relative
2026-07-12,네이비,2,google,trend_relative
2026-07-19,네이비,3,google,trend_relative
2026-07-26,네이비,3,google,trend_relative
2026-08-02,네이비,5,google,trend_relative
2026-08-09,네이비,7,google,trend_relative
2026-08-16,네이비,5,google,trend_relative
2026-08-23,네이비,3,google,trend_relative
2026-08-30,네이비,5,google,trend_relative
2026-09-06,네이비,5,google,trend_relative
2026-09-13,네이비,3,google,trend_relative
2025-09-14,데님블루,0,google,trend_relative
2025-09-21,데님블루,0,google,trend_relative
2025-09-28,데님블루,0,google,trend_relative
2025-10-05,데님블루,0,google,trend_relative
2025-10-12,데님블루,3,google,trend_relative
2025-10-19,데님블루,0,google,trend_relative
2025-10-26,데님블루,0,google,trend_relative
2025-11-02,데님블루,0,google,trend_relative
2025-11-09,데님블루,0,google,trend_relative
2025-11-16,데님블루,0,google,trend_relative
2025-11-23,데님블루,0,google,trend_relative
2025-11-30,데님블루,0,google,trend_relative
2025-12-07,데님블루,0,google,trend_relative
2025-12-14,데님블루,0,google,trend_relative
2025-12-21,데님블루,0,google,trend_relative
2025-12-28,데님블루,0,google,trend_relative
2026-01-04,데님블루,0,google,trend_relative
2026-01-11,데님블루,0,google,trend_relative
2026-01-18,데님블루,0,google,trend_relative
2026-01-25,데님블루,0,google,trend_relative
2026-02-01,데님블루,0,google,trend_relative
2026-02-08,데님블루,0,google,trend_relative
2026-02-15,데님블루,0,google,trend_relative
2026-02-22,데님블루,4,google,trend_relative
2026-03-01,데님블루,4,google,trend_relative
2026-03-08,데님블루,0,google,trend_relative
2026-03-15,데님블루,0,google,trend_relative
2026-03-22,데님블루,4,google,trend_relative
2026-03-29,데님블루,4,google,trend_relative
2026-04-05,데님블루,0,google,trend_relative
2026-04-12,데님블루,3,google,trend_relative
2026-04-19,데님블루,0,google,trend_relative
2026-04-26,데님블루,0,google,trend_relative
2026-05-03,데님블루,0,google,trend_relative
2026-05-10,데님블루,0,google,trend_relative
2026-05-17,데님블루,0,google,trend_relative
2026-05-24,데님블루,0,google,trend_relative
2026-05-31,데님블루,0,google,trend_relative
2026-06-07,데님블루,0,google,trend_relative
2026-06-14,데님블루,4,google,trend_relative
2026-06-21,데님블루,0,google,trend_relative
2026-06-28,데님블루,0,google,trend_relative
2026-07-05,데님블루,0,google,trend_relative
2026-07-12,데님블루,0,google,trend_relative
2026-07-19,데님블루,0,google,trend_relative
2026-07-26,데님블루,0,google,trend_relative
2026-08-02,데님블루,0,google,trend_relative
2026-08-09,데님블루,0,google,trend_relative
2026-08-16,데님블루,0,google,trend_relative
2026-08-23,데님블루,4,google,trend_relative
2026-08-30,데님블루,2,google,trend_relative
2026-09-06,데님블루,3,google,trend_relative
2026-09-13,데님블루,2,google,trend_relative
2025-09-14,스틸블루,0,google,trend_relative
2025-09-21,스틸블루,0,google,trend_relative
2025-09-28,스틸블루,0,google,trend_relative
2025-10-05,스틸블루,0,google,trend_relative
2025-10-12,스틸블루,0,google,trend_relative
2025-10-19,스틸블루,0,google,trend_relative
2025-10-26,스틸블루,0,google,trend_relative
2025-11-02,스틸블루,0,google,trend_relative
2025-11-09,스틸블루,0,google,trend_relative
2025-11-16,스틸블루,0,google,trend_relative
2025-11-23,스틸블루,0,google,trend_relative
2025-11-30,스틸블루,0,google,trend_relative
2025-12-07,스틸블루,0,google,trend_relative
2025-12-14,스틸블루,0,google,trend_relative
2025-12-21,스틸블루,0,google,trend_relative
2025-12-28,스틸블루,0,google,trend_relative
2026-01-04,스틸블루,0,google,trend_relative
2026-01-11,스틸블루,0,google,trend_relative
2026-01-18,스틸블루,0,google,trend_relative
2026-01-25,스틸블루,0,google,trend_relative
2026-02-01,스틸블루,0,google,trend_relative
2026-02-08,스틸블루,0,google,trend_relative
2026-02-15,스틸블루,0,google,trend_relative
2026-02-22,스틸블루,0,google,trend_relative
2026-03-01,스틸블루,0,google,trend_relative
2026-03-08,스틸블루,0,google,trend_relative
2026-03-15,스틸블루,0,google,trend_relative
2026-03-22,스틸블루,0,google,trend_relative
2026-03-29,스틸블루,0,google,trend_relative
2026-04-05,스틸블루,0,google,trend_relative
2026-04-12,스틸블루,0,google,trend_relative
2026-04-19,스틸블루,0,google,trend_relative
2026-04-26,스틸블루,0,google,trend_relative
2026-05-03,스틸블루,0,google,trend_relative
2026-05-10,스틸블루,0,google,trend_relative
2026-05-17,스틸블루,0,google,trend_relative
2026-05-24,스틸블루,0,google,trend_relative
2026-05-31,스틸블루,0,google,trend_relative
2026-06-07,스틸블루,0,google,trend_relative
2026-06-14,스틸블루,0,google,trend_relative
2026-06-21,스틸블루,0,google,trend_relative
2026-06-28,스틸블루,0,google,trend_relative
2026-07-05,스틸블루,0,google,trend_relative
2026-07-12,스틸블루,0,google,trend_relative
2026-07-19,스틸블루,0,google,trend_relative
2026-07-26,스틸블루,0,google,trend_relative
2026-08-02,스틸블루,0,google,trend_relative
2026-08-09,스틸블루,0,google,trend_relative
2026-08-16,스틸블루,0,google,trend_relative
2026-08-23,스틸블루,0,google,trend_relative
2026-08-30,스틸블루,1,google,trend_relative
2026-09-06,스틸블루,1,google,trend_relative
2026-09-13,스틸블루,2,google,trend_relative
2025-09-14,오션블루,8,google,trend_relative
2025-09-21,오션블루,5,google,trend_relative
2025-09-28,오션블루,10,google,trend_relative
2025-10-05,오션블루,8,google,trend_relative
2025-10-12,오션블루,10,google,trend_relative
2025-10-19,오션블루,5,google,trend_relative
2025-10-26,오션블루,9,google,trend_relative
2025-11-02,오션블루,9,google,trend_relative
2025-11-09,오션블루,9,google,trend_relative
2025-11-16,오션블루,7,google,trend_relative
2025-11-23,오션블루,8,google,trend_relative
2025-11-30,오션블루,10,google,trend_relative
2025-12-07,오션블루,10,google,trend_relative
2025-12-14,오션블루,10,google,trend_relative
2025-12-21,오션블루,5,google,trend_relative
2025-12-28,오션블루,9,google,trend_relative
2026-01-04,오션블루,12,google,trend_relative
2026-01-11,오션블루,8,google,trend_relative
2026-01-18,오션블루,7,google,trend_relative
2026-01-25,오션블루,8,google,trend_relative
2026-02-01,오션블루,8,google,trend_relative
2026-02-08,오션블루,9,google,trend_relative
2026-02-15,오션블루,6,google,trend_relative
2026-02-22,오션블루,10,google,trend_relative
2026-03-01,오션블루,12,google,trend_relative
2026-03-08,오션블루,12,google,trend_relative
2026-03-15,오션블루,8,google,trend_relative
2026-03-22,오션블루,9,google,trend_relative
2026-03-29,오션블루,7,google,trend_relative
2026-04-05,오션블루,9,google,trend_relative
2026-04-12,오션블루,7,google,trend_relative
2026-04-19,오션블루,9,google,trend_relative
2026-04-26,오션블루,7,google,trend_relative
2026-05-03,오션블루,9,google,trend_relative
2026-05-10,오션블루,9,google,trend_relative
2026-05-17,오션블루,7,google,trend_relative
2026-05-24,오션블루,11,google,trend_relative
2026-05-31,오션블루,12,google,trend_relative
2026-06-07,오션블루,7,google,trend_relative
2026-06-14,오션블루,10,google,trend_relative
2026-06-21,오션블루,9,google,trend_relative
2026-06-28,오션블루,10,google,trend_relative
2026-07-05,오션블루,8,google,trend_relative
2026-07-12,오션블루,7,google,trend_relative
2026-07-19,오션블루,9,google,trend_relative
2026-07-26,오션블루,10,google,trend_relative
2026-08-02,오션블루,7,google,trend_relative
2026-08-09,오션블루,7,google,trend_relative
2026-08-16,오션블루,8,google,trend_relative
2026-08-23,오션블루,7,google,trend_relative
2026-08-30,오션블루,7,google,trend_relative
2026-09-06,오션블루,8,google,trend_relative
2026-09-13,오션블루,6,google,trend_relative
2025-09-14,스카이블루,63,google,trend_relative
2025-09-21,스카이블루,64,google,trend_relative
2025-09-28,스카이블루,71,google,trend_relative
2025-10-05,스카이블루,71,google,trend_relative
2025-10-12,스카이블루,76,google,trend_relative
2025-10-19,스카이블루,72,google,trend_relative
2025-10-26,스카이블루,66,google,trend_relative
2025-11-02,스카이블루,70,google,trend_relative
2025-11-09,스카이블루,74,google,trend_relative
2025-11-16,스카이블루,71,google,trend_relative
2025-11-23,스카이블루,68,google,trend_relative
2025-11-30,스카이블루,62,google,trend_relative
2025-12-07,스카이블루,63,google,trend_relative
2025-12-14,스카이블루,69,google,trend_relative
2025-12-21,스카이블루,100,google,trend_relative
2025-12-28,스카이블루,87,google,trend_relative
2026-01-04,스카이블루,75,google,trend_relative
2026-01-11,스카이블루,76,google,trend_relative
2026-01-18,스카이블루,68,google,trend_relative
2026-01-25,스카이블루,68,google,trend_relative
2026-02-01,스카이블루,68,google,trend_relative
2026-02-08,스카이블루,63,google,trend_relative
2026-02-15,스카이블루,65,google,trend_relative
2026-02-22,스카이블루,70,google,trend_relative
2026-03-01,스카이블루,76,google,trend_relative
2026-03-08,스카이블루,66,google,trend_relative
2026-03-15,스카이블루,90,google,trend_relative
2026-03-22,스카이블루,74,google,trend_relative
2026-03-29,스카이블루,67,google,trend_relative
2026-04-05,스카이블루,61,google,trend_relative
2026-04-12,스카이블루,64,google,trend_relative
2026-04-19,스카이블루,66,google,trend_relative
2026-04-26,스카이블루,53,google,trend_relative
2026-05-03,스카이블루,65,google,trend_relative
2026-05-10,스카이블루,60,google,trend_relative
2026-05-17,스카이블루,65,google,trend_relative
2026-05-24,스카이블루,59,google,trend_relative
2026-05-31,스카이블루,55,google,trend_relative
2026-06-07,스카이블루,65,google,trend_relative
2026-06-14,스카이블루,63,google,trend_relative
2026-06-21,스카이블루,56,google,trend_relative
2026-06-28,스카이블루,56,google,trend_relative
2026-07-05,스카이블루,58,google,trend_relative
2026-07-12,스카이블루,52,google,trend_relative
2026-07-19,스카이블루,57,google,trend_relative
2026-07-26,스카이블루,51,google,trend_relative
2026-08-02,스카이블루,57,google,trend_relative
2026-08-09,스카이블루,46,google,trend_relative
2026-08-16,스카이블루,50,google,trend_relative
2026-08-23,스카이블루,49,google,trend_relative
2026-08-30,스카이블루,50,google,trend_relative
2026-09-06,스카이블루,47,google,trend_relative
2026-09-13,스카이블루,56,google,trend_relative
2025-09-14,코발트블루,3,google,trend_relative
2025-09-21,코발트블루,0,google,trend_relative
2025-09-28,코발트블루,0,google,trend_relative
2025-10-05,코발트블루,0,google,trend_relative
2025-10-12,코발트블루,3,google,trend_relative
2025-10-19,코발트블루,0,google,trend_relative
2025-10-26,코발트블루,4,google,trend_relative
2025-11-02,코발트블루,0,google,trend_relative
2025-11-09,코발트블루,0,google,trend_relative
2025-11-16,코발트블루,0,google,trend_relative
2025-11-23,코발트블루,5,google,trend_relative
2025-11-30,코발트블루,0,google,trend_relative
2025-12-07,코발트블루,0,google,trend_relative
2025-12-14,코발트블루,0,google,trend_relative
2025-12-21,코발트블루,0,google,trend_relative
2025-12-28,코발트블루,0,google,trend_relative
2026-01-04,코발트블루,0,google,trend_relative
2026-01-11,코발트블루,4,google,trend_relative
2026-01-18,코발트블루,0,google,trend_relative
2026-01-25,코발트블루,0,google,trend_relative
2026-02-01,코발트블루,0,google,trend_relative
2026-02-08,코발트블루,0,google,trend_relative
2026-02-15,코발트블루,0,google,trend_relative
2026-02-22,코발트블루,4,google,trend_relative
2026-03-01,코발트블루,4,google,trend_relative
2026-03-08,코발트블루,0,google,trend_relative
2026-03-15,코발트블루,0,google,trend_relative
2026-03-22,코발트블루,4,google,trend_relative
2026-03-29,코발트블루,0,google,trend_relative
2026-04-05,코발트블루,0,google,trend_relative
2026-04-12,코발트블루,5,google,trend_relative
2026-04-19,코발트블루,4,google,trend_relative
2026-04-26,코발트블루,4,google,trend_relative
2026-05-03,코발트블루,0,google,trend_relative
2026-05-10,코발트블루,0,google,trend_relative
2026-05-17,코발트블루,0,google,trend_relative
2026-05-24,코발트블루,5,google,trend_relative
2026-05-31,코발트블루,4,google,trend_relative
2026-06-07,코발트블루,5,google,trend_relative
2026-06-14,코발트블루,0,google,trend_relative
2026-06-21,코발트블루,4,google,trend_relative
2026-06-28,코발트블루,0,google,trend_relative
2026-07-05,코발트블루,3,google,trend_relative
2026-07-12,코발트블루,0,google,trend_relative
2026-07-19,코발트블루,7,google,trend_relative
2026-07-26,코발트블루,4,google,trend_relative
2026-08-02,코발트블루,0,google,trend_relative
2026-08-09,코발트블루,4,google,trend_relative
2026-08-16,코발트블루,0,google,trend_relative
2026-08-23,코발트블루,0,google,trend_relative
2026-08-30,코발트블루,2,google,trend_relative
2026-09-06,코발트블루,3,google,trend_relative
2026-09-13,코발트블루,3,google,trend_relative
2025-09-14,블랙,83,google,trend_relative
2025-09-21,블랙,91,google,trend_relative
2025-09-28,블랙,99,google,trend_relative
2025-10-05,블랙,99,google,trend_relative
2025-10-12,블랙,81,google,trend_relative
2025-10-19,블랙,87,google,trend_relative
2025-10-26,블랙,100,google,trend_relative
2025-11-02,블랙,89,google,trend_relative
2025-11-09,블랙,86,google,trend_relative
2025-11-16,블랙,99,google,trend_relative
2025-11-23,블랙,85,google,trend_relative
2025-11-30,블랙,79,google,trend_relative
2025-12-07,블랙,91,google,trend_relative
2025-12-14,블랙,86,google,trend_relative
2025-12-21,블랙,82,google,trend_relative
2025-12-28,블랙,82,google,trend_relative
2026-01-04,블랙,79,google,trend_relative
2026-01-11,블랙,82,google,trend_relative
2026-01-18,블랙,84,google,trend_relative
2026-01-25,블랙,85,google,trend_relative
2026-02-01,블랙,79,google,trend_relative
2026-02-08,블랙,68,google,trend_relative
2026-02-15,블랙,71,google,trend_relative
2026-02-22,블랙,88,google,trend_relative
2026-03-01,블랙,81,google,trend_relative
2026-03-08,블랙,84,google,trend_relative
2026-03-15,블랙,78,google,trend_relative
2026-03-22,블랙,75,google,trend_relative
2026-03-29,블랙,74,google,trend_relative
2026-04-05,블랙,69,google,trend_relative
2026-04-12,블랙,72,google,trend_relative
2026-04-19,블랙,73,google,trend_relative
2026-04-26,블랙,100,google,trend_relative
2026-05-03,블랙,80,google,trend_relative
2026-05-10,블랙,70,google,trend_relative
2026-05-17,블랙,66,google,trend_relative
2026-05-24,블랙,79,google,trend_relative
2026-05-31,블랙,69,google,trend_relative
2026-06-07,블랙,75,google,trend_relative
2026-06-14,블랙,82,google,trend_relative
2026-06-21,블랙,66,google,trend_relative
2026-06-28,블랙,65,google,trend_relative
2026-07-05,블랙,61,google,trend_relative
2026-07-12,블랙,62,google,trend_relative
2026-07-19,블랙,71,google,trend_relative
2026-07-26,블랙,62,google,trend_relative
2026-08-02,블랙,57,google,trend_relative
2026-08-09,블랙,55,google,trend_relative
2026-08-16,블랙,62,google,trend_relative
2026-08-23,블랙,63,google,trend_relative
2026-08-30,블랙,54,google,trend_relative
2026-09-06,블랙,61,google,trend_relative
2026-09-13,블랙,77,google,trend_relative
2025-09-14,차콜,0,google,trend_relative
2025-09-21,차콜,1,google,trend_relative
2025-09-28,차콜,0,google,trend_relative
2025-10-05,차콜,1,google,trend_relative
2025-10-12,차콜,0,google,trend_relative
2025-10-19,차콜,1,google,trend_relative
2025-10-26,차콜,1,google,trend_relative
2025-11-02,차콜,0,google,trend_relative
2025-11-09,차콜,1,google,trend_relative
2025-11-16,차콜,1,google,trend_relative
2025-11-23,차콜,1,google,trend_relative
2025-11-30,차콜,0,google,trend_relative
2025-12-07,차콜,1,google,trend_relative
2025-12-14,차콜,0,google,trend_relative
2025-12-21,차콜,0,google,trend_relative
2025-12-28,차콜,0,google,trend_relative
2026-01-04,차콜,0,google,trend_relative
2026-01-11,차콜,0,google,trend_relative
2026-01-18,차콜,0,google,trend_relative
2026-01-25,차콜,0,google,trend_relative
2026-02-01,차콜,0,google,trend_relative
2026-02-08,차콜,1,google,trend_relative
2026-02-15,차콜,1,google,trend_relative
2026-02-22,차콜,0,google,trend_relative
2026-03-01,차콜,0,google,trend_relative
2026-03-08,차콜,0,google,trend_relative
2026-03-15,차콜,0,google,trend_relative
2026-03-22,차콜,1,google,trend_relative
2026-03-29,차콜,0,google,trend_relative
2026-04-05,차콜,0,google,trend_relative
2026-04-12,차콜,0,google,trend_relative
2026-04-19,차콜,0,google,trend_relative
2026-04-26,차콜,0,google,trend_relative
2026-05-03,차콜,0,google,trend_relative
2026-05-10,차콜,0,google,trend_relative
2026-05-17,차콜,0,google,trend_relative
2026-05-24,차콜,0,google,trend_relative
2026-05-31,차콜,0,google,trend_relative
2026-06-07,차콜,1,google,trend_relative
2026-06-14,차콜,0,google,trend_relative
2026-06-21,차콜,0,google,trend_relative
2026-06-28,차콜,0,google,trend_relative
2026-07-05,차콜,0,google,trend_relative
2026-07-12,차콜,0,google,trend_relative
2026-07-19,차콜,0,google,trend_relative
2026-07-26,차콜,0,google,trend_relative
2026-08-02,차콜,0,google,trend_relative
2026-08-09,차콜,0,google,trend_relative
2026-08-16,차콜,0,google,trend_relative
2026-08-23,차콜,0,google,trend_relative
2026-08-30,차콜,0,google,trend_relative
2026-09-06,차콜,1,google,trend_relative
2026-09-13,차콜,1,google,trend_relative
2025-09-14,크림,14,google,trend_relative
2025-09-21,크림,15,google,trend_relative
2025-09-28,크림,14,google,trend_relative
2025-10-05,크림,15,google,trend_relative
2025-10-12,크림,14,google,trend_relative
2025-10-19,크림,15,google,trend_relative
2025-10-26,크림,15,google,trend_relative
2025-11-02,크림,16,google,trend_relative
2025-11-09,크림,15,google,trend_relative
2025-11-16,크림,18,google,trend_relative
2025-11-23,크림,16,google,trend_relative
2025-11-30,크림,17,google,trend_relative
2025-12-07,크림,17,google,trend_relative
2025-12-14,크림,16,google,trend_relative
2025-12-21,크림,18,google,trend_relative
2025-12-28,크림,16,google,trend_relative
2026-01-04,크림,15,google,trend_relative
2026-01-11,크림,15,google,trend_relative
2026-01-18,크림,16,google,trend_relative
2026-01-25,크림,16,google,trend_relative
2026-02-01,크림,16,google,trend_relative
2026-02-08,크림,15,google,trend_relative
2026-02-15,크림,14,google,trend_relative
2026-02-22,크림,16,google,trend_relative
2026-03-01,크림,16,google,trend_relative
2026-03-08,크림,16,google,trend_relative
2026-03-15,크림,16,google,trend_relative
2026-03-22,크림,16,google,trend_relative
2026-03-29,크림,15,google,trend_relative
2026-04-05,크림,14,google,trend_relative
2026-04-12,크림,14,google,trend_relative
2026-04-19,크림,14,google,trend_relative
2026-04-26,크림,15,google,trend_relative
2026-05-03,크림,15,google,trend_relative
2026-05-10,크림,16,google,trend_relative
2026-05-17,크림,15,google,trend_relative
2026-05-24,크림,14,google,trend_relative
2026-05-31,크림,15,google,trend_relative
2026-06-07,크림,15,google,trend_relative
2026-06-14,크림,13,google,trend_relative
2026-06-21,크림,14,google,trend_relative
2026-06-28,크림,14,google,trend_relative
2026-07-05,크림,13,google,trend_relative
2026-07-12,크림,13,google,trend_relative
2026-07-19,크림,14,google,trend_relative
2026-07-26,크림,14,google,trend_relative
2026-08-02,크림,13,google,trend_relative
2026-08-09,크림,12,google,trend_relative
2026-08-16,크림,14,google,trend_relative
2026-08-23,크림,14,google,trend_relative
2026-08-30,크림,15,google,trend_relative
2026-09-06,크림,16,google,trend_relative
2026-09-13,크림,17,google,trend_relative
2025-09-14,그레이,4,google,trend_relative
2025-09-21,그레이,4,google,trend_relative
2025-09-28,그레이,5,google,trend_relative
2025-10-05,그레이,5,google,trend_relative
2025-10-12,그레이,4,google,trend_relative
2025-10-19,그레이,5,google,trend_relative
2025-10-26,그레이,4,google,trend_relative
2025-11-02,그레이,5,google,trend_relative
2025-11-09,그레이,4,google,trend_relative
2025-11-16,그레이,5,google,trend_relative
2025-11-23,그레이,4,google,trend_relative
2025-11-30,그레이,4,google,trend_relative
2025-12-07,그레이,5,google,trend_relative
2025-12-14,그레이,5,google,trend_relative
2025-12-21,그레이,4,google,trend_relative
2025-12-28,그레이,4,google,trend_relative
2026-01-04,그레이,4,google,trend_relative
2026-01-11,그레이,4,google,trend_relative
2026-01-18,그레이,4,google,trend_relative
2026-01-25,그레이,4,google,trend_relative
2026-02-01,그레이,4,google,trend_relative
2026-02-08,그레이,4,google,trend_relative
2026-02-15,그레이,4,google,trend_relative
2026-02-22,그레이,5,google,trend_relative
2026-03-01,그레이,5,google,trend_relative
2026-03-08,그레이,4,google,trend_relative
2026-03-15,그레이,5,google,trend_relative
2026-03-22,그레이,4,google,trend_relative
2026-03-29,그레이,4,google,trend_relative
2026-04-05,그레이,5,google,trend_relative
2026-04-12,그레이,5,google,trend_relative
2026-04-19,그레이,4,google,trend_relative
2026-04-26,그레이,4,google,trend_relative
2026-05-03,그레이,5,google,trend_relative
2026-05-10,그레이,4,google,trend_relative
2026-05-17,그레이,4,google,trend_relative
2026-05-24,그레이,4,google,trend_relative
2026-05-31,그레이,4,google,trend_relative
2026-06-07,그레이,4,google,trend_relative
2026-06-14,그레이,4,google,trend_relative
2026-06-21,그레이,4,google,trend_relative
2026-06-28,그레이,4,google,trend_relative
2026-07-05,그레이,4,google,trend_relative
2026-07-12,그레이,4,google,trend_relative
2026-07-19,그레이,3,google,trend_relative
2026-07-26,그레이,8,google,trend_relative
2026-08-02,그레이,9,google,trend_relative
2026-08-09,그레이,6,google,trend_relative
2026-08-16,그레이,5,google,trend_relative
2026-08-23,그레이,5,google,trend_relative
2026-08-30,그레이,4,google,trend_relative
2026-09-06,그레이,4,google,trend_relative
2026-09-13,그레이,5,google,trend_relative
2025-09-14,베이지,1,google,trend_relative
2025-09-21,베이지,2,google,trend_relative
2025-09-28,베이지,2,google,trend_relative
2025-10-05,베이지,2,google,trend_relative
2025-10-12,베이지,2,google,trend_relative
2025-10-19,베이지,2,google,trend_relative
2025-10-26,베이지,2,google,trend_relative
2025-11-02,베이지,2,google,trend_relative
2025-11-09,베이지,2,google,trend_relative
2025-11-16,베이지,2,google,trend_relative
2025-11-23,베이지,2,google,trend_relative
2025-11-30,베이지,2,google,trend_relative
2025-12-07,베이지,2,google,trend_relative
2025-12-14,베이지,2,google,trend_relative
2025-12-21,베이지,2,google,trend_relative
2025-12-28,베이지,2,google,trend_relative
2026-01-04,베이지,2,google,trend_relative
2026-01-11,베이지,2,google,trend_relative
2026-01-18,베이지,2,google,trend_relative
2026-01-25,베이지,2,google,trend_relative
2026-02-01,베이지,2,google,trend_relative
2026-02-08,베이지,1,google,trend_relative
2026-02-15,베이지,2,google,trend_relative
2026-02-22,베이지,2,google,trend_relative
2026-03-01,베이지,2,google,trend_relative
2026-03-08,베이지,2,google,trend_relative
2026-03-15,베이지,2,google,trend_relative
2026-03-22,베이지,2,google,trend_relative
2026-03-29,베이지,2,google,trend_relative
2026-04-05,베이지,2,google,trend_relative
2026-04-12,베이지,2,google,trend_relative
2026-04-19,베이지,2,google,trend_relative
2026-04-26,베이지,2,google,trend_relative
2026-05-03,베이지,2,google,trend_relative
2026-05-10,베이지,2,google,trend_relative
2026-05-17,베이지,2,google,trend_relative
2026-05-24,베이지,2,google,trend_relative
2026-05-31,베이지,2,google,trend_relative
2026-06-07,베이지,1,google,trend_relative
2026-06-14,베이지,1,google,trend_relative
2026-06-21,베이지,2,google,trend_relative
2026-06-28,베이지,2,google,trend_relative
2026-07-05,베이지,1,google,trend_relative
2026-07-12,베이지,1,google,trend_relative
2026-07-19,베이지,2,google,trend_relative
2026-07-26,베이지,1,google,trend_relative
2026-08-02,베이지,1,google,trend_relative
2026-08-09,베이지,1,google,trend_relative
2026-08-16,베이지,1,google,trend_relative
2026-08-23,베이지,1,google,trend_relative
2026-08-30,베이지,1,google,trend_relative
2026-09-06,베이지,2,google,trend_relative
2026-09-13,베이지,2,google,trend_relative
2025-09-14,화이트,19,google,trend_relative
2025-09-21,화이트,18,google,trend_relative
2025-09-28,화이트,18,google,trend_relative
2025-10-05,화이트,20,google,trend_relative
2025-10-12,화이트,18,google,trend_relative
2025-10-19,화이트,18,google,trend_relative
2025-10-26,화이트,19,google,trend_relative
2025-11-02,화이트,20,google,trend_relative
2025-11-09,화이트,18,google,trend_relative
2025-11-16,화이트,18,google,trend_relative
2025-11-23,화이트,100,google,trend_relative
2025-11-30,화이트,27,google,trend_relative
2025-12-07,화이트,18,google,trend_relative
2025-12-14,화이트,17,google,trend_relative
2025-12-21,화이트,19,google,trend_relative
2025-12-28,화이트,19,google,trend_relative
2026-01-04,화이트,20,google,trend_relative
2026-01-11,화이트,18,google,trend_relative
2026-01-18,화이트,18,google,trend_relative
2026-01-25,화이트,17,google,trend_relative
2026-02-01,화이트,20,google,trend_relative
2026-02-08,화이트,18,google,trend_relative
2026-02-15,화이트,18,google,trend_relative
2026-02-22,화이트,21,google,trend_relative
2026-03-01,화이트,21,google,trend_relative
2026-03-08,화이트,37,google,trend_relative
2026-03-15,화이트,21,google,trend_relative
2026-03-22,화이트,19,google,trend_relative
2026-03-29,화이트,20,google,trend_relative
2026-04-05,화이트,16,google,trend_relative
2026-04-12,화이트,17,google,trend_relative
2026-04-19,화이트,17,google,trend_relative
2026-04-26,화이트,20,google,trend_relative
2026-05-03,화이트,18,google,trend_relative
2026-05-10,화이트,19,google,trend_relative
2026-05-17,화이트,22,google,trend_relative
2026-05-24,화이트,23,google,trend_relative
2026-05-31,화이트,18,google,trend_relative
2026-06-07,화이트,21,google,trend_relative
2026-06-14,화이트,18,google,trend_relative
2026-06-21,화이트,16,google,trend_relative
2026-06-28,화이트,16,google,trend_relative
2026-07-05,화이트,17,google,trend_relative
2026-07-12,화이트,15,google,trend_relative
2026-07-19,화이트,16,google,trend_relative
2026-07-26,화이트,22,google,trend_relative
2026-08-02,화이트,45,google,trend_relative
2026-08-09,화이트,17,google,trend_relative
2026-08-16,화이트,18,google,trend_relative
2026-08-23,화이트,17,google,trend_relative
2026-08-30,화이트,15,google,trend_relative
2026-09-06,화이트,18,google,trend_relative
2026-09-13,화이트,20,google,trend_relative
2025-09-14,그레이지,0,google,trend_relative
2025-09-21,그레이지,0,google,trend_relative
2025-09-28,그레이지,0,google,trend_relative
2025-10-05,그레이지,0,google,trend_relative
2025-10-12,그레이지,0,google,trend_relative
2025-10-19,그레이지,0,google,trend_relative
2025-10-26,그레이지,0,google,trend_relative
2025-11-02,그레이지,0,google,trend_relative
2025-11-09,그레이지,0,google,trend_relative
2025-11-16,그레이지,0,google,trend_relative
2025-11-23,그레이지,0,google,trend_relative
2025-11-30,그레이지,0,google,trend_relative
2025-12-07,그레이지,0,google,trend_relative
2025-12-14,그레이지,0,google,trend_relative
2025-12-21,그레이지,0,google,trend_relative
2025-12-28,그레이지,0,google,trend_relative
2026-01-04,그레이지,0,google,trend_relative
2026-01-11,그레이지,0,google,trend_relative
2026-01-18,그레이지,0,google,trend_relative
2026-01-25,그레이지,0,google,trend_relative
2026-02-01,그레이지,0,google,trend_relative
2026-02-08,그레이지,0,google,trend_relative
2026-02-15,그레이지,0,google,trend_relative
2026-02-22,그레이지,0,google,trend_relative
2026-03-01,그레이지,0,google,trend_relative
2026-03-08,그레이지,0,google,trend_relative
2026-03-15,그레이지,0,google,trend_relative
2026-03-22,그레이지,0,google,trend_relative
2026-03-29,그레이지,0,google,trend_relative
2026-04-05,그레이지,0,google,trend_relative
2026-04-12,그레이지,0,google,trend_relative
2026-04-19,그레이지,0,google,trend_relative
2026-04-26,그레이지,0,google,trend_relative
2026-05-03,그레이지,0,google,trend_relative
2026-05-10,그레이지,0,google,trend_relative
2026-05-17,그레이지,0,google,trend_relative
2026-05-24,그레이지,0,google,trend_relative
2026-05-31,그레이지,0,google,trend_relative
2026-06-07,그레이지,0,google,trend_relative
2026-06-14,그레이지,0,google,trend_relative
2026-06-21,그레이지,0,google,trend_relative
2026-06-28,그레이지,0,google,trend_relative
2026-07-05,그레이지,0,google,trend_relative
2026-07-12,그레이지,0,google,trend_relative
2026-07-19,그레이지,0,google,trend_relative
2026-07-26,그레이지,0,google,trend_relative
2026-08-02,그레이지,0,google,trend_relative
2026-08-09,그레이지,0,google,trend_relative
2026-08-16,그레이지,0,google,trend_relative
2026-08-23,그레이지,0,google,trend_relative
2026-08-30,그레이지,0,google,trend_relative
2026-09-06,그레이지,0,google,trend_relative
2026-09-13,그레이지,0,google,trend_relative
2025-09-14,아이보리,1,google,trend_relative
2025-09-21,아이보리,1,google,trend_relative
2025-09-28,아이보리,1,google,trend_relative
2025-10-05,아이보리,1,google,trend_relative
2025-10-12,아이보리,1,google,trend_relative
2025-10-19,아이보리,1,google,trend_relative
2025-10-26,아이보리,1,google,trend_relative
2025-11-02,아이보리,1,google,trend_relative
2025-11-09,아이보리,2,google,trend_relative
2025-11-16,아이보리,2,google,trend_relative
2025-11-23,아이보리,1,google,trend_relative
2025-11-30,아이보리,2,google,trend_relative
2025-12-07,아이보리,1,google,trend_relative
2025-12-14,아이보리,1,google,trend_relative
2025-12-21,아이보리,1,google,trend_relative
2025-12-28,아이보리,1,google,trend_relative
2026-01-04,아이보리,1,google,trend_relative
2026-01-11,아이보리,1,google,trend_relative
2026-01-18,아이보리,1,google,trend_relative
2026-01-25,아이보리,1,google,trend_relative
2026-02-01,아이보리,1,google,trend_relative
2026-02-08,아이보리,1,google,trend_relative
2026-02-15,아이보리,1,google,trend_relative
2026-02-22,아이보리,1,google,trend_relative
2026-03-01,아이보리,1,google,trend_relative
2026-03-08,아이보리,1,google,trend_relative
2026-03-15,아이보리,1,google,trend_relative
2026-03-22,아이보리,1,google,trend_relative
2026-03-29,아이보리,1,google,trend_relative
2026-04-05,아이보리,1,google,trend_relative
2026-04-12,아이보리,1,google,trend_relative
2026-04-19,아이보리,1,google,trend_relative
2026-04-26,아이보리,1,google,trend_relative
2026-05-03,아이보리,1,google,trend_relative
2026-05-10,아이보리,1,google,trend_relative
2026-05-17,아이보리,1,google,trend_relative
2026-05-24,아이보리,1,google,trend_relative
2026-05-31,아이보리,1,google,trend_relative
2026-06-07,아이보리,1,google,trend_relative
2026-06-14,아이보리,1,google,trend_relative
2026-06-21,아이보리,1,google,trend_relative
2026-06-28,아이보리,1,google,trend_relative
2026-07-05,아이보리,1,google,trend_relative
2026-07-12,아이보리,1,google,trend_relative
2026-07-19,아이보리,1,google,trend_relative
2026-07-26,아이보리,1,google,trend_relative
2026-08-02,아이보리,1,google,trend_relative
2026-08-09,아이보리,1,google,trend_relative
2026-08-16,아이보리,1,google,trend_relative
2026-08-23,아이보리,1,google,trend_relative
2026-08-30,아이보리,1,google,trend_relative
2026-09-06,아이보리,1,google,trend_relative
2026-09-13,아이보리,1,google,trend_relative
2025-09-14,샌드베이지,0,google,trend_relative
2025-09-21,샌드베이지,0,google,trend_relative
2025-09-28,샌드베이지,0,google,trend_relative
2025-10-05,샌드베이지,0,google,trend_relative
2025-10-12,샌드베이지,0,google,trend_relative
2025-10-19,샌드베이지,0,google,trend_relative
2025-10-26,샌드베이지,0,google,trend_relative
2025-11-02,샌드베이지,0,google,trend_relative
2025-11-09,샌드베이지,0,google,trend_relative
2025-11-16,샌드베이지,0,google,trend_relative
2025-11-23,샌드베이지,0,google,trend_relative
2025-11-30,샌드베이지,0,google,trend_relative
2025-12-07,샌드베이지,0,google,trend_relative
2025-12-14,샌드베이지,0,google,trend_relative
2025-12-21,샌드베이지,0,google,trend_relative
2025-12-28,샌드베이지,0,google,trend_relative
2026-01-04,샌드베이지,0,google,trend_relative
2026-01-11,샌드베이지,0,google,trend_relative
2026-01-18,샌드베이지,0,google,trend_relative
2026-01-25,샌드베이지,0,google,trend_relative
2026-02-01,샌드베이지,0,google,trend_relative
2026-02-08,샌드베이지,0,google,trend_relative
2026-02-15,샌드베이지,0,google,trend_relative
2026-02-22,샌드베이지,0,google,trend_relative
2026-03-01,샌드베이지,0,google,trend_relative
2026-03-08,샌드베이지,0,google,trend_relative
2026-03-15,샌드베이지,0,google,trend_relative
2026-03-22,샌드베이지,0,google,trend_relative
2026-03-29,샌드베이지,0,google,trend_relative
2026-04-05,샌드베이지,0,google,trend_relative
2026-04-12,샌드베이지,0,google,trend_relative
2026-04-19,샌드베이지,0,google,trend_relative
2026-04-26,샌드베이지,0,google,trend_relative
2026-05-03,샌드베이지,0,google,trend_relative
2026-05-10,샌드베이지,0,google,trend_relative
2026-05-17,샌드베이지,0,google,trend_relative
2026-05-24,샌드베이지,0,google,trend_relative
2026-05-31,샌드베이지,0,google,trend_relative
2026-06-07,샌드베이지,0,google,trend_relative
2026-06-14,샌드베이지,0,google,trend_relative
2026-06-21,샌드베이지,0,google,trend_relative
2026-06-28,샌드베이지,0,google,trend_relative
2026-07-05,샌드베이지,0,google,trend_relative
2026-07-12,샌드베이지,0,google,trend_relative
2026-07-19,샌드베이지,0,google,trend_relative
2026-07-26,샌드베이지,0,google,trend_relative
2026-08-02,샌드베이지,0,google,trend_relative
2026-08-09,샌드베이지,0,google,trend_relative
2026-08-16,샌드베이지,0,google,trend_relative
2026-08-23,샌드베이지,0,google,trend_relative
2026-08-30,샌드베이지,0,google,trend_relative
2026-09-06,샌드베이지,0,google,trend_relative
2026-09-13,샌드베이지,0,google,trend_relative
2025-09-14,애쉬그레이,0,google,trend_relative
2025-09-21,애쉬그레이,0,google,trend_relative
2025-09-28,애쉬그레이,0,google,trend_relative
2025-10-05,애쉬그레이,0,google,trend_relative
2025-10-12,애쉬그레이,0,google,trend_relative
2025-10-19,애쉬그레이,0,google,trend_relative
2025-10-26,애쉬그레이,0,google,trend_relative
2025-11-02,애쉬그레이,0,google,trend_relative
2025-11-09,애쉬그레이,0,google,trend_relative
2025-11-16,애쉬그레이,0,google,trend_relative
2025-11-23,애쉬그레이,0,google,trend_relative
2025-11-30,애쉬그레이,0,google,trend_relative
2025-12-07,애쉬그레이,0,google,trend_relative
2025-12-14,애쉬그레이,0,google,trend_relative
2025-12-21,애쉬그레이,0,google,trend_relative
2025-12-28,애쉬그레이,0,google,trend_relative
2026-01-04,애쉬그레이,0,google,trend_relative
2026-01-11,애쉬그레이,0,google,trend_relative
2026-01-18,애쉬그레이,0,google,trend_relative
2026-01-25,애쉬그레이,0,google,trend_relative
2026-02-01,애쉬그레이,0,google,trend_relative
2026-02-08,애쉬그레이,0,google,trend_relative
2026-02-15,애쉬그레이,0,google,trend_relative
2026-02-22,애쉬그레이,0,google,trend_relative
2026-03-01,애쉬그레이,0,google,trend_relative
2026-03-08,애쉬그레이,0,google,trend_relative
2026-03-15,애쉬그레이,0,google,trend_relative
2026-03-22,애쉬그레이,0,google,trend_relative
2026-03-29,애쉬그레이,0,google,trend_relative
2026-04-05,애쉬그레이,0,google,trend_relative
2026-04-12,애쉬그레이,0,google,trend_relative
2026-04-19,애쉬그레이,0,google,trend_relative
2026-04-26,애쉬그레이,0,google,trend_relative
2026-05-03,애쉬그레이,0,google,trend_relative
2026-05-10,애쉬그레이,0,google,trend_relative
2026-05-17,애쉬그레이,0,google,trend_relative
2026-05-24,애쉬그레이,0,google,trend_relative
2026-05-31,애쉬그레이,0,google,trend_relative
2026-06-07,애쉬그레이,0,google,trend_relative
2026-06-14,애쉬그레이,0,google,trend_relative
2026-06-21,애쉬그레이,0,google,trend_relative
2026-06-28,애쉬그레이,0,google,trend_relative
2026-07-05,애쉬그레이,0,google,trend_relative
2026-07-12,애쉬그레이,0,google,trend_relative
2026-07-19,애쉬그레이,0,google,trend_relative
2026-07-26,애쉬그레이,0,google,trend_relative
2026-08-02,애쉬그레이,0,google,trend_relative
2026-08-09,애쉬그레이,0,google,trend_relative
2026-08-16,애쉬그레이,0,google,trend_relative
2026-08-23,애쉬그레이,0,google,trend_relative
2026-08-30,애쉬그레이,0,google,trend_relative
2026-09-06,애쉬그레이,0,google,trend_relative
2026-09-13,애쉬그레이,0,google,trend_relative
2025-09-14,오프화이트,9,google,trend_relative
2025-09-21,오프화이트,6,google,trend_relative
2025-09-28,오프화이트,7,google,trend_relative
2025-10-05,오프화이트,6,google,trend_relative
2025-10-12,오프화이트,5,google,trend_relative
2025-10-19,오프화이트,5,google,trend_relative
2025-10-26,오프화이트,6,google,trend_relative
2025-11-02,오프화이트,8,google,trend_relative
2025-11-09,오프화이트,3,google,trend_relative
2025-11-16,오프화이트,5,google,trend_relative
2025-11-23,오프화이트,5,google,trend_relative
2025-11-30,오프화이트,7,google,trend_relative
2025-12-07,오프화이트,4,google,trend_relative
2025-12-14,오프화이트,4,google,trend_relative
2025-12-21,오프화이트,6,google,trend_relative
2025-12-28,오프화이트,6,google,trend_relative
2026-01-04,오프화이트,6,google,trend_relative
2026-01-11,오프화이트,7,google,trend_relative
2026-01-18,오프화이트,5,google,trend_relative
2026-01-25,오프화이트,8,google,trend_relative
2026-02-01,오프화이트,4,google,trend_relative
2026-02-08,오프화이트,6,google,trend_relative
2026-02-15,오프화이트,7,google,trend_relative
2026-02-22,오프화이트,6,google,trend_relative
2026-03-01,오프화이트,6,google,trend_relative
2026-03-08,오프화이트,6,google,trend_relative
2026-03-15,오프화이트,7,google,trend_relative
2026-03-22,오프화이트,8,google,trend_relative
2026-03-29,오프화이트,13,google,trend_relative
2026-04-05,오프화이트,8,google,trend_relative
2026-04-12,오프화이트,6,google,trend_relative
2026-04-19,오프화이트,6,google,trend_relative
2026-04-26,오프화이트,8,google,trend_relative
2026-05-03,오프화이트,6,google,trend_relative
2026-05-10,오프화이트,4,google,trend_relative
2026-05-17,오프화이트,6,google,trend_relative
2026-05-24,오프화이트,6,google,trend_relative
2026-05-31,오프화이트,6,google,trend_relative
2026-06-07,오프화이트,4,google,trend_relative
2026-06-14,오프화이트,6,google,trend_relative
2026-06-21,오프화이트,6,google,trend_relative
2026-06-28,오프화이트,4,google,trend_relative
2026-07-05,오프화이트,5,google,trend_relative
2026-07-12,오프화이트,5,google,trend_relative
2026-07-19,오프화이트,6,google,trend_relative
2026-07-26,오프화이트,4,google,trend_relative
2026-08-02,오프화이트,5,google,trend_relative
2026-08-09,오프화이트,5,google,trend_relative
2026-08-16,오프화이트,5,google,trend_relative
2026-08-23,오프화이트,5,google,trend_relative
2026-08-30,오프화이트,4,google,trend_relative
2026-09-06,오프화이트,5,google,trend_relative
2026-09-13,오프화이트,6,google,trend_relative
2025-09-14,라이트그레이,0,google,trend_relative
2025-09-21,라이트그레이,4,google,trend_relative
2025-09-28,라이트그레이,4,google,trend_relative
2025-10-05,라이트그레이,6,google,trend_relative
2025-10-12,라이트그레이,4,google,trend_relative
2025-10-19,라이트그레이,5,google,trend_relative
2025-10-26,라이트그레이,4,google,trend_relative
2025-11-02,라이트그레이,6,google,trend_relative
2025-11-09,라이트그레이,6,google,trend_relative
2025-11-16,라이트그레이,5,google,trend_relative
2025-11-23,라이트그레이,5,google,trend_relative
2025-11-30,라이트그레이,5,google,trend_relative
2025-12-07,라이트그레이,4,google,trend_relative
2025-12-14,라이트그레이,5,google,trend_relative
2025-12-21,라이트그레이,3,google,trend_relative
2025-12-28,라이트그레이,5,google,trend_relative
2026-01-04,라이트그레이,5,google,trend_relative
2026-01-11,라이트그레이,6,google,trend_relative
2026-01-18,라이트그레이,6,google,trend_relative
2026-01-25,라이트그레이,0,google,trend_relative
2026-02-01,라이트그레이,0,google,trend_relative
2026-02-08,라이트그레이,4,google,trend_relative
2026-02-15,라이트그레이,6,google,trend_relative
2026-02-22,라이트그레이,4,google,trend_relative
2026-03-01,라이트그레이,5,google,trend_relative
2026-03-08,라이트그레이,5,google,trend_relative
2026-03-15,라이트그레이,5,google,trend_relative
2026-03-22,라이트그레이,3,google,trend_relative
2026-03-29,라이트그레이,5,google,trend_relative
2026-04-05,라이트그레이,6,google,trend_relative
2026-04-12,라이트그레이,4,google,trend_relative
2026-04-19,라이트그레이,5,google,trend_relative
2026-04-26,라이트그레이,4,google,trend_relative
2026-05-03,라이트그레이,6,google,trend_relative
2026-05-10,라이트그레이,4,google,trend_relative
2026-05-17,라이트그레이,6,google,trend_relative
2026-05-24,라이트그레이,4,google,trend_relative
2026-05-31,라이트그레이,4,google,trend_relative
2026-06-07,라이트그레이,4,google,trend_relative
2026-06-14,라이트그레이,7,google,trend_relative
2026-06-21,라이트그레이,4,google,trend_relative
2026-06-28,라이트그레이,3,google,trend_relative
2026-07-05,라이트그레이,3,google,trend_relative
2026-07-12,라이트그레이,4,google,trend_relative
2026-07-19,라이트그레이,0,google,trend_relative
2026-07-26,라이트그레이,4,google,trend_relative
2026-08-02,라이트그레이,3,google,trend_relative
2026-08-09,라이트그레이,4,google,trend_relative
2026-08-16,라이트그레이,0,google,trend_relative
2026-08-23,라이트그레이,4,google,trend_relative
2026-08-30,라이트그레이,3,google,trend_relative
2026-09-06,라이트그레이,4,google,trend_relative
2026-09-13,라이트그레이,4,google,trend_relative
2025-09-14,개강,10,google,trend_relative
2025-09-21,개강,7,google,trend_relative
2025-09-28,개강,6,google,trend_relative
2025-10-05,개강,7,google,trend_relative
2025-10-12,개강,7,google,trend_relative
2025-10-19,개강,5,google,trend_relative
2025-10-26,개강,4,google,trend_relative
2025-11-02,개강,8,google,trend_relative
2025-11-09,개강,6,google,trend_relative
2025-11-16,개강,11,google,trend_relative
2025-11-23,개강,9,google,trend_relative
2025-11-30,개강,12,google,trend_relative
2025-12-07,개강,12,google,trend_relative
2025-12-14,개강,8,google,trend_relative
2025-12-21,개강,14,google,trend_relative
2025-12-28,개강,11,google,trend_relative
2026-01-04,개강,13,google,trend_relative
2026-01-11,개강,12,google,trend_relative
2026-01-18,개강,12,google,trend_relative
2026-01-25,개강,13,google,trend_relative
2026-02-01,개강,16,google,trend_relative
2026-02-08,개강,18,google,trend_relative
2026-02-15,개강,22,google,trend_relative
2026-02-22,개강,56,google,trend_relative
2026-03-01,개강,100,google,trend_relative
2026-03-08,개강,36,google,trend_relative
2026-03-15,개강,14,google,trend_relative
2026-03-22,개강,12,google,trend_relative
2026-03-29,개강,9,google,trend_relative
2026-04-05,개강,6,google,trend_relative
2026-04-12,개강,4,google,trend_relative
2026-04-19,개강,5,google,trend_relative
2026-04-26,개강,7,google,trend_relative
2026-05-03,개강,5,google,trend_relative
2026-05-10,개강,7,google,trend_relative
2026-05-17,개강,6,google,trend_relative
2026-05-24,개강,4,google,trend_relative
2026-05-31,개강,8,google,trend_relative
2026-06-07,개강,12,google,trend_relative
2026-06-14,개강,9,google,trend_relative
2026-06-21,개강,14,google,trend_relative
2026-06-28,개강,14,google,trend_relative
2026-07-05,개강,11,google,trend_relative
2026-07-12,개강,11,google,trend_relative
2026-07-19,개강,16,google,trend_relative
2026-07-26,개강,10,google,trend_relative
2026-08-02,개강,17,google,trend_relative
2026-08-09,개강,22,google,trend_relative
2026-08-16,개강,27,google,trend_relative
2026-08-23,개강,50,google,trend_relative
2026-08-30,개강,62,google,trend_relative
2026-09-06,개강,15,google,trend_relative
2026-09-13,개강,11,google,trend_relative
2025-09-14,스모키그레이,0,google,trend_relative
2025-09-21,스모키그레이,0,google,trend_relative
2025-09-28,스모키그레이,0,google,trend_relative
2025-10-05,스모키그레이,0,google,trend_relative
2025-10-12,스모키그레이,0,google,trend_relative
2025-10-19,스모키그레이,0,google,trend_relative
2025-10-26,스모키그레이,0,google,trend_relative
2025-11-02,스모키그레이,0,google,trend_relative
2025-11-09,스모키그레이,0,google,trend_relative
2025-11-16,스모키그레이,0,google,trend_relative
2025-11-23,스모키그레이,0,google,trend_relative
2025-11-30,스모키그레이,0,google,trend_relative
2025-12-07,스모키그레이,0,google,trend_relative
2025-12-14,스모키그레이,0,google,trend_relative
2025-12-21,스모키그레이,0,google,trend_relative
2025-12-28,스모키그레이,0,google,trend_relative
2026-01-04,스모키그레이,0,google,trend_relative
2026-01-11,스모키그레이,0,google,trend_relative
2026-01-18,스모키그레이,0,google,trend_relative
2026-01-25,스모키그레이,0,google,trend_relative
2026-02-01,스모키그레이,0,google,trend_relative
2026-02-08,스모키그레이,0,google,trend_relative
2026-02-15,스모키그레이,0,google,trend_relative
2026-02-22,스모키그레이,0,google,trend_relative
2026-03-01,스모키그레이,0,google,trend_relative
2026-03-08,스모키그레이,0,google,trend_relative
2026-03-15,스모키그레이,0,google,trend_relative
2026-03-22,스모키그레이,0,google,trend_relative
2026-03-29,스모키그레이,0,google,trend_relative
2026-04-05,스모키그레이,0,google,trend_relative
2026-04-12,스모키그레이,0,google,trend_relative
2026-04-19,스모키그레이,0,google,trend_relative
2026-04-26,스모키그레이,0,google,trend_relative
2026-05-03,스모키그레이,0,google,trend_relative
2026-05-10,스모키그레이,0,google,trend_relative
2026-05-17,스모키그레이,0,google,trend_relative
2026-05-24,스모키그레이,0,google,trend_relative
2026-05-31,스모키그레이,0,google,trend_relative
2026-06-07,스모키그레이,0,google,trend_relative
2026-06-14,스모키그레이,0,google,trend_relative
2026-06-21,스모키그레이,0,google,trend_relative
2026-06-28,스모키그레이,0,google,trend_relative
2026-07-05,스모키그레이,0,google,trend_relative
2026-07-12,스모키그레이,0,google,trend_relative
2026-07-19,스모키그레이,0,google,trend_relative
2026-07-26,스모키그레이,0,google,trend_relative
2026-08-02,스모키그레이,0,google,trend_relative
2026-08-09,스모키그레이,0,google,trend_relative
2026-08-16,스모키그레이,0,google,trend_relative
2026-08-23,스모키그레이,0,google,trend_relative
2026-08-30,스모키그레이,0,google,trend_relative
2026-09-06,스모키그레이,0,google,trend_relative
2026-09-13,스모키그레이,0,google,trend_relative
2025-09-14,오트밀베이지,0,google,trend_relative
2025-09-21,오트밀베이지,0,google,trend_relative
2025-09-28,오트밀베이지,0,google,trend_relative
2025-10-05,오트밀베이지,0,google,trend_relative
2025-10-12,오트밀베이지,0,google,trend_relative
2025-10-19,오트밀베이지,0,google,trend_relative
2025-10-26,오트밀베이지,0,google,trend_relative
2025-11-02,오트밀베이지,0,google,trend_relative
2025-11-09,오트밀베이지,0,google,trend_relative
2025-11-16,오트밀베이지,0,google,trend_relative
2025-11-23,오트밀베이지,0,google,trend_relative
2025-11-30,오트밀베이지,0,google,trend_relative
2025-12-07,오트밀베이지,0,google,trend_relative
2025-12-14,오트밀베이지,0,google,trend_relative
2025-12-21,오트밀베이지,0,google,trend_relative
2025-12-28,오트밀베이지,0,google,trend_relative
2026-01-04,오트밀베이지,0,google,trend_relative
2026-01-11,오트밀베이지,0,google,trend_relative
2026-01-18,오트밀베이지,0,google,trend_relative
2026-01-25,오트밀베이지,0,google,trend_relative
2026-02-01,오트밀베이지,0,google,trend_relative
2026-02-08,오트밀베이지,0,google,trend_relative
2026-02-15,오트밀베이지,0,google,trend_relative
2026-02-22,오트밀베이지,0,google,trend_relative
2026-03-01,오트밀베이지,0,google,trend_relative
2026-03-08,오트밀베이지,0,google,trend_relative
2026-03-15,오트밀베이지,0,google,trend_relative
2026-03-22,오트밀베이지,0,google,trend_relative
2026-03-29,오트밀베이지,0,google,trend_relative
2026-04-05,오트밀베이지,0,google,trend_relative
2026-04-12,오트밀베이지,0,google,trend_relative
2026-04-19,오트밀베이지,0,google,trend_relative
2026-04-26,오트밀베이지,0,google,trend_relative
2026-05-03,오트밀베이지,0,google,trend_relative
2026-05-10,오트밀베이지,0,google,trend_relative
2026-05-17,오트밀베이지,0,google,trend_relative
2026-05-24,오트밀베이지,0,google,trend_relative
2026-05-31,오트밀베이지,0,google,trend_relative
2026-06-07,오트밀베이지,0,google,trend_relative
2026-06-14,오트밀베이지,0,google,trend_relative
2026-06-21,오트밀베이지,0,google,trend_relative
2026-06-28,오트밀베이지,0,google,trend_relative
2026-07-05,오트밀베이지,0,google,trend_relative
2026-07-12,오트밀베이지,0,google,trend_relative
2026-07-19,오트밀베이지,0,google,trend_relative
2026-07-26,오트밀베이지,0,google,trend_relative
2026-08-02,오트밀베이지,0,google,trend_relative
2026-08-09,오트밀베이지,0,google,trend_relative
2026-08-16,오트밀베이지,0,google,trend_relative
2026-08-23,오트밀베이지,0,google,trend_relative
2026-08-30,오트밀베이지,0,google,trend_relative
2026-09-06,오트밀베이지,0,google,trend_relative
2026-09-13,오트밀베이지,0,google,trend_relative
2025-09-14,슬레이트그레이,0,google,trend_relative
2025-09-21,슬레이트그레이,0,google,trend_relative
2025-09-28,슬레이트그레이,0,google,trend_relative
2025-10-05,슬레이트그레이,0,google,trend_relative
2025-10-12,슬레이트그레이,0,google,trend_relative
2025-10-19,슬레이트그레이,0,google,trend_relative
2025-10-26,슬레이트그레이,0,google,trend_relative
2025-11-02,슬레이트그레이,0,google,trend_relative
2025-11-09,슬레이트그레이,0,google,trend_relative
2025-11-16,슬레이트그레이,0,google,trend_relative
2025-11-23,슬레이트그레이,0,google,trend_relative
2025-11-30,슬레이트그레이,0,google,trend_relative
2025-12-07,슬레이트그레이,0,google,trend_relative
2025-12-14,슬레이트그레이,0,google,trend_relative
2025-12-21,슬레이트그레이,0,google,trend_relative
2025-12-28,슬레이트그레이,0,google,trend_relative
2026-01-04,슬레이트그레이,0,google,trend_relative
2026-01-11,슬레이트그레이,0,google,trend_relative
2026-01-18,슬레이트그레이,0,google,trend_relative
2026-01-25,슬레이트그레이,0,google,trend_relative
2026-02-01,슬레이트그레이,0,google,trend_relative
2026-02-08,슬레이트그레이,0,google,trend_relative
2026-02-15,슬레이트그레이,0,google,trend_relative
2026-02-22,슬레이트그레이,0,google,trend_relative
2026-03-01,슬레이트그레이,0,google,trend_relative
2026-03-08,슬레이트그레이,0,google,trend_relative
2026-03-15,슬레이트그레이,0,google,trend_relative
2026-03-22,슬레이트그레이,0,google,trend_relative
2026-03-29,슬레이트그레이,0,google,trend_relative
2026-04-05,슬레이트그레이,0,google,trend_relative
2026-04-12,슬레이트그레이,0,google,trend_relative
2026-04-19,슬레이트그레이,0,google,trend_relative
2026-04-26,슬레이트그레이,0,google,trend_relative
2026-05-03,슬레이트그레이,0,google,trend_relative
2026-05-10,슬레이트그레이,0,google,trend_relative
2026-05-17,슬레이트그레이,0,google,trend_relative
2026-05-24,슬레이트그레이,0,google,trend_relative
2026-05-31,슬레이트그레이,0,google,trend_relative
2026-06-07,슬레이트그레이,0,google,trend_relative
2026-06-14,슬레이트그레이,0,google,trend_relative
2026-06-21,슬레이트그레이,0,google,trend_relative
2026-06-28,슬레이트그레이,0,google,trend_relative
2026-07-05,슬레이트그레이,0,google,trend_relative
2026-07-12,슬레이트그레이,0,google,trend_relative
2026-07-19,슬레이트그레이,0,google,trend_relative
2026-07-26,슬레이트그레이,0,google,trend_relative
2026-08-02,슬레이트그레이,0,google,trend_relative
2026-08-09,슬레이트그레이,0,google,trend_relative
2026-08-16,슬레이트그레이,0,google,trend_relative
2026-08-23,슬레이트그레이,0,google,trend_relative
2026-08-30,슬레이트그레이,0,google,trend_relative
2026-09-06,슬레이트그레이,0,google,trend_relative
2026-09-13,슬레이트그레이,0,google,trend_relative
2025-09-14,펄,17,google,trend_relative
2025-09-21,펄,18,google,trend_relative
2025-09-28,펄,19,google,trend_relative
2025-10-05,펄,18,google,trend_relative
2025-10-12,펄,16,google,trend_relative
2025-10-19,펄,18,google,trend_relative
2025-10-26,펄,17,google,trend_relative
2025-11-02,펄,17,google,trend_relative
2025-11-09,펄,19,google,trend_relative
2025-11-16,펄,16,google,trend_relative
2025-11-23,펄,16,google,trend_relative
2025-11-30,펄,15,google,trend_relative
2025-12-07,펄,15,google,trend_relative
2025-12-14,펄,14,google,trend_relative
2025-12-21,펄,16,google,trend_relative
2025-12-28,펄,16,google,trend_relative
2026-01-04,펄,16,google,trend_relative
2026-01-11,펄,18,google,trend_relative
2026-01-18,펄,18,google,trend_relative
2026-01-25,펄,20,google,trend_relative
2026-02-01,펄,22,google,trend_relative
2026-02-08,펄,19,google,trend_relative
2026-02-15,펄,19,google,trend_relative
2026-02-22,펄,23,google,trend_relative
2026-03-01,펄,29,google,trend_relative
2026-03-08,펄,32,google,trend_relative
2026-03-15,펄,84,google,trend_relative
2026-03-22,펄,64,google,trend_relative
2026-03-29,펄,55,google,trend_relative
2026-04-05,펄,32,google,trend_relative
2026-04-12,펄,28,google,trend_relative
2026-04-19,펄,22,google,trend_relative
2026-04-26,펄,22,google,trend_relative
2026-05-03,펄,24,google,trend_relative
2026-05-10,펄,30,google,trend_relative
2026-05-17,펄,21,google,trend_relative
2026-05-24,펄,19,google,trend_relative
2026-05-31,펄,18,google,trend_relative
2026-06-07,펄,19,google,trend_relative
2026-06-14,펄,16,google,trend_relative
2026-06-21,펄,16,google,trend_relative
2026-06-28,펄,18,google,trend_relative
2026-07-05,펄,20,google,trend_relative
2026-07-12,펄,19,google,trend_relative
2026-07-19,펄,17,google,trend_relative
2026-07-26,펄,19,google,trend_relative
2026-08-02,펄,17,google,trend_relative
2026-08-09,펄,21,google,trend_relative
2026-08-16,펄,17,google,trend_relative
2026-08-23,펄,19,google,trend_relative
2026-08-30,펄,18,google,trend_relative
2026-09-06,펄,19,google,trend_relative
2026-09-13,펄,20,google,trend_relative
2025-09-14,골드,79,google,trend_relative
2025-09-21,골드,79,google,trend_relative
2025-09-28,골드,86,google,trend_relative
2025-10-05,골드,99,google,trend_relative
2025-10-12,골드,81,google,trend_relative
2025-10-19,골드,79,google,trend_relative
2025-10-26,골드,77,google,trend_relative
2025-11-02,골드,82,google,trend_relative
2025-11-09,골드,84,google,trend_relative
2025-11-16,골드,76,google,trend_relative
2025-11-23,골드,80,google,trend_relative
2025-11-30,골드,74,google,trend_relative
2025-12-07,골드,86,google,trend_relative
2025-12-14,골드,92,google,trend_relative
2025-12-21,골드,92,google,trend_relative
2025-12-28,골드,95,google,trend_relative
2026-01-04,골드,94,google,trend_relative
2026-01-11,골드,97,google,trend_relative
2026-01-18,골드,91,google,trend_relative
2026-01-25,골드,88,google,trend_relative
2026-02-01,골드,89,google,trend_relative
2026-02-08,골드,78,google,trend_relative
2026-02-15,골드,81,google,trend_relative
2026-02-22,골드,90,google,trend_relative
2026-03-01,골드,93,google,trend_relative
2026-03-08,골드,84,google,trend_relative
2026-03-15,골드,87,google,trend_relative
2026-03-22,골드,88,google,trend_relative
2026-03-29,골드,89,google,trend_relative
2026-04-05,골드,72,google,trend_relative
2026-04-12,골드,70,google,trend_relative
2026-04-19,골드,69,google,trend_relative
2026-04-26,골드,85,google,trend_relative
2026-05-03,골드,90,google,trend_relative
2026-05-10,골드,100,google,trend_relative
2026-05-17,골드,88,google,trend_relative
2026-05-24,골드,88,google,trend_relative
2026-05-31,골드,79,google,trend_relative
2026-06-07,골드,77,google,trend_relative
2026-06-14,골드,81,google,trend_relative
2026-06-21,골드,76,google,trend_relative
2026-06-28,골드,76,google,trend_relative
2026-07-05,골드,78,google,trend_relative
2026-07-12,골드,74,google,trend_relative
2026-07-19,골드,81,google,trend_relative
2026-07-26,골드,71,google,trend_relative
2026-08-02,골드,68,google,trend_relative
2026-08-09,골드,63,google,trend_relative
2026-08-16,골드,70,google,trend_relative
2026-08-23,골드,69,google,trend_relative
2026-08-30,골드,66,google,trend_relative
2026-09-06,골드,69,google,trend_relative
2026-09-13,골드,67,google,trend_relative
2025-09-14,실버,32,google,trend_relative
2025-09-21,실버,30,google,trend_relative
2025-09-28,실버,33,google,trend_relative
2025-10-05,실버,38,google,trend_relative
2025-10-12,실버,31,google,trend_relative
2025-10-19,실버,31,google,trend_relative
2025-10-26,실버,32,google,trend_relative
2025-11-02,실버,30,google,trend_relative
2025-11-09,실버,37,google,trend_relative
2025-11-16,실버,31,google,trend_relative
2025-11-23,실버,30,google,trend_relative
2025-11-30,실버,30,google,trend_relative
2025-12-07,실버,33,google,trend_relative
2025-12-14,실버,34,google,trend_relative
2025-12-21,실버,36,google,trend_relative
2025-12-28,실버,35,google,trend_relative
2026-01-04,실버,40,google,trend_relative
2026-01-11,실버,51,google,trend_relative
2026-01-18,실버,46,google,trend_relative
2026-01-25,실버,46,google,trend_relative
2026-02-01,실버,42,google,trend_relative
2026-02-08,실버,41,google,trend_relative
2026-02-15,실버,38,google,trend_relative
2026-02-22,실버,42,google,trend_relative
2026-03-01,실버,47,google,trend_relative
2026-03-08,실버,40,google,trend_relative
2026-03-15,실버,37,google,trend_relative
2026-03-22,실버,34,google,trend_relative
2026-03-29,실버,32,google,trend_relative
2026-04-05,실버,29,google,trend_relative
2026-04-12,실버,31,google,trend_relative
2026-04-19,실버,29,google,trend_relative
2026-04-26,실버,30,google,trend_relative
2026-05-03,실버,33,google,trend_relative
2026-05-10,실버,31,google,trend_relative
2026-05-17,실버,30,google,trend_relative
2026-05-24,실버,31,google,trend_relative
2026-05-31,실버,31,google,trend_relative
2026-06-07,실버,30,google,trend_relative
2026-06-14,실버,29,google,trend_relative
2026-06-21,실버,33,google,trend_relative
2026-06-28,실버,32,google,trend_relative
2026-07-05,실버,35,google,trend_relative
2026-07-12,실버,32,google,trend_relative
2026-07-19,실버,53,google,trend_relative
2026-07-26,실버,55,google,trend_relative
2026-08-02,실버,39,google,trend_relative
2026-08-09,실버,34,google,trend_relative
2026-08-16,실버,33,google,trend_relative
2026-08-23,실버,34,google,trend_relative
2026-08-30,실버,35,google,trend_relative
2026-09-06,실버,34,google,trend_relative
2026-09-13,실버,36,google,trend_relative
2025-09-14,로즈골드,1,google,trend_relative
2025-09-21,로즈골드,2,google,trend_relative
2025-09-28,로즈골드,1,google,trend_relative
2025-10-05,로즈골드,1,google,trend_relative
2025-10-12,로즈골드,1,google,trend_relative
2025-10-19,로즈골드,1,google,trend_relative
2025-10-26,로즈골드,1,google,trend_relative
2025-11-02,로즈골드,1,google,trend_relative
2025-11-09,로즈골드,2,google,trend_relative
2025-11-16,로즈골드,1,google,trend_relative
2025-11-23,로즈골드,2,google,trend_relative
2025-11-30,로즈골드,1,google,trend_relative
2025-12-07,로즈골드,2,google,trend_relative
2025-12-14,로즈골드,2,google,trend_relative
2025-12-21,로즈골드,1,google,trend_relative
2025-12-28,로즈골드,1,google,trend_relative
2026-01-04,로즈골드,2,google,trend_relative
2026-01-11,로즈골드,2,google,trend_relative
2026-01-18,로즈골드,1,google,trend_relative
2026-01-25,로즈골드,2,google,trend_relative
2026-02-01,로즈골드,2,google,trend_relative
2026-02-08,로즈골드,2,google,trend_relative
2026-02-15,로즈골드,2,google,trend_relative
2026-02-22,로즈골드,2,google,trend_relative
2026-03-01,로즈골드,2,google,trend_relative
2026-03-08,로즈골드,2,google,trend_relative
2026-03-15,로즈골드,2,google,trend_relative
2026-03-22,로즈골드,2,google,trend_relative
2026-03-29,로즈골드,2,google,trend_relative
2026-04-05,로즈골드,1,google,trend_relative
2026-04-12,로즈골드,1,google,trend_relative
2026-04-19,로즈골드,1,google,trend_relative
2026-04-26,로즈골드,1,google,trend_relative
2026-05-03,로즈골드,1,google,trend_relative
2026-05-10,로즈골드,1,google,trend_relative
2026-05-17,로즈골드,1,google,trend_relative
2026-05-24,로즈골드,1,google,trend_relative
2026-05-31,로즈골드,1,google,trend_relative
2026-06-07,로즈골드,2,google,trend_relative
2026-06-14,로즈골드,1,google,trend_relative
2026-06-21,로즈골드,1,google,trend_relative
2026-06-28,로즈골드,1,google,trend_relative
2026-07-05,로즈골드,1,google,trend_relative
2026-07-12,로즈골드,1,google,trend_relative
2026-07-19,로즈골드,2,google,trend_relative
2026-07-26,로즈골드,1,google,trend_relative
2026-08-02,로즈골드,1,google,trend_relative
2026-08-09,로즈골드,1,google,trend_relative
2026-08-16,로즈골드,2,google,trend_relative
2026-08-23,로즈골드,1,google,trend_relative
2026-08-30,로즈골드,1,google,trend_relative
2026-09-06,로즈골드,1,google,trend_relative
2026-09-13,로즈골드,1,google,trend_relative
2025-09-14,레드,98,google,trend_relative
2025-09-21,레드,95,google,trend_relative
2025-09-28,레드,97,google,trend_relative
2025-10-05,레드,100,google,trend_relative
2025-10-12,레드,82,google,trend_relative
2025-10-19,레드,87,google,trend_relative
2025-10-26,레드,84,google,trend_relative
2025-11-02,레드,86,google,trend_relative
2025-11-09,레드,94,google,trend_relative
2025-11-16,레드,95,google,trend_relative
2025-11-23,레드,86,google,trend_relative
2025-11-30,레드,78,google,trend_relative
2025-12-07,레드,73,google,trend_relative
2025-12-14,레드,81,google,trend_relative
2025-12-21,레드,79,google,trend_relative
2025-12-28,레드,78,google,trend_relative
2026-01-04,레드,78,google,trend_relative
2026-01-11,레드,73,google,trend_relative
2026-01-18,레드,74,google,trend_relative
2026-01-25,레드,73,google,trend_relative
2026-02-01,레드,73,google,trend_relative
2026-02-08,레드,63,google,trend_relative
2026-02-15,레드,73,google,trend_relative
2026-02-22,레드,75,google,trend_relative
2026-03-01,레드,82,google,trend_relative
2026-03-08,레드,74,google,trend_relative
2026-03-15,레드,71,google,trend_relative
2026-03-22,레드,74,google,trend_relative
2026-03-29,레드,72,google,trend_relative
2026-04-05,레드,65,google,trend_relative
2026-04-12,레드,62,google,trend_relative
2026-04-19,레드,68,google,trend_relative
2026-04-26,레드,74,google,trend_relative
2026-05-03,레드,79,google,trend_relative
2026-05-10,레드,73,google,trend_relative
2026-05-17,레드,79,google,trend_relative
2026-05-24,레드,81,google,trend_relative
2026-05-31,레드,77,google,trend_relative
2026-06-07,레드,73,google,trend_relative
2026-06-14,레드,74,google,trend_relative
2026-06-21,레드,65,google,trend_relative
2026-06-28,레드,63,google,trend_relative
2026-07-05,레드,70,google,trend_relative
2026-07-12,레드,72,google,trend_relative
2026-07-19,레드,72,google,trend_relative
2026-07-26,레드,72,google,trend_relative
2026-08-02,레드,74,google,trend_relative
2026-08-09,레드,66,google,trend_relative
2026-08-16,레드,70,google,trend_relative
2026-08-23,레드,74,google,trend_relative
2026-08-30,레드,59,google,trend_relative
2026-09-06,레드,78,google,trend_relative
2026-09-13,레드,74,google,trend_relative
2025-09-14,코랄,2,google,trend_relative
2025-09-21,코랄,2,google,trend_relative
2025-09-28,코랄,2,google,trend_relative
2025-10-05,코랄,2,google,trend_relative
2025-10-12,코랄,2,google,trend_relative
2025-10-19,코랄,2,google,trend_relative
2025-10-26,코랄,2,google,trend_relative
2025-11-02,코랄,2,google,trend_relative
2025-11-09,코랄,1,google,trend_relative
2025-11-16,코랄,1,google,trend_relative
2025-11-23,코랄,1,google,trend_relative
2025-11-30,코랄,2,google,trend_relative
2025-12-07,코랄,2,google,trend_relative
2025-12-14,코랄,1,google,trend_relative
2025-12-21,코랄,2,google,trend_relative
2025-12-28,코랄,2,google,trend_relative
2026-01-04,코랄,2,google,trend_relative
2026-01-11,코랄,2,google,trend_relative
2026-01-18,코랄,2,google,trend_relative
2026-01-25,코랄,1,google,trend_relative
2026-02-01,코랄,2,google,trend_relative
2026-02-08,코랄,1,google,trend_relative
2026-02-15,코랄,1,google,trend_relative
2026-02-22,코랄,1,google,trend_relative
2026-03-01,코랄,1,google,trend_relative
2026-03-08,코랄,2,google,trend_relative
2026-03-15,코랄,2,google,trend_relative
2026-03-22,코랄,2,google,trend_relative
2026-03-29,코랄,1,google,trend_relative
2026-04-05,코랄,1,google,trend_relative
2026-04-12,코랄,1,google,trend_relative
2026-04-19,코랄,1,google,trend_relative
2026-04-26,코랄,1,google,trend_relative
2026-05-03,코랄,1,google,trend_relative
2026-05-10,코랄,1,google,trend_relative
2026-05-17,코랄,1,google,trend_relative
2026-05-24,코랄,1,google,trend_relative
2026-05-31,코랄,1,google,trend_relative
2026-06-07,코랄,1,google,trend_relative
2026-06-14,코랄,1,google,trend_relative
2026-06-21,코랄,1,google,trend_relative
2026-06-28,코랄,1,google,trend_relative
2026-07-05,코랄,2,google,trend_relative
2026-07-12,코랄,5,google,trend_relative
2026-07-19,코랄,5,google,trend_relative
2026-07-26,코랄,4,google,trend_relative
2026-08-02,코랄,3,google,trend_relative
2026-08-09,코랄,2,google,trend_relative
2026-08-16,코랄,2,google,trend_relative
2026-08-23,코랄,2,google,trend_relative
2026-08-30,코랄,2,google,trend_relative
2026-09-06,코랄,2,google,trend_relative
2026-09-13,코랄,2,google,trend_relative
2025-09-14,퍼플,22,google,trend_relative
2025-09-21,퍼플,21,google,trend_relative
2025-09-28,퍼플,19,google,trend_relative
2025-10-05,퍼플,16,google,trend_relative
2025-10-12,퍼플,21,google,trend_relative
2025-10-19,퍼플,24,google,trend_relative
2025-10-26,퍼플,21,google,trend_relative
2025-11-02,퍼플,21,google,trend_relative
2025-11-09,퍼플,23,google,trend_relative
2025-11-16,퍼플,28,google,trend_relative
2025-11-23,퍼플,21,google,trend_relative
2025-11-30,퍼플,18,google,trend_relative
2025-12-07,퍼플,18,google,trend_relative
2025-12-14,퍼플,17,google,trend_relative
2025-12-21,퍼플,14,google,trend_relative
2025-12-28,퍼플,15,google,trend_relative
2026-01-04,퍼플,14,google,trend_relative
2026-01-11,퍼플,15,google,trend_relative
2026-01-18,퍼플,14,google,trend_relative
2026-01-25,퍼플,14,google,trend_relative
2026-02-01,퍼플,14,google,trend_relative
2026-02-08,퍼플,13,google,trend_relative
2026-02-15,퍼플,11,google,trend_relative
2026-02-22,퍼플,15,google,trend_relative
2026-03-01,퍼플,16,google,trend_relative
2026-03-08,퍼플,17,google,trend_relative
2026-03-15,퍼플,18,google,trend_relative
2026-03-22,퍼플,18,google,trend_relative
2026-03-29,퍼플,17,google,trend_relative
2026-04-05,퍼플,15,google,trend_relative
2026-04-12,퍼플,15,google,trend_relative
2026-04-19,퍼플,14,google,trend_relative
2026-04-26,퍼플,14,google,trend_relative
2026-05-03,퍼플,14,google,trend_relative
2026-05-10,퍼플,17,google,trend_relative
2026-05-17,퍼플,14,google,trend_relative
2026-05-24,퍼플,13,google,trend_relative
2026-05-31,퍼플,13,google,trend_relative
2026-06-07,퍼플,13,google,trend_relative
2026-06-14,퍼플,12,google,trend_relative
2026-06-21,퍼플,11,google,trend_relative
2026-06-28,퍼플,10,google,trend_relative
2026-07-05,퍼플,11,google,trend_relative
2026-07-12,퍼플,10,google,trend_relative
2026-07-19,퍼플,8,google,trend_relative
2026-07-26,퍼플,8,google,trend_relative
2026-08-02,퍼플,7,google,trend_relative
2026-08-09,퍼플,7,google,trend_relative
2026-08-16,퍼플,7,google,trend_relative
2026-08-23,퍼플,8,google,trend_relative
2026-08-30,퍼플,8,google,trend_relative
2026-09-06,퍼플,9,google,trend_relative
2026-09-13,퍼플,8,google,trend_relative
2025-09-14,핑크,17,google,trend_relative
2025-09-21,핑크,19,google,trend_relative
2025-09-28,핑크,19,google,trend_relative
2025-10-05,핑크,21,google,trend_relative
2025-10-12,핑크,19,google,trend_relative
2025-10-19,핑크,19,google,trend_relative
2025-10-26,핑크,19,google,trend_relative
2025-11-02,핑크,22,google,trend_relative
2025-11-09,핑크,20,google,trend_relative
2025-11-16,핑크,21,google,trend_relative
2025-11-23,핑크,18,google,trend_relative
2025-11-30,핑크,17,google,trend_relative
2025-12-07,핑크,17,google,trend_relative
2025-12-14,핑크,19,google,trend_relative
2025-12-21,핑크,17,google,trend_relative
2025-12-28,핑크,18,google,trend_relative
2026-01-04,핑크,20,google,trend_relative
2026-01-11,핑크,21,google,trend_relative
2026-01-18,핑크,20,google,trend_relative
2026-01-25,핑크,18,google,trend_relative
2026-02-01,핑크,18,google,trend_relative
2026-02-08,핑크,17,google,trend_relative
2026-02-15,핑크,18,google,trend_relative
2026-02-22,핑크,22,google,trend_relative
2026-03-01,핑크,20,google,trend_relative
2026-03-08,핑크,18,google,trend_relative
2026-03-15,핑크,17,google,trend_relative
2026-03-22,핑크,17,google,trend_relative
2026-03-29,핑크,19,google,trend_relative
2026-04-05,핑크,16,google,trend_relative
2026-04-12,핑크,20,google,trend_relative
2026-04-19,핑크,17,google,trend_relative
2026-04-26,핑크,17,google,trend_relative
2026-05-03,핑크,20,google,trend_relative
2026-05-10,핑크,19,google,trend_relative
2026-05-17,핑크,18,google,trend_relative
2026-05-24,핑크,18,google,trend_relative
2026-05-31,핑크,17,google,trend_relative
2026-06-07,핑크,16,google,trend_relative
2026-06-14,핑크,15,google,trend_relative
2026-06-21,핑크,14,google,trend_relative
2026-06-28,핑크,17,google,trend_relative
2026-07-05,핑크,15,google,trend_relative
2026-07-12,핑크,15,google,trend_relative
2026-07-19,핑크,16,google,trend_relative
2026-07-26,핑크,15,google,trend_relative
2026-08-02,핑크,16,google,trend_relative
2026-08-09,핑크,15,google,trend_relative
2026-08-16,핑크,15,google,trend_relative
2026-08-23,핑크,15,google,trend_relative
2026-08-30,핑크,15,google,trend_relative
2026-09-06,핑크,16,google,trend_relative
2026-09-13,핑크,17,google,trend_relative
2025-09-14,옐로우,2,google,trend_relative
2025-09-21,옐로우,2,google,trend_relative
2025-09-28,옐로우,2,google,trend_relative
2025-10-05,옐로우,2,google,trend_relative
2025-10-12,옐로우,2,google,trend_relative
2025-10-19,옐로우,2,google,trend_relative
2025-10-26,옐로우,2,google,trend_relative
2025-11-02,옐로우,2,google,trend_relative
2025-11-09,옐로우,2,google,trend_relative
2025-11-16,옐로우,2,google,trend_relative
2025-11-23,옐로우,2,google,trend_relative
2025-11-30,옐로우,2,google,trend_relative
2025-12-07,옐로우,2,google,trend_relative
2025-12-14,옐로우,2,google,trend_relative
2025-12-21,옐로우,2,google,trend_relative
2025-12-28,옐로우,2,google,trend_relative
2026-01-04,옐로우,2,google,trend_relative
2026-01-11,옐로우,2,google,trend_relative
2026-01-18,옐로우,2,google,trend_relative
2026-01-25,옐로우,2,google,trend_relative
2026-02-01,옐로우,2,google,trend_relative
2026-02-08,옐로우,2,google,trend_relative
2026-02-15,옐로우,2,google,trend_relative
2026-02-22,옐로우,2,google,trend_relative
2026-03-01,옐로우,3,google,trend_relative
2026-03-08,옐로우,2,google,trend_relative
2026-03-15,옐로우,3,google,trend_relative
2026-03-22,옐로우,3,google,trend_relative
2026-03-29,옐로우,2,google,trend_relative
2026-04-05,옐로우,2,google,trend_relative
2026-04-12,옐로우,2,google,trend_relative
2026-04-19,옐로우,2,google,trend_relative
2026-04-26,옐로우,2,google,trend_relative
2026-05-03,옐로우,2,google,trend_relative
2026-05-10,옐로우,2,google,trend_relative
2026-05-17,옐로우,3,google,trend_relative
2026-05-24,옐로우,3,google,trend_relative
2026-05-31,옐로우,2,google,trend_relative
2026-06-07,옐로우,2,google,trend_relative
2026-06-14,옐로우,2,google,trend_relative
2026-06-21,옐로우,2,google,trend_relative
2026-06-28,옐로우,2,google,trend_relative
2026-07-05,옐로우,2,google,trend_relative
2026-07-12,옐로우,2,google,trend_relative
2026-07-19,옐로우,2,google,trend_relative
2026-07-26,옐로우,2,google,trend_relative
2026-08-02,옐로우,2,google,trend_relative
2026-08-09,옐로우,2,google,trend_relative
2026-08-16,옐로우,2,google,trend_relative
2026-08-23,옐로우,2,google,trend_relative
2026-08-30,옐로우,2,google,trend_relative
2026-09-06,옐로우,2,google,trend_relative
2026-09-13,옐로우,2,google,trend_relative
2025-09-14,오렌지,80,google,trend_relative
2025-09-21,오렌지,98,google,trend_relative
2025-09-28,오렌지,85,google,trend_relative
2025-10-05,오렌지,89,google,trend_relative
2025-10-12,오렌지,84,google,trend_relative
2025-10-19,오렌지,91,google,trend_relative
2025-10-26,오렌지,87,google,trend_relative
2025-11-02,오렌지,85,google,trend_relative
2025-11-09,오렌지,88,google,trend_relative
2025-11-16,오렌지,94,google,trend_relative
2025-11-23,오렌지,87,google,trend_relative
2025-11-30,오렌지,88,google,trend_relative
2025-12-07,오렌지,84,google,trend_relative
2025-12-14,오렌지,84,google,trend_relative
2025-12-21,오렌지,91,google,trend_relative
2025-12-28,오렌지,88,google,trend_relative
2026-01-04,오렌지,81,google,trend_relative
2026-01-11,오렌지,84,google,trend_relative
2026-01-18,오렌지,85,google,trend_relative
2026-01-25,오렌지,81,google,trend_relative
2026-02-01,오렌지,85,google,trend_relative
2026-02-08,오렌지,76,google,trend_relative
2026-02-15,오렌지,76,google,trend_relative
2026-02-22,오렌지,86,google,trend_relative
2026-03-01,오렌지,93,google,trend_relative
2026-03-08,오렌지,96,google,trend_relative
2026-03-15,오렌지,92,google,trend_relative
2026-03-22,오렌지,100,google,trend_relative
2026-03-29,오렌지,94,google,trend_relative
2026-04-05,오렌지,85,google,trend_relative
2026-04-12,오렌지,85,google,trend_relative
2026-04-19,오렌지,88,google,trend_relative
2026-04-26,오렌지,90,google,trend_relative
2026-05-03,오렌지,93,google,trend_relative
2026-05-10,오렌지,86,google,trend_relative
2026-05-17,오렌지,87,google,trend_relative
2026-05-24,오렌지,87,google,trend_relative
2026-05-31,오렌지,84,google,trend_relative
2026-06-07,오렌지,81,google,trend_relative
2026-06-14,오렌지,86,google,trend_relative
2026-06-21,오렌지,71,google,trend_relative
2026-06-28,오렌지,77,google,trend_relative
2026-07-05,오렌지,76,google,trend_relative
2026-07-12,오렌지,72,google,trend_relative
2026-07-19,오렌지,75,google,trend_relative
2026-07-26,오렌지,74,google,trend_relative
2026-08-02,오렌지,65,google,trend_relative
2026-08-09,오렌지,68,google,trend_relative
2026-08-16,오렌지,71,google,trend_relative
2026-08-23,오렌지,73,google,trend_relative
2026-08-30,오렌지,75,google,trend_relative
2026-09-06,오렌지,82,google,trend_relative
2026-09-13,오렌지,85,google,trend_relative
2025-09-14,오키드,3,google,trend_relative
2025-09-21,오키드,8,google,trend_relative
2025-09-28,오키드,4,google,trend_relative
2025-10-05,오키드,4,google,trend_relative
2025-10-12,오키드,5,google,trend_relative
2025-10-19,오키드,3,google,trend_relative
2025-10-26,오키드,3,google,trend_relative
2025-11-02,오키드,4,google,trend_relative
2025-11-09,오키드,7,google,trend_relative
2025-11-16,오키드,3,google,trend_relative
2025-11-23,오키드,4,google,trend_relative
2025-11-30,오키드,5,google,trend_relative
2025-12-07,오키드,5,google,trend_relative
2025-12-14,오키드,5,google,trend_relative
2025-12-21,오키드,0,google,trend_relative
2025-12-28,오키드,3,google,trend_relative
2026-01-04,오키드,5,google,trend_relative
2026-01-11,오키드,7,google,trend_relative
2026-01-18,오키드,5,google,trend_relative
2026-01-25,오키드,3,google,trend_relative
2026-02-01,오키드,2,google,trend_relative
2026-02-08,오키드,4,google,trend_relative
2026-02-15,오키드,2,google,trend_relative
2026-02-22,오키드,3,google,trend_relative
2026-03-01,오키드,3,google,trend_relative
2026-03-08,오키드,3,google,trend_relative
2026-03-15,오키드,3,google,trend_relative
2026-03-22,오키드,4,google,trend_relative
2026-03-29,오키드,5,google,trend_relative
2026-04-05,오키드,2,google,trend_relative
2026-04-12,오키드,3,google,trend_relative
2026-04-19,오키드,3,google,trend_relative
2026-04-26,오키드,3,google,trend_relative
2026-05-03,오키드,3,google,trend_relative
2026-05-10,오키드,4,google,trend_relative
2026-05-17,오키드,3,google,trend_relative
2026-05-24,오키드,7,google,trend_relative
2026-05-31,오키드,6,google,trend_relative
2026-06-07,오키드,5,google,trend_relative
2026-06-14,오키드,4,google,trend_relative
2026-06-21,오키드,4,google,trend_relative
2026-06-28,오키드,4,google,trend_relative
2026-07-05,오키드,4,google,trend_relative
2026-07-12,오키드,4,google,trend_relative
2026-07-19,오키드,3,google,trend_relative
2026-07-26,오키드,5,google,trend_relative
2026-08-02,오키드,2,google,trend_relative
2026-08-09,오키드,4,google,trend_relative
2026-08-16,오키드,2,google,trend_relative
2026-08-23,오키드,4,google,trend_relative
2026-08-30,오키드,3,google,trend_relative
2026-09-06,오키드,3,google,trend_relative
2026-09-13,오키드,3,google,trend_relative
2025-09-14,탠저린,0,google,trend_relative
2025-09-21,탠저린,0,google,trend_relative
2025-09-28,탠저린,0,google,trend_relative
2025-10-05,탠저린,0,google,trend_relative
2025-10-12,탠저린,0,google,trend_relative
2025-10-19,탠저린,0,google,trend_relative
2025-10-26,탠저린,0,google,trend_relative
2025-11-02,탠저린,0,google,trend_relative
2025-11-09,탠저린,0,google,trend_relative
2025-11-16,탠저린,0,google,trend_relative
2025-11-23,탠저린,0,google,trend_relative
2025-11-30,탠저린,0,google,trend_relative
2025-12-07,탠저린,0,google,trend_relative
2025-12-14,탠저린,0,google,trend_relative
2025-12-21,탠저린,0,google,trend_relative
2025-12-28,탠저린,0,google,trend_relative
2026-01-04,탠저린,0,google,trend_relative
2026-01-11,탠저린,2,google,trend_relative
2026-01-18,탠저린,0,google,trend_relative
2026-01-25,탠저린,0,google,trend_relative
2026-02-01,탠저린,0,google,trend_relative
2026-02-08,탠저린,0,google,trend_relative
2026-02-15,탠저린,0,google,trend_relative
2026-02-22,탠저린,0,google,trend_relative
2026-03-01,탠저린,0,google,trend_relative
2026-03-08,탠저린,0,google,trend_relative
2026-03-15,탠저린,0,google,trend_relative
2026-03-22,탠저린,0,google,trend_relative
2026-03-29,탠저린,0,google,trend_relative
2026-04-05,탠저린,0,google,trend_relative
2026-04-12,탠저린,0,google,trend_relative
2026-04-19,탠저린,0,google,trend_relative
2026-04-26,탠저린,0,google,trend_relative
2026-05-03,탠저린,0,google,trend_relative
2026-05-10,탠저린,0,google,trend_relative
2026-05-17,탠저린,0,google,trend_relative
2026-05-24,탠저린,0,google,trend_relative
2026-05-31,탠저린,0,google,trend_relative
2026-06-07,탠저린,0,google,trend_relative
2026-06-14,탠저린,0,google,trend_relative
2026-06-21,탠저린,0,google,trend_relative
2026-06-28,탠저린,0,google,trend_relative
2026-07-05,탠저린,0,google,trend_relative
2026-07-12,탠저린,0,google,trend_relative
2026-07-19,탠저린,0,google,trend_relative
2026-07-26,탠저린,0,google,trend_relative
2026-08-02,탠저린,0,google,trend_relative
2026-08-09,탠저린,0,google,trend_relative
2026-08-16,탠저린,0,google,trend_relative
2026-08-23,탠저린,0,google,trend_relative
2026-08-30,탠저린,1,google,trend_relative
2026-09-06,탠저린,1,google,trend_relative
2026-09-13,탠저린,0,google,trend_relative
2025-09-14,퓨시아,0,google,trend_relative
2025-09-21,퓨시아,0,google,trend_relative
2025-09-28,퓨시아,0,google,trend_relative
2025-10-05,퓨시아,0,google,trend_relative
2025-10-12,퓨시아,0,google,trend_relative
2025-10-19,퓨시아,0,google,trend_relative
2025-10-26,퓨시아,0,google,trend_relative
2025-11-02,퓨시아,0,google,trend_relative
2025-11-09,퓨시아,0,google,trend_relative
2025-11-16,퓨시아,0,google,trend_relative
2025-11-23,퓨시아,0,google,trend_relative
2025-11-30,퓨시아,0,google,trend_relative
2025-12-07,퓨시아,0,google,trend_relative
2025-12-14,퓨시아,0,google,trend_relative
2025-12-21,퓨시아,0,google,trend_relative
2025-12-28,퓨시아,0,google,trend_relative
2026-01-04,퓨시아,0,google,trend_relative
2026-01-11,퓨시아,0,google,trend_relative
2026-01-18,퓨시아,0,google,trend_relative
2026-01-25,퓨시아,0,google,trend_relative
2026-02-01,퓨시아,0,google,trend_relative
2026-02-08,퓨시아,0,google,trend_relative
2026-02-15,퓨시아,0,google,trend_relative
2026-02-22,퓨시아,0,google,trend_relative
2026-03-01,퓨시아,0,google,trend_relative
2026-03-08,퓨시아,0,google,trend_relative
2026-03-15,퓨시아,0,google,trend_relative
2026-03-22,퓨시아,0,google,trend_relative
2026-03-29,퓨시아,0,google,trend_relative
2026-04-05,퓨시아,0,google,trend_relative
2026-04-12,퓨시아,0,google,trend_relative
2026-04-19,퓨시아,0,google,trend_relative
2026-04-26,퓨시아,0,google,trend_relative
2026-05-03,퓨시아,0,google,trend_relative
2026-05-10,퓨시아,0,google,trend_relative
2026-05-17,퓨시아,0,google,trend_relative
2026-05-24,퓨시아,0,google,trend_relative
2026-05-31,퓨시아,0,google,trend_relative
2026-06-07,퓨시아,0,google,trend_relative
2026-06-14,퓨시아,0,google,trend_relative
2026-06-21,퓨시아,0,google,trend_relative
2026-06-28,퓨시아,0,google,trend_relative
2026-07-05,퓨시아,0,google,trend_relative
2026-07-12,퓨시아,0,google,trend_relative
2026-07-19,퓨시아,0,google,trend_relative
2026-07-26,퓨시아,0,google,trend_relative
2026-08-02,퓨시아,0,google,trend_relative
2026-08-09,퓨시아,0,google,trend_relative
2026-08-16,퓨시아,0,google,trend_relative
2026-08-23,퓨시아,0,google,trend_relative
2026-08-30,퓨시아,0,google,trend_relative
2026-09-06,퓨시아,0,google,trend_relative
2026-09-13,퓨시아,0,google,trend_relative
2025-09-14,라임그린,0,google,trend_relative
2025-09-21,라임그린,0,google,trend_relative
2025-09-28,라임그린,0,google,trend_relative
2025-10-05,라임그린,0,google,trend_relative
2025-10-12,라임그린,0,google,trend_relative
2025-10-19,라임그린,0,google,trend_relative
2025-10-26,라임그린,0,google,trend_relative
2025-11-02,라임그린,0,google,trend_relative
2025-11-09,라임그린,0,google,trend_relative
2025-11-16,라임그린,0,google,trend_relative
2025-11-23,라임그린,0,google,trend_relative
2025-11-30,라임그린,0,google,trend_relative
2025-12-07,라임그린,0,google,trend_relative
2025-12-14,라임그린,0,google,trend_relative
2025-12-21,라임그린,2,google,trend_relative
2025-12-28,라임그린,0,google,trend_relative
2026-01-04,라임그린,0,google,trend_relative
2026-01-11,라임그린,0,google,trend_relative
2026-01-18,라임그린,0,google,trend_relative
2026-01-25,라임그린,0,google,trend_relative
2026-02-01,라임그린,0,google,trend_relative
2026-02-08,라임그린,0,google,trend_relative
2026-02-15,라임그린,0,google,trend_relative
2026-02-22,라임그린,0,google,trend_relative
2026-03-01,라임그린,0,google,trend_relative
2026-03-08,라임그린,0,google,trend_relative
2026-03-15,라임그린,0,google,trend_relative
2026-03-22,라임그린,0,google,trend_relative
2026-03-29,라임그린,0,google,trend_relative
2026-04-05,라임그린,0,google,trend_relative
2026-04-12,라임그린,0,google,trend_relative
2026-04-19,라임그린,0,google,trend_relative
2026-04-26,라임그린,0,google,trend_relative
2026-05-03,라임그린,0,google,trend_relative
2026-05-10,라임그린,0,google,trend_relative
2026-05-17,라임그린,0,google,trend_relative
2026-05-24,라임그린,0,google,trend_relative
2026-05-31,라임그린,0,google,trend_relative
2026-06-07,라임그린,0,google,trend_relative
2026-06-14,라임그린,0,google,trend_relative
2026-06-21,라임그린,0,google,trend_relative
2026-06-28,라임그린,0,google,trend_relative
2026-07-05,라임그린,0,google,trend_relative
2026-07-12,라임그린,0,google,trend_relative
2026-07-19,라임그린,0,google,trend_relative
2026-07-26,라임그린,0,google,trend_relative
2026-08-02,라임그린,0,google,trend_relative
2026-08-09,라임그린,0,google,trend_relative
2026-08-16,라임그린,0,google,trend_relative
2026-08-23,라임그린,0,google,trend_relative
2026-08-30,라임그린,0,google,trend_relative
2026-09-06,라임그린,0,google,trend_relative
2026-09-13,라임그린,0,google,trend_relative
2025-09-14,라즈베리,93,google,trend_relative
2025-09-21,라즈베리,89,google,trend_relative
2025-09-28,라즈베리,82,google,trend_relative
2025-10-05,라즈베리,61,google,trend_relative
2025-10-12,라즈베리,77,google,trend_relative
2025-10-19,라즈베리,79,google,trend_relative
2025-10-26,라즈베리,87,google,trend_relative
2025-11-02,라즈베리,97,google,trend_relative
2025-11-09,라즈베리,100,google,trend_relative
2025-11-16,라즈베리,98,google,trend_relative
2025-11-23,라즈베리,92,google,trend_relative
2025-11-30,라즈베리,88,google,trend_relative
2025-12-07,라즈베리,69,google,trend_relative
2025-12-14,라즈베리,78,google,trend_relative
2025-12-21,라즈베리,65,google,trend_relative
2025-12-28,라즈베리,64,google,trend_relative
2026-01-04,라즈베리,74,google,trend_relative
2026-01-11,라즈베리,65,google,trend_relative
2026-01-18,라즈베리,77,google,trend_relative
2026-01-25,라즈베리,81,google,trend_relative
2026-02-01,라즈베리,60,google,trend_relative
2026-02-08,라즈베리,65,google,trend_relative
2026-02-15,라즈베리,52,google,trend_relative
2026-02-22,라즈베리,69,google,trend_relative
2026-03-01,라즈베리,65,google,trend_relative
2026-03-08,라즈베리,81,google,trend_relative
2026-03-15,라즈베리,75,google,trend_relative
2026-03-22,라즈베리,85,google,trend_relative
2026-03-29,라즈베리,79,google,trend_relative
2026-04-05,라즈베리,72,google,trend_relative
2026-04-12,라즈베리,69,google,trend_relative
2026-04-19,라즈베리,65,google,trend_relative
2026-04-26,라즈베리,59,google,trend_relative
2026-05-03,라즈베리,74,google,trend_relative
2026-05-10,라즈베리,83,google,trend_relative
2026-05-17,라즈베리,66,google,trend_relative
2026-05-24,라즈베리,68,google,trend_relative
2026-05-31,라즈베리,69,google,trend_relative
2026-06-07,라즈베리,65,google,trend_relative
2026-06-14,라즈베리,61,google,trend_relative
2026-06-21,라즈베리,56,google,trend_relative
2026-06-28,라즈베리,53,google,trend_relative
2026-07-05,라즈베리,63,google,trend_relative
2026-07-12,라즈베리,51,google,trend_relative
2026-07-19,라즈베리,53,google,trend_relative
2026-07-26,라즈베리,52,google,trend_relative
2026-08-02,라즈베리,49,google,trend_relative
2026-08-09,라즈베리,46,google,trend_relative
2026-08-16,라즈베리,51,google,trend_relative
2026-08-23,라즈베리,56,google,trend_relative
2026-08-30,라즈베리,55,google,trend_relative
2026-09-06,라즈베리,59,google,trend_relative
2026-09-13,라즈베리,56,google,trend_relative
2025-09-14,로즈핑크,0,google,trend_relative
2025-09-21,로즈핑크,6,google,trend_relative
2025-09-28,로즈핑크,0,google,trend_relative
2025-10-05,로즈핑크,0,google,trend_relative
2025-10-12,로즈핑크,0,google,trend_relative
2025-10-19,로즈핑크,0,google,trend_relative
2025-10-26,로즈핑크,0,google,trend_relative
2025-11-02,로즈핑크,0,google,trend_relative
2025-11-09,로즈핑크,0,google,trend_relative
2025-11-16,로즈핑크,0,google,trend_relative
2025-11-23,로즈핑크,0,google,trend_relative
2025-11-30,로즈핑크,0,google,trend_relative
2025-12-07,로즈핑크,5,google,trend_relative
2025-12-14,로즈핑크,0,google,trend_relative
2025-12-21,로즈핑크,0,google,trend_relative
2025-12-28,로즈핑크,0,google,trend_relative
2026-01-04,로즈핑크,5,google,trend_relative
2026-01-11,로즈핑크,4,google,trend_relative
2026-01-18,로즈핑크,0,google,trend_relative
2026-01-25,로즈핑크,0,google,trend_relative
2026-02-01,로즈핑크,0,google,trend_relative
2026-02-08,로즈핑크,0,google,trend_relative
2026-02-15,로즈핑크,0,google,trend_relative
2026-02-22,로즈핑크,8,google,trend_relative
2026-03-01,로즈핑크,5,google,trend_relative
2026-03-08,로즈핑크,0,google,trend_relative
2026-03-15,로즈핑크,0,google,trend_relative
2026-03-22,로즈핑크,0,google,trend_relative
2026-03-29,로즈핑크,0,google,trend_relative
2026-04-05,로즈핑크,4,google,trend_relative
2026-04-12,로즈핑크,0,google,trend_relative
2026-04-19,로즈핑크,0,google,trend_relative
2026-04-26,로즈핑크,5,google,trend_relative
2026-05-03,로즈핑크,0,google,trend_relative
2026-05-10,로즈핑크,4,google,trend_relative
2026-05-17,로즈핑크,0,google,trend_relative
2026-05-24,로즈핑크,0,google,trend_relative
2026-05-31,로즈핑크,0,google,trend_relative
2026-06-07,로즈핑크,0,google,trend_relative
2026-06-14,로즈핑크,4,google,trend_relative
2026-06-21,로즈핑크,0,google,trend_relative
2026-06-28,로즈핑크,0,google,trend_relative
2026-07-05,로즈핑크,5,google,trend_relative
2026-07-12,로즈핑크,0,google,trend_relative
2026-07-19,로즈핑크,0,google,trend_relative
2026-07-26,로즈핑크,0,google,trend_relative
2026-08-02,로즈핑크,0,google,trend_relative
2026-08-09,로즈핑크,0,google,trend_relative
2026-08-16,로즈핑크,0,google,trend_relative
2026-08-23,로즈핑크,0,google,trend_relative
2026-08-30,로즈핑크,3,google,trend_relative
2026-09-06,로즈핑크,3,google,trend_relative
2026-09-13,로즈핑크,3,google,trend_relative
2025-09-14,애플그린,22,google,trend_relative
2025-09-21,애플그린,25,google,trend_relative
2025-09-28,애플그린,22,google,trend_relative
2025-10-05,애플그린,33,google,trend_relative
2025-10-12,애플그린,28,google,trend_relative
2025-10-19,애플그린,22,google,trend_relative
2025-10-26,애플그린,26,google,trend_relative
2025-11-02,애플그린,26,google,trend_relative
2025-11-09,애플그린,20,google,trend_relative
2025-11-16,애플그린,25,google,trend_relative
2025-11-23,애플그린,24,google,trend_relative
2025-11-30,애플그린,22,google,trend_relative
2025-12-07,애플그린,22,google,trend_relative
2025-12-14,애플그린,26,google,trend_relative
2025-12-21,애플그린,26,google,trend_relative
2025-12-28,애플그린,46,google,trend_relative
2026-01-04,애플그린,27,google,trend_relative
2026-01-11,애플그린,32,google,trend_relative
2026-01-18,애플그린,25,google,trend_relative
2026-01-25,애플그린,25,google,trend_relative
2026-02-01,애플그린,23,google,trend_relative
2026-02-08,애플그린,26,google,trend_relative
2026-02-15,애플그린,25,google,trend_relative
2026-02-22,애플그린,23,google,trend_relative
2026-03-01,애플그린,25,google,trend_relative
2026-03-08,애플그린,28,google,trend_relative
2026-03-15,애플그린,18,google,trend_relative
2026-03-22,애플그린,21,google,trend_relative
2026-03-29,애플그린,20,google,trend_relative
2026-04-05,애플그린,19,google,trend_relative
2026-04-12,애플그린,25,google,trend_relative
2026-04-19,애플그린,19,google,trend_relative
2026-04-26,애플그린,23,google,trend_relative
2026-05-03,애플그린,25,google,trend_relative
2026-05-10,애플그린,23,google,trend_relative
2026-05-17,애플그린,31,google,trend_relative
2026-05-24,애플그린,33,google,trend_relative
2026-05-31,애플그린,31,google,trend_relative
2026-06-07,애플그린,26,google,trend_relative
2026-06-14,애플그린,25,google,trend_relative
2026-06-21,애플그린,27,google,trend_relative
2026-06-28,애플그린,23,google,trend_relative
2026-07-05,애플그린,21,google,trend_relative
2026-07-12,애플그린,32,google,trend_relative
2026-07-19,애플그린,26,google,trend_relative
2026-07-26,애플그린,26,google,trend_relative
2026-08-02,애플그린,21,google,trend_relative
2026-08-09,애플그린,19,google,trend_relative
2026-08-16,애플그린,22,google,trend_relative
2026-08-23,애플그린,23,google,trend_relative
2026-08-30,애플그린,22,google,trend_relative
2026-09-06,애플그린,21,google,trend_relative
2026-09-13,애플그린,21,google,trend_relative
2025-09-14,체리레드,0,google,trend_relative
2025-09-21,체리레드,0,google,trend_relative
2025-09-28,체리레드,0,google,trend_relative
2025-10-05,체리레드,0,google,trend_relative
2025-10-12,체리레드,0,google,trend_relative
2025-10-19,체리레드,0,google,trend_relative
2025-10-26,체리레드,0,google,trend_relative
2025-11-02,체리레드,0,google,trend_relative
2025-11-09,체리레드,0,google,trend_relative
2025-11-16,체리레드,0,google,trend_relative
2025-11-23,체리레드,0,google,trend_relative
2025-11-30,체리레드,0,google,trend_relative
2025-12-07,체리레드,0,google,trend_relative
2025-12-14,체리레드,0,google,trend_relative
2025-12-21,체리레드,0,google,trend_relative
2025-12-28,체리레드,5,google,trend_relative
2026-01-04,체리레드,0,google,trend_relative
2026-01-11,체리레드,0,google,trend_relative
2026-01-18,체리레드,0,google,trend_relative
2026-01-25,체리레드,0,google,trend_relative
2026-02-01,체리레드,0,google,trend_relative
2026-02-08,체리레드,4,google,trend_relative
2026-02-15,체리레드,0,google,trend_relative
2026-02-22,체리레드,0,google,trend_relative
2026-03-01,체리레드,0,google,trend_relative
2026-03-08,체리레드,0,google,trend_relative
2026-03-15,체리레드,0,google,trend_relative
2026-03-22,체리레드,0,google,trend_relative
2026-03-29,체리레드,0,google,trend_relative
2026-04-05,체리레드,0,google,trend_relative
2026-04-12,체리레드,0,google,trend_relative
2026-04-19,체리레드,0,google,trend_relative
2026-04-26,체리레드,0,google,trend_relative
2026-05-03,체리레드,0,google,trend_relative
2026-05-10,체리레드,0,google,trend_relative
2026-05-17,체리레드,0,google,trend_relative
2026-05-24,체리레드,0,google,trend_relative
2026-05-31,체리레드,0,google,trend_relative
2026-06-07,체리레드,0,google,trend_relative
2026-06-14,체리레드,0,google,trend_relative
2026-06-21,체리레드,0,google,trend_relative
2026-06-28,체리레드,0,google,trend_relative
2026-07-05,체리레드,0,google,trend_relative
2026-07-12,체리레드,0,google,trend_relative
2026-07-19,체리레드,0,google,trend_relative
2026-07-26,체리레드,0,google,trend_relative
2026-08-02,체리레드,0,google,trend_relative
2026-08-09,체리레드,0,google,trend_relative
2026-08-16,체리레드,0,google,trend_relative
2026-08-23,체리레드,0,google,trend_relative
2026-08-30,체리레드,2,google,trend_relative
2026-09-06,체리레드,2,google,trend_relative
2026-09-13,체리레드,2,google,trend_relative
2025-09-14,체리핑크,0,google,trend_relative
2025-09-21,체리핑크,0,google,trend_relative
2025-09-28,체리핑크,0,google,trend_relative
2025-10-05,체리핑크,0,google,trend_relative
2025-10-12,체리핑크,0,google,trend_relative
2025-10-19,체리핑크,0,google,trend_relative
2025-10-26,체리핑크,0,google,trend_relative
2025-11-02,체리핑크,0,google,trend_relative
2025-11-09,체리핑크,0,google,trend_relative
2025-11-16,체리핑크,0,google,trend_relative
2025-11-23,체리핑크,0,google,trend_relative
2025-11-30,체리핑크,0,google,trend_relative
2025-12-07,체리핑크,0,google,trend_relative
2025-12-14,체리핑크,0,google,trend_relative
2025-12-21,체리핑크,0,google,trend_relative
2025-12-28,체리핑크,0,google,trend_relative
2026-01-04,체리핑크,0,google,trend_relative
2026-01-11,체리핑크,0,google,trend_relative
2026-01-18,체리핑크,0,google,trend_relative
2026-01-25,체리핑크,0,google,trend_relative
2026-02-01,체리핑크,0,google,trend_relative
2026-02-08,체리핑크,0,google,trend_relative
2026-02-15,체리핑크,0,google,trend_relative
2026-02-22,체리핑크,0,google,trend_relative
2026-03-01,체리핑크,0,google,trend_relative
2026-03-08,체리핑크,0,google,trend_relative
2026-03-15,체리핑크,0,google,trend_relative
2026-03-22,체리핑크,0,google,trend_relative
2026-03-29,체리핑크,0,google,trend_relative
2026-04-05,체리핑크,0,google,trend_relative
2026-04-12,체리핑크,0,google,trend_relative
2026-04-19,체리핑크,0,google,trend_relative
2026-04-26,체리핑크,0,google,trend_relative
2026-05-03,체리핑크,0,google,trend_relative
2026-05-10,체리핑크,0,google,trend_relative
2026-05-17,체리핑크,0,google,trend_relative
2026-05-24,체리핑크,0,google,trend_relative
2026-05-31,체리핑크,0,google,trend_relative
2026-06-07,체리핑크,0,google,trend_relative
2026-06-14,체리핑크,0,google,trend_relative
2026-06-21,체리핑크,0,google,trend_relative
2026-06-28,체리핑크,0,google,trend_relative
2026-07-05,체리핑크,0,google,trend_relative
2026-07-12,체리핑크,0,google,trend_relative
2026-07-19,체리핑크,0,google,trend_relative
2026-07-26,체리핑크,0,google,trend_relative
2026-08-02,체리핑크,0,google,trend_relative
2026-08-09,체리핑크,0,google,trend_relative
2026-08-16,체리핑크,0,google,trend_relative
2026-08-23,체리핑크,0,google,trend_relative
2026-08-30,체리핑크,1,google,trend_relative
2026-09-06,체리핑크,1,google,trend_relative
2026-09-13,체리핑크,0,google,trend_relative
2025-09-14,레몬옐로우,0,google,trend_relative
2025-09-21,레몬옐로우,0,google,trend_relative
2025-09-28,레몬옐로우,0,google,trend_relative
2025-10-05,레몬옐로우,0,google,trend_relative
2025-10-12,레몬옐로우,0,google,trend_relative
2025-10-19,레몬옐로우,0,google,trend_relative
2025-10-26,레몬옐로우,0,google,trend_relative
2025-11-02,레몬옐로우,0,google,trend_relative
2025-11-09,레몬옐로우,0,google,trend_relative
2025-11-16,레몬옐로우,0,google,trend_relative
2025-11-23,레몬옐로우,0,google,trend_relative
2025-11-30,레몬옐로우,0,google,trend_relative
2025-12-07,레몬옐로우,0,google,trend_relative
2025-12-14,레몬옐로우,0,google,trend_relative
2025-12-21,레몬옐로우,100,google,trend_relative
2025-12-28,레몬옐로우,0,google,trend_relative
2026-01-04,레몬옐로우,0,google,trend_relative
2026-01-11,레몬옐로우,0,google,trend_relative
2026-01-18,레몬옐로우,0,google,trend_relative
2026-01-25,레몬옐로우,0,google,trend_relative
2026-02-01,레몬옐로우,0,google,trend_relative
2026-02-08,레몬옐로우,0,google,trend_relative
2026-02-15,레몬옐로우,0,google,trend_relative
2026-02-22,레몬옐로우,0,google,trend_relative
2026-03-01,레몬옐로우,0,google,trend_relative
2026-03-08,레몬옐로우,0,google,trend_relative
2026-03-15,레몬옐로우,0,google,trend_relative
2026-03-22,레몬옐로우,0,google,trend_relative
2026-03-29,레몬옐로우,0,google,trend_relative
2026-04-05,레몬옐로우,0,google,trend_relative
2026-04-12,레몬옐로우,0,google,trend_relative
2026-04-19,레몬옐로우,0,google,trend_relative
2026-04-26,레몬옐로우,0,google,trend_relative
2026-05-03,레몬옐로우,0,google,trend_relative
2026-05-10,레몬옐로우,0,google,trend_relative
2026-05-17,레몬옐로우,0,google,trend_relative
2026-05-24,레몬옐로우,0,google,trend_relative
2026-05-31,레몬옐로우,0,google,trend_relative
2026-06-07,레몬옐로우,0,google,trend_relative
2026-06-14,레몬옐로우,0,google,trend_relative
2026-06-21,레몬옐로우,0,google,trend_relative
2026-06-28,레몬옐로우,0,google,trend_relative
2026-07-05,레몬옐로우,0,google,trend_relative
2026-07-12,레몬옐로우,0,google,trend_relative
2026-07-19,레몬옐로우,0,google,trend_relative
2026-07-26,레몬옐로우,0,google,trend_relative
2026-08-02,레몬옐로우,0,google,trend_relative
2026-08-09,레몬옐로우,0,google,trend_relative
2026-08-16,레몬옐로우,0,google,trend_relative
2026-08-23,레몬옐로우,0,google,trend_relative
2026-08-30,레몬옐로우,0,google,trend_relative
2026-09-06,레몬옐로우,8,google,trend_relative
2026-09-13,레몬옐로우,0,google,trend_relative
2025-09-14,선셋오렌지,0,google,trend_relative
2025-09-21,선셋오렌지,0,google,trend_relative
2025-09-28,선셋오렌지,0,google,trend_relative
2025-10-05,선셋오렌지,0,google,trend_relative
2025-10-12,선셋오렌지,0,google,trend_relative
2025-10-19,선셋오렌지,0,google,trend_relative
2025-10-26,선셋오렌지,0,google,trend_relative
2025-11-02,선셋오렌지,0,google,trend_relative
2025-11-09,선셋오렌지,0,google,trend_relative
2025-11-16,선셋오렌지,0,google,trend_relative
2025-11-23,선셋오렌지,0,google,trend_relative
2025-11-30,선셋오렌지,0,google,trend_relative
2025-12-07,선셋오렌지,0,google,trend_relative
2025-12-14,선셋오렌지,0,google,trend_relative
2025-12-21,선셋오렌지,0,google,trend_relative
2025-12-28,선셋오렌지,0,google,trend_relative
2026-01-04,선셋오렌지,0,google,trend_relative
2026-01-11,선셋오렌지,0,google,trend_relative
2026-01-18,선셋오렌지,0,google,trend_relative
2026-01-25,선셋오렌지,0,google,trend_relative
2026-02-01,선셋오렌지,0,google,trend_relative
2026-02-08,선셋오렌지,0,google,trend_relative
2026-02-15,선셋오렌지,0,google,trend_relative
2026-02-22,선셋오렌지,0,google,trend_relative
2026-03-01,선셋오렌지,0,google,trend_relative
2026-03-08,선셋오렌지,0,google,trend_relative
2026-03-15,선셋오렌지,0,google,trend_relative
2026-03-22,선셋오렌지,0,google,trend_relative
2026-03-29,선셋오렌지,0,google,trend_relative
2026-04-05,선셋오렌지,0,google,trend_relative
2026-04-12,선셋오렌지,0,google,trend_relative
2026-04-19,선셋오렌지,0,google,trend_relative
2026-04-26,선셋오렌지,0,google,trend_relative
2026-05-03,선셋오렌지,0,google,trend_relative
2026-05-10,선셋오렌지,0,google,trend_relative
2026-05-17,선셋오렌지,0,google,trend_relative
2026-05-24,선셋오렌지,0,google,trend_relative
2026-05-31,선셋오렌지,0,google,trend_relative
2026-06-07,선셋오렌지,0,google,trend_relative
2026-06-14,선셋오렌지,0,google,trend_relative
2026-06-21,선셋오렌지,0,google,trend_relative
2026-06-28,선셋오렌지,0,google,trend_relative
2026-07-05,선셋오렌지,0,google,trend_relative
2026-07-12,선셋오렌지,0,google,trend_relative
2026-07-19,선셋오렌지,0,google,trend_relative
2026-07-26,선셋오렌지,0,google,trend_relative
2026-08-02,선셋오렌지,0,google,trend_relative
2026-08-09,선셋오렌지,0,google,trend_relative
2026-08-16,선셋오렌지,0,google,trend_relative
2026-08-23,선셋오렌지,0,google,trend_relative
2026-08-30,선셋오렌지,0,google,trend_relative
2026-09-06,선셋오렌지,0,google,trend_relative
2026-09-13,선셋오렌지,0,google,trend_relative
2025-09-14,토마토레드,0,google,trend_relative
2025-09-21,토마토레드,0,google,trend_relative
2025-09-28,토마토레드,0,google,trend_relative
2025-10-05,토마토레드,0,google,trend_relative
2025-10-12,토마토레드,0,google,trend_relative
2025-10-19,토마토레드,0,google,trend_relative
2025-10-26,토마토레드,0,google,trend_relative
2025-11-02,토마토레드,0,google,trend_relative
2025-11-09,토마토레드,0,google,trend_relative
2025-11-16,토마토레드,0,google,trend_relative
2025-11-23,토마토레드,0,google,trend_relative
2025-11-30,토마토레드,0,google,trend_relative
2025-12-07,토마토레드,0,google,trend_relative
2025-12-14,토마토레드,0,google,trend_relative
2025-12-21,토마토레드,0,google,trend_relative
2025-12-28,토마토레드,0,google,trend_relative
2026-01-04,토마토레드,0,google,trend_relative
2026-01-11,토마토레드,0,google,trend_relative
2026-01-18,토마토레드,0,google,trend_relative
2026-01-25,토마토레드,0,google,trend_relative
2026-02-01,토마토레드,0,google,trend_relative
2026-02-08,토마토레드,0,google,trend_relative
2026-02-15,토마토레드,0,google,trend_relative
2026-02-22,토마토레드,0,google,trend_relative
2026-03-01,토마토레드,0,google,trend_relative
2026-03-08,토마토레드,0,google,trend_relative
2026-03-15,토마토레드,0,google,trend_relative
2026-03-22,토마토레드,0,google,trend_relative
2026-03-29,토마토레드,0,google,trend_relative
2026-04-05,토마토레드,0,google,trend_relative
2026-04-12,토마토레드,0,google,trend_relative
2026-04-19,토마토레드,0,google,trend_relative
2026-04-26,토마토레드,0,google,trend_relative
2026-05-03,토마토레드,0,google,trend_relative
2026-05-10,토마토레드,0,google,trend_relative
2026-05-17,토마토레드,0,google,trend_relative
2026-05-24,토마토레드,0,google,trend_relative
2026-05-31,토마토레드,0,google,trend_relative
2026-06-07,토마토레드,0,google,trend_relative
2026-06-14,토마토레드,0,google,trend_relative
2026-06-21,토마토레드,0,google,trend_relative
2026-06-28,토마토레드,0,google,trend_relative
2026-07-05,토마토레드,0,google,trend_relative
2026-07-12,토마토레드,0,google,trend_relative
2026-07-19,토마토레드,0,google,trend_relative
2026-07-26,토마토레드,0,google,trend_relative
2026-08-02,토마토레드,0,google,trend_relative
2026-08-09,토마토레드,0,google,trend_relative
2026-08-16,토마토레드,0,google,trend_relative
2026-08-23,토마토레드,0,google,trend_relative
2026-08-30,토마토레드,19,google,trend_relative
2026-09-06,토마토레드,14,google,trend_relative
2026-09-13,토마토레드,0,google,trend_relative
2025-09-14,워터멜론핑크,0,google,trend_relative
2025-09-21,워터멜론핑크,0,google,trend_relative
2025-09-28,워터멜론핑크,0,google,trend_relative
2025-10-05,워터멜론핑크,0,google,trend_relative
2025-10-12,워터멜론핑크,0,google,trend_relative
2025-10-19,워터멜론핑크,0,google,trend_relative
2025-10-26,워터멜론핑크,0,google,trend_relative
2025-11-02,워터멜론핑크,0,google,trend_relative
2025-11-09,워터멜론핑크,0,google,trend_relative
2025-11-16,워터멜론핑크,0,google,trend_relative
2025-11-23,워터멜론핑크,0,google,trend_relative
2025-11-30,워터멜론핑크,0,google,trend_relative
2025-12-07,워터멜론핑크,0,google,trend_relative
2025-12-14,워터멜론핑크,0,google,trend_relative
2025-12-21,워터멜론핑크,0,google,trend_relative
2025-12-28,워터멜론핑크,0,google,trend_relative
2026-01-04,워터멜론핑크,0,google,trend_relative
2026-01-11,워터멜론핑크,0,google,trend_relative
2026-01-18,워터멜론핑크,0,google,trend_relative
2026-01-25,워터멜론핑크,0,google,trend_relative
2026-02-01,워터멜론핑크,0,google,trend_relative
2026-02-08,워터멜론핑크,0,google,trend_relative
2026-02-15,워터멜론핑크,0,google,trend_relative
2026-02-22,워터멜론핑크,0,google,trend_relative
2026-03-01,워터멜론핑크,0,google,trend_relative
2026-03-08,워터멜론핑크,0,google,trend_relative
2026-03-15,워터멜론핑크,0,google,trend_relative
2026-03-22,워터멜론핑크,0,google,trend_relative
2026-03-29,워터멜론핑크,0,google,trend_relative
2026-04-05,워터멜론핑크,0,google,trend_relative
2026-04-12,워터멜론핑크,0,google,trend_relative
2026-04-19,워터멜론핑크,0,google,trend_relative
2026-04-26,워터멜론핑크,0,google,trend_relative
2026-05-03,워터멜론핑크,0,google,trend_relative
2026-05-10,워터멜론핑크,0,google,trend_relative
2026-05-17,워터멜론핑크,0,google,trend_relative
2026-05-24,워터멜론핑크,0,google,trend_relative
2026-05-31,워터멜론핑크,0,google,trend_relative
2026-06-07,워터멜론핑크,0,google,trend_relative
2026-06-14,워터멜론핑크,0,google,trend_relative
2026-06-21,워터멜론핑크,0,google,trend_relative
2026-06-28,워터멜론핑크,0,google,trend_relative
2026-07-05,워터멜론핑크,0,google,trend_relative
2026-07-12,워터멜론핑크,0,google,trend_relative
2026-07-19,워터멜론핑크,0,google,trend_relative
2026-07-26,워터멜론핑크,0,google,trend_relative
2026-08-02,워터멜론핑크,0,google,trend_relative
2026-08-09,워터멜론핑크,0,google,trend_relative
2026-08-16,워터멜론핑크,0,google,trend_relative
2026-08-23,워터멜론핑크,0,google,trend_relative
2026-08-30,워터멜론핑크,0,google,trend_relative
2026-09-06,워터멜론핑크,0,google,trend_relative
2026-09-13,워터멜론핑크,0,google,trend_relative
2025-09-14,카나리아옐로우,0,google,trend_relative
2025-09-21,카나리아옐로우,0,google,trend_relative
2025-09-28,카나리아옐로우,0,google,trend_relative
2025-10-05,카나리아옐로우,0,google,trend_relative
2025-10-12,카나리아옐로우,0,google,trend_relative
2025-10-19,카나리아옐로우,0,google,trend_relative
2025-10-26,카나리아옐로우,0,google,trend_relative
2025-11-02,카나리아옐로우,0,google,trend_relative
2025-11-09,카나리아옐로우,0,google,trend_relative
2025-11-16,카나리아옐로우,0,google,trend_relative
2025-11-23,카나리아옐로우,0,google,trend_relative
2025-11-30,카나리아옐로우,0,google,trend_relative
2025-12-07,카나리아옐로우,0,google,trend_relative
2025-12-14,카나리아옐로우,0,google,trend_relative
2025-12-21,카나리아옐로우,0,google,trend_relative
2025-12-28,카나리아옐로우,0,google,trend_relative
2026-01-04,카나리아옐로우,0,google,trend_relative
2026-01-11,카나리아옐로우,0,google,trend_relative
2026-01-18,카나리아옐로우,0,google,trend_relative
2026-01-25,카나리아옐로우,0,google,trend_relative
2026-02-01,카나리아옐로우,0,google,trend_relative
2026-02-08,카나리아옐로우,0,google,trend_relative
2026-02-15,카나리아옐로우,0,google,trend_relative
2026-02-22,카나리아옐로우,0,google,trend_relative
2026-03-01,카나리아옐로우,0,google,trend_relative
2026-03-08,카나리아옐로우,0,google,trend_relative
2026-03-15,카나리아옐로우,0,google,trend_relative
2026-03-22,카나리아옐로우,0,google,trend_relative
2026-03-29,카나리아옐로우,0,google,trend_relative
2026-04-05,카나리아옐로우,0,google,trend_relative
2026-04-12,카나리아옐로우,0,google,trend_relative
2026-04-19,카나리아옐로우,0,google,trend_relative
2026-04-26,카나리아옐로우,0,google,trend_relative
2026-05-03,카나리아옐로우,0,google,trend_relative
2026-05-10,카나리아옐로우,0,google,trend_relative
2026-05-17,카나리아옐로우,0,google,trend_relative
2026-05-24,카나리아옐로우,0,google,trend_relative
2026-05-31,카나리아옐로우,0,google,trend_relative
2026-06-07,카나리아옐로우,0,google,trend_relative
2026-06-14,카나리아옐로우,0,google,trend_relative
2026-06-21,카나리아옐로우,0,google,trend_relative
2026-06-28,카나리아옐로우,0,google,trend_relative
2026-07-05,카나리아옐로우,0,google,trend_relative
2026-07-12,카나리아옐로우,0,google,trend_relative
2026-07-19,카나리아옐로우,0,google,trend_relative
2026-07-26,카나리아옐로우,0,google,trend_relative
2026-08-02,카나리아옐로우,0,google,trend_relative
2026-08-09,카나리아옐로우,0,google,trend_relative
2026-08-16,카나리아옐로우,0,google,trend_relative
2026-08-23,카나리아옐로우,0,google,trend_relative
2026-08-30,카나리아옐로우,0,google,trend_relative
2026-09-06,카나리아옐로우,0,google,trend_relative
2026-09-13,카나리아옐로우,0,google,trend_relative
2025-09-14,살몬,1,google,trend_relative
2025-09-21,살몬,0,google,trend_relative
2025-09-28,살몬,2,google,trend_relative
2025-10-05,살몬,1,google,trend_relative
2025-10-12,살몬,1,google,trend_relative
2025-10-19,살몬,2,google,trend_relative
2025-10-26,살몬,1,google,trend_relative
2025-11-02,살몬,2,google,trend_relative
2025-11-09,살몬,1,google,trend_relative
2025-11-16,살몬,1,google,trend_relative
2025-11-23,살몬,1,google,trend_relative
2025-11-30,살몬,2,google,trend_relative
2025-12-07,살몬,1,google,trend_relative
2025-12-14,살몬,1,google,trend_relative
2025-12-21,살몬,1,google,trend_relative
2025-12-28,살몬,1,google,trend_relative
2026-01-04,살몬,1,google,trend_relative
2026-01-11,살몬,0,google,trend_relative
2026-01-18,살몬,1,google,trend_relative
2026-01-25,살몬,1,google,trend_relative
2026-02-01,살몬,2,google,trend_relative
2026-02-08,살몬,1,google,trend_relative
2026-02-15,살몬,1,google,trend_relative
2026-02-22,살몬,1,google,trend_relative
2026-03-01,살몬,1,google,trend_relative
2026-03-08,살몬,1,google,trend_relative
2026-03-15,살몬,1,google,trend_relative
2026-03-22,살몬,2,google,trend_relative
2026-03-29,살몬,1,google,trend_relative
2026-04-05,살몬,1,google,trend_relative
2026-04-12,살몬,1,google,trend_relative
2026-04-19,살몬,1,google,trend_relative
2026-04-26,살몬,1,google,trend_relative
2026-05-03,살몬,1,google,trend_relative
2026-05-10,살몬,1,google,trend_relative
2026-05-17,살몬,1,google,trend_relative
2026-05-24,살몬,1,google,trend_relative
2026-05-31,살몬,1,google,trend_relative
2026-06-07,살몬,0,google,trend_relative
2026-06-14,살몬,1,google,trend_relative
2026-06-21,살몬,1,google,trend_relative
2026-06-28,살몬,1,google,trend_relative
2026-07-05,살몬,1,google,trend_relative
2026-07-12,살몬,1,google,trend_relative
2026-07-19,살몬,0,google,trend_relative
2026-07-26,살몬,1,google,trend_relative
2026-08-02,살몬,1,google,trend_relative
2026-08-09,살몬,1,google,trend_relative
2026-08-16,살몬,1,google,trend_relative
2026-08-23,살몬,1,google,trend_relative
2026-08-30,살몬,1,google,trend_relative
2026-09-06,살몬,1,google,trend_relative
2026-09-13,살몬,1,google,trend_relative
2025-09-14,피치,29,google,trend_relative
2025-09-21,피치,27,google,trend_relative
2025-09-28,피치,26,google,trend_relative
2025-10-05,피치,26,google,trend_relative
2025-10-12,피치,26,google,trend_relative
2025-10-19,피치,25,google,trend_relative
2025-10-26,피치,26,google,trend_relative
2025-11-02,피치,25,google,trend_relative
2025-11-09,피치,27,google,trend_relative
2025-11-16,피치,26,google,trend_relative
2025-11-23,피치,27,google,trend_relative
2025-11-30,피치,25,google,trend_relative
2025-12-07,피치,27,google,trend_relative
2025-12-14,피치,25,google,trend_relative
2025-12-21,피치,26,google,trend_relative
2025-12-28,피치,28,google,trend_relative
2026-01-04,피치,25,google,trend_relative
2026-01-11,피치,26,google,trend_relative
2026-01-18,피치,26,google,trend_relative
2026-01-25,피치,25,google,trend_relative
2026-02-01,피치,26,google,trend_relative
2026-02-08,피치,22,google,trend_relative
2026-02-15,피치,22,google,trend_relative
2026-02-22,피치,28,google,trend_relative
2026-03-01,피치,100,google,trend_relative
2026-03-08,피치,28,google,trend_relative
2026-03-15,피치,30,google,trend_relative
2026-03-22,피치,29,google,trend_relative
2026-03-29,피치,29,google,trend_relative
2026-04-05,피치,23,google,trend_relative
2026-04-12,피치,25,google,trend_relative
2026-04-19,피치,24,google,trend_relative
2026-04-26,피치,26,google,trend_relative
2026-05-03,피치,27,google,trend_relative
2026-05-10,피치,25,google,trend_relative
2026-05-17,피치,25,google,trend_relative
2026-05-24,피치,23,google,trend_relative
2026-05-31,피치,24,google,trend_relative
2026-06-07,피치,24,google,trend_relative
2026-06-14,피치,25,google,trend_relative
2026-06-21,피치,22,google,trend_relative
2026-06-28,피치,24,google,trend_relative
2026-07-05,피치,24,google,trend_relative
2026-07-12,피치,23,google,trend_relative
2026-07-19,피치,23,google,trend_relative
2026-07-26,피치,22,google,trend_relative
2026-08-02,피치,21,google,trend_relative
2026-08-09,피치,21,google,trend_relative
2026-08-16,피치,23,google,trend_relative
2026-08-23,피치,23,google,trend_relative
2026-08-30,피치,23,google,trend_relative
2026-09-06,피치,22,google,trend_relative
2026-09-13,피치,24,google,trend_relative
2025-09-14,라벤더,6,google,trend_relative
2025-09-21,라벤더,6,google,trend_relative
2025-09-28,라벤더,6,google,trend_relative
2025-10-05,라벤더,6,google,trend_relative
2025-10-12,라벤더,5,google,trend_relative
2025-10-19,라벤더,5,google,trend_relative
2025-10-26,라벤더,6,google,trend_relative
2025-11-02,라벤더,6,google,trend_relative
2025-11-09,라벤더,5,google,trend_relative
2025-11-16,라벤더,6,google,trend_relative
2025-11-23,라벤더,4,google,trend_relative
2025-11-30,라벤더,5,google,trend_relative
2025-12-07,라벤더,4,google,trend_relative
2025-12-14,라벤더,4,google,trend_relative
2025-12-21,라벤더,5,google,trend_relative
2025-12-28,라벤더,5,google,trend_relative
2026-01-04,라벤더,5,google,trend_relative
2026-01-11,라벤더,5,google,trend_relative
2026-01-18,라벤더,5,google,trend_relative
2026-01-25,라벤더,5,google,trend_relative
2026-02-01,라벤더,5,google,trend_relative
2026-02-08,라벤더,5,google,trend_relative
2026-02-15,라벤더,5,google,trend_relative
2026-02-22,라벤더,5,google,trend_relative
2026-03-01,라벤더,6,google,trend_relative
2026-03-08,라벤더,5,google,trend_relative
2026-03-15,라벤더,6,google,trend_relative
2026-03-22,라벤더,7,google,trend_relative
2026-03-29,라벤더,7,google,trend_relative
2026-04-05,라벤더,6,google,trend_relative
2026-04-12,라벤더,7,google,trend_relative
2026-04-19,라벤더,6,google,trend_relative
2026-04-26,라벤더,7,google,trend_relative
2026-05-03,라벤더,9,google,trend_relative
2026-05-10,라벤더,10,google,trend_relative
2026-05-17,라벤더,7,google,trend_relative
2026-05-24,라벤더,8,google,trend_relative
2026-05-31,라벤더,12,google,trend_relative
2026-06-07,라벤더,10,google,trend_relative
2026-06-14,라벤더,10,google,trend_relative
2026-06-21,라벤더,9,google,trend_relative
2026-06-28,라벤더,6,google,trend_relative
2026-07-05,라벤더,6,google,trend_relative
2026-07-12,라벤더,6,google,trend_relative
2026-07-19,라벤더,7,google,trend_relative
2026-07-26,라벤더,6,google,trend_relative
2026-08-02,라벤더,5,google,trend_relative
2026-08-09,라벤더,5,google,trend_relative
2026-08-16,라벤더,5,google,trend_relative
2026-08-23,라벤더,5,google,trend_relative
2026-08-30,라벤더,5,google,trend_relative
2026-09-06,라벤더,5,google,trend_relative
2026-09-13,라벤더,6,google,trend_relative
2025-09-14,라일락,4,google,trend_relative
2025-09-21,라일락,5,google,trend_relative
2025-09-28,라일락,4,google,trend_relative
2025-10-05,라일락,5,google,trend_relative
2025-10-12,라일락,4,google,trend_relative
2025-10-19,라일락,4,google,trend_relative
2025-10-26,라일락,5,google,trend_relative
2025-11-02,라일락,3,google,trend_relative
2025-11-09,라일락,4,google,trend_relative
2025-11-16,라일락,5,google,trend_relative
2025-11-23,라일락,4,google,trend_relative
2025-11-30,라일락,5,google,trend_relative
2025-12-07,라일락,4,google,trend_relative
2025-12-14,라일락,4,google,trend_relative
2025-12-21,라일락,4,google,trend_relative
2025-12-28,라일락,5,google,trend_relative
2026-01-04,라일락,4,google,trend_relative
2026-01-11,라일락,5,google,trend_relative
2026-01-18,라일락,4,google,trend_relative
2026-01-25,라일락,5,google,trend_relative
2026-02-01,라일락,5,google,trend_relative
2026-02-08,라일락,4,google,trend_relative
2026-02-15,라일락,4,google,trend_relative
2026-02-22,라일락,5,google,trend_relative
2026-03-01,라일락,4,google,trend_relative
2026-03-08,라일락,4,google,trend_relative
2026-03-15,라일락,4,google,trend_relative
2026-03-22,라일락,6,google,trend_relative
2026-03-29,라일락,6,google,trend_relative
2026-04-05,라일락,7,google,trend_relative
2026-04-12,라일락,11,google,trend_relative
2026-04-19,라일락,8,google,trend_relative
2026-04-26,라일락,7,google,trend_relative
2026-05-03,라일락,7,google,trend_relative
2026-05-10,라일락,5,google,trend_relative
2026-05-17,라일락,5,google,trend_relative
2026-05-24,라일락,4,google,trend_relative
2026-05-31,라일락,4,google,trend_relative
2026-06-07,라일락,5,google,trend_relative
2026-06-14,라일락,4,google,trend_relative
2026-06-21,라일락,4,google,trend_relative
2026-06-28,라일락,4,google,trend_relative
2026-07-05,라일락,3,google,trend_relative
2026-07-12,라일락,4,google,trend_relative
2026-07-19,라일락,3,google,trend_relative
2026-07-26,라일락,4,google,trend_relative
2026-08-02,라일락,4,google,trend_relative
2026-08-09,라일락,4,google,trend_relative
2026-08-16,라일락,3,google,trend_relative
2026-08-23,라일락,4,google,trend_relative
2026-08-30,라일락,4,google,trend_relative
2026-09-06,라일락,4,google,trend_relative
2026-09-13,라일락,5,google,trend_relative
2025-09-14,애프리콧,0,google,trend_relative
2025-09-21,애프리콧,0,google,trend_relative
2025-09-28,애프리콧,0,google,trend_relative
2025-10-05,애프리콧,0,google,trend_relative
2025-10-12,애프리콧,0,google,trend_relative
2025-10-19,애프리콧,0,google,trend_relative
2025-10-26,애프리콧,0,google,trend_relative
2025-11-02,애프리콧,1,google,trend_relative
2025-11-09,애프리콧,0,google,trend_relative
2025-11-16,애프리콧,0,google,trend_relative
2025-11-23,애프리콧,0,google,trend_relative
2025-11-30,애프리콧,1,google,trend_relative
2025-12-07,애프리콧,0,google,trend_relative
2025-12-14,애프리콧,0,google,trend_relative
2025-12-21,애프리콧,0,google,trend_relative
2025-12-28,애프리콧,0,google,trend_relative
2026-01-04,애프리콧,0,google,trend_relative
2026-01-11,애프리콧,0,google,trend_relative
2026-01-18,애프리콧,0,google,trend_relative
2026-01-25,애프리콧,0,google,trend_relative
2026-02-01,애프리콧,0,google,trend_relative
2026-02-08,애프리콧,0,google,trend_relative
2026-02-15,애프리콧,0,google,trend_relative
2026-02-22,애프리콧,1,google,trend_relative
2026-03-01,애프리콧,0,google,trend_relative
2026-03-08,애프리콧,0,google,trend_relative
2026-03-15,애프리콧,0,google,trend_relative
2026-03-22,애프리콧,0,google,trend_relative
2026-03-29,애프리콧,0,google,trend_relative
2026-04-05,애프리콧,0,google,trend_relative
2026-04-12,애프리콧,0,google,trend_relative
2026-04-19,애프리콧,0,google,trend_relative
2026-04-26,애프리콧,0,google,trend_relative
2026-05-03,애프리콧,0,google,trend_relative
2026-05-10,애프리콧,0,google,trend_relative
2026-05-17,애프리콧,0,google,trend_relative
2026-05-24,애프리콧,0,google,trend_relative
2026-05-31,애프리콧,0,google,trend_relative
2026-06-07,애프리콧,0,google,trend_relative
2026-06-14,애프리콧,0,google,trend_relative
2026-06-21,애프리콧,0,google,trend_relative
2026-06-28,애프리콧,0,google,trend_relative
2026-07-05,애프리콧,0,google,trend_relative
2026-07-12,애프리콧,0,google,trend_relative
2026-07-19,애프리콧,0,google,trend_relative
2026-07-26,애프리콧,0,google,trend_relative
2026-08-02,애프리콧,0,google,trend_relative
2026-08-09,애프리콧,0,google,trend_relative
2026-08-16,애프리콧,0,google,trend_relative
2026-08-23,애프리콧,0,google,trend_relative
2026-08-30,애프리콧,0,google,trend_relative
2026-09-06,애프리콧,0,google,trend_relative
2026-09-13,애프리콧,0,google,trend_relative
2025-09-14,페리윙클,78,google,trend_relative
2025-09-21,페리윙클,0,google,trend_relative
2025-09-28,페리윙클,0,google,trend_relative
2025-10-05,페리윙클,0,google,trend_relative
2025-10-12,페리윙클,0,google,trend_relative
2025-10-19,페리윙클,0,google,trend_relative
2025-10-26,페리윙클,0,google,trend_relative
2025-11-02,페리윙클,0,google,trend_relative
2025-11-09,페리윙클,0,google,trend_relative
2025-11-16,페리윙클,0,google,trend_relative
2025-11-23,페리윙클,0,google,trend_relative
2025-11-30,페리윙클,0,google,trend_relative
2025-12-07,페리윙클,0,google,trend_relative
2025-12-14,페리윙클,0,google,trend_relative
2025-12-21,페리윙클,0,google,trend_relative
2025-12-28,페리윙클,0,google,trend_relative
2026-01-04,페리윙클,0,google,trend_relative
2026-01-11,페리윙클,0,google,trend_relative
2026-01-18,페리윙클,0,google,trend_relative
2026-01-25,페리윙클,0,google,trend_relative
2026-02-01,페리윙클,0,google,trend_relative
2026-02-08,페리윙클,0,google,trend_relative
2026-02-15,페리윙클,0,google,trend_relative
2026-02-22,페리윙클,0,google,trend_relative
2026-03-01,페리윙클,0,google,trend_relative
2026-03-08,페리윙클,0,google,trend_relative
2026-03-15,페리윙클,0,google,trend_relative
2026-03-22,페리윙클,0,google,trend_relative
2026-03-29,페리윙클,0,google,trend_relative
2026-04-05,페리윙클,0,google,trend_relative
2026-04-12,페리윙클,0,google,trend_relative
2026-04-19,페리윙클,0,google,trend_relative
2026-04-26,페리윙클,0,google,trend_relative
2026-05-03,페리윙클,0,google,trend_relative
2026-05-10,페리윙클,0,google,trend_relative
2026-05-17,페리윙클,0,google,trend_relative
2026-05-24,페리윙클,0,google,trend_relative
2026-05-31,페리윙클,0,google,trend_relative
2026-06-07,페리윙클,0,google,trend_relative
2026-06-14,페리윙클,0,google,trend_relative
2026-06-21,페리윙클,0,google,trend_relative
2026-06-28,페리윙클,0,google,trend_relative
2026-07-05,페리윙클,0,google,trend_relative
2026-07-12,페리윙클,0,google,trend_relative
2026-07-19,페리윙클,0,google,trend_relative
2026-07-26,페리윙클,0,google,trend_relative
2026-08-02,페리윙클,0,google,trend_relative
2026-08-09,페리윙클,0,google,trend_relative
2026-08-16,페리윙클,0,google,trend_relative
2026-08-23,페리윙클,0,google,trend_relative
2026-08-30,페리윙클,12,google,trend_relative
2026-09-06,페리윙클,18,google,trend_relative
2026-09-13,페리윙클,0,google,trend_relative
2025-09-14,더스티핑크,0,google,trend_relative
2025-09-21,더스티핑크,0,google,trend_relative
2025-09-28,더스티핑크,0,google,trend_relative
2025-10-05,더스티핑크,0,google,trend_relative
2025-10-12,더스티핑크,0,google,trend_relative
2025-10-19,더스티핑크,0,google,trend_relative
2025-10-26,더스티핑크,0,google,trend_relative
2025-11-02,더스티핑크,0,google,trend_relative
2025-11-09,더스티핑크,0,google,trend_relative
2025-11-16,더스티핑크,0,google,trend_relative
2025-11-23,더스티핑크,0,google,trend_relative
2025-11-30,더스티핑크,0,google,trend_relative
2025-12-07,더스티핑크,0,google,trend_relative
2025-12-14,더스티핑크,0,google,trend_relative
2025-12-21,더스티핑크,0,google,trend_relative
2025-12-28,더스티핑크,0,google,trend_relative
2026-01-04,더스티핑크,0,google,trend_relative
2026-01-11,더스티핑크,0,google,trend_relative
2026-01-18,더스티핑크,0,google,trend_relative
2026-01-25,더스티핑크,0,google,trend_relative
2026-02-01,더스티핑크,0,google,trend_relative
2026-02-08,더스티핑크,0,google,trend_relative
2026-02-15,더스티핑크,0,google,trend_relative
2026-02-22,더스티핑크,0,google,trend_relative
2026-03-01,더스티핑크,0,google,trend_relative
2026-03-08,더스티핑크,0,google,trend_relative
2026-03-15,더스티핑크,0,google,trend_relative
2026-03-22,더스티핑크,0,google,trend_relative
2026-03-29,더스티핑크,0,google,trend_relative
2026-04-05,더스티핑크,0,google,trend_relative
2026-04-12,더스티핑크,0,google,trend_relative
2026-04-19,더스티핑크,0,google,trend_relative
2026-04-26,더스티핑크,0,google,trend_relative
2026-05-03,더스티핑크,0,google,trend_relative
2026-05-10,더스티핑크,0,google,trend_relative
2026-05-17,더스티핑크,0,google,trend_relative
2026-05-24,더스티핑크,0,google,trend_relative
2026-05-31,더스티핑크,0,google,trend_relative
2026-06-07,더스티핑크,0,google,trend_relative
2026-06-14,더스티핑크,0,google,trend_relative
2026-06-21,더스티핑크,0,google,trend_relative
2026-06-28,더스티핑크,0,google,trend_relative
2026-07-05,더스티핑크,0,google,trend_relative
2026-07-12,더스티핑크,0,google,trend_relative
2026-07-19,더스티핑크,0,google,trend_relative
2026-07-26,더스티핑크,0,google,trend_relative
2026-08-02,더스티핑크,0,google,trend_relative
2026-08-09,더스티핑크,0,google,trend_relative
2026-08-16,더스티핑크,0,google,trend_relative
2026-08-23,더스티핑크,0,google,trend_relative
2026-08-30,더스티핑크,6,google,trend_relative
2026-09-06,더스티핑크,11,google,trend_relative
2026-09-13,더스티핑크,0,google,trend_relative
2025-09-14,버터옐로우,0,google,trend_relative
2025-09-21,버터옐로우,0,google,trend_relative
2025-09-28,버터옐로우,0,google,trend_relative
2025-10-05,버터옐로우,0,google,trend_relative
2025-10-12,버터옐로우,0,google,trend_relative
2025-10-19,버터옐로우,0,google,trend_relative
2025-10-26,버터옐로우,0,google,trend_relative
2025-11-02,버터옐로우,0,google,trend_relative
2025-11-09,버터옐로우,0,google,trend_relative
2025-11-16,버터옐로우,0,google,trend_relative
2025-11-23,버터옐로우,0,google,trend_relative
2025-11-30,버터옐로우,0,google,trend_relative
2025-12-07,버터옐로우,0,google,trend_relative
2025-12-14,버터옐로우,0,google,trend_relative
2025-12-21,버터옐로우,0,google,trend_relative
2025-12-28,버터옐로우,0,google,trend_relative
2026-01-04,버터옐로우,0,google,trend_relative
2026-01-11,버터옐로우,0,google,trend_relative
2026-01-18,버터옐로우,0,google,trend_relative
2026-01-25,버터옐로우,0,google,trend_relative
2026-02-01,버터옐로우,0,google,trend_relative
2026-02-08,버터옐로우,0,google,trend_relative
2026-02-15,버터옐로우,0,google,trend_relative
2026-02-22,버터옐로우,0,google,trend_relative
2026-03-01,버터옐로우,0,google,trend_relative
2026-03-08,버터옐로우,0,google,trend_relative
2026-03-15,버터옐로우,0,google,trend_relative
2026-03-22,버터옐로우,0,google,trend_relative
2026-03-29,버터옐로우,0,google,trend_relative
2026-04-05,버터옐로우,0,google,trend_relative
2026-04-12,버터옐로우,0,google,trend_relative
2026-04-19,버터옐로우,0,google,trend_relative
2026-04-26,버터옐로우,0,google,trend_relative
2026-05-03,버터옐로우,0,google,trend_relative
2026-05-10,버터옐로우,0,google,trend_relative
2026-05-17,버터옐로우,0,google,trend_relative
2026-05-24,버터옐로우,0,google,trend_relative
2026-05-31,버터옐로우,0,google,trend_relative
2026-06-07,버터옐로우,0,google,trend_relative
2026-06-14,버터옐로우,0,google,trend_relative
2026-06-21,버터옐로우,0,google,trend_relative
2026-06-28,버터옐로우,0,google,trend_relative
2026-07-05,버터옐로우,0,google,trend_relative
2026-07-12,버터옐로우,0,google,trend_relative
2026-07-19,버터옐로우,0,google,trend_relative
2026-07-26,버터옐로우,0,google,trend_relative
2026-08-02,버터옐로우,0,google,trend_relative
2026-08-09,버터옐로우,0,google,trend_relative
2026-08-16,버터옐로우,0,google,trend_relative
2026-08-23,버터옐로우,0,google,trend_relative
2026-08-30,버터옐로우,11,google,trend_relative
2026-09-06,버터옐로우,12,google,trend_relative
2026-09-13,버터옐로우,0,google,trend_relative
2025-09-14,베이비블루,0,google,trend_relative
2025-09-21,베이비블루,0,google,trend_relative
2025-09-28,베이비블루,93,google,trend_relative
2025-10-05,베이비블루,86,google,trend_relative
2025-10-12,베이비블루,0,google,trend_relative
2025-10-19,베이비블루,0,google,trend_relative
2025-10-26,베이비블루,0,google,trend_relative
2025-11-02,베이비블루,0,google,trend_relative
2025-11-09,베이비블루,0,google,trend_relative
2025-11-16,베이비블루,0,google,trend_relative
2025-11-23,베이비블루,0,google,trend_relative
2025-11-30,베이비블루,0,google,trend_relative
2025-12-07,베이비블루,0,google,trend_relative
2025-12-14,베이비블루,0,google,trend_relative
2025-12-21,베이비블루,0,google,trend_relative
2025-12-28,베이비블루,0,google,trend_relative
2026-01-04,베이비블루,88,google,trend_relative
2026-01-11,베이비블루,0,google,trend_relative
2026-01-18,베이비블루,0,google,trend_relative
2026-01-25,베이비블루,0,google,trend_relative
2026-02-01,베이비블루,0,google,trend_relative
2026-02-08,베이비블루,0,google,trend_relative
2026-02-15,베이비블루,0,google,trend_relative
2026-02-22,베이비블루,0,google,trend_relative
2026-03-01,베이비블루,0,google,trend_relative
2026-03-08,베이비블루,0,google,trend_relative
2026-03-15,베이비블루,0,google,trend_relative
2026-03-22,베이비블루,76,google,trend_relative
2026-03-29,베이비블루,0,google,trend_relative
2026-04-05,베이비블루,0,google,trend_relative
2026-04-12,베이비블루,0,google,trend_relative
2026-04-19,베이비블루,0,google,trend_relative
2026-04-26,베이비블루,76,google,trend_relative
2026-05-03,베이비블루,0,google,trend_relative
2026-05-10,베이비블루,90,google,trend_relative
2026-05-17,베이비블루,0,google,trend_relative
2026-05-24,베이비블루,0,google,trend_relative
2026-05-31,베이비블루,0,google,trend_relative
2026-06-07,베이비블루,0,google,trend_relative
2026-06-14,베이비블루,0,google,trend_relative
2026-06-21,베이비블루,0,google,trend_relative
2026-06-28,베이비블루,0,google,trend_relative
2026-07-05,베이비블루,0,google,trend_relative
2026-07-12,베이비블루,0,google,trend_relative
2026-07-19,베이비블루,0,google,trend_relative
2026-07-26,베이비블루,0,google,trend_relative
2026-08-02,베이비블루,0,google,trend_relative
2026-08-09,베이비블루,0,google,trend_relative
2026-08-16,베이비블루,0,google,trend_relative
2026-08-23,베이비블루,0,google,trend_relative
2026-08-30,베이비블루,32,google,trend_relative
2026-09-06,베이비블루,39,google,trend_relative
2026-09-13,베이비블루,42,google,trend_relative
2025-09-14,베이비핑크,0,google,trend_relative
2025-09-21,베이비핑크,0,google,trend_relative
2025-09-28,베이비핑크,0,google,trend_relative
2025-10-05,베이비핑크,0,google,trend_relative
2025-10-12,베이비핑크,0,google,trend_relative
2025-10-19,베이비핑크,0,google,trend_relative
2025-10-26,베이비핑크,0,google,trend_relative
2025-11-02,베이비핑크,0,google,trend_relative
2025-11-09,베이비핑크,0,google,trend_relative
2025-11-16,베이비핑크,0,google,trend_relative
2025-11-23,베이비핑크,0,google,trend_relative
2025-11-30,베이비핑크,0,google,trend_relative
2025-12-07,베이비핑크,0,google,trend_relative
2025-12-14,베이비핑크,0,google,trend_relative
2025-12-21,베이비핑크,0,google,trend_relative
2025-12-28,베이비핑크,0,google,trend_relative
2026-01-04,베이비핑크,0,google,trend_relative
2026-01-11,베이비핑크,0,google,trend_relative
2026-01-18,베이비핑크,0,google,trend_relative
2026-01-25,베이비핑크,0,google,trend_relative
2026-02-01,베이비핑크,0,google,trend_relative
2026-02-08,베이비핑크,75,google,trend_relative
2026-02-15,베이비핑크,0,google,trend_relative
2026-02-22,베이비핑크,93,google,trend_relative
2026-03-01,베이비핑크,0,google,trend_relative
2026-03-08,베이비핑크,0,google,trend_relative
2026-03-15,베이비핑크,0,google,trend_relative
2026-03-22,베이비핑크,0,google,trend_relative
2026-03-29,베이비핑크,0,google,trend_relative
2026-04-05,베이비핑크,0,google,trend_relative
2026-04-12,베이비핑크,0,google,trend_relative
2026-04-19,베이비핑크,0,google,trend_relative
2026-04-26,베이비핑크,0,google,trend_relative
2026-05-03,베이비핑크,0,google,trend_relative
2026-05-10,베이비핑크,0,google,trend_relative
2026-05-17,베이비핑크,0,google,trend_relative
2026-05-24,베이비핑크,0,google,trend_relative
2026-05-31,베이비핑크,0,google,trend_relative
2026-06-07,베이비핑크,89,google,trend_relative
2026-06-14,베이비핑크,0,google,trend_relative
2026-06-21,베이비핑크,0,google,trend_relative
2026-06-28,베이비핑크,0,google,trend_relative
2026-07-05,베이비핑크,63,google,trend_relative
2026-07-12,베이비핑크,0,google,trend_relative
2026-07-19,베이비핑크,0,google,trend_relative
2026-07-26,베이비핑크,75,google,trend_relative
2026-08-02,베이비핑크,94,google,trend_relative
2026-08-09,베이비핑크,0,google,trend_relative
2026-08-16,베이비핑크,100,google,trend_relative
2026-08-23,베이비핑크,0,google,trend_relative
2026-08-30,베이비핑크,35,google,trend_relative
2026-09-06,베이비핑크,36,google,trend_relative
2026-09-13,베이비핑크,0,google,trend_relative
2025-09-14,아이스블루,2,google,trend_relative
2025-09-21,아이스블루,3,google,trend_relative
2025-09-28,아이스블루,3,google,trend_relative
2025-10-05,아이스블루,4,google,trend_relative
2025-10-12,아이스블루,4,google,trend_relative
2025-10-19,아이스블루,3,google,trend_relative
2025-10-26,아이스블루,4,google,trend_relative
2025-11-02,아이스블루,3,google,trend_relative
2025-11-09,아이스블루,0,google,trend_relative
2025-11-16,아이스블루,2,google,trend_relative
2025-11-23,아이스블루,0,google,trend_relative
2025-11-30,아이스블루,4,google,trend_relative
2025-12-07,아이스블루,3,google,trend_relative
2025-12-14,아이스블루,2,google,trend_relative
2025-12-21,아이스블루,3,google,trend_relative
2025-12-28,아이스블루,2,google,trend_relative
2026-01-04,아이스블루,5,google,trend_relative
2026-01-11,아이스블루,0,google,trend_relative
2026-01-18,아이스블루,0,google,trend_relative
2026-01-25,아이스블루,4,google,trend_relative
2026-02-01,아이스블루,4,google,trend_relative
2026-02-08,아이스블루,3,google,trend_relative
2026-02-15,아이스블루,6,google,trend_relative
2026-02-22,아이스블루,6,google,trend_relative
2026-03-01,아이스블루,2,google,trend_relative
2026-03-08,아이스블루,2,google,trend_relative
2026-03-15,아이스블루,4,google,trend_relative
2026-03-22,아이스블루,3,google,trend_relative
2026-03-29,아이스블루,3,google,trend_relative
2026-04-05,아이스블루,2,google,trend_relative
2026-04-12,아이스블루,4,google,trend_relative
2026-04-19,아이스블루,0,google,trend_relative
2026-04-26,아이스블루,2,google,trend_relative
2026-05-03,아이스블루,3,google,trend_relative
2026-05-10,아이스블루,4,google,trend_relative
2026-05-17,아이스블루,3,google,trend_relative
2026-05-24,아이스블루,2,google,trend_relative
2026-05-31,아이스블루,2,google,trend_relative
2026-06-07,아이스블루,2,google,trend_relative
2026-06-14,아이스블루,2,google,trend_relative
2026-06-21,아이스블루,2,google,trend_relative
2026-06-28,아이스블루,2,google,trend_relative
2026-07-05,아이스블루,0,google,trend_relative
2026-07-12,아이스블루,2,google,trend_relative
2026-07-19,아이스블루,2,google,trend_relative
2026-07-26,아이스블루,2,google,trend_relative
2026-08-02,아이스블루,2,google,trend_relative
2026-08-09,아이스블루,2,google,trend_relative
2026-08-16,아이스블루,2,google,trend_relative
2026-08-23,아이스블루,0,google,trend_relative
2026-08-30,아이스블루,2,google,trend_relative
2026-09-06,아이스블루,2,google,trend_relative
2026-09-13,아이스블루,2,google,trend_relative
2025-09-14,모카신,0,google,trend_relative
2025-09-21,모카신,0,google,trend_relative
2025-09-28,모카신,0,google,trend_relative
2025-10-05,모카신,0,google,trend_relative
2025-10-12,모카신,0,google,trend_relative
2025-10-19,모카신,0,google,trend_relative
2025-10-26,모카신,0,google,trend_relative
2025-11-02,모카신,0,google,trend_relative
2025-11-09,모카신,0,google,trend_relative
2025-11-16,모카신,0,google,trend_relative
2025-11-23,모카신,0,google,trend_relative
2025-11-30,모카신,0,google,trend_relative
2025-12-07,모카신,0,google,trend_relative
2025-12-14,모카신,0,google,trend_relative
2025-12-21,모카신,0,google,trend_relative
2025-12-28,모카신,0,google,trend_relative
2026-01-04,모카신,0,google,trend_relative
2026-01-11,모카신,0,google,trend_relative
2026-01-18,모카신,0,google,trend_relative
2026-01-25,모카신,0,google,trend_relative
2026-02-01,모카신,0,google,trend_relative
2026-02-08,모카신,0,google,trend_relative
2026-02-15,모카신,0,google,trend_relative
2026-02-22,모카신,0,google,trend_relative
2026-03-01,모카신,0,google,trend_relative
2026-03-08,모카신,0,google,trend_relative
2026-03-15,모카신,0,google,trend_relative
2026-03-22,모카신,0,google,trend_relative
2026-03-29,모카신,0,google,trend_relative
2026-04-05,모카신,0,google,trend_relative
2026-04-12,모카신,0,google,trend_relative
2026-04-19,모카신,0,google,trend_relative
2026-04-26,모카신,0,google,trend_relative
2026-05-03,모카신,0,google,trend_relative
2026-05-10,모카신,0,google,trend_relative
2026-05-17,모카신,0,google,trend_relative
2026-05-24,모카신,0,google,trend_relative
2026-05-31,모카신,0,google,trend_relative
2026-06-07,모카신,0,google,trend_relative
2026-06-14,모카신,0,google,trend_relative
2026-06-21,모카신,0,google,trend_relative
2026-06-28,모카신,0,google,trend_relative
2026-07-05,모카신,0,google,trend_relative
2026-07-12,모카신,0,google,trend_relative
2026-07-19,모카신,0,google,trend_relative
2026-07-26,모카신,0,google,trend_relative
2026-08-02,모카신,0,google,trend_relative
2026-08-09,모카신,0,google,trend_relative
2026-08-16,모카신,0,google,trend_relative
2026-08-23,모카신,0,google,trend_relative
2026-08-30,모카신,3,google,trend_relative
2026-09-06,모카신,1,google,trend_relative
2026-09-13,모카신,1,google,trend_relative
2025-09-14,뮬,55,google,trend_relative
2025-09-21,뮬,52,google,trend_relative
2025-09-28,뮬,60,google,trend_relative
2025-10-05,뮬,57,google,trend_relative
2025-10-12,뮬,57,google,trend_relative
2025-10-19,뮬,57,google,trend_relative
2025-10-26,뮬,60,google,trend_relative
2025-11-02,뮬,57,google,trend_relative
2025-11-09,뮬,61,google,trend_relative
2025-11-16,뮬,60,google,trend_relative
2025-11-23,뮬,62,google,trend_relative
2025-11-30,뮬,56,google,trend_relative
2025-12-07,뮬,58,google,trend_relative
2025-12-14,뮬,53,google,trend_relative
2025-12-21,뮬,55,google,trend_relative
2025-12-28,뮬,61,google,trend_relative
2026-01-04,뮬,55,google,trend_relative
2026-01-11,뮬,55,google,trend_relative
2026-01-18,뮬,54,google,trend_relative
2026-01-25,뮬,59,google,trend_relative
2026-02-01,뮬,52,google,trend_relative
2026-02-08,뮬,50,google,trend_relative
2026-02-15,뮬,49,google,trend_relative
2026-02-22,뮬,52,google,trend_relative
2026-03-01,뮬,59,google,trend_relative
2026-03-08,뮬,50,google,trend_relative
2026-03-15,뮬,56,google,trend_relative
2026-03-22,뮬,59,google,trend_relative
2026-03-29,뮬,54,google,trend_relative
2026-04-05,뮬,54,google,trend_relative
2026-04-12,뮬,51,google,trend_relative
2026-04-19,뮬,51,google,trend_relative
2026-04-26,뮬,50,google,trend_relative
2026-05-03,뮬,49,google,trend_relative
2026-05-10,뮬,53,google,trend_relative
2026-05-17,뮬,52,google,trend_relative
2026-05-24,뮬,55,google,trend_relative
2026-05-31,뮬,55,google,trend_relative
2026-06-07,뮬,51,google,trend_relative
2026-06-14,뮬,48,google,trend_relative
2026-06-21,뮬,52,google,trend_relative
2026-06-28,뮬,51,google,trend_relative
2026-07-05,뮬,56,google,trend_relative
2026-07-12,뮬,52,google,trend_relative
2026-07-19,뮬,50,google,trend_relative
2026-07-26,뮬,50,google,trend_relative
2026-08-02,뮬,47,google,trend_relative
2026-08-09,뮬,44,google,trend_relative
2026-08-16,뮬,52,google,trend_relative
2026-08-23,뮬,53,google,trend_relative
2026-08-30,뮬,44,google,trend_relative
2026-09-06,뮬,48,google,trend_relative
2026-09-13,뮬,46,google,trend_relative
2025-09-14,보트슈즈,0,google,trend_relative
2025-09-21,보트슈즈,0,google,trend_relative
2025-09-28,보트슈즈,0,google,trend_relative
2025-10-05,보트슈즈,0,google,trend_relative
2025-10-12,보트슈즈,0,google,trend_relative
2025-10-19,보트슈즈,0,google,trend_relative
2025-10-26,보트슈즈,0,google,trend_relative
2025-11-02,보트슈즈,0,google,trend_relative
2025-11-09,보트슈즈,0,google,trend_relative
2025-11-16,보트슈즈,0,google,trend_relative
2025-11-23,보트슈즈,0,google,trend_relative
2025-11-30,보트슈즈,0,google,trend_relative
2025-12-07,보트슈즈,0,google,trend_relative
2025-12-14,보트슈즈,0,google,trend_relative
2025-12-21,보트슈즈,0,google,trend_relative
2025-12-28,보트슈즈,0,google,trend_relative
2026-01-04,보트슈즈,0,google,trend_relative
2026-01-11,보트슈즈,0,google,trend_relative
2026-01-18,보트슈즈,0,google,trend_relative
2026-01-25,보트슈즈,0,google,trend_relative
2026-02-01,보트슈즈,0,google,trend_relative
2026-02-08,보트슈즈,0,google,trend_relative
2026-02-15,보트슈즈,0,google,trend_relative
2026-02-22,보트슈즈,0,google,trend_relative
2026-03-01,보트슈즈,0,google,trend_relative
2026-03-08,보트슈즈,0,google,trend_relative
2026-03-15,보트슈즈,0,google,trend_relative
2026-03-22,보트슈즈,0,google,trend_relative
2026-03-29,보트슈즈,0,google,trend_relative
2026-04-05,보트슈즈,0,google,trend_relative
2026-04-12,보트슈즈,0,google,trend_relative
2026-04-19,보트슈즈,0,google,trend_relative
2026-04-26,보트슈즈,0,google,trend_relative
2026-05-03,보트슈즈,0,google,trend_relative
2026-05-10,보트슈즈,0,google,trend_relative
2026-05-17,보트슈즈,2,google,trend_relative
2026-05-24,보트슈즈,0,google,trend_relative
2026-05-31,보트슈즈,0,google,trend_relative
2026-06-07,보트슈즈,0,google,trend_relative
2026-06-14,보트슈즈,0,google,trend_relative
2026-06-21,보트슈즈,0,google,trend_relative
2026-06-28,보트슈즈,0,google,trend_relative
2026-07-05,보트슈즈,0,google,trend_relative
2026-07-12,보트슈즈,0,google,trend_relative
2026-07-19,보트슈즈,0,google,trend_relative
2026-07-26,보트슈즈,0,google,trend_relative
2026-08-02,보트슈즈,0,google,trend_relative
2026-08-09,보트슈즈,0,google,trend_relative
2026-08-16,보트슈즈,0,google,trend_relative
2026-08-23,보트슈즈,0,google,trend_relative
2026-08-30,보트슈즈,1,google,trend_relative
2026-09-06,보트슈즈,1,google,trend_relative
2026-09-13,보트슈즈,0,google,trend_relative
2025-09-14,부츠,47,google,trend_relative
2025-09-21,부츠,47,google,trend_relative
2025-09-28,부츠,56,google,trend_relative
2025-10-05,부츠,65,google,trend_relative
2025-10-12,부츠,60,google,trend_relative
2025-10-19,부츠,62,google,trend_relative
2025-10-26,부츠,69,google,trend_relative
2025-11-02,부츠,69,google,trend_relative
2025-11-09,부츠,79,google,trend_relative
2025-11-16,부츠,86,google,trend_relative
2025-11-23,부츠,84,google,trend_relative
2025-11-30,부츠,100,google,trend_relative
2025-12-07,부츠,87,google,trend_relative
2025-12-14,부츠,86,google,trend_relative
2025-12-21,부츠,83,google,trend_relative
2025-12-28,부츠,80,google,trend_relative
2026-01-04,부츠,75,google,trend_relative
2026-01-11,부츠,70,google,trend_relative
2026-01-18,부츠,72,google,trend_relative
2026-01-25,부츠,72,google,trend_relative
2026-02-01,부츠,70,google,trend_relative
2026-02-08,부츠,60,google,trend_relative
2026-02-15,부츠,57,google,trend_relative
2026-02-22,부츠,66,google,trend_relative
2026-03-01,부츠,61,google,trend_relative
2026-03-08,부츠,61,google,trend_relative
2026-03-15,부츠,63,google,trend_relative
2026-03-22,부츠,60,google,trend_relative
2026-03-29,부츠,56,google,trend_relative
2026-04-05,부츠,49,google,trend_relative
2026-04-12,부츠,43,google,trend_relative
2026-04-19,부츠,48,google,trend_relative
2026-04-26,부츠,46,google,trend_relative
2026-05-03,부츠,43,google,trend_relative
2026-05-10,부츠,43,google,trend_relative
2026-05-17,부츠,49,google,trend_relative
2026-05-24,부츠,60,google,trend_relative
2026-05-31,부츠,48,google,trend_relative
2026-06-07,부츠,44,google,trend_relative
2026-06-14,부츠,55,google,trend_relative
2026-06-21,부츠,51,google,trend_relative
2026-06-28,부츠,60,google,trend_relative
2026-07-05,부츠,75,google,trend_relative
2026-07-12,부츠,62,google,trend_relative
2026-07-19,부츠,56,google,trend_relative
2026-07-26,부츠,41,google,trend_relative
2026-08-02,부츠,40,google,trend_relative
2026-08-09,부츠,42,google,trend_relative
2026-08-16,부츠,50,google,trend_relative
2026-08-23,부츠,55,google,trend_relative
2026-08-30,부츠,48,google,trend_relative
2026-09-06,부츠,51,google,trend_relative
2026-09-13,부츠,62,google,trend_relative
2025-09-14,샌들,1,google,trend_relative
2025-09-21,샌들,1,google,trend_relative
2025-09-28,샌들,1,google,trend_relative
2025-10-05,샌들,1,google,trend_relative
2025-10-12,샌들,0,google,trend_relative
2025-10-19,샌들,0,google,trend_relative
2025-10-26,샌들,0,google,trend_relative
2025-11-02,샌들,0,google,trend_relative
2025-11-09,샌들,1,google,trend_relative
2025-11-16,샌들,1,google,trend_relative
2025-11-23,샌들,1,google,trend_relative
2025-11-30,샌들,1,google,trend_relative
2025-12-07,샌들,1,google,trend_relative
2025-12-14,샌들,1,google,trend_relative
2025-12-21,샌들,1,google,trend_relative
2025-12-28,샌들,1,google,trend_relative
2026-01-04,샌들,1,google,trend_relative
2026-01-11,샌들,1,google,trend_relative
2026-01-18,샌들,1,google,trend_relative
2026-01-25,샌들,1,google,trend_relative
2026-02-01,샌들,1,google,trend_relative
2026-02-08,샌들,1,google,trend_relative
2026-02-15,샌들,1,google,trend_relative
2026-02-22,샌들,1,google,trend_relative
2026-03-01,샌들,1,google,trend_relative
2026-03-08,샌들,1,google,trend_relative
2026-03-15,샌들,1,google,trend_relative
2026-03-22,샌들,1,google,trend_relative
2026-03-29,샌들,1,google,trend_relative
2026-04-05,샌들,1,google,trend_relative
2026-04-12,샌들,1,google,trend_relative
2026-04-19,샌들,1,google,trend_relative
2026-04-26,샌들,2,google,trend_relative
2026-05-03,샌들,2,google,trend_relative
2026-05-10,샌들,2,google,trend_relative
2026-05-17,샌들,2,google,trend_relative
2026-05-24,샌들,2,google,trend_relative
2026-05-31,샌들,2,google,trend_relative
2026-06-07,샌들,2,google,trend_relative
2026-06-14,샌들,2,google,trend_relative
2026-06-21,샌들,3,google,trend_relative
2026-06-28,샌들,2,google,trend_relative
2026-07-05,샌들,4,google,trend_relative
2026-07-12,샌들,3,google,trend_relative
2026-07-19,샌들,2,google,trend_relative
2026-07-26,샌들,2,google,trend_relative
2026-08-02,샌들,1,google,trend_relative
2026-08-09,샌들,1,google,trend_relative
2026-08-16,샌들,1,google,trend_relative
2026-08-23,샌들,1,google,trend_relative
2026-08-30,샌들,1,google,trend_relative
2026-09-06,샌들,1,google,trend_relative
2026-09-13,샌들,1,google,trend_relative
2025-09-14,스니커즈,1,google,trend_relative
2025-09-21,스니커즈,1,google,trend_relative
2025-09-28,스니커즈,1,google,trend_relative
2025-10-05,스니커즈,1,google,trend_relative
2025-10-12,스니커즈,1,google,trend_relative
2025-10-19,스니커즈,1,google,trend_relative
2025-10-26,스니커즈,1,google,trend_relative
2025-11-02,스니커즈,1,google,trend_relative
2025-11-09,스니커즈,1,google,trend_relative
2025-11-16,스니커즈,1,google,trend_relative
2025-11-23,스니커즈,1,google,trend_relative
2025-11-30,스니커즈,1,google,trend_relative
2025-12-07,스니커즈,1,google,trend_relative
2025-12-14,스니커즈,1,google,trend_relative
2025-12-21,스니커즈,1,google,trend_relative
2025-12-28,스니커즈,1,google,trend_relative
2026-01-04,스니커즈,1,google,trend_relative
2026-01-11,스니커즈,1,google,trend_relative
2026-01-18,스니커즈,1,google,trend_relative
2026-01-25,스니커즈,1,google,trend_relative
2026-02-01,스니커즈,1,google,trend_relative
2026-02-08,스니커즈,1,google,trend_relative
2026-02-15,스니커즈,1,google,trend_relative
2026-02-22,스니커즈,1,google,trend_relative
2026-03-01,스니커즈,1,google,trend_relative
2026-03-08,스니커즈,1,google,trend_relative
2026-03-15,스니커즈,1,google,trend_relative
2026-03-22,스니커즈,2,google,trend_relative
2026-03-29,스니커즈,1,google,trend_relative
2026-04-05,스니커즈,1,google,trend_relative
2026-04-12,스니커즈,1,google,trend_relative
2026-04-19,스니커즈,1,google,trend_relative
2026-04-26,스니커즈,1,google,trend_relative
2026-05-03,스니커즈,1,google,trend_relative
2026-05-10,스니커즈,1,google,trend_relative
2026-05-17,스니커즈,1,google,trend_relative
2026-05-24,스니커즈,1,google,trend_relative
2026-05-31,스니커즈,1,google,trend_relative
2026-06-07,스니커즈,1,google,trend_relative
2026-06-14,스니커즈,2,google,trend_relative
2026-06-21,스니커즈,1,google,trend_relative
2026-06-28,스니커즈,1,google,trend_relative
2026-07-05,스니커즈,1,google,trend_relative
2026-07-12,스니커즈,1,google,trend_relative
2026-07-19,스니커즈,1,google,trend_relative
2026-07-26,스니커즈,1,google,trend_relative
2026-08-02,스니커즈,1,google,trend_relative
2026-08-09,스니커즈,1,google,trend_relative
2026-08-16,스니커즈,1,google,trend_relative
2026-08-23,스니커즈,1,google,trend_relative
2026-08-30,스니커즈,1,google,trend_relative
2026-09-06,스니커즈,1,google,trend_relative
2026-09-13,스니커즈,1,google,trend_relative
2025-09-14,슬리퍼,2,google,trend_relative
2025-09-21,슬리퍼,2,google,trend_relative
2025-09-28,슬리퍼,2,google,trend_relative
2025-10-05,슬리퍼,2,google,trend_relative
2025-10-12,슬리퍼,2,google,trend_relative
2025-10-19,슬리퍼,2,google,trend_relative
2025-10-26,슬리퍼,2,google,trend_relative
2025-11-02,슬리퍼,2,google,trend_relative
2025-11-09,슬리퍼,2,google,trend_relative
2025-11-16,슬리퍼,2,google,trend_relative
2025-11-23,슬리퍼,2,google,trend_relative
2025-11-30,슬리퍼,2,google,trend_relative
2025-12-07,슬리퍼,2,google,trend_relative
2025-12-14,슬리퍼,2,google,trend_relative
2025-12-21,슬리퍼,2,google,trend_relative
2025-12-28,슬리퍼,2,google,trend_relative
2026-01-04,슬리퍼,2,google,trend_relative
2026-01-11,슬리퍼,2,google,trend_relative
2026-01-18,슬리퍼,2,google,trend_relative
2026-01-25,슬리퍼,2,google,trend_relative
2026-02-01,슬리퍼,2,google,trend_relative
2026-02-08,슬리퍼,1,google,trend_relative
2026-02-15,슬리퍼,1,google,trend_relative
2026-02-22,슬리퍼,2,google,trend_relative
2026-03-01,슬리퍼,2,google,trend_relative
2026-03-08,슬리퍼,2,google,trend_relative
2026-03-15,슬리퍼,2,google,trend_relative
2026-03-22,슬리퍼,2,google,trend_relative
2026-03-29,슬리퍼,2,google,trend_relative
2026-04-05,슬리퍼,2,google,trend_relative
2026-04-12,슬리퍼,2,google,trend_relative
2026-04-19,슬리퍼,2,google,trend_relative
2026-04-26,슬리퍼,2,google,trend_relative
2026-05-03,슬리퍼,2,google,trend_relative
2026-05-10,슬리퍼,2,google,trend_relative
2026-05-17,슬리퍼,2,google,trend_relative
2026-05-24,슬리퍼,2,google,trend_relative
2026-05-31,슬리퍼,2,google,trend_relative
2026-06-07,슬리퍼,2,google,trend_relative
2026-06-14,슬리퍼,2,google,trend_relative
2026-06-21,슬리퍼,2,google,trend_relative
2026-06-28,슬리퍼,2,google,trend_relative
2026-07-05,슬리퍼,2,google,trend_relative
2026-07-12,슬리퍼,2,google,trend_relative
2026-07-19,슬리퍼,2,google,trend_relative
2026-07-26,슬리퍼,2,google,trend_relative
2026-08-02,슬리퍼,2,google,trend_relative
2026-08-09,슬리퍼,2,google,trend_relative
2026-08-16,슬리퍼,2,google,trend_relative
2026-08-23,슬리퍼,2,google,trend_relative
2026-08-30,슬리퍼,2,google,trend_relative
2026-09-06,슬리퍼,2,google,trend_relative
2026-09-13,슬리퍼,2,google,trend_relative
2025-09-14,페스티벌,6,google,trend_relative
2025-09-21,페스티벌,7,google,trend_relative
2025-09-28,페스티벌,5,google,trend_relative
2025-10-05,페스티벌,4,google,trend_relative
2025-10-12,페스티벌,6,google,trend_relative
2025-10-19,페스티벌,6,google,trend_relative
2025-10-26,페스티벌,6,google,trend_relative
2025-11-02,페스티벌,5,google,trend_relative
2025-11-09,페스티벌,4,google,trend_relative
2025-11-16,페스티벌,4,google,trend_relative
2025-11-23,페스티벌,3,google,trend_relative
2025-11-30,페스티벌,3,google,trend_relative
2025-12-07,페스티벌,2,google,trend_relative
2025-12-14,페스티벌,2,google,trend_relative
2025-12-21,페스티벌,2,google,trend_relative
2025-12-28,페스티벌,2,google,trend_relative
2026-01-04,페스티벌,2,google,trend_relative
2026-01-11,페스티벌,2,google,trend_relative
2026-01-18,페스티벌,2,google,trend_relative
2026-01-25,페스티벌,2,google,trend_relative
2026-02-01,페스티벌,2,google,trend_relative
2026-02-08,페스티벌,2,google,trend_relative
2026-02-15,페스티벌,2,google,trend_relative
2026-02-22,페스티벌,3,google,trend_relative
2026-03-01,페스티벌,3,google,trend_relative
2026-03-08,페스티벌,3,google,trend_relative
2026-03-15,페스티벌,3,google,trend_relative
2026-03-22,페스티벌,3,google,trend_relative
2026-03-29,페스티벌,3,google,trend_relative
2026-04-05,페스티벌,3,google,trend_relative
2026-04-12,페스티벌,4,google,trend_relative
2026-04-19,페스티벌,4,google,trend_relative
2026-04-26,페스티벌,5,google,trend_relative
2026-05-03,페스티벌,6,google,trend_relative
2026-05-10,페스티벌,6,google,trend_relative
2026-05-17,페스티벌,6,google,trend_relative
2026-05-24,페스티벌,6,google,trend_relative
2026-05-31,페스티벌,5,google,trend_relative
2026-06-07,페스티벌,8,google,trend_relative
2026-06-14,페스티벌,8,google,trend_relative
2026-06-21,페스티벌,7,google,trend_relative
2026-06-28,페스티벌,10,google,trend_relative
2026-07-05,페스티벌,7,google,trend_relative
2026-07-12,페스티벌,6,google,trend_relative
2026-07-19,페스티벌,6,google,trend_relative
2026-07-26,페스티벌,6,google,trend_relative
2026-08-02,페스티벌,5,google,trend_relative
2026-08-09,페스티벌,5,google,trend_relative
2026-08-16,페스티벌,5,google,trend_relative
2026-08-23,페스티벌,4,google,trend_relative
2026-08-30,페스티벌,5,google,trend_relative
2026-09-06,페스티벌,6,google,trend_relative
2026-09-13,페스티벌,5,google,trend_relative
2025-09-14,크리스마스,3,google,trend_relative
2025-09-21,크리스마스,3,google,trend_relative
2025-09-28,크리스마스,3,google,trend_relative
2025-10-05,크리스마스,3,google,trend_relative
2025-10-12,크리스마스,4,google,trend_relative
2025-10-19,크리스마스,5,google,trend_relative
2025-10-26,크리스마스,7,google,trend_relative
2025-11-02,크리스마스,9,google,trend_relative
2025-11-09,크리스마스,12,google,trend_relative
2025-11-16,크리스마스,18,google,trend_relative
2025-11-23,크리스마스,21,google,trend_relative
2025-11-30,크리스마스,28,google,trend_relative
2025-12-07,크리스마스,36,google,trend_relative
2025-12-14,크리스마스,43,google,trend_relative
2025-12-21,크리스마스,100,google,trend_relative
2025-12-28,크리스마스,12,google,trend_relative
2026-01-04,크리스마스,5,google,trend_relative
2026-01-11,크리스마스,3,google,trend_relative
2026-01-18,크리스마스,3,google,trend_relative
2026-01-25,크리스마스,2,google,trend_relative
2026-02-01,크리스마스,2,google,trend_relative
2026-02-08,크리스마스,2,google,trend_relative
2026-02-15,크리스마스,2,google,trend_relative
2026-02-22,크리스마스,2,google,trend_relative
2026-03-01,크리스마스,2,google,trend_relative
2026-03-08,크리스마스,2,google,trend_relative
2026-03-15,크리스마스,2,google,trend_relative
2026-03-22,크리스마스,2,google,trend_relative
2026-03-29,크리스마스,2,google,trend_relative
2026-04-05,크리스마스,2,google,trend_relative
2026-04-12,크리스마스,1,google,trend_relative
2026-04-19,크리스마스,1,google,trend_relative
2026-04-26,크리스마스,1,google,trend_relative
2026-05-03,크리스마스,2,google,trend_relative
2026-05-10,크리스마스,1,google,trend_relative
2026-05-17,크리스마스,1,google,trend_relative
2026-05-24,크리스마스,1,google,trend_relative
2026-05-31,크리스마스,1,google,trend_relative
2026-06-07,크리스마스,1,google,trend_relative
2026-06-14,크리스마스,1,google,trend_relative
2026-06-21,크리스마스,1,google,trend_relative
2026-06-28,크리스마스,2,google,trend_relative
2026-07-05,크리스마스,2,google,trend_relative
2026-07-12,크리스마스,2,google,trend_relative
2026-07-19,크리스마스,2,google,trend_relative
2026-07-26,크리스마스,2,google,trend_relative
2026-08-02,크리스마스,1,google,trend_relative
2026-08-09,크리스마스,2,google,trend_relative
2026-08-16,크리스마스,2,google,trend_relative
2026-08-23,크리스마스,2,google,trend_relative
2026-08-30,크리스마스,2,google,trend_relative
2026-09-06,크리스마스,2,google,trend_relative
2026-09-13,크리스마스,3,google,trend_relative
2025-09-14,비즈니스 미팅,0,google,trend_relative
2025-09-21,비즈니스 미팅,0,google,trend_relative
2025-09-28,비즈니스 미팅,0,google,trend_relative
2025-10-05,비즈니스 미팅,0,google,trend_relative
2025-10-12,비즈니스 미팅,0,google,trend_relative
2025-10-19,비즈니스 미팅,0,google,trend_relative
2025-10-26,비즈니스 미팅,0,google,trend_relative
2025-11-02,비즈니스 미팅,0,google,trend_relative
2025-11-09,비즈니스 미팅,0,google,trend_relative
2025-11-16,비즈니스 미팅,0,google,trend_relative
2025-11-23,비즈니스 미팅,0,google,trend_relative
2025-11-30,비즈니스 미팅,0,google,trend_relative
2025-12-07,비즈니스 미팅,0,google,trend_relative
2025-12-14,비즈니스 미팅,0,google,trend_relative
2025-12-21,비즈니스 미팅,0,google,trend_relative
2025-12-28,비즈니스 미팅,0,google,trend_relative
2026-01-04,비즈니스 미팅,0,google,trend_relative
2026-01-11,비즈니스 미팅,0,google,trend_relative
2026-01-18,비즈니스 미팅,0,google,trend_relative
2026-01-25,비즈니스 미팅,0,google,trend_relative
2026-02-01,비즈니스 미팅,0,google,trend_relative
2026-02-08,비즈니스 미팅,0,google,trend_relative
2026-02-15,비즈니스 미팅,0,google,trend_relative
2026-02-22,비즈니스 미팅,0,google,trend_relative
2026-03-01,비즈니스 미팅,0,google,trend_relative
2026-03-08,비즈니스 미팅,0,google,trend_relative
2026-03-15,비즈니스 미팅,0,google,trend_relative
2026-03-22,비즈니스 미팅,0,google,trend_relative
2026-03-29,비즈니스 미팅,0,google,trend_relative
2026-04-05,비즈니스 미팅,0,google,trend_relative
2026-04-12,비즈니스 미팅,0,google,trend_relative
2026-04-19,비즈니스 미팅,0,google,trend_relative
2026-04-26,비즈니스 미팅,0,google,trend_relative
2026-05-03,비즈니스 미팅,0,google,trend_relative
2026-05-10,비즈니스 미팅,0,google,trend_relative
2026-05-17,비즈니스 미팅,0,google,trend_relative
2026-05-24,비즈니스 미팅,0,google,trend_relative
2026-05-31,비즈니스 미팅,0,google,trend_relative
2026-06-07,비즈니스 미팅,0,google,trend_relative
2026-06-14,비즈니스 미팅,0,google,trend_relative
2026-06-21,비즈니스 미팅,0,google,trend_relative
2026-06-28,비즈니스 미팅,0,google,trend_relative
2026-07-05,비즈니스 미팅,0,google,trend_relative
2026-07-12,비즈니스 미팅,0,google,trend_relative
2026-07-19,비즈니스 미팅,0,google,trend_relative
2026-07-26,비즈니스 미팅,0,google,trend_relative
2026-08-02,비즈니스 미팅,0,google,trend_relative
2026-08-09,비즈니스 미팅,0,google,trend_relative
2026-08-16,비즈니스 미팅,0,google,trend_relative
2026-08-23,비즈니스 미팅,0,google,trend_relative
2026-08-30,비즈니스 미팅,0,google,trend_relative
2026-09-06,비즈니스 미팅,0,google,trend_relative
2026-09-13,비즈니스 미팅,0,google,trend_relative
2025-09-14,봄,16,google,trend_relative
2025-09-21,봄,17,google,trend_relative
2025-09-28,봄,17,google,trend_relative
2025-10-05,봄,16,google,trend_relative
2025-10-12,봄,17,google,trend_relative
2025-10-19,봄,17,google,trend_relative
2025-10-26,봄,18,google,trend_relative
2025-11-02,봄,15,google,trend_relative
2025-11-09,봄,16,google,trend_relative
2025-11-16,봄,17,google,trend_relative
2025-11-23,봄,17,google,trend_relative
2025-11-30,봄,18,google,trend_relative
2025-12-07,봄,16,google,trend_relative
2025-12-14,봄,17,google,trend_relative
2025-12-21,봄,18,google,trend_relative
2025-12-28,봄,19,google,trend_relative
2026-01-04,봄,17,google,trend_relative
2026-01-11,봄,17,google,trend_relative
2026-01-18,봄,19,google,trend_relative
2026-01-25,봄,20,google,trend_relative
2026-02-01,봄,21,google,trend_relative
2026-02-08,봄,19,google,trend_relative
2026-02-15,봄,25,google,trend_relative
2026-02-22,봄,31,google,trend_relative
2026-03-01,봄,33,google,trend_relative
2026-03-08,봄,35,google,trend_relative
2026-03-15,봄,38,google,trend_relative
2026-03-22,봄,39,google,trend_relative
2026-03-29,봄,42,google,trend_relative
2026-04-05,봄,33,google,trend_relative
2026-04-12,봄,31,google,trend_relative
2026-04-19,봄,28,google,trend_relative
2026-04-26,봄,25,google,trend_relative
2026-05-03,봄,22,google,trend_relative
2026-05-10,봄,20,google,trend_relative
2026-05-17,봄,20,google,trend_relative
2026-05-24,봄,18,google,trend_relative
2026-05-31,봄,16,google,trend_relative
2026-06-07,봄,15,google,trend_relative
2026-06-14,봄,14,google,trend_relative
2026-06-21,봄,14,google,trend_relative
2026-06-28,봄,16,google,trend_relative
2026-07-05,봄,20,google,trend_relative
2026-07-12,봄,18,google,trend_relative
2026-07-19,봄,17,google,trend_relative
2026-07-26,봄,17,google,trend_relative
2026-08-02,봄,15,google,trend_relative
2026-08-09,봄,14,google,trend_relative
2026-08-16,봄,18,google,trend_relative
2026-08-23,봄,15,google,trend_relative
2026-08-30,봄,13,google,trend_relative
2026-09-06,봄,16,google,trend_relative
2026-09-13,봄,17,google,trend_relative
2025-09-14,가을,36,google,trend_relative
2025-09-21,가을,39,google,trend_relative
2025-09-28,가을,45,google,trend_relative
2025-10-05,가을,38,google,trend_relative
2025-10-12,가을,42,google,trend_relative
2025-10-19,가을,43,google,trend_relative
2025-10-26,가을,37,google,trend_relative
2025-11-02,가을,33,google,trend_relative
2025-11-09,가을,29,google,trend_relative
2025-11-16,가을,23,google,trend_relative
2025-11-23,가을,15,google,trend_relative
2025-11-30,가을,11,google,trend_relative
2025-12-07,가을,10,google,trend_relative
2025-12-14,가을,9,google,trend_relative
2025-12-21,가을,9,google,trend_relative
2025-12-28,가을,8,google,trend_relative
2026-01-04,가을,8,google,trend_relative
2026-01-11,가을,8,google,trend_relative
2026-01-18,가을,9,google,trend_relative
2026-01-25,가을,8,google,trend_relative
2026-02-01,가을,8,google,trend_relative
2026-02-08,가을,8,google,trend_relative
2026-02-15,가을,7,google,trend_relative
2026-02-22,가을,9,google,trend_relative
2026-03-01,가을,8,google,trend_relative
2026-03-08,가을,9,google,trend_relative
2026-03-15,가을,9,google,trend_relative
2026-03-22,가을,10,google,trend_relative
2026-03-29,가을,9,google,trend_relative
2026-04-05,가을,9,google,trend_relative
2026-04-12,가을,8,google,trend_relative
2026-04-19,가을,8,google,trend_relative
2026-04-26,가을,8,google,trend_relative
2026-05-03,가을,8,google,trend_relative
2026-05-10,가을,8,google,trend_relative
2026-05-17,가을,8,google,trend_relative
2026-05-24,가을,8,google,trend_relative
2026-05-31,가을,8,google,trend_relative
2026-06-07,가을,8,google,trend_relative
2026-06-14,가을,8,google,trend_relative
2026-06-21,가을,9,google,trend_relative
2026-06-28,가을,9,google,trend_relative
2026-07-05,가을,9,google,trend_relative
2026-07-12,가을,9,google,trend_relative
2026-07-19,가을,10,google,trend_relative
2026-07-26,가을,11,google,trend_relative
2026-08-02,가을,11,google,trend_relative
2026-08-09,가을,14,google,trend_relative
2026-08-16,가을,17,google,trend_relative
2026-08-23,가을,20,google,trend_relative
2026-08-30,가을,24,google,trend_relative
2026-09-06,가을,35,google,trend_relative
2026-09-13,가을,48,google,trend_relative
2025-09-14,겨울,21,google,trend_relative
2025-09-21,겨울,21,google,trend_relative
2025-09-28,겨울,22,google,trend_relative
2025-10-05,겨울,24,google,trend_relative
2025-10-12,겨울,28,google,trend_relative
2025-10-19,겨울,41,google,trend_relative
2025-10-26,겨울,49,google,trend_relative
2025-11-02,겨울,57,google,trend_relative
2025-11-09,겨울,51,google,trend_relative
2025-11-16,겨울,72,google,trend_relative
2025-11-23,겨울,68,google,trend_relative
2025-11-30,겨울,100,google,trend_relative
2025-12-07,겨울,77,google,trend_relative
2025-12-14,겨울,82,google,trend_relative
2025-12-21,겨울,79,google,trend_relative
2025-12-28,겨울,69,google,trend_relative
2026-01-04,겨울,59,google,trend_relative
2026-01-11,겨울,50,google,trend_relative
2026-01-18,겨울,53,google,trend_relative
2026-01-25,겨울,45,google,trend_relative
2026-02-01,겨울,39,google,trend_relative
2026-02-08,겨울,30,google,trend_relative
2026-02-15,겨울,26,google,trend_relative
2026-02-22,겨울,22,google,trend_relative
2026-03-01,겨울,17,google,trend_relative
2026-03-08,겨울,15,google,trend_relative
2026-03-15,겨울,14,google,trend_relative
2026-03-22,겨울,15,google,trend_relative
2026-03-29,겨울,15,google,trend_relative
2026-04-05,겨울,13,google,trend_relative
2026-04-12,겨울,13,google,trend_relative
2026-04-19,겨울,13,google,trend_relative
2026-04-26,겨울,12,google,trend_relative
2026-05-03,겨울,12,google,trend_relative
2026-05-10,겨울,13,google,trend_relative
2026-05-17,겨울,12,google,trend_relative
2026-05-24,겨울,13,google,trend_relative
2026-05-31,겨울,12,google,trend_relative
2026-06-07,겨울,12,google,trend_relative
2026-06-14,겨울,13,google,trend_relative
2026-06-21,겨울,13,google,trend_relative
2026-06-28,겨울,14,google,trend_relative
2026-07-05,겨울,14,google,trend_relative
2026-07-12,겨울,13,google,trend_relative
2026-07-19,겨울,15,google,trend_relative
2026-07-26,겨울,15,google,trend_relative
2026-08-02,겨울,15,google,trend_relative
2026-08-09,겨울,15,google,trend_relative
2026-08-16,겨울,18,google,trend_relative
2026-08-23,겨울,19,google,trend_relative
2026-08-30,겨울,17,google,trend_relative
2026-09-06,겨울,20,google,trend_relative
2026-09-13,겨울,22,google,trend_relative
2025-09-14,아침,20,google,trend_relative
2025-09-21,아침,22,google,trend_relative
2025-09-28,아침,22,google,trend_relative
2025-10-05,아침,23,google,trend_relative
2025-10-12,아침,22,google,trend_relative
2025-10-19,아침,22,google,trend_relative
2025-10-26,아침,22,google,trend_relative
2025-11-02,아침,24,google,trend_relative
2025-11-09,아침,26,google,trend_relative
2025-11-16,아침,24,google,trend_relative
2025-11-23,아침,22,google,trend_relative
2025-11-30,아침,22,google,trend_relative
2025-12-07,아침,22,google,trend_relative
2025-12-14,아침,21,google,trend_relative
2025-12-21,아침,22,google,trend_relative
2025-12-28,아침,24,google,trend_relative
2026-01-04,아침,23,google,trend_relative
2026-01-11,아침,23,google,trend_relative
2026-01-18,아침,23,google,trend_relative
2026-01-25,아침,24,google,trend_relative
2026-02-01,아침,23,google,trend_relative
2026-02-08,아침,20,google,trend_relative
2026-02-15,아침,19,google,trend_relative
2026-02-22,아침,24,google,trend_relative
2026-03-01,아침,26,google,trend_relative
2026-03-08,아침,25,google,trend_relative
2026-03-15,아침,23,google,trend_relative
2026-03-22,아침,25,google,trend_relative
2026-03-29,아침,26,google,trend_relative
2026-04-05,아침,26,google,trend_relative
2026-04-12,아침,23,google,trend_relative
2026-04-19,아침,25,google,trend_relative
2026-04-26,아침,26,google,trend_relative
2026-05-03,아침,24,google,trend_relative
2026-05-10,아침,26,google,trend_relative
2026-05-17,아침,29,google,trend_relative
2026-05-24,아침,24,google,trend_relative
2026-05-31,아침,24,google,trend_relative
2026-06-07,아침,24,google,trend_relative
2026-06-14,아침,26,google,trend_relative
2026-06-21,아침,35,google,trend_relative
2026-06-28,아침,47,google,trend_relative
2026-07-05,아침,24,google,trend_relative
2026-07-12,아침,21,google,trend_relative
2026-07-19,아침,42,google,trend_relative
2026-07-26,아침,23,google,trend_relative
2026-08-02,아침,33,google,trend_relative
2026-08-09,아침,29,google,trend_relative
2026-08-16,아침,31,google,trend_relative
2026-08-23,아침,33,google,trend_relative
2026-08-30,아침,24,google,trend_relative
2026-09-06,아침,27,google,trend_relative
2026-09-13,아침,29,google,trend_relative
2025-09-14,여름,18,google,trend_relative
2025-09-21,여름,17,google,trend_relative
2025-09-28,여름,16,google,trend_relative
2025-10-05,여름,15,google,trend_relative
2025-10-12,여름,13,google,trend_relative
2025-10-19,여름,14,google,trend_relative
2025-10-26,여름,13,google,trend_relative
2025-11-02,여름,13,google,trend_relative
2025-11-09,여름,13,google,trend_relative
2025-11-16,여름,14,google,trend_relative
2025-11-23,여름,13,google,trend_relative
2025-11-30,여름,13,google,trend_relative
2025-12-07,여름,13,google,trend_relative
2025-12-14,여름,15,google,trend_relative
2025-12-21,여름,14,google,trend_relative
2025-12-28,여름,14,google,trend_relative
2026-01-04,여름,13,google,trend_relative
2026-01-11,여름,13,google,trend_relative
2026-01-18,여름,13,google,trend_relative
2026-01-25,여름,14,google,trend_relative
2026-02-01,여름,13,google,trend_relative
2026-02-08,여름,12,google,trend_relative
2026-02-15,여름,14,google,trend_relative
2026-02-22,여름,16,google,trend_relative
2026-03-01,여름,17,google,trend_relative
2026-03-08,여름,16,google,trend_relative
2026-03-15,여름,17,google,trend_relative
2026-03-22,여름,19,google,trend_relative
2026-03-29,여름,20,google,trend_relative
2026-04-05,여름,20,google,trend_relative
2026-04-12,여름,27,google,trend_relative
2026-04-19,여름,25,google,trend_relative
2026-04-26,여름,26,google,trend_relative
2026-05-03,여름,27,google,trend_relative
2026-05-10,여름,39,google,trend_relative
2026-05-17,여름,39,google,trend_relative
2026-05-24,여름,46,google,trend_relative
2026-05-31,여름,50,google,trend_relative
2026-06-07,여름,42,google,trend_relative
2026-06-14,여름,46,google,trend_relative
2026-06-21,여름,49,google,trend_relative
2026-06-28,여름,53,google,trend_relative
2026-07-05,여름,56,google,trend_relative
2026-07-12,여름,55,google,trend_relative
2026-07-19,여름,52,google,trend_relative
2026-07-26,여름,53,google,trend_relative
2026-08-02,여름,52,google,trend_relative
2026-08-09,여름,31,google,trend_relative
2026-08-16,여름,29,google,trend_relative
2026-08-23,여름,31,google,trend_relative
2026-08-30,여름,20,google,trend_relative
2026-09-06,여름,15,google,trend_relative
2026-09-13,여름,16,google,trend_relative
2025-09-14,저녁,9,google,trend_relative
2025-09-21,저녁,9,google,trend_relative
2025-09-28,저녁,9,google,trend_relative
2025-10-05,저녁,9,google,trend_relative
2025-10-12,저녁,9,google,trend_relative
2025-10-19,저녁,9,google,trend_relative
2025-10-26,저녁,9,google,trend_relative
2025-11-02,저녁,10,google,trend_relative
2025-11-09,저녁,12,google,trend_relative
2025-11-16,저녁,10,google,trend_relative
2025-11-23,저녁,10,google,trend_relative
2025-11-30,저녁,10,google,trend_relative
2025-12-07,저녁,11,google,trend_relative
2025-12-14,저녁,11,google,trend_relative
2025-12-21,저녁,10,google,trend_relative
2025-12-28,저녁,10,google,trend_relative
2026-01-04,저녁,10,google,trend_relative
2026-01-11,저녁,11,google,trend_relative
2026-01-18,저녁,10,google,trend_relative
2026-01-25,저녁,9,google,trend_relative
2026-02-01,저녁,9,google,trend_relative
2026-02-08,저녁,8,google,trend_relative
2026-02-15,저녁,8,google,trend_relative
2026-02-22,저녁,11,google,trend_relative
2026-03-01,저녁,11,google,trend_relative
2026-03-08,저녁,11,google,trend_relative
2026-03-15,저녁,11,google,trend_relative
2026-03-22,저녁,11,google,trend_relative
2026-03-29,저녁,12,google,trend_relative
2026-04-05,저녁,10,google,trend_relative
2026-04-12,저녁,11,google,trend_relative
2026-04-19,저녁,11,google,trend_relative
2026-04-26,저녁,11,google,trend_relative
2026-05-03,저녁,12,google,trend_relative
2026-05-10,저녁,13,google,trend_relative
2026-05-17,저녁,11,google,trend_relative
2026-05-24,저녁,12,google,trend_relative
2026-05-31,저녁,12,google,trend_relative
2026-06-07,저녁,12,google,trend_relative
2026-06-14,저녁,11,google,trend_relative
2026-06-21,저녁,13,google,trend_relative
2026-06-28,저녁,14,google,trend_relative
2026-07-05,저녁,14,google,trend_relative
2026-07-12,저녁,12,google,trend_relative
2026-07-19,저녁,13,google,trend_relative
2026-07-26,저녁,12,google,trend_relative
2026-08-02,저녁,11,google,trend_relative
2026-08-09,저녁,10,google,trend_relative
2026-08-16,저녁,11,google,trend_relative
2026-08-23,저녁,11,google,trend_relative
2026-08-30,저녁,11,google,trend_relative
2026-09-06,저녁,12,google,trend_relative
2026-09-13,저녁,12,google,trend_relative
2025-09-14,주말,11,google,trend_relative
2025-09-21,주말,12,google,trend_relative
2025-09-28,주말,8,google,trend_relative
2025-10-05,주말,10,google,trend_relative
2025-10-12,주말,11,google,trend_relative
2025-10-19,주말,13,google,trend_relative
2025-10-26,주말,12,google,trend_relative
2025-11-02,주말,13,google,trend_relative
2025-11-09,주말,13,google,trend_relative
2025-11-16,주말,12,google,trend_relative
2025-11-23,주말,13,google,trend_relative
2025-11-30,주말,13,google,trend_relative
2025-12-07,주말,13,google,trend_relative
2025-12-14,주말,12,google,trend_relative
2025-12-21,주말,11,google,trend_relative
2025-12-28,주말,12,google,trend_relative
2026-01-04,주말,12,google,trend_relative
2026-01-11,주말,12,google,trend_relative
2026-01-18,주말,13,google,trend_relative
2026-01-25,주말,12,google,trend_relative
2026-02-01,주말,12,google,trend_relative
2026-02-08,주말,11,google,trend_relative
2026-02-15,주말,11,google,trend_relative
2026-02-22,주말,15,google,trend_relative
2026-03-01,주말,15,google,trend_relative
2026-03-08,주말,14,google,trend_relative
2026-03-15,주말,14,google,trend_relative
2026-03-22,주말,14,google,trend_relative
2026-03-29,주말,14,google,trend_relative
2026-04-05,주말,12,google,trend_relative
2026-04-12,주말,13,google,trend_relative
2026-04-19,주말,12,google,trend_relative
2026-04-26,주말,12,google,trend_relative
2026-05-03,주말,15,google,trend_relative
2026-05-10,주말,14,google,trend_relative
2026-05-17,주말,14,google,trend_relative
2026-05-24,주말,13,google,trend_relative
2026-05-31,주말,14,google,trend_relative
2026-06-07,주말,13,google,trend_relative
2026-06-14,주말,13,google,trend_relative
2026-06-21,주말,13,google,trend_relative
2026-06-28,주말,15,google,trend_relative
2026-07-05,주말,14,google,trend_relative
2026-07-12,주말,12,google,trend_relative
2026-07-19,주말,12,google,trend_relative
2026-07-26,주말,11,google,trend_relative
2026-08-02,주말,12,google,trend_relative
2026-08-09,주말,11,google,trend_relative
2026-08-16,주말,12,google,trend_relative
2026-08-23,주말,12,google,trend_relative
2026-08-30,주말,11,google,trend_relative
2026-09-06,주말,11,google,trend_relative
2026-09-13,주말,15,google,trend_relative
2025-09-14,평일,2,google,trend_relative
2025-09-21,평일,2,google,trend_relative
2025-09-28,평일,2,google,trend_relative
2025-10-05,평일,2,google,trend_relative
2025-10-12,평일,2,google,trend_relative
2025-10-19,평일,3,google,trend_relative
2025-10-26,평일,3,google,trend_relative
2025-11-02,평일,3,google,trend_relative
2025-11-09,평일,3,google,trend_relative
2025-11-16,평일,3,google,trend_relative
2025-11-23,평일,3,google,trend_relative
2025-11-30,평일,3,google,trend_relative
2025-12-07,평일,3,google,trend_relative
2025-12-14,평일,3,google,trend_relative
2025-12-21,평일,3,google,trend_relative
2025-12-28,평일,3,google,trend_relative
2026-01-04,평일,3,google,trend_relative
2026-01-11,평일,3,google,trend_relative
2026-01-18,평일,3,google,trend_relative
2026-01-25,평일,3,google,trend_relative
2026-02-01,평일,3,google,trend_relative
2026-02-08,평일,3,google,trend_relative
2026-02-15,평일,2,google,trend_relative
2026-02-22,평일,3,google,trend_relative
2026-03-01,평일,3,google,trend_relative
2026-03-08,평일,3,google,trend_relative
2026-03-15,평일,3,google,trend_relative
2026-03-22,평일,3,google,trend_relative
2026-03-29,평일,4,google,trend_relative
2026-04-05,평일,3,google,trend_relative
2026-04-12,평일,3,google,trend_relative
2026-04-19,평일,3,google,trend_relative
2026-04-26,평일,3,google,trend_relative
2026-05-03,평일,4,google,trend_relative
2026-05-10,평일,4,google,trend_relative
2026-05-17,평일,3,google,trend_relative
2026-05-24,평일,4,google,trend_relative
2026-05-31,평일,3,google,trend_relative
2026-06-07,평일,4,google,trend_relative
2026-06-14,평일,3,google,trend_relative
2026-06-21,평일,4,google,trend_relative
2026-06-28,평일,4,google,trend_relative
2026-07-05,평일,4,google,trend_relative
2026-07-12,평일,4,google,trend_relative
2026-07-19,평일,4,google,trend_relative
2026-07-26,평일,3,google,trend_relative
2026-08-02,평일,4,google,trend_relative
2026-08-09,평일,4,google,trend_relative
2026-08-16,평일,4,google,trend_relative
2026-08-23,평일,3,google,trend_relative
2026-08-30,평일,3,google,trend_relative
2026-09-06,평일,3,google,trend_relative
2026-09-13,평일,3,google,trend_relative
2025-09-14,나이트,53,google,trend_relative
2025-09-21,나이트,56,google,trend_relative
2025-09-28,나이트,50,google,trend_relative
2025-10-05,나이트,60,google,trend_relative
2025-10-12,나이트,41,google,trend_relative
2025-10-19,나이트,70,google,trend_relative
2025-10-26,나이트,100,google,trend_relative
2025-11-02,나이트,62,google,trend_relative
2025-11-09,나이트,46,google,trend_relative
2025-11-16,나이트,37,google,trend_relative
2025-11-23,나이트,37,google,trend_relative
2025-11-30,나이트,34,google,trend_relative
2025-12-07,나이트,42,google,trend_relative
2025-12-14,나이트,39,google,trend_relative
2025-12-21,나이트,40,google,trend_relative
2025-12-28,나이트,39,google,trend_relative
2026-01-04,나이트,35,google,trend_relative
2026-01-11,나이트,31,google,trend_relative
2026-01-18,나이트,31,google,trend_relative
2026-01-25,나이트,32,google,trend_relative
2026-02-01,나이트,32,google,trend_relative
2026-02-08,나이트,29,google,trend_relative
2026-02-15,나이트,33,google,trend_relative
2026-02-22,나이트,31,google,trend_relative
2026-03-01,나이트,31,google,trend_relative
2026-03-08,나이트,27,google,trend_relative
2026-03-15,나이트,28,google,trend_relative
2026-03-22,나이트,28,google,trend_relative
2026-03-29,나이트,25,google,trend_relative
2026-04-05,나이트,24,google,trend_relative
2026-04-12,나이트,24,google,trend_relative
2026-04-19,나이트,25,google,trend_relative
2026-04-26,나이트,26,google,trend_relative
2026-05-03,나이트,27,google,trend_relative
2026-05-10,나이트,26,google,trend_relative
2026-05-17,나이트,27,google,trend_relative
2026-05-24,나이트,28,google,trend_relative
2026-05-31,나이트,28,google,trend_relative
2026-06-07,나이트,27,google,trend_relative
2026-06-14,나이트,27,google,trend_relative
2026-06-21,나이트,26,google,trend_relative
2026-06-28,나이트,25,google,trend_relative
2026-07-05,나이트,25,google,trend_relative
2026-07-12,나이트,30,google,trend_relative
2026-07-19,나이트,32,google,trend_relative
2026-07-26,나이트,33,google,trend_relative
2026-08-02,나이트,29,google,trend_relative
2026-08-09,나이트,25,google,trend_relative
2026-08-16,나이트,31,google,trend_relative
2026-08-23,나이트,28,google,trend_relative
2026-08-30,나이트,25,google,trend_relative
2026-09-06,나이트,26,google,trend_relative
2026-09-13,나이트,26,google,trend_relative
2025-09-14,데일리,8,google,trend_relative
2025-09-21,데일리,8,google,trend_relative
2025-09-28,데일리,8,google,trend_relative
2025-10-05,데일리,7,google,trend_relative
2025-10-12,데일리,8,google,trend_relative
2025-10-19,데일리,8,google,trend_relative
2025-10-26,데일리,9,google,trend_relative
2025-11-02,데일리,9,google,trend_relative
2025-11-09,데일리,10,google,trend_relative
2025-11-16,데일리,10,google,trend_relative
2025-11-23,데일리,9,google,trend_relative
2025-11-30,데일리,9,google,trend_relative
2025-12-07,데일리,9,google,trend_relative
2025-12-14,데일리,9,google,trend_relative
2025-12-21,데일리,9,google,trend_relative
2025-12-28,데일리,9,google,trend_relative
2026-01-04,데일리,9,google,trend_relative
2026-01-11,데일리,9,google,trend_relative
2026-01-18,데일리,9,google,trend_relative
2026-01-25,데일리,9,google,trend_relative
2026-02-01,데일리,9,google,trend_relative
2026-02-08,데일리,9,google,trend_relative
2026-02-15,데일리,8,google,trend_relative
2026-02-22,데일리,10,google,trend_relative
2026-03-01,데일리,9,google,trend_relative
2026-03-08,데일리,10,google,trend_relative
2026-03-15,데일리,10,google,trend_relative
2026-03-22,데일리,9,google,trend_relative
2026-03-29,데일리,10,google,trend_relative
2026-04-05,데일리,8,google,trend_relative
2026-04-12,데일리,9,google,trend_relative
2026-04-19,데일리,9,google,trend_relative
2026-04-26,데일리,8,google,trend_relative
2026-05-03,데일리,9,google,trend_relative
2026-05-10,데일리,9,google,trend_relative
2026-05-17,데일리,9,google,trend_relative
2026-05-24,데일리,9,google,trend_relative
2026-05-31,데일리,10,google,trend_relative
2026-06-07,데일리,9,google,trend_relative
2026-06-14,데일리,9,google,trend_relative
2026-06-21,데일리,9,google,trend_relative
2026-06-28,데일리,11,google,trend_relative
2026-07-05,데일리,8,google,trend_relative
2026-07-12,데일리,8,google,trend_relative
2026-07-19,데일리,8,google,trend_relative
2026-07-26,데일리,8,google,trend_relative
2026-08-02,데일리,7,google,trend_relative
2026-08-09,데일리,7,google,trend_relative
2026-08-16,데일리,8,google,trend_relative
2026-08-23,데일리,8,google,trend_relative
2026-08-30,데일리,7,google,trend_relative
2026-09-06,데일리,8,google,trend_relative
2026-09-13,데일리,7,google,trend_relative
2025-09-14,환절기,2,google,trend_relative
2025-09-21,환절기,2,google,trend_relative
2025-09-28,환절기,2,google,trend_relative
2025-10-05,환절기,1,google,trend_relative
2025-10-12,환절기,1,google,trend_relative
2025-10-19,환절기,2,google,trend_relative
2025-10-26,환절기,2,google,trend_relative
2025-11-02,환절기,1,google,trend_relative
2025-11-09,환절기,1,google,trend_relative
2025-11-16,환절기,1,google,trend_relative
2025-11-23,환절기,1,google,trend_relative
2025-11-30,환절기,0,google,trend_relative
2025-12-07,환절기,0,google,trend_relative
2025-12-14,환절기,0,google,trend_relative
2025-12-21,환절기,0,google,trend_relative
2025-12-28,환절기,0,google,trend_relative
2026-01-04,환절기,0,google,trend_relative
2026-01-11,환절기,0,google,trend_relative
2026-01-18,환절기,0,google,trend_relative
2026-01-25,환절기,0,google,trend_relative
2026-02-01,환절기,0,google,trend_relative
2026-02-08,환절기,0,google,trend_relative
2026-02-15,환절기,0,google,trend_relative
2026-02-22,환절기,1,google,trend_relative
2026-03-01,환절기,1,google,trend_relative
2026-03-08,환절기,1,google,trend_relative
2026-03-15,환절기,1,google,trend_relative
2026-03-22,환절기,1,google,trend_relative
2026-03-29,환절기,1,google,trend_relative
2026-04-05,환절기,1,google,trend_relative
2026-04-12,환절기,1,google,trend_relative
2026-04-19,환절기,1,google,trend_relative
2026-04-26,환절기,1,google,trend_relative
2026-05-03,환절기,1,google,trend_relative
2026-05-10,환절기,0,google,trend_relative
2026-05-17,환절기,0,google,trend_relative
2026-05-24,환절기,0,google,trend_relative
2026-05-31,환절기,0,google,trend_relative
2026-06-07,환절기,0,google,trend_relative
2026-06-14,환절기,0,google,trend_relative
2026-06-21,환절기,0,google,trend_relative
2026-06-28,환절기,0,google,trend_relative
2026-07-05,환절기,0,google,trend_relative
2026-07-12,환절기,0,google,trend_relative
2026-07-19,환절기,0,google,trend_relative
2026-07-26,환절기,0,google,trend_relative
2026-08-02,환절기,0,google,trend_relative
2026-08-09,환절기,0,google,trend_relative
2026-08-16,환절기,0,google,trend_relative
2026-08-23,환절기,0,google,trend_relative
2026-08-30,환절기,1,google,trend_relative
2026-09-06,환절기,2,google,trend_relative
2026-09-13,환절기,2,google,trend_relative
2025-09-14,연말연시,0,google,trend_relative
2025-09-21,연말연시,0,google,trend_relative
2025-09-28,연말연시,0,google,trend_relative
2025-10-05,연말연시,0,google,trend_relative
2025-10-12,연말연시,0,google,trend_relative
2025-10-19,연말연시,0,google,trend_relative
2025-10-26,연말연시,0,google,trend_relative
2025-11-02,연말연시,0,google,trend_relative
2025-11-09,연말연시,0,google,trend_relative
2025-11-16,연말연시,0,google,trend_relative
2025-11-23,연말연시,0,google,trend_relative
2025-11-30,연말연시,0,google,trend_relative
2025-12-07,연말연시,1,google,trend_relative
2025-12-14,연말연시,1,google,trend_relative
2025-12-21,연말연시,2,google,trend_relative
2025-12-28,연말연시,2,google,trend_relative
2026-01-04,연말연시,0,google,trend_relative
2026-01-11,연말연시,0,google,trend_relative
2026-01-18,연말연시,0,google,trend_relative
2026-01-25,연말연시,0,google,trend_relative
2026-02-01,연말연시,0,google,trend_relative
2026-02-08,연말연시,0,google,trend_relative
2026-02-15,연말연시,0,google,trend_relative
2026-02-22,연말연시,0,google,trend_relative
2026-03-01,연말연시,0,google,trend_relative
2026-03-08,연말연시,0,google,trend_relative
2026-03-15,연말연시,0,google,trend_relative
2026-03-22,연말연시,0,google,trend_relative
2026-03-29,연말연시,0,google,trend_relative
2026-04-05,연말연시,0,google,trend_relative
2026-04-12,연말연시,0,google,trend_relative
2026-04-19,연말연시,0,google,trend_relative
2026-04-26,연말연시,0,google,trend_relative
2026-05-03,연말연시,0,google,trend_relative
2026-05-10,연말연시,0,google,trend_relative
2026-05-17,연말연시,0,google,trend_relative
2026-05-24,연말연시,0,google,trend_relative
2026-05-31,연말연시,0,google,trend_relative
2026-06-07,연말연시,0,google,trend_relative
2026-06-14,연말연시,0,google,trend_relative
2026-06-21,연말연시,0,google,trend_relative
2026-06-28,연말연시,0,google,trend_relative
2026-07-05,연말연시,0,google,trend_relative
2026-07-12,연말연시,0,google,trend_relative
2026-07-19,연말연시,0,google,trend_relative
2026-07-26,연말연시,0,google,trend_relative
2026-08-02,연말연시,0,google,trend_relative
2026-08-09,연말연시,0,google,trend_relative
2026-08-16,연말연시,0,google,trend_relative
2026-08-23,연말연시,0,google,trend_relative
2026-08-30,연말연시,0,google,trend_relative
2026-09-06,연말연시,0,google,trend_relative
2026-09-13,연말연시,0,google,trend_relative
2025-09-14,공항,80,google,trend_relative
2025-09-21,공항,84,google,trend_relative
2025-09-28,공항,94,google,trend_relative
2025-10-05,공항,72,google,trend_relative
2025-10-12,공항,74,google,trend_relative
2025-10-19,공항,79,google,trend_relative
2025-10-26,공항,80,google,trend_relative
2025-11-02,공항,83,google,trend_relative
2025-11-09,공항,82,google,trend_relative
2025-11-16,공항,82,google,trend_relative
2025-11-23,공항,81,google,trend_relative
2025-11-30,공항,87,google,trend_relative
2025-12-07,공항,84,google,trend_relative
2025-12-14,공항,94,google,trend_relative
2025-12-21,공항,94,google,trend_relative
2025-12-28,공항,95,google,trend_relative
2026-01-04,공항,100,google,trend_relative
2026-01-11,공항,97,google,trend_relative
2026-01-18,공항,100,google,trend_relative
2026-01-25,공항,98,google,trend_relative
2026-02-01,공항,92,google,trend_relative
2026-02-08,공항,90,google,trend_relative
2026-02-15,공항,72,google,trend_relative
2026-02-22,공항,85,google,trend_relative
2026-03-01,공항,84,google,trend_relative
2026-03-08,공항,71,google,trend_relative
2026-03-15,공항,79,google,trend_relative
2026-03-22,공항,73,google,trend_relative
2026-03-29,공항,69,google,trend_relative
2026-04-05,공항,67,google,trend_relative
2026-04-12,공항,63,google,trend_relative
2026-04-19,공항,60,google,trend_relative
2026-04-26,공항,64,google,trend_relative
2026-05-03,공항,62,google,trend_relative
2026-05-10,공항,71,google,trend_relative
2026-05-17,공항,67,google,trend_relative
2026-05-24,공항,65,google,trend_relative
2026-05-31,공항,68,google,trend_relative
2026-06-07,공항,60,google,trend_relative
2026-06-14,공항,63,google,trend_relative
2026-06-21,공항,76,google,trend_relative
2026-06-28,공항,79,google,trend_relative
2026-07-05,공항,86,google,trend_relative
2026-07-12,공항,77,google,trend_relative
2026-07-19,공항,61,google,trend_relative
2026-07-26,공항,70,google,trend_relative
2026-08-02,공항,68,google,trend_relative
2026-08-09,공항,72,google,trend_relative
2026-08-16,공항,72,google,trend_relative
2026-08-23,공항,76,google,trend_relative
2026-08-30,공항,66,google,trend_relative
2026-09-06,공항,69,google,trend_relative
2026-09-13,공항,78,google,trend_relative
2025-09-14,도심,2,google,trend_relative
2025-09-21,도심,2,google,trend_relative
2025-09-28,도심,2,google,trend_relative
2025-10-05,도심,2,google,trend_relative
2025-10-12,도심,2,google,trend_relative
2025-10-19,도심,2,google,trend_relative
2025-10-26,도심,2,google,trend_relative
2025-11-02,도심,3,google,trend_relative
2025-11-09,도심,3,google,trend_relative
2025-11-16,도심,3,google,trend_relative
2025-11-23,도심,2,google,trend_relative
2025-11-30,도심,3,google,trend_relative
2025-12-07,도심,3,google,trend_relative
2025-12-14,도심,2,google,trend_relative
2025-12-21,도심,2,google,trend_relative
2025-12-28,도심,2,google,trend_relative
2026-01-04,도심,3,google,trend_relative
2026-01-11,도심,2,google,trend_relative
2026-01-18,도심,3,google,trend_relative
2026-01-25,도심,3,google,trend_relative
2026-02-01,도심,2,google,trend_relative
2026-02-08,도심,2,google,trend_relative
2026-02-15,도심,2,google,trend_relative
2026-02-22,도심,3,google,trend_relative
2026-03-01,도심,3,google,trend_relative
2026-03-08,도심,3,google,trend_relative
2026-03-15,도심,3,google,trend_relative
2026-03-22,도심,3,google,trend_relative
2026-03-29,도심,3,google,trend_relative
2026-04-05,도심,3,google,trend_relative
2026-04-12,도심,3,google,trend_relative
2026-04-19,도심,3,google,trend_relative
2026-04-26,도심,3,google,trend_relative
2026-05-03,도심,3,google,trend_relative
2026-05-10,도심,3,google,trend_relative
2026-05-17,도심,3,google,trend_relative
2026-05-24,도심,3,google,trend_relative
2026-05-31,도심,3,google,trend_relative
2026-06-07,도심,3,google,trend_relative
2026-06-14,도심,3,google,trend_relative
2026-06-21,도심,3,google,trend_relative
2026-06-28,도심,3,google,trend_relative
2026-07-05,도심,3,google,trend_relative
2026-07-12,도심,3,google,trend_relative
2026-07-19,도심,3,google,trend_relative
2026-07-26,도심,2,google,trend_relative
2026-08-02,도심,2,google,trend_relative
2026-08-09,도심,3,google,trend_relative
2026-08-16,도심,3,google,trend_relative
2026-08-23,도심,2,google,trend_relative
2026-08-30,도심,2,google,trend_relative
2026-09-06,도심,2,google,trend_relative
2026-09-13,도심,2,google,trend_relative
2025-09-14,영화관,14,google,trend_relative
2025-09-21,영화관,17,google,trend_relative
2025-09-28,영화관,22,google,trend_relative
2025-10-05,영화관,26,google,trend_relative
2025-10-12,영화관,13,google,trend_relative
2025-10-19,영화관,14,google,trend_relative
2025-10-26,영화관,13,google,trend_relative
2025-11-02,영화관,11,google,trend_relative
2025-11-09,영화관,12,google,trend_relative
2025-11-16,영화관,12,google,trend_relative
2025-11-23,영화관,17,google,trend_relative
2025-11-30,영화관,16,google,trend_relative
2025-12-07,영화관,16,google,trend_relative
2025-12-14,영화관,19,google,trend_relative
2025-12-21,영화관,22,google,trend_relative
2025-12-28,영화관,18,google,trend_relative
2026-01-04,영화관,11,google,trend_relative
2026-01-11,영화관,11,google,trend_relative
2026-01-18,영화관,11,google,trend_relative
2026-01-25,영화관,10,google,trend_relative
2026-02-01,영화관,11,google,trend_relative
2026-02-08,영화관,10,google,trend_relative
2026-02-15,영화관,15,google,trend_relative
2026-02-22,영화관,12,google,trend_relative
2026-03-01,영화관,16,google,trend_relative
2026-03-08,영화관,12,google,trend_relative
2026-03-15,영화관,14,google,trend_relative
2026-03-22,영화관,13,google,trend_relative
2026-03-29,영화관,11,google,trend_relative
2026-04-05,영화관,11,google,trend_relative
2026-04-12,영화관,10,google,trend_relative
2026-04-19,영화관,9,google,trend_relative
2026-04-26,영화관,13,google,trend_relative
2026-05-03,영화관,13,google,trend_relative
2026-05-10,영화관,10,google,trend_relative
2026-05-17,영화관,12,google,trend_relative
2026-05-24,영화관,15,google,trend_relative
2026-05-31,영화관,13,google,trend_relative
2026-06-07,영화관,11,google,trend_relative
2026-06-14,영화관,11,google,trend_relative
2026-06-21,영화관,11,google,trend_relative
2026-06-28,영화관,10,google,trend_relative
2026-07-05,영화관,12,google,trend_relative
2026-07-12,영화관,15,google,trend_relative
2026-07-19,영화관,15,google,trend_relative
2026-07-26,영화관,25,google,trend_relative
2026-08-02,영화관,30,google,trend_relative
2026-08-09,영화관,30,google,trend_relative
2026-08-16,영화관,27,google,trend_relative
2026-08-23,영화관,20,google,trend_relative
2026-08-30,영화관,14,google,trend_relative
2026-09-06,영화관,12,google,trend_relative
2026-09-13,영화관,13,google,trend_relative
2025-09-14,오피스,73,google,trend_relative
2025-09-21,오피스,76,google,trend_relative
2025-09-28,오피스,81,google,trend_relative
2025-10-05,오피스,75,google,trend_relative
2025-10-12,오피스,76,google,trend_relative
2025-10-19,오피스,75,google,trend_relative
2025-10-26,오피스,71,google,trend_relative
2025-11-02,오피스,79,google,trend_relative
2025-11-09,오피스,78,google,trend_relative
2025-11-16,오피스,76,google,trend_relative
2025-11-23,오피스,75,google,trend_relative
2025-11-30,오피스,71,google,trend_relative
2025-12-07,오피스,74,google,trend_relative
2025-12-14,오피스,75,google,trend_relative
2025-12-21,오피스,66,google,trend_relative
2025-12-28,오피스,69,google,trend_relative
2026-01-04,오피스,70,google,trend_relative
2026-01-11,오피스,71,google,trend_relative
2026-01-18,오피스,73,google,trend_relative
2026-01-25,오피스,69,google,trend_relative
2026-02-01,오피스,72,google,trend_relative
2026-02-08,오피스,63,google,trend_relative
2026-02-15,오피스,60,google,trend_relative
2026-02-22,오피스,68,google,trend_relative
2026-03-01,오피스,77,google,trend_relative
2026-03-08,오피스,79,google,trend_relative
2026-03-15,오피스,75,google,trend_relative
2026-03-22,오피스,78,google,trend_relative
2026-03-29,오피스,71,google,trend_relative
2026-04-05,오피스,65,google,trend_relative
2026-04-12,오피스,64,google,trend_relative
2026-04-19,오피스,62,google,trend_relative
2026-04-26,오피스,69,google,trend_relative
2026-05-03,오피스,68,google,trend_relative
2026-05-10,오피스,75,google,trend_relative
2026-05-17,오피스,68,google,trend_relative
2026-05-24,오피스,62,google,trend_relative
2026-05-31,오피스,66,google,trend_relative
2026-06-07,오피스,62,google,trend_relative
2026-06-14,오피스,64,google,trend_relative
2026-06-21,오피스,58,google,trend_relative
2026-06-28,오피스,61,google,trend_relative
2026-07-05,오피스,59,google,trend_relative
2026-07-12,오피스,57,google,trend_relative
2026-07-19,오피스,60,google,trend_relative
2026-07-26,오피스,57,google,trend_relative
2026-08-02,오피스,52,google,trend_relative
2026-08-09,오피스,51,google,trend_relative
2026-08-16,오피스,52,google,trend_relative
2026-08-23,오피스,60,google,trend_relative
2026-08-30,오피스,57,google,trend_relative
2026-09-06,오피스,59,google,trend_relative
2026-09-13,오피스,56,google,trend_relative
2025-09-14,웨딩홀,5,google,trend_relative
2025-09-21,웨딩홀,4,google,trend_relative
2025-09-28,웨딩홀,3,google,trend_relative
2025-10-05,웨딩홀,4,google,trend_relative
2025-10-12,웨딩홀,5,google,trend_relative
2025-10-19,웨딩홀,4,google,trend_relative
2025-10-26,웨딩홀,6,google,trend_relative
2025-11-02,웨딩홀,6,google,trend_relative
2025-11-09,웨딩홀,5,google,trend_relative
2025-11-16,웨딩홀,6,google,trend_relative
2025-11-23,웨딩홀,6,google,trend_relative
2025-11-30,웨딩홀,5,google,trend_relative
2025-12-07,웨딩홀,6,google,trend_relative
2025-12-14,웨딩홀,5,google,trend_relative
2025-12-21,웨딩홀,5,google,trend_relative
2025-12-28,웨딩홀,4,google,trend_relative
2026-01-04,웨딩홀,6,google,trend_relative
2026-01-11,웨딩홀,6,google,trend_relative
2026-01-18,웨딩홀,6,google,trend_relative
2026-01-25,웨딩홀,6,google,trend_relative
2026-02-01,웨딩홀,6,google,trend_relative
2026-02-08,웨딩홀,4,google,trend_relative
2026-02-15,웨딩홀,4,google,trend_relative
2026-02-22,웨딩홀,6,google,trend_relative
2026-03-01,웨딩홀,6,google,trend_relative
2026-03-08,웨딩홀,6,google,trend_relative
2026-03-15,웨딩홀,6,google,trend_relative
2026-03-22,웨딩홀,5,google,trend_relative
2026-03-29,웨딩홀,5,google,trend_relative
2026-04-05,웨딩홀,5,google,trend_relative
2026-04-12,웨딩홀,5,google,trend_relative
2026-04-19,웨딩홀,5,google,trend_relative
2026-04-26,웨딩홀,4,google,trend_relative
2026-05-03,웨딩홀,5,google,trend_relative
2026-05-10,웨딩홀,6,google,trend_relative
2026-05-17,웨딩홀,4,google,trend_relative
2026-05-24,웨딩홀,5,google,trend_relative
2026-05-31,웨딩홀,4,google,trend_relative
2026-06-07,웨딩홀,4,google,trend_relative
2026-06-14,웨딩홀,4,google,trend_relative
2026-06-21,웨딩홀,4,google,trend_relative
2026-06-28,웨딩홀,4,google,trend_relative
2026-07-05,웨딩홀,4,google,trend_relative
2026-07-12,웨딩홀,4,google,trend_relative
2026-07-19,웨딩홀,3,google,trend_relative
2026-07-26,웨딩홀,3,google,trend_relative
2026-08-02,웨딩홀,3,google,trend_relative
2026-08-09,웨딩홀,3,google,trend_relative
2026-08-16,웨딩홀,3,google,trend_relative
2026-08-23,웨딩홀,5,google,trend_relative
2026-08-30,웨딩홀,4,google,trend_relative
2026-09-06,웨딩홀,4,google,trend_relative
2026-09-13,웨딩홀,5,google,trend_relative
2025-09-14,캠퍼스,79,google,trend_relative
2025-09-21,캠퍼스,73,google,trend_relative
2025-09-28,캠퍼스,75,google,trend_relative
2025-10-05,캠퍼스,59,google,trend_relative
2025-10-12,캠퍼스,82,google,trend_relative
2025-10-19,캠퍼스,81,google,trend_relative
2025-10-26,캠퍼스,75,google,trend_relative
2025-11-02,캠퍼스,71,google,trend_relative
2025-11-09,캠퍼스,77,google,trend_relative
2025-11-16,캠퍼스,91,google,trend_relative
2025-11-23,캠퍼스,84,google,trend_relative
2025-11-30,캠퍼스,83,google,trend_relative
2025-12-07,캠퍼스,86,google,trend_relative
2025-12-14,캠퍼스,84,google,trend_relative
2025-12-21,캠퍼스,58,google,trend_relative
2025-12-28,캠퍼스,51,google,trend_relative
2026-01-04,캠퍼스,44,google,trend_relative
2026-01-11,캠퍼스,42,google,trend_relative
2026-01-18,캠퍼스,41,google,trend_relative
2026-01-25,캠퍼스,41,google,trend_relative
2026-02-01,캠퍼스,48,google,trend_relative
2026-02-08,캠퍼스,42,google,trend_relative
2026-02-15,캠퍼스,36,google,trend_relative
2026-02-22,캠퍼스,67,google,trend_relative
2026-03-01,캠퍼스,100,google,trend_relative
2026-03-08,캠퍼스,98,google,trend_relative
2026-03-15,캠퍼스,88,google,trend_relative
2026-03-22,캠퍼스,88,google,trend_relative
2026-03-29,캠퍼스,83,google,trend_relative
2026-04-05,캠퍼스,74,google,trend_relative
2026-04-12,캠퍼스,81,google,trend_relative
2026-04-19,캠퍼스,84,google,trend_relative
2026-04-26,캠퍼스,74,google,trend_relative
2026-05-03,캠퍼스,80,google,trend_relative
2026-05-10,캠퍼스,75,google,trend_relative
2026-05-17,캠퍼스,72,google,trend_relative
2026-05-24,캠퍼스,78,google,trend_relative
2026-05-31,캠퍼스,77,google,trend_relative
2026-06-07,캠퍼스,83,google,trend_relative
2026-06-14,캠퍼스,79,google,trend_relative
2026-06-21,캠퍼스,56,google,trend_relative
2026-06-28,캠퍼스,50,google,trend_relative
2026-07-05,캠퍼스,41,google,trend_relative
2026-07-12,캠퍼스,36,google,trend_relative
2026-07-19,캠퍼스,37,google,trend_relative
2026-07-26,캠퍼스,35,google,trend_relative
2026-08-02,캠퍼스,35,google,trend_relative
2026-08-09,캠퍼스,34,google,trend_relative
2026-08-16,캠퍼스,36,google,trend_relative
2026-08-23,캠퍼스,49,google,trend_relative
2026-08-30,캠퍼스,71,google,trend_relative
2026-09-06,캠퍼스,94,google,trend_relative
2026-09-13,캠퍼스,64,google,trend_relative
2025-09-14,헬스장,15,google,trend_relative
2025-09-21,헬스장,15,google,trend_relative
2025-09-28,헬스장,16,google,trend_relative
2025-10-05,헬스장,15,google,trend_relative
2025-10-12,헬스장,14,google,trend_relative
2025-10-19,헬스장,14,google,trend_relative
2025-10-26,헬스장,15,google,trend_relative
2025-11-02,헬스장,15,google,trend_relative
2025-11-09,헬스장,14,google,trend_relative
2025-11-16,헬스장,15,google,trend_relative
2025-11-23,헬스장,16,google,trend_relative
2025-11-30,헬스장,18,google,trend_relative
2025-12-07,헬스장,16,google,trend_relative
2025-12-14,헬스장,17,google,trend_relative
2025-12-21,헬스장,18,google,trend_relative
2025-12-28,헬스장,20,google,trend_relative
2026-01-04,헬스장,21,google,trend_relative
2026-01-11,헬스장,19,google,trend_relative
2026-01-18,헬스장,20,google,trend_relative
2026-01-25,헬스장,19,google,trend_relative
2026-02-01,헬스장,17,google,trend_relative
2026-02-08,헬스장,17,google,trend_relative
2026-02-15,헬스장,15,google,trend_relative
2026-02-22,헬스장,20,google,trend_relative
2026-03-01,헬스장,20,google,trend_relative
2026-03-08,헬스장,17,google,trend_relative
2026-03-15,헬스장,17,google,trend_relative
2026-03-22,헬스장,16,google,trend_relative
2026-03-29,헬스장,16,google,trend_relative
2026-04-05,헬스장,14,google,trend_relative
2026-04-12,헬스장,14,google,trend_relative
2026-04-19,헬스장,14,google,trend_relative
2026-04-26,헬스장,14,google,trend_relative
2026-05-03,헬스장,14,google,trend_relative
2026-05-10,헬스장,15,google,trend_relative
2026-05-17,헬스장,14,google,trend_relative
2026-05-24,헬스장,15,google,trend_relative
2026-05-31,헬스장,15,google,trend_relative
2026-06-07,헬스장,12,google,trend_relative
2026-06-14,헬스장,14,google,trend_relative
2026-06-21,헬스장,14,google,trend_relative
2026-06-28,헬스장,16,google,trend_relative
2026-07-05,헬스장,18,google,trend_relative
2026-07-12,헬스장,15,google,trend_relative
2026-07-19,헬스장,16,google,trend_relative
2026-07-26,헬스장,14,google,trend_relative
2026-08-02,헬스장,15,google,trend_relative
2026-08-09,헬스장,12,google,trend_relative
2026-08-16,헬스장,14,google,trend_relative
2026-08-23,헬스장,17,google,trend_relative
2026-08-30,헬스장,15,google,trend_relative
2026-09-06,헬스장,14,google,trend_relative
2026-09-13,헬스장,13,google,trend_relative
2025-09-14,워터파크,9,google,trend_relative
2025-09-21,워터파크,9,google,trend_relative
2025-09-28,워터파크,8,google,trend_relative
2025-10-05,워터파크,9,google,trend_relative
2025-10-12,워터파크,7,google,trend_relative
2025-10-19,워터파크,6,google,trend_relative
2025-10-26,워터파크,6,google,trend_relative
2025-11-02,워터파크,7,google,trend_relative
2025-11-09,워터파크,6,google,trend_relative
2025-11-16,워터파크,8,google,trend_relative
2025-11-23,워터파크,8,google,trend_relative
2025-11-30,워터파크,8,google,trend_relative
2025-12-07,워터파크,7,google,trend_relative
2025-12-14,워터파크,8,google,trend_relative
2025-12-21,워터파크,11,google,trend_relative
2025-12-28,워터파크,11,google,trend_relative
2026-01-04,워터파크,11,google,trend_relative
2026-01-11,워터파크,10,google,trend_relative
2026-01-18,워터파크,10,google,trend_relative
2026-01-25,워터파크,10,google,trend_relative
2026-02-01,워터파크,11,google,trend_relative
2026-02-08,워터파크,6,google,trend_relative
2026-02-15,워터파크,10,google,trend_relative
2026-02-22,워터파크,9,google,trend_relative
2026-03-01,워터파크,7,google,trend_relative
2026-03-08,워터파크,7,google,trend_relative
2026-03-15,워터파크,6,google,trend_relative
2026-03-22,워터파크,8,google,trend_relative
2026-03-29,워터파크,7,google,trend_relative
2026-04-05,워터파크,7,google,trend_relative
2026-04-12,워터파크,8,google,trend_relative
2026-04-19,워터파크,8,google,trend_relative
2026-04-26,워터파크,11,google,trend_relative
2026-05-03,워터파크,12,google,trend_relative
2026-05-10,워터파크,13,google,trend_relative
2026-05-17,워터파크,14,google,trend_relative
2026-05-24,워터파크,19,google,trend_relative
2026-05-31,워터파크,19,google,trend_relative
2026-06-07,워터파크,18,google,trend_relative
2026-06-14,워터파크,24,google,trend_relative
2026-06-21,워터파크,30,google,trend_relative
2026-06-28,워터파크,34,google,trend_relative
2026-07-05,워터파크,36,google,trend_relative
2026-07-12,워터파크,62,google,trend_relative
2026-07-19,워터파크,48,google,trend_relative
2026-07-26,워터파크,59,google,trend_relative
2026-08-02,워터파크,56,google,trend_relative
2026-08-09,워터파크,50,google,trend_relative
2026-08-16,워터파크,31,google,trend_relative
2026-08-23,워터파크,22,google,trend_relative
2026-08-30,워터파크,12,google,trend_relative
2026-09-06,워터파크,9,google,trend_relative
2026-09-13,워터파크,9,google,trend_relative
2025-09-14,워크숍,5,google,trend_relative
2025-09-21,워크숍,4,google,trend_relative
2025-09-28,워크숍,4,google,trend_relative
2025-10-05,워크숍,2,google,trend_relative
2025-10-12,워크숍,6,google,trend_relative
2025-10-19,워크숍,6,google,trend_relative
2025-10-26,워크숍,6,google,trend_relative
2025-11-02,워크숍,6,google,trend_relative
2025-11-09,워크숍,8,google,trend_relative
2025-11-16,워크숍,7,google,trend_relative
2025-11-23,워크숍,6,google,trend_relative
2025-11-30,워크숍,7,google,trend_relative
2025-12-07,워크숍,6,google,trend_relative
2025-12-14,워크숍,5,google,trend_relative
2025-12-21,워크숍,4,google,trend_relative
2025-12-28,워크숍,3,google,trend_relative
2026-01-04,워크숍,6,google,trend_relative
2026-01-11,워크숍,6,google,trend_relative
2026-01-18,워크숍,5,google,trend_relative
2026-01-25,워크숍,5,google,trend_relative
2026-02-01,워크숍,4,google,trend_relative
2026-02-08,워크숍,4,google,trend_relative
2026-02-15,워크숍,3,google,trend_relative
2026-02-22,워크숍,6,google,trend_relative
2026-03-01,워크숍,6,google,trend_relative
2026-03-08,워크숍,5,google,trend_relative
2026-03-15,워크숍,6,google,trend_relative
2026-03-22,워크숍,6,google,trend_relative
2026-03-29,워크숍,7,google,trend_relative
2026-04-05,워크숍,5,google,trend_relative
2026-04-12,워크숍,6,google,trend_relative
2026-04-19,워크숍,5,google,trend_relative
2026-04-26,워크숍,4,google,trend_relative
2026-05-03,워크숍,5,google,trend_relative
2026-05-10,워크숍,7,google,trend_relative
2026-05-17,워크숍,5,google,trend_relative
2026-05-24,워크숍,6,google,trend_relative
2026-05-31,워크숍,7,google,trend_relative
2026-06-07,워크숍,6,google,trend_relative
2026-06-14,워크숍,7,google,trend_relative
2026-06-21,워크숍,7,google,trend_relative
2026-06-28,워크숍,7,google,trend_relative
2026-07-05,워크숍,7,google,trend_relative
2026-07-12,워크숍,4,google,trend_relative
2026-07-19,워크숍,5,google,trend_relative
2026-07-26,워크숍,4,google,trend_relative
2026-08-02,워크숍,4,google,trend_relative
2026-08-09,워크숍,4,google,trend_relative
2026-08-16,워크숍,4,google,trend_relative
2026-08-23,워크숍,4,google,trend_relative
2026-08-30,워크숍,3,google,trend_relative
2026-09-06,워크숍,4,google,trend_relative
2026-09-13,워크숍,4,google,trend_relative
2025-09-14,MT,12,google,trend_relative
2025-09-21,MT,13,google,trend_relative
2025-09-28,MT,11,google,trend_relative
2025-10-05,MT,13,google,trend_relative
2025-10-12,MT,13,google,trend_relative
2025-10-19,MT,16,google,trend_relative
2025-10-26,MT,20,google,trend_relative
2025-11-02,MT,24,google,trend_relative
2025-11-09,MT,24,google,trend_relative
2025-11-16,MT,30,google,trend_relative
2025-11-23,MT,29,google,trend_relative
2025-11-30,MT,34,google,trend_relative
2025-12-07,MT,36,google,trend_relative
2025-12-14,MT,36,google,trend_relative
2025-12-21,MT,31,google,trend_relative
2025-12-28,MT,30,google,trend_relative
2026-01-04,MT,32,google,trend_relative
2026-01-11,MT,32,google,trend_relative
2026-01-18,MT,35,google,trend_relative
2026-01-25,MT,39,google,trend_relative
2026-02-01,MT,35,google,trend_relative
2026-02-08,MT,36,google,trend_relative
2026-02-15,MT,39,google,trend_relative
2026-02-22,MT,40,google,trend_relative
2026-03-01,MT,41,google,trend_relative
2026-03-08,MT,42,google,trend_relative
2026-03-15,MT,42,google,trend_relative
2026-03-22,MT,40,google,trend_relative
2026-03-29,MT,35,google,trend_relative
2026-04-05,MT,37,google,trend_relative
2026-04-12,MT,38,google,trend_relative
2026-04-19,MT,30,google,trend_relative
2026-04-26,MT,29,google,trend_relative
2026-05-03,MT,31,google,trend_relative
2026-05-10,MT,38,google,trend_relative
2026-05-17,MT,27,google,trend_relative
2026-05-24,MT,31,google,trend_relative
2026-05-31,MT,39,google,trend_relative
2026-06-07,MT,33,google,trend_relative
2026-06-14,MT,26,google,trend_relative
2026-06-21,MT,26,google,trend_relative
2026-06-28,MT,30,google,trend_relative
2026-07-05,MT,29,google,trend_relative
2026-07-12,MT,22,google,trend_relative
2026-07-19,MT,17,google,trend_relative
2026-07-26,MT,17,google,trend_relative
2026-08-02,MT,15,google,trend_relative
2026-08-09,MT,20,google,trend_relative
2026-08-16,MT,19,google,trend_relative
2026-08-23,MT,16,google,trend_relative
2026-08-30,MT,17,google,trend_relative
2026-09-06,MT,15,google,trend_relative
2026-09-13,MT,11,google,trend_relative
2025-09-14,트윌,2,google,trend_relative
2025-09-21,트윌,2,google,trend_relative
2025-09-28,트윌,2,google,trend_relative
2025-10-05,트윌,1,google,trend_relative
2025-10-12,트윌,2,google,trend_relative
2025-10-19,트윌,4,google,trend_relative
2025-10-26,트윌,2,google,trend_relative
2025-11-02,트윌,2,google,trend_relative
2025-11-09,트윌,0,google,trend_relative
2025-11-16,트윌,3,google,trend_relative
2025-11-23,트윌,2,google,trend_relative
2025-11-30,트윌,0,google,trend_relative
2025-12-07,트윌,2,google,trend_relative
2025-12-14,트윌,2,google,trend_relative
2025-12-21,트윌,2,google,trend_relative
2025-12-28,트윌,2,google,trend_relative
2026-01-04,트윌,0,google,trend_relative
2026-01-11,트윌,1,google,trend_relative
2026-01-18,트윌,2,google,trend_relative
2026-01-25,트윌,2,google,trend_relative
2026-02-01,트윌,1,google,trend_relative
2026-02-08,트윌,2,google,trend_relative
2026-02-15,트윌,2,google,trend_relative
2026-02-22,트윌,2,google,trend_relative
2026-03-01,트윌,3,google,trend_relative
2026-03-08,트윌,2,google,trend_relative
2026-03-15,트윌,3,google,trend_relative
2026-03-22,트윌,2,google,trend_relative
2026-03-29,트윌,2,google,trend_relative
2026-04-05,트윌,1,google,trend_relative
2026-04-12,트윌,2,google,trend_relative
2026-04-19,트윌,1,google,trend_relative
2026-04-26,트윌,1,google,trend_relative
2026-05-03,트윌,0,google,trend_relative
2026-05-10,트윌,2,google,trend_relative
2026-05-17,트윌,1,google,trend_relative
2026-05-24,트윌,2,google,trend_relative
2026-05-31,트윌,1,google,trend_relative
2026-06-07,트윌,1,google,trend_relative
2026-06-14,트윌,1,google,trend_relative
2026-06-21,트윌,1,google,trend_relative
2026-06-28,트윌,1,google,trend_relative
2026-07-05,트윌,2,google,trend_relative
2026-07-12,트윌,0,google,trend_relative
2026-07-19,트윌,2,google,trend_relative
2026-07-26,트윌,1,google,trend_relative
2026-08-02,트윌,1,google,trend_relative
2026-08-09,트윌,1,google,trend_relative
2026-08-16,트윌,1,google,trend_relative
2026-08-23,트윌,1,google,trend_relative
2026-08-30,트윌,1,google,trend_relative
2026-09-06,트윌,2,google,trend_relative
2026-09-13,트윌,1,google,trend_relative
2025-09-14,니트,41,google,trend_relative
2025-09-21,니트,47,google,trend_relative
2025-09-28,니트,50,google,trend_relative
2025-10-05,니트,61,google,trend_relative
2025-10-12,니트,57,google,trend_relative
2025-10-19,니트,82,google,trend_relative
2025-10-26,니트,82,google,trend_relative
2025-11-02,니트,86,google,trend_relative
2025-11-09,니트,86,google,trend_relative
2025-11-16,니트,100,google,trend_relative
2025-11-23,니트,94,google,trend_relative
2025-11-30,니트,88,google,trend_relative
2025-12-07,니트,88,google,trend_relative
2025-12-14,니트,87,google,trend_relative
2025-12-21,니트,89,google,trend_relative
2025-12-28,니트,74,google,trend_relative
2026-01-04,니트,67,google,trend_relative
2026-01-11,니트,67,google,trend_relative
2026-01-18,니트,74,google,trend_relative
2026-01-25,니트,74,google,trend_relative
2026-02-01,니트,65,google,trend_relative
2026-02-08,니트,58,google,trend_relative
2026-02-15,니트,59,google,trend_relative
2026-02-22,니트,57,google,trend_relative
2026-03-01,니트,56,google,trend_relative
2026-03-08,니트,57,google,trend_relative
2026-03-15,니트,54,google,trend_relative
2026-03-22,니트,52,google,trend_relative
2026-03-29,니트,43,google,trend_relative
2026-04-05,니트,42,google,trend_relative
2026-04-12,니트,38,google,trend_relative
2026-04-19,니트,35,google,trend_relative
2026-04-26,니트,33,google,trend_relative
2026-05-03,니트,35,google,trend_relative
2026-05-10,니트,38,google,trend_relative
2026-05-17,니트,35,google,trend_relative
2026-05-24,니트,35,google,trend_relative
2026-05-31,니트,32,google,trend_relative
2026-06-07,니트,31,google,trend_relative
2026-06-14,니트,30,google,trend_relative
2026-06-21,니트,31,google,trend_relative
2026-06-28,니트,31,google,trend_relative
2026-07-05,니트,30,google,trend_relative
2026-07-12,니트,29,google,trend_relative
2026-07-19,니트,29,google,trend_relative
2026-07-26,니트,27,google,trend_relative
2026-08-02,니트,26,google,trend_relative
2026-08-09,니트,26,google,trend_relative
2026-08-16,니트,30,google,trend_relative
2026-08-23,니트,33,google,trend_relative
2026-08-30,니트,32,google,trend_relative
2026-09-06,니트,44,google,trend_relative
2026-09-13,니트,54,google,trend_relative
2025-09-14,플란넬,4,google,trend_relative
2025-09-21,플란넬,6,google,trend_relative
2025-09-28,플란넬,0,google,trend_relative
2025-10-05,플란넬,7,google,trend_relative
2025-10-12,플란넬,7,google,trend_relative
2025-10-19,플란넬,7,google,trend_relative
2025-10-26,플란넬,3,google,trend_relative
2025-11-02,플란넬,5,google,trend_relative
2025-11-09,플란넬,5,google,trend_relative
2025-11-16,플란넬,5,google,trend_relative
2025-11-23,플란넬,5,google,trend_relative
2025-11-30,플란넬,5,google,trend_relative
2025-12-07,플란넬,7,google,trend_relative
2025-12-14,플란넬,8,google,trend_relative
2025-12-21,플란넬,0,google,trend_relative
2025-12-28,플란넬,0,google,trend_relative
2026-01-04,플란넬,0,google,trend_relative
2026-01-11,플란넬,5,google,trend_relative
2026-01-18,플란넬,5,google,trend_relative
2026-01-25,플란넬,0,google,trend_relative
2026-02-01,플란넬,4,google,trend_relative
2026-02-08,플란넬,6,google,trend_relative
2026-02-15,플란넬,0,google,trend_relative
2026-02-22,플란넬,4,google,trend_relative
2026-03-01,플란넬,0,google,trend_relative
2026-03-08,플란넬,5,google,trend_relative
2026-03-15,플란넬,4,google,trend_relative
2026-03-22,플란넬,4,google,trend_relative
2026-03-29,플란넬,0,google,trend_relative
2026-04-05,플란넬,5,google,trend_relative
2026-04-12,플란넬,0,google,trend_relative
2026-04-19,플란넬,0,google,trend_relative
2026-04-26,플란넬,0,google,trend_relative
2026-05-03,플란넬,0,google,trend_relative
2026-05-10,플란넬,0,google,trend_relative
2026-05-17,플란넬,0,google,trend_relative
2026-05-24,플란넬,0,google,trend_relative
2026-05-31,플란넬,0,google,trend_relative
2026-06-07,플란넬,4,google,trend_relative
2026-06-14,플란넬,0,google,trend_relative
2026-06-21,플란넬,0,google,trend_relative
2026-06-28,플란넬,0,google,trend_relative
2026-07-05,플란넬,0,google,trend_relative
2026-07-12,플란넬,0,google,trend_relative
2026-07-19,플란넬,0,google,trend_relative
2026-07-26,플란넬,0,google,trend_relative
2026-08-02,플란넬,3,google,trend_relative
2026-08-09,플란넬,0,google,trend_relative
2026-08-16,플란넬,0,google,trend_relative
2026-08-23,플란넬,3,google,trend_relative
2026-08-30,플란넬,2,google,trend_relative
2026-09-06,플란넬,4,google,trend_relative
2026-09-13,플란넬,4,google,trend_relative
2025-09-14,저지,71,google,trend_relative
2025-09-21,저지,74,google,trend_relative
2025-09-28,저지,77,google,trend_relative
2025-10-05,저지,100,google,trend_relative
2025-10-12,저지,69,google,trend_relative
2025-10-19,저지,78,google,trend_relative
2025-10-26,저지,64,google,trend_relative
2025-11-02,저지,62,google,trend_relative
2025-11-09,저지,70,google,trend_relative
2025-11-16,저지,62,google,trend_relative
2025-11-23,저지,50,google,trend_relative
2025-11-30,저지,60,google,trend_relative
2025-12-07,저지,73,google,trend_relative
2025-12-14,저지,60,google,trend_relative
2025-12-21,저지,51,google,trend_relative
2025-12-28,저지,53,google,trend_relative
2026-01-04,저지,56,google,trend_relative
2026-01-11,저지,52,google,trend_relative
2026-01-18,저지,61,google,trend_relative
2026-01-25,저지,60,google,trend_relative
2026-02-01,저지,41,google,trend_relative
2026-02-08,저지,47,google,trend_relative
2026-02-15,저지,56,google,trend_relative
2026-02-22,저지,61,google,trend_relative
2026-03-01,저지,78,google,trend_relative
2026-03-08,저지,84,google,trend_relative
2026-03-15,저지,85,google,trend_relative
2026-03-22,저지,77,google,trend_relative
2026-03-29,저지,66,google,trend_relative
2026-04-05,저지,57,google,trend_relative
2026-04-12,저지,84,google,trend_relative
2026-04-19,저지,66,google,trend_relative
2026-04-26,저지,73,google,trend_relative
2026-05-03,저지,87,google,trend_relative
2026-05-10,저지,71,google,trend_relative
2026-05-17,저지,74,google,trend_relative
2026-05-24,저지,73,google,trend_relative
2026-05-31,저지,68,google,trend_relative
2026-06-07,저지,72,google,trend_relative
2026-06-14,저지,61,google,trend_relative
2026-06-21,저지,61,google,trend_relative
2026-06-28,저지,56,google,trend_relative
2026-07-05,저지,58,google,trend_relative
2026-07-12,저지,55,google,trend_relative
2026-07-19,저지,60,google,trend_relative
2026-07-26,저지,48,google,trend_relative
2026-08-02,저지,52,google,trend_relative
2026-08-09,저지,49,google,trend_relative
2026-08-16,저지,52,google,trend_relative
2026-08-23,저지,53,google,trend_relative
2026-08-30,저지,50,google,trend_relative
2026-09-06,저지,56,google,trend_relative
2026-09-13,저지,67,google,trend_relative
2025-09-14,벨루어,0,google,trend_relative
2025-09-21,벨루어,0,google,trend_relative
2025-09-28,벨루어,0,google,trend_relative
2025-10-05,벨루어,0,google,trend_relative
2025-10-12,벨루어,0,google,trend_relative
2025-10-19,벨루어,0,google,trend_relative
2025-10-26,벨루어,0,google,trend_relative
2025-11-02,벨루어,0,google,trend_relative
2025-11-09,벨루어,0,google,trend_relative
2025-11-16,벨루어,0,google,trend_relative
2025-11-23,벨루어,0,google,trend_relative
2025-11-30,벨루어,0,google,trend_relative
2025-12-07,벨루어,0,google,trend_relative
2025-12-14,벨루어,0,google,trend_relative
2025-12-21,벨루어,0,google,trend_relative
2025-12-28,벨루어,0,google,trend_relative
2026-01-04,벨루어,0,google,trend_relative
2026-01-11,벨루어,0,google,trend_relative
2026-01-18,벨루어,0,google,trend_relative
2026-01-25,벨루어,0,google,trend_relative
2026-02-01,벨루어,0,google,trend_relative
2026-02-08,벨루어,0,google,trend_relative
2026-02-15,벨루어,0,google,trend_relative
2026-02-22,벨루어,0,google,trend_relative
2026-03-01,벨루어,0,google,trend_relative
2026-03-08,벨루어,0,google,trend_relative
2026-03-15,벨루어,0,google,trend_relative
2026-03-22,벨루어,0,google,trend_relative
2026-03-29,벨루어,0,google,trend_relative
2026-04-05,벨루어,0,google,trend_relative
2026-04-12,벨루어,0,google,trend_relative
2026-04-19,벨루어,0,google,trend_relative
2026-04-26,벨루어,0,google,trend_relative
2026-05-03,벨루어,0,google,trend_relative
2026-05-10,벨루어,0,google,trend_relative
2026-05-17,벨루어,0,google,trend_relative
2026-05-24,벨루어,0,google,trend_relative
2026-05-31,벨루어,0,google,trend_relative
2026-06-07,벨루어,0,google,trend_relative
2026-06-14,벨루어,0,google,trend_relative
2026-06-21,벨루어,0,google,trend_relative
2026-06-28,벨루어,0,google,trend_relative
2026-07-05,벨루어,0,google,trend_relative
2026-07-12,벨루어,0,google,trend_relative
2026-07-19,벨루어,0,google,trend_relative
2026-07-26,벨루어,0,google,trend_relative
2026-08-02,벨루어,0,google,trend_relative
2026-08-09,벨루어,0,google,trend_relative
2026-08-16,벨루어,0,google,trend_relative
2026-08-23,벨루어,0,google,trend_relative
2026-08-30,벨루어,1,google,trend_relative
2026-09-06,벨루어,1,google,trend_relative
2026-09-13,벨루어,0,google,trend_relative
2025-09-14,프렌치테리,0,google,trend_relative
2025-09-21,프렌치테리,0,google,trend_relative
2025-09-28,프렌치테리,0,google,trend_relative
2025-10-05,프렌치테리,0,google,trend_relative
2025-10-12,프렌치테리,0,google,trend_relative
2025-10-19,프렌치테리,0,google,trend_relative
2025-10-26,프렌치테리,0,google,trend_relative
2025-11-02,프렌치테리,0,google,trend_relative
2025-11-09,프렌치테리,0,google,trend_relative
2025-11-16,프렌치테리,0,google,trend_relative
2025-11-23,프렌치테리,0,google,trend_relative
2025-11-30,프렌치테리,0,google,trend_relative
2025-12-07,프렌치테리,0,google,trend_relative
2025-12-14,프렌치테리,0,google,trend_relative
2025-12-21,프렌치테리,0,google,trend_relative
2025-12-28,프렌치테리,0,google,trend_relative
2026-01-04,프렌치테리,0,google,trend_relative
2026-01-11,프렌치테리,0,google,trend_relative
2026-01-18,프렌치테리,0,google,trend_relative
2026-01-25,프렌치테리,0,google,trend_relative
2026-02-01,프렌치테리,0,google,trend_relative
2026-02-08,프렌치테리,0,google,trend_relative
2026-02-15,프렌치테리,0,google,trend_relative
2026-02-22,프렌치테리,0,google,trend_relative
2026-03-01,프렌치테리,0,google,trend_relative
2026-03-08,프렌치테리,0,google,trend_relative
2026-03-15,프렌치테리,0,google,trend_relative
2026-03-22,프렌치테리,0,google,trend_relative
2026-03-29,프렌치테리,0,google,trend_relative
2026-04-05,프렌치테리,0,google,trend_relative
2026-04-12,프렌치테리,0,google,trend_relative
2026-04-19,프렌치테리,0,google,trend_relative
2026-04-26,프렌치테리,0,google,trend_relative
2026-05-03,프렌치테리,0,google,trend_relative
2026-05-10,프렌치테리,0,google,trend_relative
2026-05-17,프렌치테리,0,google,trend_relative
2026-05-24,프렌치테리,0,google,trend_relative
2026-05-31,프렌치테리,0,google,trend_relative
2026-06-07,프렌치테리,0,google,trend_relative
2026-06-14,프렌치테리,0,google,trend_relative
2026-06-21,프렌치테리,0,google,trend_relative
2026-06-28,프렌치테리,0,google,trend_relative
2026-07-05,프렌치테리,0,google,trend_relative
2026-07-12,프렌치테리,0,google,trend_relative
2026-07-19,프렌치테리,0,google,trend_relative
2026-07-26,프렌치테리,0,google,trend_relative
2026-08-02,프렌치테리,0,google,trend_relative
2026-08-09,프렌치테리,0,google,trend_relative
2026-08-16,프렌치테리,0,google,trend_relative
2026-08-23,프렌치테리,0,google,trend_relative
2026-08-30,프렌치테리,0,google,trend_relative
2026-09-06,프렌치테리,1,google,trend_relative
2026-09-13,프렌치테리,0,google,trend_relative
2025-09-14,개버딘,0,google,trend_relative
2025-09-21,개버딘,3,google,trend_relative
2025-09-28,개버딘,0,google,trend_relative
2025-10-05,개버딘,0,google,trend_relative
2025-10-12,개버딘,0,google,trend_relative
2025-10-19,개버딘,0,google,trend_relative
2025-10-26,개버딘,0,google,trend_relative
2025-11-02,개버딘,0,google,trend_relative
2025-11-09,개버딘,0,google,trend_relative
2025-11-16,개버딘,0,google,trend_relative
2025-11-23,개버딘,0,google,trend_relative
2025-11-30,개버딘,0,google,trend_relative
2025-12-07,개버딘,0,google,trend_relative
2025-12-14,개버딘,0,google,trend_relative
2025-12-21,개버딘,0,google,trend_relative
2025-12-28,개버딘,0,google,trend_relative
2026-01-04,개버딘,0,google,trend_relative
2026-01-11,개버딘,0,google,trend_relative
2026-01-18,개버딘,0,google,trend_relative
2026-01-25,개버딘,0,google,trend_relative
2026-02-01,개버딘,4,google,trend_relative
2026-02-08,개버딘,0,google,trend_relative
2026-02-15,개버딘,0,google,trend_relative
2026-02-22,개버딘,0,google,trend_relative
2026-03-01,개버딘,0,google,trend_relative
2026-03-08,개버딘,0,google,trend_relative
2026-03-15,개버딘,0,google,trend_relative
2026-03-22,개버딘,0,google,trend_relative
2026-03-29,개버딘,0,google,trend_relative
2026-04-05,개버딘,0,google,trend_relative
2026-04-12,개버딘,0,google,trend_relative
2026-04-19,개버딘,0,google,trend_relative
2026-04-26,개버딘,0,google,trend_relative
2026-05-03,개버딘,0,google,trend_relative
2026-05-10,개버딘,0,google,trend_relative
2026-05-17,개버딘,0,google,trend_relative
2026-05-24,개버딘,0,google,trend_relative
2026-05-31,개버딘,0,google,trend_relative
2026-06-07,개버딘,0,google,trend_relative
2026-06-14,개버딘,0,google,trend_relative
2026-06-21,개버딘,0,google,trend_relative
2026-06-28,개버딘,0,google,trend_relative
2026-07-05,개버딘,0,google,trend_relative
2026-07-12,개버딘,0,google,trend_relative
2026-07-19,개버딘,0,google,trend_relative
2026-07-26,개버딘,0,google,trend_relative
2026-08-02,개버딘,0,google,trend_relative
2026-08-09,개버딘,0,google,trend_relative
2026-08-16,개버딘,0,google,trend_relative
2026-08-23,개버딘,0,google,trend_relative
2026-08-30,개버딘,1,google,trend_relative
2026-09-06,개버딘,1,google,trend_relative
2026-09-13,개버딘,0,google,trend_relative
2025-09-14,에코퍼,0,google,trend_relative
2025-09-21,에코퍼,0,google,trend_relative
2025-09-28,에코퍼,0,google,trend_relative
2025-10-05,에코퍼,0,google,trend_relative
2025-10-12,에코퍼,0,google,trend_relative
2025-10-19,에코퍼,0,google,trend_relative
2025-10-26,에코퍼,0,google,trend_relative
2025-11-02,에코퍼,0,google,trend_relative
2025-11-09,에코퍼,0,google,trend_relative
2025-11-16,에코퍼,0,google,trend_relative
2025-11-23,에코퍼,0,google,trend_relative
2025-11-30,에코퍼,0,google,trend_relative
2025-12-07,에코퍼,0,google,trend_relative
2025-12-14,에코퍼,0,google,trend_relative
2025-12-21,에코퍼,0,google,trend_relative
2025-12-28,에코퍼,0,google,trend_relative
2026-01-04,에코퍼,0,google,trend_relative
2026-01-11,에코퍼,0,google,trend_relative
2026-01-18,에코퍼,0,google,trend_relative
2026-01-25,에코퍼,0,google,trend_relative
2026-02-01,에코퍼,0,google,trend_relative
2026-02-08,에코퍼,0,google,trend_relative
2026-02-15,에코퍼,0,google,trend_relative
2026-02-22,에코퍼,0,google,trend_relative
2026-03-01,에코퍼,0,google,trend_relative
2026-03-08,에코퍼,0,google,trend_relative
2026-03-15,에코퍼,0,google,trend_relative
2026-03-22,에코퍼,0,google,trend_relative
2026-03-29,에코퍼,0,google,trend_relative
2026-04-05,에코퍼,0,google,trend_relative
2026-04-12,에코퍼,0,google,trend_relative
2026-04-19,에코퍼,0,google,trend_relative
2026-04-26,에코퍼,0,google,trend_relative
2026-05-03,에코퍼,0,google,trend_relative
2026-05-10,에코퍼,0,google,trend_relative
2026-05-17,에코퍼,0,google,trend_relative
2026-05-24,에코퍼,0,google,trend_relative
2026-05-31,에코퍼,0,google,trend_relative
2026-06-07,에코퍼,0,google,trend_relative
2026-06-14,에코퍼,0,google,trend_relative
2026-06-21,에코퍼,0,google,trend_relative
2026-06-28,에코퍼,0,google,trend_relative
2026-07-05,에코퍼,0,google,trend_relative
2026-07-12,에코퍼,0,google,trend_relative
2026-07-19,에코퍼,0,google,trend_relative
2026-07-26,에코퍼,0,google,trend_relative
2026-08-02,에코퍼,0,google,trend_relative
2026-08-09,에코퍼,0,google,trend_relative
2026-08-16,에코퍼,0,google,trend_relative
2026-08-23,에코퍼,0,google,trend_relative
2026-08-30,에코퍼,0,google,trend_relative
2026-09-06,에코퍼,0,google,trend_relative
2026-09-13,에코퍼,0,google,trend_relative
2025-09-14,나일론,19,google,trend_relative
2025-09-21,나일론,19,google,trend_relative
2025-09-28,나일론,16,google,trend_relative
2025-10-05,나일론,23,google,trend_relative
2025-10-12,나일론,22,google,trend_relative
2025-10-19,나일론,19,google,trend_relative
2025-10-26,나일론,24,google,trend_relative
2025-11-02,나일론,21,google,trend_relative
2025-11-09,나일론,21,google,trend_relative
2025-11-16,나일론,23,google,trend_relative
2025-11-23,나일론,22,google,trend_relative
2025-11-30,나일론,19,google,trend_relative
2025-12-07,나일론,19,google,trend_relative
2025-12-14,나일론,21,google,trend_relative
2025-12-21,나일론,19,google,trend_relative
2025-12-28,나일론,15,google,trend_relative
2026-01-04,나일론,17,google,trend_relative
2026-01-11,나일론,20,google,trend_relative
2026-01-18,나일론,18,google,trend_relative
2026-01-25,나일론,21,google,trend_relative
2026-02-01,나일론,18,google,trend_relative
2026-02-08,나일론,14,google,trend_relative
2026-02-15,나일론,15,google,trend_relative
2026-02-22,나일론,20,google,trend_relative
2026-03-01,나일론,21,google,trend_relative
2026-03-08,나일론,21,google,trend_relative
2026-03-15,나일론,24,google,trend_relative
2026-03-22,나일론,24,google,trend_relative
2026-03-29,나일론,23,google,trend_relative
2026-04-05,나일론,23,google,trend_relative
2026-04-12,나일론,22,google,trend_relative
2026-04-19,나일론,19,google,trend_relative
2026-04-26,나일론,19,google,trend_relative
2026-05-03,나일론,25,google,trend_relative
2026-05-10,나일론,30,google,trend_relative
2026-05-17,나일론,26,google,trend_relative
2026-05-24,나일론,25,google,trend_relative
2026-05-31,나일론,23,google,trend_relative
2026-06-07,나일론,22,google,trend_relative
2026-06-14,나일론,22,google,trend_relative
2026-06-21,나일론,22,google,trend_relative
2026-06-28,나일론,21,google,trend_relative
2026-07-05,나일론,24,google,trend_relative
2026-07-12,나일론,21,google,trend_relative
2026-07-19,나일론,21,google,trend_relative
2026-07-26,나일론,18,google,trend_relative
2026-08-02,나일론,19,google,trend_relative
2026-08-09,나일론,18,google,trend_relative
2026-08-16,나일론,20,google,trend_relative
2026-08-23,나일론,17,google,trend_relative
2026-08-30,나일론,19,google,trend_relative
2026-09-06,나일론,20,google,trend_relative
2026-09-13,나일론,19,google,trend_relative
2025-09-14,아크릴,81,google,trend_relative
2025-09-21,아크릴,80,google,trend_relative
2025-09-28,아크릴,76,google,trend_relative
2025-10-05,아크릴,63,google,trend_relative
2025-10-12,아크릴,100,google,trend_relative
2025-10-19,아크릴,85,google,trend_relative
2025-10-26,아크릴,88,google,trend_relative
2025-11-02,아크릴,80,google,trend_relative
2025-11-09,아크릴,88,google,trend_relative
2025-11-16,아크릴,84,google,trend_relative
2025-11-23,아크릴,87,google,trend_relative
2025-11-30,아크릴,94,google,trend_relative
2025-12-07,아크릴,85,google,trend_relative
2025-12-14,아크릴,95,google,trend_relative
2025-12-21,아크릴,76,google,trend_relative
2025-12-28,아크릴,72,google,trend_relative
2026-01-04,아크릴,76,google,trend_relative
2026-01-11,아크릴,75,google,trend_relative
2026-01-18,아크릴,79,google,trend_relative
2026-01-25,아크릴,83,google,trend_relative
2026-02-01,아크릴,81,google,trend_relative
2026-02-08,아크릴,71,google,trend_relative
2026-02-15,아크릴,64,google,trend_relative
2026-02-22,아크릴,80,google,trend_relative
2026-03-01,아크릴,82,google,trend_relative
2026-03-08,아크릴,77,google,trend_relative
2026-03-15,아크릴,87,google,trend_relative
2026-03-22,아크릴,83,google,trend_relative
2026-03-29,아크릴,78,google,trend_relative
2026-04-05,아크릴,75,google,trend_relative
2026-04-12,아크릴,68,google,trend_relative
2026-04-19,아크릴,74,google,trend_relative
2026-04-26,아크릴,70,google,trend_relative
2026-05-03,아크릴,75,google,trend_relative
2026-05-10,아크릴,79,google,trend_relative
2026-05-17,아크릴,71,google,trend_relative
2026-05-24,아크릴,75,google,trend_relative
2026-05-31,아크릴,76,google,trend_relative
2026-06-07,아크릴,69,google,trend_relative
2026-06-14,아크릴,67,google,trend_relative
2026-06-21,아크릴,71,google,trend_relative
2026-06-28,아크릴,75,google,trend_relative
2026-07-05,아크릴,71,google,trend_relative
2026-07-12,아크릴,74,google,trend_relative
2026-07-19,아크릴,70,google,trend_relative
2026-07-26,아크릴,63,google,trend_relative
2026-08-02,아크릴,64,google,trend_relative
2026-08-09,아크릴,62,google,trend_relative
2026-08-16,아크릴,71,google,trend_relative
2026-08-23,아크릴,77,google,trend_relative
2026-08-30,아크릴,75,google,trend_relative
2026-09-06,아크릴,79,google,trend_relative
2026-09-13,아크릴,73,google,trend_relative
2025-09-14,스판덱스,0,google,trend_relative
2025-09-21,스판덱스,3,google,trend_relative
2025-09-28,스판덱스,0,google,trend_relative
2025-10-05,스판덱스,0,google,trend_relative
2025-10-12,스판덱스,0,google,trend_relative
2025-10-19,스판덱스,0,google,trend_relative
2025-10-26,스판덱스,0,google,trend_relative
2025-11-02,스판덱스,0,google,trend_relative
2025-11-09,스판덱스,0,google,trend_relative
2025-11-16,스판덱스,0,google,trend_relative
2025-11-23,스판덱스,0,google,trend_relative
2025-11-30,스판덱스,0,google,trend_relative
2025-12-07,스판덱스,0,google,trend_relative
2025-12-14,스판덱스,0,google,trend_relative
2025-12-21,스판덱스,0,google,trend_relative
2025-12-28,스판덱스,0,google,trend_relative
2026-01-04,스판덱스,0,google,trend_relative
2026-01-11,스판덱스,0,google,trend_relative
2026-01-18,스판덱스,2,google,trend_relative
2026-01-25,스판덱스,0,google,trend_relative
2026-02-01,스판덱스,0,google,trend_relative
2026-02-08,스판덱스,0,google,trend_relative
2026-02-15,스판덱스,0,google,trend_relative
2026-02-22,스판덱스,0,google,trend_relative
2026-03-01,스판덱스,2,google,trend_relative
2026-03-08,스판덱스,3,google,trend_relative
2026-03-15,스판덱스,2,google,trend_relative
2026-03-22,스판덱스,0,google,trend_relative
2026-03-29,스판덱스,0,google,trend_relative
2026-04-05,스판덱스,0,google,trend_relative
2026-04-12,스판덱스,2,google,trend_relative
2026-04-19,스판덱스,0,google,trend_relative
2026-04-26,스판덱스,0,google,trend_relative
2026-05-03,스판덱스,2,google,trend_relative
2026-05-10,스판덱스,2,google,trend_relative
2026-05-17,스판덱스,0,google,trend_relative
2026-05-24,스판덱스,3,google,trend_relative
2026-05-31,스판덱스,2,google,trend_relative
2026-06-07,스판덱스,0,google,trend_relative
2026-06-14,스판덱스,2,google,trend_relative
2026-06-21,스판덱스,0,google,trend_relative
2026-06-28,스판덱스,2,google,trend_relative
2026-07-05,스판덱스,0,google,trend_relative
2026-07-12,스판덱스,0,google,trend_relative
2026-07-19,스판덱스,0,google,trend_relative
2026-07-26,스판덱스,0,google,trend_relative
2026-08-02,스판덱스,0,google,trend_relative
2026-08-09,스판덱스,0,google,trend_relative
2026-08-16,스판덱스,0,google,trend_relative
2026-08-23,스판덱스,0,google,trend_relative
2026-08-30,스판덱스,1,google,trend_relative
2026-09-06,스판덱스,1,google,trend_relative
2026-09-13,스판덱스,0,google,trend_relative
2025-09-14,폴리에스터,7,google,trend_relative
2025-09-21,폴리에스터,5,google,trend_relative
2025-09-28,폴리에스터,6,google,trend_relative
2025-10-05,폴리에스터,7,google,trend_relative
2025-10-12,폴리에스터,7,google,trend_relative
2025-10-19,폴리에스터,9,google,trend_relative
2025-10-26,폴리에스터,12,google,trend_relative
2025-11-02,폴리에스터,10,google,trend_relative
2025-11-09,폴리에스터,10,google,trend_relative
2025-11-16,폴리에스터,13,google,trend_relative
2025-11-23,폴리에스터,12,google,trend_relative
2025-11-30,폴리에스터,8,google,trend_relative
2025-12-07,폴리에스터,12,google,trend_relative
2025-12-14,폴리에스터,9,google,trend_relative
2025-12-21,폴리에스터,7,google,trend_relative
2025-12-28,폴리에스터,6,google,trend_relative
2026-01-04,폴리에스터,9,google,trend_relative
2026-01-11,폴리에스터,6,google,trend_relative
2026-01-18,폴리에스터,8,google,trend_relative
2026-01-25,폴리에스터,6,google,trend_relative
2026-02-01,폴리에스터,5,google,trend_relative
2026-02-08,폴리에스터,5,google,trend_relative
2026-02-15,폴리에스터,5,google,trend_relative
2026-02-22,폴리에스터,8,google,trend_relative
2026-03-01,폴리에스터,6,google,trend_relative
2026-03-08,폴리에스터,8,google,trend_relative
2026-03-15,폴리에스터,7,google,trend_relative
2026-03-22,폴리에스터,10,google,trend_relative
2026-03-29,폴리에스터,8,google,trend_relative
2026-04-05,폴리에스터,7,google,trend_relative
2026-04-12,폴리에스터,7,google,trend_relative
2026-04-19,폴리에스터,5,google,trend_relative
2026-04-26,폴리에스터,7,google,trend_relative
2026-05-03,폴리에스터,8,google,trend_relative
2026-05-10,폴리에스터,7,google,trend_relative
2026-05-17,폴리에스터,8,google,trend_relative
2026-05-24,폴리에스터,9,google,trend_relative
2026-05-31,폴리에스터,9,google,trend_relative
2026-06-07,폴리에스터,7,google,trend_relative
2026-06-14,폴리에스터,7,google,trend_relative
2026-06-21,폴리에스터,6,google,trend_relative
2026-06-28,폴리에스터,7,google,trend_relative
2026-07-05,폴리에스터,9,google,trend_relative
2026-07-12,폴리에스터,7,google,trend_relative
2026-07-19,폴리에스터,8,google,trend_relative
2026-07-26,폴리에스터,6,google,trend_relative
2026-08-02,폴리에스터,5,google,trend_relative
2026-08-09,폴리에스터,6,google,trend_relative
2026-08-16,폴리에스터,6,google,trend_relative
2026-08-23,폴리에스터,6,google,trend_relative
2026-08-30,폴리에스터,5,google,trend_relative
2026-09-06,폴리에스터,6,google,trend_relative
2026-09-13,폴리에스터,6,google,trend_relative
2025-09-14,고어텍스,21,google,trend_relative
2025-09-21,고어텍스,17,google,trend_relative
2025-09-28,고어텍스,21,google,trend_relative
2025-10-05,고어텍스,28,google,trend_relative
2025-10-12,고어텍스,24,google,trend_relative
2025-10-19,고어텍스,29,google,trend_relative
2025-10-26,고어텍스,28,google,trend_relative
2025-11-02,고어텍스,29,google,trend_relative
2025-11-09,고어텍스,33,google,trend_relative
2025-11-16,고어텍스,36,google,trend_relative
2025-11-23,고어텍스,29,google,trend_relative
2025-11-30,고어텍스,38,google,trend_relative
2025-12-07,고어텍스,45,google,trend_relative
2025-12-14,고어텍스,40,google,trend_relative
2025-12-21,고어텍스,31,google,trend_relative
2025-12-28,고어텍스,28,google,trend_relative
2026-01-04,고어텍스,24,google,trend_relative
2026-01-11,고어텍스,24,google,trend_relative
2026-01-18,고어텍스,27,google,trend_relative
2026-01-25,고어텍스,27,google,trend_relative
2026-02-01,고어텍스,25,google,trend_relative
2026-02-08,고어텍스,23,google,trend_relative
2026-02-15,고어텍스,19,google,trend_relative
2026-02-22,고어텍스,20,google,trend_relative
2026-03-01,고어텍스,20,google,trend_relative
2026-03-08,고어텍스,31,google,trend_relative
2026-03-15,고어텍스,21,google,trend_relative
2026-03-22,고어텍스,24,google,trend_relative
2026-03-29,고어텍스,18,google,trend_relative
2026-04-05,고어텍스,17,google,trend_relative
2026-04-12,고어텍스,16,google,trend_relative
2026-04-19,고어텍스,17,google,trend_relative
2026-04-26,고어텍스,17,google,trend_relative
2026-05-03,고어텍스,17,google,trend_relative
2026-05-10,고어텍스,19,google,trend_relative
2026-05-17,고어텍스,25,google,trend_relative
2026-05-24,고어텍스,21,google,trend_relative
2026-05-31,고어텍스,15,google,trend_relative
2026-06-07,고어텍스,15,google,trend_relative
2026-06-14,고어텍스,18,google,trend_relative
2026-06-21,고어텍스,14,google,trend_relative
2026-06-28,고어텍스,18,google,trend_relative
2026-07-05,고어텍스,29,google,trend_relative
2026-07-12,고어텍스,21,google,trend_relative
2026-07-19,고어텍스,19,google,trend_relative
2026-07-26,고어텍스,10,google,trend_relative
2026-08-02,고어텍스,11,google,trend_relative
2026-08-09,고어텍스,11,google,trend_relative
2026-08-16,고어텍스,15,google,trend_relative
2026-08-23,고어텍스,12,google,trend_relative
2026-08-30,고어텍스,14,google,trend_relative
2026-09-06,고어텍스,16,google,trend_relative
2026-09-13,고어텍스,17,google,trend_relative
2025-09-14,튤,0,google,trend_relative
2025-09-21,튤,0,google,trend_relative
2025-09-28,튤,0,google,trend_relative
2025-10-05,튤,0,google,trend_relative
2025-10-12,튤,0,google,trend_relative
2025-10-19,튤,0,google,trend_relative
2025-10-26,튤,5,google,trend_relative
2025-11-02,튤,0,google,trend_relative
2025-11-09,튤,0,google,trend_relative
2025-11-16,튤,0,google,trend_relative
2025-11-23,튤,0,google,trend_relative
2025-11-30,튤,0,google,trend_relative
2025-12-07,튤,7,google,trend_relative
2025-12-14,튤,0,google,trend_relative
2025-12-21,튤,0,google,trend_relative
2025-12-28,튤,0,google,trend_relative
2026-01-04,튤,0,google,trend_relative
2026-01-11,튤,0,google,trend_relative
2026-01-18,튤,0,google,trend_relative
2026-01-25,튤,0,google,trend_relative
2026-02-01,튤,0,google,trend_relative
2026-02-08,튤,0,google,trend_relative
2026-02-15,튤,5,google,trend_relative
2026-02-22,튤,5,google,trend_relative
2026-03-01,튤,7,google,trend_relative
2026-03-08,튤,0,google,trend_relative
2026-03-15,튤,0,google,trend_relative
2026-03-22,튤,0,google,trend_relative
2026-03-29,튤,5,google,trend_relative
2026-04-05,튤,5,google,trend_relative
2026-04-12,튤,0,google,trend_relative
2026-04-19,튤,0,google,trend_relative
2026-04-26,튤,0,google,trend_relative
2026-05-03,튤,5,google,trend_relative
2026-05-10,튤,0,google,trend_relative
2026-05-17,튤,0,google,trend_relative
2026-05-24,튤,4,google,trend_relative
2026-05-31,튤,4,google,trend_relative
2026-06-07,튤,0,google,trend_relative
2026-06-14,튤,0,google,trend_relative
2026-06-21,튤,0,google,trend_relative
2026-06-28,튤,0,google,trend_relative
2026-07-05,튤,0,google,trend_relative
2026-07-12,튤,0,google,trend_relative
2026-07-19,튤,0,google,trend_relative
2026-07-26,튤,0,google,trend_relative
2026-08-02,튤,0,google,trend_relative
2026-08-09,튤,0,google,trend_relative
2026-08-16,튤,0,google,trend_relative
2026-08-23,튤,0,google,trend_relative
2026-08-30,튤,2,google,trend_relative
2026-09-06,튤,3,google,trend_relative
2026-09-13,튤,2,google,trend_relative
2025-09-14,플리스,27,google,trend_relative
2025-09-21,플리스,29,google,trend_relative
2025-09-28,플리스,29,google,trend_relative
2025-10-05,플리스,38,google,trend_relative
2025-10-12,플리스,36,google,trend_relative
2025-10-19,플리스,70,google,trend_relative
2025-10-26,플리스,65,google,trend_relative
2025-11-02,플리스,72,google,trend_relative
2025-11-09,플리스,64,google,trend_relative
2025-11-16,플리스,87,google,trend_relative
2025-11-23,플리스,78,google,trend_relative
2025-11-30,플리스,100,google,trend_relative
2025-12-07,플리스,77,google,trend_relative
2025-12-14,플리스,66,google,trend_relative
2025-12-21,플리스,75,google,trend_relative
2025-12-28,플리스,77,google,trend_relative
2026-01-04,플리스,80,google,trend_relative
2026-01-11,플리스,72,google,trend_relative
2026-01-18,플리스,78,google,trend_relative
2026-01-25,플리스,69,google,trend_relative
2026-02-01,플리스,52,google,trend_relative
2026-02-08,플리스,67,google,trend_relative
2026-02-15,플리스,57,google,trend_relative
2026-02-22,플리스,45,google,trend_relative
2026-03-01,플리스,59,google,trend_relative
2026-03-08,플리스,44,google,trend_relative
2026-03-15,플리스,35,google,trend_relative
2026-03-22,플리스,26,google,trend_relative
2026-03-29,플리스,26,google,trend_relative
2026-04-05,플리스,31,google,trend_relative
2026-04-12,플리스,18,google,trend_relative
2026-04-19,플리스,23,google,trend_relative
2026-04-26,플리스,19,google,trend_relative
2026-05-03,플리스,22,google,trend_relative
2026-05-10,플리스,26,google,trend_relative
2026-05-17,플리스,34,google,trend_relative
2026-05-24,플리스,24,google,trend_relative
2026-05-31,플리스,31,google,trend_relative
2026-06-07,플리스,34,google,trend_relative
2026-06-14,플리스,27,google,trend_relative
2026-06-21,플리스,18,google,trend_relative
2026-06-28,플리스,25,google,trend_relative
2026-07-05,플리스,14,google,trend_relative
2026-07-12,플리스,18,google,trend_relative
2026-07-19,플리스,21,google,trend_relative
2026-07-26,플리스,17,google,trend_relative
2026-08-02,플리스,16,google,trend_relative
2026-08-09,플리스,17,google,trend_relative
2026-08-16,플리스,20,google,trend_relative
2026-08-23,플리스,19,google,trend_relative
2026-08-30,플리스,17,google,trend_relative
2026-09-06,플리스,25,google,trend_relative
2026-09-13,플리스,32,google,trend_relative
2025-09-14,극세사,9,google,trend_relative
2025-09-21,극세사,12,google,trend_relative
2025-09-28,극세사,11,google,trend_relative
2025-10-05,극세사,14,google,trend_relative
2025-10-12,극세사,11,google,trend_relative
2025-10-19,극세사,27,google,trend_relative
2025-10-26,극세사,21,google,trend_relative
2025-11-02,극세사,23,google,trend_relative
2025-11-09,극세사,26,google,trend_relative
2025-11-16,극세사,31,google,trend_relative
2025-11-23,극세사,16,google,trend_relative
2025-11-30,극세사,28,google,trend_relative
2025-12-07,극세사,19,google,trend_relative
2025-12-14,극세사,17,google,trend_relative
2025-12-21,극세사,27,google,trend_relative
2025-12-28,극세사,23,google,trend_relative
2026-01-04,극세사,21,google,trend_relative
2026-01-11,극세사,18,google,trend_relative
2026-01-18,극세사,16,google,trend_relative
2026-01-25,극세사,16,google,trend_relative
2026-02-01,극세사,18,google,trend_relative
2026-02-08,극세사,12,google,trend_relative
2026-02-15,극세사,15,google,trend_relative
2026-02-22,극세사,15,google,trend_relative
2026-03-01,극세사,17,google,trend_relative
2026-03-08,극세사,13,google,trend_relative
2026-03-15,극세사,11,google,trend_relative
2026-03-22,극세사,15,google,trend_relative
2026-03-29,극세사,10,google,trend_relative
2026-04-05,극세사,10,google,trend_relative
2026-04-12,극세사,13,google,trend_relative
2026-04-19,극세사,11,google,trend_relative
2026-04-26,극세사,10,google,trend_relative
2026-05-03,극세사,11,google,trend_relative
2026-05-10,극세사,15,google,trend_relative
2026-05-17,극세사,11,google,trend_relative
2026-05-24,극세사,11,google,trend_relative
2026-05-31,극세사,10,google,trend_relative
2026-06-07,극세사,12,google,trend_relative
2026-06-14,극세사,11,google,trend_relative
2026-06-21,극세사,13,google,trend_relative
2026-06-28,극세사,12,google,trend_relative
2026-07-05,극세사,8,google,trend_relative
2026-07-12,극세사,9,google,trend_relative
2026-07-19,극세사,12,google,trend_relative
2026-07-26,극세사,8,google,trend_relative
2026-08-02,극세사,12,google,trend_relative
2026-08-09,극세사,8,google,trend_relative
2026-08-16,극세사,8,google,trend_relative
2026-08-23,극세사,9,google,trend_relative
2026-08-30,극세사,8,google,trend_relative
2026-09-06,극세사,10,google,trend_relative
2026-09-13,극세사,12,google,trend_relative
2025-09-14,피그먼트 워싱,0,google,trend_relative
2025-09-21,피그먼트 워싱,0,google,trend_relative
2025-09-28,피그먼트 워싱,0,google,trend_relative
2025-10-05,피그먼트 워싱,0,google,trend_relative
2025-10-12,피그먼트 워싱,0,google,trend_relative
2025-10-19,피그먼트 워싱,0,google,trend_relative
2025-10-26,피그먼트 워싱,0,google,trend_relative
2025-11-02,피그먼트 워싱,0,google,trend_relative
2025-11-09,피그먼트 워싱,0,google,trend_relative
2025-11-16,피그먼트 워싱,0,google,trend_relative
2025-11-23,피그먼트 워싱,0,google,trend_relative
2025-11-30,피그먼트 워싱,0,google,trend_relative
2025-12-07,피그먼트 워싱,0,google,trend_relative
2025-12-14,피그먼트 워싱,0,google,trend_relative
2025-12-21,피그먼트 워싱,0,google,trend_relative
2025-12-28,피그먼트 워싱,0,google,trend_relative
2026-01-04,피그먼트 워싱,0,google,trend_relative
2026-01-11,피그먼트 워싱,0,google,trend_relative
2026-01-18,피그먼트 워싱,0,google,trend_relative
2026-01-25,피그먼트 워싱,0,google,trend_relative
2026-02-01,피그먼트 워싱,0,google,trend_relative
2026-02-08,피그먼트 워싱,0,google,trend_relative
2026-02-15,피그먼트 워싱,0,google,trend_relative
2026-02-22,피그먼트 워싱,0,google,trend_relative
2026-03-01,피그먼트 워싱,0,google,trend_relative
2026-03-08,피그먼트 워싱,0,google,trend_relative
2026-03-15,피그먼트 워싱,0,google,trend_relative
2026-03-22,피그먼트 워싱,0,google,trend_relative
2026-03-29,피그먼트 워싱,0,google,trend_relative
2026-04-05,피그먼트 워싱,0,google,trend_relative
2026-04-12,피그먼트 워싱,0,google,trend_relative
2026-04-19,피그먼트 워싱,0,google,trend_relative
2026-04-26,피그먼트 워싱,0,google,trend_relative
2026-05-03,피그먼트 워싱,0,google,trend_relative
2026-05-10,피그먼트 워싱,0,google,trend_relative
2026-05-17,피그먼트 워싱,0,google,trend_relative
2026-05-24,피그먼트 워싱,0,google,trend_relative
2026-05-31,피그먼트 워싱,0,google,trend_relative
2026-06-07,피그먼트 워싱,0,google,trend_relative
2026-06-14,피그먼트 워싱,0,google,trend_relative
2026-06-21,피그먼트 워싱,0,google,trend_relative
2026-06-28,피그먼트 워싱,0,google,trend_relative
2026-07-05,피그먼트 워싱,0,google,trend_relative
2026-07-12,피그먼트 워싱,0,google,trend_relative
2026-07-19,피그먼트 워싱,0,google,trend_relative
2026-07-26,피그먼트 워싱,0,google,trend_relative
2026-08-02,피그먼트 워싱,0,google,trend_relative
2026-08-09,피그먼트 워싱,0,google,trend_relative
2026-08-16,피그먼트 워싱,0,google,trend_relative
2026-08-23,피그먼트 워싱,0,google,trend_relative
2026-08-30,피그먼트 워싱,1,google,trend_relative
2026-09-06,피그먼트 워싱,1,google,trend_relative
2026-09-13,피그먼트 워싱,0,google,trend_relative
2025-09-14,워싱,32,google,trend_relative
2025-09-21,워싱,26,google,trend_relative
2025-09-28,워싱,31,google,trend_relative
2025-10-05,워싱,34,google,trend_relative
2025-10-12,워싱,40,google,trend_relative
2025-10-19,워싱,33,google,trend_relative
2025-10-26,워싱,34,google,trend_relative
2025-11-02,워싱,34,google,trend_relative
2025-11-09,워싱,33,google,trend_relative
2025-11-16,워싱,31,google,trend_relative
2025-11-23,워싱,33,google,trend_relative
2025-11-30,워싱,28,google,trend_relative
2025-12-07,워싱,25,google,trend_relative
2025-12-14,워싱,26,google,trend_relative
2025-12-21,워싱,29,google,trend_relative
2025-12-28,워싱,26,google,trend_relative
2026-01-04,워싱,23,google,trend_relative
2026-01-11,워싱,30,google,trend_relative
2026-01-18,워싱,27,google,trend_relative
2026-01-25,워싱,21,google,trend_relative
2026-02-01,워싱,22,google,trend_relative
2026-02-08,워싱,23,google,trend_relative
2026-02-15,워싱,24,google,trend_relative
2026-02-22,워싱,23,google,trend_relative
2026-03-01,워싱,25,google,trend_relative
2026-03-08,워싱,33,google,trend_relative
2026-03-15,워싱,34,google,trend_relative
2026-03-22,워싱,38,google,trend_relative
2026-03-29,워싱,36,google,trend_relative
2026-04-05,워싱,30,google,trend_relative
2026-04-12,워싱,30,google,trend_relative
2026-04-19,워싱,26,google,trend_relative
2026-04-26,워싱,29,google,trend_relative
2026-05-03,워싱,31,google,trend_relative
2026-05-10,워싱,36,google,trend_relative
2026-05-17,워싱,32,google,trend_relative
2026-05-24,워싱,39,google,trend_relative
2026-05-31,워싱,34,google,trend_relative
2026-06-07,워싱,35,google,trend_relative
2026-06-14,워싱,29,google,trend_relative
2026-06-21,워싱,25,google,trend_relative
2026-06-28,워싱,34,google,trend_relative
2026-07-05,워싱,34,google,trend_relative
2026-07-12,워싱,32,google,trend_relative
2026-07-19,워싱,33,google,trend_relative
2026-07-26,워싱,27,google,trend_relative
2026-08-02,워싱,25,google,trend_relative
2026-08-09,워싱,23,google,trend_relative
2026-08-16,워싱,27,google,trend_relative
2026-08-23,워싱,28,google,trend_relative
2026-08-30,워싱,27,google,trend_relative
2026-09-06,워싱,28,google,trend_relative
2026-09-13,워싱,29,google,trend_relative
2025-09-14,디스트레스드,0,google,trend_relative
2025-09-21,디스트레스드,0,google,trend_relative
2025-09-28,디스트레스드,0,google,trend_relative
2025-10-05,디스트레스드,0,google,trend_relative
2025-10-12,디스트레스드,0,google,trend_relative
2025-10-19,디스트레스드,0,google,trend_relative
2025-10-26,디스트레스드,0,google,trend_relative
2025-11-02,디스트레스드,0,google,trend_relative
2025-11-09,디스트레스드,0,google,trend_relative
2025-11-16,디스트레스드,0,google,trend_relative
2025-11-23,디스트레스드,0,google,trend_relative
2025-11-30,디스트레스드,0,google,trend_relative
2025-12-07,디스트레스드,0,google,trend_relative
2025-12-14,디스트레스드,0,google,trend_relative
2025-12-21,디스트레스드,0,google,trend_relative
2025-12-28,디스트레스드,0,google,trend_relative
2026-01-04,디스트레스드,0,google,trend_relative
2026-01-11,디스트레스드,0,google,trend_relative
2026-01-18,디스트레스드,0,google,trend_relative
2026-01-25,디스트레스드,0,google,trend_relative
2026-02-01,디스트레스드,0,google,trend_relative
2026-02-08,디스트레스드,0,google,trend_relative
2026-02-15,디스트레스드,0,google,trend_relative
2026-02-22,디스트레스드,0,google,trend_relative
2026-03-01,디스트레스드,0,google,trend_relative
2026-03-08,디스트레스드,0,google,trend_relative
2026-03-15,디스트레스드,0,google,trend_relative
2026-03-22,디스트레스드,0,google,trend_relative
2026-03-29,디스트레스드,0,google,trend_relative
2026-04-05,디스트레스드,0,google,trend_relative
2026-04-12,디스트레스드,0,google,trend_relative
2026-04-19,디스트레스드,0,google,trend_relative
2026-04-26,디스트레스드,0,google,trend_relative
2026-05-03,디스트레스드,0,google,trend_relative
2026-05-10,디스트레스드,0,google,trend_relative
2026-05-17,디스트레스드,0,google,trend_relative
2026-05-24,디스트레스드,0,google,trend_relative
2026-05-31,디스트레스드,0,google,trend_relative
2026-06-07,디스트레스드,0,google,trend_relative
2026-06-14,디스트레스드,0,google,trend_relative
2026-06-21,디스트레스드,0,google,trend_relative
2026-06-28,디스트레스드,0,google,trend_relative
2026-07-05,디스트레스드,0,google,trend_relative
2026-07-12,디스트레스드,0,google,trend_relative
2026-07-19,디스트레스드,0,google,trend_relative
2026-07-26,디스트레스드,0,google,trend_relative
2026-08-02,디스트레스드,0,google,trend_relative
2026-08-09,디스트레스드,0,google,trend_relative
2026-08-16,디스트레스드,0,google,trend_relative
2026-08-23,디스트레스드,0,google,trend_relative
2026-08-30,디스트레스드,0,google,trend_relative
2026-09-06,디스트레스드,1,google,trend_relative
2026-09-13,디스트레스드,0,google,trend_relative
2025-09-14,시폰,0,google,trend_relative
2025-09-21,시폰,0,google,trend_relative
2025-09-28,시폰,0,google,trend_relative
2025-10-05,시폰,0,google,trend_relative
2025-10-12,시폰,0,google,trend_relative
2025-10-19,시폰,0,google,trend_relative
2025-10-26,시폰,0,google,trend_relative
2025-11-02,시폰,0,google,trend_relative
2025-11-09,시폰,0,google,trend_relative
2025-11-16,시폰,0,google,trend_relative
2025-11-23,시폰,0,google,trend_relative
2025-11-30,시폰,4,google,trend_relative
2025-12-07,시폰,0,google,trend_relative
2025-12-14,시폰,0,google,trend_relative
2025-12-21,시폰,0,google,trend_relative
2025-12-28,시폰,0,google,trend_relative
2026-01-04,시폰,0,google,trend_relative
2026-01-11,시폰,0,google,trend_relative
2026-01-18,시폰,0,google,trend_relative
2026-01-25,시폰,0,google,trend_relative
2026-02-01,시폰,0,google,trend_relative
2026-02-08,시폰,0,google,trend_relative
2026-02-15,시폰,0,google,trend_relative
2026-02-22,시폰,0,google,trend_relative
2026-03-01,시폰,6,google,trend_relative
2026-03-08,시폰,0,google,trend_relative
2026-03-15,시폰,0,google,trend_relative
2026-03-22,시폰,0,google,trend_relative
2026-03-29,시폰,0,google,trend_relative
2026-04-05,시폰,0,google,trend_relative
2026-04-12,시폰,0,google,trend_relative
2026-04-19,시폰,3,google,trend_relative
2026-04-26,시폰,0,google,trend_relative
2026-05-03,시폰,0,google,trend_relative
2026-05-10,시폰,0,google,trend_relative
2026-05-17,시폰,4,google,trend_relative
2026-05-24,시폰,0,google,trend_relative
2026-05-31,시폰,0,google,trend_relative
2026-06-07,시폰,0,google,trend_relative
2026-06-14,시폰,0,google,trend_relative
2026-06-21,시폰,0,google,trend_relative
2026-06-28,시폰,0,google,trend_relative
2026-07-05,시폰,0,google,trend_relative
2026-07-12,시폰,0,google,trend_relative
2026-07-19,시폰,0,google,trend_relative
2026-07-26,시폰,0,google,trend_relative
2026-08-02,시폰,0,google,trend_relative
2026-08-09,시폰,0,google,trend_relative
2026-08-16,시폰,0,google,trend_relative
2026-08-23,시폰,0,google,trend_relative
2026-08-30,시폰,2,google,trend_relative
2026-09-06,시폰,2,google,trend_relative
2026-09-13,시폰,2,google,trend_relative
2025-09-14,레더,50,google,trend_relative
2025-09-21,레더,60,google,trend_relative
2025-09-28,레더,74,google,trend_relative
2025-10-05,레더,73,google,trend_relative
2025-10-12,레더,58,google,trend_relative
2025-10-19,레더,75,google,trend_relative
2025-10-26,레더,76,google,trend_relative
2025-11-02,레더,69,google,trend_relative
2025-11-09,레더,64,google,trend_relative
2025-11-16,레더,73,google,trend_relative
2025-11-23,레더,69,google,trend_relative
2025-11-30,레더,66,google,trend_relative
2025-12-07,레더,60,google,trend_relative
2025-12-14,레더,65,google,trend_relative
2025-12-21,레더,59,google,trend_relative
2025-12-28,레더,67,google,trend_relative
2026-01-04,레더,59,google,trend_relative
2026-01-11,레더,62,google,trend_relative
2026-01-18,레더,65,google,trend_relative
2026-01-25,레더,67,google,trend_relative
2026-02-01,레더,64,google,trend_relative
2026-02-08,레더,73,google,trend_relative
2026-02-15,레더,100,google,trend_relative
2026-02-22,레더,90,google,trend_relative
2026-03-01,레더,86,google,trend_relative
2026-03-08,레더,95,google,trend_relative
2026-03-15,레더,81,google,trend_relative
2026-03-22,레더,74,google,trend_relative
2026-03-29,레더,63,google,trend_relative
2026-04-05,레더,56,google,trend_relative
2026-04-12,레더,53,google,trend_relative
2026-04-19,레더,52,google,trend_relative
2026-04-26,레더,41,google,trend_relative
2026-05-03,레더,46,google,trend_relative
2026-05-10,레더,50,google,trend_relative
2026-05-17,레더,47,google,trend_relative
2026-05-24,레더,53,google,trend_relative
2026-05-31,레더,42,google,trend_relative
2026-06-07,레더,36,google,trend_relative
2026-06-14,레더,42,google,trend_relative
2026-06-21,레더,41,google,trend_relative
2026-06-28,레더,40,google,trend_relative
2026-07-05,레더,44,google,trend_relative
2026-07-12,레더,47,google,trend_relative
2026-07-19,레더,47,google,trend_relative
2026-07-26,레더,42,google,trend_relative
2026-08-02,레더,39,google,trend_relative
2026-08-09,레더,49,google,trend_relative
2026-08-16,레더,65,google,trend_relative
2026-08-23,레더,67,google,trend_relative
2026-08-30,레더,54,google,trend_relative
2026-09-06,레더,64,google,trend_relative
2026-09-13,레더,84,google,trend_relative
2025-09-14,리얼퍼,0,google,trend_relative
2025-09-21,리얼퍼,0,google,trend_relative
2025-09-28,리얼퍼,0,google,trend_relative
2025-10-05,리얼퍼,0,google,trend_relative
2025-10-12,리얼퍼,0,google,trend_relative
2025-10-19,리얼퍼,0,google,trend_relative
2025-10-26,리얼퍼,0,google,trend_relative
2025-11-02,리얼퍼,0,google,trend_relative
2025-11-09,리얼퍼,0,google,trend_relative
2025-11-16,리얼퍼,0,google,trend_relative
2025-11-23,리얼퍼,0,google,trend_relative
2025-11-30,리얼퍼,0,google,trend_relative
2025-12-07,리얼퍼,0,google,trend_relative
2025-12-14,리얼퍼,0,google,trend_relative
2025-12-21,리얼퍼,0,google,trend_relative
2025-12-28,리얼퍼,0,google,trend_relative
2026-01-04,리얼퍼,0,google,trend_relative
2026-01-11,리얼퍼,0,google,trend_relative
2026-01-18,리얼퍼,0,google,trend_relative
2026-01-25,리얼퍼,0,google,trend_relative
2026-02-01,리얼퍼,0,google,trend_relative
2026-02-08,리얼퍼,0,google,trend_relative
2026-02-15,리얼퍼,0,google,trend_relative
2026-02-22,리얼퍼,0,google,trend_relative
2026-03-01,리얼퍼,0,google,trend_relative
2026-03-08,리얼퍼,0,google,trend_relative
2026-03-15,리얼퍼,0,google,trend_relative
2026-03-22,리얼퍼,0,google,trend_relative
2026-03-29,리얼퍼,0,google,trend_relative
2026-04-05,리얼퍼,0,google,trend_relative
2026-04-12,리얼퍼,0,google,trend_relative
2026-04-19,리얼퍼,0,google,trend_relative
2026-04-26,리얼퍼,0,google,trend_relative
2026-05-03,리얼퍼,0,google,trend_relative
2026-05-10,리얼퍼,0,google,trend_relative
2026-05-17,리얼퍼,0,google,trend_relative
2026-05-24,리얼퍼,0,google,trend_relative
2026-05-31,리얼퍼,0,google,trend_relative
2026-06-07,리얼퍼,0,google,trend_relative
2026-06-14,리얼퍼,0,google,trend_relative
2026-06-21,리얼퍼,0,google,trend_relative
2026-06-28,리얼퍼,0,google,trend_relative
2026-07-05,리얼퍼,0,google,trend_relative
2026-07-12,리얼퍼,0,google,trend_relative
2026-07-19,리얼퍼,0,google,trend_relative
2026-07-26,리얼퍼,0,google,trend_relative
2026-08-02,리얼퍼,0,google,trend_relative
2026-08-09,리얼퍼,0,google,trend_relative
2026-08-16,리얼퍼,0,google,trend_relative
2026-08-23,리얼퍼,0,google,trend_relative
2026-08-30,리얼퍼,0,google,trend_relative
2026-09-06,리얼퍼,0,google,trend_relative
2026-09-13,리얼퍼,0,google,trend_relative
2025-09-14,무스탕,1,google,trend_relative
2025-09-21,무스탕,1,google,trend_relative
2025-09-28,무스탕,1,google,trend_relative
2025-10-05,무스탕,2,google,trend_relative
2025-10-12,무스탕,1,google,trend_relative
2025-10-19,무스탕,2,google,trend_relative
2025-10-26,무스탕,3,google,trend_relative
2025-11-02,무스탕,4,google,trend_relative
2025-11-09,무스탕,3,google,trend_relative
2025-11-16,무스탕,5,google,trend_relative
2025-11-23,무스탕,5,google,trend_relative
2025-11-30,무스탕,5,google,trend_relative
2025-12-07,무스탕,5,google,trend_relative
2025-12-14,무스탕,5,google,trend_relative
2025-12-21,무스탕,6,google,trend_relative
2025-12-28,무스탕,5,google,trend_relative
2026-01-04,무스탕,4,google,trend_relative
2026-01-11,무스탕,4,google,trend_relative
2026-01-18,무스탕,3,google,trend_relative
2026-01-25,무스탕,3,google,trend_relative
2026-02-01,무스탕,2,google,trend_relative
2026-02-08,무스탕,2,google,trend_relative
2026-02-15,무스탕,2,google,trend_relative
2026-02-22,무스탕,1,google,trend_relative
2026-03-01,무스탕,1,google,trend_relative
2026-03-08,무스탕,1,google,trend_relative
2026-03-15,무스탕,1,google,trend_relative
2026-03-22,무스탕,1,google,trend_relative
2026-03-29,무스탕,1,google,trend_relative
2026-04-05,무스탕,0,google,trend_relative
2026-04-12,무스탕,0,google,trend_relative
2026-04-19,무스탕,0,google,trend_relative
2026-04-26,무스탕,0,google,trend_relative
2026-05-03,무스탕,0,google,trend_relative
2026-05-10,무스탕,0,google,trend_relative
2026-05-17,무스탕,0,google,trend_relative
2026-05-24,무스탕,0,google,trend_relative
2026-05-31,무스탕,0,google,trend_relative
2026-06-07,무스탕,0,google,trend_relative
2026-06-14,무스탕,0,google,trend_relative
2026-06-21,무스탕,0,google,trend_relative
2026-06-28,무스탕,0,google,trend_relative
2026-07-05,무스탕,0,google,trend_relative
2026-07-12,무스탕,0,google,trend_relative
2026-07-19,무스탕,0,google,trend_relative
2026-07-26,무스탕,0,google,trend_relative
2026-08-02,무스탕,1,google,trend_relative
2026-08-09,무스탕,1,google,trend_relative
2026-08-16,무스탕,1,google,trend_relative
2026-08-23,무스탕,1,google,trend_relative
2026-08-30,무스탕,0,google,trend_relative
2026-09-06,무스탕,1,google,trend_relative
2026-09-13,무스탕,1,google,trend_relative
2025-09-14,스웨이드,3,google,trend_relative
2025-09-21,스웨이드,4,google,trend_relative
2025-09-28,스웨이드,4,google,trend_relative
2025-10-05,스웨이드,4,google,trend_relative
2025-10-12,스웨이드,4,google,trend_relative
2025-10-19,스웨이드,4,google,trend_relative
2025-10-26,스웨이드,4,google,trend_relative
2025-11-02,스웨이드,4,google,trend_relative
2025-11-09,스웨이드,4,google,trend_relative
2025-11-16,스웨이드,4,google,trend_relative
2025-11-23,스웨이드,3,google,trend_relative
2025-11-30,스웨이드,4,google,trend_relative
2025-12-07,스웨이드,3,google,trend_relative
2025-12-14,스웨이드,3,google,trend_relative
2025-12-21,스웨이드,3,google,trend_relative
2025-12-28,스웨이드,3,google,trend_relative
2026-01-04,스웨이드,2,google,trend_relative
2026-01-11,스웨이드,2,google,trend_relative
2026-01-18,스웨이드,3,google,trend_relative
2026-01-25,스웨이드,3,google,trend_relative
2026-02-01,스웨이드,3,google,trend_relative
2026-02-08,스웨이드,3,google,trend_relative
2026-02-15,스웨이드,3,google,trend_relative
2026-02-22,스웨이드,3,google,trend_relative
2026-03-01,스웨이드,3,google,trend_relative
2026-03-08,스웨이드,3,google,trend_relative
2026-03-15,스웨이드,3,google,trend_relative
2026-03-22,스웨이드,3,google,trend_relative
2026-03-29,스웨이드,3,google,trend_relative
2026-04-05,스웨이드,2,google,trend_relative
2026-04-12,스웨이드,2,google,trend_relative
2026-04-19,스웨이드,1,google,trend_relative
2026-04-26,스웨이드,2,google,trend_relative
2026-05-03,스웨이드,2,google,trend_relative
2026-05-10,스웨이드,2,google,trend_relative
2026-05-17,스웨이드,1,google,trend_relative
2026-05-24,스웨이드,1,google,trend_relative
2026-05-31,스웨이드,1,google,trend_relative
2026-06-07,스웨이드,1,google,trend_relative
2026-06-14,스웨이드,1,google,trend_relative
2026-06-21,스웨이드,2,google,trend_relative
2026-06-28,스웨이드,1,google,trend_relative
2026-07-05,스웨이드,1,google,trend_relative
2026-07-12,스웨이드,1,google,trend_relative
2026-07-19,스웨이드,1,google,trend_relative
2026-07-26,스웨이드,1,google,trend_relative
2026-08-02,스웨이드,1,google,trend_relative
2026-08-09,스웨이드,1,google,trend_relative
2026-08-16,스웨이드,2,google,trend_relative
2026-08-23,스웨이드,2,google,trend_relative
2026-08-30,스웨이드,2,google,trend_relative
2026-09-06,스웨이드,3,google,trend_relative
2026-09-13,스웨이드,3,google,trend_relative
2025-09-14,메시,13,google,trend_relative
2025-09-21,메시,12,google,trend_relative
2025-09-28,메시,12,google,trend_relative
2025-10-05,메시,13,google,trend_relative
2025-10-12,메시,10,google,trend_relative
2025-10-19,메시,14,google,trend_relative
2025-10-26,메시,15,google,trend_relative
2025-11-02,메시,10,google,trend_relative
2025-11-09,메시,10,google,trend_relative
2025-11-16,메시,10,google,trend_relative
2025-11-23,메시,10,google,trend_relative
2025-11-30,메시,9,google,trend_relative
2025-12-07,메시,11,google,trend_relative
2025-12-14,메시,9,google,trend_relative
2025-12-21,메시,7,google,trend_relative
2025-12-28,메시,7,google,trend_relative
2026-01-04,메시,8,google,trend_relative
2026-01-11,메시,7,google,trend_relative
2026-01-18,메시,8,google,trend_relative
2026-01-25,메시,9,google,trend_relative
2026-02-01,메시,8,google,trend_relative
2026-02-08,메시,6,google,trend_relative
2026-02-15,메시,8,google,trend_relative
2026-02-22,메시,12,google,trend_relative
2026-03-01,메시,10,google,trend_relative
2026-03-08,메시,9,google,trend_relative
2026-03-15,메시,8,google,trend_relative
2026-03-22,메시,7,google,trend_relative
2026-03-29,메시,9,google,trend_relative
2026-04-05,메시,9,google,trend_relative
2026-04-12,메시,9,google,trend_relative
2026-04-19,메시,9,google,trend_relative
2026-04-26,메시,8,google,trend_relative
2026-05-03,메시,10,google,trend_relative
2026-05-10,메시,9,google,trend_relative
2026-05-17,메시,9,google,trend_relative
2026-05-24,메시,15,google,trend_relative
2026-05-31,메시,9,google,trend_relative
2026-06-07,메시,17,google,trend_relative
2026-06-14,메시,48,google,trend_relative
2026-06-21,메시,47,google,trend_relative
2026-06-28,메시,48,google,trend_relative
2026-07-05,메시,53,google,trend_relative
2026-07-12,메시,85,google,trend_relative
2026-07-19,메시,46,google,trend_relative
2026-07-26,메시,17,google,trend_relative
2026-08-02,메시,17,google,trend_relative
2026-08-09,메시,17,google,trend_relative
2026-08-16,메시,14,google,trend_relative
2026-08-23,메시,12,google,trend_relative
2026-08-30,메시,18,google,trend_relative
2026-09-06,메시,12,google,trend_relative
2026-09-13,메시,18,google,trend_relative
2025-09-14,다운,84,google,trend_relative
2025-09-21,다운,87,google,trend_relative
2025-09-28,다운,87,google,trend_relative
2025-10-05,다운,92,google,trend_relative
2025-10-12,다운,92,google,trend_relative
2025-10-19,다운,92,google,trend_relative
2025-10-26,다운,91,google,trend_relative
2025-11-02,다운,88,google,trend_relative
2025-11-09,다운,91,google,trend_relative
2025-11-16,다운,94,google,trend_relative
2025-11-23,다운,84,google,trend_relative
2025-11-30,다운,93,google,trend_relative
2025-12-07,다운,97,google,trend_relative
2025-12-14,다운,91,google,trend_relative
2025-12-21,다운,87,google,trend_relative
2025-12-28,다운,100,google,trend_relative
2026-01-04,다운,84,google,trend_relative
2026-01-11,다운,74,google,trend_relative
2026-01-18,다운,83,google,trend_relative
2026-01-25,다운,78,google,trend_relative
2026-02-01,다운,74,google,trend_relative
2026-02-08,다운,69,google,trend_relative
2026-02-15,다운,62,google,trend_relative
2026-02-22,다운,76,google,trend_relative
2026-03-01,다운,74,google,trend_relative
2026-03-08,다운,79,google,trend_relative
2026-03-15,다운,74,google,trend_relative
2026-03-22,다운,71,google,trend_relative
2026-03-29,다운,67,google,trend_relative
2026-04-05,다운,61,google,trend_relative
2026-04-12,다운,62,google,trend_relative
2026-04-19,다운,62,google,trend_relative
2026-04-26,다운,66,google,trend_relative
2026-05-03,다운,63,google,trend_relative
2026-05-10,다운,63,google,trend_relative
2026-05-17,다운,63,google,trend_relative
2026-05-24,다운,63,google,trend_relative
2026-05-31,다운,65,google,trend_relative
2026-06-07,다운,63,google,trend_relative
2026-06-14,다운,61,google,trend_relative
2026-06-21,다운,66,google,trend_relative
2026-06-28,다운,58,google,trend_relative
2026-07-05,다운,59,google,trend_relative
2026-07-12,다운,58,google,trend_relative
2026-07-19,다운,63,google,trend_relative
2026-07-26,다운,57,google,trend_relative
2026-08-02,다운,54,google,trend_relative
2026-08-09,다운,54,google,trend_relative
2026-08-16,다운,60,google,trend_relative
2026-08-23,다운,60,google,trend_relative
2026-08-30,다운,62,google,trend_relative
2026-09-06,다운,67,google,trend_relative
2026-09-13,다운,73,google,trend_relative
2025-09-14,헤링본,0,google,trend_relative
2025-09-21,헤링본,0,google,trend_relative
2025-09-28,헤링본,1,google,trend_relative
2025-10-05,헤링본,0,google,trend_relative
2025-10-12,헤링본,1,google,trend_relative
2025-10-19,헤링본,1,google,trend_relative
2025-10-26,헤링본,1,google,trend_relative
2025-11-02,헤링본,1,google,trend_relative
2025-11-09,헤링본,1,google,trend_relative
2025-11-16,헤링본,1,google,trend_relative
2025-11-23,헤링본,1,google,trend_relative
2025-11-30,헤링본,1,google,trend_relative
2025-12-07,헤링본,1,google,trend_relative
2025-12-14,헤링본,1,google,trend_relative
2025-12-21,헤링본,0,google,trend_relative
2025-12-28,헤링본,1,google,trend_relative
2026-01-04,헤링본,1,google,trend_relative
2026-01-11,헤링본,1,google,trend_relative
2026-01-18,헤링본,1,google,trend_relative
2026-01-25,헤링본,1,google,trend_relative
2026-02-01,헤링본,1,google,trend_relative
2026-02-08,헤링본,0,google,trend_relative
2026-02-15,헤링본,1,google,trend_relative
2026-02-22,헤링본,1,google,trend_relative
2026-03-01,헤링본,0,google,trend_relative
2026-03-08,헤링본,0,google,trend_relative
2026-03-15,헤링본,0,google,trend_relative
2026-03-22,헤링본,0,google,trend_relative
2026-03-29,헤링본,1,google,trend_relative
2026-04-05,헤링본,0,google,trend_relative
2026-04-12,헤링본,0,google,trend_relative
2026-04-19,헤링본,0,google,trend_relative
2026-04-26,헤링본,0,google,trend_relative
2026-05-03,헤링본,0,google,trend_relative
2026-05-10,헤링본,0,google,trend_relative
2026-05-17,헤링본,0,google,trend_relative
2026-05-24,헤링본,0,google,trend_relative
2026-05-31,헤링본,0,google,trend_relative
2026-06-07,헤링본,0,google,trend_relative
2026-06-14,헤링본,0,google,trend_relative
2026-06-21,헤링본,0,google,trend_relative
2026-06-28,헤링본,0,google,trend_relative
2026-07-05,헤링본,0,google,trend_relative
2026-07-12,헤링본,0,google,trend_relative
2026-07-19,헤링본,0,google,trend_relative
2026-07-26,헤링본,0,google,trend_relative
2026-08-02,헤링본,0,google,trend_relative
2026-08-09,헤링본,0,google,trend_relative
2026-08-16,헤링본,0,google,trend_relative
2026-08-23,헤링본,0,google,trend_relative
2026-08-30,헤링본,0,google,trend_relative
2026-09-06,헤링본,0,google,trend_relative
2026-09-13,헤링본,0,google,trend_relative
2025-09-14,생지,10,google,trend_relative
2025-09-21,생지,12,google,trend_relative
2025-09-28,생지,13,google,trend_relative
2025-10-05,생지,10,google,trend_relative
2025-10-12,생지,12,google,trend_relative
2025-10-19,생지,12,google,trend_relative
2025-10-26,생지,10,google,trend_relative
2025-11-02,생지,12,google,trend_relative
2025-11-09,생지,8,google,trend_relative
2025-11-16,생지,12,google,trend_relative
2025-11-23,생지,12,google,trend_relative
2025-11-30,생지,13,google,trend_relative
2025-12-07,생지,14,google,trend_relative
2025-12-14,생지,11,google,trend_relative
2025-12-21,생지,13,google,trend_relative
2025-12-28,생지,15,google,trend_relative
2026-01-04,생지,11,google,trend_relative
2026-01-11,생지,13,google,trend_relative
2026-01-18,생지,9,google,trend_relative
2026-01-25,생지,9,google,trend_relative
2026-02-01,생지,11,google,trend_relative
2026-02-08,생지,9,google,trend_relative
2026-02-15,생지,11,google,trend_relative
2026-02-22,생지,11,google,trend_relative
2026-03-01,생지,11,google,trend_relative
2026-03-08,생지,10,google,trend_relative
2026-03-15,생지,13,google,trend_relative
2026-03-22,생지,8,google,trend_relative
2026-03-29,생지,11,google,trend_relative
2026-04-05,생지,8,google,trend_relative
2026-04-12,생지,9,google,trend_relative
2026-04-19,생지,9,google,trend_relative
2026-04-26,생지,8,google,trend_relative
2026-05-03,생지,8,google,trend_relative
2026-05-10,생지,11,google,trend_relative
2026-05-17,생지,8,google,trend_relative
2026-05-24,생지,7,google,trend_relative
2026-05-31,생지,6,google,trend_relative
2026-06-07,생지,8,google,trend_relative
2026-06-14,생지,9,google,trend_relative
2026-06-21,생지,8,google,trend_relative
2026-06-28,생지,7,google,trend_relative
2026-07-05,생지,11,google,trend_relative
2026-07-12,생지,9,google,trend_relative
2026-07-19,생지,8,google,trend_relative
2026-07-26,생지,7,google,trend_relative
2026-08-02,생지,6,google,trend_relative
2026-08-09,생지,7,google,trend_relative
2026-08-16,생지,8,google,trend_relative
2026-08-23,생지,5,google,trend_relative
2026-08-30,생지,6,google,trend_relative
2026-09-06,생지,8,google,trend_relative
2026-09-13,생지,9,google,trend_relative
2025-09-14,셀비지,4,google,trend_relative
2025-09-21,셀비지,4,google,trend_relative
2025-09-28,셀비지,0,google,trend_relative
2025-10-05,셀비지,0,google,trend_relative
2025-10-12,셀비지,4,google,trend_relative
2025-10-19,셀비지,3,google,trend_relative
2025-10-26,셀비지,3,google,trend_relative
2025-11-02,셀비지,3,google,trend_relative
2025-11-09,셀비지,4,google,trend_relative
2025-11-16,셀비지,3,google,trend_relative
2025-11-23,셀비지,4,google,trend_relative
2025-11-30,셀비지,0,google,trend_relative
2025-12-07,셀비지,0,google,trend_relative
2025-12-14,셀비지,3,google,trend_relative
2025-12-21,셀비지,0,google,trend_relative
2025-12-28,셀비지,5,google,trend_relative
2026-01-04,셀비지,3,google,trend_relative
2026-01-11,셀비지,4,google,trend_relative
2026-01-18,셀비지,4,google,trend_relative
2026-01-25,셀비지,4,google,trend_relative
2026-02-01,셀비지,3,google,trend_relative
2026-02-08,셀비지,5,google,trend_relative
2026-02-15,셀비지,3,google,trend_relative
2026-02-22,셀비지,7,google,trend_relative
2026-03-01,셀비지,8,google,trend_relative
2026-03-08,셀비지,5,google,trend_relative
2026-03-15,셀비지,5,google,trend_relative
2026-03-22,셀비지,5,google,trend_relative
2026-03-29,셀비지,6,google,trend_relative
2026-04-05,셀비지,4,google,trend_relative
2026-04-12,셀비지,7,google,trend_relative
2026-04-19,셀비지,3,google,trend_relative
2026-04-26,셀비지,3,google,trend_relative
2026-05-03,셀비지,3,google,trend_relative
2026-05-10,셀비지,4,google,trend_relative
2026-05-17,셀비지,0,google,trend_relative
2026-05-24,셀비지,3,google,trend_relative
2026-05-31,셀비지,3,google,trend_relative
2026-06-07,셀비지,2,google,trend_relative
2026-06-14,셀비지,4,google,trend_relative
2026-06-21,셀비지,0,google,trend_relative
2026-06-28,셀비지,4,google,trend_relative
2026-07-05,셀비지,0,google,trend_relative
2026-07-12,셀비지,0,google,trend_relative
2026-07-19,셀비지,0,google,trend_relative
2026-07-26,셀비지,0,google,trend_relative
2026-08-02,셀비지,0,google,trend_relative
2026-08-09,셀비지,3,google,trend_relative
2026-08-16,셀비지,5,google,trend_relative
2026-08-23,셀비지,3,google,trend_relative
2026-08-30,셀비지,2,google,trend_relative
2026-09-06,셀비지,2,google,trend_relative
2026-09-13,셀비지,3,google,trend_relative
2025-09-14,포플린,2,google,trend_relative
2025-09-21,포플린,0,google,trend_relative
2025-09-28,포플린,0,google,trend_relative
2025-10-05,포플린,3,google,trend_relative
2025-10-12,포플린,0,google,trend_relative
2025-10-19,포플린,0,google,trend_relative
2025-10-26,포플린,0,google,trend_relative
2025-11-02,포플린,0,google,trend_relative
2025-11-09,포플린,0,google,trend_relative
2025-11-16,포플린,0,google,trend_relative
2025-11-23,포플린,0,google,trend_relative
2025-11-30,포플린,0,google,trend_relative
2025-12-07,포플린,0,google,trend_relative
2025-12-14,포플린,0,google,trend_relative
2025-12-21,포플린,0,google,trend_relative
2025-12-28,포플린,0,google,trend_relative
2026-01-04,포플린,0,google,trend_relative
2026-01-11,포플린,0,google,trend_relative
2026-01-18,포플린,0,google,trend_relative
2026-01-25,포플린,0,google,trend_relative
2026-02-01,포플린,0,google,trend_relative
2026-02-08,포플린,0,google,trend_relative
2026-02-15,포플린,0,google,trend_relative
2026-02-22,포플린,0,google,trend_relative
2026-03-01,포플린,3,google,trend_relative
2026-03-08,포플린,0,google,trend_relative
2026-03-15,포플린,0,google,trend_relative
2026-03-22,포플린,0,google,trend_relative
2026-03-29,포플린,0,google,trend_relative
2026-04-05,포플린,0,google,trend_relative
2026-04-12,포플린,2,google,trend_relative
2026-04-19,포플린,0,google,trend_relative
2026-04-26,포플린,3,google,trend_relative
2026-05-03,포플린,0,google,trend_relative
2026-05-10,포플린,0,google,trend_relative
2026-05-17,포플린,0,google,trend_relative
2026-05-24,포플린,0,google,trend_relative
2026-05-31,포플린,0,google,trend_relative
2026-06-07,포플린,0,google,trend_relative
2026-06-14,포플린,0,google,trend_relative
2026-06-21,포플린,0,google,trend_relative
2026-06-28,포플린,0,google,trend_relative
2026-07-05,포플린,0,google,trend_relative
2026-07-12,포플린,0,google,trend_relative
2026-07-19,포플린,0,google,trend_relative
2026-07-26,포플린,0,google,trend_relative
2026-08-02,포플린,3,google,trend_relative
2026-08-09,포플린,0,google,trend_relative
2026-08-16,포플린,0,google,trend_relative
2026-08-23,포플린,0,google,trend_relative
2026-08-30,포플린,1,google,trend_relative
2026-09-06,포플린,1,google,trend_relative
2026-09-13,포플린,1,google,trend_relative
2025-09-14,도비,13,google,trend_relative
2025-09-21,도비,14,google,trend_relative
2025-09-28,도비,11,google,trend_relative
2025-10-05,도비,11,google,trend_relative
2025-10-12,도비,11,google,trend_relative
2025-10-19,도비,16,google,trend_relative
2025-10-26,도비,12,google,trend_relative
2025-11-02,도비,12,google,trend_relative
2025-11-09,도비,17,google,trend_relative
2025-11-16,도비,16,google,trend_relative
2025-11-23,도비,17,google,trend_relative
2025-11-30,도비,18,google,trend_relative
2025-12-07,도비,15,google,trend_relative
2025-12-14,도비,18,google,trend_relative
2025-12-21,도비,16,google,trend_relative
2025-12-28,도비,15,google,trend_relative
2026-01-04,도비,16,google,trend_relative
2026-01-11,도비,15,google,trend_relative
2026-01-18,도비,14,google,trend_relative
2026-01-25,도비,13,google,trend_relative
2026-02-01,도비,14,google,trend_relative
2026-02-08,도비,15,google,trend_relative
2026-02-15,도비,13,google,trend_relative
2026-02-22,도비,15,google,trend_relative
2026-03-01,도비,10,google,trend_relative
2026-03-08,도비,13,google,trend_relative
2026-03-15,도비,21,google,trend_relative
2026-03-22,도비,15,google,trend_relative
2026-03-29,도비,16,google,trend_relative
2026-04-05,도비,13,google,trend_relative
2026-04-12,도비,12,google,trend_relative
2026-04-19,도비,14,google,trend_relative
2026-04-26,도비,16,google,trend_relative
2026-05-03,도비,21,google,trend_relative
2026-05-10,도비,15,google,trend_relative
2026-05-17,도비,13,google,trend_relative
2026-05-24,도비,15,google,trend_relative
2026-05-31,도비,12,google,trend_relative
2026-06-07,도비,13,google,trend_relative
2026-06-14,도비,13,google,trend_relative
2026-06-21,도비,14,google,trend_relative
2026-06-28,도비,16,google,trend_relative
2026-07-05,도비,14,google,trend_relative
2026-07-12,도비,12,google,trend_relative
2026-07-19,도비,11,google,trend_relative
2026-07-26,도비,15,google,trend_relative
2026-08-02,도비,15,google,trend_relative
2026-08-09,도비,15,google,trend_relative
2026-08-16,도비,100,google,trend_relative
2026-08-23,도비,15,google,trend_relative
2026-08-30,도비,12,google,trend_relative
2026-09-06,도비,14,google,trend_relative
2026-09-13,도비,15,google,trend_relative
2025-09-14,시어서커,3,google,trend_relative
2025-09-21,시어서커,0,google,trend_relative
2025-09-28,시어서커,0,google,trend_relative
2025-10-05,시어서커,0,google,trend_relative
2025-10-12,시어서커,0,google,trend_relative
2025-10-19,시어서커,4,google,trend_relative
2025-10-26,시어서커,0,google,trend_relative
2025-11-02,시어서커,0,google,trend_relative
2025-11-09,시어서커,0,google,trend_relative
2025-11-16,시어서커,0,google,trend_relative
2025-11-23,시어서커,0,google,trend_relative
2025-11-30,시어서커,0,google,trend_relative
2025-12-07,시어서커,0,google,trend_relative
2025-12-14,시어서커,0,google,trend_relative
2025-12-21,시어서커,0,google,trend_relative
2025-12-28,시어서커,0,google,trend_relative
2026-01-04,시어서커,0,google,trend_relative
2026-01-11,시어서커,0,google,trend_relative
2026-01-18,시어서커,0,google,trend_relative
2026-01-25,시어서커,0,google,trend_relative
2026-02-01,시어서커,0,google,trend_relative
2026-02-08,시어서커,2,google,trend_relative
2026-02-15,시어서커,0,google,trend_relative
2026-02-22,시어서커,0,google,trend_relative
2026-03-01,시어서커,0,google,trend_relative
2026-03-08,시어서커,0,google,trend_relative
2026-03-15,시어서커,0,google,trend_relative
2026-03-22,시어서커,0,google,trend_relative
2026-03-29,시어서커,3,google,trend_relative
2026-04-05,시어서커,0,google,trend_relative
2026-04-12,시어서커,5,google,trend_relative
2026-04-19,시어서커,4,google,trend_relative
2026-04-26,시어서커,6,google,trend_relative
2026-05-03,시어서커,5,google,trend_relative
2026-05-10,시어서커,5,google,trend_relative
2026-05-17,시어서커,8,google,trend_relative
2026-05-24,시어서커,8,google,trend_relative
2026-05-31,시어서커,8,google,trend_relative
2026-06-07,시어서커,4,google,trend_relative
2026-06-14,시어서커,7,google,trend_relative
2026-06-21,시어서커,6,google,trend_relative
2026-06-28,시어서커,5,google,trend_relative
2026-07-05,시어서커,8,google,trend_relative
2026-07-12,시어서커,8,google,trend_relative
2026-07-19,시어서커,6,google,trend_relative
2026-07-26,시어서커,4,google,trend_relative
2026-08-02,시어서커,3,google,trend_relative
2026-08-09,시어서커,2,google,trend_relative
2026-08-16,시어서커,0,google,trend_relative
2026-08-23,시어서커,3,google,trend_relative
2026-08-30,시어서커,2,google,trend_relative
2026-09-06,시어서커,2,google,trend_relative
2026-09-13,시어서커,1,google,trend_relative
2025-09-14,저마,0,google,trend_relative
2025-09-21,저마,0,google,trend_relative
2025-09-28,저마,0,google,trend_relative
2025-10-05,저마,0,google,trend_relative
2025-10-12,저마,0,google,trend_relative
2025-10-19,저마,6,google,trend_relative
2025-10-26,저마,0,google,trend_relative
2025-11-02,저마,0,google,trend_relative
2025-11-09,저마,0,google,trend_relative
2025-11-16,저마,0,google,trend_relative
2025-11-23,저마,6,google,trend_relative
2025-11-30,저마,0,google,trend_relative
2025-12-07,저마,0,google,trend_relative
2025-12-14,저마,0,google,trend_relative
2025-12-21,저마,0,google,trend_relative
2025-12-28,저마,0,google,trend_relative
2026-01-04,저마,0,google,trend_relative
2026-01-11,저마,0,google,trend_relative
2026-01-18,저마,0,google,trend_relative
2026-01-25,저마,0,google,trend_relative
2026-02-01,저마,0,google,trend_relative
2026-02-08,저마,0,google,trend_relative
2026-02-15,저마,0,google,trend_relative
2026-02-22,저마,0,google,trend_relative
2026-03-01,저마,0,google,trend_relative
2026-03-08,저마,0,google,trend_relative
2026-03-15,저마,0,google,trend_relative
2026-03-22,저마,0,google,trend_relative
2026-03-29,저마,0,google,trend_relative
2026-04-05,저마,0,google,trend_relative
2026-04-12,저마,0,google,trend_relative
2026-04-19,저마,0,google,trend_relative
2026-04-26,저마,0,google,trend_relative
2026-05-03,저마,0,google,trend_relative
2026-05-10,저마,0,google,trend_relative
2026-05-17,저마,0,google,trend_relative
2026-05-24,저마,0,google,trend_relative
2026-05-31,저마,0,google,trend_relative
2026-06-07,저마,0,google,trend_relative
2026-06-14,저마,0,google,trend_relative
2026-06-21,저마,0,google,trend_relative
2026-06-28,저마,0,google,trend_relative
2026-07-05,저마,0,google,trend_relative
2026-07-12,저마,0,google,trend_relative
2026-07-19,저마,0,google,trend_relative
2026-07-26,저마,0,google,trend_relative
2026-08-02,저마,0,google,trend_relative
2026-08-09,저마,0,google,trend_relative
2026-08-16,저마,0,google,trend_relative
2026-08-23,저마,0,google,trend_relative
2026-08-30,저마,1,google,trend_relative
2026-09-06,저마,1,google,trend_relative
2026-09-13,저마,0,google,trend_relative
2025-09-14,코튼,68,google,trend_relative
2025-09-21,코튼,67,google,trend_relative
2025-09-28,코튼,66,google,trend_relative
2025-10-05,코튼,75,google,trend_relative
2025-10-12,코튼,59,google,trend_relative
2025-10-19,코튼,69,google,trend_relative
2025-10-26,코튼,81,google,trend_relative
2025-11-02,코튼,85,google,trend_relative
2025-11-09,코튼,72,google,trend_relative
2025-11-16,코튼,100,google,trend_relative
2025-11-23,코튼,85,google,trend_relative
2025-11-30,코튼,82,google,trend_relative
2025-12-07,코튼,72,google,trend_relative
2025-12-14,코튼,81,google,trend_relative
2025-12-21,코튼,61,google,trend_relative
2025-12-28,코튼,74,google,trend_relative
2026-01-04,코튼,59,google,trend_relative
2026-01-11,코튼,64,google,trend_relative
2026-01-18,코튼,65,google,trend_relative
2026-01-25,코튼,63,google,trend_relative
2026-02-01,코튼,66,google,trend_relative
2026-02-08,코튼,68,google,trend_relative
2026-02-15,코튼,88,google,trend_relative
2026-02-22,코튼,84,google,trend_relative
2026-03-01,코튼,85,google,trend_relative
2026-03-08,코튼,80,google,trend_relative
2026-03-15,코튼,93,google,trend_relative
2026-03-22,코튼,96,google,trend_relative
2026-03-29,코튼,85,google,trend_relative
2026-04-05,코튼,90,google,trend_relative
2026-04-12,코튼,89,google,trend_relative
2026-04-19,코튼,77,google,trend_relative
2026-04-26,코튼,71,google,trend_relative
2026-05-03,코튼,83,google,trend_relative
2026-05-10,코튼,90,google,trend_relative
2026-05-17,코튼,80,google,trend_relative
2026-05-24,코튼,87,google,trend_relative
2026-05-31,코튼,80,google,trend_relative
2026-06-07,코튼,73,google,trend_relative
2026-06-14,코튼,78,google,trend_relative
2026-06-21,코튼,66,google,trend_relative
2026-06-28,코튼,80,google,trend_relative
2026-07-05,코튼,71,google,trend_relative
2026-07-12,코튼,75,google,trend_relative
2026-07-19,코튼,73,google,trend_relative
2026-07-26,코튼,65,google,trend_relative
2026-08-02,코튼,67,google,trend_relative
2026-08-09,코튼,55,google,trend_relative
2026-08-16,코튼,58,google,trend_relative
2026-08-23,코튼,66,google,trend_relative
2026-08-30,코튼,62,google,trend_relative
2026-09-06,코튼,66,google,trend_relative
2026-09-13,코튼,76,google,trend_relative
2025-09-14,헴프,0,google,trend_relative
2025-09-21,헴프,0,google,trend_relative
2025-09-28,헴프,0,google,trend_relative
2025-10-05,헴프,0,google,trend_relative
2025-10-12,헴프,5,google,trend_relative
2025-10-19,헴프,8,google,trend_relative
2025-10-26,헴프,0,google,trend_relative
2025-11-02,헴프,0,google,trend_relative
2025-11-09,헴프,0,google,trend_relative
2025-11-16,헴프,0,google,trend_relative
2025-11-23,헴프,0,google,trend_relative
2025-11-30,헴프,0,google,trend_relative
2025-12-07,헴프,0,google,trend_relative
2025-12-14,헴프,0,google,trend_relative
2025-12-21,헴프,0,google,trend_relative
2025-12-28,헴프,0,google,trend_relative
2026-01-04,헴프,0,google,trend_relative
2026-01-11,헴프,0,google,trend_relative
2026-01-18,헴프,0,google,trend_relative
2026-01-25,헴프,0,google,trend_relative
2026-02-01,헴프,0,google,trend_relative
2026-02-08,헴프,0,google,trend_relative
2026-02-15,헴프,0,google,trend_relative
2026-02-22,헴프,0,google,trend_relative
2026-03-01,헴프,0,google,trend_relative
2026-03-08,헴프,0,google,trend_relative
2026-03-15,헴프,0,google,trend_relative
2026-03-22,헴프,0,google,trend_relative
2026-03-29,헴프,0,google,trend_relative
2026-04-05,헴프,5,google,trend_relative
2026-04-12,헴프,0,google,trend_relative
2026-04-19,헴프,5,google,trend_relative
2026-04-26,헴프,0,google,trend_relative
2026-05-03,헴프,0,google,trend_relative
2026-05-10,헴프,4,google,trend_relative
2026-05-17,헴프,6,google,trend_relative
2026-05-24,헴프,0,google,trend_relative
2026-05-31,헴프,0,google,trend_relative
2026-06-07,헴프,0,google,trend_relative
2026-06-14,헴프,0,google,trend_relative
2026-06-21,헴프,0,google,trend_relative
2026-06-28,헴프,0,google,trend_relative
2026-07-05,헴프,0,google,trend_relative
2026-07-12,헴프,0,google,trend_relative
2026-07-19,헴프,5,google,trend_relative
2026-07-26,헴프,0,google,trend_relative
2026-08-02,헴프,0,google,trend_relative
2026-08-09,헴프,0,google,trend_relative
2026-08-16,헴프,0,google,trend_relative
2026-08-23,헴프,0,google,trend_relative
2026-08-30,헴프,1,google,trend_relative
2026-09-06,헴프,1,google,trend_relative
2026-09-13,헴프,0,google,trend_relative
2025-09-14,미들기장,0,google,trend_relative
2025-09-21,미들기장,0,google,trend_relative
2025-09-28,미들기장,0,google,trend_relative
2025-10-05,미들기장,0,google,trend_relative
2025-10-12,미들기장,0,google,trend_relative
2025-10-19,미들기장,0,google,trend_relative
2025-10-26,미들기장,0,google,trend_relative
2025-11-02,미들기장,0,google,trend_relative
2025-11-09,미들기장,0,google,trend_relative
2025-11-16,미들기장,0,google,trend_relative
2025-11-23,미들기장,0,google,trend_relative
2025-11-30,미들기장,0,google,trend_relative
2025-12-07,미들기장,0,google,trend_relative
2025-12-14,미들기장,0,google,trend_relative
2025-12-21,미들기장,0,google,trend_relative
2025-12-28,미들기장,0,google,trend_relative
2026-01-04,미들기장,0,google,trend_relative
2026-01-11,미들기장,0,google,trend_relative
2026-01-18,미들기장,0,google,trend_relative
2026-01-25,미들기장,0,google,trend_relative
2026-02-01,미들기장,6,google,trend_relative
2026-02-08,미들기장,0,google,trend_relative
2026-02-15,미들기장,0,google,trend_relative
2026-02-22,미들기장,0,google,trend_relative
2026-03-01,미들기장,0,google,trend_relative
2026-03-08,미들기장,0,google,trend_relative
2026-03-15,미들기장,0,google,trend_relative
2026-03-22,미들기장,0,google,trend_relative
2026-03-29,미들기장,0,google,trend_relative
2026-04-05,미들기장,0,google,trend_relative
2026-04-12,미들기장,0,google,trend_relative
2026-04-19,미들기장,0,google,trend_relative
2026-04-26,미들기장,0,google,trend_relative
2026-05-03,미들기장,0,google,trend_relative
2026-05-10,미들기장,0,google,trend_relative
2026-05-17,미들기장,7,google,trend_relative
2026-05-24,미들기장,0,google,trend_relative
2026-05-31,미들기장,0,google,trend_relative
2026-06-07,미들기장,0,google,trend_relative
2026-06-14,미들기장,0,google,trend_relative
2026-06-21,미들기장,0,google,trend_relative
2026-06-28,미들기장,0,google,trend_relative
2026-07-05,미들기장,0,google,trend_relative
2026-07-12,미들기장,0,google,trend_relative
2026-07-19,미들기장,0,google,trend_relative
2026-07-26,미들기장,0,google,trend_relative
2026-08-02,미들기장,0,google,trend_relative
2026-08-09,미들기장,0,google,trend_relative
2026-08-16,미들기장,0,google,trend_relative
2026-08-23,미들기장,0,google,trend_relative
2026-08-30,미들기장,0,google,trend_relative
2026-09-06,미들기장,0,google,trend_relative
2026-09-13,미들기장,0,google,trend_relative
2025-09-14,니하이기장,0,google,trend_relative
2025-09-21,니하이기장,0,google,trend_relative
2025-09-28,니하이기장,0,google,trend_relative
2025-10-05,니하이기장,0,google,trend_relative
2025-10-12,니하이기장,0,google,trend_relative
2025-10-19,니하이기장,0,google,trend_relative
2025-10-26,니하이기장,0,google,trend_relative
2025-11-02,니하이기장,0,google,trend_relative
2025-11-09,니하이기장,0,google,trend_relative
2025-11-16,니하이기장,0,google,trend_relative
2025-11-23,니하이기장,0,google,trend_relative
2025-11-30,니하이기장,0,google,trend_relative
2025-12-07,니하이기장,0,google,trend_relative
2025-12-14,니하이기장,0,google,trend_relative
2025-12-21,니하이기장,0,google,trend_relative
2025-12-28,니하이기장,0,google,trend_relative
2026-01-04,니하이기장,0,google,trend_relative
2026-01-11,니하이기장,0,google,trend_relative
2026-01-18,니하이기장,0,google,trend_relative
2026-01-25,니하이기장,0,google,trend_relative
2026-02-01,니하이기장,0,google,trend_relative
2026-02-08,니하이기장,0,google,trend_relative
2026-02-15,니하이기장,0,google,trend_relative
2026-02-22,니하이기장,0,google,trend_relative
2026-03-01,니하이기장,0,google,trend_relative
2026-03-08,니하이기장,0,google,trend_relative
2026-03-15,니하이기장,0,google,trend_relative
2026-03-22,니하이기장,0,google,trend_relative
2026-03-29,니하이기장,0,google,trend_relative
2026-04-05,니하이기장,0,google,trend_relative
2026-04-12,니하이기장,0,google,trend_relative
2026-04-19,니하이기장,0,google,trend_relative
2026-04-26,니하이기장,0,google,trend_relative
2026-05-03,니하이기장,0,google,trend_relative
2026-05-10,니하이기장,0,google,trend_relative
2026-05-17,니하이기장,0,google,trend_relative
2026-05-24,니하이기장,0,google,trend_relative
2026-05-31,니하이기장,0,google,trend_relative
2026-06-07,니하이기장,0,google,trend_relative
2026-06-14,니하이기장,0,google,trend_relative
2026-06-21,니하이기장,0,google,trend_relative
2026-06-28,니하이기장,0,google,trend_relative
2026-07-05,니하이기장,0,google,trend_relative
2026-07-12,니하이기장,0,google,trend_relative
2026-07-19,니하이기장,0,google,trend_relative
2026-07-26,니하이기장,0,google,trend_relative
2026-08-02,니하이기장,0,google,trend_relative
2026-08-09,니하이기장,0,google,trend_relative
2026-08-16,니하이기장,0,google,trend_relative
2026-08-23,니하이기장,0,google,trend_relative
2026-08-30,니하이기장,0,google,trend_relative
2026-09-06,니하이기장,0,google,trend_relative
2026-09-13,니하이기장,0,google,trend_relative
2025-09-14,오버니기장,0,google,trend_relative
2025-09-21,오버니기장,0,google,trend_relative
2025-09-28,오버니기장,0,google,trend_relative
2025-10-05,오버니기장,0,google,trend_relative
2025-10-12,오버니기장,0,google,trend_relative
2025-10-19,오버니기장,0,google,trend_relative
2025-10-26,오버니기장,0,google,trend_relative
2025-11-02,오버니기장,0,google,trend_relative
2025-11-09,오버니기장,0,google,trend_relative
2025-11-16,오버니기장,0,google,trend_relative
2025-11-23,오버니기장,0,google,trend_relative
2025-11-30,오버니기장,0,google,trend_relative
2025-12-07,오버니기장,0,google,trend_relative
2025-12-14,오버니기장,0,google,trend_relative
2025-12-21,오버니기장,0,google,trend_relative
2025-12-28,오버니기장,0,google,trend_relative
2026-01-04,오버니기장,0,google,trend_relative
2026-01-11,오버니기장,0,google,trend_relative
2026-01-18,오버니기장,0,google,trend_relative
2026-01-25,오버니기장,0,google,trend_relative
2026-02-01,오버니기장,0,google,trend_relative
2026-02-08,오버니기장,0,google,trend_relative
2026-02-15,오버니기장,0,google,trend_relative
2026-02-22,오버니기장,0,google,trend_relative
2026-03-01,오버니기장,0,google,trend_relative
2026-03-08,오버니기장,0,google,trend_relative
2026-03-15,오버니기장,0,google,trend_relative
2026-03-22,오버니기장,0,google,trend_relative
2026-03-29,오버니기장,0,google,trend_relative
2026-04-05,오버니기장,0,google,trend_relative
2026-04-12,오버니기장,0,google,trend_relative
2026-04-19,오버니기장,0,google,trend_relative
2026-04-26,오버니기장,0,google,trend_relative
2026-05-03,오버니기장,0,google,trend_relative
2026-05-10,오버니기장,0,google,trend_relative
2026-05-17,오버니기장,0,google,trend_relative
2026-05-24,오버니기장,0,google,trend_relative
2026-05-31,오버니기장,0,google,trend_relative
2026-06-07,오버니기장,0,google,trend_relative
2026-06-14,오버니기장,0,google,trend_relative
2026-06-21,오버니기장,0,google,trend_relative
2026-06-28,오버니기장,0,google,trend_relative
2026-07-05,오버니기장,0,google,trend_relative
2026-07-12,오버니기장,0,google,trend_relative
2026-07-19,오버니기장,0,google,trend_relative
2026-07-26,오버니기장,0,google,trend_relative
2026-08-02,오버니기장,0,google,trend_relative
2026-08-09,오버니기장,0,google,trend_relative
2026-08-16,오버니기장,0,google,trend_relative
2026-08-23,오버니기장,0,google,trend_relative
2026-08-30,오버니기장,0,google,trend_relative
2026-09-06,오버니기장,0,google,trend_relative
2026-09-13,오버니기장,0,google,trend_relative
2025-09-14,앵클기장,0,google,trend_relative
2025-09-21,앵클기장,0,google,trend_relative
2025-09-28,앵클기장,0,google,trend_relative
2025-10-05,앵클기장,0,google,trend_relative
2025-10-12,앵클기장,0,google,trend_relative
2025-10-19,앵클기장,0,google,trend_relative
2025-10-26,앵클기장,0,google,trend_relative
2025-11-02,앵클기장,0,google,trend_relative
2025-11-09,앵클기장,0,google,trend_relative
2025-11-16,앵클기장,0,google,trend_relative
2025-11-23,앵클기장,0,google,trend_relative
2025-11-30,앵클기장,0,google,trend_relative
2025-12-07,앵클기장,0,google,trend_relative
2025-12-14,앵클기장,0,google,trend_relative
2025-12-21,앵클기장,0,google,trend_relative
2025-12-28,앵클기장,0,google,trend_relative
2026-01-04,앵클기장,0,google,trend_relative
2026-01-11,앵클기장,0,google,trend_relative
2026-01-18,앵클기장,0,google,trend_relative
2026-01-25,앵클기장,0,google,trend_relative
2026-02-01,앵클기장,0,google,trend_relative
2026-02-08,앵클기장,0,google,trend_relative
2026-02-15,앵클기장,0,google,trend_relative
2026-02-22,앵클기장,0,google,trend_relative
2026-03-01,앵클기장,0,google,trend_relative
2026-03-08,앵클기장,0,google,trend_relative
2026-03-15,앵클기장,0,google,trend_relative
2026-03-22,앵클기장,0,google,trend_relative
2026-03-29,앵클기장,0,google,trend_relative
2026-04-05,앵클기장,0,google,trend_relative
2026-04-12,앵클기장,0,google,trend_relative
2026-04-19,앵클기장,0,google,trend_relative
2026-04-26,앵클기장,0,google,trend_relative
2026-05-03,앵클기장,0,google,trend_relative
2026-05-10,앵클기장,0,google,trend_relative
2026-05-17,앵클기장,0,google,trend_relative
2026-05-24,앵클기장,0,google,trend_relative
2026-05-31,앵클기장,0,google,trend_relative
2026-06-07,앵클기장,0,google,trend_relative
2026-06-14,앵클기장,0,google,trend_relative
2026-06-21,앵클기장,0,google,trend_relative
2026-06-28,앵클기장,0,google,trend_relative
2026-07-05,앵클기장,0,google,trend_relative
2026-07-12,앵클기장,0,google,trend_relative
2026-07-19,앵클기장,0,google,trend_relative
2026-07-26,앵클기장,0,google,trend_relative
2026-08-02,앵클기장,0,google,trend_relative
2026-08-09,앵클기장,0,google,trend_relative
2026-08-16,앵클기장,0,google,trend_relative
2026-08-23,앵클기장,0,google,trend_relative
2026-08-30,앵클기장,0,google,trend_relative
2026-09-06,앵클기장,0,google,trend_relative
2026-09-13,앵클기장,0,google,trend_relative
2025-09-14,빈티지,75,google,trend_relative
2025-09-21,빈티지,72,google,trend_relative
2025-09-28,빈티지,84,google,trend_relative
2025-10-05,빈티지,100,google,trend_relative
2025-10-12,빈티지,79,google,trend_relative
2025-10-19,빈티지,84,google,trend_relative
2025-10-26,빈티지,87,google,trend_relative
2025-11-02,빈티지,83,google,trend_relative
2025-11-09,빈티지,89,google,trend_relative
2025-11-16,빈티지,90,google,trend_relative
2025-11-23,빈티지,88,google,trend_relative
2025-11-30,빈티지,84,google,trend_relative
2025-12-07,빈티지,84,google,trend_relative
2025-12-14,빈티지,82,google,trend_relative
2025-12-21,빈티지,84,google,trend_relative
2025-12-28,빈티지,92,google,trend_relative
2026-01-04,빈티지,84,google,trend_relative
2026-01-11,빈티지,81,google,trend_relative
2026-01-18,빈티지,82,google,trend_relative
2026-01-25,빈티지,84,google,trend_relative
2026-02-01,빈티지,83,google,trend_relative
2026-02-08,빈티지,81,google,trend_relative
2026-02-15,빈티지,86,google,trend_relative
2026-02-22,빈티지,93,google,trend_relative
2026-03-01,빈티지,88,google,trend_relative
2026-03-08,빈티지,93,google,trend_relative
2026-03-15,빈티지,83,google,trend_relative
2026-03-22,빈티지,89,google,trend_relative
2026-03-29,빈티지,80,google,trend_relative
2026-04-05,빈티지,75,google,trend_relative
2026-04-12,빈티지,72,google,trend_relative
2026-04-19,빈티지,75,google,trend_relative
2026-04-26,빈티지,79,google,trend_relative
2026-05-03,빈티지,93,google,trend_relative
2026-05-10,빈티지,74,google,trend_relative
2026-05-17,빈티지,75,google,trend_relative
2026-05-24,빈티지,71,google,trend_relative
2026-05-31,빈티지,72,google,trend_relative
2026-06-07,빈티지,73,google,trend_relative
2026-06-14,빈티지,65,google,trend_relative
2026-06-21,빈티지,69,google,trend_relative
2026-06-28,빈티지,63,google,trend_relative
2026-07-05,빈티지,70,google,trend_relative
2026-07-12,빈티지,73,google,trend_relative
2026-07-19,빈티지,70,google,trend_relative
2026-07-26,빈티지,67,google,trend_relative
2026-08-02,빈티지,64,google,trend_relative
2026-08-09,빈티지,66,google,trend_relative
2026-08-16,빈티지,69,google,trend_relative
2026-08-23,빈티지,74,google,trend_relative
2026-08-30,빈티지,71,google,trend_relative
2026-09-06,빈티지,76,google,trend_relative
2026-09-13,빈티지,83,google,trend_relative
2025-09-14,멜란지,3,google,trend_relative
2025-09-21,멜란지,3,google,trend_relative
2025-09-28,멜란지,2,google,trend_relative
2025-10-05,멜란지,4,google,trend_relative
2025-10-12,멜란지,4,google,trend_relative
2025-10-19,멜란지,5,google,trend_relative
2025-10-26,멜란지,5,google,trend_relative
2025-11-02,멜란지,4,google,trend_relative
2025-11-09,멜란지,4,google,trend_relative
2025-11-16,멜란지,3,google,trend_relative
2025-11-23,멜란지,4,google,trend_relative
2025-11-30,멜란지,5,google,trend_relative
2025-12-07,멜란지,3,google,trend_relative
2025-12-14,멜란지,4,google,trend_relative
2025-12-21,멜란지,3,google,trend_relative
2025-12-28,멜란지,3,google,trend_relative
2026-01-04,멜란지,3,google,trend_relative
2026-01-11,멜란지,4,google,trend_relative
2026-01-18,멜란지,5,google,trend_relative
2026-01-25,멜란지,4,google,trend_relative
2026-02-01,멜란지,5,google,trend_relative
2026-02-08,멜란지,3,google,trend_relative
2026-02-15,멜란지,4,google,trend_relative
2026-02-22,멜란지,3,google,trend_relative
2026-03-01,멜란지,3,google,trend_relative
2026-03-08,멜란지,4,google,trend_relative
2026-03-15,멜란지,3,google,trend_relative
2026-03-22,멜란지,4,google,trend_relative
2026-03-29,멜란지,3,google,trend_relative
2026-04-05,멜란지,4,google,trend_relative
2026-04-12,멜란지,4,google,trend_relative
2026-04-19,멜란지,2,google,trend_relative
2026-04-26,멜란지,3,google,trend_relative
2026-05-03,멜란지,4,google,trend_relative
2026-05-10,멜란지,3,google,trend_relative
2026-05-17,멜란지,3,google,trend_relative
2026-05-24,멜란지,4,google,trend_relative
2026-05-31,멜란지,2,google,trend_relative
2026-06-07,멜란지,4,google,trend_relative
2026-06-14,멜란지,4,google,trend_relative
2026-06-21,멜란지,4,google,trend_relative
2026-06-28,멜란지,0,google,trend_relative
2026-07-05,멜란지,2,google,trend_relative
2026-07-12,멜란지,0,google,trend_relative
2026-07-19,멜란지,4,google,trend_relative
2026-07-26,멜란지,3,google,trend_relative
2026-08-02,멜란지,2,google,trend_relative
2026-08-09,멜란지,3,google,trend_relative
2026-08-16,멜란지,0,google,trend_relative
2026-08-23,멜란지,2,google,trend_relative
2026-08-30,멜란지,2,google,trend_relative
2026-09-06,멜란지,3,google,trend_relative
2026-09-13,멜란지,4,google,trend_relative
2025-09-14,크롭,33,google,trend_relative
2025-09-21,크롭,37,google,trend_relative
2025-09-28,크롭,36,google,trend_relative
2025-10-05,크롭,38,google,trend_relative
2025-10-12,크롭,34,google,trend_relative
2025-10-19,크롭,41,google,trend_relative
2025-10-26,크롭,41,google,trend_relative
2025-11-02,크롭,44,google,trend_relative
2025-11-09,크롭,40,google,trend_relative
2025-11-16,크롭,40,google,trend_relative
2025-11-23,크롭,38,google,trend_relative
2025-11-30,크롭,33,google,trend_relative
2025-12-07,크롭,35,google,trend_relative
2025-12-14,크롭,31,google,trend_relative
2025-12-21,크롭,30,google,trend_relative
2025-12-28,크롭,32,google,trend_relative
2026-01-04,크롭,30,google,trend_relative
2026-01-11,크롭,29,google,trend_relative
2026-01-18,크롭,31,google,trend_relative
2026-01-25,크롭,28,google,trend_relative
2026-02-01,크롭,31,google,trend_relative
2026-02-08,크롭,30,google,trend_relative
2026-02-15,크롭,34,google,trend_relative
2026-02-22,크롭,38,google,trend_relative
2026-03-01,크롭,35,google,trend_relative
2026-03-08,크롭,40,google,trend_relative
2026-03-15,크롭,41,google,trend_relative
2026-03-22,크롭,41,google,trend_relative
2026-03-29,크롭,42,google,trend_relative
2026-04-05,크롭,37,google,trend_relative
2026-04-12,크롭,36,google,trend_relative
2026-04-19,크롭,38,google,trend_relative
2026-04-26,크롭,40,google,trend_relative
2026-05-03,크롭,38,google,trend_relative
2026-05-10,크롭,40,google,trend_relative
2026-05-17,크롭,39,google,trend_relative
2026-05-24,크롭,33,google,trend_relative
2026-05-31,크롭,38,google,trend_relative
2026-06-07,크롭,37,google,trend_relative
2026-06-14,크롭,36,google,trend_relative
2026-06-21,크롭,32,google,trend_relative
2026-06-28,크롭,28,google,trend_relative
2026-07-05,크롭,36,google,trend_relative
2026-07-12,크롭,36,google,trend_relative
2026-07-19,크롭,32,google,trend_relative
2026-07-26,크롭,35,google,trend_relative
2026-08-02,크롭,27,google,trend_relative
2026-08-09,크롭,29,google,trend_relative
2026-08-16,크롭,36,google,trend_relative
2026-08-23,크롭,32,google,trend_relative
2026-08-30,크롭,32,google,trend_relative
2026-09-06,크롭,32,google,trend_relative
2026-09-13,크롭,40,google,trend_relative
2025-09-14,시스루,71,google,trend_relative
2025-09-21,시스루,68,google,trend_relative
2025-09-28,시스루,80,google,trend_relative
2025-10-05,시스루,73,google,trend_relative
2025-10-12,시스루,67,google,trend_relative
2025-10-19,시스루,64,google,trend_relative
2025-10-26,시스루,88,google,trend_relative
2025-11-02,시스루,71,google,trend_relative
2025-11-09,시스루,72,google,trend_relative
2025-11-16,시스루,77,google,trend_relative
2025-11-23,시스루,74,google,trend_relative
2025-11-30,시스루,69,google,trend_relative
2025-12-07,시스루,77,google,trend_relative
2025-12-14,시스루,68,google,trend_relative
2025-12-21,시스루,72,google,trend_relative
2025-12-28,시스루,84,google,trend_relative
2026-01-04,시스루,76,google,trend_relative
2026-01-11,시스루,76,google,trend_relative
2026-01-18,시스루,68,google,trend_relative
2026-01-25,시스루,76,google,trend_relative
2026-02-01,시스루,81,google,trend_relative
2026-02-08,시스루,66,google,trend_relative
2026-02-15,시스루,72,google,trend_relative
2026-02-22,시스루,74,google,trend_relative
2026-03-01,시스루,67,google,trend_relative
2026-03-08,시스루,69,google,trend_relative
2026-03-15,시스루,69,google,trend_relative
2026-03-22,시스루,68,google,trend_relative
2026-03-29,시스루,77,google,trend_relative
2026-04-05,시스루,65,google,trend_relative
2026-04-12,시스루,61,google,trend_relative
2026-04-19,시스루,72,google,trend_relative
2026-04-26,시스루,71,google,trend_relative
2026-05-03,시스루,96,google,trend_relative
2026-05-10,시스루,60,google,trend_relative
2026-05-17,시스루,77,google,trend_relative
2026-05-24,시스루,69,google,trend_relative
2026-05-31,시스루,56,google,trend_relative
2026-06-07,시스루,59,google,trend_relative
2026-06-14,시스루,70,google,trend_relative
2026-06-21,시스루,62,google,trend_relative
2026-06-28,시스루,57,google,trend_relative
2026-07-05,시스루,61,google,trend_relative
2026-07-12,시스루,56,google,trend_relative
2026-07-19,시스루,64,google,trend_relative
2026-07-26,시스루,60,google,trend_relative
2026-08-02,시스루,59,google,trend_relative
2026-08-09,시스루,83,google,trend_relative
2026-08-16,시스루,61,google,trend_relative
2026-08-23,시스루,57,google,trend_relative
2026-08-30,시스루,47,google,trend_relative
2026-09-06,시스루,100,google,trend_relative
2026-09-13,시스루,61,google,trend_relative
2025-09-14,절개,44,google,trend_relative
2025-09-21,절개,53,google,trend_relative
2025-09-28,절개,46,google,trend_relative
2025-10-05,절개,52,google,trend_relative
2025-10-12,절개,53,google,trend_relative
2025-10-19,절개,51,google,trend_relative
2025-10-26,절개,49,google,trend_relative
2025-11-02,절개,57,google,trend_relative
2025-11-09,절개,59,google,trend_relative
2025-11-16,절개,56,google,trend_relative
2025-11-23,절개,57,google,trend_relative
2025-11-30,절개,49,google,trend_relative
2025-12-07,절개,58,google,trend_relative
2025-12-14,절개,61,google,trend_relative
2025-12-21,절개,58,google,trend_relative
2025-12-28,절개,58,google,trend_relative
2026-01-04,절개,61,google,trend_relative
2026-01-11,절개,59,google,trend_relative
2026-01-18,절개,58,google,trend_relative
2026-01-25,절개,56,google,trend_relative
2026-02-01,절개,58,google,trend_relative
2026-02-08,절개,58,google,trend_relative
2026-02-15,절개,54,google,trend_relative
2026-02-22,절개,57,google,trend_relative
2026-03-01,절개,42,google,trend_relative
2026-03-08,절개,57,google,trend_relative
2026-03-15,절개,55,google,trend_relative
2026-03-22,절개,45,google,trend_relative
2026-03-29,절개,57,google,trend_relative
2026-04-05,절개,43,google,trend_relative
2026-04-12,절개,47,google,trend_relative
2026-04-19,절개,53,google,trend_relative
2026-04-26,절개,57,google,trend_relative
2026-05-03,절개,66,google,trend_relative
2026-05-10,절개,54,google,trend_relative
2026-05-17,절개,48,google,trend_relative
2026-05-24,절개,52,google,trend_relative
2026-05-31,절개,44,google,trend_relative
2026-06-07,절개,49,google,trend_relative
2026-06-14,절개,47,google,trend_relative
2026-06-21,절개,47,google,trend_relative
2026-06-28,절개,50,google,trend_relative
2026-07-05,절개,52,google,trend_relative
2026-07-12,절개,52,google,trend_relative
2026-07-19,절개,48,google,trend_relative
2026-07-26,절개,45,google,trend_relative
2026-08-02,절개,43,google,trend_relative
2026-08-09,절개,43,google,trend_relative
2026-08-16,절개,43,google,trend_relative
2026-08-23,절개,46,google,trend_relative
2026-08-30,절개,42,google,trend_relative
2026-09-06,절개,45,google,trend_relative
2026-09-13,절개,48,google,trend_relative
2025-09-14,투웨이,9,google,trend_relative
2025-09-21,투웨이,14,google,trend_relative
2025-09-28,투웨이,8,google,trend_relative
2025-10-05,투웨이,0,google,trend_relative
2025-10-12,투웨이,7,google,trend_relative
2025-10-19,투웨이,11,google,trend_relative
2025-10-26,투웨이,13,google,trend_relative
2025-11-02,투웨이,13,google,trend_relative
2025-11-09,투웨이,11,google,trend_relative
2025-11-16,투웨이,12,google,trend_relative
2025-11-23,투웨이,11,google,trend_relative
2025-11-30,투웨이,10,google,trend_relative
2025-12-07,투웨이,9,google,trend_relative
2025-12-14,투웨이,8,google,trend_relative
2025-12-21,투웨이,0,google,trend_relative
2025-12-28,투웨이,9,google,trend_relative
2026-01-04,투웨이,12,google,trend_relative
2026-01-11,투웨이,7,google,trend_relative
2026-01-18,투웨이,11,google,trend_relative
2026-01-25,투웨이,7,google,trend_relative
2026-02-01,투웨이,5,google,trend_relative
2026-02-08,투웨이,6,google,trend_relative
2026-02-15,투웨이,10,google,trend_relative
2026-02-22,투웨이,8,google,trend_relative
2026-03-01,투웨이,8,google,trend_relative
2026-03-08,투웨이,11,google,trend_relative
2026-03-15,투웨이,11,google,trend_relative
2026-03-22,투웨이,12,google,trend_relative
2026-03-29,투웨이,8,google,trend_relative
2026-04-05,투웨이,6,google,trend_relative
2026-04-12,투웨이,8,google,trend_relative
2026-04-19,투웨이,8,google,trend_relative
2026-04-26,투웨이,6,google,trend_relative
2026-05-03,투웨이,5,google,trend_relative
2026-05-10,투웨이,9,google,trend_relative
2026-05-17,투웨이,7,google,trend_relative
2026-05-24,투웨이,8,google,trend_relative
2026-05-31,투웨이,6,google,trend_relative
2026-06-07,투웨이,9,google,trend_relative
2026-06-14,투웨이,7,google,trend_relative
2026-06-21,투웨이,5,google,trend_relative
2026-06-28,투웨이,6,google,trend_relative
2026-07-05,투웨이,7,google,trend_relative
2026-07-12,투웨이,8,google,trend_relative
2026-07-19,투웨이,6,google,trend_relative
2026-07-26,투웨이,0,google,trend_relative
2026-08-02,투웨이,6,google,trend_relative
2026-08-09,투웨이,4,google,trend_relative
2026-08-16,투웨이,6,google,trend_relative
2026-08-23,투웨이,8,google,trend_relative
2026-08-30,투웨이,7,google,trend_relative
2026-09-06,투웨이,10,google,trend_relative
2026-09-13,투웨이,9,google,trend_relative
2025-09-14,워셔블,8,google,trend_relative
2025-09-21,워셔블,6,google,trend_relative
2025-09-28,워셔블,5,google,trend_relative
2025-10-05,워셔블,5,google,trend_relative
2025-10-12,워셔블,0,google,trend_relative
2025-10-19,워셔블,6,google,trend_relative
2025-10-26,워셔블,7,google,trend_relative
2025-11-02,워셔블,6,google,trend_relative
2025-11-09,워셔블,4,google,trend_relative
2025-11-16,워셔블,7,google,trend_relative
2025-11-23,워셔블,0,google,trend_relative
2025-11-30,워셔블,9,google,trend_relative
2025-12-07,워셔블,7,google,trend_relative
2025-12-14,워셔블,8,google,trend_relative
2025-12-21,워셔블,0,google,trend_relative
2025-12-28,워셔블,0,google,trend_relative
2026-01-04,워셔블,6,google,trend_relative
2026-01-11,워셔블,0,google,trend_relative
2026-01-18,워셔블,0,google,trend_relative
2026-01-25,워셔블,7,google,trend_relative
2026-02-01,워셔블,6,google,trend_relative
2026-02-08,워셔블,6,google,trend_relative
2026-02-15,워셔블,5,google,trend_relative
2026-02-22,워셔블,5,google,trend_relative
2026-03-01,워셔블,0,google,trend_relative
2026-03-08,워셔블,0,google,trend_relative
2026-03-15,워셔블,6,google,trend_relative
2026-03-22,워셔블,6,google,trend_relative
2026-03-29,워셔블,0,google,trend_relative
2026-04-05,워셔블,0,google,trend_relative
2026-04-12,워셔블,7,google,trend_relative
2026-04-19,워셔블,4,google,trend_relative
2026-04-26,워셔블,5,google,trend_relative
2026-05-03,워셔블,0,google,trend_relative
2026-05-10,워셔블,5,google,trend_relative
2026-05-17,워셔블,6,google,trend_relative
2026-05-24,워셔블,7,google,trend_relative
2026-05-31,워셔블,0,google,trend_relative
2026-06-07,워셔블,0,google,trend_relative
2026-06-14,워셔블,4,google,trend_relative
2026-06-21,워셔블,0,google,trend_relative
2026-06-28,워셔블,0,google,trend_relative
2026-07-05,워셔블,0,google,trend_relative
2026-07-12,워셔블,5,google,trend_relative
2026-07-19,워셔블,0,google,trend_relative
2026-07-26,워셔블,4,google,trend_relative
2026-08-02,워셔블,0,google,trend_relative
2026-08-09,워셔블,0,google,trend_relative
2026-08-16,워셔블,0,google,trend_relative
2026-08-23,워셔블,0,google,trend_relative
2026-08-30,워셔블,3,google,trend_relative
2026-09-06,워셔블,3,google,trend_relative
2026-09-13,워셔블,3,google,trend_relative
2025-09-14,골지,14,google,trend_relative
2025-09-21,골지,10,google,trend_relative
2025-09-28,골지,13,google,trend_relative
2025-10-05,골지,10,google,trend_relative
2025-10-12,골지,11,google,trend_relative
2025-10-19,골지,13,google,trend_relative
2025-10-26,골지,12,google,trend_relative
2025-11-02,골지,13,google,trend_relative
2025-11-09,골지,15,google,trend_relative
2025-11-16,골지,12,google,trend_relative
2025-11-23,골지,14,google,trend_relative
2025-11-30,골지,15,google,trend_relative
2025-12-07,골지,12,google,trend_relative
2025-12-14,골지,13,google,trend_relative
2025-12-21,골지,12,google,trend_relative
2025-12-28,골지,12,google,trend_relative
2026-01-04,골지,16,google,trend_relative
2026-01-11,골지,12,google,trend_relative
2026-01-18,골지,9,google,trend_relative
2026-01-25,골지,9,google,trend_relative
2026-02-01,골지,10,google,trend_relative
2026-02-08,골지,10,google,trend_relative
2026-02-15,골지,10,google,trend_relative
2026-02-22,골지,14,google,trend_relative
2026-03-01,골지,8,google,trend_relative
2026-03-08,골지,11,google,trend_relative
2026-03-15,골지,12,google,trend_relative
2026-03-22,골지,9,google,trend_relative
2026-03-29,골지,8,google,trend_relative
2026-04-05,골지,11,google,trend_relative
2026-04-12,골지,12,google,trend_relative
2026-04-19,골지,9,google,trend_relative
2026-04-26,골지,7,google,trend_relative
2026-05-03,골지,10,google,trend_relative
2026-05-10,골지,14,google,trend_relative
2026-05-17,골지,11,google,trend_relative
2026-05-24,골지,10,google,trend_relative
2026-05-31,골지,11,google,trend_relative
2026-06-07,골지,9,google,trend_relative
2026-06-14,골지,11,google,trend_relative
2026-06-21,골지,9,google,trend_relative
2026-06-28,골지,11,google,trend_relative
2026-07-05,골지,9,google,trend_relative
2026-07-12,골지,10,google,trend_relative
2026-07-19,골지,10,google,trend_relative
2026-07-26,골지,8,google,trend_relative
2026-08-02,골지,9,google,trend_relative
2026-08-09,골지,10,google,trend_relative
2026-08-16,골지,6,google,trend_relative
2026-08-23,골지,7,google,trend_relative
2026-08-30,골지,7,google,trend_relative
2026-09-06,골지,10,google,trend_relative
2026-09-13,골지,11,google,trend_relative
2025-09-14,피그먼트,59,google,trend_relative
2025-09-21,피그먼트,51,google,trend_relative
2025-09-28,피그먼트,66,google,trend_relative
2025-10-05,피그먼트,68,google,trend_relative
2025-10-12,피그먼트,60,google,trend_relative
2025-10-19,피그먼트,76,google,trend_relative
2025-10-26,피그먼트,80,google,trend_relative
2025-11-02,피그먼트,62,google,trend_relative
2025-11-09,피그먼트,63,google,trend_relative
2025-11-16,피그먼트,88,google,trend_relative
2025-11-23,피그먼트,50,google,trend_relative
2025-11-30,피그먼트,80,google,trend_relative
2025-12-07,피그먼트,73,google,trend_relative
2025-12-14,피그먼트,67,google,trend_relative
2025-12-21,피그먼트,43,google,trend_relative
2025-12-28,피그먼트,44,google,trend_relative
2026-01-04,피그먼트,56,google,trend_relative
2026-01-11,피그먼트,45,google,trend_relative
2026-01-18,피그먼트,60,google,trend_relative
2026-01-25,피그먼트,50,google,trend_relative
2026-02-01,피그먼트,43,google,trend_relative
2026-02-08,피그먼트,55,google,trend_relative
2026-02-15,피그먼트,43,google,trend_relative
2026-02-22,피그먼트,52,google,trend_relative
2026-03-01,피그먼트,56,google,trend_relative
2026-03-08,피그먼트,69,google,trend_relative
2026-03-15,피그먼트,60,google,trend_relative
2026-03-22,피그먼트,100,google,trend_relative
2026-03-29,피그먼트,59,google,trend_relative
2026-04-05,피그먼트,64,google,trend_relative
2026-04-12,피그먼트,56,google,trend_relative
2026-04-19,피그먼트,68,google,trend_relative
2026-04-26,피그먼트,80,google,trend_relative
2026-05-03,피그먼트,75,google,trend_relative
2026-05-10,피그먼트,75,google,trend_relative
2026-05-17,피그먼트,64,google,trend_relative
2026-05-24,피그먼트,60,google,trend_relative
2026-05-31,피그먼트,68,google,trend_relative
2026-06-07,피그먼트,58,google,trend_relative
2026-06-14,피그먼트,96,google,trend_relative
2026-06-21,피그먼트,54,google,trend_relative
2026-06-28,피그먼트,61,google,trend_relative
2026-07-05,피그먼트,46,google,trend_relative
2026-07-12,피그먼트,78,google,trend_relative
2026-07-19,피그먼트,72,google,trend_relative
2026-07-26,피그먼트,55,google,trend_relative
2026-08-02,피그먼트,37,google,trend_relative
2026-08-09,피그먼트,45,google,trend_relative
2026-08-16,피그먼트,37,google,trend_relative
2026-08-23,피그먼트,58,google,trend_relative
2026-08-30,피그먼트,47,google,trend_relative
2026-09-06,피그먼트,58,google,trend_relative
2026-09-13,피그먼트,68,google,trend_relative
2025-09-14,쉬폰,75,google,trend_relative
2025-09-21,쉬폰,57,google,trend_relative
2025-09-28,쉬폰,44,google,trend_relative
2025-10-05,쉬폰,0,google,trend_relative
2025-10-12,쉬폰,43,google,trend_relative
2025-10-19,쉬폰,53,google,trend_relative
2025-10-26,쉬폰,29,google,trend_relative
2025-11-02,쉬폰,60,google,trend_relative
2025-11-09,쉬폰,47,google,trend_relative
2025-11-16,쉬폰,45,google,trend_relative
2025-11-23,쉬폰,57,google,trend_relative
2025-11-30,쉬폰,44,google,trend_relative
2025-12-07,쉬폰,73,google,trend_relative
2025-12-14,쉬폰,76,google,trend_relative
2025-12-21,쉬폰,93,google,trend_relative
2025-12-28,쉬폰,70,google,trend_relative
2026-01-04,쉬폰,71,google,trend_relative
2026-01-11,쉬폰,61,google,trend_relative
2026-01-18,쉬폰,67,google,trend_relative
2026-01-25,쉬폰,50,google,trend_relative
2026-02-01,쉬폰,78,google,trend_relative
2026-02-08,쉬폰,63,google,trend_relative
2026-02-15,쉬폰,68,google,trend_relative
2026-02-22,쉬폰,84,google,trend_relative
2026-03-01,쉬폰,65,google,trend_relative
2026-03-08,쉬폰,60,google,trend_relative
2026-03-15,쉬폰,73,google,trend_relative
2026-03-22,쉬폰,90,google,trend_relative
2026-03-29,쉬폰,86,google,trend_relative
2026-04-05,쉬폰,64,google,trend_relative
2026-04-12,쉬폰,74,google,trend_relative
2026-04-19,쉬폰,60,google,trend_relative
2026-04-26,쉬폰,64,google,trend_relative
2026-05-03,쉬폰,67,google,trend_relative
2026-05-10,쉬폰,60,google,trend_relative
2026-05-17,쉬폰,59,google,trend_relative
2026-05-24,쉬폰,55,google,trend_relative
2026-05-31,쉬폰,36,google,trend_relative
2026-06-07,쉬폰,56,google,trend_relative
2026-06-14,쉬폰,61,google,trend_relative
2026-06-21,쉬폰,43,google,trend_relative
2026-06-28,쉬폰,51,google,trend_relative
2026-07-05,쉬폰,49,google,trend_relative
2026-07-12,쉬폰,67,google,trend_relative
2026-07-19,쉬폰,57,google,trend_relative
2026-07-26,쉬폰,59,google,trend_relative
2026-08-02,쉬폰,49,google,trend_relative
2026-08-09,쉬폰,65,google,trend_relative
2026-08-16,쉬폰,68,google,trend_relative
2026-08-23,쉬폰,48,google,trend_relative
2026-08-30,쉬폰,41,google,trend_relative
2026-09-06,쉬폰,55,google,trend_relative
2026-09-13,쉬폰,66,google,trend_relative
2025-09-14,머슬핏,55,google,trend_relative
2025-09-21,머슬핏,35,google,trend_relative
2025-09-28,머슬핏,50,google,trend_relative
2025-10-05,머슬핏,30,google,trend_relative
2025-10-12,머슬핏,34,google,trend_relative
2025-10-19,머슬핏,27,google,trend_relative
2025-10-26,머슬핏,26,google,trend_relative
2025-11-02,머슬핏,25,google,trend_relative
2025-11-09,머슬핏,26,google,trend_relative
2025-11-16,머슬핏,0,google,trend_relative
2025-11-23,머슬핏,0,google,trend_relative
2025-11-30,머슬핏,36,google,trend_relative
2025-12-07,머슬핏,25,google,trend_relative
2025-12-14,머슬핏,31,google,trend_relative
2025-12-21,머슬핏,37,google,trend_relative
2025-12-28,머슬핏,0,google,trend_relative
2026-01-04,머슬핏,41,google,trend_relative
2026-01-11,머슬핏,23,google,trend_relative
2026-01-18,머슬핏,48,google,trend_relative
2026-01-25,머슬핏,28,google,trend_relative
2026-02-01,머슬핏,0,google,trend_relative
2026-02-08,머슬핏,43,google,trend_relative
2026-02-15,머슬핏,49,google,trend_relative
2026-02-22,머슬핏,37,google,trend_relative
2026-03-01,머슬핏,32,google,trend_relative
2026-03-08,머슬핏,49,google,trend_relative
2026-03-15,머슬핏,44,google,trend_relative
2026-03-22,머슬핏,73,google,trend_relative
2026-03-29,머슬핏,61,google,trend_relative
2026-04-05,머슬핏,44,google,trend_relative
2026-04-12,머슬핏,99,google,trend_relative
2026-04-19,머슬핏,73,google,trend_relative
2026-04-26,머슬핏,40,google,trend_relative
2026-05-03,머슬핏,67,google,trend_relative
2026-05-10,머슬핏,96,google,trend_relative
2026-05-17,머슬핏,94,google,trend_relative
2026-05-24,머슬핏,80,google,trend_relative
2026-05-31,머슬핏,67,google,trend_relative
2026-06-07,머슬핏,57,google,trend_relative
2026-06-14,머슬핏,86,google,trend_relative
2026-06-21,머슬핏,75,google,trend_relative
2026-06-28,머슬핏,40,google,trend_relative
2026-07-05,머슬핏,55,google,trend_relative
2026-07-12,머슬핏,58,google,trend_relative
2026-07-19,머슬핏,63,google,trend_relative
2026-07-26,머슬핏,60,google,trend_relative
2026-08-02,머슬핏,58,google,trend_relative
2026-08-09,머슬핏,56,google,trend_relative
2026-08-16,머슬핏,47,google,trend_relative
2026-08-23,머슬핏,47,google,trend_relative
2026-08-30,머슬핏,41,google,trend_relative
2026-09-06,머슬핏,44,google,trend_relative
2026-09-13,머슬핏,52,google,trend_relative
2025-09-14,맥시기장,0,google,trend_relative
2025-09-21,맥시기장,0,google,trend_relative
2025-09-28,맥시기장,0,google,trend_relative
2025-10-05,맥시기장,0,google,trend_relative
2025-10-12,맥시기장,0,google,trend_relative
2025-10-19,맥시기장,0,google,trend_relative
2025-10-26,맥시기장,0,google,trend_relative
2025-11-02,맥시기장,0,google,trend_relative
2025-11-09,맥시기장,0,google,trend_relative
2025-11-16,맥시기장,0,google,trend_relative
2025-11-23,맥시기장,0,google,trend_relative
2025-11-30,맥시기장,0,google,trend_relative
2025-12-07,맥시기장,0,google,trend_relative
2025-12-14,맥시기장,0,google,trend_relative
2025-12-21,맥시기장,0,google,trend_relative
2025-12-28,맥시기장,0,google,trend_relative
2026-01-04,맥시기장,0,google,trend_relative
2026-01-11,맥시기장,0,google,trend_relative
2026-01-18,맥시기장,0,google,trend_relative
2026-01-25,맥시기장,0,google,trend_relative
2026-02-01,맥시기장,0,google,trend_relative
2026-02-08,맥시기장,0,google,trend_relative
2026-02-15,맥시기장,0,google,trend_relative
2026-02-22,맥시기장,0,google,trend_relative
2026-03-01,맥시기장,0,google,trend_relative
2026-03-08,맥시기장,0,google,trend_relative
2026-03-15,맥시기장,28,google,trend_relative
2026-03-22,맥시기장,0,google,trend_relative
2026-03-29,맥시기장,0,google,trend_relative
2026-04-05,맥시기장,0,google,trend_relative
2026-04-12,맥시기장,0,google,trend_relative
2026-04-19,맥시기장,0,google,trend_relative
2026-04-26,맥시기장,0,google,trend_relative
2026-05-03,맥시기장,0,google,trend_relative
2026-05-10,맥시기장,0,google,trend_relative
2026-05-17,맥시기장,0,google,trend_relative
2026-05-24,맥시기장,0,google,trend_relative
2026-05-31,맥시기장,0,google,trend_relative
2026-06-07,맥시기장,0,google,trend_relative
2026-06-14,맥시기장,0,google,trend_relative
2026-06-21,맥시기장,0,google,trend_relative
2026-06-28,맥시기장,0,google,trend_relative
2026-07-05,맥시기장,0,google,trend_relative
2026-07-12,맥시기장,0,google,trend_relative
2026-07-19,맥시기장,0,google,trend_relative
2026-07-26,맥시기장,0,google,trend_relative
2026-08-02,맥시기장,0,google,trend_relative
2026-08-09,맥시기장,0,google,trend_relative
2026-08-16,맥시기장,0,google,trend_relative
2026-08-23,맥시기장,0,google,trend_relative
2026-08-30,맥시기장,0,google,trend_relative
2026-09-06,맥시기장,0,google,trend_relative
2026-09-13,맥시기장,0,google,trend_relative
2025-09-14,미니기장,0,google,trend_relative
2025-09-21,미니기장,0,google,trend_relative
2025-09-28,미니기장,0,google,trend_relative
2025-10-05,미니기장,0,google,trend_relative
2025-10-12,미니기장,0,google,trend_relative
2025-10-19,미니기장,0,google,trend_relative
2025-10-26,미니기장,0,google,trend_relative
2025-11-02,미니기장,0,google,trend_relative
2025-11-09,미니기장,0,google,trend_relative
2025-11-16,미니기장,0,google,trend_relative
2025-11-23,미니기장,0,google,trend_relative
2025-11-30,미니기장,0,google,trend_relative
2025-12-07,미니기장,0,google,trend_relative
2025-12-14,미니기장,0,google,trend_relative
2025-12-21,미니기장,0,google,trend_relative
2025-12-28,미니기장,0,google,trend_relative
2026-01-04,미니기장,0,google,trend_relative
2026-01-11,미니기장,0,google,trend_relative
2026-01-18,미니기장,0,google,trend_relative
2026-01-25,미니기장,0,google,trend_relative
2026-02-01,미니기장,0,google,trend_relative
2026-02-08,미니기장,0,google,trend_relative
2026-02-15,미니기장,0,google,trend_relative
2026-02-22,미니기장,0,google,trend_relative
2026-03-01,미니기장,0,google,trend_relative
2026-03-08,미니기장,0,google,trend_relative
2026-03-15,미니기장,0,google,trend_relative
2026-03-22,미니기장,0,google,trend_relative
2026-03-29,미니기장,0,google,trend_relative
2026-04-05,미니기장,0,google,trend_relative
2026-04-12,미니기장,0,google,trend_relative
2026-04-19,미니기장,0,google,trend_relative
2026-04-26,미니기장,0,google,trend_relative
2026-05-03,미니기장,0,google,trend_relative
2026-05-10,미니기장,0,google,trend_relative
2026-05-17,미니기장,0,google,trend_relative
2026-05-24,미니기장,0,google,trend_relative
2026-05-31,미니기장,0,google,trend_relative
2026-06-07,미니기장,0,google,trend_relative
2026-06-14,미니기장,0,google,trend_relative
2026-06-21,미니기장,0,google,trend_relative
2026-06-28,미니기장,0,google,trend_relative
2026-07-05,미니기장,0,google,trend_relative
2026-07-12,미니기장,0,google,trend_relative
2026-07-19,미니기장,0,google,trend_relative
2026-07-26,미니기장,0,google,trend_relative
2026-08-02,미니기장,0,google,trend_relative
2026-08-09,미니기장,0,google,trend_relative
2026-08-16,미니기장,0,google,trend_relative
2026-08-23,미니기장,0,google,trend_relative
2026-08-30,미니기장,0,google,trend_relative
2026-09-06,미니기장,0,google,trend_relative
2026-09-13,미니기장,0,google,trend_relative
2025-09-14,10부기장,0,google,trend_relative
2025-09-21,10부기장,0,google,trend_relative
2025-09-28,10부기장,0,google,trend_relative
2025-10-05,10부기장,0,google,trend_relative
2025-10-12,10부기장,0,google,trend_relative
2025-10-19,10부기장,0,google,trend_relative
2025-10-26,10부기장,0,google,trend_relative
2025-11-02,10부기장,0,google,trend_relative
2025-11-09,10부기장,0,google,trend_relative
2025-11-16,10부기장,0,google,trend_relative
2025-11-23,10부기장,0,google,trend_relative
2025-11-30,10부기장,0,google,trend_relative
2025-12-07,10부기장,92,google,trend_relative
2025-12-14,10부기장,0,google,trend_relative
2025-12-21,10부기장,0,google,trend_relative
2025-12-28,10부기장,0,google,trend_relative
2026-01-04,10부기장,0,google,trend_relative
2026-01-11,10부기장,0,google,trend_relative
2026-01-18,10부기장,80,google,trend_relative
2026-01-25,10부기장,0,google,trend_relative
2026-02-01,10부기장,0,google,trend_relative
2026-02-08,10부기장,0,google,trend_relative
2026-02-15,10부기장,0,google,trend_relative
2026-02-22,10부기장,0,google,trend_relative
2026-03-01,10부기장,0,google,trend_relative
2026-03-08,10부기장,0,google,trend_relative
2026-03-15,10부기장,0,google,trend_relative
2026-03-22,10부기장,0,google,trend_relative
2026-03-29,10부기장,0,google,trend_relative
2026-04-05,10부기장,0,google,trend_relative
2026-04-12,10부기장,0,google,trend_relative
2026-04-19,10부기장,0,google,trend_relative
2026-04-26,10부기장,0,google,trend_relative
2026-05-03,10부기장,0,google,trend_relative
2026-05-10,10부기장,0,google,trend_relative
2026-05-17,10부기장,0,google,trend_relative
2026-05-24,10부기장,0,google,trend_relative
2026-05-31,10부기장,0,google,trend_relative
2026-06-07,10부기장,93,google,trend_relative
2026-06-14,10부기장,0,google,trend_relative
2026-06-21,10부기장,0,google,trend_relative
2026-06-28,10부기장,0,google,trend_relative
2026-07-05,10부기장,0,google,trend_relative
2026-07-12,10부기장,0,google,trend_relative
2026-07-19,10부기장,0,google,trend_relative
2026-07-26,10부기장,0,google,trend_relative
2026-08-02,10부기장,0,google,trend_relative
2026-08-09,10부기장,0,google,trend_relative
2026-08-16,10부기장,0,google,trend_relative
2026-08-23,10부기장,0,google,trend_relative
2026-08-30,10부기장,0,google,trend_relative
2026-09-06,10부기장,0,google,trend_relative
2026-09-13,10부기장,0,google,trend_relative
2025-09-14,3부기장,0,google,trend_relative
2025-09-21,3부기장,0,google,trend_relative
2025-09-28,3부기장,0,google,trend_relative
2025-10-05,3부기장,0,google,trend_relative
2025-10-12,3부기장,0,google,trend_relative
2025-10-19,3부기장,0,google,trend_relative
2025-10-26,3부기장,0,google,trend_relative
2025-11-02,3부기장,0,google,trend_relative
2025-11-09,3부기장,0,google,trend_relative
2025-11-16,3부기장,0,google,trend_relative
2025-11-23,3부기장,0,google,trend_relative
2025-11-30,3부기장,0,google,trend_relative
2025-12-07,3부기장,0,google,trend_relative
2025-12-14,3부기장,0,google,trend_relative
2025-12-21,3부기장,0,google,trend_relative
2025-12-28,3부기장,0,google,trend_relative
2026-01-04,3부기장,0,google,trend_relative
2026-01-11,3부기장,0,google,trend_relative
2026-01-18,3부기장,0,google,trend_relative
2026-01-25,3부기장,0,google,trend_relative
2026-02-01,3부기장,0,google,trend_relative
2026-02-08,3부기장,0,google,trend_relative
2026-02-15,3부기장,0,google,trend_relative
2026-02-22,3부기장,0,google,trend_relative
2026-03-01,3부기장,0,google,trend_relative
2026-03-08,3부기장,0,google,trend_relative
2026-03-15,3부기장,0,google,trend_relative
2026-03-22,3부기장,0,google,trend_relative
2026-03-29,3부기장,0,google,trend_relative
2026-04-05,3부기장,67,google,trend_relative
2026-04-12,3부기장,0,google,trend_relative
2026-04-19,3부기장,0,google,trend_relative
2026-04-26,3부기장,0,google,trend_relative
2026-05-03,3부기장,0,google,trend_relative
2026-05-10,3부기장,0,google,trend_relative
2026-05-17,3부기장,0,google,trend_relative
2026-05-24,3부기장,0,google,trend_relative
2026-05-31,3부기장,0,google,trend_relative
2026-06-07,3부기장,0,google,trend_relative
2026-06-14,3부기장,0,google,trend_relative
2026-06-21,3부기장,0,google,trend_relative
2026-06-28,3부기장,0,google,trend_relative
2026-07-05,3부기장,0,google,trend_relative
2026-07-12,3부기장,0,google,trend_relative
2026-07-19,3부기장,0,google,trend_relative
2026-07-26,3부기장,0,google,trend_relative
2026-08-02,3부기장,0,google,trend_relative
2026-08-09,3부기장,0,google,trend_relative
2026-08-16,3부기장,0,google,trend_relative
2026-08-23,3부기장,0,google,trend_relative
2026-08-30,3부기장,0,google,trend_relative
2026-09-06,3부기장,0,google,trend_relative
2026-09-13,3부기장,0,google,trend_relative
2025-09-14,4부기장,0,google,trend_relative
2025-09-21,4부기장,0,google,trend_relative
2025-09-28,4부기장,0,google,trend_relative
2025-10-05,4부기장,0,google,trend_relative
2025-10-12,4부기장,0,google,trend_relative
2025-10-19,4부기장,0,google,trend_relative
2025-10-26,4부기장,0,google,trend_relative
2025-11-02,4부기장,0,google,trend_relative
2025-11-09,4부기장,0,google,trend_relative
2025-11-16,4부기장,0,google,trend_relative
2025-11-23,4부기장,0,google,trend_relative
2025-11-30,4부기장,0,google,trend_relative
2025-12-07,4부기장,0,google,trend_relative
2025-12-14,4부기장,0,google,trend_relative
2025-12-21,4부기장,0,google,trend_relative
2025-12-28,4부기장,0,google,trend_relative
2026-01-04,4부기장,0,google,trend_relative
2026-01-11,4부기장,0,google,trend_relative
2026-01-18,4부기장,0,google,trend_relative
2026-01-25,4부기장,0,google,trend_relative
2026-02-01,4부기장,0,google,trend_relative
2026-02-08,4부기장,0,google,trend_relative
2026-02-15,4부기장,0,google,trend_relative
2026-02-22,4부기장,0,google,trend_relative
2026-03-01,4부기장,0,google,trend_relative
2026-03-08,4부기장,0,google,trend_relative
2026-03-15,4부기장,0,google,trend_relative
2026-03-22,4부기장,0,google,trend_relative
2026-03-29,4부기장,0,google,trend_relative
2026-04-05,4부기장,0,google,trend_relative
2026-04-12,4부기장,0,google,trend_relative
2026-04-19,4부기장,100,google,trend_relative
2026-04-26,4부기장,0,google,trend_relative
2026-05-03,4부기장,0,google,trend_relative
2026-05-10,4부기장,0,google,trend_relative
2026-05-17,4부기장,0,google,trend_relative
2026-05-24,4부기장,0,google,trend_relative
2026-05-31,4부기장,0,google,trend_relative
2026-06-07,4부기장,0,google,trend_relative
2026-06-14,4부기장,0,google,trend_relative
2026-06-21,4부기장,0,google,trend_relative
2026-06-28,4부기장,0,google,trend_relative
2026-07-05,4부기장,0,google,trend_relative
2026-07-12,4부기장,0,google,trend_relative
2026-07-19,4부기장,0,google,trend_relative
2026-07-26,4부기장,0,google,trend_relative
2026-08-02,4부기장,0,google,trend_relative
2026-08-09,4부기장,0,google,trend_relative
2026-08-16,4부기장,0,google,trend_relative
2026-08-23,4부기장,0,google,trend_relative
2026-08-30,4부기장,0,google,trend_relative
2026-09-06,4부기장,0,google,trend_relative
2026-09-13,4부기장,0,google,trend_relative
2025-09-14,5부기장,0,google,trend_relative
2025-09-21,5부기장,0,google,trend_relative
2025-09-28,5부기장,0,google,trend_relative
2025-10-05,5부기장,0,google,trend_relative
2025-10-12,5부기장,0,google,trend_relative
2025-10-19,5부기장,0,google,trend_relative
2025-10-26,5부기장,0,google,trend_relative
2025-11-02,5부기장,0,google,trend_relative
2025-11-09,5부기장,0,google,trend_relative
2025-11-16,5부기장,0,google,trend_relative
2025-11-23,5부기장,0,google,trend_relative
2025-11-30,5부기장,0,google,trend_relative
2025-12-07,5부기장,0,google,trend_relative
2025-12-14,5부기장,0,google,trend_relative
2025-12-21,5부기장,0,google,trend_relative
2025-12-28,5부기장,0,google,trend_relative
2026-01-04,5부기장,0,google,trend_relative
2026-01-11,5부기장,0,google,trend_relative
2026-01-18,5부기장,0,google,trend_relative
2026-01-25,5부기장,0,google,trend_relative
2026-02-01,5부기장,0,google,trend_relative
2026-02-08,5부기장,0,google,trend_relative
2026-02-15,5부기장,0,google,trend_relative
2026-02-22,5부기장,0,google,trend_relative
2026-03-01,5부기장,0,google,trend_relative
2026-03-08,5부기장,0,google,trend_relative
2026-03-15,5부기장,0,google,trend_relative
2026-03-22,5부기장,0,google,trend_relative
2026-03-29,5부기장,0,google,trend_relative
2026-04-05,5부기장,0,google,trend_relative
2026-04-12,5부기장,0,google,trend_relative
2026-04-19,5부기장,0,google,trend_relative
2026-04-26,5부기장,0,google,trend_relative
2026-05-03,5부기장,0,google,trend_relative
2026-05-10,5부기장,0,google,trend_relative
2026-05-17,5부기장,0,google,trend_relative
2026-05-24,5부기장,0,google,trend_relative
2026-05-31,5부기장,0,google,trend_relative
2026-06-07,5부기장,0,google,trend_relative
2026-06-14,5부기장,0,google,trend_relative
2026-06-21,5부기장,0,google,trend_relative
2026-06-28,5부기장,0,google,trend_relative
2026-07-05,5부기장,0,google,trend_relative
2026-07-12,5부기장,0,google,trend_relative
2026-07-19,5부기장,0,google,trend_relative
2026-07-26,5부기장,0,google,trend_relative
2026-08-02,5부기장,0,google,trend_relative
2026-08-09,5부기장,0,google,trend_relative
2026-08-16,5부기장,0,google,trend_relative
2026-08-23,5부기장,0,google,trend_relative
2026-08-30,5부기장,0,google,trend_relative
2026-09-06,5부기장,0,google,trend_relative
2026-09-13,5부기장,0,google,trend_relative
2025-09-14,6-7부기장,0,google,trend_relative
2025-09-21,6-7부기장,0,google,trend_relative
2025-09-28,6-7부기장,0,google,trend_relative
2025-10-05,6-7부기장,0,google,trend_relative
2025-10-12,6-7부기장,0,google,trend_relative
2025-10-19,6-7부기장,0,google,trend_relative
2025-10-26,6-7부기장,0,google,trend_relative
2025-11-02,6-7부기장,0,google,trend_relative
2025-11-09,6-7부기장,0,google,trend_relative
2025-11-16,6-7부기장,0,google,trend_relative
2025-11-23,6-7부기장,0,google,trend_relative
2025-11-30,6-7부기장,0,google,trend_relative
2025-12-07,6-7부기장,0,google,trend_relative
2025-12-14,6-7부기장,0,google,trend_relative
2025-12-21,6-7부기장,0,google,trend_relative
2025-12-28,6-7부기장,0,google,trend_relative
2026-01-04,6-7부기장,0,google,trend_relative
2026-01-11,6-7부기장,0,google,trend_relative
2026-01-18,6-7부기장,0,google,trend_relative
2026-01-25,6-7부기장,0,google,trend_relative
2026-02-01,6-7부기장,0,google,trend_relative
2026-02-08,6-7부기장,0,google,trend_relative
2026-02-15,6-7부기장,0,google,trend_relative
2026-02-22,6-7부기장,0,google,trend_relative
2026-03-01,6-7부기장,0,google,trend_relative
2026-03-08,6-7부기장,0,google,trend_relative
2026-03-15,6-7부기장,0,google,trend_relative
2026-03-22,6-7부기장,0,google,trend_relative
2026-03-29,6-7부기장,0,google,trend_relative
2026-04-05,6-7부기장,0,google,trend_relative
2026-04-12,6-7부기장,0,google,trend_relative
2026-04-19,6-7부기장,0,google,trend_relative
2026-04-26,6-7부기장,0,google,trend_relative
2026-05-03,6-7부기장,0,google,trend_relative
2026-05-10,6-7부기장,0,google,trend_relative
2026-05-17,6-7부기장,0,google,trend_relative
2026-05-24,6-7부기장,0,google,trend_relative
2026-05-31,6-7부기장,84,google,trend_relative
2026-06-07,6-7부기장,0,google,trend_relative
2026-06-14,6-7부기장,0,google,trend_relative
2026-06-21,6-7부기장,0,google,trend_relative
2026-06-28,6-7부기장,0,google,trend_relative
2026-07-05,6-7부기장,0,google,trend_relative
2026-07-12,6-7부기장,0,google,trend_relative
2026-07-19,6-7부기장,0,google,trend_relative
2026-07-26,6-7부기장,0,google,trend_relative
2026-08-02,6-7부기장,0,google,trend_relative
2026-08-09,6-7부기장,0,google,trend_relative
2026-08-16,6-7부기장,0,google,trend_relative
2026-08-23,6-7부기장,0,google,trend_relative
2026-08-30,6-7부기장,0,google,trend_relative
2026-09-06,6-7부기장,0,google,trend_relative
2026-09-13,6-7부기장,0,google,trend_relative
2025-09-14,8부기장,0,google,trend_relative
2025-09-21,8부기장,0,google,trend_relative
2025-09-28,8부기장,0,google,trend_relative
2025-10-05,8부기장,0,google,trend_relative
2025-10-12,8부기장,0,google,trend_relative
2025-10-19,8부기장,0,google,trend_relative
2025-10-26,8부기장,0,google,trend_relative
2025-11-02,8부기장,0,google,trend_relative
2025-11-09,8부기장,0,google,trend_relative
2025-11-16,8부기장,0,google,trend_relative
2025-11-23,8부기장,0,google,trend_relative
2025-11-30,8부기장,0,google,trend_relative
2025-12-07,8부기장,0,google,trend_relative
2025-12-14,8부기장,0,google,trend_relative
2025-12-21,8부기장,0,google,trend_relative
2025-12-28,8부기장,0,google,trend_relative
2026-01-04,8부기장,0,google,trend_relative
2026-01-11,8부기장,0,google,trend_relative
2026-01-18,8부기장,0,google,trend_relative
2026-01-25,8부기장,0,google,trend_relative
2026-02-01,8부기장,0,google,trend_relative
2026-02-08,8부기장,0,google,trend_relative
2026-02-15,8부기장,0,google,trend_relative
2026-02-22,8부기장,0,google,trend_relative
2026-03-01,8부기장,0,google,trend_relative
2026-03-08,8부기장,0,google,trend_relative
2026-03-15,8부기장,0,google,trend_relative
2026-03-22,8부기장,0,google,trend_relative
2026-03-29,8부기장,0,google,trend_relative
2026-04-05,8부기장,0,google,trend_relative
2026-04-12,8부기장,0,google,trend_relative
2026-04-19,8부기장,0,google,trend_relative
2026-04-26,8부기장,0,google,trend_relative
2026-05-03,8부기장,0,google,trend_relative
2026-05-10,8부기장,0,google,trend_relative
2026-05-17,8부기장,0,google,trend_relative
2026-05-24,8부기장,0,google,trend_relative
2026-05-31,8부기장,0,google,trend_relative
2026-06-07,8부기장,0,google,trend_relative
2026-06-14,8부기장,0,google,trend_relative
2026-06-21,8부기장,0,google,trend_relative
2026-06-28,8부기장,0,google,trend_relative
2026-07-05,8부기장,0,google,trend_relative
2026-07-12,8부기장,0,google,trend_relative
2026-07-19,8부기장,0,google,trend_relative
2026-07-26,8부기장,0,google,trend_relative
2026-08-02,8부기장,0,google,trend_relative
2026-08-09,8부기장,0,google,trend_relative
2026-08-16,8부기장,0,google,trend_relative
2026-08-23,8부기장,0,google,trend_relative
2026-08-30,8부기장,0,google,trend_relative
2026-09-06,8부기장,0,google,trend_relative
2026-09-13,8부기장,0,google,trend_relative
2025-09-14,9부기장,0,google,trend_relative
2025-09-21,9부기장,0,google,trend_relative
2025-09-28,9부기장,0,google,trend_relative
2025-10-05,9부기장,0,google,trend_relative
2025-10-12,9부기장,0,google,trend_relative
2025-10-19,9부기장,0,google,trend_relative
2025-10-26,9부기장,0,google,trend_relative
2025-11-02,9부기장,0,google,trend_relative
2025-11-09,9부기장,0,google,trend_relative
2025-11-16,9부기장,0,google,trend_relative
2025-11-23,9부기장,0,google,trend_relative
2025-11-30,9부기장,0,google,trend_relative
2025-12-07,9부기장,0,google,trend_relative
2025-12-14,9부기장,0,google,trend_relative
2025-12-21,9부기장,0,google,trend_relative
2025-12-28,9부기장,0,google,trend_relative
2026-01-04,9부기장,0,google,trend_relative
2026-01-11,9부기장,0,google,trend_relative
2026-01-18,9부기장,0,google,trend_relative
2026-01-25,9부기장,0,google,trend_relative
2026-02-01,9부기장,0,google,trend_relative
2026-02-08,9부기장,0,google,trend_relative
2026-02-15,9부기장,0,google,trend_relative
2026-02-22,9부기장,0,google,trend_relative
2026-03-01,9부기장,0,google,trend_relative
2026-03-08,9부기장,0,google,trend_relative
2026-03-15,9부기장,0,google,trend_relative
2026-03-22,9부기장,0,google,trend_relative
2026-03-29,9부기장,0,google,trend_relative
2026-04-05,9부기장,0,google,trend_relative
2026-04-12,9부기장,0,google,trend_relative
2026-04-19,9부기장,0,google,trend_relative
2026-04-26,9부기장,0,google,trend_relative
2026-05-03,9부기장,0,google,trend_relative
2026-05-10,9부기장,0,google,trend_relative
2026-05-17,9부기장,0,google,trend_relative
2026-05-24,9부기장,0,google,trend_relative
2026-05-31,9부기장,0,google,trend_relative
2026-06-07,9부기장,0,google,trend_relative
2026-06-14,9부기장,0,google,trend_relative
2026-06-21,9부기장,0,google,trend_relative
2026-06-28,9부기장,0,google,trend_relative
2026-07-05,9부기장,0,google,trend_relative
2026-07-12,9부기장,0,google,trend_relative
2026-07-19,9부기장,0,google,trend_relative
2026-07-26,9부기장,0,google,trend_relative
2026-08-02,9부기장,0,google,trend_relative
2026-08-09,9부기장,0,google,trend_relative
2026-08-16,9부기장,0,google,trend_relative
2026-08-23,9부기장,0,google,trend_relative
2026-08-30,9부기장,0,google,trend_relative
2026-09-06,9부기장,0,google,trend_relative
2026-09-13,9부기장,0,google,trend_relative
2025-09-14,컴포트핏,0,google,trend_relative
2025-09-21,컴포트핏,0,google,trend_relative
2025-09-28,컴포트핏,0,google,trend_relative
2025-10-05,컴포트핏,0,google,trend_relative
2025-10-12,컴포트핏,0,google,trend_relative
2025-10-19,컴포트핏,0,google,trend_relative
2025-10-26,컴포트핏,0,google,trend_relative
2025-11-02,컴포트핏,0,google,trend_relative
2025-11-09,컴포트핏,0,google,trend_relative
2025-11-16,컴포트핏,0,google,trend_relative
2025-11-23,컴포트핏,0,google,trend_relative
2025-11-30,컴포트핏,0,google,trend_relative
2025-12-07,컴포트핏,0,google,trend_relative
2025-12-14,컴포트핏,0,google,trend_relative
2025-12-21,컴포트핏,0,google,trend_relative
2025-12-28,컴포트핏,0,google,trend_relative
2026-01-04,컴포트핏,0,google,trend_relative
2026-01-11,컴포트핏,0,google,trend_relative
2026-01-18,컴포트핏,0,google,trend_relative
2026-01-25,컴포트핏,0,google,trend_relative
2026-02-01,컴포트핏,0,google,trend_relative
2026-02-08,컴포트핏,0,google,trend_relative
2026-02-15,컴포트핏,0,google,trend_relative
2026-02-22,컴포트핏,0,google,trend_relative
2026-03-01,컴포트핏,0,google,trend_relative
2026-03-08,컴포트핏,0,google,trend_relative
2026-03-15,컴포트핏,0,google,trend_relative
2026-03-22,컴포트핏,0,google,trend_relative
2026-03-29,컴포트핏,0,google,trend_relative
2026-04-05,컴포트핏,0,google,trend_relative
2026-04-12,컴포트핏,0,google,trend_relative
2026-04-19,컴포트핏,0,google,trend_relative
2026-04-26,컴포트핏,0,google,trend_relative
2026-05-03,컴포트핏,0,google,trend_relative
2026-05-10,컴포트핏,0,google,trend_relative
2026-05-17,컴포트핏,0,google,trend_relative
2026-05-24,컴포트핏,0,google,trend_relative
2026-05-31,컴포트핏,0,google,trend_relative
2026-06-07,컴포트핏,0,google,trend_relative
2026-06-14,컴포트핏,0,google,trend_relative
2026-06-21,컴포트핏,0,google,trend_relative
2026-06-28,컴포트핏,0,google,trend_relative
2026-07-05,컴포트핏,0,google,trend_relative
2026-07-12,컴포트핏,0,google,trend_relative
2026-07-19,컴포트핏,0,google,trend_relative
2026-07-26,컴포트핏,0,google,trend_relative
2026-08-02,컴포트핏,0,google,trend_relative
2026-08-09,컴포트핏,0,google,trend_relative
2026-08-16,컴포트핏,0,google,trend_relative
2026-08-23,컴포트핏,0,google,trend_relative
2026-08-30,컴포트핏,2,google,trend_relative
2026-09-06,컴포트핏,3,google,trend_relative
2026-09-13,컴포트핏,0,google,trend_relative
2025-09-14,루즈핏,34,google,trend_relative
2025-09-21,루즈핏,52,google,trend_relative
2025-09-28,루즈핏,39,google,trend_relative
2025-10-05,루즈핏,67,google,trend_relative
2025-10-12,루즈핏,63,google,trend_relative
2025-10-19,루즈핏,69,google,trend_relative
2025-10-26,루즈핏,61,google,trend_relative
2025-11-02,루즈핏,51,google,trend_relative
2025-11-09,루즈핏,55,google,trend_relative
2025-11-16,루즈핏,54,google,trend_relative
2025-11-23,루즈핏,60,google,trend_relative
2025-11-30,루즈핏,49,google,trend_relative
2025-12-07,루즈핏,47,google,trend_relative
2025-12-14,루즈핏,43,google,trend_relative
2025-12-21,루즈핏,42,google,trend_relative
2025-12-28,루즈핏,40,google,trend_relative
2026-01-04,루즈핏,54,google,trend_relative
2026-01-11,루즈핏,33,google,trend_relative
2026-01-18,루즈핏,53,google,trend_relative
2026-01-25,루즈핏,47,google,trend_relative
2026-02-01,루즈핏,51,google,trend_relative
2026-02-08,루즈핏,67,google,trend_relative
2026-02-15,루즈핏,72,google,trend_relative
2026-02-22,루즈핏,58,google,trend_relative
2026-03-01,루즈핏,58,google,trend_relative
2026-03-08,루즈핏,70,google,trend_relative
2026-03-15,루즈핏,52,google,trend_relative
2026-03-22,루즈핏,100,google,trend_relative
2026-03-29,루즈핏,63,google,trend_relative
2026-04-05,루즈핏,55,google,trend_relative
2026-04-12,루즈핏,47,google,trend_relative
2026-04-19,루즈핏,64,google,trend_relative
2026-04-26,루즈핏,36,google,trend_relative
2026-05-03,루즈핏,75,google,trend_relative
2026-05-10,루즈핏,46,google,trend_relative
2026-05-17,루즈핏,44,google,trend_relative
2026-05-24,루즈핏,87,google,trend_relative
2026-05-31,루즈핏,57,google,trend_relative
2026-06-07,루즈핏,39,google,trend_relative
2026-06-14,루즈핏,65,google,trend_relative
2026-06-21,루즈핏,41,google,trend_relative
2026-06-28,루즈핏,62,google,trend_relative
2026-07-05,루즈핏,75,google,trend_relative
2026-07-12,루즈핏,42,google,trend_relative
2026-07-19,루즈핏,43,google,trend_relative
2026-07-26,루즈핏,46,google,trend_relative
2026-08-02,루즈핏,42,google,trend_relative
2026-08-09,루즈핏,41,google,trend_relative
2026-08-16,루즈핏,27,google,trend_relative
2026-08-23,루즈핏,47,google,trend_relative
2026-08-30,루즈핏,28,google,trend_relative
2026-09-06,루즈핏,43,google,trend_relative
2026-09-13,루즈핏,52,google,trend_relative
2025-09-14,레귤러핏,0,google,trend_relative
2025-09-21,레귤러핏,0,google,trend_relative
2025-09-28,레귤러핏,27,google,trend_relative
2025-10-05,레귤러핏,0,google,trend_relative
2025-10-12,레귤러핏,0,google,trend_relative
2025-10-19,레귤러핏,0,google,trend_relative
2025-10-26,레귤러핏,0,google,trend_relative
2025-11-02,레귤러핏,0,google,trend_relative
2025-11-09,레귤러핏,0,google,trend_relative
2025-11-16,레귤러핏,46,google,trend_relative
2025-11-23,레귤러핏,28,google,trend_relative
2025-11-30,레귤러핏,0,google,trend_relative
2025-12-07,레귤러핏,0,google,trend_relative
2025-12-14,레귤러핏,0,google,trend_relative
2025-12-21,레귤러핏,0,google,trend_relative
2025-12-28,레귤러핏,0,google,trend_relative
2026-01-04,레귤러핏,0,google,trend_relative
2026-01-11,레귤러핏,0,google,trend_relative
2026-01-18,레귤러핏,0,google,trend_relative
2026-01-25,레귤러핏,30,google,trend_relative
2026-02-01,레귤러핏,0,google,trend_relative
2026-02-08,레귤러핏,0,google,trend_relative
2026-02-15,레귤러핏,22,google,trend_relative
2026-02-22,레귤러핏,0,google,trend_relative
2026-03-01,레귤러핏,32,google,trend_relative
2026-03-08,레귤러핏,0,google,trend_relative
2026-03-15,레귤러핏,0,google,trend_relative
2026-03-22,레귤러핏,0,google,trend_relative
2026-03-29,레귤러핏,30,google,trend_relative
2026-04-05,레귤러핏,0,google,trend_relative
2026-04-12,레귤러핏,26,google,trend_relative
2026-04-19,레귤러핏,0,google,trend_relative
2026-04-26,레귤러핏,0,google,trend_relative
2026-05-03,레귤러핏,24,google,trend_relative
2026-05-10,레귤러핏,26,google,trend_relative
2026-05-17,레귤러핏,0,google,trend_relative
2026-05-24,레귤러핏,0,google,trend_relative
2026-05-31,레귤러핏,21,google,trend_relative
2026-06-07,레귤러핏,0,google,trend_relative
2026-06-14,레귤러핏,0,google,trend_relative
2026-06-21,레귤러핏,23,google,trend_relative
2026-06-28,레귤러핏,0,google,trend_relative
2026-07-05,레귤러핏,48,google,trend_relative
2026-07-12,레귤러핏,0,google,trend_relative
2026-07-19,레귤러핏,0,google,trend_relative
2026-07-26,레귤러핏,24,google,trend_relative
2026-08-02,레귤러핏,0,google,trend_relative
2026-08-09,레귤러핏,0,google,trend_relative
2026-08-16,레귤러핏,0,google,trend_relative
2026-08-23,레귤러핏,0,google,trend_relative
2026-08-30,레귤러핏,15,google,trend_relative
2026-09-06,레귤러핏,22,google,trend_relative
2026-09-13,레귤러핏,20,google,trend_relative
2025-09-14,플랫힐,0,google,trend_relative
2025-09-21,플랫힐,0,google,trend_relative
2025-09-28,플랫힐,0,google,trend_relative
2025-10-05,플랫힐,0,google,trend_relative
2025-10-12,플랫힐,0,google,trend_relative
2025-10-19,플랫힐,0,google,trend_relative
2025-10-26,플랫힐,0,google,trend_relative
2025-11-02,플랫힐,0,google,trend_relative
2025-11-09,플랫힐,0,google,trend_relative
2025-11-16,플랫힐,0,google,trend_relative
2025-11-23,플랫힐,0,google,trend_relative
2025-11-30,플랫힐,0,google,trend_relative
2025-12-07,플랫힐,0,google,trend_relative
2025-12-14,플랫힐,0,google,trend_relative
2025-12-21,플랫힐,0,google,trend_relative
2025-12-28,플랫힐,0,google,trend_relative
2026-01-04,플랫힐,0,google,trend_relative
2026-01-11,플랫힐,0,google,trend_relative
2026-01-18,플랫힐,0,google,trend_relative
2026-01-25,플랫힐,0,google,trend_relative
2026-02-01,플랫힐,0,google,trend_relative
2026-02-08,플랫힐,0,google,trend_relative
2026-02-15,플랫힐,0,google,trend_relative
2026-02-22,플랫힐,0,google,trend_relative
2026-03-01,플랫힐,0,google,trend_relative
2026-03-08,플랫힐,0,google,trend_relative
2026-03-15,플랫힐,0,google,trend_relative
2026-03-22,플랫힐,0,google,trend_relative
2026-03-29,플랫힐,0,google,trend_relative
2026-04-05,플랫힐,0,google,trend_relative
2026-04-12,플랫힐,0,google,trend_relative
2026-04-19,플랫힐,0,google,trend_relative
2026-04-26,플랫힐,0,google,trend_relative
2026-05-03,플랫힐,0,google,trend_relative
2026-05-10,플랫힐,0,google,trend_relative
2026-05-17,플랫힐,0,google,trend_relative
2026-05-24,플랫힐,0,google,trend_relative
2026-05-31,플랫힐,0,google,trend_relative
2026-06-07,플랫힐,0,google,trend_relative
2026-06-14,플랫힐,0,google,trend_relative
2026-06-21,플랫힐,0,google,trend_relative
2026-06-28,플랫힐,0,google,trend_relative
2026-07-05,플랫힐,0,google,trend_relative
2026-07-12,플랫힐,0,google,trend_relative
2026-07-19,플랫힐,0,google,trend_relative
2026-07-26,플랫힐,0,google,trend_relative
2026-08-02,플랫힐,0,google,trend_relative
2026-08-09,플랫힐,0,google,trend_relative
2026-08-16,플랫힐,0,google,trend_relative
2026-08-23,플랫힐,0,google,trend_relative
2026-08-30,플랫힐,0,google,trend_relative
2026-09-06,플랫힐,3,google,trend_relative
2026-09-13,플랫힐,0,google,trend_relative
2025-09-14,블록힐,0,google,trend_relative
2025-09-21,블록힐,0,google,trend_relative
2025-09-28,블록힐,0,google,trend_relative
2025-10-05,블록힐,0,google,trend_relative
2025-10-12,블록힐,0,google,trend_relative
2025-10-19,블록힐,0,google,trend_relative
2025-10-26,블록힐,0,google,trend_relative
2025-11-02,블록힐,0,google,trend_relative
2025-11-09,블록힐,0,google,trend_relative
2025-11-16,블록힐,0,google,trend_relative
2025-11-23,블록힐,0,google,trend_relative
2025-11-30,블록힐,0,google,trend_relative
2025-12-07,블록힐,0,google,trend_relative
2025-12-14,블록힐,0,google,trend_relative
2025-12-21,블록힐,0,google,trend_relative
2025-12-28,블록힐,0,google,trend_relative
2026-01-04,블록힐,0,google,trend_relative
2026-01-11,블록힐,0,google,trend_relative
2026-01-18,블록힐,0,google,trend_relative
2026-01-25,블록힐,0,google,trend_relative
2026-02-01,블록힐,0,google,trend_relative
2026-02-08,블록힐,40,google,trend_relative
2026-02-15,블록힐,0,google,trend_relative
2026-02-22,블록힐,0,google,trend_relative
2026-03-01,블록힐,0,google,trend_relative
2026-03-08,블록힐,0,google,trend_relative
2026-03-15,블록힐,0,google,trend_relative
2026-03-22,블록힐,0,google,trend_relative
2026-03-29,블록힐,0,google,trend_relative
2026-04-05,블록힐,0,google,trend_relative
2026-04-12,블록힐,0,google,trend_relative
2026-04-19,블록힐,0,google,trend_relative
2026-04-26,블록힐,0,google,trend_relative
2026-05-03,블록힐,0,google,trend_relative
2026-05-10,블록힐,0,google,trend_relative
2026-05-17,블록힐,0,google,trend_relative
2026-05-24,블록힐,0,google,trend_relative
2026-05-31,블록힐,0,google,trend_relative
2026-06-07,블록힐,0,google,trend_relative
2026-06-14,블록힐,0,google,trend_relative
2026-06-21,블록힐,0,google,trend_relative
2026-06-28,블록힐,0,google,trend_relative
2026-07-05,블록힐,0,google,trend_relative
2026-07-12,블록힐,0,google,trend_relative
2026-07-19,블록힐,0,google,trend_relative
2026-07-26,블록힐,0,google,trend_relative
2026-08-02,블록힐,0,google,trend_relative
2026-08-09,블록힐,0,google,trend_relative
2026-08-16,블록힐,0,google,trend_relative
2026-08-23,블록힐,0,google,trend_relative
2026-08-30,블록힐,4,google,trend_relative
2026-09-06,블록힐,4,google,trend_relative
2026-09-13,블록힐,14,google,trend_relative
2025-09-14,웨지힐,0,google,trend_relative
2025-09-21,웨지힐,0,google,trend_relative
2025-09-28,웨지힐,0,google,trend_relative
2025-10-05,웨지힐,0,google,trend_relative
2025-10-12,웨지힐,0,google,trend_relative
2025-10-19,웨지힐,0,google,trend_relative
2025-10-26,웨지힐,0,google,trend_relative
2025-11-02,웨지힐,0,google,trend_relative
2025-11-09,웨지힐,0,google,trend_relative
2025-11-16,웨지힐,0,google,trend_relative
2025-11-23,웨지힐,0,google,trend_relative
2025-11-30,웨지힐,0,google,trend_relative
2025-12-07,웨지힐,0,google,trend_relative
2025-12-14,웨지힐,0,google,trend_relative
2025-12-21,웨지힐,0,google,trend_relative
2025-12-28,웨지힐,0,google,trend_relative
2026-01-04,웨지힐,0,google,trend_relative
2026-01-11,웨지힐,0,google,trend_relative
2026-01-18,웨지힐,0,google,trend_relative
2026-01-25,웨지힐,41,google,trend_relative
2026-02-01,웨지힐,0,google,trend_relative
2026-02-08,웨지힐,0,google,trend_relative
2026-02-15,웨지힐,0,google,trend_relative
2026-02-22,웨지힐,0,google,trend_relative
2026-03-01,웨지힐,0,google,trend_relative
2026-03-08,웨지힐,0,google,trend_relative
2026-03-15,웨지힐,0,google,trend_relative
2026-03-22,웨지힐,0,google,trend_relative
2026-03-29,웨지힐,0,google,trend_relative
2026-04-05,웨지힐,100,google,trend_relative
2026-04-12,웨지힐,0,google,trend_relative
2026-04-19,웨지힐,29,google,trend_relative
2026-04-26,웨지힐,0,google,trend_relative
2026-05-03,웨지힐,0,google,trend_relative
2026-05-10,웨지힐,0,google,trend_relative
2026-05-17,웨지힐,0,google,trend_relative
2026-05-24,웨지힐,0,google,trend_relative
2026-05-31,웨지힐,0,google,trend_relative
2026-06-07,웨지힐,0,google,trend_relative
2026-06-14,웨지힐,32,google,trend_relative
2026-06-21,웨지힐,0,google,trend_relative
2026-06-28,웨지힐,0,google,trend_relative
2026-07-05,웨지힐,0,google,trend_relative
2026-07-12,웨지힐,0,google,trend_relative
2026-07-19,웨지힐,0,google,trend_relative
2026-07-26,웨지힐,0,google,trend_relative
2026-08-02,웨지힐,30,google,trend_relative
2026-08-09,웨지힐,0,google,trend_relative
2026-08-16,웨지힐,0,google,trend_relative
2026-08-23,웨지힐,0,google,trend_relative
2026-08-30,웨지힐,7,google,trend_relative
2026-09-06,웨지힐,7,google,trend_relative
2026-09-13,웨지힐,0,google,trend_relative
2025-09-14,청키힐,0,google,trend_relative
2025-09-21,청키힐,0,google,trend_relative
2025-09-28,청키힐,0,google,trend_relative
2025-10-05,청키힐,0,google,trend_relative
2025-10-12,청키힐,0,google,trend_relative
2025-10-19,청키힐,0,google,trend_relative
2025-10-26,청키힐,0,google,trend_relative
2025-11-02,청키힐,0,google,trend_relative
2025-11-09,청키힐,0,google,trend_relative
2025-11-16,청키힐,0,google,trend_relative
2025-11-23,청키힐,0,google,trend_relative
2025-11-30,청키힐,0,google,trend_relative
2025-12-07,청키힐,0,google,trend_relative
2025-12-14,청키힐,0,google,trend_relative
2025-12-21,청키힐,0,google,trend_relative
2025-12-28,청키힐,0,google,trend_relative
2026-01-04,청키힐,0,google,trend_relative
2026-01-11,청키힐,0,google,trend_relative
2026-01-18,청키힐,0,google,trend_relative
2026-01-25,청키힐,0,google,trend_relative
2026-02-01,청키힐,0,google,trend_relative
2026-02-08,청키힐,0,google,trend_relative
2026-02-15,청키힐,0,google,trend_relative
2026-02-22,청키힐,0,google,trend_relative
2026-03-01,청키힐,0,google,trend_relative
2026-03-08,청키힐,0,google,trend_relative
2026-03-15,청키힐,0,google,trend_relative
2026-03-22,청키힐,0,google,trend_relative
2026-03-29,청키힐,0,google,trend_relative
2026-04-05,청키힐,0,google,trend_relative
2026-04-12,청키힐,0,google,trend_relative
2026-04-19,청키힐,0,google,trend_relative
2026-04-26,청키힐,0,google,trend_relative
2026-05-03,청키힐,0,google,trend_relative
2026-05-10,청키힐,0,google,trend_relative
2026-05-17,청키힐,0,google,trend_relative
2026-05-24,청키힐,0,google,trend_relative
2026-05-31,청키힐,0,google,trend_relative
2026-06-07,청키힐,0,google,trend_relative
2026-06-14,청키힐,0,google,trend_relative
2026-06-21,청키힐,0,google,trend_relative
2026-06-28,청키힐,0,google,trend_relative
2026-07-05,청키힐,0,google,trend_relative
2026-07-12,청키힐,0,google,trend_relative
2026-07-19,청키힐,0,google,trend_relative
2026-07-26,청키힐,0,google,trend_relative
2026-08-02,청키힐,0,google,trend_relative
2026-08-09,청키힐,0,google,trend_relative
2026-08-16,청키힐,0,google,trend_relative
2026-08-23,청키힐,0,google,trend_relative
2026-08-30,청키힐,0,google,trend_relative
2026-09-06,청키힐,0,google,trend_relative
2026-09-13,청키힐,0,google,trend_relative
2025-09-14,스틸레토힐,0,google,trend_relative
2025-09-21,스틸레토힐,0,google,trend_relative
2025-09-28,스틸레토힐,0,google,trend_relative
2025-10-05,스틸레토힐,0,google,trend_relative
2025-10-12,스틸레토힐,0,google,trend_relative
2025-10-19,스틸레토힐,0,google,trend_relative
2025-10-26,스틸레토힐,0,google,trend_relative
2025-11-02,스틸레토힐,0,google,trend_relative
2025-11-09,스틸레토힐,0,google,trend_relative
2025-11-16,스틸레토힐,0,google,trend_relative
2025-11-23,스틸레토힐,0,google,trend_relative
2025-11-30,스틸레토힐,0,google,trend_relative
2025-12-07,스틸레토힐,0,google,trend_relative
2025-12-14,스틸레토힐,0,google,trend_relative
2025-12-21,스틸레토힐,0,google,trend_relative
2025-12-28,스틸레토힐,0,google,trend_relative
2026-01-04,스틸레토힐,0,google,trend_relative
2026-01-11,스틸레토힐,0,google,trend_relative
2026-01-18,스틸레토힐,0,google,trend_relative
2026-01-25,스틸레토힐,0,google,trend_relative
2026-02-01,스틸레토힐,0,google,trend_relative
2026-02-08,스틸레토힐,0,google,trend_relative
2026-02-15,스틸레토힐,0,google,trend_relative
2026-02-22,스틸레토힐,0,google,trend_relative
2026-03-01,스틸레토힐,0,google,trend_relative
2026-03-08,스틸레토힐,0,google,trend_relative
2026-03-15,스틸레토힐,0,google,trend_relative
2026-03-22,스틸레토힐,0,google,trend_relative
2026-03-29,스틸레토힐,0,google,trend_relative
2026-04-05,스틸레토힐,0,google,trend_relative
2026-04-12,스틸레토힐,0,google,trend_relative
2026-04-19,스틸레토힐,0,google,trend_relative
2026-04-26,스틸레토힐,0,google,trend_relative
2026-05-03,스틸레토힐,0,google,trend_relative
2026-05-10,스틸레토힐,0,google,trend_relative
2026-05-17,스틸레토힐,0,google,trend_relative
2026-05-24,스틸레토힐,0,google,trend_relative
2026-05-31,스틸레토힐,0,google,trend_relative
2026-06-07,스틸레토힐,0,google,trend_relative
2026-06-14,스틸레토힐,0,google,trend_relative
2026-06-21,스틸레토힐,0,google,trend_relative
2026-06-28,스틸레토힐,0,google,trend_relative
2026-07-05,스틸레토힐,0,google,trend_relative
2026-07-12,스틸레토힐,0,google,trend_relative
2026-07-19,스틸레토힐,0,google,trend_relative
2026-07-26,스틸레토힐,0,google,trend_relative
2026-08-02,스틸레토힐,0,google,trend_relative
2026-08-09,스틸레토힐,0,google,trend_relative
2026-08-16,스틸레토힐,0,google,trend_relative
2026-08-23,스틸레토힐,0,google,trend_relative
2026-08-30,스틸레토힐,7,google,trend_relative
2026-09-06,스틸레토힐,9,google,trend_relative
2026-09-13,스틸레토힐,0,google,trend_relative
2025-09-14,크롭기장,0,google,trend_relative
2025-09-21,크롭기장,0,google,trend_relative
2025-09-28,크롭기장,0,google,trend_relative
2025-10-05,크롭기장,0,google,trend_relative
2025-10-12,크롭기장,0,google,trend_relative
2025-10-19,크롭기장,0,google,trend_relative
2025-10-26,크롭기장,0,google,trend_relative
2025-11-02,크롭기장,0,google,trend_relative
2025-11-09,크롭기장,0,google,trend_relative
2025-11-16,크롭기장,0,google,trend_relative
2025-11-23,크롭기장,0,google,trend_relative
2025-11-30,크롭기장,0,google,trend_relative
2025-12-07,크롭기장,0,google,trend_relative
2025-12-14,크롭기장,0,google,trend_relative
2025-12-21,크롭기장,0,google,trend_relative
2025-12-28,크롭기장,0,google,trend_relative
2026-01-04,크롭기장,0,google,trend_relative
2026-01-11,크롭기장,0,google,trend_relative
2026-01-18,크롭기장,0,google,trend_relative
2026-01-25,크롭기장,0,google,trend_relative
2026-02-01,크롭기장,0,google,trend_relative
2026-02-08,크롭기장,0,google,trend_relative
2026-02-15,크롭기장,0,google,trend_relative
2026-02-22,크롭기장,0,google,trend_relative
2026-03-01,크롭기장,0,google,trend_relative
2026-03-08,크롭기장,0,google,trend_relative
2026-03-15,크롭기장,0,google,trend_relative
2026-03-22,크롭기장,0,google,trend_relative
2026-03-29,크롭기장,0,google,trend_relative
2026-04-05,크롭기장,0,google,trend_relative
2026-04-12,크롭기장,0,google,trend_relative
2026-04-19,크롭기장,0,google,trend_relative
2026-04-26,크롭기장,0,google,trend_relative
2026-05-03,크롭기장,0,google,trend_relative
2026-05-10,크롭기장,0,google,trend_relative
2026-05-17,크롭기장,0,google,trend_relative
2026-05-24,크롭기장,0,google,trend_relative
2026-05-31,크롭기장,0,google,trend_relative
2026-06-07,크롭기장,0,google,trend_relative
2026-06-14,크롭기장,0,google,trend_relative
2026-06-21,크롭기장,0,google,trend_relative
2026-06-28,크롭기장,0,google,trend_relative
2026-07-05,크롭기장,0,google,trend_relative
2026-07-12,크롭기장,0,google,trend_relative
2026-07-19,크롭기장,0,google,trend_relative
2026-07-26,크롭기장,0,google,trend_relative
2026-08-02,크롭기장,0,google,trend_relative
2026-08-09,크롭기장,0,google,trend_relative
2026-08-16,크롭기장,0,google,trend_relative
2026-08-23,크롭기장,0,google,trend_relative
2026-08-30,크롭기장,0,google,trend_relative
2026-09-06,크롭기장,0,google,trend_relative
2026-09-13,크롭기장,0,google,trend_relative
2025-09-14,부츠컷,1,google,trend_relative
2025-09-21,부츠컷,2,google,trend_relative
2025-09-28,부츠컷,1,google,trend_relative
2025-10-05,부츠컷,1,google,trend_relative
2025-10-12,부츠컷,2,google,trend_relative
2025-10-19,부츠컷,1,google,trend_relative
2025-10-26,부츠컷,2,google,trend_relative
2025-11-02,부츠컷,1,google,trend_relative
2025-11-09,부츠컷,2,google,trend_relative
2025-11-16,부츠컷,1,google,trend_relative
2025-11-23,부츠컷,2,google,trend_relative
2025-11-30,부츠컷,2,google,trend_relative
2025-12-07,부츠컷,1,google,trend_relative
2025-12-14,부츠컷,2,google,trend_relative
2025-12-21,부츠컷,1,google,trend_relative
2025-12-28,부츠컷,2,google,trend_relative
2026-01-04,부츠컷,2,google,trend_relative
2026-01-11,부츠컷,1,google,trend_relative
2026-01-18,부츠컷,2,google,trend_relative
2026-01-25,부츠컷,2,google,trend_relative
2026-02-01,부츠컷,2,google,trend_relative
2026-02-08,부츠컷,2,google,trend_relative
2026-02-15,부츠컷,2,google,trend_relative
2026-02-22,부츠컷,2,google,trend_relative
2026-03-01,부츠컷,2,google,trend_relative
2026-03-08,부츠컷,3,google,trend_relative
2026-03-15,부츠컷,3,google,trend_relative
2026-03-22,부츠컷,2,google,trend_relative
2026-03-29,부츠컷,3,google,trend_relative
2026-04-05,부츠컷,2,google,trend_relative
2026-04-12,부츠컷,2,google,trend_relative
2026-04-19,부츠컷,2,google,trend_relative
2026-04-26,부츠컷,3,google,trend_relative
2026-05-03,부츠컷,2,google,trend_relative
2026-05-10,부츠컷,3,google,trend_relative
2026-05-17,부츠컷,2,google,trend_relative
2026-05-24,부츠컷,2,google,trend_relative
2026-05-31,부츠컷,2,google,trend_relative
2026-06-07,부츠컷,2,google,trend_relative
2026-06-14,부츠컷,2,google,trend_relative
2026-06-21,부츠컷,3,google,trend_relative
2026-06-28,부츠컷,2,google,trend_relative
2026-07-05,부츠컷,2,google,trend_relative
2026-07-12,부츠컷,2,google,trend_relative
2026-07-19,부츠컷,2,google,trend_relative
2026-07-26,부츠컷,2,google,trend_relative
2026-08-02,부츠컷,2,google,trend_relative
2026-08-09,부츠컷,2,google,trend_relative
2026-08-16,부츠컷,2,google,trend_relative
2026-08-23,부츠컷,2,google,trend_relative
2026-08-30,부츠컷,2,google,trend_relative
2026-09-06,부츠컷,2,google,trend_relative
2026-09-13,부츠컷,3,google,trend_relative
2025-09-14,스키니,2,google,trend_relative
2025-09-21,스키니,3,google,trend_relative
2025-09-28,스키니,3,google,trend_relative
2025-10-05,스키니,3,google,trend_relative
2025-10-12,스키니,2,google,trend_relative
2025-10-19,스키니,2,google,trend_relative
2025-10-26,스키니,3,google,trend_relative
2025-11-02,스키니,3,google,trend_relative
2025-11-09,스키니,3,google,trend_relative
2025-11-16,스키니,4,google,trend_relative
2025-11-23,스키니,3,google,trend_relative
2025-11-30,스키니,3,google,trend_relative
2025-12-07,스키니,2,google,trend_relative
2025-12-14,스키니,3,google,trend_relative
2025-12-21,스키니,2,google,trend_relative
2025-12-28,스키니,3,google,trend_relative
2026-01-04,스키니,3,google,trend_relative
2026-01-11,스키니,3,google,trend_relative
2026-01-18,스키니,3,google,trend_relative
2026-01-25,스키니,3,google,trend_relative
2026-02-01,스키니,2,google,trend_relative
2026-02-08,스키니,2,google,trend_relative
2026-02-15,스키니,2,google,trend_relative
2026-02-22,스키니,3,google,trend_relative
2026-03-01,스키니,2,google,trend_relative
2026-03-08,스키니,3,google,trend_relative
2026-03-15,스키니,3,google,trend_relative
2026-03-22,스키니,4,google,trend_relative
2026-03-29,스키니,2,google,trend_relative
2026-04-05,스키니,3,google,trend_relative
2026-04-12,스키니,2,google,trend_relative
2026-04-19,스키니,3,google,trend_relative
2026-04-26,스키니,3,google,trend_relative
2026-05-03,스키니,2,google,trend_relative
2026-05-10,스키니,2,google,trend_relative
2026-05-17,스키니,2,google,trend_relative
2026-05-24,스키니,2,google,trend_relative
2026-05-31,스키니,2,google,trend_relative
2026-06-07,스키니,3,google,trend_relative
2026-06-14,스키니,2,google,trend_relative
2026-06-21,스키니,2,google,trend_relative
2026-06-28,스키니,2,google,trend_relative
2026-07-05,스키니,2,google,trend_relative
2026-07-12,스키니,2,google,trend_relative
2026-07-19,스키니,3,google,trend_relative
2026-07-26,스키니,2,google,trend_relative
2026-08-02,스키니,2,google,trend_relative
2026-08-09,스키니,2,google,trend_relative
2026-08-16,스키니,4,google,trend_relative
2026-08-23,스키니,3,google,trend_relative
2026-08-30,스키니,2,google,trend_relative
2026-09-06,스키니,2,google,trend_relative
2026-09-13,스키니,78,google,trend_relative
2025-09-14,와이드,23,google,trend_relative
2025-09-21,와이드,23,google,trend_relative
2025-09-28,와이드,23,google,trend_relative
2025-10-05,와이드,24,google,trend_relative
2025-10-12,와이드,23,google,trend_relative
2025-10-19,와이드,24,google,trend_relative
2025-10-26,와이드,25,google,trend_relative
2025-11-02,와이드,25,google,trend_relative
2025-11-09,와이드,27,google,trend_relative
2025-11-16,와이드,28,google,trend_relative
2025-11-23,와이드,26,google,trend_relative
2025-11-30,와이드,25,google,trend_relative
2025-12-07,와이드,23,google,trend_relative
2025-12-14,와이드,24,google,trend_relative
2025-12-21,와이드,25,google,trend_relative
2025-12-28,와이드,24,google,trend_relative
2026-01-04,와이드,26,google,trend_relative
2026-01-11,와이드,24,google,trend_relative
2026-01-18,와이드,24,google,trend_relative
2026-01-25,와이드,24,google,trend_relative
2026-02-01,와이드,25,google,trend_relative
2026-02-08,와이드,26,google,trend_relative
2026-02-15,와이드,25,google,trend_relative
2026-02-22,와이드,29,google,trend_relative
2026-03-01,와이드,26,google,trend_relative
2026-03-08,와이드,25,google,trend_relative
2026-03-15,와이드,25,google,trend_relative
2026-03-22,와이드,24,google,trend_relative
2026-03-29,와이드,27,google,trend_relative
2026-04-05,와이드,25,google,trend_relative
2026-04-12,와이드,26,google,trend_relative
2026-04-19,와이드,24,google,trend_relative
2026-04-26,와이드,25,google,trend_relative
2026-05-03,와이드,25,google,trend_relative
2026-05-10,와이드,27,google,trend_relative
2026-05-17,와이드,24,google,trend_relative
2026-05-24,와이드,24,google,trend_relative
2026-05-31,와이드,24,google,trend_relative
2026-06-07,와이드,24,google,trend_relative
2026-06-14,와이드,24,google,trend_relative
2026-06-21,와이드,24,google,trend_relative
2026-06-28,와이드,26,google,trend_relative
2026-07-05,와이드,28,google,trend_relative
2026-07-12,와이드,27,google,trend_relative
2026-07-19,와이드,34,google,trend_relative
2026-07-26,와이드,27,google,trend_relative
2026-08-02,와이드,22,google,trend_relative
2026-08-09,와이드,22,google,trend_relative
2026-08-16,와이드,23,google,trend_relative
2026-08-23,와이드,23,google,trend_relative
2026-08-30,와이드,24,google,trend_relative
2026-09-06,와이드,27,google,trend_relative
2026-09-13,와이드,26,google,trend_relative
2025-09-14,플레어,9,google,trend_relative
2025-09-21,플레어,11,google,trend_relative
2025-09-28,플레어,10,google,trend_relative
2025-10-05,플레어,9,google,trend_relative
2025-10-12,플레어,11,google,trend_relative
2025-10-19,플레어,10,google,trend_relative
2025-10-26,플레어,9,google,trend_relative
2025-11-02,플레어,10,google,trend_relative
2025-11-09,플레어,8,google,trend_relative
2025-11-16,플레어,100,google,trend_relative
2025-11-23,플레어,13,google,trend_relative
2025-11-30,플레어,23,google,trend_relative
2025-12-07,플레어,16,google,trend_relative
2025-12-14,플레어,12,google,trend_relative
2025-12-21,플레어,11,google,trend_relative
2025-12-28,플레어,9,google,trend_relative
2026-01-04,플레어,9,google,trend_relative
2026-01-11,플레어,10,google,trend_relative
2026-01-18,플레어,10,google,trend_relative
2026-01-25,플레어,13,google,trend_relative
2026-02-01,플레어,11,google,trend_relative
2026-02-08,플레어,10,google,trend_relative
2026-02-15,플레어,8,google,trend_relative
2026-02-22,플레어,11,google,trend_relative
2026-03-01,플레어,9,google,trend_relative
2026-03-08,플레어,10,google,trend_relative
2026-03-15,플레어,11,google,trend_relative
2026-03-22,플레어,12,google,trend_relative
2026-03-29,플레어,10,google,trend_relative
2026-04-05,플레어,10,google,trend_relative
2026-04-12,플레어,10,google,trend_relative
2026-04-19,플레어,11,google,trend_relative
2026-04-26,플레어,16,google,trend_relative
2026-05-03,플레어,14,google,trend_relative
2026-05-10,플레어,13,google,trend_relative
2026-05-17,플레어,12,google,trend_relative
2026-05-24,플레어,15,google,trend_relative
2026-05-31,플레어,15,google,trend_relative
2026-06-07,플레어,12,google,trend_relative
2026-06-14,플레어,11,google,trend_relative
2026-06-21,플레어,11,google,trend_relative
2026-06-28,플레어,10,google,trend_relative
2026-07-05,플레어,11,google,trend_relative
2026-07-12,플레어,10,google,trend_relative
2026-07-19,플레어,12,google,trend_relative
2026-07-26,플레어,12,google,trend_relative
2026-08-02,플레어,11,google,trend_relative
2026-08-09,플레어,12,google,trend_relative
2026-08-16,플레어,11,google,trend_relative
2026-08-23,플레어,10,google,trend_relative
2026-08-30,플레어,10,google,trend_relative
2026-09-06,플레어,10,google,trend_relative
2026-09-13,플레어,10,google,trend_relative
2025-09-14,배럴레그,0,google,trend_relative
2025-09-21,배럴레그,0,google,trend_relative
2025-09-28,배럴레그,11,google,trend_relative
2025-10-05,배럴레그,0,google,trend_relative
2025-10-12,배럴레그,0,google,trend_relative
2025-10-19,배럴레그,0,google,trend_relative
2025-10-26,배럴레그,0,google,trend_relative
2025-11-02,배럴레그,0,google,trend_relative
2025-11-09,배럴레그,0,google,trend_relative
2025-11-16,배럴레그,0,google,trend_relative
2025-11-23,배럴레그,0,google,trend_relative
2025-11-30,배럴레그,0,google,trend_relative
2025-12-07,배럴레그,0,google,trend_relative
2025-12-14,배럴레그,0,google,trend_relative
2025-12-21,배럴레그,0,google,trend_relative
2025-12-28,배럴레그,0,google,trend_relative
2026-01-04,배럴레그,0,google,trend_relative
2026-01-11,배럴레그,0,google,trend_relative
2026-01-18,배럴레그,0,google,trend_relative
2026-01-25,배럴레그,0,google,trend_relative
2026-02-01,배럴레그,0,google,trend_relative
2026-02-08,배럴레그,0,google,trend_relative
2026-02-15,배럴레그,0,google,trend_relative
2026-02-22,배럴레그,8,google,trend_relative
2026-03-01,배럴레그,0,google,trend_relative
2026-03-08,배럴레그,0,google,trend_relative
2026-03-15,배럴레그,0,google,trend_relative
2026-03-22,배럴레그,0,google,trend_relative
2026-03-29,배럴레그,0,google,trend_relative
2026-04-05,배럴레그,0,google,trend_relative
2026-04-12,배럴레그,0,google,trend_relative
2026-04-19,배럴레그,0,google,trend_relative
2026-04-26,배럴레그,0,google,trend_relative
2026-05-03,배럴레그,0,google,trend_relative
2026-05-10,배럴레그,0,google,trend_relative
2026-05-17,배럴레그,0,google,trend_relative
2026-05-24,배럴레그,0,google,trend_relative
2026-05-31,배럴레그,0,google,trend_relative
2026-06-07,배럴레그,0,google,trend_relative
2026-06-14,배럴레그,0,google,trend_relative
2026-06-21,배럴레그,0,google,trend_relative
2026-06-28,배럴레그,0,google,trend_relative
2026-07-05,배럴레그,0,google,trend_relative
2026-07-12,배럴레그,0,google,trend_relative
2026-07-19,배럴레그,0,google,trend_relative
2026-07-26,배럴레그,0,google,trend_relative
2026-08-02,배럴레그,0,google,trend_relative
2026-08-09,배럴레그,0,google,trend_relative
2026-08-16,배럴레그,0,google,trend_relative
2026-08-23,배럴레그,0,google,trend_relative
2026-08-30,배럴레그,2,google,trend_relative
2026-09-06,배럴레그,4,google,trend_relative
2026-09-13,배럴레그,4,google,trend_relative
2025-09-14,테이퍼드,10,google,trend_relative
2025-09-21,테이퍼드,14,google,trend_relative
2025-09-28,테이퍼드,13,google,trend_relative
2025-10-05,테이퍼드,8,google,trend_relative
2025-10-12,테이퍼드,0,google,trend_relative
2025-10-19,테이퍼드,11,google,trend_relative
2025-10-26,테이퍼드,12,google,trend_relative
2025-11-02,테이퍼드,14,google,trend_relative
2025-11-09,테이퍼드,9,google,trend_relative
2025-11-16,테이퍼드,19,google,trend_relative
2025-11-23,테이퍼드,0,google,trend_relative
2025-11-30,테이퍼드,14,google,trend_relative
2025-12-07,테이퍼드,12,google,trend_relative
2025-12-14,테이퍼드,13,google,trend_relative
2025-12-21,테이퍼드,10,google,trend_relative
2025-12-28,테이퍼드,10,google,trend_relative
2026-01-04,테이퍼드,8,google,trend_relative
2026-01-11,테이퍼드,0,google,trend_relative
2026-01-18,테이퍼드,14,google,trend_relative
2026-01-25,테이퍼드,9,google,trend_relative
2026-02-01,테이퍼드,14,google,trend_relative
2026-02-08,테이퍼드,0,google,trend_relative
2026-02-15,테이퍼드,10,google,trend_relative
2026-02-22,테이퍼드,10,google,trend_relative
2026-03-01,테이퍼드,13,google,trend_relative
2026-03-08,테이퍼드,16,google,trend_relative
2026-03-15,테이퍼드,10,google,trend_relative
2026-03-22,테이퍼드,13,google,trend_relative
2026-03-29,테이퍼드,12,google,trend_relative
2026-04-05,테이퍼드,13,google,trend_relative
2026-04-12,테이퍼드,12,google,trend_relative
2026-04-19,테이퍼드,11,google,trend_relative
2026-04-26,테이퍼드,12,google,trend_relative
2026-05-03,테이퍼드,9,google,trend_relative
2026-05-10,테이퍼드,10,google,trend_relative
2026-05-17,테이퍼드,10,google,trend_relative
2026-05-24,테이퍼드,11,google,trend_relative
2026-05-31,테이퍼드,7,google,trend_relative
2026-06-07,테이퍼드,0,google,trend_relative
2026-06-14,테이퍼드,10,google,trend_relative
2026-06-21,테이퍼드,0,google,trend_relative
2026-06-28,테이퍼드,11,google,trend_relative
2026-07-05,테이퍼드,12,google,trend_relative
2026-07-12,테이퍼드,0,google,trend_relative
2026-07-19,테이퍼드,0,google,trend_relative
2026-07-26,테이퍼드,10,google,trend_relative
2026-08-02,테이퍼드,0,google,trend_relative
2026-08-09,테이퍼드,0,google,trend_relative
2026-08-16,테이퍼드,7,google,trend_relative
2026-08-23,테이퍼드,12,google,trend_relative
2026-08-30,테이퍼드,7,google,trend_relative
2026-09-06,테이퍼드,9,google,trend_relative
2026-09-13,테이퍼드,5,google,trend_relative
2025-09-14,세미와이드,7,google,trend_relative
2025-09-21,세미와이드,8,google,trend_relative
2025-09-28,세미와이드,10,google,trend_relative
2025-10-05,세미와이드,9,google,trend_relative
2025-10-12,세미와이드,0,google,trend_relative
2025-10-19,세미와이드,12,google,trend_relative
2025-10-26,세미와이드,0,google,trend_relative
2025-11-02,세미와이드,7,google,trend_relative
2025-11-09,세미와이드,10,google,trend_relative
2025-11-16,세미와이드,14,google,trend_relative
2025-11-23,세미와이드,13,google,trend_relative
2025-11-30,세미와이드,0,google,trend_relative
2025-12-07,세미와이드,10,google,trend_relative
2025-12-14,세미와이드,0,google,trend_relative
2025-12-21,세미와이드,14,google,trend_relative
2025-12-28,세미와이드,9,google,trend_relative
2026-01-04,세미와이드,8,google,trend_relative
2026-01-11,세미와이드,0,google,trend_relative
2026-01-18,세미와이드,0,google,trend_relative
2026-01-25,세미와이드,0,google,trend_relative
2026-02-01,세미와이드,0,google,trend_relative
2026-02-08,세미와이드,12,google,trend_relative
2026-02-15,세미와이드,9,google,trend_relative
2026-02-22,세미와이드,11,google,trend_relative
2026-03-01,세미와이드,12,google,trend_relative
2026-03-08,세미와이드,0,google,trend_relative
2026-03-15,세미와이드,15,google,trend_relative
2026-03-22,세미와이드,0,google,trend_relative
2026-03-29,세미와이드,7,google,trend_relative
2026-04-05,세미와이드,10,google,trend_relative
2026-04-12,세미와이드,10,google,trend_relative
2026-04-19,세미와이드,9,google,trend_relative
2026-04-26,세미와이드,8,google,trend_relative
2026-05-03,세미와이드,15,google,trend_relative
2026-05-10,세미와이드,12,google,trend_relative
2026-05-17,세미와이드,15,google,trend_relative
2026-05-24,세미와이드,13,google,trend_relative
2026-05-31,세미와이드,10,google,trend_relative
2026-06-07,세미와이드,8,google,trend_relative
2026-06-14,세미와이드,8,google,trend_relative
2026-06-21,세미와이드,10,google,trend_relative
2026-06-28,세미와이드,0,google,trend_relative
2026-07-05,세미와이드,8,google,trend_relative
2026-07-12,세미와이드,0,google,trend_relative
2026-07-19,세미와이드,0,google,trend_relative
2026-07-26,세미와이드,0,google,trend_relative
2026-08-02,세미와이드,6,google,trend_relative
2026-08-09,세미와이드,0,google,trend_relative
2026-08-16,세미와이드,0,google,trend_relative
2026-08-23,세미와이드,10,google,trend_relative
2026-08-30,세미와이드,5,google,trend_relative
2026-09-06,세미와이드,7,google,trend_relative
2026-09-13,세미와이드,6,google,trend_relative
2025-09-14,스트레이트,85,google,trend_relative
2025-09-21,스트레이트,76,google,trend_relative
2025-09-28,스트레이트,86,google,trend_relative
2025-10-05,스트레이트,98,google,trend_relative
2025-10-12,스트레이트,83,google,trend_relative
2025-10-19,스트레이트,80,google,trend_relative
2025-10-26,스트레이트,76,google,trend_relative
2025-11-02,스트레이트,86,google,trend_relative
2025-11-09,스트레이트,85,google,trend_relative
2025-11-16,스트레이트,91,google,trend_relative
2025-11-23,스트레이트,100,google,trend_relative
2025-11-30,스트레이트,61,google,trend_relative
2025-12-07,스트레이트,86,google,trend_relative
2025-12-14,스트레이트,92,google,trend_relative
2025-12-21,스트레이트,66,google,trend_relative
2025-12-28,스트레이트,82,google,trend_relative
2026-01-04,스트레이트,79,google,trend_relative
2026-01-11,스트레이트,79,google,trend_relative
2026-01-18,스트레이트,77,google,trend_relative
2026-01-25,스트레이트,79,google,trend_relative
2026-02-01,스트레이트,81,google,trend_relative
2026-02-08,스트레이트,75,google,trend_relative
2026-02-15,스트레이트,80,google,trend_relative
2026-02-22,스트레이트,80,google,trend_relative
2026-03-01,스트레이트,99,google,trend_relative
2026-03-08,스트레이트,93,google,trend_relative
2026-03-15,스트레이트,92,google,trend_relative
2026-03-22,스트레이트,97,google,trend_relative
2026-03-29,스트레이트,92,google,trend_relative
2026-04-05,스트레이트,88,google,trend_relative
2026-04-12,스트레이트,80,google,trend_relative
2026-04-19,스트레이트,79,google,trend_relative
2026-04-26,스트레이트,78,google,trend_relative
2026-05-03,스트레이트,82,google,trend_relative
2026-05-10,스트레이트,97,google,trend_relative
2026-05-17,스트레이트,75,google,trend_relative
2026-05-24,스트레이트,89,google,trend_relative
2026-05-31,스트레이트,97,google,trend_relative
2026-06-07,스트레이트,86,google,trend_relative
2026-06-14,스트레이트,100,google,trend_relative
2026-06-21,스트레이트,82,google,trend_relative
2026-06-28,스트레이트,86,google,trend_relative
2026-07-05,스트레이트,87,google,trend_relative
2026-07-12,스트레이트,79,google,trend_relative
2026-07-19,스트레이트,87,google,trend_relative
2026-07-26,스트레이트,82,google,trend_relative
2026-08-02,스트레이트,75,google,trend_relative
2026-08-09,스트레이트,68,google,trend_relative
2026-08-16,스트레이트,73,google,trend_relative
2026-08-23,스트레이트,86,google,trend_relative
2026-08-30,스트레이트,85,google,trend_relative
2026-09-06,스트레이트,85,google,trend_relative
2026-09-13,스트레이트,84,google,trend_relative
2025-09-14,커브드레그,0,google,trend_relative
2025-09-21,커브드레그,0,google,trend_relative
2025-09-28,커브드레그,0,google,trend_relative
2025-10-05,커브드레그,0,google,trend_relative
2025-10-12,커브드레그,0,google,trend_relative
2025-10-19,커브드레그,0,google,trend_relative
2025-10-26,커브드레그,0,google,trend_relative
2025-11-02,커브드레그,0,google,trend_relative
2025-11-09,커브드레그,0,google,trend_relative
2025-11-16,커브드레그,0,google,trend_relative
2025-11-23,커브드레그,0,google,trend_relative
2025-11-30,커브드레그,0,google,trend_relative
2025-12-07,커브드레그,0,google,trend_relative
2025-12-14,커브드레그,0,google,trend_relative
2025-12-21,커브드레그,0,google,trend_relative
2025-12-28,커브드레그,0,google,trend_relative
2026-01-04,커브드레그,0,google,trend_relative
2026-01-11,커브드레그,0,google,trend_relative
2026-01-18,커브드레그,0,google,trend_relative
2026-01-25,커브드레그,0,google,trend_relative
2026-02-01,커브드레그,0,google,trend_relative
2026-02-08,커브드레그,0,google,trend_relative
2026-02-15,커브드레그,0,google,trend_relative
2026-02-22,커브드레그,0,google,trend_relative
2026-03-01,커브드레그,0,google,trend_relative
2026-03-08,커브드레그,0,google,trend_relative
2026-03-15,커브드레그,0,google,trend_relative
2026-03-22,커브드레그,0,google,trend_relative
2026-03-29,커브드레그,0,google,trend_relative
2026-04-05,커브드레그,0,google,trend_relative
2026-04-12,커브드레그,0,google,trend_relative
2026-04-19,커브드레그,0,google,trend_relative
2026-04-26,커브드레그,0,google,trend_relative
2026-05-03,커브드레그,0,google,trend_relative
2026-05-10,커브드레그,0,google,trend_relative
2026-05-17,커브드레그,0,google,trend_relative
2026-05-24,커브드레그,0,google,trend_relative
2026-05-31,커브드레그,0,google,trend_relative
2026-06-07,커브드레그,0,google,trend_relative
2026-06-14,커브드레그,0,google,trend_relative
2026-06-21,커브드레그,0,google,trend_relative
2026-06-28,커브드레그,0,google,trend_relative
2026-07-05,커브드레그,0,google,trend_relative
2026-07-12,커브드레그,0,google,trend_relative
2026-07-19,커브드레그,0,google,trend_relative
2026-07-26,커브드레그,0,google,trend_relative
2026-08-02,커브드레그,0,google,trend_relative
2026-08-09,커브드레그,0,google,trend_relative
2026-08-16,커브드레그,0,google,trend_relative
2026-08-23,커브드레그,0,google,trend_relative
2026-08-30,커브드레그,0,google,trend_relative
2026-09-06,커브드레그,0,google,trend_relative
2026-09-13,커브드레그,0,google,trend_relative
2025-09-14,슬림스트레이트,0,google,trend_relative
2025-09-21,슬림스트레이트,0,google,trend_relative
2025-09-28,슬림스트레이트,0,google,trend_relative
2025-10-05,슬림스트레이트,0,google,trend_relative
2025-10-12,슬림스트레이트,0,google,trend_relative
2025-10-19,슬림스트레이트,0,google,trend_relative
2025-10-26,슬림스트레이트,0,google,trend_relative
2025-11-02,슬림스트레이트,0,google,trend_relative
2025-11-09,슬림스트레이트,0,google,trend_relative
2025-11-16,슬림스트레이트,0,google,trend_relative
2025-11-23,슬림스트레이트,0,google,trend_relative
2025-11-30,슬림스트레이트,0,google,trend_relative
2025-12-07,슬림스트레이트,0,google,trend_relative
2025-12-14,슬림스트레이트,0,google,trend_relative
2025-12-21,슬림스트레이트,0,google,trend_relative
2025-12-28,슬림스트레이트,0,google,trend_relative
2026-01-04,슬림스트레이트,0,google,trend_relative
2026-01-11,슬림스트레이트,0,google,trend_relative
2026-01-18,슬림스트레이트,0,google,trend_relative
2026-01-25,슬림스트레이트,0,google,trend_relative
2026-02-01,슬림스트레이트,0,google,trend_relative
2026-02-08,슬림스트레이트,0,google,trend_relative
2026-02-15,슬림스트레이트,0,google,trend_relative
2026-02-22,슬림스트레이트,0,google,trend_relative
2026-03-01,슬림스트레이트,0,google,trend_relative
2026-03-08,슬림스트레이트,0,google,trend_relative
2026-03-15,슬림스트레이트,0,google,trend_relative
2026-03-22,슬림스트레이트,0,google,trend_relative
2026-03-29,슬림스트레이트,0,google,trend_relative
2026-04-05,슬림스트레이트,0,google,trend_relative
2026-04-12,슬림스트레이트,0,google,trend_relative
2026-04-19,슬림스트레이트,0,google,trend_relative
2026-04-26,슬림스트레이트,0,google,trend_relative
2026-05-03,슬림스트레이트,0,google,trend_relative
2026-05-10,슬림스트레이트,0,google,trend_relative
2026-05-17,슬림스트레이트,45,google,trend_relative
2026-05-24,슬림스트레이트,0,google,trend_relative
2026-05-31,슬림스트레이트,0,google,trend_relative
2026-06-07,슬림스트레이트,0,google,trend_relative
2026-06-14,슬림스트레이트,0,google,trend_relative
2026-06-21,슬림스트레이트,0,google,trend_relative
2026-06-28,슬림스트레이트,0,google,trend_relative
2026-07-05,슬림스트레이트,0,google,trend_relative
2026-07-12,슬림스트레이트,0,google,trend_relative
2026-07-19,슬림스트레이트,0,google,trend_relative
2026-07-26,슬림스트레이트,0,google,trend_relative
2026-08-02,슬림스트레이트,0,google,trend_relative
2026-08-09,슬림스트레이트,0,google,trend_relative
2026-08-16,슬림스트레이트,0,google,trend_relative
2026-08-23,슬림스트레이트,0,google,trend_relative
2026-08-30,슬림스트레이트,5,google,trend_relative
2026-09-06,슬림스트레이트,7,google,trend_relative
2026-09-13,슬림스트레이트,0,google,trend_relative
2025-09-14,플랫폼솔,0,google,trend_relative
2025-09-21,플랫폼솔,0,google,trend_relative
2025-09-28,플랫폼솔,0,google,trend_relative
2025-10-05,플랫폼솔,0,google,trend_relative
2025-10-12,플랫폼솔,0,google,trend_relative
2025-10-19,플랫폼솔,0,google,trend_relative
2025-10-26,플랫폼솔,0,google,trend_relative
2025-11-02,플랫폼솔,0,google,trend_relative
2025-11-09,플랫폼솔,0,google,trend_relative
2025-11-16,플랫폼솔,0,google,trend_relative
2025-11-23,플랫폼솔,0,google,trend_relative
2025-11-30,플랫폼솔,0,google,trend_relative
2025-12-07,플랫폼솔,0,google,trend_relative
2025-12-14,플랫폼솔,0,google,trend_relative
2025-12-21,플랫폼솔,0,google,trend_relative
2025-12-28,플랫폼솔,0,google,trend_relative
2026-01-04,플랫폼솔,0,google,trend_relative
2026-01-11,플랫폼솔,0,google,trend_relative
2026-01-18,플랫폼솔,0,google,trend_relative
2026-01-25,플랫폼솔,0,google,trend_relative
2026-02-01,플랫폼솔,0,google,trend_relative
2026-02-08,플랫폼솔,0,google,trend_relative
2026-02-15,플랫폼솔,0,google,trend_relative
2026-02-22,플랫폼솔,0,google,trend_relative
2026-03-01,플랫폼솔,0,google,trend_relative
2026-03-08,플랫폼솔,0,google,trend_relative
2026-03-15,플랫폼솔,0,google,trend_relative
2026-03-22,플랫폼솔,0,google,trend_relative
2026-03-29,플랫폼솔,0,google,trend_relative
2026-04-05,플랫폼솔,0,google,trend_relative
2026-04-12,플랫폼솔,0,google,trend_relative
2026-04-19,플랫폼솔,0,google,trend_relative
2026-04-26,플랫폼솔,0,google,trend_relative
2026-05-03,플랫폼솔,0,google,trend_relative
2026-05-10,플랫폼솔,0,google,trend_relative
2026-05-17,플랫폼솔,0,google,trend_relative
2026-05-24,플랫폼솔,0,google,trend_relative
2026-05-31,플랫폼솔,0,google,trend_relative
2026-06-07,플랫폼솔,0,google,trend_relative
2026-06-14,플랫폼솔,0,google,trend_relative
2026-06-21,플랫폼솔,0,google,trend_relative
2026-06-28,플랫폼솔,0,google,trend_relative
2026-07-05,플랫폼솔,0,google,trend_relative
2026-07-12,플랫폼솔,0,google,trend_relative
2026-07-19,플랫폼솔,0,google,trend_relative
2026-07-26,플랫폼솔,0,google,trend_relative
2026-08-02,플랫폼솔,0,google,trend_relative
2026-08-09,플랫폼솔,0,google,trend_relative
2026-08-16,플랫폼솔,0,google,trend_relative
2026-08-23,플랫폼솔,0,google,trend_relative
2026-08-30,플랫폼솔,0,google,trend_relative
2026-09-06,플랫폼솔,0,google,trend_relative
2026-09-13,플랫폼솔,0,google,trend_relative
2025-09-14,스플릿토,0,google,trend_relative
2025-09-21,스플릿토,0,google,trend_relative
2025-09-28,스플릿토,0,google,trend_relative
2025-10-05,스플릿토,0,google,trend_relative
2025-10-12,스플릿토,0,google,trend_relative
2025-10-19,스플릿토,0,google,trend_relative
2025-10-26,스플릿토,0,google,trend_relative
2025-11-02,스플릿토,0,google,trend_relative
2025-11-09,스플릿토,0,google,trend_relative
2025-11-16,스플릿토,0,google,trend_relative
2025-11-23,스플릿토,0,google,trend_relative
2025-11-30,스플릿토,0,google,trend_relative
2025-12-07,스플릿토,0,google,trend_relative
2025-12-14,스플릿토,0,google,trend_relative
2025-12-21,스플릿토,0,google,trend_relative
2025-12-28,스플릿토,0,google,trend_relative
2026-01-04,스플릿토,0,google,trend_relative
2026-01-11,스플릿토,0,google,trend_relative
2026-01-18,스플릿토,0,google,trend_relative
2026-01-25,스플릿토,0,google,trend_relative
2026-02-01,스플릿토,0,google,trend_relative
2026-02-08,스플릿토,0,google,trend_relative
2026-02-15,스플릿토,0,google,trend_relative
2026-02-22,스플릿토,0,google,trend_relative
2026-03-01,스플릿토,0,google,trend_relative
2026-03-08,스플릿토,0,google,trend_relative
2026-03-15,스플릿토,0,google,trend_relative
2026-03-22,스플릿토,0,google,trend_relative
2026-03-29,스플릿토,0,google,trend_relative
2026-04-05,스플릿토,0,google,trend_relative
2026-04-12,스플릿토,0,google,trend_relative
2026-04-19,스플릿토,0,google,trend_relative
2026-04-26,스플릿토,0,google,trend_relative
2026-05-03,스플릿토,0,google,trend_relative
2026-05-10,스플릿토,0,google,trend_relative
2026-05-17,스플릿토,0,google,trend_relative
2026-05-24,스플릿토,0,google,trend_relative
2026-05-31,스플릿토,0,google,trend_relative
2026-06-07,스플릿토,0,google,trend_relative
2026-06-14,스플릿토,0,google,trend_relative
2026-06-21,스플릿토,0,google,trend_relative
2026-06-28,스플릿토,0,google,trend_relative
2026-07-05,스플릿토,0,google,trend_relative
2026-07-12,스플릿토,0,google,trend_relative
2026-07-19,스플릿토,0,google,trend_relative
2026-07-26,스플릿토,0,google,trend_relative
2026-08-02,스플릿토,0,google,trend_relative
2026-08-09,스플릿토,0,google,trend_relative
2026-08-16,스플릿토,0,google,trend_relative
2026-08-23,스플릿토,0,google,trend_relative
2026-08-30,스플릿토,0,google,trend_relative
2026-09-06,스플릿토,0,google,trend_relative
2026-09-13,스플릿토,0,google,trend_relative
2025-09-14,라운드토,0,google,trend_relative
2025-09-21,라운드토,0,google,trend_relative
2025-09-28,라운드토,0,google,trend_relative
2025-10-05,라운드토,0,google,trend_relative
2025-10-12,라운드토,0,google,trend_relative
2025-10-19,라운드토,0,google,trend_relative
2025-10-26,라운드토,0,google,trend_relative
2025-11-02,라운드토,0,google,trend_relative
2025-11-09,라운드토,0,google,trend_relative
2025-11-16,라운드토,0,google,trend_relative
2025-11-23,라운드토,0,google,trend_relative
2025-11-30,라운드토,0,google,trend_relative
2025-12-07,라운드토,0,google,trend_relative
2025-12-14,라운드토,0,google,trend_relative
2025-12-21,라운드토,0,google,trend_relative
2025-12-28,라운드토,0,google,trend_relative
2026-01-04,라운드토,0,google,trend_relative
2026-01-11,라운드토,0,google,trend_relative
2026-01-18,라운드토,0,google,trend_relative
2026-01-25,라운드토,0,google,trend_relative
2026-02-01,라운드토,0,google,trend_relative
2026-02-08,라운드토,0,google,trend_relative
2026-02-15,라운드토,0,google,trend_relative
2026-02-22,라운드토,0,google,trend_relative
2026-03-01,라운드토,0,google,trend_relative
2026-03-08,라운드토,0,google,trend_relative
2026-03-15,라운드토,0,google,trend_relative
2026-03-22,라운드토,0,google,trend_relative
2026-03-29,라운드토,0,google,trend_relative
2026-04-05,라운드토,0,google,trend_relative
2026-04-12,라운드토,0,google,trend_relative
2026-04-19,라운드토,0,google,trend_relative
2026-04-26,라운드토,0,google,trend_relative
2026-05-03,라운드토,0,google,trend_relative
2026-05-10,라운드토,0,google,trend_relative
2026-05-17,라운드토,0,google,trend_relative
2026-05-24,라운드토,0,google,trend_relative
2026-05-31,라운드토,0,google,trend_relative
2026-06-07,라운드토,0,google,trend_relative
2026-06-14,라운드토,0,google,trend_relative
2026-06-21,라운드토,0,google,trend_relative
2026-06-28,라운드토,0,google,trend_relative
2026-07-05,라운드토,0,google,trend_relative
2026-07-12,라운드토,0,google,trend_relative
2026-07-19,라운드토,0,google,trend_relative
2026-07-26,라운드토,0,google,trend_relative
2026-08-02,라운드토,0,google,trend_relative
2026-08-09,라운드토,0,google,trend_relative
2026-08-16,라운드토,0,google,trend_relative
2026-08-23,라운드토,0,google,trend_relative
2026-08-30,라운드토,3,google,trend_relative
2026-09-06,라운드토,5,google,trend_relative
2026-09-13,라운드토,0,google,trend_relative
2025-09-14,스퀘어토,0,google,trend_relative
2025-09-21,스퀘어토,0,google,trend_relative
2025-09-28,스퀘어토,0,google,trend_relative
2025-10-05,스퀘어토,0,google,trend_relative
2025-10-12,스퀘어토,0,google,trend_relative
2025-10-19,스퀘어토,0,google,trend_relative
2025-10-26,스퀘어토,0,google,trend_relative
2025-11-02,스퀘어토,0,google,trend_relative
2025-11-09,스퀘어토,0,google,trend_relative
2025-11-16,스퀘어토,0,google,trend_relative
2025-11-23,스퀘어토,0,google,trend_relative
2025-11-30,스퀘어토,0,google,trend_relative
2025-12-07,스퀘어토,0,google,trend_relative
2025-12-14,스퀘어토,0,google,trend_relative
2025-12-21,스퀘어토,0,google,trend_relative
2025-12-28,스퀘어토,0,google,trend_relative
2026-01-04,스퀘어토,0,google,trend_relative
2026-01-11,스퀘어토,0,google,trend_relative
2026-01-18,스퀘어토,0,google,trend_relative
2026-01-25,스퀘어토,0,google,trend_relative
2026-02-01,스퀘어토,0,google,trend_relative
2026-02-08,스퀘어토,0,google,trend_relative
2026-02-15,스퀘어토,0,google,trend_relative
2026-02-22,스퀘어토,53,google,trend_relative
2026-03-01,스퀘어토,0,google,trend_relative
2026-03-08,스퀘어토,0,google,trend_relative
2026-03-15,스퀘어토,0,google,trend_relative
2026-03-22,스퀘어토,0,google,trend_relative
2026-03-29,스퀘어토,0,google,trend_relative
2026-04-05,스퀘어토,0,google,trend_relative
2026-04-12,스퀘어토,0,google,trend_relative
2026-04-19,스퀘어토,0,google,trend_relative
2026-04-26,스퀘어토,0,google,trend_relative
2026-05-03,스퀘어토,0,google,trend_relative
2026-05-10,스퀘어토,0,google,trend_relative
2026-05-17,스퀘어토,100,google,trend_relative
2026-05-24,스퀘어토,0,google,trend_relative
2026-05-31,스퀘어토,0,google,trend_relative
2026-06-07,스퀘어토,0,google,trend_relative
2026-06-14,스퀘어토,60,google,trend_relative
2026-06-21,스퀘어토,0,google,trend_relative
2026-06-28,스퀘어토,0,google,trend_relative
2026-07-05,스퀘어토,0,google,trend_relative
2026-07-12,스퀘어토,0,google,trend_relative
2026-07-19,스퀘어토,0,google,trend_relative
2026-07-26,스퀘어토,0,google,trend_relative
2026-08-02,스퀘어토,0,google,trend_relative
2026-08-09,스퀘어토,39,google,trend_relative
2026-08-16,스퀘어토,0,google,trend_relative
2026-08-23,스퀘어토,0,google,trend_relative
2026-08-30,스퀘어토,10,google,trend_relative
2026-09-06,스퀘어토,16,google,trend_relative
2026-09-13,스퀘어토,0,google,trend_relative
2025-09-14,포인티토,0,google,trend_relative
2025-09-21,포인티토,0,google,trend_relative
2025-09-28,포인티토,0,google,trend_relative
2025-10-05,포인티토,0,google,trend_relative
2025-10-12,포인티토,0,google,trend_relative
2025-10-19,포인티토,0,google,trend_relative
2025-10-26,포인티토,0,google,trend_relative
2025-11-02,포인티토,0,google,trend_relative
2025-11-09,포인티토,0,google,trend_relative
2025-11-16,포인티토,0,google,trend_relative
2025-11-23,포인티토,0,google,trend_relative
2025-11-30,포인티토,0,google,trend_relative
2025-12-07,포인티토,0,google,trend_relative
2025-12-14,포인티토,0,google,trend_relative
2025-12-21,포인티토,0,google,trend_relative
2025-12-28,포인티토,0,google,trend_relative
2026-01-04,포인티토,0,google,trend_relative
2026-01-11,포인티토,0,google,trend_relative
2026-01-18,포인티토,0,google,trend_relative
2026-01-25,포인티토,0,google,trend_relative
2026-02-01,포인티토,0,google,trend_relative
2026-02-08,포인티토,0,google,trend_relative
2026-02-15,포인티토,0,google,trend_relative
2026-02-22,포인티토,0,google,trend_relative
2026-03-01,포인티토,0,google,trend_relative
2026-03-08,포인티토,0,google,trend_relative
2026-03-15,포인티토,0,google,trend_relative
2026-03-22,포인티토,0,google,trend_relative
2026-03-29,포인티토,0,google,trend_relative
2026-04-05,포인티토,0,google,trend_relative
2026-04-12,포인티토,0,google,trend_relative
2026-04-19,포인티토,0,google,trend_relative
2026-04-26,포인티토,0,google,trend_relative
2026-05-03,포인티토,0,google,trend_relative
2026-05-10,포인티토,0,google,trend_relative
2026-05-17,포인티토,0,google,trend_relative
2026-05-24,포인티토,0,google,trend_relative
2026-05-31,포인티토,0,google,trend_relative
2026-06-07,포인티토,0,google,trend_relative
2026-06-14,포인티토,0,google,trend_relative
2026-06-21,포인티토,0,google,trend_relative
2026-06-28,포인티토,0,google,trend_relative
2026-07-05,포인티토,0,google,trend_relative
2026-07-12,포인티토,0,google,trend_relative
2026-07-19,포인티토,0,google,trend_relative
2026-07-26,포인티토,0,google,trend_relative
2026-08-02,포인티토,0,google,trend_relative
2026-08-09,포인티토,0,google,trend_relative
2026-08-16,포인티토,0,google,trend_relative
2026-08-23,포인티토,0,google,trend_relative
2026-08-30,포인티토,0,google,trend_relative
2026-09-06,포인티토,0,google,trend_relative
2026-09-13,포인티토,0,google,trend_relative
2025-09-14,슬립온,9,google,trend_relative
2025-09-21,슬립온,8,google,trend_relative
2025-09-28,슬립온,7,google,trend_relative
2025-10-05,슬립온,8,google,trend_relative
2025-10-12,슬립온,8,google,trend_relative
2025-10-19,슬립온,8,google,trend_relative
2025-10-26,슬립온,9,google,trend_relative
2025-11-02,슬립온,10,google,trend_relative
2025-11-09,슬립온,8,google,trend_relative
2025-11-16,슬립온,10,google,trend_relative
2025-11-23,슬립온,12,google,trend_relative
2025-11-30,슬립온,10,google,trend_relative
2025-12-07,슬립온,8,google,trend_relative
2025-12-14,슬립온,9,google,trend_relative
2025-12-21,슬립온,8,google,trend_relative
2025-12-28,슬립온,8,google,trend_relative
2026-01-04,슬립온,9,google,trend_relative
2026-01-11,슬립온,7,google,trend_relative
2026-01-18,슬립온,6,google,trend_relative
2026-01-25,슬립온,11,google,trend_relative
2026-02-01,슬립온,6,google,trend_relative
2026-02-08,슬립온,6,google,trend_relative
2026-02-15,슬립온,6,google,trend_relative
2026-02-22,슬립온,4,google,trend_relative
2026-03-01,슬립온,8,google,trend_relative
2026-03-08,슬립온,6,google,trend_relative
2026-03-15,슬립온,8,google,trend_relative
2026-03-22,슬립온,5,google,trend_relative
2026-03-29,슬립온,8,google,trend_relative
2026-04-05,슬립온,9,google,trend_relative
2026-04-12,슬립온,9,google,trend_relative
2026-04-19,슬립온,8,google,trend_relative
2026-04-26,슬립온,8,google,trend_relative
2026-05-03,슬립온,8,google,trend_relative
2026-05-10,슬립온,7,google,trend_relative
2026-05-17,슬립온,8,google,trend_relative
2026-05-24,슬립온,22,google,trend_relative
2026-05-31,슬립온,6,google,trend_relative
2026-06-07,슬립온,7,google,trend_relative
2026-06-14,슬립온,8,google,trend_relative
2026-06-21,슬립온,8,google,trend_relative
2026-06-28,슬립온,6,google,trend_relative
2026-07-05,슬립온,9,google,trend_relative
2026-07-12,슬립온,6,google,trend_relative
2026-07-19,슬립온,4,google,trend_relative
2026-07-26,슬립온,8,google,trend_relative
2026-08-02,슬립온,6,google,trend_relative
2026-08-09,슬립온,5,google,trend_relative
2026-08-16,슬립온,6,google,trend_relative
2026-08-23,슬립온,8,google,trend_relative
2026-08-30,슬립온,7,google,trend_relative
2026-09-06,슬립온,6,google,trend_relative
2026-09-13,슬립온,6,google,trend_relative
2025-09-14,스트랩,89,google,trend_relative
2025-09-21,스트랩,97,google,trend_relative
2025-09-28,스트랩,100,google,trend_relative
2025-10-05,스트랩,97,google,trend_relative
2025-10-12,스트랩,84,google,trend_relative
2025-10-19,스트랩,91,google,trend_relative
2025-10-26,스트랩,88,google,trend_relative
2025-11-02,스트랩,85,google,trend_relative
2025-11-09,스트랩,92,google,trend_relative
2025-11-16,스트랩,85,google,trend_relative
2025-11-23,스트랩,88,google,trend_relative
2025-11-30,스트랩,83,google,trend_relative
2025-12-07,스트랩,78,google,trend_relative
2025-12-14,스트랩,83,google,trend_relative
2025-12-21,스트랩,80,google,trend_relative
2025-12-28,스트랩,81,google,trend_relative
2026-01-04,스트랩,95,google,trend_relative
2026-01-11,스트랩,90,google,trend_relative
2026-01-18,스트랩,97,google,trend_relative
2026-01-25,스트랩,84,google,trend_relative
2026-02-01,스트랩,82,google,trend_relative
2026-02-08,스트랩,78,google,trend_relative
2026-02-15,스트랩,76,google,trend_relative
2026-02-22,스트랩,85,google,trend_relative
2026-03-01,스트랩,85,google,trend_relative
2026-03-08,스트랩,87,google,trend_relative
2026-03-15,스트랩,80,google,trend_relative
2026-03-22,스트랩,86,google,trend_relative
2026-03-29,스트랩,75,google,trend_relative
2026-04-05,스트랩,74,google,trend_relative
2026-04-12,스트랩,74,google,trend_relative
2026-04-19,스트랩,69,google,trend_relative
2026-04-26,스트랩,74,google,trend_relative
2026-05-03,스트랩,80,google,trend_relative
2026-05-10,스트랩,75,google,trend_relative
2026-05-17,스트랩,82,google,trend_relative
2026-05-24,스트랩,85,google,trend_relative
2026-05-31,스트랩,78,google,trend_relative
2026-06-07,스트랩,72,google,trend_relative
2026-06-14,스트랩,76,google,trend_relative
2026-06-21,스트랩,78,google,trend_relative
2026-06-28,스트랩,82,google,trend_relative
2026-07-05,스트랩,96,google,trend_relative
2026-07-12,스트랩,77,google,trend_relative
2026-07-19,스트랩,73,google,trend_relative
2026-07-26,스트랩,84,google,trend_relative
2026-08-02,스트랩,75,google,trend_relative
2026-08-09,스트랩,70,google,trend_relative
2026-08-16,스트랩,78,google,trend_relative
2026-08-23,스트랩,84,google,trend_relative
2026-08-30,스트랩,71,google,trend_relative
2026-09-06,스트랩,81,google,trend_relative
2026-09-13,스트랩,92,google,trend_relative
2025-09-14,레이스업,0,google,trend_relative
2025-09-21,레이스업,0,google,trend_relative
2025-09-28,레이스업,0,google,trend_relative
2025-10-05,레이스업,0,google,trend_relative
2025-10-12,레이스업,3,google,trend_relative
2025-10-19,레이스업,0,google,trend_relative
2025-10-26,레이스업,3,google,trend_relative
2025-11-02,레이스업,0,google,trend_relative
2025-11-09,레이스업,0,google,trend_relative
2025-11-16,레이스업,0,google,trend_relative
2025-11-23,레이스업,0,google,trend_relative
2025-11-30,레이스업,0,google,trend_relative
2025-12-07,레이스업,3,google,trend_relative
2025-12-14,레이스업,0,google,trend_relative
2025-12-21,레이스업,0,google,trend_relative
2025-12-28,레이스업,0,google,trend_relative
2026-01-04,레이스업,0,google,trend_relative
2026-01-11,레이스업,0,google,trend_relative
2026-01-18,레이스업,0,google,trend_relative
2026-01-25,레이스업,0,google,trend_relative
2026-02-01,레이스업,0,google,trend_relative
2026-02-08,레이스업,0,google,trend_relative
2026-02-15,레이스업,0,google,trend_relative
2026-02-22,레이스업,0,google,trend_relative
2026-03-01,레이스업,0,google,trend_relative
2026-03-08,레이스업,0,google,trend_relative
2026-03-15,레이스업,0,google,trend_relative
2026-03-22,레이스업,0,google,trend_relative
2026-03-29,레이스업,0,google,trend_relative
2026-04-05,레이스업,0,google,trend_relative
2026-04-12,레이스업,0,google,trend_relative
2026-04-19,레이스업,0,google,trend_relative
2026-04-26,레이스업,0,google,trend_relative
2026-05-03,레이스업,0,google,trend_relative
2026-05-10,레이스업,0,google,trend_relative
2026-05-17,레이스업,0,google,trend_relative
2026-05-24,레이스업,0,google,trend_relative
2026-05-31,레이스업,0,google,trend_relative
2026-06-07,레이스업,0,google,trend_relative
2026-06-14,레이스업,0,google,trend_relative
2026-06-21,레이스업,0,google,trend_relative
2026-06-28,레이스업,0,google,trend_relative
2026-07-05,레이스업,3,google,trend_relative
2026-07-12,레이스업,0,google,trend_relative
2026-07-19,레이스업,0,google,trend_relative
2026-07-26,레이스업,0,google,trend_relative
2026-08-02,레이스업,0,google,trend_relative
2026-08-09,레이스업,3,google,trend_relative
2026-08-16,레이스업,0,google,trend_relative
2026-08-23,레이스업,3,google,trend_relative
2026-08-30,레이스업,2,google,trend_relative
2026-09-06,레이스업,2,google,trend_relative
2026-09-13,레이스업,2,google,trend_relative
2025-09-14,유넥,0,google,trend_relative
2025-09-21,유넥,0,google,trend_relative
2025-09-28,유넥,0,google,trend_relative
2025-10-05,유넥,0,google,trend_relative
2025-10-12,유넥,0,google,trend_relative
2025-10-19,유넥,0,google,trend_relative
2025-10-26,유넥,0,google,trend_relative
2025-11-02,유넥,0,google,trend_relative
2025-11-09,유넥,0,google,trend_relative
2025-11-16,유넥,0,google,trend_relative
2025-11-23,유넥,0,google,trend_relative
2025-11-30,유넥,0,google,trend_relative
2025-12-07,유넥,0,google,trend_relative
2025-12-14,유넥,0,google,trend_relative
2025-12-21,유넥,4,google,trend_relative
2025-12-28,유넥,0,google,trend_relative
2026-01-04,유넥,0,google,trend_relative
2026-01-11,유넥,0,google,trend_relative
2026-01-18,유넥,0,google,trend_relative
2026-01-25,유넥,0,google,trend_relative
2026-02-01,유넥,0,google,trend_relative
2026-02-08,유넥,0,google,trend_relative
2026-02-15,유넥,0,google,trend_relative
2026-02-22,유넥,0,google,trend_relative
2026-03-01,유넥,0,google,trend_relative
2026-03-08,유넥,0,google,trend_relative
2026-03-15,유넥,0,google,trend_relative
2026-03-22,유넥,0,google,trend_relative
2026-03-29,유넥,0,google,trend_relative
2026-04-05,유넥,0,google,trend_relative
2026-04-12,유넥,0,google,trend_relative
2026-04-19,유넥,3,google,trend_relative
2026-04-26,유넥,0,google,trend_relative
2026-05-03,유넥,0,google,trend_relative
2026-05-10,유넥,0,google,trend_relative
2026-05-17,유넥,0,google,trend_relative
2026-05-24,유넥,0,google,trend_relative
2026-05-31,유넥,0,google,trend_relative
2026-06-07,유넥,0,google,trend_relative
2026-06-14,유넥,0,google,trend_relative
2026-06-21,유넥,0,google,trend_relative
2026-06-28,유넥,0,google,trend_relative
2026-07-05,유넥,0,google,trend_relative
2026-07-12,유넥,0,google,trend_relative
2026-07-19,유넥,0,google,trend_relative
2026-07-26,유넥,0,google,trend_relative
2026-08-02,유넥,0,google,trend_relative
2026-08-09,유넥,0,google,trend_relative
2026-08-16,유넥,0,google,trend_relative
2026-08-23,유넥,0,google,trend_relative
2026-08-30,유넥,1,google,trend_relative
2026-09-06,유넥,1,google,trend_relative
2026-09-13,유넥,0,google,trend_relative
2025-09-14,보트넥,0,google,trend_relative
2025-09-21,보트넥,0,google,trend_relative
2025-09-28,보트넥,0,google,trend_relative
2025-10-05,보트넥,0,google,trend_relative
2025-10-12,보트넥,0,google,trend_relative
2025-10-19,보트넥,0,google,trend_relative
2025-10-26,보트넥,0,google,trend_relative
2025-11-02,보트넥,0,google,trend_relative
2025-11-09,보트넥,0,google,trend_relative
2025-11-16,보트넥,0,google,trend_relative
2025-11-23,보트넥,0,google,trend_relative
2025-11-30,보트넥,0,google,trend_relative
2025-12-07,보트넥,0,google,trend_relative
2025-12-14,보트넥,0,google,trend_relative
2025-12-21,보트넥,0,google,trend_relative
2025-12-28,보트넥,0,google,trend_relative
2026-01-04,보트넥,0,google,trend_relative
2026-01-11,보트넥,0,google,trend_relative
2026-01-18,보트넥,0,google,trend_relative
2026-01-25,보트넥,0,google,trend_relative
2026-02-01,보트넥,0,google,trend_relative
2026-02-08,보트넥,28,google,trend_relative
2026-02-15,보트넥,0,google,trend_relative
2026-02-22,보트넥,0,google,trend_relative
2026-03-01,보트넥,0,google,trend_relative
2026-03-08,보트넥,0,google,trend_relative
2026-03-15,보트넥,0,google,trend_relative
2026-03-22,보트넥,0,google,trend_relative
2026-03-29,보트넥,34,google,trend_relative
2026-04-05,보트넥,0,google,trend_relative
2026-04-12,보트넥,0,google,trend_relative
2026-04-19,보트넥,0,google,trend_relative
2026-04-26,보트넥,0,google,trend_relative
2026-05-03,보트넥,28,google,trend_relative
2026-05-10,보트넥,0,google,trend_relative
2026-05-17,보트넥,0,google,trend_relative
2026-05-24,보트넥,0,google,trend_relative
2026-05-31,보트넥,28,google,trend_relative
2026-06-07,보트넥,0,google,trend_relative
2026-06-14,보트넥,0,google,trend_relative
2026-06-21,보트넥,22,google,trend_relative
2026-06-28,보트넥,0,google,trend_relative
2026-07-05,보트넥,0,google,trend_relative
2026-07-12,보트넥,0,google,trend_relative
2026-07-19,보트넥,0,google,trend_relative
2026-07-26,보트넥,0,google,trend_relative
2026-08-02,보트넥,0,google,trend_relative
2026-08-09,보트넥,0,google,trend_relative
2026-08-16,보트넥,0,google,trend_relative
2026-08-23,보트넥,0,google,trend_relative
2026-08-30,보트넥,9,google,trend_relative
2026-09-06,보트넥,16,google,trend_relative
2026-09-13,보트넥,29,google,trend_relative
2025-09-14,브이넥,61,google,trend_relative
2025-09-21,브이넥,62,google,trend_relative
2025-09-28,브이넥,69,google,trend_relative
2025-10-05,브이넥,53,google,trend_relative
2025-10-12,브이넥,63,google,trend_relative
2025-10-19,브이넥,63,google,trend_relative
2025-10-26,브이넥,100,google,trend_relative
2025-11-02,브이넥,87,google,trend_relative
2025-11-09,브이넥,78,google,trend_relative
2025-11-16,브이넥,75,google,trend_relative
2025-11-23,브이넥,95,google,trend_relative
2025-11-30,브이넥,80,google,trend_relative
2025-12-07,브이넥,71,google,trend_relative
2025-12-14,브이넥,76,google,trend_relative
2025-12-21,브이넥,84,google,trend_relative
2025-12-28,브이넥,94,google,trend_relative
2026-01-04,브이넥,82,google,trend_relative
2026-01-11,브이넥,62,google,trend_relative
2026-01-18,브이넥,90,google,trend_relative
2026-01-25,브이넥,63,google,trend_relative
2026-02-01,브이넥,68,google,trend_relative
2026-02-08,브이넥,60,google,trend_relative
2026-02-15,브이넥,85,google,trend_relative
2026-02-22,브이넥,78,google,trend_relative
2026-03-01,브이넥,70,google,trend_relative
2026-03-08,브이넥,90,google,trend_relative
2026-03-15,브이넥,80,google,trend_relative
2026-03-22,브이넥,95,google,trend_relative
2026-03-29,브이넥,71,google,trend_relative
2026-04-05,브이넥,45,google,trend_relative
2026-04-12,브이넥,96,google,trend_relative
2026-04-19,브이넥,62,google,trend_relative
2026-04-26,브이넥,63,google,trend_relative
2026-05-03,브이넥,43,google,trend_relative
2026-05-10,브이넥,73,google,trend_relative
2026-05-17,브이넥,79,google,trend_relative
2026-05-24,브이넥,44,google,trend_relative
2026-05-31,브이넥,73,google,trend_relative
2026-06-07,브이넥,49,google,trend_relative
2026-06-14,브이넥,70,google,trend_relative
2026-06-21,브이넥,43,google,trend_relative
2026-06-28,브이넥,61,google,trend_relative
2026-07-05,브이넥,49,google,trend_relative
2026-07-12,브이넥,34,google,trend_relative
2026-07-19,브이넥,35,google,trend_relative
2026-07-26,브이넥,43,google,trend_relative
2026-08-02,브이넥,48,google,trend_relative
2026-08-09,브이넥,37,google,trend_relative
2026-08-16,브이넥,53,google,trend_relative
2026-08-23,브이넥,63,google,trend_relative
2026-08-30,브이넥,44,google,trend_relative
2026-09-06,브이넥,75,google,trend_relative
2026-09-13,브이넥,87,google,trend_relative
2025-09-14,스쿱넥,0,google,trend_relative
2025-09-21,스쿱넥,0,google,trend_relative
2025-09-28,스쿱넥,0,google,trend_relative
2025-10-05,스쿱넥,0,google,trend_relative
2025-10-12,스쿱넥,0,google,trend_relative
2025-10-19,스쿱넥,0,google,trend_relative
2025-10-26,스쿱넥,0,google,trend_relative
2025-11-02,스쿱넥,0,google,trend_relative
2025-11-09,스쿱넥,0,google,trend_relative
2025-11-16,스쿱넥,0,google,trend_relative
2025-11-23,스쿱넥,0,google,trend_relative
2025-11-30,스쿱넥,0,google,trend_relative
2025-12-07,스쿱넥,0,google,trend_relative
2025-12-14,스쿱넥,0,google,trend_relative
2025-12-21,스쿱넥,0,google,trend_relative
2025-12-28,스쿱넥,0,google,trend_relative
2026-01-04,스쿱넥,0,google,trend_relative
2026-01-11,스쿱넥,0,google,trend_relative
2026-01-18,스쿱넥,0,google,trend_relative
2026-01-25,스쿱넥,0,google,trend_relative
2026-02-01,스쿱넥,0,google,trend_relative
2026-02-08,스쿱넥,0,google,trend_relative
2026-02-15,스쿱넥,0,google,trend_relative
2026-02-22,스쿱넥,0,google,trend_relative
2026-03-01,스쿱넥,0,google,trend_relative
2026-03-08,스쿱넥,0,google,trend_relative
2026-03-15,스쿱넥,0,google,trend_relative
2026-03-22,스쿱넥,0,google,trend_relative
2026-03-29,스쿱넥,0,google,trend_relative
2026-04-05,스쿱넥,0,google,trend_relative
2026-04-12,스쿱넥,0,google,trend_relative
2026-04-19,스쿱넥,0,google,trend_relative
2026-04-26,스쿱넥,0,google,trend_relative
2026-05-03,스쿱넥,0,google,trend_relative
2026-05-10,스쿱넥,0,google,trend_relative
2026-05-17,스쿱넥,0,google,trend_relative
2026-05-24,스쿱넥,0,google,trend_relative
2026-05-31,스쿱넥,0,google,trend_relative
2026-06-07,스쿱넥,0,google,trend_relative
2026-06-14,스쿱넥,0,google,trend_relative
2026-06-21,스쿱넥,0,google,trend_relative
2026-06-28,스쿱넥,0,google,trend_relative
2026-07-05,스쿱넥,0,google,trend_relative
2026-07-12,스쿱넥,0,google,trend_relative
2026-07-19,스쿱넥,0,google,trend_relative
2026-07-26,스쿱넥,0,google,trend_relative
2026-08-02,스쿱넥,0,google,trend_relative
2026-08-09,스쿱넥,0,google,trend_relative
2026-08-16,스쿱넥,0,google,trend_relative
2026-08-23,스쿱넥,0,google,trend_relative
2026-08-30,스쿱넥,3,google,trend_relative
2026-09-06,스쿱넥,3,google,trend_relative
2026-09-13,스쿱넥,0,google,trend_relative
2025-09-14,원숄더,0,google,trend_relative
2025-09-21,원숄더,0,google,trend_relative
2025-09-28,원숄더,0,google,trend_relative
2025-10-05,원숄더,0,google,trend_relative
2025-10-12,원숄더,0,google,trend_relative
2025-10-19,원숄더,0,google,trend_relative
2025-10-26,원숄더,0,google,trend_relative
2025-11-02,원숄더,0,google,trend_relative
2025-11-09,원숄더,0,google,trend_relative
2025-11-16,원숄더,0,google,trend_relative
2025-11-23,원숄더,30,google,trend_relative
2025-11-30,원숄더,0,google,trend_relative
2025-12-07,원숄더,0,google,trend_relative
2025-12-14,원숄더,0,google,trend_relative
2025-12-21,원숄더,0,google,trend_relative
2025-12-28,원숄더,0,google,trend_relative
2026-01-04,원숄더,0,google,trend_relative
2026-01-11,원숄더,0,google,trend_relative
2026-01-18,원숄더,0,google,trend_relative
2026-01-25,원숄더,0,google,trend_relative
2026-02-01,원숄더,0,google,trend_relative
2026-02-08,원숄더,0,google,trend_relative
2026-02-15,원숄더,0,google,trend_relative
2026-02-22,원숄더,0,google,trend_relative
2026-03-01,원숄더,0,google,trend_relative
2026-03-08,원숄더,0,google,trend_relative
2026-03-15,원숄더,0,google,trend_relative
2026-03-22,원숄더,0,google,trend_relative
2026-03-29,원숄더,0,google,trend_relative
2026-04-05,원숄더,0,google,trend_relative
2026-04-12,원숄더,0,google,trend_relative
2026-04-19,원숄더,31,google,trend_relative
2026-04-26,원숄더,0,google,trend_relative
2026-05-03,원숄더,0,google,trend_relative
2026-05-10,원숄더,0,google,trend_relative
2026-05-17,원숄더,0,google,trend_relative
2026-05-24,원숄더,0,google,trend_relative
2026-05-31,원숄더,24,google,trend_relative
2026-06-07,원숄더,0,google,trend_relative
2026-06-14,원숄더,0,google,trend_relative
2026-06-21,원숄더,0,google,trend_relative
2026-06-28,원숄더,0,google,trend_relative
2026-07-05,원숄더,0,google,trend_relative
2026-07-12,원숄더,0,google,trend_relative
2026-07-19,원숄더,0,google,trend_relative
2026-07-26,원숄더,0,google,trend_relative
2026-08-02,원숄더,0,google,trend_relative
2026-08-09,원숄더,0,google,trend_relative
2026-08-16,원숄더,23,google,trend_relative
2026-08-23,원숄더,0,google,trend_relative
2026-08-30,원숄더,11,google,trend_relative
2026-09-06,원숄더,11,google,trend_relative
2026-09-13,원숄더,0,google,trend_relative
2025-09-14,카울넥,0,google,trend_relative
2025-09-21,카울넥,0,google,trend_relative
2025-09-28,카울넥,0,google,trend_relative
2025-10-05,카울넥,0,google,trend_relative
2025-10-12,카울넥,0,google,trend_relative
2025-10-19,카울넥,0,google,trend_relative
2025-10-26,카울넥,0,google,trend_relative
2025-11-02,카울넥,0,google,trend_relative
2025-11-09,카울넥,0,google,trend_relative
2025-11-16,카울넥,0,google,trend_relative
2025-11-23,카울넥,0,google,trend_relative
2025-11-30,카울넥,0,google,trend_relative
2025-12-07,카울넥,0,google,trend_relative
2025-12-14,카울넥,0,google,trend_relative
2025-12-21,카울넥,0,google,trend_relative
2025-12-28,카울넥,0,google,trend_relative
2026-01-04,카울넥,0,google,trend_relative
2026-01-11,카울넥,0,google,trend_relative
2026-01-18,카울넥,0,google,trend_relative
2026-01-25,카울넥,0,google,trend_relative
2026-02-01,카울넥,0,google,trend_relative
2026-02-08,카울넥,0,google,trend_relative
2026-02-15,카울넥,0,google,trend_relative
2026-02-22,카울넥,0,google,trend_relative
2026-03-01,카울넥,0,google,trend_relative
2026-03-08,카울넥,0,google,trend_relative
2026-03-15,카울넥,0,google,trend_relative
2026-03-22,카울넥,0,google,trend_relative
2026-03-29,카울넥,0,google,trend_relative
2026-04-05,카울넥,0,google,trend_relative
2026-04-12,카울넥,0,google,trend_relative
2026-04-19,카울넥,0,google,trend_relative
2026-04-26,카울넥,0,google,trend_relative
2026-05-03,카울넥,0,google,trend_relative
2026-05-10,카울넥,0,google,trend_relative
2026-05-17,카울넥,0,google,trend_relative
2026-05-24,카울넥,0,google,trend_relative
2026-05-31,카울넥,0,google,trend_relative
2026-06-07,카울넥,0,google,trend_relative
2026-06-14,카울넥,0,google,trend_relative
2026-06-21,카울넥,0,google,trend_relative
2026-06-28,카울넥,0,google,trend_relative
2026-07-05,카울넥,0,google,trend_relative
2026-07-12,카울넥,0,google,trend_relative
2026-07-19,카울넥,0,google,trend_relative
2026-07-26,카울넥,0,google,trend_relative
2026-08-02,카울넥,0,google,trend_relative
2026-08-09,카울넥,0,google,trend_relative
2026-08-16,카울넥,0,google,trend_relative
2026-08-23,카울넥,0,google,trend_relative
2026-08-30,카울넥,2,google,trend_relative
2026-09-06,카울넥,3,google,trend_relative
2026-09-13,카울넥,0,google,trend_relative
2025-09-14,터틀넥,0,google,trend_relative
2025-09-21,터틀넥,10,google,trend_relative
2025-09-28,터틀넥,0,google,trend_relative
2025-10-05,터틀넥,9,google,trend_relative
2025-10-12,터틀넥,16,google,trend_relative
2025-10-19,터틀넥,18,google,trend_relative
2025-10-26,터틀넥,24,google,trend_relative
2025-11-02,터틀넥,21,google,trend_relative
2025-11-09,터틀넥,19,google,trend_relative
2025-11-16,터틀넥,21,google,trend_relative
2025-11-23,터틀넥,24,google,trend_relative
2025-11-30,터틀넥,27,google,trend_relative
2025-12-07,터틀넥,26,google,trend_relative
2025-12-14,터틀넥,24,google,trend_relative
2025-12-21,터틀넥,28,google,trend_relative
2025-12-28,터틀넥,16,google,trend_relative
2026-01-04,터틀넥,19,google,trend_relative
2026-01-11,터틀넥,15,google,trend_relative
2026-01-18,터틀넥,13,google,trend_relative
2026-01-25,터틀넥,14,google,trend_relative
2026-02-01,터틀넥,17,google,trend_relative
2026-02-08,터틀넥,7,google,trend_relative
2026-02-15,터틀넥,12,google,trend_relative
2026-02-22,터틀넥,8,google,trend_relative
2026-03-01,터틀넥,16,google,trend_relative
2026-03-08,터틀넥,9,google,trend_relative
2026-03-15,터틀넥,0,google,trend_relative
2026-03-22,터틀넥,14,google,trend_relative
2026-03-29,터틀넥,12,google,trend_relative
2026-04-05,터틀넥,7,google,trend_relative
2026-04-12,터틀넥,9,google,trend_relative
2026-04-19,터틀넥,8,google,trend_relative
2026-04-26,터틀넥,7,google,trend_relative
2026-05-03,터틀넥,7,google,trend_relative
2026-05-10,터틀넥,7,google,trend_relative
2026-05-17,터틀넥,0,google,trend_relative
2026-05-24,터틀넥,11,google,trend_relative
2026-05-31,터틀넥,0,google,trend_relative
2026-06-07,터틀넥,8,google,trend_relative
2026-06-14,터틀넥,8,google,trend_relative
2026-06-21,터틀넥,7,google,trend_relative
2026-06-28,터틀넥,8,google,trend_relative
2026-07-05,터틀넥,7,google,trend_relative
2026-07-12,터틀넥,11,google,trend_relative
2026-07-19,터틀넥,11,google,trend_relative
2026-07-26,터틀넥,11,google,trend_relative
2026-08-02,터틀넥,7,google,trend_relative
2026-08-09,터틀넥,6,google,trend_relative
2026-08-16,터틀넥,11,google,trend_relative
2026-08-23,터틀넥,11,google,trend_relative
2026-08-30,터틀넥,7,google,trend_relative
2026-09-06,터틀넥,10,google,trend_relative
2026-09-13,터틀넥,9,google,trend_relative
2025-09-14,헨리넥,17,google,trend_relative
2025-09-21,헨리넥,14,google,trend_relative
2025-09-28,헨리넥,16,google,trend_relative
2025-10-05,헨리넥,20,google,trend_relative
2025-10-12,헨리넥,18,google,trend_relative
2025-10-19,헨리넥,13,google,trend_relative
2025-10-26,헨리넥,15,google,trend_relative
2025-11-02,헨리넥,14,google,trend_relative
2025-11-09,헨리넥,17,google,trend_relative
2025-11-16,헨리넥,21,google,trend_relative
2025-11-23,헨리넥,18,google,trend_relative
2025-11-30,헨리넥,11,google,trend_relative
2025-12-07,헨리넥,13,google,trend_relative
2025-12-14,헨리넥,0,google,trend_relative
2025-12-21,헨리넥,12,google,trend_relative
2025-12-28,헨리넥,16,google,trend_relative
2026-01-04,헨리넥,13,google,trend_relative
2026-01-11,헨리넥,14,google,trend_relative
2026-01-18,헨리넥,12,google,trend_relative
2026-01-25,헨리넥,14,google,trend_relative
2026-02-01,헨리넥,16,google,trend_relative
2026-02-08,헨리넥,18,google,trend_relative
2026-02-15,헨리넥,23,google,trend_relative
2026-02-22,헨리넥,11,google,trend_relative
2026-03-01,헨리넥,19,google,trend_relative
2026-03-08,헨리넥,21,google,trend_relative
2026-03-15,헨리넥,27,google,trend_relative
2026-03-22,헨리넥,28,google,trend_relative
2026-03-29,헨리넥,28,google,trend_relative
2026-04-05,헨리넥,23,google,trend_relative
2026-04-12,헨리넥,29,google,trend_relative
2026-04-19,헨리넥,26,google,trend_relative
2026-04-26,헨리넥,24,google,trend_relative
2026-05-03,헨리넥,24,google,trend_relative
2026-05-10,헨리넥,25,google,trend_relative
2026-05-17,헨리넥,30,google,trend_relative
2026-05-24,헨리넥,21,google,trend_relative
2026-05-31,헨리넥,30,google,trend_relative
2026-06-07,헨리넥,25,google,trend_relative
2026-06-14,헨리넥,23,google,trend_relative
2026-06-21,헨리넥,25,google,trend_relative
2026-06-28,헨리넥,18,google,trend_relative
2026-07-05,헨리넥,24,google,trend_relative
2026-07-12,헨리넥,16,google,trend_relative
2026-07-19,헨리넥,22,google,trend_relative
2026-07-26,헨리넥,25,google,trend_relative
2026-08-02,헨리넥,21,google,trend_relative
2026-08-09,헨리넥,19,google,trend_relative
2026-08-16,헨리넥,18,google,trend_relative
2026-08-23,헨리넥,25,google,trend_relative
2026-08-30,헨리넥,18,google,trend_relative
2026-09-06,헨리넥,26,google,trend_relative
2026-09-13,헨리넥,33,google,trend_relative
2025-09-14,홀터넥,10,google,trend_relative
2025-09-21,홀터넥,9,google,trend_relative
2025-09-28,홀터넥,0,google,trend_relative
2025-10-05,홀터넥,0,google,trend_relative
2025-10-12,홀터넥,18,google,trend_relative
2025-10-19,홀터넥,7,google,trend_relative
2025-10-26,홀터넥,8,google,trend_relative
2025-11-02,홀터넥,7,google,trend_relative
2025-11-09,홀터넥,0,google,trend_relative
2025-11-16,홀터넥,9,google,trend_relative
2025-11-23,홀터넥,13,google,trend_relative
2025-11-30,홀터넥,0,google,trend_relative
2025-12-07,홀터넥,11,google,trend_relative
2025-12-14,홀터넥,0,google,trend_relative
2025-12-21,홀터넥,10,google,trend_relative
2025-12-28,홀터넥,10,google,trend_relative
2026-01-04,홀터넥,11,google,trend_relative
2026-01-11,홀터넥,13,google,trend_relative
2026-01-18,홀터넥,11,google,trend_relative
2026-01-25,홀터넥,8,google,trend_relative
2026-02-01,홀터넥,10,google,trend_relative
2026-02-08,홀터넥,14,google,trend_relative
2026-02-15,홀터넥,7,google,trend_relative
2026-02-22,홀터넥,8,google,trend_relative
2026-03-01,홀터넥,13,google,trend_relative
2026-03-08,홀터넥,15,google,trend_relative
2026-03-15,홀터넥,10,google,trend_relative
2026-03-22,홀터넥,17,google,trend_relative
2026-03-29,홀터넥,13,google,trend_relative
2026-04-05,홀터넥,13,google,trend_relative
2026-04-12,홀터넥,10,google,trend_relative
2026-04-19,홀터넥,12,google,trend_relative
2026-04-26,홀터넥,11,google,trend_relative
2026-05-03,홀터넥,13,google,trend_relative
2026-05-10,홀터넥,17,google,trend_relative
2026-05-17,홀터넥,11,google,trend_relative
2026-05-24,홀터넥,13,google,trend_relative
2026-05-31,홀터넥,16,google,trend_relative
2026-06-07,홀터넥,19,google,trend_relative
2026-06-14,홀터넥,16,google,trend_relative
2026-06-21,홀터넥,20,google,trend_relative
2026-06-28,홀터넥,17,google,trend_relative
2026-07-05,홀터넥,15,google,trend_relative
2026-07-12,홀터넥,81,google,trend_relative
2026-07-19,홀터넥,100,google,trend_relative
2026-07-26,홀터넥,20,google,trend_relative
2026-08-02,홀터넥,18,google,trend_relative
2026-08-09,홀터넥,20,google,trend_relative
2026-08-16,홀터넥,19,google,trend_relative
2026-08-23,홀터넥,11,google,trend_relative
2026-08-30,홀터넥,11,google,trend_relative
2026-09-06,홀터넥,13,google,trend_relative
2026-09-13,홀터넥,13,google,trend_relative
2025-09-14,스퀘어넥,0,google,trend_relative
2025-09-21,스퀘어넥,0,google,trend_relative
2025-09-28,스퀘어넥,0,google,trend_relative
2025-10-05,스퀘어넥,0,google,trend_relative
2025-10-12,스퀘어넥,0,google,trend_relative
2025-10-19,스퀘어넥,0,google,trend_relative
2025-10-26,스퀘어넥,0,google,trend_relative
2025-11-02,스퀘어넥,0,google,trend_relative
2025-11-09,스퀘어넥,0,google,trend_relative
2025-11-16,스퀘어넥,0,google,trend_relative
2025-11-23,스퀘어넥,0,google,trend_relative
2025-11-30,스퀘어넥,0,google,trend_relative
2025-12-07,스퀘어넥,0,google,trend_relative
2025-12-14,스퀘어넥,0,google,trend_relative
2025-12-21,스퀘어넥,0,google,trend_relative
2025-12-28,스퀘어넥,0,google,trend_relative
2026-01-04,스퀘어넥,7,google,trend_relative
2026-01-11,스퀘어넥,0,google,trend_relative
2026-01-18,스퀘어넥,0,google,trend_relative
2026-01-25,스퀘어넥,0,google,trend_relative
2026-02-01,스퀘어넥,0,google,trend_relative
2026-02-08,스퀘어넥,0,google,trend_relative
2026-02-15,스퀘어넥,0,google,trend_relative
2026-02-22,스퀘어넥,0,google,trend_relative
2026-03-01,스퀘어넥,7,google,trend_relative
2026-03-08,스퀘어넥,0,google,trend_relative
2026-03-15,스퀘어넥,8,google,trend_relative
2026-03-22,스퀘어넥,0,google,trend_relative
2026-03-29,스퀘어넥,0,google,trend_relative
2026-04-05,스퀘어넥,0,google,trend_relative
2026-04-12,스퀘어넥,7,google,trend_relative
2026-04-19,스퀘어넥,0,google,trend_relative
2026-04-26,스퀘어넥,0,google,trend_relative
2026-05-03,스퀘어넥,8,google,trend_relative
2026-05-10,스퀘어넥,0,google,trend_relative
2026-05-17,스퀘어넥,0,google,trend_relative
2026-05-24,스퀘어넥,6,google,trend_relative
2026-05-31,스퀘어넥,11,google,trend_relative
2026-06-07,스퀘어넥,13,google,trend_relative
2026-06-14,스퀘어넥,0,google,trend_relative
2026-06-21,스퀘어넥,8,google,trend_relative
2026-06-28,스퀘어넥,6,google,trend_relative
2026-07-05,스퀘어넥,6,google,trend_relative
2026-07-12,스퀘어넥,7,google,trend_relative
2026-07-19,스퀘어넥,0,google,trend_relative
2026-07-26,스퀘어넥,6,google,trend_relative
2026-08-02,스퀘어넥,6,google,trend_relative
2026-08-09,스퀘어넥,0,google,trend_relative
2026-08-16,스퀘어넥,0,google,trend_relative
2026-08-23,스퀘어넥,7,google,trend_relative
2026-08-30,스퀘어넥,3,google,trend_relative
2026-09-06,스퀘어넥,4,google,trend_relative
2026-09-13,스퀘어넥,0,google,trend_relative
2025-09-14,오프숄더,17,google,trend_relative
2025-09-21,오프숄더,20,google,trend_relative
2025-09-28,오프숄더,24,google,trend_relative
2025-10-05,오프숄더,20,google,trend_relative
2025-10-12,오프숄더,22,google,trend_relative
2025-10-19,오프숄더,19,google,trend_relative
2025-10-26,오프숄더,27,google,trend_relative
2025-11-02,오프숄더,24,google,trend_relative
2025-11-09,오프숄더,23,google,trend_relative
2025-11-16,오프숄더,28,google,trend_relative
2025-11-23,오프숄더,32,google,trend_relative
2025-11-30,오프숄더,23,google,trend_relative
2025-12-07,오프숄더,23,google,trend_relative
2025-12-14,오프숄더,23,google,trend_relative
2025-12-21,오프숄더,35,google,trend_relative
2025-12-28,오프숄더,28,google,trend_relative
2026-01-04,오프숄더,24,google,trend_relative
2026-01-11,오프숄더,29,google,trend_relative
2026-01-18,오프숄더,26,google,trend_relative
2026-01-25,오프숄더,28,google,trend_relative
2026-02-01,오프숄더,23,google,trend_relative
2026-02-08,오프숄더,19,google,trend_relative
2026-02-15,오프숄더,26,google,trend_relative
2026-02-22,오프숄더,28,google,trend_relative
2026-03-01,오프숄더,28,google,trend_relative
2026-03-08,오프숄더,23,google,trend_relative
2026-03-15,오프숄더,22,google,trend_relative
2026-03-22,오프숄더,30,google,trend_relative
2026-03-29,오프숄더,10,google,trend_relative
2026-04-05,오프숄더,21,google,trend_relative
2026-04-12,오프숄더,24,google,trend_relative
2026-04-19,오프숄더,27,google,trend_relative
2026-04-26,오프숄더,23,google,trend_relative
2026-05-03,오프숄더,27,google,trend_relative
2026-05-10,오프숄더,29,google,trend_relative
2026-05-17,오프숄더,24,google,trend_relative
2026-05-24,오프숄더,28,google,trend_relative
2026-05-31,오프숄더,22,google,trend_relative
2026-06-07,오프숄더,28,google,trend_relative
2026-06-14,오프숄더,24,google,trend_relative
2026-06-21,오프숄더,19,google,trend_relative
2026-06-28,오프숄더,15,google,trend_relative
2026-07-05,오프숄더,21,google,trend_relative
2026-07-12,오프숄더,20,google,trend_relative
2026-07-19,오프숄더,25,google,trend_relative
2026-07-26,오프숄더,27,google,trend_relative
2026-08-02,오프숄더,24,google,trend_relative
2026-08-09,오프숄더,23,google,trend_relative
2026-08-16,오프숄더,22,google,trend_relative
2026-08-23,오프숄더,20,google,trend_relative
2026-08-30,오프숄더,18,google,trend_relative
2026-09-06,오프숄더,21,google,trend_relative
2026-09-13,오프숄더,28,google,trend_relative
2025-09-14,라운드넥,0,google,trend_relative
2025-09-21,라운드넥,12,google,trend_relative
2025-09-28,라운드넥,0,google,trend_relative
2025-10-05,라운드넥,0,google,trend_relative
2025-10-12,라운드넥,13,google,trend_relative
2025-10-19,라운드넥,17,google,trend_relative
2025-10-26,라운드넥,14,google,trend_relative
2025-11-02,라운드넥,13,google,trend_relative
2025-11-09,라운드넥,13,google,trend_relative
2025-11-16,라운드넥,12,google,trend_relative
2025-11-23,라운드넥,0,google,trend_relative
2025-11-30,라운드넥,13,google,trend_relative
2025-12-07,라운드넥,14,google,trend_relative
2025-12-14,라운드넥,14,google,trend_relative
2025-12-21,라운드넥,0,google,trend_relative
2025-12-28,라운드넥,0,google,trend_relative
2026-01-04,라운드넥,0,google,trend_relative
2026-01-11,라운드넥,0,google,trend_relative
2026-01-18,라운드넥,0,google,trend_relative
2026-01-25,라운드넥,0,google,trend_relative
2026-02-01,라운드넥,11,google,trend_relative
2026-02-08,라운드넥,20,google,trend_relative
2026-02-15,라운드넥,20,google,trend_relative
2026-02-22,라운드넥,14,google,trend_relative
2026-03-01,라운드넥,0,google,trend_relative
2026-03-08,라운드넥,14,google,trend_relative
2026-03-15,라운드넥,0,google,trend_relative
2026-03-22,라운드넥,0,google,trend_relative
2026-03-29,라운드넥,13,google,trend_relative
2026-04-05,라운드넥,0,google,trend_relative
2026-04-12,라운드넥,0,google,trend_relative
2026-04-19,라운드넥,12,google,trend_relative
2026-04-26,라운드넥,0,google,trend_relative
2026-05-03,라운드넥,0,google,trend_relative
2026-05-10,라운드넥,11,google,trend_relative
2026-05-17,라운드넥,0,google,trend_relative
2026-05-24,라운드넥,0,google,trend_relative
2026-05-31,라운드넥,0,google,trend_relative
2026-06-07,라운드넥,9,google,trend_relative
2026-06-14,라운드넥,0,google,trend_relative
2026-06-21,라운드넥,0,google,trend_relative
2026-06-28,라운드넥,0,google,trend_relative
2026-07-05,라운드넥,9,google,trend_relative
2026-07-12,라운드넥,11,google,trend_relative
2026-07-19,라운드넥,0,google,trend_relative
2026-07-26,라운드넥,0,google,trend_relative
2026-08-02,라운드넥,9,google,trend_relative
2026-08-09,라운드넥,0,google,trend_relative
2026-08-16,라운드넥,0,google,trend_relative
2026-08-23,라운드넥,0,google,trend_relative
2026-08-30,라운드넥,5,google,trend_relative
2026-09-06,라운드넥,9,google,trend_relative
2026-09-13,라운드넥,7,google,trend_relative
2025-09-14,스탠드칼라,0,google,trend_relative
2025-09-21,스탠드칼라,0,google,trend_relative
2025-09-28,스탠드칼라,0,google,trend_relative
2025-10-05,스탠드칼라,0,google,trend_relative
2025-10-12,스탠드칼라,0,google,trend_relative
2025-10-19,스탠드칼라,0,google,trend_relative
2025-10-26,스탠드칼라,0,google,trend_relative
2025-11-02,스탠드칼라,0,google,trend_relative
2025-11-09,스탠드칼라,0,google,trend_relative
2025-11-16,스탠드칼라,0,google,trend_relative
2025-11-23,스탠드칼라,0,google,trend_relative
2025-11-30,스탠드칼라,0,google,trend_relative
2025-12-07,스탠드칼라,0,google,trend_relative
2025-12-14,스탠드칼라,0,google,trend_relative
2025-12-21,스탠드칼라,0,google,trend_relative
2025-12-28,스탠드칼라,0,google,trend_relative
2026-01-04,스탠드칼라,0,google,trend_relative
2026-01-11,스탠드칼라,0,google,trend_relative
2026-01-18,스탠드칼라,0,google,trend_relative
2026-01-25,스탠드칼라,0,google,trend_relative
2026-02-01,스탠드칼라,0,google,trend_relative
2026-02-08,스탠드칼라,0,google,trend_relative
2026-02-15,스탠드칼라,0,google,trend_relative
2026-02-22,스탠드칼라,0,google,trend_relative
2026-03-01,스탠드칼라,0,google,trend_relative
2026-03-08,스탠드칼라,0,google,trend_relative
2026-03-15,스탠드칼라,0,google,trend_relative
2026-03-22,스탠드칼라,0,google,trend_relative
2026-03-29,스탠드칼라,0,google,trend_relative
2026-04-05,스탠드칼라,0,google,trend_relative
2026-04-12,스탠드칼라,0,google,trend_relative
2026-04-19,스탠드칼라,0,google,trend_relative
2026-04-26,스탠드칼라,0,google,trend_relative
2026-05-03,스탠드칼라,0,google,trend_relative
2026-05-10,스탠드칼라,0,google,trend_relative
2026-05-17,스탠드칼라,0,google,trend_relative
2026-05-24,스탠드칼라,0,google,trend_relative
2026-05-31,스탠드칼라,0,google,trend_relative
2026-06-07,스탠드칼라,0,google,trend_relative
2026-06-14,스탠드칼라,0,google,trend_relative
2026-06-21,스탠드칼라,0,google,trend_relative
2026-06-28,스탠드칼라,0,google,trend_relative
2026-07-05,스탠드칼라,0,google,trend_relative
2026-07-12,스탠드칼라,0,google,trend_relative
2026-07-19,스탠드칼라,0,google,trend_relative
2026-07-26,스탠드칼라,0,google,trend_relative
2026-08-02,스탠드칼라,0,google,trend_relative
2026-08-09,스탠드칼라,0,google,trend_relative
2026-08-16,스탠드칼라,0,google,trend_relative
2026-08-23,스탠드칼라,0,google,trend_relative
2026-08-30,스탠드칼라,1,google,trend_relative
2026-09-06,스탠드칼라,2,google,trend_relative
2026-09-13,스탠드칼라,0,google,trend_relative
2025-09-14,긴소매,0,google,trend_relative
2025-09-21,긴소매,0,google,trend_relative
2025-09-28,긴소매,0,google,trend_relative
2025-10-05,긴소매,0,google,trend_relative
2025-10-12,긴소매,0,google,trend_relative
2025-10-19,긴소매,0,google,trend_relative
2025-10-26,긴소매,0,google,trend_relative
2025-11-02,긴소매,0,google,trend_relative
2025-11-09,긴소매,0,google,trend_relative
2025-11-16,긴소매,0,google,trend_relative
2025-11-23,긴소매,0,google,trend_relative
2025-11-30,긴소매,0,google,trend_relative
2025-12-07,긴소매,0,google,trend_relative
2025-12-14,긴소매,0,google,trend_relative
2025-12-21,긴소매,0,google,trend_relative
2025-12-28,긴소매,0,google,trend_relative
2026-01-04,긴소매,0,google,trend_relative
2026-01-11,긴소매,0,google,trend_relative
2026-01-18,긴소매,0,google,trend_relative
2026-01-25,긴소매,0,google,trend_relative
2026-02-01,긴소매,0,google,trend_relative
2026-02-08,긴소매,0,google,trend_relative
2026-02-15,긴소매,0,google,trend_relative
2026-02-22,긴소매,0,google,trend_relative
2026-03-01,긴소매,0,google,trend_relative
2026-03-08,긴소매,0,google,trend_relative
2026-03-15,긴소매,0,google,trend_relative
2026-03-22,긴소매,0,google,trend_relative
2026-03-29,긴소매,0,google,trend_relative
2026-04-05,긴소매,0,google,trend_relative
2026-04-12,긴소매,0,google,trend_relative
2026-04-19,긴소매,0,google,trend_relative
2026-04-26,긴소매,0,google,trend_relative
2026-05-03,긴소매,0,google,trend_relative
2026-05-10,긴소매,10,google,trend_relative
2026-05-17,긴소매,0,google,trend_relative
2026-05-24,긴소매,0,google,trend_relative
2026-05-31,긴소매,0,google,trend_relative
2026-06-07,긴소매,0,google,trend_relative
2026-06-14,긴소매,0,google,trend_relative
2026-06-21,긴소매,0,google,trend_relative
2026-06-28,긴소매,0,google,trend_relative
2026-07-05,긴소매,0,google,trend_relative
2026-07-12,긴소매,0,google,trend_relative
2026-07-19,긴소매,0,google,trend_relative
2026-07-26,긴소매,0,google,trend_relative
2026-08-02,긴소매,0,google,trend_relative
2026-08-09,긴소매,0,google,trend_relative
2026-08-16,긴소매,0,google,trend_relative
2026-08-23,긴소매,0,google,trend_relative
2026-08-30,긴소매,4,google,trend_relative
2026-09-06,긴소매,6,google,trend_relative
2026-09-13,긴소매,6,google,trend_relative
2025-09-14,반소매,0,google,trend_relative
2025-09-21,반소매,0,google,trend_relative
2025-09-28,반소매,0,google,trend_relative
2025-10-05,반소매,0,google,trend_relative
2025-10-12,반소매,0,google,trend_relative
2025-10-19,반소매,0,google,trend_relative
2025-10-26,반소매,0,google,trend_relative
2025-11-02,반소매,0,google,trend_relative
2025-11-09,반소매,0,google,trend_relative
2025-11-16,반소매,0,google,trend_relative
2025-11-23,반소매,0,google,trend_relative
2025-11-30,반소매,0,google,trend_relative
2025-12-07,반소매,0,google,trend_relative
2025-12-14,반소매,0,google,trend_relative
2025-12-21,반소매,0,google,trend_relative
2025-12-28,반소매,0,google,trend_relative
2026-01-04,반소매,0,google,trend_relative
2026-01-11,반소매,0,google,trend_relative
2026-01-18,반소매,0,google,trend_relative
2026-01-25,반소매,0,google,trend_relative
2026-02-01,반소매,0,google,trend_relative
2026-02-08,반소매,11,google,trend_relative
2026-02-15,반소매,0,google,trend_relative
2026-02-22,반소매,0,google,trend_relative
2026-03-01,반소매,0,google,trend_relative
2026-03-08,반소매,0,google,trend_relative
2026-03-15,반소매,0,google,trend_relative
2026-03-22,반소매,0,google,trend_relative
2026-03-29,반소매,0,google,trend_relative
2026-04-05,반소매,0,google,trend_relative
2026-04-12,반소매,0,google,trend_relative
2026-04-19,반소매,0,google,trend_relative
2026-04-26,반소매,0,google,trend_relative
2026-05-03,반소매,0,google,trend_relative
2026-05-10,반소매,14,google,trend_relative
2026-05-17,반소매,14,google,trend_relative
2026-05-24,반소매,0,google,trend_relative
2026-05-31,반소매,13,google,trend_relative
2026-06-07,반소매,11,google,trend_relative
2026-06-14,반소매,0,google,trend_relative
2026-06-21,반소매,13,google,trend_relative
2026-06-28,반소매,12,google,trend_relative
2026-07-05,반소매,12,google,trend_relative
2026-07-12,반소매,0,google,trend_relative
2026-07-19,반소매,0,google,trend_relative
2026-07-26,반소매,10,google,trend_relative
2026-08-02,반소매,0,google,trend_relative
2026-08-09,반소매,0,google,trend_relative
2026-08-16,반소매,0,google,trend_relative
2026-08-23,반소매,0,google,trend_relative
2026-08-30,반소매,4,google,trend_relative
2026-09-06,반소매,4,google,trend_relative
2026-09-13,반소매,0,google,trend_relative
2025-09-14,민소매,27,google,trend_relative
2025-09-21,민소매,32,google,trend_relative
2025-09-28,민소매,21,google,trend_relative
2025-10-05,민소매,30,google,trend_relative
2025-10-12,민소매,29,google,trend_relative
2025-10-19,민소매,18,google,trend_relative
2025-10-26,민소매,25,google,trend_relative
2025-11-02,민소매,24,google,trend_relative
2025-11-09,민소매,26,google,trend_relative
2025-11-16,민소매,32,google,trend_relative
2025-11-23,민소매,22,google,trend_relative
2025-11-30,민소매,26,google,trend_relative
2025-12-07,민소매,27,google,trend_relative
2025-12-14,민소매,24,google,trend_relative
2025-12-21,민소매,26,google,trend_relative
2025-12-28,민소매,38,google,trend_relative
2026-01-04,민소매,28,google,trend_relative
2026-01-11,민소매,26,google,trend_relative
2026-01-18,민소매,32,google,trend_relative
2026-01-25,민소매,30,google,trend_relative
2026-02-01,민소매,22,google,trend_relative
2026-02-08,민소매,20,google,trend_relative
2026-02-15,민소매,21,google,trend_relative
2026-02-22,민소매,29,google,trend_relative
2026-03-01,민소매,44,google,trend_relative
2026-03-08,민소매,27,google,trend_relative
2026-03-15,민소매,30,google,trend_relative
2026-03-22,민소매,25,google,trend_relative
2026-03-29,민소매,34,google,trend_relative
2026-04-05,민소매,24,google,trend_relative
2026-04-12,민소매,27,google,trend_relative
2026-04-19,민소매,29,google,trend_relative
2026-04-26,민소매,41,google,trend_relative
2026-05-03,민소매,39,google,trend_relative
2026-05-10,민소매,41,google,trend_relative
2026-05-17,민소매,47,google,trend_relative
2026-05-24,민소매,38,google,trend_relative
2026-05-31,민소매,68,google,trend_relative
2026-06-07,민소매,40,google,trend_relative
2026-06-14,민소매,70,google,trend_relative
2026-06-21,민소매,51,google,trend_relative
2026-06-28,민소매,44,google,trend_relative
2026-07-05,민소매,45,google,trend_relative
2026-07-12,민소매,48,google,trend_relative
2026-07-19,민소매,71,google,trend_relative
2026-07-26,민소매,100,google,trend_relative
2026-08-02,민소매,59,google,trend_relative
2026-08-09,민소매,34,google,trend_relative
2026-08-16,민소매,41,google,trend_relative
2026-08-23,민소매,43,google,trend_relative
2026-08-30,민소매,25,google,trend_relative
2026-09-06,민소매,30,google,trend_relative
2026-09-13,민소매,38,google,trend_relative
2025-09-14,5부소매,0,google,trend_relative
2025-09-21,5부소매,0,google,trend_relative
2025-09-28,5부소매,0,google,trend_relative
2025-10-05,5부소매,0,google,trend_relative
2025-10-12,5부소매,0,google,trend_relative
2025-10-19,5부소매,0,google,trend_relative
2025-10-26,5부소매,0,google,trend_relative
2025-11-02,5부소매,0,google,trend_relative
2025-11-09,5부소매,0,google,trend_relative
2025-11-16,5부소매,0,google,trend_relative
2025-11-23,5부소매,0,google,trend_relative
2025-11-30,5부소매,0,google,trend_relative
2025-12-07,5부소매,0,google,trend_relative
2025-12-14,5부소매,0,google,trend_relative
2025-12-21,5부소매,0,google,trend_relative
2025-12-28,5부소매,0,google,trend_relative
2026-01-04,5부소매,0,google,trend_relative
2026-01-11,5부소매,0,google,trend_relative
2026-01-18,5부소매,0,google,trend_relative
2026-01-25,5부소매,0,google,trend_relative
2026-02-01,5부소매,0,google,trend_relative
2026-02-08,5부소매,0,google,trend_relative
2026-02-15,5부소매,0,google,trend_relative
2026-02-22,5부소매,0,google,trend_relative
2026-03-01,5부소매,0,google,trend_relative
2026-03-08,5부소매,0,google,trend_relative
2026-03-15,5부소매,0,google,trend_relative
2026-03-22,5부소매,0,google,trend_relative
2026-03-29,5부소매,0,google,trend_relative
2026-04-05,5부소매,0,google,trend_relative
2026-04-12,5부소매,0,google,trend_relative
2026-04-19,5부소매,0,google,trend_relative
2026-04-26,5부소매,0,google,trend_relative
2026-05-03,5부소매,0,google,trend_relative
2026-05-10,5부소매,0,google,trend_relative
2026-05-17,5부소매,0,google,trend_relative
2026-05-24,5부소매,0,google,trend_relative
2026-05-31,5부소매,0,google,trend_relative
2026-06-07,5부소매,0,google,trend_relative
2026-06-14,5부소매,0,google,trend_relative
2026-06-21,5부소매,0,google,trend_relative
2026-06-28,5부소매,0,google,trend_relative
2026-07-05,5부소매,0,google,trend_relative
2026-07-12,5부소매,0,google,trend_relative
2026-07-19,5부소매,0,google,trend_relative
2026-07-26,5부소매,0,google,trend_relative
2026-08-02,5부소매,0,google,trend_relative
2026-08-09,5부소매,0,google,trend_relative
2026-08-16,5부소매,0,google,trend_relative
2026-08-23,5부소매,0,google,trend_relative
2026-08-30,5부소매,0,google,trend_relative
2026-09-06,5부소매,0,google,trend_relative
2026-09-13,5부소매,0,google,trend_relative
2025-09-14,7부소매,0,google,trend_relative
2025-09-21,7부소매,0,google,trend_relative
2025-09-28,7부소매,0,google,trend_relative
2025-10-05,7부소매,0,google,trend_relative
2025-10-12,7부소매,0,google,trend_relative
2025-10-19,7부소매,0,google,trend_relative
2025-10-26,7부소매,0,google,trend_relative
2025-11-02,7부소매,0,google,trend_relative
2025-11-09,7부소매,0,google,trend_relative
2025-11-16,7부소매,0,google,trend_relative
2025-11-23,7부소매,0,google,trend_relative
2025-11-30,7부소매,0,google,trend_relative
2025-12-07,7부소매,0,google,trend_relative
2025-12-14,7부소매,0,google,trend_relative
2025-12-21,7부소매,0,google,trend_relative
2025-12-28,7부소매,0,google,trend_relative
2026-01-04,7부소매,0,google,trend_relative
2026-01-11,7부소매,0,google,trend_relative
2026-01-18,7부소매,0,google,trend_relative
2026-01-25,7부소매,0,google,trend_relative
2026-02-01,7부소매,0,google,trend_relative
2026-02-08,7부소매,0,google,trend_relative
2026-02-15,7부소매,0,google,trend_relative
2026-02-22,7부소매,0,google,trend_relative
2026-03-01,7부소매,0,google,trend_relative
2026-03-08,7부소매,0,google,trend_relative
2026-03-15,7부소매,0,google,trend_relative
2026-03-22,7부소매,0,google,trend_relative
2026-03-29,7부소매,0,google,trend_relative
2026-04-05,7부소매,0,google,trend_relative
2026-04-12,7부소매,0,google,trend_relative
2026-04-19,7부소매,0,google,trend_relative
2026-04-26,7부소매,0,google,trend_relative
2026-05-03,7부소매,0,google,trend_relative
2026-05-10,7부소매,0,google,trend_relative
2026-05-17,7부소매,0,google,trend_relative
2026-05-24,7부소매,0,google,trend_relative
2026-05-31,7부소매,0,google,trend_relative
2026-06-07,7부소매,0,google,trend_relative
2026-06-14,7부소매,0,google,trend_relative
2026-06-21,7부소매,0,google,trend_relative
2026-06-28,7부소매,0,google,trend_relative
2026-07-05,7부소매,0,google,trend_relative
2026-07-12,7부소매,0,google,trend_relative
2026-07-19,7부소매,0,google,trend_relative
2026-07-26,7부소매,0,google,trend_relative
2026-08-02,7부소매,0,google,trend_relative
2026-08-09,7부소매,0,google,trend_relative
2026-08-16,7부소매,0,google,trend_relative
2026-08-23,7부소매,0,google,trend_relative
2026-08-30,7부소매,3,google,trend_relative
2026-09-06,7부소매,4,google,trend_relative
2026-09-13,7부소매,0,google,trend_relative
2025-09-14,퍼프소매,0,google,trend_relative
2025-09-21,퍼프소매,0,google,trend_relative
2025-09-28,퍼프소매,0,google,trend_relative
2025-10-05,퍼프소매,0,google,trend_relative
2025-10-12,퍼프소매,0,google,trend_relative
2025-10-19,퍼프소매,0,google,trend_relative
2025-10-26,퍼프소매,0,google,trend_relative
2025-11-02,퍼프소매,0,google,trend_relative
2025-11-09,퍼프소매,0,google,trend_relative
2025-11-16,퍼프소매,0,google,trend_relative
2025-11-23,퍼프소매,0,google,trend_relative
2025-11-30,퍼프소매,0,google,trend_relative
2025-12-07,퍼프소매,0,google,trend_relative
2025-12-14,퍼프소매,0,google,trend_relative
2025-12-21,퍼프소매,0,google,trend_relative
2025-12-28,퍼프소매,0,google,trend_relative
2026-01-04,퍼프소매,0,google,trend_relative
2026-01-11,퍼프소매,0,google,trend_relative
2026-01-18,퍼프소매,0,google,trend_relative
2026-01-25,퍼프소매,0,google,trend_relative
2026-02-01,퍼프소매,0,google,trend_relative
2026-02-08,퍼프소매,0,google,trend_relative
2026-02-15,퍼프소매,0,google,trend_relative
2026-02-22,퍼프소매,0,google,trend_relative
2026-03-01,퍼프소매,0,google,trend_relative
2026-03-08,퍼프소매,0,google,trend_relative
2026-03-15,퍼프소매,0,google,trend_relative
2026-03-22,퍼프소매,0,google,trend_relative
2026-03-29,퍼프소매,0,google,trend_relative
2026-04-05,퍼프소매,0,google,trend_relative
2026-04-12,퍼프소매,0,google,trend_relative
2026-04-19,퍼프소매,0,google,trend_relative
2026-04-26,퍼프소매,0,google,trend_relative
2026-05-03,퍼프소매,0,google,trend_relative
2026-05-10,퍼프소매,0,google,trend_relative
2026-05-17,퍼프소매,0,google,trend_relative
2026-05-24,퍼프소매,0,google,trend_relative
2026-05-31,퍼프소매,0,google,trend_relative
2026-06-07,퍼프소매,0,google,trend_relative
2026-06-14,퍼프소매,28,google,trend_relative
2026-06-21,퍼프소매,0,google,trend_relative
2026-06-28,퍼프소매,0,google,trend_relative
2026-07-05,퍼프소매,0,google,trend_relative
2026-07-12,퍼프소매,0,google,trend_relative
2026-07-19,퍼프소매,0,google,trend_relative
2026-07-26,퍼프소매,0,google,trend_relative
2026-08-02,퍼프소매,0,google,trend_relative
2026-08-09,퍼프소매,0,google,trend_relative
2026-08-16,퍼프소매,0,google,trend_relative
2026-08-23,퍼프소매,0,google,trend_relative
2026-08-30,퍼프소매,6,google,trend_relative
2026-09-06,퍼프소매,6,google,trend_relative
2026-09-13,퍼프소매,0,google,trend_relative
2025-09-14,레글런소매,0,google,trend_relative
2025-09-21,레글런소매,0,google,trend_relative
2025-09-28,레글런소매,0,google,trend_relative
2025-10-05,레글런소매,0,google,trend_relative
2025-10-12,레글런소매,0,google,trend_relative
2025-10-19,레글런소매,0,google,trend_relative
2025-10-26,레글런소매,0,google,trend_relative
2025-11-02,레글런소매,0,google,trend_relative
2025-11-09,레글런소매,0,google,trend_relative
2025-11-16,레글런소매,0,google,trend_relative
2025-11-23,레글런소매,0,google,trend_relative
2025-11-30,레글런소매,0,google,trend_relative
2025-12-07,레글런소매,0,google,trend_relative
2025-12-14,레글런소매,0,google,trend_relative
2025-12-21,레글런소매,0,google,trend_relative
2025-12-28,레글런소매,0,google,trend_relative
2026-01-04,레글런소매,0,google,trend_relative
2026-01-11,레글런소매,0,google,trend_relative
2026-01-18,레글런소매,0,google,trend_relative
2026-01-25,레글런소매,0,google,trend_relative
2026-02-01,레글런소매,0,google,trend_relative
2026-02-08,레글런소매,0,google,trend_relative
2026-02-15,레글런소매,0,google,trend_relative
2026-02-22,레글런소매,0,google,trend_relative
2026-03-01,레글런소매,0,google,trend_relative
2026-03-08,레글런소매,0,google,trend_relative
2026-03-15,레글런소매,0,google,trend_relative
2026-03-22,레글런소매,0,google,trend_relative
2026-03-29,레글런소매,0,google,trend_relative
2026-04-05,레글런소매,0,google,trend_relative
2026-04-12,레글런소매,0,google,trend_relative
2026-04-19,레글런소매,0,google,trend_relative
2026-04-26,레글런소매,0,google,trend_relative
2026-05-03,레글런소매,0,google,trend_relative
2026-05-10,레글런소매,0,google,trend_relative
2026-05-17,레글런소매,0,google,trend_relative
2026-05-24,레글런소매,0,google,trend_relative
2026-05-31,레글런소매,0,google,trend_relative
2026-06-07,레글런소매,0,google,trend_relative
2026-06-14,레글런소매,0,google,trend_relative
2026-06-21,레글런소매,0,google,trend_relative
2026-06-28,레글런소매,0,google,trend_relative
2026-07-05,레글런소매,0,google,trend_relative
2026-07-12,레글런소매,0,google,trend_relative
2026-07-19,레글런소매,0,google,trend_relative
2026-07-26,레글런소매,0,google,trend_relative
2026-08-02,레글런소매,0,google,trend_relative
2026-08-09,레글런소매,0,google,trend_relative
2026-08-16,레글런소매,0,google,trend_relative
2026-08-23,레글런소매,0,google,trend_relative
2026-08-30,레글런소매,0,google,trend_relative
2026-09-06,레글런소매,2,google,trend_relative
2026-09-13,레글런소매,0,google,trend_relative
2025-09-14,로우라이즈,39,google,trend_relative
2025-09-21,로우라이즈,48,google,trend_relative
2025-09-28,로우라이즈,58,google,trend_relative
2025-10-05,로우라이즈,81,google,trend_relative
2025-10-12,로우라이즈,43,google,trend_relative
2025-10-19,로우라이즈,48,google,trend_relative
2025-10-26,로우라이즈,0,google,trend_relative
2025-11-02,로우라이즈,30,google,trend_relative
2025-11-09,로우라이즈,0,google,trend_relative
2025-11-16,로우라이즈,0,google,trend_relative
2025-11-23,로우라이즈,0,google,trend_relative
2025-11-30,로우라이즈,46,google,trend_relative
2025-12-07,로우라이즈,35,google,trend_relative
2025-12-14,로우라이즈,51,google,trend_relative
2025-12-21,로우라이즈,39,google,trend_relative
2025-12-28,로우라이즈,53,google,trend_relative
2026-01-04,로우라이즈,41,google,trend_relative
2026-01-11,로우라이즈,48,google,trend_relative
2026-01-18,로우라이즈,58,google,trend_relative
2026-01-25,로우라이즈,55,google,trend_relative
2026-02-01,로우라이즈,31,google,trend_relative
2026-02-08,로우라이즈,55,google,trend_relative
2026-02-15,로우라이즈,41,google,trend_relative
2026-02-22,로우라이즈,79,google,trend_relative
2026-03-01,로우라이즈,0,google,trend_relative
2026-03-08,로우라이즈,69,google,trend_relative
2026-03-15,로우라이즈,66,google,trend_relative
2026-03-22,로우라이즈,73,google,trend_relative
2026-03-29,로우라이즈,66,google,trend_relative
2026-04-05,로우라이즈,53,google,trend_relative
2026-04-12,로우라이즈,60,google,trend_relative
2026-04-19,로우라이즈,47,google,trend_relative
2026-04-26,로우라이즈,74,google,trend_relative
2026-05-03,로우라이즈,78,google,trend_relative
2026-05-10,로우라이즈,53,google,trend_relative
2026-05-17,로우라이즈,0,google,trend_relative
2026-05-24,로우라이즈,50,google,trend_relative
2026-05-31,로우라이즈,45,google,trend_relative
2026-06-07,로우라이즈,63,google,trend_relative
2026-06-14,로우라이즈,37,google,trend_relative
2026-06-21,로우라이즈,64,google,trend_relative
2026-06-28,로우라이즈,61,google,trend_relative
2026-07-05,로우라이즈,43,google,trend_relative
2026-07-12,로우라이즈,57,google,trend_relative
2026-07-19,로우라이즈,68,google,trend_relative
2026-07-26,로우라이즈,100,google,trend_relative
2026-08-02,로우라이즈,47,google,trend_relative
2026-08-09,로우라이즈,73,google,trend_relative
2026-08-16,로우라이즈,65,google,trend_relative
2026-08-23,로우라이즈,45,google,trend_relative
2026-08-30,로우라이즈,43,google,trend_relative
2026-09-06,로우라이즈,60,google,trend_relative
2026-09-13,로우라이즈,78,google,trend_relative
2025-09-14,롱기장,0,google,trend_relative
2025-09-21,롱기장,49,google,trend_relative
2025-09-28,롱기장,0,google,trend_relative
2025-10-05,롱기장,0,google,trend_relative
2025-10-12,롱기장,0,google,trend_relative
2025-10-19,롱기장,0,google,trend_relative
2025-10-26,롱기장,0,google,trend_relative
2025-11-02,롱기장,0,google,trend_relative
2025-11-09,롱기장,0,google,trend_relative
2025-11-16,롱기장,0,google,trend_relative
2025-11-23,롱기장,0,google,trend_relative
2025-11-30,롱기장,48,google,trend_relative
2025-12-07,롱기장,0,google,trend_relative
2025-12-14,롱기장,0,google,trend_relative
2025-12-21,롱기장,0,google,trend_relative
2025-12-28,롱기장,0,google,trend_relative
2026-01-04,롱기장,0,google,trend_relative
2026-01-11,롱기장,0,google,trend_relative
2026-01-18,롱기장,0,google,trend_relative
2026-01-25,롱기장,0,google,trend_relative
2026-02-01,롱기장,0,google,trend_relative
2026-02-08,롱기장,0,google,trend_relative
2026-02-15,롱기장,0,google,trend_relative
2026-02-22,롱기장,0,google,trend_relative
2026-03-01,롱기장,0,google,trend_relative
2026-03-08,롱기장,0,google,trend_relative
2026-03-15,롱기장,0,google,trend_relative
2026-03-22,롱기장,0,google,trend_relative
2026-03-29,롱기장,0,google,trend_relative
2026-04-05,롱기장,0,google,trend_relative
2026-04-12,롱기장,0,google,trend_relative
2026-04-19,롱기장,0,google,trend_relative
2026-04-26,롱기장,0,google,trend_relative
2026-05-03,롱기장,0,google,trend_relative
2026-05-10,롱기장,0,google,trend_relative
2026-05-17,롱기장,0,google,trend_relative
2026-05-24,롱기장,0,google,trend_relative
2026-05-31,롱기장,0,google,trend_relative
2026-06-07,롱기장,0,google,trend_relative
2026-06-14,롱기장,0,google,trend_relative
2026-06-21,롱기장,0,google,trend_relative
2026-06-28,롱기장,0,google,trend_relative
2026-07-05,롱기장,0,google,trend_relative
2026-07-12,롱기장,0,google,trend_relative
2026-07-19,롱기장,0,google,trend_relative
2026-07-26,롱기장,0,google,trend_relative
2026-08-02,롱기장,0,google,trend_relative
2026-08-09,롱기장,0,google,trend_relative
2026-08-16,롱기장,0,google,trend_relative
2026-08-23,롱기장,0,google,trend_relative
2026-08-30,롱기장,6,google,trend_relative
2026-09-06,롱기장,12,google,trend_relative
2026-09-13,롱기장,0,google,trend_relative
2025-09-14,숏기장,0,google,trend_relative
2025-09-21,숏기장,0,google,trend_relative
2025-09-28,숏기장,0,google,trend_relative
2025-10-05,숏기장,0,google,trend_relative
2025-10-12,숏기장,0,google,trend_relative
2025-10-19,숏기장,0,google,trend_relative
2025-10-26,숏기장,0,google,trend_relative
2025-11-02,숏기장,0,google,trend_relative
2025-11-09,숏기장,49,google,trend_relative
2025-11-16,숏기장,0,google,trend_relative
2025-11-23,숏기장,0,google,trend_relative
2025-11-30,숏기장,0,google,trend_relative
2025-12-07,숏기장,0,google,trend_relative
2025-12-14,숏기장,0,google,trend_relative
2025-12-21,숏기장,0,google,trend_relative
2025-12-28,숏기장,0,google,trend_relative
2026-01-04,숏기장,0,google,trend_relative
2026-01-11,숏기장,0,google,trend_relative
2026-01-18,숏기장,0,google,trend_relative
2026-01-25,숏기장,0,google,trend_relative
2026-02-01,숏기장,0,google,trend_relative
2026-02-08,숏기장,0,google,trend_relative
2026-02-15,숏기장,0,google,trend_relative
2026-02-22,숏기장,0,google,trend_relative
2026-03-01,숏기장,0,google,trend_relative
2026-03-08,숏기장,0,google,trend_relative
2026-03-15,숏기장,0,google,trend_relative
2026-03-22,숏기장,0,google,trend_relative
2026-03-29,숏기장,0,google,trend_relative
2026-04-05,숏기장,0,google,trend_relative
2026-04-12,숏기장,0,google,trend_relative
2026-04-19,숏기장,0,google,trend_relative
2026-04-26,숏기장,0,google,trend_relative
2026-05-03,숏기장,0,google,trend_relative
2026-05-10,숏기장,0,google,trend_relative
2026-05-17,숏기장,0,google,trend_relative
2026-05-24,숏기장,0,google,trend_relative
2026-05-31,숏기장,0,google,trend_relative
2026-06-07,숏기장,0,google,trend_relative
2026-06-14,숏기장,0,google,trend_relative
2026-06-21,숏기장,0,google,trend_relative
2026-06-28,숏기장,0,google,trend_relative
2026-07-05,숏기장,0,google,trend_relative
2026-07-12,숏기장,0,google,trend_relative
2026-07-19,숏기장,0,google,trend_relative
2026-07-26,숏기장,0,google,trend_relative
2026-08-02,숏기장,0,google,trend_relative
2026-08-09,숏기장,0,google,trend_relative
2026-08-16,숏기장,0,google,trend_relative
2026-08-23,숏기장,0,google,trend_relative
2026-08-30,숏기장,4,google,trend_relative
2026-09-06,숏기장,6,google,trend_relative
2026-09-13,숏기장,0,google,trend_relative
2025-09-14,미디기장,0,google,trend_relative
2025-09-21,미디기장,0,google,trend_relative
2025-09-28,미디기장,0,google,trend_relative
2025-10-05,미디기장,0,google,trend_relative
2025-10-12,미디기장,0,google,trend_relative
2025-10-19,미디기장,0,google,trend_relative
2025-10-26,미디기장,0,google,trend_relative
2025-11-02,미디기장,0,google,trend_relative
2025-11-09,미디기장,0,google,trend_relative
2025-11-16,미디기장,53,google,trend_relative
2025-11-23,미디기장,0,google,trend_relative
2025-11-30,미디기장,0,google,trend_relative
2025-12-07,미디기장,0,google,trend_relative
2025-12-14,미디기장,0,google,trend_relative
2025-12-21,미디기장,0,google,trend_relative
2025-12-28,미디기장,0,google,trend_relative
2026-01-04,미디기장,0,google,trend_relative
2026-01-11,미디기장,0,google,trend_relative
2026-01-18,미디기장,0,google,trend_relative
2026-01-25,미디기장,0,google,trend_relative
2026-02-01,미디기장,0,google,trend_relative
2026-02-08,미디기장,0,google,trend_relative
2026-02-15,미디기장,0,google,trend_relative
2026-02-22,미디기장,66,google,trend_relative
2026-03-01,미디기장,0,google,trend_relative
2026-03-08,미디기장,0,google,trend_relative
2026-03-15,미디기장,0,google,trend_relative
2026-03-22,미디기장,0,google,trend_relative
2026-03-29,미디기장,45,google,trend_relative
2026-04-05,미디기장,0,google,trend_relative
2026-04-12,미디기장,0,google,trend_relative
2026-04-19,미디기장,0,google,trend_relative
2026-04-26,미디기장,0,google,trend_relative
2026-05-03,미디기장,0,google,trend_relative
2026-05-10,미디기장,0,google,trend_relative
2026-05-17,미디기장,0,google,trend_relative
2026-05-24,미디기장,0,google,trend_relative
2026-05-31,미디기장,0,google,trend_relative
2026-06-07,미디기장,0,google,trend_relative
2026-06-14,미디기장,0,google,trend_relative
2026-06-21,미디기장,0,google,trend_relative
2026-06-28,미디기장,0,google,trend_relative
2026-07-05,미디기장,0,google,trend_relative
2026-07-12,미디기장,0,google,trend_relative
2026-07-19,미디기장,0,google,trend_relative
2026-07-26,미디기장,0,google,trend_relative
2026-08-02,미디기장,0,google,trend_relative
2026-08-09,미디기장,0,google,trend_relative
2026-08-16,미디기장,0,google,trend_relative
2026-08-23,미디기장,0,google,trend_relative
2026-08-30,미디기장,0,google,trend_relative
2026-09-06,미디기장,0,google,trend_relative
2026-09-13,미디기장,0,google,trend_relative
2025-09-14,미드라이즈,0,google,trend_relative
2025-09-21,미드라이즈,0,google,trend_relative
2025-09-28,미드라이즈,0,google,trend_relative
2025-10-05,미드라이즈,0,google,trend_relative
2025-10-12,미드라이즈,0,google,trend_relative
2025-10-19,미드라이즈,0,google,trend_relative
2025-10-26,미드라이즈,0,google,trend_relative
2025-11-02,미드라이즈,0,google,trend_relative
2025-11-09,미드라이즈,0,google,trend_relative
2025-11-16,미드라이즈,0,google,trend_relative
2025-11-23,미드라이즈,0,google,trend_relative
2025-11-30,미드라이즈,0,google,trend_relative
2025-12-07,미드라이즈,0,google,trend_relative
2025-12-14,미드라이즈,0,google,trend_relative
2025-12-21,미드라이즈,0,google,trend_relative
2025-12-28,미드라이즈,0,google,trend_relative
2026-01-04,미드라이즈,0,google,trend_relative
2026-01-11,미드라이즈,0,google,trend_relative
2026-01-18,미드라이즈,0,google,trend_relative
2026-01-25,미드라이즈,0,google,trend_relative
2026-02-01,미드라이즈,0,google,trend_relative
2026-02-08,미드라이즈,0,google,trend_relative
2026-02-15,미드라이즈,0,google,trend_relative
2026-02-22,미드라이즈,0,google,trend_relative
2026-03-01,미드라이즈,0,google,trend_relative
2026-03-08,미드라이즈,0,google,trend_relative
2026-03-15,미드라이즈,0,google,trend_relative
2026-03-22,미드라이즈,0,google,trend_relative
2026-03-29,미드라이즈,0,google,trend_relative
2026-04-05,미드라이즈,0,google,trend_relative
2026-04-12,미드라이즈,0,google,trend_relative
2026-04-19,미드라이즈,0,google,trend_relative
2026-04-26,미드라이즈,0,google,trend_relative
2026-05-03,미드라이즈,0,google,trend_relative
2026-05-10,미드라이즈,0,google,trend_relative
2026-05-17,미드라이즈,0,google,trend_relative
2026-05-24,미드라이즈,0,google,trend_relative
2026-05-31,미드라이즈,0,google,trend_relative
2026-06-07,미드라이즈,0,google,trend_relative
2026-06-14,미드라이즈,43,google,trend_relative
2026-06-21,미드라이즈,0,google,trend_relative
2026-06-28,미드라이즈,0,google,trend_relative
2026-07-05,미드라이즈,0,google,trend_relative
2026-07-12,미드라이즈,0,google,trend_relative
2026-07-19,미드라이즈,0,google,trend_relative
2026-07-26,미드라이즈,0,google,trend_relative
2026-08-02,미드라이즈,0,google,trend_relative
2026-08-09,미드라이즈,0,google,trend_relative
2026-08-16,미드라이즈,49,google,trend_relative
2026-08-23,미드라이즈,0,google,trend_relative
2026-08-30,미드라이즈,13,google,trend_relative
2026-09-06,미드라이즈,19,google,trend_relative
2026-09-13,미드라이즈,24,google,trend_relative
2025-09-14,하이웨스트,50,google,trend_relative
2025-09-21,하이웨스트,47,google,trend_relative
2025-09-28,하이웨스트,0,google,trend_relative
2025-10-05,하이웨스트,91,google,trend_relative
2025-10-12,하이웨스트,53,google,trend_relative
2025-10-19,하이웨스트,0,google,trend_relative
2025-10-26,하이웨스트,69,google,trend_relative
2025-11-02,하이웨스트,50,google,trend_relative
2025-11-09,하이웨스트,58,google,trend_relative
2025-11-16,하이웨스트,0,google,trend_relative
2025-11-23,하이웨스트,0,google,trend_relative
2025-11-30,하이웨스트,0,google,trend_relative
2025-12-07,하이웨스트,0,google,trend_relative
2025-12-14,하이웨스트,0,google,trend_relative
2025-12-21,하이웨스트,52,google,trend_relative
2025-12-28,하이웨스트,100,google,trend_relative
2026-01-04,하이웨스트,55,google,trend_relative
2026-01-11,하이웨스트,50,google,trend_relative
2026-01-18,하이웨스트,0,google,trend_relative
2026-01-25,하이웨스트,0,google,trend_relative
2026-02-01,하이웨스트,47,google,trend_relative
2026-02-08,하이웨스트,68,google,trend_relative
2026-02-15,하이웨스트,89,google,trend_relative
2026-02-22,하이웨스트,0,google,trend_relative
2026-03-01,하이웨스트,52,google,trend_relative
2026-03-08,하이웨스트,55,google,trend_relative
2026-03-15,하이웨스트,0,google,trend_relative
2026-03-22,하이웨스트,68,google,trend_relative
2026-03-29,하이웨스트,50,google,trend_relative
2026-04-05,하이웨스트,71,google,trend_relative
2026-04-12,하이웨스트,81,google,trend_relative
2026-04-19,하이웨스트,47,google,trend_relative
2026-04-26,하이웨스트,49,google,trend_relative
2026-05-03,하이웨스트,56,google,trend_relative
2026-05-10,하이웨스트,71,google,trend_relative
2026-05-17,하이웨스트,47,google,trend_relative
2026-05-24,하이웨스트,66,google,trend_relative
2026-05-31,하이웨스트,77,google,trend_relative
2026-06-07,하이웨스트,59,google,trend_relative
2026-06-14,하이웨스트,0,google,trend_relative
2026-06-21,하이웨스트,0,google,trend_relative
2026-06-28,하이웨스트,0,google,trend_relative
2026-07-05,하이웨스트,45,google,trend_relative
2026-07-12,하이웨스트,41,google,trend_relative
2026-07-19,하이웨스트,0,google,trend_relative
2026-07-26,하이웨스트,47,google,trend_relative
2026-08-02,하이웨스트,0,google,trend_relative
2026-08-09,하이웨스트,49,google,trend_relative
2026-08-16,하이웨스트,0,google,trend_relative
2026-08-23,하이웨스트,92,google,trend_relative
2026-08-30,하이웨스트,35,google,trend_relative
2026-09-06,하이웨스트,46,google,trend_relative
2026-09-13,하이웨스트,60,google,trend_relative
2025-09-14,밴딩허리,0,google,trend_relative
2025-09-21,밴딩허리,0,google,trend_relative
2025-09-28,밴딩허리,0,google,trend_relative
2025-10-05,밴딩허리,0,google,trend_relative
2025-10-12,밴딩허리,0,google,trend_relative
2025-10-19,밴딩허리,0,google,trend_relative
2025-10-26,밴딩허리,0,google,trend_relative
2025-11-02,밴딩허리,0,google,trend_relative
2025-11-09,밴딩허리,0,google,trend_relative
2025-11-16,밴딩허리,0,google,trend_relative
2025-11-23,밴딩허리,0,google,trend_relative
2025-11-30,밴딩허리,0,google,trend_relative
2025-12-07,밴딩허리,0,google,trend_relative
2025-12-14,밴딩허리,0,google,trend_relative
2025-12-21,밴딩허리,0,google,trend_relative
2025-12-28,밴딩허리,0,google,trend_relative
2026-01-04,밴딩허리,0,google,trend_relative
2026-01-11,밴딩허리,0,google,trend_relative
2026-01-18,밴딩허리,0,google,trend_relative
2026-01-25,밴딩허리,0,google,trend_relative
2026-02-01,밴딩허리,0,google,trend_relative
2026-02-08,밴딩허리,0,google,trend_relative
2026-02-15,밴딩허리,0,google,trend_relative
2026-02-22,밴딩허리,0,google,trend_relative
2026-03-01,밴딩허리,0,google,trend_relative
2026-03-08,밴딩허리,0,google,trend_relative
2026-03-15,밴딩허리,0,google,trend_relative
2026-03-22,밴딩허리,0,google,trend_relative
2026-03-29,밴딩허리,0,google,trend_relative
2026-04-05,밴딩허리,0,google,trend_relative
2026-04-12,밴딩허리,0,google,trend_relative
2026-04-19,밴딩허리,0,google,trend_relative
2026-04-26,밴딩허리,0,google,trend_relative
2026-05-03,밴딩허리,0,google,trend_relative
2026-05-10,밴딩허리,0,google,trend_relative
2026-05-17,밴딩허리,0,google,trend_relative
2026-05-24,밴딩허리,0,google,trend_relative
2026-05-31,밴딩허리,0,google,trend_relative
2026-06-07,밴딩허리,0,google,trend_relative
2026-06-14,밴딩허리,0,google,trend_relative
2026-06-21,밴딩허리,0,google,trend_relative
2026-06-28,밴딩허리,0,google,trend_relative
2026-07-05,밴딩허리,0,google,trend_relative
2026-07-12,밴딩허리,0,google,trend_relative
2026-07-19,밴딩허리,0,google,trend_relative
2026-07-26,밴딩허리,0,google,trend_relative
2026-08-02,밴딩허리,0,google,trend_relative
2026-08-09,밴딩허리,0,google,trend_relative
2026-08-16,밴딩허리,0,google,trend_relative
2026-08-23,밴딩허리,0,google,trend_relative
2026-08-30,밴딩허리,0,google,trend_relative
2026-09-06,밴딩허리,0,google,trend_relative
2026-09-13,밴딩허리,0,google,trend_relative
2025-09-14,커브드,2,google,trend_relative
2025-09-21,커브드,2,google,trend_relative
2025-09-28,커브드,2,google,trend_relative
2025-10-05,커브드,1,google,trend_relative
2025-10-12,커브드,2,google,trend_relative
2025-10-19,커브드,2,google,trend_relative
2025-10-26,커브드,2,google,trend_relative
2025-11-02,커브드,2,google,trend_relative
2025-11-09,커브드,2,google,trend_relative
2025-11-16,커브드,2,google,trend_relative
2025-11-23,커브드,3,google,trend_relative
2025-11-30,커브드,2,google,trend_relative
2025-12-07,커브드,2,google,trend_relative
2025-12-14,커브드,2,google,trend_relative
2025-12-21,커브드,2,google,trend_relative
2025-12-28,커브드,2,google,trend_relative
2026-01-04,커브드,2,google,trend_relative
2026-01-11,커브드,2,google,trend_relative
2026-01-18,커브드,2,google,trend_relative
2026-01-25,커브드,2,google,trend_relative
2026-02-01,커브드,2,google,trend_relative
2026-02-08,커브드,1,google,trend_relative
2026-02-15,커브드,3,google,trend_relative
2026-02-22,커브드,2,google,trend_relative
2026-03-01,커브드,2,google,trend_relative
2026-03-08,커브드,2,google,trend_relative
2026-03-15,커브드,2,google,trend_relative
2026-03-22,커브드,2,google,trend_relative
2026-03-29,커브드,2,google,trend_relative
2026-04-05,커브드,2,google,trend_relative
2026-04-12,커브드,2,google,trend_relative
2026-04-19,커브드,2,google,trend_relative
2026-04-26,커브드,1,google,trend_relative
2026-05-03,커브드,2,google,trend_relative
2026-05-10,커브드,2,google,trend_relative
2026-05-17,커브드,2,google,trend_relative
2026-05-24,커브드,2,google,trend_relative
2026-05-31,커브드,2,google,trend_relative
2026-06-07,커브드,2,google,trend_relative
2026-06-14,커브드,2,google,trend_relative
2026-06-21,커브드,2,google,trend_relative
2026-06-28,커브드,2,google,trend_relative
2026-07-05,커브드,1,google,trend_relative
2026-07-12,커브드,2,google,trend_relative
2026-07-19,커브드,2,google,trend_relative
2026-07-26,커브드,2,google,trend_relative
2026-08-02,커브드,1,google,trend_relative
2026-08-09,커브드,1,google,trend_relative
2026-08-16,커브드,2,google,trend_relative
2026-08-23,커브드,2,google,trend_relative
2026-08-30,커브드,1,google,trend_relative
2026-09-06,커브드,2,google,trend_relative
2026-09-13,커브드,2,google,trend_relative
2025-09-14,스트라이프,4,google,trend_relative
2025-09-21,스트라이프,4,google,trend_relative
2025-09-28,스트라이프,4,google,trend_relative
2025-10-05,스트라이프,5,google,trend_relative
2025-10-12,스트라이프,4,google,trend_relative
2025-10-19,스트라이프,3,google,trend_relative
2025-10-26,스트라이프,4,google,trend_relative
2025-11-02,스트라이프,4,google,trend_relative
2025-11-09,스트라이프,4,google,trend_relative
2025-11-16,스트라이프,3,google,trend_relative
2025-11-23,스트라이프,3,google,trend_relative
2025-11-30,스트라이프,2,google,trend_relative
2025-12-07,스트라이프,3,google,trend_relative
2025-12-14,스트라이프,3,google,trend_relative
2025-12-21,스트라이프,3,google,trend_relative
2025-12-28,스트라이프,3,google,trend_relative
2026-01-04,스트라이프,3,google,trend_relative
2026-01-11,스트라이프,3,google,trend_relative
2026-01-18,스트라이프,4,google,trend_relative
2026-01-25,스트라이프,3,google,trend_relative
2026-02-01,스트라이프,4,google,trend_relative
2026-02-08,스트라이프,5,google,trend_relative
2026-02-15,스트라이프,5,google,trend_relative
2026-02-22,스트라이프,3,google,trend_relative
2026-03-01,스트라이프,3,google,trend_relative
2026-03-08,스트라이프,3,google,trend_relative
2026-03-15,스트라이프,4,google,trend_relative
2026-03-22,스트라이프,4,google,trend_relative
2026-03-29,스트라이프,5,google,trend_relative
2026-04-05,스트라이프,5,google,trend_relative
2026-04-12,스트라이프,4,google,trend_relative
2026-04-19,스트라이프,4,google,trend_relative
2026-04-26,스트라이프,4,google,trend_relative
2026-05-03,스트라이프,5,google,trend_relative
2026-05-10,스트라이프,5,google,trend_relative
2026-05-17,스트라이프,5,google,trend_relative
2026-05-24,스트라이프,3,google,trend_relative
2026-05-31,스트라이프,5,google,trend_relative
2026-06-07,스트라이프,4,google,trend_relative
2026-06-14,스트라이프,4,google,trend_relative
2026-06-21,스트라이프,5,google,trend_relative
2026-06-28,스트라이프,4,google,trend_relative
2026-07-05,스트라이프,4,google,trend_relative
2026-07-12,스트라이프,4,google,trend_relative
2026-07-19,스트라이프,4,google,trend_relative
2026-07-26,스트라이프,3,google,trend_relative
2026-08-02,스트라이프,3,google,trend_relative
2026-08-09,스트라이프,3,google,trend_relative
2026-08-16,스트라이프,4,google,trend_relative
2026-08-23,스트라이프,3,google,trend_relative
2026-08-30,스트라이프,3,google,trend_relative
2026-09-06,스트라이프,4,google,trend_relative
2026-09-13,스트라이프,4,google,trend_relative
2025-09-14,핀스트라이프,0,google,trend_relative
2025-09-21,핀스트라이프,0,google,trend_relative
2025-09-28,핀스트라이프,0,google,trend_relative
2025-10-05,핀스트라이프,0,google,trend_relative
2025-10-12,핀스트라이프,0,google,trend_relative
2025-10-19,핀스트라이프,0,google,trend_relative
2025-10-26,핀스트라이프,0,google,trend_relative
2025-11-02,핀스트라이프,0,google,trend_relative
2025-11-09,핀스트라이프,0,google,trend_relative
2025-11-16,핀스트라이프,0,google,trend_relative
2025-11-23,핀스트라이프,0,google,trend_relative
2025-11-30,핀스트라이프,0,google,trend_relative
2025-12-07,핀스트라이프,0,google,trend_relative
2025-12-14,핀스트라이프,0,google,trend_relative
2025-12-21,핀스트라이프,0,google,trend_relative
2025-12-28,핀스트라이프,0,google,trend_relative
2026-01-04,핀스트라이프,0,google,trend_relative
2026-01-11,핀스트라이프,0,google,trend_relative
2026-01-18,핀스트라이프,0,google,trend_relative
2026-01-25,핀스트라이프,0,google,trend_relative
2026-02-01,핀스트라이프,0,google,trend_relative
2026-02-08,핀스트라이프,0,google,trend_relative
2026-02-15,핀스트라이프,0,google,trend_relative
2026-02-22,핀스트라이프,0,google,trend_relative
2026-03-01,핀스트라이프,0,google,trend_relative
2026-03-08,핀스트라이프,0,google,trend_relative
2026-03-15,핀스트라이프,0,google,trend_relative
2026-03-22,핀스트라이프,0,google,trend_relative
2026-03-29,핀스트라이프,0,google,trend_relative
2026-04-05,핀스트라이프,0,google,trend_relative
2026-04-12,핀스트라이프,0,google,trend_relative
2026-04-19,핀스트라이프,0,google,trend_relative
2026-04-26,핀스트라이프,0,google,trend_relative
2026-05-03,핀스트라이프,0,google,trend_relative
2026-05-10,핀스트라이프,0,google,trend_relative
2026-05-17,핀스트라이프,0,google,trend_relative
2026-05-24,핀스트라이프,0,google,trend_relative
2026-05-31,핀스트라이프,0,google,trend_relative
2026-06-07,핀스트라이프,0,google,trend_relative
2026-06-14,핀스트라이프,0,google,trend_relative
2026-06-21,핀스트라이프,0,google,trend_relative
2026-06-28,핀스트라이프,0,google,trend_relative
2026-07-05,핀스트라이프,0,google,trend_relative
2026-07-12,핀스트라이프,0,google,trend_relative
2026-07-19,핀스트라이프,0,google,trend_relative
2026-07-26,핀스트라이프,0,google,trend_relative
2026-08-02,핀스트라이프,0,google,trend_relative
2026-08-09,핀스트라이프,0,google,trend_relative
2026-08-16,핀스트라이프,0,google,trend_relative
2026-08-23,핀스트라이프,0,google,trend_relative
2026-08-30,핀스트라이프,0,google,trend_relative
2026-09-06,핀스트라이프,0,google,trend_relative
2026-09-13,핀스트라이프,0,google,trend_relative
2025-09-14,체크,82,google,trend_relative
2025-09-21,체크,84,google,trend_relative
2025-09-28,체크,81,google,trend_relative
2025-10-05,체크,65,google,trend_relative
2025-10-12,체크,79,google,trend_relative
2025-10-19,체크,80,google,trend_relative
2025-10-26,체크,82,google,trend_relative
2025-11-02,체크,83,google,trend_relative
2025-11-09,체크,95,google,trend_relative
2025-11-16,체크,84,google,trend_relative
2025-11-23,체크,84,google,trend_relative
2025-11-30,체크,100,google,trend_relative
2025-12-07,체크,86,google,trend_relative
2025-12-14,체크,85,google,trend_relative
2025-12-21,체크,83,google,trend_relative
2025-12-28,체크,90,google,trend_relative
2026-01-04,체크,95,google,trend_relative
2026-01-11,체크,94,google,trend_relative
2026-01-18,체크,97,google,trend_relative
2026-01-25,체크,92,google,trend_relative
2026-02-01,체크,97,google,trend_relative
2026-02-08,체크,88,google,trend_relative
2026-02-15,체크,74,google,trend_relative
2026-02-22,체크,95,google,trend_relative
2026-03-01,체크,92,google,trend_relative
2026-03-08,체크,86,google,trend_relative
2026-03-15,체크,87,google,trend_relative
2026-03-22,체크,84,google,trend_relative
2026-03-29,체크,82,google,trend_relative
2026-04-05,체크,71,google,trend_relative
2026-04-12,체크,73,google,trend_relative
2026-04-19,체크,69,google,trend_relative
2026-04-26,체크,75,google,trend_relative
2026-05-03,체크,100,google,trend_relative
2026-05-10,체크,84,google,trend_relative
2026-05-17,체크,77,google,trend_relative
2026-05-24,체크,80,google,trend_relative
2026-05-31,체크,79,google,trend_relative
2026-06-07,체크,79,google,trend_relative
2026-06-14,체크,76,google,trend_relative
2026-06-21,체크,76,google,trend_relative
2026-06-28,체크,84,google,trend_relative
2026-07-05,체크,75,google,trend_relative
2026-07-12,체크,69,google,trend_relative
2026-07-19,체크,78,google,trend_relative
2026-07-26,체크,70,google,trend_relative
2026-08-02,체크,63,google,trend_relative
2026-08-09,체크,65,google,trend_relative
2026-08-16,체크,66,google,trend_relative
2026-08-23,체크,70,google,trend_relative
2026-08-30,체크,69,google,trend_relative
2026-09-06,체크,71,google,trend_relative
2026-09-13,체크,61,google,trend_relative
2025-09-14,깅엄체크,0,google,trend_relative
2025-09-21,깅엄체크,0,google,trend_relative
2025-09-28,깅엄체크,0,google,trend_relative
2025-10-05,깅엄체크,0,google,trend_relative
2025-10-12,깅엄체크,0,google,trend_relative
2025-10-19,깅엄체크,0,google,trend_relative
2025-10-26,깅엄체크,0,google,trend_relative
2025-11-02,깅엄체크,0,google,trend_relative
2025-11-09,깅엄체크,0,google,trend_relative
2025-11-16,깅엄체크,0,google,trend_relative
2025-11-23,깅엄체크,0,google,trend_relative
2025-11-30,깅엄체크,0,google,trend_relative
2025-12-07,깅엄체크,0,google,trend_relative
2025-12-14,깅엄체크,0,google,trend_relative
2025-12-21,깅엄체크,0,google,trend_relative
2025-12-28,깅엄체크,0,google,trend_relative
2026-01-04,깅엄체크,0,google,trend_relative
2026-01-11,깅엄체크,0,google,trend_relative
2026-01-18,깅엄체크,0,google,trend_relative
2026-01-25,깅엄체크,0,google,trend_relative
2026-02-01,깅엄체크,0,google,trend_relative
2026-02-08,깅엄체크,0,google,trend_relative
2026-02-15,깅엄체크,0,google,trend_relative
2026-02-22,깅엄체크,0,google,trend_relative
2026-03-01,깅엄체크,0,google,trend_relative
2026-03-08,깅엄체크,0,google,trend_relative
2026-03-15,깅엄체크,0,google,trend_relative
2026-03-22,깅엄체크,0,google,trend_relative
2026-03-29,깅엄체크,54,google,trend_relative
2026-04-05,깅엄체크,0,google,trend_relative
2026-04-12,깅엄체크,0,google,trend_relative
2026-04-19,깅엄체크,0,google,trend_relative
2026-04-26,깅엄체크,0,google,trend_relative
2026-05-03,깅엄체크,0,google,trend_relative
2026-05-10,깅엄체크,53,google,trend_relative
2026-05-17,깅엄체크,0,google,trend_relative
2026-05-24,깅엄체크,0,google,trend_relative
2026-05-31,깅엄체크,0,google,trend_relative
2026-06-07,깅엄체크,0,google,trend_relative
2026-06-14,깅엄체크,0,google,trend_relative
2026-06-21,깅엄체크,0,google,trend_relative
2026-06-28,깅엄체크,45,google,trend_relative
2026-07-05,깅엄체크,0,google,trend_relative
2026-07-12,깅엄체크,0,google,trend_relative
2026-07-19,깅엄체크,0,google,trend_relative
2026-07-26,깅엄체크,0,google,trend_relative
2026-08-02,깅엄체크,0,google,trend_relative
2026-08-09,깅엄체크,0,google,trend_relative
2026-08-16,깅엄체크,0,google,trend_relative
2026-08-23,깅엄체크,0,google,trend_relative
2026-08-30,깅엄체크,9,google,trend_relative
2026-09-06,깅엄체크,13,google,trend_relative
2026-09-13,깅엄체크,0,google,trend_relative
2025-09-14,타탄체크,0,google,trend_relative
2025-09-21,타탄체크,0,google,trend_relative
2025-09-28,타탄체크,0,google,trend_relative
2025-10-05,타탄체크,0,google,trend_relative
2025-10-12,타탄체크,0,google,trend_relative
2025-10-19,타탄체크,0,google,trend_relative
2025-10-26,타탄체크,0,google,trend_relative
2025-11-02,타탄체크,0,google,trend_relative
2025-11-09,타탄체크,0,google,trend_relative
2025-11-16,타탄체크,0,google,trend_relative
2025-11-23,타탄체크,0,google,trend_relative
2025-11-30,타탄체크,0,google,trend_relative
2025-12-07,타탄체크,0,google,trend_relative
2025-12-14,타탄체크,0,google,trend_relative
2025-12-21,타탄체크,0,google,trend_relative
2025-12-28,타탄체크,0,google,trend_relative
2026-01-04,타탄체크,0,google,trend_relative
2026-01-11,타탄체크,0,google,trend_relative
2026-01-18,타탄체크,0,google,trend_relative
2026-01-25,타탄체크,0,google,trend_relative
2026-02-01,타탄체크,0,google,trend_relative
2026-02-08,타탄체크,0,google,trend_relative
2026-02-15,타탄체크,0,google,trend_relative
2026-02-22,타탄체크,0,google,trend_relative
2026-03-01,타탄체크,0,google,trend_relative
2026-03-08,타탄체크,0,google,trend_relative
2026-03-15,타탄체크,0,google,trend_relative
2026-03-22,타탄체크,0,google,trend_relative
2026-03-29,타탄체크,0,google,trend_relative
2026-04-05,타탄체크,0,google,trend_relative
2026-04-12,타탄체크,0,google,trend_relative
2026-04-19,타탄체크,0,google,trend_relative
2026-04-26,타탄체크,0,google,trend_relative
2026-05-03,타탄체크,0,google,trend_relative
2026-05-10,타탄체크,0,google,trend_relative
2026-05-17,타탄체크,0,google,trend_relative
2026-05-24,타탄체크,0,google,trend_relative
2026-05-31,타탄체크,0,google,trend_relative
2026-06-07,타탄체크,0,google,trend_relative
2026-06-14,타탄체크,0,google,trend_relative
2026-06-21,타탄체크,0,google,trend_relative
2026-06-28,타탄체크,0,google,trend_relative
2026-07-05,타탄체크,0,google,trend_relative
2026-07-12,타탄체크,0,google,trend_relative
2026-07-19,타탄체크,0,google,trend_relative
2026-07-26,타탄체크,0,google,trend_relative
2026-08-02,타탄체크,0,google,trend_relative
2026-08-09,타탄체크,0,google,trend_relative
2026-08-16,타탄체크,0,google,trend_relative
2026-08-23,타탄체크,0,google,trend_relative
2026-08-30,타탄체크,11,google,trend_relative
2026-09-06,타탄체크,12,google,trend_relative
2026-09-13,타탄체크,0,google,trend_relative
2025-09-14,글렌체크,0,google,trend_relative
2025-09-21,글렌체크,66,google,trend_relative
2025-09-28,글렌체크,63,google,trend_relative
2025-10-05,글렌체크,0,google,trend_relative
2025-10-12,글렌체크,0,google,trend_relative
2025-10-19,글렌체크,50,google,trend_relative
2025-10-26,글렌체크,59,google,trend_relative
2025-11-02,글렌체크,0,google,trend_relative
2025-11-09,글렌체크,0,google,trend_relative
2025-11-16,글렌체크,0,google,trend_relative
2025-11-23,글렌체크,0,google,trend_relative
2025-11-30,글렌체크,0,google,trend_relative
2025-12-07,글렌체크,0,google,trend_relative
2025-12-14,글렌체크,0,google,trend_relative
2025-12-21,글렌체크,0,google,trend_relative
2025-12-28,글렌체크,74,google,trend_relative
2026-01-04,글렌체크,0,google,trend_relative
2026-01-11,글렌체크,0,google,trend_relative
2026-01-18,글렌체크,0,google,trend_relative
2026-01-25,글렌체크,0,google,trend_relative
2026-02-01,글렌체크,0,google,trend_relative
2026-02-08,글렌체크,0,google,trend_relative
2026-02-15,글렌체크,46,google,trend_relative
2026-02-22,글렌체크,0,google,trend_relative
2026-03-01,글렌체크,0,google,trend_relative
2026-03-08,글렌체크,0,google,trend_relative
2026-03-15,글렌체크,0,google,trend_relative
2026-03-22,글렌체크,0,google,trend_relative
2026-03-29,글렌체크,0,google,trend_relative
2026-04-05,글렌체크,0,google,trend_relative
2026-04-12,글렌체크,0,google,trend_relative
2026-04-19,글렌체크,0,google,trend_relative
2026-04-26,글렌체크,0,google,trend_relative
2026-05-03,글렌체크,0,google,trend_relative
2026-05-10,글렌체크,0,google,trend_relative
2026-05-17,글렌체크,0,google,trend_relative
2026-05-24,글렌체크,0,google,trend_relative
2026-05-31,글렌체크,0,google,trend_relative
2026-06-07,글렌체크,0,google,trend_relative
2026-06-14,글렌체크,0,google,trend_relative
2026-06-21,글렌체크,0,google,trend_relative
2026-06-28,글렌체크,0,google,trend_relative
2026-07-05,글렌체크,0,google,trend_relative
2026-07-12,글렌체크,0,google,trend_relative
2026-07-19,글렌체크,0,google,trend_relative
2026-07-26,글렌체크,0,google,trend_relative
2026-08-02,글렌체크,0,google,trend_relative
2026-08-09,글렌체크,0,google,trend_relative
2026-08-16,글렌체크,0,google,trend_relative
2026-08-23,글렌체크,0,google,trend_relative
2026-08-30,글렌체크,16,google,trend_relative
2026-09-06,글렌체크,23,google,trend_relative
2026-09-13,글렌체크,0,google,trend_relative
2025-09-14,하운드투스,0,google,trend_relative
2025-09-21,하운드투스,0,google,trend_relative
2025-09-28,하운드투스,0,google,trend_relative
2025-10-05,하운드투스,0,google,trend_relative
2025-10-12,하운드투스,0,google,trend_relative
2025-10-19,하운드투스,0,google,trend_relative
2025-10-26,하운드투스,0,google,trend_relative
2025-11-02,하운드투스,0,google,trend_relative
2025-11-09,하운드투스,0,google,trend_relative
2025-11-16,하운드투스,0,google,trend_relative
2025-11-23,하운드투스,0,google,trend_relative
2025-11-30,하운드투스,0,google,trend_relative
2025-12-07,하운드투스,0,google,trend_relative
2025-12-14,하운드투스,0,google,trend_relative
2025-12-21,하운드투스,0,google,trend_relative
2025-12-28,하운드투스,0,google,trend_relative
2026-01-04,하운드투스,0,google,trend_relative
2026-01-11,하운드투스,0,google,trend_relative
2026-01-18,하운드투스,0,google,trend_relative
2026-01-25,하운드투스,0,google,trend_relative
2026-02-01,하운드투스,0,google,trend_relative
2026-02-08,하운드투스,0,google,trend_relative
2026-02-15,하운드투스,0,google,trend_relative
2026-02-22,하운드투스,0,google,trend_relative
2026-03-01,하운드투스,0,google,trend_relative
2026-03-08,하운드투스,0,google,trend_relative
2026-03-15,하운드투스,0,google,trend_relative
2026-03-22,하운드투스,0,google,trend_relative
2026-03-29,하운드투스,0,google,trend_relative
2026-04-05,하운드투스,0,google,trend_relative
2026-04-12,하운드투스,0,google,trend_relative
2026-04-19,하운드투스,0,google,trend_relative
2026-04-26,하운드투스,0,google,trend_relative
2026-05-03,하운드투스,0,google,trend_relative
2026-05-10,하운드투스,0,google,trend_relative
2026-05-17,하운드투스,0,google,trend_relative
2026-05-24,하운드투스,0,google,trend_relative
2026-05-31,하운드투스,0,google,trend_relative
2026-06-07,하운드투스,0,google,trend_relative
2026-06-14,하운드투스,0,google,trend_relative
2026-06-21,하운드투스,0,google,trend_relative
2026-06-28,하운드투스,0,google,trend_relative
2026-07-05,하운드투스,0,google,trend_relative
2026-07-12,하운드투스,0,google,trend_relative
2026-07-19,하운드투스,0,google,trend_relative
2026-07-26,하운드투스,0,google,trend_relative
2026-08-02,하운드투스,0,google,trend_relative
2026-08-09,하운드투스,0,google,trend_relative
2026-08-16,하운드투스,0,google,trend_relative
2026-08-23,하운드투스,0,google,trend_relative
2026-08-30,하운드투스,15,google,trend_relative
2026-09-06,하운드투스,8,google,trend_relative
2026-09-13,하운드투스,0,google,trend_relative
2025-09-14,아가일,73,google,trend_relative
2025-09-21,아가일,0,google,trend_relative
2025-09-28,아가일,61,google,trend_relative
2025-10-05,아가일,71,google,trend_relative
2025-10-12,아가일,64,google,trend_relative
2025-10-19,아가일,54,google,trend_relative
2025-10-26,아가일,93,google,trend_relative
2025-11-02,아가일,63,google,trend_relative
2025-11-09,아가일,60,google,trend_relative
2025-11-16,아가일,98,google,trend_relative
2025-11-23,아가일,92,google,trend_relative
2025-11-30,아가일,66,google,trend_relative
2025-12-07,아가일,84,google,trend_relative
2025-12-14,아가일,61,google,trend_relative
2025-12-21,아가일,100,google,trend_relative
2025-12-28,아가일,0,google,trend_relative
2026-01-04,아가일,0,google,trend_relative
2026-01-11,아가일,0,google,trend_relative
2026-01-18,아가일,53,google,trend_relative
2026-01-25,아가일,80,google,trend_relative
2026-02-01,아가일,85,google,trend_relative
2026-02-08,아가일,66,google,trend_relative
2026-02-15,아가일,45,google,trend_relative
2026-02-22,아가일,0,google,trend_relative
2026-03-01,아가일,0,google,trend_relative
2026-03-08,아가일,0,google,trend_relative
2026-03-15,아가일,0,google,trend_relative
2026-03-22,아가일,0,google,trend_relative
2026-03-29,아가일,0,google,trend_relative
2026-04-05,아가일,0,google,trend_relative
2026-04-12,아가일,0,google,trend_relative
2026-04-19,아가일,0,google,trend_relative
2026-04-26,아가일,0,google,trend_relative
2026-05-03,아가일,0,google,trend_relative
2026-05-10,아가일,0,google,trend_relative
2026-05-17,아가일,54,google,trend_relative
2026-05-24,아가일,0,google,trend_relative
2026-05-31,아가일,0,google,trend_relative
2026-06-07,아가일,0,google,trend_relative
2026-06-14,아가일,0,google,trend_relative
2026-06-21,아가일,0,google,trend_relative
2026-06-28,아가일,0,google,trend_relative
2026-07-05,아가일,0,google,trend_relative
2026-07-12,아가일,0,google,trend_relative
2026-07-19,아가일,0,google,trend_relative
2026-07-26,아가일,64,google,trend_relative
2026-08-02,아가일,0,google,trend_relative
2026-08-09,아가일,40,google,trend_relative
2026-08-16,아가일,54,google,trend_relative
2026-08-23,아가일,0,google,trend_relative
2026-08-30,아가일,41,google,trend_relative
2026-09-06,아가일,32,google,trend_relative
2026-09-13,아가일,36,google,trend_relative
2025-09-14,레오파드,27,google,trend_relative
2025-09-21,레오파드,32,google,trend_relative
2025-09-28,레오파드,24,google,trend_relative
2025-10-05,레오파드,30,google,trend_relative
2025-10-12,레오파드,33,google,trend_relative
2025-10-19,레오파드,36,google,trend_relative
2025-10-26,레오파드,34,google,trend_relative
2025-11-02,레오파드,37,google,trend_relative
2025-11-09,레오파드,42,google,trend_relative
2025-11-16,레오파드,39,google,trend_relative
2025-11-23,레오파드,37,google,trend_relative
2025-11-30,레오파드,42,google,trend_relative
2025-12-07,레오파드,37,google,trend_relative
2025-12-14,레오파드,32,google,trend_relative
2025-12-21,레오파드,32,google,trend_relative
2025-12-28,레오파드,39,google,trend_relative
2026-01-04,레오파드,31,google,trend_relative
2026-01-11,레오파드,30,google,trend_relative
2026-01-18,레오파드,40,google,trend_relative
2026-01-25,레오파드,34,google,trend_relative
2026-02-01,레오파드,31,google,trend_relative
2026-02-08,레오파드,37,google,trend_relative
2026-02-15,레오파드,37,google,trend_relative
2026-02-22,레오파드,30,google,trend_relative
2026-03-01,레오파드,36,google,trend_relative
2026-03-08,레오파드,31,google,trend_relative
2026-03-15,레오파드,29,google,trend_relative
2026-03-22,레오파드,29,google,trend_relative
2026-03-29,레오파드,25,google,trend_relative
2026-04-05,레오파드,28,google,trend_relative
2026-04-12,레오파드,34,google,trend_relative
2026-04-19,레오파드,26,google,trend_relative
2026-04-26,레오파드,28,google,trend_relative
2026-05-03,레오파드,37,google,trend_relative
2026-05-10,레오파드,32,google,trend_relative
2026-05-17,레오파드,32,google,trend_relative
2026-05-24,레오파드,39,google,trend_relative
2026-05-31,레오파드,26,google,trend_relative
2026-06-07,레오파드,35,google,trend_relative
2026-06-14,레오파드,51,google,trend_relative
2026-06-21,레오파드,42,google,trend_relative
2026-06-28,레오파드,38,google,trend_relative
2026-07-05,레오파드,42,google,trend_relative
2026-07-12,레오파드,32,google,trend_relative
2026-07-19,레오파드,29,google,trend_relative
2026-07-26,레오파드,37,google,trend_relative
2026-08-02,레오파드,34,google,trend_relative
2026-08-09,레오파드,23,google,trend_relative
2026-08-16,레오파드,34,google,trend_relative
2026-08-23,레오파드,37,google,trend_relative
2026-08-30,레오파드,31,google,trend_relative
2026-09-06,레오파드,32,google,trend_relative
2026-09-13,레오파드,36,google,trend_relative
2025-09-14,지브라,99,google,trend_relative
2025-09-21,지브라,84,google,trend_relative
2025-09-28,지브라,61,google,trend_relative
2025-10-05,지브라,27,google,trend_relative
2025-10-12,지브라,100,google,trend_relative
2025-10-19,지브라,87,google,trend_relative
2025-10-26,지브라,74,google,trend_relative
2025-11-02,지브라,83,google,trend_relative
2025-11-09,지브라,66,google,trend_relative
2025-11-16,지브라,82,google,trend_relative
2025-11-23,지브라,75,google,trend_relative
2025-11-30,지브라,58,google,trend_relative
2025-12-07,지브라,43,google,trend_relative
2025-12-14,지브라,45,google,trend_relative
2025-12-21,지브라,35,google,trend_relative
2025-12-28,지브라,37,google,trend_relative
2026-01-04,지브라,21,google,trend_relative
2026-01-11,지브라,19,google,trend_relative
2026-01-18,지브라,25,google,trend_relative
2026-01-25,지브라,21,google,trend_relative
2026-02-01,지브라,21,google,trend_relative
2026-02-08,지브라,17,google,trend_relative
2026-02-15,지브라,17,google,trend_relative
2026-02-22,지브라,26,google,trend_relative
2026-03-01,지브라,33,google,trend_relative
2026-03-08,지브라,34,google,trend_relative
2026-03-15,지브라,41,google,trend_relative
2026-03-22,지브라,51,google,trend_relative
2026-03-29,지브라,57,google,trend_relative
2026-04-05,지브라,59,google,trend_relative
2026-04-12,지브라,56,google,trend_relative
2026-04-19,지브라,35,google,trend_relative
2026-04-26,지브라,29,google,trend_relative
2026-05-03,지브라,49,google,trend_relative
2026-05-10,지브라,68,google,trend_relative
2026-05-17,지브라,54,google,trend_relative
2026-05-24,지브라,69,google,trend_relative
2026-05-31,지브라,65,google,trend_relative
2026-06-07,지브라,95,google,trend_relative
2026-06-14,지브라,77,google,trend_relative
2026-06-21,지브라,55,google,trend_relative
2026-06-28,지브라,30,google,trend_relative
2026-07-05,지브라,62,google,trend_relative
2026-07-12,지브라,58,google,trend_relative
2026-07-19,지브라,29,google,trend_relative
2026-07-26,지브라,28,google,trend_relative
2026-08-02,지브라,17,google,trend_relative
2026-08-09,지브라,22,google,trend_relative
2026-08-16,지브라,40,google,trend_relative
2026-08-23,지브라,71,google,trend_relative
2026-08-30,지브라,61,google,trend_relative
2026-09-06,지브라,69,google,trend_relative
2026-09-13,지브라,67,google,trend_relative
2025-09-14,카우프린트,0,google,trend_relative
2025-09-21,카우프린트,0,google,trend_relative
2025-09-28,카우프린트,0,google,trend_relative
2025-10-05,카우프린트,0,google,trend_relative
2025-10-12,카우프린트,0,google,trend_relative
2025-10-19,카우프린트,0,google,trend_relative
2025-10-26,카우프린트,0,google,trend_relative
2025-11-02,카우프린트,0,google,trend_relative
2025-11-09,카우프린트,0,google,trend_relative
2025-11-16,카우프린트,0,google,trend_relative
2025-11-23,카우프린트,0,google,trend_relative
2025-11-30,카우프린트,0,google,trend_relative
2025-12-07,카우프린트,0,google,trend_relative
2025-12-14,카우프린트,0,google,trend_relative
2025-12-21,카우프린트,0,google,trend_relative
2025-12-28,카우프린트,0,google,trend_relative
2026-01-04,카우프린트,0,google,trend_relative
2026-01-11,카우프린트,0,google,trend_relative
2026-01-18,카우프린트,0,google,trend_relative
2026-01-25,카우프린트,0,google,trend_relative
2026-02-01,카우프린트,0,google,trend_relative
2026-02-08,카우프린트,0,google,trend_relative
2026-02-15,카우프린트,0,google,trend_relative
2026-02-22,카우프린트,0,google,trend_relative
2026-03-01,카우프린트,0,google,trend_relative
2026-03-08,카우프린트,0,google,trend_relative
2026-03-15,카우프린트,0,google,trend_relative
2026-03-22,카우프린트,0,google,trend_relative
2026-03-29,카우프린트,0,google,trend_relative
2026-04-05,카우프린트,0,google,trend_relative
2026-04-12,카우프린트,0,google,trend_relative
2026-04-19,카우프린트,0,google,trend_relative
2026-04-26,카우프린트,0,google,trend_relative
2026-05-03,카우프린트,0,google,trend_relative
2026-05-10,카우프린트,0,google,trend_relative
2026-05-17,카우프린트,0,google,trend_relative
2026-05-24,카우프린트,0,google,trend_relative
2026-05-31,카우프린트,0,google,trend_relative
2026-06-07,카우프린트,0,google,trend_relative
2026-06-14,카우프린트,0,google,trend_relative
2026-06-21,카우프린트,0,google,trend_relative
2026-06-28,카우프린트,0,google,trend_relative
2026-07-05,카우프린트,0,google,trend_relative
2026-07-12,카우프린트,0,google,trend_relative
2026-07-19,카우프린트,0,google,trend_relative
2026-07-26,카우프린트,0,google,trend_relative
2026-08-02,카우프린트,0,google,trend_relative
2026-08-09,카우프린트,0,google,trend_relative
2026-08-16,카우프린트,0,google,trend_relative
2026-08-23,카우프린트,0,google,trend_relative
2026-08-30,카우프린트,0,google,trend_relative
2026-09-06,카우프린트,0,google,trend_relative
2026-09-13,카우프린트,0,google,trend_relative
2025-09-14,스네이크프린트,0,google,trend_relative
2025-09-21,스네이크프린트,0,google,trend_relative
2025-09-28,스네이크프린트,0,google,trend_relative
2025-10-05,스네이크프린트,0,google,trend_relative
2025-10-12,스네이크프린트,0,google,trend_relative
2025-10-19,스네이크프린트,0,google,trend_relative
2025-10-26,스네이크프린트,0,google,trend_relative
2025-11-02,스네이크프린트,0,google,trend_relative
2025-11-09,스네이크프린트,0,google,trend_relative
2025-11-16,스네이크프린트,0,google,trend_relative
2025-11-23,스네이크프린트,0,google,trend_relative
2025-11-30,스네이크프린트,0,google,trend_relative
2025-12-07,스네이크프린트,0,google,trend_relative
2025-12-14,스네이크프린트,0,google,trend_relative
2025-12-21,스네이크프린트,0,google,trend_relative
2025-12-28,스네이크프린트,0,google,trend_relative
2026-01-04,스네이크프린트,0,google,trend_relative
2026-01-11,스네이크프린트,0,google,trend_relative
2026-01-18,스네이크프린트,0,google,trend_relative
2026-01-25,스네이크프린트,0,google,trend_relative
2026-02-01,스네이크프린트,0,google,trend_relative
2026-02-08,스네이크프린트,0,google,trend_relative
2026-02-15,스네이크프린트,0,google,trend_relative
2026-02-22,스네이크프린트,0,google,trend_relative
2026-03-01,스네이크프린트,0,google,trend_relative
2026-03-08,스네이크프린트,0,google,trend_relative
2026-03-15,스네이크프린트,0,google,trend_relative
2026-03-22,스네이크프린트,0,google,trend_relative
2026-03-29,스네이크프린트,0,google,trend_relative
2026-04-05,스네이크프린트,0,google,trend_relative
2026-04-12,스네이크프린트,0,google,trend_relative
2026-04-19,스네이크프린트,0,google,trend_relative
2026-04-26,스네이크프린트,0,google,trend_relative
2026-05-03,스네이크프린트,0,google,trend_relative
2026-05-10,스네이크프린트,0,google,trend_relative
2026-05-17,스네이크프린트,0,google,trend_relative
2026-05-24,스네이크프린트,0,google,trend_relative
2026-05-31,스네이크프린트,0,google,trend_relative
2026-06-07,스네이크프린트,0,google,trend_relative
2026-06-14,스네이크프린트,0,google,trend_relative
2026-06-21,스네이크프린트,0,google,trend_relative
2026-06-28,스네이크프린트,0,google,trend_relative
2026-07-05,스네이크프린트,0,google,trend_relative
2026-07-12,스네이크프린트,0,google,trend_relative
2026-07-19,스네이크프린트,0,google,trend_relative
2026-07-26,스네이크프린트,0,google,trend_relative
2026-08-02,스네이크프린트,0,google,trend_relative
2026-08-09,스네이크프린트,0,google,trend_relative
2026-08-16,스네이크프린트,0,google,trend_relative
2026-08-23,스네이크프린트,0,google,trend_relative
2026-08-30,스네이크프린트,0,google,trend_relative
2026-09-06,스네이크프린트,0,google,trend_relative
2026-09-13,스네이크프린트,0,google,trend_relative
2025-09-14,카무플라주,0,google,trend_relative
2025-09-21,카무플라주,0,google,trend_relative
2025-09-28,카무플라주,0,google,trend_relative
2025-10-05,카무플라주,0,google,trend_relative
2025-10-12,카무플라주,0,google,trend_relative
2025-10-19,카무플라주,0,google,trend_relative
2025-10-26,카무플라주,0,google,trend_relative
2025-11-02,카무플라주,0,google,trend_relative
2025-11-09,카무플라주,0,google,trend_relative
2025-11-16,카무플라주,0,google,trend_relative
2025-11-23,카무플라주,0,google,trend_relative
2025-11-30,카무플라주,0,google,trend_relative
2025-12-07,카무플라주,0,google,trend_relative
2025-12-14,카무플라주,0,google,trend_relative
2025-12-21,카무플라주,0,google,trend_relative
2025-12-28,카무플라주,0,google,trend_relative
2026-01-04,카무플라주,0,google,trend_relative
2026-01-11,카무플라주,0,google,trend_relative
2026-01-18,카무플라주,0,google,trend_relative
2026-01-25,카무플라주,0,google,trend_relative
2026-02-01,카무플라주,0,google,trend_relative
2026-02-08,카무플라주,0,google,trend_relative
2026-02-15,카무플라주,0,google,trend_relative
2026-02-22,카무플라주,0,google,trend_relative
2026-03-01,카무플라주,0,google,trend_relative
2026-03-08,카무플라주,0,google,trend_relative
2026-03-15,카무플라주,0,google,trend_relative
2026-03-22,카무플라주,0,google,trend_relative
2026-03-29,카무플라주,0,google,trend_relative
2026-04-05,카무플라주,0,google,trend_relative
2026-04-12,카무플라주,0,google,trend_relative
2026-04-19,카무플라주,0,google,trend_relative
2026-04-26,카무플라주,0,google,trend_relative
2026-05-03,카무플라주,0,google,trend_relative
2026-05-10,카무플라주,0,google,trend_relative
2026-05-17,카무플라주,0,google,trend_relative
2026-05-24,카무플라주,0,google,trend_relative
2026-05-31,카무플라주,0,google,trend_relative
2026-06-07,카무플라주,0,google,trend_relative
2026-06-14,카무플라주,0,google,trend_relative
2026-06-21,카무플라주,0,google,trend_relative
2026-06-28,카무플라주,0,google,trend_relative
2026-07-05,카무플라주,0,google,trend_relative
2026-07-12,카무플라주,0,google,trend_relative
2026-07-19,카무플라주,0,google,trend_relative
2026-07-26,카무플라주,0,google,trend_relative
2026-08-02,카무플라주,0,google,trend_relative
2026-08-09,카무플라주,0,google,trend_relative
2026-08-16,카무플라주,0,google,trend_relative
2026-08-23,카무플라주,0,google,trend_relative
2026-08-30,카무플라주,1,google,trend_relative
2026-09-06,카무플라주,1,google,trend_relative
2026-09-13,카무플라주,0,google,trend_relative
2025-09-14,플로럴,4,google,trend_relative
2025-09-21,플로럴,5,google,trend_relative
2025-09-28,플로럴,4,google,trend_relative
2025-10-05,플로럴,0,google,trend_relative
2025-10-12,플로럴,6,google,trend_relative
2025-10-19,플로럴,6,google,trend_relative
2025-10-26,플로럴,6,google,trend_relative
2025-11-02,플로럴,6,google,trend_relative
2025-11-09,플로럴,7,google,trend_relative
2025-11-16,플로럴,0,google,trend_relative
2025-11-23,플로럴,7,google,trend_relative
2025-11-30,플로럴,6,google,trend_relative
2025-12-07,플로럴,6,google,trend_relative
2025-12-14,플로럴,7,google,trend_relative
2025-12-21,플로럴,10,google,trend_relative
2025-12-28,플로럴,4,google,trend_relative
2026-01-04,플로럴,10,google,trend_relative
2026-01-11,플로럴,0,google,trend_relative
2026-01-18,플로럴,7,google,trend_relative
2026-01-25,플로럴,6,google,trend_relative
2026-02-01,플로럴,8,google,trend_relative
2026-02-08,플로럴,5,google,trend_relative
2026-02-15,플로럴,7,google,trend_relative
2026-02-22,플로럴,5,google,trend_relative
2026-03-01,플로럴,5,google,trend_relative
2026-03-08,플로럴,7,google,trend_relative
2026-03-15,플로럴,8,google,trend_relative
2026-03-22,플로럴,6,google,trend_relative
2026-03-29,플로럴,6,google,trend_relative
2026-04-05,플로럴,3,google,trend_relative
2026-04-12,플로럴,6,google,trend_relative
2026-04-19,플로럴,5,google,trend_relative
2026-04-26,플로럴,7,google,trend_relative
2026-05-03,플로럴,6,google,trend_relative
2026-05-10,플로럴,7,google,trend_relative
2026-05-17,플로럴,5,google,trend_relative
2026-05-24,플로럴,4,google,trend_relative
2026-05-31,플로럴,6,google,trend_relative
2026-06-07,플로럴,4,google,trend_relative
2026-06-14,플로럴,5,google,trend_relative
2026-06-21,플로럴,4,google,trend_relative
2026-06-28,플로럴,5,google,trend_relative
2026-07-05,플로럴,6,google,trend_relative
2026-07-12,플로럴,6,google,trend_relative
2026-07-19,플로럴,5,google,trend_relative
2026-07-26,플로럴,7,google,trend_relative
2026-08-02,플로럴,4,google,trend_relative
2026-08-09,플로럴,4,google,trend_relative
2026-08-16,플로럴,7,google,trend_relative
2026-08-23,플로럴,5,google,trend_relative
2026-08-30,플로럴,3,google,trend_relative
2026-09-06,플로럴,5,google,trend_relative
2026-09-13,플로럴,3,google,trend_relative
2025-09-14,페이즐리,0,google,trend_relative
2025-09-21,페이즐리,0,google,trend_relative
2025-09-28,페이즐리,0,google,trend_relative
2025-10-05,페이즐리,0,google,trend_relative
2025-10-12,페이즐리,0,google,trend_relative
2025-10-19,페이즐리,0,google,trend_relative
2025-10-26,페이즐리,5,google,trend_relative
2025-11-02,페이즐리,0,google,trend_relative
2025-11-09,페이즐리,0,google,trend_relative
2025-11-16,페이즐리,0,google,trend_relative
2025-11-23,페이즐리,0,google,trend_relative
2025-11-30,페이즐리,0,google,trend_relative
2025-12-07,페이즐리,0,google,trend_relative
2025-12-14,페이즐리,4,google,trend_relative
2025-12-21,페이즐리,0,google,trend_relative
2025-12-28,페이즐리,0,google,trend_relative
2026-01-04,페이즐리,5,google,trend_relative
2026-01-11,페이즐리,0,google,trend_relative
2026-01-18,페이즐리,0,google,trend_relative
2026-01-25,페이즐리,0,google,trend_relative
2026-02-01,페이즐리,0,google,trend_relative
2026-02-08,페이즐리,0,google,trend_relative
2026-02-15,페이즐리,4,google,trend_relative
2026-02-22,페이즐리,0,google,trend_relative
2026-03-01,페이즐리,0,google,trend_relative
2026-03-08,페이즐리,0,google,trend_relative
2026-03-15,페이즐리,0,google,trend_relative
2026-03-22,페이즐리,0,google,trend_relative
2026-03-29,페이즐리,0,google,trend_relative
2026-04-05,페이즐리,0,google,trend_relative
2026-04-12,페이즐리,0,google,trend_relative
2026-04-19,페이즐리,4,google,trend_relative
2026-04-26,페이즐리,0,google,trend_relative
2026-05-03,페이즐리,0,google,trend_relative
2026-05-10,페이즐리,4,google,trend_relative
2026-05-17,페이즐리,4,google,trend_relative
2026-05-24,페이즐리,4,google,trend_relative
2026-05-31,페이즐리,0,google,trend_relative
2026-06-07,페이즐리,3,google,trend_relative
2026-06-14,페이즐리,0,google,trend_relative
2026-06-21,페이즐리,0,google,trend_relative
2026-06-28,페이즐리,0,google,trend_relative
2026-07-05,페이즐리,4,google,trend_relative
2026-07-12,페이즐리,0,google,trend_relative
2026-07-19,페이즐리,0,google,trend_relative
2026-07-26,페이즐리,0,google,trend_relative
2026-08-02,페이즐리,0,google,trend_relative
2026-08-09,페이즐리,0,google,trend_relative
2026-08-16,페이즐리,0,google,trend_relative
2026-08-23,페이즐리,0,google,trend_relative
2026-08-30,페이즐리,1,google,trend_relative
2026-09-06,페이즐리,2,google,trend_relative
2026-09-13,페이즐리,0,google,trend_relative
2025-09-14,도트,93,google,trend_relative
2025-09-21,도트,90,google,trend_relative
2025-09-28,도트,77,google,trend_relative
2025-10-05,도트,87,google,trend_relative
2025-10-12,도트,83,google,trend_relative
2025-10-19,도트,93,google,trend_relative
2025-10-26,도트,74,google,trend_relative
2025-11-02,도트,88,google,trend_relative
2025-11-09,도트,87,google,trend_relative
2025-11-16,도트,84,google,trend_relative
2025-11-23,도트,85,google,trend_relative
2025-11-30,도트,77,google,trend_relative
2025-12-07,도트,87,google,trend_relative
2025-12-14,도트,82,google,trend_relative
2025-12-21,도트,91,google,trend_relative
2025-12-28,도트,100,google,trend_relative
2026-01-04,도트,88,google,trend_relative
2026-01-11,도트,85,google,trend_relative
2026-01-18,도트,91,google,trend_relative
2026-01-25,도트,100,google,trend_relative
2026-02-01,도트,84,google,trend_relative
2026-02-08,도트,85,google,trend_relative
2026-02-15,도트,83,google,trend_relative
2026-02-22,도트,87,google,trend_relative
2026-03-01,도트,82,google,trend_relative
2026-03-08,도트,85,google,trend_relative
2026-03-15,도트,97,google,trend_relative
2026-03-22,도트,100,google,trend_relative
2026-03-29,도트,92,google,trend_relative
2026-04-05,도트,77,google,trend_relative
2026-04-12,도트,80,google,trend_relative
2026-04-19,도트,84,google,trend_relative
2026-04-26,도트,76,google,trend_relative
2026-05-03,도트,84,google,trend_relative
2026-05-10,도트,77,google,trend_relative
2026-05-17,도트,96,google,trend_relative
2026-05-24,도트,79,google,trend_relative
2026-05-31,도트,82,google,trend_relative
2026-06-07,도트,84,google,trend_relative
2026-06-14,도트,86,google,trend_relative
2026-06-21,도트,72,google,trend_relative
2026-06-28,도트,83,google,trend_relative
2026-07-05,도트,77,google,trend_relative
2026-07-12,도트,79,google,trend_relative
2026-07-19,도트,86,google,trend_relative
2026-07-26,도트,84,google,trend_relative
2026-08-02,도트,77,google,trend_relative
2026-08-09,도트,75,google,trend_relative
2026-08-16,도트,83,google,trend_relative
2026-08-23,도트,79,google,trend_relative
2026-08-30,도트,74,google,trend_relative
2026-09-06,도트,79,google,trend_relative
2026-09-13,도트,80,google,trend_relative
2025-09-14,기하학패턴,0,google,trend_relative
2025-09-21,기하학패턴,0,google,trend_relative
2025-09-28,기하학패턴,0,google,trend_relative
2025-10-05,기하학패턴,0,google,trend_relative
2025-10-12,기하학패턴,0,google,trend_relative
2025-10-19,기하학패턴,0,google,trend_relative
2025-10-26,기하학패턴,0,google,trend_relative
2025-11-02,기하학패턴,0,google,trend_relative
2025-11-09,기하학패턴,0,google,trend_relative
2025-11-16,기하학패턴,0,google,trend_relative
2025-11-23,기하학패턴,0,google,trend_relative
2025-11-30,기하학패턴,0,google,trend_relative
2025-12-07,기하학패턴,0,google,trend_relative
2025-12-14,기하학패턴,0,google,trend_relative
2025-12-21,기하학패턴,0,google,trend_relative
2025-12-28,기하학패턴,0,google,trend_relative
2026-01-04,기하학패턴,0,google,trend_relative
2026-01-11,기하학패턴,0,google,trend_relative
2026-01-18,기하학패턴,0,google,trend_relative
2026-01-25,기하학패턴,0,google,trend_relative
2026-02-01,기하학패턴,0,google,trend_relative
2026-02-08,기하학패턴,0,google,trend_relative
2026-02-15,기하학패턴,0,google,trend_relative
2026-02-22,기하학패턴,0,google,trend_relative
2026-03-01,기하학패턴,0,google,trend_relative
2026-03-08,기하학패턴,0,google,trend_relative
2026-03-15,기하학패턴,0,google,trend_relative
2026-03-22,기하학패턴,0,google,trend_relative
2026-03-29,기하학패턴,0,google,trend_relative
2026-04-05,기하학패턴,0,google,trend_relative
2026-04-12,기하학패턴,0,google,trend_relative
2026-04-19,기하학패턴,0,google,trend_relative
2026-04-26,기하학패턴,0,google,trend_relative
2026-05-03,기하학패턴,0,google,trend_relative
2026-05-10,기하학패턴,0,google,trend_relative
2026-05-17,기하학패턴,0,google,trend_relative
2026-05-24,기하학패턴,0,google,trend_relative
2026-05-31,기하학패턴,0,google,trend_relative
2026-06-07,기하학패턴,0,google,trend_relative
2026-06-14,기하학패턴,0,google,trend_relative
2026-06-21,기하학패턴,0,google,trend_relative
2026-06-28,기하학패턴,0,google,trend_relative
2026-07-05,기하학패턴,0,google,trend_relative
2026-07-12,기하학패턴,0,google,trend_relative
2026-07-19,기하학패턴,0,google,trend_relative
2026-07-26,기하학패턴,0,google,trend_relative
2026-08-02,기하학패턴,0,google,trend_relative
2026-08-09,기하학패턴,0,google,trend_relative
2026-08-16,기하학패턴,0,google,trend_relative
2026-08-23,기하학패턴,0,google,trend_relative
2026-08-30,기하학패턴,0,google,trend_relative
2026-09-06,기하학패턴,0,google,trend_relative
2026-09-13,기하학패턴,0,google,trend_relative
2025-09-14,추상패턴,0,google,trend_relative
2025-09-21,추상패턴,0,google,trend_relative
2025-09-28,추상패턴,0,google,trend_relative
2025-10-05,추상패턴,0,google,trend_relative
2025-10-12,추상패턴,0,google,trend_relative
2025-10-19,추상패턴,0,google,trend_relative
2025-10-26,추상패턴,0,google,trend_relative
2025-11-02,추상패턴,0,google,trend_relative
2025-11-09,추상패턴,0,google,trend_relative
2025-11-16,추상패턴,0,google,trend_relative
2025-11-23,추상패턴,0,google,trend_relative
2025-11-30,추상패턴,0,google,trend_relative
2025-12-07,추상패턴,0,google,trend_relative
2025-12-14,추상패턴,0,google,trend_relative
2025-12-21,추상패턴,0,google,trend_relative
2025-12-28,추상패턴,0,google,trend_relative
2026-01-04,추상패턴,0,google,trend_relative
2026-01-11,추상패턴,0,google,trend_relative
2026-01-18,추상패턴,0,google,trend_relative
2026-01-25,추상패턴,0,google,trend_relative
2026-02-01,추상패턴,0,google,trend_relative
2026-02-08,추상패턴,0,google,trend_relative
2026-02-15,추상패턴,0,google,trend_relative
2026-02-22,추상패턴,0,google,trend_relative
2026-03-01,추상패턴,0,google,trend_relative
2026-03-08,추상패턴,0,google,trend_relative
2026-03-15,추상패턴,0,google,trend_relative
2026-03-22,추상패턴,0,google,trend_relative
2026-03-29,추상패턴,0,google,trend_relative
2026-04-05,추상패턴,0,google,trend_relative
2026-04-12,추상패턴,0,google,trend_relative
2026-04-19,추상패턴,0,google,trend_relative
2026-04-26,추상패턴,0,google,trend_relative
2026-05-03,추상패턴,0,google,trend_relative
2026-05-10,추상패턴,0,google,trend_relative
2026-05-17,추상패턴,0,google,trend_relative
2026-05-24,추상패턴,0,google,trend_relative
2026-05-31,추상패턴,0,google,trend_relative
2026-06-07,추상패턴,0,google,trend_relative
2026-06-14,추상패턴,0,google,trend_relative
2026-06-21,추상패턴,0,google,trend_relative
2026-06-28,추상패턴,0,google,trend_relative
2026-07-05,추상패턴,0,google,trend_relative
2026-07-12,추상패턴,0,google,trend_relative
2026-07-19,추상패턴,0,google,trend_relative
2026-07-26,추상패턴,0,google,trend_relative
2026-08-02,추상패턴,0,google,trend_relative
2026-08-09,추상패턴,0,google,trend_relative
2026-08-16,추상패턴,0,google,trend_relative
2026-08-23,추상패턴,0,google,trend_relative
2026-08-30,추상패턴,0,google,trend_relative
2026-09-06,추상패턴,0,google,trend_relative
2026-09-13,추상패턴,0,google,trend_relative
2025-09-14,컬러블록,13,google,trend_relative
2025-09-21,컬러블록,14,google,trend_relative
2025-09-28,컬러블록,15,google,trend_relative
2025-10-05,컬러블록,0,google,trend_relative
2025-10-12,컬러블록,23,google,trend_relative
2025-10-19,컬러블록,0,google,trend_relative
2025-10-26,컬러블록,0,google,trend_relative
2025-11-02,컬러블록,0,google,trend_relative
2025-11-09,컬러블록,0,google,trend_relative
2025-11-16,컬러블록,0,google,trend_relative
2025-11-23,컬러블록,0,google,trend_relative
2025-11-30,컬러블록,0,google,trend_relative
2025-12-07,컬러블록,0,google,trend_relative
2025-12-14,컬러블록,0,google,trend_relative
2025-12-21,컬러블록,16,google,trend_relative
2025-12-28,컬러블록,0,google,trend_relative
2026-01-04,컬러블록,0,google,trend_relative
2026-01-11,컬러블록,0,google,trend_relative
2026-01-18,컬러블록,0,google,trend_relative
2026-01-25,컬러블록,0,google,trend_relative
2026-02-01,컬러블록,0,google,trend_relative
2026-02-08,컬러블록,0,google,trend_relative
2026-02-15,컬러블록,0,google,trend_relative
2026-02-22,컬러블록,0,google,trend_relative
2026-03-01,컬러블록,0,google,trend_relative
2026-03-08,컬러블록,0,google,trend_relative
2026-03-15,컬러블록,0,google,trend_relative
2026-03-22,컬러블록,0,google,trend_relative
2026-03-29,컬러블록,0,google,trend_relative
2026-04-05,컬러블록,0,google,trend_relative
2026-04-12,컬러블록,0,google,trend_relative
2026-04-19,컬러블록,0,google,trend_relative
2026-04-26,컬러블록,0,google,trend_relative
2026-05-03,컬러블록,0,google,trend_relative
2026-05-10,컬러블록,0,google,trend_relative
2026-05-17,컬러블록,0,google,trend_relative
2026-05-24,컬러블록,14,google,trend_relative
2026-05-31,컬러블록,0,google,trend_relative
2026-06-07,컬러블록,0,google,trend_relative
2026-06-14,컬러블록,0,google,trend_relative
2026-06-21,컬러블록,0,google,trend_relative
2026-06-28,컬러블록,0,google,trend_relative
2026-07-05,컬러블록,0,google,trend_relative
2026-07-12,컬러블록,0,google,trend_relative
2026-07-19,컬러블록,0,google,trend_relative
2026-07-26,컬러블록,0,google,trend_relative
2026-08-02,컬러블록,12,google,trend_relative
2026-08-09,컬러블록,0,google,trend_relative
2026-08-16,컬러블록,0,google,trend_relative
2026-08-23,컬러블록,13,google,trend_relative
2026-08-30,컬러블록,4,google,trend_relative
2026-09-06,컬러블록,7,google,trend_relative
2026-09-13,컬러블록,7,google,trend_relative
2025-09-14,옴브레,0,google,trend_relative
2025-09-21,옴브레,0,google,trend_relative
2025-09-28,옴브레,0,google,trend_relative
2025-10-05,옴브레,20,google,trend_relative
2025-10-12,옴브레,17,google,trend_relative
2025-10-19,옴브레,17,google,trend_relative
2025-10-26,옴브레,0,google,trend_relative
2025-11-02,옴브레,14,google,trend_relative
2025-11-09,옴브레,17,google,trend_relative
2025-11-16,옴브레,0,google,trend_relative
2025-11-23,옴브레,0,google,trend_relative
2025-11-30,옴브레,0,google,trend_relative
2025-12-07,옴브레,0,google,trend_relative
2025-12-14,옴브레,0,google,trend_relative
2025-12-21,옴브레,0,google,trend_relative
2025-12-28,옴브레,0,google,trend_relative
2026-01-04,옴브레,0,google,trend_relative
2026-01-11,옴브레,0,google,trend_relative
2026-01-18,옴브레,0,google,trend_relative
2026-01-25,옴브레,0,google,trend_relative
2026-02-01,옴브레,0,google,trend_relative
2026-02-08,옴브레,0,google,trend_relative
2026-02-15,옴브레,0,google,trend_relative
2026-02-22,옴브레,0,google,trend_relative
2026-03-01,옴브레,0,google,trend_relative
2026-03-08,옴브레,0,google,trend_relative
2026-03-15,옴브레,13,google,trend_relative
2026-03-22,옴브레,13,google,trend_relative
2026-03-29,옴브레,0,google,trend_relative
2026-04-05,옴브레,0,google,trend_relative
2026-04-12,옴브레,0,google,trend_relative
2026-04-19,옴브레,12,google,trend_relative
2026-04-26,옴브레,0,google,trend_relative
2026-05-03,옴브레,0,google,trend_relative
2026-05-10,옴브레,12,google,trend_relative
2026-05-17,옴브레,0,google,trend_relative
2026-05-24,옴브레,0,google,trend_relative
2026-05-31,옴브레,0,google,trend_relative
2026-06-07,옴브레,0,google,trend_relative
2026-06-14,옴브레,0,google,trend_relative
2026-06-21,옴브레,0,google,trend_relative
2026-06-28,옴브레,0,google,trend_relative
2026-07-05,옴브레,11,google,trend_relative
2026-07-12,옴브레,0,google,trend_relative
2026-07-19,옴브레,0,google,trend_relative
2026-07-26,옴브레,0,google,trend_relative
2026-08-02,옴브레,0,google,trend_relative
2026-08-09,옴브레,14,google,trend_relative
2026-08-16,옴브레,12,google,trend_relative
2026-08-23,옴브레,0,google,trend_relative
2026-08-30,옴브레,7,google,trend_relative
2026-09-06,옴브레,11,google,trend_relative
2026-09-13,옴브레,9,google,trend_relative
2025-09-14,타이다이,0,google,trend_relative
2025-09-21,타이다이,0,google,trend_relative
2025-09-28,타이다이,16,google,trend_relative
2025-10-05,타이다이,17,google,trend_relative
2025-10-12,타이다이,18,google,trend_relative
2025-10-19,타이다이,0,google,trend_relative
2025-10-26,타이다이,0,google,trend_relative
2025-11-02,타이다이,0,google,trend_relative
2025-11-09,타이다이,13,google,trend_relative
2025-11-16,타이다이,26,google,trend_relative
2025-11-23,타이다이,19,google,trend_relative
2025-11-30,타이다이,0,google,trend_relative
2025-12-07,타이다이,17,google,trend_relative
2025-12-14,타이다이,0,google,trend_relative
2025-12-21,타이다이,0,google,trend_relative
2025-12-28,타이다이,15,google,trend_relative
2026-01-04,타이다이,16,google,trend_relative
2026-01-11,타이다이,0,google,trend_relative
2026-01-18,타이다이,0,google,trend_relative
2026-01-25,타이다이,0,google,trend_relative
2026-02-01,타이다이,0,google,trend_relative
2026-02-08,타이다이,0,google,trend_relative
2026-02-15,타이다이,16,google,trend_relative
2026-02-22,타이다이,0,google,trend_relative
2026-03-01,타이다이,14,google,trend_relative
2026-03-08,타이다이,15,google,trend_relative
2026-03-15,타이다이,13,google,trend_relative
2026-03-22,타이다이,17,google,trend_relative
2026-03-29,타이다이,0,google,trend_relative
2026-04-05,타이다이,13,google,trend_relative
2026-04-12,타이다이,0,google,trend_relative
2026-04-19,타이다이,17,google,trend_relative
2026-04-26,타이다이,17,google,trend_relative
2026-05-03,타이다이,0,google,trend_relative
2026-05-10,타이다이,13,google,trend_relative
2026-05-17,타이다이,0,google,trend_relative
2026-05-24,타이다이,0,google,trend_relative
2026-05-31,타이다이,13,google,trend_relative
2026-06-07,타이다이,0,google,trend_relative
2026-06-14,타이다이,12,google,trend_relative
2026-06-21,타이다이,0,google,trend_relative
2026-06-28,타이다이,0,google,trend_relative
2026-07-05,타이다이,14,google,trend_relative
2026-07-12,타이다이,19,google,trend_relative
2026-07-19,타이다이,17,google,trend_relative
2026-07-26,타이다이,16,google,trend_relative
2026-08-02,타이다이,0,google,trend_relative
2026-08-09,타이다이,12,google,trend_relative
2026-08-16,타이다이,13,google,trend_relative
2026-08-23,타이다이,12,google,trend_relative
2026-08-30,타이다이,9,google,trend_relative
2026-09-06,타이다이,12,google,trend_relative
2026-09-13,타이다이,11,google,trend_relative
2025-09-14,로고패턴,0,google,trend_relative
2025-09-21,로고패턴,0,google,trend_relative
2025-09-28,로고패턴,0,google,trend_relative
2025-10-05,로고패턴,0,google,trend_relative
2025-10-12,로고패턴,0,google,trend_relative
2025-10-19,로고패턴,0,google,trend_relative
2025-10-26,로고패턴,0,google,trend_relative
2025-11-02,로고패턴,0,google,trend_relative
2025-11-09,로고패턴,0,google,trend_relative
2025-11-16,로고패턴,0,google,trend_relative
2025-11-23,로고패턴,0,google,trend_relative
2025-11-30,로고패턴,0,google,trend_relative
2025-12-07,로고패턴,0,google,trend_relative
2025-12-14,로고패턴,0,google,trend_relative
2025-12-21,로고패턴,0,google,trend_relative
2025-12-28,로고패턴,0,google,trend_relative
2026-01-04,로고패턴,0,google,trend_relative
2026-01-11,로고패턴,0,google,trend_relative
2026-01-18,로고패턴,0,google,trend_relative
2026-01-25,로고패턴,0,google,trend_relative
2026-02-01,로고패턴,0,google,trend_relative
2026-02-08,로고패턴,0,google,trend_relative
2026-02-15,로고패턴,0,google,trend_relative
2026-02-22,로고패턴,0,google,trend_relative
2026-03-01,로고패턴,0,google,trend_relative
2026-03-08,로고패턴,0,google,trend_relative
2026-03-15,로고패턴,0,google,trend_relative
2026-03-22,로고패턴,0,google,trend_relative
2026-03-29,로고패턴,0,google,trend_relative
2026-04-05,로고패턴,0,google,trend_relative
2026-04-12,로고패턴,0,google,trend_relative
2026-04-19,로고패턴,0,google,trend_relative
2026-04-26,로고패턴,0,google,trend_relative
2026-05-03,로고패턴,0,google,trend_relative
2026-05-10,로고패턴,0,google,trend_relative
2026-05-17,로고패턴,0,google,trend_relative
2026-05-24,로고패턴,0,google,trend_relative
2026-05-31,로고패턴,0,google,trend_relative
2026-06-07,로고패턴,0,google,trend_relative
2026-06-14,로고패턴,0,google,trend_relative
2026-06-21,로고패턴,0,google,trend_relative
2026-06-28,로고패턴,0,google,trend_relative
2026-07-05,로고패턴,0,google,trend_relative
2026-07-12,로고패턴,0,google,trend_relative
2026-07-19,로고패턴,0,google,trend_relative
2026-07-26,로고패턴,0,google,trend_relative
2026-08-02,로고패턴,0,google,trend_relative
2026-08-09,로고패턴,0,google,trend_relative
2026-08-16,로고패턴,0,google,trend_relative
2026-08-23,로고패턴,0,google,trend_relative
2026-08-30,로고패턴,2,google,trend_relative
2026-09-06,로고패턴,2,google,trend_relative
2026-09-13,로고패턴,0,google,trend_relative
2025-09-14,레터링,83,google,trend_relative
2025-09-21,레터링,91,google,trend_relative
2025-09-28,레터링,74,google,trend_relative
2025-10-05,레터링,82,google,trend_relative
2025-10-12,레터링,77,google,trend_relative
2025-10-19,레터링,73,google,trend_relative
2025-10-26,레터링,83,google,trend_relative
2025-11-02,레터링,100,google,trend_relative
2025-11-09,레터링,88,google,trend_relative
2025-11-16,레터링,83,google,trend_relative
2025-11-23,레터링,83,google,trend_relative
2025-11-30,레터링,85,google,trend_relative
2025-12-07,레터링,96,google,trend_relative
2025-12-14,레터링,92,google,trend_relative
2025-12-21,레터링,99,google,trend_relative
2025-12-28,레터링,74,google,trend_relative
2026-01-04,레터링,86,google,trend_relative
2026-01-11,레터링,68,google,trend_relative
2026-01-18,레터링,71,google,trend_relative
2026-01-25,레터링,73,google,trend_relative
2026-02-01,레터링,71,google,trend_relative
2026-02-08,레터링,88,google,trend_relative
2026-02-15,레터링,72,google,trend_relative
2026-02-22,레터링,75,google,trend_relative
2026-03-01,레터링,84,google,trend_relative
2026-03-08,레터링,69,google,trend_relative
2026-03-15,레터링,87,google,trend_relative
2026-03-22,레터링,70,google,trend_relative
2026-03-29,레터링,88,google,trend_relative
2026-04-05,레터링,72,google,trend_relative
2026-04-12,레터링,78,google,trend_relative
2026-04-19,레터링,80,google,trend_relative
2026-04-26,레터링,83,google,trend_relative
2026-05-03,레터링,82,google,trend_relative
2026-05-10,레터링,99,google,trend_relative
2026-05-17,레터링,88,google,trend_relative
2026-05-24,레터링,75,google,trend_relative
2026-05-31,레터링,72,google,trend_relative
2026-06-07,레터링,67,google,trend_relative
2026-06-14,레터링,66,google,trend_relative
2026-06-21,레터링,63,google,trend_relative
2026-06-28,레터링,69,google,trend_relative
2026-07-05,레터링,73,google,trend_relative
2026-07-12,레터링,61,google,trend_relative
2026-07-19,레터링,81,google,trend_relative
2026-07-26,레터링,76,google,trend_relative
2026-08-02,레터링,49,google,trend_relative
2026-08-09,레터링,66,google,trend_relative
2026-08-16,레터링,57,google,trend_relative
2026-08-23,레터링,66,google,trend_relative
2026-08-30,레터링,55,google,trend_relative
2026-09-06,레터링,63,google,trend_relative
2026-09-13,레터링,62,google,trend_relative
2025-09-14,그래픽,80,google,trend_relative
2025-09-21,그래픽,76,google,trend_relative
2025-09-28,그래픽,83,google,trend_relative
2025-10-05,그래픽,84,google,trend_relative
2025-10-12,그래픽,80,google,trend_relative
2025-10-19,그래픽,81,google,trend_relative
2025-10-26,그래픽,88,google,trend_relative
2025-11-02,그래픽,89,google,trend_relative
2025-11-09,그래픽,96,google,trend_relative
2025-11-16,그래픽,100,google,trend_relative
2025-11-23,그래픽,94,google,trend_relative
2025-11-30,그래픽,85,google,trend_relative
2025-12-07,그래픽,84,google,trend_relative
2025-12-14,그래픽,83,google,trend_relative
2025-12-21,그래픽,82,google,trend_relative
2025-12-28,그래픽,78,google,trend_relative
2026-01-04,그래픽,83,google,trend_relative
2026-01-11,그래픽,78,google,trend_relative
2026-01-18,그래픽,88,google,trend_relative
2026-01-25,그래픽,87,google,trend_relative
2026-02-01,그래픽,76,google,trend_relative
2026-02-08,그래픽,69,google,trend_relative
2026-02-15,그래픽,72,google,trend_relative
2026-02-22,그래픽,77,google,trend_relative
2026-03-01,그래픽,80,google,trend_relative
2026-03-08,그래픽,72,google,trend_relative
2026-03-15,그래픽,75,google,trend_relative
2026-03-22,그래픽,80,google,trend_relative
2026-03-29,그래픽,74,google,trend_relative
2026-04-05,그래픽,69,google,trend_relative
2026-04-12,그래픽,60,google,trend_relative
2026-04-19,그래픽,57,google,trend_relative
2026-04-26,그래픽,65,google,trend_relative
2026-05-03,그래픽,79,google,trend_relative
2026-05-10,그래픽,66,google,trend_relative
2026-05-17,그래픽,61,google,trend_relative
2026-05-24,그래픽,65,google,trend_relative
2026-05-31,그래픽,67,google,trend_relative
2026-06-07,그래픽,62,google,trend_relative
2026-06-14,그래픽,60,google,trend_relative
2026-06-21,그래픽,59,google,trend_relative
2026-06-28,그래픽,58,google,trend_relative
2026-07-05,그래픽,60,google,trend_relative
2026-07-12,그래픽,56,google,trend_relative
2026-07-19,그래픽,55,google,trend_relative
2026-07-26,그래픽,56,google,trend_relative
2026-08-02,그래픽,52,google,trend_relative
2026-08-09,그래픽,53,google,trend_relative
2026-08-16,그래픽,56,google,trend_relative
2026-08-23,그래픽,63,google,trend_relative
2026-08-30,그래픽,67,google,trend_relative
2026-09-06,그래픽,73,google,trend_relative
2026-09-13,그래픽,68,google,trend_relative
2025-09-14,A라인,1,google,trend_relative
2025-09-21,A라인,1,google,trend_relative
2025-09-28,A라인,0,google,trend_relative
2025-10-05,A라인,1,google,trend_relative
2025-10-12,A라인,1,google,trend_relative
2025-10-19,A라인,1,google,trend_relative
2025-10-26,A라인,1,google,trend_relative
2025-11-02,A라인,2,google,trend_relative
2025-11-09,A라인,2,google,trend_relative
2025-11-16,A라인,2,google,trend_relative
2025-11-23,A라인,4,google,trend_relative
2025-11-30,A라인,5,google,trend_relative
2025-12-07,A라인,4,google,trend_relative
2025-12-14,A라인,4,google,trend_relative
2025-12-21,A라인,3,google,trend_relative
2025-12-28,A라인,1,google,trend_relative
2026-01-04,A라인,3,google,trend_relative
2026-01-11,A라인,2,google,trend_relative
2026-01-18,A라인,3,google,trend_relative
2026-01-25,A라인,3,google,trend_relative
2026-02-01,A라인,3,google,trend_relative
2026-02-08,A라인,2,google,trend_relative
2026-02-15,A라인,2,google,trend_relative
2026-02-22,A라인,4,google,trend_relative
2026-03-01,A라인,3,google,trend_relative
2026-03-08,A라인,3,google,trend_relative
2026-03-15,A라인,3,google,trend_relative
2026-03-22,A라인,3,google,trend_relative
2026-03-29,A라인,3,google,trend_relative
2026-04-05,A라인,3,google,trend_relative
2026-04-12,A라인,3,google,trend_relative
2026-04-19,A라인,3,google,trend_relative
2026-04-26,A라인,3,google,trend_relative
2026-05-03,A라인,3,google,trend_relative
2026-05-10,A라인,4,google,trend_relative
2026-05-17,A라인,3,google,trend_relative
2026-05-24,A라인,3,google,trend_relative
2026-05-31,A라인,3,google,trend_relative
2026-06-07,A라인,3,google,trend_relative
2026-06-14,A라인,3,google,trend_relative
2026-06-21,A라인,3,google,trend_relative
2026-06-28,A라인,3,google,trend_relative
2026-07-05,A라인,3,google,trend_relative
2026-07-12,A라인,2,google,trend_relative
2026-07-19,A라인,2,google,trend_relative
2026-07-26,A라인,1,google,trend_relative
2026-08-02,A라인,1,google,trend_relative
2026-08-09,A라인,1,google,trend_relative
2026-08-16,A라인,2,google,trend_relative
2026-08-23,A라인,1,google,trend_relative
2026-08-30,A라인,1,google,trend_relative
2026-09-06,A라인,1,google,trend_relative
2026-09-13,A라인,1,google,trend_relative
2025-09-14,H라인,0,google,trend_relative
2025-09-21,H라인,1,google,trend_relative
2025-09-28,H라인,0,google,trend_relative
2025-10-05,H라인,0,google,trend_relative
2025-10-12,H라인,1,google,trend_relative
2025-10-19,H라인,1,google,trend_relative
2025-10-26,H라인,0,google,trend_relative
2025-11-02,H라인,1,google,trend_relative
2025-11-09,H라인,1,google,trend_relative
2025-11-16,H라인,0,google,trend_relative
2025-11-23,H라인,1,google,trend_relative
2025-11-30,H라인,1,google,trend_relative
2025-12-07,H라인,1,google,trend_relative
2025-12-14,H라인,1,google,trend_relative
2025-12-21,H라인,1,google,trend_relative
2025-12-28,H라인,1,google,trend_relative
2026-01-04,H라인,1,google,trend_relative
2026-01-11,H라인,1,google,trend_relative
2026-01-18,H라인,1,google,trend_relative
2026-01-25,H라인,1,google,trend_relative
2026-02-01,H라인,1,google,trend_relative
2026-02-08,H라인,0,google,trend_relative
2026-02-15,H라인,1,google,trend_relative
2026-02-22,H라인,1,google,trend_relative
2026-03-01,H라인,1,google,trend_relative
2026-03-08,H라인,1,google,trend_relative
2026-03-15,H라인,1,google,trend_relative
2026-03-22,H라인,1,google,trend_relative
2026-03-29,H라인,0,google,trend_relative
2026-04-05,H라인,1,google,trend_relative
2026-04-12,H라인,1,google,trend_relative
2026-04-19,H라인,1,google,trend_relative
2026-04-26,H라인,1,google,trend_relative
2026-05-03,H라인,1,google,trend_relative
2026-05-10,H라인,1,google,trend_relative
2026-05-17,H라인,1,google,trend_relative
2026-05-24,H라인,0,google,trend_relative
2026-05-31,H라인,1,google,trend_relative
2026-06-07,H라인,1,google,trend_relative
2026-06-14,H라인,1,google,trend_relative
2026-06-21,H라인,1,google,trend_relative
2026-06-28,H라인,1,google,trend_relative
2026-07-05,H라인,1,google,trend_relative
2026-07-12,H라인,0,google,trend_relative
2026-07-19,H라인,0,google,trend_relative
2026-07-26,H라인,0,google,trend_relative
2026-08-02,H라인,0,google,trend_relative
2026-08-09,H라인,1,google,trend_relative
2026-08-16,H라인,0,google,trend_relative
2026-08-23,H라인,0,google,trend_relative
2026-08-30,H라인,0,google,trend_relative
2026-09-06,H라인,0,google,trend_relative
2026-09-13,H라인,0,google,trend_relative
2025-09-14,머메이드,2,google,trend_relative
2025-09-21,머메이드,1,google,trend_relative
2025-09-28,머메이드,2,google,trend_relative
2025-10-05,머메이드,2,google,trend_relative
2025-10-12,머메이드,2,google,trend_relative
2025-10-19,머메이드,2,google,trend_relative
2025-10-26,머메이드,3,google,trend_relative
2025-11-02,머메이드,3,google,trend_relative
2025-11-09,머메이드,3,google,trend_relative
2025-11-16,머메이드,2,google,trend_relative
2025-11-23,머메이드,2,google,trend_relative
2025-11-30,머메이드,2,google,trend_relative
2025-12-07,머메이드,2,google,trend_relative
2025-12-14,머메이드,2,google,trend_relative
2025-12-21,머메이드,1,google,trend_relative
2025-12-28,머메이드,2,google,trend_relative
2026-01-04,머메이드,2,google,trend_relative
2026-01-11,머메이드,2,google,trend_relative
2026-01-18,머메이드,2,google,trend_relative
2026-01-25,머메이드,2,google,trend_relative
2026-02-01,머메이드,2,google,trend_relative
2026-02-08,머메이드,2,google,trend_relative
2026-02-15,머메이드,1,google,trend_relative
2026-02-22,머메이드,2,google,trend_relative
2026-03-01,머메이드,2,google,trend_relative
2026-03-08,머메이드,2,google,trend_relative
2026-03-15,머메이드,2,google,trend_relative
2026-03-22,머메이드,2,google,trend_relative
2026-03-29,머메이드,2,google,trend_relative
2026-04-05,머메이드,2,google,trend_relative
2026-04-12,머메이드,2,google,trend_relative
2026-04-19,머메이드,2,google,trend_relative
2026-04-26,머메이드,1,google,trend_relative
2026-05-03,머메이드,2,google,trend_relative
2026-05-10,머메이드,2,google,trend_relative
2026-05-17,머메이드,1,google,trend_relative
2026-05-24,머메이드,2,google,trend_relative
2026-05-31,머메이드,2,google,trend_relative
2026-06-07,머메이드,1,google,trend_relative
2026-06-14,머메이드,1,google,trend_relative
2026-06-21,머메이드,2,google,trend_relative
2026-06-28,머메이드,3,google,trend_relative
2026-07-05,머메이드,2,google,trend_relative
2026-07-12,머메이드,2,google,trend_relative
2026-07-19,머메이드,3,google,trend_relative
2026-07-26,머메이드,3,google,trend_relative
2026-08-02,머메이드,1,google,trend_relative
2026-08-09,머메이드,2,google,trend_relative
2026-08-16,머메이드,2,google,trend_relative
2026-08-23,머메이드,2,google,trend_relative
2026-08-30,머메이드,2,google,trend_relative
2026-09-06,머메이드,2,google,trend_relative
2026-09-13,머메이드,2,google,trend_relative
2025-09-14,코쿤,2,google,trend_relative
2025-09-21,코쿤,1,google,trend_relative
2025-09-28,코쿤,2,google,trend_relative
2025-10-05,코쿤,2,google,trend_relative
2025-10-12,코쿤,3,google,trend_relative
2025-10-19,코쿤,2,google,trend_relative
2025-10-26,코쿤,3,google,trend_relative
2025-11-02,코쿤,2,google,trend_relative
2025-11-09,코쿤,3,google,trend_relative
2025-11-16,코쿤,1,google,trend_relative
2025-11-23,코쿤,2,google,trend_relative
2025-11-30,코쿤,2,google,trend_relative
2025-12-07,코쿤,2,google,trend_relative
2025-12-14,코쿤,2,google,trend_relative
2025-12-21,코쿤,3,google,trend_relative
2025-12-28,코쿤,2,google,trend_relative
2026-01-04,코쿤,2,google,trend_relative
2026-01-11,코쿤,2,google,trend_relative
2026-01-18,코쿤,2,google,trend_relative
2026-01-25,코쿤,2,google,trend_relative
2026-02-01,코쿤,1,google,trend_relative
2026-02-08,코쿤,2,google,trend_relative
2026-02-15,코쿤,2,google,trend_relative
2026-02-22,코쿤,2,google,trend_relative
2026-03-01,코쿤,2,google,trend_relative
2026-03-08,코쿤,2,google,trend_relative
2026-03-15,코쿤,2,google,trend_relative
2026-03-22,코쿤,2,google,trend_relative
2026-03-29,코쿤,1,google,trend_relative
2026-04-05,코쿤,2,google,trend_relative
2026-04-12,코쿤,2,google,trend_relative
2026-04-19,코쿤,2,google,trend_relative
2026-04-26,코쿤,2,google,trend_relative
2026-05-03,코쿤,2,google,trend_relative
2026-05-10,코쿤,1,google,trend_relative
2026-05-17,코쿤,2,google,trend_relative
2026-05-24,코쿤,2,google,trend_relative
2026-05-31,코쿤,2,google,trend_relative
2026-06-07,코쿤,1,google,trend_relative
2026-06-14,코쿤,5,google,trend_relative
2026-06-21,코쿤,3,google,trend_relative
2026-06-28,코쿤,4,google,trend_relative
2026-07-05,코쿤,2,google,trend_relative
2026-07-12,코쿤,2,google,trend_relative
2026-07-19,코쿤,1,google,trend_relative
2026-07-26,코쿤,2,google,trend_relative
2026-08-02,코쿤,2,google,trend_relative
2026-08-09,코쿤,1,google,trend_relative
2026-08-16,코쿤,1,google,trend_relative
2026-08-23,코쿤,2,google,trend_relative
2026-08-30,코쿤,1,google,trend_relative
2026-09-06,코쿤,1,google,trend_relative
2026-09-13,코쿤,1,google,trend_relative
2025-09-14,벌룬,54,google,trend_relative
2025-09-21,벌룬,90,google,trend_relative
2025-09-28,벌룬,100,google,trend_relative
2025-10-05,벌룬,74,google,trend_relative
2025-10-12,벌룬,65,google,trend_relative
2025-10-19,벌룬,72,google,trend_relative
2025-10-26,벌룬,80,google,trend_relative
2025-11-02,벌룬,82,google,trend_relative
2025-11-09,벌룬,82,google,trend_relative
2025-11-16,벌룬,59,google,trend_relative
2025-11-23,벌룬,75,google,trend_relative
2025-11-30,벌룬,85,google,trend_relative
2025-12-07,벌룬,62,google,trend_relative
2025-12-14,벌룬,77,google,trend_relative
2025-12-21,벌룬,86,google,trend_relative
2025-12-28,벌룬,67,google,trend_relative
2026-01-04,벌룬,69,google,trend_relative
2026-01-11,벌룬,69,google,trend_relative
2026-01-18,벌룬,80,google,trend_relative
2026-01-25,벌룬,67,google,trend_relative
2026-02-01,벌룬,62,google,trend_relative
2026-02-08,벌룬,46,google,trend_relative
2026-02-15,벌룬,73,google,trend_relative
2026-02-22,벌룬,73,google,trend_relative
2026-03-01,벌룬,84,google,trend_relative
2026-03-08,벌룬,73,google,trend_relative
2026-03-15,벌룬,78,google,trend_relative
2026-03-22,벌룬,79,google,trend_relative
2026-03-29,벌룬,87,google,trend_relative
2026-04-05,벌룬,72,google,trend_relative
2026-04-12,벌룬,65,google,trend_relative
2026-04-19,벌룬,73,google,trend_relative
2026-04-26,벌룬,79,google,trend_relative
2026-05-03,벌룬,52,google,trend_relative
2026-05-10,벌룬,73,google,trend_relative
2026-05-17,벌룬,75,google,trend_relative
2026-05-24,벌룬,66,google,trend_relative
2026-05-31,벌룬,44,google,trend_relative
2026-06-07,벌룬,51,google,trend_relative
2026-06-14,벌룬,54,google,trend_relative
2026-06-21,벌룬,59,google,trend_relative
2026-06-28,벌룬,54,google,trend_relative
2026-07-05,벌룬,71,google,trend_relative
2026-07-12,벌룬,58,google,trend_relative
2026-07-19,벌룬,59,google,trend_relative
2026-07-26,벌룬,47,google,trend_relative
2026-08-02,벌룬,61,google,trend_relative
2026-08-09,벌룬,44,google,trend_relative
2026-08-16,벌룬,79,google,trend_relative
2026-08-23,벌룬,77,google,trend_relative
2026-08-30,벌룬,58,google,trend_relative
2026-09-06,벌룬,77,google,trend_relative
2026-09-13,벌룬,96,google,trend_relative
2025-09-14,박시,16,google,trend_relative
2025-09-21,박시,31,google,trend_relative
2025-09-28,박시,28,google,trend_relative
2025-10-05,박시,17,google,trend_relative
2025-10-12,박시,22,google,trend_relative
2025-10-19,박시,33,google,trend_relative
2025-10-26,박시,34,google,trend_relative
2025-11-02,박시,42,google,trend_relative
2025-11-09,박시,21,google,trend_relative
2025-11-16,박시,41,google,trend_relative
2025-11-23,박시,0,google,trend_relative
2025-11-30,박시,38,google,trend_relative
2025-12-07,박시,28,google,trend_relative
2025-12-14,박시,27,google,trend_relative
2025-12-21,박시,0,google,trend_relative
2025-12-28,박시,22,google,trend_relative
2026-01-04,박시,16,google,trend_relative
2026-01-11,박시,0,google,trend_relative
2026-01-18,박시,19,google,trend_relative
2026-01-25,박시,33,google,trend_relative
2026-02-01,박시,26,google,trend_relative
2026-02-08,박시,0,google,trend_relative
2026-02-15,박시,20,google,trend_relative
2026-02-22,박시,22,google,trend_relative
2026-03-01,박시,23,google,trend_relative
2026-03-08,박시,30,google,trend_relative
2026-03-15,박시,32,google,trend_relative
2026-03-22,박시,33,google,trend_relative
2026-03-29,박시,26,google,trend_relative
2026-04-05,박시,27,google,trend_relative
2026-04-12,박시,35,google,trend_relative
2026-04-19,박시,38,google,trend_relative
2026-04-26,박시,35,google,trend_relative
2026-05-03,박시,26,google,trend_relative
2026-05-10,박시,29,google,trend_relative
2026-05-17,박시,32,google,trend_relative
2026-05-24,박시,29,google,trend_relative
2026-05-31,박시,17,google,trend_relative
2026-06-07,박시,15,google,trend_relative
2026-06-14,박시,35,google,trend_relative
2026-06-21,박시,29,google,trend_relative
2026-06-28,박시,26,google,trend_relative
2026-07-05,박시,24,google,trend_relative
2026-07-12,박시,22,google,trend_relative
2026-07-19,박시,19,google,trend_relative
2026-07-26,박시,25,google,trend_relative
2026-08-02,박시,18,google,trend_relative
2026-08-09,박시,14,google,trend_relative
2026-08-16,박시,20,google,trend_relative
2026-08-23,박시,15,google,trend_relative
2026-08-30,박시,16,google,trend_relative
2026-09-06,박시,24,google,trend_relative
2026-09-13,박시,28,google,trend_relative
2025-09-14,페플럼,0,google,trend_relative
2025-09-21,페플럼,0,google,trend_relative
2025-09-28,페플럼,0,google,trend_relative
2025-10-05,페플럼,0,google,trend_relative
2025-10-12,페플럼,0,google,trend_relative
2025-10-19,페플럼,0,google,trend_relative
2025-10-26,페플럼,0,google,trend_relative
2025-11-02,페플럼,0,google,trend_relative
2025-11-09,페플럼,0,google,trend_relative
2025-11-16,페플럼,0,google,trend_relative
2025-11-23,페플럼,0,google,trend_relative
2025-11-30,페플럼,0,google,trend_relative
2025-12-07,페플럼,0,google,trend_relative
2025-12-14,페플럼,0,google,trend_relative
2025-12-21,페플럼,0,google,trend_relative
2025-12-28,페플럼,0,google,trend_relative
2026-01-04,페플럼,0,google,trend_relative
2026-01-11,페플럼,0,google,trend_relative
2026-01-18,페플럼,0,google,trend_relative
2026-01-25,페플럼,0,google,trend_relative
2026-02-01,페플럼,0,google,trend_relative
2026-02-08,페플럼,0,google,trend_relative
2026-02-15,페플럼,0,google,trend_relative
2026-02-22,페플럼,0,google,trend_relative
2026-03-01,페플럼,0,google,trend_relative
2026-03-08,페플럼,0,google,trend_relative
2026-03-15,페플럼,0,google,trend_relative
2026-03-22,페플럼,0,google,trend_relative
2026-03-29,페플럼,0,google,trend_relative
2026-04-05,페플럼,0,google,trend_relative
2026-04-12,페플럼,0,google,trend_relative
2026-04-19,페플럼,0,google,trend_relative
2026-04-26,페플럼,0,google,trend_relative
2026-05-03,페플럼,0,google,trend_relative
2026-05-10,페플럼,0,google,trend_relative
2026-05-17,페플럼,0,google,trend_relative
2026-05-24,페플럼,0,google,trend_relative
2026-05-31,페플럼,0,google,trend_relative
2026-06-07,페플럼,0,google,trend_relative
2026-06-14,페플럼,0,google,trend_relative
2026-06-21,페플럼,0,google,trend_relative
2026-06-28,페플럼,0,google,trend_relative
2026-07-05,페플럼,0,google,trend_relative
2026-07-12,페플럼,0,google,trend_relative
2026-07-19,페플럼,0,google,trend_relative
2026-07-26,페플럼,0,google,trend_relative
2026-08-02,페플럼,0,google,trend_relative
2026-08-09,페플럼,0,google,trend_relative
2026-08-16,페플럼,0,google,trend_relative
2026-08-23,페플럼,0,google,trend_relative
2026-08-30,페플럼,2,google,trend_relative
2026-09-06,페플럼,3,google,trend_relative
2026-09-13,페플럼,0,google,trend_relative
2025-09-14,마이크로미니,0,google,trend_relative
2025-09-21,마이크로미니,28,google,trend_relative
2025-09-28,마이크로미니,27,google,trend_relative
2025-10-05,마이크로미니,0,google,trend_relative
2025-10-12,마이크로미니,15,google,trend_relative
2025-10-19,마이크로미니,0,google,trend_relative
2025-10-26,마이크로미니,0,google,trend_relative
2025-11-02,마이크로미니,0,google,trend_relative
2025-11-09,마이크로미니,15,google,trend_relative
2025-11-16,마이크로미니,22,google,trend_relative
2025-11-23,마이크로미니,0,google,trend_relative
2025-11-30,마이크로미니,0,google,trend_relative
2025-12-07,마이크로미니,20,google,trend_relative
2025-12-14,마이크로미니,0,google,trend_relative
2025-12-21,마이크로미니,0,google,trend_relative
2025-12-28,마이크로미니,0,google,trend_relative
2026-01-04,마이크로미니,0,google,trend_relative
2026-01-11,마이크로미니,0,google,trend_relative
2026-01-18,마이크로미니,0,google,trend_relative
2026-01-25,마이크로미니,0,google,trend_relative
2026-02-01,마이크로미니,0,google,trend_relative
2026-02-08,마이크로미니,15,google,trend_relative
2026-02-15,마이크로미니,0,google,trend_relative
2026-02-22,마이크로미니,15,google,trend_relative
2026-03-01,마이크로미니,0,google,trend_relative
2026-03-08,마이크로미니,0,google,trend_relative
2026-03-15,마이크로미니,0,google,trend_relative
2026-03-22,마이크로미니,0,google,trend_relative
2026-03-29,마이크로미니,21,google,trend_relative
2026-04-05,마이크로미니,0,google,trend_relative
2026-04-12,마이크로미니,0,google,trend_relative
2026-04-19,마이크로미니,0,google,trend_relative
2026-04-26,마이크로미니,18,google,trend_relative
2026-05-03,마이크로미니,14,google,trend_relative
2026-05-10,마이크로미니,18,google,trend_relative
2026-05-17,마이크로미니,18,google,trend_relative
2026-05-24,마이크로미니,16,google,trend_relative
2026-05-31,마이크로미니,15,google,trend_relative
2026-06-07,마이크로미니,13,google,trend_relative
2026-06-14,마이크로미니,19,google,trend_relative
2026-06-21,마이크로미니,0,google,trend_relative
2026-06-28,마이크로미니,0,google,trend_relative
2026-07-05,마이크로미니,0,google,trend_relative
2026-07-12,마이크로미니,0,google,trend_relative
2026-07-19,마이크로미니,0,google,trend_relative
2026-07-26,마이크로미니,19,google,trend_relative
2026-08-02,마이크로미니,0,google,trend_relative
2026-08-09,마이크로미니,14,google,trend_relative
2026-08-16,마이크로미니,0,google,trend_relative
2026-08-23,마이크로미니,15,google,trend_relative
2026-08-30,마이크로미니,9,google,trend_relative
2026-09-06,마이크로미니,11,google,trend_relative
2026-09-13,마이크로미니,7,google,trend_relative
2025-09-14,니렝스,0,google,trend_relative
2025-09-21,니렝스,0,google,trend_relative
2025-09-28,니렝스,0,google,trend_relative
2025-10-05,니렝스,0,google,trend_relative
2025-10-12,니렝스,0,google,trend_relative
2025-10-19,니렝스,0,google,trend_relative
2025-10-26,니렝스,0,google,trend_relative
2025-11-02,니렝스,0,google,trend_relative
2025-11-09,니렝스,0,google,trend_relative
2025-11-16,니렝스,0,google,trend_relative
2025-11-23,니렝스,0,google,trend_relative
2025-11-30,니렝스,0,google,trend_relative
2025-12-07,니렝스,0,google,trend_relative
2025-12-14,니렝스,0,google,trend_relative
2025-12-21,니렝스,0,google,trend_relative
2025-12-28,니렝스,0,google,trend_relative
2026-01-04,니렝스,0,google,trend_relative
2026-01-11,니렝스,0,google,trend_relative
2026-01-18,니렝스,0,google,trend_relative
2026-01-25,니렝스,0,google,trend_relative
2026-02-01,니렝스,0,google,trend_relative
2026-02-08,니렝스,0,google,trend_relative
2026-02-15,니렝스,0,google,trend_relative
2026-02-22,니렝스,0,google,trend_relative
2026-03-01,니렝스,0,google,trend_relative
2026-03-08,니렝스,0,google,trend_relative
2026-03-15,니렝스,0,google,trend_relative
2026-03-22,니렝스,0,google,trend_relative
2026-03-29,니렝스,0,google,trend_relative
2026-04-05,니렝스,0,google,trend_relative
2026-04-12,니렝스,0,google,trend_relative
2026-04-19,니렝스,0,google,trend_relative
2026-04-26,니렝스,0,google,trend_relative
2026-05-03,니렝스,0,google,trend_relative
2026-05-10,니렝스,0,google,trend_relative
2026-05-17,니렝스,0,google,trend_relative
2026-05-24,니렝스,0,google,trend_relative
2026-05-31,니렝스,0,google,trend_relative
2026-06-07,니렝스,0,google,trend_relative
2026-06-14,니렝스,0,google,trend_relative
2026-06-21,니렝스,0,google,trend_relative
2026-06-28,니렝스,0,google,trend_relative
2026-07-05,니렝스,0,google,trend_relative
2026-07-12,니렝스,0,google,trend_relative
2026-07-19,니렝스,0,google,trend_relative
2026-07-26,니렝스,0,google,trend_relative
2026-08-02,니렝스,0,google,trend_relative
2026-08-09,니렝스,0,google,trend_relative
2026-08-16,니렝스,0,google,trend_relative
2026-08-23,니렝스,0,google,trend_relative
2026-08-30,니렝스,0,google,trend_relative
2026-09-06,니렝스,0,google,trend_relative
2026-09-13,니렝스,0,google,trend_relative
2025-09-14,목토,0,google,trend_relative
2025-09-21,목토,0,google,trend_relative
2025-09-28,목토,0,google,trend_relative
2025-10-05,목토,0,google,trend_relative
2025-10-12,목토,0,google,trend_relative
2025-10-19,목토,0,google,trend_relative
2025-10-26,목토,0,google,trend_relative
2025-11-02,목토,0,google,trend_relative
2025-11-09,목토,62,google,trend_relative
2025-11-16,목토,0,google,trend_relative
2025-11-23,목토,0,google,trend_relative
2025-11-30,목토,60,google,trend_relative
2025-12-07,목토,78,google,trend_relative
2025-12-14,목토,0,google,trend_relative
2025-12-21,목토,0,google,trend_relative
2025-12-28,목토,100,google,trend_relative
2026-01-04,목토,69,google,trend_relative
2026-01-11,목토,0,google,trend_relative
2026-01-18,목토,0,google,trend_relative
2026-01-25,목토,59,google,trend_relative
2026-02-01,목토,0,google,trend_relative
2026-02-08,목토,73,google,trend_relative
2026-02-15,목토,0,google,trend_relative
2026-02-22,목토,0,google,trend_relative
2026-03-01,목토,0,google,trend_relative
2026-03-08,목토,0,google,trend_relative
2026-03-15,목토,0,google,trend_relative
2026-03-22,목토,69,google,trend_relative
2026-03-29,목토,0,google,trend_relative
2026-04-05,목토,0,google,trend_relative
2026-04-12,목토,0,google,trend_relative
2026-04-19,목토,0,google,trend_relative
2026-04-26,목토,0,google,trend_relative
2026-05-03,목토,0,google,trend_relative
2026-05-10,목토,52,google,trend_relative
2026-05-17,목토,0,google,trend_relative
2026-05-24,목토,0,google,trend_relative
2026-05-31,목토,0,google,trend_relative
2026-06-07,목토,0,google,trend_relative
2026-06-14,목토,0,google,trend_relative
2026-06-21,목토,0,google,trend_relative
2026-06-28,목토,0,google,trend_relative
2026-07-05,목토,0,google,trend_relative
2026-07-12,목토,0,google,trend_relative
2026-07-19,목토,0,google,trend_relative
2026-07-26,목토,0,google,trend_relative
2026-08-02,목토,0,google,trend_relative
2026-08-09,목토,0,google,trend_relative
2026-08-16,목토,0,google,trend_relative
2026-08-23,목토,0,google,trend_relative
2026-08-30,목토,26,google,trend_relative
2026-09-06,목토,33,google,trend_relative
2026-09-13,목토,42,google,trend_relative
2025-09-14,캡토,0,google,trend_relative
2025-09-21,캡토,0,google,trend_relative
2025-09-28,캡토,0,google,trend_relative
2025-10-05,캡토,0,google,trend_relative
2025-10-12,캡토,0,google,trend_relative
2025-10-19,캡토,0,google,trend_relative
2025-10-26,캡토,0,google,trend_relative
2025-11-02,캡토,0,google,trend_relative
2025-11-09,캡토,0,google,trend_relative
2025-11-16,캡토,0,google,trend_relative
2025-11-23,캡토,0,google,trend_relative
2025-11-30,캡토,0,google,trend_relative
2025-12-07,캡토,0,google,trend_relative
2025-12-14,캡토,0,google,trend_relative
2025-12-21,캡토,0,google,trend_relative
2025-12-28,캡토,0,google,trend_relative
2026-01-04,캡토,0,google,trend_relative
2026-01-11,캡토,0,google,trend_relative
2026-01-18,캡토,0,google,trend_relative
2026-01-25,캡토,0,google,trend_relative
2026-02-01,캡토,0,google,trend_relative
2026-02-08,캡토,0,google,trend_relative
2026-02-15,캡토,0,google,trend_relative
2026-02-22,캡토,0,google,trend_relative
2026-03-01,캡토,0,google,trend_relative
2026-03-08,캡토,0,google,trend_relative
2026-03-15,캡토,0,google,trend_relative
2026-03-22,캡토,0,google,trend_relative
2026-03-29,캡토,0,google,trend_relative
2026-04-05,캡토,0,google,trend_relative
2026-04-12,캡토,0,google,trend_relative
2026-04-19,캡토,0,google,trend_relative
2026-04-26,캡토,0,google,trend_relative
2026-05-03,캡토,0,google,trend_relative
2026-05-10,캡토,0,google,trend_relative
2026-05-17,캡토,0,google,trend_relative
2026-05-24,캡토,0,google,trend_relative
2026-05-31,캡토,0,google,trend_relative
2026-06-07,캡토,0,google,trend_relative
2026-06-14,캡토,0,google,trend_relative
2026-06-21,캡토,0,google,trend_relative
2026-06-28,캡토,0,google,trend_relative
2026-07-05,캡토,0,google,trend_relative
2026-07-12,캡토,0,google,trend_relative
2026-07-19,캡토,0,google,trend_relative
2026-07-26,캡토,0,google,trend_relative
2026-08-02,캡토,0,google,trend_relative
2026-08-09,캡토,0,google,trend_relative
2026-08-16,캡토,0,google,trend_relative
2026-08-23,캡토,0,google,trend_relative
2026-08-30,캡토,8,google,trend_relative
2026-09-06,캡토,6,google,trend_relative
2026-09-13,캡토,0,google,trend_relative
2025-09-14,키튼힐,0,google,trend_relative
2025-09-21,키튼힐,0,google,trend_relative
2025-09-28,키튼힐,0,google,trend_relative
2025-10-05,키튼힐,0,google,trend_relative
2025-10-12,키튼힐,0,google,trend_relative
2025-10-19,키튼힐,0,google,trend_relative
2025-10-26,키튼힐,0,google,trend_relative
2025-11-02,키튼힐,0,google,trend_relative
2025-11-09,키튼힐,0,google,trend_relative
2025-11-16,키튼힐,0,google,trend_relative
2025-11-23,키튼힐,0,google,trend_relative
2025-11-30,키튼힐,0,google,trend_relative
2025-12-07,키튼힐,0,google,trend_relative
2025-12-14,키튼힐,0,google,trend_relative
2025-12-21,키튼힐,0,google,trend_relative
2025-12-28,키튼힐,0,google,trend_relative
2026-01-04,키튼힐,0,google,trend_relative
2026-01-11,키튼힐,0,google,trend_relative
2026-01-18,키튼힐,0,google,trend_relative
2026-01-25,키튼힐,0,google,trend_relative
2026-02-01,키튼힐,0,google,trend_relative
2026-02-08,키튼힐,0,google,trend_relative
2026-02-15,키튼힐,0,google,trend_relative
2026-02-22,키튼힐,0,google,trend_relative
2026-03-01,키튼힐,0,google,trend_relative
2026-03-08,키튼힐,0,google,trend_relative
2026-03-15,키튼힐,0,google,trend_relative
2026-03-22,키튼힐,0,google,trend_relative
2026-03-29,키튼힐,0,google,trend_relative
2026-04-05,키튼힐,0,google,trend_relative
2026-04-12,키튼힐,0,google,trend_relative
2026-04-19,키튼힐,0,google,trend_relative
2026-04-26,키튼힐,0,google,trend_relative
2026-05-03,키튼힐,0,google,trend_relative
2026-05-10,키튼힐,0,google,trend_relative
2026-05-17,키튼힐,53,google,trend_relative
2026-05-24,키튼힐,0,google,trend_relative
2026-05-31,키튼힐,0,google,trend_relative
2026-06-07,키튼힐,0,google,trend_relative
2026-06-14,키튼힐,0,google,trend_relative
2026-06-21,키튼힐,0,google,trend_relative
2026-06-28,키튼힐,0,google,trend_relative
2026-07-05,키튼힐,0,google,trend_relative
2026-07-12,키튼힐,0,google,trend_relative
2026-07-19,키튼힐,0,google,trend_relative
2026-07-26,키튼힐,0,google,trend_relative
2026-08-02,키튼힐,0,google,trend_relative
2026-08-09,키튼힐,0,google,trend_relative
2026-08-16,키튼힐,0,google,trend_relative
2026-08-23,키튼힐,0,google,trend_relative
2026-08-30,키튼힐,5,google,trend_relative
2026-09-06,키튼힐,9,google,trend_relative
2026-09-13,키튼힐,0,google,trend_relative
2025-09-14,콘힐,0,google,trend_relative
2025-09-21,콘힐,0,google,trend_relative
2025-09-28,콘힐,0,google,trend_relative
2025-10-05,콘힐,0,google,trend_relative
2025-10-12,콘힐,0,google,trend_relative
2025-10-19,콘힐,0,google,trend_relative
2025-10-26,콘힐,0,google,trend_relative
2025-11-02,콘힐,0,google,trend_relative
2025-11-09,콘힐,0,google,trend_relative
2025-11-16,콘힐,0,google,trend_relative
2025-11-23,콘힐,0,google,trend_relative
2025-11-30,콘힐,0,google,trend_relative
2025-12-07,콘힐,0,google,trend_relative
2025-12-14,콘힐,0,google,trend_relative
2025-12-21,콘힐,0,google,trend_relative
2025-12-28,콘힐,0,google,trend_relative
2026-01-04,콘힐,0,google,trend_relative
2026-01-11,콘힐,0,google,trend_relative
2026-01-18,콘힐,0,google,trend_relative
2026-01-25,콘힐,0,google,trend_relative
2026-02-01,콘힐,0,google,trend_relative
2026-02-08,콘힐,0,google,trend_relative
2026-02-15,콘힐,0,google,trend_relative
2026-02-22,콘힐,0,google,trend_relative
2026-03-01,콘힐,0,google,trend_relative
2026-03-08,콘힐,0,google,trend_relative
2026-03-15,콘힐,0,google,trend_relative
2026-03-22,콘힐,0,google,trend_relative
2026-03-29,콘힐,0,google,trend_relative
2026-04-05,콘힐,0,google,trend_relative
2026-04-12,콘힐,0,google,trend_relative
2026-04-19,콘힐,0,google,trend_relative
2026-04-26,콘힐,0,google,trend_relative
2026-05-03,콘힐,0,google,trend_relative
2026-05-10,콘힐,0,google,trend_relative
2026-05-17,콘힐,0,google,trend_relative
2026-05-24,콘힐,0,google,trend_relative
2026-05-31,콘힐,0,google,trend_relative
2026-06-07,콘힐,0,google,trend_relative
2026-06-14,콘힐,0,google,trend_relative
2026-06-21,콘힐,0,google,trend_relative
2026-06-28,콘힐,0,google,trend_relative
2026-07-05,콘힐,0,google,trend_relative
2026-07-12,콘힐,0,google,trend_relative
2026-07-19,콘힐,0,google,trend_relative
2026-07-26,콘힐,0,google,trend_relative
2026-08-02,콘힐,0,google,trend_relative
2026-08-09,콘힐,0,google,trend_relative
2026-08-16,콘힐,0,google,trend_relative
2026-08-23,콘힐,0,google,trend_relative
2026-08-30,콘힐,0,google,trend_relative
2026-09-06,콘힐,0,google,trend_relative
2026-09-13,콘힐,0,google,trend_relative
2025-09-14,스풀힐,0,google,trend_relative
2025-09-21,스풀힐,0,google,trend_relative
2025-09-28,스풀힐,0,google,trend_relative
2025-10-05,스풀힐,0,google,trend_relative
2025-10-12,스풀힐,0,google,trend_relative
2025-10-19,스풀힐,0,google,trend_relative
2025-10-26,스풀힐,0,google,trend_relative
2025-11-02,스풀힐,0,google,trend_relative
2025-11-09,스풀힐,0,google,trend_relative
2025-11-16,스풀힐,0,google,trend_relative
2025-11-23,스풀힐,0,google,trend_relative
2025-11-30,스풀힐,0,google,trend_relative
2025-12-07,스풀힐,0,google,trend_relative
2025-12-14,스풀힐,0,google,trend_relative
2025-12-21,스풀힐,0,google,trend_relative
2025-12-28,스풀힐,0,google,trend_relative
2026-01-04,스풀힐,0,google,trend_relative
2026-01-11,스풀힐,0,google,trend_relative
2026-01-18,스풀힐,0,google,trend_relative
2026-01-25,스풀힐,0,google,trend_relative
2026-02-01,스풀힐,0,google,trend_relative
2026-02-08,스풀힐,0,google,trend_relative
2026-02-15,스풀힐,0,google,trend_relative
2026-02-22,스풀힐,0,google,trend_relative
2026-03-01,스풀힐,0,google,trend_relative
2026-03-08,스풀힐,0,google,trend_relative
2026-03-15,스풀힐,0,google,trend_relative
2026-03-22,스풀힐,0,google,trend_relative
2026-03-29,스풀힐,0,google,trend_relative
2026-04-05,스풀힐,0,google,trend_relative
2026-04-12,스풀힐,0,google,trend_relative
2026-04-19,스풀힐,0,google,trend_relative
2026-04-26,스풀힐,0,google,trend_relative
2026-05-03,스풀힐,0,google,trend_relative
2026-05-10,스풀힐,0,google,trend_relative
2026-05-17,스풀힐,0,google,trend_relative
2026-05-24,스풀힐,0,google,trend_relative
2026-05-31,스풀힐,0,google,trend_relative
2026-06-07,스풀힐,0,google,trend_relative
2026-06-14,스풀힐,0,google,trend_relative
2026-06-21,스풀힐,0,google,trend_relative
2026-06-28,스풀힐,0,google,trend_relative
2026-07-05,스풀힐,0,google,trend_relative
2026-07-12,스풀힐,0,google,trend_relative
2026-07-19,스풀힐,0,google,trend_relative
2026-07-26,스풀힐,0,google,trend_relative
2026-08-02,스풀힐,0,google,trend_relative
2026-08-09,스풀힐,0,google,trend_relative
2026-08-16,스풀힐,0,google,trend_relative
2026-08-23,스풀힐,0,google,trend_relative
2026-08-30,스풀힐,0,google,trend_relative
2026-09-06,스풀힐,0,google,trend_relative
2026-09-13,스풀힐,0,google,trend_relative
2025-09-14,러그솔,0,google,trend_relative
2025-09-21,러그솔,0,google,trend_relative
2025-09-28,러그솔,0,google,trend_relative
2025-10-05,러그솔,0,google,trend_relative
2025-10-12,러그솔,0,google,trend_relative
2025-10-19,러그솔,0,google,trend_relative
2025-10-26,러그솔,0,google,trend_relative
2025-11-02,러그솔,0,google,trend_relative
2025-11-09,러그솔,0,google,trend_relative
2025-11-16,러그솔,0,google,trend_relative
2025-11-23,러그솔,0,google,trend_relative
2025-11-30,러그솔,0,google,trend_relative
2025-12-07,러그솔,0,google,trend_relative
2025-12-14,러그솔,0,google,trend_relative
2025-12-21,러그솔,0,google,trend_relative
2025-12-28,러그솔,0,google,trend_relative
2026-01-04,러그솔,0,google,trend_relative
2026-01-11,러그솔,0,google,trend_relative
2026-01-18,러그솔,0,google,trend_relative
2026-01-25,러그솔,0,google,trend_relative
2026-02-01,러그솔,0,google,trend_relative
2026-02-08,러그솔,0,google,trend_relative
2026-02-15,러그솔,0,google,trend_relative
2026-02-22,러그솔,0,google,trend_relative
2026-03-01,러그솔,0,google,trend_relative
2026-03-08,러그솔,0,google,trend_relative
2026-03-15,러그솔,0,google,trend_relative
2026-03-22,러그솔,0,google,trend_relative
2026-03-29,러그솔,0,google,trend_relative
2026-04-05,러그솔,0,google,trend_relative
2026-04-12,러그솔,0,google,trend_relative
2026-04-19,러그솔,0,google,trend_relative
2026-04-26,러그솔,0,google,trend_relative
2026-05-03,러그솔,0,google,trend_relative
2026-05-10,러그솔,0,google,trend_relative
2026-05-17,러그솔,0,google,trend_relative
2026-05-24,러그솔,0,google,trend_relative
2026-05-31,러그솔,0,google,trend_relative
2026-06-07,러그솔,0,google,trend_relative
2026-06-14,러그솔,0,google,trend_relative
2026-06-21,러그솔,100,google,trend_relative
2026-06-28,러그솔,0,google,trend_relative
2026-07-05,러그솔,0,google,trend_relative
2026-07-12,러그솔,0,google,trend_relative
2026-07-19,러그솔,0,google,trend_relative
2026-07-26,러그솔,0,google,trend_relative
2026-08-02,러그솔,0,google,trend_relative
2026-08-09,러그솔,0,google,trend_relative
2026-08-16,러그솔,0,google,trend_relative
2026-08-23,러그솔,0,google,trend_relative
2026-08-30,러그솔,0,google,trend_relative
2026-09-06,러그솔,0,google,trend_relative
2026-09-13,러그솔,0,google,trend_relative
2025-09-14,청키솔,0,google,trend_relative
2025-09-21,청키솔,0,google,trend_relative
2025-09-28,청키솔,0,google,trend_relative
2025-10-05,청키솔,0,google,trend_relative
2025-10-12,청키솔,0,google,trend_relative
2025-10-19,청키솔,0,google,trend_relative
2025-10-26,청키솔,0,google,trend_relative
2025-11-02,청키솔,0,google,trend_relative
2025-11-09,청키솔,0,google,trend_relative
2025-11-16,청키솔,0,google,trend_relative
2025-11-23,청키솔,0,google,trend_relative
2025-11-30,청키솔,0,google,trend_relative
2025-12-07,청키솔,0,google,trend_relative
2025-12-14,청키솔,0,google,trend_relative
2025-12-21,청키솔,0,google,trend_relative
2025-12-28,청키솔,0,google,trend_relative
2026-01-04,청키솔,0,google,trend_relative
2026-01-11,청키솔,0,google,trend_relative
2026-01-18,청키솔,0,google,trend_relative
2026-01-25,청키솔,0,google,trend_relative
2026-02-01,청키솔,0,google,trend_relative
2026-02-08,청키솔,0,google,trend_relative
2026-02-15,청키솔,0,google,trend_relative
2026-02-22,청키솔,0,google,trend_relative
2026-03-01,청키솔,0,google,trend_relative
2026-03-08,청키솔,0,google,trend_relative
2026-03-15,청키솔,0,google,trend_relative
2026-03-22,청키솔,0,google,trend_relative
2026-03-29,청키솔,0,google,trend_relative
2026-04-05,청키솔,0,google,trend_relative
2026-04-12,청키솔,0,google,trend_relative
2026-04-19,청키솔,0,google,trend_relative
2026-04-26,청키솔,0,google,trend_relative
2026-05-03,청키솔,0,google,trend_relative
2026-05-10,청키솔,0,google,trend_relative
2026-05-17,청키솔,0,google,trend_relative
2026-05-24,청키솔,0,google,trend_relative
2026-05-31,청키솔,0,google,trend_relative
2026-06-07,청키솔,0,google,trend_relative
2026-06-14,청키솔,0,google,trend_relative
2026-06-21,청키솔,0,google,trend_relative
2026-06-28,청키솔,0,google,trend_relative
2026-07-05,청키솔,0,google,trend_relative
2026-07-12,청키솔,0,google,trend_relative
2026-07-19,청키솔,0,google,trend_relative
2026-07-26,청키솔,0,google,trend_relative
2026-08-02,청키솔,0,google,trend_relative
2026-08-09,청키솔,0,google,trend_relative
2026-08-16,청키솔,0,google,trend_relative
2026-08-23,청키솔,0,google,trend_relative
2026-08-30,청키솔,0,google,trend_relative
2026-09-06,청키솔,0,google,trend_relative
2026-09-13,청키솔,0,google,trend_relative
2025-09-14,검솔,0,google,trend_relative
2025-09-21,검솔,0,google,trend_relative
2025-09-28,검솔,0,google,trend_relative
2025-10-05,검솔,0,google,trend_relative
2025-10-12,검솔,0,google,trend_relative
2025-10-19,검솔,0,google,trend_relative
2025-10-26,검솔,0,google,trend_relative
2025-11-02,검솔,0,google,trend_relative
2025-11-09,검솔,0,google,trend_relative
2025-11-16,검솔,0,google,trend_relative
2025-11-23,검솔,0,google,trend_relative
2025-11-30,검솔,0,google,trend_relative
2025-12-07,검솔,0,google,trend_relative
2025-12-14,검솔,0,google,trend_relative
2025-12-21,검솔,0,google,trend_relative
2025-12-28,검솔,0,google,trend_relative
2026-01-04,검솔,0,google,trend_relative
2026-01-11,검솔,0,google,trend_relative
2026-01-18,검솔,0,google,trend_relative
2026-01-25,검솔,0,google,trend_relative
2026-02-01,검솔,0,google,trend_relative
2026-02-08,검솔,0,google,trend_relative
2026-02-15,검솔,0,google,trend_relative
2026-02-22,검솔,0,google,trend_relative
2026-03-01,검솔,0,google,trend_relative
2026-03-08,검솔,0,google,trend_relative
2026-03-15,검솔,0,google,trend_relative
2026-03-22,검솔,0,google,trend_relative
2026-03-29,검솔,0,google,trend_relative
2026-04-05,검솔,0,google,trend_relative
2026-04-12,검솔,0,google,trend_relative
2026-04-19,검솔,0,google,trend_relative
2026-04-26,검솔,0,google,trend_relative
2026-05-03,검솔,0,google,trend_relative
2026-05-10,검솔,0,google,trend_relative
2026-05-17,검솔,0,google,trend_relative
2026-05-24,검솔,0,google,trend_relative
2026-05-31,검솔,0,google,trend_relative
2026-06-07,검솔,0,google,trend_relative
2026-06-14,검솔,0,google,trend_relative
2026-06-21,검솔,0,google,trend_relative
2026-06-28,검솔,0,google,trend_relative
2026-07-05,검솔,0,google,trend_relative
2026-07-12,검솔,0,google,trend_relative
2026-07-19,검솔,0,google,trend_relative
2026-07-26,검솔,0,google,trend_relative
2026-08-02,검솔,0,google,trend_relative
2026-08-09,검솔,0,google,trend_relative
2026-08-16,검솔,0,google,trend_relative
2026-08-23,검솔,0,google,trend_relative
2026-08-30,검솔,11,google,trend_relative
2026-09-06,검솔,7,google,trend_relative
2026-09-13,검솔,0,google,trend_relative
2025-09-14,피티드핏,0,google,trend_relative
2025-09-21,피티드핏,0,google,trend_relative
2025-09-28,피티드핏,0,google,trend_relative
2025-10-05,피티드핏,0,google,trend_relative
2025-10-12,피티드핏,0,google,trend_relative
2025-10-19,피티드핏,0,google,trend_relative
2025-10-26,피티드핏,0,google,trend_relative
2025-11-02,피티드핏,0,google,trend_relative
2025-11-09,피티드핏,0,google,trend_relative
2025-11-16,피티드핏,0,google,trend_relative
2025-11-23,피티드핏,0,google,trend_relative
2025-11-30,피티드핏,0,google,trend_relative
2025-12-07,피티드핏,0,google,trend_relative
2025-12-14,피티드핏,0,google,trend_relative
2025-12-21,피티드핏,0,google,trend_relative
2025-12-28,피티드핏,0,google,trend_relative
2026-01-04,피티드핏,0,google,trend_relative
2026-01-11,피티드핏,0,google,trend_relative
2026-01-18,피티드핏,0,google,trend_relative
2026-01-25,피티드핏,0,google,trend_relative
2026-02-01,피티드핏,0,google,trend_relative
2026-02-08,피티드핏,0,google,trend_relative
2026-02-15,피티드핏,0,google,trend_relative
2026-02-22,피티드핏,0,google,trend_relative
2026-03-01,피티드핏,0,google,trend_relative
2026-03-08,피티드핏,0,google,trend_relative
2026-03-15,피티드핏,0,google,trend_relative
2026-03-22,피티드핏,0,google,trend_relative
2026-03-29,피티드핏,0,google,trend_relative
2026-04-05,피티드핏,0,google,trend_relative
2026-04-12,피티드핏,0,google,trend_relative
2026-04-19,피티드핏,0,google,trend_relative
2026-04-26,피티드핏,0,google,trend_relative
2026-05-03,피티드핏,0,google,trend_relative
2026-05-10,피티드핏,0,google,trend_relative
2026-05-17,피티드핏,0,google,trend_relative
2026-05-24,피티드핏,0,google,trend_relative
2026-05-31,피티드핏,0,google,trend_relative
2026-06-07,피티드핏,0,google,trend_relative
2026-06-14,피티드핏,0,google,trend_relative
2026-06-21,피티드핏,0,google,trend_relative
2026-06-28,피티드핏,0,google,trend_relative
2026-07-05,피티드핏,0,google,trend_relative
2026-07-12,피티드핏,0,google,trend_relative
2026-07-19,피티드핏,0,google,trend_relative
2026-07-26,피티드핏,0,google,trend_relative
2026-08-02,피티드핏,0,google,trend_relative
2026-08-09,피티드핏,0,google,trend_relative
2026-08-16,피티드핏,0,google,trend_relative
2026-08-23,피티드핏,0,google,trend_relative
2026-08-30,피티드핏,0,google,trend_relative
2026-09-06,피티드핏,0,google,trend_relative
2026-09-13,피티드핏,0,google,trend_relative
2025-09-14,릴랙스핏,0,google,trend_relative
2025-09-21,릴랙스핏,0,google,trend_relative
2025-09-28,릴랙스핏,0,google,trend_relative
2025-10-05,릴랙스핏,0,google,trend_relative
2025-10-12,릴랙스핏,0,google,trend_relative
2025-10-19,릴랙스핏,0,google,trend_relative
2025-10-26,릴랙스핏,0,google,trend_relative
2025-11-02,릴랙스핏,0,google,trend_relative
2025-11-09,릴랙스핏,0,google,trend_relative
2025-11-16,릴랙스핏,0,google,trend_relative
2025-11-23,릴랙스핏,0,google,trend_relative
2025-11-30,릴랙스핏,0,google,trend_relative
2025-12-07,릴랙스핏,0,google,trend_relative
2025-12-14,릴랙스핏,0,google,trend_relative
2025-12-21,릴랙스핏,0,google,trend_relative
2025-12-28,릴랙스핏,0,google,trend_relative
2026-01-04,릴랙스핏,0,google,trend_relative
2026-01-11,릴랙스핏,0,google,trend_relative
2026-01-18,릴랙스핏,0,google,trend_relative
2026-01-25,릴랙스핏,0,google,trend_relative
2026-02-01,릴랙스핏,0,google,trend_relative
2026-02-08,릴랙스핏,0,google,trend_relative
2026-02-15,릴랙스핏,0,google,trend_relative
2026-02-22,릴랙스핏,0,google,trend_relative
2026-03-01,릴랙스핏,0,google,trend_relative
2026-03-08,릴랙스핏,0,google,trend_relative
2026-03-15,릴랙스핏,0,google,trend_relative
2026-03-22,릴랙스핏,0,google,trend_relative
2026-03-29,릴랙스핏,0,google,trend_relative
2026-04-05,릴랙스핏,0,google,trend_relative
2026-04-12,릴랙스핏,0,google,trend_relative
2026-04-19,릴랙스핏,0,google,trend_relative
2026-04-26,릴랙스핏,0,google,trend_relative
2026-05-03,릴랙스핏,0,google,trend_relative
2026-05-10,릴랙스핏,0,google,trend_relative
2026-05-17,릴랙스핏,0,google,trend_relative
2026-05-24,릴랙스핏,0,google,trend_relative
2026-05-31,릴랙스핏,0,google,trend_relative
2026-06-07,릴랙스핏,0,google,trend_relative
2026-06-14,릴랙스핏,0,google,trend_relative
2026-06-21,릴랙스핏,0,google,trend_relative
2026-06-28,릴랙스핏,0,google,trend_relative
2026-07-05,릴랙스핏,0,google,trend_relative
2026-07-12,릴랙스핏,0,google,trend_relative
2026-07-19,릴랙스핏,0,google,trend_relative
2026-07-26,릴랙스핏,0,google,trend_relative
2026-08-02,릴랙스핏,0,google,trend_relative
2026-08-09,릴랙스핏,0,google,trend_relative
2026-08-16,릴랙스핏,0,google,trend_relative
2026-08-23,릴랙스핏,0,google,trend_relative
2026-08-30,릴랙스핏,12,google,trend_relative
2026-09-06,릴랙스핏,8,google,trend_relative
2026-09-13,릴랙스핏,0,google,trend_relative
2025-09-14,모크넥,0,google,trend_relative
2025-09-21,모크넥,0,google,trend_relative
2025-09-28,모크넥,0,google,trend_relative
2025-10-05,모크넥,0,google,trend_relative
2025-10-12,모크넥,0,google,trend_relative
2025-10-19,모크넥,75,google,trend_relative
2025-10-26,모크넥,0,google,trend_relative
2025-11-02,모크넥,0,google,trend_relative
2025-11-09,모크넥,60,google,trend_relative
2025-11-16,모크넥,91,google,trend_relative
2025-11-23,모크넥,61,google,trend_relative
2025-11-30,모크넥,100,google,trend_relative
2025-12-07,모크넥,65,google,trend_relative
2025-12-14,모크넥,83,google,trend_relative
2025-12-21,모크넥,0,google,trend_relative
2025-12-28,모크넥,0,google,trend_relative
2026-01-04,모크넥,55,google,trend_relative
2026-01-11,모크넥,86,google,trend_relative
2026-01-18,모크넥,57,google,trend_relative
2026-01-25,모크넥,0,google,trend_relative
2026-02-01,모크넥,0,google,trend_relative
2026-02-08,모크넥,51,google,trend_relative
2026-02-15,모크넥,0,google,trend_relative
2026-02-22,모크넥,0,google,trend_relative
2026-03-01,모크넥,0,google,trend_relative
2026-03-08,모크넥,0,google,trend_relative
2026-03-15,모크넥,0,google,trend_relative
2026-03-22,모크넥,0,google,trend_relative
2026-03-29,모크넥,0,google,trend_relative
2026-04-05,모크넥,0,google,trend_relative
2026-04-12,모크넥,0,google,trend_relative
2026-04-19,모크넥,0,google,trend_relative
2026-04-26,모크넥,0,google,trend_relative
2026-05-03,모크넥,0,google,trend_relative
2026-05-10,모크넥,0,google,trend_relative
2026-05-17,모크넥,0,google,trend_relative
2026-05-24,모크넥,0,google,trend_relative
2026-05-31,모크넥,0,google,trend_relative
2026-06-07,모크넥,0,google,trend_relative
2026-06-14,모크넥,0,google,trend_relative
2026-06-21,모크넥,0,google,trend_relative
2026-06-28,모크넥,0,google,trend_relative
2026-07-05,모크넥,0,google,trend_relative
2026-07-12,모크넥,0,google,trend_relative
2026-07-19,모크넥,0,google,trend_relative
2026-07-26,모크넥,58,google,trend_relative
2026-08-02,모크넥,0,google,trend_relative
2026-08-09,모크넥,0,google,trend_relative
2026-08-16,모크넥,0,google,trend_relative
2026-08-23,모크넥,0,google,trend_relative
2026-08-30,모크넥,14,google,trend_relative
2026-09-06,모크넥,21,google,trend_relative
2026-09-13,모크넥,0,google,trend_relative
2025-09-14,스위트하트넥,0,google,trend_relative
2025-09-21,스위트하트넥,0,google,trend_relative
2025-09-28,스위트하트넥,0,google,trend_relative
2025-10-05,스위트하트넥,0,google,trend_relative
2025-10-12,스위트하트넥,0,google,trend_relative
2025-10-19,스위트하트넥,0,google,trend_relative
2025-10-26,스위트하트넥,0,google,trend_relative
2025-11-02,스위트하트넥,0,google,trend_relative
2025-11-09,스위트하트넥,0,google,trend_relative
2025-11-16,스위트하트넥,0,google,trend_relative
2025-11-23,스위트하트넥,0,google,trend_relative
2025-11-30,스위트하트넥,0,google,trend_relative
2025-12-07,스위트하트넥,0,google,trend_relative
2025-12-14,스위트하트넥,0,google,trend_relative
2025-12-21,스위트하트넥,0,google,trend_relative
2025-12-28,스위트하트넥,0,google,trend_relative
2026-01-04,스위트하트넥,0,google,trend_relative
2026-01-11,스위트하트넥,0,google,trend_relative
2026-01-18,스위트하트넥,0,google,trend_relative
2026-01-25,스위트하트넥,0,google,trend_relative
2026-02-01,스위트하트넥,0,google,trend_relative
2026-02-08,스위트하트넥,0,google,trend_relative
2026-02-15,스위트하트넥,0,google,trend_relative
2026-02-22,스위트하트넥,0,google,trend_relative
2026-03-01,스위트하트넥,0,google,trend_relative
2026-03-08,스위트하트넥,0,google,trend_relative
2026-03-15,스위트하트넥,0,google,trend_relative
2026-03-22,스위트하트넥,0,google,trend_relative
2026-03-29,스위트하트넥,0,google,trend_relative
2026-04-05,스위트하트넥,0,google,trend_relative
2026-04-12,스위트하트넥,0,google,trend_relative
2026-04-19,스위트하트넥,0,google,trend_relative
2026-04-26,스위트하트넥,0,google,trend_relative
2026-05-03,스위트하트넥,0,google,trend_relative
2026-05-10,스위트하트넥,0,google,trend_relative
2026-05-17,스위트하트넥,0,google,trend_relative
2026-05-24,스위트하트넥,0,google,trend_relative
2026-05-31,스위트하트넥,0,google,trend_relative
2026-06-07,스위트하트넥,0,google,trend_relative
2026-06-14,스위트하트넥,0,google,trend_relative
2026-06-21,스위트하트넥,0,google,trend_relative
2026-06-28,스위트하트넥,0,google,trend_relative
2026-07-05,스위트하트넥,0,google,trend_relative
2026-07-12,스위트하트넥,0,google,trend_relative
2026-07-19,스위트하트넥,0,google,trend_relative
2026-07-26,스위트하트넥,0,google,trend_relative
2026-08-02,스위트하트넥,0,google,trend_relative
2026-08-09,스위트하트넥,0,google,trend_relative
2026-08-16,스위트하트넥,0,google,trend_relative
2026-08-23,스위트하트넥,0,google,trend_relative
2026-08-30,스위트하트넥,0,google,trend_relative
2026-09-06,스위트하트넥,0,google,trend_relative
2026-09-13,스위트하트넥,0,google,trend_relative
2025-09-14,키홀넥,0,google,trend_relative
2025-09-21,키홀넥,0,google,trend_relative
2025-09-28,키홀넥,0,google,trend_relative
2025-10-05,키홀넥,0,google,trend_relative
2025-10-12,키홀넥,0,google,trend_relative
2025-10-19,키홀넥,0,google,trend_relative
2025-10-26,키홀넥,0,google,trend_relative
2025-11-02,키홀넥,0,google,trend_relative
2025-11-09,키홀넥,0,google,trend_relative
2025-11-16,키홀넥,0,google,trend_relative
2025-11-23,키홀넥,0,google,trend_relative
2025-11-30,키홀넥,0,google,trend_relative
2025-12-07,키홀넥,0,google,trend_relative
2025-12-14,키홀넥,0,google,trend_relative
2025-12-21,키홀넥,0,google,trend_relative
2025-12-28,키홀넥,0,google,trend_relative
2026-01-04,키홀넥,0,google,trend_relative
2026-01-11,키홀넥,0,google,trend_relative
2026-01-18,키홀넥,0,google,trend_relative
2026-01-25,키홀넥,0,google,trend_relative
2026-02-01,키홀넥,0,google,trend_relative
2026-02-08,키홀넥,0,google,trend_relative
2026-02-15,키홀넥,0,google,trend_relative
2026-02-22,키홀넥,0,google,trend_relative
2026-03-01,키홀넥,0,google,trend_relative
2026-03-08,키홀넥,0,google,trend_relative
2026-03-15,키홀넥,0,google,trend_relative
2026-03-22,키홀넥,0,google,trend_relative
2026-03-29,키홀넥,0,google,trend_relative
2026-04-05,키홀넥,0,google,trend_relative
2026-04-12,키홀넥,0,google,trend_relative
2026-04-19,키홀넥,0,google,trend_relative
2026-04-26,키홀넥,0,google,trend_relative
2026-05-03,키홀넥,0,google,trend_relative
2026-05-10,키홀넥,0,google,trend_relative
2026-05-17,키홀넥,0,google,trend_relative
2026-05-24,키홀넥,0,google,trend_relative
2026-05-31,키홀넥,0,google,trend_relative
2026-06-07,키홀넥,0,google,trend_relative
2026-06-14,키홀넥,0,google,trend_relative
2026-06-21,키홀넥,0,google,trend_relative
2026-06-28,키홀넥,0,google,trend_relative
2026-07-05,키홀넥,0,google,trend_relative
2026-07-12,키홀넥,0,google,trend_relative
2026-07-19,키홀넥,0,google,trend_relative
2026-07-26,키홀넥,0,google,trend_relative
2026-08-02,키홀넥,0,google,trend_relative
2026-08-09,키홀넥,0,google,trend_relative
2026-08-16,키홀넥,0,google,trend_relative
2026-08-23,키홀넥,0,google,trend_relative
2026-08-30,키홀넥,0,google,trend_relative
2026-09-06,키홀넥,0,google,trend_relative
2026-09-13,키홀넥,0,google,trend_relative
2025-09-14,언밸런스넥,0,google,trend_relative
2025-09-21,언밸런스넥,0,google,trend_relative
2025-09-28,언밸런스넥,0,google,trend_relative
2025-10-05,언밸런스넥,0,google,trend_relative
2025-10-12,언밸런스넥,0,google,trend_relative
2025-10-19,언밸런스넥,0,google,trend_relative
2025-10-26,언밸런스넥,0,google,trend_relative
2025-11-02,언밸런스넥,0,google,trend_relative
2025-11-09,언밸런스넥,0,google,trend_relative
2025-11-16,언밸런스넥,0,google,trend_relative
2025-11-23,언밸런스넥,0,google,trend_relative
2025-11-30,언밸런스넥,0,google,trend_relative
2025-12-07,언밸런스넥,0,google,trend_relative
2025-12-14,언밸런스넥,0,google,trend_relative
2025-12-21,언밸런스넥,0,google,trend_relative
2025-12-28,언밸런스넥,0,google,trend_relative
2026-01-04,언밸런스넥,0,google,trend_relative
2026-01-11,언밸런스넥,0,google,trend_relative
2026-01-18,언밸런스넥,0,google,trend_relative
2026-01-25,언밸런스넥,0,google,trend_relative
2026-02-01,언밸런스넥,0,google,trend_relative
2026-02-08,언밸런스넥,0,google,trend_relative
2026-02-15,언밸런스넥,0,google,trend_relative
2026-02-22,언밸런스넥,0,google,trend_relative
2026-03-01,언밸런스넥,0,google,trend_relative
2026-03-08,언밸런스넥,0,google,trend_relative
2026-03-15,언밸런스넥,0,google,trend_relative
2026-03-22,언밸런스넥,0,google,trend_relative
2026-03-29,언밸런스넥,0,google,trend_relative
2026-04-05,언밸런스넥,0,google,trend_relative
2026-04-12,언밸런스넥,0,google,trend_relative
2026-04-19,언밸런스넥,0,google,trend_relative
2026-04-26,언밸런스넥,0,google,trend_relative
2026-05-03,언밸런스넥,0,google,trend_relative
2026-05-10,언밸런스넥,0,google,trend_relative
2026-05-17,언밸런스넥,0,google,trend_relative
2026-05-24,언밸런스넥,0,google,trend_relative
2026-05-31,언밸런스넥,0,google,trend_relative
2026-06-07,언밸런스넥,0,google,trend_relative
2026-06-14,언밸런스넥,0,google,trend_relative
2026-06-21,언밸런스넥,0,google,trend_relative
2026-06-28,언밸런스넥,0,google,trend_relative
2026-07-05,언밸런스넥,0,google,trend_relative
2026-07-12,언밸런스넥,0,google,trend_relative
2026-07-19,언밸런스넥,0,google,trend_relative
2026-07-26,언밸런스넥,0,google,trend_relative
2026-08-02,언밸런스넥,0,google,trend_relative
2026-08-09,언밸런스넥,0,google,trend_relative
2026-08-16,언밸런스넥,0,google,trend_relative
2026-08-23,언밸런스넥,0,google,trend_relative
2026-08-30,언밸런스넥,0,google,trend_relative
2026-09-06,언밸런스넥,0,google,trend_relative
2026-09-13,언밸런스넥,0,google,trend_relative
2025-09-14,셔츠칼라,0,google,trend_relative
2025-09-21,셔츠칼라,0,google,trend_relative
2025-09-28,셔츠칼라,0,google,trend_relative
2025-10-05,셔츠칼라,0,google,trend_relative
2025-10-12,셔츠칼라,0,google,trend_relative
2025-10-19,셔츠칼라,0,google,trend_relative
2025-10-26,셔츠칼라,0,google,trend_relative
2025-11-02,셔츠칼라,0,google,trend_relative
2025-11-09,셔츠칼라,0,google,trend_relative
2025-11-16,셔츠칼라,0,google,trend_relative
2025-11-23,셔츠칼라,0,google,trend_relative
2025-11-30,셔츠칼라,0,google,trend_relative
2025-12-07,셔츠칼라,0,google,trend_relative
2025-12-14,셔츠칼라,0,google,trend_relative
2025-12-21,셔츠칼라,0,google,trend_relative
2025-12-28,셔츠칼라,0,google,trend_relative
2026-01-04,셔츠칼라,0,google,trend_relative
2026-01-11,셔츠칼라,0,google,trend_relative
2026-01-18,셔츠칼라,0,google,trend_relative
2026-01-25,셔츠칼라,0,google,trend_relative
2026-02-01,셔츠칼라,0,google,trend_relative
2026-02-08,셔츠칼라,0,google,trend_relative
2026-02-15,셔츠칼라,0,google,trend_relative
2026-02-22,셔츠칼라,0,google,trend_relative
2026-03-01,셔츠칼라,0,google,trend_relative
2026-03-08,셔츠칼라,0,google,trend_relative
2026-03-15,셔츠칼라,0,google,trend_relative
2026-03-22,셔츠칼라,0,google,trend_relative
2026-03-29,셔츠칼라,0,google,trend_relative
2026-04-05,셔츠칼라,0,google,trend_relative
2026-04-12,셔츠칼라,0,google,trend_relative
2026-04-19,셔츠칼라,0,google,trend_relative
2026-04-26,셔츠칼라,0,google,trend_relative
2026-05-03,셔츠칼라,0,google,trend_relative
2026-05-10,셔츠칼라,0,google,trend_relative
2026-05-17,셔츠칼라,0,google,trend_relative
2026-05-24,셔츠칼라,0,google,trend_relative
2026-05-31,셔츠칼라,0,google,trend_relative
2026-06-07,셔츠칼라,0,google,trend_relative
2026-06-14,셔츠칼라,0,google,trend_relative
2026-06-21,셔츠칼라,0,google,trend_relative
2026-06-28,셔츠칼라,0,google,trend_relative
2026-07-05,셔츠칼라,0,google,trend_relative
2026-07-12,셔츠칼라,0,google,trend_relative
2026-07-19,셔츠칼라,0,google,trend_relative
2026-07-26,셔츠칼라,0,google,trend_relative
2026-08-02,셔츠칼라,0,google,trend_relative
2026-08-09,셔츠칼라,42,google,trend_relative
2026-08-16,셔츠칼라,0,google,trend_relative
2026-08-23,셔츠칼라,0,google,trend_relative
2026-08-30,셔츠칼라,13,google,trend_relative
2026-09-06,셔츠칼라,20,google,trend_relative
2026-09-13,셔츠칼라,23,google,trend_relative
2025-09-14,폴로칼라,0,google,trend_relative
2025-09-21,폴로칼라,0,google,trend_relative
2025-09-28,폴로칼라,0,google,trend_relative
2025-10-05,폴로칼라,0,google,trend_relative
2025-10-12,폴로칼라,0,google,trend_relative
2025-10-19,폴로칼라,0,google,trend_relative
2025-10-26,폴로칼라,0,google,trend_relative
2025-11-02,폴로칼라,0,google,trend_relative
2025-11-09,폴로칼라,0,google,trend_relative
2025-11-16,폴로칼라,0,google,trend_relative
2025-11-23,폴로칼라,0,google,trend_relative
2025-11-30,폴로칼라,0,google,trend_relative
2025-12-07,폴로칼라,0,google,trend_relative
2025-12-14,폴로칼라,0,google,trend_relative
2025-12-21,폴로칼라,0,google,trend_relative
2025-12-28,폴로칼라,0,google,trend_relative
2026-01-04,폴로칼라,0,google,trend_relative
2026-01-11,폴로칼라,0,google,trend_relative
2026-01-18,폴로칼라,0,google,trend_relative
2026-01-25,폴로칼라,0,google,trend_relative
2026-02-01,폴로칼라,0,google,trend_relative
2026-02-08,폴로칼라,0,google,trend_relative
2026-02-15,폴로칼라,0,google,trend_relative
2026-02-22,폴로칼라,0,google,trend_relative
2026-03-01,폴로칼라,0,google,trend_relative
2026-03-08,폴로칼라,0,google,trend_relative
2026-03-15,폴로칼라,0,google,trend_relative
2026-03-22,폴로칼라,0,google,trend_relative
2026-03-29,폴로칼라,0,google,trend_relative
2026-04-05,폴로칼라,0,google,trend_relative
2026-04-12,폴로칼라,0,google,trend_relative
2026-04-19,폴로칼라,0,google,trend_relative
2026-04-26,폴로칼라,0,google,trend_relative
2026-05-03,폴로칼라,0,google,trend_relative
2026-05-10,폴로칼라,0,google,trend_relative
2026-05-17,폴로칼라,0,google,trend_relative
2026-05-24,폴로칼라,0,google,trend_relative
2026-05-31,폴로칼라,0,google,trend_relative
2026-06-07,폴로칼라,0,google,trend_relative
2026-06-14,폴로칼라,0,google,trend_relative
2026-06-21,폴로칼라,0,google,trend_relative
2026-06-28,폴로칼라,0,google,trend_relative
2026-07-05,폴로칼라,0,google,trend_relative
2026-07-12,폴로칼라,0,google,trend_relative
2026-07-19,폴로칼라,0,google,trend_relative
2026-07-26,폴로칼라,0,google,trend_relative
2026-08-02,폴로칼라,0,google,trend_relative
2026-08-09,폴로칼라,0,google,trend_relative
2026-08-16,폴로칼라,0,google,trend_relative
2026-08-23,폴로칼라,0,google,trend_relative
2026-08-30,폴로칼라,0,google,trend_relative
2026-09-06,폴로칼라,0,google,trend_relative
2026-09-13,폴로칼라,0,google,trend_relative
2025-09-14,피터팬칼라,0,google,trend_relative
2025-09-21,피터팬칼라,0,google,trend_relative
2025-09-28,피터팬칼라,0,google,trend_relative
2025-10-05,피터팬칼라,0,google,trend_relative
2025-10-12,피터팬칼라,0,google,trend_relative
2025-10-19,피터팬칼라,0,google,trend_relative
2025-10-26,피터팬칼라,0,google,trend_relative
2025-11-02,피터팬칼라,0,google,trend_relative
2025-11-09,피터팬칼라,0,google,trend_relative
2025-11-16,피터팬칼라,0,google,trend_relative
2025-11-23,피터팬칼라,0,google,trend_relative
2025-11-30,피터팬칼라,0,google,trend_relative
2025-12-07,피터팬칼라,0,google,trend_relative
2025-12-14,피터팬칼라,0,google,trend_relative
2025-12-21,피터팬칼라,0,google,trend_relative
2025-12-28,피터팬칼라,0,google,trend_relative
2026-01-04,피터팬칼라,0,google,trend_relative
2026-01-11,피터팬칼라,0,google,trend_relative
2026-01-18,피터팬칼라,0,google,trend_relative
2026-01-25,피터팬칼라,0,google,trend_relative
2026-02-01,피터팬칼라,0,google,trend_relative
2026-02-08,피터팬칼라,0,google,trend_relative
2026-02-15,피터팬칼라,0,google,trend_relative
2026-02-22,피터팬칼라,0,google,trend_relative
2026-03-01,피터팬칼라,0,google,trend_relative
2026-03-08,피터팬칼라,0,google,trend_relative
2026-03-15,피터팬칼라,0,google,trend_relative
2026-03-22,피터팬칼라,0,google,trend_relative
2026-03-29,피터팬칼라,0,google,trend_relative
2026-04-05,피터팬칼라,0,google,trend_relative
2026-04-12,피터팬칼라,0,google,trend_relative
2026-04-19,피터팬칼라,0,google,trend_relative
2026-04-26,피터팬칼라,0,google,trend_relative
2026-05-03,피터팬칼라,0,google,trend_relative
2026-05-10,피터팬칼라,0,google,trend_relative
2026-05-17,피터팬칼라,0,google,trend_relative
2026-05-24,피터팬칼라,0,google,trend_relative
2026-05-31,피터팬칼라,0,google,trend_relative
2026-06-07,피터팬칼라,0,google,trend_relative
2026-06-14,피터팬칼라,0,google,trend_relative
2026-06-21,피터팬칼라,0,google,trend_relative
2026-06-28,피터팬칼라,0,google,trend_relative
2026-07-05,피터팬칼라,0,google,trend_relative
2026-07-12,피터팬칼라,0,google,trend_relative
2026-07-19,피터팬칼라,0,google,trend_relative
2026-07-26,피터팬칼라,0,google,trend_relative
2026-08-02,피터팬칼라,0,google,trend_relative
2026-08-09,피터팬칼라,0,google,trend_relative
2026-08-16,피터팬칼라,0,google,trend_relative
2026-08-23,피터팬칼라,0,google,trend_relative
2026-08-30,피터팬칼라,0,google,trend_relative
2026-09-06,피터팬칼라,0,google,trend_relative
2026-09-13,피터팬칼라,0,google,trend_relative
2025-09-14,세일러칼라,0,google,trend_relative
2025-09-21,세일러칼라,0,google,trend_relative
2025-09-28,세일러칼라,0,google,trend_relative
2025-10-05,세일러칼라,0,google,trend_relative
2025-10-12,세일러칼라,0,google,trend_relative
2025-10-19,세일러칼라,0,google,trend_relative
2025-10-26,세일러칼라,0,google,trend_relative
2025-11-02,세일러칼라,0,google,trend_relative
2025-11-09,세일러칼라,0,google,trend_relative
2025-11-16,세일러칼라,0,google,trend_relative
2025-11-23,세일러칼라,0,google,trend_relative
2025-11-30,세일러칼라,0,google,trend_relative
2025-12-07,세일러칼라,0,google,trend_relative
2025-12-14,세일러칼라,0,google,trend_relative
2025-12-21,세일러칼라,0,google,trend_relative
2025-12-28,세일러칼라,0,google,trend_relative
2026-01-04,세일러칼라,0,google,trend_relative
2026-01-11,세일러칼라,0,google,trend_relative
2026-01-18,세일러칼라,0,google,trend_relative
2026-01-25,세일러칼라,0,google,trend_relative
2026-02-01,세일러칼라,0,google,trend_relative
2026-02-08,세일러칼라,0,google,trend_relative
2026-02-15,세일러칼라,0,google,trend_relative
2026-02-22,세일러칼라,0,google,trend_relative
2026-03-01,세일러칼라,0,google,trend_relative
2026-03-08,세일러칼라,0,google,trend_relative
2026-03-15,세일러칼라,0,google,trend_relative
2026-03-22,세일러칼라,0,google,trend_relative
2026-03-29,세일러칼라,0,google,trend_relative
2026-04-05,세일러칼라,0,google,trend_relative
2026-04-12,세일러칼라,0,google,trend_relative
2026-04-19,세일러칼라,0,google,trend_relative
2026-04-26,세일러칼라,0,google,trend_relative
2026-05-03,세일러칼라,0,google,trend_relative
2026-05-10,세일러칼라,0,google,trend_relative
2026-05-17,세일러칼라,0,google,trend_relative
2026-05-24,세일러칼라,0,google,trend_relative
2026-05-31,세일러칼라,0,google,trend_relative
2026-06-07,세일러칼라,0,google,trend_relative
2026-06-14,세일러칼라,0,google,trend_relative
2026-06-21,세일러칼라,0,google,trend_relative
2026-06-28,세일러칼라,0,google,trend_relative
2026-07-05,세일러칼라,0,google,trend_relative
2026-07-12,세일러칼라,0,google,trend_relative
2026-07-19,세일러칼라,0,google,trend_relative
2026-07-26,세일러칼라,0,google,trend_relative
2026-08-02,세일러칼라,0,google,trend_relative
2026-08-09,세일러칼라,0,google,trend_relative
2026-08-16,세일러칼라,0,google,trend_relative
2026-08-23,세일러칼라,0,google,trend_relative
2026-08-30,세일러칼라,0,google,trend_relative
2026-09-06,세일러칼라,0,google,trend_relative
2026-09-13,세일러칼라,0,google,trend_relative
2025-09-14,노치드라펠,0,google,trend_relative
2025-09-21,노치드라펠,0,google,trend_relative
2025-09-28,노치드라펠,0,google,trend_relative
2025-10-05,노치드라펠,0,google,trend_relative
2025-10-12,노치드라펠,0,google,trend_relative
2025-10-19,노치드라펠,0,google,trend_relative
2025-10-26,노치드라펠,0,google,trend_relative
2025-11-02,노치드라펠,0,google,trend_relative
2025-11-09,노치드라펠,0,google,trend_relative
2025-11-16,노치드라펠,0,google,trend_relative
2025-11-23,노치드라펠,0,google,trend_relative
2025-11-30,노치드라펠,0,google,trend_relative
2025-12-07,노치드라펠,0,google,trend_relative
2025-12-14,노치드라펠,0,google,trend_relative
2025-12-21,노치드라펠,0,google,trend_relative
2025-12-28,노치드라펠,0,google,trend_relative
2026-01-04,노치드라펠,0,google,trend_relative
2026-01-11,노치드라펠,0,google,trend_relative
2026-01-18,노치드라펠,0,google,trend_relative
2026-01-25,노치드라펠,0,google,trend_relative
2026-02-01,노치드라펠,0,google,trend_relative
2026-02-08,노치드라펠,0,google,trend_relative
2026-02-15,노치드라펠,0,google,trend_relative
2026-02-22,노치드라펠,0,google,trend_relative
2026-03-01,노치드라펠,0,google,trend_relative
2026-03-08,노치드라펠,0,google,trend_relative
2026-03-15,노치드라펠,0,google,trend_relative
2026-03-22,노치드라펠,0,google,trend_relative
2026-03-29,노치드라펠,0,google,trend_relative
2026-04-05,노치드라펠,0,google,trend_relative
2026-04-12,노치드라펠,0,google,trend_relative
2026-04-19,노치드라펠,0,google,trend_relative
2026-04-26,노치드라펠,0,google,trend_relative
2026-05-03,노치드라펠,0,google,trend_relative
2026-05-10,노치드라펠,0,google,trend_relative
2026-05-17,노치드라펠,0,google,trend_relative
2026-05-24,노치드라펠,0,google,trend_relative
2026-05-31,노치드라펠,0,google,trend_relative
2026-06-07,노치드라펠,0,google,trend_relative
2026-06-14,노치드라펠,0,google,trend_relative
2026-06-21,노치드라펠,0,google,trend_relative
2026-06-28,노치드라펠,0,google,trend_relative
2026-07-05,노치드라펠,0,google,trend_relative
2026-07-12,노치드라펠,0,google,trend_relative
2026-07-19,노치드라펠,0,google,trend_relative
2026-07-26,노치드라펠,0,google,trend_relative
2026-08-02,노치드라펠,100,google,trend_relative
2026-08-09,노치드라펠,0,google,trend_relative
2026-08-16,노치드라펠,0,google,trend_relative
2026-08-23,노치드라펠,0,google,trend_relative
2026-08-30,노치드라펠,0,google,trend_relative
2026-09-06,노치드라펠,0,google,trend_relative
2026-09-13,노치드라펠,0,google,trend_relative
2025-09-14,피크드라펠,0,google,trend_relative
2025-09-21,피크드라펠,0,google,trend_relative
2025-09-28,피크드라펠,0,google,trend_relative
2025-10-05,피크드라펠,0,google,trend_relative
2025-10-12,피크드라펠,0,google,trend_relative
2025-10-19,피크드라펠,0,google,trend_relative
2025-10-26,피크드라펠,0,google,trend_relative
2025-11-02,피크드라펠,0,google,trend_relative
2025-11-09,피크드라펠,0,google,trend_relative
2025-11-16,피크드라펠,0,google,trend_relative
2025-11-23,피크드라펠,0,google,trend_relative
2025-11-30,피크드라펠,0,google,trend_relative
2025-12-07,피크드라펠,0,google,trend_relative
2025-12-14,피크드라펠,0,google,trend_relative
2025-12-21,피크드라펠,0,google,trend_relative
2025-12-28,피크드라펠,0,google,trend_relative
2026-01-04,피크드라펠,0,google,trend_relative
2026-01-11,피크드라펠,0,google,trend_relative
2026-01-18,피크드라펠,0,google,trend_relative
2026-01-25,피크드라펠,0,google,trend_relative
2026-02-01,피크드라펠,0,google,trend_relative
2026-02-08,피크드라펠,0,google,trend_relative
2026-02-15,피크드라펠,0,google,trend_relative
2026-02-22,피크드라펠,0,google,trend_relative
2026-03-01,피크드라펠,0,google,trend_relative
2026-03-08,피크드라펠,0,google,trend_relative
2026-03-15,피크드라펠,0,google,trend_relative
2026-03-22,피크드라펠,0,google,trend_relative
2026-03-29,피크드라펠,0,google,trend_relative
2026-04-05,피크드라펠,0,google,trend_relative
2026-04-12,피크드라펠,0,google,trend_relative
2026-04-19,피크드라펠,0,google,trend_relative
2026-04-26,피크드라펠,0,google,trend_relative
2026-05-03,피크드라펠,0,google,trend_relative
2026-05-10,피크드라펠,0,google,trend_relative
2026-05-17,피크드라펠,0,google,trend_relative
2026-05-24,피크드라펠,0,google,trend_relative
2026-05-31,피크드라펠,0,google,trend_relative
2026-06-07,피크드라펠,0,google,trend_relative
2026-06-14,피크드라펠,0,google,trend_relative
2026-06-21,피크드라펠,0,google,trend_relative
2026-06-28,피크드라펠,0,google,trend_relative
2026-07-05,피크드라펠,0,google,trend_relative
2026-07-12,피크드라펠,0,google,trend_relative
2026-07-19,피크드라펠,0,google,trend_relative
2026-07-26,피크드라펠,0,google,trend_relative
2026-08-02,피크드라펠,0,google,trend_relative
2026-08-09,피크드라펠,0,google,trend_relative
2026-08-16,피크드라펠,0,google,trend_relative
2026-08-23,피크드라펠,0,google,trend_relative
2026-08-30,피크드라펠,0,google,trend_relative
2026-09-06,피크드라펠,0,google,trend_relative
2026-09-13,피크드라펠,0,google,trend_relative
2025-09-14,캡소매,0,google,trend_relative
2025-09-21,캡소매,0,google,trend_relative
2025-09-28,캡소매,0,google,trend_relative
2025-10-05,캡소매,0,google,trend_relative
2025-10-12,캡소매,0,google,trend_relative
2025-10-19,캡소매,0,google,trend_relative
2025-10-26,캡소매,0,google,trend_relative
2025-11-02,캡소매,0,google,trend_relative
2025-11-09,캡소매,0,google,trend_relative
2025-11-16,캡소매,0,google,trend_relative
2025-11-23,캡소매,0,google,trend_relative
2025-11-30,캡소매,0,google,trend_relative
2025-12-07,캡소매,0,google,trend_relative
2025-12-14,캡소매,0,google,trend_relative
2025-12-21,캡소매,0,google,trend_relative
2025-12-28,캡소매,0,google,trend_relative
2026-01-04,캡소매,0,google,trend_relative
2026-01-11,캡소매,0,google,trend_relative
2026-01-18,캡소매,0,google,trend_relative
2026-01-25,캡소매,0,google,trend_relative
2026-02-01,캡소매,0,google,trend_relative
2026-02-08,캡소매,0,google,trend_relative
2026-02-15,캡소매,0,google,trend_relative
2026-02-22,캡소매,0,google,trend_relative
2026-03-01,캡소매,0,google,trend_relative
2026-03-08,캡소매,0,google,trend_relative
2026-03-15,캡소매,0,google,trend_relative
2026-03-22,캡소매,0,google,trend_relative
2026-03-29,캡소매,0,google,trend_relative
2026-04-05,캡소매,0,google,trend_relative
2026-04-12,캡소매,0,google,trend_relative
2026-04-19,캡소매,0,google,trend_relative
2026-04-26,캡소매,0,google,trend_relative
2026-05-03,캡소매,0,google,trend_relative
2026-05-10,캡소매,0,google,trend_relative
2026-05-17,캡소매,0,google,trend_relative
2026-05-24,캡소매,0,google,trend_relative
2026-05-31,캡소매,0,google,trend_relative
2026-06-07,캡소매,0,google,trend_relative
2026-06-14,캡소매,0,google,trend_relative
2026-06-21,캡소매,0,google,trend_relative
2026-06-28,캡소매,0,google,trend_relative
2026-07-05,캡소매,0,google,trend_relative
2026-07-12,캡소매,0,google,trend_relative
2026-07-19,캡소매,0,google,trend_relative
2026-07-26,캡소매,0,google,trend_relative
2026-08-02,캡소매,0,google,trend_relative
2026-08-09,캡소매,0,google,trend_relative
2026-08-16,캡소매,0,google,trend_relative
2026-08-23,캡소매,0,google,trend_relative
2026-08-30,캡소매,9,google,trend_relative
2026-09-06,캡소매,10,google,trend_relative
2026-09-13,캡소매,0,google,trend_relative
2025-09-14,벌룬소매,0,google,trend_relative
2025-09-21,벌룬소매,0,google,trend_relative
2025-09-28,벌룬소매,0,google,trend_relative
2025-10-05,벌룬소매,0,google,trend_relative
2025-10-12,벌룬소매,0,google,trend_relative
2025-10-19,벌룬소매,0,google,trend_relative
2025-10-26,벌룬소매,0,google,trend_relative
2025-11-02,벌룬소매,0,google,trend_relative
2025-11-09,벌룬소매,0,google,trend_relative
2025-11-16,벌룬소매,0,google,trend_relative
2025-11-23,벌룬소매,0,google,trend_relative
2025-11-30,벌룬소매,0,google,trend_relative
2025-12-07,벌룬소매,0,google,trend_relative
2025-12-14,벌룬소매,0,google,trend_relative
2025-12-21,벌룬소매,0,google,trend_relative
2025-12-28,벌룬소매,0,google,trend_relative
2026-01-04,벌룬소매,0,google,trend_relative
2026-01-11,벌룬소매,0,google,trend_relative
2026-01-18,벌룬소매,0,google,trend_relative
2026-01-25,벌룬소매,0,google,trend_relative
2026-02-01,벌룬소매,0,google,trend_relative
2026-02-08,벌룬소매,0,google,trend_relative
2026-02-15,벌룬소매,0,google,trend_relative
2026-02-22,벌룬소매,0,google,trend_relative
2026-03-01,벌룬소매,0,google,trend_relative
2026-03-08,벌룬소매,0,google,trend_relative
2026-03-15,벌룬소매,0,google,trend_relative
2026-03-22,벌룬소매,0,google,trend_relative
2026-03-29,벌룬소매,0,google,trend_relative
2026-04-05,벌룬소매,0,google,trend_relative
2026-04-12,벌룬소매,0,google,trend_relative
2026-04-19,벌룬소매,0,google,trend_relative
2026-04-26,벌룬소매,0,google,trend_relative
2026-05-03,벌룬소매,0,google,trend_relative
2026-05-10,벌룬소매,0,google,trend_relative
2026-05-17,벌룬소매,0,google,trend_relative
2026-05-24,벌룬소매,0,google,trend_relative
2026-05-31,벌룬소매,0,google,trend_relative
2026-06-07,벌룬소매,0,google,trend_relative
2026-06-14,벌룬소매,0,google,trend_relative
2026-06-21,벌룬소매,0,google,trend_relative
2026-06-28,벌룬소매,0,google,trend_relative
2026-07-05,벌룬소매,0,google,trend_relative
2026-07-12,벌룬소매,0,google,trend_relative
2026-07-19,벌룬소매,0,google,trend_relative
2026-07-26,벌룬소매,0,google,trend_relative
2026-08-02,벌룬소매,0,google,trend_relative
2026-08-09,벌룬소매,0,google,trend_relative
2026-08-16,벌룬소매,0,google,trend_relative
2026-08-23,벌룬소매,0,google,trend_relative
2026-08-30,벌룬소매,6,google,trend_relative
2026-09-06,벌룬소매,0,google,trend_relative
2026-09-13,벌룬소매,0,google,trend_relative
2025-09-14,비숍소매,0,google,trend_relative
2025-09-21,비숍소매,0,google,trend_relative
2025-09-28,비숍소매,0,google,trend_relative
2025-10-05,비숍소매,0,google,trend_relative
2025-10-12,비숍소매,0,google,trend_relative
2025-10-19,비숍소매,0,google,trend_relative
2025-10-26,비숍소매,0,google,trend_relative
2025-11-02,비숍소매,0,google,trend_relative
2025-11-09,비숍소매,0,google,trend_relative
2025-11-16,비숍소매,0,google,trend_relative
2025-11-23,비숍소매,0,google,trend_relative
2025-11-30,비숍소매,0,google,trend_relative
2025-12-07,비숍소매,0,google,trend_relative
2025-12-14,비숍소매,0,google,trend_relative
2025-12-21,비숍소매,0,google,trend_relative
2025-12-28,비숍소매,0,google,trend_relative
2026-01-04,비숍소매,0,google,trend_relative
2026-01-11,비숍소매,0,google,trend_relative
2026-01-18,비숍소매,0,google,trend_relative
2026-01-25,비숍소매,0,google,trend_relative
2026-02-01,비숍소매,0,google,trend_relative
2026-02-08,비숍소매,0,google,trend_relative
2026-02-15,비숍소매,0,google,trend_relative
2026-02-22,비숍소매,0,google,trend_relative
2026-03-01,비숍소매,0,google,trend_relative
2026-03-08,비숍소매,0,google,trend_relative
2026-03-15,비숍소매,0,google,trend_relative
2026-03-22,비숍소매,0,google,trend_relative
2026-03-29,비숍소매,0,google,trend_relative
2026-04-05,비숍소매,0,google,trend_relative
2026-04-12,비숍소매,0,google,trend_relative
2026-04-19,비숍소매,0,google,trend_relative
2026-04-26,비숍소매,0,google,trend_relative
2026-05-03,비숍소매,0,google,trend_relative
2026-05-10,비숍소매,0,google,trend_relative
2026-05-17,비숍소매,0,google,trend_relative
2026-05-24,비숍소매,0,google,trend_relative
2026-05-31,비숍소매,0,google,trend_relative
2026-06-07,비숍소매,0,google,trend_relative
2026-06-14,비숍소매,0,google,trend_relative
2026-06-21,비숍소매,0,google,trend_relative
2026-06-28,비숍소매,0,google,trend_relative
2026-07-05,비숍소매,0,google,trend_relative
2026-07-12,비숍소매,100,google,trend_relative
2026-07-19,비숍소매,0,google,trend_relative
2026-07-26,비숍소매,0,google,trend_relative
2026-08-02,비숍소매,0,google,trend_relative
2026-08-09,비숍소매,0,google,trend_relative
2026-08-16,비숍소매,0,google,trend_relative
2026-08-23,비숍소매,0,google,trend_relative
2026-08-30,비숍소매,0,google,trend_relative
2026-09-06,비숍소매,0,google,trend_relative
2026-09-13,비숍소매,0,google,trend_relative
2025-09-14,벨소매,0,google,trend_relative
2025-09-21,벨소매,0,google,trend_relative
2025-09-28,벨소매,0,google,trend_relative
2025-10-05,벨소매,0,google,trend_relative
2025-10-12,벨소매,0,google,trend_relative
2025-10-19,벨소매,0,google,trend_relative
2025-10-26,벨소매,0,google,trend_relative
2025-11-02,벨소매,0,google,trend_relative
2025-11-09,벨소매,0,google,trend_relative
2025-11-16,벨소매,0,google,trend_relative
2025-11-23,벨소매,0,google,trend_relative
2025-11-30,벨소매,0,google,trend_relative
2025-12-07,벨소매,0,google,trend_relative
2025-12-14,벨소매,0,google,trend_relative
2025-12-21,벨소매,0,google,trend_relative
2025-12-28,벨소매,0,google,trend_relative
2026-01-04,벨소매,0,google,trend_relative
2026-01-11,벨소매,0,google,trend_relative
2026-01-18,벨소매,0,google,trend_relative
2026-01-25,벨소매,0,google,trend_relative
2026-02-01,벨소매,0,google,trend_relative
2026-02-08,벨소매,0,google,trend_relative
2026-02-15,벨소매,0,google,trend_relative
2026-02-22,벨소매,0,google,trend_relative
2026-03-01,벨소매,0,google,trend_relative
2026-03-08,벨소매,0,google,trend_relative
2026-03-15,벨소매,0,google,trend_relative
2026-03-22,벨소매,0,google,trend_relative
2026-03-29,벨소매,0,google,trend_relative
2026-04-05,벨소매,0,google,trend_relative
2026-04-12,벨소매,0,google,trend_relative
2026-04-19,벨소매,0,google,trend_relative
2026-04-26,벨소매,0,google,trend_relative
2026-05-03,벨소매,0,google,trend_relative
2026-05-10,벨소매,0,google,trend_relative
2026-05-17,벨소매,0,google,trend_relative
2026-05-24,벨소매,0,google,trend_relative
2026-05-31,벨소매,0,google,trend_relative
2026-06-07,벨소매,0,google,trend_relative
2026-06-14,벨소매,0,google,trend_relative
2026-06-21,벨소매,0,google,trend_relative
2026-06-28,벨소매,0,google,trend_relative
2026-07-05,벨소매,0,google,trend_relative
2026-07-12,벨소매,0,google,trend_relative
2026-07-19,벨소매,0,google,trend_relative
2026-07-26,벨소매,0,google,trend_relative
2026-08-02,벨소매,0,google,trend_relative
2026-08-09,벨소매,0,google,trend_relative
2026-08-16,벨소매,0,google,trend_relative
2026-08-23,벨소매,0,google,trend_relative
2026-08-30,벨소매,0,google,trend_relative
2026-09-06,벨소매,0,google,trend_relative
2026-09-13,벨소매,0,google,trend_relative
2025-09-14,돌먼소매,0,google,trend_relative
2025-09-21,돌먼소매,0,google,trend_relative
2025-09-28,돌먼소매,0,google,trend_relative
2025-10-05,돌먼소매,0,google,trend_relative
2025-10-12,돌먼소매,0,google,trend_relative
2025-10-19,돌먼소매,0,google,trend_relative
2025-10-26,돌먼소매,0,google,trend_relative
2025-11-02,돌먼소매,0,google,trend_relative
2025-11-09,돌먼소매,0,google,trend_relative
2025-11-16,돌먼소매,0,google,trend_relative
2025-11-23,돌먼소매,0,google,trend_relative
2025-11-30,돌먼소매,0,google,trend_relative
2025-12-07,돌먼소매,0,google,trend_relative
2025-12-14,돌먼소매,0,google,trend_relative
2025-12-21,돌먼소매,0,google,trend_relative
2025-12-28,돌먼소매,0,google,trend_relative
2026-01-04,돌먼소매,0,google,trend_relative
2026-01-11,돌먼소매,0,google,trend_relative
2026-01-18,돌먼소매,0,google,trend_relative
2026-01-25,돌먼소매,0,google,trend_relative
2026-02-01,돌먼소매,0,google,trend_relative
2026-02-08,돌먼소매,0,google,trend_relative
2026-02-15,돌먼소매,0,google,trend_relative
2026-02-22,돌먼소매,0,google,trend_relative
2026-03-01,돌먼소매,0,google,trend_relative
2026-03-08,돌먼소매,0,google,trend_relative
2026-03-15,돌먼소매,0,google,trend_relative
2026-03-22,돌먼소매,0,google,trend_relative
2026-03-29,돌먼소매,0,google,trend_relative
2026-04-05,돌먼소매,0,google,trend_relative
2026-04-12,돌먼소매,0,google,trend_relative
2026-04-19,돌먼소매,0,google,trend_relative
2026-04-26,돌먼소매,0,google,trend_relative
2026-05-03,돌먼소매,0,google,trend_relative
2026-05-10,돌먼소매,0,google,trend_relative
2026-05-17,돌먼소매,0,google,trend_relative
2026-05-24,돌먼소매,0,google,trend_relative
2026-05-31,돌먼소매,0,google,trend_relative
2026-06-07,돌먼소매,0,google,trend_relative
2026-06-14,돌먼소매,0,google,trend_relative
2026-06-21,돌먼소매,0,google,trend_relative
2026-06-28,돌먼소매,0,google,trend_relative
2026-07-05,돌먼소매,0,google,trend_relative
2026-07-12,돌먼소매,0,google,trend_relative
2026-07-19,돌먼소매,0,google,trend_relative
2026-07-26,돌먼소매,0,google,trend_relative
2026-08-02,돌먼소매,0,google,trend_relative
2026-08-09,돌먼소매,0,google,trend_relative
2026-08-16,돌먼소매,0,google,trend_relative
2026-08-23,돌먼소매,0,google,trend_relative
2026-08-30,돌먼소매,0,google,trend_relative
2026-09-06,돌먼소매,0,google,trend_relative
2026-09-13,돌먼소매,0,google,trend_relative
2025-09-14,배트윙소매,0,google,trend_relative
2025-09-21,배트윙소매,0,google,trend_relative
2025-09-28,배트윙소매,0,google,trend_relative
2025-10-05,배트윙소매,0,google,trend_relative
2025-10-12,배트윙소매,0,google,trend_relative
2025-10-19,배트윙소매,0,google,trend_relative
2025-10-26,배트윙소매,0,google,trend_relative
2025-11-02,배트윙소매,0,google,trend_relative
2025-11-09,배트윙소매,0,google,trend_relative
2025-11-16,배트윙소매,0,google,trend_relative
2025-11-23,배트윙소매,0,google,trend_relative
2025-11-30,배트윙소매,0,google,trend_relative
2025-12-07,배트윙소매,0,google,trend_relative
2025-12-14,배트윙소매,0,google,trend_relative
2025-12-21,배트윙소매,0,google,trend_relative
2025-12-28,배트윙소매,0,google,trend_relative
2026-01-04,배트윙소매,0,google,trend_relative
2026-01-11,배트윙소매,0,google,trend_relative
2026-01-18,배트윙소매,0,google,trend_relative
2026-01-25,배트윙소매,0,google,trend_relative
2026-02-01,배트윙소매,0,google,trend_relative
2026-02-08,배트윙소매,0,google,trend_relative
2026-02-15,배트윙소매,0,google,trend_relative
2026-02-22,배트윙소매,0,google,trend_relative
2026-03-01,배트윙소매,0,google,trend_relative
2026-03-08,배트윙소매,0,google,trend_relative
2026-03-15,배트윙소매,0,google,trend_relative
2026-03-22,배트윙소매,0,google,trend_relative
2026-03-29,배트윙소매,0,google,trend_relative
2026-04-05,배트윙소매,0,google,trend_relative
2026-04-12,배트윙소매,0,google,trend_relative
2026-04-19,배트윙소매,0,google,trend_relative
2026-04-26,배트윙소매,0,google,trend_relative
2026-05-03,배트윙소매,0,google,trend_relative
2026-05-10,배트윙소매,0,google,trend_relative
2026-05-17,배트윙소매,0,google,trend_relative
2026-05-24,배트윙소매,0,google,trend_relative
2026-05-31,배트윙소매,0,google,trend_relative
2026-06-07,배트윙소매,0,google,trend_relative
2026-06-14,배트윙소매,0,google,trend_relative
2026-06-21,배트윙소매,0,google,trend_relative
2026-06-28,배트윙소매,0,google,trend_relative
2026-07-05,배트윙소매,0,google,trend_relative
2026-07-12,배트윙소매,0,google,trend_relative
2026-07-19,배트윙소매,0,google,trend_relative
2026-07-26,배트윙소매,0,google,trend_relative
2026-08-02,배트윙소매,0,google,trend_relative
2026-08-09,배트윙소매,0,google,trend_relative
2026-08-16,배트윙소매,0,google,trend_relative
2026-08-23,배트윙소매,0,google,trend_relative
2026-08-30,배트윙소매,0,google,trend_relative
2026-09-06,배트윙소매,0,google,trend_relative
2026-09-13,배트윙소매,0,google,trend_relative
2025-09-14,플러터소매,0,google,trend_relative
2025-09-21,플러터소매,0,google,trend_relative
2025-09-28,플러터소매,0,google,trend_relative
2025-10-05,플러터소매,0,google,trend_relative
2025-10-12,플러터소매,0,google,trend_relative
2025-10-19,플러터소매,0,google,trend_relative
2025-10-26,플러터소매,0,google,trend_relative
2025-11-02,플러터소매,0,google,trend_relative
2025-11-09,플러터소매,0,google,trend_relative
2025-11-16,플러터소매,0,google,trend_relative
2025-11-23,플러터소매,0,google,trend_relative
2025-11-30,플러터소매,0,google,trend_relative
2025-12-07,플러터소매,0,google,trend_relative
2025-12-14,플러터소매,0,google,trend_relative
2025-12-21,플러터소매,0,google,trend_relative
2025-12-28,플러터소매,0,google,trend_relative
2026-01-04,플러터소매,0,google,trend_relative
2026-01-11,플러터소매,0,google,trend_relative
2026-01-18,플러터소매,0,google,trend_relative
2026-01-25,플러터소매,0,google,trend_relative
2026-02-01,플러터소매,0,google,trend_relative
2026-02-08,플러터소매,0,google,trend_relative
2026-02-15,플러터소매,0,google,trend_relative
2026-02-22,플러터소매,0,google,trend_relative
2026-03-01,플러터소매,0,google,trend_relative
2026-03-08,플러터소매,0,google,trend_relative
2026-03-15,플러터소매,0,google,trend_relative
2026-03-22,플러터소매,0,google,trend_relative
2026-03-29,플러터소매,0,google,trend_relative
2026-04-05,플러터소매,0,google,trend_relative
2026-04-12,플러터소매,0,google,trend_relative
2026-04-19,플러터소매,0,google,trend_relative
2026-04-26,플러터소매,0,google,trend_relative
2026-05-03,플러터소매,0,google,trend_relative
2026-05-10,플러터소매,0,google,trend_relative
2026-05-17,플러터소매,0,google,trend_relative
2026-05-24,플러터소매,0,google,trend_relative
2026-05-31,플러터소매,0,google,trend_relative
2026-06-07,플러터소매,0,google,trend_relative
2026-06-14,플러터소매,0,google,trend_relative
2026-06-21,플러터소매,0,google,trend_relative
2026-06-28,플러터소매,0,google,trend_relative
2026-07-05,플러터소매,0,google,trend_relative
2026-07-12,플러터소매,0,google,trend_relative
2026-07-19,플러터소매,0,google,trend_relative
2026-07-26,플러터소매,0,google,trend_relative
2026-08-02,플러터소매,0,google,trend_relative
2026-08-09,플러터소매,0,google,trend_relative
2026-08-16,플러터소매,0,google,trend_relative
2026-08-23,플러터소매,0,google,trend_relative
2026-08-30,플러터소매,0,google,trend_relative
2026-09-06,플러터소매,0,google,trend_relative
2026-09-13,플러터소매,0,google,trend_relative
2025-09-14,드롭숄더,0,google,trend_relative
2025-09-21,드롭숄더,58,google,trend_relative
2025-09-28,드롭숄더,0,google,trend_relative
2025-10-05,드롭숄더,0,google,trend_relative
2025-10-12,드롭숄더,0,google,trend_relative
2025-10-19,드롭숄더,0,google,trend_relative
2025-10-26,드롭숄더,0,google,trend_relative
2025-11-02,드롭숄더,0,google,trend_relative
2025-11-09,드롭숄더,0,google,trend_relative
2025-11-16,드롭숄더,0,google,trend_relative
2025-11-23,드롭숄더,0,google,trend_relative
2025-11-30,드롭숄더,0,google,trend_relative
2025-12-07,드롭숄더,0,google,trend_relative
2025-12-14,드롭숄더,0,google,trend_relative
2025-12-21,드롭숄더,0,google,trend_relative
2025-12-28,드롭숄더,0,google,trend_relative
2026-01-04,드롭숄더,0,google,trend_relative
2026-01-11,드롭숄더,0,google,trend_relative
2026-01-18,드롭숄더,0,google,trend_relative
2026-01-25,드롭숄더,0,google,trend_relative
2026-02-01,드롭숄더,0,google,trend_relative
2026-02-08,드롭숄더,0,google,trend_relative
2026-02-15,드롭숄더,0,google,trend_relative
2026-02-22,드롭숄더,0,google,trend_relative
2026-03-01,드롭숄더,0,google,trend_relative
2026-03-08,드롭숄더,0,google,trend_relative
2026-03-15,드롭숄더,0,google,trend_relative
2026-03-22,드롭숄더,0,google,trend_relative
2026-03-29,드롭숄더,0,google,trend_relative
2026-04-05,드롭숄더,0,google,trend_relative
2026-04-12,드롭숄더,0,google,trend_relative
2026-04-19,드롭숄더,0,google,trend_relative
2026-04-26,드롭숄더,0,google,trend_relative
2026-05-03,드롭숄더,0,google,trend_relative
2026-05-10,드롭숄더,0,google,trend_relative
2026-05-17,드롭숄더,0,google,trend_relative
2026-05-24,드롭숄더,0,google,trend_relative
2026-05-31,드롭숄더,0,google,trend_relative
2026-06-07,드롭숄더,0,google,trend_relative
2026-06-14,드롭숄더,0,google,trend_relative
2026-06-21,드롭숄더,0,google,trend_relative
2026-06-28,드롭숄더,0,google,trend_relative
2026-07-05,드롭숄더,0,google,trend_relative
2026-07-12,드롭숄더,0,google,trend_relative
2026-07-19,드롭숄더,0,google,trend_relative
2026-07-26,드롭숄더,0,google,trend_relative
2026-08-02,드롭숄더,0,google,trend_relative
2026-08-09,드롭숄더,0,google,trend_relative
2026-08-16,드롭숄더,0,google,trend_relative
2026-08-23,드롭숄더,0,google,trend_relative
2026-08-30,드롭숄더,10,google,trend_relative
2026-09-06,드롭숄더,8,google,trend_relative
2026-09-13,드롭숄더,0,google,trend_relative
2025-09-14,패치포켓,0,google,trend_relative
2025-09-21,패치포켓,0,google,trend_relative
2025-09-28,패치포켓,70,google,trend_relative
2025-10-05,패치포켓,0,google,trend_relative
2025-10-12,패치포켓,0,google,trend_relative
2025-10-19,패치포켓,0,google,trend_relative
2025-10-26,패치포켓,0,google,trend_relative
2025-11-02,패치포켓,0,google,trend_relative
2025-11-09,패치포켓,0,google,trend_relative
2025-11-16,패치포켓,0,google,trend_relative
2025-11-23,패치포켓,0,google,trend_relative
2025-11-30,패치포켓,0,google,trend_relative
2025-12-07,패치포켓,0,google,trend_relative
2025-12-14,패치포켓,0,google,trend_relative
2025-12-21,패치포켓,0,google,trend_relative
2025-12-28,패치포켓,0,google,trend_relative
2026-01-04,패치포켓,0,google,trend_relative
2026-01-11,패치포켓,0,google,trend_relative
2026-01-18,패치포켓,0,google,trend_relative
2026-01-25,패치포켓,0,google,trend_relative
2026-02-01,패치포켓,0,google,trend_relative
2026-02-08,패치포켓,55,google,trend_relative
2026-02-15,패치포켓,0,google,trend_relative
2026-02-22,패치포켓,0,google,trend_relative
2026-03-01,패치포켓,0,google,trend_relative
2026-03-08,패치포켓,0,google,trend_relative
2026-03-15,패치포켓,0,google,trend_relative
2026-03-22,패치포켓,0,google,trend_relative
2026-03-29,패치포켓,0,google,trend_relative
2026-04-05,패치포켓,0,google,trend_relative
2026-04-12,패치포켓,0,google,trend_relative
2026-04-19,패치포켓,0,google,trend_relative
2026-04-26,패치포켓,0,google,trend_relative
2026-05-03,패치포켓,0,google,trend_relative
2026-05-10,패치포켓,0,google,trend_relative
2026-05-17,패치포켓,0,google,trend_relative
2026-05-24,패치포켓,0,google,trend_relative
2026-05-31,패치포켓,0,google,trend_relative
2026-06-07,패치포켓,0,google,trend_relative
2026-06-14,패치포켓,0,google,trend_relative
2026-06-21,패치포켓,61,google,trend_relative
2026-06-28,패치포켓,0,google,trend_relative
2026-07-05,패치포켓,0,google,trend_relative
2026-07-12,패치포켓,0,google,trend_relative
2026-07-19,패치포켓,0,google,trend_relative
2026-07-26,패치포켓,52,google,trend_relative
2026-08-02,패치포켓,100,google,trend_relative
2026-08-09,패치포켓,0,google,trend_relative
2026-08-16,패치포켓,58,google,trend_relative
2026-08-23,패치포켓,0,google,trend_relative
2026-08-30,패치포켓,42,google,trend_relative
2026-09-06,패치포켓,44,google,trend_relative
2026-09-13,패치포켓,67,google,trend_relative
2025-09-14,카고포켓,0,google,trend_relative
2025-09-21,카고포켓,0,google,trend_relative
2025-09-28,카고포켓,0,google,trend_relative
2025-10-05,카고포켓,0,google,trend_relative
2025-10-12,카고포켓,0,google,trend_relative
2025-10-19,카고포켓,0,google,trend_relative
2025-10-26,카고포켓,0,google,trend_relative
2025-11-02,카고포켓,0,google,trend_relative
2025-11-09,카고포켓,0,google,trend_relative
2025-11-16,카고포켓,0,google,trend_relative
2025-11-23,카고포켓,0,google,trend_relative
2025-11-30,카고포켓,0,google,trend_relative
2025-12-07,카고포켓,0,google,trend_relative
2025-12-14,카고포켓,0,google,trend_relative
2025-12-21,카고포켓,0,google,trend_relative
2025-12-28,카고포켓,0,google,trend_relative
2026-01-04,카고포켓,0,google,trend_relative
2026-01-11,카고포켓,0,google,trend_relative
2026-01-18,카고포켓,0,google,trend_relative
2026-01-25,카고포켓,0,google,trend_relative
2026-02-01,카고포켓,0,google,trend_relative
2026-02-08,카고포켓,0,google,trend_relative
2026-02-15,카고포켓,0,google,trend_relative
2026-02-22,카고포켓,0,google,trend_relative
2026-03-01,카고포켓,0,google,trend_relative
2026-03-08,카고포켓,0,google,trend_relative
2026-03-15,카고포켓,0,google,trend_relative
2026-03-22,카고포켓,0,google,trend_relative
2026-03-29,카고포켓,0,google,trend_relative
2026-04-05,카고포켓,0,google,trend_relative
2026-04-12,카고포켓,0,google,trend_relative
2026-04-19,카고포켓,0,google,trend_relative
2026-04-26,카고포켓,0,google,trend_relative
2026-05-03,카고포켓,0,google,trend_relative
2026-05-10,카고포켓,0,google,trend_relative
2026-05-17,카고포켓,0,google,trend_relative
2026-05-24,카고포켓,0,google,trend_relative
2026-05-31,카고포켓,0,google,trend_relative
2026-06-07,카고포켓,0,google,trend_relative
2026-06-14,카고포켓,0,google,trend_relative
2026-06-21,카고포켓,0,google,trend_relative
2026-06-28,카고포켓,0,google,trend_relative
2026-07-05,카고포켓,0,google,trend_relative
2026-07-12,카고포켓,0,google,trend_relative
2026-07-19,카고포켓,0,google,trend_relative
2026-07-26,카고포켓,0,google,trend_relative
2026-08-02,카고포켓,0,google,trend_relative
2026-08-09,카고포켓,0,google,trend_relative
2026-08-16,카고포켓,0,google,trend_relative
2026-08-23,카고포켓,0,google,trend_relative
2026-08-30,카고포켓,5,google,trend_relative
2026-09-06,카고포켓,6,google,trend_relative
2026-09-13,카고포켓,0,google,trend_relative
2025-09-14,플랩포켓,0,google,trend_relative
2025-09-21,플랩포켓,0,google,trend_relative
2025-09-28,플랩포켓,0,google,trend_relative
2025-10-05,플랩포켓,0,google,trend_relative
2025-10-12,플랩포켓,0,google,trend_relative
2025-10-19,플랩포켓,0,google,trend_relative
2025-10-26,플랩포켓,0,google,trend_relative
2025-11-02,플랩포켓,0,google,trend_relative
2025-11-09,플랩포켓,0,google,trend_relative
2025-11-16,플랩포켓,0,google,trend_relative
2025-11-23,플랩포켓,0,google,trend_relative
2025-11-30,플랩포켓,0,google,trend_relative
2025-12-07,플랩포켓,0,google,trend_relative
2025-12-14,플랩포켓,0,google,trend_relative
2025-12-21,플랩포켓,0,google,trend_relative
2025-12-28,플랩포켓,0,google,trend_relative
2026-01-04,플랩포켓,0,google,trend_relative
2026-01-11,플랩포켓,0,google,trend_relative
2026-01-18,플랩포켓,0,google,trend_relative
2026-01-25,플랩포켓,0,google,trend_relative
2026-02-01,플랩포켓,0,google,trend_relative
2026-02-08,플랩포켓,0,google,trend_relative
2026-02-15,플랩포켓,0,google,trend_relative
2026-02-22,플랩포켓,0,google,trend_relative
2026-03-01,플랩포켓,0,google,trend_relative
2026-03-08,플랩포켓,0,google,trend_relative
2026-03-15,플랩포켓,0,google,trend_relative
2026-03-22,플랩포켓,0,google,trend_relative
2026-03-29,플랩포켓,0,google,trend_relative
2026-04-05,플랩포켓,0,google,trend_relative
2026-04-12,플랩포켓,0,google,trend_relative
2026-04-19,플랩포켓,0,google,trend_relative
2026-04-26,플랩포켓,0,google,trend_relative
2026-05-03,플랩포켓,0,google,trend_relative
2026-05-10,플랩포켓,0,google,trend_relative
2026-05-17,플랩포켓,0,google,trend_relative
2026-05-24,플랩포켓,0,google,trend_relative
2026-05-31,플랩포켓,0,google,trend_relative
2026-06-07,플랩포켓,0,google,trend_relative
2026-06-14,플랩포켓,0,google,trend_relative
2026-06-21,플랩포켓,0,google,trend_relative
2026-06-28,플랩포켓,0,google,trend_relative
2026-07-05,플랩포켓,0,google,trend_relative
2026-07-12,플랩포켓,0,google,trend_relative
2026-07-19,플랩포켓,0,google,trend_relative
2026-07-26,플랩포켓,0,google,trend_relative
2026-08-02,플랩포켓,0,google,trend_relative
2026-08-09,플랩포켓,0,google,trend_relative
2026-08-16,플랩포켓,0,google,trend_relative
2026-08-23,플랩포켓,0,google,trend_relative
2026-08-30,플랩포켓,89,google,trend_relative
2026-09-06,플랩포켓,0,google,trend_relative
2026-09-13,플랩포켓,0,google,trend_relative
2025-09-14,웰트포켓,0,google,trend_relative
2025-09-21,웰트포켓,0,google,trend_relative
2025-09-28,웰트포켓,0,google,trend_relative
2025-10-05,웰트포켓,0,google,trend_relative
2025-10-12,웰트포켓,0,google,trend_relative
2025-10-19,웰트포켓,0,google,trend_relative
2025-10-26,웰트포켓,0,google,trend_relative
2025-11-02,웰트포켓,0,google,trend_relative
2025-11-09,웰트포켓,0,google,trend_relative
2025-11-16,웰트포켓,0,google,trend_relative
2025-11-23,웰트포켓,0,google,trend_relative
2025-11-30,웰트포켓,0,google,trend_relative
2025-12-07,웰트포켓,0,google,trend_relative
2025-12-14,웰트포켓,0,google,trend_relative
2025-12-21,웰트포켓,0,google,trend_relative
2025-12-28,웰트포켓,0,google,trend_relative
2026-01-04,웰트포켓,0,google,trend_relative
2026-01-11,웰트포켓,0,google,trend_relative
2026-01-18,웰트포켓,0,google,trend_relative
2026-01-25,웰트포켓,0,google,trend_relative
2026-02-01,웰트포켓,0,google,trend_relative
2026-02-08,웰트포켓,0,google,trend_relative
2026-02-15,웰트포켓,0,google,trend_relative
2026-02-22,웰트포켓,0,google,trend_relative
2026-03-01,웰트포켓,0,google,trend_relative
2026-03-08,웰트포켓,0,google,trend_relative
2026-03-15,웰트포켓,0,google,trend_relative
2026-03-22,웰트포켓,0,google,trend_relative
2026-03-29,웰트포켓,0,google,trend_relative
2026-04-05,웰트포켓,0,google,trend_relative
2026-04-12,웰트포켓,0,google,trend_relative
2026-04-19,웰트포켓,0,google,trend_relative
2026-04-26,웰트포켓,0,google,trend_relative
2026-05-03,웰트포켓,0,google,trend_relative
2026-05-10,웰트포켓,0,google,trend_relative
2026-05-17,웰트포켓,0,google,trend_relative
2026-05-24,웰트포켓,0,google,trend_relative
2026-05-31,웰트포켓,0,google,trend_relative
2026-06-07,웰트포켓,0,google,trend_relative
2026-06-14,웰트포켓,0,google,trend_relative
2026-06-21,웰트포켓,0,google,trend_relative
2026-06-28,웰트포켓,0,google,trend_relative
2026-07-05,웰트포켓,0,google,trend_relative
2026-07-12,웰트포켓,0,google,trend_relative
2026-07-19,웰트포켓,0,google,trend_relative
2026-07-26,웰트포켓,0,google,trend_relative
2026-08-02,웰트포켓,0,google,trend_relative
2026-08-09,웰트포켓,0,google,trend_relative
2026-08-16,웰트포켓,0,google,trend_relative
2026-08-23,웰트포켓,0,google,trend_relative
2026-08-30,웰트포켓,0,google,trend_relative
2026-09-06,웰트포켓,0,google,trend_relative
2026-09-13,웰트포켓,0,google,trend_relative
2025-09-14,슬래시포켓,0,google,trend_relative
2025-09-21,슬래시포켓,0,google,trend_relative
2025-09-28,슬래시포켓,0,google,trend_relative
2025-10-05,슬래시포켓,0,google,trend_relative
2025-10-12,슬래시포켓,0,google,trend_relative
2025-10-19,슬래시포켓,0,google,trend_relative
2025-10-26,슬래시포켓,0,google,trend_relative
2025-11-02,슬래시포켓,0,google,trend_relative
2025-11-09,슬래시포켓,0,google,trend_relative
2025-11-16,슬래시포켓,0,google,trend_relative
2025-11-23,슬래시포켓,0,google,trend_relative
2025-11-30,슬래시포켓,0,google,trend_relative
2025-12-07,슬래시포켓,0,google,trend_relative
2025-12-14,슬래시포켓,0,google,trend_relative
2025-12-21,슬래시포켓,0,google,trend_relative
2025-12-28,슬래시포켓,0,google,trend_relative
2026-01-04,슬래시포켓,0,google,trend_relative
2026-01-11,슬래시포켓,0,google,trend_relative
2026-01-18,슬래시포켓,0,google,trend_relative
2026-01-25,슬래시포켓,0,google,trend_relative
2026-02-01,슬래시포켓,0,google,trend_relative
2026-02-08,슬래시포켓,0,google,trend_relative
2026-02-15,슬래시포켓,0,google,trend_relative
2026-02-22,슬래시포켓,0,google,trend_relative
2026-03-01,슬래시포켓,0,google,trend_relative
2026-03-08,슬래시포켓,0,google,trend_relative
2026-03-15,슬래시포켓,0,google,trend_relative
2026-03-22,슬래시포켓,0,google,trend_relative
2026-03-29,슬래시포켓,0,google,trend_relative
2026-04-05,슬래시포켓,0,google,trend_relative
2026-04-12,슬래시포켓,0,google,trend_relative
2026-04-19,슬래시포켓,0,google,trend_relative
2026-04-26,슬래시포켓,0,google,trend_relative
2026-05-03,슬래시포켓,0,google,trend_relative
2026-05-10,슬래시포켓,0,google,trend_relative
2026-05-17,슬래시포켓,0,google,trend_relative
2026-05-24,슬래시포켓,0,google,trend_relative
2026-05-31,슬래시포켓,0,google,trend_relative
2026-06-07,슬래시포켓,0,google,trend_relative
2026-06-14,슬래시포켓,0,google,trend_relative
2026-06-21,슬래시포켓,0,google,trend_relative
2026-06-28,슬래시포켓,0,google,trend_relative
2026-07-05,슬래시포켓,0,google,trend_relative
2026-07-12,슬래시포켓,0,google,trend_relative
2026-07-19,슬래시포켓,0,google,trend_relative
2026-07-26,슬래시포켓,0,google,trend_relative
2026-08-02,슬래시포켓,0,google,trend_relative
2026-08-09,슬래시포켓,0,google,trend_relative
2026-08-16,슬래시포켓,0,google,trend_relative
2026-08-23,슬래시포켓,0,google,trend_relative
2026-08-30,슬래시포켓,0,google,trend_relative
2026-09-06,슬래시포켓,0,google,trend_relative
2026-09-13,슬래시포켓,0,google,trend_relative
2025-09-14,캥거루포켓,0,google,trend_relative
2025-09-21,캥거루포켓,0,google,trend_relative
2025-09-28,캥거루포켓,0,google,trend_relative
2025-10-05,캥거루포켓,0,google,trend_relative
2025-10-12,캥거루포켓,0,google,trend_relative
2025-10-19,캥거루포켓,0,google,trend_relative
2025-10-26,캥거루포켓,0,google,trend_relative
2025-11-02,캥거루포켓,0,google,trend_relative
2025-11-09,캥거루포켓,0,google,trend_relative
2025-11-16,캥거루포켓,0,google,trend_relative
2025-11-23,캥거루포켓,0,google,trend_relative
2025-11-30,캥거루포켓,0,google,trend_relative
2025-12-07,캥거루포켓,0,google,trend_relative
2025-12-14,캥거루포켓,0,google,trend_relative
2025-12-21,캥거루포켓,0,google,trend_relative
2025-12-28,캥거루포켓,0,google,trend_relative
2026-01-04,캥거루포켓,0,google,trend_relative
2026-01-11,캥거루포켓,0,google,trend_relative
2026-01-18,캥거루포켓,0,google,trend_relative
2026-01-25,캥거루포켓,0,google,trend_relative
2026-02-01,캥거루포켓,0,google,trend_relative
2026-02-08,캥거루포켓,0,google,trend_relative
2026-02-15,캥거루포켓,0,google,trend_relative
2026-02-22,캥거루포켓,0,google,trend_relative
2026-03-01,캥거루포켓,0,google,trend_relative
2026-03-08,캥거루포켓,0,google,trend_relative
2026-03-15,캥거루포켓,0,google,trend_relative
2026-03-22,캥거루포켓,0,google,trend_relative
2026-03-29,캥거루포켓,0,google,trend_relative
2026-04-05,캥거루포켓,0,google,trend_relative
2026-04-12,캥거루포켓,0,google,trend_relative
2026-04-19,캥거루포켓,0,google,trend_relative
2026-04-26,캥거루포켓,0,google,trend_relative
2026-05-03,캥거루포켓,0,google,trend_relative
2026-05-10,캥거루포켓,0,google,trend_relative
2026-05-17,캥거루포켓,0,google,trend_relative
2026-05-24,캥거루포켓,0,google,trend_relative
2026-05-31,캥거루포켓,0,google,trend_relative
2026-06-07,캥거루포켓,0,google,trend_relative
2026-06-14,캥거루포켓,0,google,trend_relative
2026-06-21,캥거루포켓,0,google,trend_relative
2026-06-28,캥거루포켓,0,google,trend_relative
2026-07-05,캥거루포켓,0,google,trend_relative
2026-07-12,캥거루포켓,0,google,trend_relative
2026-07-19,캥거루포켓,0,google,trend_relative
2026-07-26,캥거루포켓,0,google,trend_relative
2026-08-02,캥거루포켓,0,google,trend_relative
2026-08-09,캥거루포켓,0,google,trend_relative
2026-08-16,캥거루포켓,0,google,trend_relative
2026-08-23,캥거루포켓,0,google,trend_relative
2026-08-30,캥거루포켓,0,google,trend_relative
2026-09-06,캥거루포켓,0,google,trend_relative
2026-09-13,캥거루포켓,0,google,trend_relative
2025-09-14,체스트포켓,0,google,trend_relative
2025-09-21,체스트포켓,0,google,trend_relative
2025-09-28,체스트포켓,0,google,trend_relative
2025-10-05,체스트포켓,0,google,trend_relative
2025-10-12,체스트포켓,0,google,trend_relative
2025-10-19,체스트포켓,0,google,trend_relative
2025-10-26,체스트포켓,0,google,trend_relative
2025-11-02,체스트포켓,0,google,trend_relative
2025-11-09,체스트포켓,0,google,trend_relative
2025-11-16,체스트포켓,0,google,trend_relative
2025-11-23,체스트포켓,0,google,trend_relative
2025-11-30,체스트포켓,0,google,trend_relative
2025-12-07,체스트포켓,0,google,trend_relative
2025-12-14,체스트포켓,0,google,trend_relative
2025-12-21,체스트포켓,0,google,trend_relative
2025-12-28,체스트포켓,0,google,trend_relative
2026-01-04,체스트포켓,0,google,trend_relative
2026-01-11,체스트포켓,0,google,trend_relative
2026-01-18,체스트포켓,0,google,trend_relative
2026-01-25,체스트포켓,0,google,trend_relative
2026-02-01,체스트포켓,0,google,trend_relative
2026-02-08,체스트포켓,0,google,trend_relative
2026-02-15,체스트포켓,0,google,trend_relative
2026-02-22,체스트포켓,0,google,trend_relative
2026-03-01,체스트포켓,0,google,trend_relative
2026-03-08,체스트포켓,0,google,trend_relative
2026-03-15,체스트포켓,0,google,trend_relative
2026-03-22,체스트포켓,0,google,trend_relative
2026-03-29,체스트포켓,0,google,trend_relative
2026-04-05,체스트포켓,0,google,trend_relative
2026-04-12,체스트포켓,0,google,trend_relative
2026-04-19,체스트포켓,0,google,trend_relative
2026-04-26,체스트포켓,0,google,trend_relative
2026-05-03,체스트포켓,0,google,trend_relative
2026-05-10,체스트포켓,0,google,trend_relative
2026-05-17,체스트포켓,0,google,trend_relative
2026-05-24,체스트포켓,0,google,trend_relative
2026-05-31,체스트포켓,0,google,trend_relative
2026-06-07,체스트포켓,0,google,trend_relative
2026-06-14,체스트포켓,0,google,trend_relative
2026-06-21,체스트포켓,0,google,trend_relative
2026-06-28,체스트포켓,0,google,trend_relative
2026-07-05,체스트포켓,0,google,trend_relative
2026-07-12,체스트포켓,0,google,trend_relative
2026-07-19,체스트포켓,0,google,trend_relative
2026-07-26,체스트포켓,0,google,trend_relative
2026-08-02,체스트포켓,0,google,trend_relative
2026-08-09,체스트포켓,0,google,trend_relative
2026-08-16,체스트포켓,0,google,trend_relative
2026-08-23,체스트포켓,0,google,trend_relative
2026-08-30,체스트포켓,0,google,trend_relative
2026-09-06,체스트포켓,100,google,trend_relative
2026-09-13,체스트포켓,0,google,trend_relative
2025-09-14,버클여밈,0,google,trend_relative
2025-09-21,버클여밈,0,google,trend_relative
2025-09-28,버클여밈,0,google,trend_relative
2025-10-05,버클여밈,0,google,trend_relative
2025-10-12,버클여밈,0,google,trend_relative
2025-10-19,버클여밈,0,google,trend_relative
2025-10-26,버클여밈,0,google,trend_relative
2025-11-02,버클여밈,0,google,trend_relative
2025-11-09,버클여밈,0,google,trend_relative
2025-11-16,버클여밈,0,google,trend_relative
2025-11-23,버클여밈,0,google,trend_relative
2025-11-30,버클여밈,0,google,trend_relative
2025-12-07,버클여밈,0,google,trend_relative
2025-12-14,버클여밈,0,google,trend_relative
2025-12-21,버클여밈,0,google,trend_relative
2025-12-28,버클여밈,0,google,trend_relative
2026-01-04,버클여밈,0,google,trend_relative
2026-01-11,버클여밈,0,google,trend_relative
2026-01-18,버클여밈,0,google,trend_relative
2026-01-25,버클여밈,0,google,trend_relative
2026-02-01,버클여밈,0,google,trend_relative
2026-02-08,버클여밈,0,google,trend_relative
2026-02-15,버클여밈,0,google,trend_relative
2026-02-22,버클여밈,0,google,trend_relative
2026-03-01,버클여밈,0,google,trend_relative
2026-03-08,버클여밈,0,google,trend_relative
2026-03-15,버클여밈,0,google,trend_relative
2026-03-22,버클여밈,0,google,trend_relative
2026-03-29,버클여밈,0,google,trend_relative
2026-04-05,버클여밈,0,google,trend_relative
2026-04-12,버클여밈,0,google,trend_relative
2026-04-19,버클여밈,0,google,trend_relative
2026-04-26,버클여밈,0,google,trend_relative
2026-05-03,버클여밈,0,google,trend_relative
2026-05-10,버클여밈,0,google,trend_relative
2026-05-17,버클여밈,0,google,trend_relative
2026-05-24,버클여밈,0,google,trend_relative
2026-05-31,버클여밈,0,google,trend_relative
2026-06-07,버클여밈,0,google,trend_relative
2026-06-14,버클여밈,0,google,trend_relative
2026-06-21,버클여밈,0,google,trend_relative
2026-06-28,버클여밈,0,google,trend_relative
2026-07-05,버클여밈,0,google,trend_relative
2026-07-12,버클여밈,0,google,trend_relative
2026-07-19,버클여밈,0,google,trend_relative
2026-07-26,버클여밈,0,google,trend_relative
2026-08-02,버클여밈,0,google,trend_relative
2026-08-09,버클여밈,0,google,trend_relative
2026-08-16,버클여밈,0,google,trend_relative
2026-08-23,버클여밈,0,google,trend_relative
2026-08-30,버클여밈,0,google,trend_relative
2026-09-06,버클여밈,0,google,trend_relative
2026-09-13,버클여밈,0,google,trend_relative
2025-09-14,드로스트링,0,google,trend_relative
2025-09-21,드로스트링,0,google,trend_relative
2025-09-28,드로스트링,0,google,trend_relative
2025-10-05,드로스트링,0,google,trend_relative
2025-10-12,드로스트링,0,google,trend_relative
2025-10-19,드로스트링,0,google,trend_relative
2025-10-26,드로스트링,0,google,trend_relative
2025-11-02,드로스트링,0,google,trend_relative
2025-11-09,드로스트링,0,google,trend_relative
2025-11-16,드로스트링,0,google,trend_relative
2025-11-23,드로스트링,0,google,trend_relative
2025-11-30,드로스트링,0,google,trend_relative
2025-12-07,드로스트링,0,google,trend_relative
2025-12-14,드로스트링,0,google,trend_relative
2025-12-21,드로스트링,0,google,trend_relative
2025-12-28,드로스트링,0,google,trend_relative
2026-01-04,드로스트링,0,google,trend_relative
2026-01-11,드로스트링,0,google,trend_relative
2026-01-18,드로스트링,0,google,trend_relative
2026-01-25,드로스트링,0,google,trend_relative
2026-02-01,드로스트링,0,google,trend_relative
2026-02-08,드로스트링,0,google,trend_relative
2026-02-15,드로스트링,0,google,trend_relative
2026-02-22,드로스트링,0,google,trend_relative
2026-03-01,드로스트링,0,google,trend_relative
2026-03-08,드로스트링,0,google,trend_relative
2026-03-15,드로스트링,0,google,trend_relative
2026-03-22,드로스트링,0,google,trend_relative
2026-03-29,드로스트링,0,google,trend_relative
2026-04-05,드로스트링,0,google,trend_relative
2026-04-12,드로스트링,0,google,trend_relative
2026-04-19,드로스트링,0,google,trend_relative
2026-04-26,드로스트링,0,google,trend_relative
2026-05-03,드로스트링,0,google,trend_relative
2026-05-10,드로스트링,0,google,trend_relative
2026-05-17,드로스트링,0,google,trend_relative
2026-05-24,드로스트링,0,google,trend_relative
2026-05-31,드로스트링,0,google,trend_relative
2026-06-07,드로스트링,0,google,trend_relative
2026-06-14,드로스트링,0,google,trend_relative
2026-06-21,드로스트링,0,google,trend_relative
2026-06-28,드로스트링,0,google,trend_relative
2026-07-05,드로스트링,0,google,trend_relative
2026-07-12,드로스트링,0,google,trend_relative
2026-07-19,드로스트링,0,google,trend_relative
2026-07-26,드로스트링,0,google,trend_relative
2026-08-02,드로스트링,0,google,trend_relative
2026-08-09,드로스트링,0,google,trend_relative
2026-08-16,드로스트링,0,google,trend_relative
2026-08-23,드로스트링,0,google,trend_relative
2026-08-30,드로스트링,5,google,trend_relative
2026-09-06,드로스트링,6,google,trend_relative
2026-09-13,드로스트링,0,google,trend_relative
2025-09-14,토글여밈,0,google,trend_relative
2025-09-21,토글여밈,0,google,trend_relative
2025-09-28,토글여밈,0,google,trend_relative
2025-10-05,토글여밈,0,google,trend_relative
2025-10-12,토글여밈,0,google,trend_relative
2025-10-19,토글여밈,0,google,trend_relative
2025-10-26,토글여밈,0,google,trend_relative
2025-11-02,토글여밈,0,google,trend_relative
2025-11-09,토글여밈,0,google,trend_relative
2025-11-16,토글여밈,0,google,trend_relative
2025-11-23,토글여밈,0,google,trend_relative
2025-11-30,토글여밈,0,google,trend_relative
2025-12-07,토글여밈,0,google,trend_relative
2025-12-14,토글여밈,0,google,trend_relative
2025-12-21,토글여밈,0,google,trend_relative
2025-12-28,토글여밈,0,google,trend_relative
2026-01-04,토글여밈,0,google,trend_relative
2026-01-11,토글여밈,0,google,trend_relative
2026-01-18,토글여밈,0,google,trend_relative
2026-01-25,토글여밈,0,google,trend_relative
2026-02-01,토글여밈,0,google,trend_relative
2026-02-08,토글여밈,0,google,trend_relative
2026-02-15,토글여밈,0,google,trend_relative
2026-02-22,토글여밈,0,google,trend_relative
2026-03-01,토글여밈,0,google,trend_relative
2026-03-08,토글여밈,0,google,trend_relative
2026-03-15,토글여밈,0,google,trend_relative
2026-03-22,토글여밈,0,google,trend_relative
2026-03-29,토글여밈,0,google,trend_relative
2026-04-05,토글여밈,0,google,trend_relative
2026-04-12,토글여밈,0,google,trend_relative
2026-04-19,토글여밈,0,google,trend_relative
2026-04-26,토글여밈,0,google,trend_relative
2026-05-03,토글여밈,0,google,trend_relative
2026-05-10,토글여밈,0,google,trend_relative
2026-05-17,토글여밈,0,google,trend_relative
2026-05-24,토글여밈,0,google,trend_relative
2026-05-31,토글여밈,0,google,trend_relative
2026-06-07,토글여밈,0,google,trend_relative
2026-06-14,토글여밈,0,google,trend_relative
2026-06-21,토글여밈,0,google,trend_relative
2026-06-28,토글여밈,0,google,trend_relative
2026-07-05,토글여밈,0,google,trend_relative
2026-07-12,토글여밈,0,google,trend_relative
2026-07-19,토글여밈,0,google,trend_relative
2026-07-26,토글여밈,0,google,trend_relative
2026-08-02,토글여밈,0,google,trend_relative
2026-08-09,토글여밈,0,google,trend_relative
2026-08-16,토글여밈,0,google,trend_relative
2026-08-23,토글여밈,0,google,trend_relative
2026-08-30,토글여밈,0,google,trend_relative
2026-09-06,토글여밈,0,google,trend_relative
2026-09-13,토글여밈,0,google,trend_relative
2025-09-14,벨크로,63,google,trend_relative
2025-09-21,벨크로,90,google,trend_relative
2025-09-28,벨크로,58,google,trend_relative
2025-10-05,벨크로,45,google,trend_relative
2025-10-12,벨크로,72,google,trend_relative
2025-10-19,벨크로,92,google,trend_relative
2025-10-26,벨크로,79,google,trend_relative
2025-11-02,벨크로,84,google,trend_relative
2025-11-09,벨크로,79,google,trend_relative
2025-11-16,벨크로,54,google,trend_relative
2025-11-23,벨크로,63,google,trend_relative
2025-11-30,벨크로,78,google,trend_relative
2025-12-07,벨크로,87,google,trend_relative
2025-12-14,벨크로,83,google,trend_relative
2025-12-21,벨크로,66,google,trend_relative
2025-12-28,벨크로,69,google,trend_relative
2026-01-04,벨크로,100,google,trend_relative
2026-01-11,벨크로,51,google,trend_relative
2026-01-18,벨크로,82,google,trend_relative
2026-01-25,벨크로,60,google,trend_relative
2026-02-01,벨크로,90,google,trend_relative
2026-02-08,벨크로,57,google,trend_relative
2026-02-15,벨크로,50,google,trend_relative
2026-02-22,벨크로,96,google,trend_relative
2026-03-01,벨크로,82,google,trend_relative
2026-03-08,벨크로,87,google,trend_relative
2026-03-15,벨크로,56,google,trend_relative
2026-03-22,벨크로,86,google,trend_relative
2026-03-29,벨크로,69,google,trend_relative
2026-04-05,벨크로,95,google,trend_relative
2026-04-12,벨크로,44,google,trend_relative
2026-04-19,벨크로,74,google,trend_relative
2026-04-26,벨크로,61,google,trend_relative
2026-05-03,벨크로,91,google,trend_relative
2026-05-10,벨크로,64,google,trend_relative
2026-05-17,벨크로,68,google,trend_relative
2026-05-24,벨크로,82,google,trend_relative
2026-05-31,벨크로,99,google,trend_relative
2026-06-07,벨크로,79,google,trend_relative
2026-06-14,벨크로,75,google,trend_relative
2026-06-21,벨크로,87,google,trend_relative
2026-06-28,벨크로,55,google,trend_relative
2026-07-05,벨크로,78,google,trend_relative
2026-07-12,벨크로,63,google,trend_relative
2026-07-19,벨크로,82,google,trend_relative
2026-07-26,벨크로,51,google,trend_relative
2026-08-02,벨크로,65,google,trend_relative
2026-08-09,벨크로,63,google,trend_relative
2026-08-16,벨크로,79,google,trend_relative
2026-08-23,벨크로,74,google,trend_relative
2026-08-30,벨크로,59,google,trend_relative
2026-09-06,벨크로,68,google,trend_relative
2026-09-13,벨크로,63,google,trend_relative
2025-09-14,타이여밈,0,google,trend_relative
2025-09-21,타이여밈,0,google,trend_relative
2025-09-28,타이여밈,0,google,trend_relative
2025-10-05,타이여밈,0,google,trend_relative
2025-10-12,타이여밈,0,google,trend_relative
2025-10-19,타이여밈,0,google,trend_relative
2025-10-26,타이여밈,0,google,trend_relative
2025-11-02,타이여밈,0,google,trend_relative
2025-11-09,타이여밈,0,google,trend_relative
2025-11-16,타이여밈,0,google,trend_relative
2025-11-23,타이여밈,0,google,trend_relative
2025-11-30,타이여밈,0,google,trend_relative
2025-12-07,타이여밈,0,google,trend_relative
2025-12-14,타이여밈,0,google,trend_relative
2025-12-21,타이여밈,0,google,trend_relative
2025-12-28,타이여밈,0,google,trend_relative
2026-01-04,타이여밈,0,google,trend_relative
2026-01-11,타이여밈,0,google,trend_relative
2026-01-18,타이여밈,0,google,trend_relative
2026-01-25,타이여밈,0,google,trend_relative
2026-02-01,타이여밈,0,google,trend_relative
2026-02-08,타이여밈,0,google,trend_relative
2026-02-15,타이여밈,0,google,trend_relative
2026-02-22,타이여밈,0,google,trend_relative
2026-03-01,타이여밈,0,google,trend_relative
2026-03-08,타이여밈,0,google,trend_relative
2026-03-15,타이여밈,0,google,trend_relative
2026-03-22,타이여밈,0,google,trend_relative
2026-03-29,타이여밈,0,google,trend_relative
2026-04-05,타이여밈,0,google,trend_relative
2026-04-12,타이여밈,0,google,trend_relative
2026-04-19,타이여밈,0,google,trend_relative
2026-04-26,타이여밈,0,google,trend_relative
2026-05-03,타이여밈,0,google,trend_relative
2026-05-10,타이여밈,0,google,trend_relative
2026-05-17,타이여밈,0,google,trend_relative
2026-05-24,타이여밈,0,google,trend_relative
2026-05-31,타이여밈,0,google,trend_relative
2026-06-07,타이여밈,0,google,trend_relative
2026-06-14,타이여밈,0,google,trend_relative
2026-06-21,타이여밈,0,google,trend_relative
2026-06-28,타이여밈,0,google,trend_relative
2026-07-05,타이여밈,0,google,trend_relative
2026-07-12,타이여밈,0,google,trend_relative
2026-07-19,타이여밈,0,google,trend_relative
2026-07-26,타이여밈,0,google,trend_relative
2026-08-02,타이여밈,0,google,trend_relative
2026-08-09,타이여밈,0,google,trend_relative
2026-08-16,타이여밈,0,google,trend_relative
2026-08-23,타이여밈,0,google,trend_relative
2026-08-30,타이여밈,0,google,trend_relative
2026-09-06,타이여밈,0,google,trend_relative
2026-09-13,타이여밈,0,google,trend_relative
2025-09-14,리본,78,google,trend_relative
2025-09-21,리본,76,google,trend_relative
2025-09-28,리본,74,google,trend_relative
2025-10-05,리본,79,google,trend_relative
2025-10-12,리본,74,google,trend_relative
2025-10-19,리본,83,google,trend_relative
2025-10-26,리본,79,google,trend_relative
2025-11-02,리본,80,google,trend_relative
2025-11-09,리본,84,google,trend_relative
2025-11-16,리본,75,google,trend_relative
2025-11-23,리본,79,google,trend_relative
2025-11-30,리본,79,google,trend_relative
2025-12-07,리본,76,google,trend_relative
2025-12-14,리본,88,google,trend_relative
2025-12-21,리본,97,google,trend_relative
2025-12-28,리본,85,google,trend_relative
2026-01-04,리본,79,google,trend_relative
2026-01-11,리본,74,google,trend_relative
2026-01-18,리본,73,google,trend_relative
2026-01-25,리본,74,google,trend_relative
2026-02-01,리본,72,google,trend_relative
2026-02-08,리본,78,google,trend_relative
2026-02-15,리본,69,google,trend_relative
2026-02-22,리본,82,google,trend_relative
2026-03-01,리본,74,google,trend_relative
2026-03-08,리본,72,google,trend_relative
2026-03-15,리본,69,google,trend_relative
2026-03-22,리본,80,google,trend_relative
2026-03-29,리본,68,google,trend_relative
2026-04-05,리본,64,google,trend_relative
2026-04-12,리본,71,google,trend_relative
2026-04-19,리본,77,google,trend_relative
2026-04-26,리본,74,google,trend_relative
2026-05-03,리본,77,google,trend_relative
2026-05-10,리본,71,google,trend_relative
2026-05-17,리본,81,google,trend_relative
2026-05-24,리본,88,google,trend_relative
2026-05-31,리본,81,google,trend_relative
2026-06-07,리본,74,google,trend_relative
2026-06-14,리본,71,google,trend_relative
2026-06-21,리본,70,google,trend_relative
2026-06-28,리본,72,google,trend_relative
2026-07-05,리본,72,google,trend_relative
2026-07-12,리본,77,google,trend_relative
2026-07-19,리본,68,google,trend_relative
2026-07-26,리본,70,google,trend_relative
2026-08-02,리본,83,google,trend_relative
2026-08-09,리본,100,google,trend_relative
2026-08-16,리본,80,google,trend_relative
2026-08-23,리본,73,google,trend_relative
2026-08-30,리본,67,google,trend_relative
2026-09-06,리본,69,google,trend_relative
2026-09-13,리본,71,google,trend_relative
2025-09-14,보우,35,google,trend_relative
2025-09-21,보우,28,google,trend_relative
2025-09-28,보우,31,google,trend_relative
2025-10-05,보우,40,google,trend_relative
2025-10-12,보우,29,google,trend_relative
2025-10-19,보우,35,google,trend_relative
2025-10-26,보우,33,google,trend_relative
2025-11-02,보우,30,google,trend_relative
2025-11-09,보우,32,google,trend_relative
2025-11-16,보우,31,google,trend_relative
2025-11-23,보우,25,google,trend_relative
2025-11-30,보우,26,google,trend_relative
2025-12-07,보우,25,google,trend_relative
2025-12-14,보우,53,google,trend_relative
2025-12-21,보우,44,google,trend_relative
2025-12-28,보우,42,google,trend_relative
2026-01-04,보우,33,google,trend_relative
2026-01-11,보우,32,google,trend_relative
2026-01-18,보우,28,google,trend_relative
2026-01-25,보우,27,google,trend_relative
2026-02-01,보우,26,google,trend_relative
2026-02-08,보우,41,google,trend_relative
2026-02-15,보우,34,google,trend_relative
2026-02-22,보우,40,google,trend_relative
2026-03-01,보우,43,google,trend_relative
2026-03-08,보우,36,google,trend_relative
2026-03-15,보우,39,google,trend_relative
2026-03-22,보우,38,google,trend_relative
2026-03-29,보우,38,google,trend_relative
2026-04-05,보우,26,google,trend_relative
2026-04-12,보우,28,google,trend_relative
2026-04-19,보우,24,google,trend_relative
2026-04-26,보우,23,google,trend_relative
2026-05-03,보우,29,google,trend_relative
2026-05-10,보우,28,google,trend_relative
2026-05-17,보우,25,google,trend_relative
2026-05-24,보우,35,google,trend_relative
2026-05-31,보우,29,google,trend_relative
2026-06-07,보우,32,google,trend_relative
2026-06-14,보우,52,google,trend_relative
2026-06-21,보우,41,google,trend_relative
2026-06-28,보우,34,google,trend_relative
2026-07-05,보우,31,google,trend_relative
2026-07-12,보우,33,google,trend_relative
2026-07-19,보우,34,google,trend_relative
2026-07-26,보우,28,google,trend_relative
2026-08-02,보우,22,google,trend_relative
2026-08-09,보우,25,google,trend_relative
2026-08-16,보우,25,google,trend_relative
2026-08-23,보우,29,google,trend_relative
2026-08-30,보우,27,google,trend_relative
2026-09-06,보우,28,google,trend_relative
2026-09-13,보우,31,google,trend_relative
2025-09-14,러플,17,google,trend_relative
2025-09-21,러플,18,google,trend_relative
2025-09-28,러플,20,google,trend_relative
2025-10-05,러플,22,google,trend_relative
2025-10-12,러플,21,google,trend_relative
2025-10-19,러플,20,google,trend_relative
2025-10-26,러플,18,google,trend_relative
2025-11-02,러플,17,google,trend_relative
2025-11-09,러플,17,google,trend_relative
2025-11-16,러플,16,google,trend_relative
2025-11-23,러플,17,google,trend_relative
2025-11-30,러플,18,google,trend_relative
2025-12-07,러플,34,google,trend_relative
2025-12-14,러플,33,google,trend_relative
2025-12-21,러플,28,google,trend_relative
2025-12-28,러플,26,google,trend_relative
2026-01-04,러플,23,google,trend_relative
2026-01-11,러플,25,google,trend_relative
2026-01-18,러플,21,google,trend_relative
2026-01-25,러플,20,google,trend_relative
2026-02-01,러플,28,google,trend_relative
2026-02-08,러플,22,google,trend_relative
2026-02-15,러플,21,google,trend_relative
2026-02-22,러플,21,google,trend_relative
2026-03-01,러플,13,google,trend_relative
2026-03-08,러플,15,google,trend_relative
2026-03-15,러플,21,google,trend_relative
2026-03-22,러플,24,google,trend_relative
2026-03-29,러플,22,google,trend_relative
2026-04-05,러플,15,google,trend_relative
2026-04-12,러플,17,google,trend_relative
2026-04-19,러플,16,google,trend_relative
2026-04-26,러플,16,google,trend_relative
2026-05-03,러플,21,google,trend_relative
2026-05-10,러플,21,google,trend_relative
2026-05-17,러플,21,google,trend_relative
2026-05-24,러플,22,google,trend_relative
2026-05-31,러플,21,google,trend_relative
2026-06-07,러플,21,google,trend_relative
2026-06-14,러플,20,google,trend_relative
2026-06-21,러플,13,google,trend_relative
2026-06-28,러플,12,google,trend_relative
2026-07-05,러플,13,google,trend_relative
2026-07-12,러플,19,google,trend_relative
2026-07-19,러플,19,google,trend_relative
2026-07-26,러플,17,google,trend_relative
2026-08-02,러플,15,google,trend_relative
2026-08-09,러플,20,google,trend_relative
2026-08-16,러플,13,google,trend_relative
2026-08-23,러플,15,google,trend_relative
2026-08-30,러플,12,google,trend_relative
2026-09-06,러플,12,google,trend_relative
2026-09-13,러플,13,google,trend_relative
2025-09-14,프릴,11,google,trend_relative
2025-09-21,프릴,7,google,trend_relative
2025-09-28,프릴,7,google,trend_relative
2025-10-05,프릴,13,google,trend_relative
2025-10-12,프릴,12,google,trend_relative
2025-10-19,프릴,9,google,trend_relative
2025-10-26,프릴,12,google,trend_relative
2025-11-02,프릴,11,google,trend_relative
2025-11-09,프릴,10,google,trend_relative
2025-11-16,프릴,13,google,trend_relative
2025-11-23,프릴,13,google,trend_relative
2025-11-30,프릴,13,google,trend_relative
2025-12-07,프릴,10,google,trend_relative
2025-12-14,프릴,11,google,trend_relative
2025-12-21,프릴,8,google,trend_relative
2025-12-28,프릴,12,google,trend_relative
2026-01-04,프릴,12,google,trend_relative
2026-01-11,프릴,14,google,trend_relative
2026-01-18,프릴,12,google,trend_relative
2026-01-25,프릴,14,google,trend_relative
2026-02-01,프릴,12,google,trend_relative
2026-02-08,프릴,11,google,trend_relative
2026-02-15,프릴,9,google,trend_relative
2026-02-22,프릴,9,google,trend_relative
2026-03-01,프릴,12,google,trend_relative
2026-03-08,프릴,12,google,trend_relative
2026-03-15,프릴,15,google,trend_relative
2026-03-22,프릴,15,google,trend_relative
2026-03-29,프릴,14,google,trend_relative
2026-04-05,프릴,14,google,trend_relative
2026-04-12,프릴,13,google,trend_relative
2026-04-19,프릴,11,google,trend_relative
2026-04-26,프릴,10,google,trend_relative
2026-05-03,프릴,11,google,trend_relative
2026-05-10,프릴,13,google,trend_relative
2026-05-17,프릴,11,google,trend_relative
2026-05-24,프릴,8,google,trend_relative
2026-05-31,프릴,12,google,trend_relative
2026-06-07,프릴,11,google,trend_relative
2026-06-14,프릴,12,google,trend_relative
2026-06-21,프릴,10,google,trend_relative
2026-06-28,프릴,9,google,trend_relative
2026-07-05,프릴,10,google,trend_relative
2026-07-12,프릴,12,google,trend_relative
2026-07-19,프릴,14,google,trend_relative
2026-07-26,프릴,10,google,trend_relative
2026-08-02,프릴,10,google,trend_relative
2026-08-09,프릴,9,google,trend_relative
2026-08-16,프릴,10,google,trend_relative
2026-08-23,프릴,10,google,trend_relative
2026-08-30,프릴,9,google,trend_relative
2026-09-06,프릴,10,google,trend_relative
2026-09-13,프릴,12,google,trend_relative
2025-09-14,플리츠,8,google,trend_relative
2025-09-21,플리츠,8,google,trend_relative
2025-09-28,플리츠,9,google,trend_relative
2025-10-05,플리츠,9,google,trend_relative
2025-10-12,플리츠,10,google,trend_relative
2025-10-19,플리츠,6,google,trend_relative
2025-10-26,플리츠,5,google,trend_relative
2025-11-02,플리츠,6,google,trend_relative
2025-11-09,플리츠,5,google,trend_relative
2025-11-16,플리츠,10,google,trend_relative
2025-11-23,플리츠,6,google,trend_relative
2025-11-30,플리츠,6,google,trend_relative
2025-12-07,플리츠,7,google,trend_relative
2025-12-14,플리츠,8,google,trend_relative
2025-12-21,플리츠,8,google,trend_relative
2025-12-28,플리츠,8,google,trend_relative
2026-01-04,플리츠,7,google,trend_relative
2026-01-11,플리츠,3,google,trend_relative
2026-01-18,플리츠,8,google,trend_relative
2026-01-25,플리츠,7,google,trend_relative
2026-02-01,플리츠,10,google,trend_relative
2026-02-08,플리츠,6,google,trend_relative
2026-02-15,플리츠,9,google,trend_relative
2026-02-22,플리츠,6,google,trend_relative
2026-03-01,플리츠,9,google,trend_relative
2026-03-08,플리츠,6,google,trend_relative
2026-03-15,플리츠,9,google,trend_relative
2026-03-22,플리츠,11,google,trend_relative
2026-03-29,플리츠,9,google,trend_relative
2026-04-05,플리츠,8,google,trend_relative
2026-04-12,플리츠,10,google,trend_relative
2026-04-19,플리츠,11,google,trend_relative
2026-04-26,플리츠,13,google,trend_relative
2026-05-03,플리츠,13,google,trend_relative
2026-05-10,플리츠,11,google,trend_relative
2026-05-17,플리츠,11,google,trend_relative
2026-05-24,플리츠,12,google,trend_relative
2026-05-31,플리츠,13,google,trend_relative
2026-06-07,플리츠,15,google,trend_relative
2026-06-14,플리츠,13,google,trend_relative
2026-06-21,플리츠,13,google,trend_relative
2026-06-28,플리츠,12,google,trend_relative
2026-07-05,플리츠,12,google,trend_relative
2026-07-12,플리츠,15,google,trend_relative
2026-07-19,플리츠,14,google,trend_relative
2026-07-26,플리츠,13,google,trend_relative
2026-08-02,플리츠,11,google,trend_relative
2026-08-09,플리츠,11,google,trend_relative
2026-08-16,플리츠,11,google,trend_relative
2026-08-23,플리츠,9,google,trend_relative
2026-08-30,플리츠,11,google,trend_relative
2026-09-06,플리츠,17,google,trend_relative
2026-09-13,플리츠,12,google,trend_relative
2025-09-14,스팽글,0,google,trend_relative
2025-09-21,스팽글,0,google,trend_relative
2025-09-28,스팽글,2,google,trend_relative
2025-10-05,스팽글,0,google,trend_relative
2025-10-12,스팽글,0,google,trend_relative
2025-10-19,스팽글,0,google,trend_relative
2025-10-26,스팽글,2,google,trend_relative
2025-11-02,스팽글,1,google,trend_relative
2025-11-09,스팽글,0,google,trend_relative
2025-11-16,스팽글,0,google,trend_relative
2025-11-23,스팽글,0,google,trend_relative
2025-11-30,스팽글,2,google,trend_relative
2025-12-07,스팽글,1,google,trend_relative
2025-12-14,스팽글,0,google,trend_relative
2025-12-21,스팽글,0,google,trend_relative
2025-12-28,스팽글,0,google,trend_relative
2026-01-04,스팽글,0,google,trend_relative
2026-01-11,스팽글,0,google,trend_relative
2026-01-18,스팽글,0,google,trend_relative
2026-01-25,스팽글,0,google,trend_relative
2026-02-01,스팽글,0,google,trend_relative
2026-02-08,스팽글,0,google,trend_relative
2026-02-15,스팽글,0,google,trend_relative
2026-02-22,스팽글,2,google,trend_relative
2026-03-01,스팽글,0,google,trend_relative
2026-03-08,스팽글,0,google,trend_relative
2026-03-15,스팽글,0,google,trend_relative
2026-03-22,스팽글,0,google,trend_relative
2026-03-29,스팽글,0,google,trend_relative
2026-04-05,스팽글,0,google,trend_relative
2026-04-12,스팽글,0,google,trend_relative
2026-04-19,스팽글,0,google,trend_relative
2026-04-26,스팽글,0,google,trend_relative
2026-05-03,스팽글,0,google,trend_relative
2026-05-10,스팽글,1,google,trend_relative
2026-05-17,스팽글,0,google,trend_relative
2026-05-24,스팽글,0,google,trend_relative
2026-05-31,스팽글,0,google,trend_relative
2026-06-07,스팽글,0,google,trend_relative
2026-06-14,스팽글,0,google,trend_relative
2026-06-21,스팽글,0,google,trend_relative
2026-06-28,스팽글,0,google,trend_relative
2026-07-05,스팽글,1,google,trend_relative
2026-07-12,스팽글,0,google,trend_relative
2026-07-19,스팽글,0,google,trend_relative
2026-07-26,스팽글,0,google,trend_relative
2026-08-02,스팽글,0,google,trend_relative
2026-08-09,스팽글,0,google,trend_relative
2026-08-16,스팽글,0,google,trend_relative
2026-08-23,스팽글,0,google,trend_relative
2026-08-30,스팽글,1,google,trend_relative
2026-09-06,스팽글,1,google,trend_relative
2026-09-13,스팽글,1,google,trend_relative
2025-09-14,비즈,94,google,trend_relative
2025-09-21,비즈,98,google,trend_relative
2025-09-28,비즈,89,google,trend_relative
2025-10-05,비즈,54,google,trend_relative
2025-10-12,비즈,92,google,trend_relative
2025-10-19,비즈,96,google,trend_relative
2025-10-26,비즈,92,google,trend_relative
2025-11-02,비즈,95,google,trend_relative
2025-11-09,비즈,98,google,trend_relative
2025-11-16,비즈,86,google,trend_relative
2025-11-23,비즈,90,google,trend_relative
2025-11-30,비즈,100,google,trend_relative
2025-12-07,비즈,87,google,trend_relative
2025-12-14,비즈,91,google,trend_relative
2025-12-21,비즈,79,google,trend_relative
2025-12-28,비즈,79,google,trend_relative
2026-01-04,비즈,89,google,trend_relative
2026-01-11,비즈,85,google,trend_relative
2026-01-18,비즈,84,google,trend_relative
2026-01-25,비즈,83,google,trend_relative
2026-02-01,비즈,91,google,trend_relative
2026-02-08,비즈,83,google,trend_relative
2026-02-15,비즈,53,google,trend_relative
2026-02-22,비즈,90,google,trend_relative
2026-03-01,비즈,84,google,trend_relative
2026-03-08,비즈,93,google,trend_relative
2026-03-15,비즈,90,google,trend_relative
2026-03-22,비즈,97,google,trend_relative
2026-03-29,비즈,96,google,trend_relative
2026-04-05,비즈,87,google,trend_relative
2026-04-12,비즈,91,google,trend_relative
2026-04-19,비즈,82,google,trend_relative
2026-04-26,비즈,85,google,trend_relative
2026-05-03,비즈,83,google,trend_relative
2026-05-10,비즈,91,google,trend_relative
2026-05-17,비즈,79,google,trend_relative
2026-05-24,비즈,81,google,trend_relative
2026-05-31,비즈,84,google,trend_relative
2026-06-07,비즈,97,google,trend_relative
2026-06-14,비즈,91,google,trend_relative
2026-06-21,비즈,92,google,trend_relative
2026-06-28,비즈,99,google,trend_relative
2026-07-05,비즈,92,google,trend_relative
2026-07-12,비즈,85,google,trend_relative
2026-07-19,비즈,88,google,trend_relative
2026-07-26,비즈,87,google,trend_relative
2026-08-02,비즈,85,google,trend_relative
2026-08-09,비즈,78,google,trend_relative
2026-08-16,비즈,76,google,trend_relative
2026-08-23,비즈,91,google,trend_relative
2026-08-30,비즈,88,google,trend_relative
2026-09-06,비즈,85,google,trend_relative
2026-09-13,비즈,70,google,trend_relative
2025-09-14,자수,18,google,trend_relative
2025-09-21,자수,18,google,trend_relative
2025-09-28,자수,19,google,trend_relative
2025-10-05,자수,15,google,trend_relative
2025-10-12,자수,19,google,trend_relative
2025-10-19,자수,20,google,trend_relative
2025-10-26,자수,18,google,trend_relative
2025-11-02,자수,19,google,trend_relative
2025-11-09,자수,19,google,trend_relative
2025-11-16,자수,20,google,trend_relative
2025-11-23,자수,19,google,trend_relative
2025-11-30,자수,19,google,trend_relative
2025-12-07,자수,19,google,trend_relative
2025-12-14,자수,20,google,trend_relative
2025-12-21,자수,18,google,trend_relative
2025-12-28,자수,19,google,trend_relative
2026-01-04,자수,19,google,trend_relative
2026-01-11,자수,17,google,trend_relative
2026-01-18,자수,18,google,trend_relative
2026-01-25,자수,19,google,trend_relative
2026-02-01,자수,19,google,trend_relative
2026-02-08,자수,18,google,trend_relative
2026-02-15,자수,15,google,trend_relative
2026-02-22,자수,18,google,trend_relative
2026-03-01,자수,19,google,trend_relative
2026-03-08,자수,20,google,trend_relative
2026-03-15,자수,18,google,trend_relative
2026-03-22,자수,18,google,trend_relative
2026-03-29,자수,17,google,trend_relative
2026-04-05,자수,18,google,trend_relative
2026-04-12,자수,18,google,trend_relative
2026-04-19,자수,19,google,trend_relative
2026-04-26,자수,19,google,trend_relative
2026-05-03,자수,18,google,trend_relative
2026-05-10,자수,17,google,trend_relative
2026-05-17,자수,17,google,trend_relative
2026-05-24,자수,19,google,trend_relative
2026-05-31,자수,19,google,trend_relative
2026-06-07,자수,18,google,trend_relative
2026-06-14,자수,17,google,trend_relative
2026-06-21,자수,16,google,trend_relative
2026-06-28,자수,17,google,trend_relative
2026-07-05,자수,21,google,trend_relative
2026-07-12,자수,18,google,trend_relative
2026-07-19,자수,18,google,trend_relative
2026-07-26,자수,25,google,trend_relative
2026-08-02,자수,18,google,trend_relative
2026-08-09,자수,14,google,trend_relative
2026-08-16,자수,15,google,trend_relative
2026-08-23,자수,16,google,trend_relative
2026-08-30,자수,14,google,trend_relative
2026-09-06,자수,17,google,trend_relative
2026-09-13,자수,18,google,trend_relative
2025-09-14,아플리케,0,google,trend_relative
2025-09-21,아플리케,0,google,trend_relative
2025-09-28,아플리케,0,google,trend_relative
2025-10-05,아플리케,1,google,trend_relative
2025-10-12,아플리케,0,google,trend_relative
2025-10-19,아플리케,0,google,trend_relative
2025-10-26,아플리케,0,google,trend_relative
2025-11-02,아플리케,0,google,trend_relative
2025-11-09,아플리케,0,google,trend_relative
2025-11-16,아플리케,0,google,trend_relative
2025-11-23,아플리케,1,google,trend_relative
2025-11-30,아플리케,0,google,trend_relative
2025-12-07,아플리케,0,google,trend_relative
2025-12-14,아플리케,0,google,trend_relative
2025-12-21,아플리케,0,google,trend_relative
2025-12-28,아플리케,0,google,trend_relative
2026-01-04,아플리케,0,google,trend_relative
2026-01-11,아플리케,0,google,trend_relative
2026-01-18,아플리케,0,google,trend_relative
2026-01-25,아플리케,0,google,trend_relative
2026-02-01,아플리케,0,google,trend_relative
2026-02-08,아플리케,0,google,trend_relative
2026-02-15,아플리케,0,google,trend_relative
2026-02-22,아플리케,0,google,trend_relative
2026-03-01,아플리케,0,google,trend_relative
2026-03-08,아플리케,0,google,trend_relative
2026-03-15,아플리케,0,google,trend_relative
2026-03-22,아플리케,0,google,trend_relative
2026-03-29,아플리케,2,google,trend_relative
2026-04-05,아플리케,0,google,trend_relative
2026-04-12,아플리케,0,google,trend_relative
2026-04-19,아플리케,0,google,trend_relative
2026-04-26,아플리케,0,google,trend_relative
2026-05-03,아플리케,0,google,trend_relative
2026-05-10,아플리케,0,google,trend_relative
2026-05-17,아플리케,0,google,trend_relative
2026-05-24,아플리케,0,google,trend_relative
2026-05-31,아플리케,0,google,trend_relative
2026-06-07,아플리케,0,google,trend_relative
2026-06-14,아플리케,0,google,trend_relative
2026-06-21,아플리케,0,google,trend_relative
2026-06-28,아플리케,0,google,trend_relative
2026-07-05,아플리케,0,google,trend_relative
2026-07-12,아플리케,0,google,trend_relative
2026-07-19,아플리케,0,google,trend_relative
2026-07-26,아플리케,0,google,trend_relative
2026-08-02,아플리케,0,google,trend_relative
2026-08-09,아플리케,0,google,trend_relative
2026-08-16,아플리케,0,google,trend_relative
2026-08-23,아플리케,0,google,trend_relative
2026-08-30,아플리케,0,google,trend_relative
2026-09-06,아플리케,1,google,trend_relative
2026-09-13,아플리케,0,google,trend_relative
2025-09-14,레이스트림,0,google,trend_relative
2025-09-21,레이스트림,0,google,trend_relative
2025-09-28,레이스트림,0,google,trend_relative
2025-10-05,레이스트림,0,google,trend_relative
2025-10-12,레이스트림,0,google,trend_relative
2025-10-19,레이스트림,0,google,trend_relative
2025-10-26,레이스트림,0,google,trend_relative
2025-11-02,레이스트림,0,google,trend_relative
2025-11-09,레이스트림,0,google,trend_relative
2025-11-16,레이스트림,0,google,trend_relative
2025-11-23,레이스트림,0,google,trend_relative
2025-11-30,레이스트림,0,google,trend_relative
2025-12-07,레이스트림,0,google,trend_relative
2025-12-14,레이스트림,0,google,trend_relative
2025-12-21,레이스트림,0,google,trend_relative
2025-12-28,레이스트림,0,google,trend_relative
2026-01-04,레이스트림,0,google,trend_relative
2026-01-11,레이스트림,0,google,trend_relative
2026-01-18,레이스트림,0,google,trend_relative
2026-01-25,레이스트림,0,google,trend_relative
2026-02-01,레이스트림,0,google,trend_relative
2026-02-08,레이스트림,0,google,trend_relative
2026-02-15,레이스트림,0,google,trend_relative
2026-02-22,레이스트림,0,google,trend_relative
2026-03-01,레이스트림,0,google,trend_relative
2026-03-08,레이스트림,0,google,trend_relative
2026-03-15,레이스트림,0,google,trend_relative
2026-03-22,레이스트림,0,google,trend_relative
2026-03-29,레이스트림,0,google,trend_relative
2026-04-05,레이스트림,0,google,trend_relative
2026-04-12,레이스트림,0,google,trend_relative
2026-04-19,레이스트림,0,google,trend_relative
2026-04-26,레이스트림,0,google,trend_relative
2026-05-03,레이스트림,0,google,trend_relative
2026-05-10,레이스트림,0,google,trend_relative
2026-05-17,레이스트림,0,google,trend_relative
2026-05-24,레이스트림,0,google,trend_relative
2026-05-31,레이스트림,0,google,trend_relative
2026-06-07,레이스트림,0,google,trend_relative
2026-06-14,레이스트림,0,google,trend_relative
2026-06-21,레이스트림,0,google,trend_relative
2026-06-28,레이스트림,0,google,trend_relative
2026-07-05,레이스트림,0,google,trend_relative
2026-07-12,레이스트림,0,google,trend_relative
2026-07-19,레이스트림,0,google,trend_relative
2026-07-26,레이스트림,0,google,trend_relative
2026-08-02,레이스트림,0,google,trend_relative
2026-08-09,레이스트림,0,google,trend_relative
2026-08-16,레이스트림,0,google,trend_relative
2026-08-23,레이스트림,0,google,trend_relative
2026-08-30,레이스트림,0,google,trend_relative
2026-09-06,레이스트림,0,google,trend_relative
2026-09-13,레이스트림,0,google,trend_relative
2025-09-14,프린지,34,google,trend_relative
2025-09-21,프린지,17,google,trend_relative
2025-09-28,프린지,22,google,trend_relative
2025-10-05,프린지,0,google,trend_relative
2025-10-12,프린지,21,google,trend_relative
2025-10-19,프린지,21,google,trend_relative
2025-10-26,프린지,17,google,trend_relative
2025-11-02,프린지,0,google,trend_relative
2025-11-09,프린지,24,google,trend_relative
2025-11-16,프린지,0,google,trend_relative
2025-11-23,프린지,0,google,trend_relative
2025-11-30,프린지,0,google,trend_relative
2025-12-07,프린지,0,google,trend_relative
2025-12-14,프린지,21,google,trend_relative
2025-12-21,프린지,0,google,trend_relative
2025-12-28,프린지,0,google,trend_relative
2026-01-04,프린지,0,google,trend_relative
2026-01-11,프린지,0,google,trend_relative
2026-01-18,프린지,0,google,trend_relative
2026-01-25,프린지,25,google,trend_relative
2026-02-01,프린지,31,google,trend_relative
2026-02-08,프린지,24,google,trend_relative
2026-02-15,프린지,18,google,trend_relative
2026-02-22,프린지,0,google,trend_relative
2026-03-01,프린지,0,google,trend_relative
2026-03-08,프린지,18,google,trend_relative
2026-03-15,프린지,17,google,trend_relative
2026-03-22,프린지,26,google,trend_relative
2026-03-29,프린지,0,google,trend_relative
2026-04-05,프린지,0,google,trend_relative
2026-04-12,프린지,0,google,trend_relative
2026-04-19,프린지,0,google,trend_relative
2026-04-26,프린지,0,google,trend_relative
2026-05-03,프린지,24,google,trend_relative
2026-05-10,프린지,0,google,trend_relative
2026-05-17,프린지,22,google,trend_relative
2026-05-24,프린지,0,google,trend_relative
2026-05-31,프린지,22,google,trend_relative
2026-06-07,프린지,16,google,trend_relative
2026-06-14,프린지,21,google,trend_relative
2026-06-21,프린지,23,google,trend_relative
2026-06-28,프린지,0,google,trend_relative
2026-07-05,프린지,21,google,trend_relative
2026-07-12,프린지,20,google,trend_relative
2026-07-19,프린지,31,google,trend_relative
2026-07-26,프린지,23,google,trend_relative
2026-08-02,프린지,0,google,trend_relative
2026-08-09,프린지,32,google,trend_relative
2026-08-16,프린지,23,google,trend_relative
2026-08-23,프린지,0,google,trend_relative
2026-08-30,프린지,17,google,trend_relative
2026-09-06,프린지,17,google,trend_relative
2026-09-13,프린지,17,google,trend_relative
2025-09-14,태슬,29,google,trend_relative
2025-09-21,태슬,33,google,trend_relative
2025-09-28,태슬,28,google,trend_relative
2025-10-05,태슬,28,google,trend_relative
2025-10-12,태슬,27,google,trend_relative
2025-10-19,태슬,0,google,trend_relative
2025-10-26,태슬,32,google,trend_relative
2025-11-02,태슬,31,google,trend_relative
2025-11-09,태슬,36,google,trend_relative
2025-11-16,태슬,20,google,trend_relative
2025-11-23,태슬,33,google,trend_relative
2025-11-30,태슬,21,google,trend_relative
2025-12-07,태슬,34,google,trend_relative
2025-12-14,태슬,37,google,trend_relative
2025-12-21,태슬,31,google,trend_relative
2025-12-28,태슬,31,google,trend_relative
2026-01-04,태슬,40,google,trend_relative
2026-01-11,태슬,35,google,trend_relative
2026-01-18,태슬,44,google,trend_relative
2026-01-25,태슬,61,google,trend_relative
2026-02-01,태슬,42,google,trend_relative
2026-02-08,태슬,50,google,trend_relative
2026-02-15,태슬,41,google,trend_relative
2026-02-22,태슬,40,google,trend_relative
2026-03-01,태슬,34,google,trend_relative
2026-03-08,태슬,32,google,trend_relative
2026-03-15,태슬,30,google,trend_relative
2026-03-22,태슬,45,google,trend_relative
2026-03-29,태슬,43,google,trend_relative
2026-04-05,태슬,48,google,trend_relative
2026-04-12,태슬,30,google,trend_relative
2026-04-19,태슬,26,google,trend_relative
2026-04-26,태슬,30,google,trend_relative
2026-05-03,태슬,37,google,trend_relative
2026-05-10,태슬,30,google,trend_relative
2026-05-17,태슬,34,google,trend_relative
2026-05-24,태슬,39,google,trend_relative
2026-05-31,태슬,33,google,trend_relative
2026-06-07,태슬,49,google,trend_relative
2026-06-14,태슬,24,google,trend_relative
2026-06-21,태슬,35,google,trend_relative
2026-06-28,태슬,32,google,trend_relative
2026-07-05,태슬,27,google,trend_relative
2026-07-12,태슬,43,google,trend_relative
2026-07-19,태슬,43,google,trend_relative
2026-07-26,태슬,31,google,trend_relative
2026-08-02,태슬,40,google,trend_relative
2026-08-09,태슬,31,google,trend_relative
2026-08-16,태슬,27,google,trend_relative
2026-08-23,태슬,44,google,trend_relative
2026-08-30,태슬,25,google,trend_relative
2026-09-06,태슬,30,google,trend_relative
2026-09-13,태슬,33,google,trend_relative
2025-09-14,스터드,70,google,trend_relative
2025-09-21,스터드,83,google,trend_relative
2025-09-28,스터드,55,google,trend_relative
2025-10-05,스터드,51,google,trend_relative
2025-10-12,스터드,71,google,trend_relative
2025-10-19,스터드,77,google,trend_relative
2025-10-26,스터드,58,google,trend_relative
2025-11-02,스터드,72,google,trend_relative
2025-11-09,스터드,72,google,trend_relative
2025-11-16,스터드,66,google,trend_relative
2025-11-23,스터드,72,google,trend_relative
2025-11-30,스터드,69,google,trend_relative
2025-12-07,스터드,81,google,trend_relative
2025-12-14,스터드,75,google,trend_relative
2025-12-21,스터드,84,google,trend_relative
2025-12-28,스터드,72,google,trend_relative
2026-01-04,스터드,77,google,trend_relative
2026-01-11,스터드,76,google,trend_relative
2026-01-18,스터드,100,google,trend_relative
2026-01-25,스터드,70,google,trend_relative
2026-02-01,스터드,82,google,trend_relative
2026-02-08,스터드,60,google,trend_relative
2026-02-15,스터드,57,google,trend_relative
2026-02-22,스터드,93,google,trend_relative
2026-03-01,스터드,79,google,trend_relative
2026-03-08,스터드,73,google,trend_relative
2026-03-15,스터드,98,google,trend_relative
2026-03-22,스터드,84,google,trend_relative
2026-03-29,스터드,95,google,trend_relative
2026-04-05,스터드,79,google,trend_relative
2026-04-12,스터드,76,google,trend_relative
2026-04-19,스터드,63,google,trend_relative
2026-04-26,스터드,75,google,trend_relative
2026-05-03,스터드,99,google,trend_relative
2026-05-10,스터드,87,google,trend_relative
2026-05-17,스터드,70,google,trend_relative
2026-05-24,스터드,61,google,trend_relative
2026-05-31,스터드,75,google,trend_relative
2026-06-07,스터드,72,google,trend_relative
2026-06-14,스터드,75,google,trend_relative
2026-06-21,스터드,81,google,trend_relative
2026-06-28,스터드,79,google,trend_relative
2026-07-05,스터드,79,google,trend_relative
2026-07-12,스터드,67,google,trend_relative
2026-07-19,스터드,88,google,trend_relative
2026-07-26,스터드,70,google,trend_relative
2026-08-02,스터드,61,google,trend_relative
2026-08-09,스터드,61,google,trend_relative
2026-08-16,스터드,79,google,trend_relative
2026-08-23,스터드,52,google,trend_relative
2026-08-30,스터드,53,google,trend_relative
2026-09-06,스터드,74,google,trend_relative
2026-09-13,스터드,74,google,trend_relative
2025-09-14,라인스톤,0,google,trend_relative
2025-09-21,라인스톤,0,google,trend_relative
2025-09-28,라인스톤,0,google,trend_relative
2025-10-05,라인스톤,0,google,trend_relative
2025-10-12,라인스톤,0,google,trend_relative
2025-10-19,라인스톤,0,google,trend_relative
2025-10-26,라인스톤,0,google,trend_relative
2025-11-02,라인스톤,0,google,trend_relative
2025-11-09,라인스톤,0,google,trend_relative
2025-11-16,라인스톤,0,google,trend_relative
2025-11-23,라인스톤,0,google,trend_relative
2025-11-30,라인스톤,0,google,trend_relative
2025-12-07,라인스톤,0,google,trend_relative
2025-12-14,라인스톤,0,google,trend_relative
2025-12-21,라인스톤,0,google,trend_relative
2025-12-28,라인스톤,0,google,trend_relative
2026-01-04,라인스톤,0,google,trend_relative
2026-01-11,라인스톤,0,google,trend_relative
2026-01-18,라인스톤,0,google,trend_relative
2026-01-25,라인스톤,25,google,trend_relative
2026-02-01,라인스톤,18,google,trend_relative
2026-02-08,라인스톤,17,google,trend_relative
2026-02-15,라인스톤,0,google,trend_relative
2026-02-22,라인스톤,0,google,trend_relative
2026-03-01,라인스톤,18,google,trend_relative
2026-03-08,라인스톤,0,google,trend_relative
2026-03-15,라인스톤,0,google,trend_relative
2026-03-22,라인스톤,0,google,trend_relative
2026-03-29,라인스톤,0,google,trend_relative
2026-04-05,라인스톤,0,google,trend_relative
2026-04-12,라인스톤,0,google,trend_relative
2026-04-19,라인스톤,0,google,trend_relative
2026-04-26,라인스톤,0,google,trend_relative
2026-05-03,라인스톤,0,google,trend_relative
2026-05-10,라인스톤,0,google,trend_relative
2026-05-17,라인스톤,0,google,trend_relative
2026-05-24,라인스톤,0,google,trend_relative
2026-05-31,라인스톤,0,google,trend_relative
2026-06-07,라인스톤,0,google,trend_relative
2026-06-14,라인스톤,0,google,trend_relative
2026-06-21,라인스톤,0,google,trend_relative
2026-06-28,라인스톤,0,google,trend_relative
2026-07-05,라인스톤,0,google,trend_relative
2026-07-12,라인스톤,0,google,trend_relative
2026-07-19,라인스톤,0,google,trend_relative
2026-07-26,라인스톤,0,google,trend_relative
2026-08-02,라인스톤,0,google,trend_relative
2026-08-09,라인스톤,0,google,trend_relative
2026-08-16,라인스톤,0,google,trend_relative
2026-08-23,라인스톤,0,google,trend_relative
2026-08-30,라인스톤,5,google,trend_relative
2026-09-06,라인스톤,5,google,trend_relative
2026-09-13,라인스톤,9,google,trend_relative
2025-09-14,펄장식,0,google,trend_relative
2025-09-21,펄장식,0,google,trend_relative
2025-09-28,펄장식,0,google,trend_relative
2025-10-05,펄장식,0,google,trend_relative
2025-10-12,펄장식,0,google,trend_relative
2025-10-19,펄장식,0,google,trend_relative
2025-10-26,펄장식,0,google,trend_relative
2025-11-02,펄장식,0,google,trend_relative
2025-11-09,펄장식,0,google,trend_relative
2025-11-16,펄장식,0,google,trend_relative
2025-11-23,펄장식,0,google,trend_relative
2025-11-30,펄장식,0,google,trend_relative
2025-12-07,펄장식,0,google,trend_relative
2025-12-14,펄장식,0,google,trend_relative
2025-12-21,펄장식,0,google,trend_relative
2025-12-28,펄장식,0,google,trend_relative
2026-01-04,펄장식,0,google,trend_relative
2026-01-11,펄장식,0,google,trend_relative
2026-01-18,펄장식,0,google,trend_relative
2026-01-25,펄장식,0,google,trend_relative
2026-02-01,펄장식,0,google,trend_relative
2026-02-08,펄장식,0,google,trend_relative
2026-02-15,펄장식,0,google,trend_relative
2026-02-22,펄장식,0,google,trend_relative
2026-03-01,펄장식,0,google,trend_relative
2026-03-08,펄장식,0,google,trend_relative
2026-03-15,펄장식,0,google,trend_relative
2026-03-22,펄장식,0,google,trend_relative
2026-03-29,펄장식,0,google,trend_relative
2026-04-05,펄장식,0,google,trend_relative
2026-04-12,펄장식,0,google,trend_relative
2026-04-19,펄장식,0,google,trend_relative
2026-04-26,펄장식,0,google,trend_relative
2026-05-03,펄장식,0,google,trend_relative
2026-05-10,펄장식,0,google,trend_relative
2026-05-17,펄장식,0,google,trend_relative
2026-05-24,펄장식,0,google,trend_relative
2026-05-31,펄장식,0,google,trend_relative
2026-06-07,펄장식,0,google,trend_relative
2026-06-14,펄장식,0,google,trend_relative
2026-06-21,펄장식,0,google,trend_relative
2026-06-28,펄장식,0,google,trend_relative
2026-07-05,펄장식,0,google,trend_relative
2026-07-12,펄장식,0,google,trend_relative
2026-07-19,펄장식,0,google,trend_relative
2026-07-26,펄장식,0,google,trend_relative
2026-08-02,펄장식,0,google,trend_relative
2026-08-09,펄장식,0,google,trend_relative
2026-08-16,펄장식,0,google,trend_relative
2026-08-23,펄장식,0,google,trend_relative
2026-08-30,펄장식,0,google,trend_relative
2026-09-06,펄장식,0,google,trend_relative
2026-09-13,펄장식,0,google,trend_relative
2025-09-14,체인장식,0,google,trend_relative
2025-09-21,체인장식,0,google,trend_relative
2025-09-28,체인장식,0,google,trend_relative
2025-10-05,체인장식,0,google,trend_relative
2025-10-12,체인장식,0,google,trend_relative
2025-10-19,체인장식,0,google,trend_relative
2025-10-26,체인장식,0,google,trend_relative
2025-11-02,체인장식,0,google,trend_relative
2025-11-09,체인장식,0,google,trend_relative
2025-11-16,체인장식,0,google,trend_relative
2025-11-23,체인장식,0,google,trend_relative
2025-11-30,체인장식,0,google,trend_relative
2025-12-07,체인장식,0,google,trend_relative
2025-12-14,체인장식,0,google,trend_relative
2025-12-21,체인장식,0,google,trend_relative
2025-12-28,체인장식,0,google,trend_relative
2026-01-04,체인장식,0,google,trend_relative
2026-01-11,체인장식,0,google,trend_relative
2026-01-18,체인장식,0,google,trend_relative
2026-01-25,체인장식,0,google,trend_relative
2026-02-01,체인장식,0,google,trend_relative
2026-02-08,체인장식,0,google,trend_relative
2026-02-15,체인장식,0,google,trend_relative
2026-02-22,체인장식,0,google,trend_relative
2026-03-01,체인장식,0,google,trend_relative
2026-03-08,체인장식,0,google,trend_relative
2026-03-15,체인장식,0,google,trend_relative
2026-03-22,체인장식,0,google,trend_relative
2026-03-29,체인장식,0,google,trend_relative
2026-04-05,체인장식,0,google,trend_relative
2026-04-12,체인장식,0,google,trend_relative
2026-04-19,체인장식,0,google,trend_relative
2026-04-26,체인장식,0,google,trend_relative
2026-05-03,체인장식,0,google,trend_relative
2026-05-10,체인장식,0,google,trend_relative
2026-05-17,체인장식,0,google,trend_relative
2026-05-24,체인장식,0,google,trend_relative
2026-05-31,체인장식,0,google,trend_relative
2026-06-07,체인장식,0,google,trend_relative
2026-06-14,체인장식,0,google,trend_relative
2026-06-21,체인장식,0,google,trend_relative
2026-06-28,체인장식,0,google,trend_relative
2026-07-05,체인장식,0,google,trend_relative
2026-07-12,체인장식,0,google,trend_relative
2026-07-19,체인장식,0,google,trend_relative
2026-07-26,체인장식,0,google,trend_relative
2026-08-02,체인장식,0,google,trend_relative
2026-08-09,체인장식,0,google,trend_relative
2026-08-16,체인장식,0,google,trend_relative
2026-08-23,체인장식,0,google,trend_relative
2026-08-30,체인장식,3,google,trend_relative
2026-09-06,체인장식,2,google,trend_relative
2026-09-13,체인장식,0,google,trend_relative
2025-09-14,메탈하드웨어,0,google,trend_relative
2025-09-21,메탈하드웨어,0,google,trend_relative
2025-09-28,메탈하드웨어,0,google,trend_relative
2025-10-05,메탈하드웨어,0,google,trend_relative
2025-10-12,메탈하드웨어,0,google,trend_relative
2025-10-19,메탈하드웨어,0,google,trend_relative
2025-10-26,메탈하드웨어,0,google,trend_relative
2025-11-02,메탈하드웨어,0,google,trend_relative
2025-11-09,메탈하드웨어,0,google,trend_relative
2025-11-16,메탈하드웨어,0,google,trend_relative
2025-11-23,메탈하드웨어,0,google,trend_relative
2025-11-30,메탈하드웨어,0,google,trend_relative
2025-12-07,메탈하드웨어,0,google,trend_relative
2025-12-14,메탈하드웨어,0,google,trend_relative
2025-12-21,메탈하드웨어,0,google,trend_relative
2025-12-28,메탈하드웨어,0,google,trend_relative
2026-01-04,메탈하드웨어,0,google,trend_relative
2026-01-11,메탈하드웨어,0,google,trend_relative
2026-01-18,메탈하드웨어,0,google,trend_relative
2026-01-25,메탈하드웨어,0,google,trend_relative
2026-02-01,메탈하드웨어,0,google,trend_relative
2026-02-08,메탈하드웨어,0,google,trend_relative
2026-02-15,메탈하드웨어,0,google,trend_relative
2026-02-22,메탈하드웨어,0,google,trend_relative
2026-03-01,메탈하드웨어,0,google,trend_relative
2026-03-08,메탈하드웨어,0,google,trend_relative
2026-03-15,메탈하드웨어,0,google,trend_relative
2026-03-22,메탈하드웨어,0,google,trend_relative
2026-03-29,메탈하드웨어,0,google,trend_relative
2026-04-05,메탈하드웨어,0,google,trend_relative
2026-04-12,메탈하드웨어,0,google,trend_relative
2026-04-19,메탈하드웨어,0,google,trend_relative
2026-04-26,메탈하드웨어,0,google,trend_relative
2026-05-03,메탈하드웨어,0,google,trend_relative
2026-05-10,메탈하드웨어,0,google,trend_relative
2026-05-17,메탈하드웨어,0,google,trend_relative
2026-05-24,메탈하드웨어,0,google,trend_relative
2026-05-31,메탈하드웨어,0,google,trend_relative
2026-06-07,메탈하드웨어,0,google,trend_relative
2026-06-14,메탈하드웨어,0,google,trend_relative
2026-06-21,메탈하드웨어,0,google,trend_relative
2026-06-28,메탈하드웨어,0,google,trend_relative
2026-07-05,메탈하드웨어,0,google,trend_relative
2026-07-12,메탈하드웨어,0,google,trend_relative
2026-07-19,메탈하드웨어,0,google,trend_relative
2026-07-26,메탈하드웨어,0,google,trend_relative
2026-08-02,메탈하드웨어,0,google,trend_relative
2026-08-09,메탈하드웨어,0,google,trend_relative
2026-08-16,메탈하드웨어,0,google,trend_relative
2026-08-23,메탈하드웨어,0,google,trend_relative
2026-08-30,메탈하드웨어,0,google,trend_relative
2026-09-06,메탈하드웨어,0,google,trend_relative
2026-09-13,메탈하드웨어,0,google,trend_relative
2025-09-14,셔링,66,google,trend_relative
2025-09-21,셔링,53,google,trend_relative
2025-09-28,셔링,42,google,trend_relative
2025-10-05,셔링,0,google,trend_relative
2025-10-12,셔링,54,google,trend_relative
2025-10-19,셔링,37,google,trend_relative
2025-10-26,셔링,38,google,trend_relative
2025-11-02,셔링,67,google,trend_relative
2025-11-09,셔링,49,google,trend_relative
2025-11-16,셔링,39,google,trend_relative
2025-11-23,셔링,46,google,trend_relative
2025-11-30,셔링,38,google,trend_relative
2025-12-07,셔링,40,google,trend_relative
2025-12-14,셔링,35,google,trend_relative
2025-12-21,셔링,56,google,trend_relative
2025-12-28,셔링,0,google,trend_relative
2026-01-04,셔링,69,google,trend_relative
2026-01-11,셔링,38,google,trend_relative
2026-01-18,셔링,46,google,trend_relative
2026-01-25,셔링,58,google,trend_relative
2026-02-01,셔링,69,google,trend_relative
2026-02-08,셔링,59,google,trend_relative
2026-02-15,셔링,35,google,trend_relative
2026-02-22,셔링,42,google,trend_relative
2026-03-01,셔링,67,google,trend_relative
2026-03-08,셔링,71,google,trend_relative
2026-03-15,셔링,72,google,trend_relative
2026-03-22,셔링,62,google,trend_relative
2026-03-29,셔링,56,google,trend_relative
2026-04-05,셔링,46,google,trend_relative
2026-04-12,셔링,58,google,trend_relative
2026-04-19,셔링,79,google,trend_relative
2026-04-26,셔링,50,google,trend_relative
2026-05-03,셔링,71,google,trend_relative
2026-05-10,셔링,66,google,trend_relative
2026-05-17,셔링,67,google,trend_relative
2026-05-24,셔링,74,google,trend_relative
2026-05-31,셔링,84,google,trend_relative
2026-06-07,셔링,83,google,trend_relative
2026-06-14,셔링,72,google,trend_relative
2026-06-21,셔링,69,google,trend_relative
2026-06-28,셔링,41,google,trend_relative
2026-07-05,셔링,83,google,trend_relative
2026-07-12,셔링,56,google,trend_relative
2026-07-19,셔링,100,google,trend_relative
2026-07-26,셔링,69,google,trend_relative
2026-08-02,셔링,72,google,trend_relative
2026-08-09,셔링,68,google,trend_relative
2026-08-16,셔링,85,google,trend_relative
2026-08-23,셔링,65,google,trend_relative
2026-08-30,셔링,47,google,trend_relative
2026-09-06,셔링,58,google,trend_relative
2026-09-13,셔링,66,google,trend_relative
2025-09-14,루칭,0,google,trend_relative
2025-09-21,루칭,0,google,trend_relative
2025-09-28,루칭,0,google,trend_relative
2025-10-05,루칭,0,google,trend_relative
2025-10-12,루칭,0,google,trend_relative
2025-10-19,루칭,0,google,trend_relative
2025-10-26,루칭,0,google,trend_relative
2025-11-02,루칭,0,google,trend_relative
2025-11-09,루칭,0,google,trend_relative
2025-11-16,루칭,0,google,trend_relative
2025-11-23,루칭,0,google,trend_relative
2025-11-30,루칭,0,google,trend_relative
2025-12-07,루칭,0,google,trend_relative
2025-12-14,루칭,0,google,trend_relative
2025-12-21,루칭,0,google,trend_relative
2025-12-28,루칭,0,google,trend_relative
2026-01-04,루칭,0,google,trend_relative
2026-01-11,루칭,0,google,trend_relative
2026-01-18,루칭,0,google,trend_relative
2026-01-25,루칭,0,google,trend_relative
2026-02-01,루칭,0,google,trend_relative
2026-02-08,루칭,0,google,trend_relative
2026-02-15,루칭,0,google,trend_relative
2026-02-22,루칭,0,google,trend_relative
2026-03-01,루칭,0,google,trend_relative
2026-03-08,루칭,0,google,trend_relative
2026-03-15,루칭,0,google,trend_relative
2026-03-22,루칭,0,google,trend_relative
2026-03-29,루칭,0,google,trend_relative
2026-04-05,루칭,0,google,trend_relative
2026-04-12,루칭,0,google,trend_relative
2026-04-19,루칭,0,google,trend_relative
2026-04-26,루칭,0,google,trend_relative
2026-05-03,루칭,0,google,trend_relative
2026-05-10,루칭,0,google,trend_relative
2026-05-17,루칭,0,google,trend_relative
2026-05-24,루칭,0,google,trend_relative
2026-05-31,루칭,0,google,trend_relative
2026-06-07,루칭,0,google,trend_relative
2026-06-14,루칭,0,google,trend_relative
2026-06-21,루칭,0,google,trend_relative
2026-06-28,루칭,0,google,trend_relative
2026-07-05,루칭,0,google,trend_relative
2026-07-12,루칭,0,google,trend_relative
2026-07-19,루칭,0,google,trend_relative
2026-07-26,루칭,0,google,trend_relative
2026-08-02,루칭,0,google,trend_relative
2026-08-09,루칭,0,google,trend_relative
2026-08-16,루칭,0,google,trend_relative
2026-08-23,루칭,0,google,trend_relative
2026-08-30,루칭,0,google,trend_relative
2026-09-06,루칭,0,google,trend_relative
2026-09-13,루칭,0,google,trend_relative
2025-09-14,드레이프,0,google,trend_relative
2025-09-21,드레이프,0,google,trend_relative
2025-09-28,드레이프,0,google,trend_relative
2025-10-05,드레이프,0,google,trend_relative
2025-10-12,드레이프,0,google,trend_relative
2025-10-19,드레이프,0,google,trend_relative
2025-10-26,드레이프,33,google,trend_relative
2025-11-02,드레이프,0,google,trend_relative
2025-11-09,드레이프,0,google,trend_relative
2025-11-16,드레이프,0,google,trend_relative
2025-11-23,드레이프,0,google,trend_relative
2025-11-30,드레이프,0,google,trend_relative
2025-12-07,드레이프,0,google,trend_relative
2025-12-14,드레이프,0,google,trend_relative
2025-12-21,드레이프,0,google,trend_relative
2025-12-28,드레이프,0,google,trend_relative
2026-01-04,드레이프,0,google,trend_relative
2026-01-11,드레이프,0,google,trend_relative
2026-01-18,드레이프,40,google,trend_relative
2026-01-25,드레이프,0,google,trend_relative
2026-02-01,드레이프,47,google,trend_relative
2026-02-08,드레이프,0,google,trend_relative
2026-02-15,드레이프,0,google,trend_relative
2026-02-22,드레이프,0,google,trend_relative
2026-03-01,드레이프,0,google,trend_relative
2026-03-08,드레이프,39,google,trend_relative
2026-03-15,드레이프,0,google,trend_relative
2026-03-22,드레이프,0,google,trend_relative
2026-03-29,드레이프,0,google,trend_relative
2026-04-05,드레이프,0,google,trend_relative
2026-04-12,드레이프,0,google,trend_relative
2026-04-19,드레이프,63,google,trend_relative
2026-04-26,드레이프,0,google,trend_relative
2026-05-03,드레이프,47,google,trend_relative
2026-05-10,드레이프,0,google,trend_relative
2026-05-17,드레이프,40,google,trend_relative
2026-05-24,드레이프,35,google,trend_relative
2026-05-31,드레이프,28,google,trend_relative
2026-06-07,드레이프,0,google,trend_relative
2026-06-14,드레이프,39,google,trend_relative
2026-06-21,드레이프,0,google,trend_relative
2026-06-28,드레이프,0,google,trend_relative
2026-07-05,드레이프,0,google,trend_relative
2026-07-12,드레이프,0,google,trend_relative
2026-07-19,드레이프,41,google,trend_relative
2026-07-26,드레이프,59,google,trend_relative
2026-08-02,드레이프,28,google,trend_relative
2026-08-09,드레이프,29,google,trend_relative
2026-08-16,드레이프,40,google,trend_relative
2026-08-23,드레이프,36,google,trend_relative
2026-08-30,드레이프,27,google,trend_relative
2026-09-06,드레이프,41,google,trend_relative
2026-09-13,드레이프,25,google,trend_relative
2025-09-14,컷아웃,1,google,trend_relative
2025-09-21,컷아웃,1,google,trend_relative
2025-09-28,컷아웃,0,google,trend_relative
2025-10-05,컷아웃,0,google,trend_relative
2025-10-12,컷아웃,1,google,trend_relative
2025-10-19,컷아웃,1,google,trend_relative
2025-10-26,컷아웃,1,google,trend_relative
2025-11-02,컷아웃,1,google,trend_relative
2025-11-09,컷아웃,1,google,trend_relative
2025-11-16,컷아웃,1,google,trend_relative
2025-11-23,컷아웃,0,google,trend_relative
2025-11-30,컷아웃,1,google,trend_relative
2025-12-07,컷아웃,1,google,trend_relative
2025-12-14,컷아웃,0,google,trend_relative
2025-12-21,컷아웃,1,google,trend_relative
2025-12-28,컷아웃,0,google,trend_relative
2026-01-04,컷아웃,1,google,trend_relative
2026-01-11,컷아웃,1,google,trend_relative
2026-01-18,컷아웃,1,google,trend_relative
2026-01-25,컷아웃,1,google,trend_relative
2026-02-01,컷아웃,0,google,trend_relative
2026-02-08,컷아웃,1,google,trend_relative
2026-02-15,컷아웃,0,google,trend_relative
2026-02-22,컷아웃,0,google,trend_relative
2026-03-01,컷아웃,1,google,trend_relative
2026-03-08,컷아웃,1,google,trend_relative
2026-03-15,컷아웃,1,google,trend_relative
2026-03-22,컷아웃,1,google,trend_relative
2026-03-29,컷아웃,1,google,trend_relative
2026-04-05,컷아웃,1,google,trend_relative
2026-04-12,컷아웃,1,google,trend_relative
2026-04-19,컷아웃,0,google,trend_relative
2026-04-26,컷아웃,0,google,trend_relative
2026-05-03,컷아웃,0,google,trend_relative
2026-05-10,컷아웃,1,google,trend_relative
2026-05-17,컷아웃,1,google,trend_relative
2026-05-24,컷아웃,0,google,trend_relative
2026-05-31,컷아웃,1,google,trend_relative
2026-06-07,컷아웃,0,google,trend_relative
2026-06-14,컷아웃,1,google,trend_relative
2026-06-21,컷아웃,1,google,trend_relative
2026-06-28,컷아웃,0,google,trend_relative
2026-07-05,컷아웃,1,google,trend_relative
2026-07-12,컷아웃,0,google,trend_relative
2026-07-19,컷아웃,0,google,trend_relative
2026-07-26,컷아웃,0,google,trend_relative
2026-08-02,컷아웃,1,google,trend_relative
2026-08-09,컷아웃,0,google,trend_relative
2026-08-16,컷아웃,0,google,trend_relative
2026-08-23,컷아웃,0,google,trend_relative
2026-08-30,컷아웃,1,google,trend_relative
2026-09-06,컷아웃,1,google,trend_relative
2026-09-13,컷아웃,1,google,trend_relative
2025-09-14,랩,77,google,trend_relative
2025-09-21,랩,78,google,trend_relative
2025-09-28,랩,76,google,trend_relative
2025-10-05,랩,63,google,trend_relative
2025-10-12,랩,80,google,trend_relative
2025-10-19,랩,85,google,trend_relative
2025-10-26,랩,97,google,trend_relative
2025-11-02,랩,87,google,trend_relative
2025-11-09,랩,96,google,trend_relative
2025-11-16,랩,95,google,trend_relative
2025-11-23,랩,92,google,trend_relative
2025-11-30,랩,90,google,trend_relative
2025-12-07,랩,85,google,trend_relative
2025-12-14,랩,85,google,trend_relative
2025-12-21,랩,83,google,trend_relative
2025-12-28,랩,77,google,trend_relative
2026-01-04,랩,85,google,trend_relative
2026-01-11,랩,82,google,trend_relative
2026-01-18,랩,95,google,trend_relative
2026-01-25,랩,95,google,trend_relative
2026-02-01,랩,92,google,trend_relative
2026-02-08,랩,86,google,trend_relative
2026-02-15,랩,72,google,trend_relative
2026-02-22,랩,89,google,trend_relative
2026-03-01,랩,90,google,trend_relative
2026-03-08,랩,88,google,trend_relative
2026-03-15,랩,98,google,trend_relative
2026-03-22,랩,93,google,trend_relative
2026-03-29,랩,100,google,trend_relative
2026-04-05,랩,88,google,trend_relative
2026-04-12,랩,87,google,trend_relative
2026-04-19,랩,84,google,trend_relative
2026-04-26,랩,81,google,trend_relative
2026-05-03,랩,84,google,trend_relative
2026-05-10,랩,93,google,trend_relative
2026-05-17,랩,87,google,trend_relative
2026-05-24,랩,85,google,trend_relative
2026-05-31,랩,89,google,trend_relative
2026-06-07,랩,89,google,trend_relative
2026-06-14,랩,91,google,trend_relative
2026-06-21,랩,91,google,trend_relative
2026-06-28,랩,92,google,trend_relative
2026-07-05,랩,86,google,trend_relative
2026-07-12,랩,87,google,trend_relative
2026-07-19,랩,88,google,trend_relative
2026-07-26,랩,80,google,trend_relative
2026-08-02,랩,81,google,trend_relative
2026-08-09,랩,71,google,trend_relative
2026-08-16,랩,83,google,trend_relative
2026-08-23,랩,89,google,trend_relative
2026-08-30,랩,84,google,trend_relative
2026-09-06,랩,89,google,trend_relative
2026-09-13,랩,93,google,trend_relative
2025-09-14,레이어드,8,google,trend_relative
2025-09-21,레이어드,9,google,trend_relative
2025-09-28,레이어드,8,google,trend_relative
2025-10-05,레이어드,9,google,trend_relative
2025-10-12,레이어드,7,google,trend_relative
2025-10-19,레이어드,8,google,trend_relative
2025-10-26,레이어드,9,google,trend_relative
2025-11-02,레이어드,9,google,trend_relative
2025-11-09,레이어드,9,google,trend_relative
2025-11-16,레이어드,9,google,trend_relative
2025-11-23,레이어드,8,google,trend_relative
2025-11-30,레이어드,9,google,trend_relative
2025-12-07,레이어드,7,google,trend_relative
2025-12-14,레이어드,8,google,trend_relative
2025-12-21,레이어드,8,google,trend_relative
2025-12-28,레이어드,8,google,trend_relative
2026-01-04,레이어드,8,google,trend_relative
2026-01-11,레이어드,8,google,trend_relative
2026-01-18,레이어드,8,google,trend_relative
2026-01-25,레이어드,8,google,trend_relative
2026-02-01,레이어드,8,google,trend_relative
2026-02-08,레이어드,9,google,trend_relative
2026-02-15,레이어드,8,google,trend_relative
2026-02-22,레이어드,10,google,trend_relative
2026-03-01,레이어드,9,google,trend_relative
2026-03-08,레이어드,8,google,trend_relative
2026-03-15,레이어드,10,google,trend_relative
2026-03-22,레이어드,10,google,trend_relative
2026-03-29,레이어드,9,google,trend_relative
2026-04-05,레이어드,8,google,trend_relative
2026-04-12,레이어드,8,google,trend_relative
2026-04-19,레이어드,8,google,trend_relative
2026-04-26,레이어드,9,google,trend_relative
2026-05-03,레이어드,9,google,trend_relative
2026-05-10,레이어드,7,google,trend_relative
2026-05-17,레이어드,8,google,trend_relative
2026-05-24,레이어드,8,google,trend_relative
2026-05-31,레이어드,8,google,trend_relative
2026-06-07,레이어드,7,google,trend_relative
2026-06-14,레이어드,8,google,trend_relative
2026-06-21,레이어드,6,google,trend_relative
2026-06-28,레이어드,7,google,trend_relative
2026-07-05,레이어드,8,google,trend_relative
2026-07-12,레이어드,6,google,trend_relative
2026-07-19,레이어드,7,google,trend_relative
2026-07-26,레이어드,6,google,trend_relative
2026-08-02,레이어드,7,google,trend_relative
2026-08-09,레이어드,6,google,trend_relative
2026-08-16,레이어드,8,google,trend_relative
2026-08-23,레이어드,7,google,trend_relative
2026-08-30,레이어드,6,google,trend_relative
2026-09-06,레이어드,7,google,trend_relative
2026-09-13,레이어드,8,google,trend_relative
2025-09-14,언밸런스,0,google,trend_relative
2025-09-21,언밸런스,0,google,trend_relative
2025-09-28,언밸런스,0,google,trend_relative
2025-10-05,언밸런스,0,google,trend_relative
2025-10-12,언밸런스,0,google,trend_relative
2025-10-19,언밸런스,0,google,trend_relative
2025-10-26,언밸런스,0,google,trend_relative
2025-11-02,언밸런스,1,google,trend_relative
2025-11-09,언밸런스,0,google,trend_relative
2025-11-16,언밸런스,0,google,trend_relative
2025-11-23,언밸런스,0,google,trend_relative
2025-11-30,언밸런스,0,google,trend_relative
2025-12-07,언밸런스,0,google,trend_relative
2025-12-14,언밸런스,0,google,trend_relative
2025-12-21,언밸런스,0,google,trend_relative
2025-12-28,언밸런스,0,google,trend_relative
2026-01-04,언밸런스,0,google,trend_relative
2026-01-11,언밸런스,0,google,trend_relative
2026-01-18,언밸런스,0,google,trend_relative
2026-01-25,언밸런스,0,google,trend_relative
2026-02-01,언밸런스,0,google,trend_relative
2026-02-08,언밸런스,0,google,trend_relative
2026-02-15,언밸런스,1,google,trend_relative
2026-02-22,언밸런스,0,google,trend_relative
2026-03-01,언밸런스,0,google,trend_relative
2026-03-08,언밸런스,0,google,trend_relative
2026-03-15,언밸런스,0,google,trend_relative
2026-03-22,언밸런스,0,google,trend_relative
2026-03-29,언밸런스,0,google,trend_relative
2026-04-05,언밸런스,0,google,trend_relative
2026-04-12,언밸런스,0,google,trend_relative
2026-04-19,언밸런스,0,google,trend_relative
2026-04-26,언밸런스,0,google,trend_relative
2026-05-03,언밸런스,0,google,trend_relative
2026-05-10,언밸런스,0,google,trend_relative
2026-05-17,언밸런스,0,google,trend_relative
2026-05-24,언밸런스,0,google,trend_relative
2026-05-31,언밸런스,0,google,trend_relative
2026-06-07,언밸런스,0,google,trend_relative
2026-06-14,언밸런스,0,google,trend_relative
2026-06-21,언밸런스,0,google,trend_relative
2026-06-28,언밸런스,0,google,trend_relative
2026-07-05,언밸런스,0,google,trend_relative
2026-07-12,언밸런스,0,google,trend_relative
2026-07-19,언밸런스,0,google,trend_relative
2026-07-26,언밸런스,0,google,trend_relative
2026-08-02,언밸런스,0,google,trend_relative
2026-08-09,언밸런스,0,google,trend_relative
2026-08-16,언밸런스,0,google,trend_relative
2026-08-23,언밸런스,0,google,trend_relative
2026-08-30,언밸런스,0,google,trend_relative
2026-09-06,언밸런스,0,google,trend_relative
2026-09-13,언밸런스,0,google,trend_relative
2025-09-14,슬릿,1,google,trend_relative
2025-09-21,슬릿,1,google,trend_relative
2025-09-28,슬릿,1,google,trend_relative
2025-10-05,슬릿,1,google,trend_relative
2025-10-12,슬릿,1,google,trend_relative
2025-10-19,슬릿,2,google,trend_relative
2025-10-26,슬릿,1,google,trend_relative
2025-11-02,슬릿,1,google,trend_relative
2025-11-09,슬릿,2,google,trend_relative
2025-11-16,슬릿,2,google,trend_relative
2025-11-23,슬릿,2,google,trend_relative
2025-11-30,슬릿,2,google,trend_relative
2025-12-07,슬릿,2,google,trend_relative
2025-12-14,슬릿,2,google,trend_relative
2025-12-21,슬릿,1,google,trend_relative
2025-12-28,슬릿,2,google,trend_relative
2026-01-04,슬릿,2,google,trend_relative
2026-01-11,슬릿,1,google,trend_relative
2026-01-18,슬릿,1,google,trend_relative
2026-01-25,슬릿,1,google,trend_relative
2026-02-01,슬릿,2,google,trend_relative
2026-02-08,슬릿,1,google,trend_relative
2026-02-15,슬릿,1,google,trend_relative
2026-02-22,슬릿,1,google,trend_relative
2026-03-01,슬릿,1,google,trend_relative
2026-03-08,슬릿,1,google,trend_relative
2026-03-15,슬릿,1,google,trend_relative
2026-03-22,슬릿,2,google,trend_relative
2026-03-29,슬릿,1,google,trend_relative
2026-04-05,슬릿,1,google,trend_relative
2026-04-12,슬릿,2,google,trend_relative
2026-04-19,슬릿,1,google,trend_relative
2026-04-26,슬릿,2,google,trend_relative
2026-05-03,슬릿,2,google,trend_relative
2026-05-10,슬릿,1,google,trend_relative
2026-05-17,슬릿,2,google,trend_relative
2026-05-24,슬릿,2,google,trend_relative
2026-05-31,슬릿,2,google,trend_relative
2026-06-07,슬릿,2,google,trend_relative
2026-06-14,슬릿,2,google,trend_relative
2026-06-21,슬릿,2,google,trend_relative
2026-06-28,슬릿,2,google,trend_relative
2026-07-05,슬릿,1,google,trend_relative
2026-07-12,슬릿,1,google,trend_relative
2026-07-19,슬릿,1,google,trend_relative
2026-07-26,슬릿,1,google,trend_relative
2026-08-02,슬릿,1,google,trend_relative
2026-08-09,슬릿,1,google,trend_relative
2026-08-16,슬릿,1,google,trend_relative
2026-08-23,슬릿,2,google,trend_relative
2026-08-30,슬릿,1,google,trend_relative
2026-09-06,슬릿,1,google,trend_relative
2026-09-13,슬릿,2,google,trend_relative
2025-09-14,개더,0,google,trend_relative
2025-09-21,개더,0,google,trend_relative
2025-09-28,개더,0,google,trend_relative
2025-10-05,개더,0,google,trend_relative
2025-10-12,개더,0,google,trend_relative
2025-10-19,개더,0,google,trend_relative
2025-10-26,개더,0,google,trend_relative
2025-11-02,개더,0,google,trend_relative
2025-11-09,개더,0,google,trend_relative
2025-11-16,개더,0,google,trend_relative
2025-11-23,개더,0,google,trend_relative
2025-11-30,개더,0,google,trend_relative
2025-12-07,개더,0,google,trend_relative
2025-12-14,개더,0,google,trend_relative
2025-12-21,개더,0,google,trend_relative
2025-12-28,개더,0,google,trend_relative
2026-01-04,개더,0,google,trend_relative
2026-01-11,개더,0,google,trend_relative
2026-01-18,개더,0,google,trend_relative
2026-01-25,개더,0,google,trend_relative
2026-02-01,개더,0,google,trend_relative
2026-02-08,개더,0,google,trend_relative
2026-02-15,개더,0,google,trend_relative
2026-02-22,개더,0,google,trend_relative
2026-03-01,개더,0,google,trend_relative
2026-03-08,개더,0,google,trend_relative
2026-03-15,개더,27,google,trend_relative
2026-03-22,개더,0,google,trend_relative
2026-03-29,개더,0,google,trend_relative
2026-04-05,개더,0,google,trend_relative
2026-04-12,개더,0,google,trend_relative
2026-04-19,개더,0,google,trend_relative
2026-04-26,개더,0,google,trend_relative
2026-05-03,개더,0,google,trend_relative
2026-05-10,개더,0,google,trend_relative
2026-05-17,개더,0,google,trend_relative
2026-05-24,개더,27,google,trend_relative
2026-05-31,개더,0,google,trend_relative
2026-06-07,개더,0,google,trend_relative
2026-06-14,개더,0,google,trend_relative
2026-06-21,개더,0,google,trend_relative
2026-06-28,개더,0,google,trend_relative
2026-07-05,개더,0,google,trend_relative
2026-07-12,개더,0,google,trend_relative
2026-07-19,개더,0,google,trend_relative
2026-07-26,개더,0,google,trend_relative
2026-08-02,개더,0,google,trend_relative
2026-08-09,개더,0,google,trend_relative
2026-08-16,개더,0,google,trend_relative
2026-08-23,개더,25,google,trend_relative
2026-08-30,개더,10,google,trend_relative
2026-09-06,개더,15,google,trend_relative
2026-09-13,개더,11,google,trend_relative
2025-09-14,스모킹,98,google,trend_relative
2025-09-21,스모킹,93,google,trend_relative
2025-09-28,스모킹,81,google,trend_relative
2025-10-05,스모킹,82,google,trend_relative
2025-10-12,스모킹,100,google,trend_relative
2025-10-19,스모킹,78,google,trend_relative
2025-10-26,스모킹,67,google,trend_relative
2025-11-02,스모킹,79,google,trend_relative
2025-11-09,스모킹,70,google,trend_relative
2025-11-16,스모킹,60,google,trend_relative
2025-11-23,스모킹,55,google,trend_relative
2025-11-30,스모킹,61,google,trend_relative
2025-12-07,스모킹,52,google,trend_relative
2025-12-14,스모킹,88,google,trend_relative
2025-12-21,스모킹,72,google,trend_relative
2025-12-28,스모킹,46,google,trend_relative
2026-01-04,스모킹,50,google,trend_relative
2026-01-11,스모킹,46,google,trend_relative
2026-01-18,스모킹,55,google,trend_relative
2026-01-25,스모킹,57,google,trend_relative
2026-02-01,스모킹,77,google,trend_relative
2026-02-08,스모킹,41,google,trend_relative
2026-02-15,스모킹,46,google,trend_relative
2026-02-22,스모킹,61,google,trend_relative
2026-03-01,스모킹,54,google,trend_relative
2026-03-08,스모킹,65,google,trend_relative
2026-03-15,스모킹,76,google,trend_relative
2026-03-22,스모킹,52,google,trend_relative
2026-03-29,스모킹,65,google,trend_relative
2026-04-05,스모킹,45,google,trend_relative
2026-04-12,스모킹,37,google,trend_relative
2026-04-19,스모킹,38,google,trend_relative
2026-04-26,스모킹,58,google,trend_relative
2026-05-03,스모킹,78,google,trend_relative
2026-05-10,스모킹,60,google,trend_relative
2026-05-17,스모킹,46,google,trend_relative
2026-05-24,스모킹,46,google,trend_relative
2026-05-31,스모킹,63,google,trend_relative
2026-06-07,스모킹,69,google,trend_relative
2026-06-14,스모킹,41,google,trend_relative
2026-06-21,스모킹,48,google,trend_relative
2026-06-28,스모킹,68,google,trend_relative
2026-07-05,스모킹,52,google,trend_relative
2026-07-12,스모킹,53,google,trend_relative
2026-07-19,스모킹,81,google,trend_relative
2026-07-26,스모킹,48,google,trend_relative
2026-08-02,스모킹,69,google,trend_relative
2026-08-09,스모킹,50,google,trend_relative
2026-08-16,스모킹,42,google,trend_relative
2026-08-23,스모킹,56,google,trend_relative
2026-08-30,스모킹,40,google,trend_relative
2026-09-06,스모킹,49,google,trend_relative
2026-09-13,스모킹,49,google,trend_relative
