id,brand_code,canonical_name,normalized_name,english_name,country_code,category,description,status,created_at,updated_at
,BRAND_GAKKAI_UNIONS,가까이 유니언즈,가까이 유니언즈,GAKKAI UNIONS,,국내 캐주얼·스트릿,,ACTIVE,,
,BRAND_GAP,갭,갭,GAP,,글로벌 스포츠·캐주얼,신발겸업,ACTIVE,,
,BRAND_GUESS,게스,게스,GUESS,,글로벌 스포츠·캐주얼,,ACTIVE,,
,BRAND_KENZO,겐조,겐조,KENZO,,해외 럭셔리·컨템포러리,,ACTIVE,,
,BRAND_GODASHIN,고다신,고다신,GODASHIN,,국내 캐주얼·스트릿,,ACTIVE,,
,BRAND_KOMOK,고목,고목,KOMOK,,국내 컨템포러리·디자이너,,ACTIVE,,
,BRAND_GHOST_REPUBLIC,고스트리퍼블릭,고스트리퍼블릭,GHOST REPUBLIC,,국내 캐주얼·스트릿,,ACTIVE,,
,BRAND_GOZER,고저,고저,GOZER,,국내 캐주얼·스트릿,,ACTIVE,,
,BRAND_GOCORI,고코리,고코리,GOCORI,,국내 컨템포러리·디자이너,,ACTIVE,,
,BRAND_GOHARDER,고하더,고하더,GOHARDER,,스포츠·액티브,,ACTIVE,,
,BRAND_GOLDPERCENT,골드퍼센트,골드퍼센트,GOLDPERCENT,,국내 캐주얼·스트릿,,ACTIVE,,
,BRAND_GOLDEN_BEAR,골든베어,골든베어,GOLDEN BEAR,,골프·스포츠라이프,,ACTIVE,,
,BRAND_GOLDENAI,골든아이,골든아이,GOLDENAI,,국내 캐주얼·스트릿,,ACTIVE,,
,BRAND_GOLA,골라,골라,GOLA,,글로벌 스포츠·캐주얼,,ACTIVE,,
,BRAND_GOLA_CLASSICS,골라 클래식,골라 클래식,GOLA CLASSICS,,신발·스니커즈,,ACTIVE,,
,BRAND_GOALSTUDIO,골스튜디오,골스튜디오,GOALSTUDIO,,스포츠·액티브,,ACTIVE,,
,BRAND_GONGGONGYUKYI,공공육이,공공육이,GONGGONGYUKYI,,국내 컨템포러리·디자이너,,ACTIVE,,
,BRAND_GONG_APRON,공에이프런,공에이프런,GONG APRON,,국내 캐주얼·스트릿,,ACTIVE,,
,BRAND_GURUS_ROOME_SHOES,구루스 룸 슈즈,구루스 룸 슈즈,GURUS ROOME SHOES,,신발·스니커즈,,ACTIVE,,
,BRAND_GULEMKIM,구름킴,구름킴,GULEMKIM,,국내 캐주얼·스트릿,,ACTIVE,,
,BRAND_9UMIKO,구미코,구미코,9UMIKO,,국내 캐주얼·스트릿,,ACTIVE,,
,BRAND_GUVO,구보,구보,GUVO,,국내 캐주얼·스트릿,,ACTIVE,,
,BRAND_GUBIN,구빈,구빈,GUBIN,,국내 캐주얼·스트릿,,ACTIVE,,
,BRAND_GUAV,구아브,구아브,GUAV,,국내 캐주얼·스트릿,,ACTIVE,,
,BRAND_GUCCI,구찌,구찌,GUCCI,,해외 럭셔리·컨템포러리,,ACTIVE,,
,BRAND_GOODNEWS,굿뉴스,굿뉴스,GOODNEWS,,신발·스니커즈,,ACTIVE,,
,BRAND_GLW,굿라이프웍스,굿라이프웍스,GLW,,국내 캐주얼·스트릿,,ACTIVE,,
,BRAND_GNOHNOEY,그노노이,그노노이,GNOHNOEY,,국내 캐주얼·스트릿,,ACTIVE,,
,BRAND_GRAMICCI,그라미치,그라미치,GRAMICCI,,아웃도어,,ACTIVE,,
,BRAND_GRASPLAN,그라스플랜,그라스플랜,GRASPLAN,,국내 캐주얼·스트릿,,ACTIVE,,
,BRAND_GROUNDWORK,그라운드워크,그라운드워크,GROUNDWORK,,국내 캐주얼·스트릿,,ACTIVE,,
,BRAND_GROUNDSSWET,그라운즈스웻,그라운즈스웻,GROUNDSSWET,,스포츠·액티브,,ACTIVE,,
,BRAND_GRAENN,그라인,그라인,GRAENN,,국내 캐주얼·스트릿,,ACTIVE,,
,BRAND_GRAPHERIES,그라퍼리즈,그라퍼리즈,GRAPHERIES,,신발·스니커즈,,ACTIVE,,
,BRAND_GRAFTMEN,그라프트맨,그라프트맨,GRAFTMEN,,국내 캐주얼·스트릿,,ACTIVE,,
,BRAND_GRAPICK,그라픽,그라픽,GRAPICK,,국내 캐주얼·스트릿,,ACTIVE,,
,BRAND_GRANDE_LINE,그란데라인,그란데라인,GRANDE LINE,,스포츠·액티브,,ACTIVE,,
,BRAND_GRANCREW,그랑크루,그랑크루,GRANCREW,,국내 캐주얼·스트릿,,ACTIVE,,
,BRAND_GRAMINUS,그래미누스,그래미누스,GRAMINUS,,국내 캐주얼·스트릿,,ACTIVE,,
,BRAND_GRAPH_PLATFORM,그래프플랫폼,그래프플랫폼,GRAPH PLATFORM,,국내 캐주얼·스트릿,,ACTIVE,,
,BRAND_GRAPIX,그래픽스,그래픽스,GRAPIX,,국내 캐주얼·스트릿,,ACTIVE,,
,BRAND_GRAPHICS_OVERFIT,그래픽스 오버핏,그래픽스 오버핏,GRAPHICS OVERFIT,,국내 캐주얼·스트릿,,ACTIVE,,
,BRAND_GRANDIOSITY,그랜디오시티,그랜디오시티,GRANDIOSITY,,국내 캐주얼·스트릿,,ACTIVE,,
,BRAND_GRANFINNY,그랜피니,그랜피니,GRANFINNY,,국내 캐주얼·스트릿,,ACTIVE,,
,BRAND_GRAM_OUNCE_POUND,그램 아운스 파운드,그램 아운스 파운드,GRAM OUNCE POUND,,국내 캐주얼·스트릿,,ACTIVE,,
,BRAND_THE_GREATEST,그레이티스트,그레이티스트,THE GREATEST,,국내 캐주얼·스트릿,,ACTIVE,,
,BRAND_GRAILZ,그레일즈,그레일즈,GRAILZ,,국내 캐주얼·스트릿,,ACTIVE,,
,BRAND_GROVE,그로브,그로브,GROVE,,국내 컨템포러리·디자이너,,ACTIVE,,
,BRAND_GROWHIDE,그로우하이드,그로우하이드,GROWHIDE,,국내 컨템포러리·디자이너,,ACTIVE,,
,BRAND_GROWN_NOTOLD,그로운 낫올드,그로운 낫올드,GROWN NOTOLD,,해외 럭셔리·컨템포러리,,ACTIVE,,
,BRAND_GRU,그루,그루,GRU,,국내 캐주얼·스트릿,,ACTIVE,,
,BRAND_GROOVE_RHYME,그루브라임,그루브라임,GROOVE RHYME,,국내 캐주얼·스트릿,,ACTIVE,,
,BRAND_GROOVESTEP,그루브스텝,그루브스텝,GROOVESTEP,,국내 캐주얼·스트릿,,ACTIVE,,
,BRAND_GRISH,그리쉬,그리쉬,GRISH,,국내 컨템포러리·디자이너,,ACTIVE,,
,BRAND_GLACK,글랙,글랙,GLACK,,국내 캐주얼·스트릿,,ACTIVE,,
,BRAND_GRUNDEN,글런든,글런든,GRUNDEN,,국내 캐주얼·스트릿,,ACTIVE,,
,BRAND_GLEN_WAVERLEY_03150,글렌웨이버리03150,글렌웨이버리03150,GLEN-WAVERLEY 03150,,신발·스니커즈,,ACTIVE,,
,BRAND_GRIMPER,글림퍼,글림퍼,GRIMPER,,신발·스니커즈,,ACTIVE,,
,BRAND_KUMKANG,금강,금강,KUMKANG,,신발·스니커즈,,ACTIVE,,
,BRAND_GEARX,기어엑스,기어엑스,GEARX,,스포츠·액티브,,ACTIVE,,
,BRAND_KIJUN,기준,기준,KIJUN,,국내 컨템포러리·디자이너,,ACTIVE,,
,BRAND_KIJUN_MEN,기준 맨,기준 맨,KIJUN MEN,,국내 컨템포러리·디자이너,,ACTIVE,,
,BRAND_KICHUL,기철,기철,KICHUL,,국내 캐주얼·스트릿,,ACTIVE,,
,BRAND_GIFTORIGINAL,기프트오리지널,기프트오리지널,GIFTORIGINAL,,국내 캐주얼·스트릿,,ACTIVE,,
,BRAND_KHIHO,기호,기호,KHIHO,,신발·스니커즈,,ACTIVE,,
,BRAND_GILDAN,길단,길단,GILDAN,,글로벌 스포츠·캐주얼,,ACTIVE,,
,BRAND_GIL_YOUNG,길영,길영,GIL YOUNG,,국내 컨템포러리·디자이너,,ACTIVE,,
,BRAND_GUILF,길프,길프,GUILF,,신발·스니커즈,,ACTIVE,,
,BRAND_GIMMETHEYOUNG,김미더영,김미더영,GIMMETHEYOUNG,,국내 컨템포러리·디자이너,,ACTIVE,,
,BRAND_CARROTTE,까롯,까롯,CARROTTE,,국내 컨템포러리·디자이너,,ACTIVE,,
,BRAND_COMONINOZ,꼬모니노즈,꼬모니노즈,COMONINOZ,,국내 캐주얼·스트릿,,ACTIVE,,
,BRAND_COMME_DES_GARCONS,꼼데가르송,꼼데가르송,COMME DES GARCONS,,해외 럭셔리·컨템포러리,,ACTIVE,,
,BRAND_COMMACOMMA,꼼마꼼마,꼼마꼼마,COMMACOMMA,,국내 캐주얼·스트릿,,ACTIVE,,
,BRAND_COMSONNOT,꼼소넛,꼼소넛,COMSONNOT,,국내 캐주얼·스트릿,,ACTIVE,,
,BRAND_CPGN_STUDIO,꼼파뇨,꼼파뇨,CPGN STUDIO,,국내 캐주얼·스트릿,,ACTIVE,,
,BRAND_GGOOMM,꿈,꿈,GGOOMM,,국내 캐주얼·스트릿,,ACTIVE,,
,BRAND_CLE,끌레,끌레,CLE,,국내 컨템포러리·디자이너,,ACTIVE,,
,BRAND_CHLOE,끌로에,끌로에,CHLOE,,해외 럭셔리·컨템포러리,,ACTIVE,,
,BRAND_NAGUISA,나귀사,나귀사,NAGUISA,,신발·스니커즈,,ACTIVE,,
,BRAND_NADD_VILLAGE,나드빌리지,나드빌리지,NADD VILLAGE,,국내 컨템포러리·디자이너,,ACTIVE,,
,BRAND_NAOMI_ABLOH,나오미아블로,나오미아블로,NAOMI ABLOH,,신발·스니커즈,,ACTIVE,,
,BRAND_NAU,나우,나우,NAU,,해외 럭셔리·컨템포러리,신발겸업,ACTIVE,,
,BRAND_NOWBAU,나우바우,나우바우,NOWBAU,,국내 컨템포러리·디자이너,,ACTIVE,,
,BRAND_NOWANDTOMORROW,나우앤투모로우,나우앤투모로우,NOWANDTOMORROW,,국내 캐주얼·스트릿,,ACTIVE,,
,BRAND_NOWWHAT,나우왓,나우왓,NOWWHAT,,국내 캐주얼·스트릿,,ACTIVE,,
,BRAND_NICE_MANNERS_CLUB,나이스 매너스 클럽,나이스 매너스 클럽,NICE MANNERS CLUB,,골프·스포츠라이프,,ACTIVE,,
,BRAND_NICEGHOSTCLUB,나이스고스트클럽,나이스고스트클럽,NICEGHOSTCLUB,,국내 캐주얼·스트릿,신발겸업,ACTIVE,,
,BRAND_NAAIEEN,나이엔,나이엔,NAAIEEN,,국내 캐주얼·스트릿,,ACTIVE,,
,BRAND_NIKE,나이키,나이키,NIKE,,글로벌 스포츠·캐주얼,신발겸업,ACTIVE,,
,BRAND_NIGHTWORKDEPT,나이트워크뎁,나이트워크뎁,NIGHTWORKDEPT,,국내 캐주얼·스트릿,,ACTIVE,,
,BRAND_NIGHT_FLOW,나이트플로우,나이트플로우,NIGHT FLOW,,국내 캐주얼·스트릿,,ACTIVE,,
,BRAND_NINEBAT,나인밧,나인밧,NINEBAT,,신발·스니커즈,,ACTIVE,,
,BRAND_NYLONSTUDIO,나일론스튜디오,나일론스튜디오,NYLONSTUDIO,,신발·스니커즈,,ACTIVE,,
,BRAND_NACHE,나체,나체,NACHE,,국내 캐주얼·스트릿,,ACTIVE,,
,BRAND_NAATS,나츠,나츠,NAATS,,국내 캐주얼·스트릿,,ACTIVE,,
,BRAND_KNOCKONEPUNK,낙원펑크,낙원펑크,KNOCKONEPUNK,,국내 캐주얼·스트릿,,ACTIVE,,
,BRAND_NASSAU,낫소,낫소,NASSAU,,신발·스니커즈,,ACTIVE,,
,BRAND_NOTWITHSTANDING,낫위드스탠딩,낫위드스탠딩,NOTWITHSTANDING,,국내 캐주얼·스트릿,,ACTIVE,,
,BRAND_NOTUSUAL,낫유즈얼,낫유즈얼,NOTUSUAL,,국내 캐주얼·스트릿,,ACTIVE,,
,BRAND_NOT4NERD,낫포너드,낫포너드,NOT4NERD,,국내 캐주얼·스트릿,,ACTIVE,,
,BRAND_NATIONALGEOGRAPHIC,내셔널지오그래픽,내셔널지오그래픽,NATIONALGEOGRAPHIC,,아웃도어,신발겸업,ACTIVE,,
,BRAND_NERVOUS,너버스,너버스,NERVOUS,,국내 캐주얼·스트릿,,ACTIVE,,
,BRAND_NUS,너스,너스,NUS,,국내 캐주얼·스트릿,,ACTIVE,,
,BRAND_NONBLANK,넌블랭크,넌블랭크,NONBLANK,,국내 캐주얼·스트릿,,ACTIVE,,
,BRAND_NONESUCH,넌서치,넌서치,NONESUCH,,국내 캐주얼·스트릿,,ACTIVE,,
,BRAND_NEGATIVE_SPLIT_CLUB,네거티브 스플릿 클럽,네거티브 스플릿 클럽,NEGATIVE SPLIT CLUB,,국내 캐주얼·스트릿,,ACTIVE,,
,BRAND_NEBELEVERYWEAR,네벨에브리웨어,네벨에브리웨어,NEBELEVERYWEAR,,국내 캐주얼·스트릿,,ACTIVE,,
,BRAND_NESPA_STUDIO,네스파 스튜디오,네스파 스튜디오,NESPA STUDIO,,국내 캐주얼·스트릿,,ACTIVE,,
,BRAND_NAKEDBLOOD,네이키드블러드,네이키드블러드,NAKEDBLOOD,,국내 컨템포러리·디자이너,,ACTIVE,,
,BRAND_NAKED_SURF_CLUB,네이키드서프클럽,네이키드서프클럽,NAKED SURF CLUB,,국내 캐주얼·스트릿,,ACTIVE,,
,BRAND_NAKED_AND_FAMOUS,네이키드앤페이머스,네이키드앤페이머스,NAKED&FAMOUS,,해외 럭셔리·컨템포러리,,ACTIVE,,
,BRAND_NEILBE,네일비,네일비,NEILBE,,국내 캐주얼·스트릿,,ACTIVE,,
,BRAND_NEPA,네파,네파,NEPA,,아웃도어,,ACTIVE,,
,BRAND_NEPA_ISENBEGR,네파 이젠벅,네파 이젠벅,NEPA ISENBEGR,,국내 캐주얼·스트릿,,ACTIVE,,
,BRAND_NEFNEF,네프네프,네프네프,NEFNEF,,국내 캐주얼·스트릿,,ACTIVE,,
,BRAND_NEHES,네헤스,네헤스,NEHES,,아웃도어,,ACTIVE,,
,BRAND_NET_SOCIAL_CLUB,넷소셜클럽,넷소셜클럽,NET SOCIAL CLUB,,국내 캐주얼·스트릿,,ACTIVE,,
,BRAND_NOD,노드,노드,NOD,,국내 캐주얼·스트릿,,ACTIVE,,
,BRAND_NODE_LABS,노드랩스,노드랩스,NODE LABS,,국내 캐주얼·스트릿,,ACTIVE,,
,BRAND_NODU,노드유,노드유,NODU,,국내 캐주얼·스트릿,,ACTIVE,,
,BRAND_NODUWOMEN,노드유 우먼,노드유 우먼,NODUWOMEN,,국내 컨템포러리·디자이너,,ACTIVE,,
,BRAND_NODEN,노든,노든,NODEN,,국내 캐주얼·스트릿,,ACTIVE,,
,BRAND_NODI,노디,노디,NODI,,국내 캐주얼·스트릿,,ACTIVE,,
,BRAND_NODICOMA,노디코마,노디코마,NODICOMA,,국내 컨템포러리·디자이너,,ACTIVE,,
,BRAND_NORA,노라,노라,NORA,,국내 캐주얼·스트릿,,ACTIVE,,
,BRAND_NORDISK,노르디스크,노르디스크,NORDISK,,아웃도어,,ACTIVE,,
,BRAND_NORDICISLAND,노르딕아일랜드,노르딕아일랜드,NORDICISLAND,,국내 캐주얼·스트릿,,ACTIVE,,
,BRAND_NOMANUAL,노매뉴얼,노매뉴얼,NOMANUAL,,국내 캐주얼·스트릿,,ACTIVE,,
,BRAND_NORMOR,노머,노머,NORMOR,,국내 캐주얼·스트릿,,ACTIVE,,
,BRAND_NOMING,노밍,노밍,NOMING,,국내 캐주얼·스트릿,,ACTIVE,,
,BRAND_NOVA_YANG,노바양,노바양,NOVA YANG,,국내 컨템포러리·디자이너,,ACTIVE,,
,BRAND_NOV,노브,노브,NOV,,국내 캐주얼·스트릿,,ACTIVE,,
,BRAND_NOVE_POETI,노브포에티,노브포에티,NOVE POETI,,국내 캐주얼·스트릿,,ACTIVE,,
,BRAND_NOVELCLOTHES,노블클로즈,노블클로즈,NOVELCLOTHES,,국내 캐주얼·스트릿,,ACTIVE,,
,BRAND_THE_NORTH_FACE,노스페이스,노스페이스,THE NORTH FACE,,아웃도어,신발겸업,ACTIVE,,
,BRAND_NOAH,노아,노아,NOAH,,신발·스니커즈,,ACTIVE,,
,BRAND_NOHANT,노앙,노앙,NOHANT,,국내 캐주얼·스트릿,,ACTIVE,,
,BRAND_NONMUTE,노앤뮤트,노앤뮤트,NONMUTE,,국내 캐주얼·스트릿,,ACTIVE,,
,BRAND_NORCUTE,노어큐트,노어큐트,NORCUTE,,국내 캐주얼·스트릿,,ACTIVE,,
,BRAND_NOEUD,노우드,노우드,NOEUD,,국내 캐주얼·스트릿,,ACTIVE,,
,BRAND_KNOW_WAVE,노우웨이브,노우웨이브,KNOW WAVE,,국내 캐주얼·스트릿,,ACTIVE,,
,BRAND_NOUGHT,노우트,노우트,NOUGHT,,국내 캐주얼·스트릿,,ACTIVE,,
,BRAND_NOUN,노운,노운,NOUN,,국내 캐주얼·스트릿,,ACTIVE,,
,BRAND_KNOWNBETTER,노운베러,노운베러,KNOWNBETTER,,국내 캐주얼·스트릿,,ACTIVE,,
,BRAND_NOICE,노이스,노이스,NOICE,,국내 캐주얼·스트릿,,ACTIVE,,
,BRAND_NOIAGO,노이아고,노이아고,NOIAGO,,국내 캐주얼·스트릿,,ACTIVE,,
,BRAND_NOYCOMMON,노이커먼,노이커먼,NOYCOMMON,,국내 캐주얼·스트릿,,ACTIVE,,
,BRAND_KNOWING,노잉,노잉,KNOWING,,국내 캐주얼·스트릿,,ACTIVE,,
,BRAND_NAUTICA,노티카,노티카,NAUTICA,,글로벌 스포츠·캐주얼,,ACTIVE,,
,BRAND_NOFAMOUS,노페이머스,노페이머스,NOFAMOUS,,국내 캐주얼·스트릿,,ACTIVE,,
,BRAND_NOFLIK,노플릭,노플릭,NOFLIK,,국내 캐주얼·스트릿,,ACTIVE,,
,BRAND_NOFFICIALNOFFICE,노피셜노피스,노피셜노피스,NOFFICIALNOFFICE,,국내 캐주얼·스트릿,,ACTIVE,,
,BRAND_NOCTAVE,녹타브,녹타브,NOCTAVE,,국내 컨템포러리·디자이너,,ACTIVE,,
,BRAND_NONLOCAL,논로컬,논로컬,NONLOCAL,,국내 캐주얼·스트릿,,ACTIVE,,
,BRAND_NONVIRUS,논바이러스,논바이러스,NONVIRUS,,국내 캐주얼·스트릿,,ACTIVE,,
,BRAND_NON_AND_NON,논앤논,논앤논,NON AND NON,,국내 캐주얼·스트릿,,ACTIVE,,
,BRAND_NONTYPE,논타입,논타입,NONTYPE,,국내 캐주얼·스트릿,,ACTIVE,,
,BRAND_NONFLOOR,논플로어,논플로어,NONFLOOR,,국내 캐주얼·스트릿,,ACTIVE,,
,BRAND_NOMBRE,놈브레,놈브레,NOMBRE,,국내 캐주얼·스트릿,,ACTIVE,,
,BRAND_NUNUSSI,누누씨,누누씨,NUNUSSI,,국내 캐주얼·스트릿,,ACTIVE,,
,BRAND_NUVAIV,누바이브,누바이브,NUVAIV,,스포츠·액티브,,ACTIVE,,
,BRAND_NOUVELLE_LUMIERE,누벨르미에르,누벨르미에르,NOUVELLE LUMIERE,,국내 캐주얼·스트릿,,ACTIVE,,
,BRAND_NUVO10,누보텐,누보텐,NUVO10,,국내 컨템포러리·디자이너,,ACTIVE,,
,BRAND_NOUVE,누브,누브,NOUVE,,국내 캐주얼·스트릿,,ACTIVE,,
,BRAND_NUUS,누스,누스,NUUS,,신발·스니커즈,,ACTIVE,,
,BRAND_NUOSMIQ,누스미크,누스미크,NUOSMIQ,,신발·스니커즈,,ACTIVE,,
,BRAND_NUSPAPER,누스페이퍼,누스페이퍼,NUSPAPER,,국내 캐주얼·스트릿,,ACTIVE,,
,BRAND_NUUANU,누아누,누아누,NUUANU,,국내 캐주얼·스트릿,,ACTIVE,,
,BRAND_NUUKFITTER,누크피터,누크피터,NUUKFITTER,,아웃도어,,ACTIVE,,
,BRAND_NUTOFFE,누토프,누토프,NUTOFFE,,국내 캐주얼·스트릿,,ACTIVE,,
,BRAND_NEW_BALANCE,뉴발란스,뉴발란스,NEW BALANCE,,글로벌 스포츠·캐주얼,신발겸업,ACTIVE,,
,BRAND_NEW_ERA,뉴에라,뉴에라,NEW ERA,,글로벌 스포츠·캐주얼,,ACTIVE,,
,BRAND_NEWYORKWORKS,뉴욕웍스,뉴욕웍스,NEWYORKWORKS,,국내 캐주얼·스트릿,,ACTIVE,,
,BRAND_NUYH_NEWYORK,뉴이 뉴욕,뉴이 뉴욕,NUYH NEWYORK,,국내 캐주얼·스트릿,,ACTIVE,,
,BRAND_NEWIN,뉴인,뉴인,NEWIN,,해외 럭셔리·컨템포러리,,ACTIVE,,
,BRAND_NEWKITSCH,뉴키치,뉴키치,NEWKITSCH,,국내 캐주얼·스트릿,,ACTIVE,,
,BRAND_NEWTAPE,뉴테입,뉴테입,NEWTAPE,,국내 캐주얼·스트릿,,ACTIVE,,
,BRAND_NSWE,느쉐,느쉐,NSWE,,신발·스니커즈,,ACTIVE,,
,BRAND_NOIR,느와,느와,NOIR,,국내 컨템포러리·디자이너,,ACTIVE,,
,BRAND_NEED_SLEEP,니드슬립,니드슬립,NEED SLEEP,,국내 캐주얼·스트릿,,ACTIVE,,
,BRAND_NEEV,니브,니브,NEEV,,국내 컨템포러리·디자이너,,ACTIVE,,
,BRAND_NIISSIPRESS,니씨프레스,니씨프레스,NIISSIPRESS,,국내 캐주얼·스트릿,,ACTIVE,,
,BRAND_NEARUS,니어러스,니어러스,NEARUS,,국내 캐주얼·스트릿,,ACTIVE,,
,BRAND_NEAR_AND_DEAR,니어앤디어,니어앤디어,NEAR&DEAR,,국내 캐주얼·스트릿,,ACTIVE,,
,BRAND_NICHEQYIEL,니체큐이엘,니체큐이엘,NICHEQYIEL,,국내 캐주얼·스트릿,,ACTIVE,,
,BRAND_NIEEH,니히,니히,NIEEH,,국내 캐주얼·스트릿,,ACTIVE,,
,BRAND_NICK_GEAR,닉 기어,닉 기어,NICK GEAR,,국내 캐주얼·스트릿,,ACTIVE,,
,BRAND_NICK_AND_NICOLE,닉앤니콜,닉앤니콜,NICK&NICOLE,,국내 컨템포러리·디자이너,,ACTIVE,,
,BRAND_NEALIZE,닐라이즈,닐라이즈,NEALIZE,,국내 캐주얼·스트릿,,ACTIVE,,
,BRAND_NILONS,닐론스,닐론스,NILONS,,국내 캐주얼·스트릿,,ACTIVE,,
,BRAND_NILBY_P,닐바이피,닐바이피,NILBY P,,국내 캐주얼·스트릿,,ACTIVE,,
,BRAND_DAONATO,다온아토,다온아토,DAONATO,,신발·스니커즈,,ACTIVE,,
,BRAND_DYNAFIT,다이나핏,다이나핏,DYNAFIT,,아웃도어,신발겸업,ACTIVE,,
,BRAND_DEINET,다이닛,다이닛,DEINET,,신발·스니커즈,,ACTIVE,,
,BRAND_DIAMOND_LAYLA,다이아몬드 레이라,다이아몬드 레이라,DIAMOND LAYLA,,국내 컨템포러리·디자이너,,ACTIVE,,
,BRAND_DYUS,다이어스,다이어스,DYUS,,국내 캐주얼·스트릿,,ACTIVE,,
,BRAND_DIME,다임,다임,DIME,,글로벌 스포츠·캐주얼,,ACTIVE,,
,BRAND_DARKMOON,다크문,다크문,DARKMOON,,국내 캐주얼·스트릿,,ACTIVE,,
,BRAND_DAKS_SHOES,닥스 슈즈,닥스 슈즈,DAKS SHOES,,신발·스니커즈,,ACTIVE,,
,BRAND_DR_MARTENS,닥터마틴,닥터마틴,DR.MARTENS,,신발·스니커즈,,ACTIVE,,
,BRAND_DANDEL,단델,단델,DANDEL,,국내 캐주얼·스트릿,,ACTIVE,,
,BRAND_DANAH,단아,단아,DANAH,,국내 캐주얼·스트릿,,ACTIVE,,
,BRAND_DARLING_YOU_RE_BAD,달링유어배드,달링유어배드,"DARLING, YOU'RE BAD",,국내 캐주얼·스트릿,,ACTIVE,,
,BRAND_DANCOMMA,댄꼼마,댄꼼마,DANCOMMA,,국내 캐주얼·스트릿,신발겸업,ACTIVE,,
,BRAND_DANCEONTHEFLOOR,댄스온더플로어,댄스온더플로어,DANCEONTHEFLOOR,,국내 캐주얼·스트릿,,ACTIVE,,
,BRAND_DANKE_DIR,댄크디어,댄크디어,DANKE DIR,,국내 캐주얼·스트릿,,ACTIVE,,
,BRAND_DANGLEDROP,댕글드랍,댕글드랍,DANGLEDROP,,국내 캐주얼·스트릿,,ACTIVE,,
,BRAND_THE_GUNF,더 건프,더 건프,THE GUNF,,국내 캐주얼·스트릿,,ACTIVE,,
,BRAND_THE_GREENCUP,더 그린컵,더 그린컵,THE GREENCUP,,골프·스포츠라이프,,ACTIVE,,
,BRAND_THE_GEEKS,더 긱스,더 긱스,THE GEEKS,,국내 캐주얼·스트릿,,ACTIVE,,
,BRAND_THE_ROW,더 로우,더 로우,THE ROW,,해외 럭셔리·컨템포러리,,ACTIVE,,
,BRAND_THE_LILLE,더 릴,더 릴,THE LILLE,,국내 캐주얼·스트릿,,ACTIVE,,
,BRAND_THE_MADNESS,더 매드니스,더 매드니스,THE MADNESS,,국내 캐주얼·스트릿,,ACTIVE,,
,BRAND_THE_MERCER_BRAND,더 머서 브랜드,더 머서 브랜드,THE MERCER BRAND,,신발·스니커즈,,ACTIVE,,
,BRAND_THE_VERY_THING,더 베리 띵,더 베리 띵,THE VERY THING,,국내 캐주얼·스트릿,,ACTIVE,,
,BRAND_THE_IDENTITY_PROJECT,더 아이덴티티 프로젝트,더 아이덴티티 프로젝트,THE IDENTITY PROJECT,,국내 캐주얼·스트릿,,ACTIVE,,
,BRAND_THE_CHILDHOOD_HOME,더 차일드후드 홈,더 차일드후드 홈,THE CHILDHOOD HOME,,국내 캐주얼·스트릿,,ACTIVE,,
,BRAND_THECLOISTER,더 클로이스터,더 클로이스터,THECLOISTER,,신발·스니커즈,,ACTIVE,,
,BRAND_THE_GREEN_LAB,더그린랩,더그린랩,THE GREEN LAB,,국내 캐주얼·스트릿,,ACTIVE,,
,BRAND_THENOPI,더노피,더노피,THENOPI,,신발·스니커즈,,ACTIVE,,
,BRAND_THEKNITCOMPANY,더니트컴퍼니,더니트컴퍼니,THEKNITCOMPANY,,국내 컨템포러리·디자이너,,ACTIVE,,
,BRAND_THEDOSI,더도시,더도시,THEDOSI,,국내 캐주얼·스트릿,,ACTIVE,,
,BRAND_THELOOM,더룸,더룸,THELOOM,,국내 캐주얼·스트릿,,ACTIVE,,
,BRAND_THEMUSEUMVISITOR,더뮤지엄비지터,더뮤지엄비지터,THEMUSEUMVISITOR,,국내 컨템포러리·디자이너,,ACTIVE,,
,BRAND_THEBARNNET,더바넷,더바넷,THEBARNNET,,국내 컨템포러리·디자이너,,ACTIVE,,
,BRAND_THEVINYLHOUSE,더바이닐하우스,더바이닐하우스,THEVINYLHOUSE,,국내 캐주얼·스트릿,,ACTIVE,,
,BRAND_WSC_ARCHIVE,더블에스씨 아카이브,더블에스씨 아카이브,WSC ARCHIVE,,국내 캐주얼·스트릿,,ACTIVE,,
,BRAND_WV_PROJECT,더블유브이프로젝트,더블유브이프로젝트,WV PROJECT,,국내 캐주얼·스트릿,,ACTIVE,,
,BRAND_WIM,더블유아이엠,더블유아이엠,WIM,,국내 캐주얼·스트릿,,ACTIVE,,
,BRAND_WMC,더블유엠씨,더블유엠씨,WMC,,국내 캐주얼·스트릿,,ACTIVE,,
,BRAND_HHIPS,더블힙스,더블힙스,HHIPS,,국내 캐주얼·스트릿,,ACTIVE,,
,BRAND_THESHIRTHOUSE,더셔츠하우스,더셔츠하우스,THESHIRTHOUSE,,국내 캐주얼·스트릿,,ACTIVE,,
,BRAND_THESTORI,더스토리,더스토리,THESTORI,,국내 캐주얼·스트릿,,ACTIVE,,
,BRAND_THE_THING_IN_THEIR_THERE,더씽인데어데어,더씽인데어데어,THE THING IN THEIR THERE,,국내 컨템포러리·디자이너,,ACTIVE,,
,BRAND_THEELLA,더엘라,더엘라,THEELLA,,국내 캐주얼·스트릿,,ACTIVE,,
,BRAND_THEELO,더엘로,더엘로,THEELO,,국내 캐주얼·스트릿,,ACTIVE,,
,BRAND_THEATG,더엣지,더엣지,THEATG,,국내 캐주얼·스트릿,,ACTIVE,,
,BRAND_THE_INNRS,더이너스,더이너스,THE INNRS,,국내 캐주얼·스트릿,,ACTIVE,,
,BRAND_THE_J_SOO,더제이수,더제이수,THE J.SOO,,국내 캐주얼·스트릿,,ACTIVE,,
,BRAND_THE_JOHI,더조히,더조히,THE JOHI,,신발·스니커즈,,ACTIVE,,
,BRAND_THE_COLDEST_MOMENT,더콜디스트모먼트,더콜디스트모먼트,THE COLDEST MOMENT,,국내 캐주얼·스트릿,,ACTIVE,,
,BRAND_THETIS,더티스,더티스,THETIS,,국내 캐주얼·스트릿,,ACTIVE,,
,BRAND_DIRTYIDEA,더티아이디어,더티아이디어,DIRTYIDEA,,국내 캐주얼·스트릿,,ACTIVE,,
,BRAND_THE_FACO,더파코,더파코,THE FACO,,국내 캐주얼·스트릿,,ACTIVE,,
,BRAND_THE_FIRST_FLOOR,더퍼스트플로어,더퍼스트플로어,THE FIRST FLOOR,,국내 캐주얼·스트릿,,ACTIVE,,
,BRAND_THEFINS,더핀스,더핀스,THEFINS,,국내 캐주얼·스트릿,,ACTIVE,,
,BRAND_THEHERE,더히어,더히어,THEHERE,,국내 컨템포러리·디자이너,,ACTIVE,,
,BRAND_DUCKDIVE,덕다이브,덕다이브,DUCKDIVE,,국내 캐주얼·스트릿,,ACTIVE,,
,BRAND_DUNDROP,던드롭,던드롭,DUNDROP,,국내 컨템포러리·디자이너,,ACTIVE,,
,BRAND_DECOROSO,데꼬로소,데꼬로소,DECOROSO,,국내 컨템포러리·디자이너,,ACTIVE,,
,BRAND_DEMONSTRATE,데몬스트레이트,데몬스트레이트,DEMONSTRATE,,국내 캐주얼·스트릿,,ACTIVE,,
,BRAND_DAMIO,데미오,데미오,DAMIO,,국내 캐주얼·스트릿,,ACTIVE,,
,BRAND_DEMIL,데밀,데밀,DEMIL,,국내 캐주얼·스트릿,,ACTIVE,,
,BRAND_DEVIATION,데베시용,데베시용,DEVIATION,,신발·스니커즈,,ACTIVE,,
,BRAND_DEBBY_UPPER,데비어퍼,데비어퍼,DEBBY UPPER,,국내 캐주얼·스트릿,,ACTIVE,,
,BRAND_DEVIWEAR,데비웨어,데비웨어,DEVIWEAR,,스포츠·액티브,,ACTIVE,,
,BRAND_DESCENTE,데상트,데상트,DESCENTE,,글로벌 스포츠·캐주얼,,ACTIVE,,
,BRAND_DESPORTE,데스포르치,데스포르치,DESPORTE,,국내 캐주얼·스트릿,,ACTIVE,,
,BRAND_DESIRED,데시레드,데시레드,DESIRED,,국내 캐주얼·스트릿,,ACTIVE,,
,BRAND_DARED,데어드,데어드,DARED,,국내 캐주얼·스트릿,,ACTIVE,,
,BRAND_DEOSTATE,데오스테이트,데오스테이트,DEOSTATE,,국내 캐주얼·스트릿,,ACTIVE,,
,BRAND_THEY,데이,데이,THEY,,국내 캐주얼·스트릿,,ACTIVE,,
,BRAND_DAYLIFE,데이라이프,데이라이프,DAYLIFE,,국내 컨템포러리·디자이너,,ACTIVE,,
,BRAND_DAVE_AND_DAZE,데이브앤데이즈,데이브앤데이즈,DAVE&DAZE,,스포츠·액티브,,ACTIVE,,
,BRAND_DAZE_DAYZ,데이즈데이즈,데이즈데이즈,DAZE DAYZ,,국내 캐주얼·스트릿,,ACTIVE,,
,BRAND_DECET,데케트,데케트,DECET,,국내 캐주얼·스트릿,,ACTIVE,,
,BRAND_DECET_WOMEN,데케트 우먼,데케트 우먼,DECET WOMEN,,국내 캐주얼·스트릿,,ACTIVE,,
,BRAND_DEF,데프,데프,DEF,,국내 캐주얼·스트릿,,ACTIVE,,
,BRAND_DEFGARMENTS,데프가먼츠,데프가먼츠,DEFGARMENTS,,국내 캐주얼·스트릿,,ACTIVE,,
,BRAND_DENMADE,덴메이드,덴메이드,DENMADE,,국내 캐주얼·스트릿,,ACTIVE,,
,BRAND_DEPTH,뎁스,뎁스,DEPTH,,국내 캐주얼·스트릿,,ACTIVE,,
,BRAND_DEPC,뎁크,뎁크,DEPC,,국내 캐주얼·스트릿,,ACTIVE,,
,BRAND_DOGMA_EHKS,도그마 엑스,도그마 엑스,DOGMA EHKS,,국내 캐주얼·스트릿,,ACTIVE,,
,BRAND_DORMOR,도르모르,도르모르,DORMOR,,국내 캐주얼·스트릿,,ACTIVE,,
,BRAND_DOMINANT,도미넌트,도미넌트,DOMINANT,,국내 캐주얼·스트릿,,ACTIVE,,
,BRAND_DOMINOSPIZZA,도미노피자,도미노피자,DOMINOSPIZZA,,라이선스·콜라보,비패션 IP,ACTIVE,,
,BRAND_DOFFSEPT,도프셉,도프셉,DOFFSEPT,,국내 캐주얼·스트릿,,ACTIVE,,
,BRAND_DAMP,돈애스크마이플랜,돈애스크마이플랜,DAMP,,국내 캐주얼·스트릿,,ACTIVE,,
,BRAND_DONT_WAKE_ME_UP,돈웨이크미업,돈웨이크미업,DONT WAKE ME UP,,국내 캐주얼·스트릿,,ACTIVE,,
,BRAND_DOLDOL,돌돌,돌돌,DOLDOL,,국내 컨템포러리·디자이너,,ACTIVE,,
,BRAND_DOLLAVA,돌라바,돌라바,DOLLAVA,,국내 캐주얼·스트릿,,ACTIVE,,
,BRAND_DOLIGRAM,돌리그램,돌리그램,DOLIGRAM,,국내 캐주얼·스트릿,,ACTIVE,,
,BRAND_DOLZABI,돌자비,돌자비,DOLZABI,,아웃도어,,ACTIVE,,
,BRAND_DOLCE_AND_GABBANA,돌체앤가바나,돌체앤가바나,DOLCE & GABBANA,,해외 럭셔리·컨템포러리,,ACTIVE,,
,BRAND_DOLPHIN_WAVE_APPAREL,돌핀웨이브어패럴,돌핀웨이브어패럴,DOLPHIN WAVE APPAREL,,국내 캐주얼·스트릿,,ACTIVE,,
,BRAND_DAUB,돕,돕,DAUB,,국내 캐주얼·스트릿,,ACTIVE,,
,BRAND_DOODLIST,두들리스트,두들리스트,DOODLIST,,국내 캐주얼·스트릿,,ACTIVE,,
,BRAND_DOOF,두프,두프,DOOF,,국내 캐주얼·스트릿,,ACTIVE,,
,BRAND_DUB_BEL,듑벨,듑벨,DUB'BEL,,국내 캐주얼·스트릿,,ACTIVE,,
,BRAND_DENAGE,드네이지,드네이지,DENAGE,,국내 캐주얼·스트릿,,ACTIVE,,
,BRAND_DENOAH,드노아,드노아,DENOAH,,국내 캐주얼·스트릿,,ACTIVE,,
,BRAND_DENIVEL,드니벨,드니벨,DENIVEL,,국내 컨템포러리·디자이너,,ACTIVE,,
,BRAND_DRYROSE,드라이로즈,드라이로즈,DRYROSE,,국내 캐주얼·스트릿,,ACTIVE,,
,BRAND_DRUG_PRODUCT,드러그 프로덕트,드러그 프로덕트,DRUG PRODUCT,,국내 캐주얼·스트릿,,ACTIVE,,
,BRAND_DRUNKTXT,드렁크텍스트,드렁크텍스트,DRUNKTXT,,국내 캐주얼·스트릿,,ACTIVE,,
,BRAND_DROWSY,드로우시,드로우시,DROWSY,,국내 캐주얼·스트릿,,ACTIVE,,
,BRAND_DROLE_DE_MONSIEUR,드롤드무슈,드롤드무슈,DROLE DE MONSIEUR,,해외 럭셔리·컨템포러리,,ACTIVE,,
,BRAND_DRENIQ,드리니끄,드리니끄,DRENIQ,,국내 캐주얼·스트릿,,ACTIVE,,
,BRAND_DREEMR,드리머,드리머,DREEMR,,국내 캐주얼·스트릿,,ACTIVE,,
,BRAND_DRIFTOUT,드리프트아웃,드리프트아웃,DRIFTOUT,,국내 캐주얼·스트릿,,ACTIVE,,
,BRAND_DRIX,드릭스,드릭스,DRIX,,스포츠·액티브,,ACTIVE,,
,BRAND_DREAMWORLD,드림월드,드림월드,DREAMWORLD,,국내 캐주얼·스트릿,,ACTIVE,,
,BRAND_DEMARC,드마크,드마크,DEMARC,,국내 캐주얼·스트릿,,ACTIVE,,
,BRAND_DEPASION,드파시온,드파시온,DEPASION,,국내 캐주얼·스트릿,,ACTIVE,,
,BRAND_DEPOUND,드파운드,드파운드,DEPOUND,,국내 캐주얼·스트릿,,ACTIVE,,
,BRAND_DEFOND,드퐁,드퐁,DEFOND,,국내 캐주얼·스트릿,,ACTIVE,,
,BRAND_DIGUE,디그,디그,DIGUE,,국내 캐주얼·스트릿,,ACTIVE,,
,BRAND_DIGNOLUCIR,디그노루시르,디그노루시르,DIGNOLUCIR,,국내 캐주얼·스트릿,,ACTIVE,,
,BRAND_DINAIENT,디나이언트,디나이언트,DINAIENT,,국내 캐주얼·스트릿,,ACTIVE,,
,BRAND_DIMANCHE,디망쉬,디망쉬,DIMANCHE,,국내 캐주얼·스트릿,,ACTIVE,,
,BRAND_DIMITRI_BLACK,디미트리블랙,디미트리블랙,DIMITRI BLACK,,국내 캐주얼·스트릿,,ACTIVE,,
,BRAND_DECEMBER_TEN,디셈버텐,디셈버텐,DECEMBER TEN,,국내 캐주얼·스트릿,,ACTIVE,,
,BRAND_THISISNEVERTHAT,디스이즈네버댓,디스이즈네버댓,THISISNEVERTHAT,,국내 캐주얼·스트릿,,ACTIVE,,
,BRAND_THIS_IS_FINE,디스이즈파인,디스이즈파인,THIS IS FINE,,국내 캐주얼·스트릿,,ACTIVE,,
,BRAND_DISCOVERY_EXPEDITION,디스커버리 익스페디션,디스커버리 익스페디션,DISCOVERY EXPEDITION,,아웃도어,신발겸업,ACTIVE,,
,BRAND_DISCO_DONUT,디스코도넛,디스코도넛,DISCO DONUT,,국내 캐주얼·스트릿,,ACTIVE,,
,BRAND_DTHIRTYONE,디써티원,디써티원,DTHIRTYONE,,국내 캐주얼·스트릿,,ACTIVE,,
,BRAND_DIADORA,디아도라,디아도라,DIADORA,,글로벌 스포츠·캐주얼,,ACTIVE,,
,BRAND_D_ARE,디아레,디아레,D.ARE,,국내 캐주얼·스트릿,,ACTIVE,,
,BRAND_THEASTORY,디아스토리,디아스토리,THEASTORY,,국내 캐주얼·스트릿,,ACTIVE,,
,BRAND_THEENDQUESTION,디앤드퀘스천,디앤드퀘스천,THEENDQUESTION,,국내 캐주얼·스트릿,,ACTIVE,,
,BRAND_DNSR,디앤에스알,디앤에스알,DNSR,,신발·스니커즈,,ACTIVE,,
,BRAND_DEARLIFE,디어라이프,디어라이프,DEARLIFE,,국내 캐주얼·스트릿,,ACTIVE,,
,BRAND_DEARYU,디어류,디어류,DEARYU,,국내 캐주얼·스트릿,,ACTIVE,,
,BRAND_DEARMYDEER,디어마이디어,디어마이디어,DEARMYDEER,,국내 캐주얼·스트릿,,ACTIVE,,
,BRAND_DEARSTALKER,디어스토커,디어스토커,DEARSTALKER,,국내 캐주얼·스트릿,,ACTIVE,,
,BRAND_DEARSIS,디어시스,디어시스,DEARSIS,,국내 캐주얼·스트릿,,ACTIVE,,
,BRAND_DIEPHOD,디에봇,디에봇,DIEPHOD,,국내 캐주얼·스트릿,,ACTIVE,,
,BRAND_DSMT,디에스엠티,디에스엠티,DSMT,,국내 캐주얼·스트릿,,ACTIVE,,
,BRAND_DEETO,디에토,디에토,DEETO,,국내 캐주얼·스트릿,,ACTIVE,,
,BRAND_DOD,디오디,디오디,DOD,,신발·스니커즈,,ACTIVE,,
,BRAND_DAUSPICE,디오스피스,디오스피스,DAUSPICE,,국내 캐주얼·스트릿,,ACTIVE,,
,BRAND_DIOR,디올,디올,DIOR,,해외 럭셔리·컨템포러리,,ACTIVE,,
,BRAND_DESIGNER_INVITATION,디자이너 인비테이션,디자이너 인비테이션,DESIGNER INVITATION,,국내 컨템포러리·디자이너,,ACTIVE,,
,BRAND_DESIGNOWOL,디자인오월,디자인오월,DESIGNOWOL,,국내 캐주얼·스트릿,,ACTIVE,,
,BRAND_DIESEL,디젤,디젤,DIESEL,,해외 럭셔리·컨템포러리,신발겸업,ACTIVE,,
,BRAND_D_CULT,디컬트,디컬트,D.CULT,,국내 캐주얼·스트릿,,ACTIVE,,
,BRAND_DICKIES,디키즈,디키즈,DICKIES,,글로벌 스포츠·캐주얼,,ACTIVE,,
,BRAND_DTMC,디티엠씨,디티엠씨,DTMC,,국내 캐주얼·스트릿,,ACTIVE,,
,BRAND_DEFINE,디파인,디파인,DEFINE,,국내 캐주얼·스트릿,,ACTIVE,,
,BRAND_DIFFERENTBUTSAME,디퍼런트벗세임,디퍼런트벗세임,DIFFERENTBUTSAME,,국내 캐주얼·스트릿,,ACTIVE,,
,BRAND_DIFFERSHOE,디퍼슈,디퍼슈,DIFFERSHOE,,신발·스니커즈,,ACTIVE,,
,BRAND_DIIFF,디프,디프,DIIFF,,국내 캐주얼·스트릿,,ACTIVE,,
,BRAND_DIFFERENTIS,디프런티스,디프런티스,DIFFERENTIS,,국내 캐주얼·스트릿,,ACTIVE,,
,BRAND_DILETTANTISME,딜레탕티즘,딜레탕티즘,DILETTANTISME,,국내 컨템포러리·디자이너,,ACTIVE,,
,BRAND_DIM_E_CRES,딤에크레스,딤에크레스,DIM. E CRES,,국내 캐주얼·스트릿,,ACTIVE,,
,BRAND_DEEP_SENSE,딥센스,딥센스,DEEP SENSE,,국내 캐주얼·스트릿,,ACTIVE,,
,BRAND_DEEPINBLUE,딥인블루,딥인블루,DEEPINBLUE,,국내 캐주얼·스트릿,,ACTIVE,,
,BRAND_WWWY,따따따와,따따따와,WWWY,,국내 캐주얼·스트릿,,ACTIVE,,
,BRAND_THIRSTY,떨스티,떨스티,THIRSTY,,국내 캐주얼·스트릿,,ACTIVE,,
,BRAND_THIRSTYCLUB,떨스티클럽,떨스티클럽,THIRSTYCLUB,,국내 캐주얼·스트릿,,ACTIVE,,
,BRAND_THEMA,떼마,떼마,THEMA,,국내 캐주얼·스트릿,,ACTIVE,,
,BRAND_TOUNOU,뚜누,뚜누,TOUNOU,,국내 캐주얼·스트릿,,ACTIVE,,
,BRAND_TUOMIO,뚜오미오,뚜오미오,TUOMIO,,국내 캐주얼·스트릿,신발겸업,ACTIVE,,
,BRAND_TTHONE,뜨홍,뜨홍,TTHONE,,신발·스니커즈,,ACTIVE,,
,BRAND_LA_MAISON_STUDIO,라 메종 스튜디오,라 메종 스튜디오,LA MAISON STUDIO,,국내 캐주얼·스트릿,,ACTIVE,,
,BRAND_LAC,라끄,라끄,LAC,,국내 캐주얼·스트릿,,ACTIVE,,
,BRAND_LAD,라드,라드,LAD,,국내 캐주얼·스트릿,,ACTIVE,,
,BRAND_LADINSIDE,라드인사이드,라드인사이드,LADINSIDE,,국내 캐주얼·스트릿,,ACTIVE,,
,BRAND_RAD_FICTION,라드픽션,라드픽션,RAD FICTION,,국내 캐주얼·스트릿,,ACTIVE,,
,BRAND_RADINEO,라디네오,라디네오,RADINEO,,국내 캐주얼·스트릿,,ACTIVE,,
,BRAND_LARGO,라르고,라르고,LARGO,,국내 캐주얼·스트릿,,ACTIVE,,
,BRAND_LA_MODE_MAQI,라모드마키,라모드마키,LA MODE MAQI,,국내 컨템포러리·디자이너,,ACTIVE,,
,BRAND_LABELARCHIVE,라벨아카이브,라벨아카이브,LABELARCHIVE,,국내 캐주얼·스트릿,,ACTIVE,,
,BRAND_LA_VIOLETTE,라비올렛트,라비올렛트,LA VIOLETTE,,국내 캐주얼·스트릿,,ACTIVE,,
,BRAND_LAST_RESORT,라스트리조트,라스트리조트,LAST RESORT,,신발·스니커즈,,ACTIVE,,
,BRAND_LASLOW,라슬로,라슬로,LASLOW,,신발·스니커즈,,ACTIVE,,
,BRAND_LASSOM,라쏨,라쏨,LASSOM,,신발·스니커즈,,ACTIVE,,
,BRAND_RA_ON,라온,라온,RA_ON,,국내 캐주얼·스트릿,,ACTIVE,,
,BRAND_LAUL,라울,라울,LAUL,,국내 캐주얼·스트릿,,ACTIVE,,
,BRAND_RIDER_COMMUNE,라이더커뮨,라이더커뮨,RIDER COMMUNE,,국내 캐주얼·스트릿,,ACTIVE,,
,BRAND_RIDINGHIGH,라이딩하이,라이딩하이,RIDINGHIGH,,국내 캐주얼·스트릿,,ACTIVE,,
,BRAND_RISE_AND_BELOW,라이즈앤빌로우,라이즈앤빌로우,RISE&BELOW,,국내 캐주얼·스트릿,,ACTIVE,,
,BRAND_LIKE_A_MODS,라이크 어 모즈,라이크 어 모즈,LIKE A MODS,,국내 캐주얼·스트릿,,ACTIVE,,
,BRAND_LIKE_THE_MOST,라이크더모스트,라이크더모스트,LIKE THE MOST,,국내 캐주얼·스트릿,,ACTIVE,,
,BRAND_LIKE_SOME_MORE,라이크썸모어,라이크썸모어,LIKE SOME MORE,,신발·스니커즈,,ACTIVE,,
,BRAND_LIKELIHOOD,라이클리후드,라이클리후드,LIKELIHOOD,,국내 캐주얼·스트릿,,ACTIVE,,
,BRAND_LIFE_LIBERTY_LOVE,라이프리버티러브,라이프리버티러브,LIFE LIBERTY LOVE,,국내 캐주얼·스트릿,,ACTIVE,,
,BRAND_LIFEWORK,라이프워크,라이프워크,LIFEWORK,,국내 캐주얼·스트릿,신발겸업,ACTIVE,,
,BRAND_LIFEWORK_KIDS,라이프워크 키즈,라이프워크 키즈,LIFEWORK KIDS,,키즈,,ACTIVE,,
,BRAND_LIFETIMECOLLECTIVE,라이프타임콜렉티브,라이프타임콜렉티브,LIFETIMECOLLECTIVE,,국내 캐주얼·스트릿,,ACTIVE,,
,BRAND_LIFEFREEFIT,라이프프리핏,라이프프리핏,LIFEFREEFIT,,국내 캐주얼·스트릿,,ACTIVE,,
,BRAND_LOTSYOU,라츠유,라츠유,LOTSYOU,,국내 캐주얼·스트릿,,ACTIVE,,
,BRAND_LAKAI,라카이,라카이,LAKAI,,신발·스니커즈,,ACTIVE,,
,BRAND_LACOSTE,라코스테,라코스테,LACOSTE,,글로벌 스포츠·캐주얼,신발겸업,ACTIVE,,
,BRAND_RACLEUR,라클레르,라클레르,RACLEUR,,국내 캐주얼·스트릿,,ACTIVE,,
,BRAND_LARTIGENT,라티젠,라티젠,LARTIGENT,,국내 컨템포러리·디자이너,,ACTIVE,,
,BRAND_LAUGHER,라퍼,라퍼,LAUGHER,,국내 캐주얼·스트릿,,ACTIVE,,
,BRAND_LAFELSORTOF,라펠 소로브,라펠 소로브,LAFELSORTOF,,국내 컨템포러리·디자이너,,ACTIVE,,
,BRAND_LAPRESMIDI,라프레미디,라프레미디,LAPRESMIDI,,국내 캐주얼·스트릿,,ACTIVE,,
,BRAND_RAFFINE_ATELIER,라피네아뜰리에,라피네아뜰리에,RAFFINE ATELIER,,국내 캐주얼·스트릿,,ACTIVE,,
,BRAND_ROCKCAKE,락케이크,락케이크,ROCKCAKE,,국내 컨템포러리·디자이너,,ACTIVE,,
,BRAND_ROCKPORT,락포트,락포트,ROCKPORT,,신발·스니커즈,,ACTIVE,,
,BRAND_ROCKFISH_WEATHERWEAR,락피쉬웨더웨어,락피쉬웨더웨어,ROCKFISH WEATHERWEAR,,스포츠·액티브,신발겸업,ACTIVE,,
,BRAND_LOCK_FINGER,락핑거,락핑거,LOCK FINGER,,국내 캐주얼·스트릿,,ACTIVE,,
,BRAND_RAR,랄,랄,RAR,,국내 캐주얼·스트릿,,ACTIVE,,
,BRAND_RAAM,람,람,RAAM,,국내 캐주얼·스트릿,,ACTIVE,,
,BRAND_LANVIN,랑방,랑방,LANVIN,,해외 럭셔리·컨템포러리,,ACTIVE,,
,BRAND_LARRY_CLARK,래리클락,래리클락,LARRY CLARK,,국내 캐주얼·스트릿,,ACTIVE,,
,BRAND_RABBITTI_SPORTS,래비티 스포츠,래비티 스포츠,RABBITTI SPORTS,,스포츠·액티브,,ACTIVE,,
,BRAND_RAB,랩,랩,RAB,,국내 캐주얼·스트릿,,ACTIVE,,
,BRAND_LAB12,랩12,랩12,LAB12,,국내 캐주얼·스트릿,,ACTIVE,,
,BRAND_RUGGED_HOUSE,러기드하우스,러기드하우스,RUGGED HOUSE,,아웃도어,,ACTIVE,,
,BRAND_RIFE,러닝라이프,러닝라이프,RIFE,,국내 캐주얼·스트릿,,ACTIVE,,
,BRAND_RUNNINGHIGH,러닝하이,러닝하이,RUNNINGHIGH,,국내 캐주얼·스트릿,,ACTIVE,,
,BRAND_RUBBERKILLER,러버킬러,러버킬러,RUBBERKILLER,,국내 캐주얼·스트릿,,ACTIVE,,
,BRAND_LUVISTRUE,러브이즈트루,러브이즈트루,LUVISTRUE,,국내 컨템포러리·디자이너,신발겸업,ACTIVE,,
,BRAND_LOVECHARM,러브참,러브참,LOVECHARM,,신발·스니커즈,,ACTIVE,,
,BRAND_LUBBLES,러블스,러블스,LUBBLES,,스포츠·액티브,,ACTIVE,,
,BRAND_RUSTEACH,러스티치,러스티치,RUSTEACH,,국내 캐주얼·스트릿,,ACTIVE,,
,BRAND_RUGUM,러움,러움,RUGUM,,국내 캐주얼·스트릿,,ACTIVE,,
,BRAND_ROUGH_ATHLETIC,러프 애슬레틱,러프 애슬레틱,ROUGH ATHLETIC,,스포츠·액티브,,ACTIVE,,
,BRAND_ROUGHNECK,러프넥,러프넥,ROUGHNECK,,국내 캐주얼·스트릿,,ACTIVE,,
,BRAND_ROUGHSIDE,러프사이드,러프사이드,ROUGHSIDE,,국내 캐주얼·스트릿,,ACTIVE,,
,BRAND_LUFF_KINGZ,러프킹즈,러프킹즈,LUFF KINGZ,,국내 캐주얼·스트릿,,ACTIVE,,
,BRAND_LUCKYDICE,럭키다이스,럭키다이스,LUCKYDICE,,국내 캐주얼·스트릿,,ACTIVE,,
,BRAND_LUCKY_BRAND,럭키브랜드,럭키브랜드,LUCKY BRAND,,글로벌 스포츠·캐주얼,,ACTIVE,,
,BRAND_LUCKY_CHOUETTE,럭키슈에뜨,럭키슈에뜨,LUCKY CHOUETTE,,국내 캐주얼·스트릿,,ACTIVE,,
,BRAND_LUCKY_FLOW,럭키플로우,럭키플로우,LUCKY FLOW,,국내 컨템포러리·디자이너,,ACTIVE,,
,BRAND_RUNDONE,런던,런던,RUNDONE,,국내 캐주얼·스트릿,,ACTIVE,,
,BRAND_RUNDS,런디에스,런디에스,RUNDS,,국내 캐주얼·스트릿,,ACTIVE,,
,BRAND_LES_COLORER,레꼴로헤,레꼴로헤,LES COLORER,,국내 캐주얼·스트릿,,ACTIVE,,
,BRAND_RENOMA_UNIVERSE,레노마 유니버스,레노마 유니버스,RENOMA UNIVERSE,,국내 캐주얼·스트릿,,ACTIVE,,
,BRAND_LEATHERY,레더리,레더리,LEATHERY,,국내 캐주얼·스트릿,,ACTIVE,,
,BRAND_LETEDE_PAULINE,레떼드폴린,레떼드폴린,LETEDE PAULINE,,국내 캐주얼·스트릿,,ACTIVE,,
,BRAND_LEBENEA,레베니아,레베니아,LEBENEA,,국내 컨템포러리·디자이너,,ACTIVE,,
,BRAND_REVURA,레뷰라,레뷰라,REVURA,,국내 캐주얼·스트릿,,ACTIVE,,
,BRAND_REVEOFFICIAL,레브,레브,REVEOFFICIAL,,국내 캐주얼·스트릿,,ACTIVE,,
,BRAND_LESHU_M,레슈엠,레슈엠,LESHU°M,,국내 캐주얼·스트릿,,ACTIVE,,
,BRAND_LESATELIER,레스아뜰리에,레스아뜰리에,LESATELIER,,국내 캐주얼·스트릿,,ACTIVE,,
,BRAND_LECYTO,레씨토,레씨토,LECYTO,,국내 캐주얼·스트릿,,ACTIVE,,
,BRAND_RARE_ON_RARE,레어 온 레어,레어 온 레어,RARE ON RARE,,국내 캐주얼·스트릿,,ACTIVE,,
,BRAND_RAREWARE,레어웨어,레어웨어,RAREWARE,,국내 캐주얼·스트릿,,ACTIVE,,
,BRAND_REINAMORA,레이나모라,레이나모라,REINAMORA,,스포츠·액티브,,ACTIVE,,
,BRAND_LADY_VOLUME,레이디 볼륨,레이디 볼륨,LADY VOLUME,,국내 캐주얼·스트릿,,ACTIVE,,
,BRAND_RAIMENT,레이몬트,레이몬트,RAIMENT,,국내 캐주얼·스트릿,,ACTIVE,,
,BRAND_RAVEROUS,레이버러스,레이버러스,RAVEROUS,,국내 캐주얼·스트릿,,ACTIVE,,
,BRAND_REISE_MIYA,레이즈미야,레이즈미야,REISE MIYA,,국내 캐주얼·스트릿,,ACTIVE,,
,BRAND_LAZYYY,레이지,레이지,LAZYYY,,국내 캐주얼·스트릿,,ACTIVE,,
,BRAND_LAZY_LAKE,레이지레이크,레이지레이크,LAZY LAKE,,국내 컨템포러리·디자이너,,ACTIVE,,
,BRAND_LAZYZ,레이지지,레이지지,LAZYZ,,국내 캐주얼·스트릿,,ACTIVE,,
,BRAND_REIKU,레이쿠,레이쿠,REIKU,,국내 캐주얼·스트릿,,ACTIVE,,
,BRAND_RAYHER,레이허,레이허,RAYHER,,국내 컨템포러리·디자이너,,ACTIVE,,
,BRAND_RAINBOWBOWL,레인보우볼,레인보우볼,RAINBOWBOWL,,국내 캐주얼·스트릿,,ACTIVE,,
,BRAND_RAINS,레인스,레인스,RAINS,,글로벌 스포츠·캐주얼,,ACTIVE,,
,BRAND_LETAPE,레탑,레탑,LETAPE,,국내 캐주얼·스트릿,,ACTIVE,,
,BRAND_LETERIE,레터리,레터리,LETERIE,,국내 컨템포러리·디자이너,,ACTIVE,,
,BRAND_LETTER_FROM_MOON,레터프롬문,레터프롬문,LETTER FROM MOON,,국내 컨템포러리·디자이너,,ACTIVE,,
,BRAND_LETOILE,레투알,레투알,LETOILE,,국내 컨템포러리·디자이너,,ACTIVE,,
,BRAND_LETQSTUDIO,레티켓스튜디오,레티켓스튜디오,LETQSTUDIO,,국내 컨템포러리·디자이너,,ACTIVE,,
,BRAND_REPETTO,레페토,레페토,REPETTO,,해외 럭셔리·컨템포러리,신발겸업,ACTIVE,,
,BRAND_LEFTSEOUL,레프트서울,레프트서울,LEFTSEOUL,,국내 캐주얼·스트릿,,ACTIVE,,
,BRAND_REPIVV,레피브,레피브,REPIVV,,국내 캐주얼·스트릿,,ACTIVE,,
,BRAND_RENSE,렌세,렌세,RENSE,,국내 캐주얼·스트릿,,ACTIVE,,
,BRAND_REMPLACEMENT,렘플레이스먼트,렘플레이스먼트,REMPLACEMENT,,국내 캐주얼·스트릿,,ACTIVE,,
,BRAND_LET_S_SLIM,렛츠슬림,렛츠슬림,LET'S SLIM,,국내 캐주얼·스트릿,,ACTIVE,,
,BRAND_LO_FADE,로 페이드,로 페이드,LO FADE,,국내 캐주얼·스트릿,,ACTIVE,,
,BRAND_LORNA_JANE,로나제인,로나제인,LORNA JANE,,스포츠·액티브,신발겸업,ACTIVE,,
,BRAND_RONEW,로뉴,로뉴,RONEW,,국내 캐주얼·스트릿,,ACTIVE,,
,BRAND_RODD,로드,로드,RODD,,신발·스니커즈,,ACTIVE,,
,BRAND_LORDLOAR,로드로아르,로드로아르,LORDLOAR,,골프·스포츠라이프,,ACTIVE,,
,BRAND_ROADWALK,로드워크,로드워크,ROADWALK,,신발·스니커즈,,ACTIVE,,
,BRAND_ROLAROLA,로라로라,로라로라,ROLAROLA,,신발·스니커즈,,ACTIVE,,
,BRAND_LAUREN_RALPH_LAUREN,로렌 랄프 로렌,로렌 랄프 로렌,LAUREN RALPH LAUREN,,해외 럭셔리·컨템포러리,,ACTIVE,,
,BRAND_LAURENCE_PAUL,로렌스폴,로렌스폴,LAURENCE PAUL,,국내 캐주얼·스트릿,,ACTIVE,,
,BRAND_LAUREL,로렐,로렐,LAUREL,,신발·스니커즈,,ACTIVE,,
,BRAND_LOLOBALLERINA,로로 발레리나,로로 발레리나,LOLOBALLERINA,,신발·스니커즈,,ACTIVE,,
,BRAND_LORSEOUL,로르 서울,로르 서울,LORSEOUL,,국내 컨템포러리·디자이너,,ACTIVE,,
,BRAND_ROMANTIC_MOVE,로맨틱무브,로맨틱무브,ROMANTIC MOVE,,신발·스니커즈,,ACTIVE,,
,BRAND_ROMANTIC_MOVE_WOMAN,로맨틱무브 우먼,로맨틱무브 우먼,ROMANTIC MOVE WOMAN,,신발·스니커즈,,ACTIVE,,
,BRAND_RAWMANTICS,로맨틱스,로맨틱스,RAWMANTICS,,국내 캐주얼·스트릿,,ACTIVE,,
,BRAND_ROMANTIC_TIGER,로맨틱타이거,로맨틱타이거,ROMANTIC TIGER,,국내 캐주얼·스트릿,,ACTIVE,,
,BRAND_LOWA,로바,로바,LOWA,,신발·스니커즈,,ACTIVE,,
,BRAND_LO_BEATI,로비에띠,로비에띠,LO BEATI,,국내 캐주얼·스트릿,,ACTIVE,,
,BRAND_ROH_SEOUL,로서울,로서울,ROH SEOUL,,신발·스니커즈,,ACTIVE,,
,BRAND_ROSHOEMAN,로슈맨,로슈맨,ROSHOEMAN,,신발·스니커즈,,ACTIVE,,
,BRAND_RHOS,로스,로스,RHOS,,국내 캐주얼·스트릿,,ACTIVE,,
,BRAND_ROTHCO,로스코,로스코,ROTHCO,,아웃도어,,ACTIVE,,
,BRAND_LOSTGARDEN,로스트가든,로스트가든,LOSTGARDEN,,신발·스니커즈,,ACTIVE,,
,BRAND_LOST_ARK,로스트아크,로스트아크,LOST ARK,,국내 캐주얼·스트릿,,ACTIVE,,
,BRAND_LOSTTOWNSUPPLY,로스트타운서플라이,로스트타운서플라이,LOSTTOWNSUPPLY,,국내 캐주얼·스트릿,,ACTIVE,,
,BRAND_ROSSIGNOL,로시뇰,로시뇰,ROSSIGNOL,,아웃도어,,ACTIVE,,
,BRAND_LOSSYROW,로시로우,로시로우,LOSSYROW,,국내 캐주얼·스트릿,,ACTIVE,,
,BRAND_ROSIYA,로시야,로시야,ROSIYA,,골프·스포츠라이프,,ACTIVE,,
,BRAND_LO_AXUAL,로액슈얼,로액슈얼,LO AXUAL,,국내 캐주얼·스트릿,,ACTIVE,,
,BRAND_ROYAL_ALBARTROSS,로얄 알바트로스,로얄 알바트로스,ROYAL ALBARTROSS,,신발·스니커즈,,ACTIVE,,
,BRAND_LOYALDECIDE,로얄디사이드,로얄디사이드,LOYALDECIDE,,국내 캐주얼·스트릿,,ACTIVE,,
,BRAND_ROARINGRAD,로어링라드,로어링라드,ROARINGRAD,,국내 캐주얼·스트릿,,ACTIVE,,
,BRAND_LORES,로어즈,로어즈,LORES,,국내 캐주얼·스트릿,,ACTIVE,,
,BRAND_LEAUET,로에,로에,LEAUET,,국내 컨템포러리·디자이너,,ACTIVE,,
,BRAND_LOEWE,로에베,로에베,LOEWE,,해외 럭셔리·컨템포러리,,ACTIVE,,
,BRAND_LOEIL,로에일,로에일,LOEIL,,국내 캐주얼·스트릿,,ACTIVE,,
,BRAND_ROEM,로엠,로엠,ROEM,,국내 캐주얼·스트릿,신발겸업,ACTIVE,,
,BRAND_RAW_TO_RAW,로우 투 로우,로우 투 로우,RAW TO RAW,,국내 캐주얼·스트릿,,ACTIVE,,
,BRAND_RAWGUE,로우그,로우그,RAWGUE,,국내 캐주얼·스트릿,,ACTIVE,,
,BRAND_RAW_LAB,로우랩,로우랩,RAW LAB,,국내 컨템포러리·디자이너,,ACTIVE,,
,BRAND_LOWBI,로우비,로우비,LOWBI,,국내 캐주얼·스트릿,,ACTIVE,,
,BRAND_LOWCYCLE,로우사이클,로우사이클,LOWCYCLE,,국내 캐주얼·스트릿,,ACTIVE,,
,BRAND_LOW_CLASSIC,로우클래식,로우클래식,LOW CLASSIC,,국내 컨템포러리·디자이너,,ACTIVE,,
,BRAND_LOW_TIDE,로우타이드,로우타이드,LOW TIDE,,국내 컨템포러리·디자이너,,ACTIVE,,
,BRAND_LOWFLOW,로우플로우,로우플로우,LOWFLOW,,신발·스니커즈,,ACTIVE,,
,BRAND_ROSEANNE,로잔느,로잔느,ROSEANNE,,국내 캐주얼·스트릿,,ACTIVE,,
,BRAND_ROGER_VIVIER,로저 비비에,로저 비비에,ROGER VIVIER,,해외 럭셔리·컨템포러리,무신사 미확인,ACTIVE,,
,BRAND_ROSENICK,로제니크,로제니크,ROSENICK,,신발·스니커즈,,ACTIVE,,
,BRAND_ROSEFRANTZ,로제프란츠,로제프란츠,ROSEFRANTZ,,국내 컨템포러리·디자이너,,ACTIVE,,
,BRAND_ROSIE,로지,로지,ROSIE,,국내 캐주얼·스트릿,,ACTIVE,,
,BRAND_LOCATE,로케이트,로케이트,LOCATE,,국내 캐주얼·스트릿,,ACTIVE,,
,BRAND_LOCI,로키,로키,LOCI,,신발·스니커즈,,ACTIVE,,
,BRAND_ROTATE,로테이트,로테이트,ROTATE,,해외 럭셔리·컨템포러리,,ACTIVE,,
,BRAND_ROTEMBER,로템버,로템버,ROTEMBER,,국내 캐주얼·스트릿,,ACTIVE,,
,BRAND_LOTE,로트,로트,LOTE,,국내 캐주얼·스트릿,,ACTIVE,,
,BRAND_LAUTREDE_MIN,로트르드민,로트르드민,LAUTREDE MIN,,국내 컨템포러리·디자이너,,ACTIVE,,
,BRAND_LOPEZ,로페즈,로페즈,LOPEZ,,국내 캐주얼·스트릿,,ACTIVE,,
,BRAND_RAWFIT_STUDIO,로핏스튜디오,로핏스튜디오,RAWFIT STUDIO,,신발·스니커즈,,ACTIVE,,
,BRAND_ROXY,록시,록시,ROXY,,글로벌 스포츠·캐주얼,,ACTIVE,,
,BRAND_LOCKHEED_MARTIN,록히드마틴,록히드마틴,LOCKHEED MARTIN,,라이선스·콜라보,비패션 IP,ACTIVE,,
,BRAND_RONRON,론론,론론,RONRON,,국내 컨템포러리·디자이너,신발겸업,ACTIVE,,
,BRAND_ROND_AND_D_MARRER,론앤디마리,론앤디마리,ROND&DÉMARRER,,국내 캐주얼·스트릿,,ACTIVE,,
,BRAND_LOHNT,론트,론트,LOHNT,,신발·스니커즈,,ACTIVE,,
,BRAND_ROLLONTHECLOUD,롤온더클라우드,롤온더클라우드,ROLLONTHECLOUD,,신발·스니커즈,,ACTIVE,,
,BRAND_LUE_PROJECT,루 프로젝트,루 프로젝트,LUE PROJECT,,아웃도어,,ACTIVE,,
,BRAND_LUNACY,루나시,루나시,LUNACY,,국내 캐주얼·스트릿,,ACTIVE,,
,BRAND_RUNAKI_HU,루나키후,루나키후,RUNAKI'HU',,국내 캐주얼·스트릿,,ACTIVE,,
,BRAND_LUDE,루드,루드,LUDE,,국내 캐주얼·스트릿,,ACTIVE,,
,BRAND_RURU,루루,루루,RURU,,국내 캐주얼·스트릿,,ACTIVE,,
,BRAND_LOULOUSEOUL,루루서울,루루서울,LOULOUSEOUL,,국내 캐주얼·스트릿,신발겸업,ACTIVE,,
,BRAND_LULUCHOU,루루슈,루루슈,LULUCHOU,,국내 컨템포러리·디자이너,,ACTIVE,,
,BRAND_RURUSIM,루루심,루루심,RURUSIM,,국내 캐주얼·스트릿,,ACTIVE,,
,BRAND_RUBATI,루바티,루바티,RUBATI,,국내 캐주얼·스트릿,,ACTIVE,,
,BRAND_ROUCHETTE,루셰트,루셰트,ROUCHETTE,,신발·스니커즈,,ACTIVE,,
,BRAND_RUS,루스,루스,RUS,,국내 캐주얼·스트릿,,ACTIVE,,
,BRAND_LUCIR_ZU,루시르주,루시르주,LUCIR ZU,,국내 캐주얼·스트릿,신발겸업,ACTIVE,,
,BRAND_LUCY_CREW,루시크루,루시크루,LUCY CREW,,신발·스니커즈,,ACTIVE,,
,BRAND_LUSSO_CLOUD,루쏘 클라우드,루쏘 클라우드,LUSSO CLOUD,,신발·스니커즈,,ACTIVE,,
,BRAND_LOEUVRE,루에브르,루에브르,LOEUVRE,,국내 컨템포러리·디자이너,신발겸업,ACTIVE,,
,BRAND_RUONINE,루오나인,루오나인,RUONINE,,국내 캐주얼·스트릿,,ACTIVE,,
,BRAND_LOUIS_CASTEL,루이까스텔,루이까스텔,LOUIS CASTEL,,골프·스포츠라이프,,ACTIVE,,
,BRAND_LOUIS_VUITTON,루이비통,루이비통,LOUIS VUITTON,,해외 럭셔리·컨템포러리,무신사 미확인,ACTIVE,,
,BRAND_LOSERS_CLUB,루저스클럽,루저스클럽,LOSERS CLUB,,국내 캐주얼·스트릿,,ACTIVE,,
,BRAND_LOSESLEEPOVER,루즈슬립오버,루즈슬립오버,LOSESLEEPOVER,,국내 캐주얼·스트릿,신발겸업,ACTIVE,,
,BRAND_ROOTFINDER,루트파인더,루트파인더,ROOTFINDER,,국내 캐주얼·스트릿,,ACTIVE,,
,BRAND_LOOXP,루프,루프,LOOXP,,국내 캐주얼·스트릿,,ACTIVE,,
,BRAND_LOOKAST,룩캐스트,룩캐스트,LOOKAST,,신발·스니커즈,,ACTIVE,,
,BRAND_LUNDHAGS,룬닥스,룬닥스,LUNDHAGS,,신발·스니커즈,,ACTIVE,,
,BRAND_RULE_THE_PHASE,룰더페이즈,룰더페이즈,RULE THE PHASE,,국내 캐주얼·스트릿,,ACTIVE,,
,BRAND_RYU_CLASSIC,류클래식,류클래식,RYU CLASSIC,,신발·스니커즈,,ACTIVE,,
,BRAND_LECOQ,르꼬끄,르꼬끄,LECOQ,,글로벌 스포츠·캐주얼,,ACTIVE,,
,BRAND_LECOQ_GOLF,르꼬끄 골프,르꼬끄 골프,LECOQ GOLF,,글로벌 스포츠·캐주얼,,ACTIVE,,
,BRAND_RENEJ,르네제이,르네제이,RENEJ,,국내 컨템포러리·디자이너,,ACTIVE,,
,BRAND_LENIC_AND_MCCOY,르니앤맥코이,르니앤맥코이,LENIC&MCCOY,,국내 컨템포러리·디자이너,,ACTIVE,,
,BRAND_LEMOUTON,르무통,르무통,LEMOUTON,,신발·스니커즈,,ACTIVE,,
,BRAND_LEVASE,르바즈,르바즈,LEVASE,,신발·스니커즈,,ACTIVE,,
,BRAND_REVOIRSIS,르브아시스,르브아시스,REVOIRSIS,,국내 캐주얼·스트릿,신발겸업,ACTIVE,,
,BRAND_LEVEJE,르브제,르브제,LEVEJE,,신발·스니커즈,,ACTIVE,,
,BRAND_LESEIZEME,르세지엠,르세지엠,LESEIZEME,,국내 컨템포러리·디자이너,,ACTIVE,,
,BRAND_LESHUA,르슈아,르슈아,LESHUA,,국내 캐주얼·스트릿,,ACTIVE,,
,BRAND_LESONNET,르쏘넷,르쏘넷,LESONNET,,국내 캐주얼·스트릿,,ACTIVE,,
,BRAND_LEARVE,르아브,르아브,LEARVE,,신발·스니커즈,,ACTIVE,,
,BRAND_LEAWI,르아위,르아위,LEAWI,,국내 캐주얼·스트릿,,ACTIVE,,
,BRAND_RRRRRE,르에,르에,RRRRRE,,국내 캐주얼·스트릿,신발겸업,ACTIVE,,
,BRAND_L_EMTO,르엠토,르엠토,L'EMTO,,국내 컨템포러리·디자이너,,ACTIVE,,
,BRAND_RECUR_ECUR,르쿠어에쿠어,르쿠어에쿠어,RECUR ECUR,,신발·스니커즈,,ACTIVE,,
,BRAND_LEE,리,리,LEE,,글로벌 스포츠·캐주얼,신발겸업,ACTIVE,,
,BRAND_REW,리 더블유,리 더블유,REW,,국내 캐주얼·스트릿,,ACTIVE,,
,BRAND_RIGHE,리게,리게,RIGHE,,국내 캐주얼·스트릿,,ACTIVE,,
,BRAND_READLEAD,리드리드,리드리드,READLEAD,,국내 캐주얼·스트릿,,ACTIVE,,
,BRAND_RIDIFI,리디피,리디피,RIDIFI,,국내 캐주얼·스트릿,,ACTIVE,,
,BRAND_LILISU,리리수,리리수,LILISU,,국내 캐주얼·스트릿,,ACTIVE,,
,BRAND_REMAGIE,리마지,리마지,REMAGIE,,국내 캐주얼·스트릿,,ACTIVE,,
,BRAND_REMAIN,리메인,리메인,REMAIN,,해외 럭셔리·컨템포러리,,ACTIVE,,
,BRAND_LEMAIN_SECOND,리메인세컨드,리메인세컨드,LEMAIN SECOND,,국내 캐주얼·스트릿,,ACTIVE,,
,BRAND_LIEM_QUE,리메크,리메크,LIEMÉQUE,,국내 캐주얼·스트릿,,ACTIVE,,
,BRAND_REMOVERSTUDIO,리무버 스튜디오,리무버 스튜디오,REMOVERSTUDIO,,국내 캐주얼·스트릿,,ACTIVE,,
,BRAND_LIBERALNEWS,리버뉴스,리버뉴스,LIBERALNEWS,,국내 캐주얼·스트릿,,ACTIVE,,
,BRAND_LIBERCLASSY,리버클래시,리버클래시,LIBERCLASSY,,국내 컨템포러리·디자이너,,ACTIVE,,
,BRAND_REEBOK,리복,리복,REEBOK,,글로벌 스포츠·캐주얼,신발겸업,ACTIVE,,
,BRAND_LEAVE_MARKS,리브마크스,리브마크스,LEAVE MARKS,,국내 캐주얼·스트릿,,ACTIVE,,
,BRAND_REBLETSWM,리블렛츠더블엠,리블렛츠더블엠,REBLETSWM,,국내 캐주얼·스트릿,신발겸업,ACTIVE,,
,BRAND_RESPECT,리스펙트,리스펙트,RESPECT,,신발·스니커즈,,ACTIVE,,
,BRAND_LEESLE,리슬,리슬,LEESLE,,국내 캐주얼·스트릿,,ACTIVE,,
,BRAND_LIEMAR,리에마르,리에마르,LIEMAR,,국내 캐주얼·스트릿,,ACTIVE,,
,BRAND_RE_L,리엘,리엘,RE L,,국내 캐주얼·스트릿,,ACTIVE,,
,BRAND_REORG,리올그,리올그,REORG,,국내 캐주얼·스트릿,,ACTIVE,,
,BRAND_RE_RHEE,리이,리이,RE RHEE,,국내 캐주얼·스트릿,,ACTIVE,,
,BRAND_LEEDSLESS,리즈리스,리즈리스,LEEDSLESS,,국내 캐주얼·스트릿,,ACTIVE,,
,BRAND_LEEZIE,리지,리지,LEEZIE,,국내 캐주얼·스트릿,,ACTIVE,,
,BRAND_RITA,리타,리타,RITA,,국내 캐주얼·스트릿,,ACTIVE,,
,BRAND_LITO,리토,리토,LITO,,신발·스니커즈,,ACTIVE,,
,BRAND_REEF,리프,리프,REEF,,신발·스니커즈,,ACTIVE,,
,BRAND_LIEFNY,리프니,리프니,LIEFNY,,신발·스니커즈,,ACTIVE,,
,BRAND_REPRODUCTION_OF_FOUND,리프로덕션 오브 파운드,리프로덕션 오브 파운드,REPRODUCTION OF FOUND,,신발·스니커즈,,ACTIVE,,
,BRAND_REPEAT,리핏,리핏,REPEAT,,국내 캐주얼·스트릿,신발겸업,ACTIVE,,
,BRAND_RICK_OWENS,릭 오웬스,릭 오웬스,RICK OWENS,,해외 럭셔리·컨템포러리,무신사 미확인,ACTIVE,,
,BRAND_LIKK,릭크,릭크,LIKK,,골프·스포츠라이프,,ACTIVE,,
,BRAND_LILYSHOE,릴리슈,릴리슈,LILYSHOE,,신발·스니커즈,,ACTIVE,,
,BRAND_RITZYSEOUL,릿지서울,릿지서울,RITZYSEOUL,,국내 캐주얼·스트릿,,ACTIVE,,
,BRAND_MANAVIS7,마나비스세븐,마나비스세븐,MANAVIS7,,국내 컨템포러리·디자이너,,ACTIVE,,
,BRAND_MANES,마네스,마네스,MANES,,국내 캐주얼·스트릿,,ACTIVE,,
,BRAND_MANOLO_BLAHNIK,마놀로 블라닉,마놀로 블라닉,MANOLO BLAHNIK,,해외 럭셔리·컨템포러리,무신사 미확인,ACTIVE,,
,BRAND_MANITOBAH,마니토바,마니토바,MANITOBAH,,신발·스니커즈,,ACTIVE,,
,BRAND_MOTHER_GROUND,마더그라운드,마더그라운드,MOTHER GROUND,,신발·스니커즈,,ACTIVE,,
,BRAND_MADEKO,마데코,마데코,MADEKO,,국내 캐주얼·스트릿,,ACTIVE,,
,BRAND_MATIN_KIM,마뗑킴,마뗑킴,MATIN KIM,,국내 컨템포러리·디자이너,신발겸업,ACTIVE,,
,BRAND_MARO_GOLF,마로 골프,마로 골프,MARO GOLF,,골프·스포츠라이프,,ACTIVE,,
,BRAND_MAROYH,마로이,마로이,MAROYH,,국내 캐주얼·스트릿,,ACTIVE,,
,BRAND_MALOUPE,마롭,마롭,MALOUPE,,국내 캐주얼·스트릿,,ACTIVE,,
,BRAND_MARROT,마롯,마롯,MARROT,,국내 캐주얼·스트릿,,ACTIVE,,
,BRAND_MARNI,마르니,마르니,MARNI,,해외 럭셔리·컨템포러리,신발겸업,ACTIVE,,
,BRAND_MARJE,마르제,마르제,MARJE,,국내 컨템포러리·디자이너,,ACTIVE,,
,BRAND_MARJI_HOUSE,마르지하우스,마르지하우스,MARJI HOUSE,,국내 캐주얼·스트릿,,ACTIVE,,
,BRAND_MARCO_POLAR,마르코 폴라,마르코 폴라,MARCO POLAR,,신발·스니커즈,,ACTIVE,,
,BRAND_MARRT,마르트,마르트,MARRT,,국내 컨템포러리·디자이너,,ACTIVE,,
,BRAND_MARIE_CLAIRE,마리끌레르,마리끌레르,MARIE CLAIRE,,해외 럭셔리·컨템포러리,,ACTIVE,,
,BRAND_MARINADE,마리네이드,마리네이드,MARINADE,,국내 캐주얼·스트릿,,ACTIVE,,
,BRAND_MARITH_SPORT,마리떼 스포츠,마리떼 스포츠,MARITHÉ SPORT,,스포츠·액티브,,ACTIVE,,
,BRAND_MARITH_FRAN_OIS_GIRBAUD,마리떼 프랑소와 저버,마리떼 프랑소와 저버,MARITHÉ + FRANҪOIS GIRBAUD,,해외 럭셔리·컨템포러리,,ACTIVE,,
,BRAND_MARIE_MON_DIEU,마리몽듀,마리몽듀,MARIE MON DIEU,,신발·스니커즈,,ACTIVE,,
,BRAND_MARINE_SERRE,마린 세르,마린 세르,MARINE SERRE,,해외 럭셔리·컨템포러리,신발겸업,ACTIVE,,
,BRAND_MAMMUT,마무트,마무트,MAMMUT,,아웃도어,신발겸업,ACTIVE,,
,BRAND_MARSJUN,마스준,마스준,MARSJUN,,국내 캐주얼·스트릿,,ACTIVE,,
,BRAND_MARS_COLLECT,마스컬렉트,마스컬렉트,MARS COLLECT,,국내 컨템포러리·디자이너,,ACTIVE,,
,BRAND_MASSIMO_DUTTI,마시모두띠,마시모두띠,MASSIMO DUTTI,,해외 럭셔리·컨템포러리,신발겸업,ACTIVE,,
,BRAND_MASSES,마시스,마시스,MASSES,,신발·스니커즈,,ACTIVE,,
,BRAND_MAYOL,마욜,마욜,MAYOL,,국내 캐주얼·스트릿,,ACTIVE,,
,BRAND_MYNAMEISPETER,마이네임이즈피터,마이네임이즈피터,MYNAMEISPETER,,국내 캐주얼·스트릿,,ACTIVE,,
,BRAND_MY_DEEP_BLUE_MEMORIES,마이딥블루메모리즈,마이딥블루메모리즈,MY DEEP BLUE MEMORIES,,국내 캐주얼·스트릿,,ACTIVE,,
,BRAND_MICHAEL_KORS,마이클 코어스,마이클 코어스,MICHAEL KORS,,해외 럭셔리·컨템포러리,무신사 미확인,ACTIVE,,
,BRAND_MILEZ,마일즈,마일즈,MILEZ,,아웃도어,,ACTIVE,,
,BRAND_MAXZA,마쟈,마쟈,MAXZA,,국내 캐주얼·스트릿,,ACTIVE,,
,BRAND_MA_JOURNEE,마조네,마조네,MA JOURNEE,,국내 캐주얼·스트릿,,ACTIVE,,
,BRAND_MARKET,마켓,마켓,MARKET,,글로벌 스포츠·캐주얼,,ACTIVE,,
,BRAND_MARK_GONZALES,마크곤잘레스,마크곤잘레스,MARK GONZALES,,글로벌 스포츠·캐주얼,,ACTIVE,,
,BRAND_MAC_MOC,마크모크,마크모크,MAC MOC,,신발·스니커즈,,ACTIVE,,
,BRAND_MARK_AND_LONA,마크앤로나,마크앤로나,MARK&LONA,,골프·스포츠라이프,신발겸업,ACTIVE,,
,BRAND_MARKM,마크엠,마크엠,MARKM,,국내 캐주얼·스트릿,신발겸업,ACTIVE,,
,BRAND_MARTINE_GOLF,마틴골프,마틴골프,MARTINE GOLF,,골프·스포츠라이프,,ACTIVE,,
,BRAND_MAHAGRID,마하그리드,마하그리드,MAHAGRID,,국내 캐주얼·스트릿,,ACTIVE,,
,BRAND_MAXMARA,막스마라,막스마라,MAXMARA,,글로벌 스포츠·캐주얼,,ACTIVE,,
,BRAND_MAN_G,만지,만지,MAN.G,,국내 캐주얼·스트릿,,ACTIVE,,
,BRAND_MALEN,말렌,말렌,MALEN,,국내 캐주얼·스트릿,신발겸업,ACTIVE,,
,BRAND_MALIBU_SANDALS,말리부 샌들,말리부 샌들,MALIBU SANDALS,,신발·스니커즈,,ACTIVE,,
,BRAND_MALBON_GOLF,말본 골프,말본 골프,MALBON GOLF,,골프·스포츠라이프,,ACTIVE,,
,BRAND_MANGO_MANY_PLEASE,망고매니플리즈,망고매니플리즈,MANGO MANY PLEASE,,국내 캐주얼·스트릿,신발겸업,ACTIVE,,
,BRAND_MANIAMASS,매니아매스,매니아매스,MANIAMASS,,국내 캐주얼·스트릿,,ACTIVE,,
,BRAND_MADMARS,매드마르스,매드마르스,MADMARS,,국내 컨템포러리·디자이너,,ACTIVE,,
,BRAND_MADPINK,매드핑크,매드핑크,MADPINK,,국내 캐주얼·스트릿,,ACTIVE,,
,BRAND_MADDEN,매든,매든,MADDEN,,아웃도어,,ACTIVE,,
,BRAND_MAVRK,매버릭,매버릭,MAVRK,,국내 캐주얼·스트릿,,ACTIVE,,
,BRAND_MAC_9_C,맥나인도씨,맥나인도씨,MAC 9ºC,,국내 캐주얼·스트릿,,ACTIVE,,
,BRAND_MACCULL,맥컬,맥컬,MACCULL,,국내 캐주얼·스트릿,,ACTIVE,,
,BRAND_MACKY,맥키,맥키,MACKY,,골프·스포츠라이프,,ACTIVE,,
,BRAND_MAN_ON_THE_BOON,맨온더분,맨온더분,MAN ON THE BOON,,국내 캐주얼·스트릿,신발겸업,ACTIVE,,
,BRAND_MANHATTAN_RECORDS,맨하탄레코즈,맨하탄레코즈,MANHATTAN RECORDS,,국내 캐주얼·스트릿,,ACTIVE,,
,BRAND_MANHATTAN_PROJECT,맨허튼프로젝트,맨허튼프로젝트,MANHATTAN PROJECT,,국내 컨템포러리·디자이너,,ACTIVE,,
,BRAND_MERRELL,머렐,머렐,MERRELL,,신발·스니커즈,,ACTIVE,,
,BRAND_MERGE_AND_MINGLE,머지앤밍글,머지앤밍글,MERGE&MINGLE,,국내 캐주얼·스트릿,,ACTIVE,,
,BRAND_MUCHSEE,머치씨,머치씨,MUCHSEE,,국내 캐주얼·스트릿,,ACTIVE,,
,BRAND_MONDAYFLOW,먼데이플로우,먼데이플로우,MONDAYFLOW,,골프·스포츠라이프,,ACTIVE,,
,BRAND_MUNSINGWEAR,먼싱웨어,먼싱웨어,MUNSINGWEAR,,골프·스포츠라이프,신발겸업,ACTIVE,,
,BRAND_MULLION,멀리온,멀리온,MULLION,,국내 컨템포러리·디자이너,,ACTIVE,,
,BRAND_MEGAPHONE,메가폰,메가폰,MEGAPHONE,,국내 캐주얼·스트릿,,ACTIVE,,
,BRAND_MEDUSE,메듀즈,메듀즈,MEDUSE,,신발·스니커즈,,ACTIVE,,
,BRAND_MERGO,메르고,메르고,MERGO,,국내 캐주얼·스트릿,,ACTIVE,,
,BRAND_MERCIBAND,메르시밴드,메르시밴드,MERCIBAND,,신발·스니커즈,,ACTIVE,,
,BRAND_MERZ_B_SCHWANEN,메르츠 비 슈바넨,메르츠 비 슈바넨,MERZ B. SCHWANEN,,해외 럭셔리·컨템포러리,,ACTIVE,,
,BRAND_MERRYON,메리온,메리온,MERRYON,,국내 컨템포러리·디자이너,,ACTIVE,,
,BRAND_MARYJAMES,메리제임스,메리제임스,MARYJAMES,,국내 캐주얼·스트릿,,ACTIVE,,
,BRAND_MERRYCOOP,메리쿱,메리쿱,MERRYCOOP,,국내 캐주얼·스트릿,,ACTIVE,,
,BRAND_MESTARI,메스타리,메스타리,MESTARI,,국내 캐주얼·스트릿,,ACTIVE,,
,BRAND_MEA,메아,메아,MEA,,국내 캐주얼·스트릿,,ACTIVE,,
,BRAND_MADEHANMUT,메이드한멋,메이드한멋,MADEHANMUT,,신발·스니커즈,,ACTIVE,,
,BRAND_MAYVERU,메이버유,메이버유,MAYVERU,,국내 컨템포러리·디자이너,,ACTIVE,,
,BRAND_MAVENMUSE,메이븐뮤즈,메이븐뮤즈,MAVENMUSE,,국내 캐주얼·스트릿,,ACTIVE,,
,BRAND_MAKE_A_TOAST,메이크어토스트,메이크어토스트,MAKE A TOAST,,국내 캐주얼·스트릿,,ACTIVE,,
,BRAND_MAY_FLOWER,메이플라워,메이플라워,MAY FLOWER,,국내 캐주얼·스트릿,,ACTIVE,,
,BRAND_MEZZOKUNST,메조쿤스트,메조쿤스트,MEZZOKUNST,,국내 캐주얼·스트릿,,ACTIVE,,
,BRAND_MAISON_MARGIELA,메종 마르지엘라,메종 마르지엘라,MAISON MARGIELA,,해외 럭셔리·컨템포러리,신발겸업,ACTIVE,,
,BRAND_MAISON_SPECIAL,메종 스페셜,메종 스페셜,MAISON SPECIAL,,해외 럭셔리·컨템포러리,,ACTIVE,,
,BRAND_MAISON_KITSUN,메종 키츠네,메종 키츠네,MAISON KITSUNÉ,,해외 럭셔리·컨템포러리,무신사 미확인,ACTIVE,,
,BRAND_MAISON246,메종246,메종246,MAISON246,,국내 캐주얼·스트릿,,ACTIVE,,
,BRAND_MAISON_DE_ROOMROOM,메종드룸룸,메종드룸룸,MAISON DE ROOMROOM,,신발·스니커즈,,ACTIVE,,
,BRAND_MAISONDEU,메종드유,메종드유,MAISONDEU,,국내 캐주얼·스트릿,,ACTIVE,,
,BRAND_MAISONLEHAR,메종르하르,메종르하르,MAISONLEHAR,,국내 캐주얼·스트릿,,ACTIVE,,
,BRAND_MAISON_VINE,메종바인,메종바인,MAISON VINE,,국내 캐주얼·스트릿,,ACTIVE,,
,BRAND_METSMOI,메츠무아,메츠무아,METSMOI,,국내 캐주얼·스트릿,,ACTIVE,,
,BRAND_METAPHER,메타퍼,메타퍼,METAPHER,,국내 캐주얼·스트릿,,ACTIVE,,
,BRAND_METIER,메티에,메티에,METIER,,신발·스니커즈,,ACTIVE,,
,BRAND_MELLOS,멜로스,멜로스,MELLOS,,신발·스니커즈,,ACTIVE,,
,BRAND_MELISSA,멜리사,멜리사,MELISSA,,신발·스니커즈,,ACTIVE,,
,BRAND_WUTHERING_WAVES,명조:워더링 웨이브,명조:워더링 웨이브,WUTHERING WAVES,,라이선스·콜라보,비패션 IP,ACTIVE,,
,BRAND_MO_SPORTS,모 스포츠,모 스포츠,MO SPORTS,,스포츠·액티브,,ACTIVE,,
,BRAND_MONOERA,모노에라,모노에라,MONOERA,,국내 컨템포러리·디자이너,,ACTIVE,,
,BRAND_MONOCHROME,모노크롬,모노크롬,MONOCHROME,,국내 컨템포러리·디자이너,,ACTIVE,,
,BRAND_MONOPATIN,모노파틴,모노파틴,MONOPATIN,,국내 캐주얼·스트릿,,ACTIVE,,
,BRAND_MONOPHOBIA,모노포비아,모노포비아,MONOPHOBIA,,국내 캐주얼·스트릿,,ACTIVE,,
,BRAND_MONOFLOW,모노플로우,모노플로우,MONOFLOW,,국내 캐주얼·스트릿,,ACTIVE,,
,BRAND_MODERMENT,모더먼트,모더먼트,MODERMENT,,국내 캐주얼·스트릿,,ACTIVE,,
,BRAND_MODERNSTUDIOS,모던스튜디오,모던스튜디오,MODERNSTUDIOS,,국내 캐주얼·스트릿,,ACTIVE,,
,BRAND_MODERNABLE,모던에이블,모던에이블,MODERNABLE,,국내 컨템포러리·디자이너,,ACTIVE,,
,BRAND_MODEN_ARDOR,모덴아르더,모덴아르더,MODEN ARDOR,,국내 캐주얼·스트릿,,ACTIVE,,
,BRAND_MODNINE,모드나인,모드나인,MODNINE,,국내 캐주얼·스트릿,,ACTIVE,,
,BRAND_MODIFIED,모디파이드,모디파이드,MODIFIED,,국내 캐주얼·스트릿,,ACTIVE,,
,BRAND_MOROA,모로아,모로아,MOROA,,국내 캐주얼·스트릿,,ACTIVE,,
,BRAND_MORL,모르,모르,MORL,,국내 컨템포러리·디자이너,,ACTIVE,,
,BRAND_MORVE13,모르브13,모르브13,MORVE13,,국내 캐주얼·스트릿,,ACTIVE,,
,BRAND_MORINGA,모링가,모링가,MORINGA,,국내 캐주얼·스트릿,,ACTIVE,,
,BRAND_MOMEN,모먼,모먼,MOMEN,,국내 캐주얼·스트릿,,ACTIVE,,
,BRAND_MOMENTIC,모멘틱,모멘틱,MOMENTIC,,국내 컨템포러리·디자이너,,ACTIVE,,
,BRAND_MOMET,모멧,모멧,MOMET,,국내 캐주얼·스트릿,,ACTIVE,,
,BRAND_MAUVE,모브,모브,MAUVE,,국내 캐주얼·스트릿,,ACTIVE,,
,BRAND_MOSAN,모산,모산,MOSAN,,국내 캐주얼·스트릿,,ACTIVE,,
,BRAND_MORCEAU_PAR_MORCEAU,모슈파모슈,모슈파모슈,MORCEAU PAR MORCEAU,,국내 캐주얼·스트릿,,ACTIVE,,
,BRAND_MOSCHINO,모스키노,모스키노,MOSCHINO,,글로벌 스포츠·캐주얼,,ACTIVE,,
,BRAND_MOSLU,모슬루,모슬루,MOSLU,,국내 컨템포러리·디자이너,,ACTIVE,,
,BRAND_MOAA,모아,모아,MOAA,,국내 컨템포러리·디자이너,,ACTIVE,,
,BRAND_MOABEL,모아벨,모아벨,MOABEL,,국내 캐주얼·스트릿,,ACTIVE,,
,BRAND_MORE_THAN_LIKE,모어댄라이크,모어댄라이크,MORE THAN LIKE,,국내 캐주얼·스트릿,,ACTIVE,,
,BRAND_MORE_THAN_BLACK,모어댄블랙,모어댄블랙,MORE THAN BLACK,,국내 캐주얼·스트릿,,ACTIVE,,
,BRAND_MORE_THAN_PARADISE,모어댄파라다이스,모어댄파라다이스,MORE THAN PARADISE,,국내 컨템포러리·디자이너,,ACTIVE,,
,BRAND_MORELIKEIT,모어라이크잇,모어라이크잇,MORELIKEIT,,국내 캐주얼·스트릿,,ACTIVE,,
,BRAND_MOREOUT,모어아웃,모어아웃,MOREOUT,,국내 캐주얼·스트릿,,ACTIVE,,
,BRAND_MOREJUDE,모어쥬드,모어쥬드,MOREJUDE,,국내 캐주얼·스트릿,,ACTIVE,,
,BRAND_MOAT,모우트,모우트,MOAT,,국내 캐주얼·스트릿,,ACTIVE,,
,BRAND_MOCCASOM,모카썸,모카썸,MOCCASOM,,국내 캐주얼·스트릿,,ACTIVE,,
,BRAND_MOFLOS,모프로스,모프로스,MOFLOS,,국내 캐주얼·스트릿,,ACTIVE,,
,BRAND_MONSTER_REPUBLIC,몬스터리퍼블릭,몬스터리퍼블릭,MONSTER REPUBLIC,,국내 캐주얼·스트릿,,ACTIVE,,
,BRAND_MONTEETH,몬티스,몬티스,MONTEETH,,국내 캐주얼·스트릿,,ACTIVE,,
,BRAND_MOLT,몰트,몰트,MOLT,,국내 캐주얼·스트릿,,ACTIVE,,
,BRAND_MOLPIN,몰핀,몰핀,MOLPIN,,신발·스니커즈,,ACTIVE,,
,BRAND_MONGDAENG,몽댕,몽댕,MONGDAENG,,신발·스니커즈,,ACTIVE,,
,BRAND_MONGDOL,몽돌,몽돌,MONGDOL,,국내 컨템포러리·디자이너,신발겸업,ACTIVE,,
,BRAND_MONTBELL,몽벨,몽벨,MONTBELL,,아웃도어,신발겸업,ACTIVE,,
,BRAND_MONGJINZON,몽진존,몽진존,MONGJINZON,,국내 캐주얼·스트릿,,ACTIVE,,
,BRAND_MONCLER,몽클레르,몽클레르,MONCLER,,해외 럭셔리·컨템포러리,,ACTIVE,,
,BRAND_MONKEY_FLOWER,몽키플라워,몽키플라워,MONKEY FLOWER,,국내 캐주얼·스트릿,,ACTIVE,,
,BRAND_MONPLISSE,몽플리쎄,몽플리쎄,MONPLISSE,,국내 컨템포러리·디자이너,,ACTIVE,,
,BRAND_MUGON,무건,무건,MUGON,,국내 캐주얼·스트릿,,ACTIVE,,
,BRAND_MUNICH,무니치,무니치,MUNICH,,신발·스니커즈,,ACTIVE,,
,BRAND_MOODNIGHT,무드나잇,무드나잇,MOODNIGHT,,신발·스니커즈,,ACTIVE,,
,BRAND_MOODNPLE,무드앤플,무드앤플,MOODNPLE,,신발·스니커즈,,ACTIVE,,
,BRAND_MOOD_INSIDE_WOMAN,무드인사이드 우먼,무드인사이드 우먼,MOOD INSIDE WOMAN,,국내 캐주얼·스트릿,,ACTIVE,,
,BRAND_MURRA,무라,무라,MURRA,,국내 캐주얼·스트릿,,ACTIVE,,
,BRAND_MUMUTENG,무무탱,무무탱,MUMUTENG,,국내 캐주얼·스트릿,,ACTIVE,,
,BRAND_MOVV,무브,무브,MOVV,,신발·스니커즈,,ACTIVE,,
,BRAND_MUBIG_ARCHIVE,무비그아카이브,무비그아카이브,MUBIG.ARCHIVE,,국내 캐주얼·스트릿,,ACTIVE,,
,BRAND_MUCENT,무센트,무센트,MUCENT,,국내 캐주얼·스트릿,신발겸업,ACTIVE,,
,BRAND_MUSINSA_STANDARD,무신사 스탠다드,무신사 스탠다드,MUSINSA STANDARD,,무신사 자체 브랜드,신발겸업,ACTIVE,,
,BRAND_MUSINSA_STANDARD_SPORTS,무신사 스탠다드 스포츠,무신사 스탠다드 스포츠,MUSINSA STANDARD SPORTS,,무신사 자체 브랜드,신발겸업,ACTIVE,,
,BRAND_MUSINSA_STANDARD_WOMAN,무신사 스탠다드 우먼,무신사 스탠다드 우먼,MUSINSA STANDARD WOMAN,,무신사 자체 브랜드,신발겸업,ACTIVE,,
,BRAND_MUAHMUAH,무아무아,무아무아,MUAHMUAH,,국내 캐주얼·스트릿,,ACTIVE,,
,BRAND_MOOZ,무지,무지,MOOZ,,국내 캐주얼·스트릿,,ACTIVE,,
,BRAND_MUZIKTIGER,무직타이거,무직타이거,MUZIKTIGER,,신발·스니커즈,,ACTIVE,,
,BRAND_MOOCHUU,무츄,무츄,MOOCHUU,,신발·스니커즈,,ACTIVE,,
,BRAND_MOOK,무크,무크,MOOK,,신발·스니커즈,,ACTIVE,,
,BRAND_MOONSUN,문선,문선,MOONSUN,,신발·스니커즈,,ACTIVE,,
,BRAND_MOONSTAR,문스타,문스타,MOONSTAR,,신발·스니커즈,,ACTIVE,,
,BRAND_MURMURE,뮈르뮈르,뮈르뮈르,MURMURE,,국내 캐주얼·스트릿,,ACTIVE,,
,BRAND_MUEMUER,뮈뮈에르,뮈뮈에르,MUEMUER,,국내 캐주얼·스트릿,,ACTIVE,,
,BRAND_MUGUET,뮤게,뮤게,MUGUET,,국내 컨템포러리·디자이너,,ACTIVE,,
,BRAND_MUNIER,뮤니에,뮤니에,MUNIER,,국내 캐주얼·스트릿,,ACTIVE,,
,BRAND_MUER,뮤에,뮤에,MUER,,국내 컨템포러리·디자이너,,ACTIVE,,
,BRAND_MUSEMONT,뮤즈몽,뮤즈몽,MUSEMONT,,신발·스니커즈,,ACTIVE,,
,BRAND_MUSE_BY_ROSE,뮤즈바이로즈,뮤즈바이로즈,MUSE BY ROSE,,국내 캐주얼·스트릿,,ACTIVE,,
,BRAND_MUTEMUSE,뮤트뮤즈,뮤트뮤즈,MUTEMUSE,,신발·스니커즈,,ACTIVE,,
,BRAND_MULIKA,뮬리카,뮬리카,MULIKA,,국내 캐주얼·스트릿,,ACTIVE,,
,BRAND_MYULIP,뮬립,뮬립,MYULIP,,국내 캐주얼·스트릿,,ACTIVE,,
,BRAND_MIDNIGHT_MOVE,미드나잇 무브,미드나잇 무브,MIDNIGHT MOVE,,국내 캐주얼·스트릿,,ACTIVE,,
,BRAND_MEDIA82,미디어82,미디어82,MEDIA82,,국내 캐주얼·스트릿,,ACTIVE,,
,BRAND_MIRER,미레르,미레르,MIRER,,국내 캐주얼·스트릿,,ACTIVE,,
,BRAND_MIRECO,미레코,미레코,MIRECO,,국내 캐주얼·스트릿,,ACTIVE,,
,BRAND_MIMI_MONDE,미미몽드,미미몽드,MIMI MONDE,,국내 캐주얼·스트릿,,ACTIVE,,
,BRAND_MIMICAWE,미미카위,미미카위,MIMICAWE,,국내 컨템포러리·디자이너,,ACTIVE,,
,BRAND_MISEKI_SEOUL,미세키서울,미세키서울,MISEKI SEOUL,,국내 캐주얼·스트릿,신발겸업,ACTIVE,,
,BRAND_MESENSE,미센스,미센스,MESENSE,,국내 컨템포러리·디자이너,,ACTIVE,,
,BRAND_MISSLULZ,미스룰즈,미스룰즈,MISSLULZ,,국내 캐주얼·스트릿,,ACTIVE,,
,BRAND_MISTER_CHILD,미스터차일드,미스터차일드,MISTER CHILD,,국내 캐주얼·스트릿,,ACTIVE,,
,BRAND_MYSTEPHENM,미스테페넘,미스테페넘,MYSTEPHENM,,국내 캐주얼·스트릿,,ACTIVE,,
,BRAND_MISTIC_MOON,미스틱문,미스틱문,MISTIC MOON,,국내 캐주얼·스트릿,,ACTIVE,,
,BRAND_MEASPHERA,미스페라,미스페라,MEASPHERA,,골프·스포츠라이프,,ACTIVE,,
,BRAND_UNIVERSITY_OF_MICHIGAN,미시간 유니버시티,미시간 유니버시티,UNIVERSITY OF MICHIGAN,,라이선스·콜라보,대학 라이선스,ACTIVE,,
,BRAND_MISHKA,미시카,미시카,MISHKA,,국내 캐주얼·스트릿,,ACTIVE,,
,BRAND_MISSING_DOROTHY,미싱도로시,미싱도로시,MISSING DOROTHY,,국내 캐주얼·스트릿,,ACTIVE,,
,BRAND_MIXXO,미쏘,미쏘,MIXXO,,국내 SPA·베이직,,ACTIVE,,
,BRAND_MIAE,미애,미애,MIAE,,국내 캐주얼·스트릿,,ACTIVE,,
,BRAND_MEANDER,미앤더,미앤더,MEANDER,,국내 캐주얼·스트릿,,ACTIVE,,
,BRAND_MEUNDER,미언더,미언더,MEUNDER,,국내 캐주얼·스트릿,,ACTIVE,,
,BRAND_MERELY_MADE,미얼리 메이드,미얼리 메이드,MERELY MADE,,국내 캐주얼·스트릿,,ACTIVE,,
,BRAND_MIYHOO,미와이후,미와이후,MIYHOO,,국내 컨템포러리·디자이너,,ACTIVE,,
,BRAND_MIU_MIU,미우미우,미우미우,MIU MIU,,해외 럭셔리·컨템포러리,무신사 미확인,ACTIVE,,
,BRAND_MIUKI,미유키,미유키,MIUKI,,국내 캐주얼·스트릿,,ACTIVE,,
,BRAND_MIZUNO,미즈노,미즈노,MIZUNO,,글로벌 스포츠·캐주얼,신발겸업,ACTIVE,,
,BRAND_MITZMITZ,미츠미츠,미츠미츠,MITZMITZ,,국내 캐주얼·스트릿,,ACTIVE,,
,BRAND_MICHIKO_LONDON_KOSHINO,미치코런던 코시노,미치코런던 코시노,MICHIKO LONDON KOSHINO,,해외 럭셔리·컨템포러리,,ACTIVE,,
,BRAND_MIIC,미크,미크,MIIC,,국내 캐주얼·스트릿,,ACTIVE,,
,BRAND_MITA_YOUTH,미타유스,미타유스,MITA YOUTH,,국내 캐주얼·스트릿,,ACTIVE,,
,BRAND_MITTE,미테,미테,MITTE,,국내 캐주얼·스트릿,,ACTIVE,,
,BRAND_MITRA,미트라,미트라,MITRA,,국내 캐주얼·스트릿,,ACTIVE,,
,BRAND_MIHEV,미헤브,미헤브,MIHEV,,국내 캐주얼·스트릿,,ACTIVE,,
,BRAND_MIX_AND_MATCH,믹스앤매치,믹스앤매치,MIX&MATCH,,국내 캐주얼·스트릿,,ACTIVE,,
,BRAND_MEEN_OBJECT,민 오브젝트,민 오브젝트,MEEN OBJECT,,국내 컨템포러리·디자이너,,ACTIVE,,
,BRAND_MEENDERI,민더리,민더리,MEENDERI,,국내 캐주얼·스트릿,,ACTIVE,,
,BRAND_MILACODE,밀라코드,밀라코드,MILACODE,,국내 캐주얼·스트릿,,ACTIVE,,
,BRAND_MILLET_CLASSIC,밀레 클래식,밀레 클래식,MILLET CLASSIC,,국내 캐주얼·스트릿,,ACTIVE,,
,BRAND_MILLET_GOLF,밀레골프,밀레골프,MILLET GOLF,,골프·스포츠라이프,신발겸업,ACTIVE,,
,BRAND_MILLO_ARCHIVE,밀로 아카이브,밀로 아카이브,MILLO ARCHIVE,,국내 캐주얼·스트릿,,ACTIVE,,
,BRAND_MILLO_WOMEN,밀로 우먼,밀로 우먼,MILLO WOMEN,,국내 캐주얼·스트릿,,ACTIVE,,
,BRAND_MILLI,밀리,밀리,MILLI,,신발·스니커즈,,ACTIVE,,
,BRAND_MILLION_DAY,밀리언데이,밀리언데이,MILLION DAY,,국내 캐주얼·스트릿,,ACTIVE,,
,BRAND_MILLIONCOR,밀리언코르,밀리언코르,MILLIONCOR,,국내 컨템포러리·디자이너,,ACTIVE,,
,BRAND_MILIEUX,밀리우,밀리우,MILIEUX,,국내 캐주얼·스트릿,,ACTIVE,,
,BRAND_MILK_ASH_AND_DOLLS,밀크 애쉬 앤드 돌스,밀크 애쉬 앤드 돌스,MILK ASH AND DOLLS,,국내 캐주얼·스트릿,,ACTIVE,,
,BRAND_MIMTHEWARDROBE,밈더워드로브,밈더워드로브,MIMTHEWARDROBE,,국내 컨템포러리·디자이너,,ACTIVE,,
,BRAND_BANANA_SISTERS,바나나시스터즈,바나나시스터즈,BANANA SISTERS,,국내 캐주얼·스트릿,,ACTIVE,,
,BRAND_BANACO,바나코,바나코,BANACO,,신발·스니커즈,,ACTIVE,,
,BRAND_BARNEYS_NEWYORK,바니스뉴욕,바니스뉴욕,BARNEYS NEWYORK,,해외 럭셔리·컨템포러리,,ACTIVE,,
,BRAND_BARDOT,바르도,바르도,BARDOT,,국내 캐주얼·스트릿,,ACTIVE,,
,BRAND_BARIGATE,바리게이트,바리게이트,BARIGATE,,국내 캐주얼·스트릿,,ACTIVE,,
,BRAND_BARBOUR,바버,바버,BARBOUR,,글로벌 스포츠·캐주얼,신발겸업,ACTIVE,,
,BRAND_BASS,바스,바스,BASS,,신발·스니커즈,,ACTIVE,,
,BRAND_VASROCK,바스락,바스락,VASROCK,,국내 캐주얼·스트릿,,ACTIVE,,
,BRAND_BASBAATAA,바스바타,바스바타,BASBAATAA,,국내 캐주얼·스트릿,,ACTIVE,,
,BRAND_VASTIC,바스틱,바스틱,VASTIC,,국내 캐주얼·스트릿,,ACTIVE,,
,BRAND_BASIKA,바시카,바시카,BASIKA,,신발·스니커즈,,ACTIVE,,
,BRAND_BOWLOW_PRODUCT,바우로 프로덕트,바우로 프로덕트,BOWLOW PRODUCT,,국내 캐주얼·스트릿,,ACTIVE,,
,BRAND_VOWZ,바우즈,바우즈,VOWZ,,신발·스니커즈,,ACTIVE,,
,BRAND_BAUF,바우프,바우프,BAUF,,국내 캐주얼·스트릿,,ACTIVE,,
,BRAND_BOUNDARY,바운더리,바운더리,BOUNDARY,,국내 캐주얼·스트릿,,ACTIVE,,
,BRAND_BOUNDARY_SUPPLY,바운더리 서플라이,바운더리 서플라이,BOUNDARY SUPPLY,,국내 캐주얼·스트릿,,ACTIVE,,
,BRAND_BY,바이,바이,BY,,국내 캐주얼·스트릿,,ACTIVE,,
,BRAND_BY_FAR,바이 파,바이 파,BY FAR,,신발·스니커즈,,ACTIVE,,
,BRAND_VIRON,바이론,바이론,VIRON,,신발·스니커즈,,ACTIVE,,
,BRAND_VIBRATE,바이브레이트,바이브레이트,VIBRATE,,국내 캐주얼·스트릿,,ACTIVE,,
,BRAND_VIBEREEN,바이브린,바이브린,VIBEREEN,,국내 캐주얼·스트릿,,ACTIVE,,
,BRAND_BYSEOWOO,바이서우,바이서우,BYSEOWOO,,국내 컨템포러리·디자이너,,ACTIVE,,
,BRAND_BYOTHERS,바이아덜스,바이아덜스,BYOTHERS,,신발·스니커즈,,ACTIVE,,
,BRAND_BYAHNAA,바이안아,바이안아,BYAHNAA,,국내 캐주얼·스트릿,,ACTIVE,,
,BRAND_BYEUUNS,바이언스,바이언스,BYEUUNS,,신발·스니커즈,,ACTIVE,,
,BRAND_BY_L,바이엘,바이엘,BY.L,,국내 컨템포러리·디자이너,,ACTIVE,,
,BRAND_VARZAR,바잘,바잘,VARZAR,,국내 컨템포러리·디자이너,,ACTIVE,,
,BRAND_BAJOO_BIJOO,바쥬비쥬,바쥬비쥬,BAJOO BIJOO,,신발·스니커즈,,ACTIVE,,
,BRAND_VATOZ,바토즈,바토즈,VATOZ,,신발·스니커즈,,ACTIVE,,
,BRAND_BOX_AND_COX,박스앤콕스,박스앤콕스,BOX&COX,,신발·스니커즈,,ACTIVE,,
,BRAND_VANS,반스,반스,VANS,,신발·스니커즈,,ACTIVE,,
,BRAND_VANAKE,반에이크,반에이크,VANAKE,,신발·스니커즈,,ACTIVE,,
,BRAND_VANTASUGAR,반타슈가,반타슈가,VANTASUGAR,,국내 캐주얼·스트릿,,ACTIVE,,
,BRAND_VANTA_PIXXIE,반타픽시,반타픽시,VANTA PIXXIE,,국내 캐주얼·스트릿,,ACTIVE,,
,BRAND_BALENCIAGA,발렌시아가,발렌시아가,BALENCIAGA,,해외 럭셔리·컨템포러리,신발겸업,ACTIVE,,
,BRAND_VALENTINO,발렌티노,발렌티노,VALENTINO,,해외 럭셔리·컨템포러리,신발겸업,ACTIVE,,
,BRAND_BADBOYSSPORTSCLUB,배드보이즈스포츠클럽,배드보이즈스포츠클럽,BADBOYSSPORTSCLUB,,스포츠·액티브,,ACTIVE,,
,BRAND_BADBLOOD,배드블러드,배드블러드,BADBLOOD,,국내 캐주얼·스트릿,,ACTIVE,,
,BRAND_BADEE,배디,배디,BADEE,,국내 캐주얼·스트릿,,ACTIVE,,
,BRAND_BETTER_THAN_SURF,배러댄서프,배러댄서프,BETTER THAN SURF,,국내 캐주얼·스트릿,,ACTIVE,,
,BRAND_BARREL,배럴,배럴,BARREL,,국내 캐주얼·스트릿,,ACTIVE,,
,BRAND_BAEBAE,배배,배배,BAEBAE,,국내 캐주얼·스트릿,,ACTIVE,,
,BRAND_BEGBEGBEG,백백백,백백백,BEGBEGBEG,,국내 캐주얼·스트릿,,ACTIVE,,
,BRAND_BALLOP,밸롭,밸롭,BALLOP,,신발·스니커즈,,ACTIVE,,
,BRAND_BANGBANG,뱅뱅,뱅뱅,BANGBANG,,국내 캐주얼·스트릿,,ACTIVE,,
,BRAND_BANGERS,뱅어스,뱅어스,BANGERS,,국내 캐주얼·스트릿,,ACTIVE,,
,BRAND_BETMASS,뱉매스,뱉매스,BETMASS,,국내 캐주얼·스트릿,,ACTIVE,,
,BRAND_BERNARD_MILLS,버나드밀즈,버나드밀즈,BERNARD MILLS,,국내 캐주얼·스트릿,,ACTIVE,,
,BRAND_BERMUDAGRASS,버뮤다그래스,버뮤다그래스,BERMUDAGRASS,,국내 캐주얼·스트릿,,ACTIVE,,
,BRAND_BURBERRY,버버리,버버리,BURBERRY,,해외 럭셔리·컨템포러리,,ACTIVE,,
,BRAND_BUBBLELIME,버블라임,버블라임,BUBBLELIME,,스포츠·액티브,,ACTIVE,,
,BRAND_BUBBLPIECE,버블피스,버블피스,BUBBLPIECE,,국내 캐주얼·스트릿,,ACTIVE,,
,BRAND_BUZZERBEATER,버저비터,버저비터,BUZZERBEATER,,국내 캐주얼·스트릿,,ACTIVE,,
,BRAND_BIRDS_OF_CONDOR,버즈 오브 콘도르,버즈 오브 콘도르,BIRDS OF CONDOR,,골프·스포츠라이프,,ACTIVE,,
,BRAND_BUTTONY,버터니,버터니,BUTTONY,,국내 캐주얼·스트릿,,ACTIVE,,
,BRAND_BUTTON_SEOUL,버튼서울,버튼서울,BUTTON SEOUL,,신발·스니커즈,,ACTIVE,,
,BRAND_BUTTONPLAY,버튼플레이,버튼플레이,BUTTONPLAY,,골프·스포츠라이프,,ACTIVE,,
,BRAND_BIRTHDAYSUIT,벌스데이수트,벌스데이수트,BIRTHDAYSUIT,,국내 캐주얼·스트릿,신발겸업,ACTIVE,,
,BRAND_VERSE_ONE,벌스원,벌스원,VERSE ONE,,국내 캐주얼·스트릿,,ACTIVE,,
,BRAND_BENECIA12,베네시아12,베네시아12,BENECIA12,,골프·스포츠라이프,,ACTIVE,,
,BRAND_BENETTON,베네통,베네통,BENETTON,,글로벌 스포츠·캐주얼,,ACTIVE,,
,BRAND_BENUET,베뉴엣,베뉴엣,BENUET,,국내 캐주얼·스트릿,,ACTIVE,,
,BRAND_VEDERMI,베데르미,베데르미,VEDERMI,,국내 캐주얼·스트릿,,ACTIVE,,
,BRAND_BEDROCK_SANDALS,베드락샌들,베드락샌들,BEDROCK SANDALS,,신발·스니커즈,,ACTIVE,,
,BRAND_BETTERTHAN88,베러댄88,베러댄88,BETTERTHAN88,,국내 캐주얼·스트릿,,ACTIVE,,
,BRAND_BETTER_THAN_LIFE,베러댄라이프,베러댄라이프,BETTER THAN LIFE,,국내 캐주얼·스트릿,,ACTIVE,,
,BRAND_VERUTUM,베루툼,베루툼,VERUTUM,,국내 컨템포러리·디자이너,,ACTIVE,,
,BRAND_VERUTUM_SPORTS,베루툼 스포츠,베루툼 스포츠,VERUTUM SPORTS,,스포츠·액티브,,ACTIVE,,
,BRAND_VERTNEUF,베르네프,베르네프,VERTNEUF,,국내 컨템포러리·디자이너,,ACTIVE,,
,BRAND_BERNI,베르니,베르니,BERNI,,국내 캐주얼·스트릿,,ACTIVE,,
,BRAND_BER_DE_NOIR,베르드누아,베르드누아,BER DE NOIR,,국내 캐주얼·스트릿,,ACTIVE,,
,BRAND_VERSACE,베르사체,베르사체,VERSACE,,해외 럭셔리·컨템포러리,,ACTIVE,,
,BRAND_VERSO,베르소,베르소,VERSO,,국내 캐주얼·스트릿,,ACTIVE,,
,BRAND_VERYVAIN,베리베인,베리베인,VERYVAIN,,국내 캐주얼·스트릿,,ACTIVE,,
,BRAND_VESTITO,베스띠또,베스띠또,VESTITO,,국내 컨템포러리·디자이너,,ACTIVE,,
,BRAND_VESTIRYA,베스티리아,베스티리아,VESTIRYA,,국내 캐주얼·스트릿,,ACTIVE,,
,BRAND_BARELOU,베어루,베어루,BARELOU,,국내 캐주얼·스트릿,,ACTIVE,,
,BRAND_BEARPAW,베어파우,베어파우,BEARPAW,,신발·스니커즈,,ACTIVE,,
,BRAND_BABYMETALCLUB,베이비메탈클럽,베이비메탈클럽,BABYMETALCLUB,,키즈,,ACTIVE,,
,BRAND_BABYBLUENEEDLES,베이비블루니들즈,베이비블루니들즈,BABYBLUENEEDLES,,키즈,,ACTIVE,,
,BRAND_BSMT,베이스먼트 아카이브,베이스먼트 아카이브,BSMT,,국내 캐주얼·스트릿,,ACTIVE,,
,BRAND_BASEMOMENT,베이스모먼트,베이스모먼트,BASEMOMENT,,국내 캐주얼·스트릿,,ACTIVE,,
,BRAND_BASETHREAD,베이스스레드,베이스스레드,BASETHREAD,,국내 캐주얼·스트릿,,ACTIVE,,
,BRAND_BASECREAM,베이스크림,베이스크림,BASECREAM,,국내 캐주얼·스트릿,,ACTIVE,,
,BRAND_BASIC_LABEL,베이직라벨,베이직라벨,BASIC LABEL,,국내 캐주얼·스트릿,,ACTIVE,,
,BRAND_BASIC_HOUSE,베이직하우스,베이직하우스,BASIC HOUSE,,국내 캐주얼·스트릿,,ACTIVE,,
,BRAND_VACANT_ARCHIVE,베이컨트 아카이브,베이컨트 아카이브,VACANT ARCHIVE,,국내 캐주얼·스트릿,,ACTIVE,,
,BRAND_BAKE_SOLE,베이크솔,베이크솔,BAKE-SOLE,,신발·스니커즈,,ACTIVE,,
,BRAND_BAPE,베이프,베이프,BAPE,,글로벌 스포츠·캐주얼,신발겸업,ACTIVE,,
,BRAND_VEILANCE,베일런스,베일런스,VEILANCE,,아웃도어,,ACTIVE,,
,BRAND_VEGETABLE_TABLE,베지터블테이블,베지터블테이블,VEGETABLE TABLE,,국내 캐주얼·스트릿,,ACTIVE,,
,BRAND_VETEZE,베테제,베테제,VETEZE,,국내 캐주얼·스트릿,,ACTIVE,,
,BRAND_VETEMENTS,베트멍,베트멍,VETEMENTS,,해외 럭셔리·컨템포러리,무신사 미확인,ACTIVE,,
,BRAND_VECTAR,벡타르,벡타르,VECTAR.,,국내 캐주얼·스트릿,,ACTIVE,,
,BRAND_VENDIS,벤디스,벤디스,VENDIS,,국내 캐주얼·스트릿,신발겸업,ACTIVE,,
,BRAND_VANSON_LEATHERS,벤슨 레더스,벤슨 레더스,VANSON LEATHERS,,글로벌 스포츠·캐주얼,,ACTIVE,,
,BRAND_BENSIMON,벤시몽,벤시몽,BENSIMON,,신발·스니커즈,,ACTIVE,,
,BRAND_BENJABOYS,벤자보이즈,벤자보이즈,BENJABOYS,,국내 컨템포러리·디자이너,,ACTIVE,,
,BRAND_VELUA,벨루아,벨루아,VELUA,,국내 캐주얼·스트릿,,ACTIVE,,
,BRAND_VELLE,벨르,벨르,VELLE,,국내 캐주얼·스트릿,,ACTIVE,,
,BRAND_BELIER,벨리에,벨리에,BELIER,,신발·스니커즈,,ACTIVE,,
,BRAND_VEM_VER,벰버,벰버,VEM.VER,,국내 컨템포러리·디자이너,,ACTIVE,,
,BRAND_BORGOSESIA,보르고세시아,보르고세시아,BORGOSESIA,,해외 럭셔리·컨템포러리,,ACTIVE,,
,BRAND_BORSA,보르사,보르사,BORSA,,국내 캐주얼·스트릿,,ACTIVE,,
,BRAND_BORHEART,보르하트,보르하트,BORHEART,,국내 캐주얼·스트릿,,ACTIVE,,
,BRAND_VOICE_OF_VOICES,보브,보브,VOICE OF VOICES,,국내 컨템포러리·디자이너,,ACTIVE,,
,BRAND_BOSABO,보사보,보사보,BOSABO,,신발·스니커즈,,ACTIVE,,
,BRAND_BOSS,보스,보스,BOSS,,신발·스니커즈,,ACTIVE,,
,BRAND_BOSS_SPORTS,보스 스포츠,보스 스포츠,BOSS SPORTS,,스포츠·액티브,,ACTIVE,,
,BRAND_BOSTONTAILOR,보스턴테일러,보스턴테일러,BOSTONTAILOR,,신발·스니커즈,,ACTIVE,,
,BRAND_BOWER,보우어,보우어,BOWER,,국내 캐주얼·스트릿,,ACTIVE,,
,BRAND_BOWELL,보웰,보웰,BOWELL,,신발·스니커즈,,ACTIVE,,
,BRAND_BOKITA,보키타,보키타,BOKITA,,신발·스니커즈,,ACTIVE,,
,BRAND_BOTTEGA_VENETA,보테가베네타,보테가베네타,BOTTEGA VENETA,,해외 럭셔리·컨템포러리,신발겸업,ACTIVE,,
,BRAND_VOEF,보프,보프,VOEF,,국내 캐주얼·스트릿,,ACTIVE,,
,BRAND_BOXRAW,복스로,복스로,BOXRAW,,신발·스니커즈,,ACTIVE,,
,BRAND_BONRROW,본로우,본로우,BONRROW,,국내 컨템포러리·디자이너,,ACTIVE,,
,BRAND_BORNBYHAN,본바이한,본바이한,BORNBYHAN,,국내 캐주얼·스트릿,,ACTIVE,,
,BRAND_BONVOYAGE,본보야지,본보야지,BONVOYAGE,,국내 캐주얼·스트릿,,ACTIVE,,
,BRAND_BORN_SLIPPY,본슬리피,본슬리피,BORN SLIPPY,,국내 캐주얼·스트릿,,ACTIVE,,
,BRAND_BORNX,본엑스,본엑스,BORNX,,국내 캐주얼·스트릿,,ACTIVE,,
,BRAND_BORN_CHAMPS,본챔스,본챔스,BORN CHAMPS,,국내 캐주얼·스트릿,,ACTIVE,,
,BRAND_BORN_TO_WIN,본투윈,본투윈,BORN TO WIN,,스포츠·액티브,,ACTIVE,,
,BRAND_VOLVIK_GOLFWEAR,볼빅 골프웨어,볼빅 골프웨어,VOLVIK GOLFWEAR,,골프·스포츠라이프,,ACTIVE,,
,BRAND_VOLCOM,볼컴,볼컴,VOLCOM,,글로벌 스포츠·캐주얼,신발겸업,ACTIVE,,
,BRAND_THE_BOONDOCK_SAINTS,분닥세인츠,분닥세인츠,THE BOONDOCK SAINTS,,국내 컨템포러리·디자이너,,ACTIVE,,
,BRAND_WUNDER_GEIST,분더가이스트,분더가이스트,WUNDER GEIST,,국내 캐주얼·스트릿,,ACTIVE,,
,BRAND_WNDERKAMMER,분더캄머,분더캄머,WNDERKAMMER,,국내 캐주얼·스트릿,,ACTIVE,,
,BRAND_BROWNSTUDIO,브라운 스튜디오,브라운 스튜디오,BROWNSTUDIO,,국내 캐주얼·스트릿,,ACTIVE,,
,BRAND_BROWNBREATH,브라운브레스,브라운브레스,BROWNBREATH,,국내 캐주얼·스트릿,,ACTIVE,,
,BRAND_BROWNYARD,브라운야드,브라운야드,BROWNYARD,,국내 캐주얼·스트릿,,ACTIVE,,
,BRAND_BROWNYARD_BALANCE,브라운야드 밸런스,브라운야드 밸런스,BROWNYARD BALANCE,,국내 캐주얼·스트릿,,ACTIVE,,
,BRAND_BRENSON,브렌슨,브렌슨,BRENSON,,국내 캐주얼·스트릿,,ACTIVE,,
,BRAND_BROKEN_BEAT,브로큰비트,브로큰비트,BROKEN BEAT,,국내 캐주얼·스트릿,,ACTIVE,,
,BRAND_BRONSON,브론슨,브론슨,BRONSON,,해외 럭셔리·컨템포러리,,ACTIVE,,
,BRAND_BROMPTON_LONDON,브롬톤 런던,브롬톤 런던,BROMPTON LONDON,,해외 럭셔리·컨템포러리,,ACTIVE,,
,BRAND_BRUNELLO_CUCINELLI,브루넬로 쿠치넬리,브루넬로 쿠치넬리,BRUNELLO CUCINELLI,,해외 럭셔리·컨템포러리,무신사 미확인,ACTIVE,,
,BRAND_BRUNOBAFFI,브루노바피,브루노바피,BRUNOBAFFI,,국내 컨템포러리·디자이너,,ACTIVE,,
,BRAND_BROOKS_BROTHERS,브룩스 브라더스,브룩스 브라더스,BROOKS BROTHERS,,글로벌 스포츠·캐주얼,,ACTIVE,,
,BRAND_BROOKS_RUNNING,브룩스러닝,브룩스러닝,BROOKS RUNNING,,신발·스니커즈,,ACTIVE,,
,BRAND_BRISA,브리사,브리사,BRISA,,국내 캐주얼·스트릿,,ACTIVE,,
,BRAND_BRIANA,브리아나,브리아나,BRIANA,,신발·스니커즈,,ACTIVE,,
,BRAND_BRIEFING_GOLF,브리핑 골프,브리핑 골프,BRIEFING GOLF,,골프·스포츠라이프,,ACTIVE,,
,BRAND_BRINGMYTHINGS,브링마이띵즈,브링마이띵즈,BRINGMYTHINGS,,신발·스니커즈,,ACTIVE,,
,BRAND_VVSU,브슈,브슈,VVSU,,신발·스니커즈,,ACTIVE,,
,BRAND_VOIEBIT,브아빗,브아빗,VOIEBIT,,국내 컨템포러리·디자이너,,ACTIVE,,
,BRAND_VNYSTUDIO,브이엔와이스튜디오,브이엔와이스튜디오,VNYSTUDIO,,국내 컨템포러리·디자이너,,ACTIVE,,
,BRAND_BLINDNESS,블라인드니스,블라인드니스,BLINDNESS,,국내 캐주얼·스트릿,,ACTIVE,,
,BRAND_VLANDA,블란다,블란다,VLANDA,,국내 컨템포러리·디자이너,,ACTIVE,,
,BRAND_BLANC_SUR_BLANC,블랑수블랑,블랑수블랑,BLANC SUR BLANC,,신발·스니커즈,,ACTIVE,,
,BRAND_BLANC_TOE,블랑토,블랑토,BLANC TOE,,신발·스니커즈,,ACTIVE,,
,BRAND_BLACK_PURPLE,블랙 퍼플,블랙 퍼플,BLACK PURPLE,,신발·스니커즈,,ACTIVE,,
,BRAND_BLACK_DIAMOND,블랙다이아몬드,블랙다이아몬드,BLACK DIAMOND,,아웃도어,신발겸업,ACTIVE,,
,BRAND_BLACKMAMBA,블랙맘바,블랙맘바,BLACKMAMBA,,국내 캐주얼·스트릿,,ACTIVE,,
,BRAND_BLACK_MOMENT,블랙모먼트,블랙모먼트,BLACK MOMENT,,국내 캐주얼·스트릿,,ACTIVE,,
,BRAND_BLACK_MONSTER_FIT,블랙몬스터핏,블랙몬스터핏,BLACK MONSTER FIT,,스포츠·액티브,,ACTIVE,,
,BRAND_BLACKBALLED,블랙볼드,블랙볼드,BLACKBALLED,,골프·스포츠라이프,,ACTIVE,,
,BRAND_BLACKBLOND,블랙블론드,블랙블론드,BLACKBLOND,,국내 캐주얼·스트릿,,ACTIVE,,
,BRAND_VLACK_VEAST,블랙비스트,블랙비스트,VLACK VEAST,,국내 캐주얼·스트릿,,ACTIVE,,
,BRAND_BLACKYAK,블랙야크,블랙야크,BLACKYAK,,아웃도어,신발겸업,ACTIVE,,
,BRAND_BLACK_YAK_KIDS,블랙야크 키즈,블랙야크 키즈,BLACK YAK KIDS,,키즈,,ACTIVE,,
,BRAND_BLACRUSH,블랙크러쉬,블랙크러쉬,BLACRUSH,,국내 캐주얼·스트릿,,ACTIVE,,
,BRAND_BLACK_HOODY,블랙후디,블랙후디,BLACK HOODY,,국내 캐주얼·스트릿,,ACTIVE,,
,BRAND_BLUFF,블러프,블러프,BLUFF,,국내 캐주얼·스트릿,,ACTIVE,,
,BRAND_BLUNDSTONE,블런드스톤,블런드스톤,BLUNDSTONE,,신발·스니커즈,,ACTIVE,,
,BRAND_VLETI,블레티,블레티,VLETI,,국내 캐주얼·스트릿,,ACTIVE,,
,BRAND_BLOW,블로우,블로우,BLOW,,국내 캐주얼·스트릿,,ACTIVE,,
,BRAND_BLOND9,블론드나인,블론드나인,BLOND9,,국내 캐주얼·스트릿,,ACTIVE,,
,BRAND_BLUE_JAINER_CLUB,블루 제이너 클럽,블루 제이너 클럽,BLUE JAINER CLUB,,국내 캐주얼·스트릿,,ACTIVE,,
,BRAND_BLEUDECHAUFFE,블루드쇼프,블루드쇼프,BLEUDECHAUFFE,,국내 캐주얼·스트릿,,ACTIVE,,
,BRAND_BLUDI_BLU,블루디 블루,블루디 블루,BLUDI BLU,,국내 캐주얼·스트릿,,ACTIVE,,
,BRAND_BLUE_MOUNTAIN,블루마운틴,블루마운틴,BLUE MOUNTAIN,,신발·스니커즈,,ACTIVE,,
,BRAND_BLUEMERLE,블루멀,블루멀,BLUEMERLE,,국내 캐주얼·스트릿,,ACTIVE,,
,BRAND_BLUEBRICK,블루브릭,블루브릭,BLUEBRICK,,국내 캐주얼·스트릿,,ACTIVE,,
,BRAND_BLUESUNFLOWER,블루썬플라워,블루썬플라워,BLUESUNFLOWER,,국내 컨템포러리·디자이너,,ACTIVE,,
,BRAND_BLIPERS,블리퍼스,블리퍼스,BLIPERS,,신발·스니커즈,신발겸업,ACTIVE,,
,BRAND_VEGAN_TIGER,비건타이거,비건타이거,VEGAN TIGER,,국내 컨템포러리·디자이너,,ACTIVE,,
,BRAND_BEGIN202,비긴202,비긴202,BEGIN202,,국내 캐주얼·스트릿,,ACTIVE,,
,BRAND_BEDEVIL,비데블,비데블,BEDEVIL,,국내 캐주얼·스트릿,,ACTIVE,,
,BRAND_VIDEO_JOCKEY,비디오자키,비디오자키,VIDEO JOCKEY,,국내 캐주얼·스트릿,,ACTIVE,,
,BRAND_BMUETTE,비뮈에트,비뮈에트,BMUETTE,,국내 캐주얼·스트릿,,ACTIVE,,
,BRAND_VIVA_LA_VIDA,비바라비다,비바라비다,VIVA LA VIDA,,국내 캐주얼·스트릿,,ACTIVE,,
,BRAND_VIVABROWN,비바브라운,비바브라운,VIVABROWN,,국내 캐주얼·스트릿,,ACTIVE,,
,BRAND_VIVACIOUS,비바셔스,비바셔스,VIVACIOUS,,국내 캐주얼·스트릿,,ACTIVE,,
,BRAND_VIVASTUDIO,비바스튜디오,비바스튜디오,VIVASTUDIO,,국내 캐주얼·스트릿,,ACTIVE,,
,BRAND_BEBOF,비바프,비바프,BEBOF,,국내 캐주얼·스트릿,,ACTIVE,,
,BRAND_B_BIRD,비버드,비버드,B BIRD,,국내 캐주얼·스트릿,,ACTIVE,,
,BRAND_BEBOLD_BECOOL,비볼드비쿨,비볼드비쿨,BEBOLD BECOOL,,국내 캐주얼·스트릿,,ACTIVE,,
,BRAND_VIVEVIVE,비브비브,비브비브,VIVEVIVE,,국내 캐주얼·스트릿,,ACTIVE,,
,BRAND_VIBI_VENEZIA,비비 베네치아,비비 베네치아,VIBI VENEZIA,,신발·스니커즈,,ACTIVE,,
,BRAND_VIVIENNE_WESTWOOD,비비안 웨스트우드,비비안 웨스트우드,VIVIENNE WESTWOOD,,해외 럭셔리·컨템포러리,신발겸업,ACTIVE,,
,BRAND_BESETFREE,비셋프리,비셋프리,BESETFREE,,국내 캐주얼·스트릿,,ACTIVE,,
,BRAND_BISCUITSHOP,비스킷샵,비스킷샵,BISCUITSHOP,,국내 컨템포러리·디자이너,신발겸업,ACTIVE,,
,BRAND_BESLOW,비슬로우,비슬로우,BESLOW,,국내 캐주얼·스트릿,,ACTIVE,,
,BRAND_VIA_LACTEA,비아락테아,비아락테아,VIA LACTEA,,국내 캐주얼·스트릿,,ACTIVE,,
,BRAND_VIAROAMER,비아로머,비아로머,VIAROAMER,,국내 캐주얼·스트릿,,ACTIVE,,
,BRAND_BIARRITZ,비아리츠,비아리츠,BIARRITZ,,신발·스니커즈,,ACTIVE,,
,BRAND_VIABON_DE_VIA,비아봉드비아,비아봉드비아,VIABON DE VIA,,국내 캐주얼·스트릿,,ACTIVE,,
,BRAND_BSRABBIT,비에스래빗,비에스래빗,BSRABBIT,,국내 캐주얼·스트릿,,ACTIVE,,
,BRAND_BSQT_BY_CLASSY,비에스큐티바이클래시,비에스큐티바이클래시,BSQT BY CLASSY,,신발·스니커즈,,ACTIVE,,
,BRAND_B_ABLE_TWO,비에이블투,비에이블투,B ABLE TWO,,국내 캐주얼·스트릿,,ACTIVE,,
,BRAND_BNFROM,비엔프롬,비엔프롬,BNFROM,,국내 캐주얼·스트릿,,ACTIVE,,
,BRAND_BLR,비엘알,비엘알,BLR,,국내 캐주얼·스트릿,,ACTIVE,,
,BRAND_BYC,비와이씨,비와이씨,BYC,,국내 캐주얼·스트릿,,ACTIVE,,
,BRAND_VIYUL,비율,비율,VIYUL,,국내 캐주얼·스트릿,,ACTIVE,,
,BRAND_VIGEVANO,비제바노,비제바노,VIGEVANO,,신발·스니커즈,,ACTIVE,,
,BRAND_BECANVAS,비캔버스,비캔버스,BECANVAS,,국내 캐주얼·스트릿,,ACTIVE,,
,BRAND_BKERMIN,비커민,비커민,BKERMIN,,국내 컨템포러리·디자이너,,ACTIVE,,
,BRAND_B_QUIET,비콰이엇,비콰이엇,B QUIET,,국내 캐주얼·스트릿,,ACTIVE,,
,BRAND_VITTERAIN,비터레인,비터레인,VITTERAIN,,국내 캐주얼·스트릿,,ACTIVE,,
,BRAND_BITTERCELLS,비터셀즈,비터셀즈,BITTERCELLS,,국내 캐주얼·스트릿,,ACTIVE,,
,BRAND_BEAT_AND_SLNC,비트 앤 사일런스,비트 앤 사일런스,BEAT&SLNC,,국내 캐주얼·스트릿,,ACTIVE,,
,BRAND_VITRO,비트로,비트로,VITRO,,국내 캐주얼·스트릿,,ACTIVE,,
,BRAND_BETWEEN_A_AND_B,비트윈에이앤비,비트윈에이앤비,BETWEEN A AND B,,국내 캐주얼·스트릿,,ACTIVE,,
,BRAND_BB_BENETTON,비플랫 베네통,비플랫 베네통,BB' BENETTON,,글로벌 스포츠·캐주얼,,ACTIVE,,
,BRAND_BEHEAVYER,비헤비어,비헤비어,BEHEAVYER,,국내 캐주얼·스트릿,,ACTIVE,,
,BRAND_VICTORIA_SHOES,빅토리아 슈즈,빅토리아 슈즈,VICTORIA SHOES,,신발·스니커즈,,ACTIVE,,
,BRAND_BEENTRILL,빈트릴,빈트릴,BEENTRILL,,국내 캐주얼·스트릿,,ACTIVE,,
,BRAND_BEENTRILL_NEWYORK,빈트릴 뉴욕,빈트릴 뉴욕,BEENTRILL NEWYORK,,글로벌 스포츠·캐주얼,,ACTIVE,,
,BRAND_BEANPOLE_LADIES,빈폴 레이디스,빈폴 레이디스,BEANPOLE LADIES,,국내 캐주얼·스트릿,,ACTIVE,,
,BRAND_BEANPOLE_MEN,빈폴 멘,빈폴 멘,BEANPOLE MEN,,국내 컨템포러리·디자이너,,ACTIVE,,
,BRAND_BEANPOLE_KIDS,빈폴 키즈,빈폴 키즈,BEANPOLE KIDS,,키즈,,ACTIVE,,
,BRAND_BEANPOLE_GOLF,빈폴골프,빈폴골프,BEANPOLE GOLF,,골프·스포츠라이프,,ACTIVE,,
,BRAND_BILLIONTEM,빌리언템,빌리언템,BILLIONTEM,,국내 캐주얼·스트릿,,ACTIVE,,
,BRAND_PASSER,빠쎄,빠쎄,PASSER,,국내 캐주얼·스트릿,,ACTIVE,,
,BRAND_B2BANG,빵빵이의 일상,빵빵이의 일상,B2BANG,,신발·스니커즈,,ACTIVE,,
,BRAND_POMME,뽐므,뽐므,POMME,,국내 캐주얼·스트릿,,ACTIVE,,
,BRAND_PPUYA,뿌야,뿌야,PPUYA,,국내 캐주얼·스트릿,,ACTIVE,,
,BRAND_SAGUARO,사구아로,사구아로,SAGUARO,,신발·스니커즈,,ACTIVE,,
,BRAND_SARANAGI,사라나기,사라나기,SARANAGI,,국내 캐주얼·스트릿,,ACTIVE,,
,BRAND_SAROS,사로스,사로스,SAROS,,국내 캐주얼·스트릿,,ACTIVE,,
,BRAND_SAPPUN,사뿐,사뿐,SAPPUN,,신발·스니커즈,,ACTIVE,,
,BRAND_SASAEORBIT,사사에오르빗,사사에오르빗,SASAEORBIT,,국내 캐주얼·스트릿,,ACTIVE,,
,BRAND_SASQUATCHFABRIX,사스콰치패브릭스,사스콰치패브릭스,SASQUATCHFABRIX,,해외 럭셔리·컨템포러리,,ACTIVE,,
,BRAND_SAOLE,사오레,사오레,SAOLE,,국내 캐주얼·스트릿,,ACTIVE,,
,BRAND_SAOLA,사올라,사올라,SAOLA,,신발·스니커즈,,ACTIVE,,
,BRAND_SAUNALABS,사우나랩스,사우나랩스,SAUNALABS,,국내 캐주얼·스트릿,,ACTIVE,,
,BRAND_SOUND_OF_SUNRISE,사운드오브선라이즈,사운드오브선라이즈,SOUND OF SUNRISE,,신발·스니커즈,,ACTIVE,,
,BRAND_SAYUU,사유,사유,SAYUU,,국내 캐주얼·스트릿,,ACTIVE,,
,BRAND_SAI,사이,사이,SAI,,국내 캐주얼·스트릿,,ACTIVE,,
,BRAND_SAILAS,사일라스,사일라스,SAILAS,,국내 캐주얼·스트릿,,ACTIVE,,
,BRAND_FOURONESIXZERO,사일육공,사일육공,FOURONESIXZERO,,국내 캐주얼·스트릿,,ACTIVE,,
,BRAND_SAKUN,사쿤,사쿤,SAKUN,,국내 캐주얼·스트릿,,ACTIVE,,
,BRAND_SATORISAN,사토리산,사토리산,SATORISAN,,신발·스니커즈,,ACTIVE,,
,BRAND_SAFARI_SULA_EXPLORE,사파리 술라 익스플로어,사파리 술라 익스플로어,SAFARI SULA EXPLORE,,국내 캐주얼·스트릿,,ACTIVE,,
,BRAND_SAFARISPOT,사파리스팟,사파리스팟,SAFARISPOT,,국내 캐주얼·스트릿,,ACTIVE,,
,BRAND_SAHAKI,사하키,사하키,SAHAKI,,국내 캐주얼·스트릿,,ACTIVE,,
,BRAND_SANLIO,산리오,산리오,SANLIO,,신발·스니커즈,,ACTIVE,,
,BRAND_SANTO_CALLE,산토칼레,산토칼레,SANTO CALLE,,국내 캐주얼·스트릿,,ACTIVE,,
,BRAND_SALOMON,살로몬,살로몬,SALOMON,,아웃도어,신발겸업,ACTIVE,,
,BRAND_SALRIMGISUL,살림의 기술,살림의 기술,SALRIMGISUL,,신발·스니커즈,,ACTIVE,,
,BRAND_SATISFY,새티스파이,새티스파이,SATISFY,,스포츠·액티브,신발겸업,ACTIVE,,
,BRAND_SAC_STUDIO,색 스튜디오,색 스튜디오,SAC STUDIO,,국내 캐주얼·스트릿,,ACTIVE,,
,BRAND_SANDRIC,샌드릭,샌드릭,SANDRIC,,신발·스니커즈,,ACTIVE,,
,BRAND_SALAD_BAGUNI,샐러드바구니,샐러드바구니,SALAD BAGUNI,,국내 컨템포러리·디자이너,,ACTIVE,,
,BRAND_SELLY_S,샐리,샐리,SELLY'S,,국내 캐주얼·스트릿,,ACTIVE,,
,BRAND_SAINT_LAURENT,생로랑,생로랑,SAINT LAURENT,,해외 럭셔리·컨템포러리,신발겸업,ACTIVE,,
,BRAND_CHANEL,샤넬,샤넬,CHANEL,,해외 럭셔리·컨템포러리,무신사 미확인,ACTIVE,,
,BRAND_SHININGHOME,샤이닝홈,샤이닝홈,SHININGHOME,,신발·스니커즈,,ACTIVE,,
,BRAND_SHINE_ON_YOU,샤인온유,샤인온유,SHINE ON YOU,,국내 캐주얼·스트릿,,ACTIVE,,
,BRAND_SHAKA_WEAR,샤카웨어,샤카웨어,SHAKA WEAR,,국내 캐주얼·스트릿,,ACTIVE,,
,BRAND_SHAKIRI,샤키리,샤키리,SHAKIRI,,국내 컨템포러리·디자이너,,ACTIVE,,
,BRAND_SUBCATEGORY,서브카테고리,서브카테고리,SUBCATEGORY,,신발·스니커즈,,ACTIVE,,
,BRAND_SUHSUH,서서,서서,SUHSUH,,국내 캐주얼·스트릿,,ACTIVE,,
,BRAND_SURGE_WEAR,서지웨어,서지웨어,SURGE WEAR,,국내 캐주얼·스트릿,,ACTIVE,,
,BRAND_SURFNTURF,서프앤터프,서프앤터프,SURFNTURF,,국내 캐주얼·스트릿,,ACTIVE,,
,BRAND_SURFACE_EDITION,서피스에디션,서피스에디션,SURFACE EDITION,,국내 캐주얼·스트릿,,ACTIVE,,
,BRAND_SUNDAY_GROOVE,선데이 그루브,선데이 그루브,SUNDAY GROOVE,,신발·스니커즈,,ACTIVE,,
,BRAND_SUNDAY_FRUIT_MARKET,선데이후르츠마켓,선데이후르츠마켓,SUNDAY FRUIT MARKET,,국내 캐주얼·스트릿,,ACTIVE,,
,BRAND_SUBDUED,섭듀드,섭듀드,SUBDUED,,국내 캐주얼·스트릿,,ACTIVE,,
,BRAND_CENIT,세니트,세니트,CENIT,,국내 캐주얼·스트릿,,ACTIVE,,
,BRAND_SAERA,세라,세라,SAERA,,신발·스니커즈,,ACTIVE,,
,BRAND_SATURDAYS_NYC,세러데이 뉴욕시티,세러데이 뉴욕시티,SATURDAYS NYC,,해외 럭셔리·컨템포러리,,ACTIVE,,
,BRAND_SATURDAY_LEISURE_CLUB,세러데이 레저 클럽,세러데이 레저 클럽,SATURDAY LEISURE CLUB,,국내 캐주얼·스트릿,신발겸업,ACTIVE,,
,BRAND_SEHR,세르,세르,SEHR,,국내 캐주얼·스트릿,,ACTIVE,,
,BRAND_SERGIO_TACCHINI,세르지오 타키니,세르지오 타키니,SERGIO TACCHINI,,신발·스니커즈,,ACTIVE,,
,BRAND_CERINI_BY_PAT,세리니 바이 피에이티,세리니 바이 피에이티,CERINI BY PAT,,국내 캐주얼·스트릿,,ACTIVE,,
,BRAND_SELIVER,세리버,세리버,SELIVER,,국내 캐주얼·스트릿,,ACTIVE,,
,BRAND_CERRIC,세릭,세릭,CERRIC,,국내 캐주얼·스트릿,,ACTIVE,,
,BRAND_SEVENSELAH,세븐셀라,세븐셀라,SEVENSELAH,,국내 캐주얼·스트릿,,ACTIVE,,
,BRAND_78UNDER,세븐에잇언더,세븐에잇언더,78UNDER,,신발·스니커즈,,ACTIVE,,
,BRAND_SEVEN_FIGURES,세븐피겨스,세븐피겨스,SEVEN FIGURES,,국내 캐주얼·스트릿,신발겸업,ACTIVE,,
,BRAND_SAVAGE,세비지,세비지,SAVAGE,,국내 캐주얼·스트릿,,ACTIVE,,
,BRAND_SSEUL,세울,세울,SSEUL,,국내 캐주얼·스트릿,,ACTIVE,,
,BRAND_SAEV,세이브,세이브,SAEV,,국내 컨템포러리·디자이너,,ACTIVE,,
,BRAND_SAVE_A_DOG,세이브어독,세이브어독,SAVE A DOG,,국내 캐주얼·스트릿,,ACTIVE,,
,BRAND_SAYSAYSAY,세이세이세이,세이세이세이,SAYSAYSAY,,국내 캐주얼·스트릿,,ACTIVE,,
,BRAND_SEYSTUDIO,세이스튜디오,세이스튜디오,SEYSTUDIO,,국내 캐주얼·스트릿,,ACTIVE,,
,BRAND_SEIIE,세이에,세이에,SEIIE,,국내 캐주얼·스트릿,,ACTIVE,,
,BRAND_SAINT_JAMES,세인트제임스,세인트제임스,SAINT JAMES,,국내 캐주얼·스트릿,,ACTIVE,,
,BRAND_SAINTCREW,세인트크루,세인트크루,SAINTCREW,,국내 캐주얼·스트릿,,ACTIVE,,
,BRAND_SAINTPAIN,세인트페인,세인트페인,SAINTPAIN,,국내 캐주얼·스트릿,,ACTIVE,,
,BRAND_SAILRACING,세일레이싱,세일레이싱,SAILRACING,,신발·스니커즈,,ACTIVE,,
,BRAND_SEJINIST,세지니스트,세지니스트,SEJINIST,,국내 캐주얼·스트릿,,ACTIVE,,
,BRAND_SECONDAILY,세컨데일리,세컨데일리,SECONDAILY,,신발·스니커즈,,ACTIVE,,
,BRAND_02ARMOIRE,세컨드 아르무아,세컨드 아르무아,02ARMOIRE,,국내 캐주얼·스트릿,,ACTIVE,,
,BRAND_SECONDSALT,세컨드솔트,세컨드솔트,SECONDSALT,,국내 캐주얼·스트릿,,ACTIVE,,
,BRAND_SECONDWAVE,세컨드웨이브,세컨드웨이브,SECONDWAVE,,국내 캐주얼·스트릿,,ACTIVE,,
,BRAND_SECONDMONO,세컨모놀로그,세컨모놀로그,SECONDMONO,,국내 캐주얼·스트릿,,ACTIVE,,
,BRAND_2NDSKIN,세컨스킨,세컨스킨,2NDSKIN,,국내 캐주얼·스트릿,,ACTIVE,,
,BRAND_SATUR,세터,세터,SATUR,,국내 컨템포러리·디자이너,신발겸업,ACTIVE,,
,BRAND_SENUE,센뉴,센뉴,SENUE,,국내 캐주얼·스트릿,,ACTIVE,,
,BRAND_SENCI,센씨,센씨,SENCI,,국내 캐주얼·스트릿,,ACTIVE,,
,BRAND_CENTAUR_KR,센토르,센토르,CENTAUR.KR,,국내 캐주얼·스트릿,,ACTIVE,,
,BRAND_CELEDIFF,셀레디프,셀레디프,CELEDIFF,,신발·스니커즈,,ACTIVE,,
,BRAND_CELEBSHOP_EDITION,셀렙샵에디션,셀렙샵에디션,CELEBSHOP EDITION,,국내 캐주얼·스트릿,,ACTIVE,,
,BRAND_CELITAILS,셀리테일즈,셀리테일즈,CELITAILS,,국내 캐주얼·스트릿,,ACTIVE,,
,BRAND_SELITIO,셀리티오,셀리티오,SELITIO,,국내 캐주얼·스트릿,,ACTIVE,,
,BRAND_CELINE,셀린느,셀린느,CELINE,,해외 럭셔리·컨템포러리,,ACTIVE,,
,BRAND_SELFISH,셀피쉬,셀피쉬,SELFISH,,국내 컨템포러리·디자이너,,ACTIVE,,
,BRAND_SELFISHAFFECTION,셀피시어펙션,셀피시어펙션,SELFISHAFFECTION,,국내 캐주얼·스트릿,,ACTIVE,,
,BRAND_SEMPERRIBER,셈퍼리버,셈퍼리버,SEMPERRIBER,,국내 캐주얼·스트릿,,ACTIVE,,
,BRAND_SETUP_EXE,셋업이엑스이,셋업이엑스이,SETUP-EXE,,국내 컨템포러리·디자이너,,ACTIVE,,
,BRAND_CHERTOI_SEOUL,셰르뚜아 서울,셰르뚜아 서울,CHERTOI SEOUL,,신발·스니커즈,,ACTIVE,,
,BRAND_SODA,소다,소다,SODA,,신발·스니커즈,,ACTIVE,,
,BRAND_SORANO,소라노,소라노,SORANO,,국내 캐주얼·스트릿,,ACTIVE,,
,BRAND_SOREL,소렐,소렐,SOREL,,신발·스니커즈,,ACTIVE,,
,BRAND_SORDI,소르디,소르디,SORDI,,국내 캐주얼·스트릿,,ACTIVE,,
,BRAND_SORVETROOM,소르베룸,소르베룸,SORVETROOM,,국내 캐주얼·스트릿,,ACTIVE,,
,BRAND_SORBEE,소르비,소르비,SORBEE,,국내 캐주얼·스트릿,,ACTIVE,,
,BRAND_SOMERSET,소머셋,소머셋,SOMERSET,,국내 캐주얼·스트릿,,ACTIVE,,
,BRAND_SOSOMOSO,소소모소,소소모소,SOSOMOSO,,신발·스니커즈,,ACTIVE,,
,BRAND_SOEOTI,소어티,소어티,SOEOTI,,국내 캐주얼·스트릿,,ACTIVE,,
,BRAND_SUTIL,소티에,소티에,SUTIL,,국내 캐주얼·스트릿,,ACTIVE,,
,BRAND_SOFSOLE,소프솔,소프솔,SOFSOLE,,신발·스니커즈,,ACTIVE,,
,BRAND_SOFT_GOODS_MFG,소프트굿즈,소프트굿즈,SOFT GOODS MFG,,글로벌 스포츠·캐주얼,,ACTIVE,,
,BRAND_SOFLER,소플러,소플러,SOFLER,,국내 캐주얼·스트릿,,ACTIVE,,
,BRAND_SOLETTE,솔레뜨,솔레뜨,SOLETTE,,신발·스니커즈,,ACTIVE,,
,BRAND_SOLOVAIR,솔로베어,솔로베어,SOLOVAIR,,신발·스니커즈,,ACTIVE,,
,BRAND_SALT_AND_CHOCOLATE,솔트앤초콜릿,솔트앤초콜릿,SALT AND CHOCOLATE,,신발·스니커즈,,ACTIVE,,
,BRAND_SALTWATER,솔트워터,솔트워터,SALTWATER,,신발·스니커즈,,ACTIVE,,
,BRAND_SORTIE,솔티,솔티,SORTIE,,국내 캐주얼·스트릿,,ACTIVE,,
,BRAND_SOMSOC,솜속,솜속,SOMSOC,,국내 캐주얼·스트릿,,ACTIVE,,
,BRAND_SONGWOL_TOWEL,송월타올,송월타올,SONGWOL TOWEL,,국내 캐주얼·스트릿,,ACTIVE,,
,BRAND_SCHOLL,숄,숄,SCHOLL,,신발·스니커즈,,ACTIVE,,
,BRAND_SUCORSESE,수꼬르세지,수꼬르세지,SUCORSESE,,국내 캐주얼·스트릿,,ACTIVE,,
,BRAND_SUMIRO,수미로,수미로,SUMIRO,,국내 캐주얼·스트릿,,ACTIVE,,
,BRAND_SUSUMU,수수무,수수무,SUSUMU,,국내 캐주얼·스트릿,,ACTIVE,,
,BRAND_SUARE,수아레,수아레,SUARE,,국내 캐주얼·스트릿,신발겸업,ACTIVE,,
,BRAND_SUARE_WOMEN,수아레 우먼,수아레 우먼,SUARE WOMEN,,국내 캐주얼·스트릿,,ACTIVE,,
,BRAND_XHUA_T,수아트,수아트,XHUA'T,,국내 캐주얼·스트릿,,ACTIVE,,
,BRAND_SUENO_STUDIO,수에뇨스튜디오,수에뇨스튜디오,SUENO STUDIO,,국내 캐주얼·스트릿,,ACTIVE,,
,BRAND_SOOOLI,수올리,수올리,SOOOLI,,신발·스니커즈,,ACTIVE,,
,BRAND_SUWAHAE,수와해,수와해,SUWAHAE,,국내 캐주얼·스트릿,,ACTIVE,,
,BRAND_SUIBOM,수이봄,수이봄,SUIBOM,,국내 캐주얼·스트릿,,ACTIVE,,
,BRAND_SUKEE,수키,수키,SUKEE,,국내 컨템포러리·디자이너,,ACTIVE,,
,BRAND_SUPERGA,수페르가,수페르가,SUPERGA,,신발·스니커즈,,ACTIVE,,
,BRAND_SUPRA,수프라,수프라,SUPRA,,글로벌 스포츠·캐주얼,신발겸업,ACTIVE,,
,BRAND_SOONJEANS,순진,순진,SOONJEANS,,국내 캐주얼·스트릿,,ACTIVE,,
,BRAND_SHELL_CORPORATION,쉘코퍼레이션,쉘코퍼레이션,SHELL CORPORATION,,아웃도어,,ACTIVE,,
,BRAND_SHEVOKE,쉬보크,쉬보크,SHEVOKE,,해외 럭셔리·컨템포러리,,ACTIVE,,
,BRAND_SHHSTUDIO,쉬스튜디오,쉬스튜디오,SHHSTUDIO,,국내 캐주얼·스트릿,,ACTIVE,,
,BRAND_SUGAPOINT,슈가포인트,슈가포인트,SUGAPOINT,,국내 캐주얼·스트릿,,ACTIVE,,
,BRAND_SUDB,슈드비,슈드비,SUDB,,국내 캐주얼·스트릿,,ACTIVE,,
,BRAND_SLAMODE,슈라모드,슈라모드,SLAMODE,,신발·스니커즈,,ACTIVE,,
,BRAND_SHOEMARKER,슈마커,슈마커,SHOEMARKER,,신발·스니커즈,,ACTIVE,,
,BRAND_SUBET,슈벳,슈벳,SUBET,,국내 캐주얼·스트릿,,ACTIVE,,
,BRAND_CHOUETTE_SAPE,슈엣뜨 샤폐,슈엣뜨 샤폐,CHOUETTE SAPE,,국내 캐주얼·스트릿,,ACTIVE,,
,BRAND_SUECOMMA_BONNIE,슈콤마보니,슈콤마보니,SUECOMMA BONNIE,,신발·스니커즈,,ACTIVE,,
,BRAND_SUPERVELOCE,슈퍼벨로체,슈퍼벨로체,SUPERVELOCE,,국내 캐주얼·스트릿,,ACTIVE,,
,BRAND_SUPERSUB,슈퍼서브,슈퍼서브,SUPERSUB,,국내 캐주얼·스트릿,,ACTIVE,,
,BRAND_SUPERPET,슈퍼펫,슈퍼펫,SUPERPET,,국내 캐주얼·스트릿,,ACTIVE,,
,BRAND_SUPENER,슈페너,슈페너,SUPENER,,신발·스니커즈,,ACTIVE,,
,BRAND_SHOOPEN,슈펜,슈펜,SHOOPEN,,신발·스니커즈,,ACTIVE,,
,BRAND_SHOEHI,슈하이,슈하이,SHOEHI,,신발·스니커즈,,ACTIVE,,
,BRAND_SNAPPY_CUDDLE,스내피커들,스내피커들,SNAPPY CUDDLE,,국내 캐주얼·스트릿,,ACTIVE,,
,BRAND_SNUGU,스너그유,스너그유,SNUGU,,국내 캐주얼·스트릿,,ACTIVE,,
,BRAND_SNUGGIEST,스너기스트,스너기스트,SNUGGIEST,,국내 캐주얼·스트릿,,ACTIVE,,
,BRAND_SNUZY,스너지,스너지,SNUZY,,국내 캐주얼·스트릿,,ACTIVE,,
,BRAND_SNOYA,스노야,스노야,SNOYA,,국내 캐주얼·스트릿,,ACTIVE,,
,BRAND_SNOWPEAK,스노우피크,스노우피크,SNOWPEAK,,아웃도어,,ACTIVE,,
,BRAND_SNOWPEAK_APPAREL,스노우피크 어패럴,스노우피크 어패럴,SNOWPEAK APPAREL,,아웃도어,,ACTIVE,,
,BRAND_SEUREOUM,스러움,스러움,SEUREOUM,,국내 캐주얼·스트릿,,ACTIVE,,
,BRAND_SELEVER,스르비,스르비,SELEVER,,국내 캐주얼·스트릿,,ACTIVE,,
,BRAND_SMILING_ON_ME,스마일링온미,스마일링온미,SMILING ON ME,,국내 캐주얼·스트릿,,ACTIVE,,
,BRAND_SMOKEASTAR,스모크어스타,스모크어스타,SMOKEASTAR,,국내 컨템포러리·디자이너,,ACTIVE,,
,BRAND_SMITHARMOR,스미스아머,스미스아머,SMITHARMOR,,국내 캐주얼·스트릿,,ACTIVE,,
,BRAND_SMITHTAYLOR,스미스테일러,스미스테일러,SMITHTAYLOR,,국내 캐주얼·스트릿,,ACTIVE,,
,BRAND_SUBU,스부,스부,SUBU,,신발·스니커즈,,ACTIVE,,
,BRAND_SWAGGER,스웨거,스웨거,SWAGGER,,국내 캐주얼·스트릿,,ACTIVE,,
,BRAND_SWAYGLOW,스웨이글로우,스웨이글로우,SWAYGLOW,,국내 캐주얼·스트릿,,ACTIVE,,
,BRAND_SUADE,스웨이드,스웨이드,SUADE,,국내 캐주얼·스트릿,,ACTIVE,,
,BRAND_SWEATERHOUSE,스웨터하우스,스웨터하우스,SWEATERHOUSE,,국내 캐주얼·스트릿,,ACTIVE,,
,BRAND_SWIMABOUT,스윔어바웃,스윔어바웃,SWIMABOUT,,신발·스니커즈,,ACTIVE,,
,BRAND_SCARPA,스카르파,스카르파,SCARPA,,신발·스니커즈,,ACTIVE,,
,BRAND_SKULLPIG,스컬피그,스컬피그,SKULLPIG,,스포츠·액티브,,ACTIVE,,
,BRAND_SCOMBER,스컴버,스컴버,SCOMBER,,신발·스니커즈,,ACTIVE,,
,BRAND_SKECHERS,스케쳐스,스케쳐스,SKECHERS,,신발·스니커즈,,ACTIVE,,
,BRAND_SCALLYWAG,스켈리웩,스켈리웩,SCALLYWAG,,국내 캐주얼·스트릿,,ACTIVE,,
,BRAND_SKONO,스코노,스코노,SKONO,,신발·스니커즈,,ACTIVE,,
,BRAND_SQUSQUARE,스쿠스퀘어,스쿠스퀘어,SQUSQUARE,,국내 캐주얼·스트릿,,ACTIVE,,
,BRAND_SKOOT_HANDMEDOWNS,스쿠읏 핸드미다운즈,스쿠읏 핸드미다운즈,SKOOT HANDMEDOWNS,,국내 캐주얼·스트릿,,ACTIVE,,
,BRAND_SCHISM_INDUCING,스키즘 인듀싱,스키즘 인듀싱,SCHISM INDUCING,,국내 캐주얼·스트릿,신발겸업,ACTIVE,,
,BRAND_STAR_B,스타비,스타비,STAR.B,,신발·스니커즈,,ACTIVE,,
,BRAND_STYLE_UP_DONGGRI,스타일업동그리,스타일업동그리,STYLE UP DONGGRI,,신발·스니커즈,,ACTIVE,,
,BRAND_STANDARDERROR,스탠다드에러,스탠다드에러,STANDARDERROR,,국내 캐주얼·스트릿,,ACTIVE,,
,BRAND_STAND_OIL,스탠드오일,스탠드오일,STAND OIL,,신발·스니커즈,,ACTIVE,,
,BRAND_STENDS,스탠즈,스탠즈,STENDS,,국내 캐주얼·스트릿,,ACTIVE,,
,BRAND_STEREOPHONIC_SOUND,스테레오포닉사운드,스테레오포닉사운드,STEREOPHONIC SOUND,,국내 캐주얼·스트릿,,ACTIVE,,
,BRAND_STELLA_MCCARTNEY,스텔라 맥카트니,스텔라 맥카트니,STELLA MCCARTNEY,,해외 럭셔리·컨템포러리,무신사 미확인,ACTIVE,,
,BRAND_STELLA_BE,스텔라비,스텔라비,STELLA BE,,국내 캐주얼·스트릿,,ACTIVE,,
,BRAND_STEP_AROUND,스텝어라운드,스텝어라운드,STEP AROUND,,국내 캐주얼·스트릿,,ACTIVE,,
,BRAND_STOE,스토,스토,STOE,,신발·스니커즈,,ACTIVE,,
,BRAND_STORYGARDEN,스토리가든,스토리가든,STORYGARDEN,,국내 캐주얼·스트릿,,ACTIVE,,
,BRAND_STORYOGA,스토리요가,스토리요가,STORYOGA,,국내 캐주얼·스트릿,,ACTIVE,,
,BRAND_STOKTON,스톡튼,스톡튼,STOKTON,,신발·스니커즈,,ACTIVE,,
,BRAND_STOCKHOLM_SURFBOARD_CLUB,스톡홀름 서프보드 클럽,스톡홀름 서프보드 클럽,STOCKHOLM SURFBOARD CLUB,,글로벌 스포츠·캐주얼,,ACTIVE,,
,BRAND_STOCKHOLM_SYNDROME,스톡홀름 신드롬,스톡홀름 신드롬,STOCKHOLM SYNDROME,,국내 캐주얼·스트릿,,ACTIVE,,
,BRAND_STOOP_MOTORCYCLES,스툽 모터사이클,스툽 모터사이클,STOOP MOTORCYCLES,,국내 캐주얼·스트릿,,ACTIVE,,
,BRAND_STHU,스튜,스튜,STHU,,국내 컨템포러리·디자이너,,ACTIVE,,
,BRAND_STUDIO_TOMBOY,스튜디오 톰보이,스튜디오 톰보이,STUDIO TOMBOY,,국내 컨템포러리·디자이너,신발겸업,ACTIVE,,
,BRAND_STUDIO_NICHOLSON,스튜디오니콜슨,스튜디오니콜슨,STUDIO NICHOLSON,,해외 럭셔리·컨템포러리,신발겸업,ACTIVE,,
,BRAND_STMG,스트라이프마가린,스트라이프마가린,STMG,,국내 캐주얼·스트릿,,ACTIVE,,
,BRAND_STRAYE,스트레이,스트레이,STRAYE,,신발·스니커즈,,ACTIVE,,
,BRAND_STREET_STANDARD,스트리트 스탠다드,스트리트 스탠다드,STREET STANDARD,,국내 캐주얼·스트릿,,ACTIVE,,
,BRAND_STIGMA,스티그마,스티그마,STIGMA,,국내 캐주얼·스트릿,,ACTIVE,,
,BRAND_STIMILON,스티밀론,스티밀론,STIMILON,,국내 컨템포러리·디자이너,,ACTIVE,,
,BRAND_STILLLETHARDY,스틸레써디,스틸레써디,STILLLETHARDY,,국내 캐주얼·스트릿,,ACTIVE,,
,BRAND_STEEPC,스팁,스팁,STEEPC,,국내 캐주얼·스트릿,신발겸업,ACTIVE,,
,BRAND_SPAO,스파오,스파오,SPAO,,국내 SPA·베이직,,ACTIVE,,
,BRAND_SPALWART,스파워트,스파워트,SPALWART,,신발·스니커즈,,ACTIVE,,
,BRAND_SPYDER,스파이더,스파이더,SPYDER,,아웃도어,신발겸업,ACTIVE,,
,BRAND_SPARKLING_PIECE,스파클링피스,스파클링피스,SPARKLING PIECE,,국내 캐주얼·스트릿,,ACTIVE,,
,BRAND_SPUR,스퍼,스퍼,SPUR,,신발·스니커즈,,ACTIVE,,
,BRAND_SPERONE,스페로네,스페로네,SPERONE,,국내 캐주얼·스트릿,,ACTIVE,,
,BRAND_SPERONE_WOMEN,스페로네 우먼,스페로네 우먼,SPERONE WOMEN,,국내 캐주얼·스트릿,,ACTIVE,,
,BRAND_SPECIAL_GUEST,스페셜게스트,스페셜게스트,SPECIAL GUEST,,국내 캐주얼·스트릿,,ACTIVE,,
,BRAND_SPORTS_ILLUSTRATED,스포츠 일러스트레이티드,스포츠 일러스트레이티드,SPORTS ILLUSTRATED,,스포츠·액티브,,ACTIVE,,
,BRAND_SPORT_CHAMBER,스포츠챔버,스포츠챔버,SPORT CHAMBER,,스포츠·액티브,,ACTIVE,,
,BRAND_SPORTY_AND_RICH,스포티앤리치,스포티앤리치,SPORTY&RICH,,글로벌 스포츠·캐주얼,신발겸업,ACTIVE,,
,BRAND_SPINGLE,스핑글,스핑글,SPINGLE,,신발·스니커즈,,ACTIVE,,
,BRAND_SLDS,슬레이즈,슬레이즈,SLDS,,국내 캐주얼·스트릿,,ACTIVE,,
,BRAND_SLLOW_GARMENTS,슬로우가먼츠,슬로우가먼츠,SLLOW GARMENTS,,국내 캐주얼·스트릿,,ACTIVE,,
,BRAND_SLOWACID,슬로우애시드,슬로우애시드,SLOWACID,,국내 컨템포러리·디자이너,,ACTIVE,,
,BRAND_SLEEPERS,슬리퍼스,슬리퍼스,SLEEPERS,,국내 캐주얼·스트릿,,ACTIVE,,
,BRAND_SLEEPER_HIT_VIDEO,슬리퍼히트비디오,슬리퍼히트비디오,SLEEPER HIT VIDEO,,국내 캐주얼·스트릿,,ACTIVE,,
,BRAND_SLEEPY_JONES,슬리피 존스,슬리피 존스,SLEEPY JONES,,국내 캐주얼·스트릿,,ACTIVE,,
,BRAND_SLEEPYSLIP,슬리피슬립,슬리피슬립,SLEEPYSLIP,,국내 캐주얼·스트릿,,ACTIVE,,
,BRAND_SLEEPYCAT,슬리피캣,슬리피캣,SLEEPYCAT,,국내 캐주얼·스트릿,,ACTIVE,,
,BRAND_SLEEK,슬릭,슬릭,SLEEK,,국내 컨템포러리·디자이너,신발겸업,ACTIVE,,
,BRAND_SLEEKGLOW,슬릭글로우,슬릭글로우,SLEEKGLOW,,국내 캐주얼·스트릿,,ACTIVE,,
,BRAND_SLICK_AND_EASY,슬릭앤이지,슬릭앤이지,SLICK AND EASY,,국내 캐주얼·스트릿,,ACTIVE,,
,BRAND_SLIM9,슬림나인,슬림나인,SLIM9,,국내 캐주얼·스트릿,,ACTIVE,,
,BRAND_SLIMPPER,슬림퍼,슬림퍼,SLIMPPER,,신발·스니커즈,,ACTIVE,,
,BRAND_SLEEPSLEPT,슬립슬랩,슬립슬랩,SLEEPSLEPT,,국내 캐주얼·스트릿,,ACTIVE,,
,BRAND_SIGNATURE,시그니처,시그니처,SIGNATURE,,국내 컨템포러리·디자이너,,ACTIVE,,
,BRAND_SIGREAT,시그레이트,시그레이트,SIGREAT,,국내 캐주얼·스트릿,,ACTIVE,,
,BRAND_SIGMAS,시그마스,시그마스,SIGMAS,,스포츠·액티브,,ACTIVE,,
,BRAND_SINOON,시눈,시눈,SINOON,,국내 컨템포러리·디자이너,,ACTIVE,,
,BRAND_SIMYOMOOD,시묘무드,시묘무드,SIMYOMOOD,,신발·스니커즈,,ACTIVE,,
,BRAND_SIIOUR,시아워,시아워,SIIOUR,,국내 캐주얼·스트릿,,ACTIVE,,
,BRAND_SIYAZU,시야쥬,시야쥬,SIYAZU,,신발·스니커즈,,ACTIVE,,
,BRAND_SIERRA_DESIGNS,시에라디자인,시에라디자인,SIERRA DESIGNS,,아웃도어,신발겸업,ACTIVE,,
,BRAND_SIENNE,시엔느,시엔느,SIENNE,,국내 캐주얼·스트릿,,ACTIVE,,
,BRAND_6FT,식스핏,식스핏,6FT,,신발·스니커즈,,ACTIVE,,
,BRAND_SIINVII,신비,신비,SIINVII,,국내 컨템포러리·디자이너,신발겸업,ACTIVE,,
,BRAND_SHEENSEOUL,신서울,신서울,SHEENSEOUL,,국내 캐주얼·스트릿,,ACTIVE,,
,BRAND_SINCETHEN,신스덴,신스덴,SINCETHEN,,국내 캐주얼·스트릿,,ACTIVE,,
,BRAND_SHINS_LETTERS,신스레터스,신스레터스,SHINS LETTERS,,국내 캐주얼·스트릿,,ACTIVE,,
,BRAND_SINCERELY_JUNE,신시얼리준,신시얼리준,SINCERELY JUNE,,국내 캐주얼·스트릿,,ACTIVE,,
,BRAND_SINCITY,신시티,신시티,SINCITY,,국내 컨템포러리·디자이너,,ACTIVE,,
,BRAND_SSIN_AND_LEE,신앤리,신앤리,SSIN AND LEE,,국내 캐주얼·스트릿,,ACTIVE,,
,BRAND_SHINZU,신즈,신즈,SHINZU,,국내 캐주얼·스트릿,,ACTIVE,,
,BRAND_SILN,실른,실른,SILN,,국내 캐주얼·스트릿,,ACTIVE,,
,BRAND_SIMPLE_RETRO,심플레트로,심플레트로,SIMPLE RETRO,,국내 캐주얼·스트릿,,ACTIVE,,
,BRAND_SIMPLY_STYLED,심플리 스타일드,심플리 스타일드,SIMPLY STYLED,,국내 캐주얼·스트릿,,ACTIVE,,
,BRAND_SINKERLOOP,싱커루프,싱커루프,SINKERLOOP,,국내 캐주얼·스트릿,,ACTIVE,,
,BRAND_CYCLEAN,싸이클린,싸이클린,CYCLEAN,,국내 캐주얼·스트릿,,ACTIVE,,
,BRAND_SAKK,싹,싹,SAKK,,국내 캐주얼·스트릿,,ACTIVE,,
,BRAND_SUNNEI,써네이,써네이,SUNNEI,,신발·스니커즈,,ACTIVE,,
,BRAND_SUNNYSTEP,써니스텝,써니스텝,SUNNYSTEP,,신발·스니커즈,,ACTIVE,,
,BRAND_THIRD_PROJECT,써드 프로젝트,써드 프로젝트,THIRD PROJECT,,국내 캐주얼·스트릿,,ACTIVE,,
,BRAND_THIRDWEAVE,써드위브,써드위브,THIRDWEAVE,,국내 캐주얼·스트릿,,ACTIVE,,
,BRAND_SURREALL,써리얼,써리얼,SURREALL,,국내 캐주얼·스트릿,,ACTIVE,,
,BRAND_THURSDAY_ISLAND,써스데이 아일랜드,써스데이 아일랜드,THURSDAY ISLAND,,신발·스니커즈,,ACTIVE,,
,BRAND_SURGERY,써저리,써저리,SURGERY,,국내 캐주얼·스트릿,,ACTIVE,,
,BRAND_SAUCONY,써코니,써코니,SAUCONY,,신발·스니커즈,,ACTIVE,,
,BRAND_CIRCLE,써클,써클,CIRCLE,,신발·스니커즈,,ACTIVE,,
,BRAND_SURFEA,써피,써피,SURFEA,,국내 캐주얼·스트릿,,ACTIVE,,
,BRAND_SUNLOVETOUR,썬러브투어,썬러브투어,SUNLOVETOUR,,신발·스니커즈,,ACTIVE,,
,BRAND_SUNBURNPROJECT,썬번프로젝트,썬번프로젝트,SUNBURNPROJECT,,국내 컨템포러리·디자이너,신발겸업,ACTIVE,,
,BRAND_SOMETHING_ACOUSTIC,썸띵어쿠스틱,썸띵어쿠스틱,SOMETHING ACOUSTIC,,국내 캐주얼·스트릿,,ACTIVE,,
,BRAND_SUMNFIT,썸앤핏,썸앤핏,SUMNFIT,,스포츠·액티브,,ACTIVE,,
,BRAND_SOMEWHERE_OUTSIDE_HIKING_COMPANY,썸웨어 아웃사이드 하이킹 컴퍼니,썸웨어 아웃사이드 하이킹 컴퍼니,SOMEWHERE OUTSIDE HIKING COMPANY,,국내 캐주얼·스트릿,,ACTIVE,,
,BRAND_SOMEWHEREBUTTER,썸웨어버터,썸웨어버터,SOMEWHEREBUTTER,,국내 캐주얼·스트릿,신발겸업,ACTIVE,,
,BRAND_SOME_PLACE,썸플레이스,썸플레이스,SOME PLACE,,국내 캐주얼·스트릿,,ACTIVE,,
,BRAND_SOMEPLACE_MAN,썸플레이스 맨,썸플레이스 맨,SOMEPLACE MAN,,국내 캐주얼·스트릿,,ACTIVE,,
,BRAND_CETU,쎄뚜,쎄뚜,CETU,,국내 캐주얼·스트릿,,ACTIVE,,
,BRAND_SSERPE,쎄르페,쎄르페,SSERPE,,국내 캐주얼·스트릿,,ACTIVE,,
,BRAND_CEST_MOIDEW,쎄무아듀,쎄무아듀,CEST MOIDEW,,국내 캐주얼·스트릿,,ACTIVE,,
,BRAND_SSEMI,쎄미,쎄미,SSEMI,,국내 캐주얼·스트릿,,ACTIVE,,
,BRAND_SETSETSET,쎄쎄쎄,쎄쎄쎄,SETSETSET,,국내 컨템포러리·디자이너,,ACTIVE,,
,BRAND_SAYYEON,쎄이연,쎄이연,SAYYEON,,국내 컨템포러리·디자이너,,ACTIVE,,
,BRAND_THOROGOOD,쏘로굿,쏘로굿,THOROGOOD,,신발·스니커즈,,ACTIVE,,
,BRAND_SORRY_TOO_MUCH_LOVE,"쏘리, 투 머치 러브","쏘리, 투 머치 러브","SORRY, TOO MUCH LOVE",,국내 캐주얼·스트릿,,ACTIVE,,
,BRAND_SEW_B,쏘비,쏘비,SEW-B,,국내 캐주얼·스트릿,,ACTIVE,,
,BRAND_SAUCY,쏘씨,쏘씨,SAUCY,,국내 캐주얼·스트릿,,ACTIVE,,
,BRAND_SSO_M,쏘엠,쏘엠,SSO-M,,국내 캐주얼·스트릿,,ACTIVE,,
,BRAND_SOULESURES,쏘유레슈어,쏘유레슈어,SOULESURES,,신발·스니커즈,,ACTIVE,,
,BRAND_SOULESURES_BOLD,쏘유레슈어_볼드,쏘유레슈어_볼드,SOULESURES BOLD,,신발·스니커즈,,ACTIVE,,
,BRAND_SO_IR,쏘이르,쏘이르,SO IR,,국내 캐주얼·스트릿,,ACTIVE,,
,BRAND_3IE,쓰리아이,쓰리아이,3IE,,국내 캐주얼·스트릿,,ACTIVE,,
,BRAND_THREE_TO_EIGHTY,쓰리투에이티,쓰리투에이티,THREE TO EIGHTY,,국내 캐주얼·스트릿,신발겸업,ACTIVE,,
,BRAND_C_DE_NOIRS,씨드느와,씨드느와,C DE NOIRS,,골프·스포츠라이프,,ACTIVE,,
,BRAND_CESTSACHA,씨사샤,씨사샤,CESTSACHA,,국내 캐주얼·스트릿,,ACTIVE,,
,BRAND_CH_404,씨에이치사공사,씨에이치사공사,CH.404,,국내 캐주얼·스트릿,,ACTIVE,,
,BRAND_CFCL,씨에프씨엘,씨에프씨엘,CFCL,,국내 캐주얼·스트릿,,ACTIVE,,
,BRAND_COME,씨오엠이,씨오엠이,COME,,국내 캐주얼·스트릿,,ACTIVE,,
,BRAND_C_WEAR_BY_THE_GENIUS,씨웨어 바이 더 지니어스,씨웨어 바이 더 지니어스,C WEAR BY THE GENIUS,,국내 캐주얼·스트릿,,ACTIVE,,
,BRAND_CEJ_STUDIO,씨이제이 스튜디오,씨이제이 스튜디오,CEJ STUDIO,,국내 캐주얼·스트릿,,ACTIVE,,
,BRAND_CQR,씨큐알,씨큐알,CQR,,아웃도어,,ACTIVE,,
,BRAND_C_CLOVER,씨클로버,씨클로버,C CLOVER,,국내 캐주얼·스트릿,,ACTIVE,,
,BRAND_CITTA,씨타,씨타,CITTA,,국내 캐주얼·스트릿,,ACTIVE,,
,BRAND_CP_COMPANY,씨피 컴퍼니,씨피 컴퍼니,CP COMPANY,,해외 럭셔리·컨템포러리,,ACTIVE,,
,BRAND_CPTS,씨피티에스,씨피티에스,CPTS,,국내 캐주얼·스트릿,,ACTIVE,,
,BRAND_SEEN,씬,씬,SEEN,,국내 캐주얼·스트릿,,ACTIVE,,
,BRAND_ANALOG_MOOD,아날로그무드,아날로그무드,ANALOG MOOD,,국내 캐주얼·스트릿,신발겸업,ACTIVE,,
,BRAND_ANALOGBASS,아날로그베이스,아날로그베이스,ANALOGBASS,,국내 컨템포러리·디자이너,,ACTIVE,,
,BRAND_ANONIMO_A,아노니모아노니마,아노니모아노니마,ANONIMO-A,,국내 캐주얼·스트릿,,ACTIVE,,
,BRAND_ANOETIC,아노에틱,아노에틱,ANOETIC,,국내 컨템포러리·디자이너,,ACTIVE,,
,BRAND_ANNOT,아노트,아노트,ANNOT,,국내 캐주얼·스트릿,,ACTIVE,,
,BRAND_OTHER_WORLDLY,아더월들리,아더월들리,OTHER-WORLDLY,,국내 캐주얼·스트릿,,ACTIVE,,
,BRAND_OTHER_EASY,아더이지,아더이지,OTHER EASY,,국내 캐주얼·스트릿,,ACTIVE,,
,BRAND_OTHERFITS,아더피츠,아더피츠,OTHERFITS,,국내 캐주얼·스트릿,,ACTIVE,,
,BRAND_ADOREBELLE,아도르벨르,아도르벨르,ADOREBELLE,,국내 컨템포러리·디자이너,,ACTIVE,,
,BRAND_ADIDAS,아디다스,아디다스,ADIDAS,,글로벌 스포츠·캐주얼,신발겸업,ACTIVE,,
,BRAND_ADIDAS_GOLF,아디다스 골프,아디다스 골프,ADIDAS GOLF,,골프·스포츠라이프,,ACTIVE,,
,BRAND_ADIDAS_COMBAT_SPORTS,아디다스 컴뱃 스포츠,아디다스 컴뱃 스포츠,ADIDAS COMBAT SPORTS,,스포츠·액티브,,ACTIVE,,
,BRAND_ATHE_VANESSABRUNO,아떼 바네사브루노,아떼 바네사브루노,ATHE VANESSABRUNO,,신발·스니커즈,,ACTIVE,,
,BRAND_ATTRAVER,아뜨라베르,아뜨라베르,ATTRAVER,,국내 캐주얼·스트릿,,ACTIVE,,
,BRAND_ARENA,아레나,아레나,ARENA,,스포츠·액티브,신발겸업,ACTIVE,,
,BRAND_ARGO,아르고,아르고,ARGO,,국내 캐주얼·스트릿,,ACTIVE,,
,BRAND_ARETHAT,아르댓,아르댓,ARETHAT,,국내 컨템포러리·디자이너,,ACTIVE,,
,BRAND_ARMANI_EXCHANGE,아르마니 익스체인지,아르마니 익스체인지,ARMANI EXCHANGE,,글로벌 스포츠·캐주얼,신발겸업,ACTIVE,,
,BRAND_ARMEDES,아르메데스,아르메데스,ARMEDES,,국내 캐주얼·스트릿,신발겸업,ACTIVE,,
,BRAND_AREUBAN,아르반,아르반,AREUBAN,,국내 캐주얼·스트릿,,ACTIVE,,
,BRAND_ARSCONTACT,아르스 콘택트,아르스 콘택트,ARSCONTACT,,국내 캐주얼·스트릿,,ACTIVE,,
,BRAND_ARI,아리,아리,ARI,,신발·스니커즈,,ACTIVE,,
,BRAND_ARIKIM,아리킴,아리킴,ARIKIM,,국내 캐주얼·스트릿,,ACTIVE,,
,BRAND_AMOMENTO,아모멘토,아모멘토,AMOMENTO,,국내 캐주얼·스트릿,,ACTIVE,,
,BRAND_AMOU,아모우,아모우,AMOU,,국내 캐주얼·스트릿,,ACTIVE,,
,BRAND_AMOUPRE,아모프레,아모프레,AMOUPRE,,국내 캐주얼·스트릿,,ACTIVE,,
,BRAND_AMUN,아문,아문,AMUN,,국내 캐주얼·스트릿,,ACTIVE,,
,BRAND_AMIDI,아미디,아미디,AMIDI,,국내 캐주얼·스트릿,,ACTIVE,,
,BRAND_AVA_MOLLI,아바몰리,아바몰리,AVA MOLLI,,국내 컨템포러리·디자이너,,ACTIVE,,
,BRAND_ABENAKI,아베나키,아베나키,ABENAKI,,국내 캐주얼·스트릿,,ACTIVE,,
,BRAND_AVVES_GOLF,아베스골프,아베스골프,AVVES GOLF,,골프·스포츠라이프,,ACTIVE,,
,BRAND_ABLA_PUDETI,아블라 푸데티,아블라 푸데티,ABLA PUDETI,,국내 캐주얼·스트릿,,ACTIVE,,
,BRAND_AVISPA,아비스파,아비스파,AVISPA,,신발·스니커즈,,ACTIVE,,
,BRAND_APIED_MARCHE,아삐에 마르슈,아삐에 마르슈,APIED MARCHE,,국내 캐주얼·스트릿,신발겸업,ACTIVE,,
,BRAND_ACEI,아세이,아세이,ACEI,,국내 캐주얼·스트릿,,ACTIVE,,
,BRAND_ACENTE,아센테,아센테,ACENTE,,국내 캐주얼·스트릿,,ACTIVE,,
,BRAND_ASURA,아수라,아수라,ASURA,,국내 캐주얼·스트릿,신발겸업,ACTIVE,,
,BRAND_ASH,아쉬,아쉬,ASH,,신발·스니커즈,,ACTIVE,,
,BRAND_ASTRWRLD,아스테르월드,아스테르월드,ASTRWRLD,,국내 캐주얼·스트릿,,ACTIVE,,
,BRAND_ASTRAL_PROJECTION,아스트랄 프로젝션,아스트랄 프로젝션,ASTRAL PROJECTION,,국내 캐주얼·스트릿,,ACTIVE,,
,BRAND_ASTROVE,아스트로브,아스트로브,ASTROVE,,스포츠·액티브,,ACTIVE,,
,BRAND_ASPARAGUS,아스파라거스,아스파라거스,ASPARAGUS,,국내 캐주얼·스트릿,,ACTIVE,,
,BRAND_ASIHA,아시하,아시하,ASIHA,,국내 캐주얼·스트릿,,ACTIVE,,
,BRAND_ASICS,아식스,아식스,ASICS,,글로벌 스포츠·캐주얼,신발겸업,ACTIVE,,
,BRAND_ASICS_GOLF,아식스 골프,아식스 골프,ASICS GOLF,,골프·스포츠라이프,,ACTIVE,,
,BRAND_AYASNSEY,아야즈앤세이,아야즈앤세이,AYASNSEY,,국내 캐주얼·스트릿,,ACTIVE,,
,BRAND_AORDDA,아올다,아올다,AORDDA,,스포츠·액티브,,ACTIVE,,
,BRAND_OURO,아우로,아우로,OURO,,신발·스니커즈,,ACTIVE,,
,BRAND_AUBOUR,아우브아워,아우브아워,AUBOUR,,국내 캐주얼·스트릿,,ACTIVE,,
,BRAND_OURUS,아우어러스,아우어러스,OURUS,,국내 캐주얼·스트릿,,ACTIVE,,
,BRAND_AUM89,아움89,아움89,AUM89,,국내 캐주얼·스트릿,신발겸업,ACTIVE,,
,BRAND_OUT_OF_TRUNK,아웃 오브 트렁크,아웃 오브 트렁크,OUT OF TRUNK,,국내 캐주얼·스트릿,,ACTIVE,,
,BRAND_OUTDOOR_PRODUCTS,아웃도어 프로덕츠,아웃도어 프로덕츠,OUTDOOR PRODUCTS,,아웃도어,신발겸업,ACTIVE,,
,BRAND_OUTDOOR_RESEARCH,아웃도어리서치,아웃도어리서치,OUTDOOR RESEARCH,,아웃도어,,ACTIVE,,
,BRAND_OUTSIDE_FROG,아웃사이드프로그,아웃사이드프로그,OUTSIDE FROG,,국내 캐주얼·스트릿,,ACTIVE,,
,BRAND_OUTSHELL,아웃셀,아웃셀,OUTSHELL,,국내 캐주얼·스트릿,,ACTIVE,,
,BRAND_OUTSTANDING,아웃스탠딩,아웃스탠딩,OUTSTANDING,,국내 캐주얼·스트릿,,ACTIVE,,
,BRAND_OUTX_O,아웃엑소,아웃엑소,OUTX.O,,국내 캐주얼·스트릿,,ACTIVE,,
,BRAND_OUT_OF_BOUNDS,아웃오브바운즈,아웃오브바운즈,OUT OF BOUNDS,,국내 캐주얼·스트릿,,ACTIVE,,
,BRAND_OURSECTION,아워섹션,아워섹션,OURSECTION,,국내 캐주얼·스트릿,,ACTIVE,,
,BRAND_OURTYPE,아워타입,아워타입,OURTYPE,,국내 캐주얼·스트릿,,ACTIVE,,
,BRAND_AHWE,아위,아위,AHWE,,국내 캐주얼·스트릿,,ACTIVE,,
,BRAND_INOVIA,아이노비아,아이노비아,INOVIA,,신발·스니커즈,,ACTIVE,,
,BRAND_EIDER,아이더,아이더,EIDER,,아웃도어,신발겸업,ACTIVE,,
,BRAND_IDWS,아이돈워너셀,아이돈워너셀,IDWS,,국내 캐주얼·스트릿,,ACTIVE,,
,BRAND_IDLEWORKERS,아이들워커스,아이들워커스,IDLEWORKERS,,국내 캐주얼·스트릿,,ACTIVE,,
,BRAND_IDEALIST,아이디얼리스트,아이디얼리스트,IDEALIST,,국내 캐주얼·스트릿,,ACTIVE,,
,BRAND_IMIRK,아이멀크,아이멀크,IMIRK,,국내 컨템포러리·디자이너,,ACTIVE,,
,BRAND_IMEI,아이미아이,아이미아이,IMEI,,국내 캐주얼·스트릿,,ACTIVE,,
,BRAND_AYVUL,아이불,아이불,AYVUL,,국내 캐주얼·스트릿,,ACTIVE,,
,BRAND_I4P,아이사피,아이사피,I4P,,국내 캐주얼·스트릿,,ACTIVE,,
,BRAND_ICE_GARDEN_A_508,아이스가든에이오공팔,아이스가든에이오공팔,ICE GARDEN A.508,,국내 컨템포러리·디자이너,,ACTIVE,,
,BRAND_ICYTO,아이시토,아이시토,ICYTO,,국내 캐주얼·스트릿,,ACTIVE,,
,BRAND_ISUMMERLY,아이썸머리,아이썸머리,ISUMMERLY,,국내 캐주얼·스트릿,,ACTIVE,,
,BRAND_EYEUNDERSTAND,아이언더스탠드,아이언더스탠드,EYEUNDERSTAND,,국내 캐주얼·스트릿,,ACTIVE,,
,BRAND_IAER,아이얼,아이얼,IAER,,국내 캐주얼·스트릿,,ACTIVE,,
,BRAND_I_AM_THE_FUTURE,아이엠더퓨처,아이엠더퓨처,I AM THE FUTURE,,국내 캐주얼·스트릿,,ACTIVE,,
,BRAND_IM_J,아이엠제이,아이엠제이,IM.J,,국내 캐주얼·스트릿,,ACTIVE,,
,BRAND_IMCLAIRE,아이엠클레어,아이엠클레어,IMCLAIRE,,국내 캐주얼·스트릿,,ACTIVE,,
,BRAND_ICONOGRAPHY,아이코노그라피,아이코노그라피,ICONOGRAPHY,,국내 캐주얼·스트릿,,ACTIVE,,
,BRAND_ITOV_SEOUL,아이토브 서울,아이토브 서울,ITOV SEOUL,,국내 컨템포러리·디자이너,,ACTIVE,,
,BRAND_AYIHOLIC_CASHMERE,아이홀릭 캐시미어,아이홀릭 캐시미어,AYIHOLIC CASHMERE,,국내 캐주얼·스트릿,,ACTIVE,,
,BRAND_I_AM_NOT_A_HUMAN_BEING,아임낫어휴먼비잉,아임낫어휴먼비잉,I AM NOT A HUMAN BEING,,국내 컨템포러리·디자이너,,ACTIVE,,
,BRAND_AZCO,아즈코,아즈코,AZCO,,국내 캐주얼·스트릿,,ACTIVE,,
,BRAND_ACHA,아차,아차,ACHA,,국내 캐주얼·스트릿,,ACTIVE,,
,BRAND_ACCELERANDO,아첼레란도,아첼레란도,ACCELERANDO,,국내 캐주얼·스트릿,,ACTIVE,,
,BRAND_ARCHIVEPKE,아카이브앱크,아카이브앱크,ARCHIVEPKE,,신발·스니커즈,,ACTIVE,,
,BRAND_ARKERD,아커드,아커드,ARKERD,,국내 캐주얼·스트릿,,ACTIVE,,
,BRAND_ARCANE_FUNK,아케인 펑크,아케인 펑크,ARCANE FUNK,,국내 컨템포러리·디자이너,,ACTIVE,,
,BRAND_ACODICO,아코디코,아코디코,ACODICO,,국내 캐주얼·스트릿,,ACTIVE,,
,BRAND_ACNE_STUDIOS,아크네 스튜디오,아크네 스튜디오,ACNE STUDIOS,,해외 럭셔리·컨템포러리,무신사 미확인,ACTIVE,,
,BRAND_ACME_DE_LA_VIE,아크메드라비,아크메드라비,ACME DE LA VIE,,국내 캐주얼·스트릿,,ACTIVE,,
,BRAND_ARCTERYX,아크테릭스,아크테릭스,ARCTERYX,,아웃도어,,ACTIVE,,
,BRAND_AKIII_CLASSIC,아키클래식,아키클래식,AKIII CLASSIC,,신발·스니커즈,,ACTIVE,,
,BRAND_ATEMPO,아템포,아템포,ATEMPO,,신발·스니커즈,,ACTIVE,,
,BRAND_ARTDEMP,아트뎀프,아트뎀프,ARTDEMP,,국내 캐주얼·스트릿,,ACTIVE,,
,BRAND_ART_SPEAK_HOUSE,아트스피크하우스,아트스피크하우스,ART SPEAK HOUSE,,국내 캐주얼·스트릿,,ACTIVE,,
,BRAND_ATELIER_NAIN,아틀리에 나인,아틀리에 나인,ATELIER NAIN,,신발·스니커즈,,ACTIVE,,
,BRAND_ARTID,아티드,아티드,ARTID,,국내 캐주얼·스트릿,,ACTIVE,,
,BRAND_APARTMENT,아파트먼트,아파트먼트,APARTMENT,,국내 컨템포러리·디자이너,,ACTIVE,,
,BRAND_APEGO_SPORTS,아페고 스포츠,아페고 스포츠,APEGO SPORTS,,스포츠·액티브,,ACTIVE,,
,BRAND_APAISE,아페이즈,아페이즈,APAISE,,국내 캐주얼·스트릿,,ACTIVE,,
,BRAND_APOA,아포아,아포아,APOA.,,신발·스니커즈,,ACTIVE,,
,BRAND_APOEM,아포엠,아포엠,APOEM,,국내 캐주얼·스트릿,,ACTIVE,,
,BRAND_AHRE,아흐레,아흐레,AHRE,,국내 캐주얼·스트릿,,ACTIVE,,
,BRAND_OKT,악트,악트,OKT,,국내 캐주얼·스트릿,,ACTIVE,,
,BRAND_ANDAR,안다르,안다르,ANDAR,,스포츠·액티브,신발겸업,ACTIVE,,
,BRAND_AN_A,안아,안아,AN-A,,국내 캐주얼·스트릿,,ACTIVE,,
,BRAND_ALDO,알도,알도,ALDO,,신발·스니커즈,,ACTIVE,,
,BRAND_ALDO_BRUE,알도브루에,알도브루에,ALDO BRUE,,신발·스니커즈,,ACTIVE,,
,BRAND_HALTEALLEZ,알뜨알레,알뜨알레,HALTEALLEZ,,신발·스니커즈,,ACTIVE,,
,BRAND_ALEXANDER_MCQUEEN,알렉산더 맥퀸,알렉산더 맥퀸,ALEXANDER MCQUEEN,,해외 럭셔리·컨템포러리,신발겸업,ACTIVE,,
,BRAND_ALEXNAIDEN,알렉스앤에이든,알렉스앤에이든,ALEXNAIDEN,,국내 캐주얼·스트릿,,ACTIVE,,
,BRAND_ALLEN_O,알렌오,알렌오,ALLEN.O,,국내 캐주얼·스트릿,,ACTIVE,,
,BRAND_ALYSS,알리스,알리스,ALYSS,,신발·스니커즈,,ACTIVE,,
,BRAND_ALIENAR,알리에나,알리에나,ALIENAR,,국내 캐주얼·스트릿,,ACTIVE,,
,BRAND_ALMONDO,알몬도,알몬도,ALMONDO,,신발·스니커즈,,ACTIVE,,
,BRAND_RBX,알비엑스,알비엑스,RBX,,국내 캐주얼·스트릿,신발겸업,ACTIVE,,
,BRAND_R_AND_CO,알앤코,알앤코,R&CO,,글로벌 스포츠·캐주얼,,ACTIVE,,
,BRAND_RSSC,알에스에스씨,알에스에스씨,RSSC,,국내 캐주얼·스트릿,,ACTIVE,,
,BRAND_RNOT,알엔오티,알엔오티,RNOT,,국내 캐주얼·스트릿,,ACTIVE,,
,BRAND_RMRN,알엠알엔,알엠알엔,RMRN,,국내 컨템포러리·디자이너,,ACTIVE,,
,BRAND_ALTAIGEAR,알타이기어,알타이기어,ALTAIGEAR,,신발·스니커즈,,ACTIVE,,
,BRAND_ALLTAGLICH,알테그리히,알테그리히,ALLTAGLICH,,국내 캐주얼·스트릿,,ACTIVE,,
,BRAND_ALTRA,알트라,알트라,ALTRA,,신발·스니커즈,,ACTIVE,,
,BRAND_ALPHA_INDUSTRIES,알파 인더스트리,알파 인더스트리,ALPHA INDUSTRIES,,글로벌 스포츠·캐주얼,,ACTIVE,,
,BRAND_ALPINESTARS,알파인스타즈,알파인스타즈,ALPINESTARS,,글로벌 스포츠·캐주얼,,ACTIVE,,
,BRAND_R_4,알포,알포,R-4,,국내 캐주얼·스트릿,,ACTIVE,,
,BRAND_AMFEAST,암피스트,암피스트,AMFEAST,,국내 캐주얼·스트릿,,ACTIVE,,
,BRAND_ABSORBA,압소바,압소바,ABSORBA,,국내 캐주얼·스트릿,,ACTIVE,,
,BRAND_ANIMATE,애니메이트,애니메이트,ANIMATE,,국내 캐주얼·스트릿,,ACTIVE,,
,BRAND_ASHGRAY_STUDIOS,애쉬그레이 스튜디오,애쉬그레이 스튜디오,ASHGRAY STUDIOS,,신발·스니커즈,,ACTIVE,,
,BRAND_ASHBURY,애쉬버리,애쉬버리,ASHBURY,,국내 캐주얼·스트릿,,ACTIVE,,
,BRAND_ASHBOURNE_AND_SMITH,애쉬본&스미스,애쉬본&스미스,ASHBOURNE & SMITH,,국내 캐주얼·스트릿,,ACTIVE,,
,BRAND_ASP,애습,애습,ASP,,국내 캐주얼·스트릿,,ACTIVE,,
,BRAND_ASYMMETRY,애시메트리,애시메트리,ASYMMETRY,,국내 캐주얼·스트릿,,ACTIVE,,
,BRAND_AETH,애쓰,애쓰,AETH,,국내 캐주얼·스트릿,,ACTIVE,,
,BRAND_AEIAEIAE,애이애이애,애이애이애,AEIAEIAE,,국내 캐주얼·스트릿,,ACTIVE,,
,BRAND_ASON,애즈온,애즈온,ASON,,국내 캐주얼·스트릿,신발겸업,ACTIVE,,
,BRAND_AS_YOU_ARE,애즈유아,애즈유아,AS YOU ARE,,국내 캐주얼·스트릿,,ACTIVE,,
,BRAND_ASIF,애즈이프,애즈이프,ASIF,,국내 캐주얼·스트릿,,ACTIVE,,
,BRAND_ATTITUDE_ATTITUDE,애티튜드 애티튜드,애티튜드 애티튜드,ATTITUDE ATTITUDE,,국내 컨템포러리·디자이너,,ACTIVE,,
,BRAND_AFTERHOURS,애프터아워즈,애프터아워즈,AFTERHOURS,,신발·스니커즈,,ACTIVE,,
,BRAND_APPLE_RIND,애플라인드,애플라인드,APPLE+RIND,,국내 캐주얼·스트릿,,ACTIVE,,
,BRAND_ACT_RUNNING,액트러닝,액트러닝,ACT RUNNING,,신발·스니커즈,,ACTIVE,,
,BRAND_ACTPLUS,액트플러스,액트플러스,ACTPLUS,,신발·스니커즈,,ACTIVE,,
,BRAND_ADSB_ANDERSSON_BELL,앤더슨벨,앤더슨벨,ADSB ANDERSSON BELL,,국내 컨템포러리·디자이너,,ACTIVE,,
,BRAND_AND_THEN_WE_DANCE,앤덴위댄스,앤덴위댄스,AND THEN WE DANCE,,국내 캐주얼·스트릿,,ACTIVE,,
,BRAND_AND_SEE_YOU,앤드씨유,앤드씨유,AND SEE YOU,,국내 캐주얼·스트릿,,ACTIVE,,
,BRAND_AND_Z,앤드지,앤드지,AND Z,,국내 캐주얼·스트릿,,ACTIVE,,
,BRAND_NCOVER,앤커버,앤커버,NCOVER,,국내 컨템포러리·디자이너,,ACTIVE,,
,BRAND_AENTE,앤테,앤테,AENTE,,국내 캐주얼·스트릿,,ACTIVE,,
,BRAND_ANNEHEARTS,앤하츠,앤하츠,ANNEHEARTS,,국내 캐주얼·스트릿,,ACTIVE,,
,BRAND_ABNORMALTHING,앱놀머씽,앱놀머씽,ABNORMALTHING,,국내 캐주얼·스트릿,,ACTIVE,,
,BRAND_ANGLAN,앵글런,앵글런,ANGLAN,,국내 캐주얼·스트릿,,ACTIVE,,
,BRAND_YASE,야세,야세,YASE,,신발·스니커즈,,ACTIVE,,
,BRAND_AUGUSTWAVE,어거스트웨이브,어거스트웨이브,AUGUSTWAVE,,국내 캐주얼·스트릿,,ACTIVE,,
,BRAND_AUGUSTCLOUD,어거스트클라우드,어거스트클라우드,AUGUSTCLOUD,,국내 캐주얼·스트릿,,ACTIVE,,
,BRAND_AGOODDAY,어굿데이,어굿데이,AGOODDAY,,국내 캐주얼·스트릿,,ACTIVE,,
,BRAND_AGGRO,어그로,어그로,AGGRO,,국내 캐주얼·스트릿,,ACTIVE,,
,BRAND_UGLYSHADOW,어글리쉐도우,어글리쉐도우,UGLYSHADOW,,신발·스니커즈,,ACTIVE,,
,BRAND_ANOTHER_ARCHIVE,어나더 아카이브,어나더 아카이브,ANOTHER ARCHIVE,,국내 캐주얼·스트릿,,ACTIVE,,
,BRAND_ANOTHER_OFFICE,어나더 오피스,어나더 오피스,ANOTHER OFFICE,,국내 캐주얼·스트릿,,ACTIVE,,
,BRAND_ANOTHER_LEADER,어나더리더,어나더리더,ANOTHER LEADER,,아웃도어,,ACTIVE,,
,BRAND_ANOTHER_A,어나더에이,어나더에이,ANOTHER A,,국내 캐주얼·스트릿,,ACTIVE,,
,BRAND_ANOTHER_OFFICE_WOMEN,어나더오피스 우먼,어나더오피스 우먼,ANOTHER OFFICE WOMEN,,국내 캐주얼·스트릿,,ACTIVE,,
,BRAND_UNNOUT,어나우트,어나우트,UNNOUT,,국내 컨템포러리·디자이너,,ACTIVE,,
,BRAND_ANOLORCODE,어널러코드,어널러코드,ANOLORCODE,,국내 캐주얼·스트릿,,ACTIVE,,
,BRAND_ANOLORCODE_WOMAN,어널러코드 우먼,어널러코드 우먼,ANOLORCODE WOMAN,,국내 캐주얼·스트릿,,ACTIVE,,
,BRAND_UNALLOYED,어널로이드,어널로이드,UNALLOYED,,국내 캐주얼·스트릿,,ACTIVE,,
,BRAND_ANNOYED,어노이드,어노이드,ANNOYED,,국내 캐주얼·스트릿,,ACTIVE,,
,BRAND_ANEW_GOLF,어뉴골프,어뉴골프,ANEW GOLF,,골프·스포츠라이프,,ACTIVE,,
,BRAND_ANIV,어니브,어니브,ANIV,,국내 캐주얼·스트릿,,ACTIVE,,
,BRAND_ADAUL,어다울,어다울,ADAUL,,신발·스니커즈,,ACTIVE,,
,BRAND_EARTHUS,어더스,어더스,EARTHUS,,신발·스니커즈,,ACTIVE,,
,BRAND_ADULTONLY,어덜트온리,어덜트온리,ADULTONLY,,스포츠·액티브,,ACTIVE,,
,BRAND_ARIGHTANGLE,어라이트앵글,어라이트앵글,ARIGHTANGLE,,국내 캐주얼·스트릿,,ACTIVE,,
,BRAND_AMONG,어몽,어몽,AMONG,,국내 캐주얼·스트릿,,ACTIVE,,
,BRAND_ABOUTFISHING,어바웃피싱,어바웃피싱,ABOUTFISHING,,국내 캐주얼·스트릿,,ACTIVE,,
,BRAND_URBANDTYPE,어반디타입,어반디타입,URBANDTYPE,,국내 캐주얼·스트릿,,ACTIVE,,
,BRAND_URBANSTOFF,어반스터프,어반스터프,URBANSTOFF,,국내 캐주얼·스트릿,,ACTIVE,,
,BRAND_URBANAGE,어반에이지,어반에이지,URBANAGE,,국내 캐주얼·스트릿,,ACTIVE,,
,BRAND_URBANUNIQUE_LABEL,어반유니크 라벨,어반유니크 라벨,URBANUNIQUE LABEL,,국내 캐주얼·스트릿,,ACTIVE,,
,BRAND_URBANCORE,어반코어,어반코어,URBANCORE,,국내 컨템포러리·디자이너,,ACTIVE,,
,BRAND_URBAN_PLAYERS,어반플레이어스,어반플레이어스,URBAN PLAYERS,,국내 캐주얼·스트릿,,ACTIVE,,
,BRAND_AVAVE,어베이브,어베이브,AVAVE,,신발·스니커즈,,ACTIVE,,
,BRAND_ABEEHUMS,어비험즈,어비험즈,ABEEHUMS,,국내 캐주얼·스트릿,,ACTIVE,,
,BRAND_ASSAY,어세이,어세이,ASSAY,,국내 캐주얼·스트릿,,ACTIVE,,
,BRAND_ASCENTCITY,어센트시티,어센트시티,ASCENTCITY,,국내 캐주얼·스트릿,,ACTIVE,,
,BRAND_AUTHENTI,어센티,어센티,AUTHENTI,,국내 캐주얼·스트릿,,ACTIVE,,
,BRAND_USS_ARCHIVE,어스아카이브,어스아카이브,USS ARCHIVE,,국내 캐주얼·스트릿,,ACTIVE,,
,BRAND_AWESOME_DEW,어썸듀,어썸듀,AWESOME DEW,,신발·스니커즈,,ACTIVE,,
,BRAND_AWESOMEBEE,어썸비,어썸비,AWESOMEBEE,,신발·스니커즈,,ACTIVE,,
,BRAND_AUTH,어쓰,어쓰,AUTH.,,국내 캐주얼·스트릿,,ACTIVE,,
,BRAND_AZENDER,어젠더,어젠더,AZENDER,,국내 캐주얼·스트릿,,ACTIVE,,
,BRAND_OZOD,어져드,어져드,OZOD,,신발·스니커즈,,ACTIVE,,
,BRAND_ACOVER,어커버,어커버,ACOVER,,국내 캐주얼·스트릿,,ACTIVE,,
,BRAND_ATTENTIONROW,어텐션로우,어텐션로우,ATTENTIONROW,,국내 캐주얼·스트릿,,ACTIVE,,
,BRAND_ATTENTIONROW_FOR_WOMEN,어텐션로우 포 우먼,어텐션로우 포 우먼,ATTENTIONROW FOR WOMEN,,국내 컨템포러리·디자이너,,ACTIVE,,
,BRAND_ATTENTIONPLUS,어텐션플러스,어텐션플러스,ATTENTIONPLUS,,국내 캐주얼·스트릿,,ACTIVE,,
,BRAND_APPAREL_ARCHIVE,어패럴아카이브,어패럴아카이브,APPAREL ARCHIVE,,국내 캐주얼·스트릿,,ACTIVE,,
,BRAND_APOSTROPHE_COMMA,어퍼스트로피 콤마,어퍼스트로피 콤마,APOSTROPHE COMMA,,국내 캐주얼·스트릿,,ACTIVE,,
,BRAND_UNKNOWN_PLANET,언노운 플라넷,언노운 플라넷,UNKNOWN PLANET,,국내 캐주얼·스트릿,,ACTIVE,,
,BRAND_UNDERARMOUR,언더아머,언더아머,UNDERARMOUR,,글로벌 스포츠·캐주얼,신발겸업,ACTIVE,,
,BRAND_UNDERAIR,언더에어,언더에어,UNDERAIR,,국내 캐주얼·스트릿,,ACTIVE,,
,BRAND_UNDEROFF,언더오프,언더오프,UNDEROFF,,국내 캐주얼·스트릿,,ACTIVE,,
,BRAND_UNDERCLING,언더클링,언더클링,UNDERCLING,,국내 캐주얼·스트릿,,ACTIVE,,
,BRAND_UNLIKELOOK,언라이크룩,언라이크룩,UNLIKELOOK,,국내 캐주얼·스트릿,,ACTIVE,,
,BRAND_UNLOADER,언로더,언로더,UNLOADER,,국내 캐주얼·스트릿,,ACTIVE,,
,BRAND_UNLIMIT,언리미트,언리미트,UNLIMIT,,국내 캐주얼·스트릿,,ACTIVE,,
,BRAND_UNMUTE,언뮤트,언뮤트,UNMUTE,,국내 캐주얼·스트릿,,ACTIVE,,
,BRAND_UNBDAY,언비데이,언비데이,UNBDAY,,국내 캐주얼·스트릿,,ACTIVE,,
,BRAND_UNSTEADYMARKET,언스테디마켓,언스테디마켓,UNSTEADYMARKET,,국내 캐주얼·스트릿,,ACTIVE,,
,BRAND_AOTT,언아웃핏,언아웃핏,AOTT,,국내 캐주얼·스트릿,,ACTIVE,,
,BRAND_ANOTHER_COLOR,언어더컬러,언어더컬러,ANOTHER COLOR,,국내 캐주얼·스트릿,,ACTIVE,,
,BRAND_UNAFFECTED_ESSENTIAL,언어펙티드 에센셜,언어펙티드 에센셜,UNAFFECTED ESSENTIAL,,국내 캐주얼·스트릿,,ACTIVE,,
,BRAND_UNCOATED_247,언코티드247,언코티드247,UNCOATED 247,,국내 캐주얼·스트릿,,ACTIVE,,
,BRAND_UNTITLED_SEOUL,언타이틀 서울,언타이틀 서울,UNTITLED SEOUL,,국내 캐주얼·스트릿,,ACTIVE,,
,BRAND_UNTAPPED_STUDIO,언탭트 스튜디오,언탭트 스튜디오,UNTAPPED STUDIO,,국내 캐주얼·스트릿,,ACTIVE,,
,BRAND_UNTAGE,언티지,언티지,UNTAGE,,국내 캐주얼·스트릿,,ACTIVE,,
,BRAND_UNFOLD,언폴드,언폴드,UNFOLD,,신발·스니커즈,,ACTIVE,,
,BRAND_EOLTR,얼디르,얼디르,EOLTR,,국내 캐주얼·스트릿,,ACTIVE,,
,BRAND_ALTER_STUDIO,얼터 스튜디오,얼터 스튜디오,ALTER STUDIO,,국내 캐주얼·스트릿,,ACTIVE,,
,BRAND_UMBRELLA_ON_THE_GO,엄브렐라 온더고,엄브렐라 온더고,UMBRELLA ON THE GO,,신발·스니커즈,,ACTIVE,,
,BRAND_UMBRO,엄브로,엄브로,UMBRO,,글로벌 스포츠·캐주얼,신발겸업,ACTIVE,,
,BRAND_ENOSI,에노시,에노시,ENOSI,,국내 캐주얼·스트릿,,ACTIVE,,
,BRAND_EDEL9,에델나인,에델나인,EDEL9,,신발·스니커즈,,ACTIVE,,
,BRAND_ADLIELOS,에드리엘로스,에드리엘로스,ADLIELOS,,국내 캐주얼·스트릿,신발겸업,ACTIVE,,
,BRAND_EDWARDMAX,에드워드맥스,에드워드맥스,EDWARDMAX,,국내 캐주얼·스트릿,,ACTIVE,,
,BRAND_EDWARD_BALLOON,에드워드벌룬,에드워드벌룬,EDWARD BALLOON,,국내 캐주얼·스트릿,,ACTIVE,,
,BRAND_EDITION,에디션,에디션,EDITION,,국내 캐주얼·스트릿,,ACTIVE,,
,BRAND_EDITABLE_SCENARIO,에디터블 시나리오,에디터블 시나리오,EDITABLE SCENARIO,,국내 캐주얼·스트릿,,ACTIVE,,
,BRAND_AEDITEM,에디텀,에디텀,AEDITEM,,국내 캐주얼·스트릿,,ACTIVE,,
,BRAND_ETELIN,에뗄린,에뗄린,ETELIN,,신발·스니커즈,,ACTIVE,,
,BRAND_EHREN,에렌,에렌,EHREN,,신발·스니커즈,,ACTIVE,,
,BRAND_HERM_S,에르메스,에르메스,HERMÈS,,해외 럭셔리·컨템포러리,무신사 미확인,ACTIVE,,
,BRAND_HERVINO,에르비노,에르비노,HERVINO,,국내 캐주얼·스트릿,,ACTIVE,,
,BRAND_HELMS_PARIS,에름 파리,에름 파리,HELMS PARIS,,신발·스니커즈,,ACTIVE,,
,BRAND_ARIES,에리즈 얼라이즈,에리즈 얼라이즈,ARIES,,국내 캐주얼·스트릿,,ACTIVE,,
,BRAND_AIMERFEEL,에메필,에메필,AIMERFEEL,,국내 캐주얼·스트릿,,ACTIVE,,
,BRAND_EMOSTANCECLUB,에모스탠스클럽,에모스탠스클럽,EMOSTANCECLUB,,국내 캐주얼·스트릿,,ACTIVE,,
,BRAND_EMMIOL,에미올,에미올,EMMIOL,,국내 캐주얼·스트릿,,ACTIVE,,
,BRAND_EVERLOOP,에버루프,에버루프,EVERLOOP,,국내 캐주얼·스트릿,,ACTIVE,,
,BRAND_EVERAU,에버에이유,에버에이유,EVERAU,,신발·스니커즈,,ACTIVE,,
,BRAND_S_MAX_MARA,에스 막스 마라,에스 막스 마라,S MAX MARA,,해외 럭셔리·컨템포러리,,ACTIVE,,
,BRAND_SLIT_STUDIO,에스릿 스튜디오,에스릿 스튜디오,SLIT STUDIO,,국내 캐주얼·스트릿,,ACTIVE,,
,BRAND_SMIEUR,에스미어,에스미어,SMIEUR,,국내 캐주얼·스트릿,,ACTIVE,,
,BRAND_SSY,에스에스와이,에스에스와이,SSY,,국내 컨템포러리·디자이너,,ACTIVE,,
,BRAND_SSQR,에스에스큐알,에스에스큐알,SSQR,,국내 캐주얼·스트릿,,ACTIVE,,
,BRAND_S_EST,에스이에스티,에스이에스티,S'EST,,국내 캐주얼·스트릿,,ACTIVE,,
,BRAND_ESQUIRE,에스콰이아,에스콰이아,ESQUIRE,,신발·스니커즈,,ACTIVE,,
,BRAND_ESQUIRE_2,에스콰이어,에스콰이어,ESQUIRE,,신발·스니커즈,,ACTIVE,,
,BRAND_AESTHESIS,에스터시스,에스터시스,AESTHESIS,,국내 캐주얼·스트릿,,ACTIVE,,
,BRAND_STCO,에스티코,에스티코,STCO,,신발·스니커즈,,ACTIVE,,
,BRAND_ESPIONAGE,에스피오나지,에스피오나지,ESPIONAGE,,국내 캐주얼·스트릿,,ACTIVE,,
,BRAND_ESSO,에쏘,에쏘,ESSO,,국내 컨템포러리·디자이너,,ACTIVE,,
,BRAND_AIRGILL,에어길,에어길,AIRGILL,,국내 캐주얼·스트릿,,ACTIVE,,
,BRAND_AIRIAL,에어리얼,에어리얼,AIRIAL,,스포츠·액티브,,ACTIVE,,
,BRAND_ACONTENTSLAB,에이 컨텐츠 랩,에이 컨텐츠 랩,ACONTENTSLAB,,국내 캐주얼·스트릿,,ACTIVE,,
,BRAND_AGOLDE,에이골디,에이골디,AGOLDE,,국내 캐주얼·스트릿,,ACTIVE,,
,BRAND_AENE,에이네,에이네,AENE,,국내 캐주얼·스트릿,,ACTIVE,,
,BRAND_AIDER,에이더,에이더,AIDER,,국내 캐주얼·스트릿,,ACTIVE,,
,BRAND_EIRENE,에이레네,에이레네,EIRENE,,신발·스니커즈,,ACTIVE,,
,BRAND_THE_ABON,에이본,에이본,THE-ABON,,국내 컨템포러리·디자이너,,ACTIVE,,
,BRAND_AEIREI,에이앤레이,에이앤레이,AEIREI,,국내 캐주얼·스트릿,,ACTIVE,,
,BRAND_AOW,에이오더블유,에이오더블유,AOW,,국내 컨템포러리·디자이너,,ACTIVE,,
,BRAND_AOX,에이오엑스,에이오엑스,AOX,,국내 캐주얼·스트릿,,ACTIVE,,
,BRAND_AEAE,에이이에이이,에이이에이이,AEAE,,국내 캐주얼·스트릿,,ACTIVE,,
,BRAND_AGENT_PEEK,에이전트픽,에이전트픽,AGENT PEEK,,국내 캐주얼·스트릿,,ACTIVE,,
,BRAND_AGE,에이지,에이지,AGE,,신발·스니커즈,,ACTIVE,,
,BRAND_AGOD,에이지오디,에이지오디,AGOD,,국내 캐주얼·스트릿,,ACTIVE,,
,BRAND_AGEOFPARAMOUNT,에이지오브파라마운트,에이지오브파라마운트,AGEOFPARAMOUNT,,국내 캐주얼·스트릿,,ACTIVE,,
,BRAND_HGROUNDCLUB,에이치그라운드 클럽,에이치그라운드 클럽,HGROUNDCLUB,,스포츠·액티브,,ACTIVE,,
,BRAND_HDEX,에이치덱스,에이치덱스,HDEX,,스포츠·액티브,,ACTIVE,,
,BRAND_HDCR,에이치디씨알,에이치디씨알,HDCR,,국내 캐주얼·스트릿,,ACTIVE,,
,BRAND_HBARC,에이치바씨,에이치바씨,HBARC,,국내 컨템포러리·디자이너,,ACTIVE,,
,BRAND_HGBBSTUDIO,에이치쥐비비 스튜디오,에이치쥐비비 스튜디오,HGBBSTUDIO,,해외 럭셔리·컨템포러리,,ACTIVE,,
,BRAND_HPPY,에이치피피와이,에이치피피와이,HPPY,,국내 컨템포러리·디자이너,,ACTIVE,,
,BRAND_AECA,에이카화이트,에이카화이트,AECA,,국내 캐주얼·스트릿,,ACTIVE,,
,BRAND_AQAQ_HOUSE_CLUB,에이큐 에이큐 하우스 클럽,에이큐 에이큐 하우스 클럽,AQAQ HOUSE CLUB,,국내 캐주얼·스트릿,,ACTIVE,,
,BRAND_ATT,에이티티,에이티티,ATT,,신발·스니커즈,,ACTIVE,,
,BRAND_APEX_DESIGN,에이펙스 디자인,에이펙스 디자인,APEX DESIGN,,국내 캐주얼·스트릿,,ACTIVE,,
,BRAND_AAPE,에이프,에이프,AAPE,,신발·스니커즈,,ACTIVE,,
,BRAND_AIFERUNWAY,에이프런웨이,에이프런웨이,AIFERUNWAY,,국내 캐주얼·스트릿,,ACTIVE,,
,BRAND_APRIL77,에이프릴77,에이프릴77,APRIL77,,국내 캐주얼·스트릿,,ACTIVE,,
,BRAND_APRILFOR,에이프릴포,에이프릴포,APRILFOR,,신발·스니커즈,,ACTIVE,,
,BRAND_ANCIENT_UNION,에인션트 유니온,에인션트 유니온,ANCIENT UNION,,국내 캐주얼·스트릿,,ACTIVE,,
,BRAND_AIMS_STUDIOS,에임스스튜디오,에임스스튜디오,AIMS STUDIOS,,신발·스니커즈,,ACTIVE,,
,BRAND_AIMSWING_8,에임스윙,에임스윙,AIMSWING+8,,골프·스포츠라이프,,ACTIVE,,
,BRAND_8GATE,에잇게이트,에잇게이트,8GATE,,국내 캐주얼·스트릿,,ACTIVE,,
,BRAND_EIGHT_DAYS_A_WEEK,에잇데이즈어위크,에잇데이즈어위크,EIGHT DAYS A WEEK,,국내 캐주얼·스트릿,,ACTIVE,,
,BRAND_8SECONDS,에잇세컨즈,에잇세컨즈,8SECONDS,,국내 SPA·베이직,신발겸업,ACTIVE,,
,BRAND_8HOURS,에잇아워즈,에잇아워즈,8HOURS,,국내 캐주얼·스트릿,,ACTIVE,,
,BRAND_ASIWANT,에즈아이원,에즈아이원,ASIWANT,,국내 캐주얼·스트릿,,ACTIVE,,
,BRAND_ASIF_CALIE,에즈이프 캘리,에즈이프 캘리,ASIF CALIE,,국내 캐주얼·스트릿,,ACTIVE,,
,BRAND_EZKATON,에즈카톤,에즈카톤,EZKATON,,국내 캐주얼·스트릿,,ACTIVE,,
,BRAND_EKAN,에칸,에칸,EKAN,,신발·스니커즈,,ACTIVE,,
,BRAND_ECOE,에코에,에코에,ECOE,,신발·스니커즈,,ACTIVE,,
,BRAND_EKIETA,에키에타,에키에타,EKIETA,,국내 캐주얼·스트릿,,ACTIVE,,
,BRAND_ETMON,에트몽,에트몽,ETMON,,국내 캐주얼·스트릿,,ACTIVE,,
,BRAND_ETRE_AU_SOMMET,에트오소메,에트오소메,ETRE AU SOMMET,,국내 컨템포러리·디자이너,신발겸업,ACTIVE,,
,BRAND_EPELLE,에펠르,에펠르,EPELLE,,국내 캐주얼·스트릿,,ACTIVE,,
,BRAND_EIFFELCLASSIC,에펠클래식,에펠클래식,EIFFELCLASSIC,,신발·스니커즈,,ACTIVE,,
,BRAND_EPURE,에퓨레,에퓨레,EPURE,,신발·스니커즈,,ACTIVE,,
,BRAND_FDR,에프디알,에프디알,FDR,,국내 캐주얼·스트릿,,ACTIVE,,
,BRAND_FCMM,에프씨엠엠,에프씨엠엠,FCMM,,국내 캐주얼·스트릿,,ACTIVE,,
,BRAND_FCMM_SPORT,에프씨엠엠 스포츠,에프씨엠엠 스포츠,FCMM SPORT,,스포츠·액티브,신발겸업,ACTIVE,,
,BRAND_FAD,에프에이디,에프에이디,FAD,,국내 캐주얼·스트릿,,ACTIVE,,
,BRAND_FM91_02,에프엠9102,에프엠9102,FM91.02,,국내 캐주얼·스트릿,,ACTIVE,,
,BRAND_EPINGLER,에핑글러,에핑글러,EPINGLER,,국내 캐주얼·스트릿,신발겸업,ACTIVE,,
,BRAND_EXCELSIOR,엑셀시오르,엑셀시오르,EXCELSIOR,,신발·스니커즈,,ACTIVE,,
,BRAND_ACCEPTANCELETTERSTUDIO,엑셉턴스 레터 스튜디오,엑셉턴스 레터 스튜디오,ACCEPTANCELETTERSTUDIO,,국내 캐주얼·스트릿,,ACTIVE,,
,BRAND_XTONZ,엑스톤즈,엑스톤즈,XTONZ,,국내 캐주얼·스트릿,,ACTIVE,,
,BRAND_X2_SOFT,엑스투소프트,엑스투소프트,X2 SOFT,,국내 캐주얼·스트릿,,ACTIVE,,
,BRAND_XTI,엑스티아이,엑스티아이,XTI,,신발·스니커즈,,ACTIVE,,
,BRAND_AEXEA,엑시아,엑시아,AEXEA,,국내 캐주얼·스트릿,,ACTIVE,,
,BRAND_ENNITTUDE,엔니튜드,엔니튜드,ENNITTUDE,,국내 캐주얼·스트릿,,ACTIVE,,
,BRAND_ENDAMIROHONE,엔다미로혼,엔다미로혼,ENDAMIROHONE,,국내 캐주얼·스트릿,,ACTIVE,,
,BRAND_ENTHE_FOVE,엔더포브,엔더포브,ENTHE FOVE,,국내 캐주얼·스트릿,,ACTIVE,,
,BRAND_ENDOOR,엔도어,엔도어,ENDOOR,,국내 컨템포러리·디자이너,,ACTIVE,,
,BRAND_NBA,엔비에이,엔비에이,NBA,,신발·스니커즈,,ACTIVE,,
,BRAND_NBA_KIDS,엔비에이 키즈,엔비에이 키즈,NBA KIDS,,키즈,,ACTIVE,,
,BRAND_NSR,엔에스알,엔에스알,NSR,,신발·스니커즈,,ACTIVE,,
,BRAND_EN_OR,엔오르,엔오르,EN OR,,국내 캐주얼·스트릿,,ACTIVE,,
,BRAND_NYXX,엔와이엑스엑스,엔와이엑스엑스,NYXX,,국내 캐주얼·스트릿,,ACTIVE,,
,BRAND_N_Y_P,엔와이피,엔와이피,N.Y.P,,국내 캐주얼·스트릿,,ACTIVE,,
,BRAND_ENZO_BLUES,엔조 블루스,엔조 블루스,ENZO BLUES,,국내 캐주얼·스트릿,,ACTIVE,,
,BRAND_ENTIRE_STUDIOS,엔타이어 스튜디오,엔타이어 스튜디오,ENTIRE STUDIOS,,국내 캐주얼·스트릿,,ACTIVE,,
,BRAND_ENTERPRISE_JAPAN,엔터프라이즈 재팬,엔터프라이즈 재팬,ENTERPRISE JAPAN,,신발·스니커즈,,ACTIVE,,
,BRAND_NTBC,엔티비씨,엔티비씨,NTBC,,국내 캐주얼·스트릿,,ACTIVE,,
,BRAND_NP_STUDIO,엔피스튜디오,엔피스튜디오,NP STUDIO,,국내 캐주얼·스트릿,,ACTIVE,,
,BRAND_ELLDU,엘두,엘두,ELLDU,,신발·스니커즈,,ACTIVE,,
,BRAND_ELIZABETH_STUART,엘리자베스 스튜어트,엘리자베스 스튜어트,ELIZABETH STUART,,신발·스니커즈,,ACTIVE,,
,BRAND_LMOOD,엘무드,엘무드,LMOOD,,국내 컨템포러리·디자이너,,ACTIVE,,
,BRAND_LMOOD_WOMEN,엘무드 우먼,엘무드 우먼,LMOOD WOMEN,,국내 컨템포러리·디자이너,,ACTIVE,,
,BRAND_LMUSE,엘뮤즈,엘뮤즈,LMUSE,,국내 캐주얼·스트릿,,ACTIVE,,
,BRAND_LBYL,엘바이엘,엘바이엘,LBYL,,국내 캐주얼·스트릿,,ACTIVE,,
,BRAND_ELCY_ISLAND,엘시 아일랜드,엘시 아일랜드,ELCY ISLAND,,국내 컨템포러리·디자이너,,ACTIVE,,
,BRAND_LCDC,엘씨디씨티엠,엘씨디씨티엠,LCDC™,,국내 컨템포러리·디자이너,,ACTIVE,,
,BRAND_LMC,엘엠씨,엘엠씨,LMC,,국내 캐주얼·스트릿,,ACTIVE,,
,BRAND_LMR,엘엠알,엘엠알,LMR,,국내 캐주얼·스트릿,,ACTIVE,,
,BRAND_LMN3011,엘엠엔3011,엘엠엔3011,LMN3011,,국내 캐주얼·스트릿,,ACTIVE,,
,BRAND_ELCANTO,엘칸토,엘칸토,ELCANTO,,신발·스니커즈,,ACTIVE,,
,BRAND_AELFRIC_EDEN,엘프릭 에덴,엘프릭 에덴,AELFRIC EDEN,,국내 캐주얼·스트릿,,ACTIVE,,
,BRAND_M_M_M,엠.엠.엠,엠.엠.엠,M.M.M,,국내 캐주얼·스트릿,,ACTIVE,,
,BRAND_M_GRAF,엠그라프,엠그라프,M.GRAF,,국내 캐주얼·스트릿,,ACTIVE,,
,BRAND_M_NII,엠니,엠니,M.NII,,국내 캐주얼·스트릿,,ACTIVE,,
,BRAND_M_CYL,엠씨엘,엠씨엘,M.CYL,,국내 캐주얼·스트릿,,ACTIVE,,
,BRAND_MNL,엠앤엘,엠앤엘,MNL,,국내 캐주얼·스트릿,,ACTIVE,,
,BRAND_MFS_GOLFWEAR,엠에프에스 골프웨어,엠에프에스 골프웨어,MFS GOLFWEAR,,골프·스포츠라이프,,ACTIVE,,
,BRAND_MNW,엠엔더블유,엠엔더블유,MNW,,아웃도어,,ACTIVE,,
,BRAND_MMW,엠엠더블유,엠엠더블유,MMW,,국내 캐주얼·스트릿,,ACTIVE,,
,BRAND_MFAV,엠페브,엠페브,MFAV,,국내 캐주얼·스트릿,,ACTIVE,,
,BRAND_EMPORIO_ARMANI,엠포리오 아르마니,엠포리오 아르마니,EMPORIO ARMANI,,글로벌 스포츠·캐주얼,,ACTIVE,,
,BRAND_AMF,엠프,엠프,AMF,,국내 캐주얼·스트릿,,ACTIVE,,
,BRAND_ETDEMAIN,엣드맹,엣드맹,ETDEMAIN,,국내 캐주얼·스트릿,,ACTIVE,,
,BRAND_YEORIN,여린,여린,YEORIN,,국내 캐주얼·스트릿,,ACTIVE,,
,BRAND_YUPPE,엽페,엽페,YUPPE,,국내 캐주얼·스트릿,,ACTIVE,,
,BRAND_YESEYESEE,예스아이씨,예스아이씨,YESEYESEE,,국내 캐주얼·스트릿,,ACTIVE,,
,BRAND_YALE,예일,예일,YALE,,신발·스니커즈,,ACTIVE,,
,BRAND_OGI,오기,오기,OGI,,국내 캐주얼·스트릿,,ACTIVE,,
,BRAND_OGGITT,오끼뜨,오끼뜨,OGGITT,,국내 캐주얼·스트릿,신발겸업,ACTIVE,,
,BRAND_ONORE,오노레,오노레,ONORE,,국내 캐주얼·스트릿,,ACTIVE,,
,BRAND_ONITSUKA_TIGER,오니츠카타이거,오니츠카타이거,ONITSUKA TIGER,,글로벌 스포츠·캐주얼,신발겸업,ACTIVE,,
,BRAND_OGNITEMPO,오니템포,오니템포,OGNITEMPO,,신발·스니커즈,,ACTIVE,,
,BRAND_ONEILL,오닐,오닐,ONEILL,,국내 캐주얼·스트릿,신발겸업,ACTIVE,,
,BRAND_ODOR,오도어,오도어,ODOR,,국내 캐주얼·스트릿,신발겸업,ACTIVE,,
,BRAND_ODD_DOT,오드닷,오드닷,ODD DOT,,국내 캐주얼·스트릿,,ACTIVE,,
,BRAND_ODR,오드리,오드리,ODR,,신발·스니커즈,,ACTIVE,,
,BRAND_ODDME,오드미,오드미,ODDME,,국내 캐주얼·스트릿,,ACTIVE,,
,BRAND_ODDMIN,오드민,오드민,ODDMIN,,국내 캐주얼·스트릿,,ACTIVE,,
,BRAND_ODDBALLS_CLUB,오드볼스클럽,오드볼스클럽,ODDBALLS CLUB,,국내 캐주얼·스트릿,,ACTIVE,,
,BRAND_ODD_CIRKUS,오드서커스,오드서커스,ODD CIRKUS,,신발·스니커즈,,ACTIVE,,
,BRAND_ODDSTUDIO,오드스튜디오,오드스튜디오,ODDSTUDIO,,국내 캐주얼·스트릿,,ACTIVE,,
,BRAND_ODDONEOUT,오드원아웃,오드원아웃,ODDONEOUT,,국내 캐주얼·스트릿,,ACTIVE,,
,BRAND_ODDCAROL,오드캐롤,오드캐롤,ODDCAROL,,국내 컨템포러리·디자이너,,ACTIVE,,
,BRAND_ODDPEARL,오드펄,오드펄,ODDPEARL,,국내 캐주얼·스트릿,,ACTIVE,,
,BRAND_ODDPERI,오드페리,오드페리,ODDPERI,,국내 캐주얼·스트릿,,ACTIVE,,
,BRAND_ODDPRESENT,오드프레젠트,오드프레젠트,ODDPRESENT,,국내 캐주얼·스트릿,,ACTIVE,,
,BRAND_ORDINARY_HOLIDAY,오디너리 홀리데이,오디너리 홀리데이,ORDINARY HOLIDAY,,국내 캐주얼·스트릿,,ACTIVE,,
,BRAND_ORDINARYONE,오디너리원,오디너리원,ORDINARYONE,,국내 캐주얼·스트릿,신발겸업,ACTIVE,,
,BRAND_ORDINARY_PEOPLE,오디너리피플,오디너리피플,ORDINARY PEOPLE,,국내 캐주얼·스트릿,,ACTIVE,,
,BRAND_ODER,오디에르,오디에르,ODER,,국내 컨템포러리·디자이너,,ACTIVE,,
,BRAND_ODS,오디에스,오디에스,ODS,,국내 캐주얼·스트릿,신발겸업,ACTIVE,,
,BRAND_ORIGHH,오라이,오라이,ORIGHH,,국내 캐주얼·스트릿,,ACTIVE,,
,BRAND_OROGEE,오로지,오로지,OROGEE,,국내 캐주얼·스트릿,,ACTIVE,,
,BRAND_ORIGO,오리고,오리고,ORIGO,,신발·스니커즈,,ACTIVE,,
,BRAND_ORIGINAL_SWAT,오리지날 스왓,오리지날 스왓,ORIGINAL SWAT,,신발·스니커즈,,ACTIVE,,
,BRAND_ORIGINAL,오리지널,오리지널,ORIGINAL,,국내 캐주얼·스트릿,,ACTIVE,,
,BRAND_ORIGINALDAY,오리지널데이,오리지널데이,ORIGINALDAY,,국내 캐주얼·스트릿,,ACTIVE,,
,BRAND_HOMAGE_CIRCLE,오마주 서클,오마주 서클,HOMAGE CIRCLE,,국내 캐주얼·스트릿,,ACTIVE,,
,BRAND_OMETO,오메토,오메토,OMETO,,신발·스니커즈,,ACTIVE,,
,BRAND_OVERTHEOIR,오버더와르,오버더와르,OVERTHEOIR,,국내 컨템포러리·디자이너,,ACTIVE,,
,BRAND_OVERDUEFLAIR,오버듀플레어,오버듀플레어,OVERDUEFLAIR,,국내 캐주얼·스트릿,,ACTIVE,,
,BRAND_OVERWORKS,오버웍스,오버웍스,OVERWORKS,,국내 캐주얼·스트릿,,ACTIVE,,
,BRAND_OVEOF,오브오브,오브오브,OVEOF,,국내 캐주얼·스트릿,,ACTIVE,,
,BRAND_AUBE_UE,오브유이,오브유이,AUBE UE,,국내 캐주얼·스트릿,,ACTIVE,,
,BRAND_OFJOY,오브조이,오브조이,OFJOY,,신발·스니커즈,,ACTIVE,,
,BRAND_OHSELPIC,오셀픽,오셀픽,OHSELPIC,,국내 캐주얼·스트릿,신발겸업,ACTIVE,,
,BRAND_OCEANTAG,오션테그,오션테그,OCEANTAG,,신발·스니커즈,,ACTIVE,,
,BRAND_OSOI,오소이,오소이,OSOI,,신발·스니커즈,,ACTIVE,,
,BRAND_OSU,오수,오수,OSU,,국내 캐주얼·스트릿,,ACTIVE,,
,BRAND_OSHIGH,오스하이,오스하이,OSHIGH,,국내 캐주얼·스트릿,,ACTIVE,,
,BRAND_OSLON59,오슬로N59,오슬로n59,OSLON59,,신발·스니커즈,,ACTIVE,,
,BRAND_OI_PAINTED,오아이 페인티드,오아이 페인티드,OI PAINTED,,신발·스니커즈,,ACTIVE,,
,BRAND_OIBOIB,오아이비오아이비,오아이비오아이비,OIBOIB,,국내 캐주얼·스트릿,,ACTIVE,,
,BRAND_OIOI_COLLECTION,오아이오아이 컬렉션,오아이오아이 컬렉션,OIOI COLLECTION,,국내 캐주얼·스트릿,,ACTIVE,,
,BRAND_AURE_SEOUL,오어서울,오어서울,AURE SEOUL,,국내 캐주얼·스트릿,,ACTIVE,,
,BRAND_ORSLOW,오어슬로우,오어슬로우,ORSLOW,,국내 캐주얼·스트릿,,ACTIVE,,
,BRAND_OSI,오에스아이,오에스아이,OSI,,국내 캐주얼·스트릿,,ACTIVE,,
,BRAND_OAMC,오에이엠씨,오에이엠씨,OAMC,,신발·스니커즈,,ACTIVE,,
,BRAND_O8IGHT,오에잇,오에잇,O8IGHT,,국내 캐주얼·스트릿,,ACTIVE,,
,BRAND_OETTA,오에타,오에타,OETTA,,국내 캐주얼·스트릿,,ACTIVE,,
,BRAND_OUAT,오우앗,오우앗,OUAT,,국내 캐주얼·스트릿,,ACTIVE,,
,BRAND_OINK_O,오잉크오,오잉크오,OINK.O,,국내 캐주얼·스트릿,,ACTIVE,,
,BRAND_OJO,오조,오조,OJO,,국내 캐주얼·스트릿,,ACTIVE,,
,BRAND_SQUID_GAME,오징어 게임,오징어 게임,SQUID GAME,,라이선스·콜라보,비패션 IP,ACTIVE,,
,BRAND_OTZ,오찌,오찌,OTZ,,신발·스니커즈,,ACTIVE,,
,BRAND_OHCHO_CAP,오초 캡,오초 캡,OHCHO CAP,,국내 캐주얼·스트릿,,ACTIVE,,
,BRAND_OHKUKKA,오쿠카,오쿠카,OHKUKKA,,국내 캐주얼·스트릿,,ACTIVE,,
,BRAND_OAKLEY,오클리,오클리,OAKLEY,,글로벌 스포츠·캐주얼,신발겸업,ACTIVE,,
,BRAND_OKEYPLACE,오키플레이스,오키플레이스,OKEYPLACE,,신발·스니커즈,신발겸업,ACTIVE,,
,BRAND_AUTRY,오트리,오트리,AUTRY,,신발·스니커즈,,ACTIVE,,
,BRAND_OTD,오티디,오티디,OTD,,국내 캐주얼·스트릿,,ACTIVE,,
,BRAND_OFF_WHITE,오프화이트,오프화이트,OFF-WHITE,,해외 럭셔리·컨템포러리,,ACTIVE,,
,BRAND_OPENYARD,오픈야드(오와이),오픈야드(오와이),OPENYARD(OY),,신발·스니커즈,,ACTIVE,,
,BRAND_OAFISH,오피쉬,오피쉬,OAFISH,,국내 캐주얼·스트릿,,ACTIVE,,
,BRAND_OHANA,오하나,오하나,OHANA,,국내 캐주얼·스트릿,,ACTIVE,,
,BRAND_AU_R_VE,오헤브,오헤브,AU RÊVE,,국내 컨템포러리·디자이너,,ACTIVE,,
,BRAND_OHESHIO,오헤시오,오헤시오,OHESHIO,,국내 캐주얼·스트릿,,ACTIVE,,
,BRAND_OJOS,오호스,오호스,OJOS,,국내 캐주얼·스트릿,신발겸업,ACTIVE,,
,BRAND_OHHOLYMOON,오홀리문,오홀리문,OHHOLYMOON,,신발·스니커즈,,ACTIVE,,
,BRAND_OKSTAR,옥스타,옥스타,OKSTAR,,국내 캐주얼·스트릿,,ACTIVE,,
,BRAND_OCJOO,옥주,옥주,OCJOO,,신발·스니커즈,,ACTIVE,,
,BRAND_OCTOBERSECOND,옥토버세컨드,옥토버세컨드,OCTOBERSECOND,,국내 컨템포러리·디자이너,,ACTIVE,,
,BRAND_ONNE,온느,온느,ONNE,,국내 컨템포러리·디자이너,,ACTIVE,,
,BRAND_UNDAWAVE,온다웨이브,온다웨이브,UNDAWAVE,,국내 캐주얼·스트릿,,ACTIVE,,
,BRAND_ONTHEF,온더프,온더프,ONTHEF,,국내 캐주얼·스트릿,,ACTIVE,,
,BRAND_UND_MITMIR,온드밋미어,온드밋미어,UND MITMIR,,국내 캐주얼·스트릿,,ACTIVE,,
,BRAND_ONRU,온루,온루,ONRU,,신발·스니커즈,,ACTIVE,,
,BRAND_ONRIDPROJECT,온리드프로젝트,온리드프로젝트,ONRIDPROJECT,,국내 캐주얼·스트릿,,ACTIVE,,
,BRAND_ONLY_I_EXIST,온리아이이그지스트,온리아이이그지스트,ONLY I EXIST,,국내 캐주얼·스트릿,,ACTIVE,,
,BRAND_ONSET,온셋,온셋,ONSET,,국내 캐주얼·스트릿,,ACTIVE,,
,BRAND_ONSKA,온스카,온스카,ONSKA,,국내 컨템포러리·디자이너,,ACTIVE,,
,BRAND_ONWEAR,온웨어,온웨어,ONWEAR,,국내 캐주얼·스트릿,,ACTIVE,,
,BRAND_ONYOUROWN,온유어오운,온유어오운,ONYOUROWN,,국내 캐주얼·스트릿,,ACTIVE,,
,BRAND_ONFF,온프,온프,ONFF,,신발·스니커즈,,ACTIVE,,
,BRAND_ALL_KANG_DESIGN_STUDIO,올강 디자인 스튜디오,올강 디자인 스튜디오,ALL KANG DESIGN STUDIO,,국내 캐주얼·스트릿,,ACTIVE,,
,BRAND_ALL_DAY_HOOPS,올데이훕스,올데이훕스,ALL DAY HOOPS,,국내 캐주얼·스트릿,,ACTIVE,,
,BRAND_ALTHOUGH,올도우,올도우,ALTHOUGH,,국내 캐주얼·스트릿,,ACTIVE,,
,BRAND_HOLAREST,올라레스트,올라레스트,HOLAREST,,국내 컨템포러리·디자이너,,ACTIVE,,
,BRAND_ALLIOWN,올라온,올라온,ALLIOWN,,국내 캐주얼·스트릿,,ACTIVE,,
,BRAND_OLIVIALAUREN,올리비아로렌,올리비아로렌,OLIVIALAUREN,,신발·스니커즈,,ACTIVE,,
,BRAND_ALLBUTONE,올벗원,올벗원,ALLBUTONE,,국내 캐주얼·스트릿,,ACTIVE,,
,BRAND_ALLSAINTS,올세인츠,올세인츠,ALLSAINTS,,해외 럭셔리·컨템포러리,신발겸업,ACTIVE,,
,BRAND_ALL_EYES_DOWN,올아이즈다운,올아이즈다운,ALL EYES DOWN,,국내 캐주얼·스트릿,신발겸업,ACTIVE,,
,BRAND_ALL_ABOUT_NEW,올어바웃뉴,올어바웃뉴,ALL ABOUT NEW,,국내 캐주얼·스트릿,,ACTIVE,,
,BRAND_ALLCLASSIC,올클래식,올클래식,ALLCLASSIC,,국내 캐주얼·스트릿,신발겸업,ACTIVE,,
,BRAND_OMNIPOTENT,옴니포턴트,옴니포턴트,OMNIPOTENT,,신발·스니커즈,,ACTIVE,,
,BRAND_WHAGI,와기,와기,WHAGI,,국내 캐주얼·스트릿,,ACTIVE,,
,BRAND_WARDROBE,와드로브,와드로브,WARDROBE,,국내 캐주얼·스트릿,,ACTIVE,,
,BRAND_WAARFORWOMAN,와르 포 우먼,와르 포 우먼,WAARFORWOMAN,,국내 캐주얼·스트릿,,ACTIVE,,
,BRAND_WAAW,와우,와우,WAAW,,신발·스니커즈,,ACTIVE,,
,BRAND_WIDEANGLE,와이드앵글,와이드앵글,WIDEANGLE,,신발·스니커즈,,ACTIVE,,
,BRAND_YLAB,와이랩,와이랩,YLAB,,신발·스니커즈,,ACTIVE,,
,BRAND_Y_3,와이쓰리,와이쓰리,Y-3,,신발·스니커즈,,ACTIVE,,
,BRAND_YYIAM,와이와이아이엠,와이와이아이엠,YYIAM,,국내 컨템포러리·디자이너,,ACTIVE,,
,BRAND_YEEL,와이이이엘,와이이이엘,YEEL,,국내 캐주얼·스트릿,신발겸업,ACTIVE,,
,BRAND_YJACK,와이잭,와이잭,YJACK,,국내 캐주얼·스트릿,,ACTIVE,,
,BRAND_WYSE,와이즈,와이즈,WYSE,,국내 캐주얼·스트릿,,ACTIVE,,
,BRAND_WAIKEI,와이케이,와이케이,WAIKEI,,국내 컨템포러리·디자이너,,ACTIVE,,
,BRAND_WILD_DONKEY,와일드 동키,와일드 동키,WILD DONKEY,,국내 캐주얼·스트릿,,ACTIVE,,
,BRAND_WILDROCK,와일드락,와일드락,WILDROCK,,국내 캐주얼·스트릿,,ACTIVE,,
,BRAND_WILDWORKS,와일드웍스,와일드웍스,WILDWORKS,,국내 캐주얼·스트릿,,ACTIVE,,
,BRAND_WACKY_WILLY,와키윌리,와키윌리,WACKY WILLY,,국내 캐주얼·스트릿,신발겸업,ACTIVE,,
,BRAND_WAAC,왁,왁,WAAC,,신발·스니커즈,,ACTIVE,,
,BRAND_WHATHEPUCK,왓더퍽,왓더퍽,WHATHEPUCK,,국내 캐주얼·스트릿,,ACTIVE,,
,BRAND_WHATEVERWEWANT,왓에버위원트,왓에버위원트,WHATEVERWEWANT,,국내 캐주얼·스트릿,,ACTIVE,,
,BRAND_WATCHOUTBABY,왓치아웃베이비,왓치아웃베이비,WATCHOUTBABY,,키즈,,ACTIVE,,
,BRAND_WHATHAPPEN,왓해픈,왓해픈,WHATHAPPEN,,국내 캐주얼·스트릿,,ACTIVE,,
,BRAND_WANGGWAN,왕관,왕관,WANGGWAN,,국내 캐주얼·스트릿,,ACTIVE,,
,BRAND_YOROKOBY,요로코비,요로코비,YOROKOBY,,국내 캐주얼·스트릿,,ACTIVE,,
,BRAND_YOMON,요몬,요몬,YOMON,,국내 캐주얼·스트릿,,ACTIVE,,
,BRAND_YOSEMITE,요세미티,요세미티,YOSEMITE,,국내 캐주얼·스트릿,,ACTIVE,,
,BRAND_YOHJI_YAMAMOTO,요지 야마모토,요지 야마모토,YOHJI YAMAMOTO,,해외 럭셔리·컨템포러리,무신사 미확인,ACTIVE,,
,BRAND_YOKAZIMA,요카지마,요카지마,YOKAZIMA,,국내 캐주얼·스트릿,,ACTIVE,,
,BRAND_YORKMINSTER,요크민스터,요크민스터,YORKMINSTER,,국내 캐주얼·스트릿,,ACTIVE,,
,BRAND_YOKI_TOKI,요키토키,요키토키,YOKI TOKI,,국내 캐주얼·스트릿,,ACTIVE,,
,BRAND_UUNE_SCENE,우네씬,우네씬,UUNE SCENE,,국내 컨템포러리·디자이너,,ACTIVE,,
,BRAND_UMARMUNG,우마뭉,우마뭉,UMARMUNG,,국내 컨템포러리·디자이너,,ACTIVE,,
,BRAND_OEUVA,우부아,우부아,OEUVA,,국내 캐주얼·스트릿,,ACTIVE,,
,BRAND_OOH_AHH,우아,우아,OOH-AHH,,국내 캐주얼·스트릿,,ACTIVE,,
,BRAND_OUSE,우즈,우즈,OUSE,,국내 캐주얼·스트릿,,ACTIVE,,
,BRAND_ULLALA_PAJAMAS,울랄라파자마,울랄라파자마,ULLALA PAJAMAS,,국내 캐주얼·스트릿,,ACTIVE,,
,BRAND_WARDOG,워독,워독,WARDOG,,국내 캐주얼·스트릿,,ACTIVE,,
,BRAND_WARDROBE_STANDARD,워드로브 스탠다드,워드로브 스탠다드,WARDROBE STANDARD,,국내 캐주얼·스트릿,,ACTIVE,,
,BRAND_WOVEMENT,워브먼트,워브먼트,WOVEMENT,,국내 캐주얼·스트릿,,ACTIVE,,
,BRAND_WAS,워즈,워즈,WAS,,국내 캐주얼·스트릿,,ACTIVE,,
,BRAND_ONERM,원알엠,원알엠,ONERM,,국내 캐주얼·스트릿,,ACTIVE,,
,BRAND_OHP,원헌드레드퍼센트,원헌드레드퍼센트,OHP,,국내 캐주얼·스트릿,,ACTIVE,,
,BRAND_ONEHUNDREDPERCENT_FOR_WOMAN,원헌드레드퍼센트 포 우먼,원헌드레드퍼센트 포 우먼,ONEHUNDREDPERCENT FOR WOMAN,,국내 캐주얼·스트릿,,ACTIVE,,
,BRAND_WANKER,웡커,웡커,WANKER,,국내 캐주얼·스트릿,,ACTIVE,,
,BRAND_WANIL,웨닐,웨닐,WANIL,,국내 캐주얼·스트릿,,ACTIVE,,
,BRAND_WESKEN,웨스켄,웨스켄,WESKEN,,국내 캐주얼·스트릿,,ACTIVE,,
,BRAND_WEST_GRAND_BOULEVARD,웨스트 그랜드 블러바드,웨스트 그랜드 블러바드,WEST GRAND BOULEVARD,,국내 캐주얼·스트릿,,ACTIVE,,
,BRAND_WEST_COAST_CHOPPERS,웨스트코스트챠퍼스,웨스트코스트챠퍼스,WEST COAST CHOPPERS,,글로벌 스포츠·캐주얼,,ACTIVE,,
,BRAND_WESLEYHYUSTON,웨슬리 휴스턴,웨슬리 휴스턴,WESLEYHYUSTON,,국내 컨템포러리·디자이너,,ACTIVE,,
,BRAND_WAVEGUN,웨이브건,웨이브건,WAVEGUN,,국내 캐주얼·스트릿,,ACTIVE,,
,BRAND_WAVEGIRL,웨이브걸,웨이브걸,WAVEGIRL,,국내 캐주얼·스트릿,,ACTIVE,,
,BRAND_WAVEDONUTS,웨이브도넛,웨이브도넛,WAVEDONUTS,,국내 캐주얼·스트릿,,ACTIVE,,
,BRAND_WAVE_UNION,웨이브유니온,웨이브유니온,WAVE UNION,,국내 캐주얼·스트릿,,ACTIVE,,
,BRAND_WEDNESDAYOASISFORWOMEN,웬즈데이오아시스 포 우먼,웬즈데이오아시스 포 우먼,WEDNESDAYOASISFORWOMEN,,국내 캐주얼·스트릿,,ACTIVE,,
,BRAND_WELLBEING_EXPRESS,웰빙익스프레스,웰빙익스프레스,WELLBEING EXPRESS,,국내 캐주얼·스트릿,,ACTIVE,,
,BRAND_WELTER_EXPERIMENT,웰터 익스페리먼트,웰터 익스페리먼트,WELTER EXPERIMENT,,국내 캐주얼·스트릿,,ACTIVE,,
,BRAND_WET_TAG,웻태그,웻태그,WET TAG,,국내 캐주얼·스트릿,,ACTIVE,,
,BRAND_WINEEZ,위니즈,위니즈,WINEEZ,,신발·스니커즈,,ACTIVE,,
,BRAND_WETHEROAD,위더로드,위더로드,WETHEROAD,,신발·스니커즈,,ACTIVE,,
,BRAND_WITHNOSHORE,위드노쇼어,위드노쇼어,WITHNOSHORE,,국내 캐주얼·스트릿,,ACTIVE,,
,BRAND_WITHOUT_SUMMER,위드아웃썸머,위드아웃썸머,WITHOUT SUMMER,,국내 캐주얼·스트릿,신발겸업,ACTIVE,,
,BRAND_WETTIA,위띠아,위띠아,WETTIA,,신발·스니커즈,,ACTIVE,,
,BRAND_WELOVETEE,위러브티,위러브티,WELOVETEE,,국내 캐주얼·스트릿,,ACTIVE,,
,BRAND_WEREVE,위레브,위레브,WEREVE,,국내 캐주얼·스트릿,,ACTIVE,,
,BRAND_WEVE,위브,위브,WEVE,,국내 캐주얼·스트릿,,ACTIVE,,
,BRAND_WISSY,위씨,위씨,WISSY,,국내 캐주얼·스트릿,,ACTIVE,,
,BRAND_YIYOON,위아이윤,위아이윤,YIYOON,,국내 캐주얼·스트릿,,ACTIVE,,
,BRAND_WEIRDWORLD,위얼드월드,위얼드월드,WEIRDWORLD,,국내 캐주얼·스트릿,,ACTIVE,,
,BRAND_WIOE,위오이,위오이,WIOE,,국내 캐주얼·스트릿,,ACTIVE,,
,BRAND_WKNDRS,위캔더스,위캔더스,WKNDRS,,국내 캐주얼·스트릿,신발겸업,ACTIVE,,
,BRAND_WEEK9,위크나인,위크나인,WEEK9,,신발·스니커즈,,ACTIVE,,
,BRAND_WITTMAN,위트맨,위트맨,WITTMAN,,신발·스니커즈,,ACTIVE,,
,BRAND_WILLIAMSBURG_NEWYORK_CITY,윌리엄스버그 뉴욕시티,윌리엄스버그 뉴욕시티,WILLIAMSBURG NEWYORK CITY,,국내 캐주얼·스트릿,,ACTIVE,,
,BRAND_WILLIWAW_STUDIO,윌리워 스튜디오,윌리워 스튜디오,WILLIWAW STUDIO,,국내 캐주얼·스트릿,,ACTIVE,,
,BRAND_WILLBE_LAB,윌비랩,윌비랩,WILLBE LAB,,국내 컨템포러리·디자이너,,ACTIVE,,
,BRAND_WILSON,윌슨,윌슨,WILSON,,글로벌 스포츠·캐주얼,신발겸업,ACTIVE,,
,BRAND_UNITED_ATHLE,유나이티드 애슬,유나이티드 애슬,UNITED ATHLE,,국내 캐주얼·스트릿,,ACTIVE,,
,BRAND_UNIREX,유니렉스,유니렉스,UNIREX,,국내 캐주얼·스트릿,,ACTIVE,,
,BRAND_UNIVERSAL_OVERALL,유니버셜 오버롤,유니버셜 오버롤,UNIVERSAL OVERALL,,국내 캐주얼·스트릿,,ACTIVE,,
,BRAND_UNIVERSE_GARMENT,유니버스 가먼트,유니버스 가먼트,UNIVERSE GARMENT,,국내 캐주얼·스트릿,,ACTIVE,,
,BRAND_UNIT,유닛,유닛,UNIT,,국내 캐주얼·스트릿,,ACTIVE,,
,BRAND_UNIT_B,유닛비,유닛비,UNIT.B,,국내 캐주얼·스트릿,,ACTIVE,,
,BRAND_URAGO,유라고,유라고,URAGO,,국내 컨템포러리·디자이너,신발겸업,ACTIVE,,
,BRAND_YUUR,유르,유르,YUUR,,신발·스니커즈,,ACTIVE,,
,BRAND_YURT,유르트,유르트,YURT,,신발·스니커즈,,ACTIVE,,
,BRAND_YUME_YUME,유메유메,유메유메,YUME YUME,,신발·스니커즈,,ACTIVE,,
,BRAND_YUTHENTIC,유센틱,유센틱,YUTHENTIC,,국내 캐주얼·스트릿,,ACTIVE,,
,BRAND_YUSOODOSI,유수도시,유수도시,YUSOODOSI,,국내 캐주얼·스트릿,,ACTIVE,,
,BRAND_YOUTH,유스,유스,YOUTH,,신발·스니커즈,,ACTIVE,,
,BRAND_LLUSTRE,유스트레,유스트레,LLUSTRE,,국내 컨템포러리·디자이너,,ACTIVE,,
,BRAND_UCLA,유씨엘에이,유씨엘에이,UCLA,,신발·스니커즈,,ACTIVE,,
,BRAND_USPOLOASSN,유에스 폴로 어신,유에스 폴로 어신,USPOLOASSN,,국내 캐주얼·스트릿,신발겸업,ACTIVE,,
,BRAND_USO,유에스오,유에스오,USO,,국내 캐주얼·스트릿,,ACTIVE,,
,BRAND_UFC_SPORT,유에프씨 스포츠,유에프씨 스포츠,UFC SPORT,,스포츠·액티브,,ACTIVE,,
,BRAND_UUUUP,유우프,유우프,UUUUP,,국내 캐주얼·스트릿,,ACTIVE,,
,BRAND_UUM,유움,유움,UUM,,국내 캐주얼·스트릿,,ACTIVE,,
,BRAND_YOUEVE,유이브,유이브,YOUEVE,,국내 캐주얼·스트릿,,ACTIVE,,
,BRAND_YUJE,유제,유제,YUJE,,국내 캐주얼·스트릿,,ACTIVE,,
,BRAND_EUGGEN,유젠,유젠,EUGGEN,,국내 캐주얼·스트릿,,ACTIVE,,
,BRAND_YUJI,유지,유지,YUJI,,국내 컨템포러리·디자이너,신발겸업,ACTIVE,,
,BRAND_YUJEEOT,유지옷,유지옷,YUJEEOT,,국내 캐주얼·스트릿,,ACTIVE,,
,BRAND_EUTOSIS,유토시스,유토시스,EUTOSIS,,국내 캐주얼·스트릿,,ACTIVE,,
,BRAND_UTING_GOLF,유팅골프,유팅골프,UTING GOLF,,골프·스포츠라이프,,ACTIVE,,
,BRAND_YUPE,유프,유프,YUPE,,국내 캐주얼·스트릿,,ACTIVE,,
,BRAND_YOUHEE,유희,유희,YOUHEE,,국내 캐주얼·스트릿,,ACTIVE,,
,BRAND_YUHEELEE,유히리,유히리,YUHEELEE,,국내 캐주얼·스트릿,,ACTIVE,,
,BRAND_YUNSE,윤세,윤세,YUNSE,,국내 컨템포러리·디자이너,신발겸업,ACTIVE,,
,BRAND_UMM,음,음,UMM,,국내 캐주얼·스트릿,,ACTIVE,,
,BRAND_EGO,이고,이고,EGO,,국내 캐주얼·스트릿,,ACTIVE,,
,BRAND_AEGO_FREEDOM_LAB,이고프리덤랩,이고프리덤랩,AEGO FREEDOM LAB,,국내 캐주얼·스트릿,,ACTIVE,,
,BRAND_IGINOA,이기노아,이기노아,IGINOA,,신발·스니커즈,,ACTIVE,,
,BRAND_INYS,이니즈,이니즈,INYS,,국내 캐주얼·스트릿,,ACTIVE,,
,BRAND_IROSI_IROA,이로시 이로아,이로시 이로아,IROSI IROA,,국내 캐주얼·스트릿,,ACTIVE,,
,BRAND_EMOTION_PLANET,이모션플래닛,이모션플래닛,EMOTION PLANET,,국내 캐주얼·스트릿,,ACTIVE,,
,BRAND_YIV,이브,이브,YIV,,국내 캐주얼·스트릿,,ACTIVE,,
,BRAND_EVEINTHEWORLD,이브인더월드,이브인더월드,EVEINTHEWORLD,,국내 캐주얼·스트릿,,ACTIVE,,
,BRAND_EBM,이비엠,이비엠,EBM,,신발·스니커즈,,ACTIVE,,
,BRAND_IYSO,이소,이소,IYSO,,신발·스니커즈,,ACTIVE,,
,BRAND_EASTERN_GUIDANCE,이스턴 가이던스,이스턴 가이던스,EASTERN GUIDANCE,,국내 컨템포러리·디자이너,,ACTIVE,,
,BRAND_EASTLOGUE,이스트로그,이스트로그,EASTLOGUE,,국내 캐주얼·스트릿,,ACTIVE,,
,BRAND_EASTSERVICESHOP,이스트서비스샵,이스트서비스샵,EASTSERVICESHOP,,국내 캐주얼·스트릿,,ACTIVE,,
,BRAND_EASTSTREET,이스트스트릿,이스트스트릿,EASTSTREET,,국내 캐주얼·스트릿,,ACTIVE,,
,BRAND_EAST_SEA,이스트씨,이스트씨,EAST SEA,,국내 캐주얼·스트릿,,ACTIVE,,
,BRAND_EASTCO,이스트코,이스트코,EASTCO,,국내 캐주얼·스트릿,,ACTIVE,,
,BRAND_ISTKUNST,이스트쿤스트,이스트쿤스트,ISTKUNST,,국내 캐주얼·스트릿,,ACTIVE,,
,BRAND_25PERCENTAGE,이십오퍼센테이지,이십오퍼센테이지,25PERCENTAGE,,국내 캐주얼·스트릿,,ACTIVE,,
,BRAND_27Y,이십칠와이,이십칠와이,27Y,,국내 캐주얼·스트릿,,ACTIVE,,
,BRAND_EAAH,이아,이아,EAAH,,국내 캐주얼·스트릿,,ACTIVE,,
,BRAND_EAN_JO,이안조,이안조,EAN JO,,국내 캐주얼·스트릿,,ACTIVE,,
,BRAND_ESN,이에스엔,이에스엔,ESN,,국내 컨템포러리·디자이너,,ACTIVE,,
,BRAND_EL,이엘,이엘,EL,,국내 캐주얼·스트릿,,ACTIVE,,
,BRAND_YIYAE,이예,이예,YIYAE,,국내 컨템포러리·디자이너,,ACTIVE,,
,BRAND_IOEDLE,이외들,이외들,IOEDLE,,국내 컨템포러리·디자이너,,ACTIVE,,
,BRAND_IUGAMAKARAS,이우가마카라스,이우가마카라스,IUGAMAKARAS,,국내 캐주얼·스트릿,,ACTIVE,,
,BRAND_EEUT,이우트,이우트,EEUT,,국내 캐주얼·스트릿,,ACTIVE,,
,BRAND_IULAI,이울라이,이울라이,IULAI,,국내 캐주얼·스트릿,,ACTIVE,,
,BRAND_EUCT,이유씨티,이유씨티,EUCT,,국내 컨템포러리·디자이너,,ACTIVE,,
,BRAND_EE,이이,이이,EE,,국내 캐주얼·스트릿,,ACTIVE,,
,BRAND_EEERRR,이이이알알알,이이이알알알,EEERRR,,국내 캐주얼·스트릿,,ACTIVE,,
,BRAND_ISABEL_MARANT,이자벨마랑,이자벨마랑,ISABEL MARANT,,해외 럭셔리·컨템포러리,신발겸업,ACTIVE,,
,BRAND_EJNOLEE,이제이노리,이제이노리,EJNOLEE,,국내 컨템포러리·디자이너,,ACTIVE,,
,BRAND_EASE,이즈,이즈,EASE,,국내 캐주얼·스트릿,,ACTIVE,,
,BRAND_IZROOM,이즈룸,이즈룸,IZROOM,,국내 캐주얼·스트릿,,ACTIVE,,
,BRAND_EASEOFF,이즈오프,이즈오프,EASEOFF,,국내 캐주얼·스트릿,,ACTIVE,,
,BRAND_YEEZY,이지,이지,YEEZY,,신발·스니커즈,,ACTIVE,,
,BRAND_EASY_NO_EASY,이지노이지,이지노이지,EASY NO EASY,,국내 캐주얼·스트릿,,ACTIVE,,
,BRAND_EZBUY,이지바이,이지바이,EZBUY,,스포츠·액티브,,ACTIVE,,
,BRAND_EASYSPIRIT,이지스피릿,이지스피릿,EASYSPIRIT,,신발·스니커즈,,ACTIVE,,
,BRAND_EZIO_WOMEN,이지오 우먼,이지오 우먼,EZIO WOMEN,,국내 캐주얼·스트릿,,ACTIVE,,
,BRAND_EEGEEGEE,이지지,이지지,EEGEEGEE,,국내 캐주얼·스트릿,,ACTIVE,,
,BRAND_EZKIM,이지킴,이지킴,EZKIM,,국내 캐주얼·스트릿,,ACTIVE,,
,BRAND_EACHDIFFER,이치디퍼,이치디퍼,EACHDIFFER,,국내 캐주얼·스트릿,,ACTIVE,,
,BRAND_IKALOOK,이카룩,이카룩,IKALOOK,,신발·스니커즈,,ACTIVE,,
,BRAND_EQUALBY,이퀄비,이퀄비,EQUALBY,,신발·스니커즈,,ACTIVE,,
,BRAND_IHCNIK,이크닉,이크닉,IHCNIK,,신발·스니커즈,,ACTIVE,,
,BRAND_ETERNAL_MOMENT,이터널 모먼트,이터널 모먼트,ETERNAL MOMENT,,국내 캐주얼·스트릿,,ACTIVE,,
,BRAND_ETERNAL_LINE,이터널라인,이터널라인,ETERNAL LINE,,국내 컨템포러리·디자이너,,ACTIVE,,
,BRAND_222,이투둘,이투둘,222,,국내 캐주얼·스트릿,신발겸업,ACTIVE,,
,BRAND_ITRI,이트리,이트리,ITRI,,신발·스니커즈,,ACTIVE,,
,BRAND_ETCE,이티씨이,이티씨이,ETCE,,국내 캐주얼·스트릿,,ACTIVE,,
,BRAND_EPT,이피티,이피티,EPT,,신발·스니커즈,,ACTIVE,,
,BRAND_LEEHYUN_PROJECT,이현 프로젝트,이현 프로젝트,LEEHYUN PROJECT,,국내 컨템포러리·디자이너,,ACTIVE,,
,BRAND_LEEHO,이호,이호,LEEHO,,국내 캐주얼·스트릿,,ACTIVE,,
,BRAND_IN_THE_BALCONY,인더발코니,인더발코니,IN THE BALCONY,,신발·스니커즈,,ACTIVE,,
,BRAND_INTHESTAR,인더스타,인더스타,INTHESTAR,,신발·스니커즈,,ACTIVE,,
,BRAND_INDOSOLE,인도솔,인도솔,INDOSOLE,,신발·스니커즈,,ACTIVE,,
,BRAND_INDIAN,인디안,인디안,INDIAN,,국내 캐주얼·스트릿,,ACTIVE,,
,BRAND_IN_BALL,인볼,인볼,IN BALL,,국내 캐주얼·스트릿,,ACTIVE,,
,BRAND_INSILENCE,인사일런스,인사일런스,INSILENCE,,국내 캐주얼·스트릿,신발겸업,ACTIVE,,
,BRAND_INSILENCE_WOMEN,인사일런스 우먼,인사일런스 우먼,INSILENCE WOMEN,,국내 캐주얼·스트릿,신발겸업,ACTIVE,,
,BRAND_INSANEGARAGE,인세인개러지,인세인개러지,INSANEGARAGE,,국내 캐주얼·스트릿,,ACTIVE,,
,BRAND_INSSENSE,인센스,인센스,INSSENSE,,국내 캐주얼·스트릿,,ACTIVE,,
,BRAND_INSEOWL,인스아울,인스아울,INSEOWL,,국내 캐주얼·스트릿,,ACTIVE,,
,BRAND_INN_STANT,인스탄트,인스탄트,INN-STANT,,신발·스니커즈,,ACTIVE,,
,BRAND_INSTANTFUNK,인스턴트펑크,인스턴트펑크,INSTANTFUNK,,국내 캐주얼·스트릿,,ACTIVE,,
,BRAND_INSTAY,인스테이,인스테이,INSTAY,,아웃도어,,ACTIVE,,
,BRAND_INADAZE,인어데이즈,인어데이즈,INADAZE,,국내 캐주얼·스트릿,,ACTIVE,,
,BRAND_INTAR,인타,인타,INTAR,,국내 캐주얼·스트릿,,ACTIVE,,
,BRAND_THE_INTERNATIIIONAL,인터내셔널,인터내셔널,THE INTERNATIIIONAL,,국내 캐주얼·스트릿,,ACTIVE,,
,BRAND_INTEREST,인터레스트,인터레스트,INTEREST,,국내 캐주얼·스트릿,,ACTIVE,,
,BRAND_INTERMEZZO,인터메조,인터메조,INTERMEZZO,,국내 캐주얼·스트릿,,ACTIVE,,
,BRAND_INTERCREW,인터크루,인터크루,INTERCREW,,스포츠·액티브,,ACTIVE,,
,BRAND_INTEMPOMOOD,인템포무드,인템포무드,INTEMPOMOOD,,국내 컨템포러리·디자이너,,ACTIVE,,
,BRAND_INTIMARE,인티마레,인티마레,INTIMARE,,국내 캐주얼·스트릿,,ACTIVE,,
,BRAND_INPREP,인프랩,인프랩,INPREP,,국내 캐주얼·스트릿,,ACTIVE,,
,BRAND_ILLREGALO,일레갈로,일레갈로,ILLREGALO,,신발·스니커즈,,ACTIVE,,
,BRAND_ILLEDIT,일레딧,일레딧,ILLEDIT,,국내 캐주얼·스트릿,,ACTIVE,,
,BRAND_ILOIL,일로일,일로일,ILOIL,,국내 컨템포러리·디자이너,,ACTIVE,,
,BRAND_ILROZE,일로제,일로제,ILROZE,,국내 캐주얼·스트릿,,ACTIVE,,
,BRAND_ILLUSTRIS_ILLUSION,일루스트리스 일루전,일루스트리스 일루전,ILLUSTRIS ILLUSION,,국내 캐주얼·스트릿,,ACTIVE,,
,BRAND_ILLIGO,일리고,일리고,ILLIGO,,국내 캐주얼·스트릿,,ACTIVE,,
,BRAND_ILLIO,일리오,일리오,ILLIO,,국내 컨템포러리·디자이너,,ACTIVE,,
,BRAND_ILSEJACOBSEN,일세야콥센,일세야콥센,ILSEJACOBSEN,,국내 캐주얼·스트릿,신발겸업,ACTIVE,,
,BRAND_IL_TEMPO_SELECT_SHOP,일템포셀렉샵,일템포셀렉샵,IL TEMPO SELECT SHOP,,국내 캐주얼·스트릿,,ACTIVE,,
,BRAND_ITZAVIBE,잇자바이브,잇자바이브,ITZAVIBE,,국내 캐주얼·스트릿,,ACTIVE,,
,BRAND_IT_SNOWCOOL,잇츠나우쿨,잇츠나우쿨,IT'SNOWCOOL,,국내 캐주얼·스트릿,,ACTIVE,,
,BRAND_ITISCOOLTHING,잇츠쿨띵,잇츠쿨띵,ITISCOOLTHING,,국내 캐주얼·스트릿,,ACTIVE,,
,BRAND_ITER,잇터,잇터,ITER,,국내 캐주얼·스트릿,,ACTIVE,,
,BRAND_EENK,잉크,잉크,EENK,,국내 캐주얼·스트릿,,ACTIVE,,
,BRAND_XAV,자브,자브,XAV,,국내 캐주얼·스트릿,,ACTIVE,,
,BRAND_ZAKOPANE,자코파네,자코파네,ZAKOPANE,,스포츠·액티브,,ACTIVE,,
,BRAND_ZANCA,잔카,잔카,ZANCA,,아웃도어,,ACTIVE,,
,BRAND_JAM_T,잠트,잠트,JAM'T,,신발·스니커즈,,ACTIVE,,
,BRAND_JEILIM,재이림,재이림,JEILIM,,국내 컨템포러리·디자이너,,ACTIVE,,
,BRAND_JAZZED,재즈드,재즈드,JAZZED,,국내 캐주얼·스트릿,,ACTIVE,,
,BRAND_JACLAR,재클라,재클라,JACLAR,,신발·스니커즈,,ACTIVE,,
,BRAND_JUSTHANG,저스트행,저스트행,JUSTHANG,,국내 캐주얼·스트릿,,ACTIVE,,
,BRAND_JEONGGAM_STUDIOS,정감 스튜디오,정감 스튜디오,JEONGGAM STUDIOS,,국내 캐주얼·스트릿,,ACTIVE,,
,BRAND_JUNGDO,정도,정도,JUNGDO,,국내 캐주얼·스트릿,,ACTIVE,,
,BRAND_JEONGJIN,정진,정진,JEONGJIN,,국내 캐주얼·스트릿,,ACTIVE,,
,BRAND_GENERALIDEA,제너럴아이디어,제너럴아이디어,GENERALIDEA,,국내 컨템포러리·디자이너,,ACTIVE,,
,BRAND_GENERAL_WORKS,제네럴웍스,제네럴웍스,GENERAL WORKS,,국내 캐주얼·스트릿,,ACTIVE,,
,BRAND_XENOREPORT,제노리포트,제노리포트,XENOREPORT,,국내 캐주얼·스트릿,,ACTIVE,,
,BRAND_ZNUZ,제뉴즈,제뉴즈,ZNUZ,,국내 컨템포러리·디자이너,,ACTIVE,,
,BRAND_JENNYRIBBON,제니리본,제니리본,JENNYRIBBON,,국내 캐주얼·스트릿,,ACTIVE,,
,BRAND_XERO,제로,제로,XERO,,국내 캐주얼·스트릿,,ACTIVE,,
,BRAND_ZEROLOUNGE,제로라운지,제로라운지,ZEROLOUNGE,,신발·스니커즈,,ACTIVE,,
,BRAND_XEROSHOES,제로슈즈,제로슈즈,XEROSHOES,,신발·스니커즈,,ACTIVE,,
,BRAND_JEMUT,제멋,제멋,JEMUT,,국내 캐주얼·스트릿,,ACTIVE,,
,BRAND_JESSFIXTION,제스픽션,제스픽션,JESSFIXTION,,국내 캐주얼·스트릿,,ACTIVE,,
,BRAND_GEOX,제옥스,제옥스,GEOX,,신발·스니커즈,,ACTIVE,,
,BRAND_J_DAUL,제이다울,제이다울,J.DAUL,,신발·스니커즈,,ACTIVE,,
,BRAND_JRIUM,제이리움,제이리움,JRIUM,,국내 캐주얼·스트릿,,ACTIVE,,
,BRAND_JBYRARA,제이바이라라,제이바이라라,JBYRARA,,국내 캐주얼·스트릿,,ACTIVE,,
,BRAND_JASON_MARKK,제이슨 마크,제이슨 마크,JASON MARKK,,신발·스니커즈,,ACTIVE,,
,BRAND_JCJD,제이씨제이디,제이씨제이디,JCJD,,국내 캐주얼·스트릿,,ACTIVE,,
,BRAND_JELEVE,제이엘브,제이엘브,JELEVE,,스포츠·액티브,,ACTIVE,,
,BRAND_J_ALL,제이올,제이올,J-ALL,,국내 컨템포러리·디자이너,,ACTIVE,,
,BRAND_J_JANE,제이제인,제이제인,J.JANE,,골프·스포츠라이프,,ACTIVE,,
,BRAND_J_PRESS,제이프레스,제이프레스,J.PRESS,,국내 캐주얼·스트릿,,ACTIVE,,
,BRAND_ZD_SPORTS,제트디 스포츠,제트디 스포츠,ZD SPORTS,,스포츠·액티브,,ACTIVE,,
,BRAND_XEXYMIX,젝시믹스,젝시믹스,XEXYMIX,,스포츠·액티브,신발겸업,ACTIVE,,
,BRAND_ZNOTHER,젠아더,젠아더,ZNOTHER,,국내 컨템포러리·디자이너,,ACTIVE,,
,BRAND_GELATO_PIQUE,젤라또 피케,젤라또 피케,GELATO PIQUE,,국내 캐주얼·스트릿,신발겸업,ACTIVE,,
,BRAND_GEMGEM_PARADIS,젬젬파라디,젬젬파라디,GEMGEM PARADIS,,국내 캐주얼·스트릿,,ACTIVE,,
,BRAND_GIORGIO_ARMANI,조르지오 아르마니,조르지오 아르마니,GIORGIO ARMANI,,해외 럭셔리·컨템포러리,무신사 미확인,ACTIVE,,
,BRAND_JOMA,조마,조마,JOMA,,글로벌 스포츠·캐주얼,신발겸업,ACTIVE,,
,BRAND_ZOBHA,조브하,조브하,ZOBHA,,신발·스니커즈,,ACTIVE,,
,BRAND_JOSEPHT,조셉트,조셉트,JOSEPHT,,신발·스니커즈,,ACTIVE,,
,BRAND_JO_S_LOUNGE,조스라운지,조스라운지,JO'S LOUNGE,,신발·스니커즈,,ACTIVE,,
,BRAND_JOENSHOE,조앤슈,조앤슈,JOENSHOE,,신발·스니커즈,,ACTIVE,,
,BRAND_ZOEET,조에뜨,조에뜨,ZOEET,,국내 캐주얼·스트릿,,ACTIVE,,
,BRAND_CHOWOO,조우,조우,CHOWOO,,국내 캐주얼·스트릿,,ACTIVE,,
,BRAND_GEORGE_COX,조지콕스,조지콕스,GEORGE COX,,국내 캐주얼·스트릿,신발겸업,ACTIVE,,
,BRAND_JOLYN,졸린,졸린,JOLYN,,신발·스니커즈,,ACTIVE,,
,BRAND_JOURN,죤,죤,JOURN,,국내 캐주얼·스트릿,,ACTIVE,,
,BRAND_JUNECI,주네시,주네시,JUNECI,,국내 캐주얼·스트릿,,ACTIVE,,
,BRAND_JUNECI_SPORTS_CLUB,주네시 스포츠 클럽,주네시 스포츠 클럽,JUNECI SPORTS CLUB,,스포츠·액티브,,ACTIVE,,
,BRAND_JE_NE_SAIS_QUOI,주느세콰,주느세콰,JE NE SAIS QUOI,,국내 캐주얼·스트릿,,ACTIVE,,
,BRAND_JUDYN,주디앤,주디앤,JUDYN,,국내 캐주얼·스트릿,,ACTIVE,,
,BRAND_JUAN_HOMME,주앙옴므,주앙옴므,JUAN HOMME,,국내 컨템포러리·디자이너,,ACTIVE,,
,BRAND_JUKIT,주키트,주키트,JUKIT,,국내 캐주얼·스트릿,,ACTIVE,,
,BRAND_JUN_BY_JUN_K,준바이준케이,준바이준케이,JUN BY JUN K,,국내 캐주얼·스트릿,,ACTIVE,,
,BRAND_JUNSIO,준시오,준시오,JUNSIO,,국내 캐주얼·스트릿,,ACTIVE,,
,BRAND_JUNYA_WATANABE,준야 와타나베,준야 와타나베,JUNYA WATANABE,,해외 럭셔리·컨템포러리,무신사 미확인,ACTIVE,,
,BRAND_JUNEJUNE_SPACE,준준스페이스,준준스페이스,JUNEJUNE SPACE,,국내 캐주얼·스트릿,,ACTIVE,,
,BRAND_JTK_ARTISANAL,준태킴 아티셔널,준태킴 아티셔널,JTK ARTISANAL,,국내 캐주얼·스트릿,,ACTIVE,,
,BRAND_JULIAPEPE,줄리아페페,줄리아페페,JULIAPEPE,,국내 컨템포러리·디자이너,,ACTIVE,,
,BRAND_GMGS,쥐엠쥐에스,쥐엠쥐에스,GMGS,,국내 캐주얼·스트릿,,ACTIVE,,
,BRAND_GGU,쥐쥐유,쥐쥐유,GGU,,국내 캐주얼·스트릿,,ACTIVE,,
,BRAND_JEU_DART,쥬다르,쥬다르,JEU DART,,신발·스니커즈,,ACTIVE,,
,BRAND_JEDE_KONNEN,쥬드코넨,쥬드코넨,JEDE KONNEN,,신발·스니커즈,,ACTIVE,,
,BRAND_JELACONNAIS,쥬라꼬네,쥬라꼬네,JELACONNAIS,,신발·스니커즈,,ACTIVE,,
,BRAND_JUCYJUDY,쥬시쥬디,쥬시쥬디,JUCYJUDY,,국내 캐주얼·스트릿,,ACTIVE,,
,BRAND_JETISSE,쥬티스,쥬티스,JETISSE,,국내 캐주얼·스트릿,,ACTIVE,,
,BRAND_JULIY_AND_CALLA,쥴리앤칼라,쥴리앤칼라,JULIY&CALLA,,국내 컨템포러리·디자이너,,ACTIVE,,
,BRAND_JIMMY_CHOO,지미 추,지미 추,JIMMY CHOO,,해외 럭셔리·컨템포러리,무신사 미확인,ACTIVE,,
,BRAND_JIMINLEE,지민리,지민리,JIMINLEE,,국내 캐주얼·스트릿,,ACTIVE,,
,BRAND_GIVENCHY,지방시,지방시,GIVENCHY,,해외 럭셔리·컨템포러리,,ACTIVE,,
,BRAND_GBH_HOME,지비에이치 홈,지비에이치 홈,GBH HOME,,신발·스니커즈,,ACTIVE,,
,BRAND_GISSE,지쎄,지쎄,GISSE,,신발·스니커즈,,ACTIVE,,
,BRAND_ZNO,지앤오,지앤오,ZNO,,국내 캐주얼·스트릿,,ACTIVE,,
,BRAND_GNGB,지앤지비,지앤지비,GNGB,,국내 캐주얼·스트릿,,ACTIVE,,
,BRAND_GIEMAR,지에마르,지에마르,GIEMAR,,국내 캐주얼·스트릿,,ACTIVE,,
,BRAND_GIORDANO,지오다노,지오다노,GIORDANO,,글로벌 스포츠·캐주얼,,ACTIVE,,
,BRAND_ZIOSONGZIO,지오송지오,지오송지오,ZIOSONGZIO,,국내 컨템포러리·디자이너,,ACTIVE,,
,BRAND_ZIOZIA,지오지아,지오지아,ZIOZIA,,국내 SPA·베이직,,ACTIVE,,
,BRAND_SIEG,지이크,지이크,SIEG,,국내 캐주얼·스트릿,,ACTIVE,,
,BRAND_SIEG_SEOCHON_HAUS,지이크 서촌 하우스,지이크 서촌 하우스,SIEG SEOCHON HAUS,,국내 캐주얼·스트릿,,ACTIVE,,
,BRAND_ZIJANGSA,지장사,지장사,ZIJANGSA,,국내 캐주얼·스트릿,,ACTIVE,,
,BRAND_ZZERO_SONGZIO,지제로 송지오,지제로 송지오,ZZERO SONGZIO,,국내 컨템포러리·디자이너,,ACTIVE,,
,BRAND_ZIZEMUSEUM,지제뮤지엄,지제뮤지엄,ZIZEMUSEUM,,국내 컨템포러리·디자이너,,ACTIVE,,
,BRAND_ZZZ_BY_ULLALA,지즈 바이 울랄라,지즈 바이 울랄라,ZZZ BY ULLALA,,국내 캐주얼·스트릿,,ACTIVE,,
,BRAND_GEECOON,지쿤,지쿤,GEECOON,,국내 캐주얼·스트릿,,ACTIVE,,
,BRAND_GCLIP,지크립,지크립,GCLIP,,국내 캐주얼·스트릿,,ACTIVE,,
,BRAND_JEEP,지프,지프,JEEP,,아웃도어,,ACTIVE,,
,BRAND_JEEPKIDS,지프키즈,지프키즈,JEEPKIDS,,키즈,,ACTIVE,,
,BRAND_ZPLISH,지플리시,지플리시,ZPLISH,,국내 컨템포러리·디자이너,,ACTIVE,,
,BRAND_ZIHEE,지희,지희,ZIHEE,,국내 캐주얼·스트릿,,ACTIVE,,
,BRAND_JINBARBIE,진바비,진바비,JINBARBIE,,국내 캐주얼·스트릿,,ACTIVE,,
,BRAND_JILL_BY_JILLSTUART,질바이질스튜어트,질바이질스튜어트,JILL BY JILLSTUART,,신발·스니커즈,,ACTIVE,,
,BRAND_JIL_SANDER,질샌더,질샌더,JIL SANDER,,해외 럭셔리·컨템포러리,,ACTIVE,,
,BRAND_JIL_Y,질와이,질와이,JIL Y,,신발·스니커즈,,ACTIVE,,
,BRAND_CHAAKAN,착한구두,착한구두,CHAAKAN,,신발·스니커즈,,ACTIVE,,
,BRAND_CHANCE_CLOTHING,찬스클로딩,찬스클로딩,CHANCE CLOTHING,,신발·스니커즈,,ACTIVE,,
,BRAND_CHARLSE_VOTUM,찰스보툼,찰스보툼,CHARLSE VOTUM,,신발·스니커즈,,ACTIVE,,
,BRAND_CHARLES_AND_KEITH,찰스앤키스,찰스앤키스,CHARLES & KEITH,,신발·스니커즈,,ACTIVE,,
,BRAND_CHAENEWYORK,채뉴욕,채뉴욕,CHAENEWYORK,,국내 캐주얼·스트릿,,ACTIVE,,
,BRAND_CHALLENGER,챌린저,챌린저,CHALLENGER,,골프·스포츠라이프,신발겸업,ACTIVE,,
,BRAND_CHAMPION,챔피온,챔피온,CHAMPION,,신발·스니커즈,,ACTIVE,,
,BRAND_CHERRY_PUNCHES,체리 펀치스,체리 펀치스,CHERRY PUNCHES,,국내 캐주얼·스트릿,,ACTIVE,,
,BRAND_CHERRYQUIRI,체리퀴리,체리퀴리,CHERRYQUIRI,,국내 컨템포러리·디자이너,,ACTIVE,,
,BRAND_CHOCHOU,초슈,초슈,CHOCHOU,,국내 캐주얼·스트릿,,ACTIVE,,
,BRAND_MYBIASMYBOSS,최애의 사원,최애의 사원,MYBIASMYBOSS,,라이선스·콜라보,,ACTIVE,,
,BRAND_CHOPPER_DEPT,쵸퍼 뎁트,쵸퍼 뎁트,CHOPPER DEPT,,국내 캐주얼·스트릿,,ACTIVE,,
,BRAND_CHOOCHUIWOO,추취우 작업실,추취우 작업실,CHOOCHUIWOO,,국내 컨템포러리·디자이너,,ACTIVE,,
,BRAND_CHUBASCO,츄바스코,츄바스코,CHUBASCO,,신발·스니커즈,,ACTIVE,,
,BRAND_CHIMI,치미,치미,CHIMI,,국내 캐주얼·스트릿,,ACTIVE,,
,BRAND_CHIQUITA,치키타,치키타,CHIQUITA,,국내 캐주얼·스트릿,,ACTIVE,,
,BRAND_CHICKS,칙스,칙스,CHICKS,,국내 캐주얼·스트릿,,ACTIVE,,
,BRAND_CHIN_DOWN,친다운,친다운,CHIN DOWN,,국내 캐주얼·스트릿,,ACTIVE,,
,BRAND_CHILLINGCEREMONY_CLUB,칠링세레머니 클럽,칠링세레머니 클럽,CHILLINGCEREMONY CLUB,,신발·스니커즈,,ACTIVE,,
,BRAND_CHILLSA,칠사,칠사,CHILLSA,,국내 캐주얼·스트릿,,ACTIVE,,
,BRAND_CHILL_SPORTS_CLUB,칠스포츠클럽,칠스포츠클럽,CHILL SPORTS CLUB,,스포츠·액티브,,ACTIVE,,
,BRAND_CHILLOUTPLEASE,칠아웃플리즈,칠아웃플리즈,CHILLOUTPLEASE,,국내 캐주얼·스트릿,,ACTIVE,,
,BRAND_CHIMCHAKMAN,침착맨,침착맨,CHIMCHAKMAN,,신발·스니커즈,,ACTIVE,,
,BRAND_CARGOBROS,카고브로스,카고브로스,CARGOBROS,,국내 캐주얼·스트릿,,ACTIVE,,
,BRAND_CARGOBROS_FOR_WOMAN,카고브로스 포 우먼,카고브로스 포 우먼,CARGOBROS FOR WOMAN,,국내 캐주얼·스트릿,,ACTIVE,,
,BRAND_CANERA,카네라,카네라,CANERA,,국내 컨템포러리·디자이너,,ACTIVE,,
,BRAND_KANEITEI,카네이테이,카네이테이,KANEITEI,,국내 컨템포러리·디자이너,,ACTIVE,,
,BRAND_CARAVAN,카라반 아웃도어,카라반 아웃도어,CARAVAN,,신발·스니커즈,,ACTIVE,,
,BRAND_KARACTOR,카락터,카락터,KARACTOR,,국내 캐주얼·스트릿,신발겸업,ACTIVE,,
,BRAND_KARESI,카레시,카레시,KARESI,,국내 캐주얼·스트릿,,ACTIVE,,
,BRAND_KALENDAR,카렌다,카렌다,KALENDAR,,국내 캐주얼·스트릿,,ACTIVE,,
,BRAND_KAREN_WHITE,카렌화이트,카렌화이트,KAREN WHITE,,신발·스니커즈,,ACTIVE,,
,BRAND_KARHU,카르후,카르후,KARHU,,신발·스니커즈,,ACTIVE,,
,BRAND_CARIUMA,카리우마,카리우마,CARIUMA,,신발·스니커즈,,ACTIVE,,
,BRAND_CAMEL_COFFEE,카멜커피,카멜커피,CAMEL COFFEE,,신발·스니커즈,,ACTIVE,,
,BRAND_CAMOROOM,카모룸,카모룸,CAMOROOM,,국내 캐주얼·스트릿,,ACTIVE,,
,BRAND_CAMOUFLAGE_LAB,카무플라주 랩,카무플라주 랩,CAMOUFLAGE LAB,,국내 캐주얼·스트릿,,ACTIVE,,
,BRAND_KAVU,카부,카부,KAVU,,신발·스니커즈,,ACTIVE,,
,BRAND_CAVISH,카비시,카비시,CAVISH,,국내 캐주얼·스트릿,,ACTIVE,,
,BRAND_CASABLANCA,카사블랑카,카사블랑카,CASABLANCA,,국내 캐주얼·스트릿,,ACTIVE,,
,BRAND_KASAKASA,카사카사,카사카사,KASAKASA,,국내 캐주얼·스트릿,,ACTIVE,,
,BRAND_CACELE,카셀,카셀,CACELE,,국내 컨템포러리·디자이너,,ACTIVE,,
,BRAND_KAXIYA,카시야,카시야,KAXIYA,,신발·스니커즈,,ACTIVE,,
,BRAND_KAUTS,카우츠,카우츠,KAUTS,,신발·스니커즈,,ACTIVE,,
,BRAND_KINDAME,카인다미,카인다미,KINDAME,,국내 캐주얼·스트릿,,ACTIVE,,
,BRAND_KINDABABY,카인더베이비,카인더베이비,KINDABABY,,키즈,,ACTIVE,,
,BRAND_KIND_CIPHER,카인드싸이퍼,카인드싸이퍼,KIND CIPHER,,국내 컨템포러리·디자이너,,ACTIVE,,
,BRAND_KINDS,카인즈,카인즈,KINDS,,국내 캐주얼·스트릿,,ACTIVE,,
,BRAND_KHAKIPOINT,카키포인트,카키포인트,KHAKIPOINT,,국내 캐주얼·스트릿,,ACTIVE,,
,BRAND_KAPPA,카파,카파,KAPPA,,국내 캐주얼·스트릿,,ACTIVE,,
,BRAND_CAPO,카포,카포,CAPO,,국내 캐주얼·스트릿,,ACTIVE,,
,BRAND_CAPRICIEUX,카프리슈,카프리슈,CAPRICIEUX,,국내 캐주얼·스트릿,,ACTIVE,,
,BRAND_KAN6312,칸6312,칸6312,KAN6312,,국내 캐주얼·스트릿,,ACTIVE,,
,BRAND_KANDINI,칸디니,칸디니,KANDINI,,골프·스포츠라이프,,ACTIVE,,
,BRAND_CAANC,칸크,칸크,CAANC,,국내 캐주얼·스트릿,,ACTIVE,,
,BRAND_KARLLAH,칼라,칼라,KARLLAH,,국내 캐주얼·스트릿,,ACTIVE,,
,BRAND_KALM_DOWN,캄 다운,캄 다운,KALM DOWN,,국내 캐주얼·스트릿,,ACTIVE,,
,BRAND_KAMPOS,캄포스,캄포스,KAMPOS,,국내 캐주얼·스트릿,,ACTIVE,,
,BRAND_KANGOL,캉골,캉골,KANGOL,,국내 캐주얼·스트릿,,ACTIVE,,
,BRAND_KANGOL_KIDS,캉골키즈,캉골키즈,KANGOL KIDS,,키즈,,ACTIVE,,
,BRAND_CASHMEANGIFT,캐시미언기프트,캐시미언기프트,CASHMEANGIFT,,국내 컨템포러리·디자이너,,ACTIVE,,
,BRAND_KASUAL_MANUAL,캐주얼 매뉴얼,캐주얼 매뉴얼,KASUAL MANUAL,,국내 캐주얼·스트릿,,ACTIVE,,
,BRAND_CATCH_BALL,캐치볼,캐치볼,CATCH BALL,,신발·스니커즈,,ACTIVE,,
,BRAND_KAPPY_DESIGN,캐피디자인,캐피디자인,KAPPY DESIGN,,국내 캐주얼·스트릿,,ACTIVE,,
,BRAND_CAPITAL_RADIO_TUNES,캐피탈 라디오 튠즈,캐피탈 라디오 튠즈,CAPITAL RADIO TUNES,,국내 캐주얼·스트릿,,ACTIVE,,
,BRAND_CANVARTS,캔바츠,캔바츠,CANVARTS,,국내 컨템포러리·디자이너,,ACTIVE,,
,BRAND_CNVS,캔버스,캔버스,CNVS,,아웃도어,신발겸업,ACTIVE,,
,BRAND_KANCAN,캔캔,캔캔,KANCAN,,해외 럭셔리·컨템포러리,,ACTIVE,,
,BRAND_CALLAWAY,캘러웨이,캘러웨이,CALLAWAY,,골프·스포츠라이프,신발겸업,ACTIVE,,
,BRAND_CALVIN_KLEIN_JEANS,캘빈클라인 진,캘빈클라인 진,CALVIN KLEIN JEANS,,글로벌 스포츠·캐주얼,신발겸업,ACTIVE,,
,BRAND_CAMPER,캠퍼,캠퍼,CAMPER,,신발·스니커즈,,ACTIVE,,
,BRAND_CAMPER_GOLF,캠퍼 골프,캠퍼 골프,CAMPER GOLF,,골프·스포츠라이프,,ACTIVE,,
,BRAND_CAMPERLAB,캠퍼랩,캠퍼랩,CAMPERLAB,,신발·스니커즈,,ACTIVE,,
,BRAND_CAMPHORWOOD,캠퍼우드,캠퍼우드,CAMPHORWOOD,,국내 캐주얼·스트릿,,ACTIVE,,
,BRAND_CAMPLINE,캠프라인,캠프라인,CAMPLINE,,신발·스니커즈,,ACTIVE,,
,BRAND_CAMPSIDE,캠프사이드,캠프사이드,CAMPSIDE,,국내 캐주얼·스트릿,,ACTIVE,,
,BRAND_CURRENT,커렌트,커렌트,CURRENT,,국내 캐주얼·스트릿,,ACTIVE,,
,BRAND_CMMN_SWDN,커먼 스웨덴,커먼 스웨덴,CMMN SWDN,,국내 캐주얼·스트릿,,ACTIVE,,
,BRAND_COMMONZ,커먼즈,커먼즈,COMMONZ,,국내 캐주얼·스트릿,,ACTIVE,,
,BRAND_COMMON_PROJECTS,커먼프로젝트,커먼프로젝트,COMMON PROJECTS,,신발·스니커즈,,ACTIVE,,
,BRAND_COMMUNITY_CLUB,커뮤니티클럽,커뮤니티클럽,COMMUNITY CLUB,,국내 캐주얼·스트릿,,ACTIVE,,
,BRAND_COA_NYC,커밍 오브 에이지,커밍 오브 에이지,COA NYC,,국내 캐주얼·스트릿,,ACTIVE,,
,BRAND_COVERNAT,커버낫,커버낫,COVERNAT,,국내 캐주얼·스트릿,신발겸업,ACTIVE,,
,BRAND_COVERNAT_WOMAN,커버낫 우먼,커버낫 우먼,COVERNAT WOMAN,,국내 캐주얼·스트릿,신발겸업,ACTIVE,,
,BRAND_CUBITTS,커비츠,커비츠,CUBITTS,,국내 캐주얼·스트릿,,ACTIVE,,
,BRAND_CUSTOMELLOW,커스텀멜로우,커스텀멜로우,CUSTOMELLOW,,국내 캐주얼·스트릿,신발겸업,ACTIVE,,
,BRAND_CUSTOMMOOD,커스텀무드,커스텀무드,CUSTOMMOOD,,신발·스니커즈,,ACTIVE,,
,BRAND_CUSTOMUS,커스텀어스,커스텀어스,CUSTOMUS,,국내 캐주얼·스트릿,,ACTIVE,,
,BRAND_COSTUME_O_CLOCK,커스텀어클락,커스텀어클락,COSTUME O'CLOCK,,신발·스니커즈,,ACTIVE,,
,BRAND_CUSTOMADE,커스텀에이드,커스텀에이드,CUSTOMADE,,신발·스니커즈,,ACTIVE,,
,BRAND_CUSTOMADE_WOMAN,커스텀에이드 우먼,커스텀에이드 우먼,CUSTOMADE WOMAN,,신발·스니커즈,,ACTIVE,,
,BRAND_CUZNELLO,커즈넬로,커즈넬로,CUZNELLO,,국내 캐주얼·스트릿,,ACTIVE,,
,BRAND_CONVERSE,컨버스,컨버스,CONVERSE,,글로벌 스포츠·캐주얼,신발겸업,ACTIVE,,
,BRAND_CONVEYG,컨베이지,컨베이지,CONVEYG,,국내 캐주얼·스트릿,,ACTIVE,,
,BRAND_CONTINEW,컨티뉴,컨티뉴,CONTINEW,,신발·스니커즈,,ACTIVE,,
,BRAND_COLORBLIND,컬러블라인드,컬러블라인드,COLORBLIND,,국내 캐주얼·스트릿,,ACTIVE,,
,BRAND_COLORS_OF_CALIFORNIA,컬러스 오브 캘리포니아,컬러스 오브 캘리포니아,COLORS OF CALIFORNIA,,신발·스니커즈,,ACTIVE,,
,BRAND_COLORZ_NEW_YORK,컬러즈뉴욕,컬러즈뉴욕,COLORZ NEW YORK,,국내 캐주얼·스트릿,,ACTIVE,,
,BRAND_COLOR_COLLA,컬러콜라,컬러콜라,COLOR COLLA,,신발·스니커즈,,ACTIVE,,
,BRAND_COLUMBIA,컬럼비아,컬럼비아,COLUMBIA,,아웃도어,,ACTIVE,,
,BRAND_COLUMBIA_UNIVERSITY,컬럼비아 유니버시티,컬럼비아 유니버시티,COLUMBIA UNIVERSITY,,라이선스·콜라보,대학 라이선스,ACTIVE,,
,BRAND_COLORA,컬로라,컬로라,COLORA,,국내 캐주얼·스트릿,,ACTIVE,,
,BRAND_COMPASS_ROSE,컴파스로즈,컴파스로즈,COMPASS ROSE,,국내 캐주얼·스트릿,,ACTIVE,,
,BRAND_COMPORT,컴포트,컴포트,COMPORT,,국내 캐주얼·스트릿,,ACTIVE,,
,BRAND_CUTTHETRASH,컷더트래쉬,컷더트래쉬,CUTTHETRASH,,국내 캐주얼·스트릿,,ACTIVE,,
,BRAND_CUTOUT,컷아웃,컷아웃,CUTOUT,,국내 컨템포러리·디자이너,,ACTIVE,,
,BRAND_CUTZ,컷즈,컷즈,CUTZ,,국내 캐주얼·스트릿,,ACTIVE,,
,BRAND_K_SWISS,케이스위스,케이스위스,K-SWISS,,신발·스니커즈,,ACTIVE,,
,BRAND_KENDA,켄다,켄다,KENDA,,국내 캐주얼·스트릿,,ACTIVE,,
,BRAND_KELME,켈미,켈미,KELME,,국내 캐주얼·스트릿,신발겸업,ACTIVE,,
,BRAND_CORNER_GREEN,코너그린,코너그린,CORNER GREEN,,골프·스포츠라이프,,ACTIVE,,
,BRAND_CORNERBLESS,코너블레스,코너블레스,CORNERBLESS,,국내 캐주얼·스트릿,,ACTIVE,,
,BRAND_KODAK,코닥,코닥,KODAK,,국내 캐주얼·스트릿,신발겸업,ACTIVE,,
,BRAND_CGP,코드그라피,코드그라피,CGP,,국내 캐주얼·스트릿,신발겸업,ACTIVE,,
,BRAND_CORALIAN,코랄리안,코랄리안,CORALIAN,,국내 캐주얼·스트릿,신발겸업,ACTIVE,,
,BRAND_CORVE,코르베,코르베,CORVE,,신발·스니커즈,,ACTIVE,,
,BRAND_KOREAMONSTER,코리아몬스터,코리아몬스터,KOREAMONSTER,,스포츠·액티브,,ACTIVE,,
,BRAND_KOMOREBI_MUSEUM,코모레비뮤지엄,코모레비뮤지엄,KOMOREBI MUSEUM,,신발·스니커즈,,ACTIVE,,
,BRAND_KOVEA,코베아,코베아,KOVEA,,아웃도어,신발겸업,ACTIVE,,
,BRAND_COVETT,코베트,코베트,COVETT,,국내 캐주얼·스트릿,,ACTIVE,,
,BRAND_CORSAGE,코사지,코사지,CORSAGE,,국내 캐주얼·스트릿,,ACTIVE,,
,BRAND_COSAT,코삿,코삿,COSAT,,국내 캐주얼·스트릿,,ACTIVE,,
,BRAND_COSEGG,코스에그,코스에그,COSEGG,,국내 캐주얼·스트릿,,ACTIVE,,
,BRAND_COAGMENT,코아그먼트,코아그먼트,COAGMENT,,신발·스니커즈,,ACTIVE,,
,BRAND_COREOFALCHEMY,코어오브알케미,코어오브알케미,COREOFALCHEMY,,신발·스니커즈,,ACTIVE,,
,BRAND_KOLON_SPORT,코오롱스포츠,코오롱스포츠,KOLON SPORT,,아웃도어,신발겸업,ACTIVE,,
,BRAND_COWORKERS,코워커스,코워커스,COWORKERS,,국내 캐주얼·스트릿,,ACTIVE,,
,BRAND_COYSEIO_038,코이세이오 038,코이세이오 038,COYSEIO 038,,국내 캐주얼·스트릿,,ACTIVE,,
,BRAND_COACH,코치,코치,COACH,,신발·스니커즈,,ACTIVE,,
,BRAND_COQUET,코케트,코케트,COQUET,,국내 캐주얼·스트릿,,ACTIVE,,
,BRAND_COQUI,코쿠이,코쿠이,COQUI,,신발·스니커즈,,ACTIVE,,
,BRAND_COQ,코큐,코큐,COQ,,국내 캐주얼·스트릿,,ACTIVE,,
,BRAND_COLLEVE,콜레브,콜레브,COLLEVE,,신발·스니커즈,,ACTIVE,,
,BRAND_COLLONIL,콜로닐,콜로닐,COLLONIL,,신발·스니커즈,,ACTIVE,,
,BRAND_COLOCYNTH,콜로신스,콜로신스,COLOCYNTH,,국내 캐주얼·스트릿,,ACTIVE,,
,BRAND_COLLEY,콜리,콜리,COLLEY,,신발·스니커즈,,ACTIVE,,
,BRAND_COLLIERCHOUPI,콜리에슈피,콜리에슈피,COLLIERCHOUPI,,신발·스니커즈,,ACTIVE,,
,BRAND_KOLEAT,콜릿,콜릿,KOLEAT,,국내 캐주얼·스트릿,,ACTIVE,,
,BRAND_COLEMAN,콜맨,콜맨,COLEMAN,,신발·스니커즈,,ACTIVE,,
,BRAND_COLEMAN_SHOES,콜맨슈즈,콜맨슈즈,COLEMAN SHOES,,신발·스니커즈,,ACTIVE,,
,BRAND_CONY,콜아웃뉴이어,콜아웃뉴이어,CONY,,국내 캐주얼·스트릿,,ACTIVE,,
,BRAND_KOLCA,콜카,콜카,KOLCA,,신발·스니커즈,,ACTIVE,,
,BRAND_KOLPING,콜핑,콜핑,KOLPING,,아웃도어,,ACTIVE,,
,BRAND_KOMPAKT_RECORD_BAR,콤팩트 레코드 바,콤팩트 레코드 바,KOMPAKT RECORD BAR,,국내 캐주얼·스트릿,,ACTIVE,,
,BRAND_KOBKINO,콥키노,콥키노,KOBKINO,,국내 캐주얼·스트릿,,ACTIVE,,
,BRAND_CURVO,쿠르보,쿠르보,CURVO,,국내 캐주얼·스트릿,,ACTIVE,,
,BRAND_COOR,쿠어,쿠어,COOR,,국내 캐주얼·스트릿,,ACTIVE,,
,BRAND_COOR_WOMEN,쿠어 우먼,쿠어 우먼,COOR WOMEN,,국내 캐주얼·스트릿,,ACTIVE,,
,BRAND_KOOKEESEE,쿠키시,쿠키시,KOOKEESEE,,국내 캐주얼·스트릿,,ACTIVE,,
,BRAND_QUTON,쿠톤,쿠톤,QUTON,,국내 컨템포러리·디자이너,,ACTIVE,,
,BRAND_COOPERSTOWN_BALL_CAP,쿠퍼스타운 볼캡,쿠퍼스타운 볼캡,COOPERSTOWN BALL CAP,,국내 캐주얼·스트릿,,ACTIVE,,
,BRAND_COOLSIS,쿨시스,쿨시스,COOLSIS,,국내 캐주얼·스트릿,,ACTIVE,,
,BRAND_KOOLKITTEN,쿨키튼,쿨키튼,KOOLKITTEN,,국내 캐주얼·스트릿,,ACTIVE,,
,BRAND_QYU,큐,큐,QYU,,국내 캐주얼·스트릿,,ACTIVE,,
,BRAND_CURETTY,큐리티,큐리티,CURETTY,,국내 캐주얼·스트릿,,ACTIVE,,
,BRAND_CRASSIANG,크라시앙,크라시앙,CRASSIANG,,국내 캐주얼·스트릿,,ACTIVE,,
,BRAND_CRAPPYROOM,크래피룸,크래피룸,CRAPPYROOM,,국내 캐주얼·스트릿,,ACTIVE,,
,BRAND_CRANK,크랭크,크랭크,CRANK,,국내 캐주얼·스트릿,,ACTIVE,,
,BRAND_CLAYMORE,크레모아,크레모아,CLAYMORE,,아웃도어,,ACTIVE,,
,BRAND_KROVAN,크로반,크로반,KROVAN,,신발·스니커즈,,ACTIVE,,
,BRAND_CROSSDRESSLY,크로스드레슬리,크로스드레슬리,CROSSDRESSLY,,신발·스니커즈,,ACTIVE,,
,BRAND_CROCODILE_LADIES,크로커다일레이디,크로커다일레이디,CROCODILE LADIES,,신발·스니커즈,,ACTIVE,,
,BRAND_CROCS,크록스,크록스,CROCS,,신발·스니커즈,,ACTIVE,,
,BRAND_CROCS_KIDS,크록스키즈,크록스키즈,CROCS KIDS,,키즈,,ACTIVE,,
,BRAND_CHRISCHOMME,크리스씨옴므,크리스씨옴므,CHRISCHOMME,,국내 컨템포러리·디자이너,,ACTIVE,,
,BRAND_CHRISTIAN_LOUBOUTIN,크리스찬 루부탱,크리스찬 루부탱,CHRISTIAN LOUBOUTIN,,해외 럭셔리·컨템포러리,무신사 미확인,ACTIVE,,
,BRAND_CREAM_SODA_LAB,크림소다랩,크림소다랩,CREAM SODA LAB,,국내 캐주얼·스트릿,,ACTIVE,,
,BRAND_CREAMS_LAB,크림스랩,크림스랩,CREAMS LAB,,국내 캐주얼·스트릿,,ACTIVE,,
,BRAND_CLARKS,클락스,클락스,CLARKS,,신발·스니커즈,,ACTIVE,,
,BRAND_CLARKS_ORIGINALS,클락스 오리지널스,클락스 오리지널스,CLARKS ORIGINALS,,신발·스니커즈,,ACTIVE,,
,BRAND_CLAE,클래이,클래이,CLAE,,신발·스니커즈,,ACTIVE,,
,BRAND_CLUBACTIVITY,클럽액티비티,클럽액티비티,CLUBACTIVITY,,국내 캐주얼·스트릿,,ACTIVE,,
,BRAND_CLUT_STUDIO,클럿 스튜디오,클럿 스튜디오,CLUT STUDIO,,국내 캐주얼·스트릿,,ACTIVE,,
,BRAND_CLEVER_FIELD,클레버필드,클레버필드,CLEVER FIELD,,국내 캐주얼·스트릿,,ACTIVE,,
,BRAND_CLAYONG,클레용,클레용,CLAYONG,,신발·스니커즈,,ACTIVE,,
,BRAND_CLECLE,클레클레,클레클레,CLECLE,,국내 캐주얼·스트릿,,ACTIVE,,
,BRAND_CLOR,클로르,클로르,CLOR,,신발·스니커즈,,ACTIVE,,
,BRAND_CLOMOR,클로모르,클로모르,CLOMOR,,국내 캐주얼·스트릿,,ACTIVE,,
,BRAND_CLOVE,클로브,클로브,CLOVE,,골프·스포츠라이프,,ACTIVE,,
,BRAND_CLAUSLAB,클로스랩,클로스랩,CLAUSLAB,,국내 캐주얼·스트릿,,ACTIVE,,
,BRAND_CLO_ET,클로엣,클로엣,CLO'ET,,국내 캐주얼·스트릿,,ACTIVE,,
,BRAND_CLOTE,클로트,클로트,CLOTE,,국내 캐주얼·스트릿,,ACTIVE,,
,BRAND_CLUNY,클루니,클루니,CLUNY,,국내 캐주얼·스트릿,,ACTIVE,,
,BRAND_CLLIB,클립,클립,CLLIB,,신발·스니커즈,,ACTIVE,,
,BRAND_KINETTA,키네타,키네타,KINETTA,,국내 캐주얼·스트릿,,ACTIVE,,
,BRAND_KINETO,키네토,키네토,KINETO,,국내 캐주얼·스트릿,,ACTIVE,,
,BRAND_KINETICLO,키네티클로,키네티클로,KINETICLO,,국내 캐주얼·스트릿,,ACTIVE,,
,BRAND_KINETICPEOPLE,키네틱피플,키네틱피플,KINETICPEOPLE,,국내 캐주얼·스트릿,,ACTIVE,,
,BRAND_KIRYU,키류,키류,KIRYU,,국내 캐주얼·스트릿,,ACTIVE,,
,BRAND_KIRSH,키르시,키르시,KIRSH,,국내 캐주얼·스트릿,신발겸업,ACTIVE,,
,BRAND_KIRTIMUKHA,키르티무카,키르티무카,KIRTIMUKHA,,국내 컨템포러리·디자이너,,ACTIVE,,
,BRAND_KIIMUIR,키뮤어,키뮤어,KIIMUIR,,국내 캐주얼·스트릿,,ACTIVE,,
,BRAND_KEYMISERY,키미저리,키미저리,KEYMISERY,,국내 캐주얼·스트릿,,ACTIVE,,
,BRAND_KISSA,키사,키사,KISSA,,신발·스니커즈,,ACTIVE,,
,BRAND_KICHELEEHE,키셰리헤,키셰리헤,KICHELEEHE,,국내 캐주얼·스트릿,,ACTIVE,,
,BRAND_KISHOR,키쇼르,키쇼르,KISHOR,,국내 캐주얼·스트릿,,ACTIVE,,
,BRAND_KITSON,키슨,키슨,KITSON,,신발·스니커즈,,ACTIVE,,
,BRAND_KISYNING,키시닝,키시닝,KISYNING,,국내 캐주얼·스트릿,신발겸업,ACTIVE,,
,BRAND_KISSER,키써,키써,KISSER,,국내 캐주얼·스트릿,,ACTIVE,,
,BRAND_KIIACE,키아세,키아세,KIIACE,,국내 캐주얼·스트릿,,ACTIVE,,
,BRAND_KEYAMO,키야모,키야모,KEYAMO,,국내 캐주얼·스트릿,,ACTIVE,,
,BRAND_CHIELEI,키에레이,키에레이,CHIELEI,,신발·스니커즈,,ACTIVE,,
,BRAND_KIIMSTUDIO,키임 스튜디오,키임 스튜디오,KIIMSTUDIO,,국내 캐주얼·스트릿,,ACTIVE,,
,BRAND_KIJIKO,키지코,키지코,KIJIKO,,국내 캐주얼·스트릿,,ACTIVE,,
,BRAND_KICOBE,키코베,키코베,KICOBE,,국내 캐주얼·스트릿,,ACTIVE,,
,BRAND_KEEN,킨,킨,KEEN,,신발·스니커즈,,ACTIVE,,
,BRAND_KINCHI,킨치,킨치,KINCHI,,신발·스니커즈,,ACTIVE,,
,BRAND_KIMZISU,킴지수,킴지수,KIMZISU,,국내 캐주얼·스트릿,,ACTIVE,,
,BRAND_KICKKI,킼키,킼키,KICKKI,,국내 캐주얼·스트릿,,ACTIVE,,
,BRAND_TOMMY_JEANS,타미진스,타미진스,TOMMY JEANS,,글로벌 스포츠·캐주얼,신발겸업,ACTIVE,,
,BRAND_TOMMY_HILFIGER,타미힐피거,타미힐피거,TOMMY HILFIGER,,글로벌 스포츠·캐주얼,신발겸업,ACTIVE,,
,BRAND_TAION,타이온,타이온,TAION,,국내 캐주얼·스트릿,,ACTIVE,,
,BRAND_TAGTRAUME,타크트로이메,타크트로이메,TAGTRAUME,,신발·스니커즈,,ACTIVE,,
,BRAND_TANSANMAGNESIUM,탄산마그네슘,탄산마그네슘,TANSANMAGNESIUM,,아웃도어,,ACTIVE,,
,BRAND_TOPTEN,탑텐,탑텐,TOPTEN,,국내 SPA·베이직,,ACTIVE,,
,BRAND_TAAE,태,태,TAAE,,국내 캐주얼·스트릿,,ACTIVE,,
,BRAND_TAERIS,태리스,태리스,TAERIS,,국내 캐주얼·스트릿,,ACTIVE,,
,BRAND_TELIATE,태리아떼,태리아떼,TELIATE,,국내 캐주얼·스트릿,,ACTIVE,,
,BRAND_TANDY,탠디,탠디,TANDY,,신발·스니커즈,,ACTIVE,,
,BRAND_TABBLUDENS,탭루덴스,탭루덴스,TABBLUDENS,,국내 캐주얼·스트릿,,ACTIVE,,
,BRAND_TOUCH_GROUND,터치그라운드,터치그라운드,TOUCH GROUND,,신발·스니커즈,,ACTIVE,,
,BRAND_TURTLEBACK,터틀백,터틀백,TURTLEBACK,,국내 캐주얼·스트릿,,ACTIVE,,
,BRAND_TENER,테네르,테네르,TENER,,국내 캐주얼·스트릿,,ACTIVE,,
,BRAND_TENO,테노,테노,TENO,,국내 캐주얼·스트릿,,ACTIVE,,
,BRAND_TENNIS_BOY_CLUB,테니스 보이 클럽,테니스 보이 클럽,TENNIS BOY CLUB,,국내 캐주얼·스트릿,,ACTIVE,,
,BRAND_TERAWOOD_HOMEWEAR,테라우드 홈웨어,테라우드 홈웨어,TERAWOOD HOMEWEAR,,국내 캐주얼·스트릿,,ACTIVE,,
,BRAND_TERERU,테레루,테레루,TERERU,,국내 캐주얼·스트릿,,ACTIVE,,
,BRAND_TERRYIT,테리잇,테리잇,TERRYIT,,국내 캐주얼·스트릿,,ACTIVE,,
,BRAND_TEVA,테바,테바,TEVA,,신발·스니커즈,,ACTIVE,,
,BRAND_TESTAMENT,테스터먼트,테스터먼트,TESTAMENT,,국내 캐주얼·스트릿,,ACTIVE,,
,BRAND_TESLA,테슬라,테슬라,TESLA,,스포츠·액티브,신발겸업,ACTIVE,,
,BRAND_TAKEAPICTURE_GALLERY_SHOP,테이크어픽처갤러리샵,테이크어픽처갤러리샵,TAKEAPICTURE GALLERY SHOP,,국내 컨템포러리·디자이너,,ACTIVE,,
,BRAND_TAKEAIR,테이크에어,테이크에어,TAKEAIR,,국내 캐주얼·스트릿,,ACTIVE,,
,BRAND_TAKEASY,테이크이지,테이크이지,TAKEASY,,국내 캐주얼·스트릿,,ACTIVE,,
,BRAND_TAKEFORM,테이크폼,테이크폼,TAKEFORM,,국내 캐주얼·스트릿,,ACTIVE,,
,BRAND_TAILDERN,테일던,테일던,TAILDERN,,국내 캐주얼·스트릿,,ACTIVE,,
,BRAND_TAILOR_STUDIO,테일러 스튜디오,테일러 스튜디오,TAILOR STUDIO,,국내 캐주얼·스트릿,,ACTIVE,,
,BRAND_TEKET,테켓,테켓,TEKET,,국내 캐주얼·스트릿,신발겸업,ACTIVE,,
,BRAND_TETEMOCHI,테테모치,테테모치,TETEMOCHI,,국내 캐주얼·스트릿,,ACTIVE,,
,BRAND_TECTOE,텍토,텍토,TECTOE,,신발·스니커즈,,ACTIVE,,
,BRAND_TEN_PAST_SEVEN,텐 패스트 세븐,텐 패스트 세븐,TEN PAST SEVEN,,국내 캐주얼·스트릿,,ACTIVE,,
,BRAND_TENBLADE,텐블레이드,텐블레이드,TENBLADE,,국내 컨템포러리·디자이너,,ACTIVE,,
,BRAND_TEMPORARY_UNIVERSE,템포러리 유니버스,템포러리 유니버스,TEMPORARY UNIVERSE,,국내 캐주얼·스트릿,,ACTIVE,,
,BRAND_TEMPUS_STUDIO,템푸스스튜디오,템푸스스튜디오,TEMPUS STUDIO,,국내 캐주얼·스트릿,,ACTIVE,,
,BRAND_TOGA,토가,토가,TOGA,,국내 캐주얼·스트릿,신발겸업,ACTIVE,,
,BRAND_TOADSTOOL,토드스툴,토드스툴,TOADSTOOL,,신발·스니커즈,신발겸업,ACTIVE,,
,BRAND_TOLANCE,토런스,토런스,TOLANCE,,스포츠·액티브,,ACTIVE,,
,BRAND_TORYBURCH,토리버치,토리버치,TORYBURCH,,해외 럭셔리·컨템포러리,신발겸업,ACTIVE,,
,BRAND_THOMASMORE,토마스모어,토마스모어,THOMASMORE,,국내 캐주얼·스트릿,,ACTIVE,,
,BRAND_TOVAS,토바스,토바스,TOVAS,,국내 캐주얼·스트릿,,ACTIVE,,
,BRAND_TOAVE,토아베,토아베,TOAVE,,국내 캐주얼·스트릿,,ACTIVE,,
,BRAND_TAW_AND_TOE,토앤토,토앤토,TAW&TOE,,신발·스니커즈,,ACTIVE,,
,BRAND_TOWAV,토와브,토와브,TOWAV,,국내 캐주얼·스트릿,,ACTIVE,,
,BRAND_TOWTOW_ARCHIVE,토우토우 아카이브,토우토우 아카이브,TOWTOW ARCHIVE,,국내 캐주얼·스트릿,,ACTIVE,,
,BRAND_TOIEST,토이에스트,토이에스트,TOIEST,,국내 캐주얼·스트릿,,ACTIVE,,
,BRAND_TODS,토즈,토즈,TODS,,신발·스니커즈,,ACTIVE,,
,BRAND_TOTEME,토템,토템,TOTEME,,해외 럭셔리·컨템포러리,신발겸업,ACTIVE,,
,BRAND_TOFFEE,토피,토피,TOFFEE,,국내 캐주얼·스트릿,,ACTIVE,,
,BRAND_TOFFEE_WOMEN,토피 우먼,토피 우먼,TOFFEE WOMEN,,국내 캐주얼·스트릿,,ACTIVE,,
,BRAND_TONNO22,톤노22,톤노22,TONNO22,,신발·스니커즈,,ACTIVE,,
,BRAND_TONSIL,톤슬,톤슬,TONSIL,,국내 캐주얼·스트릿,,ACTIVE,,
,BRAND_TOLO,톨로,톨로,TOLO,,국내 캐주얼·스트릿,,ACTIVE,,
,BRAND_TOM_FORD,톰 포드,톰 포드,TOM FORD,,해외 럭셔리·컨템포러리,무신사 미확인,ACTIVE,,
,BRAND_TOMDEER,톰디어,톰디어,TOMDEER,,신발·스니커즈,,ACTIVE,,
,BRAND_THOM_MCAN,톰맥캔,톰맥캔,THOM MCAN,,신발·스니커즈,,ACTIVE,,
,BRAND_TOM_S_BIRTHDAY,톰스벌스데이,톰스벌스데이,TOM'S BIRTHDAY,,국내 캐주얼·스트릿,,ACTIVE,,
,BRAND_TUDOO,투두,투두,TUDOO,,신발·스니커즈,,ACTIVE,,
,BRAND_TWOSPC,투스페이스,투스페이스,TWOSPC,,신발·스니커즈,,ACTIVE,,
,BRAND_TOATEE,투어티,투어티,TOATEE,,국내 캐주얼·스트릿,,ACTIVE,,
,BRAND_20TH_HOLE,투에니스홀,투에니스홀,20TH HOLE,,골프·스포츠라이프,,ACTIVE,,
,BRAND_2ELA,투엘라,투엘라,2ELA,,스포츠·액티브,,ACTIVE,,
,BRAND_TWELVESOME,투엘브썸,투엘브썸,TWELVESOME,,국내 캐주얼·스트릿,,ACTIVE,,
,BRAND_TUEWID,투위드,투위드,TUEWID,,국내 캐주얼·스트릿,,ACTIVE,,
,BRAND_TUIN,투인,투인,TUIN,,국내 컨템포러리·디자이너,,ACTIVE,,
,BRAND_2COMM,투콤,투콤,2COMM,,신발·스니커즈,,ACTIVE,,
,BRAND_TWOFOURSIX,투포식스,투포식스,TWOFOURSIX,,국내 컨템포러리·디자이너,,ACTIVE,,
,BRAND_TUDE,튜드,튜드,TUDE,,국내 컨템포러리·디자이너,,ACTIVE,,
,BRAND_TTUDEMENT,튜드먼트,튜드먼트,TTUDEMENT,,국내 캐주얼·스트릿,,ACTIVE,,
,BRAND_TRADCLUB,트래드클럽,트래드클럽,TRADCLUB,,국내 SPA·베이직,,ACTIVE,,
,BRAND_TRAVEL,트래블,트래블,TRAVEL,,국내 캐주얼·스트릿,,ACTIVE,,
,BRAND_TRAVEL237,트래블237,트래블237,TRAVEL237,,국내 컨템포러리·디자이너,,ACTIVE,,
,BRAND_TREMOLO,트레몰로,트레몰로,TREMOLO,,국내 캐주얼·스트릿,,ACTIVE,,
,BRAND_TREVIC,트레빅,트레빅,TREVIC,,국내 캐주얼·스트릿,,ACTIVE,,
,BRAND_THRASHER,트레셔,트레셔,THRASHER,,국내 캐주얼·스트릿,신발겸업,ACTIVE,,
,BRAND_TRETEN,트레텐,트레텐,TRETEN,,신발·스니커즈,,ACTIVE,,
,BRAND_TRETORN,트레통,트레통,TRETORN,,아웃도어,신발겸업,ACTIVE,,
,BRAND_TRENCH_LONDON,트렌치런던,트렌치런던,TRENCH LONDON,,국내 캐주얼·스트릿,,ACTIVE,,
,BRAND_TRUFITSHOES,트루핏슈즈,트루핏슈즈,TRUFITSHOES,,신발·스니커즈,,ACTIVE,,
,BRAND_TRIMARCH,트리마치,트리마치,TRIMARCH,,국내 캐주얼·스트릿,,ACTIVE,,
,BRAND_TRIMERE,트리메르,트리메르,TRIMERE,,골프·스포츠라이프,,ACTIVE,,
,BRAND_TREEMINGBIRD,트리밍버드,트리밍버드,TREEMINGBIRD,,국내 캐주얼·스트릿,신발겸업,ACTIVE,,
,BRAND_TRILLION,트릴리온,트릴리온,TRILLION,,국내 캐주얼·스트릿,신발겸업,ACTIVE,,
,BRAND_TRIP_LE_SENS,트립르센스,트립르센스,TRIP LE SENS,,국내 캐주얼·스트릿,,ACTIVE,,
,BRAND_TWENTY_FOUR_T,트웬티포티,트웬티포티,TWENTY FOUR T,,국내 캐주얼·스트릿,,ACTIVE,,
,BRAND_TWEE,트위,트위,TWEE,,국내 캐주얼·스트릿,,ACTIVE,,
,BRAND_TWEEDY_A,트위디아,트위디아,TWEEDY-A,,국내 캐주얼·스트릿,,ACTIVE,,
,BRAND_TWN,티떠블유엔,티떠블유엔,TWN,,국내 캐주얼·스트릿,,ACTIVE,,
,BRAND_T_LEVEL,티레벨,티레벨,T-LEVEL,,국내 캐주얼·스트릿,,ACTIVE,,
,BRAND_TMAKER,티메이커,티메이커,TMAKER,,국내 캐주얼·스트릿,,ACTIVE,,
,BRAND_TVIEW,티뷰,티뷰,TVIEW,,국내 캐주얼·스트릿,,ACTIVE,,
,BRAND_TVOBT,티브이오비티,티브이오비티,TVOBT,,국내 캐주얼·스트릿,,ACTIVE,,
,BRAND_T_B_O_S,티비오에스,티비오에스,T.B.O.S,,국내 캐주얼·스트릿,,ACTIVE,,
,BRAND_TESER,티세르,티세르,TESER,,국내 캐주얼·스트릿,,ACTIVE,,
,BRAND_TSHIRTS_GALLERY,티셔츠 갤러리,티셔츠 갤러리,TSHIRTS GALLERY,,국내 캐주얼·스트릿,,ACTIVE,,
,BRAND_TNGT,티엔지티,티엔지티,TNGT,,국내 캐주얼·스트릿,,ACTIVE,,
,BRAND_TNP,티엔피,티엔피,TNP,,신발·스니커즈,,ACTIVE,,
,BRAND_TOH,티오에이치,티오에이치,TOH,,국내 캐주얼·스트릿,,ACTIVE,,
,BRAND_T_U_R_E,티유알이,티유알이,T.U.R.E,,국내 캐주얼·스트릿,,ACTIVE,,
,BRAND_TETONBROS,티톤브로스,티톤브로스,TETONBROS,,아웃도어,,ACTIVE,,
,BRAND_TTD,티티디,티티디,TTD,,국내 캐주얼·스트릿,,ACTIVE,,
,BRAND_TEENSY,틴시,틴시,TEENSY,,신발·스니커즈,,ACTIVE,,
,BRAND_TIMBERLAND,팀버랜드,팀버랜드,TIMBERLAND,,글로벌 스포츠·캐주얼,신발겸업,ACTIVE,,
,BRAND_PANOVE,파노브,파노브,PANOVE,,국내 캐주얼·스트릿,,ACTIVE,,
,BRAND_PADO_SEOUL,파도 서울,파도 서울,PADO SEOUL,,국내 캐주얼·스트릿,,ACTIVE,,
,BRAND_PARACIA,파라시아,파라시아,PARACIA,,신발·스니커즈,,ACTIVE,,
,BRAND_PALAN,파란,파란,PALAN,,국내 캐주얼·스트릿,,ACTIVE,,
,BRAND_FAHRENHEIT,파렌하이트,파렌하이트,FAHRENHEIT,,국내 캐주얼·스트릿,신발겸업,ACTIVE,,
,BRAND_FAHRO,파로,파로,FAHRO,,국내 캐주얼·스트릿,,ACTIVE,,
,BRAND_PARTIMENTO,파르티멘토,파르티멘토,PARTIMENTO,,신발·스니커즈,,ACTIVE,,
,BRAND_PARTIMENTO_REWORKS,파르티멘토 리웍스,파르티멘토 리웍스,PARTIMENTO REWORKS,,신발·스니커즈,,ACTIVE,,
,BRAND_PARTIMENTO_WOMEN,파르티멘토 우먼,파르티멘토 우먼,PARTIMENTO WOMEN,,국내 캐주얼·스트릿,신발겸업,ACTIVE,,
,BRAND_PAAR_PHY,파르피,파르피,PAAR PHY,,신발·스니커즈,,ACTIVE,,
,BRAND_FABEUR,파버,파버,FABEUR,,국내 캐주얼·스트릿,,ACTIVE,,
,BRAND_FABER_FINGER,파베르핑거,파베르핑거,FABER FINGER,,국내 캐주얼·스트릿,,ACTIVE,,
,BRAND_PAVOE,파보에,파보에,PAVOE,,국내 캐주얼·스트릿,,ACTIVE,,
,BRAND_FABREGAT,파브레가,파브레가,FABREGAT,,국내 캐주얼·스트릿,,ACTIVE,,
,BRAND_PASSARDI_GOLF,파사디 골프,파사디 골프,PASSARDI GOLF,,골프·스포츠라이프,,ACTIVE,,
,BRAND_PASES,파세스,파세스,PASES,,국내 캐주얼·스트릿,,ACTIVE,,
,BRAND_PASCOROZEN,파스코로젠,파스코로젠,PASCOROZEN,,신발·스니커즈,,ACTIVE,,
,BRAND_PASPARTU,파스파르투,파스파르투,PASPARTU,,국내 캐주얼·스트릿,,ACTIVE,,
,BRAND_PASION,파시온,파시온,PASION,,국내 캐주얼·스트릿,,ACTIVE,,
,BRAND_PAW,파우,파우,PAW,,국내 캐주얼·스트릿,,ACTIVE,,
,BRAND_PAURA,파우라,파우라,PAURA,,국내 캐주얼·스트릿,,ACTIVE,,
,BRAND_PIPE,파이프,파이프,PIPE,,국내 캐주얼·스트릿,,ACTIVE,,
,BRAND_FINDCHILLIN,파인드칠린,파인드칠린,FINDCHILLIN,,국내 캐주얼·스트릿,,ACTIVE,,
,BRAND_FINEBAY,파인베이,파인베이,FINEBAY,,국내 캐주얼·스트릿,,ACTIVE,,
,BRAND_PAJAR,파잘,파잘,PAJAR,,신발·스니커즈,,ACTIVE,,
,BRAND_PARTS_PARTS,파츠파츠,파츠파츠,PARTS PARTS,,국내 캐주얼·스트릿,,ACTIVE,,
,BRAND_PAKKE,파케,파케,PAKKE,,국내 캐주얼·스트릿,,ACTIVE,,
,BRAND_PATAGONIA,파타고니아,파타고니아,PATAGONIA,,아웃도어,,ACTIVE,,
,BRAND_PAHISUM,파히섬,파히섬,PAHISUM,,국내 캐주얼·스트릿,,ACTIVE,,
,BRAND_PANDORAFIT,판도라핏,판도라핏,PANDORAFIT,,국내 캐주얼·스트릿,,ACTIVE,,
,BRAND_PANTASINA_ADVENTURE,판타지나 어드벤처,판타지나 어드벤처,PANTASINA ADVENTURE,,국내 캐주얼·스트릿,,ACTIVE,,
,BRAND_PALLADIUM,팔라디움,팔라디움,PALLADIUM,,신발·스니커즈,,ACTIVE,,
,BRAND_PALAP,팔랩,팔랩,PALAP,,국내 캐주얼·스트릿,,ACTIVE,,
,BRAND_PALETTE,팔레트,팔레트,PALETTE,,국내 캐주얼·스트릿,,ACTIVE,,
,BRAND_FALLETT,팔렛,팔렛,FALLETT,,신발·스니커즈,,ACTIVE,,
,BRAND_POPPALS,팝펠즈,팝펠즈,POPPALS,,국내 캐주얼·스트릿,,ACTIVE,,
,BRAND_FABRICSEOUL,패브릭서울,패브릭서울,FABRICSEOUL,,국내 캐주얼·스트릿,,ACTIVE,,
,BRAND_PASTER,패스터,패스터,PASTER,,국내 캐주얼·스트릿,,ACTIVE,,
,BRAND_FASTLE,패슬,패슬,FASTLE,,국내 캐주얼·스트릿,,ACTIVE,,
,BRAND_FANSHOW,팬쇼,팬쇼,FANSHOW,,국내 캐주얼·스트릿,,ACTIVE,,
,BRAND_PANCE,팬스,팬스,PANCE,,국내 캐주얼·스트릿,,ACTIVE,,
,BRAND_PERMANENTARCHIVE,퍼머넌트 아카이브,퍼머넌트 아카이브,PERMANENTARCHIVE,,국내 캐주얼·스트릿,,ACTIVE,,
,BRAND_PUBLICKA_X,퍼블리카엑스,퍼블리카엑스,PUBLICKA X,,국내 캐주얼·스트릿,,ACTIVE,,
,BRAND_PUBLIC_ICON,퍼블릭아이콘,퍼블릭아이콘,PUBLIC ICON,,국내 캐주얼·스트릿,,ACTIVE,,
,BRAND_PUBLIC_WARDROBE,퍼블릭워드로브,퍼블릭워드로브,PUBLIC WARDROBE,,국내 캐주얼·스트릿,,ACTIVE,,
,BRAND_PUBLICFIGURE,퍼블릭피겨,퍼블릭피겨,PUBLICFIGURE,,국내 캐주얼·스트릿,,ACTIVE,,
,BRAND_PERSTEP,퍼스텝,퍼스텝,PERSTEP,,국내 캐주얼·스트릿,,ACTIVE,,
,BRAND_FUZZY_SCAN,퍼지스캔,퍼지스캔,FUZZY SCAN,,국내 캐주얼·스트릿,,ACTIVE,,
,BRAND_PUFF_PUFF_DEPT,퍼프퍼프뎁트,퍼프퍼프뎁트,PUFF PUFF DEPT,,국내 캐주얼·스트릿,,ACTIVE,,
,BRAND_PERHAPS_BY_ANNA,퍼햅스바이안나,퍼햅스바이안나,PERHAPS BY ANNA,,국내 캐주얼·스트릿,,ACTIVE,,
,BRAND_PUNCH_DRUNK_PARTIES,펀치드렁크파티즈,펀치드렁크파티즈,PUNCH DRUNK PARTIES,,국내 캐주얼·스트릿,,ACTIVE,,
,BRAND_PUNCHLINE,펀치라인,펀치라인,PUNCHLINE,,국내 캐주얼·스트릿,,ACTIVE,,
,BRAND_FUNFROMFUN,펀프롬펀,펀프롬펀,FUNFROMFUN,,국내 캐주얼·스트릿,,ACTIVE,,
,BRAND_FENGSHUI,펑쉐이,펑쉐이,FENGSHUI,,국내 캐주얼·스트릿,,ACTIVE,,
,BRAND_PUNKPHASE,펑크페이즈,펑크페이즈,PUNKPHASE,,국내 캐주얼·스트릿,,ACTIVE,,
,BRAND_PEGADOR,페가도르,페가도르,PEGADOR,,신발·스니커즈,,ACTIVE,,
,BRAND_PENNON,페넌,페넌,PENNON,,신발·스니커즈,,ACTIVE,,
,BRAND_FENICE,페니체,페니체,FENICE,,신발·스니커즈,,ACTIVE,,
,BRAND_FERRAROMILANO,페라로 밀라노,페라로 밀라노,FERRAROMILANO,,국내 캐주얼·스트릿,,ACTIVE,,
,BRAND_PEREGRINE,페레그린,페레그린,PEREGRINE,,국내 캐주얼·스트릿,,ACTIVE,,
,BRAND_FERNOV,페르노브,페르노브,FERNOV,,국내 캐주얼·스트릿,,ACTIVE,,
,BRAND_PERRY_ELLIS,페리엘리스,페리엘리스,PERRY ELLIS,,국내 캐주얼·스트릿,,ACTIVE,,
,BRAND_PEMONT,페몬트,페몬트,PEMONT,,신발·스니커즈,,ACTIVE,,
,BRAND_PESCE,페셰,페셰,PESCE,,국내 캐주얼·스트릿,,ACTIVE,,
,BRAND_PESTO,페스토,페스토,PESTO,,국내 캐주얼·스트릿,,ACTIVE,,
,BRAND_PAINETIC,페이네틱,페이네틱,PAINETIC,,국내 캐주얼·스트릿,,ACTIVE,,
,BRAND_FADERMENT,페이더먼트,페이더먼트,FADERMENT,,국내 캐주얼·스트릿,,ACTIVE,,
,BRAND_FAYRI,페이리,페이리,FAYRI,,국내 컨템포러리·디자이너,,ACTIVE,,
,BRAND_FAVORITENOUN,페이보릿 나운,페이보릿 나운,FAVORITENOUN,,국내 캐주얼·스트릿,,ACTIVE,,
,BRAND_FAZED,페이즈드,페이즈드,FAZED,,국내 캐주얼·스트릿,,ACTIVE,,
,BRAND_PHASEWHITE,페이즈화이트,페이즈화이트,PHASEWHITE,,국내 캐주얼·스트릿,,ACTIVE,,
,BRAND_PAGE,페이지,페이지,PAGE,,국내 캐주얼·스트릿,,ACTIVE,,
,BRAND_PAGESIISII,페이지시시,페이지시시,PAGESIISII,,국내 캐주얼·스트릿,,ACTIVE,,
,BRAND_PAIGEFLYNN,페이지플린,페이지플린,PAIGEFLYNN,,국내 캐주얼·스트릿,,ACTIVE,,
,BRAND_F8KE_CHEMICAL_CLUB,페이크 케미컬 클럽,페이크 케미컬 클럽,F8KE CHEMICAL CLUB,,국내 컨템포러리·디자이너,,ACTIVE,,
,BRAND_FATAL_GHOST,페이탈고스트,페이탈고스트,FATAL GHOST,,국내 캐주얼·스트릿,,ACTIVE,,
,BRAND_PAPERPLANESKIDS,페이퍼플레인키즈,페이퍼플레인키즈,PAPERPLANESKIDS,,키즈,,ACTIVE,,
,BRAND_FEIHEI,페이헤이,페이헤이,FEIHEI,,국내 캐주얼·스트릿,,ACTIVE,,
,BRAND_PAINORPLEASURE,페인오어플레져,페인오어플레져,PAINORPLEASURE,,국내 컨템포러리·디자이너,,ACTIVE,,
,BRAND_PAYNTR_GOLF,페인터골프,페인터골프,PAYNTR GOLF,,골프·스포츠라이프,,ACTIVE,,
,BRAND_PAINTERS,페인터스,페인터스,PAINTERS,,국내 캐주얼·스트릿,,ACTIVE,,
,BRAND_PEPPERSEASONING,페퍼시즈닝,페퍼시즈닝,PEPPERSEASONING,,국내 캐주얼·스트릿,신발겸업,ACTIVE,,
,BRAND_PEPOUR,페포어,페포어,PEPOUR,,국내 캐주얼·스트릿,,ACTIVE,,
,BRAND_FP142,페플,페플,FP142,,국내 캐주얼·스트릿,,ACTIVE,,
,BRAND_PEPLEE,페플리,페플리,PEPLEE,,국내 캐주얼·스트릿,,ACTIVE,,
,BRAND_FENDI,펜디,펜디,FENDI,,해외 럭셔리·컨템포러리,,ACTIVE,,
,BRAND_PENFIELD,펜필드,펜필드,PENFIELD,,아웃도어,신발겸업,ACTIVE,,
,BRAND_FELDSPAR_BROOK,펠스파브룩,펠스파브룩,FELDSPAR BROOK,,국내 캐주얼·스트릿,,ACTIVE,,
,BRAND_PENGUIN_BY_MUNSINGWEAR,펭귄 바이 먼싱웨어,펭귄 바이 먼싱웨어,PENGUIN BY MUNSINGWEAR,,신발·스니커즈,,ACTIVE,,
,BRAND_PYEON_MA,편마,편마,PYEON MA,,국내 캐주얼·스트릿,,ACTIVE,,
,BRAND_FOGGY_MOODY,포기무디,포기무디,FOGGY MOODY,,신발·스니커즈,,ACTIVE,,
,BRAND_PONY_PRESS_CLUB,포니프레스클럽,포니프레스클럽,PONY PRESS CLUB,,국내 캐주얼·스트릿,,ACTIVE,,
,BRAND_PORTERNA,포르테나,포르테나,PORTERNA,,국내 캐주얼·스트릿,신발겸업,ACTIVE,,
,BRAND_FORRR,포른른,포른른,FORRR,,신발·스니커즈,,ACTIVE,,
,BRAND_FOVERE,포베레,포베레,FOVERE,,국내 캐주얼·스트릿,신발겸업,ACTIVE,,
,BRAND_PORSELLI,포셀리,포셀리,PORSELLI,,신발·스니커즈,,ACTIVE,,
,BRAND_FOURTHK,포스케,포스케,FOURTHK,,국내 캐주얼·스트릿,,ACTIVE,,
,BRAND_POSTMAN,포스트맨,포스트맨,POSTMAN,,신발·스니커즈,,ACTIVE,,
,BRAND_FORUSRING,포어링,포어링,FORUSRING,,국내 캐주얼·스트릿,신발겸업,ACTIVE,,
,BRAND_FOETTE,포에떼,포에떼,FOETTE,,스포츠·액티브,,ACTIVE,,
,BRAND_FOREVER21,포에버21,포에버21,FOREVER21,,신발·스니커즈,,ACTIVE,,
,BRAND_FOUR_YOUNG,포영,포영,FOUR YOUNG,,국내 캐주얼·스트릿,,ACTIVE,,
,BRAND_POSEGANCH,포즈간츠,포즈간츠,POSEGANCH,,신발·스니커즈,,ACTIVE,,
,BRAND_FOTTSFOTTS,포츠포츠,포츠포츠,FOTTSFOTTS,,국내 캐주얼·스트릿,,ACTIVE,,
,BRAND_POCULT,포컬트,포컬트,POCULT,,신발·스니커즈,,ACTIVE,,
,BRAND_POKEMON,포켓몬스터,포켓몬스터,POKEMON,,신발·스니커즈,,ACTIVE,,
,BRAND_POTOMAC,포토막,포토막,POTOMAC,,신발·스니커즈,,ACTIVE,,
,BRAND_4TRESS,포트리스,포트리스,4TRESS,,신발·스니커즈,,ACTIVE,,
,BRAND_FORTYFOUR,포티포,포티포,FORTYFOUR,,국내 캐주얼·스트릿,,ACTIVE,,
,BRAND_POLAR,폴라,폴라,POLAR,,국내 캐주얼·스트릿,,ACTIVE,,
,BRAND_POLERSTUFF,폴러스터프,폴러스터프,POLERSTUFF,,국내 캐주얼·스트릿,,ACTIVE,,
,BRAND_POLO_RALPH_LAUREN,폴로 랄프 로렌,폴로 랄프 로렌,POLO RALPH LAUREN,,글로벌 스포츠·캐주얼,신발겸업,ACTIVE,,
,BRAND_POLO_RALPH_LAUREN_GOLF,폴로 랄프 로렌 골프,폴로 랄프 로렌 골프,POLO RALPH LAUREN GOLF,,골프·스포츠라이프,,ACTIVE,,
,BRAND_POLLUTION,폴루션,폴루션,POLLUTION,,아웃도어,,ACTIVE,,
,BRAND_FOLI,폴리,폴리,FOLI,,국내 캐주얼·스트릿,,ACTIVE,,
,BRAND_POLYGRAM,폴리그램,폴리그램,POLYGRAM,,국내 캐주얼·스트릿,,ACTIVE,,
,BRAND_PAUL_AND_ANNA,폴앤안나,폴앤안나,PAUL&ANNA,,국내 캐주얼·스트릿,,ACTIVE,,
,BRAND_PAUL_AND_ALICE,폴앤앨리스,폴앤앨리스,PAUL&ALICE,,국내 캐주얼·스트릿,,ACTIVE,,
,BRAND_POLHAM,폴햄,폴햄,POLHAM,,국내 SPA·베이직,,ACTIVE,,
,BRAND_POLHAM_KIDS,폴햄키즈,폴햄키즈,POLHAM KIDS,,키즈,,ACTIVE,,
,BRAND_PUMA,푸마,푸마,PUMA,,글로벌 스포츠·캐주얼,,ACTIVE,,
,BRAND_PUMA_GOLF,푸마 골프,푸마 골프,PUMA GOLF,,골프·스포츠라이프,,ACTIVE,,
,BRAND_FULOTY,풀로티,풀로티,FULOTY,,국내 캐주얼·스트릿,,ACTIVE,,
,BRAND_FULL_OF_SSUN,풀오브썬,풀오브썬,FULL OF SSUN,,국내 컨템포러리·디자이너,,ACTIVE,,
,BRAND_POOLTIME,풀타임,풀타임,POOLTIME,,국내 캐주얼·스트릿,,ACTIVE,,
,BRAND_PUREE,퓨레,퓨레,PUREE,,국내 캐주얼·스트릿,,ACTIVE,,
,BRAND_FUTURE_LAB,퓨처랩,퓨처랩,FUTURE LAB,,국내 캐주얼·스트릿,,ACTIVE,,
,BRAND_FRAGE,프라게,프라게,FRAGE,,국내 캐주얼·스트릿,,ACTIVE,,
,BRAND_PRANAMOOLA,프라나 물라,프라나 물라,PRANAMOOLA,,국내 캐주얼·스트릿,,ACTIVE,,
,BRAND_PRADA,프라다,프라다,PRADA,,해외 럭셔리·컨템포러리,,ACTIVE,,
,BRAND_PRIVATE_NEIGHBORS,프라이빗네이버스,프라이빗네이버스,PRIVATE NEIGHBORS,,국내 캐주얼·스트릿,,ACTIVE,,
,BRAND_THEFRHT,프라이하잇,프라이하잇,THEFRHT,,국내 캐주얼·스트릿,,ACTIVE,,
,BRAND_PRIMATE,프라임에이트,프라임에이트,PRIMATE,,국내 캐주얼·스트릿,,ACTIVE,,
,BRAND_FRAFRB,프라프랍,프라프랍,FRAFRB,,국내 캐주얼·스트릿,,ACTIVE,,
,BRAND_FRANKENMONO,프랑켄모노,프랑켄모노,FRANKENMONO,,국내 캐주얼·스트릿,,ACTIVE,,
,BRAND_FRAGFARM,프래그팜,프래그팜,FRAGFARM,,국내 캐주얼·스트릿,,ACTIVE,,
,BRAND_FRANTICSERVICE,프랜틱서비스,프랜틱서비스,FRANTICSERVICE,,국내 캐주얼·스트릿,,ACTIVE,,
,BRAND_FRANKLY,프랭클리,프랭클리,FRANKLY,,국내 캐주얼·스트릿,,ACTIVE,,
,BRAND_FRANKIEJOE_ARCHIVE,프랭키죠 아카이브,프랭키죠 아카이브,FRANKIEJOE ARCHIVE,,국내 캐주얼·스트릿,,ACTIVE,,
,BRAND_FRED_PERRY,프레드페리,프레드페리,FRED PERRY,,글로벌 스포츠·캐주얼,신발겸업,ACTIVE,,
,BRAND_PRAIRIE,프레리,프레리,PRAIRIE,,국내 캐주얼·스트릿,,ACTIVE,,
,BRAND_PREVOIR,프레부아,프레부아,PREVOIR,,국내 캐주얼·스트릿,,ACTIVE,,
,BRAND_FREUS,프레우스,프레우스,FREUS,,신발·스니커즈,,ACTIVE,,
,BRAND_FRAME_OFF,프레임 오프,프레임 오프,FRAME OFF,,국내 캐주얼·스트릿,,ACTIVE,,
,BRAND_PREZZO,프레조,프레조,PREZZO,,국내 캐주얼·스트릿,,ACTIVE,,
,BRAND_PRENDA,프렌다,프렌다,PRENDA,,국내 캐주얼·스트릿,,ACTIVE,,
,BRAND_PRO_SPECS,프로-스펙스,프로-스펙스,PRO-SPECS,,신발·스니커즈,,ACTIVE,,
,BRAND_PROWORLDCUP,프로월드컵,프로월드컵,PROWORLDCUP,,신발·스니커즈,,ACTIVE,,
,BRAND_FRONT2LINE,프론투라인,프론투라인,FRONT2LINE,,국내 캐주얼·스트릿,,ACTIVE,,
,BRAND_FRONT_ARCHIVE_LAB,프론트아카이브랩,프론트아카이브랩,FRONT ARCHIVE LAB,,국내 캐주얼·스트릿,,ACTIVE,,
,BRAND_FRONTIER,프론티어,프론티어,FRONTIER,,신발·스니커즈,,ACTIVE,,
,BRAND_FROMDAYMOMENT,프롬데이모먼트,프롬데이모먼트,FROMDAYMOMENT,,국내 컨템포러리·디자이너,,ACTIVE,,
,BRAND_FROM_ARLES,프롬아를,프롬아를,FROM ARLES,,국내 캐주얼·스트릿,,ACTIVE,,
,BRAND_FROMATOB,프롬에이투비,프롬에이투비,FROMATOB,,국내 캐주얼·스트릿,,ACTIVE,,
,BRAND_FROMWHERE,프롬웨얼,프롬웨얼,FROMWHERE,,국내 캐주얼·스트릿,,ACTIVE,,
,BRAND_FRUAND,프루앤,프루앤,FRUAND,,국내 캐주얼·스트릿,,ACTIVE,,
,BRAND_FRUIT_OF_THE_LOOM,프룻오브더룸,프룻오브더룸,FRUIT OF THE LOOM,,글로벌 스포츠·캐주얼,,ACTIVE,,
,BRAND_PRINOAR,프리노어,프리노어,PRINOAR,,국내 캐주얼·스트릿,,ACTIVE,,
,BRAND_FREEDUCK,프리덕,프리덕,FREEDUCK,,신발·스니커즈,,ACTIVE,,
,BRAND_PRIMAVERA,프리마베라,프리마베라,PRIMAVERA,,국내 캐주얼·스트릿,,ACTIVE,,
,BRAND_PREMIATA,프리미아타,프리미아타,PREMIATA,,신발·스니커즈,,ACTIVE,,
,BRAND_PREECY,프리시,프리시,PREECY,,국내 캐주얼·스트릿,,ACTIVE,,
,BRAND_FREEWATERS,프리워터스,프리워터스,FREEWATERS,,신발·스니커즈,,ACTIVE,,
,BRAND_FRIZMWORKS,프리즘웍스,프리즘웍스,FRIZMWORKS,,국내 캐주얼·스트릿,,ACTIVE,,
,BRAND_PREFERPREFER,프리퍼프리퍼,프리퍼프리퍼,PREFERPREFER,,국내 캐주얼·스트릿,,ACTIVE,,
,BRAND_FRI_FLA,프리플라,프리플라,FRI FLA,,신발·스니커즈,,ACTIVE,,
,BRAND_PREENJ,프린제이,프린제이,PREENJ,,국내 컨템포러리·디자이너,,ACTIVE,,
,BRAND_PRINTSTAR,프린트스타,프린트스타,PRINTSTAR,,국내 캐주얼·스트릿,,ACTIVE,,
,BRAND_PREMIERE_AMOUR,프뮤아무르,프뮤아무르,PREMIERE AMOUR,,국내 캐주얼·스트릿,,ACTIVE,,
,BRAND_FNDFND,픈드픈드,픈드픈드,FNDFND,,국내 캐주얼·스트릿,,ACTIVE,,
,BRAND_PLATDUJOUR,플라드주르,플라드주르,PLATDUJOUR,,국내 캐주얼·스트릿,,ACTIVE,,
,BRAND_PLAADICO,플라디코,플라디코,PLAADICO,,신발·스니커즈,,ACTIVE,,
,BRAND_PLAVISM,플라비즘,플라비즘,PLAVISM,,국내 캐주얼·스트릿,,ACTIVE,,
,BRAND_PLAS_MID,플라스미드,플라스미드,PLAS+MID,,국내 컨템포러리·디자이너,,ACTIVE,,
,BRAND_PLASTICANA,플라스티카나,플라스티카나,PLASTICANA,,신발·스니커즈,,ACTIVE,,
,BRAND_PLASTIC_ISLAND,플라스틱 아일랜드,플라스틱 아일랜드,PLASTIC ISLAND,,국내 캐주얼·스트릿,,ACTIVE,,
,BRAND_PLASTIC_BOTTLE_BOAT,플라스틱보틀보트,플라스틱보틀보트,PLASTIC BOTTLE BOAT,,국내 캐주얼·스트릿,,ACTIVE,,
,BRAND_PLASTICPRODUCT,플라스틱프로덕트,플라스틱프로덕트,PLASTICPRODUCT,,국내 캐주얼·스트릿,,ACTIVE,,
,BRAND_FLY_NEW_YORK,플라이뉴욕,플라이뉴욕,FLY NEW YORK,,신발·스니커즈,,ACTIVE,,
,BRAND_FLY_RUNWAY,플라이런웨이,플라이런웨이,FLY RUNWAY,,국내 캐주얼·스트릿,,ACTIVE,,
,BRAND_FLYQ,플라이크,플라이크,FLYQ,,국내 캐주얼·스트릿,,ACTIVE,,
,BRAND_PLADS7,플라즈,플라즈,PLADS7,,신발·스니커즈,,ACTIVE,,
,BRAND_PLASMA_SPHERE,플라즈마스페어,플라즈마스페어,PLASMA SPHERE,,국내 캐주얼·스트릿,,ACTIVE,,
,BRAND_PLAKNIT,플래니트,플래니트,PLAKNIT,,스포츠·액티브,,ACTIVE,,
,BRAND_PLANET_REMAKER,플래닛리메이커,플래닛리메이커,PLANET REMAKER,,국내 캐주얼·스트릿,,ACTIVE,,
,BRAND_FLAP_F,플랩에프,플랩에프,FLAP'F,,신발·스니커즈,,ACTIVE,,
,BRAND_FLVSH,플러시,플러시,FLVSH,,국내 캐주얼·스트릿,,ACTIVE,,
,BRAND_FLIRTY,플러티,플러티,FLIRTY,,국내 캐주얼·스트릿,,ACTIVE,,
,BRAND_FLCT,플러피시트러스,플러피시트러스,FLCT,,신발·스니커즈,,ACTIVE,,
,BRAND_FLAREUP,플레어업,플레어업,FLAREUP,,국내 컨템포러리·디자이너,,ACTIVE,,
,BRAND_PLAYMONSTER,플레이몬스터,플레이몬스터,PLAYMONSTER,,국내 캐주얼·스트릿,,ACTIVE,,
,BRAND_PLAYBACK,플레이백,플레이백,PLAYBACK,,국내 캐주얼·스트릿,,ACTIVE,,
,BRAND_PLAYBOY,플레이보이,플레이보이,PLAYBOY,,해외 럭셔리·컨템포러리,,ACTIVE,,
,BRAND_PLAYBOO,플레이부,플레이부,PLAYBOO,,골프·스포츠라이프,,ACTIVE,,
,BRAND_PLACE_STUDIO,플레이스 스튜디오,플레이스 스튜디오,PLACE STUDIO,,국내 컨템포러리·디자이너,,ACTIVE,,
,BRAND_PLEIADES,플레이아데스,플레이아데스,PLEIADES,,신발·스니커즈,,ACTIVE,,
,BRAND_PLAYIAN,플레이언,플레이언,PLAYIAN,,국내 캐주얼·스트릿,,ACTIVE,,
,BRAND_PLAYO,플레이오,플레이오,PLAYO,,국내 컨템포러리·디자이너,,ACTIVE,,
,BRAND_FLORIDA_STUDIO,플로리다 스튜디오,플로리다 스튜디오,FLORIDA STUDIO,,신발·스니커즈,,ACTIVE,,
,BRAND_FLOMME,플로메,플로메,FLOMME,,국내 캐주얼·스트릿,,ACTIVE,,
,BRAND_FLOVE,플로브,플로브,FLOVE,,국내 캐주얼·스트릿,,ACTIVE,,
,BRAND_FLOW,플로우,플로우,FLOW,,신발·스니커즈,,ACTIVE,,
,BRAND_FLOWOMEN,플로우먼,플로우먼,FLOWOMEN,,국내 캐주얼·스트릿,,ACTIVE,,
,BRAND_FLOWJEAN,플로우진,플로우진,FLOWJEAN,,국내 캐주얼·스트릿,,ACTIVE,,
,BRAND_FLOTTE,플로트,플로트,FLOTTE,,글로벌 스포츠·캐주얼,,ACTIVE,,
,BRAND_FLOPPY_AND_DISK,플로피엔디스크,플로피엔디스크,FLOPPY&DISK,,국내 캐주얼·스트릿,,ACTIVE,,
,BRAND_FLUKE,플루크,플루크,FLUKE,,아웃도어,,ACTIVE,,
,BRAND_PLEASENOFOLLOW,플리즈노팔로우,플리즈노팔로우,PLEASENOFOLLOW,,국내 컨템포러리·디자이너,,ACTIVE,,
,BRAND_FLMO,플모,플모,FLMO,,국내 캐주얼·스트릿,,ACTIVE,,
,BRAND_PIGMENT,피그먼트,피그먼트,PIGMENT,,국내 캐주얼·스트릿,,ACTIVE,,
,BRAND_PIGMILLION,피그밀리언,피그밀리언,PIGMILLION,,국내 캐주얼·스트릿,,ACTIVE,,
,BRAND_PIGLES,피글스,피글스,PIGLES,,국내 컨템포러리·디자이너,,ACTIVE,,
,BRAND_PINO_BLANCO,피노블랑코,피노블랑코,PINO BLANCO,,국내 캐주얼·스트릿,,ACTIVE,,
,BRAND_PHENIX,피닉스,피닉스,PHENIX,,아웃도어,,ACTIVE,,
,BRAND_PIEDPIPER,피드파이퍼,피드파이퍼,PIEDPIPER,,국내 캐주얼·스트릿,,ACTIVE,,
,BRAND_PYRENEX,피레넥스,피레넥스,PYRENEX,,국내 캐주얼·스트릿,,ACTIVE,,
,BRAND_PIMADAZIWIN,피마다지윈,피마다지윈,PIMADAZIWIN,,국내 캐주얼·스트릿,,ACTIVE,,
,BRAND_PIECE_MAKER,피스메이커,피스메이커,PIECE MAKER,,국내 캐주얼·스트릿,,ACTIVE,,
,BRAND_PEACEOFMIND,피스오브마인드,피스오브마인드,PEACEOFMIND,,국내 캐주얼·스트릿,,ACTIVE,,
,BRAND_PEACE_OF_ALL_DAY,피스오브올데이,피스오브올데이,PEACE OF ALL DAY,,국내 캐주얼·스트릿,,ACTIVE,,
,BRAND_PEACEPIECE,피스피스,피스피스,PEACEPIECE,,국내 캐주얼·스트릿,,ACTIVE,,
,BRAND_PIARI,피아리,피아리,PIARI,,국내 캐주얼·스트릿,,ACTIVE,,
,BRAND_PIARCHE,피아체,피아체,PIARCHE,,국내 캐주얼·스트릿,,ACTIVE,,
,BRAND_PRCSS,피알씨에스에스,피알씨에스에스,PRCSS,,국내 캐주얼·스트릿,,ACTIVE,,
,BRAND_PSSHOPPER,피에스쇼퍼,피에스쇼퍼,PSSHOPPER,,국내 캐주얼·스트릿,,ACTIVE,,
,BRAND_PORTABLE_SOCIETY_CLUB,피에스씨,피에스씨,PORTABLE SOCIETY CLUB,,국내 캐주얼·스트릿,,ACTIVE,,
,BRAND_PAT,피에이티,피에이티,PAT,,국내 캐주얼·스트릿,,ACTIVE,,
,BRAND_PFT,피에프티,피에프티,PFT,,국내 캐주얼·스트릿,,ACTIVE,,
,BRAND_FJALLRAVEN,피엘라벤,피엘라벤,FJALLRAVEN,,아웃도어,신발겸업,ACTIVE,,
,BRAND_POL,피오엘,피오엘,POL,,국내 캐주얼·스트릿,,ACTIVE,,
,BRAND_POQ,피오큐,피오큐,POQ,,국내 캐주얼·스트릿,,ACTIVE,,
,BRAND_PGR,피지알,피지알,PGR,,골프·스포츠라이프,,ACTIVE,,
,BRAND_PHYSICAL_DEPARTMENT,피지컬 디파트먼트,피지컬 디파트먼트,PHYSICAL DEPARTMENT,,신발·스니커즈,,ACTIVE,,
,BRAND_PICCADILLY,피카딜리,피카딜리,PICCADILLY,,신발·스니커즈,,ACTIVE,,
,BRAND_PETER_AND_MAY,피터앤메이,피터앤메이,PETER AND MAY,,국내 캐주얼·스트릿,,ACTIVE,,
,BRAND_FITT_SEOUL,피트 서울,피트 서울,FITT SEOUL,,국내 캐주얼·스트릿,,ACTIVE,,
,BRAND_FIFA_1904,피파 1904,피파 1904,FIFA 1904,,글로벌 스포츠·캐주얼,신발겸업,ACTIVE,,
,BRAND_FIPPER,피퍼,피퍼,FIPPER,,신발·스니커즈,,ACTIVE,,
,BRAND_FIFTHALIAS,피프트 에일리어스,피프트 에일리어스,FIFTHALIAS,,국내 캐주얼·스트릿,,ACTIVE,,
,BRAND_PEOPLE_OF_THE_WORLD,피플오브더월드,피플오브더월드,PEOPLE OF THE WORLD,,국내 캐주얼·스트릿,,ACTIVE,,
,BRAND_FIFI_LAPIN,피피라핀,피피라핀,FIFI LAPIN,,국내 캐주얼·스트릿,,ACTIVE,,
,BRAND_PICTURE_ORGANIC_CLOTHING,픽쳐오가닉클로딩,픽쳐오가닉클로딩,PICTURE ORGANIC CLOTHING,,아웃도어,,ACTIVE,,
,BRAND_FINDOUBT,핀다웃,핀다웃,FINDOUBT,,국내 캐주얼·스트릿,,ACTIVE,,
,BRAND_PINDEX,핀덱스,핀덱스,PINDEX,,국내 캐주얼·스트릿,,ACTIVE,,
,BRAND_PINBLACK,핀블랙,핀블랙,PINBLACK,,국내 캐주얼·스트릿,,ACTIVE,,
,BRAND_FINCA,핀카,핀카,FINCA,,국내 캐주얼·스트릿,,ACTIVE,,
,BRAND_FIELDRAFT,필드래프트,필드래프트,FIELDRAFT,,국내 캐주얼·스트릿,,ACTIVE,,
,BRAND_FIELDWORKER,필드워커,필드워커,FIELDWORKER,,국내 캐주얼·스트릿,,ACTIVE,,
,BRAND_PILLE,필레,필레,PILLE,,국내 캐주얼·스트릿,,ACTIVE,,
,BRAND_FILOMOTI,필로모티,필로모티,FILOMOTI,,신발·스니커즈,,ACTIVE,,
,BRAND_FILOBISKNOT,필로비스놑,필로비스놑,FILOBISKNOT,,국내 캐주얼·스트릿,,ACTIVE,,
,BRAND_FEEL_LOW_SOPHIE,필로소피,필로소피,FEEL LOW SOPHIE,,국내 캐주얼·스트릿,,ACTIVE,,
,BRAND_FILLUMINATE,필루미네이트,필루미네이트,FILLUMINATE,,국내 캐주얼·스트릿,신발겸업,ACTIVE,,
,BRAND_FEELENUFF,필이너프,필이너프,FEELENUFF,,국내 캐주얼·스트릿,,ACTIVE,,
,BRAND_PHYPS_MOTORCYCLE,핍스 모터사이클,핍스 모터사이클,PHYPS MOTORCYCLE,,글로벌 스포츠·캐주얼,신발겸업,ACTIVE,,
,BRAND_FITUS,핏어스,핏어스,FITUS,,국내 컨템포러리·디자이너,,ACTIVE,,
,BRAND_FITTEREST,핏터레스트,핏터레스트,FITTEREST,,신발·스니커즈,,ACTIVE,,
,BRAND_FITFLOP,핏플랍,핏플랍,FITFLOP,,신발·스니커즈,,ACTIVE,,
,BRAND_PINKZONE,핑크존,핑크존,PINKZONE,,국내 캐주얼·스트릿,,ACTIVE,,
,BRAND_PINK_PINEAPPLE,핑크파인애플,핑크파인애플,PINK PINEAPPLE,,국내 캐주얼·스트릿,신발겸업,ACTIVE,,
,BRAND_HAGLOFS,하글로프스,하글로프스,HAGLOFS,,신발·스니커즈,,ACTIVE,,
,BRAND_HANAMIKOJI,하나미코지 슈즈,하나미코지 슈즈,HANAMIKOJI,,신발·스니커즈,,ACTIVE,,
,BRAND_HANAHI,하나히,하나히,HANAHI,,국내 캐주얼·스트릿,,ACTIVE,,
,BRAND_HANE,하네,하네,HANE,,국내 캐주얼·스트릿,,ACTIVE,,
,BRAND_HARDCORE_LOVER,하드코어 러버,하드코어 러버,HARDCORE LOVER,,국내 캐주얼·스트릿,,ACTIVE,,
,BRAND_HARDCORE_HAPPINESS,하드코어 해피니스,하드코어 해피니스,HARDCORE HAPPINESS,,국내 컨템포러리·디자이너,,ACTIVE,,
,BRAND_HARUTA,하루타,하루타,HARUTA,,신발·스니커즈,,ACTIVE,,
,BRAND_HARIBO,하리보,하리보,HARIBO,,신발·스니커즈,,ACTIVE,,
,BRAND_HAVAIANAS,하바이아나스,하바이아나스,HAVAIANAS,,신발·스니커즈,,ACTIVE,,
,BRAND_HARVARD_SHOES,하버드 슈즈,하버드 슈즈,HARVARD SHOES,,신발·스니커즈,,ACTIVE,,
,BRAND_HOWLIN,하울린,하울린,HOWLIN,,국내 캐주얼·스트릿,,ACTIVE,,
,BRAND_HOWARDSHOOTER,하워드슈터,하워드슈터,HOWARDSHOOTER,,국내 캐주얼·스트릿,,ACTIVE,,
,BRAND_HIDEANDJACK,하이드앤잭,하이드앤잭,HIDEANDJACK,,신발·스니커즈,,ACTIVE,,
,BRAND_HAIYA,하이야,하이야,HAIYA,,국내 캐주얼·스트릿,,ACTIVE,,
,BRAND_HIWITH,하이위드,하이위드,HIWITH,,국내 캐주얼·스트릿,,ACTIVE,,
,BRAND_HEARTEXPLORER,하트익스플로러,하트익스플로러,HEARTEXPLORER,,국내 캐주얼·스트릿,,ACTIVE,,
,BRAND_HALF_DEVIL_US,하프데빌어스,하프데빌어스,HALF DEVIL US,,국내 캐주얼·스트릿,,ACTIVE,,
,BRAND_HALFBOILED,하프보일드,하프보일드,HALFBOILED,,국내 캐주얼·스트릿,,ACTIVE,,
,BRAND_HALF_AND_HALF,하프앤하프,하프앤하프,HALF AND HALF,,국내 캐주얼·스트릿,,ACTIVE,,
,BRAND_HALFWAY_NATIVE,하프웨이 네이티브,하프웨이 네이티브,HALFWAY NATIVE,,국내 캐주얼·스트릿,,ACTIVE,,
,BRAND_HALBKREIS_LAYOUT,하프크라이즈 레이아웃,하프크라이즈 레이아웃,HALBKREIS LAYOUT,,국내 캐주얼·스트릿,,ACTIVE,,
,BRAND_HANSUKNE,한수쿠니에,한수쿠니에,HANSUKNE,,국내 캐주얼·스트릿,,ACTIVE,,
,BRAND_HARLEY_DAVIDSON_COLLECTIONS,할리데이비슨 컬렉션스®,할리데이비슨 컬렉션스®,HARLEY-DAVIDSON COLLECTIONS®,,신발·스니커즈,,ACTIVE,,
,BRAND_HAVEOFFDUTY,해브오프듀티,해브오프듀티,HAVEOFFDUTY,,아웃도어,,ACTIVE,,
,BRAND_HAVISM,해비즘,해비즘,HAVISM,,국내 캐주얼·스트릿,,ACTIVE,,
,BRAND_HAZ,해즈,해즈,HAZ,,국내 캐주얼·스트릿,,ACTIVE,,
,BRAND_HAPPIESTNESS,해피스트니스,해피스트니스,HAPPIESTNESS,,국내 캐주얼·스트릿,,ACTIVE,,
,BRAND_HAPPYYOGIS,해피요기즈,해피요기즈,HAPPYYOGIS,,국내 캐주얼·스트릿,,ACTIVE,,
,BRAND_HANGTEN,행텐,행텐,HANGTEN,,국내 캐주얼·스트릿,,ACTIVE,,
,BRAND_HANGTEN_TEENS,행텐 틴즈,행텐 틴즈,HANGTEN TEENS,,국내 캐주얼·스트릿,,ACTIVE,,
,BRAND_HUGVONE,허그본,허그본,HUGVONE,,신발·스니커즈,,ACTIVE,,
,BRAND_HUG_YOUR_SKIN,허그유어스킨,허그유어스킨,HUG YOUR SKIN,,국내 캐주얼·스트릿,,ACTIVE,,
,BRAND_HERYOUNG,허영,허영,HERYOUNG,,신발·스니커즈,,ACTIVE,,
,BRAND_HUF,허프,허프,HUF,,국내 캐주얼·스트릿,,ACTIVE,,
,BRAND_HUNCH,헌치,헌치,HUNCH,,국내 캐주얼·스트릿,,ACTIVE,,
,BRAND_HUNTER,헌터,헌터,HUNTER,,국내 캐주얼·스트릿,신발겸업,ACTIVE,,
,BRAND_HOLLYWOOD_FASHION_SECRETS,헐리우드 패션 시크릿,헐리우드 패션 시크릿,HOLLYWOOD FASHION SECRETS,,국내 캐주얼·스트릿,,ACTIVE,,
,BRAND_HUMMER,험머,험머,HUMMER,,아웃도어,,ACTIVE,,
,BRAND_HUMMEL,험멜,험멜,HUMMEL,,글로벌 스포츠·캐주얼,신발겸업,ACTIVE,,
,BRAND_HUMBLE_ARCHIVE,험블아카이브,험블아카이브,HUMBLE ARCHIVE,,국내 캐주얼·스트릿,,ACTIVE,,
,BRAND_HUMTTO,험토,험토,HUMTTO,,신발·스니커즈,,ACTIVE,,
,BRAND_HUFSLOW,헙스로우,헙스로우,HUFSLOW,,국내 캐주얼·스트릿,,ACTIVE,,
,BRAND_HETHERMENT,헤더먼트,헤더먼트,HETHERMENT,,국내 캐주얼·스트릿,,ACTIVE,,
,BRAND_HEDER_HELEN,헤더헬렌,헤더헬렌,HEDER HELEN,,국내 캐주얼·스트릿,,ACTIVE,,
,BRAND_HERETIC,헤레틱,헤레틱,HERETIC,,국내 캐주얼·스트릿,,ACTIVE,,
,BRAND_HERY,헤리,헤리,HERY,,국내 캐주얼·스트릿,,ACTIVE,,
,BRAND_HEVETS,헤베츠,헤베츠,HEVETS,,국내 캐주얼·스트릿,,ACTIVE,,
,BRAND_HEAVENLY_JELLY,헤븐리젤리,헤븐리젤리,HEAVENLY JELLY,,신발·스니커즈,,ACTIVE,,
,BRAND_HEAVY_RAIN,헤비레인,헤비레인,HEAVY RAIN,,국내 캐주얼·스트릿,,ACTIVE,,
,BRAND_HEAVYI,헤비아이,헤비아이,HEAVYI,,국내 캐주얼·스트릿,,ACTIVE,,
,BRAND_HAYDAYMOOD,헤이데이무드,헤이데이무드,HAYDAYMOOD,,국내 캐주얼·스트릿,신발겸업,ACTIVE,,
,BRAND_HEYSANG,헤이상,헤이상,HEYSANG,,국내 캐주얼·스트릿,,ACTIVE,,
,BRAND_HEY_EDDY,헤이에디,헤이에디,HEY EDDY,,국내 캐주얼·스트릿,,ACTIVE,,
,BRAND_HANES,헤인즈,헤인즈,HANES,,글로벌 스포츠·캐주얼,,ACTIVE,,
,BRAND_HAILEY,헤일리,헤일리,HAILEY,,신발·스니커즈,,ACTIVE,,
,BRAND_HAZZYS,헤지스,헤지스,HAZZYS,,국내 캐주얼·스트릿,,ACTIVE,,
,BRAND_HAZZYS_PHIZ,헤지스 피즈,헤지스 피즈,HAZZYS PHIZ,,국내 캐주얼·스트릿,,ACTIVE,,
,BRAND_HETERO,헤테로,헤테로,HETERO,,국내 캐주얼·스트릿,,ACTIVE,,
,BRAND_HETIT,헤티,헤티,HETIT,,국내 컨템포러리·디자이너,,ACTIVE,,
,BRAND_HENLYMAIN,헨리메인,헨리메인,HENLYMAIN,,신발·스니커즈,,ACTIVE,,
,BRAND_HENRY_BEGUELIN,헨리베글린,헨리베글린,HENRY BEGUELIN,,신발·스니커즈,,ACTIVE,,
,BRAND_HENRY_STUART,헨리스튜어트,헨리스튜어트,HENRY STUART,,신발·스니커즈,,ACTIVE,,
,BRAND_HELENE_PARIS,헬레네파리스,헬레네파리스,HELENE PARIS,,신발·스니커즈,,ACTIVE,,
,BRAND_HELLO_SUNRISE,헬로 선라이즈,헬로 선라이즈,HELLO SUNRISE,,국내 캐주얼·스트릿,신발겸업,ACTIVE,,
,BRAND_HELLOHELL,헬로헬,헬로헬,HELLOHELL,,신발·스니커즈,,ACTIVE,,
,BRAND_HELVESKO,헬베스코,헬베스코,HELVESKO,,신발·스니커즈,,ACTIVE,,
,BRAND_HYUP_BY_HYUF,혀프 바이 혀프,혀프 바이 혀프,HYUP BY HYUF,,국내 컨템포러리·디자이너,,ACTIVE,,
,BRAND_HYUN_STUDIO,현 스튜디오,현 스튜디오,HYUN STUDIO,,국내 캐주얼·스트릿,,ACTIVE,,
,BRAND_HYUNFIT,현피트,현피트,HYUNFIT,,국내 캐주얼·스트릿,,ACTIVE,,
,BRAND_HOGAN,호간,호간,HOGAN,,신발·스니커즈,,ACTIVE,,
,BRAND_HONO_REPORT,호노 리포트,호노 리포트,HONO REPORT,,국내 캐주얼·스트릿,,ACTIVE,,
,BRAND_HOLAHO,호라호,호라호,HOLAHO,,스포츠·액티브,,ACTIVE,,
,BRAND_HOWUS,호와스,호와스,HOWUS,,국내 캐주얼·스트릿,신발겸업,ACTIVE,,
,BRAND_HEUTE,호이테,호이테,HEUTE,,국내 캐주얼·스트릿,,ACTIVE,,
,BRAND_HOKA,호카,호카,HOKA,,신발·스니커즈,,ACTIVE,,
,BRAND_HOKUSPOKUS,호쿠스포쿠스,호쿠스포쿠스,HOKUSPOKUS,,국내 캐주얼·스트릿,,ACTIVE,,
,BRAND_HONSBY,혼스비,혼스비,HONSBY,,신발·스니커즈,,ACTIVE,,
,BRAND_HONKYO,혼쿄,혼쿄,HONKYO,,국내 캐주얼·스트릿,,ACTIVE,,
,BRAND_HOLYNUMBER7,홀리넘버세븐,홀리넘버세븐,HOLYNUMBER7,,국내 캐주얼·스트릿,,ACTIVE,,
,BRAND_HOLIDAYVISITOR,홀리데이비지터,홀리데이비지터,HOLIDAYVISITOR,,국내 캐주얼·스트릿,,ACTIVE,,
,BRAND_HOMESTAR,홈스타,홈스타,HOMESTAR,,신발·스니커즈,,ACTIVE,,
,BRAND_HYOAVE,효에이브,효에이브,HYOAVE,,신발·스니커즈,,ACTIVE,,
,BRAND_FRO_CLUB,후로클럽,후로클럽,FRO CLUB,,국내 캐주얼·스트릿,,ACTIVE,,
,BRAND_HUMANT,후망,후망,HUMANT,,신발·스니커즈,,ACTIVE,,
,BRAND_WHO_A_U,후아유,후아유,WHO.A.U,,국내 SPA·베이직,신발겸업,ACTIVE,,
,BRAND_HUKE,후크,후크,HUKE,,국내 캐주얼·스트릿,,ACTIVE,,
,BRAND_FILA,휠라,휠라,FILA,,글로벌 스포츠·캐주얼,신발겸업,ACTIVE,,
,BRAND_FILA_KIDS,휠라 키즈,휠라 키즈,FILA KIDS,,키즈,,ACTIVE,,
,BRAND_HUGO,휴고,휴고,HUGO,,해외 럭셔리·컨템포러리,신발겸업,ACTIVE,,
,BRAND_HUMOROUS_ACCOUNT,휴머러스 어카운트,휴머러스 어카운트,HUMOROUS ACCOUNT,,국내 캐주얼·스트릿,,ACTIVE,,
,BRAND_HUMANGALLERY,휴먼갤러리,휴먼갤러리,HUMANGALLERY,,해외 럭셔리·컨템포러리,,ACTIVE,,
,BRAND_HUEY,휴이,휴이,HUEY,,국내 캐주얼·스트릿,,ACTIVE,,
,BRAND_REQINS,흐꺙,흐꺙,REQINS,,신발·스니커즈,,ACTIVE,,
,BRAND_HEUK_WEAR,흑웨어,흑웨어,HEUK WEAR,,스포츠·액티브,,ACTIVE,,
,BRAND_HEEDIMENSIONAL,희다이멘셔널,희다이멘셔널,HEEDIMENSIONAL,,신발·스니커즈,,ACTIVE,,
,BRAND_HEENN,흰,흰,HEENN,,신발·스니커즈,,ACTIVE,,
,BRAND_HIRO,히로,히로,HIRO,,국내 캐주얼·스트릿,,ACTIVE,,
,BRAND_HEROINE,히로인,히로인,HEROINE,,국내 캐주얼·스트릿,,ACTIVE,,
,BRAND_HIRUKA_ARCHIVE,히루카 아카이브,히루카 아카이브,HIRUKA ARCHIVE,,국내 캐주얼·스트릿,,ACTIVE,,
,BRAND_HYYK,히이크,히이크,HYYK,,국내 캐주얼·스트릿,,ACTIVE,,
,BRAND_HISHANDER,히즈핸더,히즈핸더,HISHANDER,,국내 캐주얼·스트릿,,ACTIVE,,
,BRAND_HIPPU,히푸,히푸,HIPPU,,신발·스니커즈,,ACTIVE,,
,BRAND_HIHE,히헤,히헤,HIHE,,신발·스니커즈,,ACTIVE,,
,BRAND_HELEMENT,힐리먼트,힐리먼트,HELEMENT,,국내 캐주얼·스트릿,신발겸업,ACTIVE,,
,BRAND_HEALIOTE,힐리오트,힐리오트,HEALIOTE,,국내 캐주얼·스트릿,신발겸업,ACTIVE,,
,BRAND_HEALCREEK,힐크릭,힐크릭,HEALCREEK,,골프·스포츠라이프,,ACTIVE,,
,BRAND_HEELTOP,힐탑,힐탑,HEELTOP,,신발·스니커즈,,ACTIVE,,
,BRAND_BNK_FEARX,BNK 피어엑스,bnk 피어엑스,BNK FEARX,,라이선스·콜라보,,ACTIVE,,
,BRAND_SOOPERS,DN 수퍼스,dn 수퍼스,SOOPERS,,라이선스·콜라보,,ACTIVE,,
,BRAND_1993STUDIO,1993스튜디오,1993스튜디오,1993STUDIO,,국내 컨템포러리·디자이너,,ACTIVE,,
,BRAND_2000ARCHIVES,2000아카이브스,2000아카이브스,2000ARCHIVES,,국내 캐주얼·스트릿,신발겸업,ACTIVE,,
,BRAND_201BREED,201브리드,201브리드,201BREED,,국내 캐주얼·스트릿,,ACTIVE,,
,BRAND_210EDIT,210에디트,210에디트,210EDIT,,국내 캐주얼·스트릿,,ACTIVE,,
,BRAND_2113_STUDIO,2113 스튜디오,2113 스튜디오,2113 STUDIO,,국내 캐주얼·스트릿,,ACTIVE,,
,BRAND_225,225,225,225,,국내 캐주얼·스트릿,,ACTIVE,,
,BRAND_23_65,23.65,23.65,23.65,,신발·스니커즈,,ACTIVE,,
,BRAND_247SERIES,247시리즈,247시리즈,247SERIES,,국내 캐주얼·스트릿,,ACTIVE,,
,BRAND_320SHOWROOM,320쇼룸,320쇼룸,320SHOWROOM,,국내 캐주얼·스트릿,,ACTIVE,,
,BRAND_38COMEONCOMMON,38컴온커먼,38컴온커먼,38COMEONCOMMON,,국내 캐주얼·스트릿,,ACTIVE,,
,BRAND_5_11_TACTICAL,5.11택티컬,5.11택티컬,5.11 TACTICAL,,신발·스니커즈,,ACTIVE,,
,BRAND_90SENSE,90센스,90센스,90SENSE,,국내 캐주얼·스트릿,,ACTIVE,,
,BRAND_977HOMETOWN,977홈타운,977홈타운,977HOMETOWN,,국내 캐주얼·스트릿,,ACTIVE,,
,BRAND_9999ARCHIVE,9999아카이브,9999아카이브,9999ARCHIVE,,국내 캐주얼·스트릿,,ACTIVE,,
,BRAND_999HUMANITY,999휴머니티,999휴머니티,999HUMANITY,,국내 캐주얼·스트릿,,ACTIVE,,