dt,term_id,canonical_name,term_type,mention_count,document_count,content_count,creator_count,all_mentions,all_documents,share_pct
2025-10-03,775,랩,DETAIL,2,2,1,1,103,20,1.9417
2025-10-12,775,랩,DETAIL,1,1,1,1,76,22,1.3158
2025-11-28,775,랩,DETAIL,1,1,1,0,80,32,1.25
2025-11-30,775,랩,DETAIL,1,1,1,0,72,27,1.3889
2025-12-12,775,랩,DETAIL,1,1,1,0,27,17,3.7037
2026-01-29,775,랩,DETAIL,2,2,1,1,60,12,3.3333
2026-03-01,775,랩,DETAIL,1,1,1,1,144,46,0.6944
2026-04-19,775,랩,DETAIL,1,1,1,0,286,115,0.3497
2026-04-20,775,랩,DETAIL,1,1,1,0,238,90,0.4202
2026-04-21,775,랩,DETAIL,1,1,1,0,58,30,1.7241
2026-04-30,775,랩,DETAIL,1,1,1,1,78,19,1.2821
2026-05-23,775,랩,DETAIL,1,1,1,1,331,93,0.3021
2026-05-24,775,랩,DETAIL,2,2,1,0,297,121,0.6734
2026-05-30,775,랩,DETAIL,1,1,1,1,234,83,0.4274
2026-06-01,775,랩,DETAIL,1,1,1,1,360,160,0.2778
2026-06-05,775,랩,DETAIL,1,1,1,1,183,55,0.5464
2026-06-06,775,랩,DETAIL,1,1,1,1,336,108,0.2976
2026-06-10,775,랩,DETAIL,1,1,1,1,345,160,0.2899
2026-06-13,775,랩,DETAIL,1,1,1,0,267,107,0.3745
2026-06-16,775,랩,DETAIL,1,1,1,0,465,184,0.2151
2026-06-17,775,랩,DETAIL,1,1,1,0,365,130,0.274
2026-06-21,775,랩,DETAIL,1,1,1,1,550,205,0.1818
2026-06-22,775,랩,DETAIL,1,1,1,1,455,179,0.2198
2026-06-24,775,랩,DETAIL,2,2,2,1,369,145,0.542
2026-07-04,775,랩,DETAIL,1,1,1,1,306,114,0.3268
2026-07-05,775,랩,DETAIL,1,1,1,1,295,122,0.339
2026-07-06,775,랩,DETAIL,1,1,1,1,204,85,0.4902
2026-07-10,775,랩,DETAIL,2,2,1,1,249,60,0.8032
2026-07-11,775,랩,DETAIL,1,1,1,1,174,63,0.5747
2026-07-15,775,랩,DETAIL,2,2,1,0,265,87,0.7547
2026-07-18,775,랩,DETAIL,1,1,1,1,429,155,0.2331
2026-07-19,775,랩,DETAIL,2,2,2,1,670,210,0.2985
2026-07-22,775,랩,DETAIL,1,1,1,1,244,112,0.4098
2026-07-30,775,랩,DETAIL,1,1,1,1,249,101,0.4016
2026-08-10,775,랩,DETAIL,1,1,1,1,244,105,0.4098
2026-08-11,775,랩,DETAIL,1,1,1,1,383,116,0.2611
2026-08-17,775,랩,DETAIL,1,1,1,1,543,223,0.1842
2026-09-03,775,랩,DETAIL,1,1,1,1,603,270,0.1658
2026-09-07,775,랩,DETAIL,1,1,1,1,732,308,0.1366
2025-09-05,208,뮬,ITEM,1,1,1,1,87,25,1.1494
2026-01-02,208,뮬,ITEM,1,1,1,1,103,31,0.9709
2026-01-21,208,뮬,ITEM,1,1,1,0,22,16,4.5455
2026-04-03,208,뮬,ITEM,1,1,1,1,69,31,1.4493
2026-05-01,208,뮬,ITEM,1,1,1,1,82,24,1.2195
2026-05-02,208,뮬,ITEM,1,1,1,0,66,35,1.5152
2026-05-07,208,뮬,ITEM,1,1,1,0,60,37,1.6667
2026-05-08,208,뮬,ITEM,2,2,1,1,46,32,4.3478
2026-05-16,208,뮬,ITEM,1,1,1,0,158,49,0.6329
2026-05-17,208,뮬,ITEM,2,2,1,1,166,82,1.2048
2026-05-20,208,뮬,ITEM,1,1,1,1,244,80,0.4098
2026-05-22,208,뮬,ITEM,2,2,2,0,227,77,0.8811
2026-05-23,208,뮬,ITEM,2,2,2,1,331,93,0.6042
2026-05-26,208,뮬,ITEM,1,1,1,0,189,90,0.5291
2026-06-02,208,뮬,ITEM,4,4,1,1,224,100,1.7857
2026-06-04,208,뮬,ITEM,2,2,2,0,137,74,1.4599
2026-06-09,208,뮬,ITEM,1,1,1,1,247,108,0.4049
2026-06-16,208,뮬,ITEM,1,1,1,1,465,184,0.2151
2026-06-17,208,뮬,ITEM,2,2,1,1,365,130,0.5479
2026-06-19,208,뮬,ITEM,1,1,1,1,510,170,0.1961
2026-06-23,208,뮬,ITEM,1,1,1,0,401,171,0.2494
2026-06-28,208,뮬,ITEM,6,6,2,1,327,109,1.8349
2026-06-29,208,뮬,ITEM,3,3,2,0,182,100,1.6484
2026-07-03,208,뮬,ITEM,2,2,1,1,154,63,1.2987
2026-07-04,208,뮬,ITEM,2,2,2,1,306,114,0.6536
2026-07-07,208,뮬,ITEM,2,2,1,0,203,85,0.9852
2026-07-09,208,뮬,ITEM,1,1,1,1,161,62,0.6211
2026-07-10,208,뮬,ITEM,1,1,1,0,249,60,0.4016
2026-07-12,208,뮬,ITEM,6,6,1,1,314,141,1.9108
2026-07-13,208,뮬,ITEM,1,1,1,0,382,151,0.2618
2026-07-14,208,뮬,ITEM,1,1,1,0,267,89,0.3745
2026-07-15,208,뮬,ITEM,2,2,1,0,265,87,0.7547
2026-07-17,208,뮬,ITEM,1,1,1,1,332,101,0.3012
2026-07-20,208,뮬,ITEM,1,1,1,1,386,140,0.2591
2026-07-25,208,뮬,ITEM,1,1,1,0,245,115,0.4082
2026-07-26,208,뮬,ITEM,5,5,1,1,338,132,1.4793
2026-07-27,208,뮬,ITEM,5,5,2,0,392,161,1.2755
2026-07-28,208,뮬,ITEM,2,2,1,0,262,125,0.7634
2026-08-01,208,뮬,ITEM,1,1,1,0,277,115,0.361
2026-08-06,208,뮬,ITEM,2,2,1,0,284,112,0.7042
2026-08-09,208,뮬,ITEM,1,1,1,1,265,116,0.3774
2026-08-11,208,뮬,ITEM,1,1,1,0,383,116,0.2611
2026-08-17,208,뮬,ITEM,1,1,1,1,543,223,0.1842
2026-08-19,208,뮬,ITEM,1,1,1,0,219,95,0.4566
2026-08-26,208,뮬,ITEM,1,1,1,0,424,195,0.2358
2025-10-03,507,봄,TPO,1,1,1,0,103,20,0.9709
2025-10-26,507,봄,TPO,1,1,1,0,63,15,1.5873
2025-12-27,507,봄,TPO,1,1,1,0,32,21,3.125
2026-01-09,507,봄,TPO,1,1,1,0,48,18,2.0833
2026-01-23,507,봄,TPO,2,2,1,0,61,26,3.2787
2026-01-24,507,봄,TPO,2,2,1,0,62,34,3.2258
2026-01-25,507,봄,TPO,2,2,1,0,20,15,10.0
2026-02-05,507,봄,TPO,1,1,1,1,39,26,2.5641
2026-02-07,507,봄,TPO,2,2,1,0,115,57,1.7391
2026-02-09,507,봄,TPO,1,1,1,0,22,15,4.5455
2026-02-10,507,봄,TPO,2,2,1,1,57,40,3.5088
2026-02-11,507,봄,TPO,1,1,1,0,20,13,5.0
2026-02-20,507,봄,TPO,4,4,2,2,152,39,2.6316
2026-02-21,507,봄,TPO,3,3,1,0,32,19,9.375
2026-02-22,507,봄,TPO,1,1,1,0,61,30,1.6393
2026-02-24,507,봄,TPO,1,1,1,0,63,32,1.5873
2026-02-25,507,봄,TPO,2,2,2,0,52,33,3.8462
2026-02-26,507,봄,TPO,2,2,2,0,56,33,3.5714
2026-02-27,507,봄,TPO,3,3,2,1,156,44,1.9231
2026-02-28,507,봄,TPO,5,5,2,0,87,47,5.7471
2026-03-01,507,봄,TPO,3,3,1,0,144,46,2.0833
2026-03-02,507,봄,TPO,2,2,1,0,49,31,4.0816
2026-03-03,507,봄,TPO,2,2,1,0,61,35,3.2787
2026-03-04,507,봄,TPO,3,3,2,1,159,65,1.8868
2026-03-05,507,봄,TPO,1,1,1,1,64,22,1.5625
2026-03-06,507,봄,TPO,11,11,2,1,203,70,5.4187
2026-03-07,507,봄,TPO,15,15,1,0,82,41,18.2927
2026-03-08,507,봄,TPO,9,9,1,0,71,37,12.6761
2026-03-09,507,봄,TPO,2,2,2,1,37,18,5.4054
2026-03-14,507,봄,TPO,1,1,1,0,37,12,2.7027
2026-03-15,507,봄,TPO,2,2,2,2,87,29,2.2989
2026-03-16,507,봄,TPO,2,2,2,1,83,23,2.4096
2026-03-17,507,봄,TPO,1,1,1,1,76,20,1.3158
2026-03-18,507,봄,TPO,1,1,1,1,70,45,1.4286
2026-03-20,507,봄,TPO,1,1,1,1,44,13,2.2727
2026-03-21,507,봄,TPO,3,3,2,1,23,7,13.0435
2026-03-22,507,봄,TPO,2,2,2,2,158,62,1.2658
2026-03-23,507,봄,TPO,1,1,1,1,64,38,1.5625
2026-03-24,507,봄,TPO,1,1,1,0,70,41,1.4286
2026-03-25,507,봄,TPO,3,3,3,0,37,25,8.1081
2026-03-26,507,봄,TPO,6,6,3,3,154,65,3.8961
2026-03-27,507,봄,TPO,2,2,1,0,124,47,1.6129
2026-03-28,507,봄,TPO,1,1,1,0,23,9,4.3478
2026-03-30,507,봄,TPO,3,3,2,0,49,29,6.1224
2026-03-31,507,봄,TPO,3,3,2,1,70,26,4.2857
2026-04-02,507,봄,TPO,5,5,3,1,103,44,4.8544
2026-04-03,507,봄,TPO,5,5,2,1,69,31,7.2464
2026-04-04,507,봄,TPO,2,2,1,0,58,37,3.4483
2026-04-05,507,봄,TPO,5,5,3,2,129,44,3.876
2026-04-06,507,봄,TPO,4,4,2,1,39,22,10.2564
2026-04-08,507,봄,TPO,2,2,2,1,32,13,6.25
2026-04-09,507,봄,TPO,1,1,1,0,43,30,2.3256
2026-04-10,507,봄,TPO,1,1,1,0,37,22,2.7027
2026-04-11,507,봄,TPO,1,1,1,0,80,37,1.25
2026-04-18,507,봄,TPO,2,2,2,1,168,63,1.1905
2026-04-19,507,봄,TPO,1,1,1,1,286,115,0.3497
2026-04-20,507,봄,TPO,2,2,2,1,238,90,0.8403
2026-04-21,507,봄,TPO,1,1,1,0,58,30,1.7241
2026-04-23,507,봄,TPO,1,1,1,0,116,64,0.8621
2026-04-25,507,봄,TPO,1,1,1,0,52,20,1.9231
2026-04-26,507,봄,TPO,2,2,2,1,23,11,8.6957
2026-04-29,507,봄,TPO,2,2,1,1,54,16,3.7037
2026-04-30,507,봄,TPO,2,2,2,2,78,19,2.5641
2026-05-01,507,봄,TPO,2,2,2,2,82,24,2.439
2026-05-03,507,봄,TPO,2,2,2,1,150,45,1.3333
2026-05-09,507,봄,TPO,1,1,1,1,71,29,1.4085
2026-05-14,507,봄,TPO,1,1,1,0,271,108,0.369
2026-05-20,507,봄,TPO,2,2,2,0,244,80,0.8197
2026-06-07,507,봄,TPO,1,1,1,0,322,152,0.3106
2026-06-19,507,봄,TPO,1,1,1,0,510,170,0.1961
2026-06-23,507,봄,TPO,1,1,1,0,401,171,0.2494
2026-07-09,507,봄,TPO,1,1,1,1,161,62,0.6211
2026-07-17,507,봄,TPO,1,1,1,0,332,101,0.3012
2026-07-24,507,봄,TPO,1,1,1,0,233,80,0.4292
2026-08-04,507,봄,TPO,1,1,1,0,225,88,0.4444
2026-08-05,507,봄,TPO,1,1,1,0,302,135,0.3311
2026-08-20,507,봄,TPO,1,1,1,0,236,110,0.4237
2026-08-23,507,봄,TPO,1,1,1,0,472,218,0.2119
2026-09-06,507,봄,TPO,3,3,2,0,858,363,0.3497
2025-10-03,593,울,MATERIAL,1,1,1,1,103,20,0.9709
2025-10-10,593,울,MATERIAL,1,1,1,1,80,23,1.25
2025-10-17,593,울,MATERIAL,1,1,1,1,45,13,2.2222
2025-10-21,593,울,MATERIAL,1,1,1,0,19,11,5.2632
2025-10-24,593,울,MATERIAL,3,3,1,1,96,19,3.125
2025-10-25,593,울,MATERIAL,1,1,1,0,48,21,2.0833
2025-10-26,593,울,MATERIAL,1,1,1,1,63,15,1.5873
2025-10-29,593,울,MATERIAL,1,1,1,0,26,9,3.8462
2025-10-31,593,울,MATERIAL,3,3,1,1,66,25,4.5455
2025-11-03,593,울,MATERIAL,1,1,1,0,51,15,1.9608
2025-11-06,593,울,MATERIAL,2,2,1,0,32,11,6.25
2025-11-07,593,울,MATERIAL,5,5,1,1,95,32,5.2632
2025-11-08,593,울,MATERIAL,6,6,1,0,74,32,8.1081
2025-11-09,593,울,MATERIAL,2,2,1,0,76,21,2.6316
2025-11-10,593,울,MATERIAL,1,1,1,0,34,16,2.9412
2025-11-11,593,울,MATERIAL,3,3,1,0,21,8,14.2857
2025-11-12,593,울,MATERIAL,2,2,2,1,33,12,6.0606
2025-11-13,593,울,MATERIAL,2,2,2,0,13,7,15.3846
2025-11-14,593,울,MATERIAL,5,5,1,1,73,20,6.8493
2025-11-15,593,울,MATERIAL,3,3,1,0,72,28,4.1667
2025-11-16,593,울,MATERIAL,7,7,1,0,99,44,7.0707
2025-11-17,593,울,MATERIAL,3,3,2,0,60,30,5.0
2025-11-19,593,울,MATERIAL,12,12,2,1,165,47,7.2727
2025-11-20,593,울,MATERIAL,14,14,3,1,172,49,8.1395
2025-11-21,593,울,MATERIAL,4,4,3,1,127,48,3.1496
2025-11-22,593,울,MATERIAL,3,3,1,0,75,36,4.0
2025-11-23,593,울,MATERIAL,2,2,1,0,92,33,2.1739
2025-11-26,593,울,MATERIAL,2,2,1,0,29,14,6.8966
2025-11-27,593,울,MATERIAL,1,1,1,0,35,15,2.8571
2025-11-28,593,울,MATERIAL,3,3,1,1,80,32,3.75
2025-11-29,593,울,MATERIAL,2,2,1,0,64,24,3.125
2025-12-02,593,울,MATERIAL,2,2,2,2,123,66,1.626
2025-12-03,593,울,MATERIAL,1,1,1,0,93,52,1.0753
2025-12-07,593,울,MATERIAL,2,2,2,1,120,49,1.6667
2025-12-10,593,울,MATERIAL,1,1,1,0,17,11,5.8824
2025-12-21,593,울,MATERIAL,1,1,1,1,92,38,1.087
2025-12-24,593,울,MATERIAL,2,2,2,0,22,11,9.0909
2025-12-26,593,울,MATERIAL,1,1,1,1,41,17,2.439
2025-12-30,593,울,MATERIAL,1,1,1,0,36,17,2.7778
2025-12-31,593,울,MATERIAL,1,1,1,0,10,8,10.0
2026-01-02,593,울,MATERIAL,3,3,2,1,103,31,2.9126
2026-01-04,593,울,MATERIAL,3,3,2,0,43,22,6.9767
2026-01-05,593,울,MATERIAL,1,1,1,0,19,11,5.2632
2026-01-16,593,울,MATERIAL,3,3,2,2,108,22,2.7778
2026-01-17,593,울,MATERIAL,2,2,2,0,143,78,1.3986
2026-01-18,593,울,MATERIAL,1,1,1,0,53,29,1.8868
2026-01-20,593,울,MATERIAL,1,1,1,1,57,25,1.7544
2026-01-22,593,울,MATERIAL,1,1,1,0,17,8,5.8824
2026-01-23,593,울,MATERIAL,1,1,1,0,61,26,1.6393
2026-01-24,593,울,MATERIAL,1,1,1,0,62,34,1.6129
2026-01-25,593,울,MATERIAL,1,1,1,0,20,15,5.0
2026-01-29,593,울,MATERIAL,1,1,1,1,60,12,1.6667
2026-01-31,593,울,MATERIAL,1,1,1,0,44,32,2.2727
2026-02-01,593,울,MATERIAL,2,2,1,0,83,43,2.4096
2026-02-03,593,울,MATERIAL,1,1,1,0,8,5,12.5
2026-02-06,593,울,MATERIAL,1,1,1,1,65,32,1.5385
2026-02-07,593,울,MATERIAL,1,1,1,0,115,57,0.8696
2026-02-20,593,울,MATERIAL,5,5,2,2,152,39,3.2895
2026-02-22,593,울,MATERIAL,2,2,1,0,61,30,3.2787
2026-02-25,593,울,MATERIAL,1,1,1,0,52,33,1.9231
2026-02-27,593,울,MATERIAL,1,1,1,0,156,44,0.641
2026-03-01,593,울,MATERIAL,2,2,2,2,144,46,1.3889
2026-03-04,593,울,MATERIAL,1,1,1,1,159,65,0.6289
2026-03-05,593,울,MATERIAL,1,1,1,1,64,22,1.5625
2026-03-15,593,울,MATERIAL,2,2,1,0,87,29,2.2989
2026-03-16,593,울,MATERIAL,2,2,1,0,83,23,2.4096
2026-03-17,593,울,MATERIAL,2,2,2,1,76,20,2.6316
2026-03-19,593,울,MATERIAL,1,1,1,0,89,60,1.1236
2026-03-21,593,울,MATERIAL,1,1,1,1,23,7,4.3478
2026-03-22,593,울,MATERIAL,1,1,1,0,158,62,0.6329
2026-03-26,593,울,MATERIAL,2,2,2,1,154,65,1.2987
2026-03-30,593,울,MATERIAL,1,1,1,0,49,29,2.0408
2026-03-31,593,울,MATERIAL,1,1,1,1,70,26,1.4286
2026-05-06,593,울,MATERIAL,2,2,1,1,95,40,2.1053
2026-05-20,593,울,MATERIAL,1,1,1,0,244,80,0.4098
2026-05-23,593,울,MATERIAL,1,1,1,1,331,93,0.3021
2026-05-26,593,울,MATERIAL,1,1,1,1,189,90,0.5291
2026-06-10,593,울,MATERIAL,1,1,1,1,345,160,0.2899
2026-06-14,593,울,MATERIAL,1,1,1,1,529,186,0.189
2026-07-05,593,울,MATERIAL,1,1,1,1,295,122,0.339
2026-07-07,593,울,MATERIAL,1,1,1,1,203,85,0.4926
2026-07-09,593,울,MATERIAL,1,1,1,1,161,62,0.6211
2026-07-16,593,울,MATERIAL,1,1,1,1,179,58,0.5587
2026-07-17,593,울,MATERIAL,1,1,1,1,332,101,0.3012
2026-07-19,593,울,MATERIAL,1,1,1,1,670,210,0.1493
2026-07-20,593,울,MATERIAL,1,1,1,1,386,140,0.2591
2026-07-21,593,울,MATERIAL,2,2,2,1,284,141,0.7042
2026-07-22,593,울,MATERIAL,4,4,2,1,244,112,1.6393
2026-07-24,593,울,MATERIAL,2,2,1,0,233,80,0.8584
2026-07-26,593,울,MATERIAL,1,1,1,1,338,132,0.2959
2026-07-27,593,울,MATERIAL,1,1,1,1,392,161,0.2551
2026-07-30,593,울,MATERIAL,1,1,1,1,249,101,0.4016
2026-08-01,593,울,MATERIAL,4,4,2,0,277,115,1.444
2026-08-02,593,울,MATERIAL,1,1,1,0,250,101,0.4
2026-08-03,593,울,MATERIAL,1,1,1,0,257,111,0.3891
2026-08-07,593,울,MATERIAL,1,1,1,0,151,70,0.6623
2026-08-09,593,울,MATERIAL,5,5,1,1,265,116,1.8868
2026-08-10,593,울,MATERIAL,1,1,1,0,244,105,0.4098
2026-08-11,593,울,MATERIAL,3,3,2,1,383,116,0.7833
2026-08-12,593,울,MATERIAL,2,2,1,0,194,92,1.0309
2026-08-13,593,울,MATERIAL,1,1,1,0,223,94,0.4484
2026-08-14,593,울,MATERIAL,1,1,1,1,159,54,0.6289
2026-08-16,593,울,MATERIAL,3,3,1,1,232,98,1.2931
2026-08-17,593,울,MATERIAL,4,4,1,1,543,223,0.7366
2026-08-18,593,울,MATERIAL,2,2,1,0,303,163,0.6601
2026-08-19,593,울,MATERIAL,1,1,1,0,219,95,0.4566
2026-08-20,593,울,MATERIAL,1,1,1,0,236,110,0.4237
2026-08-22,593,울,MATERIAL,1,1,1,0,275,117,0.3636
2026-08-23,593,울,MATERIAL,5,5,2,1,472,218,1.0593
2026-08-24,593,울,MATERIAL,1,1,1,1,592,293,0.1689
2026-08-25,593,울,MATERIAL,2,2,2,1,405,202,0.4938
2026-08-26,593,울,MATERIAL,13,13,1,1,424,195,3.066
2026-08-27,593,울,MATERIAL,20,20,1,0,330,161,6.0606
2026-08-28,593,울,MATERIAL,3,3,3,1,414,157,0.7246
2026-08-29,593,울,MATERIAL,3,3,3,2,316,144,0.9494
2026-08-30,593,울,MATERIAL,9,9,4,2,735,303,1.2245
2026-08-31,593,울,MATERIAL,7,7,5,2,714,321,0.9804
2026-09-02,593,울,MATERIAL,4,4,3,2,502,221,0.7968
2026-09-03,593,울,MATERIAL,2,2,2,1,603,270,0.3317
2026-09-05,593,울,MATERIAL,4,4,4,2,563,234,0.7105
2026-09-06,593,울,MATERIAL,4,4,2,2,858,363,0.4662
2026-09-07,593,울,MATERIAL,4,4,3,2,732,308,0.5464
2026-09-09,593,울,MATERIAL,2,2,2,2,170,7,1.1765
2026-03-02,408,탠,COLOR,1,1,1,0,49,31,2.0408
2026-06-01,408,탠,COLOR,1,1,1,0,360,160,0.2778
2025-09-14,567,튤,MATERIAL,1,1,1,1,52,13,1.9231
2025-09-28,422,틸,COLOR,1,1,1,1,78,15,1.2821
2026-04-29,422,틸,COLOR,1,1,1,1,54,16,1.8519
2026-06-01,422,틸,COLOR,2,2,1,1,360,160,0.5556
2026-07-04,422,틸,COLOR,1,1,1,1,306,114,0.3268
2026-08-11,422,틸,COLOR,1,1,1,1,383,116,0.2611
2026-09-02,447,펄,COLOR,2,2,1,1,502,221,0.3984
2026-03-19,221,힐,ITEM,1,1,1,0,89,60,1.1236
2026-06-19,221,힐,ITEM,2,2,1,1,510,170,0.3922
2026-06-21,221,힐,ITEM,2,2,2,1,550,205,0.3636
2026-07-13,221,힐,ITEM,1,1,1,0,382,151,0.2618
2026-08-22,221,힐,ITEM,1,1,1,0,275,117,0.3636
2026-08-24,221,힐,ITEM,1,1,1,0,592,293,0.1689
2026-09-01,221,힐,ITEM,1,1,1,0,601,253,0.1664
2026-09-05,221,힐,ITEM,1,1,1,0,563,234,0.1776
2025-09-01,223,가방,ITEM,2,2,2,0,68,41,2.9412
2025-09-03,223,가방,ITEM,1,1,1,0,18,10,5.5556
2025-09-04,223,가방,ITEM,1,1,1,0,14,11,7.1429
2025-09-05,223,가방,ITEM,1,1,1,1,87,25,1.1494
2025-09-06,223,가방,ITEM,2,2,1,0,103,33,1.9417
2025-09-07,223,가방,ITEM,1,1,1,0,29,8,3.4483
2025-09-12,223,가방,ITEM,10,10,1,1,61,22,16.3934
2025-09-13,223,가방,ITEM,5,5,1,0,46,32,10.8696
2025-09-14,223,가방,ITEM,4,4,2,1,52,13,7.6923
2025-09-15,223,가방,ITEM,7,7,1,0,110,52,6.3636
2025-09-16,223,가방,ITEM,3,3,1,0,108,47,2.7778
2025-09-17,223,가방,ITEM,4,4,2,0,22,12,18.1818
2025-09-18,223,가방,ITEM,1,1,1,0,10,8,10.0
2025-09-19,223,가방,ITEM,2,2,2,1,106,25,1.8868
2025-09-20,223,가방,ITEM,1,1,1,0,96,34,1.0417
2025-09-21,223,가방,ITEM,2,2,2,1,55,12,3.6364
2025-09-24,223,가방,ITEM,1,1,1,1,43,14,2.3256
2025-09-25,223,가방,ITEM,1,1,1,0,40,12,2.5
2025-09-26,223,가방,ITEM,1,1,1,1,76,18,1.3158
2025-09-28,223,가방,ITEM,1,1,1,1,78,15,1.2821
2025-10-05,223,가방,ITEM,3,3,2,1,53,14,5.6604
2025-10-10,223,가방,ITEM,1,1,1,1,80,23,1.25
2025-10-12,223,가방,ITEM,1,1,1,1,76,22,1.3158
2025-10-16,223,가방,ITEM,1,1,1,0,12,4,8.3333
2025-10-17,223,가방,ITEM,7,7,2,1,45,13,15.5556
2025-10-18,223,가방,ITEM,7,7,1,0,18,12,38.8889
2025-10-19,223,가방,ITEM,4,4,2,1,46,13,8.6957
2025-10-20,223,가방,ITEM,4,4,2,0,16,12,25.0
2025-10-21,223,가방,ITEM,4,4,1,0,19,11,21.0526
2025-10-22,223,가방,ITEM,2,2,1,0,6,5,33.3333
2025-10-23,223,가방,ITEM,5,5,1,0,25,14,20.0
2025-10-24,223,가방,ITEM,2,2,2,1,96,19,2.0833
2025-10-26,223,가방,ITEM,1,1,1,1,63,15,1.5873
2025-10-27,223,가방,ITEM,1,1,1,0,24,12,4.1667
2025-10-31,223,가방,ITEM,1,1,1,1,66,25,1.5152
2025-11-02,223,가방,ITEM,2,2,2,2,86,23,2.3256
2025-11-03,223,가방,ITEM,1,1,1,0,51,15,1.9608
2025-11-09,223,가방,ITEM,1,1,1,1,76,21,1.3158
2025-11-13,223,가방,ITEM,1,1,1,0,13,7,7.6923
2025-11-14,223,가방,ITEM,1,1,1,0,73,20,1.3699
2025-11-16,223,가방,ITEM,2,2,2,1,99,44,2.0202
2025-11-19,223,가방,ITEM,4,4,1,1,165,47,2.4242
2025-11-20,223,가방,ITEM,3,3,1,0,172,49,1.7442
2025-11-21,223,가방,ITEM,1,1,1,0,127,48,0.7874
2025-11-24,223,가방,ITEM,3,3,2,1,52,33,5.7692
2025-11-26,223,가방,ITEM,1,1,1,0,29,14,3.4483
2025-11-28,223,가방,ITEM,2,2,2,1,80,32,2.5
2025-11-30,223,가방,ITEM,1,1,1,1,72,27,1.3889
2025-12-01,223,가방,ITEM,1,1,1,0,29,14,3.4483
2025-12-03,223,가방,ITEM,1,1,1,0,93,52,1.0753
2025-12-04,223,가방,ITEM,2,2,1,0,67,41,2.9851
2025-12-07,223,가방,ITEM,5,5,2,1,120,49,4.1667
2025-12-08,223,가방,ITEM,2,2,1,0,42,28,4.7619
2025-12-11,223,가방,ITEM,1,1,1,0,33,17,3.0303
2025-12-12,223,가방,ITEM,2,2,1,0,27,17,7.4074
2025-12-13,223,가방,ITEM,1,1,1,0,28,20,3.5714
2025-12-17,223,가방,ITEM,1,1,1,0,8,5,12.5
2025-12-18,223,가방,ITEM,1,1,1,0,8,6,12.5
2025-12-21,223,가방,ITEM,2,2,2,1,92,38,2.1739
2025-12-28,223,가방,ITEM,1,1,1,0,16,11,6.25
2026-01-02,223,가방,ITEM,4,4,1,1,103,31,3.8835
2026-01-03,223,가방,ITEM,1,1,1,0,71,37,1.4085
2026-01-04,223,가방,ITEM,2,2,1,0,43,22,4.6512
2026-01-06,223,가방,ITEM,1,1,1,0,35,19,2.8571
2026-01-08,223,가방,ITEM,3,3,1,1,21,8,14.2857
2026-01-09,223,가방,ITEM,4,4,1,1,48,18,8.3333
2026-01-10,223,가방,ITEM,6,6,1,0,36,22,16.6667
2026-01-11,223,가방,ITEM,2,2,1,0,29,17,6.8966
2026-01-12,223,가방,ITEM,1,1,1,0,5,5,20.0
2026-01-16,223,가방,ITEM,1,1,1,1,108,22,0.9259
2026-01-17,223,가방,ITEM,1,1,1,0,143,78,0.6993
2026-01-18,223,가방,ITEM,2,2,2,0,53,29,3.7736
2026-01-23,223,가방,ITEM,7,7,2,1,61,26,11.4754
2026-01-24,223,가방,ITEM,6,6,1,0,62,34,9.6774
2026-01-25,223,가방,ITEM,2,2,2,0,20,15,10.0
2026-01-26,223,가방,ITEM,2,2,1,0,7,6,28.5714
2026-01-27,223,가방,ITEM,1,1,1,0,13,5,7.6923
2026-01-28,223,가방,ITEM,1,1,1,0,29,13,3.4483
2026-01-29,223,가방,ITEM,1,1,1,0,60,12,1.6667
2026-01-30,223,가방,ITEM,3,3,3,1,30,17,10.0
2026-01-31,223,가방,ITEM,5,5,2,0,44,32,11.3636
2026-02-01,223,가방,ITEM,4,4,3,1,83,43,4.8193
2026-02-04,223,가방,ITEM,1,1,1,0,9,6,11.1111
2026-02-05,223,가방,ITEM,3,3,1,1,39,26,7.6923
2026-02-06,223,가방,ITEM,6,6,2,1,65,32,9.2308
2026-02-07,223,가방,ITEM,2,2,1,0,115,57,1.7391
2026-02-08,223,가방,ITEM,1,1,1,0,25,22,4.0
2026-02-09,223,가방,ITEM,1,1,1,0,22,15,4.5455
2026-02-10,223,가방,ITEM,3,3,1,0,57,40,5.2632
2026-02-13,223,가방,ITEM,1,1,1,0,13,11,7.6923
2026-02-14,223,가방,ITEM,1,1,1,0,26,21,3.8462
2026-02-15,223,가방,ITEM,2,2,2,1,30,19,6.6667
2026-02-16,223,가방,ITEM,1,1,1,0,5,5,20.0
2026-02-20,223,가방,ITEM,4,4,2,1,152,39,2.6316
2026-02-21,223,가방,ITEM,1,1,1,0,32,19,3.125
2026-02-22,223,가방,ITEM,1,1,1,1,61,30,1.6393
2026-02-26,223,가방,ITEM,2,2,2,0,56,33,3.5714
2026-02-27,223,가방,ITEM,7,7,3,1,156,44,4.4872
2026-02-28,223,가방,ITEM,3,3,3,0,87,47,3.4483
2026-03-01,223,가방,ITEM,1,1,1,1,144,46,0.6944
2026-03-03,223,가방,ITEM,1,1,1,0,61,35,1.6393
2026-03-04,223,가방,ITEM,2,2,2,2,159,65,1.2579
2026-03-05,223,가방,ITEM,3,3,1,1,64,22,4.6875
2026-03-06,223,가방,ITEM,3,3,2,0,203,70,1.4778
2026-03-07,223,가방,ITEM,1,1,1,0,82,41,1.2195
2026-03-08,223,가방,ITEM,1,1,1,0,71,37,1.4085
2026-03-11,223,가방,ITEM,2,2,2,1,20,12,10.0
2026-03-12,223,가방,ITEM,1,1,1,0,22,15,4.5455
2026-03-14,223,가방,ITEM,1,1,1,0,37,12,2.7027
2026-03-15,223,가방,ITEM,1,1,1,0,87,29,1.1494
2026-03-17,223,가방,ITEM,1,1,1,1,76,20,1.3158
2026-03-18,223,가방,ITEM,1,1,1,0,70,45,1.4286
2026-03-21,223,가방,ITEM,1,1,1,0,23,7,4.3478
2026-03-22,223,가방,ITEM,1,1,1,0,158,62,0.6329
2026-03-23,223,가방,ITEM,2,2,1,0,64,38,3.125
2026-03-24,223,가방,ITEM,2,2,2,0,70,41,2.8571
2026-03-25,223,가방,ITEM,1,1,1,0,37,25,2.7027
2026-03-26,223,가방,ITEM,2,2,2,0,154,65,1.2987
2026-03-29,223,가방,ITEM,2,2,1,0,38,17,5.2632
2026-04-02,223,가방,ITEM,1,1,1,0,103,44,0.9709
2026-04-05,223,가방,ITEM,2,2,2,1,129,44,1.5504
2026-04-11,223,가방,ITEM,1,1,1,0,80,37,1.25
2026-04-14,223,가방,ITEM,1,1,1,0,4,4,25.0
2026-04-17,223,가방,ITEM,2,2,1,1,22,9,9.0909
2026-04-18,223,가방,ITEM,8,8,2,2,168,63,4.7619
2026-04-19,223,가방,ITEM,11,11,3,1,286,115,3.8462
2026-04-20,223,가방,ITEM,12,12,3,1,238,90,5.042
2026-04-21,223,가방,ITEM,1,1,1,0,58,30,1.7241
2026-04-22,223,가방,ITEM,1,1,1,0,63,26,1.5873
2026-04-23,223,가방,ITEM,2,2,2,0,116,64,1.7241
2026-04-24,223,가방,ITEM,1,1,1,0,49,31,2.0408
2026-04-25,223,가방,ITEM,2,2,2,0,52,20,3.8462
2026-04-26,223,가방,ITEM,1,1,1,0,23,11,4.3478
2026-04-27,223,가방,ITEM,2,2,2,1,175,75,1.1429
2026-04-30,223,가방,ITEM,2,2,1,1,78,19,2.5641
2026-05-01,223,가방,ITEM,1,1,1,1,82,24,1.2195
2026-05-02,223,가방,ITEM,2,2,2,0,66,35,3.0303
2026-05-03,223,가방,ITEM,1,1,1,1,150,45,0.6667
2026-05-06,223,가방,ITEM,1,1,1,0,95,40,1.0526
2026-05-07,223,가방,ITEM,1,1,1,0,60,37,1.6667
2026-05-08,223,가방,ITEM,2,2,2,0,46,32,4.3478
2026-05-09,223,가방,ITEM,1,1,1,1,71,29,1.4085
2026-05-11,223,가방,ITEM,1,1,1,0,111,47,0.9009
2026-05-12,223,가방,ITEM,1,1,1,1,134,52,0.7463
2026-05-13,223,가방,ITEM,2,2,2,0,137,56,1.4599
2026-05-15,223,가방,ITEM,2,2,2,0,177,75,1.1299
2026-05-17,223,가방,ITEM,7,7,1,1,166,82,4.2169
2026-05-18,223,가방,ITEM,7,7,3,1,146,74,4.7945
2026-05-20,223,가방,ITEM,2,2,2,2,244,80,0.8197
2026-05-21,223,가방,ITEM,5,5,5,1,270,85,1.8519
2026-05-22,223,가방,ITEM,2,2,2,1,227,77,0.8811
2026-05-23,223,가방,ITEM,4,4,3,1,331,93,1.2085
2026-05-24,223,가방,ITEM,2,2,2,1,297,121,0.6734
2026-05-25,223,가방,ITEM,6,6,4,1,400,155,1.5
2026-05-26,223,가방,ITEM,1,1,1,0,189,90,0.5291
2026-05-27,223,가방,ITEM,3,3,3,1,222,83,1.3514
2026-05-28,223,가방,ITEM,3,3,3,0,228,103,1.3158
2026-05-30,223,가방,ITEM,5,5,5,1,234,83,2.1368
2026-05-31,223,가방,ITEM,4,4,3,1,354,109,1.1299
2026-06-01,223,가방,ITEM,12,12,6,2,360,160,3.3333
2026-06-02,223,가방,ITEM,6,6,3,0,224,100,2.6786
2026-06-03,223,가방,ITEM,5,5,4,1,222,94,2.2523
2026-06-04,223,가방,ITEM,3,3,2,0,137,74,2.1898
2026-06-05,223,가방,ITEM,6,6,4,0,183,55,3.2787
2026-06-06,223,가방,ITEM,5,5,4,1,336,108,1.4881
2026-06-07,223,가방,ITEM,6,6,3,1,322,152,1.8634
2026-06-08,223,가방,ITEM,6,6,6,1,380,152,1.5789
2026-06-09,223,가방,ITEM,6,6,4,1,247,108,2.4291
2026-06-10,223,가방,ITEM,12,12,5,0,345,160,3.4783
2026-06-11,223,가방,ITEM,6,6,3,0,239,114,2.5105
2026-06-12,223,가방,ITEM,6,6,1,0,352,114,1.7045
2026-06-13,223,가방,ITEM,7,7,3,1,267,107,2.6217
2026-06-14,223,가방,ITEM,8,8,8,3,529,186,1.5123
2026-06-15,223,가방,ITEM,7,7,6,2,440,179,1.5909
2026-06-16,223,가방,ITEM,6,6,4,1,465,184,1.2903
2026-06-17,223,가방,ITEM,9,9,5,2,365,130,2.4658
2026-06-18,223,가방,ITEM,10,10,7,2,286,139,3.4965
2026-06-19,223,가방,ITEM,8,8,5,2,510,170,1.5686
2026-06-20,223,가방,ITEM,5,5,5,1,422,169,1.1848
2026-06-21,223,가방,ITEM,5,5,4,1,550,205,0.9091
2026-06-22,223,가방,ITEM,3,3,3,2,455,179,0.6593
2026-06-23,223,가방,ITEM,4,4,3,0,401,171,0.9975
2026-06-24,223,가방,ITEM,11,11,3,2,369,145,2.981
2026-06-25,223,가방,ITEM,9,9,3,0,162,75,5.5556
2026-06-26,223,가방,ITEM,3,3,2,1,247,81,1.2146
2026-06-27,223,가방,ITEM,6,6,6,2,214,76,2.8037
2026-06-28,223,가방,ITEM,8,8,5,2,327,109,2.4465
2026-06-29,223,가방,ITEM,3,3,3,0,182,100,1.6484
2026-06-30,223,가방,ITEM,1,1,1,0,156,56,0.641
2026-07-01,223,가방,ITEM,10,10,4,3,261,93,3.8314
2026-07-02,223,가방,ITEM,1,1,1,0,107,58,0.9346
2026-07-03,223,가방,ITEM,11,11,2,0,154,63,7.1429
2026-07-04,223,가방,ITEM,10,10,6,2,306,114,3.268
2026-07-05,223,가방,ITEM,5,5,4,1,295,122,1.6949
2026-07-06,223,가방,ITEM,7,7,4,1,204,85,3.4314
2026-07-07,223,가방,ITEM,10,10,2,1,203,85,4.9261
2026-07-08,223,가방,ITEM,6,6,3,0,112,58,5.3571
2026-07-09,223,가방,ITEM,4,4,3,1,161,62,2.4845
2026-07-10,223,가방,ITEM,3,3,2,1,249,60,1.2048
2026-07-11,223,가방,ITEM,4,4,3,1,174,63,2.2989
2026-07-12,223,가방,ITEM,7,7,4,2,314,141,2.2293
2026-07-13,223,가방,ITEM,5,5,3,1,382,151,1.3089
2026-07-14,223,가방,ITEM,10,10,7,3,267,89,3.7453
2026-07-15,223,가방,ITEM,6,6,6,2,265,87,2.2642
2026-07-16,223,가방,ITEM,7,7,6,2,179,58,3.9106
2026-07-17,223,가방,ITEM,7,7,3,2,332,101,2.1084
2026-07-18,223,가방,ITEM,16,16,5,3,429,155,3.7296
2026-07-19,223,가방,ITEM,19,19,8,4,670,210,2.8358
2026-07-20,223,가방,ITEM,6,6,4,0,386,140,1.5544
2026-07-21,223,가방,ITEM,6,6,4,0,284,141,2.1127
2026-07-22,223,가방,ITEM,2,2,2,1,244,112,0.8197
2026-07-23,223,가방,ITEM,6,6,5,3,243,86,2.4691
2026-07-24,223,가방,ITEM,4,4,4,2,233,80,1.7167
2026-07-25,223,가방,ITEM,3,3,2,1,245,115,1.2245
2026-07-26,223,가방,ITEM,4,4,3,0,338,132,1.1834
2026-07-27,223,가방,ITEM,4,4,4,0,392,161,1.0204
2026-07-28,223,가방,ITEM,6,6,6,0,262,125,2.2901
2026-07-29,223,가방,ITEM,5,5,4,2,238,113,2.1008
2026-07-30,223,가방,ITEM,6,6,5,1,249,101,2.4096
2026-07-31,223,가방,ITEM,1,1,1,0,204,84,0.4902
2026-08-01,223,가방,ITEM,2,2,2,1,277,115,0.722
2026-08-02,223,가방,ITEM,3,3,3,1,250,101,1.2
2026-08-03,223,가방,ITEM,1,1,1,0,257,111,0.3891
2026-08-04,223,가방,ITEM,3,3,2,1,225,88,1.3333
2026-08-05,223,가방,ITEM,5,5,4,1,302,135,1.6556
2026-08-06,223,가방,ITEM,2,2,2,0,284,112,0.7042
2026-08-07,223,가방,ITEM,2,2,2,1,151,70,1.3245
2026-08-08,223,가방,ITEM,2,2,2,1,143,57,1.3986
2026-08-09,223,가방,ITEM,5,5,3,2,265,116,1.8868
2026-08-10,223,가방,ITEM,7,7,3,1,244,105,2.8689
2026-08-11,223,가방,ITEM,9,9,4,4,383,116,2.3499
2026-08-12,223,가방,ITEM,3,3,3,0,194,92,1.5464
2026-08-13,223,가방,ITEM,5,5,3,0,223,94,2.2422
2026-08-14,223,가방,ITEM,4,4,1,0,159,54,2.5157
2026-08-15,223,가방,ITEM,6,6,3,0,172,83,3.4884
2026-08-16,223,가방,ITEM,1,1,1,0,232,98,0.431
2026-08-17,223,가방,ITEM,16,16,8,3,543,223,2.9466
2026-08-18,223,가방,ITEM,8,8,4,0,303,163,2.6403
2026-08-19,223,가방,ITEM,2,2,2,0,219,95,0.9132
2026-08-20,223,가방,ITEM,2,2,1,1,236,110,0.8475
2026-08-21,223,가방,ITEM,4,4,3,1,235,105,1.7021
2026-08-22,223,가방,ITEM,10,10,7,2,275,117,3.6364
2026-08-23,223,가방,ITEM,27,27,1,1,472,218,5.7203
2026-08-24,223,가방,ITEM,35,35,7,3,592,293,5.9122
2026-08-25,223,가방,ITEM,11,11,4,1,405,202,2.716
2026-08-26,223,가방,ITEM,7,7,4,1,424,195,1.6509
2026-08-27,223,가방,ITEM,2,2,2,0,330,161,0.6061
2026-08-28,223,가방,ITEM,8,8,5,1,414,157,1.9324
2026-08-29,223,가방,ITEM,14,14,8,1,316,144,4.4304
2026-08-30,223,가방,ITEM,9,9,5,0,735,303,1.2245
2026-08-31,223,가방,ITEM,10,10,6,0,714,321,1.4006
2026-09-01,223,가방,ITEM,11,11,6,2,601,253,1.8303
2026-09-02,223,가방,ITEM,19,19,8,0,502,221,3.7849
2026-09-03,223,가방,ITEM,10,10,6,0,603,270,1.6584
2026-09-04,223,가방,ITEM,5,5,4,1,482,221,1.0373
2026-09-05,223,가방,ITEM,8,8,6,2,563,234,1.421
2026-09-06,223,가방,ITEM,4,4,4,2,858,363,0.4662
2026-09-07,223,가방,ITEM,52,52,8,3,732,308,7.1038
2026-09-08,223,가방,ITEM,27,27,7,2,248,112,10.8871
2026-09-09,223,가방,ITEM,1,1,1,1,170,7,0.5882
2025-09-01,508,가을,TPO,15,15,1,1,68,41,22.0588
2025-09-02,508,가을,TPO,7,7,1,0,36,20,19.4444
2025-09-03,508,가을,TPO,2,2,1,0,18,10,11.1111
2025-09-05,508,가을,TPO,4,4,1,1,87,25,4.5977
2025-09-06,508,가을,TPO,9,9,1,0,103,33,8.7379
2025-09-07,508,가을,TPO,2,2,1,0,29,8,6.8966
2025-09-08,508,가을,TPO,3,3,2,0,39,12,7.6923
2025-09-09,508,가을,TPO,2,2,1,0,11,4,18.1818
2025-09-10,508,가을,TPO,3,3,1,0,25,7,12.0
2025-09-11,508,가을,TPO,1,1,1,0,24,8,4.1667
2025-09-12,508,가을,TPO,5,5,1,1,61,22,8.1967
2025-09-13,508,가을,TPO,6,6,1,0,46,32,13.0435
2025-09-14,508,가을,TPO,1,1,1,0,52,13,1.9231
2025-09-15,508,가을,TPO,14,14,2,1,110,52,12.7273
2025-09-16,508,가을,TPO,9,9,2,0,108,47,8.3333
2025-09-17,508,가을,TPO,1,1,1,0,22,12,4.5455
2025-09-18,508,가을,TPO,2,2,1,0,10,8,20.0
2025-09-19,508,가을,TPO,4,4,2,1,106,25,3.7736
2025-09-20,508,가을,TPO,5,5,1,0,96,34,5.2083
2025-09-21,508,가을,TPO,6,6,3,0,55,12,10.9091
2025-09-22,508,가을,TPO,5,5,3,0,30,17,16.6667
2025-09-23,508,가을,TPO,2,2,1,0,14,5,14.2857
2025-09-24,508,가을,TPO,4,4,2,1,43,14,9.3023
2025-09-25,508,가을,TPO,3,3,1,0,40,12,7.5
2025-09-26,508,가을,TPO,3,3,1,1,76,18,3.9474
2025-09-27,508,가을,TPO,7,7,2,0,92,35,7.6087
2025-09-28,508,가을,TPO,2,2,2,1,78,15,2.5641
2025-09-30,508,가을,TPO,3,3,1,0,13,5,23.0769
2025-10-01,508,가을,TPO,3,3,1,0,23,7,13.0435
2025-10-02,508,가을,TPO,1,1,1,0,20,8,5.0
2025-10-03,508,가을,TPO,6,6,1,1,103,20,5.8252
2025-10-04,508,가을,TPO,3,3,1,0,84,22,3.5714
2025-10-05,508,가을,TPO,4,4,3,2,53,14,7.5472
2025-10-06,508,가을,TPO,2,2,2,0,19,9,10.5263
2025-10-10,508,가을,TPO,10,10,1,1,80,23,12.5
2025-10-11,508,가을,TPO,14,14,1,0,50,26,28.0
2025-10-12,508,가을,TPO,10,10,2,1,76,22,13.1579
2025-10-13,508,가을,TPO,1,1,1,0,20,6,5.0
2025-10-14,508,가을,TPO,1,1,1,0,8,5,12.5
2025-10-15,508,가을,TPO,1,1,1,0,5,2,20.0
2025-10-16,508,가을,TPO,3,3,1,0,12,4,25.0
2025-10-17,508,가을,TPO,2,2,1,1,45,13,4.4444
2025-10-18,508,가을,TPO,2,2,1,0,18,12,11.1111
2025-10-19,508,가을,TPO,2,2,2,1,46,13,4.3478
2025-10-20,508,가을,TPO,1,1,1,0,16,12,6.25
2025-10-21,508,가을,TPO,2,2,1,0,19,11,10.5263
2025-10-22,508,가을,TPO,1,1,1,0,6,5,16.6667
2025-10-23,508,가을,TPO,1,1,1,0,25,14,4.0
2025-10-24,508,가을,TPO,1,1,1,0,96,19,1.0417
2025-10-25,508,가을,TPO,1,1,1,0,48,21,2.0833
2025-10-26,508,가을,TPO,2,2,2,1,63,15,3.1746
2025-11-02,508,가을,TPO,1,1,1,1,86,23,1.1628
2025-11-03,508,가을,TPO,1,1,1,1,51,15,1.9608
2025-11-05,508,가을,TPO,1,1,1,0,5,5,20.0
2025-11-09,508,가을,TPO,2,2,2,2,76,21,2.6316
2025-11-16,508,가을,TPO,3,3,2,1,99,44,3.0303
2025-11-20,508,가을,TPO,1,1,1,0,172,49,0.5814
2025-11-30,508,가을,TPO,1,1,1,1,72,27,1.3889
2026-01-09,508,가을,TPO,1,1,1,0,48,18,2.0833
2026-02-07,508,가을,TPO,2,2,1,0,115,57,1.7391
2026-02-10,508,가을,TPO,1,1,1,0,57,40,1.7544
2026-03-04,508,가을,TPO,1,1,1,0,159,65,0.6289
2026-03-21,508,가을,TPO,1,1,1,0,23,7,4.3478
2026-04-03,508,가을,TPO,1,1,1,0,69,31,1.4493
2026-04-11,508,가을,TPO,1,1,1,0,80,37,1.25
2026-05-03,508,가을,TPO,1,1,1,0,150,45,0.6667
2026-05-17,508,가을,TPO,2,2,1,0,166,82,1.2048
2026-05-20,508,가을,TPO,1,1,1,0,244,80,0.4098
2026-05-28,508,가을,TPO,2,2,1,0,228,103,0.8772
2026-06-07,508,가을,TPO,1,1,1,0,322,152,0.3106
2026-06-10,508,가을,TPO,1,1,1,0,345,160,0.2899
2026-06-14,508,가을,TPO,2,2,2,1,529,186,0.3781
2026-06-19,508,가을,TPO,1,1,1,0,510,170,0.1961
2026-06-22,508,가을,TPO,1,1,1,0,455,179,0.2198
2026-06-23,508,가을,TPO,1,1,1,0,401,171,0.2494
2026-06-24,508,가을,TPO,1,1,1,0,369,145,0.271
2026-06-26,508,가을,TPO,1,1,1,0,247,81,0.4049
2026-07-06,508,가을,TPO,1,1,1,0,204,85,0.4902
2026-07-07,508,가을,TPO,1,1,1,1,203,85,0.4926
2026-07-09,508,가을,TPO,1,1,1,1,161,62,0.6211
2026-07-12,508,가을,TPO,1,1,1,1,314,141,0.3185
2026-07-17,508,가을,TPO,1,1,1,0,332,101,0.3012
2026-07-18,508,가을,TPO,5,5,1,0,429,155,1.1655
2026-07-19,508,가을,TPO,3,3,1,0,670,210,0.4478
2026-07-22,508,가을,TPO,3,3,3,0,244,112,1.2295
2026-07-23,508,가을,TPO,3,3,2,0,243,86,1.2346
2026-07-25,508,가을,TPO,2,2,2,0,245,115,0.8163
2026-07-26,508,가을,TPO,1,1,1,0,338,132,0.2959
2026-07-28,508,가을,TPO,3,3,2,1,262,125,1.145
2026-07-30,508,가을,TPO,1,1,1,1,249,101,0.4016
2026-08-01,508,가을,TPO,1,1,1,1,277,115,0.361
2026-08-03,508,가을,TPO,2,2,2,0,257,111,0.7782
2026-08-04,508,가을,TPO,1,1,1,0,225,88,0.4444
2026-08-06,508,가을,TPO,2,2,2,0,284,112,0.7042
2026-08-08,508,가을,TPO,2,2,2,1,143,57,1.3986
2026-08-09,508,가을,TPO,2,2,2,0,265,116,0.7547
2026-08-11,508,가을,TPO,1,1,1,1,383,116,0.2611
2026-08-12,508,가을,TPO,1,1,1,1,194,92,0.5155
2026-08-13,508,가을,TPO,11,11,5,0,223,94,4.9327
2026-08-14,508,가을,TPO,6,6,2,1,159,54,3.7736
2026-08-15,508,가을,TPO,6,6,4,2,172,83,3.4884
2026-08-16,508,가을,TPO,4,4,4,2,232,98,1.7241
2026-08-17,508,가을,TPO,42,42,7,3,543,223,7.7348
2026-08-18,508,가을,TPO,17,17,6,0,303,163,5.6106
2026-08-19,508,가을,TPO,7,7,4,1,219,95,3.1963
2026-08-20,508,가을,TPO,9,9,8,2,236,110,3.8136
2026-08-21,508,가을,TPO,15,15,5,2,235,105,6.383
2026-08-22,508,가을,TPO,28,28,10,5,275,117,10.1818
2026-08-23,508,가을,TPO,35,35,11,6,472,218,7.4153
2026-08-24,508,가을,TPO,35,35,12,4,592,293,5.9122
2026-08-25,508,가을,TPO,37,37,11,5,405,202,9.1358
2026-08-26,508,가을,TPO,23,23,12,4,424,195,5.4245
2026-08-27,508,가을,TPO,9,9,5,3,330,161,2.7273
2026-08-28,508,가을,TPO,23,23,17,7,414,157,5.5556
2026-08-29,508,가을,TPO,17,17,8,3,316,144,5.3797
2026-08-30,508,가을,TPO,40,40,17,8,735,303,5.4422
2026-08-31,508,가을,TPO,46,46,18,6,714,321,6.4426
2026-09-01,508,가을,TPO,21,21,16,7,601,253,3.4942
2026-09-02,508,가을,TPO,24,24,14,3,502,221,4.7809
2026-09-03,508,가을,TPO,36,36,17,8,603,270,5.9701
2026-09-04,508,가을,TPO,23,23,10,4,482,221,4.7718
2026-09-05,508,가을,TPO,30,30,15,9,563,234,5.3286
2026-09-06,508,가을,TPO,60,60,16,10,858,363,6.993
2026-09-07,508,가을,TPO,31,31,13,8,732,308,4.235
2026-09-08,508,가을,TPO,17,17,10,3,248,112,6.8548
2026-09-09,508,가을,TPO,6,6,6,6,170,7,3.5294
2026-09-10,508,가을,TPO,3,3,3,3,20,5,15.0
2026-09-11,508,가을,TPO,1,1,1,1,1,1,100.0
2025-10-17,483,개강,TPO,1,1,1,1,45,13,2.2222
2026-02-05,483,개강,TPO,1,1,1,1,39,26,2.5641
2026-02-20,483,개강,TPO,1,1,1,1,152,39,0.6579
2026-02-24,483,개강,TPO,2,2,1,0,63,32,3.1746
2026-02-26,483,개강,TPO,1,1,1,1,56,33,1.7857
2026-06-26,483,개강,TPO,1,1,1,1,247,81,0.4049
2026-07-27,483,개강,TPO,1,1,1,1,392,161,0.2551
2026-08-13,483,개강,TPO,1,1,1,1,223,94,0.4484
2026-08-17,483,개강,TPO,2,2,2,1,543,223,0.3683
2026-08-19,483,개강,TPO,1,1,1,0,219,95,0.4566
2026-08-24,483,개강,TPO,1,1,1,0,592,293,0.1689
2026-08-25,483,개강,TPO,1,1,1,1,405,202,0.2469
2026-08-27,483,개강,TPO,1,1,1,0,330,161,0.303
2026-08-28,483,개강,TPO,1,1,1,0,414,157,0.2415
2026-08-29,483,개강,TPO,1,1,1,0,316,144,0.3165
2026-08-31,483,개강,TPO,4,4,2,1,714,321,0.5602
2026-09-01,483,개강,TPO,1,1,1,0,601,253,0.1664
2025-09-16,509,겨울,TPO,3,3,1,0,108,47,2.7778
2025-09-26,509,겨울,TPO,1,1,1,0,76,18,1.3158
2025-09-27,509,겨울,TPO,1,1,1,0,92,35,1.087
2025-09-30,509,겨울,TPO,2,2,1,0,13,5,15.3846
2025-10-10,509,겨울,TPO,2,2,1,1,80,23,2.5
2025-10-17,509,겨울,TPO,1,1,1,1,45,13,2.2222
2025-10-21,509,겨울,TPO,1,1,1,0,19,11,5.2632
2025-10-23,509,겨울,TPO,3,3,1,0,25,14,12.0
2025-10-24,509,겨울,TPO,6,6,1,1,96,19,6.25
2025-10-25,509,겨울,TPO,2,2,1,0,48,21,4.1667
2025-10-26,509,겨울,TPO,2,2,1,0,63,15,3.1746
2025-10-27,509,겨울,TPO,2,2,1,0,24,12,8.3333
2025-10-28,509,겨울,TPO,1,1,1,0,27,11,3.7037
2025-10-29,509,겨울,TPO,1,1,1,1,26,9,3.8462
2025-10-30,509,겨울,TPO,1,1,1,0,17,10,5.8824
2025-10-31,509,겨울,TPO,2,2,1,1,66,25,3.0303
2025-11-01,509,겨울,TPO,1,1,1,0,41,19,2.439
2025-11-02,509,겨울,TPO,3,3,3,2,86,23,3.4884
2025-11-03,509,겨울,TPO,1,1,1,0,51,15,1.9608
2025-11-04,509,겨울,TPO,1,1,1,0,25,13,4.0
2025-11-06,509,겨울,TPO,1,1,1,0,32,11,3.125
2025-11-07,509,겨울,TPO,3,3,1,1,95,32,3.1579
2025-11-08,509,겨울,TPO,2,2,1,0,74,32,2.7027
2025-11-09,509,겨울,TPO,4,4,4,2,76,21,5.2632
2025-11-10,509,겨울,TPO,1,1,1,1,34,16,2.9412
2025-11-11,509,겨울,TPO,1,1,1,0,21,8,4.7619
2025-11-12,509,겨울,TPO,4,4,3,1,33,12,12.1212
2025-11-14,509,겨울,TPO,2,2,1,1,73,20,2.7397
2025-11-15,509,겨울,TPO,4,4,1,0,72,28,5.5556
2025-11-16,509,겨울,TPO,9,9,3,1,99,44,9.0909
2025-11-17,509,겨울,TPO,6,6,4,0,60,30,10.0
2025-11-18,509,겨울,TPO,1,1,1,0,19,13,5.2632
2025-11-19,509,겨울,TPO,4,4,1,1,165,47,2.4242
2025-11-20,509,겨울,TPO,13,13,3,1,172,49,7.5581
2025-11-21,509,겨울,TPO,7,7,2,1,127,48,5.5118
2025-11-22,509,겨울,TPO,6,6,2,0,75,36,8.0
2025-11-23,509,겨울,TPO,6,6,3,1,92,33,6.5217
2025-11-24,509,겨울,TPO,2,2,2,0,52,33,3.8462
2025-11-25,509,겨울,TPO,4,4,2,0,50,29,8.0
2025-11-26,509,겨울,TPO,3,3,2,0,29,14,10.3448
2025-11-27,509,겨울,TPO,6,6,2,0,35,15,17.1429
2025-11-28,509,겨울,TPO,3,3,2,1,80,32,3.75
2025-11-29,509,겨울,TPO,2,2,2,1,64,24,3.125
2025-11-30,509,겨울,TPO,2,2,2,1,72,27,2.7778
2025-12-01,509,겨울,TPO,3,3,1,0,29,14,10.3448
2025-12-02,509,겨울,TPO,3,3,3,2,123,66,2.439
2025-12-03,509,겨울,TPO,1,1,1,0,93,52,1.0753
2025-12-04,509,겨울,TPO,1,1,1,0,67,41,1.4925
2025-12-05,509,겨울,TPO,7,7,2,1,88,46,7.9545
2025-12-06,509,겨울,TPO,4,4,1,0,91,53,4.3956
2025-12-07,509,겨울,TPO,4,4,2,2,120,49,3.3333
2025-12-08,509,겨울,TPO,3,3,2,0,42,28,7.1429
2025-12-09,509,겨울,TPO,1,1,1,0,10,6,10.0
2025-12-10,509,겨울,TPO,1,1,1,0,17,11,5.8824
2025-12-11,509,겨울,TPO,1,1,1,1,33,17,3.0303
2025-12-12,509,겨울,TPO,1,1,1,0,27,17,3.7037
2025-12-13,509,겨울,TPO,1,1,1,0,28,20,3.5714
2025-12-14,509,겨울,TPO,1,1,1,0,8,6,12.5
2025-12-16,509,겨울,TPO,1,1,1,0,8,7,12.5
2025-12-19,509,겨울,TPO,6,6,1,1,67,36,8.9552
2025-12-20,509,겨울,TPO,4,4,2,1,56,39,7.1429
2025-12-21,509,겨울,TPO,3,3,2,1,92,38,3.2609
2025-12-22,509,겨울,TPO,1,1,1,0,31,21,3.2258
2025-12-23,509,겨울,TPO,4,4,2,0,50,24,8.0
2025-12-24,509,겨울,TPO,2,2,2,1,22,11,9.0909
2025-12-26,509,겨울,TPO,6,6,1,1,41,17,14.6341
2025-12-27,509,겨울,TPO,4,4,1,0,32,21,12.5
2025-12-28,509,겨울,TPO,1,1,1,0,16,11,6.25
2025-12-30,509,겨울,TPO,3,3,2,2,36,17,8.3333
2026-01-02,509,겨울,TPO,4,4,2,1,103,31,3.8835
2026-01-03,509,겨울,TPO,5,5,1,0,71,37,7.0423
2026-01-04,509,겨울,TPO,1,1,1,0,43,22,2.3256
2026-01-10,509,겨울,TPO,1,1,1,1,36,22,2.7778
2026-01-11,509,겨울,TPO,1,1,1,1,29,17,3.4483
2026-01-12,509,겨울,TPO,1,1,1,0,5,5,20.0
2026-01-16,509,겨울,TPO,2,2,2,2,108,22,1.8519
2026-01-17,509,겨울,TPO,5,5,3,3,143,78,3.4965
2026-01-18,509,겨울,TPO,4,4,3,0,53,29,7.5472
2026-01-19,509,겨울,TPO,2,2,2,1,57,27,3.5088
2026-01-23,509,겨울,TPO,1,1,1,0,61,26,1.6393
2026-01-28,509,겨울,TPO,1,1,1,0,29,13,3.4483
2026-01-29,509,겨울,TPO,1,1,1,1,60,12,1.6667
2026-01-30,509,겨울,TPO,1,1,1,0,30,17,3.3333
2026-02-01,509,겨울,TPO,2,2,1,1,83,43,2.4096
2026-02-06,509,겨울,TPO,1,1,1,0,65,32,1.5385
2026-02-07,509,겨울,TPO,1,1,1,0,115,57,0.8696
2026-03-01,509,겨울,TPO,1,1,1,1,144,46,0.6944
2026-03-03,509,겨울,TPO,2,2,1,0,61,35,3.2787
2026-04-19,509,겨울,TPO,1,1,1,0,286,115,0.3497
2026-05-03,509,겨울,TPO,1,1,1,0,150,45,0.6667
2026-05-04,509,겨울,TPO,1,1,1,0,61,39,1.6393
2026-05-09,509,겨울,TPO,1,1,1,0,71,29,1.4085
2026-05-11,509,겨울,TPO,1,1,1,0,111,47,0.9009
2026-05-14,509,겨울,TPO,1,1,1,1,271,108,0.369
2026-05-17,509,겨울,TPO,1,1,1,0,166,82,0.6024
2026-06-14,509,겨울,TPO,2,2,2,1,529,186,0.3781
2026-06-23,509,겨울,TPO,1,1,1,0,401,171,0.2494
2026-06-29,509,겨울,TPO,1,1,1,0,182,100,0.5495
2026-07-04,509,겨울,TPO,2,2,1,1,306,114,0.6536
2026-07-07,509,겨울,TPO,1,1,1,1,203,85,0.4926
2026-07-09,509,겨울,TPO,1,1,1,0,161,62,0.6211
2026-07-17,509,겨울,TPO,1,1,1,0,332,101,0.3012
2026-07-19,509,겨울,TPO,1,1,1,1,670,210,0.1493
2026-07-21,509,겨울,TPO,1,1,1,1,284,141,0.3521
2026-07-22,509,겨울,TPO,2,2,2,1,244,112,0.8197
2026-07-23,509,겨울,TPO,2,2,1,0,243,86,0.823
2026-07-24,509,겨울,TPO,1,1,1,0,233,80,0.4292
2026-07-26,509,겨울,TPO,1,1,1,0,338,132,0.2959
2026-07-28,509,겨울,TPO,2,2,1,1,262,125,0.7634
2026-08-01,509,겨울,TPO,1,1,1,1,277,115,0.361
2026-08-03,509,겨울,TPO,1,1,1,0,257,111,0.3891
2026-08-04,509,겨울,TPO,1,1,1,1,225,88,0.4444
2026-08-06,509,겨울,TPO,1,1,1,0,284,112,0.3521
2026-08-08,509,겨울,TPO,1,1,1,1,143,57,0.6993
2026-08-09,509,겨울,TPO,3,3,2,0,265,116,1.1321
2026-08-11,509,겨울,TPO,1,1,1,1,383,116,0.2611
2026-08-13,509,겨울,TPO,1,1,1,0,223,94,0.4484
2026-08-15,509,겨울,TPO,1,1,1,1,172,83,0.5814
2026-08-16,509,겨울,TPO,5,5,3,2,232,98,2.1552
2026-08-17,509,겨울,TPO,1,1,1,1,543,223,0.1842
2026-08-18,509,겨울,TPO,1,1,1,0,303,163,0.33
2026-08-20,509,겨울,TPO,3,3,3,1,236,110,1.2712
2026-08-22,509,겨울,TPO,2,2,1,1,275,117,0.7273
2026-08-23,509,겨울,TPO,9,9,4,2,472,218,1.9068
2026-08-24,509,겨울,TPO,4,4,2,1,592,293,0.6757
2026-08-25,509,겨울,TPO,3,3,2,0,405,202,0.7407
2026-08-26,509,겨울,TPO,8,8,1,1,424,195,1.8868
2026-08-27,509,겨울,TPO,15,15,2,0,330,161,4.5455
2026-08-28,509,겨울,TPO,7,7,4,1,414,157,1.6908
2026-08-29,509,겨울,TPO,2,2,2,0,316,144,0.6329
2026-08-30,509,겨울,TPO,8,8,4,1,735,303,1.0884
2026-08-31,509,겨울,TPO,4,4,4,0,714,321,0.5602
2026-09-01,509,겨울,TPO,2,2,2,1,601,253,0.3328
2026-09-02,509,겨울,TPO,3,3,3,2,502,221,0.5976
2026-09-03,509,겨울,TPO,3,3,2,1,603,270,0.4975
2026-09-05,509,겨울,TPO,2,2,2,2,563,234,0.3552
2026-09-10,509,겨울,TPO,1,1,1,1,20,5,5.0
2025-09-06,448,골드,COLOR,1,1,1,0,103,33,0.9709
2025-11-23,448,골드,COLOR,1,1,1,1,92,33,1.087
2026-03-08,448,골드,COLOR,1,1,1,0,71,37,1.4085
2026-04-12,448,골드,COLOR,1,1,1,0,29,19,3.4483
2026-04-20,448,골드,COLOR,1,1,1,0,238,90,0.4202
2026-04-23,448,골드,COLOR,2,2,2,0,116,64,1.7241
2026-06-03,448,골드,COLOR,1,1,1,1,222,94,0.4505
2026-06-10,448,골드,COLOR,1,1,1,1,345,160,0.2899
2026-06-18,448,골드,COLOR,1,1,1,0,286,139,0.3497
2026-06-27,448,골드,COLOR,1,1,1,1,214,76,0.4673
2026-06-29,448,골드,COLOR,1,1,1,0,182,100,0.5495
2026-07-13,448,골드,COLOR,2,2,2,1,382,151,0.5236
2026-07-19,448,골드,COLOR,1,1,1,1,670,210,0.1493
2026-07-24,448,골드,COLOR,1,1,1,0,233,80,0.4292
2026-07-28,448,골드,COLOR,1,1,1,0,262,125,0.3817
2026-08-09,448,골드,COLOR,1,1,1,1,265,116,0.3774
2026-08-10,448,골드,COLOR,1,1,1,1,244,105,0.4098
2026-08-17,448,골드,COLOR,1,1,1,1,543,223,0.1842
2026-08-22,448,골드,COLOR,2,2,2,0,275,117,0.7273
2026-08-23,448,골드,COLOR,3,3,1,0,472,218,0.6356
2026-08-24,448,골드,COLOR,4,4,3,0,592,293,0.6757
2026-08-25,448,골드,COLOR,2,2,2,1,405,202,0.4938
2026-08-26,448,골드,COLOR,1,1,1,0,424,195,0.2358
2026-09-10,448,골드,COLOR,1,1,1,1,20,5,5.0
2025-11-07,795,골지,MATERIAL,1,1,1,1,95,32,1.0526
2025-11-20,795,골지,MATERIAL,1,1,1,1,172,49,0.5814
2026-01-16,795,골지,MATERIAL,2,2,1,1,108,22,1.8519
2026-01-29,795,골지,MATERIAL,1,1,1,1,60,12,1.6667
2026-04-20,795,골지,MATERIAL,1,1,1,1,238,90,0.4202
2026-05-14,795,골지,MATERIAL,1,1,1,1,271,108,0.369
2026-05-16,795,골지,MATERIAL,1,1,1,1,158,49,0.6329
2026-05-22,795,골지,MATERIAL,1,1,1,1,227,77,0.4405
2026-05-24,795,골지,MATERIAL,1,1,1,0,297,121,0.3367
2026-05-25,795,골지,MATERIAL,1,1,1,1,400,155,0.25
2026-05-29,795,골지,MATERIAL,1,1,1,1,188,59,0.5319
2026-05-31,795,골지,MATERIAL,1,1,1,0,354,109,0.2825
2026-06-01,795,골지,MATERIAL,1,1,1,1,360,160,0.2778
2026-06-04,795,골지,MATERIAL,1,1,1,1,137,74,0.7299
2026-06-05,795,골지,MATERIAL,1,1,1,1,183,55,0.5464
2026-06-06,795,골지,MATERIAL,3,3,3,1,336,108,0.8929
2026-06-12,795,골지,MATERIAL,2,2,1,1,352,114,0.5682
2026-06-15,795,골지,MATERIAL,1,1,1,0,440,179,0.2273
2026-06-19,795,골지,MATERIAL,2,2,2,2,510,170,0.3922
2026-06-20,795,골지,MATERIAL,1,1,1,1,422,169,0.237
2026-06-21,795,골지,MATERIAL,1,1,1,1,550,205,0.1818
2026-06-26,795,골지,MATERIAL,3,3,3,2,247,81,1.2146
2026-06-27,795,골지,MATERIAL,1,1,1,1,214,76,0.4673
2026-06-28,795,골지,MATERIAL,3,3,3,1,327,109,0.9174
2026-07-01,795,골지,MATERIAL,1,1,1,1,261,93,0.3831
2026-07-02,795,골지,MATERIAL,1,1,1,0,107,58,0.9346
2026-07-05,795,골지,MATERIAL,3,3,2,1,295,122,1.0169
2026-07-06,795,골지,MATERIAL,1,1,1,0,204,85,0.4902
2026-07-14,795,골지,MATERIAL,1,1,1,1,267,89,0.3745
2026-07-15,795,골지,MATERIAL,1,1,1,1,265,87,0.3774
2026-07-20,795,골지,MATERIAL,1,1,1,1,386,140,0.2591
2026-07-22,795,골지,MATERIAL,1,1,1,1,244,112,0.4098
2026-07-25,795,골지,MATERIAL,1,1,1,1,245,115,0.4082
2026-07-27,795,골지,MATERIAL,1,1,1,1,392,161,0.2551
2026-08-11,795,골지,MATERIAL,3,3,3,3,383,116,0.7833
2026-08-13,795,골지,MATERIAL,1,1,1,1,223,94,0.4484
2026-08-14,795,골지,MATERIAL,1,1,1,1,159,54,0.6289
2026-08-17,795,골지,MATERIAL,2,2,1,1,543,223,0.3683
2026-08-20,795,골지,MATERIAL,1,1,1,0,236,110,0.4237
2026-08-23,795,골지,MATERIAL,1,1,1,1,472,218,0.2119
2026-08-26,795,골지,MATERIAL,2,2,1,1,424,195,0.4717
2026-08-28,795,골지,MATERIAL,1,1,1,1,414,157,0.2415
2026-08-31,795,골지,MATERIAL,1,1,1,1,714,321,0.1401
2026-09-04,795,골지,MATERIAL,1,1,1,0,482,221,0.2075
2026-09-06,795,골지,MATERIAL,1,1,1,1,858,363,0.1166
2026-09-08,795,골지,MATERIAL,1,1,1,1,248,112,0.4032
2026-09-06,484,골프,TPO,1,1,1,0,858,363,0.1166
2026-07-24,519,공항,TPO,1,1,1,1,233,80,0.4292
2026-07-27,519,공항,TPO,1,1,1,1,392,161,0.2551
2025-09-15,423,그린,COLOR,1,1,1,0,110,52,0.9091
2025-10-29,423,그린,COLOR,1,1,1,1,26,9,3.8462
2025-11-02,423,그린,COLOR,1,1,1,1,86,23,1.1628
2025-11-09,423,그린,COLOR,1,1,1,0,76,21,1.3158
2025-11-10,423,그린,COLOR,2,2,1,1,34,16,5.8824
2025-12-12,423,그린,COLOR,1,1,1,0,27,17,3.7037
2026-01-12,423,그린,COLOR,1,1,1,0,5,5,20.0
2026-01-30,423,그린,COLOR,1,1,1,0,30,17,3.3333
2026-03-10,423,그린,COLOR,1,1,1,0,28,22,3.5714
2026-03-15,423,그린,COLOR,1,1,1,1,87,29,1.1494
2026-03-22,423,그린,COLOR,1,1,1,0,158,62,0.6329
2026-03-26,423,그린,COLOR,1,1,1,0,154,65,0.6494
2026-04-18,423,그린,COLOR,2,2,1,1,168,63,1.1905
2026-05-03,423,그린,COLOR,1,1,1,1,150,45,0.6667
2026-05-14,423,그린,COLOR,4,4,1,0,271,108,1.476
2026-05-15,423,그린,COLOR,5,5,1,0,177,75,2.8249
2026-05-16,423,그린,COLOR,2,2,1,0,158,49,1.2658
2026-05-17,423,그린,COLOR,2,2,1,0,166,82,1.2048
2026-05-21,423,그린,COLOR,1,1,1,1,270,85,0.3704
2026-05-24,423,그린,COLOR,1,1,1,1,297,121,0.3367
2026-05-26,423,그린,COLOR,1,1,1,1,189,90,0.5291
2026-05-27,423,그린,COLOR,1,1,1,1,222,83,0.4505
2026-05-29,423,그린,COLOR,3,3,2,2,188,59,1.5957
2026-05-31,423,그린,COLOR,1,1,1,0,354,109,0.2825
2026-06-01,423,그린,COLOR,1,1,1,0,360,160,0.2778
2026-06-02,423,그린,COLOR,1,1,1,0,224,100,0.4464
2026-06-05,423,그린,COLOR,1,1,1,0,183,55,0.5464
2026-06-07,423,그린,COLOR,1,1,1,0,322,152,0.3106
2026-06-08,423,그린,COLOR,1,1,1,0,380,152,0.2632
2026-06-09,423,그린,COLOR,1,1,1,0,247,108,0.4049
2026-06-12,423,그린,COLOR,1,1,1,0,352,114,0.2841
2026-06-14,423,그린,COLOR,3,3,2,1,529,186,0.5671
2026-06-16,423,그린,COLOR,1,1,1,1,465,184,0.2151
2026-06-19,423,그린,COLOR,1,1,1,0,510,170,0.1961
2026-06-21,423,그린,COLOR,1,1,1,1,550,205,0.1818
2026-06-22,423,그린,COLOR,1,1,1,1,455,179,0.2198
2026-06-23,423,그린,COLOR,2,2,2,0,401,171,0.4988
2026-06-24,423,그린,COLOR,1,1,1,1,369,145,0.271
2026-06-26,423,그린,COLOR,1,1,1,0,247,81,0.4049
2026-06-27,423,그린,COLOR,1,1,1,0,214,76,0.4673
2026-07-03,423,그린,COLOR,1,1,1,0,154,63,0.6494
2026-07-04,423,그린,COLOR,2,2,1,1,306,114,0.6536
2026-07-09,423,그린,COLOR,1,1,1,0,161,62,0.6211
2026-07-10,423,그린,COLOR,1,1,1,1,249,60,0.4016
2026-07-11,423,그린,COLOR,1,1,1,1,174,63,0.5747
2026-07-12,423,그린,COLOR,2,2,1,1,314,141,0.6369
2026-07-17,423,그린,COLOR,1,1,1,0,332,101,0.3012
2026-07-21,423,그린,COLOR,1,1,1,0,284,141,0.3521
2026-07-26,423,그린,COLOR,1,1,1,0,338,132,0.2959
2026-07-27,423,그린,COLOR,1,1,1,0,392,161,0.2551
2026-07-29,423,그린,COLOR,2,2,2,2,238,113,0.8403
2026-07-30,423,그린,COLOR,1,1,1,0,249,101,0.4016
2026-07-31,423,그린,COLOR,1,1,1,0,204,84,0.4902
2026-08-01,423,그린,COLOR,1,1,1,0,277,115,0.361
2026-08-03,423,그린,COLOR,1,1,1,1,257,111,0.3891
2026-08-04,423,그린,COLOR,1,1,1,0,225,88,0.4444
2026-08-06,423,그린,COLOR,2,2,2,1,284,112,0.7042
2026-08-13,423,그린,COLOR,2,2,2,2,223,94,0.8969
2026-08-16,423,그린,COLOR,1,1,1,1,232,98,0.431
2026-08-18,423,그린,COLOR,1,1,1,0,303,163,0.33
2026-08-23,423,그린,COLOR,1,1,1,0,472,218,0.2119
2026-08-29,423,그린,COLOR,4,4,3,1,316,144,1.2658
2026-08-30,423,그린,COLOR,1,1,1,1,735,303,0.1361
2026-08-31,423,그린,COLOR,3,3,2,0,714,321,0.4202
2026-09-01,423,그린,COLOR,4,4,3,1,601,253,0.6656
2026-09-02,423,그린,COLOR,1,1,1,0,502,221,0.1992
2026-09-04,423,그린,COLOR,1,1,1,0,482,221,0.2075
2026-09-05,423,그린,COLOR,1,1,1,0,563,234,0.1776
2026-09-06,423,그린,COLOR,1,1,1,0,858,363,0.1166
2026-09-07,423,그린,COLOR,2,2,2,0,732,308,0.2732
2026-09-08,423,그린,COLOR,2,2,2,0,248,112,0.8065
2025-09-05,540,니트,MATERIAL,2,2,2,0,87,25,2.2989
2025-09-06,540,니트,MATERIAL,1,1,1,0,103,33,0.9709
2025-09-07,540,니트,MATERIAL,1,1,1,0,29,8,3.4483
2025-09-08,540,니트,MATERIAL,1,1,1,0,39,12,2.5641
2025-09-16,540,니트,MATERIAL,1,1,1,0,108,47,0.9259
2025-09-21,540,니트,MATERIAL,1,1,1,0,55,12,1.8182
2025-09-24,540,니트,MATERIAL,1,1,1,1,43,14,2.3256
2025-09-26,540,니트,MATERIAL,1,1,1,1,76,18,1.3158
2025-09-28,540,니트,MATERIAL,1,1,1,0,78,15,1.2821
2025-10-03,540,니트,MATERIAL,3,3,1,1,103,20,2.9126
2025-10-04,540,니트,MATERIAL,5,5,1,0,84,22,5.9524
2025-10-05,540,니트,MATERIAL,5,5,2,1,53,14,9.434
2025-10-06,540,니트,MATERIAL,1,1,1,0,19,9,5.2632
2025-10-08,540,니트,MATERIAL,1,1,1,0,7,2,14.2857
2025-10-09,540,니트,MATERIAL,1,1,1,0,19,5,5.2632
2025-10-10,540,니트,MATERIAL,1,1,1,1,80,23,1.25
2025-10-12,540,니트,MATERIAL,1,1,1,1,76,22,1.3158
2025-10-17,540,니트,MATERIAL,1,1,1,1,45,13,2.2222
2025-10-19,540,니트,MATERIAL,2,2,1,1,46,13,4.3478
2025-10-20,540,니트,MATERIAL,2,2,2,0,16,12,12.5
2025-10-24,540,니트,MATERIAL,1,1,1,1,96,19,1.0417
2025-10-25,540,니트,MATERIAL,1,1,1,0,48,21,2.0833
2025-10-31,136,니트,ITEM,1,1,1,1,66,25,1.5152
2025-11-02,540,니트,MATERIAL,2,2,1,1,86,23,2.3256
2025-11-03,540,니트,MATERIAL,1,1,1,1,51,15,1.9608
2025-11-04,540,니트,MATERIAL,1,1,1,0,25,13,4.0
2025-11-06,136,니트,ITEM,1,1,1,0,32,11,3.125
2025-11-07,540,니트,MATERIAL,4,4,1,1,95,32,4.2105
2025-11-08,540,니트,MATERIAL,3,3,1,0,74,32,4.0541
2025-11-14,540,니트,MATERIAL,8,8,1,1,73,20,10.9589
2025-11-15,540,니트,MATERIAL,13,13,1,0,72,28,18.0556
2025-11-16,540,니트,MATERIAL,4,4,2,1,99,44,4.0404
2025-11-17,540,니트,MATERIAL,4,4,1,0,60,30,6.6667
2025-11-18,540,니트,MATERIAL,1,1,1,0,19,13,5.2632
2025-11-19,540,니트,MATERIAL,15,15,2,1,165,47,9.0909
2025-11-20,540,니트,MATERIAL,13,13,3,1,172,49,7.5581
2025-11-21,540,니트,MATERIAL,8,8,4,1,127,48,6.2992
2025-11-23,540,니트,MATERIAL,1,1,1,0,92,33,1.087
2025-11-24,540,니트,MATERIAL,1,1,1,0,52,33,1.9231
2025-11-25,540,니트,MATERIAL,2,2,2,0,50,29,4.0
2025-11-26,540,니트,MATERIAL,2,2,2,0,29,14,6.8966
2025-11-28,540,니트,MATERIAL,4,4,2,0,80,32,5.0
2025-11-29,540,니트,MATERIAL,2,2,2,0,64,24,3.125
2025-11-30,540,니트,MATERIAL,1,1,1,0,72,27,1.3889
2025-12-01,540,니트,MATERIAL,3,3,3,0,29,14,10.3448
2025-12-02,540,니트,MATERIAL,6,6,1,0,123,66,4.878
2025-12-03,540,니트,MATERIAL,7,7,2,0,93,52,7.5269
2025-12-04,540,니트,MATERIAL,4,4,1,0,67,41,5.9701
2025-12-05,540,니트,MATERIAL,7,7,2,1,88,46,7.9545
2025-12-06,540,니트,MATERIAL,7,7,3,0,91,53,7.6923
2025-12-07,540,니트,MATERIAL,9,9,4,1,120,49,7.5
2025-12-08,540,니트,MATERIAL,2,2,2,0,42,28,4.7619
2025-12-09,540,니트,MATERIAL,1,1,1,0,10,6,10.0
2025-12-10,540,니트,MATERIAL,1,1,1,0,17,11,5.8824
2025-12-14,540,니트,MATERIAL,1,1,1,0,8,6,12.5
2025-12-19,540,니트,MATERIAL,2,2,1,0,67,36,2.9851
2025-12-21,540,니트,MATERIAL,1,1,1,1,92,38,1.087
2025-12-23,540,니트,MATERIAL,1,1,1,1,50,24,2.0
2025-12-24,540,니트,MATERIAL,1,1,1,0,22,11,4.5455
2025-12-26,540,니트,MATERIAL,2,2,2,1,41,17,4.878
2025-12-27,540,니트,MATERIAL,1,1,1,0,32,21,3.125
2025-12-30,540,니트,MATERIAL,1,1,1,0,36,17,2.7778
2026-01-02,540,니트,MATERIAL,2,2,1,0,103,31,1.9417
2026-01-04,540,니트,MATERIAL,2,2,2,0,43,22,4.6512
2026-01-05,540,니트,MATERIAL,1,1,1,0,19,11,5.2632
2026-01-06,540,니트,MATERIAL,2,2,1,0,35,19,5.7143
2026-01-08,540,니트,MATERIAL,3,3,3,0,21,8,14.2857
2026-01-10,540,니트,MATERIAL,1,1,1,0,36,22,2.7778
2026-01-11,136,니트,ITEM,1,1,1,0,29,17,3.4483
2026-01-11,540,니트,MATERIAL,2,2,2,0,29,17,6.8966
2026-01-16,540,니트,MATERIAL,5,5,2,2,108,22,4.6296
2026-01-17,540,니트,MATERIAL,6,6,1,0,143,78,4.1958
2026-01-18,540,니트,MATERIAL,1,1,1,0,53,29,1.8868
2026-01-19,540,니트,MATERIAL,4,4,1,0,57,27,7.0175
2026-01-20,540,니트,MATERIAL,1,1,1,1,57,25,1.7544
2026-01-22,540,니트,MATERIAL,1,1,1,0,17,8,5.8824
2026-01-23,540,니트,MATERIAL,1,1,1,0,61,26,1.6393
2026-01-24,540,니트,MATERIAL,1,1,1,0,62,34,1.6129
2026-01-25,540,니트,MATERIAL,1,1,1,0,20,15,5.0
2026-01-29,540,니트,MATERIAL,6,6,1,1,60,12,10.0
2026-01-31,540,니트,MATERIAL,3,3,1,0,44,32,6.8182
2026-02-01,540,니트,MATERIAL,5,5,1,0,83,43,6.0241
2026-02-03,540,니트,MATERIAL,1,1,1,0,8,5,12.5
2026-02-04,540,니트,MATERIAL,1,1,1,0,9,6,11.1111
2026-02-05,540,니트,MATERIAL,1,1,1,0,39,26,2.5641
2026-02-08,540,니트,MATERIAL,1,1,1,0,25,22,4.0
2026-02-10,540,니트,MATERIAL,5,5,2,1,57,40,8.7719
2026-02-11,540,니트,MATERIAL,3,3,2,0,20,13,15.0
2026-02-15,540,니트,MATERIAL,1,1,1,1,30,19,3.3333
2026-02-17,540,니트,MATERIAL,1,1,1,0,9,6,11.1111
2026-02-20,136,니트,ITEM,3,3,1,0,152,39,1.9737
2026-02-20,540,니트,MATERIAL,3,3,2,2,152,39,1.9737
2026-02-22,136,니트,ITEM,1,1,1,0,61,30,1.6393
2026-02-22,540,니트,MATERIAL,1,1,1,0,61,30,1.6393
2026-02-23,540,니트,MATERIAL,1,1,1,0,31,19,3.2258
2026-02-25,136,니트,ITEM,1,1,1,0,52,33,1.9231
2026-02-26,540,니트,MATERIAL,1,1,1,0,56,33,1.7857
2026-02-27,540,니트,MATERIAL,9,9,3,1,156,44,5.7692
2026-02-28,540,니트,MATERIAL,1,1,1,0,87,47,1.1494
2026-03-01,540,니트,MATERIAL,1,1,1,1,144,46,0.6944
2026-03-02,540,니트,MATERIAL,1,1,1,0,49,31,2.0408
2026-03-03,540,니트,MATERIAL,3,3,1,0,61,35,4.918
2026-03-04,540,니트,MATERIAL,8,8,3,1,159,65,5.0314
2026-03-05,540,니트,MATERIAL,1,1,1,0,64,22,1.5625
2026-03-06,540,니트,MATERIAL,1,1,1,0,203,70,0.4926
2026-03-07,540,니트,MATERIAL,1,1,1,0,82,41,1.2195
2026-03-08,540,니트,MATERIAL,2,2,2,0,71,37,2.8169
2026-03-09,540,니트,MATERIAL,2,2,1,0,37,18,5.4054
2026-03-11,540,니트,MATERIAL,1,1,1,0,20,12,5.0
2026-03-14,540,니트,MATERIAL,4,4,2,0,37,12,10.8108
2026-03-15,540,니트,MATERIAL,1,1,1,1,87,29,1.1494
2026-03-16,540,니트,MATERIAL,2,2,2,1,83,23,2.4096
2026-03-17,540,니트,MATERIAL,3,3,3,1,76,20,3.9474
2026-03-18,540,니트,MATERIAL,2,2,2,0,70,45,2.8571
2026-03-23,540,니트,MATERIAL,1,1,1,1,64,38,1.5625
2026-03-24,540,니트,MATERIAL,1,1,1,0,70,41,1.4286
2026-03-31,540,니트,MATERIAL,1,1,1,1,70,26,1.4286
2026-04-01,540,니트,MATERIAL,1,1,1,0,43,22,2.3256
2026-04-02,540,니트,MATERIAL,1,1,1,0,103,44,0.9709
2026-04-05,540,니트,MATERIAL,2,2,2,1,129,44,1.5504
2026-04-10,540,니트,MATERIAL,1,1,1,0,37,22,2.7027
2026-04-11,540,니트,MATERIAL,1,1,1,0,80,37,1.25
2026-04-12,540,니트,MATERIAL,1,1,1,0,29,19,3.4483
2026-04-16,540,니트,MATERIAL,1,1,1,0,41,12,2.439
2026-04-18,540,니트,MATERIAL,1,1,1,0,168,63,0.5952
2026-04-19,540,니트,MATERIAL,10,10,3,2,286,115,3.4965
2026-04-20,540,니트,MATERIAL,4,4,1,0,238,90,1.6807
2026-04-21,540,니트,MATERIAL,2,2,1,0,58,30,3.4483
2026-04-22,540,니트,MATERIAL,3,3,1,0,63,26,4.7619
2026-04-23,540,니트,MATERIAL,4,4,1,0,116,64,3.4483
2026-04-24,540,니트,MATERIAL,1,1,1,0,49,31,2.0408
2026-04-26,540,니트,MATERIAL,3,3,1,0,23,11,13.0435
2026-04-27,136,니트,ITEM,1,1,1,1,175,75,0.5714
2026-04-27,540,니트,MATERIAL,1,1,1,1,175,75,0.5714
2026-04-29,540,니트,MATERIAL,1,1,1,0,54,16,1.8519
2026-04-30,540,니트,MATERIAL,3,3,1,1,78,19,3.8462
2026-05-01,540,니트,MATERIAL,3,3,2,1,82,24,3.6585
2026-05-03,540,니트,MATERIAL,1,1,1,1,150,45,0.6667
2026-05-05,540,니트,MATERIAL,10,10,1,1,121,55,8.2645
2026-05-06,540,니트,MATERIAL,11,11,3,1,95,40,11.5789
2026-05-07,540,니트,MATERIAL,2,2,1,0,60,37,3.3333
2026-05-08,540,니트,MATERIAL,2,2,2,0,46,32,4.3478
2026-05-09,540,니트,MATERIAL,3,3,3,1,71,29,4.2254
2026-05-10,540,니트,MATERIAL,2,2,1,0,34,21,5.8824
2026-05-11,540,니트,MATERIAL,1,1,1,1,111,47,0.9009
2026-05-12,540,니트,MATERIAL,1,1,1,0,134,52,0.7463
2026-05-13,540,니트,MATERIAL,1,1,1,0,137,56,0.7299
2026-05-14,540,니트,MATERIAL,2,2,2,1,271,108,0.738
2026-05-15,540,니트,MATERIAL,1,1,1,0,177,75,0.565
2026-05-17,540,니트,MATERIAL,2,2,2,1,166,82,1.2048
2026-05-18,540,니트,MATERIAL,4,4,2,1,146,74,2.7397
2026-05-19,540,니트,MATERIAL,2,2,1,0,39,23,5.1282
2026-05-20,540,니트,MATERIAL,1,1,1,1,244,80,0.4098
2026-05-21,540,니트,MATERIAL,4,4,3,2,270,85,1.4815
2026-05-22,540,니트,MATERIAL,4,4,3,2,227,77,1.7621
2026-05-23,540,니트,MATERIAL,5,5,2,2,331,93,1.5106
2026-05-24,540,니트,MATERIAL,2,2,2,1,297,121,0.6734
2026-05-25,540,니트,MATERIAL,7,7,5,4,400,155,1.75
2026-05-26,540,니트,MATERIAL,8,8,3,2,189,90,4.2328
2026-05-27,540,니트,MATERIAL,3,3,2,1,222,83,1.3514
2026-05-28,540,니트,MATERIAL,7,7,5,0,228,103,3.0702
2026-05-29,540,니트,MATERIAL,2,2,2,1,188,59,1.0638
2026-05-30,540,니트,MATERIAL,5,5,3,2,234,83,2.1368
2026-05-31,540,니트,MATERIAL,1,1,1,0,354,109,0.2825
2026-06-01,540,니트,MATERIAL,1,1,1,0,360,160,0.2778
2026-06-02,540,니트,MATERIAL,1,1,1,0,224,100,0.4464
2026-06-03,540,니트,MATERIAL,3,3,2,0,222,94,1.3514
2026-06-04,540,니트,MATERIAL,1,1,1,0,137,74,0.7299
2026-06-05,540,니트,MATERIAL,1,1,1,1,183,55,0.5464
2026-06-06,540,니트,MATERIAL,5,5,4,3,336,108,1.4881
2026-06-07,540,니트,MATERIAL,9,9,4,2,322,152,2.795
2026-06-08,540,니트,MATERIAL,6,6,4,3,380,152,1.5789
2026-06-09,540,니트,MATERIAL,3,3,3,1,247,108,1.2146
2026-06-10,540,니트,MATERIAL,4,4,2,0,345,160,1.1594
2026-06-11,540,니트,MATERIAL,18,18,2,1,239,114,7.5314
2026-06-12,540,니트,MATERIAL,27,27,5,2,352,114,7.6705
2026-06-13,540,니트,MATERIAL,4,4,2,1,267,107,1.4981
2026-06-14,540,니트,MATERIAL,11,11,5,4,529,186,2.0794
2026-06-15,540,니트,MATERIAL,7,7,6,1,440,179,1.5909
2026-06-16,540,니트,MATERIAL,4,4,4,3,465,184,0.8602
2026-06-17,540,니트,MATERIAL,6,6,5,2,365,130,1.6438
2026-06-18,540,니트,MATERIAL,18,18,3,1,286,139,6.2937
2026-06-19,540,니트,MATERIAL,15,15,6,3,510,170,2.9412
2026-06-20,540,니트,MATERIAL,10,10,5,2,422,169,2.3697
2026-06-21,540,니트,MATERIAL,9,9,7,4,550,205,1.6364
2026-06-22,540,니트,MATERIAL,7,7,5,1,455,179,1.5385
2026-06-23,540,니트,MATERIAL,6,6,5,1,401,171,1.4963
2026-06-24,540,니트,MATERIAL,7,7,4,2,369,145,1.897
2026-06-25,540,니트,MATERIAL,6,6,6,2,162,75,3.7037
2026-06-26,540,니트,MATERIAL,4,4,4,2,247,81,1.6194
2026-06-27,540,니트,MATERIAL,1,1,1,0,214,76,0.4673
2026-06-28,540,니트,MATERIAL,6,6,4,1,327,109,1.8349
2026-06-29,540,니트,MATERIAL,3,3,3,1,182,100,1.6484
2026-06-30,540,니트,MATERIAL,4,4,4,2,156,56,2.5641
2026-07-01,540,니트,MATERIAL,7,7,5,2,261,93,2.682
2026-07-02,540,니트,MATERIAL,3,3,3,0,107,58,2.8037
2026-07-03,540,니트,MATERIAL,2,2,1,1,154,63,1.2987
2026-07-04,540,니트,MATERIAL,5,5,5,2,306,114,1.634
2026-07-05,540,니트,MATERIAL,10,10,5,3,295,122,3.3898
2026-07-06,540,니트,MATERIAL,5,5,4,1,204,85,2.451
2026-07-07,540,니트,MATERIAL,6,6,2,0,203,85,2.9557
2026-07-08,540,니트,MATERIAL,2,2,2,1,112,58,1.7857
2026-07-09,540,니트,MATERIAL,3,3,2,1,161,62,1.8634
2026-07-10,540,니트,MATERIAL,7,7,5,1,249,60,2.8112
2026-07-12,540,니트,MATERIAL,5,5,5,2,314,141,1.5924
2026-07-13,540,니트,MATERIAL,7,7,3,2,382,151,1.8325
2026-07-14,540,니트,MATERIAL,9,9,4,2,267,89,3.3708
2026-07-15,540,니트,MATERIAL,4,4,3,1,265,87,1.5094
2026-07-17,136,니트,ITEM,1,1,1,0,332,101,0.3012
2026-07-17,540,니트,MATERIAL,7,7,6,1,332,101,2.1084
2026-07-18,540,니트,MATERIAL,8,8,4,2,429,155,1.8648
2026-07-19,540,니트,MATERIAL,24,24,4,3,670,210,3.5821
2026-07-20,540,니트,MATERIAL,26,26,8,5,386,140,6.7358
2026-07-21,540,니트,MATERIAL,4,4,3,1,284,141,1.4085
2026-07-22,136,니트,ITEM,1,1,1,0,244,112,0.4098
2026-07-22,540,니트,MATERIAL,6,6,6,0,244,112,2.459
2026-07-23,540,니트,MATERIAL,6,6,6,3,243,86,2.4691
2026-07-24,540,니트,MATERIAL,5,5,5,1,233,80,2.1459
2026-07-25,540,니트,MATERIAL,3,3,2,1,245,115,1.2245
2026-07-26,540,니트,MATERIAL,10,10,4,3,338,132,2.9586
2026-07-27,540,니트,MATERIAL,10,10,4,1,392,161,2.551
2026-07-28,540,니트,MATERIAL,4,4,2,0,262,125,1.5267
2026-07-29,540,니트,MATERIAL,6,6,5,1,238,113,2.521
2026-07-30,540,니트,MATERIAL,1,1,1,1,249,101,0.4016
2026-07-31,540,니트,MATERIAL,4,4,3,0,204,84,1.9608
2026-08-01,540,니트,MATERIAL,10,10,2,1,277,115,3.6101
2026-08-02,540,니트,MATERIAL,7,7,5,4,250,101,2.8
2026-08-03,540,니트,MATERIAL,1,1,1,0,257,111,0.3891
2026-08-04,540,니트,MATERIAL,7,7,4,2,225,88,3.1111
2026-08-05,540,니트,MATERIAL,1,1,1,1,302,135,0.3311
2026-08-06,540,니트,MATERIAL,7,7,5,2,284,112,2.4648
2026-08-07,540,니트,MATERIAL,5,5,5,0,151,70,3.3113
2026-08-08,540,니트,MATERIAL,2,2,2,1,143,57,1.3986
2026-08-09,540,니트,MATERIAL,3,3,2,1,265,116,1.1321
2026-08-10,540,니트,MATERIAL,13,13,6,2,244,105,5.3279
2026-08-11,540,니트,MATERIAL,7,7,6,4,383,116,1.8277
2026-08-12,540,니트,MATERIAL,3,3,3,2,194,92,1.5464
2026-08-13,540,니트,MATERIAL,3,3,3,1,223,94,1.3453
2026-08-14,540,니트,MATERIAL,1,1,1,1,159,54,0.6289
2026-08-15,540,니트,MATERIAL,2,2,2,1,172,83,1.1628
2026-08-16,540,니트,MATERIAL,7,7,3,3,232,98,3.0172
2026-08-17,540,니트,MATERIAL,19,19,5,4,543,223,3.4991
2026-08-18,540,니트,MATERIAL,14,14,7,0,303,163,4.6205
2026-08-19,540,니트,MATERIAL,8,8,6,1,219,95,3.653
2026-08-20,540,니트,MATERIAL,18,18,5,2,236,110,7.6271
2026-08-21,540,니트,MATERIAL,13,13,6,3,235,105,5.5319
2026-08-22,540,니트,MATERIAL,4,4,3,1,275,117,1.4545
2026-08-23,136,니트,ITEM,4,4,1,0,472,218,0.8475
2026-08-23,540,니트,MATERIAL,10,10,7,3,472,218,2.1186
2026-08-24,136,니트,ITEM,2,2,1,0,592,293,0.3378
2026-08-24,540,니트,MATERIAL,15,15,11,4,592,293,2.5338
2026-08-25,540,니트,MATERIAL,6,6,3,1,405,202,1.4815
2026-08-26,136,니트,ITEM,2,2,2,0,424,195,0.4717
2026-08-26,540,니트,MATERIAL,8,8,7,3,424,195,1.8868
2026-08-27,540,니트,MATERIAL,6,6,4,1,330,161,1.8182
2026-08-28,136,니트,ITEM,2,2,1,0,414,157,0.4831
2026-08-28,540,니트,MATERIAL,18,18,11,4,414,157,4.3478
2026-08-29,540,니트,MATERIAL,13,13,6,2,316,144,4.1139
2026-08-30,136,니트,ITEM,1,1,1,0,735,303,0.1361
2026-08-30,540,니트,MATERIAL,10,10,7,1,735,303,1.3605
2026-08-31,136,니트,ITEM,1,1,1,0,714,321,0.1401
2026-08-31,540,니트,MATERIAL,26,26,11,2,714,321,3.6415
2026-09-01,540,니트,MATERIAL,19,19,11,3,601,253,3.1614
2026-09-02,540,니트,MATERIAL,16,16,9,2,502,221,3.1873
2026-09-03,540,니트,MATERIAL,12,12,8,2,603,270,1.99
2026-09-04,136,니트,ITEM,2,2,1,0,482,221,0.4149
2026-09-04,540,니트,MATERIAL,9,9,8,1,482,221,1.8672
2026-09-05,136,니트,ITEM,1,1,1,0,563,234,0.1776
2026-09-05,540,니트,MATERIAL,16,16,11,4,563,234,2.8419
2026-09-06,136,니트,ITEM,1,1,1,0,858,363,0.1166
2026-09-06,540,니트,MATERIAL,34,34,8,5,858,363,3.9627
2026-09-07,540,니트,MATERIAL,25,25,11,3,732,308,3.4153
2026-09-08,540,니트,MATERIAL,4,4,4,2,248,112,1.6129
2026-09-09,540,니트,MATERIAL,5,5,5,5,170,7,2.9412
2025-10-12,579,다운,MATERIAL,1,1,1,1,76,22,1.3158
2025-10-24,579,다운,MATERIAL,1,1,1,1,96,19,1.0417
2025-11-03,579,다운,MATERIAL,1,1,1,1,51,15,1.9608
2025-11-07,579,다운,MATERIAL,1,1,1,1,95,32,1.0526
2025-11-09,579,다운,MATERIAL,2,2,2,1,76,21,2.6316
2025-11-10,579,다운,MATERIAL,1,1,1,1,34,16,2.9412
2025-11-12,579,다운,MATERIAL,1,1,1,1,33,12,3.0303
2025-11-19,579,다운,MATERIAL,1,1,1,1,165,47,0.6061
2025-11-23,579,다운,MATERIAL,1,1,1,1,92,33,1.087
2025-11-25,579,다운,MATERIAL,1,1,1,0,50,29,2.0
2025-12-19,579,다운,MATERIAL,5,5,1,1,67,36,7.4627
2025-12-20,579,다운,MATERIAL,8,8,2,1,56,39,14.2857
2025-12-21,579,다운,MATERIAL,5,5,2,0,92,38,5.4348
2025-12-22,579,다운,MATERIAL,1,1,1,0,31,21,3.2258
2025-12-23,579,다운,MATERIAL,1,1,1,0,50,24,2.0
2025-12-24,579,다운,MATERIAL,1,1,1,0,22,11,4.5455
2026-01-02,579,다운,MATERIAL,4,4,1,1,103,31,3.8835
2026-01-03,579,다운,MATERIAL,3,3,1,0,71,37,4.2254
2026-01-04,579,다운,MATERIAL,4,4,1,0,43,22,9.3023
2026-01-05,579,다운,MATERIAL,1,1,1,0,19,11,5.2632
2026-01-06,579,다운,MATERIAL,1,1,1,0,35,19,2.8571
2026-01-07,579,다운,MATERIAL,1,1,1,0,13,8,7.6923
2026-01-10,579,다운,MATERIAL,2,2,1,1,36,22,5.5556
2026-01-17,579,다운,MATERIAL,14,14,1,1,143,78,9.7902
2026-01-18,579,다운,MATERIAL,5,5,1,0,53,29,9.434
2026-01-20,579,다운,MATERIAL,3,3,2,1,57,25,5.2632
2026-01-21,579,다운,MATERIAL,1,1,1,0,22,16,4.5455
2026-01-29,579,다운,MATERIAL,1,1,1,1,60,12,1.6667
2026-01-30,579,다운,MATERIAL,1,1,1,1,30,17,3.3333
2026-03-01,579,다운,MATERIAL,1,1,1,1,144,46,0.6944
2026-03-03,579,다운,MATERIAL,1,1,1,0,61,35,1.6393
2026-03-04,579,다운,MATERIAL,1,1,1,0,159,65,0.6289
2026-07-04,579,다운,MATERIAL,1,1,1,1,306,114,0.3268
2026-07-19,579,다운,MATERIAL,1,1,1,1,670,210,0.1493
2026-08-04,579,다운,MATERIAL,1,1,1,1,225,88,0.4444
2026-08-16,579,다운,MATERIAL,2,2,1,1,232,98,0.8621
2026-08-24,579,다운,MATERIAL,1,1,1,1,592,293,0.1689
2026-08-26,579,다운,MATERIAL,1,1,1,0,424,195,0.2358
2026-08-30,579,다운,MATERIAL,1,1,1,1,735,303,0.1361
2026-08-31,579,다운,MATERIAL,1,1,1,1,714,321,0.1401
2026-09-03,579,다운,MATERIAL,2,2,1,1,603,270,0.3317
2026-09-04,579,다운,MATERIAL,1,1,1,0,482,221,0.2075
2025-09-05,584,데님,MATERIAL,1,1,1,1,87,25,1.1494
2025-09-06,584,데님,MATERIAL,1,1,1,0,103,33,0.9709
2025-09-11,584,데님,MATERIAL,1,1,1,0,24,8,4.1667
2025-09-14,584,데님,MATERIAL,1,1,1,1,52,13,1.9231
2025-09-18,584,데님,MATERIAL,1,1,1,0,10,8,10.0
2025-09-25,584,데님,MATERIAL,2,2,1,0,40,12,5.0
2025-10-01,584,데님,MATERIAL,1,1,1,0,23,7,4.3478
2025-10-02,584,데님,MATERIAL,2,2,1,0,20,8,10.0
2025-10-19,584,데님,MATERIAL,1,1,1,1,46,13,2.1739
2025-11-02,584,데님,MATERIAL,1,1,1,0,86,23,1.1628
2025-11-07,584,데님,MATERIAL,1,1,1,1,95,32,1.0526
2025-11-09,584,데님,MATERIAL,1,1,1,1,76,21,1.3158
2025-11-12,584,데님,MATERIAL,2,2,2,1,33,12,6.0606
2025-11-17,584,데님,MATERIAL,1,1,1,0,60,30,1.6667
2025-11-19,584,데님,MATERIAL,1,1,1,1,165,47,0.6061
2025-11-20,584,데님,MATERIAL,1,1,1,1,172,49,0.5814
2025-11-23,584,데님,MATERIAL,3,3,1,1,92,33,3.2609
2025-11-29,584,데님,MATERIAL,1,1,1,1,64,24,1.5625
2025-12-02,584,데님,MATERIAL,1,1,1,0,123,66,0.813
2025-12-03,584,데님,MATERIAL,1,1,1,0,93,52,1.0753
2025-12-05,584,데님,MATERIAL,8,8,2,1,88,46,9.0909
2025-12-06,584,데님,MATERIAL,6,6,1,0,91,53,6.5934
2025-12-07,584,데님,MATERIAL,1,1,1,0,120,49,0.8333
2025-12-08,584,데님,MATERIAL,3,3,2,0,42,28,7.1429
2025-12-09,584,데님,MATERIAL,1,1,1,0,10,6,10.0
2025-12-11,584,데님,MATERIAL,2,2,1,0,33,17,6.0606
2025-12-19,584,데님,MATERIAL,1,1,1,0,67,36,1.4925
2025-12-21,584,데님,MATERIAL,1,1,1,1,92,38,1.087
2025-12-24,584,데님,MATERIAL,1,1,1,0,22,11,4.5455
2026-01-01,584,데님,MATERIAL,1,1,1,0,8,6,12.5
2026-01-02,584,데님,MATERIAL,2,2,1,1,103,31,1.9417
2026-01-03,584,데님,MATERIAL,1,1,1,0,71,37,1.4085
2026-01-06,584,데님,MATERIAL,2,2,1,0,35,19,5.7143
2026-01-07,584,데님,MATERIAL,1,1,1,0,13,8,7.6923
2026-01-09,584,데님,MATERIAL,1,1,1,0,48,18,2.0833
2026-01-20,584,데님,MATERIAL,3,3,2,1,57,25,5.2632
2026-01-21,584,데님,MATERIAL,2,2,1,0,22,16,9.0909
2026-01-22,584,데님,MATERIAL,1,1,1,0,17,8,5.8824
2026-01-29,584,데님,MATERIAL,1,1,1,1,60,12,1.6667
2026-02-01,584,데님,MATERIAL,4,4,1,0,83,43,4.8193
2026-02-02,584,데님,MATERIAL,1,1,1,0,12,10,8.3333
2026-02-05,584,데님,MATERIAL,2,2,1,0,39,26,5.1282
2026-02-07,584,데님,MATERIAL,2,2,2,0,115,57,1.7391
2026-02-10,584,데님,MATERIAL,2,2,1,0,57,40,3.5088
2026-02-14,584,데님,MATERIAL,2,2,1,0,26,21,7.6923
2026-02-21,584,데님,MATERIAL,1,1,1,0,32,19,3.125
2026-02-24,584,데님,MATERIAL,4,4,2,0,63,32,6.3492
2026-02-25,584,데님,MATERIAL,5,5,2,1,52,33,9.6154
2026-02-26,584,데님,MATERIAL,1,1,1,0,56,33,1.7857
2026-02-27,584,데님,MATERIAL,1,1,1,1,156,44,0.641
2026-02-28,584,데님,MATERIAL,2,2,2,0,87,47,2.2989
2026-03-01,584,데님,MATERIAL,3,3,3,1,144,46,2.0833
2026-03-03,584,데님,MATERIAL,2,2,2,0,61,35,3.2787
2026-03-04,584,데님,MATERIAL,1,1,1,1,159,65,0.6289
2026-03-05,584,데님,MATERIAL,1,1,1,1,64,22,1.5625
2026-03-06,584,데님,MATERIAL,9,9,2,0,203,70,4.4335
2026-03-08,584,데님,MATERIAL,1,1,1,0,71,37,1.4085
2026-03-10,584,데님,MATERIAL,1,1,1,0,28,22,3.5714
2026-03-14,584,데님,MATERIAL,1,1,1,0,37,12,2.7027
2026-03-15,584,데님,MATERIAL,1,1,1,1,87,29,1.1494
2026-03-16,584,데님,MATERIAL,1,1,1,1,83,23,1.2048
2026-03-17,584,데님,MATERIAL,1,1,1,1,76,20,1.3158
2026-03-19,584,데님,MATERIAL,3,3,2,0,89,60,3.3708
2026-03-22,584,데님,MATERIAL,12,12,2,2,158,62,7.5949
2026-03-23,584,데님,MATERIAL,1,1,1,0,64,38,1.5625
2026-03-24,584,데님,MATERIAL,3,3,3,0,70,41,4.2857
2026-03-26,584,데님,MATERIAL,3,3,2,1,154,65,1.9481
2026-04-03,584,데님,MATERIAL,1,1,1,0,69,31,1.4493
2026-04-05,584,데님,MATERIAL,1,1,1,1,129,44,0.7752
2026-04-07,584,데님,MATERIAL,1,1,1,0,24,16,4.1667
2026-04-08,584,데님,MATERIAL,1,1,1,1,32,13,3.125
2026-04-09,584,데님,MATERIAL,2,2,1,0,43,30,4.6512
2026-04-11,584,데님,MATERIAL,1,1,1,1,80,37,1.25
2026-04-12,584,데님,MATERIAL,1,1,1,0,29,19,3.4483
2026-04-15,584,데님,MATERIAL,2,2,2,1,22,10,9.0909
2026-04-16,584,데님,MATERIAL,1,1,1,1,41,12,2.439
2026-04-17,584,데님,MATERIAL,1,1,1,1,22,9,4.5455
2026-04-18,584,데님,MATERIAL,3,3,1,0,168,63,1.7857
2026-04-19,584,데님,MATERIAL,4,4,3,1,286,115,1.3986
2026-04-20,584,데님,MATERIAL,2,2,1,1,238,90,0.8403
2026-04-23,584,데님,MATERIAL,2,2,2,0,116,64,1.7241
2026-04-25,584,데님,MATERIAL,1,1,1,0,52,20,1.9231
2026-04-27,584,데님,MATERIAL,1,1,1,0,175,75,0.5714
2026-04-29,584,데님,MATERIAL,1,1,1,0,54,16,1.8519
2026-04-30,584,데님,MATERIAL,1,1,1,1,78,19,1.2821
2026-05-01,584,데님,MATERIAL,1,1,1,1,82,24,1.2195
2026-05-03,584,데님,MATERIAL,1,1,1,1,150,45,0.6667
2026-05-05,584,데님,MATERIAL,1,1,1,0,121,55,0.8264
2026-05-06,584,데님,MATERIAL,2,2,2,1,95,40,2.1053
2026-05-07,584,데님,MATERIAL,3,3,3,0,60,37,5.0
2026-05-08,584,데님,MATERIAL,1,1,1,0,46,32,2.1739
2026-05-09,584,데님,MATERIAL,1,1,1,1,71,29,1.4085
2026-05-11,584,데님,MATERIAL,3,3,2,1,111,47,2.7027
2026-05-12,584,데님,MATERIAL,4,4,2,1,134,52,2.9851
2026-05-13,584,데님,MATERIAL,5,5,2,1,137,56,3.6496
2026-05-14,584,데님,MATERIAL,4,4,3,2,271,108,1.476
2026-05-15,584,데님,MATERIAL,4,4,1,0,177,75,2.2599
2026-05-16,584,데님,MATERIAL,4,4,3,1,158,49,2.5316
2026-05-17,584,데님,MATERIAL,3,3,3,0,166,82,1.8072
2026-05-18,584,데님,MATERIAL,1,1,1,1,146,74,0.6849
2026-05-20,584,데님,MATERIAL,2,2,2,2,244,80,0.8197
2026-05-21,584,데님,MATERIAL,2,2,2,2,270,85,0.7407
2026-05-22,584,데님,MATERIAL,6,6,4,2,227,77,2.6432
2026-05-23,584,데님,MATERIAL,4,4,3,3,331,93,1.2085
2026-05-24,584,데님,MATERIAL,3,3,3,1,297,121,1.0101
2026-05-25,584,데님,MATERIAL,7,7,5,1,400,155,1.75
2026-05-26,584,데님,MATERIAL,3,3,3,1,189,90,1.5873
2026-05-27,584,데님,MATERIAL,2,2,2,2,222,83,0.9009
2026-05-28,584,데님,MATERIAL,2,2,2,0,228,103,0.8772
2026-05-29,584,데님,MATERIAL,3,3,2,2,188,59,1.5957
2026-05-30,584,데님,MATERIAL,1,1,1,1,234,83,0.4274
2026-05-31,584,데님,MATERIAL,8,8,4,3,354,109,2.2599
2026-06-01,584,데님,MATERIAL,5,5,3,1,360,160,1.3889
2026-06-02,584,데님,MATERIAL,4,4,2,1,224,100,1.7857
2026-06-03,584,데님,MATERIAL,4,4,4,1,222,94,1.8018
2026-06-05,584,데님,MATERIAL,2,2,2,1,183,55,1.0929
2026-06-06,584,데님,MATERIAL,5,5,5,4,336,108,1.4881
2026-06-07,584,데님,MATERIAL,9,9,2,2,322,152,2.795
2026-06-08,584,데님,MATERIAL,13,13,5,3,380,152,3.4211
2026-06-09,584,데님,MATERIAL,12,12,6,1,247,108,4.8583
2026-06-10,584,데님,MATERIAL,17,17,6,1,345,160,4.9275
2026-06-11,584,데님,MATERIAL,6,6,5,2,239,114,2.5105
2026-06-12,584,데님,MATERIAL,7,7,6,2,352,114,1.9886
2026-06-13,584,데님,MATERIAL,5,5,3,1,267,107,1.8727
2026-06-14,584,데님,MATERIAL,12,12,8,5,529,186,2.2684
2026-06-15,584,데님,MATERIAL,6,6,5,3,440,179,1.3636
2026-06-16,584,데님,MATERIAL,7,7,7,2,465,184,1.5054
2026-06-17,584,데님,MATERIAL,4,4,4,4,365,130,1.0959
2026-06-18,584,데님,MATERIAL,1,1,1,1,286,139,0.3497
2026-06-19,584,데님,MATERIAL,8,8,5,4,510,170,1.5686
2026-06-20,584,데님,MATERIAL,7,7,5,4,422,169,1.6588
2026-06-21,584,데님,MATERIAL,13,13,7,4,550,205,2.3636
2026-06-22,584,데님,MATERIAL,13,13,6,4,455,179,2.8571
2026-06-23,584,데님,MATERIAL,3,3,3,1,401,171,0.7481
2026-06-24,584,데님,MATERIAL,1,1,1,0,369,145,0.271
2026-06-25,584,데님,MATERIAL,2,2,1,1,162,75,1.2346
2026-06-26,584,데님,MATERIAL,4,4,3,2,247,81,1.6194
2026-06-27,584,데님,MATERIAL,5,5,5,3,214,76,2.3364
2026-06-28,584,데님,MATERIAL,8,8,5,3,327,109,2.4465
2026-06-29,584,데님,MATERIAL,4,4,3,1,182,100,2.1978
2026-06-30,584,데님,MATERIAL,5,5,5,1,156,56,3.2051
2026-07-01,584,데님,MATERIAL,2,2,2,0,261,93,0.7663
2026-07-02,584,데님,MATERIAL,2,2,2,0,107,58,1.8692
2026-07-03,584,데님,MATERIAL,5,5,4,0,154,63,3.2468
2026-07-04,584,데님,MATERIAL,1,1,1,1,306,114,0.3268
2026-07-05,584,데님,MATERIAL,6,6,3,1,295,122,2.0339
2026-07-06,584,데님,MATERIAL,2,2,2,1,204,85,0.9804
2026-07-07,584,데님,MATERIAL,6,6,5,3,203,85,2.9557
2026-07-09,584,데님,MATERIAL,1,1,1,1,161,62,0.6211
2026-07-10,584,데님,MATERIAL,6,6,5,3,249,60,2.4096
2026-07-11,584,데님,MATERIAL,1,1,1,0,174,63,0.5747
2026-07-12,584,데님,MATERIAL,7,7,4,2,314,141,2.2293
2026-07-13,584,데님,MATERIAL,6,6,4,2,382,151,1.5707
2026-07-14,584,데님,MATERIAL,11,11,5,3,267,89,4.1199
2026-07-15,584,데님,MATERIAL,4,4,4,3,265,87,1.5094
2026-07-16,584,데님,MATERIAL,3,3,3,1,179,58,1.676
2026-07-17,584,데님,MATERIAL,2,2,2,2,332,101,0.6024
2026-07-18,584,데님,MATERIAL,5,5,5,2,429,155,1.1655
2026-07-19,584,데님,MATERIAL,8,8,5,4,670,210,1.194
2026-07-20,584,데님,MATERIAL,8,8,5,1,386,140,2.0725
2026-07-21,584,데님,MATERIAL,6,6,5,2,284,141,2.1127
2026-07-22,584,데님,MATERIAL,5,5,4,1,244,112,2.0492
2026-07-23,584,데님,MATERIAL,6,6,5,2,243,86,2.4691
2026-07-24,584,데님,MATERIAL,1,1,1,1,233,80,0.4292
2026-07-25,584,데님,MATERIAL,3,3,3,2,245,115,1.2245
2026-07-26,584,데님,MATERIAL,3,3,3,2,338,132,0.8876
2026-07-27,584,데님,MATERIAL,5,5,4,2,392,161,1.2755
2026-07-29,584,데님,MATERIAL,4,4,3,2,238,113,1.6807
2026-07-30,584,데님,MATERIAL,7,7,4,2,249,101,2.8112
2026-07-31,584,데님,MATERIAL,4,4,4,3,204,84,1.9608
2026-08-01,584,데님,MATERIAL,3,3,3,1,277,115,1.083
2026-08-02,584,데님,MATERIAL,7,7,4,3,250,101,2.8
2026-08-03,584,데님,MATERIAL,6,6,3,1,257,111,2.3346
2026-08-04,584,데님,MATERIAL,4,4,4,1,225,88,1.7778
2026-08-05,584,데님,MATERIAL,2,2,2,0,302,135,0.6623
2026-08-06,584,데님,MATERIAL,5,5,3,2,284,112,1.7606
2026-08-07,584,데님,MATERIAL,3,3,3,2,151,70,1.9868
2026-08-08,584,데님,MATERIAL,3,3,3,1,143,57,2.0979
2026-08-09,584,데님,MATERIAL,2,2,1,1,265,116,0.7547
2026-08-10,584,데님,MATERIAL,3,3,3,2,244,105,1.2295
2026-08-11,584,데님,MATERIAL,7,7,6,4,383,116,1.8277
2026-08-12,584,데님,MATERIAL,2,2,1,0,194,92,1.0309
2026-08-13,584,데님,MATERIAL,4,4,3,1,223,94,1.7937
2026-08-14,584,데님,MATERIAL,2,2,2,1,159,54,1.2579
2026-08-15,584,데님,MATERIAL,2,2,1,1,172,83,1.1628
2026-08-16,584,데님,MATERIAL,7,7,4,4,232,98,3.0172
2026-08-17,584,데님,MATERIAL,5,5,2,1,543,223,0.9208
2026-08-18,584,데님,MATERIAL,5,5,4,0,303,163,1.6502
2026-08-19,584,데님,MATERIAL,5,5,3,1,219,95,2.2831
2026-08-20,584,데님,MATERIAL,7,7,4,0,236,110,2.9661
2026-08-21,584,데님,MATERIAL,6,6,5,1,235,105,2.5532
2026-08-22,584,데님,MATERIAL,6,6,5,1,275,117,2.1818
2026-08-23,584,데님,MATERIAL,21,21,3,3,472,218,4.4492
2026-08-24,584,데님,MATERIAL,11,11,4,1,592,293,1.8581
2026-08-25,584,데님,MATERIAL,9,9,6,0,405,202,2.2222
2026-08-26,584,데님,MATERIAL,3,3,2,1,424,195,0.7075
2026-08-27,584,데님,MATERIAL,2,2,2,0,330,161,0.6061
2026-08-28,584,데님,MATERIAL,7,7,5,3,414,157,1.6908
2026-08-29,584,데님,MATERIAL,4,4,3,1,316,144,1.2658
2026-08-30,584,데님,MATERIAL,23,23,10,7,735,303,3.1293
2026-08-31,584,데님,MATERIAL,15,15,10,2,714,321,2.1008
2026-09-01,584,데님,MATERIAL,18,18,10,5,601,253,2.995
2026-09-02,584,데님,MATERIAL,8,8,7,3,502,221,1.5936
2026-09-03,584,데님,MATERIAL,12,12,9,3,603,270,1.99
2026-09-04,584,데님,MATERIAL,8,8,4,2,482,221,1.6598
2026-09-05,584,데님,MATERIAL,9,9,8,4,563,234,1.5986
2026-09-06,584,데님,MATERIAL,11,11,6,4,858,363,1.2821
2026-09-07,584,데님,MATERIAL,8,8,5,2,732,308,1.0929
2026-09-08,584,데님,MATERIAL,3,3,3,1,248,112,1.2097
2026-09-09,584,데님,MATERIAL,5,5,5,5,170,7,2.9412
2026-09-10,584,데님,MATERIAL,1,1,1,1,20,5,5.0
2026-06-18,589,도비,MATERIAL,1,1,1,0,286,139,0.3497
2026-06-23,589,도비,MATERIAL,1,1,1,0,401,171,0.2494
2026-06-24,589,도비,MATERIAL,1,1,1,0,369,145,0.271
2026-07-01,589,도비,MATERIAL,1,1,1,1,261,93,0.3831
2026-07-02,589,도비,MATERIAL,1,1,1,0,107,58,0.9346
2026-07-29,589,도비,MATERIAL,1,1,1,0,238,113,0.4202
2026-08-19,589,도비,MATERIAL,1,1,1,0,219,95,0.4566
2026-08-22,589,도비,MATERIAL,1,1,1,0,275,117,0.3636
2026-08-26,589,도비,MATERIAL,1,1,1,0,424,195,0.2358
2025-10-12,520,도심,TPO,1,1,1,1,76,22,1.3158
2026-01-02,520,도심,TPO,1,1,1,1,103,31,0.9709
2026-01-09,520,도심,TPO,1,1,1,1,48,18,2.0833
2026-03-16,520,도심,TPO,1,1,1,1,83,23,1.2048
2026-03-22,520,도심,TPO,1,1,1,1,158,62,0.6329
2026-04-16,520,도심,TPO,1,1,1,1,41,12,2.439
2026-05-03,520,도심,TPO,1,1,1,1,150,45,0.6667
2026-05-12,520,도심,TPO,1,1,1,1,134,52,0.7463
2026-05-13,520,도심,TPO,1,1,1,1,137,56,0.7299
2026-05-14,520,도심,TPO,1,1,1,1,271,108,0.369
2026-05-18,520,도심,TPO,1,1,1,1,146,74,0.6849
2026-05-20,520,도심,TPO,1,1,1,1,244,80,0.4098
2026-05-21,520,도심,TPO,1,1,1,1,270,85,0.3704
2026-05-22,520,도심,TPO,1,1,1,1,227,77,0.4405
2026-05-23,520,도심,TPO,1,1,1,1,331,93,0.3021
2026-06-15,520,도심,TPO,1,1,1,1,440,179,0.2273
2026-06-19,520,도심,TPO,1,1,1,1,510,170,0.1961
2026-07-05,520,도심,TPO,1,1,1,1,295,122,0.339
2026-07-11,520,도심,TPO,1,1,1,1,174,63,0.5747
2026-07-18,520,도심,TPO,1,1,1,1,429,155,0.2331
2026-07-20,520,도심,TPO,1,1,1,1,386,140,0.2591
2026-07-24,520,도심,TPO,1,1,1,1,233,80,0.4292
2026-07-27,520,도심,TPO,1,1,1,1,392,161,0.2551
2026-07-30,520,도심,TPO,1,1,1,1,249,101,0.4016
2026-08-16,520,도심,TPO,1,1,1,1,232,98,0.431
2026-08-22,520,도심,TPO,1,1,1,1,275,117,0.3636
2026-08-29,520,도심,TPO,1,1,1,1,316,144,0.3165
2026-08-31,520,도심,TPO,1,1,1,1,714,321,0.1401
2026-09-01,520,도심,TPO,1,1,1,1,601,253,0.1664
2026-09-02,520,도심,TPO,1,1,1,1,502,221,0.1992
2026-09-04,520,도심,TPO,1,1,1,1,482,221,0.2075
2026-09-05,520,도심,TPO,1,1,1,1,563,234,0.1776
2025-09-04,687,도트,DETAIL,1,1,1,0,14,11,7.1429
2025-09-14,687,도트,DETAIL,1,1,1,1,52,13,1.9231
2025-09-15,687,도트,DETAIL,2,2,1,0,110,52,1.8182
2025-09-16,687,도트,DETAIL,6,6,1,0,108,47,5.5556
2025-09-17,687,도트,DETAIL,2,2,1,0,22,12,9.0909
2025-09-18,687,도트,DETAIL,1,1,1,0,10,8,10.0
2025-09-22,687,도트,DETAIL,1,1,1,0,30,17,3.3333
2025-09-28,687,도트,DETAIL,4,4,1,0,78,15,5.1282
2025-09-30,687,도트,DETAIL,1,1,1,0,13,5,7.6923
2025-10-01,687,도트,DETAIL,1,1,1,0,23,7,4.3478
2025-10-02,687,도트,DETAIL,1,1,1,0,20,8,5.0
2025-10-05,687,도트,DETAIL,1,1,1,1,53,14,1.8868
2025-12-26,687,도트,DETAIL,1,1,1,1,41,17,2.439
2026-04-11,687,도트,DETAIL,1,1,1,0,80,37,1.25
2026-04-15,687,도트,DETAIL,1,1,1,0,22,10,4.5455
2026-04-16,687,도트,DETAIL,1,1,1,0,41,12,2.439
2026-04-28,687,도트,DETAIL,1,1,1,0,51,26,1.9608
2026-05-21,687,도트,DETAIL,1,1,1,1,270,85,0.3704
2026-05-29,687,도트,DETAIL,1,1,1,0,188,59,0.5319
2026-06-01,687,도트,DETAIL,1,1,1,1,360,160,0.2778
2026-06-06,687,도트,DETAIL,2,2,2,1,336,108,0.5952
2026-06-13,687,도트,DETAIL,1,1,1,1,267,107,0.3745
2026-06-22,687,도트,DETAIL,1,1,1,0,455,179,0.2198
2026-06-23,687,도트,DETAIL,1,1,1,0,401,171,0.2494
2026-06-24,687,도트,DETAIL,1,1,1,1,369,145,0.271
2026-06-27,687,도트,DETAIL,1,1,1,1,214,76,0.4673
2026-07-06,687,도트,DETAIL,2,2,1,1,204,85,0.9804
2026-07-07,687,도트,DETAIL,1,1,1,0,203,85,0.4926
2026-07-13,687,도트,DETAIL,1,1,1,1,382,151,0.2618
2026-07-14,687,도트,DETAIL,1,1,1,1,267,89,0.3745
2026-07-15,687,도트,DETAIL,3,3,1,1,265,87,1.1321
2026-07-17,687,도트,DETAIL,4,4,1,0,332,101,1.2048
2026-07-18,687,도트,DETAIL,2,2,1,0,429,155,0.4662
2026-07-19,687,도트,DETAIL,1,1,1,0,670,210,0.1493
2026-07-20,687,도트,DETAIL,1,1,1,0,386,140,0.2591
2026-07-26,687,도트,DETAIL,1,1,1,0,338,132,0.2959
2026-07-27,687,도트,DETAIL,2,2,2,1,392,161,0.5102
2026-07-28,687,도트,DETAIL,1,1,1,0,262,125,0.3817
2026-07-29,687,도트,DETAIL,1,1,1,0,238,113,0.4202
2026-08-06,687,도트,DETAIL,1,1,1,1,284,112,0.3521
2026-09-06,687,도트,DETAIL,2,2,1,1,858,363,0.2331
2025-09-14,756,러플,DETAIL,1,1,1,1,52,13,1.9231
2025-09-19,756,러플,DETAIL,1,1,1,1,106,25,0.9434
2025-09-20,756,러플,DETAIL,1,1,1,0,96,34,1.0417
2026-01-17,756,러플,DETAIL,1,1,1,0,143,78,0.6993
2026-02-22,756,러플,DETAIL,1,1,1,0,61,30,1.6393
2026-06-01,756,러플,DETAIL,1,1,1,1,360,160,0.2778
2026-06-14,756,러플,DETAIL,1,1,1,1,529,186,0.189
2026-06-23,756,러플,DETAIL,2,2,1,1,401,171,0.4988
2026-06-27,756,러플,DETAIL,1,1,1,0,214,76,0.4673
2026-07-14,756,러플,DETAIL,1,1,1,1,267,89,0.3745
2026-07-20,756,러플,DETAIL,1,1,1,1,386,140,0.2591
2026-07-24,756,러플,DETAIL,1,1,1,1,233,80,0.4292
2026-07-26,756,러플,DETAIL,1,1,1,1,338,132,0.2959
2026-07-27,756,러플,DETAIL,1,1,1,1,392,161,0.2551
2026-07-28,756,러플,DETAIL,1,1,1,1,262,125,0.3817
2026-08-03,756,러플,DETAIL,1,1,1,1,257,111,0.3891
2026-08-05,756,러플,DETAIL,5,5,1,1,302,135,1.6556
2026-08-06,756,러플,DETAIL,1,1,1,0,284,112,0.3521
2026-08-22,756,러플,DETAIL,1,1,1,1,275,117,0.3636
2026-08-23,756,러플,DETAIL,1,1,1,1,472,218,0.2119
2026-09-04,756,러플,DETAIL,3,3,1,1,482,221,0.6224
2026-09-05,756,러플,DETAIL,3,3,1,0,563,234,0.5329
2026-09-06,756,러플,DETAIL,1,1,1,1,858,363,0.1166
2026-09-08,756,러플,DETAIL,1,1,1,1,248,112,0.4032
2025-09-01,574,레더,MATERIAL,1,1,1,0,68,41,1.4706
2025-09-03,574,레더,MATERIAL,1,1,1,0,18,10,5.5556
2025-09-04,574,레더,MATERIAL,1,1,1,0,14,11,7.1429
2025-09-05,574,레더,MATERIAL,1,1,1,1,87,25,1.1494
2025-09-10,574,레더,MATERIAL,1,1,1,0,25,7,4.0
2025-09-12,574,레더,MATERIAL,3,3,1,0,61,22,4.918
2025-09-13,574,레더,MATERIAL,1,1,1,0,46,32,2.1739
2025-09-15,574,레더,MATERIAL,1,1,1,0,110,52,0.9091
2025-09-16,574,레더,MATERIAL,1,1,1,0,108,47,0.9259
2025-09-17,574,레더,MATERIAL,1,1,1,0,22,12,4.5455
2025-09-19,574,레더,MATERIAL,3,3,1,1,106,25,2.8302
2025-09-20,574,레더,MATERIAL,2,2,1,0,96,34,2.0833
2025-09-26,574,레더,MATERIAL,1,1,1,1,76,18,1.3158
2025-09-27,574,레더,MATERIAL,1,1,1,0,92,35,1.087
2025-10-05,574,레더,MATERIAL,1,1,1,1,53,14,1.8868
2025-10-06,574,레더,MATERIAL,1,1,1,0,19,9,5.2632
2025-10-10,574,레더,MATERIAL,2,2,1,1,80,23,2.5
2025-10-13,574,레더,MATERIAL,1,1,1,0,20,6,5.0
2025-10-17,574,레더,MATERIAL,2,2,1,0,45,13,4.4444
2025-10-18,574,레더,MATERIAL,1,1,1,0,18,12,5.5556
2025-10-19,574,레더,MATERIAL,1,1,1,0,46,13,2.1739
2025-10-20,574,레더,MATERIAL,1,1,1,0,16,12,6.25
2025-10-21,574,레더,MATERIAL,1,1,1,0,19,11,5.2632
2025-10-23,574,레더,MATERIAL,2,2,1,0,25,14,8.0
2025-10-24,574,레더,MATERIAL,2,2,2,1,96,19,2.0833
2025-11-01,574,레더,MATERIAL,1,1,1,0,41,19,2.439
2025-11-10,574,레더,MATERIAL,1,1,1,0,34,16,2.9412
2025-11-19,574,레더,MATERIAL,4,4,1,1,165,47,2.4242
2025-11-20,574,레더,MATERIAL,1,1,1,1,172,49,0.5814
2025-11-22,574,레더,MATERIAL,1,1,1,0,75,36,1.3333
2025-11-23,574,레더,MATERIAL,3,3,1,1,92,33,3.2609
2025-11-25,574,레더,MATERIAL,1,1,1,1,50,29,2.0
2025-11-27,574,레더,MATERIAL,1,1,1,0,35,15,2.8571
2025-11-30,574,레더,MATERIAL,1,1,1,0,72,27,1.3889
2025-12-02,574,레더,MATERIAL,1,1,1,0,123,66,0.813
2025-12-04,574,레더,MATERIAL,1,1,1,0,67,41,1.4925
2025-12-06,574,레더,MATERIAL,1,1,1,0,91,53,1.0989
2025-12-07,574,레더,MATERIAL,2,2,2,2,120,49,1.6667
2025-12-08,574,레더,MATERIAL,1,1,1,0,42,28,2.381
2025-12-13,574,레더,MATERIAL,1,1,1,0,28,20,3.5714
2025-12-19,574,레더,MATERIAL,1,1,1,0,67,36,1.4925
2025-12-21,574,레더,MATERIAL,1,1,1,1,92,38,1.087
2025-12-22,574,레더,MATERIAL,1,1,1,0,31,21,3.2258
2025-12-27,574,레더,MATERIAL,1,1,1,0,32,21,3.125
2025-12-30,574,레더,MATERIAL,1,1,1,1,36,17,2.7778
2026-01-02,574,레더,MATERIAL,1,1,1,0,103,31,0.9709
2026-01-03,574,레더,MATERIAL,1,1,1,0,71,37,1.4085
2026-01-04,574,레더,MATERIAL,3,3,1,0,43,22,6.9767
2026-01-08,574,레더,MATERIAL,2,2,1,1,21,8,9.5238
2026-01-09,574,레더,MATERIAL,1,1,1,1,48,18,2.0833
2026-01-10,574,레더,MATERIAL,1,1,1,0,36,22,2.7778
2026-01-17,574,레더,MATERIAL,5,5,2,1,143,78,3.4965
2026-01-18,574,레더,MATERIAL,2,2,2,0,53,29,3.7736
2026-01-19,574,레더,MATERIAL,3,3,1,1,57,27,5.2632
2026-01-20,574,레더,MATERIAL,4,4,2,1,57,25,7.0175
2026-01-23,574,레더,MATERIAL,2,2,1,1,61,26,3.2787
2026-01-24,574,레더,MATERIAL,3,3,1,0,62,34,4.8387
2026-01-26,574,레더,MATERIAL,2,2,1,0,7,6,28.5714
2026-01-27,574,레더,MATERIAL,1,1,1,0,13,5,7.6923
2026-01-28,574,레더,MATERIAL,2,2,2,1,29,13,6.8966
2026-01-31,574,레더,MATERIAL,2,2,2,0,44,32,4.5455
2026-02-01,574,레더,MATERIAL,3,3,1,0,83,43,3.6145
2026-02-04,574,레더,MATERIAL,1,1,1,0,9,6,11.1111
2026-02-08,574,레더,MATERIAL,1,1,1,0,25,22,4.0
2026-02-09,574,레더,MATERIAL,6,6,1,1,22,15,27.2727
2026-02-10,574,레더,MATERIAL,1,1,1,0,57,40,1.7544
2026-02-11,574,레더,MATERIAL,2,2,2,0,20,13,10.0
2026-02-12,574,레더,MATERIAL,1,1,1,0,24,12,4.1667
2026-02-13,574,레더,MATERIAL,1,1,1,0,13,11,7.6923
2026-02-14,574,레더,MATERIAL,2,2,1,0,26,21,7.6923
2026-02-16,574,레더,MATERIAL,1,1,1,0,5,5,20.0
2026-02-19,574,레더,MATERIAL,3,3,1,0,25,13,12.0
2026-02-20,574,레더,MATERIAL,3,3,2,1,152,39,1.9737
2026-02-22,574,레더,MATERIAL,1,1,1,1,61,30,1.6393
2026-02-25,574,레더,MATERIAL,1,1,1,0,52,33,1.9231
2026-02-26,574,레더,MATERIAL,2,2,2,0,56,33,3.5714
2026-02-27,574,레더,MATERIAL,5,5,2,1,156,44,3.2051
2026-02-28,574,레더,MATERIAL,2,2,1,0,87,47,2.2989
2026-03-01,574,레더,MATERIAL,1,1,1,0,144,46,0.6944
2026-03-02,574,레더,MATERIAL,1,1,1,0,49,31,2.0408
2026-03-04,574,레더,MATERIAL,2,2,2,0,159,65,1.2579
2026-03-05,574,레더,MATERIAL,1,1,1,1,64,22,1.5625
2026-03-06,574,레더,MATERIAL,6,6,5,2,203,70,2.9557
2026-03-07,574,레더,MATERIAL,4,4,3,0,82,41,4.878
2026-03-08,574,레더,MATERIAL,1,1,1,0,71,37,1.4085
2026-03-09,574,레더,MATERIAL,1,1,1,1,37,18,2.7027
2026-03-10,574,레더,MATERIAL,2,2,2,0,28,22,7.1429
2026-03-13,574,레더,MATERIAL,1,1,1,0,26,18,3.8462
2026-03-16,574,레더,MATERIAL,2,2,2,1,83,23,2.4096
2026-03-18,574,레더,MATERIAL,1,1,1,0,70,45,1.4286
2026-03-19,574,레더,MATERIAL,1,1,1,0,89,60,1.1236
2026-03-20,574,레더,MATERIAL,2,2,2,1,44,13,4.5455
2026-03-22,574,레더,MATERIAL,10,10,4,2,158,62,6.3291
2026-03-23,574,레더,MATERIAL,2,2,1,0,64,38,3.125
2026-03-24,574,레더,MATERIAL,1,1,1,0,70,41,1.4286
2026-03-25,574,레더,MATERIAL,1,1,1,0,37,25,2.7027
2026-03-31,574,레더,MATERIAL,1,1,1,1,70,26,1.4286
2026-04-05,574,레더,MATERIAL,1,1,1,1,129,44,0.7752
2026-04-18,574,레더,MATERIAL,1,1,1,1,168,63,0.5952
2026-04-19,574,레더,MATERIAL,1,1,1,1,286,115,0.3497
2026-04-20,574,레더,MATERIAL,2,2,2,1,238,90,0.8403
2026-04-21,574,레더,MATERIAL,1,1,1,0,58,30,1.7241
2026-04-22,574,레더,MATERIAL,1,1,1,0,63,26,1.5873
2026-04-24,574,레더,MATERIAL,1,1,1,0,49,31,2.0408
2026-05-01,574,레더,MATERIAL,1,1,1,1,82,24,1.2195
2026-05-02,574,레더,MATERIAL,1,1,1,0,66,35,1.5152
2026-05-09,574,레더,MATERIAL,1,1,1,0,71,29,1.4085
2026-05-12,574,레더,MATERIAL,1,1,1,1,134,52,0.7463
2026-05-14,574,레더,MATERIAL,1,1,1,1,271,108,0.369
2026-05-16,574,레더,MATERIAL,5,5,2,1,158,49,3.1646
2026-05-17,574,레더,MATERIAL,2,2,1,0,166,82,1.2048
2026-05-18,574,레더,MATERIAL,4,4,3,1,146,74,2.7397
2026-05-20,574,레더,MATERIAL,1,1,1,1,244,80,0.4098
2026-05-21,574,레더,MATERIAL,1,1,1,0,270,85,0.3704
2026-05-23,574,레더,MATERIAL,1,1,1,1,331,93,0.3021
2026-05-24,574,레더,MATERIAL,3,3,2,0,297,121,1.0101
2026-05-26,574,레더,MATERIAL,2,2,2,1,189,90,1.0582
2026-05-27,574,레더,MATERIAL,1,1,1,0,222,83,0.4505
2026-05-28,574,레더,MATERIAL,3,3,2,1,228,103,1.3158
2026-05-31,574,레더,MATERIAL,2,2,2,2,354,109,0.565
2026-06-01,574,레더,MATERIAL,1,1,1,0,360,160,0.2778
2026-06-02,574,레더,MATERIAL,1,1,1,1,224,100,0.4464
2026-06-03,574,레더,MATERIAL,3,3,2,2,222,94,1.3514
2026-06-04,574,레더,MATERIAL,1,1,1,0,137,74,0.7299
2026-06-06,574,레더,MATERIAL,2,2,1,1,336,108,0.5952
2026-06-08,574,레더,MATERIAL,2,2,2,2,380,152,0.5263
2026-06-10,574,레더,MATERIAL,1,1,1,0,345,160,0.2899
2026-06-11,574,레더,MATERIAL,1,1,1,0,239,114,0.4184
2026-06-14,574,레더,MATERIAL,1,1,1,1,529,186,0.189
2026-06-15,574,레더,MATERIAL,6,6,5,4,440,179,1.3636
2026-06-16,574,레더,MATERIAL,2,2,2,1,465,184,0.4301
2026-06-17,574,레더,MATERIAL,2,2,2,1,365,130,0.5479
2026-06-18,574,레더,MATERIAL,1,1,1,0,286,139,0.3497
2026-06-19,574,레더,MATERIAL,3,3,3,2,510,170,0.5882
2026-06-20,574,레더,MATERIAL,3,3,1,0,422,169,0.7109
2026-06-21,574,레더,MATERIAL,1,1,1,1,550,205,0.1818
2026-06-22,574,레더,MATERIAL,3,3,2,2,455,179,0.6593
2026-06-23,574,레더,MATERIAL,3,3,3,1,401,171,0.7481
2026-06-24,574,레더,MATERIAL,2,2,2,2,369,145,0.542
2026-06-25,574,레더,MATERIAL,1,1,1,1,162,75,0.6173
2026-06-26,574,레더,MATERIAL,1,1,1,1,247,81,0.4049
2026-06-28,574,레더,MATERIAL,4,4,2,1,327,109,1.2232
2026-06-29,574,레더,MATERIAL,3,3,3,1,182,100,1.6484
2026-07-01,574,레더,MATERIAL,4,4,2,2,261,93,1.5326
2026-07-03,574,레더,MATERIAL,2,2,1,1,154,63,1.2987
2026-07-04,574,레더,MATERIAL,1,1,1,0,306,114,0.3268
2026-07-05,574,레더,MATERIAL,3,3,2,0,295,122,1.0169
2026-07-06,574,레더,MATERIAL,1,1,1,1,204,85,0.4902
2026-07-08,574,레더,MATERIAL,1,1,1,0,112,58,0.8929
2026-07-09,574,레더,MATERIAL,1,1,1,1,161,62,0.6211
2026-07-10,574,레더,MATERIAL,1,1,1,1,249,60,0.4016
2026-07-13,574,레더,MATERIAL,1,1,1,0,382,151,0.2618
2026-07-15,574,레더,MATERIAL,1,1,1,1,265,87,0.3774
2026-07-17,574,레더,MATERIAL,2,2,2,2,332,101,0.6024
2026-07-18,574,레더,MATERIAL,3,3,2,1,429,155,0.6993
2026-07-19,574,레더,MATERIAL,8,8,4,3,670,210,1.194
2026-07-20,574,레더,MATERIAL,4,4,4,2,386,140,1.0363
2026-07-21,574,레더,MATERIAL,1,1,1,0,284,141,0.3521
2026-07-23,574,레더,MATERIAL,1,1,1,1,243,86,0.4115
2026-07-24,574,레더,MATERIAL,5,5,4,2,233,80,2.1459
2026-07-25,574,레더,MATERIAL,6,6,5,3,245,115,2.449
2026-07-26,574,레더,MATERIAL,3,3,2,1,338,132,0.8876
2026-07-28,574,레더,MATERIAL,2,2,2,1,262,125,0.7634
2026-07-29,574,레더,MATERIAL,1,1,1,1,238,113,0.4202
2026-07-30,574,레더,MATERIAL,1,1,1,0,249,101,0.4016
2026-08-01,574,레더,MATERIAL,1,1,1,0,277,115,0.361
2026-08-02,574,레더,MATERIAL,2,2,2,0,250,101,0.8
2026-08-03,574,레더,MATERIAL,2,2,2,2,257,111,0.7782
2026-08-04,574,레더,MATERIAL,1,1,1,0,225,88,0.4444
2026-08-05,574,레더,MATERIAL,1,1,1,1,302,135,0.3311
2026-08-06,574,레더,MATERIAL,1,1,1,1,284,112,0.3521
2026-08-07,574,레더,MATERIAL,1,1,1,1,151,70,0.6623
2026-08-09,574,레더,MATERIAL,3,3,3,2,265,116,1.1321
2026-08-10,574,레더,MATERIAL,3,3,2,1,244,105,1.2295
2026-08-11,574,레더,MATERIAL,8,8,5,3,383,116,2.0888
2026-08-12,574,레더,MATERIAL,2,2,1,0,194,92,1.0309
2026-08-13,574,레더,MATERIAL,3,3,3,0,223,94,1.3453
2026-08-14,574,레더,MATERIAL,1,1,1,1,159,54,0.6289
2026-08-15,574,레더,MATERIAL,5,5,4,0,172,83,2.907
2026-08-16,574,레더,MATERIAL,5,5,5,2,232,98,2.1552
2026-08-17,574,레더,MATERIAL,15,15,8,2,543,223,2.7624
2026-08-18,574,레더,MATERIAL,4,4,3,0,303,163,1.3201
2026-08-19,574,레더,MATERIAL,6,6,4,1,219,95,2.7397
2026-08-20,574,레더,MATERIAL,5,5,3,2,236,110,2.1186
2026-08-21,574,레더,MATERIAL,4,4,4,1,235,105,1.7021
2026-08-22,574,레더,MATERIAL,2,2,2,1,275,117,0.7273
2026-08-23,574,레더,MATERIAL,10,10,7,4,472,218,2.1186
2026-08-24,574,레더,MATERIAL,9,9,7,0,592,293,1.5203
2026-08-25,574,레더,MATERIAL,6,6,4,3,405,202,1.4815
2026-08-26,574,레더,MATERIAL,3,3,3,0,424,195,0.7075
2026-08-28,574,레더,MATERIAL,4,4,4,1,414,157,0.9662
2026-08-29,574,레더,MATERIAL,4,4,3,2,316,144,1.2658
2026-08-30,574,레더,MATERIAL,6,6,5,2,735,303,0.8163
2026-08-31,574,레더,MATERIAL,6,6,5,0,714,321,0.8403
2026-09-01,574,레더,MATERIAL,5,5,2,1,601,253,0.8319
2026-09-02,574,레더,MATERIAL,12,12,6,3,502,221,2.3904
2026-09-03,574,레더,MATERIAL,16,16,6,4,603,270,2.6534
2026-09-04,574,레더,MATERIAL,11,11,4,1,482,221,2.2822
2026-09-05,574,레더,MATERIAL,8,8,4,1,563,234,1.421
2026-09-06,574,레더,MATERIAL,17,17,8,4,858,363,1.9814
2026-09-07,574,레더,MATERIAL,25,25,10,3,732,308,3.4153
2026-09-08,574,레더,MATERIAL,5,5,3,1,248,112,2.0161
2026-09-09,574,레더,MATERIAL,4,4,4,4,170,7,2.3529
2025-09-21,451,레드,COLOR,1,1,1,1,55,12,1.8182
2025-10-29,451,레드,COLOR,1,1,1,1,26,9,3.8462
2025-10-31,451,레드,COLOR,1,1,1,0,66,25,1.5152
2025-11-02,451,레드,COLOR,1,1,1,1,86,23,1.1628
2025-11-11,451,레드,COLOR,1,1,1,0,21,8,4.7619
2025-11-29,451,레드,COLOR,1,1,1,0,64,24,1.5625
2025-12-07,451,레드,COLOR,1,1,1,0,120,49,0.8333
2025-12-14,451,레드,COLOR,1,1,1,0,8,6,12.5
2025-12-26,451,레드,COLOR,1,1,1,1,41,17,2.439
2026-01-31,451,레드,COLOR,1,1,1,0,44,32,2.2727
2026-02-08,451,레드,COLOR,1,1,1,0,25,22,4.0
2026-02-14,451,레드,COLOR,1,1,1,0,26,21,3.8462
2026-03-03,451,레드,COLOR,1,1,1,0,61,35,1.6393
2026-03-05,451,레드,COLOR,2,2,1,1,64,22,3.125
2026-03-06,451,레드,COLOR,1,1,1,1,203,70,0.4926
2026-03-07,451,레드,COLOR,1,1,1,0,82,41,1.2195
2026-03-15,451,레드,COLOR,1,1,1,1,87,29,1.1494
2026-03-18,451,레드,COLOR,1,1,1,0,70,45,1.4286
2026-03-31,451,레드,COLOR,1,1,1,0,70,26,1.4286
2026-04-18,451,레드,COLOR,2,2,2,0,168,63,1.1905
2026-04-19,451,레드,COLOR,1,1,1,0,286,115,0.3497
2026-04-20,451,레드,COLOR,1,1,1,0,238,90,0.4202
2026-05-12,451,레드,COLOR,2,2,2,2,134,52,1.4925
2026-05-14,451,레드,COLOR,5,5,2,0,271,108,1.845
2026-05-15,451,레드,COLOR,1,1,1,0,177,75,0.565
2026-05-17,451,레드,COLOR,2,2,1,0,166,82,1.2048
2026-05-18,451,레드,COLOR,1,1,1,1,146,74,0.6849
2026-05-20,451,레드,COLOR,1,1,1,1,244,80,0.4098
2026-05-21,451,레드,COLOR,1,1,1,1,270,85,0.3704
2026-05-23,451,레드,COLOR,2,2,2,1,331,93,0.6042
2026-05-24,451,레드,COLOR,1,1,1,0,297,121,0.3367
2026-05-25,451,레드,COLOR,7,7,3,1,400,155,1.75
2026-05-26,451,레드,COLOR,3,3,2,0,189,90,1.5873
2026-05-27,451,레드,COLOR,2,2,2,1,222,83,0.9009
2026-05-28,451,레드,COLOR,1,1,1,0,228,103,0.4386
2026-05-29,451,레드,COLOR,3,3,3,1,188,59,1.5957
2026-05-30,451,레드,COLOR,1,1,1,0,234,83,0.4274
2026-05-31,451,레드,COLOR,1,1,1,1,354,109,0.2825
2026-06-02,451,레드,COLOR,1,1,1,1,224,100,0.4464
2026-06-03,451,레드,COLOR,5,5,3,2,222,94,2.2523
2026-06-04,451,레드,COLOR,1,1,1,0,137,74,0.7299
2026-06-05,451,레드,COLOR,2,2,2,1,183,55,1.0929
2026-06-06,451,레드,COLOR,1,1,1,1,336,108,0.2976
2026-06-08,451,레드,COLOR,1,1,1,1,380,152,0.2632
2026-06-11,451,레드,COLOR,2,2,1,0,239,114,0.8368
2026-06-12,451,레드,COLOR,2,2,2,0,352,114,0.5682
2026-06-13,451,레드,COLOR,1,1,1,0,267,107,0.3745
2026-06-16,451,레드,COLOR,1,1,1,0,465,184,0.2151
2026-06-17,451,레드,COLOR,2,2,1,1,365,130,0.5479
2026-06-19,451,레드,COLOR,2,2,2,1,510,170,0.3922
2026-06-20,451,레드,COLOR,2,2,2,1,422,169,0.4739
2026-06-21,451,레드,COLOR,1,1,1,1,550,205,0.1818
2026-06-22,451,레드,COLOR,1,1,1,0,455,179,0.2198
2026-06-28,451,레드,COLOR,2,2,2,2,327,109,0.6116
2026-06-29,451,레드,COLOR,1,1,1,0,182,100,0.5495
2026-07-01,451,레드,COLOR,5,5,2,2,261,93,1.9157
2026-07-03,451,레드,COLOR,3,3,1,0,154,63,1.9481
2026-07-04,451,레드,COLOR,6,6,2,1,306,114,1.9608
2026-07-05,451,레드,COLOR,3,3,2,0,295,122,1.0169
2026-07-07,451,레드,COLOR,1,1,1,0,203,85,0.4926
2026-07-10,451,레드,COLOR,2,2,1,1,249,60,0.8032
2026-07-11,451,레드,COLOR,4,4,2,0,174,63,2.2989
2026-07-12,451,레드,COLOR,1,1,1,0,314,141,0.3185
2026-07-13,451,레드,COLOR,2,2,1,1,382,151,0.5236
2026-07-15,451,레드,COLOR,4,4,2,1,265,87,1.5094
2026-07-16,451,레드,COLOR,4,4,2,0,179,58,2.2346
2026-07-17,451,레드,COLOR,6,6,4,1,332,101,1.8072
2026-07-19,451,레드,COLOR,1,1,1,0,670,210,0.1493
2026-07-20,451,레드,COLOR,2,2,1,0,386,140,0.5181
2026-07-21,451,레드,COLOR,3,3,2,0,284,141,1.0563
2026-07-23,451,레드,COLOR,1,1,1,1,243,86,0.4115
2026-07-24,451,레드,COLOR,1,1,1,0,233,80,0.4292
2026-07-25,451,레드,COLOR,2,2,1,1,245,115,0.8163
2026-07-28,451,레드,COLOR,2,2,2,0,262,125,0.7634
2026-07-29,451,레드,COLOR,1,1,1,0,238,113,0.4202
2026-08-01,451,레드,COLOR,3,3,3,0,277,115,1.083
2026-08-02,451,레드,COLOR,2,2,2,0,250,101,0.8
2026-08-03,451,레드,COLOR,1,1,1,1,257,111,0.3891
2026-08-04,451,레드,COLOR,1,1,1,1,225,88,0.4444
2026-08-06,451,레드,COLOR,2,2,2,1,284,112,0.7042
2026-08-07,451,레드,COLOR,1,1,1,0,151,70,0.6623
2026-08-08,451,레드,COLOR,1,1,1,0,143,57,0.6993
2026-08-09,451,레드,COLOR,1,1,1,0,265,116,0.3774
2026-08-10,451,레드,COLOR,1,1,1,0,244,105,0.4098
2026-08-11,451,레드,COLOR,2,2,1,1,383,116,0.5222
2026-08-12,451,레드,COLOR,2,2,2,1,194,92,1.0309
2026-08-13,451,레드,COLOR,1,1,1,1,223,94,0.4484
2026-08-14,451,레드,COLOR,1,1,1,0,159,54,0.6289
2026-08-16,451,레드,COLOR,1,1,1,0,232,98,0.431
2026-08-17,451,레드,COLOR,1,1,1,0,543,223,0.1842
2026-08-18,451,레드,COLOR,1,1,1,0,303,163,0.33
2026-08-19,451,레드,COLOR,2,2,1,1,219,95,0.9132
2026-08-20,451,레드,COLOR,2,2,2,1,236,110,0.8475
2026-08-21,451,레드,COLOR,1,1,1,0,235,105,0.4255
2026-08-22,451,레드,COLOR,1,1,1,0,275,117,0.3636
2026-08-23,451,레드,COLOR,2,2,2,1,472,218,0.4237
2026-08-24,451,레드,COLOR,4,4,2,1,592,293,0.6757
2026-08-25,451,레드,COLOR,6,6,2,1,405,202,1.4815
2026-08-26,451,레드,COLOR,4,4,3,0,424,195,0.9434
2026-08-27,451,레드,COLOR,3,3,3,1,330,161,0.9091
2026-08-28,451,레드,COLOR,4,4,2,0,414,157,0.9662
2026-08-31,451,레드,COLOR,6,6,3,2,714,321,0.8403
2026-09-01,451,레드,COLOR,7,7,5,2,601,253,1.1647
2026-09-02,451,레드,COLOR,3,3,2,1,502,221,0.5976
2026-09-04,451,레드,COLOR,3,3,2,0,482,221,0.6224
2026-09-05,451,레드,COLOR,2,2,2,0,563,234,0.3552
2026-09-06,451,레드,COLOR,1,1,1,0,858,363,0.1166
2026-09-07,451,레드,COLOR,2,2,2,1,732,308,0.2732
2026-09-08,451,레드,COLOR,2,2,2,0,248,112,0.8065
2026-09-09,451,레드,COLOR,1,1,1,1,170,7,0.5882
2025-09-05,205,로퍼,ITEM,1,1,1,1,87,25,1.1494
2025-09-20,205,로퍼,ITEM,1,1,1,0,96,34,1.0417
2025-09-24,205,로퍼,ITEM,1,1,1,0,43,14,2.3256
2025-09-26,205,로퍼,ITEM,5,5,1,1,76,18,6.5789
2025-09-27,205,로퍼,ITEM,7,7,1,0,92,35,7.6087
2025-09-28,205,로퍼,ITEM,3,3,1,0,78,15,3.8462
2025-10-01,205,로퍼,ITEM,1,1,1,0,23,7,4.3478
2025-10-02,205,로퍼,ITEM,1,1,1,0,20,8,5.0
2025-10-04,205,로퍼,ITEM,1,1,1,0,84,22,1.1905
2025-10-17,205,로퍼,ITEM,1,1,1,1,45,13,2.2222
2025-11-16,205,로퍼,ITEM,1,1,1,1,99,44,1.0101
2025-11-17,205,로퍼,ITEM,2,2,1,0,60,30,3.3333
2025-11-21,205,로퍼,ITEM,1,1,1,1,127,48,0.7874
2025-11-22,205,로퍼,ITEM,2,2,1,0,75,36,2.6667
2025-11-23,205,로퍼,ITEM,1,1,1,0,92,33,1.087
2025-11-27,205,로퍼,ITEM,1,1,1,0,35,15,2.8571
2025-12-28,205,로퍼,ITEM,1,1,1,0,16,11,6.25
2026-01-20,205,로퍼,ITEM,1,1,1,0,57,25,1.7544
2026-02-07,205,로퍼,ITEM,2,2,1,0,115,57,1.7391
2026-02-11,205,로퍼,ITEM,1,1,1,0,20,13,5.0
2026-02-19,205,로퍼,ITEM,3,3,2,1,25,13,12.0
2026-02-20,205,로퍼,ITEM,4,4,2,1,152,39,2.6316
2026-02-21,205,로퍼,ITEM,1,1,1,0,32,19,3.125
2026-02-22,205,로퍼,ITEM,3,3,2,0,61,30,4.918
2026-02-23,205,로퍼,ITEM,1,1,1,0,31,19,3.2258
2026-02-24,205,로퍼,ITEM,1,1,1,0,63,32,1.5873
2026-03-04,205,로퍼,ITEM,2,2,1,1,159,65,1.2579
2026-03-10,205,로퍼,ITEM,1,1,1,0,28,22,3.5714
2026-03-14,205,로퍼,ITEM,1,1,1,0,37,12,2.7027
2026-03-15,205,로퍼,ITEM,1,1,1,1,87,29,1.1494
2026-03-16,205,로퍼,ITEM,1,1,1,1,83,23,1.2048
2026-03-17,205,로퍼,ITEM,1,1,1,1,76,20,1.3158
2026-03-31,205,로퍼,ITEM,3,3,2,1,70,26,4.2857
2026-04-01,205,로퍼,ITEM,1,1,1,0,43,22,2.3256
2026-04-02,205,로퍼,ITEM,1,1,1,0,103,44,0.9709
2026-04-05,205,로퍼,ITEM,1,1,1,1,129,44,0.7752
2026-04-20,205,로퍼,ITEM,2,2,2,1,238,90,0.8403
2026-04-21,205,로퍼,ITEM,1,1,1,0,58,30,1.7241
2026-04-23,205,로퍼,ITEM,1,1,1,0,116,64,0.8621
2026-04-28,205,로퍼,ITEM,1,1,1,0,51,26,1.9608
2026-04-30,205,로퍼,ITEM,1,1,1,0,78,19,1.2821
2026-05-12,205,로퍼,ITEM,1,1,1,1,134,52,0.7463
2026-05-23,205,로퍼,ITEM,1,1,1,1,331,93,0.3021
2026-05-24,205,로퍼,ITEM,1,1,1,1,297,121,0.3367
2026-05-31,205,로퍼,ITEM,1,1,1,1,354,109,0.2825
2026-06-08,205,로퍼,ITEM,1,1,1,0,380,152,0.2632
2026-06-09,205,로퍼,ITEM,1,1,1,0,247,108,0.4049
2026-06-10,205,로퍼,ITEM,3,3,2,1,345,160,0.8696
2026-06-11,205,로퍼,ITEM,1,1,1,0,239,114,0.4184
2026-06-15,205,로퍼,ITEM,2,2,1,0,440,179,0.4545
2026-06-17,205,로퍼,ITEM,1,1,1,0,365,130,0.274
2026-06-20,205,로퍼,ITEM,11,11,1,1,422,169,2.6066
2026-06-21,205,로퍼,ITEM,5,5,1,0,550,205,0.9091
2026-06-22,205,로퍼,ITEM,4,4,1,0,455,179,0.8791
2026-06-23,205,로퍼,ITEM,8,8,3,1,401,171,1.995
2026-06-27,205,로퍼,ITEM,1,1,1,0,214,76,0.4673
2026-07-07,205,로퍼,ITEM,7,7,1,1,203,85,3.4483
2026-07-08,205,로퍼,ITEM,12,12,1,0,112,58,10.7143
2026-07-10,205,로퍼,ITEM,2,2,2,0,249,60,0.8032
2026-07-11,205,로퍼,ITEM,1,1,1,0,174,63,0.5747
2026-07-12,205,로퍼,ITEM,1,1,1,0,314,141,0.3185
2026-07-13,205,로퍼,ITEM,1,1,1,0,382,151,0.2618
2026-07-17,205,로퍼,ITEM,1,1,1,1,332,101,0.3012
2026-07-19,205,로퍼,ITEM,1,1,1,0,670,210,0.1493
2026-07-20,205,로퍼,ITEM,2,2,1,1,386,140,0.5181
2026-07-21,205,로퍼,ITEM,1,1,1,0,284,141,0.3521
2026-07-24,205,로퍼,ITEM,1,1,1,0,233,80,0.4292
2026-07-26,205,로퍼,ITEM,3,3,1,1,338,132,0.8876
2026-07-27,205,로퍼,ITEM,1,1,1,0,392,161,0.2551
2026-08-03,205,로퍼,ITEM,2,2,2,1,257,111,0.7782
2026-08-06,205,로퍼,ITEM,1,1,1,1,284,112,0.3521
2026-08-07,205,로퍼,ITEM,5,5,3,1,151,70,3.3113
2026-08-08,205,로퍼,ITEM,2,2,1,0,143,57,1.3986
2026-08-09,205,로퍼,ITEM,1,1,1,0,265,116,0.3774
2026-08-10,205,로퍼,ITEM,1,1,1,0,244,105,0.4098
2026-08-11,205,로퍼,ITEM,1,1,1,1,383,116,0.2611
2026-08-17,205,로퍼,ITEM,2,2,2,1,543,223,0.3683
2026-08-18,205,로퍼,ITEM,1,1,1,0,303,163,0.33
2026-08-20,205,로퍼,ITEM,1,1,1,0,236,110,0.4237
2026-08-21,205,로퍼,ITEM,3,3,2,0,235,105,1.2766
2026-08-22,205,로퍼,ITEM,2,2,1,0,275,117,0.7273
2026-08-25,205,로퍼,ITEM,1,1,1,0,405,202,0.2469
2026-08-28,205,로퍼,ITEM,1,1,1,0,414,157,0.2415
2026-08-29,205,로퍼,ITEM,1,1,1,1,316,144,0.3165
2026-08-31,205,로퍼,ITEM,1,1,1,0,714,321,0.1401
2026-09-03,205,로퍼,ITEM,3,3,2,1,603,270,0.4975
2026-09-04,205,로퍼,ITEM,1,1,1,0,482,221,0.2075
2026-09-06,205,로퍼,ITEM,3,3,2,2,858,363,0.3497
2026-09-07,205,로퍼,ITEM,1,1,1,0,732,308,0.1366
2026-09-08,205,로퍼,ITEM,1,1,1,0,248,112,0.4032
2025-09-21,754,리본,DETAIL,1,1,1,1,55,12,1.8182
2025-09-26,754,리본,DETAIL,2,2,1,1,76,18,2.6316
2025-09-27,754,리본,DETAIL,4,4,1,0,92,35,4.3478
2025-09-28,754,리본,DETAIL,1,1,1,0,78,15,1.2821
2025-10-01,754,리본,DETAIL,1,1,1,0,23,7,4.3478
2025-10-19,754,리본,DETAIL,1,1,1,1,46,13,2.1739
2025-11-27,754,리본,DETAIL,1,1,1,0,35,15,2.8571
2025-11-28,754,리본,DETAIL,1,1,1,0,80,32,1.25
2025-12-07,754,리본,DETAIL,1,1,1,1,120,49,0.8333
2025-12-25,754,리본,DETAIL,1,1,1,0,12,7,8.3333
2026-02-07,754,리본,DETAIL,1,1,1,0,115,57,0.8696
2026-02-19,754,리본,DETAIL,1,1,1,1,25,13,4.0
2026-04-20,754,리본,DETAIL,1,1,1,0,238,90,0.4202
2026-05-03,754,리본,DETAIL,1,1,1,0,150,45,0.6667
2026-05-30,754,리본,DETAIL,1,1,1,1,234,83,0.4274
2026-05-31,754,리본,DETAIL,1,1,1,1,354,109,0.2825
2026-06-13,754,리본,DETAIL,1,1,1,1,267,107,0.3745
2026-06-22,754,리본,DETAIL,4,4,3,2,455,179,0.8791
2026-06-23,754,리본,DETAIL,1,1,1,1,401,171,0.2494
2026-06-25,754,리본,DETAIL,1,1,1,0,162,75,0.6173
2026-07-04,754,리본,DETAIL,1,1,1,1,306,114,0.3268
2026-07-05,754,리본,DETAIL,2,2,2,2,295,122,0.678
2026-07-06,754,리본,DETAIL,1,1,1,1,204,85,0.4902
2026-07-15,754,리본,DETAIL,1,1,1,1,265,87,0.3774
2026-07-16,754,리본,DETAIL,1,1,1,0,179,58,0.5587
2026-07-17,754,리본,DETAIL,1,1,1,0,332,101,0.3012
2026-07-21,754,리본,DETAIL,2,2,2,1,284,141,0.7042
2026-07-23,754,리본,DETAIL,1,1,1,0,243,86,0.4115
2026-07-27,754,리본,DETAIL,2,2,2,1,392,161,0.5102
2026-08-02,754,리본,DETAIL,1,1,1,1,250,101,0.4
2026-08-04,754,리본,DETAIL,1,1,1,1,225,88,0.4444
2026-08-06,754,리본,DETAIL,1,1,1,1,284,112,0.3521
2026-08-09,754,리본,DETAIL,1,1,1,1,265,116,0.3774
2026-08-10,754,리본,DETAIL,1,1,1,1,244,105,0.4098
2026-08-17,754,리본,DETAIL,1,1,1,1,543,223,0.1842
2026-08-29,754,리본,DETAIL,1,1,1,0,316,144,0.3165
2026-09-01,754,리본,DETAIL,1,1,1,0,601,253,0.1664
2026-09-03,754,리본,DETAIL,1,1,1,1,603,270,0.1658
2026-09-06,754,리본,DETAIL,1,1,1,1,858,363,0.1166
2026-02-07,600,린넨,MATERIAL,1,1,1,0,115,57,0.8696
2026-03-09,600,린넨,MATERIAL,1,1,1,1,37,18,2.7027
2026-03-10,600,린넨,MATERIAL,1,1,1,0,28,22,3.5714
2026-03-16,600,린넨,MATERIAL,1,1,1,1,83,23,1.2048
2026-03-19,600,린넨,MATERIAL,1,1,1,0,89,60,1.1236
2026-03-31,600,린넨,MATERIAL,1,1,1,1,70,26,1.4286
2026-04-03,600,린넨,MATERIAL,1,1,1,1,69,31,1.4493
2026-04-16,600,린넨,MATERIAL,1,1,1,1,41,12,2.439
2026-04-21,600,린넨,MATERIAL,1,1,1,0,58,30,1.7241
2026-04-23,600,린넨,MATERIAL,1,1,1,1,116,64,0.8621
2026-04-27,600,린넨,MATERIAL,11,11,3,3,175,75,6.2857
2026-04-29,600,린넨,MATERIAL,1,1,1,1,54,16,1.8519
2026-05-03,600,린넨,MATERIAL,7,7,3,2,150,45,4.6667
2026-05-05,600,린넨,MATERIAL,1,1,1,1,121,55,0.8264
2026-05-06,600,린넨,MATERIAL,2,2,1,1,95,40,2.1053
2026-05-07,600,린넨,MATERIAL,1,1,1,0,60,37,1.6667
2026-05-09,600,린넨,MATERIAL,1,1,1,0,71,29,1.4085
2026-05-10,600,린넨,MATERIAL,1,1,1,0,34,21,2.9412
2026-05-11,600,린넨,MATERIAL,3,3,1,1,111,47,2.7027
2026-05-12,600,린넨,MATERIAL,1,1,1,0,134,52,0.7463
2026-05-13,600,린넨,MATERIAL,4,4,1,1,137,56,2.9197
2026-05-14,600,린넨,MATERIAL,1,1,1,1,271,108,0.369
2026-05-15,600,린넨,MATERIAL,2,2,1,0,177,75,1.1299
2026-05-16,600,린넨,MATERIAL,1,1,1,0,158,49,0.6329
2026-05-17,600,린넨,MATERIAL,3,3,1,1,166,82,1.8072
2026-05-18,600,린넨,MATERIAL,1,1,1,0,146,74,0.6849
2026-05-20,600,린넨,MATERIAL,1,1,1,0,244,80,0.4098
2026-05-21,600,린넨,MATERIAL,1,1,1,0,270,85,0.3704
2026-05-22,600,린넨,MATERIAL,1,1,1,1,227,77,0.4405
2026-05-23,600,린넨,MATERIAL,1,1,1,1,331,93,0.3021
2026-05-26,600,린넨,MATERIAL,1,1,1,1,189,90,0.5291
2026-05-27,600,린넨,MATERIAL,2,2,1,1,222,83,0.9009
2026-05-28,600,린넨,MATERIAL,1,1,1,0,228,103,0.4386
2026-05-29,600,린넨,MATERIAL,2,2,2,1,188,59,1.0638
2026-05-30,600,린넨,MATERIAL,2,2,2,1,234,83,0.8547
2026-05-31,600,린넨,MATERIAL,7,7,4,3,354,109,1.9774
2026-06-01,600,린넨,MATERIAL,2,2,1,0,360,160,0.5556
2026-06-02,600,린넨,MATERIAL,2,2,2,1,224,100,0.8929
2026-06-03,600,린넨,MATERIAL,2,2,2,0,222,94,0.9009
2026-06-04,600,린넨,MATERIAL,1,1,1,0,137,74,0.7299
2026-06-05,600,린넨,MATERIAL,2,2,2,1,183,55,1.0929
2026-06-06,600,린넨,MATERIAL,1,1,1,0,336,108,0.2976
2026-06-07,600,린넨,MATERIAL,11,11,4,2,322,152,3.4161
2026-06-08,600,린넨,MATERIAL,7,7,4,2,380,152,1.8421
2026-06-09,600,린넨,MATERIAL,3,3,1,0,247,108,1.2146
2026-06-10,600,린넨,MATERIAL,3,3,2,0,345,160,0.8696
2026-06-11,600,린넨,MATERIAL,4,4,3,1,239,114,1.6736
2026-06-12,600,린넨,MATERIAL,11,11,5,3,352,114,3.125
2026-06-13,600,린넨,MATERIAL,11,11,1,0,267,107,4.1199
2026-06-14,600,린넨,MATERIAL,7,7,5,4,529,186,1.3233
2026-06-15,600,린넨,MATERIAL,3,3,2,1,440,179,0.6818
2026-06-16,600,린넨,MATERIAL,3,3,2,2,465,184,0.6452
2026-06-17,600,린넨,MATERIAL,4,4,3,3,365,130,1.0959
2026-06-18,600,린넨,MATERIAL,1,1,1,1,286,139,0.3497
2026-06-19,600,린넨,MATERIAL,7,7,5,3,510,170,1.3725
2026-06-20,600,린넨,MATERIAL,6,6,6,3,422,169,1.4218
2026-06-21,600,린넨,MATERIAL,2,2,2,1,550,205,0.3636
2026-06-22,600,린넨,MATERIAL,5,5,5,2,455,179,1.0989
2026-06-23,600,린넨,MATERIAL,4,4,4,2,401,171,0.9975
2026-06-24,600,린넨,MATERIAL,1,1,1,1,369,145,0.271
2026-06-25,600,린넨,MATERIAL,1,1,1,0,162,75,0.6173
2026-06-26,600,린넨,MATERIAL,4,4,4,3,247,81,1.6194
2026-06-28,600,린넨,MATERIAL,2,2,2,1,327,109,0.6116
2026-06-29,600,린넨,MATERIAL,4,4,2,0,182,100,2.1978
2026-06-30,600,린넨,MATERIAL,2,2,2,2,156,56,1.2821
2026-07-01,600,린넨,MATERIAL,4,4,2,2,261,93,1.5326
2026-07-02,600,린넨,MATERIAL,1,1,1,0,107,58,0.9346
2026-07-04,600,린넨,MATERIAL,2,2,1,1,306,114,0.6536
2026-07-05,600,린넨,MATERIAL,3,3,3,0,295,122,1.0169
2026-07-06,600,린넨,MATERIAL,1,1,1,1,204,85,0.4902
2026-07-07,600,린넨,MATERIAL,2,2,2,0,203,85,0.9852
2026-07-10,600,린넨,MATERIAL,1,1,1,1,249,60,0.4016
2026-07-12,600,린넨,MATERIAL,3,3,3,2,314,141,0.9554
2026-07-13,600,린넨,MATERIAL,6,6,3,1,382,151,1.5707
2026-07-14,600,린넨,MATERIAL,4,4,2,1,267,89,1.4981
2026-07-15,600,린넨,MATERIAL,5,5,4,2,265,87,1.8868
2026-07-17,600,린넨,MATERIAL,2,2,2,1,332,101,0.6024
2026-07-18,600,린넨,MATERIAL,3,3,1,1,429,155,0.6993
2026-07-19,600,린넨,MATERIAL,3,3,3,1,670,210,0.4478
2026-07-20,600,린넨,MATERIAL,6,6,6,2,386,140,1.5544
2026-07-22,600,린넨,MATERIAL,2,2,2,1,244,112,0.8197
2026-07-23,600,린넨,MATERIAL,3,3,2,0,243,86,1.2346
2026-07-24,600,린넨,MATERIAL,1,1,1,0,233,80,0.4292
2026-07-25,600,린넨,MATERIAL,1,1,1,0,245,115,0.4082
2026-07-26,600,린넨,MATERIAL,2,2,2,2,338,132,0.5917
2026-07-27,600,린넨,MATERIAL,6,6,2,1,392,161,1.5306
2026-07-28,600,린넨,MATERIAL,2,2,2,0,262,125,0.7634
2026-07-29,600,린넨,MATERIAL,2,2,1,1,238,113,0.8403
2026-07-30,600,린넨,MATERIAL,3,3,2,0,249,101,1.2048
2026-07-31,600,린넨,MATERIAL,3,3,3,1,204,84,1.4706
2026-08-02,600,린넨,MATERIAL,5,5,3,3,250,101,2.0
2026-08-03,600,린넨,MATERIAL,8,8,3,1,257,111,3.1128
2026-08-04,600,린넨,MATERIAL,6,6,5,1,225,88,2.6667
2026-08-05,600,린넨,MATERIAL,2,2,2,0,302,135,0.6623
2026-08-06,600,린넨,MATERIAL,5,5,3,3,284,112,1.7606
2026-08-08,600,린넨,MATERIAL,1,1,1,0,143,57,0.6993
2026-08-09,600,린넨,MATERIAL,2,2,2,0,265,116,0.7547
2026-08-10,600,린넨,MATERIAL,1,1,1,0,244,105,0.4098
2026-08-11,600,린넨,MATERIAL,6,6,4,3,383,116,1.5666
2026-08-12,600,린넨,MATERIAL,1,1,1,0,194,92,0.5155
2026-08-13,600,린넨,MATERIAL,1,1,1,1,223,94,0.4484
2026-08-15,600,린넨,MATERIAL,1,1,1,0,172,83,0.5814
2026-08-16,600,린넨,MATERIAL,2,2,1,1,232,98,0.8621
2026-08-17,600,린넨,MATERIAL,1,1,1,0,543,223,0.1842
2026-08-20,600,린넨,MATERIAL,1,1,1,1,236,110,0.4237
2026-08-28,600,린넨,MATERIAL,1,1,1,0,414,157,0.2415
2026-08-29,600,린넨,MATERIAL,1,1,1,1,316,144,0.3165
2026-09-09,600,린넨,MATERIAL,1,1,1,1,170,7,0.5882
2025-09-14,578,메시,MATERIAL,1,1,1,1,52,13,1.9231
2025-10-10,578,메시,MATERIAL,1,1,1,0,80,23,1.25
2025-10-11,578,메시,MATERIAL,1,1,1,0,50,26,2.0
2025-10-12,578,메시,MATERIAL,1,1,1,0,76,22,1.3158
2026-02-10,578,메시,MATERIAL,1,1,1,0,57,40,1.7544
2026-03-06,578,메시,MATERIAL,1,1,1,1,203,70,0.4926
2026-03-20,578,메시,MATERIAL,1,1,1,1,44,13,2.2727
2026-04-05,578,메시,MATERIAL,1,1,1,0,129,44,0.7752
2026-04-09,578,메시,MATERIAL,1,1,1,0,43,30,2.3256
2026-05-01,578,메시,MATERIAL,1,1,1,1,82,24,1.2195
2026-05-02,578,메시,MATERIAL,4,4,1,0,66,35,6.0606
2026-05-03,578,메시,MATERIAL,3,3,1,0,150,45,2.0
2026-05-04,578,메시,MATERIAL,1,1,1,0,61,39,1.6393
2026-05-07,578,메시,MATERIAL,1,1,1,0,60,37,1.6667
2026-05-08,578,메시,MATERIAL,1,1,1,0,46,32,2.1739
2026-05-11,578,메시,MATERIAL,1,1,1,1,111,47,0.9009
2026-05-13,578,메시,MATERIAL,2,2,1,1,137,56,1.4599
2026-05-20,578,메시,MATERIAL,1,1,1,0,244,80,0.4098
2026-05-21,578,메시,MATERIAL,1,1,1,1,270,85,0.3704
2026-05-31,578,메시,MATERIAL,3,3,2,2,354,109,0.8475
2026-06-06,578,메시,MATERIAL,1,1,1,1,336,108,0.2976
2026-06-08,578,메시,MATERIAL,3,3,2,2,380,152,0.7895
2026-06-15,578,메시,MATERIAL,2,2,1,1,440,179,0.4545
2026-06-16,578,메시,MATERIAL,3,3,2,1,465,184,0.6452
2026-06-19,578,메시,MATERIAL,4,4,3,2,510,170,0.7843
2026-06-20,578,메시,MATERIAL,6,6,3,0,422,169,1.4218
2026-06-21,578,메시,MATERIAL,4,4,3,1,550,205,0.7273
2026-06-23,578,메시,MATERIAL,3,3,2,1,401,171,0.7481
2026-06-24,578,메시,MATERIAL,4,4,4,2,369,145,1.084
2026-06-25,578,메시,MATERIAL,2,2,2,0,162,75,1.2346
2026-06-28,578,메시,MATERIAL,2,2,2,1,327,109,0.6116
2026-07-01,578,메시,MATERIAL,1,1,1,1,261,93,0.3831
2026-07-04,578,메시,MATERIAL,1,1,1,1,306,114,0.3268
2026-07-06,578,메시,MATERIAL,1,1,1,1,204,85,0.4902
2026-07-09,578,메시,MATERIAL,1,1,1,1,161,62,0.6211
2026-07-15,578,메시,MATERIAL,1,1,1,1,265,87,0.3774
2026-07-16,578,메시,MATERIAL,1,1,1,1,179,58,0.5587
2026-07-18,578,메시,MATERIAL,2,2,1,1,429,155,0.4662
2026-08-05,578,메시,MATERIAL,2,2,1,0,302,135,0.6623
2026-01-19,485,면접,TPO,1,1,1,0,57,27,1.7544
2026-06-22,485,면접,TPO,2,2,2,0,455,179,0.4396
2026-07-01,485,면접,TPO,1,1,1,0,261,93,0.3831
2026-07-08,485,면접,TPO,1,1,1,0,112,58,0.8929
2026-08-10,485,면접,TPO,1,1,1,0,244,105,0.4098
2026-08-12,485,면접,TPO,1,1,1,0,194,92,0.5155
2026-08-23,485,면접,TPO,1,1,1,0,472,218,0.2119
2026-08-24,485,면접,TPO,1,1,1,0,592,293,0.1689
2026-08-25,485,면접,TPO,2,2,1,0,405,202,0.4938
2026-08-26,485,면접,TPO,1,1,1,0,424,195,0.2358
2025-12-07,552,모달,MATERIAL,1,1,1,1,120,49,0.8333
2026-04-20,552,모달,MATERIAL,1,1,1,1,238,90,0.4202
2026-04-24,552,모달,MATERIAL,1,1,1,0,49,31,2.0408
2026-05-03,552,모달,MATERIAL,1,1,1,1,150,45,0.6667
2026-05-17,552,모달,MATERIAL,1,1,1,1,166,82,0.6024
2026-05-23,552,모달,MATERIAL,1,1,1,1,331,93,0.3021
2026-05-25,552,모달,MATERIAL,3,3,1,1,400,155,0.75
2026-06-06,552,모달,MATERIAL,1,1,1,1,336,108,0.2976
2026-06-20,552,모달,MATERIAL,1,1,1,1,422,169,0.237
2026-06-21,552,모달,MATERIAL,3,3,2,1,550,205,0.5455
2026-06-22,552,모달,MATERIAL,2,2,2,1,455,179,0.4396
2026-06-25,552,모달,MATERIAL,1,1,1,0,162,75,0.6173
2026-06-28,552,모달,MATERIAL,1,1,1,1,327,109,0.3058
2026-07-09,552,모달,MATERIAL,2,2,2,0,161,62,1.2422
2026-07-26,552,모달,MATERIAL,1,1,1,1,338,132,0.2959
2026-07-31,552,모달,MATERIAL,2,2,1,1,204,84,0.9804
2026-08-01,552,모달,MATERIAL,1,1,1,1,277,115,0.361
2026-08-05,552,모달,MATERIAL,1,1,1,0,302,135,0.3311
2026-08-12,552,모달,MATERIAL,1,1,1,1,194,92,0.5155
2026-08-13,552,모달,MATERIAL,1,1,1,0,223,94,0.4484
2026-09-01,552,모달,MATERIAL,1,1,1,1,601,253,0.1664
2026-09-05,552,모달,MATERIAL,1,1,1,1,563,234,0.1776
2025-09-01,234,모자,ITEM,2,2,1,0,68,41,2.9412
2025-09-15,234,모자,ITEM,1,1,1,0,110,52,0.9091
2025-11-16,234,모자,ITEM,1,1,1,0,99,44,1.0101
2025-11-17,234,모자,ITEM,1,1,1,0,60,30,1.6667
2025-11-24,234,모자,ITEM,3,3,1,0,52,33,5.7692
2026-01-03,234,모자,ITEM,1,1,1,0,71,37,1.4085
2026-01-12,234,모자,ITEM,1,1,1,0,5,5,20.0
2026-01-18,234,모자,ITEM,2,2,1,0,53,29,3.7736
2026-01-19,234,모자,ITEM,2,2,1,0,57,27,3.5088
2026-01-31,234,모자,ITEM,2,2,1,0,44,32,4.5455
2026-03-08,234,모자,ITEM,2,2,1,1,71,37,2.8169
2026-03-18,234,모자,ITEM,1,1,1,0,70,45,1.4286
2026-03-19,234,모자,ITEM,1,1,1,0,89,60,1.1236
2026-04-19,234,모자,ITEM,1,1,1,0,286,115,0.3497
2026-04-27,234,모자,ITEM,1,1,1,1,175,75,0.5714
2026-04-28,234,모자,ITEM,1,1,1,0,51,26,1.9608
2026-05-09,234,모자,ITEM,2,2,2,1,71,29,2.8169
2026-05-14,234,모자,ITEM,13,13,1,1,271,108,4.797
2026-05-15,234,모자,ITEM,14,14,1,0,177,75,7.9096
2026-05-16,234,모자,ITEM,2,2,1,0,158,49,1.2658
2026-05-17,234,모자,ITEM,3,3,1,0,166,82,1.8072
2026-05-19,234,모자,ITEM,2,2,1,0,39,23,5.1282
2026-05-20,234,모자,ITEM,1,1,1,0,244,80,0.4098
2026-05-22,234,모자,ITEM,1,1,1,0,227,77,0.4405
2026-05-23,234,모자,ITEM,1,1,1,0,331,93,0.3021
2026-05-24,234,모자,ITEM,2,2,1,0,297,121,0.6734
2026-05-26,234,모자,ITEM,1,1,1,0,189,90,0.5291
2026-05-28,234,모자,ITEM,8,8,1,1,228,103,3.5088
2026-05-29,234,모자,ITEM,5,5,2,0,188,59,2.6596
2026-05-30,234,모자,ITEM,2,2,1,1,234,83,0.8547
2026-05-31,234,모자,ITEM,1,1,1,0,354,109,0.2825
2026-06-01,234,모자,ITEM,1,1,1,1,360,160,0.2778
2026-06-03,234,모자,ITEM,2,2,2,1,222,94,0.9009
2026-06-05,234,모자,ITEM,5,5,4,0,183,55,2.7322
2026-06-06,234,모자,ITEM,1,1,1,0,336,108,0.2976
2026-06-07,234,모자,ITEM,1,1,1,0,322,152,0.3106
2026-06-10,234,모자,ITEM,1,1,1,0,345,160,0.2899
2026-06-15,234,모자,ITEM,2,2,2,1,440,179,0.4545
2026-06-16,234,모자,ITEM,3,3,3,1,465,184,0.6452
2026-06-17,234,모자,ITEM,1,1,1,0,365,130,0.274
2026-06-21,234,모자,ITEM,2,2,1,0,550,205,0.3636
2026-07-02,234,모자,ITEM,1,1,1,0,107,58,0.9346
2026-07-06,234,모자,ITEM,1,1,1,1,204,85,0.4902
2026-07-10,234,모자,ITEM,4,4,2,2,249,60,1.6064
2026-07-11,234,모자,ITEM,4,4,2,2,174,63,2.2989
2026-07-13,234,모자,ITEM,1,1,1,1,382,151,0.2618
2026-07-16,234,모자,ITEM,2,2,2,1,179,58,1.1173
2026-07-17,234,모자,ITEM,3,3,2,1,332,101,0.9036
2026-07-18,234,모자,ITEM,2,2,2,1,429,155,0.4662
2026-07-19,234,모자,ITEM,3,3,2,1,670,210,0.4478
2026-07-20,234,모자,ITEM,3,3,1,0,386,140,0.7772
2026-07-21,234,모자,ITEM,21,21,2,1,284,141,7.3944
2026-07-22,234,모자,ITEM,14,14,2,0,244,112,5.7377
2026-07-23,234,모자,ITEM,3,3,2,1,243,86,1.2346
2026-07-24,234,모자,ITEM,2,2,2,2,233,80,0.8584
2026-07-25,234,모자,ITEM,1,1,1,0,245,115,0.4082
2026-07-26,234,모자,ITEM,4,4,4,1,338,132,1.1834
2026-07-27,234,모자,ITEM,2,2,2,1,392,161,0.5102
2026-07-30,234,모자,ITEM,3,3,3,0,249,101,1.2048
2026-08-02,234,모자,ITEM,1,1,1,0,250,101,0.4
2026-08-03,234,모자,ITEM,1,1,1,0,257,111,0.3891
2026-08-04,234,모자,ITEM,1,1,1,1,225,88,0.4444
2026-08-05,234,모자,ITEM,2,2,2,1,302,135,0.6623
2026-08-06,234,모자,ITEM,7,7,3,0,284,112,2.4648
2026-08-07,234,모자,ITEM,1,1,1,0,151,70,0.6623
2026-08-09,234,모자,ITEM,2,2,2,1,265,116,0.7547
2026-08-10,234,모자,ITEM,1,1,1,0,244,105,0.4098
2026-08-11,234,모자,ITEM,2,2,2,1,383,116,0.5222
2026-08-12,234,모자,ITEM,4,4,2,0,194,92,2.0619
2026-08-13,234,모자,ITEM,1,1,1,0,223,94,0.4484
2026-08-14,234,모자,ITEM,1,1,1,0,159,54,0.6289
2026-08-15,234,모자,ITEM,1,1,1,0,172,83,0.5814
2026-08-17,234,모자,ITEM,3,3,1,0,543,223,0.5525
2026-08-18,234,모자,ITEM,1,1,1,0,303,163,0.33
2026-08-19,234,모자,ITEM,1,1,1,0,219,95,0.4566
2026-08-20,234,모자,ITEM,2,2,2,0,236,110,0.8475
2026-08-21,234,모자,ITEM,1,1,1,0,235,105,0.4255
2026-08-23,234,모자,ITEM,1,1,1,0,472,218,0.2119
2026-08-24,234,모자,ITEM,5,5,2,1,592,293,0.8446
2026-08-26,234,모자,ITEM,2,2,2,0,424,195,0.4717
2026-08-27,234,모자,ITEM,1,1,1,0,330,161,0.303
2026-08-28,234,모자,ITEM,1,1,1,1,414,157,0.2415
2026-08-31,234,모자,ITEM,1,1,1,0,714,321,0.1401
2026-09-01,234,모자,ITEM,2,2,2,0,601,253,0.3328
2026-09-02,234,모자,ITEM,2,2,2,1,502,221,0.3984
2026-09-04,234,모자,ITEM,1,1,1,0,482,221,0.2075
2026-09-05,234,모자,ITEM,1,1,1,0,563,234,0.1776
2026-09-06,234,모자,ITEM,1,1,1,0,858,363,0.1166
2026-09-07,234,모자,ITEM,1,1,1,0,732,308,0.1366
2025-12-28,711,목토,DETAIL,1,1,1,0,16,11,6.25
2025-12-30,711,목토,DETAIL,1,1,1,0,36,17,2.7778
2026-01-01,711,목토,DETAIL,1,1,1,0,8,6,12.5
2026-03-03,711,목토,DETAIL,1,1,1,0,61,35,1.6393
2026-04-22,711,목토,DETAIL,1,1,1,0,63,26,1.5873
2025-10-07,424,민트,COLOR,1,1,1,0,18,7,5.5556
2025-10-26,424,민트,COLOR,1,1,1,1,63,15,1.5873
2025-10-31,424,민트,COLOR,1,1,1,0,66,25,1.5152
2025-11-02,424,민트,COLOR,2,2,1,0,86,23,2.3256
2025-11-06,424,민트,COLOR,1,1,1,0,32,11,3.125
2025-11-10,424,민트,COLOR,3,3,1,1,34,16,8.8235
2025-11-11,424,민트,COLOR,1,1,1,0,21,8,4.7619
2025-11-20,424,민트,COLOR,2,2,1,1,172,49,1.1628
2025-11-21,424,민트,COLOR,1,1,1,0,127,48,0.7874
2025-12-04,424,민트,COLOR,1,1,1,0,67,41,1.4925
2025-12-07,424,민트,COLOR,1,1,1,1,120,49,0.8333
2025-12-08,424,민트,COLOR,1,1,1,0,42,28,2.381
2025-12-15,424,민트,COLOR,1,1,1,0,10,7,10.0
2025-12-17,424,민트,COLOR,1,1,1,0,8,5,12.5
2026-01-13,424,민트,COLOR,1,1,1,0,8,6,12.5
2026-02-17,424,민트,COLOR,1,1,1,0,9,6,11.1111
2026-03-22,424,민트,COLOR,1,1,1,1,158,62,0.6329
2026-04-19,424,민트,COLOR,3,3,2,2,286,115,1.049
2026-04-20,424,민트,COLOR,1,1,1,0,238,90,0.4202
2026-04-21,424,민트,COLOR,1,1,1,0,58,30,1.7241
2026-04-23,424,민트,COLOR,3,3,2,0,116,64,2.5862
2026-04-26,424,민트,COLOR,1,1,1,0,23,11,4.3478
2026-05-01,424,민트,COLOR,2,2,2,1,82,24,2.439
2026-05-03,424,민트,COLOR,1,1,1,1,150,45,0.6667
2026-05-08,424,민트,COLOR,1,1,1,0,46,32,2.1739
2026-05-13,424,민트,COLOR,1,1,1,0,137,56,0.7299
2026-05-21,424,민트,COLOR,1,1,1,1,270,85,0.3704
2026-05-22,424,민트,COLOR,2,2,2,1,227,77,0.8811
2026-05-23,424,민트,COLOR,1,1,1,1,331,93,0.3021
2026-05-29,424,민트,COLOR,2,2,2,1,188,59,1.0638
2026-05-30,424,민트,COLOR,1,1,1,0,234,83,0.4274
2026-05-31,424,민트,COLOR,1,1,1,1,354,109,0.2825
2026-06-01,424,민트,COLOR,1,1,1,0,360,160,0.2778
2026-06-05,424,민트,COLOR,1,1,1,1,183,55,0.5464
2026-06-06,424,민트,COLOR,1,1,1,1,336,108,0.2976
2026-06-08,424,민트,COLOR,1,1,1,1,380,152,0.2632
2026-06-09,424,민트,COLOR,2,2,2,0,247,108,0.8097
2026-06-10,424,민트,COLOR,1,1,1,0,345,160,0.2899
2026-06-12,424,민트,COLOR,2,2,2,2,352,114,0.5682
2026-06-13,424,민트,COLOR,2,2,1,1,267,107,0.7491
2026-06-15,424,민트,COLOR,3,3,2,1,440,179,0.6818
2026-06-18,424,민트,COLOR,1,1,1,1,286,139,0.3497
2026-06-19,424,민트,COLOR,1,1,1,0,510,170,0.1961
2026-06-21,424,민트,COLOR,2,2,1,0,550,205,0.3636
2026-06-25,424,민트,COLOR,4,4,4,0,162,75,2.4691
2026-06-26,424,민트,COLOR,1,1,1,1,247,81,0.4049
2026-06-28,424,민트,COLOR,1,1,1,0,327,109,0.3058
2026-07-01,424,민트,COLOR,3,3,1,1,261,93,1.1494
2026-07-05,424,민트,COLOR,4,4,3,1,295,122,1.3559
2026-07-06,424,민트,COLOR,2,2,1,1,204,85,0.9804
2026-07-07,424,민트,COLOR,1,1,1,0,203,85,0.4926
2026-07-08,424,민트,COLOR,2,2,2,1,112,58,1.7857
2026-07-10,424,민트,COLOR,2,2,2,1,249,60,0.8032
2026-07-13,424,민트,COLOR,1,1,1,1,382,151,0.2618
2026-07-15,424,민트,COLOR,1,1,1,1,265,87,0.3774
2026-07-17,424,민트,COLOR,2,2,2,1,332,101,0.6024
2026-07-18,424,민트,COLOR,1,1,1,0,429,155,0.2331
2026-07-25,424,민트,COLOR,1,1,1,0,245,115,0.4082
2026-07-28,424,민트,COLOR,1,1,1,0,262,125,0.3817
2026-07-30,424,민트,COLOR,2,2,2,1,249,101,0.8032
2026-08-01,424,민트,COLOR,1,1,1,1,277,115,0.361
2026-08-02,424,민트,COLOR,1,1,1,1,250,101,0.4
2026-08-04,424,민트,COLOR,2,2,2,1,225,88,0.8889
2026-08-05,424,민트,COLOR,4,4,2,0,302,135,1.3245
2026-08-08,424,민트,COLOR,1,1,1,1,143,57,0.6993
2026-08-09,424,민트,COLOR,1,1,1,1,265,116,0.3774
2026-08-13,424,민트,COLOR,1,1,1,0,223,94,0.4484
2026-08-20,424,민트,COLOR,1,1,1,1,236,110,0.4237
2026-08-24,424,민트,COLOR,1,1,1,0,592,293,0.1689
2026-08-26,424,민트,COLOR,2,2,1,1,424,195,0.4717
2026-08-29,424,민트,COLOR,2,2,2,0,316,144,0.6329
2026-08-30,424,민트,COLOR,2,2,1,1,735,303,0.2721
2026-08-31,424,민트,COLOR,4,4,2,0,714,321,0.5602
2026-09-01,424,민트,COLOR,2,2,2,0,601,253,0.3328
2026-09-02,424,민트,COLOR,2,2,2,1,502,221,0.3984
2026-09-06,424,민트,COLOR,1,1,1,1,858,363,0.1166
2026-09-10,424,민트,COLOR,1,1,1,1,20,5,5.0
2025-10-04,704,박시,DETAIL,1,1,1,0,84,22,1.1905
2025-11-08,704,박시,DETAIL,1,1,1,0,74,32,1.3514
2026-03-04,704,박시,DETAIL,1,1,1,0,159,65,0.6289
2026-03-17,704,박시,DETAIL,1,1,1,0,76,20,1.3158
2026-05-25,704,박시,DETAIL,1,1,1,0,400,155,0.25
2026-06-22,704,박시,DETAIL,1,1,1,0,455,179,0.2198
2026-06-23,704,박시,DETAIL,1,1,1,1,401,171,0.2494
2026-07-05,704,박시,DETAIL,1,1,1,1,295,122,0.339
2026-08-13,704,박시,DETAIL,1,1,1,1,223,94,0.4484
2026-08-18,704,박시,DETAIL,1,1,1,0,303,163,0.33
2026-08-25,704,박시,DETAIL,1,1,1,0,405,202,0.2469
2026-08-28,704,박시,DETAIL,1,1,1,0,414,157,0.2415
2026-08-29,704,박시,DETAIL,1,1,1,1,316,144,0.3165
2026-08-30,704,박시,DETAIL,1,1,1,0,735,303,0.1361
2026-09-04,704,박시,DETAIL,1,1,1,0,482,221,0.2075
2026-09-06,704,박시,DETAIL,1,1,1,0,858,363,0.1166
2025-09-12,225,백팩,ITEM,1,1,1,1,61,22,1.6393
2025-09-13,225,백팩,ITEM,2,2,1,0,46,32,4.3478
2025-09-14,225,백팩,ITEM,1,1,1,0,52,13,1.9231
2025-09-15,225,백팩,ITEM,1,1,1,0,110,52,0.9091
2025-09-16,225,백팩,ITEM,1,1,1,0,108,47,0.9259
2025-09-28,225,백팩,ITEM,1,1,1,1,78,15,1.2821
2025-10-05,225,백팩,ITEM,1,1,1,1,53,14,1.8868
2026-01-23,225,백팩,ITEM,2,2,1,0,61,26,3.2787
2026-01-27,225,백팩,ITEM,1,1,1,0,13,5,7.6923
2026-01-28,225,백팩,ITEM,1,1,1,0,29,13,3.4483
2026-01-30,225,백팩,ITEM,6,6,1,1,30,17,20.0
2026-01-31,225,백팩,ITEM,2,2,1,0,44,32,4.5455
2026-02-01,225,백팩,ITEM,3,3,1,0,83,43,3.6145
2026-02-02,225,백팩,ITEM,2,2,1,0,12,10,16.6667
2026-02-03,225,백팩,ITEM,2,2,1,0,8,5,25.0
2026-02-05,225,백팩,ITEM,1,1,1,0,39,26,2.5641
2026-02-06,225,백팩,ITEM,4,4,1,0,65,32,6.1538
2026-02-12,225,백팩,ITEM,1,1,1,0,24,12,4.1667
2026-02-26,225,백팩,ITEM,3,3,1,1,56,33,5.3571
2026-03-03,225,백팩,ITEM,1,1,1,0,61,35,1.6393
2026-03-11,225,백팩,ITEM,2,2,1,1,20,12,10.0
2026-03-12,225,백팩,ITEM,2,2,1,0,22,15,9.0909
2026-03-16,225,백팩,ITEM,1,1,1,1,83,23,1.2048
2026-03-23,225,백팩,ITEM,1,1,1,1,64,38,1.5625
2026-04-19,225,백팩,ITEM,1,1,1,1,286,115,0.3497
2026-04-20,225,백팩,ITEM,5,5,2,1,238,90,2.1008
2026-05-11,225,백팩,ITEM,1,1,1,0,111,47,0.9009
2026-05-12,225,백팩,ITEM,1,1,1,1,134,52,0.7463
2026-05-23,225,백팩,ITEM,1,1,1,1,331,93,0.3021
2026-05-24,225,백팩,ITEM,2,2,1,0,297,121,0.6734
2026-05-28,225,백팩,ITEM,2,2,1,1,228,103,0.8772
2026-05-30,225,백팩,ITEM,2,2,1,1,234,83,0.8547
2026-05-31,225,백팩,ITEM,2,2,2,2,354,109,0.565
2026-06-01,225,백팩,ITEM,1,1,1,1,360,160,0.2778
2026-06-05,225,백팩,ITEM,2,2,1,0,183,55,1.0929
2026-06-10,225,백팩,ITEM,1,1,1,0,345,160,0.2899
2026-06-14,225,백팩,ITEM,1,1,1,1,529,186,0.189
2026-06-16,225,백팩,ITEM,1,1,1,1,465,184,0.2151
2026-06-17,225,백팩,ITEM,2,2,1,0,365,130,0.5479
2026-06-18,225,백팩,ITEM,4,4,2,0,286,139,1.3986
2026-06-19,225,백팩,ITEM,1,1,1,1,510,170,0.1961
2026-06-20,225,백팩,ITEM,1,1,1,1,422,169,0.237
2026-06-22,225,백팩,ITEM,2,2,2,1,455,179,0.4396
2026-06-23,225,백팩,ITEM,1,1,1,0,401,171,0.2494
2026-06-24,225,백팩,ITEM,1,1,1,0,369,145,0.271
2026-06-25,225,백팩,ITEM,3,3,1,0,162,75,1.8519
2026-06-26,225,백팩,ITEM,1,1,1,0,247,81,0.4049
2026-06-27,225,백팩,ITEM,1,1,1,0,214,76,0.4673
2026-06-28,225,백팩,ITEM,1,1,1,0,327,109,0.3058
2026-07-03,225,백팩,ITEM,6,6,2,1,154,63,3.8961
2026-07-04,225,백팩,ITEM,2,2,2,1,306,114,0.6536
2026-07-05,225,백팩,ITEM,3,3,3,2,295,122,1.0169
2026-07-08,225,백팩,ITEM,1,1,1,0,112,58,0.8929
2026-07-12,225,백팩,ITEM,1,1,1,0,314,141,0.3185
2026-07-14,225,백팩,ITEM,1,1,1,0,267,89,0.3745
2026-07-17,225,백팩,ITEM,1,1,1,1,332,101,0.3012
2026-07-26,225,백팩,ITEM,1,1,1,0,338,132,0.2959
2026-08-03,225,백팩,ITEM,1,1,1,1,257,111,0.3891
2026-08-11,225,백팩,ITEM,1,1,1,1,383,116,0.2611
2026-08-13,225,백팩,ITEM,4,4,1,1,223,94,1.7937
2026-08-17,225,백팩,ITEM,1,1,1,0,543,223,0.1842
2026-08-23,225,백팩,ITEM,2,2,1,1,472,218,0.4237
2026-08-31,225,백팩,ITEM,1,1,1,1,714,321,0.1401
2026-09-02,225,백팩,ITEM,3,3,2,2,502,221,0.5976
2026-09-03,225,백팩,ITEM,1,1,1,0,603,270,0.1658
2026-09-05,225,백팩,ITEM,2,2,1,1,563,234,0.3552
2026-09-07,225,백팩,ITEM,1,1,1,0,732,308,0.1366
2025-09-24,703,벌룬,DETAIL,1,1,1,1,43,14,2.3256
2025-09-28,703,벌룬,DETAIL,1,1,1,1,78,15,1.2821
2025-12-26,703,벌룬,DETAIL,1,1,1,1,41,17,2.439
2026-02-26,703,벌룬,DETAIL,2,2,1,0,56,33,3.5714
2026-04-03,703,벌룬,DETAIL,1,1,1,0,69,31,1.4493
2026-04-20,703,벌룬,DETAIL,1,1,1,1,238,90,0.4202
2026-05-21,703,벌룬,DETAIL,2,2,2,1,270,85,0.7407
2026-05-22,703,벌룬,DETAIL,2,2,2,1,227,77,0.8811
2026-05-25,703,벌룬,DETAIL,1,1,1,0,400,155,0.25
2026-05-30,703,벌룬,DETAIL,1,1,1,0,234,83,0.4274
2026-05-31,703,벌룬,DETAIL,1,1,1,1,354,109,0.2825
2026-06-03,703,벌룬,DETAIL,1,1,1,0,222,94,0.4505
2026-06-06,703,벌룬,DETAIL,1,1,1,1,336,108,0.2976
2026-06-14,703,벌룬,DETAIL,2,2,1,1,529,186,0.3781
2026-06-16,703,벌룬,DETAIL,2,2,2,0,465,184,0.4301
2026-06-19,703,벌룬,DETAIL,2,2,1,1,510,170,0.3922
2026-06-21,703,벌룬,DETAIL,4,4,2,2,550,205,0.7273
2026-06-24,703,벌룬,DETAIL,1,1,1,1,369,145,0.271
2026-06-28,703,벌룬,DETAIL,1,1,1,0,327,109,0.3058
2026-07-03,703,벌룬,DETAIL,2,2,1,1,154,63,1.2987
2026-07-15,703,벌룬,DETAIL,1,1,1,1,265,87,0.3774
2026-07-21,703,벌룬,DETAIL,1,1,1,1,284,141,0.3521
2026-07-24,703,벌룬,DETAIL,1,1,1,0,233,80,0.4292
2026-07-27,703,벌룬,DETAIL,1,1,1,0,392,161,0.2551
2026-07-29,703,벌룬,DETAIL,1,1,1,1,238,113,0.4202
2026-07-31,703,벌룬,DETAIL,1,1,1,1,204,84,0.4902
2026-08-04,703,벌룬,DETAIL,1,1,1,1,225,88,0.4444
2026-08-11,703,벌룬,DETAIL,1,1,1,0,383,116,0.2611
2026-08-16,703,벌룬,DETAIL,1,1,1,1,232,98,0.431
2026-08-17,703,벌룬,DETAIL,3,3,1,0,543,223,0.5525
2026-08-18,703,벌룬,DETAIL,2,2,1,0,303,163,0.6601
2026-08-19,703,벌룬,DETAIL,1,1,1,1,219,95,0.4566
2026-08-26,703,벌룬,DETAIL,2,2,1,0,424,195,0.4717
2026-08-27,703,벌룬,DETAIL,2,2,1,0,330,161,0.6061
2026-08-28,703,벌룬,DETAIL,2,2,2,1,414,157,0.4831
2026-08-29,703,벌룬,DETAIL,1,1,1,0,316,144,0.3165
2026-09-02,703,벌룬,DETAIL,2,2,2,0,502,221,0.3984
2026-09-03,703,벌룬,DETAIL,1,1,1,0,603,270,0.1658
2026-09-05,703,벌룬,DETAIL,1,1,1,1,563,234,0.1776
2026-02-01,549,벨벳,MATERIAL,1,1,1,0,83,43,1.2048
2026-02-20,549,벨벳,MATERIAL,1,1,1,1,152,39,0.6579
2026-03-01,549,벨벳,MATERIAL,1,1,1,1,144,46,0.6944
2026-06-16,549,벨벳,MATERIAL,1,1,1,0,465,184,0.2151
2026-06-24,549,벨벳,MATERIAL,2,2,1,1,369,145,0.542
2026-06-25,549,벨벳,MATERIAL,1,1,1,0,162,75,0.6173
2026-07-05,549,벨벳,MATERIAL,1,1,1,1,295,122,0.339
2026-07-17,549,벨벳,MATERIAL,1,1,1,1,332,101,0.3012
2026-08-05,549,벨벳,MATERIAL,1,1,1,0,302,135,0.3311
2026-08-15,549,벨벳,MATERIAL,1,1,1,0,172,83,0.5814
2026-09-05,549,벨벳,MATERIAL,1,1,1,0,563,234,0.1776
2025-09-06,235,벨트,ITEM,2,2,1,0,103,33,1.9417
2025-09-08,235,벨트,ITEM,1,1,1,0,39,12,2.5641
2025-09-14,235,벨트,ITEM,1,1,1,1,52,13,1.9231
2025-09-20,235,벨트,ITEM,1,1,1,0,96,34,1.0417
2025-09-26,235,벨트,ITEM,1,1,1,0,76,18,1.3158
2025-09-27,235,벨트,ITEM,1,1,1,0,92,35,1.087
2025-09-28,235,벨트,ITEM,1,1,1,1,78,15,1.2821
2025-10-02,235,벨트,ITEM,1,1,1,0,20,8,5.0
2025-10-05,235,벨트,ITEM,1,1,1,1,53,14,1.8868
2025-10-12,235,벨트,ITEM,1,1,1,1,76,22,1.3158
2025-10-23,235,벨트,ITEM,1,1,1,0,25,14,4.0
2025-10-26,235,벨트,ITEM,1,1,1,1,63,15,1.5873
2025-11-03,235,벨트,ITEM,1,1,1,0,51,15,1.9608
2025-11-07,235,벨트,ITEM,2,2,1,0,95,32,2.1053
2025-11-08,235,벨트,ITEM,1,1,1,0,74,32,1.3514
2025-11-09,235,벨트,ITEM,1,1,1,0,76,21,1.3158
2025-11-11,235,벨트,ITEM,1,1,1,0,21,8,4.7619
2025-11-19,235,벨트,ITEM,1,1,1,0,165,47,0.6061
2025-11-21,235,벨트,ITEM,1,1,1,1,127,48,0.7874
2025-11-28,235,벨트,ITEM,1,1,1,0,80,32,1.25
2025-11-30,235,벨트,ITEM,1,1,1,1,72,27,1.3889
2026-01-16,235,벨트,ITEM,1,1,1,0,108,22,0.9259
2026-01-17,235,벨트,ITEM,2,2,1,0,143,78,1.3986
2026-01-18,235,벨트,ITEM,2,2,1,0,53,29,3.7736
2026-01-19,235,벨트,ITEM,2,2,1,0,57,27,3.5088
2026-01-23,235,벨트,ITEM,2,2,1,0,61,26,3.2787
2026-01-27,235,벨트,ITEM,1,1,1,0,13,5,7.6923
2026-02-01,235,벨트,ITEM,1,1,1,1,83,43,1.2048
2026-02-07,235,벨트,ITEM,2,2,1,0,115,57,1.7391
2026-02-08,235,벨트,ITEM,1,1,1,0,25,22,4.0
2026-02-10,235,벨트,ITEM,2,2,1,0,57,40,3.5088
2026-02-15,235,벨트,ITEM,4,4,2,1,30,19,13.3333
2026-02-20,235,벨트,ITEM,1,1,1,0,152,39,0.6579
2026-02-22,235,벨트,ITEM,1,1,1,0,61,30,1.6393
2026-02-24,235,벨트,ITEM,2,2,2,0,63,32,3.1746
2026-02-25,235,벨트,ITEM,1,1,1,0,52,33,1.9231
2026-02-26,235,벨트,ITEM,2,2,1,0,56,33,3.5714
2026-03-01,235,벨트,ITEM,2,2,2,2,144,46,1.3889
2026-03-04,235,벨트,ITEM,2,2,1,1,159,65,1.2579
2026-03-06,235,벨트,ITEM,2,2,1,0,203,70,0.9852
2026-03-07,235,벨트,ITEM,2,2,1,0,82,41,2.439
2026-03-13,235,벨트,ITEM,2,2,1,0,26,18,7.6923
2026-03-16,235,벨트,ITEM,1,1,1,0,83,23,1.2048
2026-03-18,235,벨트,ITEM,4,4,1,0,70,45,5.7143
2026-03-19,235,벨트,ITEM,13,13,1,0,89,60,14.6067
2026-03-20,235,벨트,ITEM,1,1,1,1,44,13,2.2727
2026-03-22,235,벨트,ITEM,1,1,1,0,158,62,0.6329
2026-03-23,235,벨트,ITEM,5,5,2,0,64,38,7.8125
2026-03-24,235,벨트,ITEM,2,2,2,0,70,41,2.8571
2026-03-25,235,벨트,ITEM,2,2,1,0,37,25,5.4054
2026-03-26,235,벨트,ITEM,3,3,3,0,154,65,1.9481
2026-03-27,235,벨트,ITEM,2,2,1,0,124,47,1.6129
2026-03-29,235,벨트,ITEM,5,5,5,0,38,17,13.1579
2026-03-31,235,벨트,ITEM,2,2,1,0,70,26,2.8571
2026-04-04,235,벨트,ITEM,3,3,3,0,58,37,5.1724
2026-04-05,235,벨트,ITEM,3,3,1,1,129,44,2.3256
2026-04-19,235,벨트,ITEM,4,4,2,0,286,115,1.3986
2026-04-20,235,벨트,ITEM,3,3,2,0,238,90,1.2605
2026-04-21,235,벨트,ITEM,1,1,1,0,58,30,1.7241
2026-04-22,235,벨트,ITEM,1,1,1,0,63,26,1.5873
2026-04-23,235,벨트,ITEM,3,3,1,0,116,64,2.5862
2026-04-24,235,벨트,ITEM,1,1,1,0,49,31,2.0408
2026-04-26,235,벨트,ITEM,1,1,1,0,23,11,4.3478
2026-04-27,235,벨트,ITEM,1,1,1,0,175,75,0.5714
2026-04-28,235,벨트,ITEM,1,1,1,0,51,26,1.9608
2026-05-03,235,벨트,ITEM,2,2,2,1,150,45,1.3333
2026-05-04,235,벨트,ITEM,2,2,1,0,61,39,3.2787
2026-05-05,235,벨트,ITEM,3,3,2,0,121,55,2.4793
2026-05-06,235,벨트,ITEM,1,1,1,0,95,40,1.0526
2026-05-07,235,벨트,ITEM,1,1,1,0,60,37,1.6667
2026-05-08,235,벨트,ITEM,2,2,1,0,46,32,4.3478
2026-05-09,235,벨트,ITEM,1,1,1,0,71,29,1.4085
2026-05-11,235,벨트,ITEM,5,5,1,1,111,47,4.5045
2026-05-12,235,벨트,ITEM,2,2,2,1,134,52,1.4925
2026-05-13,235,벨트,ITEM,3,3,2,0,137,56,2.1898
2026-05-14,235,벨트,ITEM,3,3,2,0,271,108,1.107
2026-05-16,235,벨트,ITEM,1,1,1,1,158,49,0.6329
2026-05-17,235,벨트,ITEM,2,2,2,1,166,82,1.2048
2026-05-19,235,벨트,ITEM,2,2,2,0,39,23,5.1282
2026-05-20,235,벨트,ITEM,2,2,1,1,244,80,0.8197
2026-05-21,235,벨트,ITEM,3,3,2,0,270,85,1.1111
2026-05-22,235,벨트,ITEM,2,2,1,0,227,77,0.8811
2026-05-23,235,벨트,ITEM,2,2,2,0,331,93,0.6042
2026-05-25,235,벨트,ITEM,1,1,1,0,400,155,0.25
2026-05-26,235,벨트,ITEM,2,2,1,0,189,90,1.0582
2026-05-27,235,벨트,ITEM,5,5,4,0,222,83,2.2523
2026-05-28,235,벨트,ITEM,5,5,3,0,228,103,2.193
2026-05-29,235,벨트,ITEM,1,1,1,1,188,59,0.5319
2026-05-31,235,벨트,ITEM,16,16,4,2,354,109,4.5198
2026-06-01,235,벨트,ITEM,13,13,4,0,360,160,3.6111
2026-06-03,235,벨트,ITEM,7,7,4,2,222,94,3.1532
2026-06-04,235,벨트,ITEM,3,3,2,0,137,74,2.1898
2026-06-06,235,벨트,ITEM,1,1,1,1,336,108,0.2976
2026-06-07,235,벨트,ITEM,3,3,2,0,322,152,0.9317
2026-06-08,235,벨트,ITEM,4,4,4,2,380,152,1.0526
2026-06-10,235,벨트,ITEM,3,3,2,0,345,160,0.8696
2026-06-11,235,벨트,ITEM,2,2,2,0,239,114,0.8368
2026-06-13,235,벨트,ITEM,2,2,2,1,267,107,0.7491
2026-06-14,235,벨트,ITEM,4,4,2,0,529,186,0.7561
2026-06-15,235,벨트,ITEM,4,4,3,0,440,179,0.9091
2026-06-16,235,벨트,ITEM,2,2,1,0,465,184,0.4301
2026-06-17,235,벨트,ITEM,1,1,1,0,365,130,0.274
2026-06-18,235,벨트,ITEM,3,3,3,0,286,139,1.049
2026-06-19,235,벨트,ITEM,7,7,2,1,510,170,1.3725
2026-06-20,235,벨트,ITEM,2,2,2,0,422,169,0.4739
2026-06-21,235,벨트,ITEM,5,5,3,1,550,205,0.9091
2026-06-22,235,벨트,ITEM,3,3,3,3,455,179,0.6593
2026-06-24,235,벨트,ITEM,5,5,4,0,369,145,1.355
2026-06-25,235,벨트,ITEM,1,1,1,0,162,75,0.6173
2026-06-26,235,벨트,ITEM,1,1,1,0,247,81,0.4049
2026-06-27,235,벨트,ITEM,3,3,3,0,214,76,1.4019
2026-06-28,235,벨트,ITEM,1,1,1,0,327,109,0.3058
2026-06-29,235,벨트,ITEM,2,2,2,0,182,100,1.0989
2026-06-30,235,벨트,ITEM,1,1,1,0,156,56,0.641
2026-07-01,235,벨트,ITEM,1,1,1,0,261,93,0.3831
2026-07-02,235,벨트,ITEM,2,2,2,0,107,58,1.8692
2026-07-03,235,벨트,ITEM,1,1,1,1,154,63,0.6494
2026-07-05,235,벨트,ITEM,2,2,2,2,295,122,0.678
2026-07-06,235,벨트,ITEM,1,1,1,1,204,85,0.4902
2026-07-07,235,벨트,ITEM,1,1,1,1,203,85,0.4926
2026-07-09,235,벨트,ITEM,1,1,1,1,161,62,0.6211
2026-07-10,235,벨트,ITEM,3,3,2,1,249,60,1.2048
2026-07-12,235,벨트,ITEM,3,3,2,1,314,141,0.9554
2026-07-13,235,벨트,ITEM,1,1,1,0,382,151,0.2618
2026-07-14,235,벨트,ITEM,4,4,3,1,267,89,1.4981
2026-07-15,235,벨트,ITEM,3,3,3,3,265,87,1.1321
2026-07-16,235,벨트,ITEM,1,1,1,1,179,58,0.5587
2026-07-17,235,벨트,ITEM,5,5,3,3,332,101,1.506
2026-07-18,235,벨트,ITEM,8,8,7,2,429,155,1.8648
2026-07-19,235,벨트,ITEM,5,5,4,2,670,210,0.7463
2026-07-20,235,벨트,ITEM,1,1,1,1,386,140,0.2591
2026-07-21,235,벨트,ITEM,8,8,4,2,284,141,2.8169
2026-07-22,235,벨트,ITEM,5,5,3,0,244,112,2.0492
2026-07-23,235,벨트,ITEM,2,2,2,1,243,86,0.823
2026-07-24,235,벨트,ITEM,10,10,6,2,233,80,4.2918
2026-07-25,235,벨트,ITEM,10,10,7,3,245,115,4.0816
2026-07-26,235,벨트,ITEM,3,3,2,0,338,132,0.8876
2026-07-27,235,벨트,ITEM,6,6,4,1,392,161,1.5306
2026-07-28,235,벨트,ITEM,1,1,1,0,262,125,0.3817
2026-07-29,235,벨트,ITEM,3,3,2,1,238,113,1.2605
2026-07-30,235,벨트,ITEM,3,3,3,1,249,101,1.2048
2026-07-31,235,벨트,ITEM,3,3,2,0,204,84,1.4706
2026-08-01,235,벨트,ITEM,5,5,1,1,277,115,1.8051
2026-08-02,235,벨트,ITEM,6,6,3,1,250,101,2.4
2026-08-03,235,벨트,ITEM,2,2,2,0,257,111,0.7782
2026-08-04,235,벨트,ITEM,1,1,1,1,225,88,0.4444
2026-08-05,235,벨트,ITEM,1,1,1,0,302,135,0.3311
2026-08-06,235,벨트,ITEM,1,1,1,1,284,112,0.3521
2026-08-07,235,벨트,ITEM,1,1,1,0,151,70,0.6623
2026-08-08,235,벨트,ITEM,1,1,1,1,143,57,0.6993
2026-08-09,235,벨트,ITEM,5,5,4,3,265,116,1.8868
2026-08-10,235,벨트,ITEM,3,3,3,0,244,105,1.2295
2026-08-11,235,벨트,ITEM,9,9,5,3,383,116,2.3499
2026-08-12,235,벨트,ITEM,2,2,1,1,194,92,1.0309
2026-08-13,235,벨트,ITEM,6,6,5,0,223,94,2.6906
2026-08-14,235,벨트,ITEM,2,2,2,1,159,54,1.2579
2026-08-15,235,벨트,ITEM,2,2,2,0,172,83,1.1628
2026-08-16,235,벨트,ITEM,3,3,3,2,232,98,1.2931
2026-08-17,235,벨트,ITEM,14,14,2,2,543,223,2.5783
2026-08-18,235,벨트,ITEM,10,10,6,2,303,163,3.3003
2026-08-19,235,벨트,ITEM,1,1,1,0,219,95,0.4566
2026-08-20,235,벨트,ITEM,8,8,5,2,236,110,3.3898
2026-08-21,235,벨트,ITEM,1,1,1,0,235,105,0.4255
2026-08-22,235,벨트,ITEM,2,2,1,0,275,117,0.7273
2026-08-23,235,벨트,ITEM,1,1,1,0,472,218,0.2119
2026-08-25,235,벨트,ITEM,3,3,2,0,405,202,0.7407
2026-08-26,235,벨트,ITEM,2,2,2,0,424,195,0.4717
2026-08-27,235,벨트,ITEM,5,5,1,0,330,161,1.5152
2026-08-28,235,벨트,ITEM,4,4,3,1,414,157,0.9662
2026-08-29,235,벨트,ITEM,4,4,2,0,316,144,1.2658
2026-08-30,235,벨트,ITEM,4,4,3,1,735,303,0.5442
2026-08-31,235,벨트,ITEM,5,5,4,1,714,321,0.7003
2026-09-01,235,벨트,ITEM,6,6,5,0,601,253,0.9983
2026-09-02,235,벨트,ITEM,3,3,3,0,502,221,0.5976
2026-09-03,235,벨트,ITEM,2,2,1,0,603,270,0.3317
2026-09-04,235,벨트,ITEM,1,1,1,1,482,221,0.2075
2026-09-05,235,벨트,ITEM,4,4,4,0,563,234,0.7105
2026-09-06,235,벨트,ITEM,6,6,6,2,858,363,0.6993
2026-09-07,235,벨트,ITEM,6,6,6,2,732,308,0.8197
2026-09-08,235,벨트,ITEM,1,1,1,0,248,112,0.4032
2026-09-09,235,벨트,ITEM,1,1,1,1,170,7,0.5882
2025-11-03,246,볼캡,ITEM,1,1,1,1,51,15,1.9608
2026-01-05,246,볼캡,ITEM,1,1,1,0,19,11,5.2632
2026-03-04,246,볼캡,ITEM,2,2,1,1,159,65,1.2579
2026-03-20,246,볼캡,ITEM,1,1,1,1,44,13,2.2727
2026-03-22,246,볼캡,ITEM,1,1,1,0,158,62,0.6329
2026-05-09,246,볼캡,ITEM,1,1,1,0,71,29,1.4085
2026-05-14,246,볼캡,ITEM,11,11,1,1,271,108,4.059
2026-05-15,246,볼캡,ITEM,7,7,1,0,177,75,3.9548
2026-05-16,246,볼캡,ITEM,1,1,1,0,158,49,0.6329
2026-05-18,246,볼캡,ITEM,1,1,1,0,146,74,0.6849
2026-05-28,246,볼캡,ITEM,1,1,1,0,228,103,0.4386
2026-05-31,246,볼캡,ITEM,1,1,1,1,354,109,0.2825
2026-06-22,246,볼캡,ITEM,1,1,1,0,455,179,0.2198
2026-07-17,246,볼캡,ITEM,2,2,2,2,332,101,0.6024
2026-07-22,246,볼캡,ITEM,1,1,1,0,244,112,0.4098
2026-07-27,246,볼캡,ITEM,2,2,2,2,392,161,0.5102
2026-07-29,246,볼캡,ITEM,1,1,1,0,238,113,0.4202
2026-08-05,246,볼캡,ITEM,1,1,1,1,302,135,0.3311
2026-08-06,246,볼캡,ITEM,2,2,1,1,284,112,0.7042
2025-09-05,210,부츠,ITEM,2,2,2,1,87,25,2.2989
2025-09-19,210,부츠,ITEM,2,2,1,1,106,25,1.8868
2025-09-22,210,부츠,ITEM,2,2,1,0,30,17,6.6667
2025-09-24,210,부츠,ITEM,2,2,1,0,43,14,4.6512
2025-09-25,210,부츠,ITEM,2,2,2,0,40,12,5.0
2025-09-26,210,부츠,ITEM,6,6,1,1,76,18,7.8947
2025-09-27,210,부츠,ITEM,8,8,1,0,92,35,8.6957
2025-09-28,210,부츠,ITEM,4,4,1,0,78,15,5.1282
2025-09-30,210,부츠,ITEM,3,3,1,0,13,5,23.0769
2025-10-01,210,부츠,ITEM,1,1,1,0,23,7,4.3478
2025-10-02,210,부츠,ITEM,3,3,1,0,20,8,15.0
2025-10-05,210,부츠,ITEM,1,1,1,1,53,14,1.8868
2025-10-17,210,부츠,ITEM,1,1,1,1,45,13,2.2222
2025-10-21,210,부츠,ITEM,1,1,1,0,19,11,5.2632
2025-10-24,210,부츠,ITEM,1,1,1,1,96,19,1.0417
2025-10-25,210,부츠,ITEM,1,1,1,0,48,21,2.0833
2025-10-28,210,부츠,ITEM,1,1,1,0,27,11,3.7037
2025-11-02,210,부츠,ITEM,3,3,3,2,86,23,3.4884
2025-11-03,210,부츠,ITEM,2,2,2,0,51,15,3.9216
2025-11-04,210,부츠,ITEM,1,1,1,0,25,13,4.0
2025-11-09,210,부츠,ITEM,1,1,1,0,76,21,1.3158
2025-11-10,210,부츠,ITEM,1,1,1,0,34,16,2.9412
2025-11-12,210,부츠,ITEM,2,2,1,0,33,12,6.0606
2025-11-16,210,부츠,ITEM,4,4,2,2,99,44,4.0404
2025-11-17,210,부츠,ITEM,4,4,1,0,60,30,6.6667
2025-11-19,210,부츠,ITEM,2,2,1,1,165,47,1.2121
2025-11-20,210,부츠,ITEM,3,3,3,1,172,49,1.7442
2025-11-21,210,부츠,ITEM,6,6,2,1,127,48,4.7244
2025-11-22,210,부츠,ITEM,9,9,1,0,75,36,12.0
2025-11-23,210,부츠,ITEM,6,6,2,1,92,33,6.5217
2025-11-24,210,부츠,ITEM,9,9,3,0,52,33,17.3077
2025-11-25,210,부츠,ITEM,8,8,3,1,50,29,16.0
2025-11-26,210,부츠,ITEM,3,3,2,0,29,14,10.3448
2025-11-27,210,부츠,ITEM,2,2,1,0,35,15,5.7143
2025-11-28,210,부츠,ITEM,1,1,1,0,80,32,1.25
2025-11-29,210,부츠,ITEM,1,1,1,0,64,24,1.5625
2025-11-30,210,부츠,ITEM,1,1,1,0,72,27,1.3889
2025-12-02,210,부츠,ITEM,1,1,1,0,123,66,0.813
2025-12-03,210,부츠,ITEM,1,1,1,0,93,52,1.0753
2025-12-05,210,부츠,ITEM,1,1,1,0,88,46,1.1364
2025-12-06,210,부츠,ITEM,1,1,1,0,91,53,1.0989
2025-12-07,210,부츠,ITEM,2,2,1,1,120,49,1.6667
2025-12-14,210,부츠,ITEM,1,1,1,0,8,6,12.5
2025-12-18,210,부츠,ITEM,1,1,1,0,8,6,12.5
2025-12-21,210,부츠,ITEM,2,2,2,1,92,38,2.1739
2025-12-22,210,부츠,ITEM,2,2,1,0,31,21,6.4516
2025-12-23,210,부츠,ITEM,2,2,1,0,50,24,4.0
2025-12-26,210,부츠,ITEM,2,2,1,1,41,17,4.878
2025-12-28,210,부츠,ITEM,1,1,1,0,16,11,6.25
2025-12-30,210,부츠,ITEM,3,3,3,1,36,17,8.3333
2025-12-31,210,부츠,ITEM,1,1,1,0,10,8,10.0
2026-01-02,210,부츠,ITEM,8,8,1,1,103,31,7.767
2026-01-03,210,부츠,ITEM,8,8,1,0,71,37,11.2676
2026-01-04,210,부츠,ITEM,1,1,1,0,43,22,2.3256
2026-01-09,210,부츠,ITEM,1,1,1,0,48,18,2.0833
2026-01-11,210,부츠,ITEM,1,1,1,0,29,17,3.4483
2026-01-17,210,부츠,ITEM,2,2,1,1,143,78,1.3986
2026-01-20,210,부츠,ITEM,1,1,1,1,57,25,1.7544
2026-02-01,210,부츠,ITEM,1,1,1,1,83,43,1.2048
2026-02-03,210,부츠,ITEM,1,1,1,0,8,5,12.5
2026-02-09,210,부츠,ITEM,1,1,1,0,22,15,4.5455
2026-02-12,210,부츠,ITEM,1,1,1,0,24,12,4.1667
2026-02-19,210,부츠,ITEM,4,4,1,0,25,13,16.0
2026-02-20,210,부츠,ITEM,1,1,1,1,152,39,0.6579
2026-02-25,210,부츠,ITEM,1,1,1,0,52,33,1.9231
2026-02-26,210,부츠,ITEM,1,1,1,0,56,33,1.7857
2026-02-28,210,부츠,ITEM,1,1,1,0,87,47,1.1494
2026-03-01,210,부츠,ITEM,11,11,3,2,144,46,7.6389
2026-03-02,210,부츠,ITEM,14,14,1,0,49,31,28.5714
2026-03-03,210,부츠,ITEM,6,6,1,0,61,35,9.8361
2026-03-04,210,부츠,ITEM,4,4,1,0,159,65,2.5157
2026-03-05,210,부츠,ITEM,1,1,1,0,64,22,1.5625
2026-03-06,210,부츠,ITEM,2,2,1,0,203,70,0.9852
2026-03-07,210,부츠,ITEM,1,1,1,0,82,41,1.2195
2026-03-16,210,부츠,ITEM,1,1,1,1,83,23,1.2048
2026-03-20,210,부츠,ITEM,1,1,1,0,44,13,2.2727
2026-03-24,210,부츠,ITEM,1,1,1,0,70,41,1.4286
2026-03-27,210,부츠,ITEM,3,3,1,0,124,47,2.4194
2026-03-29,210,부츠,ITEM,1,1,1,0,38,17,2.6316
2026-03-31,210,부츠,ITEM,2,2,1,0,70,26,2.8571
2026-04-02,210,부츠,ITEM,1,1,1,0,103,44,0.9709
2026-04-13,210,부츠,ITEM,1,1,1,0,17,11,5.8824
2026-04-25,210,부츠,ITEM,1,1,1,0,52,20,1.9231
2026-04-27,210,부츠,ITEM,1,1,1,0,175,75,0.5714
2026-04-28,210,부츠,ITEM,1,1,1,0,51,26,1.9608
2026-05-03,210,부츠,ITEM,1,1,1,0,150,45,0.6667
2026-05-12,210,부츠,ITEM,1,1,1,1,134,52,0.7463
2026-05-16,210,부츠,ITEM,1,1,1,0,158,49,0.6329
2026-05-18,210,부츠,ITEM,1,1,1,1,146,74,0.6849
2026-05-20,210,부츠,ITEM,1,1,1,1,244,80,0.4098
2026-05-21,210,부츠,ITEM,1,1,1,1,270,85,0.3704
2026-05-22,210,부츠,ITEM,3,3,1,1,227,77,1.3216
2026-05-25,210,부츠,ITEM,1,1,1,1,400,155,0.25
2026-05-30,210,부츠,ITEM,1,1,1,0,234,83,0.4274
2026-05-31,210,부츠,ITEM,1,1,1,1,354,109,0.2825
2026-06-01,210,부츠,ITEM,2,2,2,1,360,160,0.5556
2026-06-06,210,부츠,ITEM,1,1,1,1,336,108,0.2976
2026-06-10,210,부츠,ITEM,1,1,1,0,345,160,0.2899
2026-06-13,210,부츠,ITEM,2,2,1,0,267,107,0.7491
2026-06-14,210,부츠,ITEM,1,1,1,0,529,186,0.189
2026-06-19,210,부츠,ITEM,1,1,1,1,510,170,0.1961
2026-06-20,210,부츠,ITEM,1,1,1,0,422,169,0.237
2026-06-29,210,부츠,ITEM,7,7,2,1,182,100,3.8462
2026-06-30,210,부츠,ITEM,3,3,1,0,156,56,1.9231
2026-07-01,210,부츠,ITEM,2,2,1,0,261,93,0.7663
2026-07-02,210,부츠,ITEM,2,2,2,1,107,58,1.8692
2026-07-03,210,부츠,ITEM,1,1,1,0,154,63,0.6494
2026-07-05,210,부츠,ITEM,1,1,1,1,295,122,0.339
2026-07-07,210,부츠,ITEM,1,1,1,1,203,85,0.4926
2026-07-08,210,부츠,ITEM,1,1,1,0,112,58,0.8929
2026-07-09,210,부츠,ITEM,1,1,1,1,161,62,0.6211
2026-07-10,210,부츠,ITEM,1,1,1,1,249,60,0.4016
2026-07-12,210,부츠,ITEM,1,1,1,0,314,141,0.3185
2026-07-14,210,부츠,ITEM,1,1,1,1,267,89,0.3745
2026-07-18,210,부츠,ITEM,1,1,1,1,429,155,0.2331
2026-07-19,210,부츠,ITEM,2,2,1,1,670,210,0.2985
2026-07-20,210,부츠,ITEM,1,1,1,1,386,140,0.2591
2026-07-22,210,부츠,ITEM,1,1,1,1,244,112,0.4098
2026-07-29,210,부츠,ITEM,1,1,1,1,238,113,0.4202
2026-08-01,210,부츠,ITEM,1,1,1,0,277,115,0.361
2026-08-03,210,부츠,ITEM,1,1,1,1,257,111,0.3891
2026-08-05,210,부츠,ITEM,1,1,1,1,302,135,0.3311
2026-08-08,210,부츠,ITEM,1,1,1,0,143,57,0.6993
2026-08-09,210,부츠,ITEM,3,3,2,1,265,116,1.1321
2026-08-12,210,부츠,ITEM,1,1,1,0,194,92,0.5155
2026-08-17,210,부츠,ITEM,3,3,2,1,543,223,0.5525
2026-08-19,210,부츠,ITEM,2,2,2,0,219,95,0.9132
2026-08-20,210,부츠,ITEM,1,1,1,1,236,110,0.4237
2026-08-21,210,부츠,ITEM,1,1,1,0,235,105,0.4255
2026-08-22,210,부츠,ITEM,2,2,2,2,275,117,0.7273
2026-08-23,210,부츠,ITEM,1,1,1,1,472,218,0.2119
2026-08-25,210,부츠,ITEM,1,1,1,0,405,202,0.2469
2026-08-28,210,부츠,ITEM,1,1,1,0,414,157,0.2415
2026-08-29,210,부츠,ITEM,1,1,1,0,316,144,0.3165
2026-08-30,210,부츠,ITEM,2,2,2,0,735,303,0.2721
2026-08-31,210,부츠,ITEM,7,7,3,2,714,321,0.9804
2026-09-02,210,부츠,ITEM,1,1,1,1,502,221,0.1992
2026-09-03,210,부츠,ITEM,3,3,3,1,603,270,0.4975
2026-09-04,210,부츠,ITEM,3,3,2,1,482,221,0.6224
2026-09-05,210,부츠,ITEM,4,4,3,1,563,234,0.7105
2026-09-06,210,부츠,ITEM,7,7,3,2,858,363,0.8159
2026-09-07,210,부츠,ITEM,4,4,3,1,732,308,0.5464
2026-09-08,210,부츠,ITEM,3,3,3,1,248,112,1.2097
2026-09-09,210,부츠,ITEM,2,2,2,2,170,7,1.1765
2025-12-10,250,브라,ITEM,4,4,1,0,17,11,23.5294
2026-03-27,250,브라,ITEM,1,1,1,0,124,47,0.8065
2026-04-20,250,브라,ITEM,1,1,1,0,238,90,0.4202
2026-04-30,250,브라,ITEM,1,1,1,0,78,19,1.2821
2026-05-21,250,브라,ITEM,1,1,1,1,270,85,0.3704
2026-05-22,250,브라,ITEM,2,2,1,0,227,77,0.8811
2026-05-23,250,브라,ITEM,1,1,1,1,331,93,0.3021
2026-05-31,250,브라,ITEM,1,1,1,1,354,109,0.2825
2026-06-05,250,브라,ITEM,1,1,1,0,183,55,0.5464
2026-06-06,250,브라,ITEM,3,3,3,3,336,108,0.8929
2026-06-07,250,브라,ITEM,3,3,2,0,322,152,0.9317
2026-06-14,250,브라,ITEM,6,6,2,2,529,186,1.1342
2026-06-15,250,브라,ITEM,21,21,2,1,440,179,4.7727
2026-06-16,250,브라,ITEM,16,16,2,0,465,184,3.4409
2026-06-17,250,브라,ITEM,6,6,2,0,365,130,1.6438
2026-06-18,250,브라,ITEM,2,2,1,0,286,139,0.6993
2026-06-19,250,브라,ITEM,1,1,1,1,510,170,0.1961
2026-06-20,250,브라,ITEM,2,2,1,0,422,169,0.4739
2026-06-21,250,브라,ITEM,3,3,1,0,550,205,0.5455
2026-06-23,250,브라,ITEM,1,1,1,1,401,171,0.2494
2026-06-24,250,브라,ITEM,2,2,2,1,369,145,0.542
2026-06-25,250,브라,ITEM,2,2,1,0,162,75,1.2346
2026-06-26,250,브라,ITEM,2,2,2,0,247,81,0.8097
2026-06-27,250,브라,ITEM,2,2,2,1,214,76,0.9346
2026-06-28,250,브라,ITEM,2,2,2,0,327,109,0.6116
2026-06-29,250,브라,ITEM,4,4,3,0,182,100,2.1978
2026-07-04,250,브라,ITEM,1,1,1,1,306,114,0.3268
2026-07-05,250,브라,ITEM,1,1,1,0,295,122,0.339
2026-07-06,250,브라,ITEM,1,1,1,0,204,85,0.4902
2026-07-08,250,브라,ITEM,1,1,1,0,112,58,0.8929
2026-07-12,250,브라,ITEM,1,1,1,0,314,141,0.3185
2026-07-13,250,브라,ITEM,2,2,1,0,382,151,0.5236
2026-07-16,250,브라,ITEM,1,1,1,0,179,58,0.5587
2026-07-21,250,브라,ITEM,1,1,1,0,284,141,0.3521
2026-07-23,250,브라,ITEM,1,1,1,0,243,86,0.4115
2026-07-27,250,브라,ITEM,1,1,1,0,392,161,0.2551
2026-07-28,250,브라,ITEM,2,2,2,0,262,125,0.7634
2026-07-29,250,브라,ITEM,1,1,1,0,238,113,0.4202
2026-07-31,250,브라,ITEM,1,1,1,1,204,84,0.4902
2026-08-01,250,브라,ITEM,1,1,1,0,277,115,0.361
2026-08-02,250,브라,ITEM,2,2,2,0,250,101,0.8
2026-08-05,250,브라,ITEM,2,2,1,1,302,135,0.6623
2026-08-08,250,브라,ITEM,2,2,1,0,143,57,1.3986
2026-08-10,250,브라,ITEM,1,1,1,0,244,105,0.4098
2026-08-14,250,브라,ITEM,1,1,1,0,159,54,0.6289
2026-08-15,250,브라,ITEM,3,3,2,1,172,83,1.7442
2026-08-18,250,브라,ITEM,2,2,1,0,303,163,0.6601
2026-08-22,250,브라,ITEM,1,1,1,0,275,117,0.3636
2026-08-27,250,브라,ITEM,1,1,1,0,330,161,0.303
2026-08-28,250,브라,ITEM,2,2,1,0,414,157,0.4831
2026-08-31,250,브라,ITEM,1,1,1,0,714,321,0.1401
2026-09-03,250,브라,ITEM,3,3,2,1,603,270,0.4975
2026-09-04,250,브라,ITEM,4,4,2,0,482,221,0.8299
2025-09-01,432,블랙,COLOR,1,1,1,0,68,41,1.4706
2025-09-02,432,블랙,COLOR,1,1,1,0,36,20,2.7778
2025-09-05,432,블랙,COLOR,1,1,1,1,87,25,1.1494
2025-09-12,432,블랙,COLOR,2,2,1,1,61,22,3.2787
2025-09-13,432,블랙,COLOR,1,1,1,0,46,32,2.1739
2025-09-14,432,블랙,COLOR,1,1,1,1,52,13,1.9231
2025-09-15,432,블랙,COLOR,4,4,3,0,110,52,3.6364
2025-09-16,432,블랙,COLOR,6,6,1,0,108,47,5.5556
2025-09-19,432,블랙,COLOR,4,4,1,1,106,25,3.7736
2025-09-20,432,블랙,COLOR,4,4,2,0,96,34,4.1667
2025-09-21,432,블랙,COLOR,1,1,1,0,55,12,1.8182
2025-09-22,432,블랙,COLOR,1,1,1,0,30,17,3.3333
2025-09-25,432,블랙,COLOR,2,2,2,0,40,12,5.0
2025-09-26,432,블랙,COLOR,1,1,1,1,76,18,1.3158
2025-09-27,432,블랙,COLOR,1,1,1,0,92,35,1.087
2025-09-28,432,블랙,COLOR,2,2,2,1,78,15,2.5641
2025-10-03,432,블랙,COLOR,1,1,1,1,103,20,0.9709
2025-10-05,432,블랙,COLOR,1,1,1,1,53,14,1.8868
2025-10-07,432,블랙,COLOR,1,1,1,0,18,7,5.5556
2025-10-10,432,블랙,COLOR,3,3,1,1,80,23,3.75
2025-10-11,432,블랙,COLOR,3,3,2,0,50,26,6.0
2025-10-12,432,블랙,COLOR,2,2,2,1,76,22,2.6316
2025-10-13,432,블랙,COLOR,1,1,1,0,20,6,5.0
2025-10-17,432,블랙,COLOR,1,1,1,1,45,13,2.2222
2025-10-21,432,블랙,COLOR,1,1,1,0,19,11,5.2632
2025-10-24,432,블랙,COLOR,1,1,1,1,96,19,1.0417
2025-10-25,432,블랙,COLOR,1,1,1,0,48,21,2.0833
2025-10-26,432,블랙,COLOR,2,2,2,1,63,15,3.1746
2025-10-27,432,블랙,COLOR,1,1,1,0,24,12,4.1667
2025-10-29,432,블랙,COLOR,2,2,1,1,26,9,7.6923
2025-10-31,432,블랙,COLOR,2,2,1,0,66,25,3.0303
2025-11-02,432,블랙,COLOR,1,1,1,1,86,23,1.1628
2025-11-03,432,블랙,COLOR,1,1,1,1,51,15,1.9608
2025-11-09,432,블랙,COLOR,2,2,2,1,76,21,2.6316
2025-11-12,432,블랙,COLOR,1,1,1,0,33,12,3.0303
2025-11-16,432,블랙,COLOR,2,2,2,1,99,44,2.0202
2025-11-19,432,블랙,COLOR,2,2,1,0,165,47,1.2121
2025-11-20,432,블랙,COLOR,1,1,1,0,172,49,0.5814
2025-11-21,432,블랙,COLOR,2,2,1,0,127,48,1.5748
2025-11-22,432,블랙,COLOR,2,2,1,0,75,36,2.6667
2025-11-23,432,블랙,COLOR,4,4,1,1,92,33,4.3478
2025-11-25,432,블랙,COLOR,2,2,1,1,50,29,4.0
2025-11-26,432,블랙,COLOR,1,1,1,0,29,14,3.4483
2025-11-29,432,블랙,COLOR,3,3,2,1,64,24,4.6875
2025-11-30,432,블랙,COLOR,1,1,1,0,72,27,1.3889
2025-12-02,432,블랙,COLOR,2,2,2,1,123,66,1.626
2025-12-03,432,블랙,COLOR,2,2,1,0,93,52,2.1505
2025-12-05,432,블랙,COLOR,2,2,2,0,88,46,2.2727
2025-12-06,432,블랙,COLOR,1,1,1,0,91,53,1.0989
2025-12-07,432,블랙,COLOR,3,3,2,2,120,49,2.5
2025-12-09,432,블랙,COLOR,1,1,1,0,10,6,10.0
2025-12-17,432,블랙,COLOR,1,1,1,0,8,5,12.5
2025-12-19,432,블랙,COLOR,1,1,1,0,67,36,1.4925
2025-12-21,432,블랙,COLOR,3,3,2,1,92,38,3.2609
2025-12-24,432,블랙,COLOR,1,1,1,0,22,11,4.5455
2025-12-26,432,블랙,COLOR,1,1,1,1,41,17,2.439
2025-12-27,432,블랙,COLOR,1,1,1,0,32,21,3.125
2025-12-30,432,블랙,COLOR,1,1,1,1,36,17,2.7778
2026-01-02,432,블랙,COLOR,3,3,2,0,103,31,2.9126
2026-01-03,432,블랙,COLOR,2,2,1,0,71,37,2.8169
2026-01-06,432,블랙,COLOR,2,2,1,0,35,19,5.7143
2026-01-07,432,블랙,COLOR,1,1,1,0,13,8,7.6923
2026-01-16,432,블랙,COLOR,9,9,2,1,108,22,8.3333
2026-01-17,432,블랙,COLOR,4,4,2,1,143,78,2.7972
2026-01-20,432,블랙,COLOR,2,2,2,1,57,25,3.5088
2026-01-21,432,블랙,COLOR,1,1,1,0,22,16,4.5455
2026-01-22,432,블랙,COLOR,1,1,1,0,17,8,5.8824
2026-01-23,432,블랙,COLOR,4,4,1,1,61,26,6.5574
2026-01-28,432,블랙,COLOR,1,1,1,1,29,13,3.4483
2026-01-29,432,블랙,COLOR,1,1,1,0,60,12,1.6667
2026-02-01,432,블랙,COLOR,5,5,2,0,83,43,6.0241
2026-02-02,432,블랙,COLOR,1,1,1,0,12,10,8.3333
2026-02-06,432,블랙,COLOR,2,2,2,1,65,32,3.0769
2026-02-09,432,블랙,COLOR,1,1,1,1,22,15,4.5455
2026-02-10,432,블랙,COLOR,1,1,1,0,57,40,1.7544
2026-02-12,432,블랙,COLOR,1,1,1,0,24,12,4.1667
2026-02-19,432,블랙,COLOR,1,1,1,0,25,13,4.0
2026-02-20,432,블랙,COLOR,2,2,2,2,152,39,1.3158
2026-02-21,432,블랙,COLOR,1,1,1,0,32,19,3.125
2026-02-22,432,블랙,COLOR,1,1,1,1,61,30,1.6393
2026-02-23,432,블랙,COLOR,1,1,1,0,31,19,3.2258
2026-02-24,432,블랙,COLOR,1,1,1,0,63,32,1.5873
2026-02-25,432,블랙,COLOR,1,1,1,0,52,33,1.9231
2026-02-26,432,블랙,COLOR,1,1,1,0,56,33,1.7857
2026-02-27,432,블랙,COLOR,1,1,1,1,156,44,0.641
2026-02-28,432,블랙,COLOR,1,1,1,0,87,47,1.1494
2026-03-01,432,블랙,COLOR,5,5,3,3,144,46,3.4722
2026-03-02,432,블랙,COLOR,1,1,1,0,49,31,2.0408
2026-03-04,432,블랙,COLOR,1,1,1,1,159,65,0.6289
2026-03-06,432,블랙,COLOR,6,6,4,2,203,70,2.9557
2026-03-07,432,블랙,COLOR,3,3,1,0,82,41,3.6585
2026-03-08,432,블랙,COLOR,3,3,1,0,71,37,4.2254
2026-03-09,432,블랙,COLOR,1,1,1,0,37,18,2.7027
2026-03-10,432,블랙,COLOR,1,1,1,0,28,22,3.5714
2026-03-11,432,블랙,COLOR,1,1,1,0,20,12,5.0
2026-03-12,432,블랙,COLOR,1,1,1,0,22,15,4.5455
2026-03-15,432,블랙,COLOR,1,1,1,1,87,29,1.1494
2026-03-17,432,블랙,COLOR,2,2,2,1,76,20,2.6316
2026-03-19,432,블랙,COLOR,2,2,2,0,89,60,2.2472
2026-03-20,432,블랙,COLOR,1,1,1,1,44,13,2.2727
2026-03-22,432,블랙,COLOR,2,2,2,1,158,62,1.2658
2026-03-23,432,블랙,COLOR,2,2,2,0,64,38,3.125
2026-03-26,432,블랙,COLOR,2,2,2,1,154,65,1.2987
2026-03-27,432,블랙,COLOR,2,2,2,0,124,47,1.6129
2026-03-30,432,블랙,COLOR,1,1,1,0,49,29,2.0408
2026-03-31,432,블랙,COLOR,1,1,1,1,70,26,1.4286
2026-04-01,432,블랙,COLOR,3,3,3,0,43,22,6.9767
2026-04-02,432,블랙,COLOR,1,1,1,0,103,44,0.9709
2026-04-03,432,블랙,COLOR,2,2,2,1,69,31,2.8986
2026-04-05,432,블랙,COLOR,2,2,1,1,129,44,1.5504
2026-04-08,432,블랙,COLOR,1,1,1,0,32,13,3.125
2026-04-11,432,블랙,COLOR,3,3,1,0,80,37,3.75
2026-04-15,432,블랙,COLOR,2,2,2,1,22,10,9.0909
2026-04-16,432,블랙,COLOR,1,1,1,1,41,12,2.439
2026-04-18,432,블랙,COLOR,5,5,2,2,168,63,2.9762
2026-04-19,432,블랙,COLOR,3,3,3,2,286,115,1.049
2026-04-20,432,블랙,COLOR,3,3,3,0,238,90,1.2605
2026-04-22,432,블랙,COLOR,1,1,1,0,63,26,1.5873
2026-04-24,432,블랙,COLOR,2,2,2,0,49,31,4.0816
2026-04-25,432,블랙,COLOR,1,1,1,0,52,20,1.9231
2026-04-28,432,블랙,COLOR,1,1,1,0,51,26,1.9608
2026-04-29,432,블랙,COLOR,2,2,1,1,54,16,3.7037
2026-04-30,432,블랙,COLOR,1,1,1,1,78,19,1.2821
2026-05-01,432,블랙,COLOR,2,2,2,1,82,24,2.439
2026-05-02,432,블랙,COLOR,1,1,1,0,66,35,1.5152
2026-05-03,432,블랙,COLOR,1,1,1,0,150,45,0.6667
2026-05-05,432,블랙,COLOR,3,3,2,0,121,55,2.4793
2026-05-06,432,블랙,COLOR,1,1,1,0,95,40,1.0526
2026-05-07,432,블랙,COLOR,1,1,1,0,60,37,1.6667
2026-05-08,432,블랙,COLOR,1,1,1,1,46,32,2.1739
2026-05-10,432,블랙,COLOR,1,1,1,0,34,21,2.9412
2026-05-11,432,블랙,COLOR,2,2,1,1,111,47,1.8018
2026-05-12,432,블랙,COLOR,1,1,1,1,134,52,0.7463
2026-05-13,432,블랙,COLOR,1,1,1,0,137,56,0.7299
2026-05-14,432,블랙,COLOR,5,5,5,2,271,108,1.845
2026-05-15,432,블랙,COLOR,7,7,4,0,177,75,3.9548
2026-05-16,432,블랙,COLOR,6,6,2,1,158,49,3.7975
2026-05-17,432,블랙,COLOR,3,3,2,1,166,82,1.8072
2026-05-18,432,블랙,COLOR,5,5,4,1,146,74,3.4247
2026-05-19,432,블랙,COLOR,1,1,1,0,39,23,2.5641
2026-05-20,432,블랙,COLOR,3,3,2,1,244,80,1.2295
2026-05-21,432,블랙,COLOR,6,6,4,3,270,85,2.2222
2026-05-22,432,블랙,COLOR,9,9,6,1,227,77,3.9648
2026-05-23,432,블랙,COLOR,6,6,4,3,331,93,1.8127
2026-05-24,432,블랙,COLOR,13,13,6,3,297,121,4.3771
2026-05-25,432,블랙,COLOR,5,5,5,2,400,155,1.25
2026-05-26,432,블랙,COLOR,8,8,6,2,189,90,4.2328
2026-05-27,432,블랙,COLOR,6,6,5,2,222,83,2.7027
2026-05-28,432,블랙,COLOR,9,9,6,1,228,103,3.9474
2026-05-30,432,블랙,COLOR,5,5,3,1,234,83,2.1368
2026-05-31,432,블랙,COLOR,8,8,8,4,354,109,2.2599
2026-06-01,432,블랙,COLOR,4,4,3,1,360,160,1.1111
2026-06-02,432,블랙,COLOR,3,3,2,1,224,100,1.3393
2026-06-03,432,블랙,COLOR,5,5,4,1,222,94,2.2523
2026-06-04,432,블랙,COLOR,3,3,2,0,137,74,2.1898
2026-06-05,432,블랙,COLOR,2,2,2,1,183,55,1.0929
2026-06-06,432,블랙,COLOR,5,5,5,5,336,108,1.4881
2026-06-07,432,블랙,COLOR,5,5,2,0,322,152,1.5528
2026-06-08,432,블랙,COLOR,11,11,6,3,380,152,2.8947
2026-06-09,432,블랙,COLOR,1,1,1,1,247,108,0.4049
2026-06-10,432,블랙,COLOR,9,9,5,3,345,160,2.6087
2026-06-11,432,블랙,COLOR,8,8,6,1,239,114,3.3473
2026-06-12,432,블랙,COLOR,11,11,5,3,352,114,3.125
2026-06-13,432,블랙,COLOR,9,9,7,1,267,107,3.3708
2026-06-14,432,블랙,COLOR,12,12,10,5,529,186,2.2684
2026-06-15,432,블랙,COLOR,12,12,8,5,440,179,2.7273
2026-06-16,432,블랙,COLOR,10,10,5,4,465,184,2.1505
2026-06-17,432,블랙,COLOR,14,14,8,4,365,130,3.8356
2026-06-18,432,블랙,COLOR,10,10,8,1,286,139,3.4965
2026-06-19,432,블랙,COLOR,11,11,11,6,510,170,2.1569
2026-06-20,432,블랙,COLOR,6,6,5,2,422,169,1.4218
2026-06-21,432,블랙,COLOR,5,5,4,2,550,205,0.9091
2026-06-22,432,블랙,COLOR,11,11,9,4,455,179,2.4176
2026-06-23,432,블랙,COLOR,10,10,9,1,401,171,2.4938
2026-06-24,432,블랙,COLOR,13,13,10,4,369,145,3.523
2026-06-25,432,블랙,COLOR,3,3,3,1,162,75,1.8519
2026-06-26,432,블랙,COLOR,6,6,5,1,247,81,2.4291
2026-06-27,432,블랙,COLOR,1,1,1,1,214,76,0.4673
2026-06-28,432,블랙,COLOR,17,17,9,4,327,109,5.1988
2026-06-29,432,블랙,COLOR,5,5,5,0,182,100,2.7473
2026-06-30,432,블랙,COLOR,7,7,7,1,156,56,4.4872
2026-07-01,432,블랙,COLOR,8,8,6,4,261,93,3.0651
2026-07-02,432,블랙,COLOR,4,4,4,1,107,58,3.7383
2026-07-03,432,블랙,COLOR,2,2,2,1,154,63,1.2987
2026-07-04,432,블랙,COLOR,9,9,5,3,306,114,2.9412
2026-07-05,432,블랙,COLOR,7,7,5,2,295,122,2.3729
2026-07-06,432,블랙,COLOR,8,8,4,1,204,85,3.9216
2026-07-07,432,블랙,COLOR,4,4,4,2,203,85,1.9704
2026-07-08,432,블랙,COLOR,2,2,2,0,112,58,1.7857
2026-07-09,432,블랙,COLOR,3,3,2,1,161,62,1.8634
2026-07-10,432,블랙,COLOR,8,8,7,2,249,60,3.2129
2026-07-11,432,블랙,COLOR,1,1,1,0,174,63,0.5747
2026-07-12,432,블랙,COLOR,6,6,4,2,314,141,1.9108
2026-07-13,432,블랙,COLOR,14,14,10,4,382,151,3.6649
2026-07-14,432,블랙,COLOR,5,5,3,1,267,89,1.8727
2026-07-15,432,블랙,COLOR,6,6,5,2,265,87,2.2642
2026-07-16,432,블랙,COLOR,6,6,5,2,179,58,3.352
2026-07-17,432,블랙,COLOR,9,9,7,3,332,101,2.7108
2026-07-18,432,블랙,COLOR,26,26,4,2,429,155,6.0606
2026-07-19,432,블랙,COLOR,30,30,7,2,670,210,4.4776
2026-07-20,432,블랙,COLOR,10,10,5,1,386,140,2.5907
2026-07-21,432,블랙,COLOR,4,4,4,1,284,141,1.4085
2026-07-22,432,블랙,COLOR,7,7,7,1,244,112,2.8689
2026-07-23,432,블랙,COLOR,5,5,4,2,243,86,2.0576
2026-07-24,432,블랙,COLOR,5,5,4,2,233,80,2.1459
2026-07-25,432,블랙,COLOR,26,26,7,1,245,115,10.6122
2026-07-26,432,블랙,COLOR,9,9,6,2,338,132,2.6627
2026-07-27,432,블랙,COLOR,7,7,7,1,392,161,1.7857
2026-07-28,432,블랙,COLOR,4,4,4,1,262,125,1.5267
2026-07-29,432,블랙,COLOR,10,10,5,2,238,113,4.2017
2026-07-30,432,블랙,COLOR,6,6,3,1,249,101,2.4096
2026-07-31,432,블랙,COLOR,5,5,5,1,204,84,2.451
2026-08-01,432,블랙,COLOR,4,4,4,2,277,115,1.444
2026-08-02,432,블랙,COLOR,2,2,2,1,250,101,0.8
2026-08-03,432,블랙,COLOR,12,12,8,2,257,111,4.6693
2026-08-04,432,블랙,COLOR,6,6,5,2,225,88,2.6667
2026-08-05,432,블랙,COLOR,12,12,2,0,302,135,3.9735
2026-08-06,432,블랙,COLOR,9,9,5,2,284,112,3.169
2026-08-07,432,블랙,COLOR,7,7,5,1,151,70,4.6358
2026-08-08,432,블랙,COLOR,5,5,5,1,143,57,3.4965
2026-08-09,432,블랙,COLOR,7,7,6,1,265,116,2.6415
2026-08-10,432,블랙,COLOR,10,10,7,3,244,105,4.0984
2026-08-11,432,블랙,COLOR,10,10,7,4,383,116,2.611
2026-08-12,432,블랙,COLOR,7,7,5,3,194,92,3.6082
2026-08-13,432,블랙,COLOR,7,7,5,1,223,94,3.139
2026-08-14,432,블랙,COLOR,5,5,3,2,159,54,3.1447
2026-08-15,432,블랙,COLOR,4,4,4,2,172,83,2.3256
2026-08-16,432,블랙,COLOR,6,6,5,2,232,98,2.5862
2026-08-17,432,블랙,COLOR,11,11,8,3,543,223,2.0258
2026-08-18,432,블랙,COLOR,5,5,4,0,303,163,1.6502
2026-08-19,432,블랙,COLOR,8,8,7,2,219,95,3.653
2026-08-20,432,블랙,COLOR,4,4,4,2,236,110,1.6949
2026-08-21,432,블랙,COLOR,3,3,3,1,235,105,1.2766
2026-08-22,432,블랙,COLOR,8,8,6,2,275,117,2.9091
2026-08-23,432,블랙,COLOR,8,8,3,2,472,218,1.6949
2026-08-24,432,블랙,COLOR,14,14,11,4,592,293,2.3649
2026-08-25,432,블랙,COLOR,9,9,4,1,405,202,2.2222
2026-08-26,432,블랙,COLOR,9,9,7,1,424,195,2.1226
2026-08-27,432,블랙,COLOR,5,5,5,0,330,161,1.5152
2026-08-28,432,블랙,COLOR,8,8,7,3,414,157,1.9324
2026-08-29,432,블랙,COLOR,7,7,5,2,316,144,2.2152
2026-08-30,432,블랙,COLOR,19,19,5,1,735,303,2.585
2026-08-31,432,블랙,COLOR,14,14,10,2,714,321,1.9608
2026-09-01,432,블랙,COLOR,17,17,9,4,601,253,2.8286
2026-09-02,432,블랙,COLOR,17,17,11,4,502,221,3.3865
2026-09-03,432,블랙,COLOR,15,15,13,3,603,270,2.4876
2026-09-04,432,블랙,COLOR,12,12,8,2,482,221,2.4896
2026-09-05,432,블랙,COLOR,7,7,6,1,563,234,1.2433
2026-09-06,432,블랙,COLOR,22,22,11,5,858,363,2.5641
2026-09-07,432,블랙,COLOR,19,19,12,3,732,308,2.5956
2026-09-08,432,블랙,COLOR,4,4,4,1,248,112,1.6129
2026-09-09,432,블랙,COLOR,4,4,4,4,170,7,2.3529
2025-09-04,425,블루,COLOR,1,1,1,0,14,11,7.1429
2025-09-14,425,블루,COLOR,1,1,1,1,52,13,1.9231
2025-09-15,425,블루,COLOR,2,2,1,0,110,52,1.8182
2025-09-16,425,블루,COLOR,2,2,1,0,108,47,1.8519
2025-09-17,425,블루,COLOR,1,1,1,0,22,12,4.5455
2025-09-19,425,블루,COLOR,1,1,1,0,106,25,0.9434
2025-09-23,425,블루,COLOR,1,1,1,0,14,5,7.1429
2025-10-19,425,블루,COLOR,1,1,1,1,46,13,2.1739
2025-10-24,425,블루,COLOR,1,1,1,0,96,19,1.0417
2025-11-03,425,블루,COLOR,1,1,1,1,51,15,1.9608
2025-11-15,425,블루,COLOR,1,1,1,0,72,28,1.3889
2025-11-20,425,블루,COLOR,1,1,1,0,172,49,0.5814
2025-12-05,425,블루,COLOR,1,1,1,0,88,46,1.1364
2025-12-06,425,블루,COLOR,1,1,1,0,91,53,1.0989
2025-12-19,425,블루,COLOR,3,3,1,0,67,36,4.4776
2025-12-20,425,블루,COLOR,2,2,1,0,56,39,3.5714
2025-12-21,425,블루,COLOR,1,1,1,0,92,38,1.087
2025-12-23,425,블루,COLOR,1,1,1,0,50,24,2.0
2026-01-02,425,블루,COLOR,1,1,1,1,103,31,0.9709
2026-01-29,425,블루,COLOR,1,1,1,1,60,12,1.6667
2026-02-07,425,블루,COLOR,4,4,1,0,115,57,3.4783
2026-02-10,425,블루,COLOR,2,2,1,0,57,40,3.5088
2026-02-20,425,블루,COLOR,1,1,1,1,152,39,0.6579
2026-02-24,425,블루,COLOR,2,2,1,0,63,32,3.1746
2026-03-04,425,블루,COLOR,1,1,1,1,159,65,0.6289
2026-03-05,425,블루,COLOR,1,1,1,1,64,22,1.5625
2026-03-09,425,블루,COLOR,1,1,1,0,37,18,2.7027
2026-03-12,425,블루,COLOR,1,1,1,0,22,15,4.5455
2026-03-16,425,블루,COLOR,3,3,3,1,83,23,3.6145
2026-03-17,425,블루,COLOR,1,1,1,0,76,20,1.3158
2026-03-26,425,블루,COLOR,11,11,1,1,154,65,7.1429
2026-03-27,425,블루,COLOR,8,8,1,0,124,47,6.4516
2026-03-28,425,블루,COLOR,3,3,1,0,23,9,13.0435
2026-03-29,425,블루,COLOR,2,2,1,0,38,17,5.2632
2026-03-31,425,블루,COLOR,2,2,2,1,70,26,2.8571
2026-04-01,425,블루,COLOR,2,2,1,0,43,22,4.6512
2026-04-02,425,블루,COLOR,6,6,3,0,103,44,5.8252
2026-04-03,425,블루,COLOR,1,1,1,1,69,31,1.4493
2026-04-04,425,블루,COLOR,1,1,1,0,58,37,1.7241
2026-04-08,425,블루,COLOR,1,1,1,0,32,13,3.125
2026-04-11,425,블루,COLOR,1,1,1,1,80,37,1.25
2026-04-20,425,블루,COLOR,1,1,1,0,238,90,0.4202
2026-04-21,425,블루,COLOR,1,1,1,0,58,30,1.7241
2026-04-23,425,블루,COLOR,1,1,1,0,116,64,0.8621
2026-04-27,425,블루,COLOR,1,1,1,0,175,75,0.5714
2026-04-29,425,블루,COLOR,1,1,1,1,54,16,1.8519
2026-05-12,425,블루,COLOR,2,2,1,1,134,52,1.4925
2026-05-14,425,블루,COLOR,1,1,1,1,271,108,0.369
2026-05-15,425,블루,COLOR,1,1,1,0,177,75,0.565
2026-05-16,425,블루,COLOR,1,1,1,1,158,49,0.6329
2026-05-17,425,블루,COLOR,1,1,1,0,166,82,0.6024
2026-05-18,425,블루,COLOR,1,1,1,1,146,74,0.6849
2026-05-20,425,블루,COLOR,1,1,1,1,244,80,0.4098
2026-05-21,425,블루,COLOR,1,1,1,1,270,85,0.3704
2026-05-23,425,블루,COLOR,2,2,2,2,331,93,0.6042
2026-05-25,425,블루,COLOR,1,1,1,1,400,155,0.25
2026-05-26,425,블루,COLOR,4,4,3,2,189,90,2.1164
2026-05-29,425,블루,COLOR,2,2,1,1,188,59,1.0638
2026-05-31,425,블루,COLOR,1,1,1,1,354,109,0.2825
2026-06-01,425,블루,COLOR,2,2,2,2,360,160,0.5556
2026-06-02,425,블루,COLOR,2,2,1,1,224,100,0.8929
2026-06-03,425,블루,COLOR,1,1,1,1,222,94,0.4505
2026-06-04,425,블루,COLOR,1,1,1,0,137,74,0.7299
2026-06-05,425,블루,COLOR,2,2,2,0,183,55,1.0929
2026-06-06,425,블루,COLOR,5,5,2,1,336,108,1.4881
2026-06-07,425,블루,COLOR,3,3,2,0,322,152,0.9317
2026-06-08,425,블루,COLOR,1,1,1,0,380,152,0.2632
2026-06-10,425,블루,COLOR,1,1,1,0,345,160,0.2899
2026-06-12,425,블루,COLOR,2,2,2,1,352,114,0.5682
2026-06-13,425,블루,COLOR,1,1,1,0,267,107,0.3745
2026-06-14,425,블루,COLOR,8,8,3,2,529,186,1.5123
2026-06-16,425,블루,COLOR,2,2,1,1,465,184,0.4301
2026-06-17,425,블루,COLOR,4,4,3,2,365,130,1.0959
2026-06-18,425,블루,COLOR,2,2,2,0,286,139,0.6993
2026-06-19,425,블루,COLOR,3,3,2,1,510,170,0.5882
2026-06-20,425,블루,COLOR,2,2,2,1,422,169,0.4739
2026-06-21,425,블루,COLOR,2,2,2,2,550,205,0.3636
2026-06-22,425,블루,COLOR,5,5,4,3,455,179,1.0989
2026-06-23,425,블루,COLOR,3,3,2,2,401,171,0.7481
2026-06-24,425,블루,COLOR,2,2,2,1,369,145,0.542
2026-06-26,425,블루,COLOR,1,1,1,0,247,81,0.4049
2026-06-28,425,블루,COLOR,1,1,1,1,327,109,0.3058
2026-06-29,425,블루,COLOR,1,1,1,0,182,100,0.5495
2026-06-30,425,블루,COLOR,1,1,1,1,156,56,0.641
2026-07-03,425,블루,COLOR,1,1,1,0,154,63,0.6494
2026-07-04,425,블루,COLOR,1,1,1,1,306,114,0.3268
2026-07-06,425,블루,COLOR,1,1,1,0,204,85,0.4902
2026-07-07,425,블루,COLOR,1,1,1,1,203,85,0.4926
2026-07-08,425,블루,COLOR,1,1,1,0,112,58,0.8929
2026-07-10,425,블루,COLOR,3,3,2,1,249,60,1.2048
2026-07-11,425,블루,COLOR,1,1,1,1,174,63,0.5747
2026-07-12,425,블루,COLOR,2,2,2,0,314,141,0.6369
2026-07-13,425,블루,COLOR,2,2,2,1,382,151,0.5236
2026-07-14,425,블루,COLOR,2,2,1,0,267,89,0.7491
2026-07-17,425,블루,COLOR,1,1,1,1,332,101,0.3012
2026-07-18,425,블루,COLOR,3,3,3,1,429,155,0.6993
2026-07-19,425,블루,COLOR,5,5,3,1,670,210,0.7463
2026-07-20,425,블루,COLOR,1,1,1,1,386,140,0.2591
2026-07-21,425,블루,COLOR,2,2,2,1,284,141,0.7042
2026-07-22,425,블루,COLOR,1,1,1,1,244,112,0.4098
2026-07-23,425,블루,COLOR,1,1,1,1,243,86,0.4115
2026-07-24,425,블루,COLOR,3,3,2,1,233,80,1.2876
2026-07-25,425,블루,COLOR,1,1,1,0,245,115,0.4082
2026-07-26,425,블루,COLOR,3,3,2,1,338,132,0.8876
2026-07-27,425,블루,COLOR,3,3,2,1,392,161,0.7653
2026-07-28,425,블루,COLOR,3,3,2,1,262,125,1.145
2026-07-29,425,블루,COLOR,1,1,1,0,238,113,0.4202
2026-07-31,425,블루,COLOR,1,1,1,1,204,84,0.4902
2026-08-03,425,블루,COLOR,2,2,2,2,257,111,0.7782
2026-08-04,425,블루,COLOR,1,1,1,1,225,88,0.4444
2026-08-05,425,블루,COLOR,1,1,1,0,302,135,0.3311
2026-08-06,425,블루,COLOR,3,3,3,1,284,112,1.0563
2026-08-11,425,블루,COLOR,1,1,1,0,383,116,0.2611
2026-08-12,425,블루,COLOR,1,1,1,0,194,92,0.5155
2026-08-17,425,블루,COLOR,2,2,2,0,543,223,0.3683
2026-08-20,425,블루,COLOR,1,1,1,1,236,110,0.4237
2026-08-21,425,블루,COLOR,1,1,1,0,235,105,0.4255
2026-08-22,425,블루,COLOR,2,2,2,0,275,117,0.7273
2026-08-24,425,블루,COLOR,1,1,1,1,592,293,0.1689
2026-08-25,425,블루,COLOR,2,2,2,0,405,202,0.4938
2026-08-27,425,블루,COLOR,2,2,2,0,330,161,0.6061
2026-08-28,425,블루,COLOR,2,2,2,1,414,157,0.4831
2026-08-29,425,블루,COLOR,1,1,1,0,316,144,0.3165
2026-08-30,425,블루,COLOR,1,1,1,1,735,303,0.1361
2026-08-31,425,블루,COLOR,7,7,4,0,714,321,0.9804
2026-09-01,425,블루,COLOR,5,5,4,2,601,253,0.8319
2026-09-02,425,블루,COLOR,2,2,2,1,502,221,0.3984
2026-09-03,425,블루,COLOR,2,2,1,0,603,270,0.3317
2026-09-04,425,블루,COLOR,2,2,2,0,482,221,0.4149
2026-09-05,425,블루,COLOR,1,1,1,0,563,234,0.1776
2026-09-06,425,블루,COLOR,6,6,3,1,858,363,0.6993
2026-09-07,425,블루,COLOR,2,2,2,0,732,308,0.2732
2026-09-08,425,블루,COLOR,3,3,3,1,248,112,1.2097
2026-09-09,425,블루,COLOR,1,1,1,1,170,7,0.5882
2025-11-16,247,비니,ITEM,2,2,1,0,99,44,2.0202
2025-11-17,247,비니,ITEM,2,2,1,0,60,30,3.3333
2026-01-18,247,비니,ITEM,2,2,1,0,53,29,3.7736
2026-02-01,247,비니,ITEM,1,1,1,0,83,43,1.2048
2026-03-04,247,비니,ITEM,1,1,1,1,159,65,0.6289
2026-03-05,247,비니,ITEM,1,1,1,0,64,22,1.5625
2026-03-06,247,비니,ITEM,1,1,1,0,203,70,0.4926
2026-05-15,247,비니,ITEM,2,2,2,0,177,75,1.1299
2026-06-17,247,비니,ITEM,2,2,1,0,365,130,0.5479
2026-06-18,247,비니,ITEM,1,1,1,0,286,139,0.3497
2026-06-25,247,비니,ITEM,2,2,1,0,162,75,1.2346
2026-07-17,247,비니,ITEM,1,1,1,1,332,101,0.3012
2026-07-24,247,비니,ITEM,1,1,1,1,233,80,0.4292
2026-07-30,247,비니,ITEM,1,1,1,0,249,101,0.4016
2026-07-31,247,비니,ITEM,1,1,1,0,204,84,0.4902
2026-08-02,247,비니,ITEM,1,1,1,0,250,101,0.4
2026-08-11,247,비니,ITEM,1,1,1,1,383,116,0.2611
2026-08-17,247,비니,ITEM,1,1,1,1,543,223,0.1842
2026-08-18,247,비니,ITEM,2,2,1,0,303,163,0.6601
2026-08-19,247,비니,ITEM,1,1,1,1,219,95,0.4566
2025-09-22,760,비즈,DETAIL,1,1,1,0,30,17,3.3333
2026-06-03,760,비즈,DETAIL,1,1,1,0,222,94,0.4505
2026-06-05,760,비즈,DETAIL,1,1,1,0,183,55,0.5464
2026-06-07,760,비즈,DETAIL,1,1,1,0,322,152,0.3106
2026-06-19,760,비즈,DETAIL,1,1,1,1,510,170,0.1961
2026-06-26,760,비즈,DETAIL,1,1,1,1,247,81,0.4049
2026-07-13,760,비즈,DETAIL,1,1,1,1,382,151,0.2618
2026-05-17,471,살몬,COLOR,1,1,1,0,166,82,0.6024
2025-10-03,547,새틴,MATERIAL,1,1,1,1,103,20,0.9709
2026-02-27,547,새틴,MATERIAL,1,1,1,1,156,44,0.641
2026-04-02,547,새틴,MATERIAL,2,2,1,1,103,44,1.9417
2026-04-20,547,새틴,MATERIAL,1,1,1,1,238,90,0.4202
2026-05-03,547,새틴,MATERIAL,1,1,1,1,150,45,0.6667
2026-05-05,547,새틴,MATERIAL,1,1,1,0,121,55,0.8264
2026-05-13,547,새틴,MATERIAL,2,2,1,1,137,56,1.4599
2026-05-16,547,새틴,MATERIAL,1,1,1,1,158,49,0.6329
2026-05-21,547,새틴,MATERIAL,6,6,2,2,270,85,2.2222
2026-05-22,547,새틴,MATERIAL,2,2,1,0,227,77,0.8811
2026-05-29,547,새틴,MATERIAL,1,1,1,1,188,59,0.5319
2026-06-03,547,새틴,MATERIAL,1,1,1,0,222,94,0.4505
2026-06-10,547,새틴,MATERIAL,2,2,1,1,345,160,0.5797
2026-06-13,547,새틴,MATERIAL,1,1,1,1,267,107,0.3745
2026-06-18,547,새틴,MATERIAL,1,1,1,1,286,139,0.3497
2026-06-20,547,새틴,MATERIAL,5,5,1,1,422,169,1.1848
2026-06-21,547,새틴,MATERIAL,1,1,1,1,550,205,0.1818
2026-06-22,547,새틴,MATERIAL,1,1,1,0,455,179,0.2198
2026-06-24,547,새틴,MATERIAL,5,5,3,2,369,145,1.355
2026-06-27,547,새틴,MATERIAL,1,1,1,1,214,76,0.4673
2026-06-28,547,새틴,MATERIAL,1,1,1,1,327,109,0.3058
2026-07-04,547,새틴,MATERIAL,1,1,1,0,306,114,0.3268
2026-07-05,547,새틴,MATERIAL,1,1,1,0,295,122,0.339
2026-07-11,547,새틴,MATERIAL,1,1,1,1,174,63,0.5747
2026-07-15,547,새틴,MATERIAL,1,1,1,0,265,87,0.3774
2026-07-16,547,새틴,MATERIAL,1,1,1,1,179,58,0.5587
2026-07-17,547,새틴,MATERIAL,2,2,2,1,332,101,0.6024
2026-07-26,547,새틴,MATERIAL,2,2,1,1,338,132,0.5917
2026-07-29,547,새틴,MATERIAL,1,1,1,0,238,113,0.4202
2026-08-08,547,새틴,MATERIAL,1,1,1,0,143,57,0.6993
2026-08-09,547,새틴,MATERIAL,2,2,2,1,265,116,0.7547
2026-08-11,547,새틴,MATERIAL,1,1,1,1,383,116,0.2611
2026-08-12,547,새틴,MATERIAL,1,1,1,0,194,92,0.5155
2026-08-13,547,새틴,MATERIAL,1,1,1,0,223,94,0.4484
2026-08-14,547,새틴,MATERIAL,1,1,1,1,159,54,0.6289
2026-08-17,547,새틴,MATERIAL,2,2,2,1,543,223,0.3683
2026-08-18,547,새틴,MATERIAL,1,1,1,0,303,163,0.33
2026-08-20,547,새틴,MATERIAL,2,2,1,1,236,110,0.8475
2026-08-21,547,새틴,MATERIAL,2,2,1,0,235,105,0.8511
2026-08-22,547,새틴,MATERIAL,2,2,2,1,275,117,0.7273
2026-08-23,547,새틴,MATERIAL,1,1,1,0,472,218,0.2119
2026-08-24,547,새틴,MATERIAL,1,1,1,0,592,293,0.1689
2026-08-26,547,새틴,MATERIAL,2,2,1,0,424,195,0.4717
2026-08-28,547,새틴,MATERIAL,2,2,2,1,414,157,0.4831
2026-09-02,547,새틴,MATERIAL,3,3,1,1,502,221,0.5976
2026-09-03,547,새틴,MATERIAL,2,2,2,1,603,270,0.3317
2026-09-06,547,새틴,MATERIAL,2,2,1,1,858,363,0.2331
2025-09-06,211,샌들,ITEM,1,1,1,0,103,33,0.9709
2026-03-26,211,샌들,ITEM,1,1,1,0,154,65,0.6494
2026-05-01,211,샌들,ITEM,3,3,1,1,82,24,3.6585
2026-05-02,211,샌들,ITEM,13,13,1,0,66,35,19.697
2026-05-03,211,샌들,ITEM,6,6,1,0,150,45,4.0
2026-05-04,211,샌들,ITEM,9,9,2,0,61,39,14.7541
2026-05-05,211,샌들,ITEM,2,2,1,0,121,55,1.6529
2026-05-07,211,샌들,ITEM,1,1,1,0,60,37,1.6667
2026-05-08,211,샌들,ITEM,1,1,1,0,46,32,2.1739
2026-05-09,211,샌들,ITEM,1,1,1,0,71,29,1.4085
2026-05-10,211,샌들,ITEM,1,1,1,0,34,21,2.9412
2026-05-12,211,샌들,ITEM,1,1,1,1,134,52,0.7463
2026-05-16,211,샌들,ITEM,1,1,1,1,158,49,0.6329
2026-05-18,211,샌들,ITEM,1,1,1,0,146,74,0.6849
2026-05-20,211,샌들,ITEM,2,2,2,1,244,80,0.8197
2026-05-23,211,샌들,ITEM,1,1,1,1,331,93,0.3021
2026-05-24,211,샌들,ITEM,1,1,1,1,297,121,0.3367
2026-05-25,211,샌들,ITEM,3,3,3,0,400,155,0.75
2026-05-28,211,샌들,ITEM,2,2,2,0,228,103,0.8772
2026-05-30,211,샌들,ITEM,1,1,1,1,234,83,0.4274
2026-05-31,211,샌들,ITEM,2,2,2,1,354,109,0.565
2026-06-03,211,샌들,ITEM,1,1,1,0,222,94,0.4505
2026-06-05,211,샌들,ITEM,2,2,2,0,183,55,1.0929
2026-06-06,211,샌들,ITEM,2,2,2,1,336,108,0.5952
2026-06-07,211,샌들,ITEM,1,1,1,0,322,152,0.3106
2026-06-08,211,샌들,ITEM,11,11,3,1,380,152,2.8947
2026-06-09,211,샌들,ITEM,18,18,3,1,247,108,7.2874
2026-06-10,211,샌들,ITEM,7,7,3,1,345,160,2.029
2026-06-11,211,샌들,ITEM,2,2,2,0,239,114,0.8368
2026-06-12,211,샌들,ITEM,1,1,1,0,352,114,0.2841
2026-06-13,211,샌들,ITEM,2,2,2,0,267,107,0.7491
2026-06-14,211,샌들,ITEM,1,1,1,0,529,186,0.189
2026-06-15,211,샌들,ITEM,1,1,1,0,440,179,0.2273
2026-06-16,211,샌들,ITEM,1,1,1,0,465,184,0.2151
2026-06-17,211,샌들,ITEM,3,3,3,1,365,130,0.8219
2026-06-18,211,샌들,ITEM,3,3,3,1,286,139,1.049
2026-06-19,211,샌들,ITEM,3,3,1,1,510,170,0.5882
2026-06-20,211,샌들,ITEM,6,6,2,0,422,169,1.4218
2026-06-21,211,샌들,ITEM,9,9,4,1,550,205,1.6364
2026-06-22,211,샌들,ITEM,5,5,3,1,455,179,1.0989
2026-06-23,211,샌들,ITEM,3,3,3,1,401,171,0.7481
2026-06-24,211,샌들,ITEM,2,2,2,0,369,145,0.542
2026-06-25,211,샌들,ITEM,2,2,2,0,162,75,1.2346
2026-06-26,211,샌들,ITEM,4,4,4,1,247,81,1.6194
2026-06-27,211,샌들,ITEM,2,2,2,0,214,76,0.9346
2026-06-28,211,샌들,ITEM,4,4,3,3,327,109,1.2232
2026-07-01,211,샌들,ITEM,1,1,1,0,261,93,0.3831
2026-07-02,211,샌들,ITEM,1,1,1,0,107,58,0.9346
2026-07-03,211,샌들,ITEM,1,1,1,0,154,63,0.6494
2026-07-04,211,샌들,ITEM,2,2,2,0,306,114,0.6536
2026-07-05,211,샌들,ITEM,2,2,2,0,295,122,0.678
2026-07-06,211,샌들,ITEM,1,1,1,1,204,85,0.4902
2026-07-09,211,샌들,ITEM,1,1,1,1,161,62,0.6211
2026-07-10,211,샌들,ITEM,1,1,1,0,249,60,0.4016
2026-07-11,211,샌들,ITEM,1,1,1,1,174,63,0.5747
2026-07-12,211,샌들,ITEM,10,10,3,2,314,141,3.1847
2026-07-13,211,샌들,ITEM,8,8,4,1,382,151,2.0942
2026-07-14,211,샌들,ITEM,6,6,4,0,267,89,2.2472
2026-07-15,211,샌들,ITEM,1,1,1,0,265,87,0.3774
2026-07-17,211,샌들,ITEM,3,3,3,0,332,101,0.9036
2026-07-18,211,샌들,ITEM,4,4,3,1,429,155,0.9324
2026-07-19,211,샌들,ITEM,1,1,1,0,670,210,0.1493
2026-07-22,211,샌들,ITEM,1,1,1,1,244,112,0.4098
2026-07-26,211,샌들,ITEM,3,3,2,0,338,132,0.8876
2026-07-28,211,샌들,ITEM,5,5,4,0,262,125,1.9084
2026-07-29,211,샌들,ITEM,2,2,2,2,238,113,0.8403
2026-07-30,211,샌들,ITEM,1,1,1,0,249,101,0.4016
2026-08-01,211,샌들,ITEM,1,1,1,1,277,115,0.361
2026-08-02,211,샌들,ITEM,2,2,2,1,250,101,0.8
2026-08-03,211,샌들,ITEM,4,4,3,1,257,111,1.5564
2026-08-04,211,샌들,ITEM,2,2,2,0,225,88,0.8889
2026-08-06,211,샌들,ITEM,1,1,1,0,284,112,0.3521
2026-08-07,211,샌들,ITEM,1,1,1,0,151,70,0.6623
2026-08-08,211,샌들,ITEM,1,1,1,0,143,57,0.6993
2026-08-09,211,샌들,ITEM,2,2,1,0,265,116,0.7547
2026-08-10,211,샌들,ITEM,1,1,1,0,244,105,0.4098
2026-08-11,211,샌들,ITEM,3,3,2,1,383,116,0.7833
2026-08-12,211,샌들,ITEM,1,1,1,0,194,92,0.5155
2026-08-17,211,샌들,ITEM,5,5,2,1,543,223,0.9208
2026-08-18,211,샌들,ITEM,1,1,1,0,303,163,0.33
2026-08-22,211,샌들,ITEM,1,1,1,0,275,117,0.3636
2026-08-31,211,샌들,ITEM,1,1,1,0,714,321,0.1401
2026-09-06,211,샌들,ITEM,1,1,1,1,858,363,0.1166
2025-10-10,586,생지,MATERIAL,1,1,1,0,80,23,1.25
2026-02-15,586,생지,MATERIAL,1,1,1,0,30,19,3.3333
2026-02-26,586,생지,MATERIAL,1,1,1,0,56,33,1.7857
2026-04-18,586,생지,MATERIAL,1,1,1,0,168,63,0.5952
2026-05-05,586,생지,MATERIAL,1,1,1,0,121,55,0.8264
2026-05-24,586,생지,MATERIAL,1,1,1,0,297,121,0.3367
2026-05-25,586,생지,MATERIAL,1,1,1,0,400,155,0.25
2026-05-26,586,생지,MATERIAL,1,1,1,0,189,90,0.5291
2026-05-27,586,생지,MATERIAL,1,1,1,1,222,83,0.4505
2026-05-28,586,생지,MATERIAL,2,2,1,0,228,103,0.8772
2026-05-29,586,생지,MATERIAL,1,1,1,1,188,59,0.5319
2026-05-30,586,생지,MATERIAL,2,2,1,1,234,83,0.8547
2026-06-06,586,생지,MATERIAL,1,1,1,1,336,108,0.2976
2026-06-08,586,생지,MATERIAL,8,8,1,1,380,152,2.1053
2026-06-09,586,생지,MATERIAL,1,1,1,0,247,108,0.4049
2026-06-10,586,생지,MATERIAL,2,2,2,0,345,160,0.5797
2026-06-11,586,생지,MATERIAL,1,1,1,0,239,114,0.4184
2026-06-14,586,생지,MATERIAL,2,2,1,0,529,186,0.3781
2026-06-15,586,생지,MATERIAL,1,1,1,1,440,179,0.2273
2026-06-26,586,생지,MATERIAL,1,1,1,1,247,81,0.4049
2026-06-29,586,생지,MATERIAL,1,1,1,0,182,100,0.5495
2026-07-02,586,생지,MATERIAL,2,2,2,0,107,58,1.8692
2026-07-10,586,생지,MATERIAL,2,2,1,1,249,60,0.8032
2026-07-11,586,생지,MATERIAL,1,1,1,0,174,63,0.5747
2026-07-29,586,생지,MATERIAL,1,1,1,0,238,113,0.4202
2026-08-04,586,생지,MATERIAL,1,1,1,1,225,88,0.4444
2026-08-11,586,생지,MATERIAL,1,1,1,1,383,116,0.2611
2026-08-27,586,생지,MATERIAL,1,1,1,0,330,161,0.303
2026-09-01,586,생지,MATERIAL,1,1,1,0,601,253,0.1664
2026-09-02,586,생지,MATERIAL,1,1,1,1,502,221,0.1992
2026-09-04,586,생지,MATERIAL,1,1,1,0,482,221,0.2075
2026-09-08,586,생지,MATERIAL,1,1,1,1,248,112,0.4032
2025-10-04,771,셔링,DETAIL,1,1,1,0,84,22,1.1905
2025-10-12,771,셔링,DETAIL,1,1,1,1,76,22,1.3158
2026-01-29,771,셔링,DETAIL,1,1,1,1,60,12,1.6667
2026-02-20,771,셔링,DETAIL,1,1,1,1,152,39,0.6579
2026-02-21,771,셔링,DETAIL,1,1,1,0,32,19,3.125
2026-02-26,771,셔링,DETAIL,1,1,1,0,56,33,1.7857
2026-02-27,771,셔링,DETAIL,1,1,1,1,156,44,0.641
2026-03-01,771,셔링,DETAIL,1,1,1,1,144,46,0.6944
2026-04-10,771,셔링,DETAIL,1,1,1,0,37,22,2.7027
2026-04-11,771,셔링,DETAIL,1,1,1,0,80,37,1.25
2026-04-18,771,셔링,DETAIL,1,1,1,1,168,63,0.5952
2026-04-19,771,셔링,DETAIL,1,1,1,1,286,115,0.3497
2026-04-23,771,셔링,DETAIL,1,1,1,0,116,64,0.8621
2026-05-16,771,셔링,DETAIL,1,1,1,0,158,49,0.6329
2026-05-23,771,셔링,DETAIL,3,3,3,3,331,93,0.9063
2026-05-29,771,셔링,DETAIL,3,3,2,2,188,59,1.5957
2026-05-30,771,셔링,DETAIL,2,2,2,1,234,83,0.8547
2026-05-31,771,셔링,DETAIL,3,3,2,1,354,109,0.8475
2026-06-01,771,셔링,DETAIL,2,2,2,1,360,160,0.5556
2026-06-05,771,셔링,DETAIL,2,2,2,1,183,55,1.0929
2026-06-08,771,셔링,DETAIL,1,1,1,1,380,152,0.2632
2026-06-09,771,셔링,DETAIL,1,1,1,1,247,108,0.4049
2026-06-10,771,셔링,DETAIL,1,1,1,1,345,160,0.2899
2026-06-12,771,셔링,DETAIL,2,2,2,2,352,114,0.5682
2026-06-13,771,셔링,DETAIL,3,3,3,2,267,107,1.1236
2026-06-14,771,셔링,DETAIL,1,1,1,1,529,186,0.189
2026-06-15,771,셔링,DETAIL,2,2,1,0,440,179,0.4545
2026-06-16,771,셔링,DETAIL,1,1,1,1,465,184,0.2151
2026-06-18,771,셔링,DETAIL,1,1,1,1,286,139,0.3497
2026-06-19,771,셔링,DETAIL,1,1,1,1,510,170,0.1961
2026-06-26,771,셔링,DETAIL,2,2,2,2,247,81,0.8097
2026-06-27,771,셔링,DETAIL,1,1,1,1,214,76,0.4673
2026-06-30,771,셔링,DETAIL,2,2,1,1,156,56,1.2821
2026-07-01,771,셔링,DETAIL,2,2,2,1,261,93,0.7663
2026-07-04,771,셔링,DETAIL,1,1,1,1,306,114,0.3268
2026-07-05,771,셔링,DETAIL,2,2,2,2,295,122,0.678
2026-07-06,771,셔링,DETAIL,2,2,1,1,204,85,0.9804
2026-07-07,771,셔링,DETAIL,6,6,1,1,203,85,2.9557
2026-07-08,771,셔링,DETAIL,5,5,1,0,112,58,4.4643
2026-07-10,771,셔링,DETAIL,2,2,2,1,249,60,0.8032
2026-07-11,771,셔링,DETAIL,2,2,2,1,174,63,1.1494
2026-07-14,771,셔링,DETAIL,2,2,2,1,267,89,0.7491
2026-07-15,771,셔링,DETAIL,1,1,1,1,265,87,0.3774
2026-07-16,771,셔링,DETAIL,1,1,1,1,179,58,0.5587
2026-07-17,771,셔링,DETAIL,5,5,2,1,332,101,1.506
2026-07-18,771,셔링,DETAIL,1,1,1,1,429,155,0.2331
2026-07-19,771,셔링,DETAIL,4,4,3,1,670,210,0.597
2026-07-20,771,셔링,DETAIL,1,1,1,0,386,140,0.2591
2026-07-21,771,셔링,DETAIL,1,1,1,0,284,141,0.3521
2026-07-22,771,셔링,DETAIL,2,2,2,2,244,112,0.8197
2026-07-23,771,셔링,DETAIL,1,1,1,1,243,86,0.4115
2026-07-24,771,셔링,DETAIL,2,2,1,1,233,80,0.8584
2026-07-26,771,셔링,DETAIL,1,1,1,1,338,132,0.2959
2026-07-27,771,셔링,DETAIL,1,1,1,1,392,161,0.2551
2026-07-30,771,셔링,DETAIL,1,1,1,1,249,101,0.4016
2026-07-31,771,셔링,DETAIL,2,2,2,2,204,84,0.9804
2026-08-01,771,셔링,DETAIL,1,1,1,1,277,115,0.361
2026-08-02,771,셔링,DETAIL,1,1,1,0,250,101,0.4
2026-08-05,771,셔링,DETAIL,2,2,1,1,302,135,0.6623
2026-08-06,771,셔링,DETAIL,2,2,2,2,284,112,0.7042
2026-08-09,771,셔링,DETAIL,1,1,1,1,265,116,0.3774
2026-08-11,771,셔링,DETAIL,1,1,1,1,383,116,0.2611
2026-08-13,771,셔링,DETAIL,1,1,1,1,223,94,0.4484
2026-08-14,771,셔링,DETAIL,2,2,1,1,159,54,1.2579
2026-08-15,771,셔링,DETAIL,2,2,2,1,172,83,1.1628
2026-08-20,771,셔링,DETAIL,1,1,1,1,236,110,0.4237
2026-08-26,771,셔링,DETAIL,2,2,1,1,424,195,0.4717
2026-08-29,771,셔링,DETAIL,1,1,1,1,316,144,0.3165
2026-09-01,771,셔링,DETAIL,2,2,1,1,601,253,0.3328
2026-09-03,771,셔링,DETAIL,2,2,2,2,603,270,0.3317
2026-09-04,771,셔링,DETAIL,2,2,1,1,482,221,0.4149
2026-09-07,771,셔링,DETAIL,1,1,1,1,732,308,0.1366
2026-09-08,771,셔링,DETAIL,1,1,1,1,248,112,0.4032
2025-09-05,140,셔츠,ITEM,6,6,1,1,87,25,6.8966
2025-09-06,140,셔츠,ITEM,6,6,1,0,103,33,5.8252
2025-09-07,140,셔츠,ITEM,2,2,1,0,29,8,6.8966
2025-09-08,140,셔츠,ITEM,2,2,1,0,39,12,5.1282
2025-09-11,140,셔츠,ITEM,1,1,1,0,24,8,4.1667
2025-09-15,140,셔츠,ITEM,7,7,1,1,110,52,6.3636
2025-09-16,140,셔츠,ITEM,5,5,1,0,108,47,4.6296
2025-09-17,140,셔츠,ITEM,2,2,1,0,22,12,9.0909
2025-09-19,140,셔츠,ITEM,1,1,1,0,106,25,0.9434
2025-09-21,140,셔츠,ITEM,1,1,1,1,55,12,1.8182
2025-09-22,140,셔츠,ITEM,1,1,1,0,30,17,3.3333
2025-09-23,140,셔츠,ITEM,1,1,1,0,14,5,7.1429
2025-09-27,140,셔츠,ITEM,1,1,1,0,92,35,1.087
2025-10-03,140,셔츠,ITEM,4,4,1,1,103,20,3.8835
2025-10-05,140,셔츠,ITEM,1,1,1,1,53,14,1.8868
2025-10-10,140,셔츠,ITEM,1,1,1,1,80,23,1.25
2025-10-13,140,셔츠,ITEM,1,1,1,0,20,6,5.0
2025-10-17,140,셔츠,ITEM,1,1,1,1,45,13,2.2222
2025-10-28,140,셔츠,ITEM,1,1,1,0,27,11,3.7037
2025-11-02,140,셔츠,ITEM,4,4,3,2,86,23,4.6512
2025-11-03,140,셔츠,ITEM,1,1,1,1,51,15,1.9608
2025-11-09,140,셔츠,ITEM,2,2,1,0,76,21,2.6316
2025-11-14,140,셔츠,ITEM,1,1,1,1,73,20,1.3699
2025-11-17,140,셔츠,ITEM,3,3,1,1,60,30,5.0
2025-11-23,140,셔츠,ITEM,1,1,1,1,92,33,1.087
2025-11-26,140,셔츠,ITEM,1,1,1,0,29,14,3.4483
2025-11-30,140,셔츠,ITEM,1,1,1,1,72,27,1.3889
2025-12-02,140,셔츠,ITEM,1,1,1,0,123,66,0.813
2025-12-04,140,셔츠,ITEM,2,2,1,0,67,41,2.9851
2025-12-05,140,셔츠,ITEM,3,3,1,0,88,46,3.4091
2025-12-06,140,셔츠,ITEM,1,1,1,0,91,53,1.0989
2025-12-07,140,셔츠,ITEM,1,1,1,0,120,49,0.8333
2025-12-17,140,셔츠,ITEM,2,2,1,0,8,5,25.0
2025-12-18,140,셔츠,ITEM,1,1,1,0,8,6,12.5
2025-12-21,140,셔츠,ITEM,1,1,1,0,92,38,1.087
2025-12-23,140,셔츠,ITEM,1,1,1,0,50,24,2.0
2025-12-24,140,셔츠,ITEM,1,1,1,0,22,11,4.5455
2025-12-30,140,셔츠,ITEM,2,2,2,0,36,17,5.5556
2026-01-02,140,셔츠,ITEM,1,1,1,0,103,31,0.9709
2026-01-04,140,셔츠,ITEM,1,1,1,0,43,22,2.3256
2026-01-16,140,셔츠,ITEM,2,2,1,1,108,22,1.8519
2026-01-20,140,셔츠,ITEM,1,1,1,0,57,25,1.7544
2026-01-22,140,셔츠,ITEM,1,1,1,0,17,8,5.8824
2026-01-24,140,셔츠,ITEM,2,2,1,0,62,34,3.2258
2026-01-28,140,셔츠,ITEM,1,1,1,0,29,13,3.4483
2026-02-05,140,셔츠,ITEM,2,2,1,0,39,26,5.1282
2026-02-06,140,셔츠,ITEM,1,1,1,1,65,32,1.5385
2026-02-07,140,셔츠,ITEM,5,5,2,1,115,57,4.3478
2026-02-09,140,셔츠,ITEM,1,1,1,0,22,15,4.5455
2026-02-12,140,셔츠,ITEM,1,1,1,1,24,12,4.1667
2026-02-14,140,셔츠,ITEM,1,1,1,0,26,21,3.8462
2026-02-20,140,셔츠,ITEM,1,1,1,1,152,39,0.6579
2026-02-25,140,셔츠,ITEM,2,2,2,0,52,33,3.8462
2026-02-26,140,셔츠,ITEM,2,2,2,0,56,33,3.5714
2026-03-01,140,셔츠,ITEM,1,1,1,1,144,46,0.6944
2026-03-03,140,셔츠,ITEM,1,1,1,0,61,35,1.6393
2026-03-04,140,셔츠,ITEM,5,5,1,0,159,65,3.1447
2026-03-05,140,셔츠,ITEM,1,1,1,1,64,22,1.5625
2026-03-06,140,셔츠,ITEM,5,5,2,0,203,70,2.4631
2026-03-07,140,셔츠,ITEM,1,1,1,0,82,41,1.2195
2026-03-08,140,셔츠,ITEM,1,1,1,0,71,37,1.4085
2026-03-12,140,셔츠,ITEM,1,1,1,0,22,15,4.5455
2026-03-14,140,셔츠,ITEM,1,1,1,0,37,12,2.7027
2026-03-15,140,셔츠,ITEM,6,6,2,1,87,29,6.8966
2026-03-16,140,셔츠,ITEM,3,3,3,1,83,23,3.6145
2026-03-17,140,셔츠,ITEM,3,3,3,1,76,20,3.9474
2026-03-18,140,셔츠,ITEM,6,6,2,0,70,45,8.5714
2026-03-21,140,셔츠,ITEM,1,1,1,0,23,7,4.3478
2026-03-22,140,셔츠,ITEM,5,5,1,1,158,62,3.1646
2026-03-23,140,셔츠,ITEM,5,5,2,0,64,38,7.8125
2026-03-24,140,셔츠,ITEM,5,5,2,0,70,41,7.1429
2026-03-25,140,셔츠,ITEM,3,3,2,0,37,25,8.1081
2026-03-26,140,셔츠,ITEM,3,3,2,0,154,65,1.9481
2026-03-27,140,셔츠,ITEM,1,1,1,0,124,47,0.8065
2026-03-31,140,셔츠,ITEM,1,1,1,1,70,26,1.4286
2026-04-01,140,셔츠,ITEM,1,1,1,0,43,22,2.3256
2026-04-02,140,셔츠,ITEM,1,1,1,0,103,44,0.9709
2026-04-04,140,셔츠,ITEM,1,1,1,0,58,37,1.7241
2026-04-05,140,셔츠,ITEM,2,2,2,2,129,44,1.5504
2026-04-06,140,셔츠,ITEM,3,3,3,1,39,22,7.6923
2026-04-07,140,셔츠,ITEM,1,1,1,0,24,16,4.1667
2026-04-09,140,셔츠,ITEM,2,2,2,0,43,30,4.6512
2026-04-12,140,셔츠,ITEM,1,1,1,0,29,19,3.4483
2026-04-16,140,셔츠,ITEM,2,2,2,1,41,12,4.878
2026-04-18,140,셔츠,ITEM,13,13,1,1,168,63,7.7381
2026-04-19,140,셔츠,ITEM,16,16,2,1,286,115,5.5944
2026-04-20,140,셔츠,ITEM,3,3,3,1,238,90,1.2605
2026-04-21,140,셔츠,ITEM,4,4,2,0,58,30,6.8966
2026-04-23,140,셔츠,ITEM,12,12,2,1,116,64,10.3448
2026-04-24,140,셔츠,ITEM,13,13,2,0,49,31,26.5306
2026-04-25,140,셔츠,ITEM,2,2,1,0,52,20,3.8462
2026-04-26,140,셔츠,ITEM,1,1,1,0,23,11,4.3478
2026-04-27,140,셔츠,ITEM,44,44,4,3,175,75,25.1429
2026-04-28,140,셔츠,ITEM,11,11,2,0,51,26,21.5686
2026-04-29,140,셔츠,ITEM,6,6,2,1,54,16,11.1111
2026-04-30,140,셔츠,ITEM,4,4,2,1,78,19,5.1282
2026-05-01,140,셔츠,ITEM,4,4,3,1,82,24,4.878
2026-05-02,140,셔츠,ITEM,2,2,2,0,66,35,3.0303
2026-05-03,140,셔츠,ITEM,11,11,4,2,150,45,7.3333
2026-05-04,140,셔츠,ITEM,4,4,3,0,61,39,6.5574
2026-05-05,140,셔츠,ITEM,3,3,3,1,121,55,2.4793
2026-05-06,140,셔츠,ITEM,5,5,2,1,95,40,5.2632
2026-05-07,140,셔츠,ITEM,2,2,2,0,60,37,3.3333
2026-05-08,140,셔츠,ITEM,3,3,1,1,46,32,6.5217
2026-05-09,140,셔츠,ITEM,3,3,2,1,71,29,4.2254
2026-05-10,140,셔츠,ITEM,4,4,4,0,34,21,11.7647
2026-05-11,140,셔츠,ITEM,6,6,1,1,111,47,5.4054
2026-05-12,140,셔츠,ITEM,20,20,3,2,134,52,14.9254
2026-05-13,140,셔츠,ITEM,8,8,6,1,137,56,5.8394
2026-05-14,140,셔츠,ITEM,5,5,3,1,271,108,1.845
2026-05-15,140,셔츠,ITEM,3,3,2,1,177,75,1.6949
2026-05-16,140,셔츠,ITEM,3,3,3,1,158,49,1.8987
2026-05-17,140,셔츠,ITEM,5,5,4,1,166,82,3.012
2026-05-18,140,셔츠,ITEM,2,2,2,0,146,74,1.3699
2026-05-20,140,셔츠,ITEM,8,8,5,2,244,80,3.2787
2026-05-21,140,셔츠,ITEM,2,2,2,1,270,85,0.7407
2026-05-22,140,셔츠,ITEM,3,3,3,1,227,77,1.3216
2026-05-23,140,셔츠,ITEM,8,8,3,3,331,93,2.4169
2026-05-24,140,셔츠,ITEM,14,14,4,2,297,121,4.7138
2026-05-25,140,셔츠,ITEM,16,16,4,1,400,155,4.0
2026-05-26,140,셔츠,ITEM,4,4,3,1,189,90,2.1164
2026-05-27,140,셔츠,ITEM,19,19,5,1,222,83,8.5586
2026-05-28,140,셔츠,ITEM,14,14,5,0,228,103,6.1404
2026-05-29,140,셔츠,ITEM,11,11,3,2,188,59,5.8511
2026-05-30,140,셔츠,ITEM,16,16,7,3,234,83,6.8376
2026-05-31,140,셔츠,ITEM,14,14,11,5,354,109,3.9548
2026-06-01,140,셔츠,ITEM,18,18,5,2,360,160,5.0
2026-06-02,140,셔츠,ITEM,15,15,4,0,224,100,6.6964
2026-06-03,140,셔츠,ITEM,16,16,9,1,222,94,7.2072
2026-06-04,140,셔츠,ITEM,8,8,5,0,137,74,5.8394
2026-06-05,140,셔츠,ITEM,8,8,4,1,183,55,4.3716
2026-06-06,140,셔츠,ITEM,15,15,10,2,336,108,4.4643
2026-06-07,140,셔츠,ITEM,27,27,7,3,322,152,8.3851
2026-06-08,140,셔츠,ITEM,27,27,8,3,380,152,7.1053
2026-06-09,140,셔츠,ITEM,11,11,7,2,247,108,4.4534
2026-06-10,140,셔츠,ITEM,16,16,10,3,345,160,4.6377
2026-06-11,140,셔츠,ITEM,6,6,4,0,239,114,2.5105
2026-06-12,140,셔츠,ITEM,11,11,9,3,352,114,3.125
2026-06-13,140,셔츠,ITEM,8,8,2,1,267,107,2.9963
2026-06-14,140,셔츠,ITEM,28,28,13,8,529,186,5.293
2026-06-15,140,셔츠,ITEM,18,18,10,4,440,179,4.0909
2026-06-16,140,셔츠,ITEM,16,16,8,4,465,184,3.4409
2026-06-17,140,셔츠,ITEM,12,12,8,4,365,130,3.2877
2026-06-18,140,셔츠,ITEM,6,6,6,1,286,139,2.0979
2026-06-19,140,셔츠,ITEM,11,11,6,3,510,170,2.1569
2026-06-20,140,셔츠,ITEM,11,11,7,2,422,169,2.6066
2026-06-21,140,셔츠,ITEM,22,22,10,2,550,205,4.0
2026-06-22,140,셔츠,ITEM,20,20,11,4,455,179,4.3956
2026-06-23,140,셔츠,ITEM,9,9,7,1,401,171,2.2444
2026-06-24,140,셔츠,ITEM,5,5,5,1,369,145,1.355
2026-06-25,140,셔츠,ITEM,4,4,3,1,162,75,2.4691
2026-06-26,140,셔츠,ITEM,9,9,6,2,247,81,3.6437
2026-06-27,140,셔츠,ITEM,16,16,10,4,214,76,7.4766
2026-06-28,140,셔츠,ITEM,11,11,6,3,327,109,3.3639
2026-06-29,140,셔츠,ITEM,6,6,5,0,182,100,3.2967
2026-06-30,140,셔츠,ITEM,6,6,4,2,156,56,3.8462
2026-07-01,140,셔츠,ITEM,6,6,4,1,261,93,2.2989
2026-07-02,140,셔츠,ITEM,4,4,3,0,107,58,3.7383
2026-07-03,140,셔츠,ITEM,1,1,1,0,154,63,0.6494
2026-07-04,140,셔츠,ITEM,10,10,4,2,306,114,3.268
2026-07-05,140,셔츠,ITEM,9,9,5,3,295,122,3.0508
2026-07-06,140,셔츠,ITEM,8,8,5,2,204,85,3.9216
2026-07-07,140,셔츠,ITEM,2,2,2,0,203,85,0.9852
2026-07-08,140,셔츠,ITEM,1,1,1,0,112,58,0.8929
2026-07-09,140,셔츠,ITEM,17,17,4,3,161,62,10.559
2026-07-10,140,셔츠,ITEM,4,4,4,2,249,60,1.6064
2026-07-11,140,셔츠,ITEM,10,10,3,1,174,63,5.7471
2026-07-12,140,셔츠,ITEM,16,16,7,3,314,141,5.0955
2026-07-13,140,셔츠,ITEM,12,12,7,1,382,151,3.1414
2026-07-14,140,셔츠,ITEM,4,4,4,1,267,89,1.4981
2026-07-15,140,셔츠,ITEM,1,1,1,0,265,87,0.3774
2026-07-16,140,셔츠,ITEM,4,4,2,1,179,58,2.2346
2026-07-17,140,셔츠,ITEM,5,5,4,2,332,101,1.506
2026-07-18,140,셔츠,ITEM,11,11,8,2,429,155,2.5641
2026-07-19,140,셔츠,ITEM,15,15,7,3,670,210,2.2388
2026-07-20,140,셔츠,ITEM,14,14,8,3,386,140,3.6269
2026-07-21,140,셔츠,ITEM,12,12,6,1,284,141,4.2254
2026-07-22,140,셔츠,ITEM,6,6,6,1,244,112,2.459
2026-07-23,140,셔츠,ITEM,16,16,5,3,243,86,6.5844
2026-07-24,140,셔츠,ITEM,4,4,3,0,233,80,1.7167
2026-07-25,140,셔츠,ITEM,25,25,4,2,245,115,10.2041
2026-07-26,140,셔츠,ITEM,14,14,10,4,338,132,4.142
2026-07-27,140,셔츠,ITEM,11,11,6,1,392,161,2.8061
2026-07-28,140,셔츠,ITEM,19,19,8,3,262,125,7.2519
2026-07-29,140,셔츠,ITEM,11,11,7,1,238,113,4.6218
2026-07-30,140,셔츠,ITEM,6,6,4,1,249,101,2.4096
2026-07-31,140,셔츠,ITEM,8,8,6,2,204,84,3.9216
2026-08-01,140,셔츠,ITEM,15,15,8,1,277,115,5.4152
2026-08-02,140,셔츠,ITEM,9,9,4,2,250,101,3.6
2026-08-03,140,셔츠,ITEM,12,12,4,2,257,111,4.6693
2026-08-04,140,셔츠,ITEM,10,10,7,0,225,88,4.4444
2026-08-05,140,셔츠,ITEM,5,5,4,1,302,135,1.6556
2026-08-06,140,셔츠,ITEM,8,8,4,1,284,112,2.8169
2026-08-07,140,셔츠,ITEM,7,7,4,0,151,70,4.6358
2026-08-08,140,셔츠,ITEM,6,6,6,1,143,57,4.1958
2026-08-09,140,셔츠,ITEM,9,9,5,2,265,116,3.3962
2026-08-10,140,셔츠,ITEM,5,5,3,1,244,105,2.0492
2026-08-11,140,셔츠,ITEM,15,15,11,5,383,116,3.9164
2026-08-12,140,셔츠,ITEM,4,4,3,1,194,92,2.0619
2026-08-13,140,셔츠,ITEM,5,5,5,2,223,94,2.2422
2026-08-14,140,셔츠,ITEM,1,1,1,0,159,54,0.6289
2026-08-15,140,셔츠,ITEM,3,3,2,0,172,83,1.7442
2026-08-16,140,셔츠,ITEM,2,2,2,0,232,98,0.8621
2026-08-17,140,셔츠,ITEM,14,14,5,1,543,223,2.5783
2026-08-18,140,셔츠,ITEM,8,8,5,0,303,163,2.6403
2026-08-19,140,셔츠,ITEM,7,7,4,2,219,95,3.1963
2026-08-20,140,셔츠,ITEM,2,2,2,0,236,110,0.8475
2026-08-21,140,셔츠,ITEM,1,1,1,0,235,105,0.4255
2026-08-22,140,셔츠,ITEM,5,5,4,3,275,117,1.8182
2026-08-23,140,셔츠,ITEM,36,36,6,3,472,218,7.6271
2026-08-24,140,셔츠,ITEM,17,17,7,3,592,293,2.8716
2026-08-25,140,셔츠,ITEM,10,10,8,1,405,202,2.4691
2026-08-26,140,셔츠,ITEM,11,11,9,0,424,195,2.5943
2026-08-27,140,셔츠,ITEM,5,5,5,1,330,161,1.5152
2026-08-28,140,셔츠,ITEM,19,19,7,4,414,157,4.5894
2026-08-29,140,셔츠,ITEM,13,13,6,2,316,144,4.1139
2026-08-30,140,셔츠,ITEM,23,23,8,1,735,303,3.1293
2026-08-31,140,셔츠,ITEM,11,11,8,1,714,321,1.5406
2026-09-01,140,셔츠,ITEM,33,33,10,5,601,253,5.4908
2026-09-02,140,셔츠,ITEM,28,28,13,1,502,221,5.5777
2026-09-03,140,셔츠,ITEM,35,35,11,3,603,270,5.8043
2026-09-04,140,셔츠,ITEM,14,14,7,1,482,221,2.9046
2026-09-05,140,셔츠,ITEM,26,26,10,3,563,234,4.6181
2026-09-06,140,셔츠,ITEM,65,65,10,5,858,363,7.5758
2026-09-07,140,셔츠,ITEM,37,37,11,3,732,308,5.0546
2026-09-08,140,셔츠,ITEM,14,14,9,2,248,112,5.6452
2026-09-09,140,셔츠,ITEM,4,4,4,4,170,7,2.3529
2025-09-07,785,소매,DETAIL,1,1,1,0,29,8,3.4483
2025-09-19,785,소매,DETAIL,1,1,1,0,106,25,0.9434
2025-11-10,785,소매,DETAIL,1,1,1,0,34,16,2.9412
2025-11-30,785,소매,DETAIL,1,1,1,0,72,27,1.3889
2025-12-04,785,소매,DETAIL,1,1,1,0,67,41,1.4925
2026-01-03,785,소매,DETAIL,1,1,1,0,71,37,1.4085
2026-01-04,785,소매,DETAIL,1,1,1,0,43,22,2.3256
2026-02-10,785,소매,DETAIL,1,1,1,0,57,40,1.7544
2026-03-02,785,소매,DETAIL,1,1,1,0,49,31,2.0408
2026-03-04,785,소매,DETAIL,1,1,1,0,159,65,0.6289
2026-03-16,785,소매,DETAIL,1,1,1,0,83,23,1.2048
2026-03-30,785,소매,DETAIL,1,1,1,0,49,29,2.0408
2026-04-02,785,소매,DETAIL,1,1,1,0,103,44,0.9709
2026-04-18,785,소매,DETAIL,1,1,1,0,168,63,0.5952
2026-04-23,785,소매,DETAIL,1,1,1,0,116,64,0.8621
2026-05-06,785,소매,DETAIL,3,3,1,0,95,40,3.1579
2026-05-14,785,소매,DETAIL,1,1,1,0,271,108,0.369
2026-05-15,785,소매,DETAIL,3,3,1,0,177,75,1.6949
2026-05-25,785,소매,DETAIL,1,1,1,0,400,155,0.25
2026-05-30,785,소매,DETAIL,1,1,1,0,234,83,0.4274
2026-06-02,785,소매,DETAIL,1,1,1,0,224,100,0.4464
2026-06-05,785,소매,DETAIL,2,2,2,0,183,55,1.0929
2026-06-19,785,소매,DETAIL,1,1,1,0,510,170,0.1961
2026-06-23,785,소매,DETAIL,2,2,1,0,401,171,0.4988
2026-07-12,785,소매,DETAIL,1,1,1,0,314,141,0.3185
2026-07-14,785,소매,DETAIL,1,1,1,0,267,89,0.3745
2026-07-29,785,소매,DETAIL,1,1,1,0,238,113,0.4202
2026-08-04,785,소매,DETAIL,1,1,1,0,225,88,0.4444
2026-08-05,785,소매,DETAIL,1,1,1,0,302,135,0.3311
2026-08-08,785,소매,DETAIL,1,1,1,0,143,57,0.6993
2026-08-13,785,소매,DETAIL,2,2,2,0,223,94,0.8969
2026-08-24,785,소매,DETAIL,1,1,1,0,592,293,0.1689
2026-08-25,785,소매,DETAIL,1,1,1,0,405,202,0.2469
2026-08-31,785,소매,DETAIL,1,1,1,0,714,321,0.1401
2026-09-02,785,소매,DETAIL,1,1,1,0,502,221,0.1992
2026-09-03,785,소매,DETAIL,1,1,1,0,603,270,0.1658
2026-09-06,785,소매,DETAIL,1,1,1,0,858,363,0.1166
2026-09-07,785,소매,DETAIL,2,2,1,0,732,308,0.2732
2025-09-08,176,쇼츠,ITEM,1,1,1,0,39,12,2.5641
2025-09-21,176,쇼츠,ITEM,1,1,1,1,55,12,1.8182
2025-09-27,176,쇼츠,ITEM,1,1,1,0,92,35,1.087
2025-11-10,176,쇼츠,ITEM,1,1,1,0,34,16,2.9412
2025-11-23,176,쇼츠,ITEM,1,1,1,0,92,33,1.087
2025-11-25,176,쇼츠,ITEM,1,1,1,0,50,29,2.0
2025-12-30,176,쇼츠,ITEM,1,1,1,0,36,17,2.7778
2026-01-02,176,쇼츠,ITEM,2,2,1,0,103,31,1.9417
2026-01-17,176,쇼츠,ITEM,1,1,1,0,143,78,0.6993
2026-01-18,176,쇼츠,ITEM,2,2,1,0,53,29,3.7736
2026-01-21,176,쇼츠,ITEM,2,2,1,0,22,16,9.0909
2026-01-29,176,쇼츠,ITEM,1,1,1,1,60,12,1.6667
2026-02-06,176,쇼츠,ITEM,3,3,1,0,65,32,4.6154
2026-02-07,176,쇼츠,ITEM,1,1,1,1,115,57,0.8696
2026-03-24,176,쇼츠,ITEM,1,1,1,0,70,41,1.4286
2026-03-28,176,쇼츠,ITEM,1,1,1,0,23,9,4.3478
2026-04-03,176,쇼츠,ITEM,1,1,1,0,69,31,1.4493
2026-04-06,176,쇼츠,ITEM,2,2,1,1,39,22,5.1282
2026-04-19,176,쇼츠,ITEM,2,2,2,1,286,115,0.6993
2026-04-21,176,쇼츠,ITEM,1,1,1,0,58,30,1.7241
2026-04-23,176,쇼츠,ITEM,1,1,1,0,116,64,0.8621
2026-04-25,176,쇼츠,ITEM,1,1,1,0,52,20,1.9231
2026-04-26,176,쇼츠,ITEM,1,1,1,0,23,11,4.3478
2026-04-27,176,쇼츠,ITEM,3,3,1,1,175,75,1.7143
2026-04-28,176,쇼츠,ITEM,2,2,1,0,51,26,3.9216
2026-04-29,176,쇼츠,ITEM,2,2,2,1,54,16,3.7037
2026-04-30,176,쇼츠,ITEM,1,1,1,1,78,19,1.2821
2026-05-03,176,쇼츠,ITEM,1,1,1,1,150,45,0.6667
2026-05-06,176,쇼츠,ITEM,3,3,2,1,95,40,3.1579
2026-05-07,176,쇼츠,ITEM,2,2,2,0,60,37,3.3333
2026-05-09,176,쇼츠,ITEM,3,3,2,0,71,29,4.2254
2026-05-11,176,쇼츠,ITEM,1,1,1,0,111,47,0.9009
2026-05-12,176,쇼츠,ITEM,1,1,1,1,134,52,0.7463
2026-05-14,176,쇼츠,ITEM,3,3,3,1,271,108,1.107
2026-05-15,176,쇼츠,ITEM,1,1,1,0,177,75,0.565
2026-05-17,176,쇼츠,ITEM,1,1,1,1,166,82,0.6024
2026-05-18,176,쇼츠,ITEM,2,2,1,0,146,74,1.3699
2026-05-20,176,쇼츠,ITEM,3,3,3,1,244,80,1.2295
2026-05-21,176,쇼츠,ITEM,5,5,5,1,270,85,1.8519
2026-05-22,176,쇼츠,ITEM,3,3,3,0,227,77,1.3216
2026-05-23,176,쇼츠,ITEM,4,4,2,1,331,93,1.2085
2026-05-25,176,쇼츠,ITEM,1,1,1,1,400,155,0.25
2026-05-27,176,쇼츠,ITEM,1,1,1,0,222,83,0.4505
2026-05-30,176,쇼츠,ITEM,2,2,2,0,234,83,0.8547
2026-05-31,176,쇼츠,ITEM,5,5,4,2,354,109,1.4124
2026-06-01,176,쇼츠,ITEM,13,13,5,2,360,160,3.6111
2026-06-02,176,쇼츠,ITEM,5,5,3,0,224,100,2.2321
2026-06-03,176,쇼츠,ITEM,4,4,3,0,222,94,1.8018
2026-06-04,176,쇼츠,ITEM,4,4,3,0,137,74,2.9197
2026-06-05,176,쇼츠,ITEM,2,2,2,1,183,55,1.0929
2026-06-06,176,쇼츠,ITEM,2,2,2,1,336,108,0.5952
2026-06-07,176,쇼츠,ITEM,4,4,2,1,322,152,1.2422
2026-06-08,176,쇼츠,ITEM,5,5,3,2,380,152,1.3158
2026-06-09,176,쇼츠,ITEM,6,6,3,3,247,108,2.4291
2026-06-10,176,쇼츠,ITEM,7,7,4,1,345,160,2.029
2026-06-11,176,쇼츠,ITEM,1,1,1,1,239,114,0.4184
2026-06-12,176,쇼츠,ITEM,4,4,3,1,352,114,1.1364
2026-06-13,176,쇼츠,ITEM,2,2,2,0,267,107,0.7491
2026-06-14,176,쇼츠,ITEM,7,7,7,4,529,186,1.3233
2026-06-15,176,쇼츠,ITEM,6,6,5,3,440,179,1.3636
2026-06-16,176,쇼츠,ITEM,6,6,2,1,465,184,1.2903
2026-06-17,176,쇼츠,ITEM,7,7,4,3,365,130,1.9178
2026-06-18,176,쇼츠,ITEM,2,2,1,0,286,139,0.6993
2026-06-19,176,쇼츠,ITEM,3,3,3,2,510,170,0.5882
2026-06-20,176,쇼츠,ITEM,3,3,3,1,422,169,0.7109
2026-06-21,176,쇼츠,ITEM,8,8,6,2,550,205,1.4545
2026-06-22,176,쇼츠,ITEM,7,7,5,2,455,179,1.5385
2026-06-23,176,쇼츠,ITEM,1,1,1,0,401,171,0.2494
2026-06-24,176,쇼츠,ITEM,2,2,2,1,369,145,0.542
2026-06-26,176,쇼츠,ITEM,5,5,3,1,247,81,2.0243
2026-06-27,176,쇼츠,ITEM,6,6,5,3,214,76,2.8037
2026-06-28,176,쇼츠,ITEM,7,7,6,3,327,109,2.1407
2026-06-30,176,쇼츠,ITEM,2,2,2,1,156,56,1.2821
2026-07-01,176,쇼츠,ITEM,1,1,1,1,261,93,0.3831
2026-07-03,176,쇼츠,ITEM,3,3,2,1,154,63,1.9481
2026-07-04,176,쇼츠,ITEM,2,2,2,0,306,114,0.6536
2026-07-05,176,쇼츠,ITEM,1,1,1,1,295,122,0.339
2026-07-06,176,쇼츠,ITEM,3,3,3,1,204,85,1.4706
2026-07-07,176,쇼츠,ITEM,5,5,2,0,203,85,2.4631
2026-07-09,176,쇼츠,ITEM,2,2,2,1,161,62,1.2422
2026-07-10,176,쇼츠,ITEM,2,2,2,1,249,60,0.8032
2026-07-11,176,쇼츠,ITEM,4,4,3,0,174,63,2.2989
2026-07-12,176,쇼츠,ITEM,2,2,2,1,314,141,0.6369
2026-07-13,176,쇼츠,ITEM,5,5,4,2,382,151,1.3089
2026-07-14,176,쇼츠,ITEM,4,4,4,2,267,89,1.4981
2026-07-15,176,쇼츠,ITEM,4,4,4,2,265,87,1.5094
2026-07-16,176,쇼츠,ITEM,2,2,2,2,179,58,1.1173
2026-07-17,176,쇼츠,ITEM,4,4,3,0,332,101,1.2048
2026-07-18,176,쇼츠,ITEM,4,4,3,1,429,155,0.9324
2026-07-19,176,쇼츠,ITEM,3,3,3,2,670,210,0.4478
2026-07-20,176,쇼츠,ITEM,1,1,1,1,386,140,0.2591
2026-07-21,176,쇼츠,ITEM,4,4,4,0,284,141,1.4085
2026-07-22,176,쇼츠,ITEM,5,5,5,1,244,112,2.0492
2026-07-23,176,쇼츠,ITEM,5,5,5,3,243,86,2.0576
2026-07-24,176,쇼츠,ITEM,1,1,1,0,233,80,0.4292
2026-07-25,176,쇼츠,ITEM,3,3,2,1,245,115,1.2245
2026-07-26,176,쇼츠,ITEM,8,8,4,2,338,132,2.3669
2026-07-27,176,쇼츠,ITEM,2,2,2,1,392,161,0.5102
2026-07-28,176,쇼츠,ITEM,5,5,5,0,262,125,1.9084
2026-07-29,176,쇼츠,ITEM,2,2,1,0,238,113,0.8403
2026-07-30,176,쇼츠,ITEM,2,2,2,0,249,101,0.8032
2026-07-31,176,쇼츠,ITEM,3,3,3,2,204,84,1.4706
2026-08-01,176,쇼츠,ITEM,4,4,4,0,277,115,1.444
2026-08-02,176,쇼츠,ITEM,4,4,3,2,250,101,1.6
2026-08-03,176,쇼츠,ITEM,5,5,3,1,257,111,1.9455
2026-08-04,176,쇼츠,ITEM,4,4,4,2,225,88,1.7778
2026-08-05,176,쇼츠,ITEM,6,6,5,2,302,135,1.9868
2026-08-06,176,쇼츠,ITEM,8,8,2,1,284,112,2.8169
2026-08-07,176,쇼츠,ITEM,9,9,7,2,151,70,5.9603
2026-08-08,176,쇼츠,ITEM,4,4,4,0,143,57,2.7972
2026-08-09,176,쇼츠,ITEM,2,2,2,0,265,116,0.7547
2026-08-10,176,쇼츠,ITEM,2,2,2,1,244,105,0.8197
2026-08-11,176,쇼츠,ITEM,2,2,2,2,383,116,0.5222
2026-08-12,176,쇼츠,ITEM,2,2,2,0,194,92,1.0309
2026-08-13,176,쇼츠,ITEM,2,2,2,1,223,94,0.8969
2026-08-14,176,쇼츠,ITEM,1,1,1,0,159,54,0.6289
2026-08-15,176,쇼츠,ITEM,2,2,1,1,172,83,1.1628
2026-08-16,176,쇼츠,ITEM,1,1,1,1,232,98,0.431
2026-08-18,176,쇼츠,ITEM,2,2,2,1,303,163,0.6601
2026-08-19,176,쇼츠,ITEM,1,1,1,0,219,95,0.4566
2026-08-20,176,쇼츠,ITEM,1,1,1,1,236,110,0.4237
2026-08-24,176,쇼츠,ITEM,2,2,1,0,592,293,0.3378
2026-08-25,176,쇼츠,ITEM,1,1,1,0,405,202,0.2469
2026-08-26,176,쇼츠,ITEM,4,4,1,0,424,195,0.9434
2026-08-27,176,쇼츠,ITEM,1,1,1,1,330,161,0.303
2026-08-28,176,쇼츠,ITEM,1,1,1,0,414,157,0.2415
2026-08-29,176,쇼츠,ITEM,1,1,1,0,316,144,0.3165
2026-08-30,176,쇼츠,ITEM,1,1,1,0,735,303,0.1361
2026-09-01,176,쇼츠,ITEM,2,2,2,0,601,253,0.3328
2026-09-03,176,쇼츠,ITEM,4,4,3,2,603,270,0.6633
2026-09-04,176,쇼츠,ITEM,1,1,1,0,482,221,0.2075
2026-09-05,176,쇼츠,ITEM,3,3,2,2,563,234,0.5329
2026-09-06,176,쇼츠,ITEM,2,2,2,1,858,363,0.2331
2026-09-07,176,쇼츠,ITEM,2,2,1,0,732,308,0.2732
2026-09-08,176,쇼츠,ITEM,2,2,2,0,248,112,0.8065
2026-09-09,176,쇼츠,ITEM,1,1,1,1,170,7,0.5882
2026-06-21,797,쉬폰,MATERIAL,2,2,2,1,550,205,0.3636
2026-06-27,797,쉬폰,MATERIAL,1,1,1,1,214,76,0.4673
2026-06-28,797,쉬폰,MATERIAL,1,1,1,1,327,109,0.3058
2026-07-11,797,쉬폰,MATERIAL,1,1,1,1,174,63,0.5747
2026-07-14,797,쉬폰,MATERIAL,1,1,1,1,267,89,0.3745
2026-07-15,797,쉬폰,MATERIAL,1,1,1,1,265,87,0.3774
2026-07-16,797,쉬폰,MATERIAL,3,3,1,0,179,58,1.676
2026-07-17,797,쉬폰,MATERIAL,1,1,1,0,332,101,0.3012
2026-07-18,797,쉬폰,MATERIAL,2,2,1,0,429,155,0.4662
2026-07-19,797,쉬폰,MATERIAL,1,1,1,1,670,210,0.1493
2026-07-25,797,쉬폰,MATERIAL,1,1,1,1,245,115,0.4082
2026-07-27,797,쉬폰,MATERIAL,2,2,2,1,392,161,0.5102
2026-07-29,797,쉬폰,MATERIAL,1,1,1,0,238,113,0.4202
2026-07-31,797,쉬폰,MATERIAL,1,1,1,1,204,84,0.4902
2026-08-01,797,쉬폰,MATERIAL,1,1,1,1,277,115,0.361
2026-08-05,797,쉬폰,MATERIAL,2,2,1,1,302,135,0.6623
2026-08-06,797,쉬폰,MATERIAL,3,3,2,1,284,112,1.0563
2026-08-13,797,쉬폰,MATERIAL,1,1,1,1,223,94,0.4484
2026-08-14,797,쉬폰,MATERIAL,2,2,1,1,159,54,1.2579
2026-08-21,797,쉬폰,MATERIAL,2,2,1,1,235,105,0.8511
2026-08-28,797,쉬폰,MATERIAL,1,1,1,1,414,157,0.2415
2025-09-05,778,슬릿,DETAIL,2,2,1,1,87,25,2.2989
2025-09-06,778,슬릿,DETAIL,1,1,1,0,103,33,0.9709
2025-09-08,778,슬릿,DETAIL,1,1,1,0,39,12,2.5641
2025-09-10,778,슬릿,DETAIL,1,1,1,0,25,7,4.0
2025-09-11,778,슬릿,DETAIL,1,1,1,0,24,8,4.1667
2025-11-07,778,슬릿,DETAIL,1,1,1,1,95,32,1.0526
2025-12-21,778,슬릿,DETAIL,1,1,1,1,92,38,1.087
2026-04-30,778,슬릿,DETAIL,1,1,1,1,78,19,1.2821
2026-05-21,778,슬릿,DETAIL,2,2,2,2,270,85,0.7407
2026-05-23,778,슬릿,DETAIL,1,1,1,1,331,93,0.3021
2026-05-24,778,슬릿,DETAIL,3,3,1,0,297,121,1.0101
2026-05-25,778,슬릿,DETAIL,1,1,1,0,400,155,0.25
2026-06-06,778,슬릿,DETAIL,1,1,1,1,336,108,0.2976
2026-06-21,778,슬릿,DETAIL,2,2,2,2,550,205,0.3636
2026-06-26,778,슬릿,DETAIL,1,1,1,1,247,81,0.4049
2026-06-30,778,슬릿,DETAIL,1,1,1,1,156,56,0.641
2026-07-06,778,슬릿,DETAIL,2,2,1,1,204,85,0.9804
2026-07-25,778,슬릿,DETAIL,1,1,1,1,245,115,0.4082
2026-07-26,778,슬릿,DETAIL,1,1,1,1,338,132,0.2959
2026-07-31,778,슬릿,DETAIL,1,1,1,1,204,84,0.4902
2026-08-05,778,슬릿,DETAIL,1,1,1,1,302,135,0.3311
2026-08-09,778,슬릿,DETAIL,1,1,1,0,265,116,0.3774
2026-08-10,778,슬릿,DETAIL,1,1,1,1,244,105,0.4098
2026-08-12,778,슬릿,DETAIL,1,1,1,1,194,92,0.5155
2026-08-14,778,슬릿,DETAIL,2,2,1,1,159,54,1.2579
2026-08-20,778,슬릿,DETAIL,1,1,1,1,236,110,0.4237
2026-08-24,778,슬릿,DETAIL,2,2,1,1,592,293,0.3378
2026-08-25,778,슬릿,DETAIL,2,2,1,1,405,202,0.4938
2026-08-27,778,슬릿,DETAIL,1,1,1,0,330,161,0.303
2026-09-01,778,슬릿,DETAIL,1,1,1,1,601,253,0.1664
2026-09-03,778,슬릿,DETAIL,1,1,1,1,603,270,0.1658
2026-09-05,778,슬릿,DETAIL,2,2,1,0,563,234,0.3552
2026-09-09,778,슬릿,DETAIL,1,1,1,1,170,7,0.5882
2025-11-19,237,시계,ITEM,1,1,1,1,165,47,0.6061
2025-11-24,237,시계,ITEM,1,1,1,0,52,33,1.9231
2025-12-13,237,시계,ITEM,1,1,1,0,28,20,3.5714
2026-01-17,237,시계,ITEM,1,1,1,0,143,78,0.6993
2026-02-27,237,시계,ITEM,1,1,1,1,156,44,0.641
2026-03-04,237,시계,ITEM,2,2,1,1,159,65,1.2579
2026-03-20,237,시계,ITEM,1,1,1,1,44,13,2.2727
2026-03-22,237,시계,ITEM,1,1,1,0,158,62,0.6329
2026-04-19,237,시계,ITEM,1,1,1,0,286,115,0.3497
2026-04-28,237,시계,ITEM,1,1,1,0,51,26,1.9608
2026-05-04,237,시계,ITEM,1,1,1,0,61,39,1.6393
2026-05-11,237,시계,ITEM,1,1,1,0,111,47,0.9009
2026-05-14,237,시계,ITEM,1,1,1,0,271,108,0.369
2026-05-18,237,시계,ITEM,1,1,1,1,146,74,0.6849
2026-05-20,237,시계,ITEM,2,2,2,2,244,80,0.8197
2026-05-22,237,시계,ITEM,1,1,1,1,227,77,0.4405
2026-05-23,237,시계,ITEM,2,2,1,1,331,93,0.6042
2026-05-24,237,시계,ITEM,2,2,1,0,297,121,0.6734
2026-05-26,237,시계,ITEM,1,1,1,1,189,90,0.5291
2026-05-27,237,시계,ITEM,5,5,2,2,222,83,2.2523
2026-05-28,237,시계,ITEM,4,4,2,1,228,103,1.7544
2026-05-29,237,시계,ITEM,2,2,1,1,188,59,1.0638
2026-06-01,237,시계,ITEM,1,1,1,0,360,160,0.2778
2026-06-03,237,시계,ITEM,1,1,1,1,222,94,0.4505
2026-06-07,237,시계,ITEM,1,1,1,0,322,152,0.3106
2026-06-09,237,시계,ITEM,1,1,1,1,247,108,0.4049
2026-06-15,237,시계,ITEM,3,3,2,0,440,179,0.6818
2026-06-16,237,시계,ITEM,2,2,2,1,465,184,0.4301
2026-06-17,237,시계,ITEM,1,1,1,1,365,130,0.274
2026-06-18,237,시계,ITEM,1,1,1,1,286,139,0.3497
2026-06-19,237,시계,ITEM,4,4,1,1,510,170,0.7843
2026-06-21,237,시계,ITEM,1,1,1,0,550,205,0.1818
2026-06-22,237,시계,ITEM,3,3,3,0,455,179,0.6593
2026-06-23,237,시계,ITEM,2,2,1,0,401,171,0.4988
2026-06-25,237,시계,ITEM,1,1,1,1,162,75,0.6173
2026-06-26,237,시계,ITEM,1,1,1,0,247,81,0.4049
2026-06-28,237,시계,ITEM,3,3,2,1,327,109,0.9174
2026-07-01,237,시계,ITEM,1,1,1,0,261,93,0.3831
2026-07-12,237,시계,ITEM,2,2,2,1,314,141,0.6369
2026-07-15,237,시계,ITEM,2,2,2,1,265,87,0.7547
2026-07-17,237,시계,ITEM,2,2,2,0,332,101,0.6024
2026-07-18,237,시계,ITEM,1,1,1,1,429,155,0.2331
2026-07-22,237,시계,ITEM,1,1,1,1,244,112,0.4098
2026-07-24,237,시계,ITEM,7,7,3,2,233,80,3.0043
2026-07-25,237,시계,ITEM,3,3,2,1,245,115,1.2245
2026-07-27,237,시계,ITEM,1,1,1,0,392,161,0.2551
2026-07-29,237,시계,ITEM,1,1,1,0,238,113,0.4202
2026-07-30,237,시계,ITEM,1,1,1,0,249,101,0.4016
2026-07-31,237,시계,ITEM,1,1,1,0,204,84,0.4902
2026-08-05,237,시계,ITEM,1,1,1,1,302,135,0.3311
2026-08-07,237,시계,ITEM,1,1,1,1,151,70,0.6623
2026-08-09,237,시계,ITEM,3,3,2,2,265,116,1.1321
2026-08-10,237,시계,ITEM,5,5,1,0,244,105,2.0492
2026-08-11,237,시계,ITEM,1,1,1,1,383,116,0.2611
2026-08-12,237,시계,ITEM,4,4,2,0,194,92,2.0619
2026-08-14,237,시계,ITEM,1,1,1,0,159,54,0.6289
2026-08-16,237,시계,ITEM,1,1,1,0,232,98,0.431
2026-08-17,237,시계,ITEM,1,1,1,0,543,223,0.1842
2026-08-19,237,시계,ITEM,1,1,1,0,219,95,0.4566
2026-08-21,237,시계,ITEM,1,1,1,0,235,105,0.4255
2026-08-23,237,시계,ITEM,1,1,1,0,472,218,0.2119
2026-08-25,237,시계,ITEM,1,1,1,1,405,202,0.2469
2026-08-27,237,시계,ITEM,2,2,1,0,330,161,0.6061
2026-08-31,237,시계,ITEM,1,1,1,1,714,321,0.1401
2026-09-01,237,시계,ITEM,2,2,1,1,601,253,0.3328
2026-09-02,237,시계,ITEM,2,2,2,1,502,221,0.3984
2026-09-04,237,시계,ITEM,3,3,2,0,482,221,0.6224
2026-09-05,237,시계,ITEM,5,5,2,2,563,234,0.8881
2026-09-06,237,시계,ITEM,3,3,3,1,858,363,0.3497
2026-09-07,237,시계,ITEM,4,4,4,1,732,308,0.5464
2025-09-20,379,시크,STYLE,1,1,1,0,96,34,1.0417
2025-10-01,379,시크,STYLE,1,1,1,0,23,7,4.3478
2025-10-03,379,시크,STYLE,1,1,1,0,103,20,0.9709
2025-10-12,379,시크,STYLE,1,1,1,1,76,22,1.3158
2025-11-02,379,시크,STYLE,1,1,1,1,86,23,1.1628
2025-11-08,379,시크,STYLE,2,2,1,0,74,32,2.7027
2025-11-24,379,시크,STYLE,1,1,1,0,52,33,1.9231
2025-12-20,379,시크,STYLE,1,1,1,0,56,39,1.7857
2026-01-02,379,시크,STYLE,1,1,1,1,103,31,0.9709
2026-01-03,379,시크,STYLE,1,1,1,0,71,37,1.4085
2026-01-09,379,시크,STYLE,1,1,1,1,48,18,2.0833
2026-01-23,379,시크,STYLE,1,1,1,1,61,26,1.6393
2026-01-24,379,시크,STYLE,1,1,1,0,62,34,1.6129
2026-01-30,379,시크,STYLE,1,1,1,0,30,17,3.3333
2026-02-27,379,시크,STYLE,1,1,1,1,156,44,0.641
2026-02-28,379,시크,STYLE,1,1,1,0,87,47,1.1494
2026-03-04,379,시크,STYLE,1,1,1,0,159,65,0.6289
2026-03-06,379,시크,STYLE,2,2,2,2,203,70,0.9852
2026-04-18,379,시크,STYLE,1,1,1,1,168,63,0.5952
2026-05-15,379,시크,STYLE,1,1,1,0,177,75,0.565
2026-05-17,379,시크,STYLE,1,1,1,0,166,82,0.6024
2026-05-21,379,시크,STYLE,1,1,1,1,270,85,0.3704
2026-05-24,379,시크,STYLE,3,3,2,1,297,121,1.0101
2026-06-03,379,시크,STYLE,1,1,1,0,222,94,0.4505
2026-06-15,379,시크,STYLE,1,1,1,0,440,179,0.2273
2026-06-19,379,시크,STYLE,1,1,1,0,510,170,0.1961
2026-06-21,379,시크,STYLE,4,4,3,1,550,205,0.7273
2026-06-22,379,시크,STYLE,1,1,1,0,455,179,0.2198
2026-06-25,379,시크,STYLE,1,1,1,0,162,75,0.6173
2026-06-26,379,시크,STYLE,1,1,1,1,247,81,0.4049
2026-07-03,379,시크,STYLE,1,1,1,1,154,63,0.6494
2026-07-04,379,시크,STYLE,1,1,1,1,306,114,0.3268
2026-07-18,379,시크,STYLE,1,1,1,0,429,155,0.2331
2026-07-19,379,시크,STYLE,1,1,1,0,670,210,0.1493
2026-07-20,379,시크,STYLE,1,1,1,1,386,140,0.2591
2026-07-24,379,시크,STYLE,1,1,1,1,233,80,0.4292
2026-07-25,379,시크,STYLE,1,1,1,1,245,115,0.4082
2026-08-08,379,시크,STYLE,1,1,1,0,143,57,0.6993
2026-08-09,379,시크,STYLE,1,1,1,0,265,116,0.3774
2026-08-11,379,시크,STYLE,1,1,1,1,383,116,0.2611
2026-08-12,379,시크,STYLE,1,1,1,1,194,92,0.5155
2026-08-14,379,시크,STYLE,1,1,1,0,159,54,0.6289
2026-08-17,379,시크,STYLE,1,1,1,0,543,223,0.1842
2026-08-18,379,시크,STYLE,3,3,2,0,303,163,0.9901
2026-08-25,379,시크,STYLE,1,1,1,1,405,202,0.2469
2026-08-26,379,시크,STYLE,1,1,1,1,424,195,0.2358
2026-08-27,379,시크,STYLE,1,1,1,0,330,161,0.303
2026-08-29,379,시크,STYLE,1,1,1,1,316,144,0.3165
2026-09-03,379,시크,STYLE,1,1,1,1,603,270,0.1658
2026-09-04,379,시크,STYLE,1,1,1,0,482,221,0.2075
2026-09-06,379,시크,STYLE,2,2,2,1,858,363,0.2331
2026-09-07,379,시크,STYLE,3,3,2,0,732,308,0.4098
2026-09-08,379,시크,STYLE,1,1,1,0,248,112,0.4032
2026-07-26,573,시폰,MATERIAL,1,1,1,0,338,132,0.2959
2026-07-28,573,시폰,MATERIAL,1,1,1,0,262,125,0.3817
2025-09-05,193,신발,ITEM,1,1,1,0,87,25,1.1494
2025-09-07,193,신발,ITEM,1,1,1,0,29,8,3.4483
2025-09-08,193,신발,ITEM,1,1,1,0,39,12,2.5641
2025-09-10,193,신발,ITEM,1,1,1,0,25,7,4.0
2025-09-14,193,신발,ITEM,1,1,1,0,52,13,1.9231
2025-09-15,193,신발,ITEM,1,1,1,0,110,52,0.9091
2025-09-21,193,신발,ITEM,2,2,2,1,55,12,3.6364
2025-09-24,193,신발,ITEM,4,4,1,1,43,14,9.3023
2025-09-26,193,신발,ITEM,3,3,2,0,76,18,3.9474
2025-09-27,193,신발,ITEM,3,3,2,0,92,35,3.2609
2025-10-05,193,신발,ITEM,1,1,1,0,53,14,1.8868
2025-10-07,193,신발,ITEM,1,1,1,0,18,7,5.5556
2025-10-10,193,신발,ITEM,3,3,1,0,80,23,3.75
2025-10-11,193,신발,ITEM,3,3,1,0,50,26,6.0
2025-10-12,193,신발,ITEM,2,2,1,0,76,22,2.6316
2025-10-14,193,신발,ITEM,2,2,2,0,8,5,25.0
2025-10-15,193,신발,ITEM,1,1,1,0,5,2,20.0
2025-10-21,193,신발,ITEM,1,1,1,0,19,11,5.2632
2025-10-27,193,신발,ITEM,1,1,1,0,24,12,4.1667
2025-10-31,193,신발,ITEM,1,1,1,0,66,25,1.5152
2025-11-01,193,신발,ITEM,1,1,1,0,41,19,2.439
2025-11-02,193,신발,ITEM,2,2,2,1,86,23,2.3256
2025-11-03,193,신발,ITEM,2,2,2,0,51,15,3.9216
2025-11-04,193,신발,ITEM,1,1,1,0,25,13,4.0
2025-11-09,193,신발,ITEM,1,1,1,1,76,21,1.3158
2025-11-19,193,신발,ITEM,1,1,1,0,165,47,0.6061
2025-11-21,193,신발,ITEM,1,1,1,0,127,48,0.7874
2025-11-22,193,신발,ITEM,1,1,1,0,75,36,1.3333
2025-11-24,193,신발,ITEM,1,1,1,0,52,33,1.9231
2025-11-27,193,신발,ITEM,1,1,1,0,35,15,2.8571
2025-11-30,193,신발,ITEM,1,1,1,1,72,27,1.3889
2025-12-02,193,신발,ITEM,2,2,1,0,123,66,1.626
2025-12-03,193,신발,ITEM,2,2,2,0,93,52,2.1505
2025-12-05,193,신발,ITEM,1,1,1,0,88,46,1.1364
2025-12-06,193,신발,ITEM,6,6,3,0,91,53,6.5934
2025-12-07,193,신발,ITEM,2,2,2,1,120,49,1.6667
2025-12-08,193,신발,ITEM,2,2,2,0,42,28,4.7619
2025-12-09,193,신발,ITEM,1,1,1,0,10,6,10.0
2025-12-13,193,신발,ITEM,2,2,1,0,28,20,7.1429
2025-12-15,193,신발,ITEM,1,1,1,0,10,7,10.0
2025-12-23,193,신발,ITEM,2,2,2,1,50,24,4.0
2025-12-25,193,신발,ITEM,1,1,1,0,12,7,8.3333
2026-01-06,193,신발,ITEM,1,1,1,0,35,19,2.8571
2026-01-07,193,신발,ITEM,1,1,1,0,13,8,7.6923
2026-01-11,193,신발,ITEM,1,1,1,0,29,17,3.4483
2026-01-16,193,신발,ITEM,1,1,1,1,108,22,0.9259
2026-01-17,193,신발,ITEM,1,1,1,0,143,78,0.6993
2026-01-19,193,신발,ITEM,1,1,1,0,57,27,1.7544
2026-01-20,193,신발,ITEM,5,5,1,1,57,25,8.7719
2026-01-21,193,신발,ITEM,7,7,2,0,22,16,31.8182
2026-01-28,193,신발,ITEM,2,2,1,0,29,13,6.8966
2026-01-29,193,신발,ITEM,1,1,1,0,60,12,1.6667
2026-02-01,193,신발,ITEM,3,3,2,1,83,43,3.6145
2026-02-02,193,신발,ITEM,1,1,1,0,12,10,8.3333
2026-02-05,193,신발,ITEM,1,1,1,0,39,26,2.5641
2026-02-08,193,신발,ITEM,2,2,2,0,25,22,8.0
2026-02-11,193,신발,ITEM,1,1,1,0,20,13,5.0
2026-02-14,193,신발,ITEM,1,1,1,0,26,21,3.8462
2026-02-15,193,신발,ITEM,1,1,1,1,30,19,3.3333
2026-02-19,193,신발,ITEM,1,1,1,0,25,13,4.0
2026-02-20,193,신발,ITEM,9,9,2,0,152,39,5.9211
2026-02-21,193,신발,ITEM,3,3,2,0,32,19,9.375
2026-02-22,193,신발,ITEM,8,8,3,1,61,30,13.1148
2026-02-23,193,신발,ITEM,4,4,2,0,31,19,12.9032
2026-02-24,193,신발,ITEM,3,3,3,0,63,32,4.7619
2026-02-25,193,신발,ITEM,1,1,1,0,52,33,1.9231
2026-02-26,193,신발,ITEM,2,2,2,0,56,33,3.5714
2026-02-28,193,신발,ITEM,14,14,3,1,87,47,16.092
2026-03-01,193,신발,ITEM,12,12,1,0,144,46,8.3333
2026-03-02,193,신발,ITEM,2,2,2,1,49,31,4.0816
2026-03-04,193,신발,ITEM,3,3,2,1,159,65,1.8868
2026-03-05,193,신발,ITEM,1,1,1,0,64,22,1.5625
2026-03-06,193,신발,ITEM,1,1,1,0,203,70,0.4926
2026-03-10,193,신발,ITEM,2,2,2,0,28,22,7.1429
2026-03-11,193,신발,ITEM,1,1,1,0,20,12,5.0
2026-03-14,193,신발,ITEM,1,1,1,0,37,12,2.7027
2026-03-15,193,신발,ITEM,1,1,1,0,87,29,1.1494
2026-03-16,193,신발,ITEM,1,1,1,0,83,23,1.2048
2026-03-17,193,신발,ITEM,1,1,1,0,76,20,1.3158
2026-03-18,193,신발,ITEM,1,1,1,0,70,45,1.4286
2026-03-20,193,신발,ITEM,1,1,1,0,44,13,2.2727
2026-03-22,193,신발,ITEM,3,3,1,1,158,62,1.8987
2026-03-23,193,신발,ITEM,5,5,2,0,64,38,7.8125
2026-03-24,193,신발,ITEM,2,2,1,0,70,41,2.8571
2026-03-26,193,신발,ITEM,4,4,1,0,154,65,2.5974
2026-03-27,193,신발,ITEM,3,3,3,0,124,47,2.4194
2026-03-28,193,신발,ITEM,1,1,1,0,23,9,4.3478
2026-03-29,193,신발,ITEM,1,1,1,0,38,17,2.6316
2026-04-02,193,신발,ITEM,3,3,1,0,103,44,2.9126
2026-04-03,193,신발,ITEM,4,4,2,0,69,31,5.7971
2026-04-04,193,신발,ITEM,6,6,2,0,58,37,10.3448
2026-04-05,193,신발,ITEM,4,4,2,1,129,44,3.1008
2026-04-06,193,신발,ITEM,3,3,1,0,39,22,7.6923
2026-04-07,193,신발,ITEM,2,2,1,0,24,16,8.3333
2026-04-08,193,신발,ITEM,1,1,1,0,32,13,3.125
2026-04-09,193,신발,ITEM,6,6,4,0,43,30,13.9535
2026-04-10,193,신발,ITEM,1,1,1,0,37,22,2.7027
2026-04-12,193,신발,ITEM,3,3,2,0,29,19,10.3448
2026-04-14,193,신발,ITEM,1,1,1,0,4,4,25.0
2026-04-15,193,신발,ITEM,2,2,2,0,22,10,9.0909
2026-04-17,193,신발,ITEM,1,1,1,0,22,9,4.5455
2026-04-18,193,신발,ITEM,6,6,1,1,168,63,3.5714
2026-04-19,193,신발,ITEM,15,15,2,1,286,115,5.2448
2026-04-20,193,신발,ITEM,14,14,3,0,238,90,5.8824
2026-04-21,193,신발,ITEM,4,4,1,0,58,30,6.8966
2026-04-23,193,신발,ITEM,1,1,1,0,116,64,0.8621
2026-04-26,193,신발,ITEM,1,1,1,0,23,11,4.3478
2026-04-27,193,신발,ITEM,3,3,3,1,175,75,1.7143
2026-04-28,193,신발,ITEM,1,1,1,0,51,26,1.9608
2026-04-30,193,신발,ITEM,1,1,1,1,78,19,1.2821
2026-05-01,193,신발,ITEM,2,2,2,0,82,24,2.439
2026-05-02,193,신발,ITEM,3,3,1,0,66,35,4.5455
2026-05-03,193,신발,ITEM,5,5,3,0,150,45,3.3333
2026-05-05,193,신발,ITEM,1,1,1,0,121,55,0.8264
2026-05-06,193,신발,ITEM,1,1,1,0,95,40,1.0526
2026-05-07,193,신발,ITEM,3,3,3,0,60,37,5.0
2026-05-08,193,신발,ITEM,1,1,1,0,46,32,2.1739
2026-05-11,193,신발,ITEM,1,1,1,0,111,47,0.9009
2026-05-13,193,신발,ITEM,1,1,1,0,137,56,0.7299
2026-05-14,193,신발,ITEM,2,2,2,1,271,108,0.738
2026-05-15,193,신발,ITEM,1,1,1,0,177,75,0.565
2026-05-16,193,신발,ITEM,1,1,1,0,158,49,0.6329
2026-05-18,193,신발,ITEM,4,4,3,1,146,74,2.7397
2026-05-19,193,신발,ITEM,1,1,1,0,39,23,2.5641
2026-05-20,193,신발,ITEM,5,5,4,1,244,80,2.0492
2026-05-21,193,신발,ITEM,1,1,1,0,270,85,0.3704
2026-05-23,193,신발,ITEM,8,8,5,1,331,93,2.4169
2026-05-24,193,신발,ITEM,4,4,3,0,297,121,1.3468
2026-05-25,193,신발,ITEM,2,2,2,0,400,155,0.5
2026-05-26,193,신발,ITEM,2,2,2,0,189,90,1.0582
2026-05-27,193,신발,ITEM,2,2,2,0,222,83,0.9009
2026-05-28,193,신발,ITEM,9,9,3,1,228,103,3.9474
2026-05-29,193,신발,ITEM,1,1,1,0,188,59,0.5319
2026-05-30,193,신발,ITEM,1,1,1,0,234,83,0.4274
2026-05-31,193,신발,ITEM,2,2,2,0,354,109,0.565
2026-06-01,193,신발,ITEM,7,7,5,2,360,160,1.9444
2026-06-02,193,신발,ITEM,1,1,1,0,224,100,0.4464
2026-06-03,193,신발,ITEM,2,2,1,1,222,94,0.9009
2026-06-04,193,신발,ITEM,5,5,3,0,137,74,3.6496
2026-06-06,193,신발,ITEM,7,7,3,0,336,108,2.0833
2026-06-07,193,신발,ITEM,2,2,1,0,322,152,0.6211
2026-06-08,193,신발,ITEM,8,8,4,0,380,152,2.1053
2026-06-09,193,신발,ITEM,9,9,4,0,247,108,3.6437
2026-06-10,193,신발,ITEM,5,5,5,0,345,160,1.4493
2026-06-11,193,신발,ITEM,3,3,3,0,239,114,1.2552
2026-06-12,193,신발,ITEM,1,1,1,0,352,114,0.2841
2026-06-13,193,신발,ITEM,3,3,3,0,267,107,1.1236
2026-06-14,193,신발,ITEM,1,1,1,0,529,186,0.189
2026-06-15,193,신발,ITEM,7,7,6,2,440,179,1.5909
2026-06-16,193,신발,ITEM,10,10,7,0,465,184,2.1505
2026-06-17,193,신발,ITEM,6,6,4,1,365,130,1.6438
2026-06-18,193,신발,ITEM,8,8,4,1,286,139,2.7972
2026-06-19,193,신발,ITEM,4,4,4,0,510,170,0.7843
2026-06-20,193,신발,ITEM,14,14,1,1,422,169,3.3175
2026-06-21,193,신발,ITEM,9,9,5,0,550,205,1.6364
2026-06-22,193,신발,ITEM,7,7,5,2,455,179,1.5385
2026-06-23,193,신발,ITEM,17,17,8,2,401,171,4.2394
2026-06-24,193,신발,ITEM,6,6,4,0,369,145,1.626
2026-06-25,193,신발,ITEM,2,2,2,0,162,75,1.2346
2026-06-26,193,신발,ITEM,5,5,3,0,247,81,2.0243
2026-06-27,193,신발,ITEM,3,3,3,0,214,76,1.4019
2026-06-28,193,신발,ITEM,9,9,5,2,327,109,2.7523
2026-06-29,193,신발,ITEM,7,7,5,0,182,100,3.8462
2026-06-30,193,신발,ITEM,4,4,3,0,156,56,2.5641
2026-07-01,193,신발,ITEM,2,2,1,0,261,93,0.7663
2026-07-02,193,신발,ITEM,4,4,3,0,107,58,3.7383
2026-07-03,193,신발,ITEM,5,5,3,0,154,63,3.2468
2026-07-04,193,신발,ITEM,9,9,5,1,306,114,2.9412
2026-07-05,193,신발,ITEM,4,4,4,1,295,122,1.3559
2026-07-06,193,신발,ITEM,1,1,1,0,204,85,0.4902
2026-07-07,193,신발,ITEM,2,2,2,0,203,85,0.9852
2026-07-08,193,신발,ITEM,2,2,1,0,112,58,1.7857
2026-07-09,193,신발,ITEM,4,4,3,2,161,62,2.4845
2026-07-10,193,신발,ITEM,5,5,3,1,249,60,2.008
2026-07-11,193,신발,ITEM,17,17,3,1,174,63,9.7701
2026-07-12,193,신발,ITEM,24,24,6,0,314,141,7.6433
2026-07-13,193,신발,ITEM,12,12,5,0,382,151,3.1414
2026-07-14,193,신발,ITEM,2,2,2,0,267,89,0.7491
2026-07-15,193,신발,ITEM,8,8,6,2,265,87,3.0189
2026-07-16,193,신발,ITEM,6,6,3,1,179,58,3.352
2026-07-17,193,신발,ITEM,2,2,2,1,332,101,0.6024
2026-07-18,193,신발,ITEM,15,15,12,4,429,155,3.4965
2026-07-19,193,신발,ITEM,6,6,4,2,670,210,0.8955
2026-07-20,193,신발,ITEM,3,3,3,0,386,140,0.7772
2026-07-21,193,신발,ITEM,5,5,4,1,284,141,1.7606
2026-07-22,193,신발,ITEM,6,6,5,1,244,112,2.459
2026-07-23,193,신발,ITEM,8,8,7,3,243,86,3.2922
2026-07-24,193,신발,ITEM,8,8,8,2,233,80,3.4335
2026-07-25,193,신발,ITEM,3,3,3,1,245,115,1.2245
2026-07-26,193,신발,ITEM,9,9,3,0,338,132,2.6627
2026-07-27,193,신발,ITEM,15,15,5,0,392,161,3.8265
2026-07-28,193,신발,ITEM,5,5,4,0,262,125,1.9084
2026-07-29,193,신발,ITEM,2,2,2,1,238,113,0.8403
2026-08-01,193,신발,ITEM,1,1,1,1,277,115,0.361
2026-08-02,193,신발,ITEM,6,6,3,2,250,101,2.4
2026-08-03,193,신발,ITEM,5,5,4,0,257,111,1.9455
2026-08-04,193,신발,ITEM,11,11,8,1,225,88,4.8889
2026-08-05,193,신발,ITEM,4,4,1,0,302,135,1.3245
2026-08-06,193,신발,ITEM,9,9,4,0,284,112,3.169
2026-08-07,193,신발,ITEM,2,2,2,0,151,70,1.3245
2026-08-08,193,신발,ITEM,2,2,2,0,143,57,1.3986
2026-08-09,193,신발,ITEM,9,9,4,3,265,116,3.3962
2026-08-10,193,신발,ITEM,4,4,3,0,244,105,1.6393
2026-08-11,193,신발,ITEM,4,4,4,2,383,116,1.0444
2026-08-12,193,신발,ITEM,5,5,3,1,194,92,2.5773
2026-08-13,193,신발,ITEM,2,2,2,0,223,94,0.8969
2026-08-14,193,신발,ITEM,1,1,1,0,159,54,0.6289
2026-08-15,193,신발,ITEM,4,4,3,0,172,83,2.3256
2026-08-16,193,신발,ITEM,5,5,5,1,232,98,2.1552
2026-08-17,193,신발,ITEM,8,8,6,1,543,223,1.4733
2026-08-18,193,신발,ITEM,6,6,5,0,303,163,1.9802
2026-08-19,193,신발,ITEM,8,8,4,1,219,95,3.653
2026-08-20,193,신발,ITEM,2,2,2,0,236,110,0.8475
2026-08-21,193,신발,ITEM,12,12,8,1,235,105,5.1064
2026-08-22,193,신발,ITEM,22,22,10,1,275,117,8.0
2026-08-23,193,신발,ITEM,10,10,5,0,472,218,2.1186
2026-08-24,193,신발,ITEM,26,26,6,1,592,293,4.3919
2026-08-25,193,신발,ITEM,13,13,6,1,405,202,3.2099
2026-08-26,193,신발,ITEM,15,15,8,2,424,195,3.5377
2026-08-27,193,신발,ITEM,15,15,5,1,330,161,4.5455
2026-08-28,193,신발,ITEM,7,7,2,0,414,157,1.6908
2026-08-29,193,신발,ITEM,3,3,3,2,316,144,0.9494
2026-08-30,193,신발,ITEM,3,3,3,0,735,303,0.4082
2026-08-31,193,신발,ITEM,12,12,9,0,714,321,1.6807
2026-09-01,193,신발,ITEM,8,8,8,1,601,253,1.3311
2026-09-02,193,신발,ITEM,7,7,5,0,502,221,1.3944
2026-09-03,193,신발,ITEM,6,6,5,0,603,270,0.995
2026-09-04,193,신발,ITEM,2,2,2,0,482,221,0.4149
2026-09-05,193,신발,ITEM,9,9,8,1,563,234,1.5986
2026-09-06,193,신발,ITEM,9,9,7,1,858,363,1.049
2026-09-07,193,신발,ITEM,8,8,7,2,732,308,1.0929
2026-09-08,193,신발,ITEM,2,2,2,0,248,112,0.8065
2026-09-09,193,신발,ITEM,1,1,1,1,170,7,0.5882
2025-10-04,521,실내,TPO,1,1,1,0,84,22,1.1905
2026-01-09,521,실내,TPO,1,1,1,0,48,18,2.0833
2026-05-25,521,실내,TPO,1,1,1,1,400,155,0.25
2026-06-04,521,실내,TPO,1,1,1,1,137,74,0.7299
2026-07-12,521,실내,TPO,1,1,1,0,314,141,0.3185
2026-07-13,521,실내,TPO,1,1,1,0,382,151,0.2618
2026-07-15,521,실내,TPO,1,1,1,0,265,87,0.3774
2026-07-17,521,실내,TPO,1,1,1,0,332,101,0.3012
2026-07-26,521,실내,TPO,1,1,1,0,338,132,0.2959
2026-07-30,521,실내,TPO,1,1,1,0,249,101,0.4016
2025-09-13,449,실버,COLOR,1,1,1,0,46,32,2.1739
2025-10-07,449,실버,COLOR,1,1,1,0,18,7,5.5556
2025-10-12,449,실버,COLOR,5,5,2,1,76,22,6.5789
2025-10-13,449,실버,COLOR,1,1,1,0,20,6,5.0
2025-10-15,449,실버,COLOR,1,1,1,0,5,2,20.0
2025-10-21,449,실버,COLOR,1,1,1,0,19,11,5.2632
2025-11-23,449,실버,COLOR,1,1,1,1,92,33,1.087
2026-01-02,449,실버,COLOR,2,2,1,0,103,31,1.9417
2026-01-23,449,실버,COLOR,1,1,1,0,61,26,1.6393
2026-01-27,449,실버,COLOR,1,1,1,0,13,5,7.6923
2026-02-01,449,실버,COLOR,1,1,1,0,83,43,1.2048
2026-02-06,449,실버,COLOR,1,1,1,1,65,32,1.5385
2026-02-07,449,실버,COLOR,1,1,1,0,115,57,0.8696
2026-02-17,449,실버,COLOR,1,1,1,0,9,6,11.1111
2026-02-20,449,실버,COLOR,5,5,1,0,152,39,3.2895
2026-02-21,449,실버,COLOR,1,1,1,0,32,19,3.125
2026-02-27,449,실버,COLOR,1,1,1,0,156,44,0.641
2026-03-04,449,실버,COLOR,2,2,2,0,159,65,1.2579
2026-03-05,449,실버,COLOR,2,2,2,0,64,22,3.125
2026-03-06,449,실버,COLOR,4,4,1,1,203,70,1.9704
2026-03-07,449,실버,COLOR,11,11,1,0,82,41,13.4146
2026-03-08,449,실버,COLOR,3,3,1,0,71,37,4.2254
2026-03-09,449,실버,COLOR,2,2,1,0,37,18,5.4054
2026-03-10,449,실버,COLOR,1,1,1,0,28,22,3.5714
2026-03-12,449,실버,COLOR,1,1,1,0,22,15,4.5455
2026-03-13,449,실버,COLOR,1,1,1,0,26,18,3.8462
2026-03-18,449,실버,COLOR,1,1,1,0,70,45,1.4286
2026-03-20,449,실버,COLOR,1,1,1,1,44,13,2.2727
2026-03-29,449,실버,COLOR,2,2,1,0,38,17,5.2632
2026-04-03,449,실버,COLOR,6,6,2,1,69,31,8.6957
2026-04-04,449,실버,COLOR,8,8,1,0,58,37,13.7931
2026-04-05,449,실버,COLOR,5,5,1,0,129,44,3.876
2026-04-06,449,실버,COLOR,1,1,1,0,39,22,2.5641
2026-04-07,449,실버,COLOR,1,1,1,0,24,16,4.1667
2026-04-08,449,실버,COLOR,1,1,1,0,32,13,3.125
2026-04-09,449,실버,COLOR,1,1,1,0,43,30,2.3256
2026-04-13,449,실버,COLOR,1,1,1,0,17,11,5.8824
2026-04-18,449,실버,COLOR,5,5,2,1,168,63,2.9762
2026-04-20,449,실버,COLOR,2,2,1,0,238,90,0.8403
2026-04-22,449,실버,COLOR,1,1,1,0,63,26,1.5873
2026-04-23,449,실버,COLOR,1,1,1,0,116,64,0.8621
2026-04-25,449,실버,COLOR,2,2,1,0,52,20,3.8462
2026-05-01,449,실버,COLOR,2,2,2,2,82,24,2.439
2026-05-02,449,실버,COLOR,4,4,1,0,66,35,6.0606
2026-05-03,449,실버,COLOR,1,1,1,0,150,45,0.6667
2026-05-06,449,실버,COLOR,1,1,1,0,95,40,1.0526
2026-05-12,449,실버,COLOR,1,1,1,1,134,52,0.7463
2026-05-14,449,실버,COLOR,1,1,1,1,271,108,0.369
2026-05-18,449,실버,COLOR,2,2,2,1,146,74,1.3699
2026-05-22,449,실버,COLOR,1,1,1,0,227,77,0.4405
2026-05-23,449,실버,COLOR,1,1,1,0,331,93,0.3021
2026-05-24,449,실버,COLOR,2,2,1,1,297,121,0.6734
2026-05-29,449,실버,COLOR,1,1,1,0,188,59,0.5319
2026-05-30,449,실버,COLOR,1,1,1,0,234,83,0.4274
2026-05-31,449,실버,COLOR,1,1,1,0,354,109,0.2825
2026-06-03,449,실버,COLOR,2,2,1,1,222,94,0.9009
2026-06-08,449,실버,COLOR,2,2,2,2,380,152,0.5263
2026-06-10,449,실버,COLOR,1,1,1,1,345,160,0.2899
2026-06-14,449,실버,COLOR,1,1,1,0,529,186,0.189
2026-06-16,449,실버,COLOR,2,2,1,1,465,184,0.4301
2026-06-17,449,실버,COLOR,3,3,3,1,365,130,0.8219
2026-06-19,449,실버,COLOR,13,13,5,3,510,170,2.549
2026-06-20,449,실버,COLOR,8,8,3,0,422,169,1.8957
2026-06-21,449,실버,COLOR,5,5,1,0,550,205,0.9091
2026-06-22,449,실버,COLOR,3,3,1,0,455,179,0.6593
2026-06-23,449,실버,COLOR,6,6,1,0,401,171,1.4963
2026-06-24,449,실버,COLOR,2,2,1,0,369,145,0.542
2026-06-25,449,실버,COLOR,3,3,2,0,162,75,1.8519
2026-06-26,449,실버,COLOR,1,1,1,0,247,81,0.4049
2026-06-27,449,실버,COLOR,3,3,1,1,214,76,1.4019
2026-06-28,449,실버,COLOR,2,2,2,1,327,109,0.6116
2026-06-29,449,실버,COLOR,2,2,2,1,182,100,1.0989
2026-07-08,449,실버,COLOR,2,2,1,1,112,58,1.7857
2026-07-09,449,실버,COLOR,3,3,2,2,161,62,1.8634
2026-07-11,449,실버,COLOR,1,1,1,1,174,63,0.5747
2026-07-13,449,실버,COLOR,2,2,2,2,382,151,0.5236
2026-07-15,449,실버,COLOR,1,1,1,0,265,87,0.3774
2026-07-16,449,실버,COLOR,1,1,1,1,179,58,0.5587
2026-07-19,449,실버,COLOR,2,2,2,0,670,210,0.2985
2026-07-20,449,실버,COLOR,1,1,1,1,386,140,0.2591
2026-07-24,449,실버,COLOR,1,1,1,0,233,80,0.4292
2026-07-28,449,실버,COLOR,2,2,2,1,262,125,0.7634
2026-07-30,449,실버,COLOR,2,2,2,0,249,101,0.8032
2026-07-31,449,실버,COLOR,1,1,1,1,204,84,0.4902
2026-08-01,449,실버,COLOR,3,3,2,0,277,115,1.083
2026-08-03,449,실버,COLOR,1,1,1,1,257,111,0.3891
2026-08-04,449,실버,COLOR,1,1,1,0,225,88,0.4444
2026-08-05,449,실버,COLOR,2,2,1,1,302,135,0.6623
2026-08-06,449,실버,COLOR,2,2,2,1,284,112,0.7042
2026-08-09,449,실버,COLOR,1,1,1,1,265,116,0.3774
2026-08-10,449,실버,COLOR,3,3,2,1,244,105,1.2295
2026-08-11,449,실버,COLOR,2,2,2,1,383,116,0.5222
2026-08-15,449,실버,COLOR,2,2,2,1,172,83,1.1628
2026-08-17,449,실버,COLOR,1,1,1,1,543,223,0.1842
2026-08-18,449,실버,COLOR,1,1,1,0,303,163,0.33
2026-08-21,449,실버,COLOR,1,1,1,1,235,105,0.4255
2026-08-22,449,실버,COLOR,1,1,1,0,275,117,0.3636
2026-08-23,449,실버,COLOR,1,1,1,0,472,218,0.2119
2026-08-24,449,실버,COLOR,1,1,1,0,592,293,0.1689
2026-08-30,449,실버,COLOR,1,1,1,0,735,303,0.1361
2026-09-04,449,실버,COLOR,1,1,1,0,482,221,0.2075
2026-09-05,449,실버,COLOR,1,1,1,0,563,234,0.1776
2025-09-26,594,실크,MATERIAL,1,1,1,1,76,18,1.3158
2025-10-12,594,실크,MATERIAL,1,1,1,1,76,22,1.3158
2026-02-20,594,실크,MATERIAL,1,1,1,1,152,39,0.6579
2026-03-15,594,실크,MATERIAL,1,1,1,0,87,29,1.1494
2026-03-17,594,실크,MATERIAL,1,1,1,1,76,20,1.3158
2026-04-18,594,실크,MATERIAL,2,2,1,1,168,63,1.1905
2026-04-25,594,실크,MATERIAL,1,1,1,0,52,20,1.9231
2026-04-27,594,실크,MATERIAL,1,1,1,1,175,75,0.5714
2026-06-04,594,실크,MATERIAL,1,1,1,0,137,74,0.7299
2026-06-05,594,실크,MATERIAL,1,1,1,1,183,55,0.5464
2026-06-06,594,실크,MATERIAL,1,1,1,1,336,108,0.2976
2026-06-16,594,실크,MATERIAL,1,1,1,0,465,184,0.2151
2026-06-19,594,실크,MATERIAL,1,1,1,1,510,170,0.1961
2026-06-27,594,실크,MATERIAL,1,1,1,1,214,76,0.4673
2026-06-30,594,실크,MATERIAL,1,1,1,1,156,56,0.641
2026-07-14,594,실크,MATERIAL,1,1,1,1,267,89,0.3745
2026-07-19,594,실크,MATERIAL,1,1,1,1,670,210,0.1493
2026-07-20,594,실크,MATERIAL,1,1,1,1,386,140,0.2591
2026-07-22,594,실크,MATERIAL,1,1,1,0,244,112,0.4098
2026-07-27,594,실크,MATERIAL,1,1,1,0,392,161,0.2551
2026-08-03,594,실크,MATERIAL,1,1,1,1,257,111,0.3891
2026-08-12,594,실크,MATERIAL,1,1,1,0,194,92,0.5155
2026-08-17,594,실크,MATERIAL,4,4,2,2,543,223,0.7366
2026-08-18,594,실크,MATERIAL,1,1,1,0,303,163,0.33
2026-08-19,594,실크,MATERIAL,1,1,1,0,219,95,0.4566
2026-08-22,594,실크,MATERIAL,1,1,1,0,275,117,0.3636
2026-08-24,594,실크,MATERIAL,1,1,1,0,592,293,0.1689
2026-08-26,594,실크,MATERIAL,1,1,1,0,424,195,0.2358
2026-08-27,594,실크,MATERIAL,2,2,1,0,330,161,0.6061
2026-08-30,594,실크,MATERIAL,1,1,1,0,735,303,0.1361
2026-09-05,594,실크,MATERIAL,1,1,1,0,563,234,0.1776
2026-09-01,510,아침,TPO,1,1,1,1,601,253,0.1664
2025-09-21,238,안경,ITEM,1,1,1,1,55,12,1.8182
2025-10-05,238,안경,ITEM,1,1,1,1,53,14,1.8868
2025-10-06,238,안경,ITEM,2,2,2,0,19,9,10.5263
2025-10-12,238,안경,ITEM,1,1,1,1,76,22,1.3158
2025-10-26,238,안경,ITEM,1,1,1,1,63,15,1.5873
2025-11-02,238,안경,ITEM,1,1,1,1,86,23,1.1628
2025-11-12,238,안경,ITEM,1,1,1,0,33,12,3.0303
2025-11-23,238,안경,ITEM,1,1,1,1,92,33,1.087
2025-11-25,238,안경,ITEM,1,1,1,0,50,29,2.0
2025-12-02,238,안경,ITEM,1,1,1,0,123,66,0.813
2025-12-03,238,안경,ITEM,1,1,1,0,93,52,1.0753
2025-12-20,238,안경,ITEM,2,2,1,0,56,39,3.5714
2025-12-31,238,안경,ITEM,1,1,1,0,10,8,10.0
2026-01-22,238,안경,ITEM,1,1,1,0,17,8,5.8824
2026-01-23,238,안경,ITEM,1,1,1,0,61,26,1.6393
2026-01-24,238,안경,ITEM,2,2,2,1,62,34,3.2258
2026-01-31,238,안경,ITEM,4,4,1,1,44,32,9.0909
2026-02-01,238,안경,ITEM,3,3,1,0,83,43,3.6145
2026-02-02,238,안경,ITEM,1,1,1,0,12,10,8.3333
2026-02-07,238,안경,ITEM,1,1,1,0,115,57,0.8696
2026-02-08,238,안경,ITEM,1,1,1,0,25,22,4.0
2026-02-09,238,안경,ITEM,1,1,1,0,22,15,4.5455
2026-02-12,238,안경,ITEM,2,2,1,0,24,12,8.3333
2026-02-13,238,안경,ITEM,1,1,1,0,13,11,7.6923
2026-02-14,238,안경,ITEM,4,4,2,0,26,21,15.3846
2026-02-19,238,안경,ITEM,1,1,1,0,25,13,4.0
2026-02-24,238,안경,ITEM,2,2,1,0,63,32,3.1746
2026-02-27,238,안경,ITEM,4,4,3,0,156,44,2.5641
2026-02-28,238,안경,ITEM,1,1,1,0,87,47,1.1494
2026-03-01,238,안경,ITEM,2,2,1,1,144,46,1.3889
2026-03-02,238,안경,ITEM,1,1,1,0,49,31,2.0408
2026-03-04,238,안경,ITEM,12,12,1,1,159,65,7.5472
2026-03-05,238,안경,ITEM,2,2,2,0,64,22,3.125
2026-03-08,238,안경,ITEM,1,1,1,0,71,37,1.4085
2026-03-09,238,안경,ITEM,2,2,2,0,37,18,5.4054
2026-03-13,238,안경,ITEM,2,2,2,0,26,18,7.6923
2026-03-15,238,안경,ITEM,1,1,1,0,87,29,1.1494
2026-03-17,238,안경,ITEM,1,1,1,0,76,20,1.3158
2026-03-19,238,안경,ITEM,1,1,1,0,89,60,1.1236
2026-03-23,238,안경,ITEM,1,1,1,0,64,38,1.5625
2026-03-30,238,안경,ITEM,1,1,1,0,49,29,2.0408
2026-04-03,238,안경,ITEM,1,1,1,0,69,31,1.4493
2026-04-04,238,안경,ITEM,1,1,1,0,58,37,1.7241
2026-04-11,238,안경,ITEM,1,1,1,0,80,37,1.25
2026-04-19,238,안경,ITEM,2,2,1,0,286,115,0.6993
2026-04-20,238,안경,ITEM,1,1,1,1,238,90,0.4202
2026-04-28,238,안경,ITEM,1,1,1,0,51,26,1.9608
2026-05-05,238,안경,ITEM,1,1,1,0,121,55,0.8264
2026-05-12,238,안경,ITEM,1,1,1,0,134,52,0.7463
2026-05-15,238,안경,ITEM,1,1,1,0,177,75,0.565
2026-05-28,238,안경,ITEM,2,2,1,1,228,103,0.8772
2026-05-29,238,안경,ITEM,1,1,1,0,188,59,0.5319
2026-05-30,238,안경,ITEM,2,2,2,1,234,83,0.8547
2026-05-31,238,안경,ITEM,4,4,3,2,354,109,1.1299
2026-06-06,238,안경,ITEM,1,1,1,1,336,108,0.2976
2026-06-13,238,안경,ITEM,3,3,1,0,267,107,1.1236
2026-06-14,238,안경,ITEM,1,1,1,1,529,186,0.189
2026-06-15,238,안경,ITEM,1,1,1,1,440,179,0.2273
2026-06-21,238,안경,ITEM,1,1,1,0,550,205,0.1818
2026-06-23,238,안경,ITEM,1,1,1,1,401,171,0.2494
2026-06-24,238,안경,ITEM,1,1,1,0,369,145,0.271
2026-06-26,238,안경,ITEM,1,1,1,0,247,81,0.4049
2026-06-27,238,안경,ITEM,1,1,1,1,214,76,0.4673
2026-06-28,238,안경,ITEM,2,2,2,1,327,109,0.6116
2026-06-30,238,안경,ITEM,1,1,1,0,156,56,0.641
2026-07-04,238,안경,ITEM,1,1,1,0,306,114,0.3268
2026-07-05,238,안경,ITEM,1,1,1,1,295,122,0.339
2026-07-06,238,안경,ITEM,1,1,1,0,204,85,0.4902
2026-07-07,238,안경,ITEM,1,1,1,1,203,85,0.4926
2026-07-11,238,안경,ITEM,1,1,1,1,174,63,0.5747
2026-07-12,238,안경,ITEM,3,3,1,1,314,141,0.9554
2026-07-14,238,안경,ITEM,3,3,2,1,267,89,1.1236
2026-07-15,238,안경,ITEM,4,4,2,1,265,87,1.5094
2026-07-16,238,안경,ITEM,1,1,1,1,179,58,0.5587
2026-07-17,238,안경,ITEM,1,1,1,1,332,101,0.3012
2026-07-18,238,안경,ITEM,2,2,2,2,429,155,0.4662
2026-07-19,238,안경,ITEM,2,2,1,1,670,210,0.2985
2026-07-22,238,안경,ITEM,1,1,1,1,244,112,0.4098
2026-07-28,238,안경,ITEM,1,1,1,1,262,125,0.3817
2026-07-30,238,안경,ITEM,1,1,1,0,249,101,0.4016
2026-08-01,238,안경,ITEM,1,1,1,1,277,115,0.361
2026-08-05,238,안경,ITEM,1,1,1,0,302,135,0.3311
2026-08-07,238,안경,ITEM,1,1,1,0,151,70,0.6623
2026-08-11,238,안경,ITEM,1,1,1,0,383,116,0.2611
2026-08-17,238,안경,ITEM,1,1,1,1,543,223,0.1842
2026-08-18,238,안경,ITEM,1,1,1,0,303,163,0.33
2026-08-22,238,안경,ITEM,2,2,2,1,275,117,0.7273
2026-08-24,238,안경,ITEM,1,1,1,1,592,293,0.1689
2026-08-25,238,안경,ITEM,3,3,2,0,405,202,0.7407
2026-08-28,238,안경,ITEM,3,3,2,2,414,157,0.7246
2026-08-29,238,안경,ITEM,4,4,1,0,316,144,1.2658
2026-08-30,238,안경,ITEM,1,1,1,0,735,303,0.1361
2026-09-01,238,안경,ITEM,2,2,2,2,601,253,0.3328
2026-09-02,238,안경,ITEM,1,1,1,1,502,221,0.1992
2026-09-05,238,안경,ITEM,2,2,2,1,563,234,0.3552
2026-09-06,238,안경,ITEM,1,1,1,1,858,363,0.1166
2026-09-10,238,안경,ITEM,1,1,1,1,20,5,5.0
2025-10-12,166,야상,ITEM,1,1,1,1,76,22,1.3158
2025-12-04,166,야상,ITEM,3,3,1,0,67,41,4.4776
2025-12-05,166,야상,ITEM,1,1,1,0,88,46,1.1364
2025-12-06,166,야상,ITEM,6,6,2,0,91,53,6.5934
2025-12-07,166,야상,ITEM,1,1,1,0,120,49,0.8333
2026-01-07,166,야상,ITEM,1,1,1,0,13,8,7.6923
2026-01-31,166,야상,ITEM,1,1,1,0,44,32,2.2727
2026-02-01,166,야상,ITEM,2,2,1,0,83,43,2.4096
2026-02-22,166,야상,ITEM,1,1,1,0,61,30,1.6393
2026-02-24,166,야상,ITEM,2,2,1,0,63,32,3.1746
2026-02-27,166,야상,ITEM,2,2,1,0,156,44,1.2821
2026-03-07,166,야상,ITEM,2,2,1,1,82,41,2.439
2026-03-09,166,야상,ITEM,1,1,1,0,37,18,2.7027
2026-03-10,166,야상,ITEM,1,1,1,0,28,22,3.5714
2026-03-12,166,야상,ITEM,1,1,1,0,22,15,4.5455
2026-03-14,166,야상,ITEM,1,1,1,0,37,12,2.7027
2026-03-20,166,야상,ITEM,1,1,1,0,44,13,2.2727
2026-03-22,166,야상,ITEM,3,3,2,0,158,62,1.8987
2026-04-04,166,야상,ITEM,1,1,1,0,58,37,1.7241
2026-05-04,166,야상,ITEM,1,1,1,0,61,39,1.6393
2026-08-04,166,야상,ITEM,1,1,1,0,225,88,0.4444
2026-08-17,166,야상,ITEM,3,3,1,1,543,223,0.5525
2026-08-18,166,야상,ITEM,1,1,1,0,303,163,0.33
2026-08-19,166,야상,ITEM,1,1,1,0,219,95,0.4566
2026-08-23,166,야상,ITEM,2,2,1,1,472,218,0.4237
2026-08-24,166,야상,ITEM,1,1,1,0,592,293,0.1689
2026-08-29,166,야상,ITEM,1,1,1,1,316,144,0.3165
2026-08-31,166,야상,ITEM,2,2,1,1,714,321,0.2801
2026-09-02,166,야상,ITEM,2,2,2,1,502,221,0.3984
2026-09-04,166,야상,ITEM,1,1,1,0,482,221,0.2075
2026-09-05,166,야상,ITEM,1,1,1,0,563,234,0.1776
2026-09-06,166,야상,ITEM,1,1,1,1,858,363,0.1166
2026-01-09,522,야외,TPO,1,1,1,0,48,18,2.0833
2026-01-17,522,야외,TPO,1,1,1,0,143,78,0.6993
2026-06-08,522,야외,TPO,1,1,1,1,380,152,0.2632
2026-06-21,522,야외,TPO,1,1,1,0,550,205,0.1818
2026-07-01,522,야외,TPO,1,1,1,0,261,93,0.3831
2026-07-11,522,야외,TPO,2,2,1,1,174,63,1.1494
2026-07-14,522,야외,TPO,1,1,1,1,267,89,0.3745
2026-07-15,522,야외,TPO,2,2,1,0,265,87,0.7547
2026-07-16,522,야외,TPO,1,1,1,1,179,58,0.5587
2026-07-17,522,야외,TPO,2,2,1,0,332,101,0.6024
2026-07-18,522,야외,TPO,1,1,1,1,429,155,0.2331
2026-07-19,522,야외,TPO,2,2,2,2,670,210,0.2985
2026-07-24,522,야외,TPO,1,1,1,0,233,80,0.4292
2026-07-25,522,야외,TPO,2,2,1,0,245,115,0.8163
2026-08-19,522,야외,TPO,1,1,1,1,219,95,0.4566
2026-08-24,522,야외,TPO,1,1,1,1,592,293,0.1689
2025-09-14,239,양말,ITEM,1,1,1,1,52,13,1.9231
2025-09-22,239,양말,ITEM,1,1,1,0,30,17,3.3333
2025-09-23,239,양말,ITEM,1,1,1,0,14,5,7.1429
2025-10-08,239,양말,ITEM,1,1,1,0,7,2,14.2857
2025-10-10,239,양말,ITEM,2,2,1,1,80,23,2.5
2025-10-11,239,양말,ITEM,3,3,1,0,50,26,6.0
2025-10-12,239,양말,ITEM,2,2,2,0,76,22,2.6316
2025-10-13,239,양말,ITEM,1,1,1,0,20,6,5.0
2025-10-14,239,양말,ITEM,1,1,1,0,8,5,12.5
2025-11-20,239,양말,ITEM,2,2,1,1,172,49,1.1628
2025-11-21,239,양말,ITEM,1,1,1,0,127,48,0.7874
2025-11-23,239,양말,ITEM,1,1,1,0,92,33,1.087
2025-11-27,239,양말,ITEM,1,1,1,0,35,15,2.8571
2025-12-03,239,양말,ITEM,1,1,1,0,93,52,1.0753
2025-12-11,239,양말,ITEM,2,2,1,0,33,17,6.0606
2025-12-13,239,양말,ITEM,1,1,1,0,28,20,3.5714
2026-02-06,239,양말,ITEM,1,1,1,0,65,32,1.5385
2026-02-07,239,양말,ITEM,1,1,1,0,115,57,0.8696
2026-02-11,239,양말,ITEM,1,1,1,0,20,13,5.0
2026-02-20,239,양말,ITEM,2,2,1,0,152,39,1.3158
2026-02-22,239,양말,ITEM,2,2,1,0,61,30,3.2787
2026-03-04,239,양말,ITEM,4,4,2,2,159,65,2.5157
2026-03-06,239,양말,ITEM,2,2,1,1,203,70,0.9852
2026-03-07,239,양말,ITEM,1,1,1,0,82,41,1.2195
2026-03-08,239,양말,ITEM,1,1,1,0,71,37,1.4085
2026-03-12,239,양말,ITEM,1,1,1,0,22,15,4.5455
2026-03-20,239,양말,ITEM,1,1,1,1,44,13,2.2727
2026-03-26,239,양말,ITEM,2,2,2,0,154,65,1.2987
2026-03-30,239,양말,ITEM,1,1,1,0,49,29,2.0408
2026-04-02,239,양말,ITEM,1,1,1,0,103,44,0.9709
2026-04-04,239,양말,ITEM,1,1,1,0,58,37,1.7241
2026-04-05,239,양말,ITEM,2,2,2,0,129,44,1.5504
2026-04-06,239,양말,ITEM,1,1,1,0,39,22,2.5641
2026-04-09,239,양말,ITEM,1,1,1,0,43,30,2.3256
2026-04-11,239,양말,ITEM,1,1,1,0,80,37,1.25
2026-04-20,239,양말,ITEM,3,3,2,0,238,90,1.2605
2026-04-28,239,양말,ITEM,1,1,1,0,51,26,1.9608
2026-05-02,239,양말,ITEM,1,1,1,0,66,35,1.5152
2026-05-03,239,양말,ITEM,1,1,1,0,150,45,0.6667
2026-05-04,239,양말,ITEM,1,1,1,0,61,39,1.6393
2026-05-05,239,양말,ITEM,3,3,1,0,121,55,2.4793
2026-05-06,239,양말,ITEM,2,2,1,0,95,40,2.1053
2026-05-07,239,양말,ITEM,2,2,2,0,60,37,3.3333
2026-05-08,239,양말,ITEM,3,3,2,0,46,32,6.5217
2026-05-11,239,양말,ITEM,2,2,1,1,111,47,1.8018
2026-05-12,239,양말,ITEM,3,3,1,0,134,52,2.2388
2026-05-14,239,양말,ITEM,2,2,1,1,271,108,0.738
2026-05-15,239,양말,ITEM,1,1,1,0,177,75,0.565
2026-05-16,239,양말,ITEM,2,2,1,1,158,49,1.2658
2026-05-17,239,양말,ITEM,1,1,1,0,166,82,0.6024
2026-05-18,239,양말,ITEM,3,3,3,1,146,74,2.0548
2026-05-21,239,양말,ITEM,1,1,1,0,270,85,0.3704
2026-05-22,239,양말,ITEM,1,1,1,1,227,77,0.4405
2026-05-23,239,양말,ITEM,2,2,2,1,331,93,0.6042
2026-05-24,239,양말,ITEM,3,3,2,0,297,121,1.0101
2026-05-27,239,양말,ITEM,1,1,1,1,222,83,0.4505
2026-05-30,239,양말,ITEM,3,3,2,1,234,83,1.2821
2026-05-31,239,양말,ITEM,1,1,1,1,354,109,0.2825
2026-06-01,239,양말,ITEM,1,1,1,0,360,160,0.2778
2026-06-04,239,양말,ITEM,1,1,1,0,137,74,0.7299
2026-06-05,239,양말,ITEM,1,1,1,0,183,55,0.5464
2026-06-06,239,양말,ITEM,2,2,1,0,336,108,0.5952
2026-06-07,239,양말,ITEM,1,1,1,0,322,152,0.3106
2026-06-08,239,양말,ITEM,2,2,2,2,380,152,0.5263
2026-06-10,239,양말,ITEM,1,1,1,0,345,160,0.2899
2026-06-11,239,양말,ITEM,1,1,1,0,239,114,0.4184
2026-06-14,239,양말,ITEM,1,1,1,1,529,186,0.189
2026-06-16,239,양말,ITEM,1,1,1,1,465,184,0.2151
2026-06-17,239,양말,ITEM,1,1,1,0,365,130,0.274
2026-06-18,239,양말,ITEM,2,2,1,0,286,139,0.6993
2026-06-19,239,양말,ITEM,1,1,1,1,510,170,0.1961
2026-06-20,239,양말,ITEM,3,3,2,0,422,169,0.7109
2026-06-21,239,양말,ITEM,3,3,2,1,550,205,0.5455
2026-06-23,239,양말,ITEM,1,1,1,1,401,171,0.2494
2026-06-24,239,양말,ITEM,5,5,4,0,369,145,1.355
2026-06-25,239,양말,ITEM,1,1,1,0,162,75,0.6173
2026-06-27,239,양말,ITEM,2,2,2,0,214,76,0.9346
2026-06-28,239,양말,ITEM,3,3,2,0,327,109,0.9174
2026-07-01,239,양말,ITEM,2,2,1,1,261,93,0.7663
2026-07-06,239,양말,ITEM,1,1,1,0,204,85,0.4902
2026-07-08,239,양말,ITEM,1,1,1,0,112,58,0.8929
2026-07-09,239,양말,ITEM,1,1,1,1,161,62,0.6211
2026-07-10,239,양말,ITEM,1,1,1,0,249,60,0.4016
2026-07-11,239,양말,ITEM,1,1,1,0,174,63,0.5747
2026-07-13,239,양말,ITEM,1,1,1,0,382,151,0.2618
2026-07-14,239,양말,ITEM,1,1,1,1,267,89,0.3745
2026-07-17,239,양말,ITEM,1,1,1,0,332,101,0.3012
2026-07-18,239,양말,ITEM,3,3,3,1,429,155,0.6993
2026-07-19,239,양말,ITEM,1,1,1,0,670,210,0.1493
2026-07-20,239,양말,ITEM,1,1,1,0,386,140,0.2591
2026-07-24,239,양말,ITEM,2,2,1,1,233,80,0.8584
2026-07-29,239,양말,ITEM,1,1,1,0,238,113,0.4202
2026-08-01,239,양말,ITEM,5,5,1,1,277,115,1.8051
2026-08-03,239,양말,ITEM,1,1,1,0,257,111,0.3891
2026-08-05,239,양말,ITEM,1,1,1,0,302,135,0.3311
2026-08-09,239,양말,ITEM,1,1,1,1,265,116,0.3774
2026-08-10,239,양말,ITEM,1,1,1,0,244,105,0.4098
2026-08-11,239,양말,ITEM,6,6,2,2,383,116,1.5666
2026-08-12,239,양말,ITEM,2,2,1,0,194,92,1.0309
2026-08-15,239,양말,ITEM,1,1,1,0,172,83,0.5814
2026-08-17,239,양말,ITEM,3,3,1,1,543,223,0.5525
2026-08-18,239,양말,ITEM,1,1,1,0,303,163,0.33
2026-08-20,239,양말,ITEM,1,1,1,0,236,110,0.4237
2026-08-22,239,양말,ITEM,1,1,1,0,275,117,0.3636
2026-08-24,239,양말,ITEM,1,1,1,1,592,293,0.1689
2026-08-25,239,양말,ITEM,1,1,1,0,405,202,0.2469
2026-08-30,239,양말,ITEM,2,2,1,1,735,303,0.2721
2026-09-01,239,양말,ITEM,1,1,1,0,601,253,0.1664
2026-09-02,239,양말,ITEM,1,1,1,1,502,221,0.1992
2026-09-03,239,양말,ITEM,1,1,1,0,603,270,0.1658
2026-09-04,239,양말,ITEM,2,2,1,0,482,221,0.4149
2026-09-05,239,양말,ITEM,1,1,1,0,563,234,0.1776
2026-09-06,239,양말,ITEM,4,4,2,0,858,363,0.4662
2026-09-09,239,양말,ITEM,1,1,1,1,170,7,0.5882
2025-09-14,511,여름,TPO,1,1,1,1,52,13,1.9231
2025-09-21,511,여름,TPO,1,1,1,1,55,12,1.8182
2026-02-28,511,여름,TPO,1,1,1,0,87,47,1.1494
2026-03-07,511,여름,TPO,1,1,1,0,82,41,1.2195
2026-03-09,511,여름,TPO,1,1,1,0,37,18,2.7027
2026-03-12,511,여름,TPO,1,1,1,0,22,15,4.5455
2026-03-15,511,여름,TPO,2,2,1,0,87,29,2.2989
2026-03-24,511,여름,TPO,1,1,1,0,70,41,1.4286
2026-03-26,511,여름,TPO,1,1,1,0,154,65,0.6494
2026-03-27,511,여름,TPO,1,1,1,0,124,47,0.8065
2026-03-30,511,여름,TPO,1,1,1,0,49,29,2.0408
2026-04-02,511,여름,TPO,2,2,1,0,103,44,1.9417
2026-04-03,511,여름,TPO,3,3,1,1,69,31,4.3478
2026-04-05,511,여름,TPO,1,1,1,0,129,44,0.7752
2026-04-06,511,여름,TPO,1,1,1,0,39,22,2.5641
2026-04-11,511,여름,TPO,1,1,1,0,80,37,1.25
2026-04-15,511,여름,TPO,1,1,1,1,22,10,4.5455
2026-04-18,511,여름,TPO,6,6,3,1,168,63,3.5714
2026-04-19,511,여름,TPO,7,7,4,2,286,115,2.4476
2026-04-20,511,여름,TPO,12,12,2,1,238,90,5.042
2026-04-21,511,여름,TPO,3,3,2,0,58,30,5.1724
2026-04-22,511,여름,TPO,2,2,2,0,63,26,3.1746
2026-04-23,511,여름,TPO,8,8,5,1,116,64,6.8966
2026-04-25,511,여름,TPO,1,1,1,0,52,20,1.9231
2026-04-26,511,여름,TPO,1,1,1,0,23,11,4.3478
2026-04-27,511,여름,TPO,22,22,5,3,175,75,12.5714
2026-04-28,511,여름,TPO,6,6,3,0,51,26,11.7647
2026-04-29,511,여름,TPO,5,5,4,2,54,16,9.2593
2026-04-30,511,여름,TPO,9,9,5,1,78,19,11.5385
2026-05-01,511,여름,TPO,2,2,2,2,82,24,2.439
2026-05-02,511,여름,TPO,9,9,1,0,66,35,13.6364
2026-05-03,511,여름,TPO,6,6,5,2,150,45,4.0
2026-05-04,511,여름,TPO,4,4,3,0,61,39,6.5574
2026-05-05,511,여름,TPO,6,6,5,2,121,55,4.9587
2026-05-06,511,여름,TPO,4,4,3,1,95,40,4.2105
2026-05-07,511,여름,TPO,4,4,2,0,60,37,6.6667
2026-05-08,511,여름,TPO,4,4,4,1,46,32,8.6957
2026-05-09,511,여름,TPO,5,5,3,1,71,29,7.0423
2026-05-11,511,여름,TPO,9,9,5,3,111,47,8.1081
2026-05-12,511,여름,TPO,5,5,3,1,134,52,3.7313
2026-05-13,511,여름,TPO,6,6,5,3,137,56,4.3796
2026-05-14,511,여름,TPO,14,14,6,3,271,108,5.1661
2026-05-15,511,여름,TPO,12,12,6,2,177,75,6.7797
2026-05-16,511,여름,TPO,8,8,6,3,158,49,5.0633
2026-05-17,511,여름,TPO,30,30,6,3,166,82,18.0723
2026-05-18,511,여름,TPO,20,20,9,4,146,74,13.6986
2026-05-19,511,여름,TPO,4,4,3,1,39,23,10.2564
2026-05-20,511,여름,TPO,16,16,6,5,244,80,6.5574
2026-05-21,511,여름,TPO,11,11,7,2,270,85,4.0741
2026-05-22,511,여름,TPO,7,7,6,4,227,77,3.0837
2026-05-23,511,여름,TPO,25,25,8,5,331,93,7.5529
2026-05-24,511,여름,TPO,26,26,8,4,297,121,8.7542
2026-05-25,511,여름,TPO,35,35,11,5,400,155,8.75
2026-05-26,511,여름,TPO,16,16,8,2,189,90,8.4656
2026-05-27,511,여름,TPO,14,14,8,4,222,83,6.3063
2026-05-28,511,여름,TPO,13,13,8,2,228,103,5.7018
2026-05-29,511,여름,TPO,3,3,3,2,188,59,1.5957
2026-05-30,511,여름,TPO,15,15,9,4,234,83,6.4103
2026-05-31,511,여름,TPO,12,12,8,7,354,109,3.3898
2026-06-01,511,여름,TPO,23,23,10,5,360,160,6.3889
2026-06-02,511,여름,TPO,15,15,7,1,224,100,6.6964
2026-06-03,511,여름,TPO,6,6,4,3,222,94,2.7027
2026-06-04,511,여름,TPO,8,8,6,2,137,74,5.8394
2026-06-05,511,여름,TPO,3,3,2,2,183,55,1.6393
2026-06-06,511,여름,TPO,20,20,9,6,336,108,5.9524
2026-06-07,511,여름,TPO,20,20,10,5,322,152,6.2112
2026-06-08,511,여름,TPO,20,20,7,5,380,152,5.2632
2026-06-09,511,여름,TPO,12,12,8,5,247,108,4.8583
2026-06-10,511,여름,TPO,13,13,10,4,345,160,3.7681
2026-06-11,511,여름,TPO,11,11,5,3,239,114,4.6025
2026-06-12,511,여름,TPO,5,5,4,4,352,114,1.4205
2026-06-13,511,여름,TPO,9,9,7,3,267,107,3.3708
2026-06-14,511,여름,TPO,32,32,14,12,529,186,6.0491
2026-06-15,511,여름,TPO,21,21,12,6,440,179,4.7727
2026-06-16,511,여름,TPO,18,18,12,8,465,184,3.871
2026-06-17,511,여름,TPO,16,16,13,7,365,130,4.3836
2026-06-18,511,여름,TPO,16,16,12,7,286,139,5.5944
2026-06-19,511,여름,TPO,22,22,14,8,510,170,4.3137
2026-06-20,511,여름,TPO,23,23,10,6,422,169,5.4502
2026-06-21,511,여름,TPO,35,35,15,9,550,205,6.3636
2026-06-22,511,여름,TPO,24,24,13,7,455,179,5.2747
2026-06-23,511,여름,TPO,28,28,18,8,401,171,6.9825
2026-06-24,511,여름,TPO,16,16,13,5,369,145,4.336
2026-06-25,511,여름,TPO,6,6,4,1,162,75,3.7037
2026-06-26,511,여름,TPO,10,10,8,4,247,81,4.0486
2026-06-27,511,여름,TPO,5,5,4,4,214,76,2.3364
2026-06-28,511,여름,TPO,11,11,8,7,327,109,3.3639
2026-06-29,511,여름,TPO,6,6,4,0,182,100,3.2967
2026-06-30,511,여름,TPO,6,6,5,3,156,56,3.8462
2026-07-01,511,여름,TPO,18,18,9,5,261,93,6.8966
2026-07-02,511,여름,TPO,6,6,3,0,107,58,5.6075
2026-07-03,511,여름,TPO,6,6,4,1,154,63,3.8961
2026-07-04,511,여름,TPO,12,12,8,4,306,114,3.9216
2026-07-05,511,여름,TPO,12,12,6,5,295,122,4.0678
2026-07-06,511,여름,TPO,5,5,3,1,204,85,2.451
2026-07-07,511,여름,TPO,7,7,5,3,203,85,3.4483
2026-07-08,511,여름,TPO,5,5,4,2,112,58,4.4643
2026-07-09,511,여름,TPO,8,8,7,4,161,62,4.9689
2026-07-10,511,여름,TPO,9,9,7,4,249,60,3.6145
2026-07-11,511,여름,TPO,5,5,3,3,174,63,2.8736
2026-07-12,511,여름,TPO,14,14,9,6,314,141,4.4586
2026-07-13,511,여름,TPO,16,16,11,4,382,151,4.1885
2026-07-14,511,여름,TPO,10,10,7,4,267,89,3.7453
2026-07-15,511,여름,TPO,12,12,10,9,265,87,4.5283
2026-07-16,511,여름,TPO,9,9,7,3,179,58,5.0279
2026-07-17,511,여름,TPO,13,13,12,6,332,101,3.9157
2026-07-18,511,여름,TPO,12,12,9,5,429,155,2.7972
2026-07-19,511,여름,TPO,23,23,12,8,670,210,3.4328
2026-07-20,511,여름,TPO,23,23,9,5,386,140,5.9585
2026-07-21,511,여름,TPO,17,17,8,4,284,141,5.9859
2026-07-22,511,여름,TPO,8,8,8,4,244,112,3.2787
2026-07-23,511,여름,TPO,10,10,9,7,243,86,4.1152
2026-07-24,511,여름,TPO,10,10,8,4,233,80,4.2918
2026-07-25,511,여름,TPO,9,9,7,5,245,115,3.6735
2026-07-26,511,여름,TPO,9,9,7,5,338,132,2.6627
2026-07-27,511,여름,TPO,12,12,6,3,392,161,3.0612
2026-07-28,511,여름,TPO,5,5,5,4,262,125,1.9084
2026-07-29,511,여름,TPO,8,8,8,4,238,113,3.3613
2026-07-30,511,여름,TPO,4,4,4,2,249,101,1.6064
2026-07-31,511,여름,TPO,15,15,7,5,204,84,7.3529
2026-08-01,511,여름,TPO,13,13,9,5,277,115,4.6931
2026-08-02,511,여름,TPO,8,8,5,4,250,101,3.2
2026-08-03,511,여름,TPO,14,14,10,6,257,111,5.4475
2026-08-04,511,여름,TPO,7,7,7,2,225,88,3.1111
2026-08-05,511,여름,TPO,16,16,7,3,302,135,5.298
2026-08-06,511,여름,TPO,10,10,6,4,284,112,3.5211
2026-08-07,511,여름,TPO,12,12,5,2,151,70,7.947
2026-08-08,511,여름,TPO,5,5,5,1,143,57,3.4965
2026-08-09,511,여름,TPO,13,13,8,3,265,116,4.9057
2026-08-10,511,여름,TPO,5,5,4,3,244,105,2.0492
2026-08-11,511,여름,TPO,5,5,5,4,383,116,1.3055
2026-08-12,511,여름,TPO,5,5,4,2,194,92,2.5773
2026-08-13,511,여름,TPO,4,4,3,2,223,94,1.7937
2026-08-14,511,여름,TPO,2,2,2,0,159,54,1.2579
2026-08-15,511,여름,TPO,2,2,2,1,172,83,1.1628
2026-08-16,511,여름,TPO,4,4,4,1,232,98,1.7241
2026-08-17,511,여름,TPO,1,1,1,1,543,223,0.1842
2026-08-18,511,여름,TPO,3,3,2,0,303,163,0.9901
2026-08-20,511,여름,TPO,3,3,2,1,236,110,1.2712
2026-08-21,511,여름,TPO,2,2,2,1,235,105,0.8511
2026-08-23,511,여름,TPO,1,1,1,0,472,218,0.2119
2026-08-24,511,여름,TPO,2,2,2,1,592,293,0.3378
2026-08-26,511,여름,TPO,3,3,3,1,424,195,0.7075
2026-08-27,511,여름,TPO,2,2,2,0,330,161,0.6061
2026-08-28,511,여름,TPO,1,1,1,0,414,157,0.2415
2026-08-29,511,여름,TPO,1,1,1,0,316,144,0.3165
2026-08-30,511,여름,TPO,5,5,2,0,735,303,0.6803
2026-08-31,511,여름,TPO,2,2,2,0,714,321,0.2801
2026-09-02,511,여름,TPO,1,1,1,0,502,221,0.1992
2026-09-03,511,여름,TPO,1,1,1,1,603,270,0.1658
2026-09-05,511,여름,TPO,2,2,2,1,563,234,0.3552
2026-09-06,511,여름,TPO,1,1,1,1,858,363,0.1166
2025-09-12,401,와인,COLOR,1,1,1,0,61,22,1.6393
2026-03-01,401,와인,COLOR,1,1,1,1,144,46,0.6944
2026-04-09,401,와인,COLOR,1,1,1,0,43,30,2.3256
2026-05-13,401,와인,COLOR,1,1,1,0,137,56,0.7299
2026-05-31,401,와인,COLOR,1,1,1,1,354,109,0.2825
2026-06-07,401,와인,COLOR,1,1,1,0,322,152,0.3106
2026-07-06,401,와인,COLOR,1,1,1,0,204,85,0.4902
2026-07-14,401,와인,COLOR,1,1,1,0,267,89,0.3745
2026-07-21,401,와인,COLOR,2,2,1,0,284,141,0.7042
2026-08-14,401,와인,COLOR,1,1,1,0,159,54,0.6289
2026-08-16,401,와인,COLOR,1,1,1,0,232,98,0.431
2026-08-17,401,와인,COLOR,1,1,1,0,543,223,0.1842
2026-08-26,401,와인,COLOR,1,1,1,1,424,195,0.2358
2026-09-04,401,와인,COLOR,1,1,1,0,482,221,0.2075
2026-09-05,401,와인,COLOR,2,2,2,0,563,234,0.3552
2026-09-06,401,와인,COLOR,1,1,1,0,858,363,0.1166
2026-09-07,401,와인,COLOR,2,2,2,0,732,308,0.2732
2025-11-29,546,와플,MATERIAL,1,1,1,1,64,24,1.5625
2026-02-26,546,와플,MATERIAL,1,1,1,0,56,33,1.7857
2026-02-27,546,와플,MATERIAL,1,1,1,0,156,44,0.641
2026-03-24,546,와플,MATERIAL,3,3,1,1,70,41,4.2857
2026-03-25,546,와플,MATERIAL,1,1,1,0,37,25,2.7027
2026-03-26,546,와플,MATERIAL,1,1,1,0,154,65,0.6494
2026-04-20,546,와플,MATERIAL,1,1,1,1,238,90,0.4202
2026-04-27,546,와플,MATERIAL,1,1,1,1,175,75,0.5714
2026-05-12,546,와플,MATERIAL,1,1,1,1,134,52,0.7463
2026-05-15,546,와플,MATERIAL,1,1,1,0,177,75,0.565
2026-05-17,546,와플,MATERIAL,2,2,2,1,166,82,1.2048
2026-05-25,546,와플,MATERIAL,2,2,1,1,400,155,0.5
2026-05-30,546,와플,MATERIAL,1,1,1,0,234,83,0.4274
2026-06-12,546,와플,MATERIAL,1,1,1,1,352,114,0.2841
2026-06-14,546,와플,MATERIAL,1,1,1,1,529,186,0.189
2026-06-15,546,와플,MATERIAL,3,3,1,1,440,179,0.6818
2026-06-16,546,와플,MATERIAL,1,1,1,1,465,184,0.2151
2026-06-17,546,와플,MATERIAL,1,1,1,1,365,130,0.274
2026-06-18,546,와플,MATERIAL,2,2,1,1,286,139,0.6993
2026-06-19,546,와플,MATERIAL,1,1,1,1,510,170,0.1961
2026-06-23,546,와플,MATERIAL,1,1,1,0,401,171,0.2494
2026-06-24,546,와플,MATERIAL,1,1,1,1,369,145,0.271
2026-07-06,546,와플,MATERIAL,1,1,1,1,204,85,0.4902
2026-07-07,546,와플,MATERIAL,1,1,1,0,203,85,0.4926
2026-07-16,546,와플,MATERIAL,1,1,1,1,179,58,0.5587
2026-07-18,546,와플,MATERIAL,2,2,1,1,429,155,0.4662
2026-08-24,546,와플,MATERIAL,1,1,1,1,592,293,0.1689
2026-08-31,546,와플,MATERIAL,3,3,1,1,714,321,0.4202
2026-09-03,546,와플,MATERIAL,2,2,1,1,603,270,0.3317
2026-09-04,546,와플,MATERIAL,1,1,1,1,482,221,0.2075
2026-09-07,546,와플,MATERIAL,2,2,1,1,732,308,0.2732
2025-10-10,487,운동,TPO,1,1,1,1,80,23,1.25
2025-12-10,487,운동,TPO,1,1,1,1,17,11,5.8824
2026-01-21,487,운동,TPO,1,1,1,0,22,16,4.5455
2026-02-07,487,운동,TPO,2,2,1,0,115,57,1.7391
2026-03-29,487,운동,TPO,1,1,1,0,38,17,2.6316
2026-04-03,487,운동,TPO,1,1,1,1,69,31,1.4493
2026-04-08,487,운동,TPO,1,1,1,1,32,13,3.125
2026-05-09,487,운동,TPO,2,2,1,1,71,29,2.8169
2026-05-10,487,운동,TPO,2,2,1,0,34,21,5.8824
2026-05-11,487,운동,TPO,1,1,1,0,111,47,0.9009
2026-05-13,487,운동,TPO,2,2,2,0,137,56,1.4599
2026-05-15,487,운동,TPO,1,1,1,0,177,75,0.565
2026-05-16,487,운동,TPO,1,1,1,0,158,49,0.6329
2026-05-18,487,운동,TPO,1,1,1,0,146,74,0.6849
2026-05-19,487,운동,TPO,1,1,1,0,39,23,2.5641
2026-05-23,487,운동,TPO,1,1,1,0,331,93,0.3021
2026-06-09,487,운동,TPO,1,1,1,1,247,108,0.4049
2026-06-12,487,운동,TPO,1,1,1,0,352,114,0.2841
2026-06-20,487,운동,TPO,1,1,1,1,422,169,0.237
2026-06-21,487,운동,TPO,1,1,1,0,550,205,0.1818
2026-06-23,487,운동,TPO,1,1,1,0,401,171,0.2494
2026-06-25,487,운동,TPO,1,1,1,0,162,75,0.6173
2026-06-27,487,운동,TPO,1,1,1,1,214,76,0.4673
2026-07-16,487,운동,TPO,1,1,1,1,179,58,0.5587
2026-07-19,487,운동,TPO,1,1,1,0,670,210,0.1493
2026-07-29,487,운동,TPO,1,1,1,0,238,113,0.4202
2026-08-01,487,운동,TPO,1,1,1,0,277,115,0.361
2026-08-03,487,운동,TPO,1,1,1,0,257,111,0.3891
2026-08-04,487,운동,TPO,1,1,1,0,225,88,0.4444
2026-08-23,487,운동,TPO,1,1,1,0,472,218,0.2119
2026-08-27,487,운동,TPO,1,1,1,1,330,161,0.303
2026-08-31,487,운동,TPO,1,1,1,0,714,321,0.1401
2026-09-05,487,운동,TPO,1,1,1,0,563,234,0.1776
2025-11-29,571,워싱,MATERIAL,1,1,1,0,64,24,1.5625
2025-12-11,571,워싱,MATERIAL,1,1,1,0,33,17,3.0303
2025-12-21,571,워싱,MATERIAL,1,1,1,1,92,38,1.087
2026-01-24,571,워싱,MATERIAL,2,2,2,1,62,34,3.2258
2026-02-09,571,워싱,MATERIAL,1,1,1,0,22,15,4.5455
2026-02-14,571,워싱,MATERIAL,1,1,1,0,26,21,3.8462
2026-02-26,571,워싱,MATERIAL,1,1,1,0,56,33,1.7857
2026-03-01,571,워싱,MATERIAL,1,1,1,0,144,46,0.6944
2026-03-09,571,워싱,MATERIAL,1,1,1,0,37,18,2.7027
2026-03-10,571,워싱,MATERIAL,1,1,1,0,28,22,3.5714
2026-03-18,571,워싱,MATERIAL,1,1,1,0,70,45,1.4286
2026-03-19,571,워싱,MATERIAL,2,2,1,0,89,60,2.2472
2026-03-22,571,워싱,MATERIAL,1,1,1,0,158,62,0.6329
2026-03-31,571,워싱,MATERIAL,1,1,1,1,70,26,1.4286
2026-04-02,571,워싱,MATERIAL,1,1,1,0,103,44,0.9709
2026-04-05,571,워싱,MATERIAL,1,1,1,1,129,44,0.7752
2026-04-12,571,워싱,MATERIAL,1,1,1,0,29,19,3.4483
2026-04-19,571,워싱,MATERIAL,1,1,1,0,286,115,0.3497
2026-04-20,571,워싱,MATERIAL,1,1,1,1,238,90,0.4202
2026-05-11,571,워싱,MATERIAL,1,1,1,0,111,47,0.9009
2026-05-12,571,워싱,MATERIAL,1,1,1,0,134,52,0.7463
2026-05-14,571,워싱,MATERIAL,1,1,1,0,271,108,0.369
2026-05-18,571,워싱,MATERIAL,1,1,1,1,146,74,0.6849
2026-05-20,571,워싱,MATERIAL,24,24,1,1,244,80,9.8361
2026-05-21,571,워싱,MATERIAL,13,13,2,1,270,85,4.8148
2026-05-22,571,워싱,MATERIAL,6,6,1,0,227,77,2.6432
2026-05-23,571,워싱,MATERIAL,3,3,2,1,331,93,0.9063
2026-05-24,571,워싱,MATERIAL,2,2,2,1,297,121,0.6734
2026-05-25,571,워싱,MATERIAL,2,2,1,0,400,155,0.5
2026-05-26,571,워싱,MATERIAL,1,1,1,0,189,90,0.5291
2026-05-27,571,워싱,MATERIAL,4,4,4,2,222,83,1.8018
2026-05-28,571,워싱,MATERIAL,1,1,1,1,228,103,0.4386
2026-05-31,571,워싱,MATERIAL,1,1,1,1,354,109,0.2825
2026-06-01,571,워싱,MATERIAL,1,1,1,0,360,160,0.2778
2026-06-02,571,워싱,MATERIAL,1,1,1,0,224,100,0.4464
2026-06-03,571,워싱,MATERIAL,2,2,1,0,222,94,0.9009
2026-06-04,571,워싱,MATERIAL,1,1,1,0,137,74,0.7299
2026-06-05,571,워싱,MATERIAL,1,1,1,1,183,55,0.5464
2026-06-08,571,워싱,MATERIAL,1,1,1,1,380,152,0.2632
2026-06-13,571,워싱,MATERIAL,1,1,1,0,267,107,0.3745
2026-06-15,571,워싱,MATERIAL,2,2,1,1,440,179,0.4545
2026-06-16,571,워싱,MATERIAL,2,2,2,2,465,184,0.4301
2026-06-17,571,워싱,MATERIAL,1,1,1,1,365,130,0.274
2026-06-19,571,워싱,MATERIAL,1,1,1,1,510,170,0.1961
2026-06-21,571,워싱,MATERIAL,1,1,1,1,550,205,0.1818
2026-06-22,571,워싱,MATERIAL,1,1,1,0,455,179,0.2198
2026-06-23,571,워싱,MATERIAL,1,1,1,1,401,171,0.2494
2026-06-24,571,워싱,MATERIAL,1,1,1,0,369,145,0.271
2026-06-27,571,워싱,MATERIAL,1,1,1,0,214,76,0.4673
2026-06-29,571,워싱,MATERIAL,1,1,1,1,182,100,0.5495
2026-07-01,571,워싱,MATERIAL,1,1,1,0,261,93,0.3831
2026-07-02,571,워싱,MATERIAL,2,2,2,0,107,58,1.8692
2026-07-03,571,워싱,MATERIAL,1,1,1,0,154,63,0.6494
2026-07-04,571,워싱,MATERIAL,2,2,2,1,306,114,0.6536
2026-07-06,571,워싱,MATERIAL,1,1,1,1,204,85,0.4902
2026-07-07,571,워싱,MATERIAL,2,2,2,1,203,85,0.9852
2026-07-12,571,워싱,MATERIAL,1,1,1,0,314,141,0.3185
2026-07-13,571,워싱,MATERIAL,2,2,2,0,382,151,0.5236
2026-07-15,571,워싱,MATERIAL,2,2,2,1,265,87,0.7547
2026-07-16,571,워싱,MATERIAL,2,2,1,1,179,58,1.1173
2026-07-17,571,워싱,MATERIAL,1,1,1,0,332,101,0.3012
2026-07-20,571,워싱,MATERIAL,2,2,2,1,386,140,0.5181
2026-07-21,571,워싱,MATERIAL,1,1,1,0,284,141,0.3521
2026-07-23,571,워싱,MATERIAL,1,1,1,0,243,86,0.4115
2026-07-24,571,워싱,MATERIAL,1,1,1,1,233,80,0.4292
2026-07-26,571,워싱,MATERIAL,1,1,1,0,338,132,0.2959
2026-07-30,571,워싱,MATERIAL,1,1,1,0,249,101,0.4016
2026-08-02,571,워싱,MATERIAL,3,3,1,1,250,101,1.2
2026-08-03,571,워싱,MATERIAL,1,1,1,1,257,111,0.3891
2026-08-04,571,워싱,MATERIAL,2,2,2,1,225,88,0.8889
2026-08-05,571,워싱,MATERIAL,1,1,1,0,302,135,0.3311
2026-08-06,571,워싱,MATERIAL,1,1,1,0,284,112,0.3521
2026-08-13,571,워싱,MATERIAL,1,1,1,1,223,94,0.4484
2026-08-15,571,워싱,MATERIAL,1,1,1,0,172,83,0.5814
2026-08-19,571,워싱,MATERIAL,2,2,2,0,219,95,0.9132
2026-08-22,571,워싱,MATERIAL,1,1,1,1,275,117,0.3636
2026-08-23,571,워싱,MATERIAL,3,3,3,2,472,218,0.6356
2026-08-24,571,워싱,MATERIAL,5,5,3,2,592,293,0.8446
2026-08-25,571,워싱,MATERIAL,1,1,1,0,405,202,0.2469
2026-08-26,571,워싱,MATERIAL,1,1,1,0,424,195,0.2358
2026-08-28,571,워싱,MATERIAL,2,2,1,1,414,157,0.4831
2026-08-29,571,워싱,MATERIAL,1,1,1,1,316,144,0.3165
2026-08-30,571,워싱,MATERIAL,6,6,5,3,735,303,0.8163
2026-08-31,571,워싱,MATERIAL,3,3,3,2,714,321,0.4202
2026-09-01,571,워싱,MATERIAL,3,3,2,2,601,253,0.4992
2026-09-02,571,워싱,MATERIAL,2,2,1,1,502,221,0.3984
2026-09-03,571,워싱,MATERIAL,4,4,4,1,603,270,0.6633
2026-09-04,571,워싱,MATERIAL,5,5,3,2,482,221,1.0373
2026-09-05,571,워싱,MATERIAL,5,5,3,2,563,234,0.8881
2026-09-06,571,워싱,MATERIAL,2,2,2,0,858,363,0.2331
2026-09-07,571,워싱,MATERIAL,4,4,4,2,732,308,0.5464
2026-09-08,571,워싱,MATERIAL,1,1,1,1,248,112,0.4032
2026-09-09,571,워싱,MATERIAL,1,1,1,1,170,7,0.5882
2025-11-16,195,워커,ITEM,1,1,1,1,99,44,1.0101
2025-11-25,195,워커,ITEM,1,1,1,1,50,29,2.0
2025-11-29,195,워커,ITEM,1,1,1,0,64,24,1.5625
2025-12-22,195,워커,ITEM,1,1,1,0,31,21,3.2258
2026-02-23,195,워커,ITEM,1,1,1,0,31,19,3.2258
2026-06-14,195,워커,ITEM,1,1,1,0,529,186,0.189
2026-06-15,195,워커,ITEM,1,1,1,1,440,179,0.2273
2026-06-20,195,워커,ITEM,1,1,1,0,422,169,0.237
2026-07-17,195,워커,ITEM,1,1,1,1,332,101,0.3012
2026-08-15,195,워커,ITEM,1,1,1,0,172,83,0.5814
2026-08-18,195,워커,ITEM,1,1,1,0,303,163,0.33
2025-11-18,633,유넥,DETAIL,1,1,1,0,19,13,5.2632
2026-04-01,633,유넥,DETAIL,1,1,1,0,43,22,2.3256
2026-05-03,633,유넥,DETAIL,2,2,1,1,150,45,1.3333
2026-05-05,633,유넥,DETAIL,2,2,1,0,121,55,1.6529
2026-05-13,633,유넥,DETAIL,2,2,1,1,137,56,1.4599
2026-05-15,633,유넥,DETAIL,1,1,1,0,177,75,0.565
2026-05-16,633,유넥,DETAIL,1,1,1,0,158,49,0.6329
2026-05-18,633,유넥,DETAIL,1,1,1,0,146,74,0.6849
2026-05-23,633,유넥,DETAIL,3,3,2,2,331,93,0.9063
2026-05-24,633,유넥,DETAIL,1,1,1,1,297,121,0.3367
2026-05-31,633,유넥,DETAIL,2,2,1,1,354,109,0.565
2026-06-03,633,유넥,DETAIL,1,1,1,0,222,94,0.4505
2026-06-06,633,유넥,DETAIL,6,6,3,2,336,108,1.7857
2026-06-09,633,유넥,DETAIL,1,1,1,1,247,108,0.4049
2026-06-14,633,유넥,DETAIL,2,2,2,1,529,186,0.3781
2026-06-15,633,유넥,DETAIL,1,1,1,0,440,179,0.2273
2026-06-16,633,유넥,DETAIL,2,2,2,2,465,184,0.4301
2026-06-17,633,유넥,DETAIL,3,3,2,1,365,130,0.8219
2026-06-20,633,유넥,DETAIL,2,2,1,1,422,169,0.4739
2026-06-21,633,유넥,DETAIL,3,3,2,1,550,205,0.5455
2026-06-22,633,유넥,DETAIL,3,3,3,1,455,179,0.6593
2026-06-23,633,유넥,DETAIL,3,3,2,0,401,171,0.7481
2026-06-24,633,유넥,DETAIL,1,1,1,0,369,145,0.271
2026-06-26,633,유넥,DETAIL,2,2,2,0,247,81,0.8097
2026-06-30,633,유넥,DETAIL,2,2,2,1,156,56,1.2821
2026-07-04,633,유넥,DETAIL,1,1,1,1,306,114,0.3268
2026-07-07,633,유넥,DETAIL,1,1,1,0,203,85,0.4926
2026-07-09,633,유넥,DETAIL,1,1,1,1,161,62,0.6211
2026-07-12,633,유넥,DETAIL,3,3,1,1,314,141,0.9554
2026-07-13,633,유넥,DETAIL,1,1,1,0,382,151,0.2618
2026-07-14,633,유넥,DETAIL,1,1,1,0,267,89,0.3745
2026-07-23,633,유넥,DETAIL,1,1,1,1,243,86,0.4115
2026-07-24,633,유넥,DETAIL,2,2,2,0,233,80,0.8584
2026-07-25,633,유넥,DETAIL,1,1,1,1,245,115,0.4082
2026-07-27,633,유넥,DETAIL,1,1,1,0,392,161,0.2551
2026-08-11,633,유넥,DETAIL,1,1,1,1,383,116,0.2611
2026-08-12,633,유넥,DETAIL,1,1,1,0,194,92,0.5155
2026-08-13,633,유넥,DETAIL,1,1,1,1,223,94,0.4484
2026-08-21,633,유넥,DETAIL,2,2,2,1,235,105,0.8511
2026-08-22,633,유넥,DETAIL,1,1,1,1,275,117,0.3636
2026-08-23,633,유넥,DETAIL,1,1,1,0,472,218,0.2119
2026-08-24,633,유넥,DETAIL,2,2,2,2,592,293,0.3378
2026-08-26,633,유넥,DETAIL,1,1,1,0,424,195,0.2358
2026-08-27,633,유넥,DETAIL,1,1,1,0,330,161,0.303
2026-08-30,633,유넥,DETAIL,1,1,1,0,735,303,0.1361
2026-08-31,633,유넥,DETAIL,1,1,1,0,714,321,0.1401
2026-09-01,633,유넥,DETAIL,2,2,1,1,601,253,0.3328
2026-09-02,633,유넥,DETAIL,1,1,1,1,502,221,0.1992
2026-09-03,633,유넥,DETAIL,1,1,1,0,603,270,0.1658
2026-09-07,633,유넥,DETAIL,1,1,1,1,732,308,0.1366
2026-01-31,761,자수,DETAIL,1,1,1,0,44,32,2.2727
2026-03-17,761,자수,DETAIL,1,1,1,1,76,20,1.3158
2026-05-08,761,자수,DETAIL,1,1,1,0,46,32,2.1739
2026-05-16,761,자수,DETAIL,1,1,1,1,158,49,0.6329
2026-05-17,761,자수,DETAIL,1,1,1,0,166,82,0.6024
2026-05-25,761,자수,DETAIL,1,1,1,0,400,155,0.25
2026-06-01,761,자수,DETAIL,1,1,1,0,360,160,0.2778
2026-06-02,761,자수,DETAIL,1,1,1,0,224,100,0.4464
2026-06-07,761,자수,DETAIL,1,1,1,0,322,152,0.3106
2026-06-14,761,자수,DETAIL,2,2,1,1,529,186,0.3781
2026-06-16,761,자수,DETAIL,2,2,2,1,465,184,0.4301
2026-06-26,761,자수,DETAIL,1,1,1,1,247,81,0.4049
2026-06-28,761,자수,DETAIL,1,1,1,1,327,109,0.3058
2026-06-29,761,자수,DETAIL,1,1,1,0,182,100,0.5495
2026-07-17,761,자수,DETAIL,1,1,1,1,332,101,0.3012
2026-07-18,761,자수,DETAIL,1,1,1,1,429,155,0.2331
2026-07-19,761,자수,DETAIL,1,1,1,1,670,210,0.1493
2026-07-23,761,자수,DETAIL,1,1,1,1,243,86,0.4115
2026-08-24,761,자수,DETAIL,2,2,1,1,592,293,0.3378
2026-09-04,761,자수,DETAIL,2,2,2,0,482,221,0.4149
2026-09-05,761,자수,DETAIL,2,2,1,0,563,234,0.3552
2026-09-06,761,자수,DETAIL,4,4,2,1,858,363,0.4662
2025-09-14,251,잠옷,ITEM,1,1,1,1,52,13,1.9231
2025-09-15,251,잠옷,ITEM,1,1,1,0,110,52,0.9091
2025-10-01,251,잠옷,ITEM,1,1,1,0,23,7,4.3478
2025-10-05,251,잠옷,ITEM,1,1,1,1,53,14,1.8868
2025-11-09,251,잠옷,ITEM,1,1,1,1,76,21,1.3158
2025-12-09,251,잠옷,ITEM,1,1,1,0,10,6,10.0
2025-12-13,251,잠옷,ITEM,1,1,1,0,28,20,3.5714
2025-12-20,251,잠옷,ITEM,1,1,1,0,56,39,1.7857
2026-01-11,251,잠옷,ITEM,1,1,1,0,29,17,3.4483
2026-03-23,251,잠옷,ITEM,1,1,1,0,64,38,1.5625
2026-03-24,251,잠옷,ITEM,1,1,1,0,70,41,1.4286
2026-03-25,251,잠옷,ITEM,1,1,1,0,37,25,2.7027
2026-04-15,251,잠옷,ITEM,1,1,1,0,22,10,4.5455
2026-04-16,251,잠옷,ITEM,1,1,1,0,41,12,2.439
2026-05-29,251,잠옷,ITEM,2,2,1,0,188,59,1.0638
2026-05-30,251,잠옷,ITEM,1,1,1,0,234,83,0.4274
2026-05-31,251,잠옷,ITEM,1,1,1,0,354,109,0.2825
2026-06-02,251,잠옷,ITEM,1,1,1,0,224,100,0.4464
2026-06-05,251,잠옷,ITEM,2,2,1,0,183,55,1.0929
2026-06-12,251,잠옷,ITEM,2,2,2,0,352,114,0.5682
2026-06-15,251,잠옷,ITEM,1,1,1,0,440,179,0.2273
2026-06-22,251,잠옷,ITEM,1,1,1,0,455,179,0.2198
2026-07-04,251,잠옷,ITEM,1,1,1,1,306,114,0.3268
2026-07-05,251,잠옷,ITEM,1,1,1,0,295,122,0.339
2026-07-15,251,잠옷,ITEM,1,1,1,0,265,87,0.3774
2026-07-20,251,잠옷,ITEM,1,1,1,0,386,140,0.2591
2026-07-26,251,잠옷,ITEM,1,1,1,1,338,132,0.2959
2026-07-30,251,잠옷,ITEM,1,1,1,0,249,101,0.4016
2026-08-02,251,잠옷,ITEM,1,1,1,0,250,101,0.4
2026-08-12,251,잠옷,ITEM,1,1,1,0,194,92,0.5155
2026-08-17,251,잠옷,ITEM,1,1,1,1,543,223,0.1842
2026-08-19,251,잠옷,ITEM,1,1,1,0,219,95,0.4566
2026-08-27,251,잠옷,ITEM,1,1,1,0,330,161,0.303
2026-08-28,251,잠옷,ITEM,3,3,1,0,414,157,0.7246
2025-10-31,240,장갑,ITEM,1,1,1,1,66,25,1.5152
2025-11-02,240,장갑,ITEM,1,1,1,0,86,23,1.1628
2025-11-16,240,장갑,ITEM,1,1,1,0,99,44,1.0101
2025-12-12,240,장갑,ITEM,3,3,1,1,27,17,11.1111
2025-12-13,240,장갑,ITEM,5,5,1,0,28,20,17.8571
2025-12-14,240,장갑,ITEM,1,1,1,0,8,6,12.5
2025-12-15,240,장갑,ITEM,1,1,1,0,10,7,10.0
2025-12-16,240,장갑,ITEM,1,1,1,0,8,7,12.5
2025-12-18,240,장갑,ITEM,1,1,1,0,8,6,12.5
2026-01-19,240,장갑,ITEM,3,3,1,0,57,27,5.2632
2026-02-07,240,장갑,ITEM,1,1,1,0,115,57,0.8696
2026-03-01,240,장갑,ITEM,1,1,1,1,144,46,0.6944
2026-03-03,240,장갑,ITEM,1,1,1,0,61,35,1.6393
2025-09-05,156,재킷,ITEM,3,3,1,1,87,25,3.4483
2025-09-06,156,재킷,ITEM,6,6,1,0,103,33,5.8252
2025-09-07,156,재킷,ITEM,2,2,1,0,29,8,6.8966
2025-09-09,156,재킷,ITEM,1,1,1,0,11,4,9.0909
2025-09-11,156,재킷,ITEM,1,1,1,0,24,8,4.1667
2025-09-18,156,재킷,ITEM,1,1,1,0,10,8,10.0
2025-09-19,156,재킷,ITEM,6,6,1,1,106,25,5.6604
2025-09-20,156,재킷,ITEM,8,8,2,0,96,34,8.3333
2025-09-21,156,재킷,ITEM,2,2,1,0,55,12,3.6364
2025-09-22,156,재킷,ITEM,2,2,1,0,30,17,6.6667
2025-09-24,156,재킷,ITEM,3,3,1,0,43,14,6.9767
2025-09-25,156,재킷,ITEM,1,1,1,0,40,12,2.5
2025-09-26,156,재킷,ITEM,1,1,1,1,76,18,1.3158
2025-10-03,156,재킷,ITEM,2,2,1,1,103,20,1.9417
2025-10-04,156,재킷,ITEM,3,3,1,0,84,22,3.5714
2025-10-06,156,재킷,ITEM,1,1,1,0,19,9,5.2632
2025-10-10,156,재킷,ITEM,1,1,1,1,80,23,1.25
2025-10-12,156,재킷,ITEM,1,1,1,1,76,22,1.3158
2025-10-13,156,재킷,ITEM,1,1,1,0,20,6,5.0
2025-10-24,156,재킷,ITEM,1,1,1,0,96,19,1.0417
2025-10-25,156,재킷,ITEM,3,3,1,0,48,21,6.25
2025-10-26,156,재킷,ITEM,1,1,1,1,63,15,1.5873
2025-10-27,156,재킷,ITEM,2,2,1,0,24,12,8.3333
2025-10-28,156,재킷,ITEM,1,1,1,0,27,11,3.7037
2025-10-29,156,재킷,ITEM,2,2,1,0,26,9,7.6923
2025-10-31,156,재킷,ITEM,1,1,1,0,66,25,1.5152
2025-11-01,156,재킷,ITEM,2,2,2,0,41,19,4.878
2025-11-02,156,재킷,ITEM,1,1,1,1,86,23,1.1628
2025-11-03,156,재킷,ITEM,1,1,1,1,51,15,1.9608
2025-11-04,156,재킷,ITEM,1,1,1,0,25,13,4.0
2025-11-07,156,재킷,ITEM,1,1,1,0,95,32,1.0526
2025-11-09,156,재킷,ITEM,3,3,2,2,76,21,3.9474
2025-11-10,156,재킷,ITEM,1,1,1,0,34,16,2.9412
2025-11-11,156,재킷,ITEM,1,1,1,0,21,8,4.7619
2025-11-12,156,재킷,ITEM,2,2,1,1,33,12,6.0606
2025-11-13,156,재킷,ITEM,1,1,1,0,13,7,7.6923
2025-11-20,156,재킷,ITEM,2,2,1,0,172,49,1.1628
2025-11-21,156,재킷,ITEM,1,1,1,0,127,48,0.7874
2025-11-22,156,재킷,ITEM,2,2,1,0,75,36,2.6667
2025-11-23,156,재킷,ITEM,3,3,1,1,92,33,3.2609
2025-11-25,156,재킷,ITEM,1,1,1,0,50,29,2.0
2025-11-27,156,재킷,ITEM,1,1,1,0,35,15,2.8571
2025-11-28,156,재킷,ITEM,1,1,1,1,80,32,1.25
2025-11-29,156,재킷,ITEM,1,1,1,1,64,24,1.5625
2025-11-30,156,재킷,ITEM,1,1,1,1,72,27,1.3889
2025-12-07,156,재킷,ITEM,3,3,2,1,120,49,2.5
2025-12-08,156,재킷,ITEM,3,3,1,0,42,28,7.1429
2025-12-13,156,재킷,ITEM,1,1,1,0,28,20,3.5714
2025-12-21,156,재킷,ITEM,2,2,2,1,92,38,2.1739
2025-12-23,156,재킷,ITEM,2,2,2,0,50,24,4.0
2026-01-04,156,재킷,ITEM,1,1,1,0,43,22,2.3256
2026-01-10,156,재킷,ITEM,1,1,1,1,36,22,2.7778
2026-01-16,156,재킷,ITEM,1,1,1,1,108,22,0.9259
2026-01-17,156,재킷,ITEM,1,1,1,1,143,78,0.6993
2026-01-18,156,재킷,ITEM,3,3,3,0,53,29,5.6604
2026-01-19,156,재킷,ITEM,2,2,2,1,57,27,3.5088
2026-01-20,156,재킷,ITEM,1,1,1,0,57,25,1.7544
2026-01-29,156,재킷,ITEM,2,2,1,1,60,12,3.3333
2026-01-30,156,재킷,ITEM,1,1,1,0,30,17,3.3333
2026-01-31,156,재킷,ITEM,3,3,1,0,44,32,6.8182
2026-02-01,156,재킷,ITEM,5,5,2,1,83,43,6.0241
2026-02-05,156,재킷,ITEM,1,1,1,0,39,26,2.5641
2026-02-09,156,재킷,ITEM,1,1,1,0,22,15,4.5455
2026-02-11,156,재킷,ITEM,1,1,1,0,20,13,5.0
2026-02-12,156,재킷,ITEM,1,1,1,0,24,12,4.1667
2026-02-14,156,재킷,ITEM,3,3,1,0,26,21,11.5385
2026-02-15,156,재킷,ITEM,2,2,2,1,30,19,6.6667
2026-02-16,156,재킷,ITEM,1,1,1,0,5,5,20.0
2026-02-19,156,재킷,ITEM,1,1,1,0,25,13,4.0
2026-02-20,156,재킷,ITEM,2,2,1,1,152,39,1.3158
2026-02-22,156,재킷,ITEM,2,2,2,1,61,30,3.2787
2026-02-23,156,재킷,ITEM,1,1,1,0,31,19,3.2258
2026-02-24,156,재킷,ITEM,7,7,2,0,63,32,11.1111
2026-02-25,156,재킷,ITEM,3,3,2,0,52,33,5.7692
2026-02-26,156,재킷,ITEM,1,1,1,0,56,33,1.7857
2026-02-27,156,재킷,ITEM,12,12,1,1,156,44,7.6923
2026-02-28,156,재킷,ITEM,8,8,1,0,87,47,9.1954
2026-03-01,156,재킷,ITEM,6,6,3,2,144,46,4.1667
2026-03-02,156,재킷,ITEM,3,3,1,0,49,31,6.1224
2026-03-03,156,재킷,ITEM,4,4,2,0,61,35,6.5574
2026-03-04,156,재킷,ITEM,11,11,5,1,159,65,6.9182
2026-03-05,156,재킷,ITEM,4,4,2,1,64,22,6.25
2026-03-06,156,재킷,ITEM,15,15,2,0,203,70,7.3892
2026-03-09,156,재킷,ITEM,2,2,2,1,37,18,5.4054
2026-03-10,156,재킷,ITEM,1,1,1,0,28,22,3.5714
2026-03-12,156,재킷,ITEM,1,1,1,0,22,15,4.5455
2026-03-14,156,재킷,ITEM,1,1,1,0,37,12,2.7027
2026-03-15,156,재킷,ITEM,2,2,2,1,87,29,2.2989
2026-03-16,156,재킷,ITEM,6,6,4,1,83,23,7.2289
2026-03-17,156,재킷,ITEM,3,3,2,1,76,20,3.9474
2026-03-18,156,재킷,ITEM,6,6,4,0,70,45,8.5714
2026-03-19,156,재킷,ITEM,6,6,2,0,89,60,6.7416
2026-03-20,156,재킷,ITEM,2,2,1,0,44,13,4.5455
2026-03-21,156,재킷,ITEM,2,2,1,1,23,7,8.6957
2026-03-22,156,재킷,ITEM,21,21,4,3,158,62,13.2911
2026-03-23,156,재킷,ITEM,3,3,3,1,64,38,4.6875
2026-03-24,156,재킷,ITEM,2,2,2,0,70,41,2.8571
2026-03-25,156,재킷,ITEM,1,1,1,0,37,25,2.7027
2026-03-26,156,재킷,ITEM,7,7,4,1,154,65,4.5455
2026-03-27,156,재킷,ITEM,1,1,1,0,124,47,0.8065
2026-03-31,156,재킷,ITEM,3,3,2,1,70,26,4.2857
2026-04-01,156,재킷,ITEM,2,2,2,0,43,22,4.6512
2026-04-02,156,재킷,ITEM,3,3,3,0,103,44,2.9126
2026-04-04,156,재킷,ITEM,1,1,1,0,58,37,1.7241
2026-04-05,156,재킷,ITEM,2,2,1,1,129,44,1.5504
2026-04-06,156,재킷,ITEM,3,3,1,1,39,22,7.6923
2026-04-07,156,재킷,ITEM,2,2,2,0,24,16,8.3333
2026-04-08,156,재킷,ITEM,2,2,1,1,32,13,6.25
2026-04-09,156,재킷,ITEM,5,5,3,0,43,30,11.6279
2026-04-10,156,재킷,ITEM,1,1,1,0,37,22,2.7027
2026-04-15,156,재킷,ITEM,1,1,1,1,22,10,4.5455
2026-04-16,156,재킷,ITEM,1,1,1,1,41,12,2.439
2026-04-18,156,재킷,ITEM,2,2,1,1,168,63,1.1905
2026-04-20,156,재킷,ITEM,2,2,1,0,238,90,0.8403
2026-04-21,156,재킷,ITEM,1,1,1,0,58,30,1.7241
2026-04-22,156,재킷,ITEM,1,1,1,0,63,26,1.5873
2026-04-25,156,재킷,ITEM,1,1,1,0,52,20,1.9231
2026-04-27,156,재킷,ITEM,1,1,1,1,175,75,0.5714
2026-04-29,156,재킷,ITEM,1,1,1,1,54,16,1.8519
2026-04-30,156,재킷,ITEM,1,1,1,1,78,19,1.2821
2026-05-03,156,재킷,ITEM,1,1,1,1,150,45,0.6667
2026-05-11,156,재킷,ITEM,1,1,1,0,111,47,0.9009
2026-05-14,156,재킷,ITEM,2,2,2,0,271,108,0.738
2026-05-15,156,재킷,ITEM,2,2,1,0,177,75,1.1299
2026-05-16,156,재킷,ITEM,1,1,1,1,158,49,0.6329
2026-05-17,156,재킷,ITEM,3,3,2,0,166,82,1.8072
2026-05-18,156,재킷,ITEM,1,1,1,0,146,74,0.6849
2026-05-20,156,재킷,ITEM,2,2,2,2,244,80,0.8197
2026-05-23,156,재킷,ITEM,1,1,1,1,331,93,0.3021
2026-05-25,156,재킷,ITEM,1,1,1,0,400,155,0.25
2026-05-27,156,재킷,ITEM,1,1,1,0,222,83,0.4505
2026-05-28,156,재킷,ITEM,1,1,1,0,228,103,0.4386
2026-05-29,156,재킷,ITEM,2,2,2,1,188,59,1.0638
2026-05-30,156,재킷,ITEM,1,1,1,0,234,83,0.4274
2026-06-02,156,재킷,ITEM,1,1,1,0,224,100,0.4464
2026-06-07,156,재킷,ITEM,1,1,1,0,322,152,0.3106
2026-06-08,156,재킷,ITEM,1,1,1,0,380,152,0.2632
2026-06-10,156,재킷,ITEM,3,3,2,2,345,160,0.8696
2026-06-11,156,재킷,ITEM,2,2,2,0,239,114,0.8368
2026-06-12,156,재킷,ITEM,2,2,2,1,352,114,0.5682
2026-06-14,156,재킷,ITEM,1,1,1,0,529,186,0.189
2026-06-17,156,재킷,ITEM,2,2,2,0,365,130,0.5479
2026-06-21,156,재킷,ITEM,3,3,3,2,550,205,0.5455
2026-06-22,156,재킷,ITEM,5,5,4,1,455,179,1.0989
2026-06-23,156,재킷,ITEM,3,3,2,1,401,171,0.7481
2026-06-24,156,재킷,ITEM,2,2,1,1,369,145,0.542
2026-06-26,156,재킷,ITEM,1,1,1,0,247,81,0.4049
2026-06-28,156,재킷,ITEM,1,1,1,0,327,109,0.3058
2026-06-29,156,재킷,ITEM,1,1,1,0,182,100,0.5495
2026-07-01,156,재킷,ITEM,1,1,1,0,261,93,0.3831
2026-07-05,156,재킷,ITEM,1,1,1,1,295,122,0.339
2026-07-07,156,재킷,ITEM,1,1,1,1,203,85,0.4926
2026-07-10,156,재킷,ITEM,1,1,1,1,249,60,0.4016
2026-07-12,156,재킷,ITEM,1,1,1,1,314,141,0.3185
2026-07-13,156,재킷,ITEM,3,3,2,1,382,151,0.7853
2026-07-16,156,재킷,ITEM,1,1,1,1,179,58,0.5587
2026-07-19,156,재킷,ITEM,3,3,3,2,670,210,0.4478
2026-07-20,156,재킷,ITEM,1,1,1,1,386,140,0.2591
2026-07-21,156,재킷,ITEM,3,3,2,0,284,141,1.0563
2026-07-23,156,재킷,ITEM,2,2,2,1,243,86,0.823
2026-07-24,156,재킷,ITEM,1,1,1,0,233,80,0.4292
2026-07-25,156,재킷,ITEM,2,2,2,1,245,115,0.8163
2026-07-27,156,재킷,ITEM,1,1,1,1,392,161,0.2551
2026-07-30,156,재킷,ITEM,6,6,3,3,249,101,2.4096
2026-07-31,156,재킷,ITEM,1,1,1,0,204,84,0.4902
2026-08-01,156,재킷,ITEM,2,2,1,0,277,115,0.722
2026-08-02,156,재킷,ITEM,3,3,2,0,250,101,1.2
2026-08-03,156,재킷,ITEM,2,2,2,1,257,111,0.7782
2026-08-04,156,재킷,ITEM,2,2,1,1,225,88,0.8889
2026-08-05,156,재킷,ITEM,1,1,1,1,302,135,0.3311
2026-08-08,156,재킷,ITEM,1,1,1,0,143,57,0.6993
2026-08-09,156,재킷,ITEM,6,6,2,1,265,116,2.2642
2026-08-10,156,재킷,ITEM,1,1,1,0,244,105,0.4098
2026-08-11,156,재킷,ITEM,4,4,3,1,383,116,1.0444
2026-08-12,156,재킷,ITEM,1,1,1,1,194,92,0.5155
2026-08-13,156,재킷,ITEM,2,2,1,0,223,94,0.8969
2026-08-15,156,재킷,ITEM,1,1,1,0,172,83,0.5814
2026-08-16,156,재킷,ITEM,3,3,2,1,232,98,1.2931
2026-08-17,156,재킷,ITEM,14,14,6,3,543,223,2.5783
2026-08-18,156,재킷,ITEM,2,2,1,0,303,163,0.6601
2026-08-19,156,재킷,ITEM,6,6,4,2,219,95,2.7397
2026-08-20,156,재킷,ITEM,3,3,2,0,236,110,1.2712
2026-08-21,156,재킷,ITEM,4,4,4,1,235,105,1.7021
2026-08-22,156,재킷,ITEM,1,1,1,1,275,117,0.3636
2026-08-23,156,재킷,ITEM,8,8,4,2,472,218,1.6949
2026-08-24,156,재킷,ITEM,9,9,7,2,592,293,1.5203
2026-08-25,156,재킷,ITEM,9,9,6,2,405,202,2.2222
2026-08-26,156,재킷,ITEM,2,2,2,0,424,195,0.4717
2026-08-27,156,재킷,ITEM,2,2,2,0,330,161,0.6061
2026-08-28,156,재킷,ITEM,6,6,3,0,414,157,1.4493
2026-08-29,156,재킷,ITEM,4,4,3,3,316,144,1.2658
2026-08-30,156,재킷,ITEM,25,25,8,4,735,303,3.4014
2026-08-31,156,재킷,ITEM,28,28,10,1,714,321,3.9216
2026-09-01,156,재킷,ITEM,14,14,10,4,601,253,2.3295
2026-09-02,156,재킷,ITEM,12,12,8,1,502,221,2.3904
2026-09-03,156,재킷,ITEM,27,27,10,5,603,270,4.4776
2026-09-04,156,재킷,ITEM,16,16,9,1,482,221,3.3195
2026-09-05,156,재킷,ITEM,23,23,12,6,563,234,4.0853
2026-09-06,156,재킷,ITEM,46,46,15,7,858,363,5.3613
2026-09-07,156,재킷,ITEM,35,35,18,4,732,308,4.7814
2026-09-08,156,재킷,ITEM,7,7,5,1,248,112,2.8226
2026-09-09,156,재킷,ITEM,5,5,5,5,170,7,2.9412
2026-09-10,156,재킷,ITEM,1,1,1,1,20,5,5.0
2026-03-26,512,저녁,TPO,1,1,1,0,154,65,0.6494
2026-07-05,512,저녁,TPO,1,1,1,1,295,122,0.339
2026-07-18,512,저녁,TPO,1,1,1,1,429,155,0.2331
2026-08-21,512,저녁,TPO,1,1,1,1,235,105,0.4255
2026-09-01,512,저녁,TPO,1,1,1,1,601,253,0.1664
2025-11-12,542,저지,MATERIAL,2,2,1,1,33,12,6.0606
2025-12-23,542,저지,MATERIAL,1,1,1,1,50,24,2.0
2026-04-27,542,저지,MATERIAL,1,1,1,1,175,75,0.5714
2026-05-03,542,저지,MATERIAL,2,2,2,2,150,45,1.3333
2026-05-05,542,저지,MATERIAL,1,1,1,0,121,55,0.8264
2026-05-20,542,저지,MATERIAL,2,2,2,2,244,80,0.8197
2026-05-23,542,저지,MATERIAL,1,1,1,1,331,93,0.3021
2026-05-25,542,저지,MATERIAL,1,1,1,1,400,155,0.25
2026-05-31,542,저지,MATERIAL,1,1,1,1,354,109,0.2825
2026-06-06,542,저지,MATERIAL,1,1,1,1,336,108,0.2976
2026-06-08,542,저지,MATERIAL,1,1,1,0,380,152,0.2632
2026-06-12,542,저지,MATERIAL,1,1,1,1,352,114,0.2841
2026-06-14,542,저지,MATERIAL,2,2,2,2,529,186,0.3781
2026-06-15,542,저지,MATERIAL,1,1,1,0,440,179,0.2273
2026-06-17,542,저지,MATERIAL,1,1,1,1,365,130,0.274
2026-06-28,542,저지,MATERIAL,1,1,1,1,327,109,0.3058
2026-07-04,542,저지,MATERIAL,1,1,1,0,306,114,0.3268
2026-07-05,542,저지,MATERIAL,1,1,1,1,295,122,0.339
2026-07-07,542,저지,MATERIAL,1,1,1,1,203,85,0.4926
2026-07-12,542,저지,MATERIAL,1,1,1,0,314,141,0.3185
2026-07-13,542,저지,MATERIAL,1,1,1,0,382,151,0.2618
2026-07-14,542,저지,MATERIAL,1,1,1,0,267,89,0.3745
2026-07-19,542,저지,MATERIAL,2,2,2,1,670,210,0.2985
2026-07-27,542,저지,MATERIAL,2,2,1,1,392,161,0.5102
2026-07-31,542,저지,MATERIAL,1,1,1,0,204,84,0.4902
2026-08-15,542,저지,MATERIAL,1,1,1,0,172,83,0.5814
2026-08-16,542,저지,MATERIAL,1,1,1,0,232,98,0.431
2026-08-17,542,저지,MATERIAL,2,2,2,1,543,223,0.3683
2026-08-19,542,저지,MATERIAL,1,1,1,0,219,95,0.4566
2026-08-25,542,저지,MATERIAL,1,1,1,1,405,202,0.2469
2026-08-27,542,저지,MATERIAL,2,2,1,1,330,161,0.6061
2026-09-03,542,저지,MATERIAL,1,1,1,0,603,270,0.1658
2026-09-05,542,저지,MATERIAL,1,1,1,1,563,234,0.1776
2025-09-11,792,절개,DETAIL,1,1,1,0,24,8,4.1667
2025-09-20,792,절개,DETAIL,1,1,1,0,96,34,1.0417
2025-10-03,792,절개,DETAIL,1,1,1,0,103,20,0.9709
2026-06-06,792,절개,DETAIL,11,11,1,0,336,108,3.2738
2026-06-07,792,절개,DETAIL,2,2,1,0,322,152,0.6211
2026-06-08,792,절개,DETAIL,2,2,1,0,380,152,0.5263
2026-06-09,792,절개,DETAIL,1,1,1,0,247,108,0.4049
2026-06-10,792,절개,DETAIL,1,1,1,0,345,160,0.2899
2026-06-19,792,절개,DETAIL,3,3,2,1,510,170,0.5882
2026-07-19,792,절개,DETAIL,9,9,1,1,670,210,1.3433
2026-07-20,792,절개,DETAIL,1,1,1,0,386,140,0.2591
2026-07-22,792,절개,DETAIL,1,1,1,0,244,112,0.4098
2026-07-23,792,절개,DETAIL,1,1,1,0,243,86,0.4115
2026-07-28,792,절개,DETAIL,1,1,1,0,262,125,0.3817
2026-07-30,792,절개,DETAIL,2,2,1,1,249,101,0.8032
2026-08-01,792,절개,DETAIL,1,1,1,0,277,115,0.361
2026-08-02,792,절개,DETAIL,1,1,1,1,250,101,0.4
2026-08-03,792,절개,DETAIL,2,2,1,0,257,111,0.7782
2026-08-04,792,절개,DETAIL,2,2,1,0,225,88,0.8889
2026-08-20,792,절개,DETAIL,1,1,1,0,236,110,0.4237
2026-08-22,792,절개,DETAIL,1,1,1,0,275,117,0.3636
2026-08-24,792,절개,DETAIL,3,3,1,0,592,293,0.5068
2026-08-25,792,절개,DETAIL,3,3,1,0,405,202,0.7407
2026-08-26,792,절개,DETAIL,4,4,2,0,424,195,0.9434
2026-08-27,792,절개,DETAIL,1,1,1,0,330,161,0.303
2026-08-28,792,절개,DETAIL,2,2,2,0,414,157,0.4831
2026-08-30,792,절개,DETAIL,2,2,1,0,735,303,0.2721
2026-08-31,792,절개,DETAIL,1,1,1,0,714,321,0.1401
2025-09-20,513,주말,TPO,2,2,1,0,96,34,2.0833
2025-09-28,513,주말,TPO,1,1,1,1,78,15,1.2821
2025-10-19,513,주말,TPO,1,1,1,1,46,13,2.1739
2025-10-24,513,주말,TPO,1,1,1,0,96,19,1.0417
2025-10-25,513,주말,TPO,1,1,1,0,48,21,2.0833
2025-10-26,513,주말,TPO,1,1,1,1,63,15,1.5873
2025-10-29,513,주말,TPO,1,1,1,0,26,9,3.8462
2026-01-11,513,주말,TPO,1,1,1,0,29,17,3.4483
2026-01-13,513,주말,TPO,1,1,1,0,8,6,12.5
2026-03-06,513,주말,TPO,1,1,1,0,203,70,0.4926
2026-04-05,513,주말,TPO,1,1,1,1,129,44,0.7752
2026-04-16,513,주말,TPO,1,1,1,1,41,12,2.439
2026-05-03,513,주말,TPO,1,1,1,1,150,45,0.6667
2026-05-09,513,주말,TPO,1,1,1,1,71,29,1.4085
2026-05-12,513,주말,TPO,1,1,1,1,134,52,0.7463
2026-05-14,513,주말,TPO,1,1,1,1,271,108,0.369
2026-05-31,513,주말,TPO,1,1,1,0,354,109,0.2825
2026-06-01,513,주말,TPO,1,1,1,1,360,160,0.2778
2026-06-05,513,주말,TPO,1,1,1,1,183,55,0.5464
2026-06-09,513,주말,TPO,1,1,1,1,247,108,0.4049
2026-06-12,513,주말,TPO,3,3,3,3,352,114,0.8523
2026-06-14,513,주말,TPO,1,1,1,1,529,186,0.189
2026-06-16,513,주말,TPO,1,1,1,1,465,184,0.2151
2026-06-17,513,주말,TPO,3,3,3,2,365,130,0.8219
2026-06-18,513,주말,TPO,1,1,1,1,286,139,0.3497
2026-06-19,513,주말,TPO,1,1,1,0,510,170,0.1961
2026-06-20,513,주말,TPO,1,1,1,0,422,169,0.237
2026-06-21,513,주말,TPO,1,1,1,1,550,205,0.1818
2026-07-10,513,주말,TPO,1,1,1,1,249,60,0.4016
2026-07-12,513,주말,TPO,1,1,1,0,314,141,0.3185
2026-07-13,513,주말,TPO,1,1,1,0,382,151,0.2618
2026-07-14,513,주말,TPO,1,1,1,0,267,89,0.3745
2026-07-28,513,주말,TPO,1,1,1,0,262,125,0.3817
2026-08-02,513,주말,TPO,1,1,1,1,250,101,0.4
2026-08-07,513,주말,TPO,1,1,1,0,151,70,0.6623
2026-08-23,513,주말,TPO,1,1,1,0,472,218,0.2119
2026-08-27,513,주말,TPO,1,1,1,1,330,161,0.303
2026-08-30,513,주말,TPO,2,2,2,1,735,303,0.2721
2026-09-01,513,주말,TPO,1,1,1,0,601,253,0.1664
2026-09-05,513,주말,TPO,2,2,2,1,563,234,0.3552
2026-09-07,513,주말,TPO,1,1,1,1,732,308,0.1366
2025-09-01,242,지갑,ITEM,5,5,1,0,68,41,7.3529
2025-09-02,242,지갑,ITEM,3,3,1,0,36,20,8.3333
2025-09-03,242,지갑,ITEM,1,1,1,0,18,10,5.5556
2025-09-04,242,지갑,ITEM,5,5,1,0,14,11,35.7143
2025-09-05,242,지갑,ITEM,1,1,1,0,87,25,1.1494
2025-09-09,242,지갑,ITEM,1,1,1,0,11,4,9.0909
2025-09-12,242,지갑,ITEM,1,1,1,1,61,22,1.6393
2025-09-15,242,지갑,ITEM,1,1,1,0,110,52,0.9091
2025-09-25,242,지갑,ITEM,1,1,1,0,40,12,2.5
2025-09-27,242,지갑,ITEM,1,1,1,0,92,35,1.087
2025-10-20,242,지갑,ITEM,1,1,1,0,16,12,6.25
2026-01-28,242,지갑,ITEM,1,1,1,1,29,13,3.4483
2026-02-04,242,지갑,ITEM,1,1,1,0,9,6,11.1111
2026-02-05,242,지갑,ITEM,2,2,1,1,39,26,5.1282
2026-02-06,242,지갑,ITEM,1,1,1,1,65,32,1.5385
2026-02-07,242,지갑,ITEM,1,1,1,0,115,57,0.8696
2026-02-08,242,지갑,ITEM,2,2,1,0,25,22,8.0
2026-03-02,242,지갑,ITEM,1,1,1,0,49,31,2.0408
2026-03-04,242,지갑,ITEM,2,2,1,1,159,65,1.2579
2026-04-02,242,지갑,ITEM,1,1,1,0,103,44,0.9709
2026-04-28,242,지갑,ITEM,1,1,1,0,51,26,1.9608
2026-05-31,242,지갑,ITEM,1,1,1,1,354,109,0.2825
2026-06-09,242,지갑,ITEM,1,1,1,0,247,108,0.4049
2026-06-19,242,지갑,ITEM,1,1,1,0,510,170,0.1961
2026-07-12,242,지갑,ITEM,1,1,1,0,314,141,0.3185
2026-07-18,242,지갑,ITEM,1,1,1,1,429,155,0.2331
2026-08-02,242,지갑,ITEM,1,1,1,0,250,101,0.4
2026-08-08,242,지갑,ITEM,1,1,1,0,143,57,0.6993
2026-08-10,242,지갑,ITEM,5,5,2,1,244,105,2.0492
2026-09-07,242,지갑,ITEM,1,1,1,0,732,308,0.1366
2025-09-05,433,차콜,COLOR,2,2,1,0,87,25,2.2989
2025-09-14,433,차콜,COLOR,1,1,1,1,52,13,1.9231
2025-09-20,433,차콜,COLOR,2,2,1,0,96,34,2.0833
2025-10-11,433,차콜,COLOR,1,1,1,0,50,26,2.0
2025-10-14,433,차콜,COLOR,1,1,1,0,8,5,12.5
2025-10-23,433,차콜,COLOR,1,1,1,0,25,14,4.0
2025-11-08,433,차콜,COLOR,2,2,1,0,74,32,2.7027
2025-11-09,433,차콜,COLOR,1,1,1,1,76,21,1.3158
2025-11-10,433,차콜,COLOR,2,2,1,1,34,16,5.8824
2025-11-11,433,차콜,COLOR,1,1,1,0,21,8,4.7619
2025-11-15,433,차콜,COLOR,1,1,1,0,72,28,1.3889
2025-11-20,433,차콜,COLOR,2,2,2,1,172,49,1.1628
2025-11-23,433,차콜,COLOR,1,1,1,0,92,33,1.087
2025-11-28,433,차콜,COLOR,1,1,1,0,80,32,1.25
2025-12-02,433,차콜,COLOR,3,3,2,1,123,66,2.439
2025-12-07,433,차콜,COLOR,2,2,1,1,120,49,1.6667
2025-12-21,433,차콜,COLOR,1,1,1,1,92,38,1.087
2025-12-30,433,차콜,COLOR,1,1,1,0,36,17,2.7778
2025-12-31,433,차콜,COLOR,1,1,1,0,10,8,10.0
2026-01-16,433,차콜,COLOR,1,1,1,1,108,22,0.9259
2026-01-17,433,차콜,COLOR,2,2,1,0,143,78,1.3986
2026-01-18,433,차콜,COLOR,2,2,1,0,53,29,3.7736
2026-01-24,433,차콜,COLOR,2,2,2,1,62,34,3.2258
2026-02-01,433,차콜,COLOR,1,1,1,1,83,43,1.2048
2026-03-25,433,차콜,COLOR,1,1,1,0,37,25,2.7027
2026-03-26,433,차콜,COLOR,3,3,2,0,154,65,1.9481
2026-03-29,433,차콜,COLOR,1,1,1,0,38,17,2.6316
2026-04-02,433,차콜,COLOR,1,1,1,0,103,44,0.9709
2026-04-05,433,차콜,COLOR,1,1,1,0,129,44,0.7752
2026-04-09,433,차콜,COLOR,1,1,1,0,43,30,2.3256
2026-04-19,433,차콜,COLOR,1,1,1,1,286,115,0.3497
2026-04-21,433,차콜,COLOR,1,1,1,0,58,30,1.7241
2026-05-03,433,차콜,COLOR,1,1,1,0,150,45,0.6667
2026-05-11,433,차콜,COLOR,2,2,2,0,111,47,1.8018
2026-05-13,433,차콜,COLOR,1,1,1,0,137,56,0.7299
2026-05-14,433,차콜,COLOR,4,4,3,2,271,108,1.476
2026-05-15,433,차콜,COLOR,1,1,1,0,177,75,0.565
2026-05-18,433,차콜,COLOR,1,1,1,1,146,74,0.6849
2026-05-20,433,차콜,COLOR,10,10,2,1,244,80,4.0984
2026-05-21,433,차콜,COLOR,15,15,5,3,270,85,5.5556
2026-05-22,433,차콜,COLOR,7,7,2,1,227,77,3.0837
2026-05-23,433,차콜,COLOR,4,4,3,0,331,93,1.2085
2026-05-24,433,차콜,COLOR,4,4,3,1,297,121,1.3468
2026-05-25,433,차콜,COLOR,6,6,5,2,400,155,1.5
2026-05-26,433,차콜,COLOR,3,3,2,1,189,90,1.5873
2026-05-27,433,차콜,COLOR,5,5,5,2,222,83,2.2523
2026-05-28,433,차콜,COLOR,4,4,3,1,228,103,1.7544
2026-05-29,433,차콜,COLOR,1,1,1,1,188,59,0.5319
2026-05-30,433,차콜,COLOR,2,2,1,1,234,83,0.8547
2026-05-31,433,차콜,COLOR,6,6,5,4,354,109,1.6949
2026-06-01,433,차콜,COLOR,1,1,1,1,360,160,0.2778
2026-06-03,433,차콜,COLOR,3,3,3,1,222,94,1.3514
2026-06-05,433,차콜,COLOR,2,2,2,1,183,55,1.0929
2026-06-06,433,차콜,COLOR,4,4,1,1,336,108,1.1905
2026-06-07,433,차콜,COLOR,1,1,1,0,322,152,0.3106
2026-06-08,433,차콜,COLOR,1,1,1,0,380,152,0.2632
2026-06-10,433,차콜,COLOR,5,5,3,2,345,160,1.4493
2026-06-11,433,차콜,COLOR,2,2,2,1,239,114,0.8368
2026-06-12,433,차콜,COLOR,4,4,4,2,352,114,1.1364
2026-06-13,433,차콜,COLOR,2,2,2,1,267,107,0.7491
2026-06-14,433,차콜,COLOR,6,6,4,2,529,186,1.1342
2026-06-15,433,차콜,COLOR,5,5,2,1,440,179,1.1364
2026-06-16,433,차콜,COLOR,3,3,3,2,465,184,0.6452
2026-06-17,433,차콜,COLOR,1,1,1,0,365,130,0.274
2026-06-18,433,차콜,COLOR,1,1,1,0,286,139,0.3497
2026-06-19,433,차콜,COLOR,2,2,2,2,510,170,0.3922
2026-06-20,433,차콜,COLOR,3,3,2,1,422,169,0.7109
2026-06-21,433,차콜,COLOR,3,3,3,2,550,205,0.5455
2026-06-22,433,차콜,COLOR,2,2,2,2,455,179,0.4396
2026-06-23,433,차콜,COLOR,4,4,3,1,401,171,0.9975
2026-06-24,433,차콜,COLOR,1,1,1,1,369,145,0.271
2026-06-26,433,차콜,COLOR,1,1,1,1,247,81,0.4049
2026-06-27,433,차콜,COLOR,2,2,2,2,214,76,0.9346
2026-06-28,433,차콜,COLOR,3,3,3,0,327,109,0.9174
2026-06-30,433,차콜,COLOR,2,2,2,1,156,56,1.2821
2026-07-01,433,차콜,COLOR,5,5,3,1,261,93,1.9157
2026-07-02,433,차콜,COLOR,1,1,1,0,107,58,0.9346
2026-07-04,433,차콜,COLOR,3,3,2,1,306,114,0.9804
2026-07-06,433,차콜,COLOR,2,2,1,1,204,85,0.9804
2026-07-08,433,차콜,COLOR,2,2,2,0,112,58,1.7857
2026-07-09,433,차콜,COLOR,1,1,1,0,161,62,0.6211
2026-07-10,433,차콜,COLOR,3,3,2,2,249,60,1.2048
2026-07-12,433,차콜,COLOR,2,2,2,0,314,141,0.6369
2026-07-13,433,차콜,COLOR,5,5,2,0,382,151,1.3089
2026-07-14,433,차콜,COLOR,4,4,3,1,267,89,1.4981
2026-07-15,433,차콜,COLOR,3,3,2,1,265,87,1.1321
2026-07-16,433,차콜,COLOR,2,2,1,1,179,58,1.1173
2026-07-18,433,차콜,COLOR,1,1,1,0,429,155,0.2331
2026-07-19,433,차콜,COLOR,2,2,2,0,670,210,0.2985
2026-07-20,433,차콜,COLOR,1,1,1,0,386,140,0.2591
2026-07-21,433,차콜,COLOR,2,2,1,1,284,141,0.7042
2026-07-22,433,차콜,COLOR,1,1,1,1,244,112,0.4098
2026-07-23,433,차콜,COLOR,2,2,2,1,243,86,0.823
2026-07-24,433,차콜,COLOR,1,1,1,1,233,80,0.4292
2026-07-25,433,차콜,COLOR,2,2,2,1,245,115,0.8163
2026-07-26,433,차콜,COLOR,1,1,1,1,338,132,0.2959
2026-07-28,433,차콜,COLOR,1,1,1,0,262,125,0.3817
2026-07-31,433,차콜,COLOR,1,1,1,0,204,84,0.4902
2026-08-01,433,차콜,COLOR,2,2,2,1,277,115,0.722
2026-08-03,433,차콜,COLOR,2,2,2,0,257,111,0.7782
2026-08-09,433,차콜,COLOR,1,1,1,1,265,116,0.3774
2026-08-11,433,차콜,COLOR,2,2,2,1,383,116,0.5222
2026-08-12,433,차콜,COLOR,1,1,1,0,194,92,0.5155
2026-08-13,433,차콜,COLOR,1,1,1,1,223,94,0.4484
2026-08-16,433,차콜,COLOR,1,1,1,0,232,98,0.431
2026-08-17,433,차콜,COLOR,2,2,2,1,543,223,0.3683
2026-08-19,433,차콜,COLOR,2,2,2,0,219,95,0.9132
2026-08-20,433,차콜,COLOR,1,1,1,0,236,110,0.4237
2026-08-21,433,차콜,COLOR,2,2,2,0,235,105,0.8511
2026-08-22,433,차콜,COLOR,1,1,1,0,275,117,0.3636
2026-08-24,433,차콜,COLOR,10,10,5,2,592,293,1.6892
2026-08-25,433,차콜,COLOR,10,10,5,1,405,202,2.4691
2026-08-26,433,차콜,COLOR,2,2,2,0,424,195,0.4717
2026-08-29,433,차콜,COLOR,1,1,1,0,316,144,0.3165
2026-08-30,433,차콜,COLOR,9,9,5,1,735,303,1.2245
2026-08-31,433,차콜,COLOR,11,11,8,1,714,321,1.5406
2026-09-01,433,차콜,COLOR,2,2,2,1,601,253,0.3328
2026-09-02,433,차콜,COLOR,8,8,6,2,502,221,1.5936
2026-09-03,433,차콜,COLOR,3,3,3,2,603,270,0.4975
2026-09-04,433,차콜,COLOR,2,2,2,1,482,221,0.4149
2026-09-05,433,차콜,COLOR,2,2,2,1,563,234,0.3552
2026-09-06,433,차콜,COLOR,16,16,6,3,858,363,1.8648
2026-09-07,433,차콜,COLOR,14,14,7,1,732,308,1.9126
2026-09-08,433,차콜,COLOR,5,5,4,0,248,112,2.0161
2026-09-09,433,차콜,COLOR,1,1,1,1,170,7,0.5882
2025-09-15,674,체크,DETAIL,3,3,1,1,110,52,2.7273
2025-09-16,674,체크,DETAIL,1,1,1,0,108,47,0.9259
2025-09-17,674,체크,DETAIL,1,1,1,0,22,12,4.5455
2025-09-19,674,체크,DETAIL,2,2,2,1,106,25,1.8868
2025-09-22,674,체크,DETAIL,1,1,1,0,30,17,3.3333
2025-09-23,674,체크,DETAIL,1,1,1,0,14,5,7.1429
2025-09-24,674,체크,DETAIL,1,1,1,1,43,14,2.3256
2025-10-10,674,체크,DETAIL,1,1,1,1,80,23,1.25
2025-10-17,674,체크,DETAIL,1,1,1,1,45,13,2.2222
2025-10-19,674,체크,DETAIL,1,1,1,1,46,13,2.1739
2025-10-24,674,체크,DETAIL,1,1,1,1,96,19,1.0417
2025-11-02,674,체크,DETAIL,1,1,1,1,86,23,1.1628
2025-11-14,674,체크,DETAIL,1,1,1,1,73,20,1.3699
2025-12-06,674,체크,DETAIL,1,1,1,0,91,53,1.0989
2025-12-07,674,체크,DETAIL,2,2,2,1,120,49,1.6667
2025-12-19,674,체크,DETAIL,1,1,1,0,67,36,1.4925
2025-12-24,674,체크,DETAIL,1,1,1,0,22,11,4.5455
2025-12-27,674,체크,DETAIL,1,1,1,1,32,21,3.125
2025-12-30,674,체크,DETAIL,1,1,1,0,36,17,2.7778
2026-01-02,674,체크,DETAIL,1,1,1,0,103,31,0.9709
2026-01-04,674,체크,DETAIL,1,1,1,0,43,22,2.3256
2026-01-17,674,체크,DETAIL,1,1,1,0,143,78,0.6993
2026-01-19,674,체크,DETAIL,1,1,1,0,57,27,1.7544
2026-01-21,674,체크,DETAIL,1,1,1,0,22,16,4.5455
2026-02-07,674,체크,DETAIL,1,1,1,0,115,57,0.8696
2026-02-14,674,체크,DETAIL,1,1,1,0,26,21,3.8462
2026-03-01,674,체크,DETAIL,1,1,1,1,144,46,0.6944
2026-03-05,674,체크,DETAIL,1,1,1,1,64,22,1.5625
2026-03-12,674,체크,DETAIL,1,1,1,0,22,15,4.5455
2026-03-16,674,체크,DETAIL,1,1,1,0,83,23,1.2048
2026-03-22,674,체크,DETAIL,2,2,1,1,158,62,1.2658
2026-03-24,674,체크,DETAIL,1,1,1,0,70,41,1.4286
2026-03-25,674,체크,DETAIL,2,2,1,0,37,25,5.4054
2026-03-26,674,체크,DETAIL,1,1,1,0,154,65,0.6494
2026-03-31,674,체크,DETAIL,1,1,1,1,70,26,1.4286
2026-04-01,674,체크,DETAIL,1,1,1,0,43,22,2.3256
2026-04-05,674,체크,DETAIL,2,2,2,2,129,44,1.5504
2026-04-07,674,체크,DETAIL,1,1,1,0,24,16,4.1667
2026-04-09,674,체크,DETAIL,1,1,1,0,43,30,2.3256
2026-04-16,674,체크,DETAIL,2,2,2,1,41,12,4.878
2026-04-18,674,체크,DETAIL,2,2,1,0,168,63,1.1905
2026-04-23,674,체크,DETAIL,1,1,1,0,116,64,0.8621
2026-04-25,674,체크,DETAIL,1,1,1,0,52,20,1.9231
2026-04-27,674,체크,DETAIL,1,1,1,1,175,75,0.5714
2026-05-03,674,체크,DETAIL,3,3,2,2,150,45,2.0
2026-05-04,674,체크,DETAIL,1,1,1,0,61,39,1.6393
2026-05-05,674,체크,DETAIL,1,1,1,1,121,55,0.8264
2026-05-11,674,체크,DETAIL,2,2,1,1,111,47,1.8018
2026-05-12,674,체크,DETAIL,3,3,2,1,134,52,2.2388
2026-05-16,674,체크,DETAIL,2,2,1,0,158,49,1.2658
2026-05-17,674,체크,DETAIL,2,2,2,1,166,82,1.2048
2026-05-20,674,체크,DETAIL,1,1,1,1,244,80,0.4098
2026-05-22,674,체크,DETAIL,2,2,2,2,227,77,0.8811
2026-05-24,674,체크,DETAIL,1,1,1,1,297,121,0.3367
2026-05-25,674,체크,DETAIL,2,2,1,1,400,155,0.5
2026-05-26,674,체크,DETAIL,1,1,1,0,189,90,0.5291
2026-05-27,674,체크,DETAIL,4,4,2,1,222,83,1.8018
2026-05-29,674,체크,DETAIL,4,4,2,1,188,59,2.1277
2026-05-30,674,체크,DETAIL,1,1,1,1,234,83,0.4274
2026-05-31,674,체크,DETAIL,1,1,1,1,354,109,0.2825
2026-06-01,674,체크,DETAIL,4,4,2,1,360,160,1.1111
2026-06-02,674,체크,DETAIL,2,2,1,0,224,100,0.8929
2026-06-03,674,체크,DETAIL,2,2,2,0,222,94,0.9009
2026-06-04,674,체크,DETAIL,2,2,1,0,137,74,1.4599
2026-06-06,674,체크,DETAIL,1,1,1,1,336,108,0.2976
2026-06-07,674,체크,DETAIL,7,7,3,2,322,152,2.1739
2026-06-08,674,체크,DETAIL,2,2,2,1,380,152,0.5263
2026-06-09,674,체크,DETAIL,5,5,5,2,247,108,2.0243
2026-06-12,674,체크,DETAIL,2,2,2,1,352,114,0.5682
2026-06-14,674,체크,DETAIL,9,9,7,5,529,186,1.7013
2026-06-15,674,체크,DETAIL,11,11,5,4,440,179,2.5
2026-06-16,674,체크,DETAIL,9,9,7,3,465,184,1.9355
2026-06-17,674,체크,DETAIL,5,5,4,2,365,130,1.3699
2026-06-18,674,체크,DETAIL,1,1,1,0,286,139,0.3497
2026-06-19,674,체크,DETAIL,2,2,2,1,510,170,0.3922
2026-06-20,674,체크,DETAIL,6,6,3,2,422,169,1.4218
2026-06-21,674,체크,DETAIL,8,8,5,2,550,205,1.4545
2026-06-22,674,체크,DETAIL,4,4,4,3,455,179,0.8791
2026-06-23,674,체크,DETAIL,6,6,5,2,401,171,1.4963
2026-06-24,674,체크,DETAIL,1,1,1,0,369,145,0.271
2026-06-25,674,체크,DETAIL,1,1,1,0,162,75,0.6173
2026-06-26,674,체크,DETAIL,1,1,1,0,247,81,0.4049
2026-06-27,674,체크,DETAIL,4,4,3,3,214,76,1.8692
2026-06-29,674,체크,DETAIL,2,2,2,0,182,100,1.0989
2026-07-01,674,체크,DETAIL,2,2,2,1,261,93,0.7663
2026-07-02,674,체크,DETAIL,1,1,1,0,107,58,0.9346
2026-07-04,674,체크,DETAIL,4,4,4,1,306,114,1.3072
2026-07-05,674,체크,DETAIL,1,1,1,1,295,122,0.339
2026-07-06,674,체크,DETAIL,2,2,1,1,204,85,0.9804
2026-07-10,674,체크,DETAIL,1,1,1,0,249,60,0.4016
2026-07-12,674,체크,DETAIL,5,5,2,2,314,141,1.5924
2026-07-13,674,체크,DETAIL,5,5,2,1,382,151,1.3089
2026-07-15,674,체크,DETAIL,1,1,1,1,265,87,0.3774
2026-07-16,674,체크,DETAIL,6,6,2,1,179,58,3.352
2026-07-17,674,체크,DETAIL,4,4,2,1,332,101,1.2048
2026-07-18,674,체크,DETAIL,3,3,2,0,429,155,0.6993
2026-07-19,674,체크,DETAIL,2,2,2,1,670,210,0.2985
2026-07-20,674,체크,DETAIL,3,3,3,2,386,140,0.7772
2026-07-22,674,체크,DETAIL,1,1,1,1,244,112,0.4098
2026-07-23,674,체크,DETAIL,2,2,2,1,243,86,0.823
2026-07-25,674,체크,DETAIL,1,1,1,1,245,115,0.4082
2026-07-26,674,체크,DETAIL,2,2,2,1,338,132,0.5917
2026-07-27,674,체크,DETAIL,1,1,1,1,392,161,0.2551
2026-07-28,674,체크,DETAIL,1,1,1,0,262,125,0.3817
2026-07-29,674,체크,DETAIL,3,3,3,1,238,113,1.2605
2026-07-30,674,체크,DETAIL,2,2,2,0,249,101,0.8032
2026-08-01,674,체크,DETAIL,2,2,2,1,277,115,0.722
2026-08-02,674,체크,DETAIL,5,5,3,1,250,101,2.0
2026-08-03,674,체크,DETAIL,1,1,1,0,257,111,0.3891
2026-08-04,674,체크,DETAIL,2,2,2,0,225,88,0.8889
2026-08-06,674,체크,DETAIL,1,1,1,1,284,112,0.3521
2026-08-08,674,체크,DETAIL,2,2,2,0,143,57,1.3986
2026-08-09,674,체크,DETAIL,1,1,1,0,265,116,0.3774
2026-08-10,674,체크,DETAIL,3,3,1,0,244,105,1.2295
2026-08-11,674,체크,DETAIL,2,2,2,1,383,116,0.5222
2026-08-12,674,체크,DETAIL,1,1,1,1,194,92,0.5155
2026-08-13,674,체크,DETAIL,1,1,1,1,223,94,0.4484
2026-08-14,674,체크,DETAIL,1,1,1,1,159,54,0.6289
2026-08-16,674,체크,DETAIL,4,4,2,1,232,98,1.7241
2026-08-17,674,체크,DETAIL,2,2,2,0,543,223,0.3683
2026-08-18,674,체크,DETAIL,3,3,2,0,303,163,0.9901
2026-08-21,674,체크,DETAIL,1,1,1,1,235,105,0.4255
2026-08-22,674,체크,DETAIL,1,1,1,1,275,117,0.3636
2026-08-23,674,체크,DETAIL,5,5,1,1,472,218,1.0593
2026-08-24,674,체크,DETAIL,5,5,2,2,592,293,0.8446
2026-08-25,674,체크,DETAIL,2,2,2,1,405,202,0.4938
2026-08-26,674,체크,DETAIL,5,5,3,0,424,195,1.1792
2026-08-27,674,체크,DETAIL,1,1,1,0,330,161,0.303
2026-08-28,674,체크,DETAIL,4,4,3,1,414,157,0.9662
2026-08-29,674,체크,DETAIL,3,3,2,0,316,144,0.9494
2026-08-30,674,체크,DETAIL,1,1,1,0,735,303,0.1361
2026-08-31,674,체크,DETAIL,1,1,1,1,714,321,0.1401
2026-09-01,674,체크,DETAIL,8,8,4,2,601,253,1.3311
2026-09-02,674,체크,DETAIL,7,7,4,0,502,221,1.3944
2026-09-03,674,체크,DETAIL,15,15,3,2,603,270,2.4876
2026-09-04,674,체크,DETAIL,11,11,3,1,482,221,2.2822
2026-09-05,674,체크,DETAIL,4,4,1,0,563,234,0.7105
2026-09-06,674,체크,DETAIL,19,19,4,1,858,363,2.2145
2026-09-07,674,체크,DETAIL,10,10,3,1,732,308,1.3661
2026-09-08,674,체크,DETAIL,4,4,4,1,248,112,1.6129
2026-09-09,674,체크,DETAIL,1,1,1,1,170,7,0.5882
2025-09-05,488,출근,TPO,1,1,1,1,87,25,1.1494
2025-09-06,488,출근,TPO,4,4,1,0,103,33,3.8835
2025-09-07,488,출근,TPO,1,1,1,0,29,8,3.4483
2025-09-10,488,출근,TPO,3,3,1,0,25,7,12.0
2025-09-12,488,출근,TPO,3,3,1,1,61,22,4.918
2025-09-16,488,출근,TPO,2,2,2,0,108,47,1.8519
2025-09-19,488,출근,TPO,1,1,1,1,106,25,0.9434
2025-09-20,488,출근,TPO,1,1,1,0,96,34,1.0417
2025-09-24,488,출근,TPO,1,1,1,1,43,14,2.3256
2025-09-25,488,출근,TPO,1,1,1,0,40,12,2.5
2025-09-26,488,출근,TPO,1,1,1,1,76,18,1.3158
2025-09-27,488,출근,TPO,8,8,1,0,92,35,8.6957
2025-09-28,488,출근,TPO,1,1,1,0,78,15,1.2821
2025-10-02,488,출근,TPO,1,1,1,0,20,8,5.0
2025-10-03,488,출근,TPO,4,4,1,1,103,20,3.8835
2025-10-04,488,출근,TPO,2,2,1,0,84,22,2.381
2025-10-05,488,출근,TPO,1,1,1,0,53,14,1.8868
2025-10-09,488,출근,TPO,1,1,1,0,19,5,5.2632
2025-10-10,488,출근,TPO,2,2,1,1,80,23,2.5
2025-10-11,488,출근,TPO,2,2,1,0,50,26,4.0
2025-10-12,488,출근,TPO,2,2,2,1,76,22,2.6316
2025-10-13,488,출근,TPO,1,1,1,0,20,6,5.0
2025-10-14,488,출근,TPO,1,1,1,0,8,5,12.5
2025-10-17,488,출근,TPO,2,2,1,1,45,13,4.4444
2025-10-18,488,출근,TPO,2,2,1,0,18,12,11.1111
2025-10-19,488,출근,TPO,2,2,1,0,46,13,4.3478
2025-10-21,488,출근,TPO,1,1,1,0,19,11,5.2632
2025-10-23,488,출근,TPO,3,3,1,0,25,14,12.0
2025-10-24,488,출근,TPO,4,4,2,1,96,19,4.1667
2025-10-25,488,출근,TPO,3,3,1,0,48,21,6.25
2025-10-26,488,출근,TPO,1,1,1,0,63,15,1.5873
2025-10-27,488,출근,TPO,1,1,1,0,24,12,4.1667
2025-10-28,488,출근,TPO,1,1,1,0,27,11,3.7037
2025-10-29,488,출근,TPO,1,1,1,0,26,9,3.8462
2025-10-31,488,출근,TPO,1,1,1,1,66,25,1.5152
2025-11-04,488,출근,TPO,1,1,1,0,25,13,4.0
2025-11-06,488,출근,TPO,1,1,1,0,32,11,3.125
2025-11-07,488,출근,TPO,1,1,1,1,95,32,1.0526
2025-11-08,488,출근,TPO,3,3,1,0,74,32,4.0541
2025-11-14,488,출근,TPO,2,2,1,1,73,20,2.7397
2025-11-15,488,출근,TPO,1,1,1,0,72,28,1.3889
2025-11-16,488,출근,TPO,3,3,1,0,99,44,3.0303
2025-11-19,488,출근,TPO,2,2,1,1,165,47,1.2121
2025-11-20,488,출근,TPO,1,1,1,0,172,49,0.5814
2025-11-21,488,출근,TPO,3,3,2,1,127,48,2.3622
2025-11-27,488,출근,TPO,1,1,1,0,35,15,2.8571
2025-11-28,488,출근,TPO,1,1,1,1,80,32,1.25
2025-12-02,488,출근,TPO,1,1,1,1,123,66,0.813
2025-12-05,488,출근,TPO,1,1,1,1,88,46,1.1364
2025-12-06,488,출근,TPO,2,2,1,0,91,53,2.1978
2025-12-11,488,출근,TPO,2,2,2,0,33,17,6.0606
2025-12-19,488,출근,TPO,1,1,1,1,67,36,1.4925
2025-12-21,488,출근,TPO,1,1,1,0,92,38,1.087
2026-01-02,488,출근,TPO,1,1,1,1,103,31,0.9709
2026-01-09,488,출근,TPO,4,4,1,1,48,18,8.3333
2026-01-10,488,출근,TPO,3,3,1,0,36,22,8.3333
2026-01-11,488,출근,TPO,2,2,1,0,29,17,6.8966
2026-01-13,488,출근,TPO,1,1,1,0,8,6,12.5
2026-01-16,488,출근,TPO,3,3,1,1,108,22,2.7778
2026-01-17,488,출근,TPO,1,1,1,0,143,78,0.6993
2026-01-19,488,출근,TPO,1,1,1,0,57,27,1.7544
2026-01-23,488,출근,TPO,2,2,1,1,61,26,3.2787
2026-01-24,488,출근,TPO,3,3,1,0,62,34,4.8387
2026-01-25,488,출근,TPO,1,1,1,0,20,15,5.0
2026-01-27,488,출근,TPO,1,1,1,0,13,5,7.6923
2026-01-28,488,출근,TPO,2,2,1,0,29,13,6.8966
2026-01-30,488,출근,TPO,1,1,1,1,30,17,3.3333
2026-02-07,488,출근,TPO,1,1,1,0,115,57,0.8696
2026-02-13,488,출근,TPO,1,1,1,0,13,11,7.6923
2026-02-20,488,출근,TPO,3,3,2,2,152,39,1.9737
2026-02-22,488,출근,TPO,1,1,1,0,61,30,1.6393
2026-02-23,488,출근,TPO,1,1,1,0,31,19,3.2258
2026-02-27,488,출근,TPO,2,2,1,1,156,44,1.2821
2026-02-28,488,출근,TPO,2,2,1,0,87,47,2.2989
2026-03-02,488,출근,TPO,1,1,1,0,49,31,2.0408
2026-03-04,488,출근,TPO,1,1,1,0,159,65,0.6289
2026-03-05,488,출근,TPO,1,1,1,0,64,22,1.5625
2026-03-06,488,출근,TPO,7,7,2,1,203,70,3.4483
2026-03-08,488,출근,TPO,1,1,1,0,71,37,1.4085
2026-03-13,488,출근,TPO,1,1,1,0,26,18,3.8462
2026-03-18,488,출근,TPO,1,1,1,0,70,45,1.4286
2026-03-20,488,출근,TPO,1,1,1,1,44,13,2.2727
2026-03-22,488,출근,TPO,2,2,2,1,158,62,1.2658
2026-03-26,488,출근,TPO,2,2,1,1,154,65,1.2987
2026-03-27,488,출근,TPO,8,8,1,0,124,47,6.4516
2026-03-30,488,출근,TPO,1,1,1,0,49,29,2.0408
2026-03-31,488,출근,TPO,1,1,1,0,70,26,1.4286
2026-04-02,488,출근,TPO,2,2,2,1,103,44,1.9417
2026-04-03,488,출근,TPO,3,3,2,1,69,31,4.3478
2026-04-04,488,출근,TPO,1,1,1,0,58,37,1.7241
2026-04-05,488,출근,TPO,1,1,1,0,129,44,0.7752
2026-04-13,488,출근,TPO,1,1,1,0,17,11,5.8824
2026-04-18,488,출근,TPO,4,4,2,2,168,63,2.381
2026-04-19,488,출근,TPO,4,4,2,0,286,115,1.3986
2026-04-20,488,출근,TPO,1,1,1,0,238,90,0.4202
2026-04-21,488,출근,TPO,1,1,1,0,58,30,1.7241
2026-04-23,488,출근,TPO,1,1,1,0,116,64,0.8621
2026-04-24,488,출근,TPO,1,1,1,0,49,31,2.0408
2026-04-25,488,출근,TPO,1,1,1,0,52,20,1.9231
2026-04-27,488,출근,TPO,1,1,1,0,175,75,0.5714
2026-04-28,488,출근,TPO,1,1,1,0,51,26,1.9608
2026-04-30,488,출근,TPO,1,1,1,1,78,19,1.2821
2026-05-01,488,출근,TPO,1,1,1,1,82,24,1.2195
2026-05-02,488,출근,TPO,6,6,1,0,66,35,9.0909
2026-05-04,488,출근,TPO,2,2,1,0,61,39,3.2787
2026-05-05,488,출근,TPO,2,2,2,0,121,55,1.6529
2026-05-19,488,출근,TPO,1,1,1,0,39,23,2.5641
2026-05-20,488,출근,TPO,1,1,1,1,244,80,0.4098
2026-05-22,488,출근,TPO,1,1,1,1,227,77,0.4405
2026-05-23,488,출근,TPO,5,5,3,1,331,93,1.5106
2026-05-24,488,출근,TPO,2,2,2,1,297,121,0.6734
2026-05-25,488,출근,TPO,5,5,3,1,400,155,1.25
2026-05-29,488,출근,TPO,4,4,3,1,188,59,2.1277
2026-05-30,488,출근,TPO,9,9,1,1,234,83,3.8462
2026-05-31,488,출근,TPO,4,4,2,0,354,109,1.1299
2026-06-01,488,출근,TPO,2,2,1,1,360,160,0.5556
2026-06-02,488,출근,TPO,2,2,1,0,224,100,0.8929
2026-06-03,488,출근,TPO,1,1,1,0,222,94,0.4505
2026-06-04,488,출근,TPO,1,1,1,0,137,74,0.7299
2026-06-05,488,출근,TPO,3,3,2,1,183,55,1.6393
2026-06-06,488,출근,TPO,1,1,1,0,336,108,0.2976
2026-06-08,488,출근,TPO,1,1,1,1,380,152,0.2632
2026-06-09,488,출근,TPO,2,2,2,2,247,108,0.8097
2026-06-10,488,출근,TPO,1,1,1,1,345,160,0.2899
2026-06-11,488,출근,TPO,3,3,2,1,239,114,1.2552
2026-06-12,488,출근,TPO,4,4,3,2,352,114,1.1364
2026-06-13,488,출근,TPO,5,5,2,0,267,107,1.8727
2026-06-14,488,출근,TPO,4,4,2,1,529,186,0.7561
2026-06-15,488,출근,TPO,1,1,1,0,440,179,0.2273
2026-06-17,488,출근,TPO,2,2,2,1,365,130,0.5479
2026-06-19,488,출근,TPO,6,6,3,2,510,170,1.1765
2026-06-20,488,출근,TPO,2,2,2,1,422,169,0.4739
2026-06-21,488,출근,TPO,14,14,3,3,550,205,2.5455
2026-06-22,488,출근,TPO,4,4,3,2,455,179,0.8791
2026-06-23,488,출근,TPO,4,4,3,2,401,171,0.9975
2026-06-24,488,출근,TPO,2,2,2,0,369,145,0.542
2026-06-25,488,출근,TPO,2,2,1,1,162,75,1.2346
2026-06-26,488,출근,TPO,4,4,4,2,247,81,1.6194
2026-06-27,488,출근,TPO,2,2,2,2,214,76,0.9346
2026-06-28,488,출근,TPO,1,1,1,0,327,109,0.3058
2026-07-01,488,출근,TPO,1,1,1,1,261,93,0.3831
2026-07-02,488,출근,TPO,1,1,1,0,107,58,0.9346
2026-07-03,488,출근,TPO,1,1,1,0,154,63,0.6494
2026-07-04,488,출근,TPO,2,2,2,1,306,114,0.6536
2026-07-05,488,출근,TPO,1,1,1,1,295,122,0.339
2026-07-10,488,출근,TPO,1,1,1,1,249,60,0.4016
2026-07-11,488,출근,TPO,1,1,1,1,174,63,0.5747
2026-07-12,488,출근,TPO,4,4,2,0,314,141,1.2739
2026-07-13,488,출근,TPO,3,3,2,2,382,151,0.7853
2026-07-14,488,출근,TPO,1,1,1,0,267,89,0.3745
2026-07-15,488,출근,TPO,1,1,1,0,265,87,0.3774
2026-07-16,488,출근,TPO,1,1,1,1,179,58,0.5587
2026-07-17,488,출근,TPO,2,2,2,2,332,101,0.6024
2026-07-19,488,출근,TPO,12,12,4,1,670,210,1.791
2026-07-20,488,출근,TPO,3,3,2,1,386,140,0.7772
2026-07-22,488,출근,TPO,2,2,2,2,244,112,0.8197
2026-07-23,488,출근,TPO,1,1,1,0,243,86,0.4115
2026-07-26,488,출근,TPO,1,1,1,1,338,132,0.2959
2026-07-27,488,출근,TPO,4,4,2,2,392,161,1.0204
2026-07-29,488,출근,TPO,1,1,1,0,238,113,0.4202
2026-07-30,488,출근,TPO,1,1,1,0,249,101,0.4016
2026-07-31,488,출근,TPO,2,2,1,1,204,84,0.9804
2026-08-01,488,출근,TPO,2,2,2,2,277,115,0.722
2026-08-02,488,출근,TPO,2,2,2,0,250,101,0.8
2026-08-03,488,출근,TPO,2,2,2,0,257,111,0.7782
2026-08-04,488,출근,TPO,3,3,3,1,225,88,1.3333
2026-08-05,488,출근,TPO,3,3,2,0,302,135,0.9934
2026-08-06,488,출근,TPO,1,1,1,0,284,112,0.3521
2026-08-08,488,출근,TPO,1,1,1,0,143,57,0.6993
2026-08-10,488,출근,TPO,3,3,2,1,244,105,1.2295
2026-08-11,488,출근,TPO,2,2,2,2,383,116,0.5222
2026-08-13,488,출근,TPO,5,5,4,1,223,94,2.2422
2026-08-14,488,출근,TPO,1,1,1,0,159,54,0.6289
2026-08-15,488,출근,TPO,1,1,1,0,172,83,0.5814
2026-08-17,488,출근,TPO,7,7,3,1,543,223,1.2891
2026-08-18,488,출근,TPO,5,5,3,1,303,163,1.6502
2026-08-20,488,출근,TPO,1,1,1,0,236,110,0.4237
2026-08-21,488,출근,TPO,1,1,1,1,235,105,0.4255
2026-08-22,488,출근,TPO,3,3,1,0,275,117,1.0909
2026-08-23,488,출근,TPO,1,1,1,0,472,218,0.2119
2026-08-24,488,출근,TPO,3,3,2,0,592,293,0.5068
2026-08-25,488,출근,TPO,2,2,2,1,405,202,0.4938
2026-08-26,488,출근,TPO,5,5,3,2,424,195,1.1792
2026-08-27,488,출근,TPO,4,4,2,1,330,161,1.2121
2026-08-28,488,출근,TPO,3,3,3,1,414,157,0.7246
2026-08-29,488,출근,TPO,1,1,1,1,316,144,0.3165
2026-08-30,488,출근,TPO,13,13,3,2,735,303,1.7687
2026-08-31,488,출근,TPO,2,2,2,2,714,321,0.2801
2026-09-01,488,출근,TPO,2,2,2,1,601,253,0.3328
2026-09-03,488,출근,TPO,1,1,1,1,603,270,0.1658
2026-09-04,488,출근,TPO,6,6,4,1,482,221,1.2448
2026-09-05,488,출근,TPO,2,2,2,0,563,234,0.3552
2026-09-06,488,출근,TPO,4,4,4,2,858,363,0.4662
2026-09-07,488,출근,TPO,2,2,2,1,732,308,0.2732
2026-09-10,488,출근,TPO,1,1,1,1,20,5,5.0
2025-09-01,409,카멜,COLOR,1,1,1,0,68,41,1.4706
2025-09-02,409,카멜,COLOR,3,3,1,0,36,20,8.3333
2025-09-14,409,카멜,COLOR,1,1,1,0,52,13,1.9231
2025-09-19,409,카멜,COLOR,1,1,1,0,106,25,0.9434
2025-09-20,409,카멜,COLOR,2,2,1,0,96,34,2.0833
2025-10-13,409,카멜,COLOR,1,1,1,0,20,6,5.0
2025-10-27,409,카멜,COLOR,1,1,1,0,24,12,4.1667
2025-10-31,409,카멜,COLOR,1,1,1,1,66,25,1.5152
2025-11-01,409,카멜,COLOR,1,1,1,0,41,19,2.439
2025-11-02,409,카멜,COLOR,1,1,1,0,86,23,1.1628
2025-11-06,409,카멜,COLOR,1,1,1,0,32,11,3.125
2025-11-20,409,카멜,COLOR,1,1,1,1,172,49,0.5814
2025-12-07,409,카멜,COLOR,2,2,2,2,120,49,1.6667
2026-01-08,409,카멜,COLOR,2,2,1,1,21,8,9.5238
2026-03-18,409,카멜,COLOR,1,1,1,0,70,45,1.4286
2026-04-09,409,카멜,COLOR,1,1,1,0,43,30,2.3256
2026-04-18,409,카멜,COLOR,1,1,1,1,168,63,0.5952
2026-04-19,409,카멜,COLOR,1,1,1,1,286,115,0.3497
2026-04-20,409,카멜,COLOR,2,2,1,0,238,90,0.8403
2026-04-22,409,카멜,COLOR,1,1,1,0,63,26,1.5873
2026-04-23,409,카멜,COLOR,1,1,1,0,116,64,0.8621
2026-05-23,409,카멜,COLOR,2,2,2,1,331,93,0.6042
2026-05-24,409,카멜,COLOR,1,1,1,0,297,121,0.3367
2026-05-30,409,카멜,COLOR,1,1,1,0,234,83,0.4274
2026-06-15,409,카멜,COLOR,2,2,1,1,440,179,0.4545
2026-07-01,409,카멜,COLOR,1,1,1,0,261,93,0.3831
2026-07-05,409,카멜,COLOR,1,1,1,1,295,122,0.339
2026-07-27,409,카멜,COLOR,1,1,1,1,392,161,0.2551
2026-08-11,409,카멜,COLOR,1,1,1,0,383,116,0.2611
2026-08-23,409,카멜,COLOR,1,1,1,0,472,218,0.2119
2026-08-26,409,카멜,COLOR,1,1,1,0,424,195,0.2358
2026-08-29,409,카멜,COLOR,1,1,1,0,316,144,0.3165
2026-08-31,409,카멜,COLOR,2,2,1,0,714,321,0.2801
2026-09-04,409,카멜,COLOR,1,1,1,1,482,221,0.2075
2026-09-06,409,카멜,COLOR,1,1,1,0,858,363,0.1166
2026-09-07,409,카멜,COLOR,1,1,1,0,732,308,0.1366
2026-09-09,409,카멜,COLOR,1,1,1,1,170,7,0.5882
2025-09-05,410,카키,COLOR,1,1,1,0,87,25,1.1494
2025-09-19,410,카키,COLOR,14,14,1,0,106,25,13.2075
2025-09-20,410,카키,COLOR,8,8,1,0,96,34,8.3333
2025-09-21,410,카키,COLOR,4,4,1,0,55,12,7.2727
2025-09-22,410,카키,COLOR,1,1,1,0,30,17,3.3333
2025-09-23,410,카키,COLOR,1,1,1,0,14,5,7.1429
2025-09-24,410,카키,COLOR,2,2,1,0,43,14,4.6512
2025-09-25,410,카키,COLOR,3,3,1,0,40,12,7.5
2025-10-23,410,카키,COLOR,1,1,1,0,25,14,4.0
2025-11-03,410,카키,COLOR,1,1,1,1,51,15,1.9608
2025-11-18,410,카키,COLOR,2,2,2,0,19,13,10.5263
2025-11-23,410,카키,COLOR,2,2,1,1,92,33,2.1739
2025-11-29,410,카키,COLOR,3,3,2,1,64,24,4.6875
2025-12-01,410,카키,COLOR,1,1,1,0,29,14,3.4483
2025-12-11,410,카키,COLOR,1,1,1,0,33,17,3.0303
2025-12-21,410,카키,COLOR,1,1,1,0,92,38,1.087
2025-12-25,410,카키,COLOR,1,1,1,0,12,7,8.3333
2025-12-28,410,카키,COLOR,1,1,1,0,16,11,6.25
2026-01-15,410,카키,COLOR,1,1,1,0,6,3,16.6667
2026-01-24,410,카키,COLOR,3,3,1,0,62,34,4.8387
2026-01-29,410,카키,COLOR,1,1,1,1,60,12,1.6667
2026-02-27,410,카키,COLOR,2,2,1,0,156,44,1.2821
2026-03-03,410,카키,COLOR,1,1,1,0,61,35,1.6393
2026-03-05,410,카키,COLOR,1,1,1,1,64,22,1.5625
2026-03-14,410,카키,COLOR,1,1,1,0,37,12,2.7027
2026-03-20,410,카키,COLOR,1,1,1,0,44,13,2.2727
2026-03-26,410,카키,COLOR,1,1,1,0,154,65,0.6494
2026-04-30,410,카키,COLOR,1,1,1,1,78,19,1.2821
2026-05-03,410,카키,COLOR,1,1,1,1,150,45,0.6667
2026-05-13,410,카키,COLOR,1,1,1,1,137,56,0.7299
2026-05-14,410,카키,COLOR,1,1,1,1,271,108,0.369
2026-05-22,410,카키,COLOR,1,1,1,1,227,77,0.4405
2026-05-27,410,카키,COLOR,1,1,1,0,222,83,0.4505
2026-05-28,410,카키,COLOR,2,2,1,1,228,103,0.8772
2026-05-29,410,카키,COLOR,2,2,2,1,188,59,1.0638
2026-05-30,410,카키,COLOR,1,1,1,0,234,83,0.4274
2026-05-31,410,카키,COLOR,1,1,1,1,354,109,0.2825
2026-06-01,410,카키,COLOR,1,1,1,1,360,160,0.2778
2026-06-05,410,카키,COLOR,2,2,2,1,183,55,1.0929
2026-06-06,410,카키,COLOR,7,7,1,1,336,108,2.0833
2026-06-07,410,카키,COLOR,1,1,1,0,322,152,0.3106
2026-06-08,410,카키,COLOR,3,3,2,1,380,152,0.7895
2026-06-09,410,카키,COLOR,2,2,1,0,247,108,0.8097
2026-06-11,410,카키,COLOR,1,1,1,0,239,114,0.4184
2026-06-12,410,카키,COLOR,2,2,2,2,352,114,0.5682
2026-06-14,410,카키,COLOR,3,3,2,1,529,186,0.5671
2026-06-15,410,카키,COLOR,2,2,2,1,440,179,0.4545
2026-06-16,410,카키,COLOR,1,1,1,1,465,184,0.2151
2026-06-17,410,카키,COLOR,3,3,2,1,365,130,0.8219
2026-06-18,410,카키,COLOR,2,2,2,1,286,139,0.6993
2026-06-19,410,카키,COLOR,1,1,1,1,510,170,0.1961
2026-06-21,410,카키,COLOR,1,1,1,0,550,205,0.1818
2026-06-24,410,카키,COLOR,2,2,2,1,369,145,0.542
2026-06-26,410,카키,COLOR,2,2,2,1,247,81,0.8097
2026-06-28,410,카키,COLOR,1,1,1,1,327,109,0.3058
2026-07-01,410,카키,COLOR,1,1,1,0,261,93,0.3831
2026-07-04,410,카키,COLOR,2,2,2,2,306,114,0.6536
2026-07-05,410,카키,COLOR,1,1,1,1,295,122,0.339
2026-07-07,410,카키,COLOR,7,7,1,0,203,85,3.4483
2026-07-08,410,카키,COLOR,4,4,2,1,112,58,3.5714
2026-07-09,410,카키,COLOR,4,4,2,0,161,62,2.4845
2026-07-10,410,카키,COLOR,1,1,1,1,249,60,0.4016
2026-07-13,410,카키,COLOR,3,3,1,1,382,151,0.7853
2026-07-14,410,카키,COLOR,1,1,1,0,267,89,0.3745
2026-07-15,410,카키,COLOR,1,1,1,0,265,87,0.3774
2026-07-16,410,카키,COLOR,1,1,1,0,179,58,0.5587
2026-07-17,410,카키,COLOR,1,1,1,1,332,101,0.3012
2026-07-18,410,카키,COLOR,26,26,1,1,429,155,6.0606
2026-07-19,410,카키,COLOR,14,14,3,1,670,210,2.0896
2026-07-20,410,카키,COLOR,8,8,3,0,386,140,2.0725
2026-07-21,410,카키,COLOR,3,3,2,1,284,141,1.0563
2026-07-23,410,카키,COLOR,3,3,2,1,243,86,1.2346
2026-07-24,410,카키,COLOR,2,2,2,1,233,80,0.8584
2026-07-25,410,카키,COLOR,1,1,1,0,245,115,0.4082
2026-07-26,410,카키,COLOR,2,2,2,0,338,132,0.5917
2026-07-28,410,카키,COLOR,1,1,1,0,262,125,0.3817
2026-07-29,410,카키,COLOR,1,1,1,0,238,113,0.4202
2026-07-30,410,카키,COLOR,2,2,2,1,249,101,0.8032
2026-08-06,410,카키,COLOR,1,1,1,0,284,112,0.3521
2026-08-10,410,카키,COLOR,1,1,1,1,244,105,0.4098
2026-08-11,410,카키,COLOR,2,2,2,1,383,116,0.5222
2026-08-13,410,카키,COLOR,1,1,1,0,223,94,0.4484
2026-08-14,410,카키,COLOR,2,2,1,1,159,54,1.2579
2026-08-15,410,카키,COLOR,1,1,1,0,172,83,0.5814
2026-08-16,410,카키,COLOR,3,3,2,1,232,98,1.2931
2026-08-17,410,카키,COLOR,3,3,3,1,543,223,0.5525
2026-08-18,410,카키,COLOR,1,1,1,0,303,163,0.33
2026-08-20,410,카키,COLOR,1,1,1,0,236,110,0.4237
2026-08-21,410,카키,COLOR,1,1,1,1,235,105,0.4255
2026-08-22,410,카키,COLOR,1,1,1,1,275,117,0.3636
2026-08-24,410,카키,COLOR,2,2,2,1,592,293,0.3378
2026-08-28,410,카키,COLOR,4,4,2,2,414,157,0.9662
2026-08-29,410,카키,COLOR,3,3,2,1,316,144,0.9494
2026-08-30,410,카키,COLOR,5,5,4,2,735,303,0.6803
2026-08-31,410,카키,COLOR,7,7,5,2,714,321,0.9804
2026-09-01,410,카키,COLOR,2,2,2,0,601,253,0.3328
2026-09-02,410,카키,COLOR,4,4,3,0,502,221,0.7968
2026-09-03,410,카키,COLOR,1,1,1,1,603,270,0.1658
2026-09-04,410,카키,COLOR,1,1,1,1,482,221,0.2075
2026-09-05,410,카키,COLOR,3,3,2,1,563,234,0.5329
2026-09-06,410,카키,COLOR,7,7,5,1,858,363,0.8159
2026-09-07,410,카키,COLOR,4,4,3,1,732,308,0.5464
2025-10-19,523,카페,TPO,1,1,1,0,46,13,2.1739
2025-11-16,523,카페,TPO,1,1,1,0,99,44,1.0101
2026-01-31,523,카페,TPO,1,1,1,0,44,32,2.2727
2026-04-25,523,카페,TPO,1,1,1,0,52,20,1.9231
2026-06-19,523,카페,TPO,1,1,1,1,510,170,0.1961
2026-07-11,523,카페,TPO,1,1,1,0,174,63,0.5747
2026-07-13,523,카페,TPO,1,1,1,0,382,151,0.2618
2026-07-18,523,카페,TPO,2,2,1,0,429,155,0.4662
2026-09-01,523,카페,TPO,1,1,1,1,601,253,0.1664
2025-11-20,489,캠핑,TPO,1,1,1,0,172,49,0.5814
2025-12-05,489,캠핑,TPO,1,1,1,0,88,46,1.1364
2026-07-11,489,캠핑,TPO,2,2,1,1,174,63,1.1494
2026-07-08,452,코랄,COLOR,2,2,1,0,112,58,1.7857
2026-07-10,452,코랄,COLOR,1,1,1,0,249,60,0.4016
2026-07-17,452,코랄,COLOR,1,1,1,0,332,101,0.3012
2026-08-27,702,코쿤,DETAIL,2,2,1,0,330,161,0.6061
2025-09-01,157,코트,ITEM,1,1,1,0,68,41,1.4706
2025-09-06,157,코트,ITEM,1,1,1,0,103,33,0.9709
2025-09-28,157,코트,ITEM,1,1,1,0,78,15,1.2821
2025-10-04,157,코트,ITEM,2,2,1,0,84,22,2.381
2025-10-17,157,코트,ITEM,1,1,1,0,45,13,2.2222
2025-10-20,157,코트,ITEM,2,2,1,0,16,12,12.5
2025-10-22,157,코트,ITEM,1,1,1,0,6,5,16.6667
2025-10-24,157,코트,ITEM,3,3,1,1,96,19,3.125
2025-10-25,157,코트,ITEM,3,3,1,0,48,21,6.25
2025-10-26,157,코트,ITEM,2,2,1,0,63,15,3.1746
2025-10-28,157,코트,ITEM,3,3,1,0,27,11,11.1111
2025-10-29,157,코트,ITEM,1,1,1,1,26,9,3.8462
2025-10-30,157,코트,ITEM,2,2,1,0,17,10,11.7647
2025-10-31,157,코트,ITEM,10,10,1,1,66,25,15.1515
2025-11-01,157,코트,ITEM,7,7,1,0,41,19,17.0732
2025-11-02,157,코트,ITEM,8,8,2,1,86,23,9.3023
2025-11-03,157,코트,ITEM,3,3,2,1,51,15,5.8824
2025-11-04,157,코트,ITEM,4,4,1,0,25,13,16.0
2025-11-06,157,코트,ITEM,5,5,1,0,32,11,15.625
2025-11-07,157,코트,ITEM,10,10,1,1,95,32,10.5263
2025-11-08,157,코트,ITEM,4,4,1,0,74,32,5.4054
2025-11-09,157,코트,ITEM,3,3,2,1,76,21,3.9474
2025-11-10,157,코트,ITEM,1,1,1,0,34,16,2.9412
2025-11-11,157,코트,ITEM,2,2,1,0,21,8,9.5238
2025-11-12,157,코트,ITEM,1,1,1,0,33,12,3.0303
2025-11-14,157,코트,ITEM,2,2,2,0,73,20,2.7397
2025-11-15,157,코트,ITEM,2,2,1,0,72,28,2.7778
2025-11-16,157,코트,ITEM,2,2,1,0,99,44,2.0202
2025-11-19,157,코트,ITEM,5,5,1,1,165,47,3.0303
2025-11-20,157,코트,ITEM,8,8,3,1,172,49,4.6512
2025-11-21,157,코트,ITEM,8,8,3,1,127,48,6.2992
2025-11-22,157,코트,ITEM,2,2,2,0,75,36,2.6667
2025-11-23,157,코트,ITEM,1,1,1,0,92,33,1.087
2025-11-24,157,코트,ITEM,2,2,1,0,52,33,3.8462
2025-11-25,157,코트,ITEM,2,2,2,0,50,29,4.0
2025-11-27,157,코트,ITEM,1,1,1,0,35,15,2.8571
2025-11-28,157,코트,ITEM,10,10,3,1,80,32,12.5
2025-11-29,157,코트,ITEM,5,5,1,0,64,24,7.8125
2025-11-30,157,코트,ITEM,2,2,2,0,72,27,2.7778
2025-12-01,157,코트,ITEM,4,4,1,0,29,14,13.7931
2025-12-02,157,코트,ITEM,23,23,3,3,123,66,18.6992
2025-12-03,157,코트,ITEM,17,17,4,0,93,52,18.2796
2025-12-04,157,코트,ITEM,7,7,3,0,67,41,10.4478
2025-12-05,157,코트,ITEM,3,3,3,0,88,46,3.4091
2025-12-06,157,코트,ITEM,2,2,2,0,91,53,2.1978
2025-12-08,157,코트,ITEM,3,3,2,0,42,28,7.1429
2025-12-10,157,코트,ITEM,2,2,2,0,17,11,11.7647
2025-12-11,157,코트,ITEM,8,8,2,1,33,17,24.2424
2025-12-12,157,코트,ITEM,4,4,1,0,27,17,14.8148
2025-12-13,157,코트,ITEM,2,2,1,0,28,20,7.1429
2025-12-14,157,코트,ITEM,2,2,1,0,8,6,25.0
2025-12-15,157,코트,ITEM,2,2,1,0,10,7,20.0
2025-12-16,157,코트,ITEM,2,2,2,0,8,7,25.0
2025-12-17,157,코트,ITEM,1,1,1,0,8,5,12.5
2025-12-19,157,코트,ITEM,2,2,1,0,67,36,2.9851
2025-12-21,157,코트,ITEM,2,2,2,1,92,38,2.1739
2025-12-22,157,코트,ITEM,2,2,2,0,31,21,6.4516
2025-12-25,157,코트,ITEM,1,1,1,0,12,7,8.3333
2025-12-26,157,코트,ITEM,4,4,1,0,41,17,9.7561
2025-12-27,157,코트,ITEM,2,2,1,0,32,21,6.25
2025-12-28,157,코트,ITEM,2,2,2,0,16,11,12.5
2025-12-30,157,코트,ITEM,1,1,1,0,36,17,2.7778
2026-01-01,157,코트,ITEM,3,3,2,0,8,6,37.5
2026-01-02,157,코트,ITEM,2,2,1,0,103,31,1.9417
2026-01-03,157,코트,ITEM,1,1,1,0,71,37,1.4085
2026-01-11,157,코트,ITEM,2,2,1,0,29,17,6.8966
2026-01-16,157,코트,ITEM,5,5,1,1,108,22,4.6296
2026-01-17,157,코트,ITEM,3,3,2,0,143,78,2.0979
2026-01-18,157,코트,ITEM,3,3,2,0,53,29,5.6604
2026-01-20,157,코트,ITEM,1,1,1,0,57,25,1.7544
2026-01-24,157,코트,ITEM,2,2,2,0,62,34,3.2258
2026-01-28,157,코트,ITEM,3,3,3,0,29,13,10.3448
2026-01-29,157,코트,ITEM,1,1,1,1,60,12,1.6667
2026-01-31,157,코트,ITEM,1,1,1,0,44,32,2.2727
2026-02-01,157,코트,ITEM,1,1,1,1,83,43,1.2048
2026-02-05,157,코트,ITEM,9,9,2,1,39,26,23.0769
2026-02-06,157,코트,ITEM,8,8,1,0,65,32,12.3077
2026-02-07,157,코트,ITEM,3,3,2,1,115,57,2.6087
2026-02-08,157,코트,ITEM,3,3,2,0,25,22,12.0
2026-02-27,157,코트,ITEM,1,1,1,0,156,44,0.641
2026-03-01,157,코트,ITEM,1,1,1,1,144,46,0.6944
2026-03-02,157,코트,ITEM,1,1,1,0,49,31,2.0408
2026-03-03,157,코트,ITEM,1,1,1,0,61,35,1.6393
2026-03-04,157,코트,ITEM,1,1,1,0,159,65,0.6289
2026-03-05,157,코트,ITEM,1,1,1,1,64,22,1.5625
2026-03-06,157,코트,ITEM,4,4,2,0,203,70,1.9704
2026-03-08,157,코트,ITEM,1,1,1,1,71,37,1.4085
2026-03-14,157,코트,ITEM,1,1,1,0,37,12,2.7027
2026-04-05,157,코트,ITEM,1,1,1,1,129,44,0.7752
2026-04-06,157,코트,ITEM,1,1,1,0,39,22,2.5641
2026-06-10,157,코트,ITEM,2,2,2,1,345,160,0.5797
2026-06-11,157,코트,ITEM,1,1,1,0,239,114,0.4184
2026-07-04,157,코트,ITEM,2,2,1,0,306,114,0.6536
2026-07-08,157,코트,ITEM,1,1,1,0,112,58,0.8929
2026-07-19,157,코트,ITEM,1,1,1,1,670,210,0.1493
2026-07-20,157,코트,ITEM,1,1,1,1,386,140,0.2591
2026-07-22,157,코트,ITEM,6,6,1,1,244,112,2.459
2026-07-26,157,코트,ITEM,2,2,2,0,338,132,0.5917
2026-07-29,157,코트,ITEM,1,1,1,0,238,113,0.4202
2026-08-02,157,코트,ITEM,2,2,2,1,250,101,0.8
2026-08-04,157,코트,ITEM,1,1,1,1,225,88,0.4444
2026-08-08,157,코트,ITEM,1,1,1,0,143,57,0.6993
2026-08-11,157,코트,ITEM,3,3,1,1,383,116,0.7833
2026-08-12,157,코트,ITEM,2,2,1,0,194,92,1.0309
2026-08-13,157,코트,ITEM,2,2,2,0,223,94,0.8969
2026-08-16,157,코트,ITEM,1,1,1,1,232,98,0.431
2026-08-18,157,코트,ITEM,1,1,1,0,303,163,0.33
2026-08-19,157,코트,ITEM,1,1,1,1,219,95,0.4566
2026-08-23,157,코트,ITEM,1,1,1,1,472,218,0.2119
2026-08-25,157,코트,ITEM,2,2,1,0,405,202,0.4938
2026-08-26,157,코트,ITEM,16,16,2,1,424,195,3.7736
2026-08-27,157,코트,ITEM,15,15,1,0,330,161,4.5455
2026-08-28,157,코트,ITEM,5,5,2,0,414,157,1.2077
2026-08-29,157,코트,ITEM,2,2,1,0,316,144,0.6329
2026-08-30,157,코트,ITEM,4,4,4,0,735,303,0.5442
2026-09-01,157,코트,ITEM,2,2,2,1,601,253,0.3328
2026-09-04,157,코트,ITEM,3,3,1,0,482,221,0.6224
2026-09-05,157,코트,ITEM,5,5,3,1,563,234,0.8881
2026-09-06,157,코트,ITEM,4,4,3,0,858,363,0.4662
2026-09-07,157,코트,ITEM,5,5,1,1,732,308,0.6831
2026-09-08,157,코트,ITEM,1,1,1,0,248,112,0.4032
2025-09-05,602,코튼,MATERIAL,2,2,1,1,87,25,2.2989
2025-09-22,602,코튼,MATERIAL,1,1,1,0,30,17,3.3333
2025-09-28,602,코튼,MATERIAL,1,1,1,1,78,15,1.2821
2025-10-03,602,코튼,MATERIAL,1,1,1,1,103,20,0.9709
2025-10-12,602,코튼,MATERIAL,1,1,1,1,76,22,1.3158
2025-10-17,602,코튼,MATERIAL,1,1,1,1,45,13,2.2222
2025-10-28,602,코튼,MATERIAL,1,1,1,0,27,11,3.7037
2025-11-02,602,코튼,MATERIAL,1,1,1,1,86,23,1.1628
2025-11-03,602,코튼,MATERIAL,1,1,1,1,51,15,1.9608
2025-11-17,602,코튼,MATERIAL,1,1,1,1,60,30,1.6667
2025-11-19,602,코튼,MATERIAL,1,1,1,1,165,47,0.6061
2025-11-20,602,코튼,MATERIAL,1,1,1,1,172,49,0.5814
2025-12-07,602,코튼,MATERIAL,1,1,1,1,120,49,0.8333
2026-01-04,602,코튼,MATERIAL,1,1,1,0,43,22,2.3256
2026-01-17,602,코튼,MATERIAL,1,1,1,0,143,78,0.6993
2026-01-19,602,코튼,MATERIAL,1,1,1,0,57,27,1.7544
2026-01-29,602,코튼,MATERIAL,1,1,1,1,60,12,1.6667
2026-02-05,602,코튼,MATERIAL,1,1,1,0,39,26,2.5641
2026-02-07,602,코튼,MATERIAL,1,1,1,0,115,57,0.8696
2026-02-10,602,코튼,MATERIAL,4,4,1,0,57,40,7.0175
2026-02-20,602,코튼,MATERIAL,1,1,1,1,152,39,0.6579
2026-02-24,602,코튼,MATERIAL,1,1,1,0,63,32,1.5873
2026-02-26,602,코튼,MATERIAL,1,1,1,0,56,33,1.7857
2026-03-10,602,코튼,MATERIAL,1,1,1,0,28,22,3.5714
2026-03-15,602,코튼,MATERIAL,1,1,1,1,87,29,1.1494
2026-03-16,602,코튼,MATERIAL,1,1,1,1,83,23,1.2048
2026-03-17,602,코튼,MATERIAL,1,1,1,1,76,20,1.3158
2026-03-22,602,코튼,MATERIAL,2,2,1,1,158,62,1.2658
2026-03-26,602,코튼,MATERIAL,1,1,1,1,154,65,0.6494
2026-04-01,602,코튼,MATERIAL,1,1,1,1,43,22,2.3256
2026-04-02,602,코튼,MATERIAL,1,1,1,0,103,44,0.9709
2026-04-11,602,코튼,MATERIAL,1,1,1,0,80,37,1.25
2026-04-16,602,코튼,MATERIAL,1,1,1,1,41,12,2.439
2026-04-18,602,코튼,MATERIAL,2,2,2,2,168,63,1.1905
2026-04-19,602,코튼,MATERIAL,9,9,2,2,286,115,3.1469
2026-04-20,602,코튼,MATERIAL,8,8,2,1,238,90,3.3613
2026-04-21,602,코튼,MATERIAL,1,1,1,0,58,30,1.7241
2026-04-22,602,코튼,MATERIAL,7,7,2,1,63,26,11.1111
2026-04-23,602,코튼,MATERIAL,4,4,1,0,116,64,3.4483
2026-04-24,602,코튼,MATERIAL,2,2,1,0,49,31,4.0816
2026-04-27,602,코튼,MATERIAL,1,1,1,1,175,75,0.5714
2026-05-01,602,코튼,MATERIAL,1,1,1,1,82,24,1.2195
2026-05-03,602,코튼,MATERIAL,2,2,2,2,150,45,1.3333
2026-05-05,602,코튼,MATERIAL,3,3,2,2,121,55,2.4793
2026-05-06,602,코튼,MATERIAL,5,5,2,1,95,40,5.2632
2026-05-07,602,코튼,MATERIAL,1,1,1,0,60,37,1.6667
2026-05-08,602,코튼,MATERIAL,1,1,1,0,46,32,2.1739
2026-05-10,602,코튼,MATERIAL,2,2,1,0,34,21,5.8824
2026-05-11,602,코튼,MATERIAL,2,2,2,1,111,47,1.8018
2026-05-12,602,코튼,MATERIAL,3,3,2,1,134,52,2.2388
2026-05-13,602,코튼,MATERIAL,3,3,3,2,137,56,2.1898
2026-05-14,602,코튼,MATERIAL,1,1,1,1,271,108,0.369
2026-05-17,602,코튼,MATERIAL,1,1,1,1,166,82,0.6024
2026-05-18,602,코튼,MATERIAL,2,2,1,0,146,74,1.3699
2026-05-19,602,코튼,MATERIAL,1,1,1,0,39,23,2.5641
2026-05-20,602,코튼,MATERIAL,2,2,2,1,244,80,0.8197
2026-05-21,602,코튼,MATERIAL,1,1,1,1,270,85,0.3704
2026-05-22,602,코튼,MATERIAL,3,3,3,2,227,77,1.3216
2026-05-23,602,코튼,MATERIAL,2,2,2,2,331,93,0.6042
2026-05-24,602,코튼,MATERIAL,2,2,2,2,297,121,0.6734
2026-05-25,602,코튼,MATERIAL,6,6,4,3,400,155,1.5
2026-05-26,602,코튼,MATERIAL,1,1,1,1,189,90,0.5291
2026-05-27,602,코튼,MATERIAL,2,2,2,2,222,83,0.9009
2026-05-28,602,코튼,MATERIAL,5,5,3,2,228,103,2.193
2026-05-29,602,코튼,MATERIAL,1,1,1,1,188,59,0.5319
2026-05-31,602,코튼,MATERIAL,7,7,4,3,354,109,1.9774
2026-06-01,602,코튼,MATERIAL,5,5,4,2,360,160,1.3889
2026-06-02,602,코튼,MATERIAL,2,2,1,1,224,100,0.8929
2026-06-03,602,코튼,MATERIAL,3,3,3,2,222,94,1.3514
2026-06-05,602,코튼,MATERIAL,1,1,1,1,183,55,0.5464
2026-06-06,602,코튼,MATERIAL,1,1,1,1,336,108,0.2976
2026-06-07,602,코튼,MATERIAL,3,3,2,2,322,152,0.9317
2026-06-08,602,코튼,MATERIAL,5,5,5,2,380,152,1.3158
2026-06-09,602,코튼,MATERIAL,1,1,1,1,247,108,0.4049
2026-06-11,602,코튼,MATERIAL,4,4,4,2,239,114,1.6736
2026-06-12,602,코튼,MATERIAL,3,3,3,3,352,114,0.8523
2026-06-14,602,코튼,MATERIAL,9,9,6,6,529,186,1.7013
2026-06-15,602,코튼,MATERIAL,7,7,5,3,440,179,1.5909
2026-06-16,602,코튼,MATERIAL,8,8,5,5,465,184,1.7204
2026-06-17,602,코튼,MATERIAL,3,3,2,2,365,130,0.8219
2026-06-18,602,코튼,MATERIAL,4,4,3,2,286,139,1.3986
2026-06-19,602,코튼,MATERIAL,6,6,5,4,510,170,1.1765
2026-06-20,602,코튼,MATERIAL,3,3,3,3,422,169,0.7109
2026-06-21,602,코튼,MATERIAL,12,12,9,7,550,205,2.1818
2026-06-22,602,코튼,MATERIAL,5,5,5,2,455,179,1.0989
2026-06-23,602,코튼,MATERIAL,4,4,4,3,401,171,0.9975
2026-06-24,602,코튼,MATERIAL,3,3,3,1,369,145,0.813
2026-06-25,602,코튼,MATERIAL,2,2,2,2,162,75,1.2346
2026-06-26,602,코튼,MATERIAL,4,4,4,2,247,81,1.6194
2026-06-28,602,코튼,MATERIAL,3,3,2,2,327,109,0.9174
2026-06-30,602,코튼,MATERIAL,3,3,3,1,156,56,1.9231
2026-07-01,602,코튼,MATERIAL,6,6,5,4,261,93,2.2989
2026-07-02,602,코튼,MATERIAL,2,2,2,0,107,58,1.8692
2026-07-04,602,코튼,MATERIAL,3,3,3,3,306,114,0.9804
2026-07-05,602,코튼,MATERIAL,3,3,3,2,295,122,1.0169
2026-07-06,602,코튼,MATERIAL,1,1,1,0,204,85,0.4902
2026-07-07,602,코튼,MATERIAL,2,2,2,1,203,85,0.9852
2026-07-10,602,코튼,MATERIAL,3,3,3,3,249,60,1.2048
2026-07-11,602,코튼,MATERIAL,1,1,1,1,174,63,0.5747
2026-07-12,602,코튼,MATERIAL,2,2,2,1,314,141,0.6369
2026-07-14,602,코튼,MATERIAL,5,5,3,3,267,89,1.8727
2026-07-15,602,코튼,MATERIAL,1,1,1,1,265,87,0.3774
2026-07-16,602,코튼,MATERIAL,2,2,2,1,179,58,1.1173
2026-07-17,602,코튼,MATERIAL,5,5,5,3,332,101,1.506
2026-07-18,602,코튼,MATERIAL,1,1,1,1,429,155,0.2331
2026-07-19,602,코튼,MATERIAL,6,6,5,3,670,210,0.8955
2026-07-20,602,코튼,MATERIAL,3,3,2,2,386,140,0.7772
2026-07-21,602,코튼,MATERIAL,2,2,2,2,284,141,0.7042
2026-07-22,602,코튼,MATERIAL,1,1,1,1,244,112,0.4098
2026-07-23,602,코튼,MATERIAL,2,2,2,2,243,86,0.823
2026-07-25,602,코튼,MATERIAL,2,2,1,1,245,115,0.8163
2026-07-26,602,코튼,MATERIAL,4,4,2,2,338,132,1.1834
2026-07-27,602,코튼,MATERIAL,3,3,3,2,392,161,0.7653
2026-07-28,602,코튼,MATERIAL,4,4,2,1,262,125,1.5267
2026-07-29,602,코튼,MATERIAL,3,3,3,1,238,113,1.2605
2026-07-30,602,코튼,MATERIAL,2,2,2,1,249,101,0.8032
2026-07-31,602,코튼,MATERIAL,2,2,2,2,204,84,0.9804
2026-08-01,602,코튼,MATERIAL,2,2,2,1,277,115,0.722
2026-08-02,602,코튼,MATERIAL,4,4,3,2,250,101,1.6
2026-08-03,602,코튼,MATERIAL,2,2,2,1,257,111,0.7782
2026-08-05,602,코튼,MATERIAL,2,2,2,1,302,135,0.6623
2026-08-06,602,코튼,MATERIAL,3,3,3,2,284,112,1.0563
2026-08-07,602,코튼,MATERIAL,1,1,1,0,151,70,0.6623
2026-08-08,602,코튼,MATERIAL,2,2,2,0,143,57,1.3986
2026-08-09,602,코튼,MATERIAL,1,1,1,1,265,116,0.3774
2026-08-10,602,코튼,MATERIAL,2,2,2,1,244,105,0.8197
2026-08-11,602,코튼,MATERIAL,3,3,3,2,383,116,0.7833
2026-08-12,602,코튼,MATERIAL,1,1,1,1,194,92,0.5155
2026-08-13,602,코튼,MATERIAL,2,2,2,2,223,94,0.8969
2026-08-14,602,코튼,MATERIAL,1,1,1,1,159,54,0.6289
2026-08-15,602,코튼,MATERIAL,2,2,2,1,172,83,1.1628
2026-08-16,602,코튼,MATERIAL,2,2,1,1,232,98,0.8621
2026-08-17,602,코튼,MATERIAL,4,4,1,1,543,223,0.7366
2026-08-18,602,코튼,MATERIAL,1,1,1,0,303,163,0.33
2026-08-19,602,코튼,MATERIAL,3,3,3,1,219,95,1.3699
2026-08-20,602,코튼,MATERIAL,1,1,1,0,236,110,0.4237
2026-08-21,602,코튼,MATERIAL,2,2,2,0,235,105,0.8511
2026-08-22,602,코튼,MATERIAL,3,3,3,3,275,117,1.0909
2026-08-23,602,코튼,MATERIAL,3,3,2,1,472,218,0.6356
2026-08-24,602,코튼,MATERIAL,3,3,3,3,592,293,0.5068
2026-08-25,602,코튼,MATERIAL,1,1,1,0,405,202,0.2469
2026-08-26,602,코튼,MATERIAL,3,3,2,1,424,195,0.7075
2026-08-27,602,코튼,MATERIAL,1,1,1,0,330,161,0.303
2026-08-28,602,코튼,MATERIAL,3,3,2,2,414,157,0.7246
2026-08-29,602,코튼,MATERIAL,4,4,3,1,316,144,1.2658
2026-08-30,602,코튼,MATERIAL,12,12,6,4,735,303,1.6327
2026-08-31,602,코튼,MATERIAL,4,4,3,2,714,321,0.5602
2026-09-01,602,코튼,MATERIAL,10,10,6,5,601,253,1.6639
2026-09-02,602,코튼,MATERIAL,5,5,5,2,502,221,0.996
2026-09-03,602,코튼,MATERIAL,5,5,3,3,603,270,0.8292
2026-09-04,602,코튼,MATERIAL,12,12,5,2,482,221,2.4896
2026-09-05,602,코튼,MATERIAL,4,4,4,3,563,234,0.7105
2026-09-06,602,코튼,MATERIAL,9,9,8,6,858,363,1.049
2026-09-07,602,코튼,MATERIAL,12,12,7,4,732,308,1.6393
2026-09-08,602,코튼,MATERIAL,1,1,1,1,248,112,0.4032
2026-09-09,602,코튼,MATERIAL,4,4,4,4,170,7,2.3529
2025-09-05,783,크롭,DETAIL,1,1,1,1,87,25,1.1494
2025-09-19,783,크롭,DETAIL,1,1,1,1,106,25,0.9434
2025-10-28,783,크롭,DETAIL,1,1,1,0,27,11,3.7037
2026-03-08,783,크롭,DETAIL,1,1,1,0,71,37,1.4085
2026-03-12,783,크롭,DETAIL,1,1,1,0,22,15,4.5455
2026-03-13,783,크롭,DETAIL,1,1,1,0,26,18,3.8462
2026-03-15,783,크롭,DETAIL,4,4,3,2,87,29,4.5977
2026-03-30,783,크롭,DETAIL,1,1,1,0,49,29,2.0408
2026-04-12,783,크롭,DETAIL,1,1,1,0,29,19,3.4483
2026-04-19,783,크롭,DETAIL,2,2,1,0,286,115,0.6993
2026-04-20,783,크롭,DETAIL,1,1,1,1,238,90,0.4202
2026-05-01,783,크롭,DETAIL,1,1,1,1,82,24,1.2195
2026-05-03,783,크롭,DETAIL,1,1,1,0,150,45,0.6667
2026-05-09,783,크롭,DETAIL,2,2,1,0,71,29,2.8169
2026-05-13,783,크롭,DETAIL,1,1,1,1,137,56,0.7299
2026-05-14,783,크롭,DETAIL,7,7,2,0,271,108,2.583
2026-05-15,783,크롭,DETAIL,2,2,2,0,177,75,1.1299
2026-05-18,783,크롭,DETAIL,1,1,1,1,146,74,0.6849
2026-05-20,783,크롭,DETAIL,1,1,1,1,244,80,0.4098
2026-05-21,783,크롭,DETAIL,1,1,1,0,270,85,0.3704
2026-05-23,783,크롭,DETAIL,1,1,1,1,331,93,0.3021
2026-05-24,783,크롭,DETAIL,2,2,2,1,297,121,0.6734
2026-05-25,783,크롭,DETAIL,4,4,2,1,400,155,1.0
2026-05-26,783,크롭,DETAIL,1,1,1,0,189,90,0.5291
2026-05-27,783,크롭,DETAIL,3,3,2,1,222,83,1.3514
2026-05-28,783,크롭,DETAIL,1,1,1,0,228,103,0.4386
2026-05-29,783,크롭,DETAIL,1,1,1,0,188,59,0.5319
2026-05-31,783,크롭,DETAIL,4,4,1,1,354,109,1.1299
2026-06-01,783,크롭,DETAIL,1,1,1,0,360,160,0.2778
2026-06-02,783,크롭,DETAIL,3,3,2,0,224,100,1.3393
2026-06-03,783,크롭,DETAIL,2,2,2,0,222,94,0.9009
2026-06-04,783,크롭,DETAIL,1,1,1,0,137,74,0.7299
2026-06-06,783,크롭,DETAIL,4,4,2,0,336,108,1.1905
2026-06-07,783,크롭,DETAIL,4,4,4,2,322,152,1.2422
2026-06-08,783,크롭,DETAIL,4,4,4,2,380,152,1.0526
2026-06-09,783,크롭,DETAIL,1,1,1,0,247,108,0.4049
2026-06-10,783,크롭,DETAIL,1,1,1,0,345,160,0.2899
2026-06-11,783,크롭,DETAIL,4,4,1,1,239,114,1.6736
2026-06-12,783,크롭,DETAIL,8,8,3,2,352,114,2.2727
2026-06-13,783,크롭,DETAIL,2,2,2,1,267,107,0.7491
2026-06-14,783,크롭,DETAIL,6,6,5,3,529,186,1.1342
2026-06-15,783,크롭,DETAIL,5,5,4,2,440,179,1.1364
2026-06-16,783,크롭,DETAIL,11,11,5,4,465,184,2.3656
2026-06-17,783,크롭,DETAIL,1,1,1,1,365,130,0.274
2026-06-18,783,크롭,DETAIL,3,3,2,2,286,139,1.049
2026-06-19,783,크롭,DETAIL,3,3,2,2,510,170,0.5882
2026-06-20,783,크롭,DETAIL,2,2,2,1,422,169,0.4739
2026-06-21,783,크롭,DETAIL,6,6,6,1,550,205,1.0909
2026-06-22,783,크롭,DETAIL,3,3,3,1,455,179,0.6593
2026-06-23,783,크롭,DETAIL,3,3,2,0,401,171,0.7481
2026-06-24,783,크롭,DETAIL,2,2,2,0,369,145,0.542
2026-06-26,783,크롭,DETAIL,1,1,1,1,247,81,0.4049
2026-06-28,783,크롭,DETAIL,1,1,1,1,327,109,0.3058
2026-06-29,783,크롭,DETAIL,1,1,1,0,182,100,0.5495
2026-06-30,783,크롭,DETAIL,1,1,1,1,156,56,0.641
2026-07-01,783,크롭,DETAIL,2,2,2,0,261,93,0.7663
2026-07-04,783,크롭,DETAIL,4,4,2,2,306,114,1.3072
2026-07-05,783,크롭,DETAIL,1,1,1,0,295,122,0.339
2026-07-06,783,크롭,DETAIL,3,3,2,1,204,85,1.4706
2026-07-07,783,크롭,DETAIL,1,1,1,1,203,85,0.4926
2026-07-13,783,크롭,DETAIL,3,3,3,2,382,151,0.7853
2026-07-14,783,크롭,DETAIL,2,2,2,1,267,89,0.7491
2026-07-16,783,크롭,DETAIL,2,2,1,1,179,58,1.1173
2026-07-19,783,크롭,DETAIL,2,2,2,1,670,210,0.2985
2026-07-20,783,크롭,DETAIL,1,1,1,0,386,140,0.2591
2026-07-21,783,크롭,DETAIL,3,3,3,0,284,141,1.0563
2026-07-22,783,크롭,DETAIL,4,4,4,0,244,112,1.6393
2026-07-23,783,크롭,DETAIL,1,1,1,1,243,86,0.4115
2026-07-25,783,크롭,DETAIL,1,1,1,1,245,115,0.4082
2026-07-26,783,크롭,DETAIL,2,2,2,0,338,132,0.5917
2026-07-29,783,크롭,DETAIL,1,1,1,0,238,113,0.4202
2026-07-30,783,크롭,DETAIL,2,2,2,1,249,101,0.8032
2026-07-31,783,크롭,DETAIL,1,1,1,1,204,84,0.4902
2026-08-01,783,크롭,DETAIL,1,1,1,0,277,115,0.361
2026-08-04,783,크롭,DETAIL,2,2,2,1,225,88,0.8889
2026-08-10,783,크롭,DETAIL,3,3,3,1,244,105,1.2295
2026-08-12,783,크롭,DETAIL,2,2,2,0,194,92,1.0309
2026-08-13,783,크롭,DETAIL,1,1,1,0,223,94,0.4484
2026-08-14,783,크롭,DETAIL,1,1,1,1,159,54,0.6289
2026-08-17,783,크롭,DETAIL,1,1,1,0,543,223,0.1842
2026-08-18,783,크롭,DETAIL,2,2,2,0,303,163,0.6601
2026-08-19,783,크롭,DETAIL,4,4,2,0,219,95,1.8265
2026-08-20,783,크롭,DETAIL,6,6,3,2,236,110,2.5424
2026-08-21,783,크롭,DETAIL,2,2,1,0,235,105,0.8511
2026-08-22,783,크롭,DETAIL,1,1,1,0,275,117,0.3636
2026-08-23,783,크롭,DETAIL,5,5,3,1,472,218,1.0593
2026-08-24,783,크롭,DETAIL,4,4,3,1,592,293,0.6757
2026-08-25,783,크롭,DETAIL,2,2,2,0,405,202,0.4938
2026-08-26,783,크롭,DETAIL,4,4,2,0,424,195,0.9434
2026-08-27,783,크롭,DETAIL,4,4,4,0,330,161,1.2121
2026-08-28,783,크롭,DETAIL,3,3,3,1,414,157,0.7246
2026-08-29,783,크롭,DETAIL,2,2,2,0,316,144,0.6329
2026-08-30,783,크롭,DETAIL,5,5,5,1,735,303,0.6803
2026-08-31,783,크롭,DETAIL,2,2,2,1,714,321,0.2801
2026-09-01,783,크롭,DETAIL,6,6,4,1,601,253,0.9983
2026-09-02,783,크롭,DETAIL,7,7,7,3,502,221,1.3944
2026-09-03,783,크롭,DETAIL,2,2,2,1,603,270,0.3317
2026-09-04,783,크롭,DETAIL,3,3,3,0,482,221,0.6224
2026-09-06,783,크롭,DETAIL,2,2,2,0,858,363,0.2331
2026-09-07,783,크롭,DETAIL,6,6,2,0,732,308,0.8197
2026-09-08,783,크롭,DETAIL,1,1,1,0,248,112,0.4032
2026-09-09,783,크롭,DETAIL,2,2,2,2,170,7,1.1765
2025-09-26,434,크림,COLOR,2,2,1,1,76,18,2.6316
2025-10-10,434,크림,COLOR,1,1,1,0,80,23,1.25
2025-10-23,434,크림,COLOR,1,1,1,0,25,14,4.0
2025-10-26,434,크림,COLOR,1,1,1,1,63,15,1.5873
2025-11-07,434,크림,COLOR,1,1,1,0,95,32,1.0526
2025-11-19,434,크림,COLOR,2,2,1,1,165,47,1.2121
2025-11-21,434,크림,COLOR,1,1,1,0,127,48,0.7874
2025-11-28,434,크림,COLOR,3,3,1,1,80,32,3.75
2025-11-29,434,크림,COLOR,2,2,1,0,64,24,3.125
2025-11-30,434,크림,COLOR,3,3,1,0,72,27,4.1667
2025-12-01,434,크림,COLOR,1,1,1,0,29,14,3.4483
2025-12-11,434,크림,COLOR,1,1,1,0,33,17,3.0303
2025-12-12,434,크림,COLOR,1,1,1,0,27,17,3.7037
2025-12-23,434,크림,COLOR,1,1,1,1,50,24,2.0
2026-01-29,434,크림,COLOR,1,1,1,1,60,12,1.6667
2026-02-20,434,크림,COLOR,1,1,1,1,152,39,0.6579
2026-02-26,434,크림,COLOR,1,1,1,0,56,33,1.7857
2026-03-01,434,크림,COLOR,1,1,1,1,144,46,0.6944
2026-03-04,434,크림,COLOR,1,1,1,1,159,65,0.6289
2026-03-06,434,크림,COLOR,1,1,1,1,203,70,0.4926
2026-03-07,434,크림,COLOR,1,1,1,0,82,41,1.2195
2026-03-15,434,크림,COLOR,1,1,1,1,87,29,1.1494
2026-03-17,434,크림,COLOR,2,2,1,0,76,20,2.6316
2026-03-26,434,크림,COLOR,7,7,2,1,154,65,4.5455
2026-03-27,434,크림,COLOR,4,4,1,0,124,47,3.2258
2026-03-28,434,크림,COLOR,1,1,1,0,23,9,4.3478
2026-03-31,434,크림,COLOR,1,1,1,0,70,26,1.4286
2026-04-02,434,크림,COLOR,4,4,2,1,103,44,3.8835
2026-04-03,434,크림,COLOR,6,6,3,1,69,31,8.6957
2026-04-04,434,크림,COLOR,9,9,1,0,58,37,15.5172
2026-04-05,434,크림,COLOR,3,3,1,0,129,44,2.3256
2026-04-06,434,크림,COLOR,2,2,1,0,39,22,5.1282
2026-04-09,434,크림,COLOR,3,3,1,0,43,30,6.9767
2026-04-10,434,크림,COLOR,1,1,1,0,37,22,2.7027
2026-05-01,434,크림,COLOR,1,1,1,1,82,24,1.2195
2026-05-12,434,크림,COLOR,2,2,1,1,134,52,1.4925
2026-05-13,434,크림,COLOR,1,1,1,1,137,56,0.7299
2026-05-18,434,크림,COLOR,1,1,1,0,146,74,0.6849
2026-05-21,434,크림,COLOR,1,1,1,1,270,85,0.3704
2026-05-22,434,크림,COLOR,1,1,1,1,227,77,0.4405
2026-05-23,434,크림,COLOR,1,1,1,1,331,93,0.3021
2026-05-26,434,크림,COLOR,1,1,1,0,189,90,0.5291
2026-05-31,434,크림,COLOR,1,1,1,1,354,109,0.2825
2026-06-01,434,크림,COLOR,1,1,1,1,360,160,0.2778
2026-06-06,434,크림,COLOR,1,1,1,0,336,108,0.2976
2026-06-07,434,크림,COLOR,2,2,2,0,322,152,0.6211
2026-06-08,434,크림,COLOR,2,2,2,1,380,152,0.5263
2026-06-09,434,크림,COLOR,3,3,1,0,247,108,1.2146
2026-06-10,434,크림,COLOR,1,1,1,1,345,160,0.2899
2026-06-11,434,크림,COLOR,1,1,1,0,239,114,0.4184
2026-06-12,434,크림,COLOR,2,2,1,1,352,114,0.5682
2026-06-13,434,크림,COLOR,3,3,2,1,267,107,1.1236
2026-06-14,434,크림,COLOR,2,2,2,0,529,186,0.3781
2026-06-15,434,크림,COLOR,2,2,1,1,440,179,0.4545
2026-06-16,434,크림,COLOR,3,3,3,3,465,184,0.6452
2026-06-17,434,크림,COLOR,1,1,1,0,365,130,0.274
2026-06-19,434,크림,COLOR,3,3,2,2,510,170,0.5882
2026-06-20,434,크림,COLOR,1,1,1,0,422,169,0.237
2026-06-21,434,크림,COLOR,3,3,3,3,550,205,0.5455
2026-06-22,434,크림,COLOR,2,2,1,1,455,179,0.4396
2026-06-23,434,크림,COLOR,2,2,1,1,401,171,0.4988
2026-06-25,434,크림,COLOR,1,1,1,0,162,75,0.6173
2026-06-26,434,크림,COLOR,1,1,1,1,247,81,0.4049
2026-06-28,434,크림,COLOR,3,3,1,1,327,109,0.9174
2026-06-29,434,크림,COLOR,3,3,2,0,182,100,1.6484
2026-07-01,434,크림,COLOR,1,1,1,1,261,93,0.3831
2026-07-02,434,크림,COLOR,1,1,1,0,107,58,0.9346
2026-07-04,434,크림,COLOR,1,1,1,1,306,114,0.3268
2026-07-06,434,크림,COLOR,1,1,1,1,204,85,0.4902
2026-07-07,434,크림,COLOR,1,1,1,1,203,85,0.4926
2026-07-10,434,크림,COLOR,1,1,1,1,249,60,0.4016
2026-07-13,434,크림,COLOR,2,2,2,2,382,151,0.5236
2026-07-16,434,크림,COLOR,1,1,1,0,179,58,0.5587
2026-07-17,434,크림,COLOR,2,2,2,1,332,101,0.6024
2026-07-18,434,크림,COLOR,1,1,1,0,429,155,0.2331
2026-07-19,434,크림,COLOR,1,1,1,0,670,210,0.1493
2026-08-04,434,크림,COLOR,1,1,1,0,225,88,0.4444
2026-08-06,434,크림,COLOR,1,1,1,0,284,112,0.3521
2026-08-12,434,크림,COLOR,1,1,1,1,194,92,0.5155
2026-08-14,434,크림,COLOR,1,1,1,1,159,54,0.6289
2026-08-16,434,크림,COLOR,1,1,1,1,232,98,0.431
2026-08-17,434,크림,COLOR,2,2,2,0,543,223,0.3683
2026-08-20,434,크림,COLOR,1,1,1,1,236,110,0.4237
2026-08-23,434,크림,COLOR,1,1,1,0,472,218,0.2119
2026-08-24,434,크림,COLOR,2,2,2,0,592,293,0.3378
2026-08-25,434,크림,COLOR,1,1,1,1,405,202,0.2469
2026-08-26,434,크림,COLOR,2,2,2,1,424,195,0.4717
2026-08-29,434,크림,COLOR,1,1,1,1,316,144,0.3165
2026-08-30,434,크림,COLOR,4,4,2,0,735,303,0.5442
2026-08-31,434,크림,COLOR,1,1,1,1,714,321,0.1401
2026-09-03,434,크림,COLOR,2,2,2,2,603,270,0.3317
2026-09-05,434,크림,COLOR,1,1,1,1,563,234,0.1776
2026-09-06,434,크림,COLOR,1,1,1,0,858,363,0.1166
2026-09-09,434,크림,COLOR,1,1,1,1,170,7,0.5882
2025-12-05,583,테리,MATERIAL,1,1,1,1,88,46,1.1364
2026-06-25,583,테리,MATERIAL,1,1,1,1,162,75,0.6173
2026-07-06,583,테리,MATERIAL,1,1,1,1,204,85,0.4902
2026-07-07,583,테리,MATERIAL,2,2,1,0,203,85,0.9852
2026-07-17,583,테리,MATERIAL,1,1,1,1,332,101,0.3012
2026-07-19,583,테리,MATERIAL,1,1,1,0,670,210,0.1493
2026-07-29,583,테리,MATERIAL,1,1,1,1,238,113,0.4202
2026-07-31,583,테리,MATERIAL,1,1,1,1,204,84,0.4902
2026-08-20,583,테리,MATERIAL,1,1,1,1,236,110,0.4237
2026-08-24,583,테리,MATERIAL,1,1,1,1,592,293,0.1689
2026-08-25,583,테리,MATERIAL,1,1,1,0,405,202,0.2469
2025-09-24,553,텐셀,MATERIAL,1,1,1,1,43,14,2.3256
2026-01-16,553,텐셀,MATERIAL,3,3,1,1,108,22,2.7778
2026-03-04,553,텐셀,MATERIAL,1,1,1,1,159,65,0.6289
2026-03-26,553,텐셀,MATERIAL,1,1,1,0,154,65,0.6494
2026-04-05,553,텐셀,MATERIAL,3,3,1,1,129,44,2.3256
2026-04-19,553,텐셀,MATERIAL,1,1,1,1,286,115,0.3497
2026-04-27,553,텐셀,MATERIAL,2,2,2,2,175,75,1.1429
2026-05-03,553,텐셀,MATERIAL,3,3,2,1,150,45,2.0
2026-05-17,553,텐셀,MATERIAL,1,1,1,1,166,82,0.6024
2026-05-21,553,텐셀,MATERIAL,1,1,1,1,270,85,0.3704
2026-05-23,553,텐셀,MATERIAL,2,2,1,1,331,93,0.6042
2026-05-24,553,텐셀,MATERIAL,1,1,1,0,297,121,0.3367
2026-05-25,553,텐셀,MATERIAL,1,1,1,0,400,155,0.25
2026-05-27,553,텐셀,MATERIAL,2,2,1,1,222,83,0.9009
2026-05-30,553,텐셀,MATERIAL,1,1,1,1,234,83,0.4274
2026-06-07,553,텐셀,MATERIAL,2,2,1,1,322,152,0.6211
2026-06-09,553,텐셀,MATERIAL,1,1,1,1,247,108,0.4049
2026-06-11,553,텐셀,MATERIAL,1,1,1,0,239,114,0.4184
2026-06-16,553,텐셀,MATERIAL,1,1,1,1,465,184,0.2151
2026-06-18,553,텐셀,MATERIAL,1,1,1,0,286,139,0.3497
2026-06-24,553,텐셀,MATERIAL,1,1,1,0,369,145,0.271
2026-06-27,553,텐셀,MATERIAL,1,1,1,1,214,76,0.4673
2026-06-28,553,텐셀,MATERIAL,1,1,1,1,327,109,0.3058
2026-07-02,553,텐셀,MATERIAL,1,1,1,0,107,58,0.9346
2026-07-04,553,텐셀,MATERIAL,1,1,1,1,306,114,0.3268
2026-07-19,553,텐셀,MATERIAL,9,9,1,1,670,210,1.3433
2026-07-20,553,텐셀,MATERIAL,2,2,1,0,386,140,0.5181
2026-07-23,553,텐셀,MATERIAL,1,1,1,0,243,86,0.4115
2026-07-26,553,텐셀,MATERIAL,1,1,1,1,338,132,0.2959
2026-07-27,553,텐셀,MATERIAL,1,1,1,0,392,161,0.2551
2026-07-28,553,텐셀,MATERIAL,1,1,1,1,262,125,0.3817
2026-07-31,553,텐셀,MATERIAL,2,2,2,1,204,84,0.9804
2026-08-01,553,텐셀,MATERIAL,3,3,1,0,277,115,1.083
2026-08-03,553,텐셀,MATERIAL,1,1,1,0,257,111,0.3891
2026-08-04,553,텐셀,MATERIAL,1,1,1,1,225,88,0.4444
2026-08-05,553,텐셀,MATERIAL,2,2,2,0,302,135,0.6623
2026-08-06,553,텐셀,MATERIAL,1,1,1,0,284,112,0.3521
2026-08-07,553,텐셀,MATERIAL,3,3,1,0,151,70,1.9868
2026-08-08,553,텐셀,MATERIAL,1,1,1,1,143,57,0.6993
2026-08-12,553,텐셀,MATERIAL,1,1,1,0,194,92,0.5155
2026-08-14,553,텐셀,MATERIAL,1,1,1,1,159,54,0.6289
2026-08-17,553,텐셀,MATERIAL,1,1,1,1,543,223,0.1842
2026-08-18,553,텐셀,MATERIAL,1,1,1,0,303,163,0.33
2026-08-21,553,텐셀,MATERIAL,1,1,1,0,235,105,0.4255
2026-08-28,553,텐셀,MATERIAL,1,1,1,1,414,157,0.2415
2026-08-30,553,텐셀,MATERIAL,2,2,1,1,735,303,0.2721
2026-08-31,553,텐셀,MATERIAL,1,1,1,1,714,321,0.1401
2026-09-03,553,텐셀,MATERIAL,1,1,1,1,603,270,0.1658
2026-09-05,553,텐셀,MATERIAL,2,2,2,1,563,234,0.3552
2026-09-09,553,텐셀,MATERIAL,1,1,1,1,170,7,0.5882
2025-09-19,539,트윌,MATERIAL,1,1,1,1,106,25,0.9434
2025-11-02,539,트윌,MATERIAL,1,1,1,1,86,23,1.1628
2026-08-17,539,트윌,MATERIAL,2,2,1,1,543,223,0.3683
2026-08-20,539,트윌,MATERIAL,1,1,1,0,236,110,0.4237
2025-11-03,158,파카,ITEM,1,1,1,1,51,15,1.9608
2025-11-09,158,파카,ITEM,1,1,1,1,76,21,1.3158
2025-11-12,158,파카,ITEM,1,1,1,1,33,12,3.0303
2025-11-23,158,파카,ITEM,3,3,1,1,92,33,3.2609
2025-12-04,158,파카,ITEM,2,2,1,0,67,41,2.9851
2025-12-05,158,파카,ITEM,1,1,1,0,88,46,1.1364
2025-12-06,158,파카,ITEM,1,1,1,0,91,53,1.0989
2025-12-27,158,파카,ITEM,6,6,1,1,32,21,18.75
2025-12-28,158,파카,ITEM,2,2,1,0,16,11,12.5
2026-01-02,158,파카,ITEM,1,1,1,1,103,31,0.9709
2026-01-12,158,파카,ITEM,1,1,1,0,5,5,20.0
2026-01-14,158,파카,ITEM,2,2,1,0,5,5,40.0
2026-01-17,158,파카,ITEM,1,1,1,0,143,78,0.6993
2026-01-20,158,파카,ITEM,1,1,1,1,57,25,1.7544
2026-01-21,158,파카,ITEM,1,1,1,0,22,16,4.5455
2026-02-07,158,파카,ITEM,3,3,1,1,115,57,2.6087
2026-02-24,158,파카,ITEM,1,1,1,0,63,32,1.5873
2026-03-05,158,파카,ITEM,5,5,1,1,64,22,7.8125
2026-03-06,158,파카,ITEM,5,5,1,0,203,70,2.4631
2026-03-07,158,파카,ITEM,1,1,1,1,82,41,1.2195
2026-03-08,158,파카,ITEM,1,1,1,0,71,37,1.4085
2026-03-09,158,파카,ITEM,1,1,1,1,37,18,2.7027
2026-03-10,158,파카,ITEM,1,1,1,0,28,22,3.5714
2026-03-13,158,파카,ITEM,1,1,1,0,26,18,3.8462
2026-03-14,158,파카,ITEM,2,2,1,0,37,12,5.4054
2026-03-16,158,파카,ITEM,1,1,1,1,83,23,1.2048
2026-03-19,158,파카,ITEM,1,1,1,0,89,60,1.1236
2026-03-20,158,파카,ITEM,1,1,1,0,44,13,2.2727
2026-03-22,158,파카,ITEM,1,1,1,1,158,62,0.6329
2026-03-24,158,파카,ITEM,1,1,1,0,70,41,1.4286
2026-03-31,158,파카,ITEM,1,1,1,1,70,26,1.4286
2026-04-09,158,파카,ITEM,1,1,1,0,43,30,2.3256
2026-04-17,158,파카,ITEM,1,1,1,0,22,9,4.5455
2026-07-12,158,파카,ITEM,1,1,1,1,314,141,0.3185
2026-07-19,158,파카,ITEM,1,1,1,1,670,210,0.1493
2026-07-22,158,파카,ITEM,1,1,1,0,244,112,0.4098
2026-08-05,158,파카,ITEM,1,1,1,1,302,135,0.3311
2026-08-08,158,파카,ITEM,1,1,1,0,143,57,0.6993
2026-08-09,158,파카,ITEM,1,1,1,0,265,116,0.3774
2026-08-11,158,파카,ITEM,1,1,1,1,383,116,0.2611
2026-08-13,158,파카,ITEM,1,1,1,0,223,94,0.4484
2026-08-19,158,파카,ITEM,1,1,1,1,219,95,0.4566
2026-08-23,158,파카,ITEM,2,2,1,1,472,218,0.4237
2026-09-03,158,파카,ITEM,1,1,1,1,603,270,0.1658
2026-09-05,158,파카,ITEM,3,3,3,3,563,234,0.5329
2026-09-06,158,파카,ITEM,3,3,2,1,858,363,0.3497
2026-09-07,158,파카,ITEM,2,2,2,1,732,308,0.2732
2026-09-08,158,파카,ITEM,1,1,1,0,248,112,0.4032
2026-09-09,158,파카,ITEM,1,1,1,1,170,7,0.5882
2025-10-19,159,패딩,ITEM,1,1,1,0,46,13,2.1739
2025-10-24,159,패딩,ITEM,11,11,1,1,96,19,11.4583
2025-10-25,159,패딩,ITEM,7,7,1,0,48,21,14.5833
2025-10-26,159,패딩,ITEM,3,3,1,0,63,15,4.7619
2025-10-27,159,패딩,ITEM,3,3,1,0,24,12,12.5
2025-10-28,159,패딩,ITEM,4,4,1,0,27,11,14.8148
2025-10-29,159,패딩,ITEM,5,5,2,1,26,9,19.2308
2025-10-30,159,패딩,ITEM,4,4,1,0,17,10,23.5294
2025-10-31,159,패딩,ITEM,2,2,1,0,66,25,3.0303
2025-11-02,159,패딩,ITEM,1,1,1,1,86,23,1.1628
2025-11-05,159,패딩,ITEM,1,1,1,0,5,5,20.0
2025-11-07,159,패딩,ITEM,3,3,1,1,95,32,3.1579
2025-11-08,159,패딩,ITEM,1,1,1,0,74,32,1.3514
2025-11-09,159,패딩,ITEM,4,4,3,2,76,21,5.2632
2025-11-10,159,패딩,ITEM,5,5,2,1,34,16,14.7059
2025-11-13,159,패딩,ITEM,2,2,1,0,13,7,15.3846
2025-11-15,159,패딩,ITEM,2,2,2,0,72,28,2.7778
2025-11-16,159,패딩,ITEM,8,8,1,0,99,44,8.0808
2025-11-17,159,패딩,ITEM,2,2,2,0,60,30,3.3333
2025-11-18,159,패딩,ITEM,1,1,1,0,19,13,5.2632
2025-11-19,159,패딩,ITEM,4,4,3,1,165,47,2.4242
2025-11-20,159,패딩,ITEM,3,3,2,1,172,49,1.7442
2025-11-21,159,패딩,ITEM,12,12,2,1,127,48,9.4488
2025-11-22,159,패딩,ITEM,11,11,2,0,75,36,14.6667
2025-11-23,159,패딩,ITEM,6,6,3,0,92,33,6.5217
2025-11-24,159,패딩,ITEM,3,3,2,0,52,33,5.7692
2025-11-25,159,패딩,ITEM,1,1,1,0,50,29,2.0
2025-11-26,159,패딩,ITEM,1,1,1,0,29,14,3.4483
2025-11-27,159,패딩,ITEM,8,8,1,0,35,15,22.8571
2025-11-28,159,패딩,ITEM,7,7,2,1,80,32,8.75
2025-11-29,159,패딩,ITEM,1,1,1,0,64,24,1.5625
2025-11-30,159,패딩,ITEM,3,3,2,0,72,27,4.1667
2025-12-01,159,패딩,ITEM,1,1,1,0,29,14,3.4483
2025-12-02,159,패딩,ITEM,5,5,3,0,123,66,4.065
2025-12-03,159,패딩,ITEM,2,2,2,0,93,52,2.1505
2025-12-06,159,패딩,ITEM,1,1,1,0,91,53,1.0989
2025-12-08,159,패딩,ITEM,1,1,1,0,42,28,2.381
2025-12-12,159,패딩,ITEM,1,1,1,0,27,17,3.7037
2025-12-15,159,패딩,ITEM,1,1,1,0,10,7,10.0
2025-12-19,159,패딩,ITEM,19,19,1,1,67,36,28.3582
2025-12-20,159,패딩,ITEM,20,20,2,1,56,39,35.7143
2025-12-21,159,패딩,ITEM,10,10,4,0,92,38,10.8696
2025-12-22,159,패딩,ITEM,9,9,2,0,31,21,29.0323
2025-12-23,159,패딩,ITEM,4,4,2,0,50,24,8.0
2025-12-24,159,패딩,ITEM,1,1,1,0,22,11,4.5455
2025-12-25,159,패딩,ITEM,1,1,1,0,12,7,8.3333
2025-12-26,159,패딩,ITEM,1,1,1,0,41,17,2.439
2025-12-29,159,패딩,ITEM,1,1,1,0,3,3,33.3333
2025-12-30,159,패딩,ITEM,1,1,1,0,36,17,2.7778
2026-01-02,159,패딩,ITEM,8,8,1,1,103,31,7.767
2026-01-03,159,패딩,ITEM,11,11,1,0,71,37,15.493
2026-01-04,159,패딩,ITEM,4,4,1,0,43,22,9.3023
2026-01-07,159,패딩,ITEM,2,2,2,0,13,8,15.3846
2026-01-08,159,패딩,ITEM,1,1,1,0,21,8,4.7619
2026-01-10,159,패딩,ITEM,2,2,1,1,36,22,5.5556
2026-01-11,159,패딩,ITEM,1,1,1,0,29,17,3.4483
2026-01-15,159,패딩,ITEM,1,1,1,0,6,3,16.6667
2026-01-16,159,패딩,ITEM,1,1,1,1,108,22,0.9259
2026-01-17,159,패딩,ITEM,10,10,3,1,143,78,6.993
2026-01-18,159,패딩,ITEM,1,1,1,0,53,29,1.8868
2026-01-19,159,패딩,ITEM,3,3,3,0,57,27,5.2632
2026-01-20,159,패딩,ITEM,1,1,1,1,57,25,1.7544
2026-01-22,159,패딩,ITEM,1,1,1,0,17,8,5.8824
2026-01-23,159,패딩,ITEM,1,1,1,0,61,26,1.6393
2026-01-24,159,패딩,ITEM,1,1,1,0,62,34,1.6129
2026-01-25,159,패딩,ITEM,2,2,2,0,20,15,10.0
2026-01-31,159,패딩,ITEM,2,2,2,0,44,32,4.5455
2026-02-04,159,패딩,ITEM,2,2,2,0,9,6,22.2222
2026-02-08,159,패딩,ITEM,1,1,1,0,25,22,4.0
2026-02-11,159,패딩,ITEM,1,1,1,0,20,13,5.0
2026-02-21,159,패딩,ITEM,1,1,1,0,32,19,3.125
2026-02-22,159,패딩,ITEM,1,1,1,0,61,30,1.6393
2026-03-01,159,패딩,ITEM,1,1,1,1,144,46,0.6944
2026-03-03,159,패딩,ITEM,4,4,1,0,61,35,6.5574
2026-03-16,159,패딩,ITEM,1,1,1,0,83,23,1.2048
2026-03-19,159,패딩,ITEM,1,1,1,0,89,60,1.1236
2026-07-04,159,패딩,ITEM,6,6,1,1,306,114,1.9608
2026-07-05,159,패딩,ITEM,2,2,1,0,295,122,0.678
2026-07-09,159,패딩,ITEM,1,1,1,0,161,62,0.6211
2026-07-10,159,패딩,ITEM,1,1,1,1,249,60,0.4016
2026-07-18,159,패딩,ITEM,1,1,1,0,429,155,0.2331
2026-07-19,159,패딩,ITEM,1,1,1,1,670,210,0.1493
2026-07-27,159,패딩,ITEM,1,1,1,1,392,161,0.2551
2026-07-29,159,패딩,ITEM,1,1,1,0,238,113,0.4202
2026-08-01,159,패딩,ITEM,2,2,2,0,277,115,0.722
2026-08-04,159,패딩,ITEM,1,1,1,1,225,88,0.4444
2026-08-10,159,패딩,ITEM,1,1,1,0,244,105,0.4098
2026-08-11,159,패딩,ITEM,1,1,1,0,383,116,0.2611
2026-08-12,159,패딩,ITEM,1,1,1,0,194,92,0.5155
2026-08-16,159,패딩,ITEM,3,3,1,1,232,98,1.2931
2026-08-17,159,패딩,ITEM,2,2,1,0,543,223,0.3683
2026-08-18,159,패딩,ITEM,2,2,1,0,303,163,0.6601
2026-08-20,159,패딩,ITEM,1,1,1,1,236,110,0.4237
2026-08-21,159,패딩,ITEM,1,1,1,0,235,105,0.4255
2026-08-23,159,패딩,ITEM,1,1,1,1,472,218,0.2119
2026-08-24,159,패딩,ITEM,15,15,2,1,592,293,2.5338
2026-08-25,159,패딩,ITEM,11,11,1,0,405,202,2.716
2026-08-26,159,패딩,ITEM,2,2,1,0,424,195,0.4717
2026-08-28,159,패딩,ITEM,4,4,2,0,414,157,0.9662
2026-08-30,159,패딩,ITEM,10,10,3,1,735,303,1.3605
2026-08-31,159,패딩,ITEM,6,6,2,0,714,321,0.8403
2026-09-01,159,패딩,ITEM,2,2,2,0,601,253,0.3328
2026-09-02,159,패딩,ITEM,1,1,1,1,502,221,0.1992
2026-09-03,159,패딩,ITEM,5,5,2,2,603,270,0.8292
2026-09-04,159,패딩,ITEM,2,2,1,0,482,221,0.4149
2026-09-05,159,패딩,ITEM,3,3,2,0,563,234,0.5329
2026-09-06,159,패딩,ITEM,2,2,2,0,858,363,0.2331
2026-09-07,159,패딩,ITEM,2,2,1,0,732,308,0.2732
2026-09-08,159,패딩,ITEM,1,1,1,0,248,112,0.4032
2025-09-05,174,팬츠,ITEM,1,1,1,1,87,25,1.1494
2025-09-06,174,팬츠,ITEM,1,1,1,0,103,33,0.9709
2025-09-14,174,팬츠,ITEM,1,1,1,1,52,13,1.9231
2025-09-15,174,팬츠,ITEM,1,1,1,0,110,52,0.9091
2025-09-19,174,팬츠,ITEM,2,2,1,1,106,25,1.8868
2025-09-21,174,팬츠,ITEM,1,1,1,0,55,12,1.8182
2025-09-24,174,팬츠,ITEM,1,1,1,1,43,14,2.3256
2025-09-25,174,팬츠,ITEM,1,1,1,0,40,12,2.5
2025-09-26,174,팬츠,ITEM,1,1,1,1,76,18,1.3158
2025-09-28,174,팬츠,ITEM,1,1,1,1,78,15,1.2821
2025-10-01,174,팬츠,ITEM,1,1,1,0,23,7,4.3478
2025-10-03,174,팬츠,ITEM,1,1,1,1,103,20,0.9709
2025-10-04,174,팬츠,ITEM,2,2,1,0,84,22,2.381
2025-10-05,174,팬츠,ITEM,1,1,1,0,53,14,1.8868
2025-10-09,174,팬츠,ITEM,1,1,1,0,19,5,5.2632
2025-10-10,174,팬츠,ITEM,1,1,1,0,80,23,1.25
2025-10-12,174,팬츠,ITEM,1,1,1,1,76,22,1.3158
2025-10-24,174,팬츠,ITEM,1,1,1,1,96,19,1.0417
2025-10-26,174,팬츠,ITEM,1,1,1,1,63,15,1.5873
2025-10-31,174,팬츠,ITEM,2,2,1,0,66,25,3.0303
2025-11-02,174,팬츠,ITEM,2,2,2,2,86,23,2.3256
2025-11-03,174,팬츠,ITEM,1,1,1,1,51,15,1.9608
2025-11-07,174,팬츠,ITEM,1,1,1,1,95,32,1.0526
2025-11-08,174,팬츠,ITEM,1,1,1,0,74,32,1.3514
2025-11-09,174,팬츠,ITEM,1,1,1,1,76,21,1.3158
2025-11-10,174,팬츠,ITEM,1,1,1,0,34,16,2.9412
2025-11-14,174,팬츠,ITEM,1,1,1,0,73,20,1.3699
2025-11-15,174,팬츠,ITEM,1,1,1,0,72,28,1.3889
2025-11-16,174,팬츠,ITEM,3,3,2,1,99,44,3.0303
2025-11-19,174,팬츠,ITEM,1,1,1,1,165,47,0.6061
2025-11-21,174,팬츠,ITEM,1,1,1,1,127,48,0.7874
2025-11-23,174,팬츠,ITEM,2,2,1,1,92,33,2.1739
2025-11-25,174,팬츠,ITEM,2,2,1,0,50,29,4.0
2025-11-29,174,팬츠,ITEM,1,1,1,1,64,24,1.5625
2025-11-30,174,팬츠,ITEM,1,1,1,1,72,27,1.3889
2025-12-01,174,팬츠,ITEM,1,1,1,0,29,14,3.4483
2025-12-02,174,팬츠,ITEM,1,1,1,0,123,66,0.813
2025-12-03,174,팬츠,ITEM,5,5,1,0,93,52,5.3763
2025-12-04,174,팬츠,ITEM,6,6,2,0,67,41,8.9552
2025-12-05,174,팬츠,ITEM,5,5,2,1,88,46,5.6818
2025-12-06,174,팬츠,ITEM,12,12,3,0,91,53,13.1868
2025-12-07,174,팬츠,ITEM,8,8,4,1,120,49,6.6667
2025-12-08,174,팬츠,ITEM,2,2,1,0,42,28,4.7619
2025-12-10,174,팬츠,ITEM,1,1,1,0,17,11,5.8824
2025-12-11,174,팬츠,ITEM,2,2,1,0,33,17,6.0606
2025-12-13,174,팬츠,ITEM,1,1,1,0,28,20,3.5714
2025-12-16,174,팬츠,ITEM,1,1,1,0,8,7,12.5
2025-12-18,174,팬츠,ITEM,1,1,1,0,8,6,12.5
2025-12-19,174,팬츠,ITEM,2,2,1,0,67,36,2.9851
2025-12-20,174,팬츠,ITEM,2,2,2,0,56,39,3.5714
2025-12-21,174,팬츠,ITEM,3,3,3,0,92,38,3.2609
2025-12-23,174,팬츠,ITEM,1,1,1,1,50,24,2.0
2025-12-25,174,팬츠,ITEM,1,1,1,0,12,7,8.3333
2025-12-29,174,팬츠,ITEM,1,1,1,0,3,3,33.3333
2026-01-02,174,팬츠,ITEM,1,1,1,0,103,31,0.9709
2026-01-03,174,팬츠,ITEM,1,1,1,0,71,37,1.4085
2026-01-06,174,팬츠,ITEM,1,1,1,0,35,19,2.8571
2026-01-07,174,팬츠,ITEM,1,1,1,0,13,8,7.6923
2026-01-11,174,팬츠,ITEM,2,2,2,1,29,17,6.8966
2026-01-13,174,팬츠,ITEM,1,1,1,0,8,6,12.5
2026-01-16,174,팬츠,ITEM,2,2,1,1,108,22,1.8519
2026-01-17,174,팬츠,ITEM,5,5,3,1,143,78,3.4965
2026-01-20,174,팬츠,ITEM,3,3,2,0,57,25,5.2632
2026-01-22,174,팬츠,ITEM,1,1,1,0,17,8,5.8824
2026-01-24,174,팬츠,ITEM,1,1,1,0,62,34,1.6129
2026-01-25,174,팬츠,ITEM,1,1,1,0,20,15,5.0
2026-01-27,174,팬츠,ITEM,1,1,1,0,13,5,7.6923
2026-01-28,174,팬츠,ITEM,1,1,1,0,29,13,3.4483
2026-01-31,174,팬츠,ITEM,3,3,1,0,44,32,6.8182
2026-02-01,174,팬츠,ITEM,4,4,2,1,83,43,4.8193
2026-02-02,174,팬츠,ITEM,1,1,1,0,12,10,8.3333
2026-02-05,174,팬츠,ITEM,5,5,2,0,39,26,12.8205
2026-02-06,174,팬츠,ITEM,1,1,1,0,65,32,1.5385
2026-02-07,174,팬츠,ITEM,6,6,1,1,115,57,5.2174
2026-02-09,174,팬츠,ITEM,1,1,1,0,22,15,4.5455
2026-02-10,174,팬츠,ITEM,4,4,2,0,57,40,7.0175
2026-02-12,174,팬츠,ITEM,1,1,1,0,24,12,4.1667
2026-02-13,174,팬츠,ITEM,1,1,1,0,13,11,7.6923
2026-02-14,174,팬츠,ITEM,1,1,1,0,26,21,3.8462
2026-02-15,174,팬츠,ITEM,3,3,2,2,30,19,10.0
2026-02-16,174,팬츠,ITEM,1,1,1,0,5,5,20.0
2026-02-19,174,팬츠,ITEM,1,1,1,0,25,13,4.0
2026-02-20,174,팬츠,ITEM,2,2,2,2,152,39,1.3158
2026-02-22,174,팬츠,ITEM,1,1,1,1,61,30,1.6393
2026-02-24,174,팬츠,ITEM,6,6,3,0,63,32,9.5238
2026-02-25,174,팬츠,ITEM,2,2,2,0,52,33,3.8462
2026-02-26,174,팬츠,ITEM,2,2,2,0,56,33,3.5714
2026-02-27,174,팬츠,ITEM,1,1,1,1,156,44,0.641
2026-03-01,174,팬츠,ITEM,2,2,2,1,144,46,1.3889
2026-03-02,174,팬츠,ITEM,2,2,2,0,49,31,4.0816
2026-03-03,174,팬츠,ITEM,1,1,1,0,61,35,1.6393
2026-03-05,174,팬츠,ITEM,1,1,1,0,64,22,1.5625
2026-03-06,174,팬츠,ITEM,4,4,1,0,203,70,1.9704
2026-03-07,174,팬츠,ITEM,1,1,1,1,82,41,1.2195
2026-03-08,174,팬츠,ITEM,4,4,3,1,71,37,5.6338
2026-03-09,174,팬츠,ITEM,1,1,1,0,37,18,2.7027
2026-03-10,174,팬츠,ITEM,2,2,2,0,28,22,7.1429
2026-03-11,174,팬츠,ITEM,1,1,1,0,20,12,5.0
2026-03-12,174,팬츠,ITEM,1,1,1,0,22,15,4.5455
2026-03-15,174,팬츠,ITEM,1,1,1,1,87,29,1.1494
2026-03-17,174,팬츠,ITEM,1,1,1,0,76,20,1.3158
2026-03-18,174,팬츠,ITEM,7,7,2,0,70,45,10.0
2026-03-19,174,팬츠,ITEM,11,11,3,0,89,60,12.3596
2026-03-21,174,팬츠,ITEM,1,1,1,0,23,7,4.3478
2026-03-22,174,팬츠,ITEM,7,7,3,2,158,62,4.4304
2026-03-23,174,팬츠,ITEM,6,6,2,1,64,38,9.375
2026-03-24,174,팬츠,ITEM,7,7,3,0,70,41,10.0
2026-03-25,174,팬츠,ITEM,4,4,3,0,37,25,10.8108
2026-03-26,174,팬츠,ITEM,3,3,3,0,154,65,1.9481
2026-03-27,174,팬츠,ITEM,4,4,3,0,124,47,3.2258
2026-03-28,174,팬츠,ITEM,1,1,1,0,23,9,4.3478
2026-03-30,174,팬츠,ITEM,1,1,1,0,49,29,2.0408
2026-03-31,174,팬츠,ITEM,1,1,1,0,70,26,1.4286
2026-04-01,174,팬츠,ITEM,1,1,1,0,43,22,2.3256
2026-04-02,174,팬츠,ITEM,2,2,2,0,103,44,1.9417
2026-04-03,174,팬츠,ITEM,3,3,3,0,69,31,4.3478
2026-04-05,174,팬츠,ITEM,2,2,2,1,129,44,1.5504
2026-04-06,174,팬츠,ITEM,3,3,2,1,39,22,7.6923
2026-04-08,174,팬츠,ITEM,1,1,1,0,32,13,3.125
2026-04-10,174,팬츠,ITEM,3,3,1,1,37,22,8.1081
2026-04-11,174,팬츠,ITEM,4,4,2,1,80,37,5.0
2026-04-13,174,팬츠,ITEM,1,1,1,0,17,11,5.8824
2026-04-15,174,팬츠,ITEM,1,1,1,1,22,10,4.5455
2026-04-17,174,팬츠,ITEM,1,1,1,0,22,9,4.5455
2026-04-18,174,팬츠,ITEM,8,8,2,0,168,63,4.7619
2026-04-19,174,팬츠,ITEM,11,11,3,1,286,115,3.8462
2026-04-20,174,팬츠,ITEM,7,7,5,1,238,90,2.9412
2026-04-21,174,팬츠,ITEM,1,1,1,0,58,30,1.7241
2026-04-22,174,팬츠,ITEM,1,1,1,0,63,26,1.5873
2026-04-23,174,팬츠,ITEM,4,4,3,0,116,64,3.4483
2026-04-24,174,팬츠,ITEM,2,2,2,0,49,31,4.0816
2026-04-25,174,팬츠,ITEM,3,3,2,0,52,20,5.7692
2026-04-27,174,팬츠,ITEM,6,6,3,1,175,75,3.4286
2026-04-28,174,팬츠,ITEM,2,2,1,0,51,26,3.9216
2026-04-29,174,팬츠,ITEM,2,2,2,1,54,16,3.7037
2026-04-30,174,팬츠,ITEM,4,4,3,2,78,19,5.1282
2026-05-01,174,팬츠,ITEM,4,4,4,1,82,24,4.878
2026-05-03,174,팬츠,ITEM,8,8,3,2,150,45,5.3333
2026-05-04,174,팬츠,ITEM,5,5,3,0,61,39,8.1967
2026-05-05,174,팬츠,ITEM,14,14,5,1,121,55,11.5702
2026-05-06,174,팬츠,ITEM,4,4,3,1,95,40,4.2105
2026-05-07,174,팬츠,ITEM,3,3,2,0,60,37,5.0
2026-05-08,174,팬츠,ITEM,2,2,2,1,46,32,4.3478
2026-05-09,174,팬츠,ITEM,2,2,2,1,71,29,2.8169
2026-05-10,174,팬츠,ITEM,6,6,4,0,34,21,17.6471
2026-05-11,174,팬츠,ITEM,6,6,4,1,111,47,5.4054
2026-05-12,174,팬츠,ITEM,7,7,3,1,134,52,5.2239
2026-05-13,174,팬츠,ITEM,13,13,7,2,137,56,9.4891
2026-05-14,174,팬츠,ITEM,5,5,5,2,271,108,1.845
2026-05-15,174,팬츠,ITEM,4,4,3,0,177,75,2.2599
2026-05-16,174,팬츠,ITEM,7,7,6,2,158,49,4.4304
2026-05-17,174,팬츠,ITEM,7,7,7,1,166,82,4.2169
2026-05-18,174,팬츠,ITEM,7,7,4,2,146,74,4.7945
2026-05-19,174,팬츠,ITEM,4,4,2,0,39,23,10.2564
2026-05-20,174,팬츠,ITEM,16,16,5,2,244,80,6.5574
2026-05-21,174,팬츠,ITEM,14,14,5,0,270,85,5.1852
2026-05-22,174,팬츠,ITEM,8,8,6,1,227,77,3.5242
2026-05-23,174,팬츠,ITEM,7,7,6,2,331,93,2.1148
2026-05-24,174,팬츠,ITEM,7,7,6,1,297,121,2.3569
2026-05-25,174,팬츠,ITEM,31,31,12,0,400,155,7.75
2026-05-26,174,팬츠,ITEM,14,14,8,1,189,90,7.4074
2026-05-27,174,팬츠,ITEM,15,15,9,1,222,83,6.7568
2026-05-28,174,팬츠,ITEM,17,17,9,1,228,103,7.4561
2026-05-29,174,팬츠,ITEM,2,2,2,1,188,59,1.0638
2026-05-30,174,팬츠,ITEM,10,10,8,1,234,83,4.2735
2026-05-31,174,팬츠,ITEM,17,17,6,2,354,109,4.8023
2026-06-01,174,팬츠,ITEM,28,28,10,2,360,160,7.7778
2026-06-02,174,팬츠,ITEM,8,8,5,0,224,100,3.5714
2026-06-03,174,팬츠,ITEM,15,15,8,2,222,94,6.7568
2026-06-04,174,팬츠,ITEM,7,7,4,0,137,74,5.1095
2026-06-05,174,팬츠,ITEM,5,5,4,1,183,55,2.7322
2026-06-06,174,팬츠,ITEM,11,11,6,3,336,108,3.2738
2026-06-07,174,팬츠,ITEM,21,21,6,2,322,152,6.5217
2026-06-08,174,팬츠,ITEM,22,22,6,2,380,152,5.7895
2026-06-09,174,팬츠,ITEM,20,20,8,1,247,108,8.0972
2026-06-10,174,팬츠,ITEM,26,26,9,2,345,160,7.5362
2026-06-11,174,팬츠,ITEM,21,21,9,1,239,114,8.7866
2026-06-12,174,팬츠,ITEM,16,16,11,3,352,114,4.5455
2026-06-13,174,팬츠,ITEM,13,13,7,0,267,107,4.8689
2026-06-14,174,팬츠,ITEM,26,26,15,3,529,186,4.9149
2026-06-15,174,팬츠,ITEM,23,23,11,4,440,179,5.2273
2026-06-16,174,팬츠,ITEM,29,29,15,4,465,184,6.2366
2026-06-17,174,팬츠,ITEM,21,21,8,5,365,130,5.7534
2026-06-18,174,팬츠,ITEM,15,15,14,2,286,139,5.2448
2026-06-19,174,팬츠,ITEM,29,29,15,4,510,170,5.6863
2026-06-20,174,팬츠,ITEM,17,17,13,4,422,169,4.0284
2026-06-21,174,팬츠,ITEM,28,28,15,4,550,205,5.0909
2026-06-22,174,팬츠,ITEM,20,20,14,4,455,179,4.3956
2026-06-23,174,팬츠,ITEM,21,21,17,2,401,171,5.2369
2026-06-24,174,팬츠,ITEM,14,14,11,1,369,145,3.794
2026-06-25,174,팬츠,ITEM,3,3,3,0,162,75,1.8519
2026-06-26,174,팬츠,ITEM,7,7,6,3,247,81,2.834
2026-06-27,174,팬츠,ITEM,11,11,8,1,214,76,5.1402
2026-06-28,174,팬츠,ITEM,15,15,8,2,327,109,4.5872
2026-06-29,174,팬츠,ITEM,17,17,9,0,182,100,9.3407
2026-06-30,174,팬츠,ITEM,9,9,7,1,156,56,5.7692
2026-07-01,174,팬츠,ITEM,12,12,7,4,261,93,4.5977
2026-07-02,174,팬츠,ITEM,10,10,8,0,107,58,9.3458
2026-07-03,174,팬츠,ITEM,7,7,4,1,154,63,4.5455
2026-07-04,174,팬츠,ITEM,9,9,6,3,306,114,2.9412
2026-07-05,174,팬츠,ITEM,3,3,3,0,295,122,1.0169
2026-07-06,174,팬츠,ITEM,9,9,5,1,204,85,4.4118
2026-07-07,174,팬츠,ITEM,6,6,6,1,203,85,2.9557
2026-07-08,174,팬츠,ITEM,6,6,4,1,112,58,5.3571
2026-07-09,174,팬츠,ITEM,3,3,2,1,161,62,1.8634
2026-07-10,174,팬츠,ITEM,11,11,8,3,249,60,4.4177
2026-07-11,174,팬츠,ITEM,5,5,4,2,174,63,2.8736
2026-07-12,174,팬츠,ITEM,15,15,6,1,314,141,4.7771
2026-07-13,174,팬츠,ITEM,27,27,10,3,382,151,7.0681
2026-07-14,174,팬츠,ITEM,15,15,8,2,267,89,5.618
2026-07-15,174,팬츠,ITEM,14,14,10,2,265,87,5.283
2026-07-16,174,팬츠,ITEM,6,6,5,0,179,58,3.352
2026-07-17,174,팬츠,ITEM,14,14,8,4,332,101,4.2169
2026-07-18,174,팬츠,ITEM,16,16,13,3,429,155,3.7296
2026-07-19,174,팬츠,ITEM,12,12,8,1,670,210,1.791
2026-07-20,174,팬츠,ITEM,13,13,11,4,386,140,3.3679
2026-07-21,174,팬츠,ITEM,21,21,7,3,284,141,7.3944
2026-07-22,174,팬츠,ITEM,23,23,11,0,244,112,9.4262
2026-07-23,174,팬츠,ITEM,11,11,8,3,243,86,4.5267
2026-07-24,174,팬츠,ITEM,11,11,7,5,233,80,4.721
2026-07-25,174,팬츠,ITEM,8,8,5,0,245,115,3.2653
2026-07-26,174,팬츠,ITEM,12,12,9,1,338,132,3.5503
2026-07-27,174,팬츠,ITEM,20,20,14,2,392,161,5.102
2026-07-28,174,팬츠,ITEM,11,11,8,0,262,125,4.1985
2026-07-29,174,팬츠,ITEM,14,14,10,1,238,113,5.8824
2026-07-30,174,팬츠,ITEM,19,19,10,2,249,101,7.6305
2026-07-31,174,팬츠,ITEM,17,17,12,3,204,84,8.3333
2026-08-01,174,팬츠,ITEM,15,15,10,4,277,115,5.4152
2026-08-02,174,팬츠,ITEM,14,14,8,3,250,101,5.6
2026-08-03,174,팬츠,ITEM,9,9,7,2,257,111,3.5019
2026-08-04,174,팬츠,ITEM,17,17,14,3,225,88,7.5556
2026-08-05,174,팬츠,ITEM,8,8,7,2,302,135,2.649
2026-08-06,174,팬츠,ITEM,7,7,5,2,284,112,2.4648
2026-08-07,174,팬츠,ITEM,5,5,5,0,151,70,3.3113
2026-08-08,174,팬츠,ITEM,9,9,6,2,143,57,6.2937
2026-08-09,174,팬츠,ITEM,21,21,11,2,265,116,7.9245
2026-08-10,174,팬츠,ITEM,11,11,8,2,244,105,4.5082
2026-08-11,174,팬츠,ITEM,11,11,10,6,383,116,2.8721
2026-08-12,174,팬츠,ITEM,22,22,12,2,194,92,11.3402
2026-08-13,174,팬츠,ITEM,15,15,9,1,223,94,6.7265
2026-08-14,174,팬츠,ITEM,9,9,7,2,159,54,5.6604
2026-08-15,174,팬츠,ITEM,10,10,4,2,172,83,5.814
2026-08-16,174,팬츠,ITEM,19,19,9,4,232,98,8.1897
2026-08-17,174,팬츠,ITEM,19,19,10,3,543,223,3.4991
2026-08-18,174,팬츠,ITEM,15,15,6,1,303,163,4.9505
2026-08-19,174,팬츠,ITEM,13,13,10,2,219,95,5.9361
2026-08-20,174,팬츠,ITEM,10,10,9,1,236,110,4.2373
2026-08-21,174,팬츠,ITEM,11,11,10,1,235,105,4.6809
2026-08-22,174,팬츠,ITEM,7,7,6,2,275,117,2.5455
2026-08-23,174,팬츠,ITEM,32,32,9,1,472,218,6.7797
2026-08-24,174,팬츠,ITEM,22,22,13,4,592,293,3.7162
2026-08-25,174,팬츠,ITEM,10,10,7,0,405,202,2.4691
2026-08-26,174,팬츠,ITEM,14,14,6,0,424,195,3.3019
2026-08-27,174,팬츠,ITEM,11,11,6,2,330,161,3.3333
2026-08-28,174,팬츠,ITEM,11,11,9,3,414,157,2.657
2026-08-29,174,팬츠,ITEM,10,10,4,1,316,144,3.1646
2026-08-30,174,팬츠,ITEM,33,33,13,3,735,303,4.4898
2026-08-31,174,팬츠,ITEM,24,24,12,3,714,321,3.3613
2026-09-01,174,팬츠,ITEM,39,39,16,3,601,253,6.4892
2026-09-02,174,팬츠,ITEM,29,29,11,1,502,221,5.7769
2026-09-03,174,팬츠,ITEM,20,20,12,3,603,270,3.3167
2026-09-04,174,팬츠,ITEM,22,22,12,1,482,221,4.5643
2026-09-05,174,팬츠,ITEM,22,22,14,2,563,234,3.9076
2026-09-06,174,팬츠,ITEM,26,26,18,3,858,363,3.0303
2026-09-07,174,팬츠,ITEM,30,30,18,4,732,308,4.0984
2026-09-08,174,팬츠,ITEM,14,14,12,0,248,112,5.6452
2026-09-09,174,팬츠,ITEM,2,2,2,2,170,7,1.1765
2025-12-07,252,팬티,ITEM,1,1,1,1,120,49,0.8333
2026-02-10,252,팬티,ITEM,6,6,1,0,57,40,10.5263
2026-02-11,252,팬티,ITEM,1,1,1,0,20,13,5.0
2026-04-03,252,팬티,ITEM,1,1,1,0,69,31,1.4493
2026-04-11,252,팬티,ITEM,4,4,1,1,80,37,5.0
2026-05-09,252,팬티,ITEM,1,1,1,0,71,29,1.4085
2026-05-10,252,팬티,ITEM,1,1,1,0,34,21,2.9412
2026-05-21,252,팬티,ITEM,1,1,1,1,270,85,0.3704
2026-06-15,252,팬티,ITEM,2,2,1,0,440,179,0.4545
2026-06-19,252,팬티,ITEM,1,1,1,0,510,170,0.1961
2026-06-20,252,팬티,ITEM,1,1,1,1,422,169,0.237
2026-06-21,252,팬티,ITEM,3,3,2,1,550,205,0.5455
2026-06-22,252,팬티,ITEM,1,1,1,0,455,179,0.2198
2026-06-23,252,팬티,ITEM,2,2,2,1,401,171,0.4988
2026-06-24,252,팬티,ITEM,5,5,1,0,369,145,1.355
2026-06-25,252,팬티,ITEM,1,1,1,0,162,75,0.6173
2026-06-26,252,팬티,ITEM,1,1,1,0,247,81,0.4049
2026-06-27,252,팬티,ITEM,3,3,2,0,214,76,1.4019
2026-06-28,252,팬티,ITEM,1,1,1,0,327,109,0.3058
2026-06-29,252,팬티,ITEM,1,1,1,0,182,100,0.5495
2026-07-01,252,팬티,ITEM,2,2,1,1,261,93,0.7663
2026-07-08,252,팬티,ITEM,1,1,1,0,112,58,0.8929
2026-07-15,252,팬티,ITEM,1,1,1,0,265,87,0.3774
2026-07-19,252,팬티,ITEM,1,1,1,0,670,210,0.1493
2026-07-20,252,팬티,ITEM,1,1,1,0,386,140,0.2591
2026-07-26,252,팬티,ITEM,1,1,1,0,338,132,0.2959
2026-07-28,252,팬티,ITEM,1,1,1,1,262,125,0.3817
2026-07-29,252,팬티,ITEM,1,1,1,0,238,113,0.4202
2026-07-31,252,팬티,ITEM,3,3,2,1,204,84,1.4706
2026-08-01,252,팬티,ITEM,1,1,1,0,277,115,0.361
2026-08-02,252,팬티,ITEM,1,1,1,0,250,101,0.4
2026-08-03,252,팬티,ITEM,1,1,1,0,257,111,0.3891
2026-08-10,252,팬티,ITEM,1,1,1,0,244,105,0.4098
2026-08-17,252,팬티,ITEM,2,2,1,1,543,223,0.3683
2026-08-18,252,팬티,ITEM,1,1,1,0,303,163,0.33
2025-11-19,453,퍼플,COLOR,9,9,1,1,165,47,5.4545
2025-11-20,453,퍼플,COLOR,5,5,1,0,172,49,2.907
2025-11-21,453,퍼플,COLOR,3,3,1,0,127,48,2.3622
2025-11-22,453,퍼플,COLOR,1,1,1,0,75,36,1.3333
2025-11-29,453,퍼플,COLOR,1,1,1,0,64,24,1.5625
2025-12-06,453,퍼플,COLOR,2,2,1,0,91,53,2.1978
2025-12-07,453,퍼플,COLOR,1,1,1,0,120,49,0.8333
2025-12-08,453,퍼플,COLOR,1,1,1,0,42,28,2.381
2025-12-30,453,퍼플,COLOR,1,1,1,0,36,17,2.7778
2026-01-02,453,퍼플,COLOR,1,1,1,0,103,31,0.9709
2026-01-03,453,퍼플,COLOR,1,1,1,0,71,37,1.4085
2026-01-09,453,퍼플,COLOR,1,1,1,0,48,18,2.0833
2026-02-07,453,퍼플,COLOR,1,1,1,0,115,57,0.8696
2026-02-12,453,퍼플,COLOR,1,1,1,0,24,12,4.1667
2026-02-24,453,퍼플,COLOR,1,1,1,0,63,32,1.5873
2026-03-01,453,퍼플,COLOR,1,1,1,1,144,46,0.6944
2026-03-05,453,퍼플,COLOR,1,1,1,1,64,22,1.5625
2026-03-06,453,퍼플,COLOR,2,2,1,0,203,70,0.9852
2026-03-14,453,퍼플,COLOR,1,1,1,0,37,12,2.7027
2026-03-24,453,퍼플,COLOR,1,1,1,0,70,41,1.4286
2026-04-15,453,퍼플,COLOR,1,1,1,1,22,10,4.5455
2026-05-03,453,퍼플,COLOR,1,1,1,1,150,45,0.6667
2026-05-14,453,퍼플,COLOR,1,1,1,1,271,108,0.369
2026-05-21,453,퍼플,COLOR,1,1,1,1,270,85,0.3704
2026-05-25,453,퍼플,COLOR,4,4,2,2,400,155,1.0
2026-06-01,453,퍼플,COLOR,2,2,1,1,360,160,0.5556
2026-06-02,453,퍼플,COLOR,1,1,1,0,224,100,0.4464
2026-06-04,453,퍼플,COLOR,1,1,1,0,137,74,0.7299
2026-06-06,453,퍼플,COLOR,4,4,1,1,336,108,1.1905
2026-06-10,453,퍼플,COLOR,2,2,1,1,345,160,0.5797
2026-06-17,453,퍼플,COLOR,1,1,1,0,365,130,0.274
2026-06-21,453,퍼플,COLOR,1,1,1,0,550,205,0.1818
2026-06-23,453,퍼플,COLOR,1,1,1,0,401,171,0.2494
2026-06-24,453,퍼플,COLOR,1,1,1,1,369,145,0.271
2026-06-27,453,퍼플,COLOR,1,1,1,1,214,76,0.4673
2026-07-03,453,퍼플,COLOR,1,1,1,0,154,63,0.6494
2026-07-05,453,퍼플,COLOR,1,1,1,1,295,122,0.339
2026-07-10,453,퍼플,COLOR,1,1,1,0,249,60,0.4016
2026-07-13,453,퍼플,COLOR,1,1,1,1,382,151,0.2618
2026-07-15,453,퍼플,COLOR,2,2,1,1,265,87,0.7547
2026-07-19,453,퍼플,COLOR,1,1,1,0,670,210,0.1493
2026-07-20,453,퍼플,COLOR,1,1,1,1,386,140,0.2591
2026-07-26,453,퍼플,COLOR,1,1,1,1,338,132,0.2959
2026-08-09,453,퍼플,COLOR,1,1,1,0,265,116,0.3774
2026-08-10,453,퍼플,COLOR,1,1,1,0,244,105,0.4098
2026-08-11,453,퍼플,COLOR,2,2,2,2,383,116,0.5222
2026-08-17,453,퍼플,COLOR,3,3,1,0,543,223,0.5525
2026-08-19,453,퍼플,COLOR,1,1,1,0,219,95,0.4566
2026-08-20,453,퍼플,COLOR,5,5,2,2,236,110,2.1186
2026-08-21,453,퍼플,COLOR,1,1,1,0,235,105,0.4255
2026-08-25,453,퍼플,COLOR,5,5,3,2,405,202,1.2346
2026-08-26,453,퍼플,COLOR,2,2,1,0,424,195,0.4717
2026-08-28,453,퍼플,COLOR,6,6,2,1,414,157,1.4493
2026-08-29,453,퍼플,COLOR,3,3,1,0,316,144,0.9494
2026-08-30,453,퍼플,COLOR,34,34,4,1,735,303,4.6259
2026-08-31,453,퍼플,COLOR,21,21,5,2,714,321,2.9412
2026-09-01,453,퍼플,COLOR,10,10,4,0,601,253,1.6639
2026-09-02,453,퍼플,COLOR,6,6,4,1,502,221,1.1952
2026-09-03,453,퍼플,COLOR,2,2,1,0,603,270,0.3317
2026-09-04,453,퍼플,COLOR,3,3,3,0,482,221,0.6224
2026-09-05,453,퍼플,COLOR,8,8,4,1,563,234,1.421
2026-09-06,453,퍼플,COLOR,7,7,6,0,858,363,0.8159
2026-09-07,453,퍼플,COLOR,1,1,1,0,732,308,0.1366
2025-09-20,514,평일,TPO,1,1,1,0,96,34,1.0417
2025-10-03,514,평일,TPO,1,1,1,1,103,20,0.9709
2025-10-24,514,평일,TPO,1,1,1,1,96,19,1.0417
2026-05-30,514,평일,TPO,1,1,1,1,234,83,0.4274
2026-06-27,514,평일,TPO,1,1,1,1,214,76,0.4673
2026-08-01,514,평일,TPO,1,1,1,1,277,115,0.361
2026-08-11,514,평일,TPO,1,1,1,1,383,116,0.2611
2026-08-17,514,평일,TPO,1,1,1,1,543,223,0.1842
2026-08-26,514,평일,TPO,1,1,1,1,424,195,0.2358
2026-09-01,514,평일,TPO,1,1,1,1,601,253,0.1664
2025-09-12,789,포켓,DETAIL,1,1,1,1,61,22,1.6393
2025-11-08,789,포켓,DETAIL,1,1,1,0,74,32,1.3514
2025-12-21,789,포켓,DETAIL,1,1,1,0,92,38,1.087
2026-01-23,789,포켓,DETAIL,1,1,1,1,61,26,1.6393
2026-01-25,789,포켓,DETAIL,1,1,1,0,20,15,5.0
2026-01-28,789,포켓,DETAIL,1,1,1,0,29,13,3.4483
2026-01-30,789,포켓,DETAIL,1,1,1,1,30,17,3.3333
2026-01-31,789,포켓,DETAIL,2,2,2,0,44,32,4.5455
2026-03-05,789,포켓,DETAIL,1,1,1,1,64,22,1.5625
2026-03-09,789,포켓,DETAIL,1,1,1,0,37,18,2.7027
2026-03-31,789,포켓,DETAIL,1,1,1,0,70,26,1.4286
2026-04-16,789,포켓,DETAIL,1,1,1,1,41,12,2.439
2026-04-22,789,포켓,DETAIL,2,2,1,1,63,26,3.1746
2026-04-24,789,포켓,DETAIL,1,1,1,0,49,31,2.0408
2026-04-27,789,포켓,DETAIL,2,2,2,2,175,75,1.1429
2026-04-29,789,포켓,DETAIL,1,1,1,1,54,16,1.8519
2026-05-06,789,포켓,DETAIL,1,1,1,1,95,40,1.0526
2026-05-13,789,포켓,DETAIL,1,1,1,1,137,56,0.7299
2026-05-15,789,포켓,DETAIL,1,1,1,0,177,75,0.565
2026-05-20,789,포켓,DETAIL,1,1,1,1,244,80,0.4098
2026-05-21,789,포켓,DETAIL,1,1,1,0,270,85,0.3704
2026-05-28,789,포켓,DETAIL,1,1,1,1,228,103,0.4386
2026-05-29,789,포켓,DETAIL,1,1,1,1,188,59,0.5319
2026-05-31,789,포켓,DETAIL,2,2,2,2,354,109,0.565
2026-06-02,789,포켓,DETAIL,1,1,1,1,224,100,0.4464
2026-06-05,789,포켓,DETAIL,1,1,1,1,183,55,0.5464
2026-06-07,789,포켓,DETAIL,3,3,2,1,322,152,0.9317
2026-06-12,789,포켓,DETAIL,1,1,1,1,352,114,0.2841
2026-06-14,789,포켓,DETAIL,1,1,1,1,529,186,0.189
2026-06-16,789,포켓,DETAIL,1,1,1,1,465,184,0.2151
2026-06-17,789,포켓,DETAIL,1,1,1,1,365,130,0.274
2026-06-19,789,포켓,DETAIL,2,2,2,0,510,170,0.3922
2026-06-20,789,포켓,DETAIL,2,2,1,1,422,169,0.4739
2026-06-21,789,포켓,DETAIL,1,1,1,1,550,205,0.1818
2026-06-22,789,포켓,DETAIL,2,2,2,1,455,179,0.4396
2026-06-27,789,포켓,DETAIL,2,2,1,0,214,76,0.9346
2026-07-13,789,포켓,DETAIL,1,1,1,0,382,151,0.2618
2026-07-14,789,포켓,DETAIL,1,1,1,0,267,89,0.3745
2026-07-15,789,포켓,DETAIL,1,1,1,1,265,87,0.3774
2026-07-18,789,포켓,DETAIL,1,1,1,1,429,155,0.2331
2026-07-25,789,포켓,DETAIL,1,1,1,1,245,115,0.4082
2026-07-26,789,포켓,DETAIL,1,1,1,1,338,132,0.2959
2026-07-27,789,포켓,DETAIL,2,2,2,2,392,161,0.5102
2026-07-28,789,포켓,DETAIL,2,2,2,0,262,125,0.7634
2026-07-29,789,포켓,DETAIL,1,1,1,0,238,113,0.4202
2026-08-01,789,포켓,DETAIL,2,2,2,1,277,115,0.722
2026-08-05,789,포켓,DETAIL,1,1,1,1,302,135,0.3311
2026-08-07,789,포켓,DETAIL,1,1,1,1,151,70,0.6623
2026-08-11,789,포켓,DETAIL,4,4,4,4,383,116,1.0444
2026-08-17,789,포켓,DETAIL,3,3,1,0,543,223,0.5525
2026-08-19,789,포켓,DETAIL,1,1,1,1,219,95,0.4566
2026-08-20,789,포켓,DETAIL,1,1,1,0,236,110,0.4237
2026-08-24,789,포켓,DETAIL,3,3,1,1,592,293,0.5068
2026-08-25,789,포켓,DETAIL,2,2,1,1,405,202,0.4938
2026-08-27,789,포켓,DETAIL,1,1,1,0,330,161,0.303
2026-08-28,789,포켓,DETAIL,2,2,1,0,414,157,0.4831
2026-08-29,789,포켓,DETAIL,1,1,1,1,316,144,0.3165
2026-08-30,789,포켓,DETAIL,1,1,1,0,735,303,0.1361
2026-08-31,789,포켓,DETAIL,5,5,1,0,714,321,0.7003
2026-09-01,789,포켓,DETAIL,1,1,1,0,601,253,0.1664
2026-09-02,789,포켓,DETAIL,1,1,1,0,502,221,0.1992
2026-09-07,789,포켓,DETAIL,1,1,1,1,732,308,0.1366
2025-09-21,757,프릴,DETAIL,1,1,1,1,55,12,1.8182
2025-10-03,757,프릴,DETAIL,1,1,1,0,103,20,0.9709
2025-10-07,757,프릴,DETAIL,1,1,1,0,18,7,5.5556
2025-11-20,757,프릴,DETAIL,1,1,1,1,172,49,0.5814
2026-03-04,757,프릴,DETAIL,1,1,1,1,159,65,0.6289
2026-04-19,757,프릴,DETAIL,1,1,1,1,286,115,0.3497
2026-05-16,757,프릴,DETAIL,1,1,1,1,158,49,0.6329
2026-05-17,757,프릴,DETAIL,1,1,1,0,166,82,0.6024
2026-05-21,757,프릴,DETAIL,1,1,1,1,270,85,0.3704
2026-05-24,757,프릴,DETAIL,1,1,1,0,297,121,0.3367
2026-05-30,757,프릴,DETAIL,1,1,1,1,234,83,0.4274
2026-05-31,757,프릴,DETAIL,1,1,1,1,354,109,0.2825
2026-06-06,757,프릴,DETAIL,1,1,1,0,336,108,0.2976
2026-06-07,757,프릴,DETAIL,1,1,1,0,322,152,0.3106
2026-06-08,757,프릴,DETAIL,1,1,1,0,380,152,0.2632
2026-06-09,757,프릴,DETAIL,1,1,1,1,247,108,0.4049
2026-06-13,757,프릴,DETAIL,2,2,1,1,267,107,0.7491
2026-06-14,757,프릴,DETAIL,2,2,1,1,529,186,0.3781
2026-06-15,757,프릴,DETAIL,1,1,1,0,440,179,0.2273
2026-06-16,757,프릴,DETAIL,1,1,1,1,465,184,0.2151
2026-06-17,757,프릴,DETAIL,1,1,1,0,365,130,0.274
2026-06-18,757,프릴,DETAIL,1,1,1,0,286,139,0.3497
2026-06-19,757,프릴,DETAIL,1,1,1,1,510,170,0.1961
2026-06-24,757,프릴,DETAIL,1,1,1,1,369,145,0.271
2026-07-04,757,프릴,DETAIL,1,1,1,1,306,114,0.3268
2026-07-05,757,프릴,DETAIL,1,1,1,1,295,122,0.339
2026-07-10,757,프릴,DETAIL,1,1,1,1,249,60,0.4016
2026-07-13,757,프릴,DETAIL,2,2,2,1,382,151,0.5236
2026-07-16,757,프릴,DETAIL,1,1,1,0,179,58,0.5587
2026-07-18,757,프릴,DETAIL,1,1,1,0,429,155,0.2331
2026-07-22,757,프릴,DETAIL,1,1,1,1,244,112,0.4098
2026-07-24,757,프릴,DETAIL,2,2,1,1,233,80,0.8584
2026-08-05,757,프릴,DETAIL,6,6,1,1,302,135,1.9868
2026-08-06,757,프릴,DETAIL,4,4,1,0,284,112,1.4085
2026-08-07,757,프릴,DETAIL,2,2,1,0,151,70,1.3245
2026-08-10,757,프릴,DETAIL,1,1,1,0,244,105,0.4098
2026-08-14,757,프릴,DETAIL,1,1,1,1,159,54,0.6289
2026-08-17,757,프릴,DETAIL,2,2,1,1,543,223,0.3683
2026-08-26,757,프릴,DETAIL,2,2,1,1,424,195,0.4717
2026-09-04,757,프릴,DETAIL,1,1,1,0,482,221,0.2075
2026-09-08,757,프릴,DETAIL,1,1,1,1,248,112,0.4032
2025-11-20,472,피치,COLOR,1,1,1,1,172,49,0.5814
2025-11-25,472,피치,COLOR,1,1,1,0,50,29,2.0
2026-02-20,472,피치,COLOR,2,2,1,0,152,39,1.3158
2026-02-27,472,피치,COLOR,2,2,1,0,156,44,1.2821
2026-02-28,472,피치,COLOR,1,1,1,0,87,47,1.1494
2026-03-04,472,피치,COLOR,1,1,1,0,159,65,0.6289
2026-03-06,472,피치,COLOR,2,2,1,0,203,70,0.9852
2026-03-16,472,피치,COLOR,1,1,1,0,83,23,1.2048
2026-05-22,472,피치,COLOR,1,1,1,1,227,77,0.4405
2026-06-12,472,피치,COLOR,1,1,1,1,352,114,0.2841
2026-06-19,472,피치,COLOR,1,1,1,1,510,170,0.1961
2026-07-06,472,피치,COLOR,1,1,1,1,204,85,0.4902
2026-07-10,472,피치,COLOR,1,1,1,1,249,60,0.4016
2026-07-17,472,피치,COLOR,1,1,1,1,332,101,0.3012
2025-09-05,790,핀턱,DETAIL,1,1,1,1,87,25,1.1494
2025-09-10,790,핀턱,DETAIL,1,1,1,0,25,7,4.0
2025-09-19,790,핀턱,DETAIL,1,1,1,1,106,25,0.9434
2025-09-26,790,핀턱,DETAIL,1,1,1,1,76,18,1.3158
2025-09-27,790,핀턱,DETAIL,3,3,1,0,92,35,3.2609
2025-09-28,790,핀턱,DETAIL,2,2,2,1,78,15,2.5641
2025-09-29,790,핀턱,DETAIL,1,1,1,0,5,4,20.0
2025-10-01,790,핀턱,DETAIL,1,1,1,0,23,7,4.3478
2025-10-03,790,핀턱,DETAIL,1,1,1,1,103,20,0.9709
2025-10-04,790,핀턱,DETAIL,6,6,1,0,84,22,7.1429
2025-10-05,790,핀턱,DETAIL,1,1,1,0,53,14,1.8868
2025-10-06,790,핀턱,DETAIL,1,1,1,0,19,9,5.2632
2025-10-07,790,핀턱,DETAIL,1,1,1,0,18,7,5.5556
2025-10-09,790,핀턱,DETAIL,2,2,1,0,19,5,10.5263
2025-10-12,790,핀턱,DETAIL,1,1,1,1,76,22,1.3158
2026-03-16,790,핀턱,DETAIL,1,1,1,1,83,23,1.2048
2026-04-20,790,핀턱,DETAIL,2,2,1,1,238,90,0.8403
2026-05-22,790,핀턱,DETAIL,1,1,1,1,227,77,0.4405
2026-05-25,790,핀턱,DETAIL,1,1,1,0,400,155,0.25
2026-05-26,790,핀턱,DETAIL,1,1,1,0,189,90,0.5291
2026-05-29,790,핀턱,DETAIL,1,1,1,1,188,59,0.5319
2026-05-31,790,핀턱,DETAIL,1,1,1,1,354,109,0.2825
2026-06-01,790,핀턱,DETAIL,1,1,1,1,360,160,0.2778
2026-06-02,790,핀턱,DETAIL,2,2,1,0,224,100,0.8929
2026-06-05,790,핀턱,DETAIL,1,1,1,1,183,55,0.5464
2026-06-06,790,핀턱,DETAIL,1,1,1,1,336,108,0.2976
2026-06-11,790,핀턱,DETAIL,1,1,1,0,239,114,0.4184
2026-06-12,790,핀턱,DETAIL,3,3,2,1,352,114,0.8523
2026-06-15,790,핀턱,DETAIL,1,1,1,1,440,179,0.2273
2026-06-19,790,핀턱,DETAIL,2,2,1,1,510,170,0.3922
2026-06-20,790,핀턱,DETAIL,1,1,1,1,422,169,0.237
2026-06-21,790,핀턱,DETAIL,2,2,2,2,550,205,0.3636
2026-06-22,790,핀턱,DETAIL,1,1,1,1,455,179,0.2198
2026-06-24,790,핀턱,DETAIL,1,1,1,1,369,145,0.271
2026-06-26,790,핀턱,DETAIL,1,1,1,1,247,81,0.4049
2026-06-27,790,핀턱,DETAIL,1,1,1,1,214,76,0.4673
2026-06-28,790,핀턱,DETAIL,1,1,1,1,327,109,0.3058
2026-06-29,790,핀턱,DETAIL,1,1,1,0,182,100,0.5495
2026-07-04,790,핀턱,DETAIL,1,1,1,1,306,114,0.3268
2026-07-05,790,핀턱,DETAIL,1,1,1,1,295,122,0.339
2026-07-10,790,핀턱,DETAIL,3,3,2,1,249,60,1.2048
2026-07-12,790,핀턱,DETAIL,3,3,1,1,314,141,0.9554
2026-07-13,790,핀턱,DETAIL,3,3,2,2,382,151,0.7853
2026-07-14,790,핀턱,DETAIL,1,1,1,0,267,89,0.3745
2026-07-15,790,핀턱,DETAIL,2,2,2,2,265,87,0.7547
2026-07-17,790,핀턱,DETAIL,2,2,2,1,332,101,0.6024
2026-07-19,790,핀턱,DETAIL,1,1,1,1,670,210,0.1493
2026-07-29,790,핀턱,DETAIL,2,2,2,2,238,113,0.8403
2026-07-31,790,핀턱,DETAIL,1,1,1,1,204,84,0.4902
2026-08-02,790,핀턱,DETAIL,1,1,1,1,250,101,0.4
2026-08-03,790,핀턱,DETAIL,1,1,1,0,257,111,0.3891
2026-08-06,790,핀턱,DETAIL,1,1,1,1,284,112,0.3521
2026-08-11,790,핀턱,DETAIL,1,1,1,1,383,116,0.2611
2026-08-12,790,핀턱,DETAIL,1,1,1,1,194,92,0.5155
2026-08-14,790,핀턱,DETAIL,1,1,1,1,159,54,0.6289
2026-08-17,790,핀턱,DETAIL,1,1,1,0,543,223,0.1842
2026-08-18,790,핀턱,DETAIL,1,1,1,0,303,163,0.33
2026-08-26,790,핀턱,DETAIL,1,1,1,0,424,195,0.2358
2026-08-28,790,핀턱,DETAIL,1,1,1,1,414,157,0.2415
2026-08-30,790,핀턱,DETAIL,1,1,1,1,735,303,0.1361
2026-09-02,790,핀턱,DETAIL,1,1,1,1,502,221,0.1992
2026-09-03,790,핀턱,DETAIL,1,1,1,1,603,270,0.1658
2026-09-04,790,핀턱,DETAIL,3,3,2,2,482,221,0.6224
2026-09-05,790,핀턱,DETAIL,2,2,1,1,563,234,0.3552
2026-09-07,790,핀턱,DETAIL,1,1,1,1,732,308,0.1366
2026-09-08,790,핀턱,DETAIL,1,1,1,1,248,112,0.4032
2025-09-01,454,핑크,COLOR,1,1,1,0,68,41,1.4706
2025-09-02,454,핑크,COLOR,1,1,1,0,36,20,2.7778
2025-09-03,454,핑크,COLOR,3,3,1,0,18,10,16.6667
2025-09-05,454,핑크,COLOR,1,1,1,0,87,25,1.1494
2025-09-06,454,핑크,COLOR,6,6,2,0,103,33,5.8252
2025-09-07,454,핑크,COLOR,1,1,1,0,29,8,3.4483
2025-09-08,454,핑크,COLOR,3,3,1,0,39,12,7.6923
2025-09-11,454,핑크,COLOR,1,1,1,0,24,8,4.1667
2025-11-07,454,핑크,COLOR,1,1,1,0,95,32,1.0526
2025-11-14,454,핑크,COLOR,4,4,1,0,73,20,5.4795
2025-11-15,454,핑크,COLOR,2,2,1,0,72,28,2.7778
2025-11-16,454,핑크,COLOR,1,1,1,0,99,44,1.0101
2025-11-17,454,핑크,COLOR,1,1,1,0,60,30,1.6667
2025-11-19,454,핑크,COLOR,8,8,1,0,165,47,4.8485
2025-11-20,454,핑크,COLOR,5,5,1,0,172,49,2.907
2025-11-21,454,핑크,COLOR,2,2,1,0,127,48,1.5748
2025-11-23,454,핑크,COLOR,1,1,1,0,92,33,1.087
2025-11-25,454,핑크,COLOR,1,1,1,0,50,29,2.0
2025-11-27,454,핑크,COLOR,1,1,1,0,35,15,2.8571
2025-11-29,454,핑크,COLOR,1,1,1,0,64,24,1.5625
2025-12-09,454,핑크,COLOR,1,1,1,0,10,6,10.0
2025-12-20,454,핑크,COLOR,2,2,2,0,56,39,3.5714
2026-01-05,454,핑크,COLOR,1,1,1,0,19,11,5.2632
2026-01-10,454,핑크,COLOR,1,1,1,0,36,22,2.7778
2026-01-15,454,핑크,COLOR,1,1,1,0,6,3,16.6667
2026-01-22,454,핑크,COLOR,1,1,1,0,17,8,5.8824
2026-02-27,454,핑크,COLOR,1,1,1,0,156,44,0.641
2026-02-28,454,핑크,COLOR,2,2,1,0,87,47,2.2989
2026-03-04,454,핑크,COLOR,3,3,1,1,159,65,1.8868
2026-03-06,454,핑크,COLOR,1,1,1,0,203,70,0.4926
2026-03-07,454,핑크,COLOR,1,1,1,0,82,41,1.2195
2026-03-08,454,핑크,COLOR,3,3,2,0,71,37,4.2254
2026-03-09,454,핑크,COLOR,1,1,1,0,37,18,2.7027
2026-03-13,454,핑크,COLOR,1,1,1,0,26,18,3.8462
2026-03-14,454,핑크,COLOR,3,3,1,0,37,12,8.1081
2026-03-15,454,핑크,COLOR,1,1,1,1,87,29,1.1494
2026-03-16,454,핑크,COLOR,1,1,1,0,83,23,1.2048
2026-03-22,454,핑크,COLOR,1,1,1,0,158,62,0.6329
2026-03-31,454,핑크,COLOR,1,1,1,0,70,26,1.4286
2026-04-05,454,핑크,COLOR,4,4,1,0,129,44,3.1008
2026-04-06,454,핑크,COLOR,1,1,1,0,39,22,2.5641
2026-04-16,454,핑크,COLOR,1,1,1,0,41,12,2.439
2026-04-19,454,핑크,COLOR,2,2,2,2,286,115,0.6993
2026-04-23,454,핑크,COLOR,1,1,1,0,116,64,0.8621
2026-04-24,454,핑크,COLOR,1,1,1,0,49,31,2.0408
2026-04-30,454,핑크,COLOR,4,4,1,1,78,19,5.1282
2026-05-05,454,핑크,COLOR,1,1,1,0,121,55,0.8264
2026-05-09,454,핑크,COLOR,1,1,1,1,71,29,1.4085
2026-05-21,454,핑크,COLOR,3,3,2,1,270,85,1.1111
2026-05-22,454,핑크,COLOR,1,1,1,1,227,77,0.4405
2026-05-23,454,핑크,COLOR,2,2,1,0,331,93,0.6042
2026-05-25,454,핑크,COLOR,1,1,1,0,400,155,0.25
2026-05-26,454,핑크,COLOR,4,4,3,1,189,90,2.1164
2026-05-29,454,핑크,COLOR,1,1,1,1,188,59,0.5319
2026-05-30,454,핑크,COLOR,2,2,2,0,234,83,0.8547
2026-05-31,454,핑크,COLOR,1,1,1,0,354,109,0.2825
2026-06-01,454,핑크,COLOR,2,2,2,1,360,160,0.5556
2026-06-02,454,핑크,COLOR,2,2,2,0,224,100,0.8929
2026-06-03,454,핑크,COLOR,1,1,1,0,222,94,0.4505
2026-06-05,454,핑크,COLOR,4,4,3,1,183,55,2.1858
2026-06-06,454,핑크,COLOR,4,4,4,2,336,108,1.1905
2026-06-07,454,핑크,COLOR,2,2,2,0,322,152,0.6211
2026-06-09,454,핑크,COLOR,1,1,1,1,247,108,0.4049
2026-06-10,454,핑크,COLOR,1,1,1,0,345,160,0.2899
2026-06-11,454,핑크,COLOR,1,1,1,0,239,114,0.4184
2026-06-12,454,핑크,COLOR,1,1,1,1,352,114,0.2841
2026-06-13,454,핑크,COLOR,1,1,1,1,267,107,0.3745
2026-06-14,454,핑크,COLOR,1,1,1,0,529,186,0.189
2026-06-15,454,핑크,COLOR,1,1,1,0,440,179,0.2273
2026-06-16,454,핑크,COLOR,1,1,1,1,465,184,0.2151
2026-06-18,454,핑크,COLOR,1,1,1,0,286,139,0.3497
2026-06-19,454,핑크,COLOR,2,2,2,1,510,170,0.3922
2026-06-21,454,핑크,COLOR,2,2,2,1,550,205,0.3636
2026-06-24,454,핑크,COLOR,4,4,1,0,369,145,1.084
2026-06-25,454,핑크,COLOR,1,1,1,0,162,75,0.6173
2026-06-26,454,핑크,COLOR,1,1,1,1,247,81,0.4049
2026-06-28,454,핑크,COLOR,1,1,1,1,327,109,0.3058
2026-07-02,454,핑크,COLOR,1,1,1,0,107,58,0.9346
2026-07-03,454,핑크,COLOR,1,1,1,0,154,63,0.6494
2026-07-04,454,핑크,COLOR,1,1,1,0,306,114,0.3268
2026-07-08,454,핑크,COLOR,3,3,2,1,112,58,2.6786
2026-07-10,454,핑크,COLOR,1,1,1,1,249,60,0.4016
2026-07-11,454,핑크,COLOR,5,5,1,1,174,63,2.8736
2026-07-12,454,핑크,COLOR,2,2,1,0,314,141,0.6369
2026-07-13,454,핑크,COLOR,2,2,1,0,382,151,0.5236
2026-07-14,454,핑크,COLOR,2,2,2,0,267,89,0.7491
2026-07-15,454,핑크,COLOR,1,1,1,1,265,87,0.3774
2026-07-17,454,핑크,COLOR,1,1,1,1,332,101,0.3012
2026-07-18,454,핑크,COLOR,2,2,2,0,429,155,0.4662
2026-07-19,454,핑크,COLOR,2,2,1,1,670,210,0.2985
2026-07-20,454,핑크,COLOR,2,2,2,0,386,140,0.5181
2026-07-23,454,핑크,COLOR,1,1,1,1,243,86,0.4115
2026-07-24,454,핑크,COLOR,2,2,2,0,233,80,0.8584
2026-07-26,454,핑크,COLOR,1,1,1,0,338,132,0.2959
2026-07-28,454,핑크,COLOR,6,6,2,0,262,125,2.2901
2026-08-01,454,핑크,COLOR,1,1,1,0,277,115,0.361
2026-08-06,454,핑크,COLOR,2,2,2,2,284,112,0.7042
2026-08-08,454,핑크,COLOR,1,1,1,1,143,57,0.6993
2026-08-09,454,핑크,COLOR,1,1,1,1,265,116,0.3774
2026-08-10,454,핑크,COLOR,1,1,1,0,244,105,0.4098
2026-08-12,454,핑크,COLOR,1,1,1,1,194,92,0.5155
2026-08-14,454,핑크,COLOR,1,1,1,1,159,54,0.6289
2026-08-15,454,핑크,COLOR,1,1,1,1,172,83,0.5814
2026-08-17,454,핑크,COLOR,4,4,1,0,543,223,0.7366
2026-08-18,454,핑크,COLOR,1,1,1,0,303,163,0.33
2026-08-19,454,핑크,COLOR,2,2,2,0,219,95,0.9132
2026-08-20,454,핑크,COLOR,1,1,1,1,236,110,0.4237
2026-08-21,454,핑크,COLOR,2,2,1,0,235,105,0.8511
2026-08-23,454,핑크,COLOR,1,1,1,1,472,218,0.2119
2026-08-26,454,핑크,COLOR,2,2,2,0,424,195,0.4717
2026-08-29,454,핑크,COLOR,1,1,1,0,316,144,0.3165
2026-08-30,454,핑크,COLOR,2,2,2,0,735,303,0.2721
2026-09-03,454,핑크,COLOR,2,2,2,2,603,270,0.3317
2026-09-04,454,핑크,COLOR,1,1,1,0,482,221,0.2075
2026-09-07,454,핑크,COLOR,1,1,1,0,732,308,0.1366
2026-05-01,524,해변,TPO,1,1,1,0,82,24,1.2195
2026-06-04,524,해변,TPO,1,1,1,1,137,74,0.7299
2026-06-06,524,해변,TPO,1,1,1,1,336,108,0.2976
2026-06-08,524,해변,TPO,1,1,1,0,380,152,0.2632
2026-06-13,524,해변,TPO,1,1,1,1,267,107,0.3745
2026-06-16,524,해변,TPO,1,1,1,1,465,184,0.2151
2026-06-23,524,해변,TPO,1,1,1,1,401,171,0.2494
2026-07-05,524,해변,TPO,1,1,1,0,295,122,0.339
2026-07-15,524,해변,TPO,1,1,1,1,265,87,0.3774
2026-07-18,524,해변,TPO,3,3,3,2,429,155,0.6993
2026-07-20,524,해변,TPO,1,1,1,1,386,140,0.2591
2026-07-26,524,해변,TPO,1,1,1,1,338,132,0.2959
2026-07-27,524,해변,TPO,1,1,1,1,392,161,0.2551
2026-07-31,524,해변,TPO,1,1,1,1,204,84,0.4902
2026-08-16,524,해변,TPO,1,1,1,1,232,98,0.431
2026-06-26,603,헴프,MATERIAL,1,1,1,1,247,81,0.4049
2026-06-12,490,회식,TPO,1,1,1,1,352,114,0.2841
2025-09-28,147,후드,ITEM,1,1,1,1,78,15,1.2821
2025-10-19,147,후드,ITEM,2,2,2,1,46,13,4.3478
2025-11-01,147,후드,ITEM,2,2,1,0,41,19,4.878
2025-11-03,147,후드,ITEM,2,2,2,0,51,15,3.9216
2025-11-04,147,후드,ITEM,1,1,1,0,25,13,4.0
2025-11-07,147,후드,ITEM,1,1,1,0,95,32,1.0526
2025-11-08,147,후드,ITEM,1,1,1,0,74,32,1.3514
2025-11-09,147,후드,ITEM,1,1,1,1,76,21,1.3158
2025-11-20,147,후드,ITEM,1,1,1,1,172,49,0.5814
2025-11-23,147,후드,ITEM,1,1,1,1,92,33,1.087
2025-11-24,147,후드,ITEM,1,1,1,0,52,33,1.9231
2025-11-29,147,후드,ITEM,1,1,1,0,64,24,1.5625
2025-12-03,147,후드,ITEM,3,3,1,0,93,52,3.2258
2026-01-02,147,후드,ITEM,1,1,1,0,103,31,0.9709
2026-01-18,147,후드,ITEM,2,2,2,0,53,29,3.7736
2026-01-19,147,후드,ITEM,2,2,1,0,57,27,3.5088
2026-01-20,147,후드,ITEM,1,1,1,1,57,25,1.7544
2026-01-24,147,후드,ITEM,2,2,2,1,62,34,3.2258
2026-01-31,147,후드,ITEM,1,1,1,0,44,32,2.2727
2026-02-06,147,후드,ITEM,1,1,1,1,65,32,1.5385
2026-02-20,147,후드,ITEM,1,1,1,1,152,39,0.6579
2026-02-21,147,후드,ITEM,1,1,1,0,32,19,3.125
2026-02-22,147,후드,ITEM,1,1,1,0,61,30,1.6393
2026-02-24,147,후드,ITEM,2,2,2,0,63,32,3.1746
2026-02-27,147,후드,ITEM,1,1,1,0,156,44,0.641
2026-03-01,147,후드,ITEM,1,1,1,1,144,46,0.6944
2026-03-03,147,후드,ITEM,2,2,1,1,61,35,3.2787
2026-03-06,147,후드,ITEM,1,1,1,0,203,70,0.4926
2026-03-08,147,후드,ITEM,1,1,1,0,71,37,1.4085
2026-03-13,147,후드,ITEM,1,1,1,0,26,18,3.8462
2026-03-22,147,후드,ITEM,1,1,1,1,158,62,0.6329
2026-03-23,147,후드,ITEM,2,2,2,1,64,38,3.125
2026-03-31,147,후드,ITEM,1,1,1,1,70,26,1.4286
2026-04-27,147,후드,ITEM,1,1,1,0,175,75,0.5714
2026-05-13,147,후드,ITEM,1,1,1,1,137,56,0.7299
2026-05-15,147,후드,ITEM,1,1,1,0,177,75,0.565
2026-05-23,147,후드,ITEM,1,1,1,0,331,93,0.3021
2026-05-30,147,후드,ITEM,2,2,1,1,234,83,0.8547
2026-06-08,147,후드,ITEM,1,1,1,0,380,152,0.2632
2026-07-03,147,후드,ITEM,2,2,1,0,154,63,1.2987
2026-07-04,147,후드,ITEM,2,2,2,1,306,114,0.6536
2026-07-07,147,후드,ITEM,3,3,1,0,203,85,1.4778
2026-07-12,147,후드,ITEM,2,2,2,2,314,141,0.6369
2026-07-16,147,후드,ITEM,1,1,1,1,179,58,0.5587
2026-07-17,147,후드,ITEM,1,1,1,1,332,101,0.3012
2026-07-19,147,후드,ITEM,1,1,1,1,670,210,0.1493
2026-07-27,147,후드,ITEM,1,1,1,0,392,161,0.2551
2026-07-28,147,후드,ITEM,2,2,1,0,262,125,0.7634
2026-08-02,147,후드,ITEM,3,3,1,1,250,101,1.2
2026-08-03,147,후드,ITEM,1,1,1,0,257,111,0.3891
2026-08-04,147,후드,ITEM,1,1,1,1,225,88,0.4444
2026-08-10,147,후드,ITEM,2,2,1,0,244,105,0.8197
2026-08-13,147,후드,ITEM,1,1,1,0,223,94,0.4484
2026-08-16,147,후드,ITEM,2,2,1,1,232,98,0.8621
2026-08-17,147,후드,ITEM,2,2,2,1,543,223,0.3683
2026-08-19,147,후드,ITEM,1,1,1,1,219,95,0.4566
2026-08-20,147,후드,ITEM,3,3,1,0,236,110,1.2712
2026-08-21,147,후드,ITEM,2,2,1,0,235,105,0.8511
2026-08-23,147,후드,ITEM,1,1,1,0,472,218,0.2119
2026-08-24,147,후드,ITEM,5,5,2,1,592,293,0.8446
2026-08-25,147,후드,ITEM,2,2,2,0,405,202,0.4938
2026-08-26,147,후드,ITEM,5,5,1,1,424,195,1.1792
2026-08-27,147,후드,ITEM,7,7,1,0,330,161,2.1212
2026-08-28,147,후드,ITEM,3,3,2,0,414,157,0.7246
2026-08-29,147,후드,ITEM,1,1,1,0,316,144,0.3165
2026-08-30,147,후드,ITEM,5,5,2,0,735,303,0.6803
2026-08-31,147,후드,ITEM,6,6,4,1,714,321,0.8403
2026-09-01,147,후드,ITEM,3,3,2,0,601,253,0.4992
2026-09-02,147,후드,ITEM,2,2,1,1,502,221,0.3984
2026-09-03,147,후드,ITEM,1,1,1,0,603,270,0.1658
2026-09-04,147,후드,ITEM,1,1,1,0,482,221,0.2075
2026-09-05,147,후드,ITEM,1,1,1,1,563,234,0.1776
2026-09-06,147,후드,ITEM,1,1,1,0,858,363,0.1166
2026-09-07,147,후드,ITEM,2,2,2,2,732,308,0.2732
2026-09-08,147,후드,ITEM,2,2,2,0,248,112,0.8065
2026-09-09,147,후드,ITEM,1,1,1,1,170,7,0.5882
2025-10-31,396,클린 걸,STYLE,1,1,1,1,66,25,1.5152
2025-11-06,396,클린 걸,STYLE,1,1,1,0,32,11,3.125
2025-11-07,396,클린 걸,STYLE,1,1,1,1,95,32,1.0526
2025-11-14,396,클린 걸,STYLE,1,1,1,1,73,20,1.3699
2025-11-19,396,클린 걸,STYLE,1,1,1,1,165,47,0.6061
2025-11-21,396,클린 걸,STYLE,1,1,1,1,127,48,0.7874
2026-01-23,396,클린 걸,STYLE,1,1,1,1,61,26,1.6393
2026-05-01,396,클린 걸,STYLE,1,1,1,1,82,24,1.2195
2026-05-23,396,클린 걸,STYLE,1,1,1,1,331,93,0.3021
2026-06-09,396,클린 걸,STYLE,1,1,1,0,247,108,0.4049
2026-06-12,396,클린 걸,STYLE,1,1,1,1,352,114,0.2841
2026-06-14,396,클린 걸,STYLE,1,1,1,1,529,186,0.189
2026-06-17,396,클린 걸,STYLE,1,1,1,1,365,130,0.274
2026-07-18,396,클린 걸,STYLE,1,1,1,1,429,155,0.2331
2026-08-04,396,클린 걸,STYLE,1,1,1,0,225,88,0.4444
2026-08-11,396,클린 걸,STYLE,1,1,1,1,383,116,0.2611
2026-09-01,396,클린 걸,STYLE,1,1,1,1,601,253,0.1664
2025-09-20,501,생일 파티,TPO,1,1,1,0,96,34,1.0417
2026-02-06,501,생일 파티,TPO,1,1,1,1,65,32,1.5385
2026-02-10,501,생일 파티,TPO,1,1,1,0,57,40,1.7544
2026-04-05,502,웨딩 촬영,TPO,1,1,1,0,129,44,0.7752
2026-08-13,502,웨딩 촬영,TPO,1,1,1,1,223,94,0.4484
2026-08-18,502,웨딩 촬영,TPO,1,1,1,1,303,163,0.33
2025-09-15,150,가디건,ITEM,4,4,1,1,110,52,3.6364
2025-09-16,150,가디건,ITEM,3,3,1,0,108,47,2.7778
2025-09-21,150,가디건,ITEM,1,1,1,1,55,12,1.8182
2025-10-03,150,가디건,ITEM,2,2,1,1,103,20,1.9417
2025-10-05,150,가디건,ITEM,1,1,1,0,53,14,1.8868
2025-10-10,150,가디건,ITEM,1,1,1,1,80,23,1.25
2025-10-19,150,가디건,ITEM,1,1,1,1,46,13,2.1739
2025-10-24,150,가디건,ITEM,2,2,1,1,96,19,2.0833
2025-10-26,150,가디건,ITEM,2,2,2,1,63,15,3.1746
2025-10-27,150,가디건,ITEM,1,1,1,0,24,12,4.1667
2025-11-02,150,가디건,ITEM,1,1,1,1,86,23,1.1628
2025-11-04,150,가디건,ITEM,1,1,1,0,25,13,4.0
2025-11-14,150,가디건,ITEM,9,9,1,1,73,20,12.3288
2025-11-15,150,가디건,ITEM,17,17,1,0,72,28,23.6111
2025-11-16,150,가디건,ITEM,14,14,1,0,99,44,14.1414
2025-11-17,150,가디건,ITEM,6,6,1,0,60,30,10.0
2025-11-18,150,가디건,ITEM,4,4,1,0,19,13,21.0526
2025-11-19,150,가디건,ITEM,11,11,2,1,165,47,6.6667
2025-11-20,150,가디건,ITEM,11,11,3,1,172,49,6.3953
2025-11-21,150,가디건,ITEM,8,8,4,1,127,48,6.2992
2025-11-22,150,가디건,ITEM,2,2,2,0,75,36,2.6667
2025-11-25,150,가디건,ITEM,3,3,2,0,50,29,6.0
2025-11-28,150,가디건,ITEM,1,1,1,0,80,32,1.25
2025-11-30,150,가디건,ITEM,1,1,1,1,72,27,1.3889
2025-12-01,150,가디건,ITEM,1,1,1,0,29,14,3.4483
2025-12-02,150,가디건,ITEM,1,1,1,0,123,66,0.813
2025-12-03,150,가디건,ITEM,1,1,1,0,93,52,1.0753
2025-12-04,150,가디건,ITEM,2,2,2,0,67,41,2.9851
2025-12-06,150,가디건,ITEM,1,1,1,0,91,53,1.0989
2025-12-07,150,가디건,ITEM,4,4,1,1,120,49,3.3333
2025-12-08,150,가디건,ITEM,1,1,1,0,42,28,2.381
2025-12-13,150,가디건,ITEM,1,1,1,0,28,20,3.5714
2025-12-20,150,가디건,ITEM,1,1,1,0,56,39,1.7857
2025-12-23,150,가디건,ITEM,1,1,1,1,50,24,2.0
2025-12-24,150,가디건,ITEM,1,1,1,0,22,11,4.5455
2025-12-26,150,가디건,ITEM,1,1,1,1,41,17,2.439
2025-12-30,150,가디건,ITEM,1,1,1,0,36,17,2.7778
2025-12-31,150,가디건,ITEM,3,3,2,0,10,8,30.0
2026-01-02,150,가디건,ITEM,2,2,1,1,103,31,1.9417
2026-01-03,150,가디건,ITEM,2,2,1,0,71,37,2.8169
2026-01-06,150,가디건,ITEM,2,2,2,0,35,19,5.7143
2026-01-09,150,가디건,ITEM,1,1,1,0,48,18,2.0833
2026-01-16,150,가디건,ITEM,1,1,1,0,108,22,0.9259
2026-01-17,150,가디건,ITEM,5,5,1,1,143,78,3.4965
2026-01-20,150,가디건,ITEM,1,1,1,1,57,25,1.7544
2026-01-22,150,가디건,ITEM,1,1,1,0,17,8,5.8824
2026-01-29,150,가디건,ITEM,1,1,1,1,60,12,1.6667
2026-01-30,150,가디건,ITEM,1,1,1,0,30,17,3.3333
2026-02-01,150,가디건,ITEM,1,1,1,0,83,43,1.2048
2026-02-02,150,가디건,ITEM,1,1,1,0,12,10,8.3333
2026-02-05,150,가디건,ITEM,2,2,1,0,39,26,5.1282
2026-02-07,150,가디건,ITEM,2,2,2,1,115,57,1.7391
2026-02-20,150,가디건,ITEM,3,3,2,2,152,39,1.9737
2026-02-22,150,가디건,ITEM,1,1,1,0,61,30,1.6393
2026-02-23,150,가디건,ITEM,3,3,2,0,31,19,9.6774
2026-02-24,150,가디건,ITEM,1,1,1,0,63,32,1.5873
2026-03-04,150,가디건,ITEM,1,1,1,0,159,65,0.6289
2026-03-05,150,가디건,ITEM,2,2,1,1,64,22,3.125
2026-03-06,150,가디건,ITEM,1,1,1,0,203,70,0.4926
2026-03-07,150,가디건,ITEM,1,1,1,0,82,41,1.2195
2026-03-08,150,가디건,ITEM,1,1,1,0,71,37,1.4085
2026-03-11,150,가디건,ITEM,1,1,1,0,20,12,5.0
2026-03-14,150,가디건,ITEM,3,3,1,0,37,12,8.1081
2026-03-15,150,가디건,ITEM,1,1,1,1,87,29,1.1494
2026-03-17,150,가디건,ITEM,2,2,2,1,76,20,2.6316
2026-03-18,150,가디건,ITEM,1,1,1,0,70,45,1.4286
2026-03-30,150,가디건,ITEM,1,1,1,0,49,29,2.0408
2026-03-31,150,가디건,ITEM,1,1,1,0,70,26,1.4286
2026-04-04,150,가디건,ITEM,1,1,1,0,58,37,1.7241
2026-04-05,150,가디건,ITEM,5,5,1,1,129,44,3.876
2026-04-07,150,가디건,ITEM,2,2,1,0,24,16,8.3333
2026-04-11,150,가디건,ITEM,1,1,1,0,80,37,1.25
2026-04-13,150,가디건,ITEM,1,1,1,0,17,11,5.8824
2026-04-19,150,가디건,ITEM,7,7,1,1,286,115,2.4476
2026-04-20,150,가디건,ITEM,14,14,3,2,238,90,5.8824
2026-04-21,150,가디건,ITEM,1,1,1,0,58,30,1.7241
2026-04-22,150,가디건,ITEM,3,3,1,0,63,26,4.7619
2026-04-23,150,가디건,ITEM,3,3,3,0,116,64,2.5862
2026-04-24,150,가디건,ITEM,3,3,2,0,49,31,6.1224
2026-04-25,150,가디건,ITEM,2,2,2,0,52,20,3.8462
2026-04-27,150,가디건,ITEM,2,2,2,1,175,75,1.1429
2026-04-29,150,가디건,ITEM,1,1,1,1,54,16,1.8519
2026-04-30,150,가디건,ITEM,3,3,2,2,78,19,3.8462
2026-05-01,150,가디건,ITEM,1,1,1,1,82,24,1.2195
2026-05-06,150,가디건,ITEM,2,2,1,1,95,40,2.1053
2026-05-09,150,가디건,ITEM,2,2,1,0,71,29,2.8169
2026-05-13,150,가디건,ITEM,1,1,1,0,137,56,0.7299
2026-05-15,150,가디건,ITEM,1,1,1,0,177,75,0.565
2026-05-18,150,가디건,ITEM,3,3,1,1,146,74,2.0548
2026-05-19,150,가디건,ITEM,1,1,1,0,39,23,2.5641
2026-05-21,150,가디건,ITEM,1,1,1,1,270,85,0.3704
2026-05-22,150,가디건,ITEM,10,10,4,1,227,77,4.4053
2026-05-23,150,가디건,ITEM,4,4,2,2,331,93,1.2085
2026-05-24,150,가디건,ITEM,9,9,2,1,297,121,3.0303
2026-05-25,150,가디건,ITEM,6,6,4,2,400,155,1.5
2026-05-26,150,가디건,ITEM,4,4,3,0,189,90,2.1164
2026-05-27,150,가디건,ITEM,1,1,1,0,222,83,0.4505
2026-05-28,150,가디건,ITEM,2,2,1,0,228,103,0.8772
2026-05-29,150,가디건,ITEM,3,3,3,1,188,59,1.5957
2026-05-30,150,가디건,ITEM,6,6,2,2,234,83,2.5641
2026-05-31,150,가디건,ITEM,4,4,4,2,354,109,1.1299
2026-06-01,150,가디건,ITEM,3,3,3,2,360,160,0.8333
2026-06-02,150,가디건,ITEM,1,1,1,0,224,100,0.4464
2026-06-03,150,가디건,ITEM,1,1,1,0,222,94,0.4505
2026-06-04,150,가디건,ITEM,5,5,2,1,137,74,3.6496
2026-06-05,150,가디건,ITEM,7,7,5,1,183,55,3.8251
2026-06-06,150,가디건,ITEM,4,4,3,1,336,108,1.1905
2026-06-07,150,가디건,ITEM,3,3,2,0,322,152,0.9317
2026-06-08,150,가디건,ITEM,6,6,3,1,380,152,1.5789
2026-06-09,150,가디건,ITEM,2,2,2,1,247,108,0.8097
2026-06-10,150,가디건,ITEM,2,2,2,0,345,160,0.5797
2026-06-11,150,가디건,ITEM,2,2,2,1,239,114,0.8368
2026-06-12,150,가디건,ITEM,7,7,5,1,352,114,1.9886
2026-06-13,150,가디건,ITEM,4,4,4,2,267,107,1.4981
2026-06-14,150,가디건,ITEM,6,6,2,1,529,186,1.1342
2026-06-15,150,가디건,ITEM,1,1,1,0,440,179,0.2273
2026-06-16,150,가디건,ITEM,3,3,2,2,465,184,0.6452
2026-06-17,150,가디건,ITEM,4,4,3,2,365,130,1.0959
2026-06-18,150,가디건,ITEM,6,6,3,2,286,139,2.0979
2026-06-19,150,가디건,ITEM,5,5,4,2,510,170,0.9804
2026-06-20,150,가디건,ITEM,4,4,4,1,422,169,0.9479
2026-06-21,150,가디건,ITEM,5,5,4,2,550,205,0.9091
2026-06-22,150,가디건,ITEM,7,7,5,1,455,179,1.5385
2026-06-23,150,가디건,ITEM,9,9,4,1,401,171,2.2444
2026-06-24,150,가디건,ITEM,14,14,3,0,369,145,3.794
2026-06-26,150,가디건,ITEM,8,8,2,2,247,81,3.2389
2026-06-27,150,가디건,ITEM,1,1,1,0,214,76,0.4673
2026-06-28,150,가디건,ITEM,2,2,2,1,327,109,0.6116
2026-06-29,150,가디건,ITEM,4,4,3,0,182,100,2.1978
2026-06-30,150,가디건,ITEM,1,1,1,0,156,56,0.641
2026-07-01,150,가디건,ITEM,7,7,3,2,261,93,2.682
2026-07-02,150,가디건,ITEM,2,2,2,0,107,58,1.8692
2026-07-03,150,가디건,ITEM,2,2,2,1,154,63,1.2987
2026-07-04,150,가디건,ITEM,3,3,3,1,306,114,0.9804
2026-07-05,150,가디건,ITEM,3,3,2,2,295,122,1.0169
2026-07-06,150,가디건,ITEM,2,2,2,0,204,85,0.9804
2026-07-08,150,가디건,ITEM,2,2,2,1,112,58,1.7857
2026-07-09,150,가디건,ITEM,2,2,2,0,161,62,1.2422
2026-07-10,150,가디건,ITEM,5,5,3,2,249,60,2.008
2026-07-11,150,가디건,ITEM,2,2,2,1,174,63,1.1494
2026-07-12,150,가디건,ITEM,6,6,3,1,314,141,1.9108
2026-07-13,150,가디건,ITEM,5,5,2,1,382,151,1.3089
2026-07-14,150,가디건,ITEM,2,2,2,1,267,89,0.7491
2026-07-15,150,가디건,ITEM,7,7,2,1,265,87,2.6415
2026-07-16,150,가디건,ITEM,3,3,2,0,179,58,1.676
2026-07-17,150,가디건,ITEM,9,9,5,1,332,101,2.7108
2026-07-18,150,가디건,ITEM,11,11,7,2,429,155,2.5641
2026-07-19,150,가디건,ITEM,26,26,7,4,670,210,3.8806
2026-07-20,150,가디건,ITEM,15,15,5,3,386,140,3.886
2026-07-21,150,가디건,ITEM,4,4,2,0,284,141,1.4085
2026-07-22,150,가디건,ITEM,2,2,2,0,244,112,0.8197
2026-07-23,150,가디건,ITEM,7,7,5,2,243,86,2.8807
2026-07-24,150,가디건,ITEM,5,5,4,2,233,80,2.1459
2026-07-25,150,가디건,ITEM,1,1,1,0,245,115,0.4082
2026-07-27,150,가디건,ITEM,21,21,5,3,392,161,5.3571
2026-07-28,150,가디건,ITEM,5,5,3,0,262,125,1.9084
2026-07-29,150,가디건,ITEM,4,4,3,0,238,113,1.6807
2026-07-30,150,가디건,ITEM,1,1,1,1,249,101,0.4016
2026-08-01,150,가디건,ITEM,5,5,5,2,277,115,1.8051
2026-08-02,150,가디건,ITEM,2,2,2,1,250,101,0.8
2026-08-04,150,가디건,ITEM,6,6,5,1,225,88,2.6667
2026-08-05,150,가디건,ITEM,5,5,2,1,302,135,1.6556
2026-08-06,150,가디건,ITEM,7,7,2,1,284,112,2.4648
2026-08-07,150,가디건,ITEM,3,3,3,0,151,70,1.9868
2026-08-08,150,가디건,ITEM,2,2,1,1,143,57,1.3986
2026-08-10,150,가디건,ITEM,4,4,3,2,244,105,1.6393
2026-08-11,150,가디건,ITEM,3,3,3,1,383,116,0.7833
2026-08-12,150,가디건,ITEM,4,4,3,2,194,92,2.0619
2026-08-13,150,가디건,ITEM,3,3,3,2,223,94,1.3453
2026-08-14,150,가디건,ITEM,3,3,3,1,159,54,1.8868
2026-08-15,150,가디건,ITEM,2,2,2,1,172,83,1.1628
2026-08-16,150,가디건,ITEM,5,5,3,1,232,98,2.1552
2026-08-17,150,가디건,ITEM,12,12,5,4,543,223,2.2099
2026-08-18,150,가디건,ITEM,8,8,5,1,303,163,2.6403
2026-08-19,150,가디건,ITEM,3,3,3,0,219,95,1.3699
2026-08-20,150,가디건,ITEM,5,5,3,1,236,110,2.1186
2026-08-21,150,가디건,ITEM,5,5,4,1,235,105,2.1277
2026-08-22,150,가디건,ITEM,4,4,4,1,275,117,1.4545
2026-08-23,150,가디건,ITEM,14,14,4,1,472,218,2.9661
2026-08-24,150,가디건,ITEM,7,7,6,2,592,293,1.1824
2026-08-25,150,가디건,ITEM,5,5,4,1,405,202,1.2346
2026-08-26,150,가디건,ITEM,5,5,4,1,424,195,1.1792
2026-08-27,150,가디건,ITEM,6,6,3,0,330,161,1.8182
2026-08-28,150,가디건,ITEM,12,12,7,2,414,157,2.8986
2026-08-29,150,가디건,ITEM,7,7,7,2,316,144,2.2152
2026-08-30,150,가디건,ITEM,9,9,6,1,735,303,1.2245
2026-08-31,150,가디건,ITEM,22,22,14,3,714,321,3.0812
2026-09-01,150,가디건,ITEM,12,12,8,2,601,253,1.9967
2026-09-02,150,가디건,ITEM,14,14,7,2,502,221,2.7888
2026-09-03,150,가디건,ITEM,13,13,7,4,603,270,2.1559
2026-09-04,150,가디건,ITEM,9,9,7,2,482,221,1.8672
2026-09-05,150,가디건,ITEM,7,7,6,2,563,234,1.2433
2026-09-06,150,가디건,ITEM,11,11,8,1,858,363,1.2821
2026-09-07,150,가디건,ITEM,13,13,8,2,732,308,1.776
2026-09-08,150,가디건,ITEM,5,5,5,0,248,112,2.0161
2026-09-09,150,가디건,ITEM,2,2,2,2,170,7,1.1765
2026-03-07,545,개버딘,MATERIAL,1,1,1,0,82,41,1.2195
2026-05-16,545,개버딘,MATERIAL,3,3,1,1,158,49,1.8987
2026-06-13,380,걸리시,STYLE,1,1,1,1,267,107,0.3745
2026-08-18,380,걸리시,STYLE,1,1,1,0,303,163,0.33
2025-09-28,695,그래픽,DETAIL,1,1,1,1,78,15,1.2821
2026-03-01,695,그래픽,DETAIL,1,1,1,1,144,46,0.6944
2026-04-01,695,그래픽,DETAIL,1,1,1,1,43,22,2.3256
2026-04-27,695,그래픽,DETAIL,1,1,1,1,175,75,0.5714
2026-05-03,695,그래픽,DETAIL,1,1,1,1,150,45,0.6667
2026-05-11,695,그래픽,DETAIL,1,1,1,1,111,47,0.9009
2026-05-14,695,그래픽,DETAIL,1,1,1,1,271,108,0.369
2026-05-16,695,그래픽,DETAIL,1,1,1,1,158,49,0.6329
2026-05-19,695,그래픽,DETAIL,2,2,1,1,39,23,5.1282
2026-05-22,695,그래픽,DETAIL,1,1,1,1,227,77,0.4405
2026-05-23,695,그래픽,DETAIL,1,1,1,0,331,93,0.3021
2026-05-25,695,그래픽,DETAIL,2,2,1,1,400,155,0.5
2026-05-28,695,그래픽,DETAIL,1,1,1,0,228,103,0.4386
2026-05-30,695,그래픽,DETAIL,1,1,1,0,234,83,0.4274
2026-06-01,695,그래픽,DETAIL,1,1,1,0,360,160,0.2778
2026-06-02,695,그래픽,DETAIL,1,1,1,1,224,100,0.4464
2026-06-03,695,그래픽,DETAIL,1,1,1,1,222,94,0.4505
2026-06-13,695,그래픽,DETAIL,1,1,1,0,267,107,0.3745
2026-06-14,695,그래픽,DETAIL,1,1,1,1,529,186,0.189
2026-06-15,695,그래픽,DETAIL,1,1,1,1,440,179,0.2273
2026-06-16,695,그래픽,DETAIL,1,1,1,1,465,184,0.2151
2026-06-17,695,그래픽,DETAIL,1,1,1,1,365,130,0.274
2026-06-19,695,그래픽,DETAIL,3,3,2,2,510,170,0.5882
2026-06-22,695,그래픽,DETAIL,1,1,1,0,455,179,0.2198
2026-06-23,695,그래픽,DETAIL,1,1,1,1,401,171,0.2494
2026-06-25,695,그래픽,DETAIL,1,1,1,1,162,75,0.6173
2026-06-29,695,그래픽,DETAIL,1,1,1,1,182,100,0.5495
2026-06-30,695,그래픽,DETAIL,1,1,1,0,156,56,0.641
2026-07-01,695,그래픽,DETAIL,1,1,1,1,261,93,0.3831
2026-07-04,695,그래픽,DETAIL,1,1,1,1,306,114,0.3268
2026-07-06,695,그래픽,DETAIL,1,1,1,1,204,85,0.4902
2026-07-07,695,그래픽,DETAIL,1,1,1,0,203,85,0.4926
2026-07-09,695,그래픽,DETAIL,1,1,1,1,161,62,0.6211
2026-07-10,695,그래픽,DETAIL,1,1,1,1,249,60,0.4016
2026-07-14,695,그래픽,DETAIL,1,1,1,1,267,89,0.3745
2026-07-16,695,그래픽,DETAIL,1,1,1,1,179,58,0.5587
2026-07-17,695,그래픽,DETAIL,2,2,1,1,332,101,0.6024
2026-07-18,695,그래픽,DETAIL,1,1,1,0,429,155,0.2331
2026-07-19,695,그래픽,DETAIL,1,1,1,1,670,210,0.1493
2026-07-20,695,그래픽,DETAIL,1,1,1,0,386,140,0.2591
2026-07-29,695,그래픽,DETAIL,2,2,1,1,238,113,0.8403
2026-07-30,695,그래픽,DETAIL,3,3,1,0,249,101,1.2048
2026-08-02,695,그래픽,DETAIL,1,1,1,1,250,101,0.4
2026-08-03,695,그래픽,DETAIL,1,1,1,1,257,111,0.3891
2026-08-04,695,그래픽,DETAIL,1,1,1,0,225,88,0.4444
2026-08-05,695,그래픽,DETAIL,1,1,1,1,302,135,0.3311
2026-08-24,695,그래픽,DETAIL,1,1,1,1,592,293,0.1689
2026-08-25,695,그래픽,DETAIL,1,1,1,0,405,202,0.2469
2026-09-02,695,그래픽,DETAIL,1,1,1,1,502,221,0.1992
2026-09-03,695,그래픽,DETAIL,1,1,1,1,603,270,0.1658
2026-09-05,695,그래픽,DETAIL,1,1,1,1,563,234,0.1776
2026-05-31,374,그런지,STYLE,1,1,1,1,354,109,0.2825
2026-09-01,374,그런지,STYLE,1,1,1,1,601,253,0.1664
2025-09-01,435,그레이,COLOR,1,1,1,0,68,41,1.4706
2025-09-06,435,그레이,COLOR,1,1,1,0,103,33,0.9709
2025-09-08,435,그레이,COLOR,1,1,1,0,39,12,2.5641
2025-09-14,435,그레이,COLOR,1,1,1,1,52,13,1.9231
2025-09-19,435,그레이,COLOR,2,2,1,0,106,25,1.8868
2025-09-20,435,그레이,COLOR,1,1,1,0,96,34,1.0417
2025-09-21,435,그레이,COLOR,2,2,2,1,55,12,3.6364
2025-09-22,435,그레이,COLOR,1,1,1,0,30,17,3.3333
2025-10-03,435,그레이,COLOR,1,1,1,1,103,20,0.9709
2025-10-04,435,그레이,COLOR,1,1,1,0,84,22,1.1905
2025-10-10,435,그레이,COLOR,1,1,1,1,80,23,1.25
2025-10-12,435,그레이,COLOR,3,3,3,1,76,22,3.9474
2025-10-17,435,그레이,COLOR,1,1,1,1,45,13,2.2222
2025-10-24,435,그레이,COLOR,2,2,1,1,96,19,2.0833
2025-10-26,435,그레이,COLOR,1,1,1,1,63,15,1.5873
2025-11-01,435,그레이,COLOR,2,2,2,0,41,19,4.878
2025-11-02,435,그레이,COLOR,2,2,2,1,86,23,2.3256
2025-11-03,435,그레이,COLOR,1,1,1,1,51,15,1.9608
2025-11-07,435,그레이,COLOR,1,1,1,0,95,32,1.0526
2025-11-09,435,그레이,COLOR,1,1,1,1,76,21,1.3158
2025-11-12,435,그레이,COLOR,1,1,1,0,33,12,3.0303
2025-11-15,435,그레이,COLOR,1,1,1,0,72,28,1.3889
2025-11-16,435,그레이,COLOR,1,1,1,0,99,44,1.0101
2025-11-19,435,그레이,COLOR,8,8,1,1,165,47,4.8485
2025-11-20,435,그레이,COLOR,3,3,3,1,172,49,1.7442
2025-11-23,435,그레이,COLOR,2,2,2,1,92,33,2.1739
2025-11-24,435,그레이,COLOR,3,3,1,0,52,33,5.7692
2025-11-25,435,그레이,COLOR,1,1,1,0,50,29,2.0
2025-11-26,435,그레이,COLOR,2,2,1,0,29,14,6.8966
2025-11-30,435,그레이,COLOR,2,2,1,0,72,27,2.7778
2025-12-01,435,그레이,COLOR,1,1,1,0,29,14,3.4483
2025-12-02,435,그레이,COLOR,4,4,2,2,123,66,3.252
2025-12-03,435,그레이,COLOR,1,1,1,0,93,52,1.0753
2025-12-04,435,그레이,COLOR,1,1,1,0,67,41,1.4925
2025-12-05,435,그레이,COLOR,2,2,2,0,88,46,2.2727
2025-12-21,435,그레이,COLOR,2,2,1,1,92,38,2.1739
2025-12-26,435,그레이,COLOR,1,1,1,1,41,17,2.439
2025-12-31,435,그레이,COLOR,2,2,1,0,10,8,20.0
2026-01-01,435,그레이,COLOR,1,1,1,0,8,6,12.5
2026-01-02,435,그레이,COLOR,2,2,1,1,103,31,1.9417
2026-01-03,435,그레이,COLOR,1,1,1,0,71,37,1.4085
2026-01-10,435,그레이,COLOR,1,1,1,0,36,22,2.7778
2026-01-16,435,그레이,COLOR,6,6,1,1,108,22,5.5556
2026-01-17,435,그레이,COLOR,11,11,2,0,143,78,7.6923
2026-01-18,435,그레이,COLOR,1,1,1,0,53,29,1.8868
2026-01-19,435,그레이,COLOR,4,4,1,0,57,27,7.0175
2026-01-23,435,그레이,COLOR,1,1,1,0,61,26,1.6393
2026-01-24,435,그레이,COLOR,1,1,1,0,62,34,1.6129
2026-01-28,435,그레이,COLOR,1,1,1,0,29,13,3.4483
2026-01-29,435,그레이,COLOR,2,2,1,1,60,12,3.3333
2026-02-01,435,그레이,COLOR,1,1,1,0,83,43,1.2048
2026-02-05,435,그레이,COLOR,1,1,1,0,39,26,2.5641
2026-02-08,435,그레이,COLOR,1,1,1,0,25,22,4.0
2026-02-10,435,그레이,COLOR,1,1,1,0,57,40,1.7544
2026-02-12,435,그레이,COLOR,2,2,2,0,24,12,8.3333
2026-02-20,435,그레이,COLOR,4,4,2,1,152,39,2.6316
2026-02-21,435,그레이,COLOR,1,1,1,0,32,19,3.125
2026-02-22,435,그레이,COLOR,1,1,1,0,61,30,1.6393
2026-02-23,435,그레이,COLOR,1,1,1,0,31,19,3.2258
2026-02-24,435,그레이,COLOR,4,4,3,0,63,32,6.3492
2026-02-27,435,그레이,COLOR,2,2,1,0,156,44,1.2821
2026-03-01,435,그레이,COLOR,1,1,1,1,144,46,0.6944
2026-03-04,435,그레이,COLOR,2,2,1,0,159,65,1.2579
2026-03-05,435,그레이,COLOR,1,1,1,1,64,22,1.5625
2026-03-06,435,그레이,COLOR,2,2,2,0,203,70,0.9852
2026-03-15,435,그레이,COLOR,1,1,1,1,87,29,1.1494
2026-03-17,435,그레이,COLOR,1,1,1,1,76,20,1.3158
2026-03-18,435,그레이,COLOR,2,2,1,0,70,45,2.8571
2026-03-19,435,그레이,COLOR,3,3,2,0,89,60,3.3708
2026-03-20,435,그레이,COLOR,1,1,1,1,44,13,2.2727
2026-03-21,435,그레이,COLOR,2,2,2,1,23,7,8.6957
2026-03-22,435,그레이,COLOR,3,3,2,0,158,62,1.8987
2026-03-23,435,그레이,COLOR,1,1,1,0,64,38,1.5625
2026-03-24,435,그레이,COLOR,1,1,1,0,70,41,1.4286
2026-03-26,435,그레이,COLOR,3,3,2,0,154,65,1.9481
2026-04-01,435,그레이,COLOR,2,2,2,0,43,22,4.6512
2026-04-02,435,그레이,COLOR,1,1,1,0,103,44,0.9709
2026-04-03,435,그레이,COLOR,1,1,1,1,69,31,1.4493
2026-04-05,435,그레이,COLOR,5,5,3,1,129,44,3.876
2026-04-09,435,그레이,COLOR,1,1,1,0,43,30,2.3256
2026-04-18,435,그레이,COLOR,1,1,1,0,168,63,0.5952
2026-04-19,435,그레이,COLOR,1,1,1,0,286,115,0.3497
2026-04-20,435,그레이,COLOR,1,1,1,0,238,90,0.4202
2026-04-21,435,그레이,COLOR,1,1,1,0,58,30,1.7241
2026-04-22,435,그레이,COLOR,2,2,2,0,63,26,3.1746
2026-04-24,435,그레이,COLOR,1,1,1,0,49,31,2.0408
2026-04-30,435,그레이,COLOR,1,1,1,1,78,19,1.2821
2026-05-01,435,그레이,COLOR,1,1,1,1,82,24,1.2195
2026-05-02,435,그레이,COLOR,1,1,1,0,66,35,1.5152
2026-05-03,435,그레이,COLOR,1,1,1,1,150,45,0.6667
2026-05-04,435,그레이,COLOR,1,1,1,0,61,39,1.6393
2026-05-05,435,그레이,COLOR,5,5,2,0,121,55,4.1322
2026-05-06,435,그레이,COLOR,1,1,1,0,95,40,1.0526
2026-05-07,435,그레이,COLOR,2,2,1,0,60,37,3.3333
2026-05-09,435,그레이,COLOR,2,2,2,1,71,29,2.8169
2026-05-11,435,그레이,COLOR,1,1,1,0,111,47,0.9009
2026-05-14,435,그레이,COLOR,6,6,3,1,271,108,2.214
2026-05-15,435,그레이,COLOR,3,3,3,0,177,75,1.6949
2026-05-20,435,그레이,COLOR,2,2,2,1,244,80,0.8197
2026-05-21,435,그레이,COLOR,2,2,1,1,270,85,0.7407
2026-05-22,435,그레이,COLOR,5,5,5,2,227,77,2.2026
2026-05-23,435,그레이,COLOR,1,1,1,1,331,93,0.3021
2026-05-24,435,그레이,COLOR,1,1,1,0,297,121,0.3367
2026-05-25,435,그레이,COLOR,3,3,2,1,400,155,0.75
2026-05-27,435,그레이,COLOR,2,2,2,1,222,83,0.9009
2026-05-28,435,그레이,COLOR,3,3,3,0,228,103,1.3158
2026-05-29,435,그레이,COLOR,1,1,1,1,188,59,0.5319
2026-05-30,435,그레이,COLOR,2,2,2,0,234,83,0.8547
2026-05-31,435,그레이,COLOR,3,3,3,1,354,109,0.8475
2026-06-01,435,그레이,COLOR,4,4,3,2,360,160,1.1111
2026-06-03,435,그레이,COLOR,2,2,2,0,222,94,0.9009
2026-06-04,435,그레이,COLOR,1,1,1,0,137,74,0.7299
2026-06-05,435,그레이,COLOR,4,4,4,1,183,55,2.1858
2026-06-06,435,그레이,COLOR,3,3,3,2,336,108,0.8929
2026-06-08,435,그레이,COLOR,5,5,3,1,380,152,1.3158
2026-06-09,435,그레이,COLOR,3,3,3,0,247,108,1.2146
2026-06-10,435,그레이,COLOR,4,4,2,2,345,160,1.1594
2026-06-12,435,그레이,COLOR,6,6,5,3,352,114,1.7045
2026-06-13,435,그레이,COLOR,5,5,4,1,267,107,1.8727
2026-06-14,435,그레이,COLOR,5,5,5,4,529,186,0.9452
2026-06-15,435,그레이,COLOR,8,8,6,2,440,179,1.8182
2026-06-16,435,그레이,COLOR,3,3,3,2,465,184,0.6452
2026-06-17,435,그레이,COLOR,4,4,4,1,365,130,1.0959
2026-06-18,435,그레이,COLOR,3,3,3,0,286,139,1.049
2026-06-19,435,그레이,COLOR,5,5,5,4,510,170,0.9804
2026-06-20,435,그레이,COLOR,2,2,2,1,422,169,0.4739
2026-06-21,435,그레이,COLOR,3,3,3,2,550,205,0.5455
2026-06-22,435,그레이,COLOR,4,4,4,2,455,179,0.8791
2026-06-23,435,그레이,COLOR,2,2,2,0,401,171,0.4988
2026-06-24,435,그레이,COLOR,4,4,4,1,369,145,1.084
2026-06-25,435,그레이,COLOR,2,2,2,1,162,75,1.2346
2026-06-26,435,그레이,COLOR,2,2,2,1,247,81,0.8097
2026-06-27,435,그레이,COLOR,3,3,2,1,214,76,1.4019
2026-06-28,435,그레이,COLOR,3,3,2,1,327,109,0.9174
2026-06-29,435,그레이,COLOR,3,3,3,0,182,100,1.6484
2026-06-30,435,그레이,COLOR,3,3,3,1,156,56,1.9231
2026-07-01,435,그레이,COLOR,5,5,4,2,261,93,1.9157
2026-07-03,435,그레이,COLOR,1,1,1,0,154,63,0.6494
2026-07-04,435,그레이,COLOR,3,3,3,2,306,114,0.9804
2026-07-05,435,그레이,COLOR,2,2,2,1,295,122,0.678
2026-07-06,435,그레이,COLOR,2,2,2,1,204,85,0.9804
2026-07-07,435,그레이,COLOR,2,2,2,1,203,85,0.9852
2026-07-09,435,그레이,COLOR,1,1,1,0,161,62,0.6211
2026-07-10,435,그레이,COLOR,3,3,3,2,249,60,1.2048
2026-07-11,435,그레이,COLOR,2,2,2,1,174,63,1.1494
2026-07-12,435,그레이,COLOR,2,2,2,1,314,141,0.6369
2026-07-13,435,그레이,COLOR,6,6,4,3,382,151,1.5707
2026-07-17,435,그레이,COLOR,3,3,3,1,332,101,0.9036
2026-07-19,435,그레이,COLOR,7,7,6,2,670,210,1.0448
2026-07-20,435,그레이,COLOR,3,3,3,1,386,140,0.7772
2026-07-21,435,그레이,COLOR,5,5,4,1,284,141,1.7606
2026-07-22,435,그레이,COLOR,2,2,2,1,244,112,0.8197
2026-07-23,435,그레이,COLOR,2,2,2,1,243,86,0.823
2026-07-25,435,그레이,COLOR,3,3,2,0,245,115,1.2245
2026-07-26,435,그레이,COLOR,1,1,1,1,338,132,0.2959
2026-07-27,435,그레이,COLOR,2,2,1,0,392,161,0.5102
2026-07-28,435,그레이,COLOR,3,3,2,1,262,125,1.145
2026-07-29,435,그레이,COLOR,1,1,1,1,238,113,0.4202
2026-07-30,435,그레이,COLOR,1,1,1,1,249,101,0.4016
2026-07-31,435,그레이,COLOR,1,1,1,0,204,84,0.4902
2026-08-03,435,그레이,COLOR,2,2,2,2,257,111,0.7782
2026-08-04,435,그레이,COLOR,2,2,2,1,225,88,0.8889
2026-08-05,435,그레이,COLOR,3,3,3,0,302,135,0.9934
2026-08-06,435,그레이,COLOR,5,5,4,0,284,112,1.7606
2026-08-08,435,그레이,COLOR,3,3,3,1,143,57,2.0979
2026-08-09,435,그레이,COLOR,1,1,1,1,265,116,0.3774
2026-08-10,435,그레이,COLOR,2,2,2,2,244,105,0.8197
2026-08-11,435,그레이,COLOR,2,2,2,1,383,116,0.5222
2026-08-12,435,그레이,COLOR,2,2,2,1,194,92,1.0309
2026-08-13,435,그레이,COLOR,5,5,2,1,223,94,2.2422
2026-08-14,435,그레이,COLOR,3,3,2,2,159,54,1.8868
2026-08-15,435,그레이,COLOR,3,3,3,2,172,83,1.7442
2026-08-16,435,그레이,COLOR,4,4,3,1,232,98,1.7241
2026-08-17,435,그레이,COLOR,3,3,3,0,543,223,0.5525
2026-08-18,435,그레이,COLOR,2,2,2,0,303,163,0.6601
2026-08-19,435,그레이,COLOR,3,3,3,2,219,95,1.3699
2026-08-20,435,그레이,COLOR,3,3,2,1,236,110,1.2712
2026-08-21,435,그레이,COLOR,3,3,2,0,235,105,1.2766
2026-08-22,435,그레이,COLOR,5,5,4,2,275,117,1.8182
2026-08-23,435,그레이,COLOR,2,2,2,1,472,218,0.4237
2026-08-24,435,그레이,COLOR,6,6,4,1,592,293,1.0135
2026-08-25,435,그레이,COLOR,2,2,2,0,405,202,0.4938
2026-08-26,435,그레이,COLOR,5,5,3,1,424,195,1.1792
2026-08-27,435,그레이,COLOR,5,5,3,0,330,161,1.5152
2026-08-28,435,그레이,COLOR,3,3,3,1,414,157,0.7246
2026-08-29,435,그레이,COLOR,3,3,3,2,316,144,0.9494
2026-08-30,435,그레이,COLOR,4,4,3,1,735,303,0.5442
2026-08-31,435,그레이,COLOR,9,9,8,2,714,321,1.2605
2026-09-01,435,그레이,COLOR,9,9,5,1,601,253,1.4975
2026-09-02,435,그레이,COLOR,9,9,6,2,502,221,1.7928
2026-09-03,435,그레이,COLOR,5,5,5,1,603,270,0.8292
2026-09-04,435,그레이,COLOR,4,4,2,0,482,221,0.8299
2026-09-05,435,그레이,COLOR,8,8,5,2,563,234,1.421
2026-09-06,435,그레이,COLOR,6,6,4,0,858,363,0.6993
2026-09-07,435,그레이,COLOR,7,7,7,4,732,308,0.9563
2026-09-08,435,그레이,COLOR,2,2,2,0,248,112,0.8065
2026-09-09,435,그레이,COLOR,3,3,3,3,170,7,1.7647
2026-06-21,569,극세사,MATERIAL,1,1,1,1,550,205,0.1818
2026-07-15,398,긱시크,STYLE,1,1,1,1,265,87,0.3774
2026-08-29,398,긱시크,STYLE,1,1,1,0,316,144,0.3165
2025-09-01,660,긴소매,DETAIL,1,1,1,0,68,41,1.4706
2025-09-05,660,긴소매,DETAIL,1,1,1,1,87,25,1.1494
2025-09-06,660,긴소매,DETAIL,2,2,1,0,103,33,1.9417
2025-09-07,660,긴소매,DETAIL,1,1,1,0,29,8,3.4483
2025-09-08,660,긴소매,DETAIL,2,2,1,0,39,12,5.1282
2025-09-15,660,긴소매,DETAIL,1,1,1,0,110,52,0.9091
2025-09-16,660,긴소매,DETAIL,1,1,1,0,108,47,0.9259
2025-09-21,660,긴소매,DETAIL,1,1,1,1,55,12,1.8182
2025-10-05,660,긴소매,DETAIL,1,1,1,1,53,14,1.8868
2025-10-12,660,긴소매,DETAIL,1,1,1,1,76,22,1.3158
2025-10-13,660,긴소매,DETAIL,1,1,1,0,20,6,5.0
2025-10-19,660,긴소매,DETAIL,1,1,1,1,46,13,2.1739
2025-11-03,660,긴소매,DETAIL,1,1,1,1,51,15,1.9608
2025-11-09,660,긴소매,DETAIL,1,1,1,1,76,21,1.3158
2025-11-12,660,긴소매,DETAIL,1,1,1,0,33,12,3.0303
2025-11-14,660,긴소매,DETAIL,1,1,1,1,73,20,1.3699
2025-11-17,660,긴소매,DETAIL,1,1,1,1,60,30,1.6667
2025-11-23,660,긴소매,DETAIL,1,1,1,1,92,33,1.087
2025-12-16,660,긴소매,DETAIL,1,1,1,0,8,7,12.5
2026-01-11,660,긴소매,DETAIL,1,1,1,0,29,17,3.4483
2026-01-16,660,긴소매,DETAIL,2,2,1,1,108,22,1.8519
2026-01-18,660,긴소매,DETAIL,1,1,1,0,53,29,1.8868
2026-02-12,660,긴소매,DETAIL,1,1,1,1,24,12,4.1667
2026-02-22,660,긴소매,DETAIL,1,1,1,0,61,30,1.6393
2026-02-27,660,긴소매,DETAIL,1,1,1,1,156,44,0.641
2026-03-01,660,긴소매,DETAIL,1,1,1,1,144,46,0.6944
2026-03-04,660,긴소매,DETAIL,1,1,1,0,159,65,0.6289
2026-03-06,660,긴소매,DETAIL,1,1,1,0,203,70,0.4926
2026-03-23,660,긴소매,DETAIL,1,1,1,1,64,38,1.5625
2026-03-24,660,긴소매,DETAIL,2,2,1,1,70,41,2.8571
2026-03-31,660,긴소매,DETAIL,1,1,1,0,70,26,1.4286
2026-04-01,660,긴소매,DETAIL,1,1,1,1,43,22,2.3256
2026-04-02,660,긴소매,DETAIL,2,2,2,0,103,44,1.9417
2026-04-16,660,긴소매,DETAIL,1,1,1,1,41,12,2.439
2026-04-18,660,긴소매,DETAIL,1,1,1,0,168,63,0.5952
2026-04-19,660,긴소매,DETAIL,8,8,3,2,286,115,2.7972
2026-04-20,660,긴소매,DETAIL,3,3,1,0,238,90,1.2605
2026-04-22,660,긴소매,DETAIL,2,2,1,0,63,26,3.1746
2026-04-23,660,긴소매,DETAIL,2,2,2,0,116,64,1.7241
2026-04-24,660,긴소매,DETAIL,2,2,2,0,49,31,4.0816
2026-04-27,660,긴소매,DETAIL,2,2,2,1,175,75,1.1429
2026-04-29,660,긴소매,DETAIL,2,2,2,1,54,16,3.7037
2026-04-30,660,긴소매,DETAIL,1,1,1,1,78,19,1.2821
2026-05-04,660,긴소매,DETAIL,1,1,1,0,61,39,1.6393
2026-05-09,660,긴소매,DETAIL,1,1,1,1,71,29,1.4085
2026-05-15,660,긴소매,DETAIL,4,4,2,0,177,75,2.2599
2026-05-16,660,긴소매,DETAIL,2,2,2,0,158,49,1.2658
2026-05-17,660,긴소매,DETAIL,1,1,1,0,166,82,0.6024
2026-05-20,660,긴소매,DETAIL,3,3,1,0,244,80,1.2295
2026-05-21,660,긴소매,DETAIL,1,1,1,0,270,85,0.3704
2026-05-22,660,긴소매,DETAIL,1,1,1,1,227,77,0.4405
2026-05-23,660,긴소매,DETAIL,2,2,1,0,331,93,0.6042
2026-05-25,660,긴소매,DETAIL,1,1,1,0,400,155,0.25
2026-05-27,660,긴소매,DETAIL,4,4,1,1,222,83,1.8018
2026-05-28,660,긴소매,DETAIL,3,3,2,0,228,103,1.3158
2026-05-29,660,긴소매,DETAIL,1,1,1,1,188,59,0.5319
2026-05-30,660,긴소매,DETAIL,2,2,2,1,234,83,0.8547
2026-05-31,660,긴소매,DETAIL,2,2,2,1,354,109,0.565
2026-06-01,660,긴소매,DETAIL,2,2,2,0,360,160,0.5556
2026-06-04,660,긴소매,DETAIL,1,1,1,0,137,74,0.7299
2026-06-05,660,긴소매,DETAIL,3,3,1,1,183,55,1.6393
2026-06-08,660,긴소매,DETAIL,2,2,2,1,380,152,0.5263
2026-06-09,660,긴소매,DETAIL,2,2,2,1,247,108,0.8097
2026-06-12,660,긴소매,DETAIL,3,3,2,1,352,114,0.8523
2026-06-13,660,긴소매,DETAIL,1,1,1,0,267,107,0.3745
2026-06-14,660,긴소매,DETAIL,3,3,2,1,529,186,0.5671
2026-06-15,660,긴소매,DETAIL,2,2,2,0,440,179,0.4545
2026-06-18,660,긴소매,DETAIL,3,3,2,1,286,139,1.049
2026-06-19,660,긴소매,DETAIL,5,5,3,3,510,170,0.9804
2026-06-20,660,긴소매,DETAIL,1,1,1,0,422,169,0.237
2026-06-21,660,긴소매,DETAIL,1,1,1,1,550,205,0.1818
2026-06-22,660,긴소매,DETAIL,2,2,1,0,455,179,0.4396
2026-06-24,660,긴소매,DETAIL,1,1,1,1,369,145,0.271
2026-06-25,660,긴소매,DETAIL,2,2,1,1,162,75,1.2346
2026-06-26,660,긴소매,DETAIL,2,2,2,2,247,81,0.8097
2026-06-27,660,긴소매,DETAIL,1,1,1,0,214,76,0.4673
2026-06-28,660,긴소매,DETAIL,1,1,1,1,327,109,0.3058
2026-06-30,660,긴소매,DETAIL,1,1,1,1,156,56,0.641
2026-07-05,660,긴소매,DETAIL,1,1,1,0,295,122,0.339
2026-07-06,660,긴소매,DETAIL,1,1,1,0,204,85,0.4902
2026-07-09,660,긴소매,DETAIL,2,2,2,1,161,62,1.2422
2026-07-10,660,긴소매,DETAIL,3,3,2,2,249,60,1.2048
2026-07-11,660,긴소매,DETAIL,4,4,3,0,174,63,2.2989
2026-07-12,660,긴소매,DETAIL,2,2,1,0,314,141,0.6369
2026-07-13,660,긴소매,DETAIL,2,2,2,0,382,151,0.5236
2026-07-15,660,긴소매,DETAIL,1,1,1,0,265,87,0.3774
2026-07-17,660,긴소매,DETAIL,2,2,2,1,332,101,0.6024
2026-07-19,660,긴소매,DETAIL,4,4,2,0,670,210,0.597
2026-07-21,660,긴소매,DETAIL,2,2,1,0,284,141,0.7042
2026-07-22,660,긴소매,DETAIL,1,1,1,0,244,112,0.4098
2026-07-26,660,긴소매,DETAIL,3,3,2,1,338,132,0.8876
2026-07-27,660,긴소매,DETAIL,1,1,1,0,392,161,0.2551
2026-07-30,660,긴소매,DETAIL,4,4,2,1,249,101,1.6064
2026-08-01,660,긴소매,DETAIL,4,4,1,0,277,115,1.444
2026-08-02,660,긴소매,DETAIL,1,1,1,1,250,101,0.4
2026-08-04,660,긴소매,DETAIL,1,1,1,1,225,88,0.4444
2026-08-05,660,긴소매,DETAIL,1,1,1,0,302,135,0.3311
2026-08-06,660,긴소매,DETAIL,1,1,1,1,284,112,0.3521
2026-08-07,660,긴소매,DETAIL,1,1,1,0,151,70,0.6623
2026-08-08,660,긴소매,DETAIL,2,2,2,1,143,57,1.3986
2026-08-09,660,긴소매,DETAIL,1,1,1,1,265,116,0.3774
2026-08-10,660,긴소매,DETAIL,6,6,2,2,244,105,2.459
2026-08-11,660,긴소매,DETAIL,1,1,1,0,383,116,0.2611
2026-08-12,660,긴소매,DETAIL,2,2,2,1,194,92,1.0309
2026-08-13,660,긴소매,DETAIL,1,1,1,1,223,94,0.4484
2026-08-14,660,긴소매,DETAIL,2,2,2,1,159,54,1.2579
2026-08-15,660,긴소매,DETAIL,5,5,3,1,172,83,2.907
2026-08-16,660,긴소매,DETAIL,1,1,1,0,232,98,0.431
2026-08-17,660,긴소매,DETAIL,4,4,2,1,543,223,0.7366
2026-08-18,660,긴소매,DETAIL,1,1,1,0,303,163,0.33
2026-08-19,660,긴소매,DETAIL,2,2,2,0,219,95,0.9132
2026-08-20,660,긴소매,DETAIL,3,3,3,1,236,110,1.2712
2026-08-21,660,긴소매,DETAIL,2,2,2,0,235,105,0.8511
2026-08-22,660,긴소매,DETAIL,1,1,1,1,275,117,0.3636
2026-08-23,660,긴소매,DETAIL,5,5,2,2,472,218,1.0593
2026-08-24,660,긴소매,DETAIL,5,5,4,1,592,293,0.8446
2026-08-25,660,긴소매,DETAIL,4,4,3,0,405,202,0.9877
2026-08-26,660,긴소매,DETAIL,2,2,2,0,424,195,0.4717
2026-08-27,660,긴소매,DETAIL,2,2,2,1,330,161,0.6061
2026-08-28,660,긴소매,DETAIL,2,2,2,1,414,157,0.4831
2026-08-29,660,긴소매,DETAIL,5,5,3,2,316,144,1.5823
2026-08-30,660,긴소매,DETAIL,2,2,2,0,735,303,0.2721
2026-08-31,660,긴소매,DETAIL,4,4,4,1,714,321,0.5602
2026-09-01,660,긴소매,DETAIL,6,6,3,1,601,253,0.9983
2026-09-02,660,긴소매,DETAIL,6,6,2,0,502,221,1.1952
2026-09-03,660,긴소매,DETAIL,7,7,6,3,603,270,1.1609
2026-09-04,660,긴소매,DETAIL,4,4,2,1,482,221,0.8299
2026-09-05,660,긴소매,DETAIL,14,14,8,2,563,234,2.4867
2026-09-06,660,긴소매,DETAIL,10,10,5,1,858,363,1.1655
2026-09-07,660,긴소매,DETAIL,11,11,8,3,732,308,1.5027
2026-09-08,660,긴소매,DETAIL,2,2,2,0,248,112,0.8065
2026-09-09,660,긴소매,DETAIL,2,2,2,2,170,7,1.1765
2025-09-23,562,나일론,MATERIAL,1,1,1,0,14,5,7.1429
2025-09-24,562,나일론,MATERIAL,1,1,1,1,43,14,2.3256
2025-10-24,562,나일론,MATERIAL,1,1,1,1,96,19,1.0417
2025-12-27,562,나일론,MATERIAL,1,1,1,1,32,21,3.125
2026-01-18,562,나일론,MATERIAL,1,1,1,0,53,29,1.8868
2026-02-10,562,나일론,MATERIAL,1,1,1,0,57,40,1.7544
2026-03-06,562,나일론,MATERIAL,1,1,1,1,203,70,0.4926
2026-03-08,562,나일론,MATERIAL,2,2,1,1,71,37,2.8169
2026-03-11,562,나일론,MATERIAL,1,1,1,1,20,12,5.0
2026-03-14,562,나일론,MATERIAL,2,2,1,0,37,12,5.4054
2026-03-16,562,나일론,MATERIAL,1,1,1,1,83,23,1.2048
2026-03-23,562,나일론,MATERIAL,1,1,1,1,64,38,1.5625
2026-04-03,562,나일론,MATERIAL,1,1,1,1,69,31,1.4493
2026-04-17,562,나일론,MATERIAL,2,2,1,1,22,9,9.0909
2026-04-18,562,나일론,MATERIAL,1,1,1,1,168,63,0.5952
2026-04-20,562,나일론,MATERIAL,2,2,2,1,238,90,0.8403
2026-05-03,562,나일론,MATERIAL,1,1,1,1,150,45,0.6667
2026-05-10,562,나일론,MATERIAL,1,1,1,0,34,21,2.9412
2026-05-12,562,나일론,MATERIAL,1,1,1,0,134,52,0.7463
2026-05-14,562,나일론,MATERIAL,7,7,1,1,271,108,2.583
2026-05-15,562,나일론,MATERIAL,7,7,1,0,177,75,3.9548
2026-05-16,562,나일론,MATERIAL,4,4,1,0,158,49,2.5316
2026-05-17,562,나일론,MATERIAL,3,3,2,1,166,82,1.8072
2026-05-18,562,나일론,MATERIAL,2,2,2,0,146,74,1.3699
2026-05-19,562,나일론,MATERIAL,2,2,1,0,39,23,5.1282
2026-05-22,562,나일론,MATERIAL,1,1,1,0,227,77,0.4405
2026-05-23,562,나일론,MATERIAL,1,1,1,1,331,93,0.3021
2026-05-28,562,나일론,MATERIAL,1,1,1,0,228,103,0.4386
2026-05-30,562,나일론,MATERIAL,1,1,1,1,234,83,0.4274
2026-05-31,562,나일론,MATERIAL,3,3,2,2,354,109,0.8475
2026-06-01,562,나일론,MATERIAL,3,3,1,1,360,160,0.8333
2026-06-02,562,나일론,MATERIAL,3,3,1,0,224,100,1.3393
2026-06-07,562,나일론,MATERIAL,1,1,1,0,322,152,0.3106
2026-06-08,562,나일론,MATERIAL,1,1,1,1,380,152,0.2632
2026-06-10,562,나일론,MATERIAL,4,4,1,1,345,160,1.1594
2026-06-11,562,나일론,MATERIAL,1,1,1,0,239,114,0.4184
2026-06-12,562,나일론,MATERIAL,1,1,1,1,352,114,0.2841
2026-06-13,562,나일론,MATERIAL,2,2,1,0,267,107,0.7491
2026-06-15,562,나일론,MATERIAL,1,1,1,1,440,179,0.2273
2026-06-18,562,나일론,MATERIAL,1,1,1,0,286,139,0.3497
2026-06-19,562,나일론,MATERIAL,1,1,1,1,510,170,0.1961
2026-06-20,562,나일론,MATERIAL,2,2,2,1,422,169,0.4739
2026-06-21,562,나일론,MATERIAL,3,3,3,2,550,205,0.5455
2026-06-22,562,나일론,MATERIAL,2,2,2,1,455,179,0.4396
2026-06-24,562,나일론,MATERIAL,1,1,1,0,369,145,0.271
2026-06-25,562,나일론,MATERIAL,1,1,1,1,162,75,0.6173
2026-06-26,562,나일론,MATERIAL,1,1,1,0,247,81,0.4049
2026-06-27,562,나일론,MATERIAL,2,2,2,1,214,76,0.9346
2026-06-28,562,나일론,MATERIAL,2,2,2,1,327,109,0.6116
2026-07-01,562,나일론,MATERIAL,5,5,4,1,261,93,1.9157
2026-07-02,562,나일론,MATERIAL,1,1,1,0,107,58,0.9346
2026-07-03,562,나일론,MATERIAL,2,2,1,1,154,63,1.2987
2026-07-04,562,나일론,MATERIAL,3,3,1,1,306,114,0.9804
2026-07-06,562,나일론,MATERIAL,1,1,1,1,204,85,0.4902
2026-07-08,562,나일론,MATERIAL,1,1,1,0,112,58,0.8929
2026-07-11,562,나일론,MATERIAL,2,2,2,1,174,63,1.1494
2026-07-14,562,나일론,MATERIAL,2,2,2,1,267,89,0.7491
2026-07-15,562,나일론,MATERIAL,2,2,2,1,265,87,0.7547
2026-07-16,562,나일론,MATERIAL,3,3,3,2,179,58,1.676
2026-07-18,562,나일론,MATERIAL,1,1,1,1,429,155,0.2331
2026-07-19,562,나일론,MATERIAL,1,1,1,1,670,210,0.1493
2026-07-20,562,나일론,MATERIAL,1,1,1,1,386,140,0.2591
2026-07-21,562,나일론,MATERIAL,3,3,1,0,284,141,1.0563
2026-07-22,562,나일론,MATERIAL,1,1,1,0,244,112,0.4098
2026-07-23,562,나일론,MATERIAL,1,1,1,0,243,86,0.4115
2026-07-24,562,나일론,MATERIAL,1,1,1,1,233,80,0.4292
2026-07-26,562,나일론,MATERIAL,2,2,2,0,338,132,0.5917
2026-07-27,562,나일론,MATERIAL,2,2,2,1,392,161,0.5102
2026-08-01,562,나일론,MATERIAL,1,1,1,0,277,115,0.361
2026-08-02,562,나일론,MATERIAL,2,2,1,1,250,101,0.8
2026-08-03,562,나일론,MATERIAL,3,3,3,1,257,111,1.1673
2026-08-07,562,나일론,MATERIAL,1,1,1,0,151,70,0.6623
2026-08-11,562,나일론,MATERIAL,2,2,2,2,383,116,0.5222
2026-08-12,562,나일론,MATERIAL,1,1,1,1,194,92,0.5155
2026-08-14,562,나일론,MATERIAL,2,2,2,0,159,54,1.2579
2026-08-16,562,나일론,MATERIAL,2,2,2,2,232,98,0.8621
2026-08-19,562,나일론,MATERIAL,1,1,1,1,219,95,0.4566
2026-08-31,562,나일론,MATERIAL,1,1,1,1,714,321,0.1401
2026-09-02,562,나일론,MATERIAL,4,4,2,2,502,221,0.7968
2026-09-03,562,나일론,MATERIAL,2,2,1,0,603,270,0.3317
2025-09-26,426,네이비,COLOR,1,1,1,1,76,18,1.3158
2025-10-03,426,네이비,COLOR,1,1,1,1,103,20,0.9709
2025-10-05,426,네이비,COLOR,1,1,1,1,53,14,1.8868
2025-10-10,426,네이비,COLOR,1,1,1,1,80,23,1.25
2025-10-13,426,네이비,COLOR,1,1,1,0,20,6,5.0
2025-10-24,426,네이비,COLOR,1,1,1,1,96,19,1.0417
2025-10-29,426,네이비,COLOR,1,1,1,0,26,9,3.8462
2025-11-02,426,네이비,COLOR,1,1,1,1,86,23,1.1628
2025-11-03,426,네이비,COLOR,1,1,1,1,51,15,1.9608
2025-11-19,426,네이비,COLOR,1,1,1,0,165,47,0.6061
2025-11-20,426,네이비,COLOR,1,1,1,1,172,49,0.5814
2025-11-21,426,네이비,COLOR,1,1,1,0,127,48,0.7874
2025-11-29,426,네이비,COLOR,1,1,1,1,64,24,1.5625
2025-12-01,426,네이비,COLOR,1,1,1,0,29,14,3.4483
2025-12-02,426,네이비,COLOR,2,2,2,2,123,66,1.626
2025-12-03,426,네이비,COLOR,3,3,1,0,93,52,3.2258
2025-12-07,426,네이비,COLOR,1,1,1,0,120,49,0.8333
2025-12-23,426,네이비,COLOR,1,1,1,1,50,24,2.0
2025-12-24,426,네이비,COLOR,1,1,1,0,22,11,4.5455
2025-12-25,426,네이비,COLOR,1,1,1,0,12,7,8.3333
2026-01-02,426,네이비,COLOR,1,1,1,0,103,31,0.9709
2026-01-16,426,네이비,COLOR,1,1,1,1,108,22,0.9259
2026-01-20,426,네이비,COLOR,2,2,1,1,57,25,3.5088
2026-01-28,426,네이비,COLOR,1,1,1,0,29,13,3.4483
2026-02-20,426,네이비,COLOR,1,1,1,1,152,39,0.6579
2026-02-23,426,네이비,COLOR,1,1,1,0,31,19,3.2258
2026-02-24,426,네이비,COLOR,1,1,1,0,63,32,1.5873
2026-02-27,426,네이비,COLOR,1,1,1,0,156,44,0.641
2026-02-28,426,네이비,COLOR,1,1,1,0,87,47,1.1494
2026-03-01,426,네이비,COLOR,1,1,1,1,144,46,0.6944
2026-03-02,426,네이비,COLOR,1,1,1,0,49,31,2.0408
2026-03-04,426,네이비,COLOR,1,1,1,0,159,65,0.6289
2026-03-05,426,네이비,COLOR,1,1,1,1,64,22,1.5625
2026-03-06,426,네이비,COLOR,7,7,3,1,203,70,3.4483
2026-03-07,426,네이비,COLOR,2,2,1,0,82,41,2.439
2026-03-10,426,네이비,COLOR,1,1,1,0,28,22,3.5714
2026-03-11,426,네이비,COLOR,3,3,1,0,20,12,15.0
2026-03-13,426,네이비,COLOR,1,1,1,0,26,18,3.8462
2026-03-14,426,네이비,COLOR,2,2,1,0,37,12,5.4054
2026-03-20,426,네이비,COLOR,1,1,1,1,44,13,2.2727
2026-03-22,426,네이비,COLOR,1,1,1,1,158,62,0.6329
2026-03-24,426,네이비,COLOR,1,1,1,0,70,41,1.4286
2026-03-25,426,네이비,COLOR,1,1,1,0,37,25,2.7027
2026-04-03,426,네이비,COLOR,1,1,1,1,69,31,1.4493
2026-04-05,426,네이비,COLOR,1,1,1,0,129,44,0.7752
2026-04-16,426,네이비,COLOR,1,1,1,1,41,12,2.439
2026-04-19,426,네이비,COLOR,2,2,1,1,286,115,0.6993
2026-04-20,426,네이비,COLOR,3,3,2,0,238,90,1.2605
2026-04-22,426,네이비,COLOR,2,2,2,0,63,26,3.1746
2026-04-23,426,네이비,COLOR,2,2,1,0,116,64,1.7241
2026-04-24,426,네이비,COLOR,1,1,1,0,49,31,2.0408
2026-04-27,426,네이비,COLOR,2,2,2,1,175,75,1.1429
2026-04-28,426,네이비,COLOR,1,1,1,0,51,26,1.9608
2026-04-29,426,네이비,COLOR,2,2,1,1,54,16,3.7037
2026-04-30,426,네이비,COLOR,1,1,1,1,78,19,1.2821
2026-05-12,426,네이비,COLOR,2,2,1,1,134,52,1.4925
2026-05-13,426,네이비,COLOR,1,1,1,0,137,56,0.7299
2026-05-14,426,네이비,COLOR,4,4,2,1,271,108,1.476
2026-05-15,426,네이비,COLOR,3,3,1,0,177,75,1.6949
2026-05-17,426,네이비,COLOR,1,1,1,0,166,82,0.6024
2026-05-21,426,네이비,COLOR,2,2,2,0,270,85,0.7407
2026-05-22,426,네이비,COLOR,3,3,3,2,227,77,1.3216
2026-05-23,426,네이비,COLOR,6,6,5,3,331,93,1.8127
2026-05-25,426,네이비,COLOR,1,1,1,1,400,155,0.25
2026-05-26,426,네이비,COLOR,2,2,1,1,189,90,1.0582
2026-05-27,426,네이비,COLOR,2,2,2,2,222,83,0.9009
2026-05-28,426,네이비,COLOR,2,2,2,0,228,103,0.8772
2026-05-29,426,네이비,COLOR,3,3,2,1,188,59,1.5957
2026-05-30,426,네이비,COLOR,2,2,1,1,234,83,0.8547
2026-05-31,426,네이비,COLOR,1,1,1,0,354,109,0.2825
2026-06-01,426,네이비,COLOR,3,3,1,1,360,160,0.8333
2026-06-02,426,네이비,COLOR,3,3,1,0,224,100,1.3393
2026-06-04,426,네이비,COLOR,2,2,2,0,137,74,1.4599
2026-06-05,426,네이비,COLOR,2,2,2,1,183,55,1.0929
2026-06-06,426,네이비,COLOR,1,1,1,1,336,108,0.2976
2026-06-07,426,네이비,COLOR,1,1,1,0,322,152,0.3106
2026-06-08,426,네이비,COLOR,2,2,2,1,380,152,0.5263
2026-06-09,426,네이비,COLOR,1,1,1,0,247,108,0.4049
2026-06-10,426,네이비,COLOR,3,3,2,1,345,160,0.8696
2026-06-12,426,네이비,COLOR,3,3,2,1,352,114,0.8523
2026-06-14,426,네이비,COLOR,7,7,6,2,529,186,1.3233
2026-06-15,426,네이비,COLOR,6,6,4,1,440,179,1.3636
2026-06-16,426,네이비,COLOR,2,2,2,2,465,184,0.4301
2026-06-17,426,네이비,COLOR,2,2,2,2,365,130,0.5479
2026-06-19,426,네이비,COLOR,3,3,3,2,510,170,0.5882
2026-06-20,426,네이비,COLOR,3,3,2,2,422,169,0.7109
2026-06-21,426,네이비,COLOR,1,1,1,0,550,205,0.1818
2026-06-22,426,네이비,COLOR,1,1,1,0,455,179,0.2198
2026-06-24,426,네이비,COLOR,3,3,3,2,369,145,0.813
2026-06-26,426,네이비,COLOR,2,2,2,1,247,81,0.8097
2026-06-28,426,네이비,COLOR,3,3,2,0,327,109,0.9174
2026-06-30,426,네이비,COLOR,2,2,2,1,156,56,1.2821
2026-07-03,426,네이비,COLOR,1,1,1,0,154,63,0.6494
2026-07-04,426,네이비,COLOR,3,3,3,3,306,114,0.9804
2026-07-05,426,네이비,COLOR,1,1,1,1,295,122,0.339
2026-07-06,426,네이비,COLOR,2,2,1,1,204,85,0.9804
2026-07-07,426,네이비,COLOR,3,3,1,0,203,85,1.4778
2026-07-08,426,네이비,COLOR,1,1,1,0,112,58,0.8929
2026-07-09,426,네이비,COLOR,4,4,1,0,161,62,2.4845
2026-07-10,426,네이비,COLOR,1,1,1,0,249,60,0.4016
2026-07-11,426,네이비,COLOR,1,1,1,0,174,63,0.5747
2026-07-13,426,네이비,COLOR,2,2,2,1,382,151,0.5236
2026-07-15,426,네이비,COLOR,3,3,3,1,265,87,1.1321
2026-07-16,426,네이비,COLOR,1,1,1,0,179,58,0.5587
2026-07-17,426,네이비,COLOR,4,4,3,1,332,101,1.2048
2026-07-18,426,네이비,COLOR,2,2,2,1,429,155,0.4662
2026-07-19,426,네이비,COLOR,2,2,2,1,670,210,0.2985
2026-07-20,426,네이비,COLOR,3,3,3,2,386,140,0.7772
2026-07-21,426,네이비,COLOR,6,6,4,2,284,141,2.1127
2026-07-22,426,네이비,COLOR,4,4,4,0,244,112,1.6393
2026-07-23,426,네이비,COLOR,2,2,2,0,243,86,0.823
2026-07-24,426,네이비,COLOR,1,1,1,1,233,80,0.4292
2026-07-25,426,네이비,COLOR,1,1,1,0,245,115,0.4082
2026-07-26,426,네이비,COLOR,2,2,2,1,338,132,0.5917
2026-07-27,426,네이비,COLOR,3,3,3,1,392,161,0.7653
2026-07-28,426,네이비,COLOR,6,6,1,1,262,125,2.2901
2026-07-29,426,네이비,COLOR,2,2,2,0,238,113,0.8403
2026-08-01,426,네이비,COLOR,1,1,1,1,277,115,0.361
2026-08-02,426,네이비,COLOR,1,1,1,0,250,101,0.4
2026-08-03,426,네이비,COLOR,3,3,2,1,257,111,1.1673
2026-08-04,426,네이비,COLOR,1,1,1,1,225,88,0.4444
2026-08-05,426,네이비,COLOR,1,1,1,0,302,135,0.3311
2026-08-06,426,네이비,COLOR,6,6,4,3,284,112,2.1127
2026-08-09,426,네이비,COLOR,11,11,3,1,265,116,4.1509
2026-08-10,426,네이비,COLOR,8,8,2,0,244,105,3.2787
2026-08-11,426,네이비,COLOR,5,5,4,1,383,116,1.3055
2026-08-12,426,네이비,COLOR,1,1,1,0,194,92,0.5155
2026-08-13,426,네이비,COLOR,2,2,2,2,223,94,0.8969
2026-08-14,426,네이비,COLOR,2,2,2,1,159,54,1.2579
2026-08-15,426,네이비,COLOR,3,3,2,1,172,83,1.7442
2026-08-16,426,네이비,COLOR,4,4,2,1,232,98,1.7241
2026-08-18,426,네이비,COLOR,1,1,1,0,303,163,0.33
2026-08-19,426,네이비,COLOR,1,1,1,0,219,95,0.4566
2026-08-20,426,네이비,COLOR,3,3,3,2,236,110,1.2712
2026-08-21,426,네이비,COLOR,1,1,1,0,235,105,0.4255
2026-08-23,426,네이비,COLOR,1,1,1,0,472,218,0.2119
2026-08-24,426,네이비,COLOR,2,2,2,1,592,293,0.3378
2026-08-25,426,네이비,COLOR,1,1,1,0,405,202,0.2469
2026-08-26,426,네이비,COLOR,5,5,2,0,424,195,1.1792
2026-08-27,426,네이비,COLOR,3,3,1,0,330,161,0.9091
2026-08-28,426,네이비,COLOR,4,4,4,1,414,157,0.9662
2026-08-29,426,네이비,COLOR,2,2,2,1,316,144,0.6329
2026-08-30,426,네이비,COLOR,3,3,2,0,735,303,0.4082
2026-08-31,426,네이비,COLOR,4,4,3,0,714,321,0.5602
2026-09-01,426,네이비,COLOR,4,4,3,1,601,253,0.6656
2026-09-02,426,네이비,COLOR,6,6,6,3,502,221,1.1952
2026-09-03,426,네이비,COLOR,2,2,2,1,603,270,0.3317
2026-09-04,426,네이비,COLOR,1,1,1,0,482,221,0.2075
2026-09-05,426,네이비,COLOR,3,3,3,0,563,234,0.5329
2026-09-06,426,네이비,COLOR,1,1,1,0,858,363,0.1166
2026-09-07,426,네이비,COLOR,3,3,3,1,732,308,0.4098
2026-09-09,426,네이비,COLOR,2,2,2,2,170,7,1.1765
2025-09-21,231,넥타이,ITEM,1,1,1,1,55,12,1.8182
2026-02-20,231,넥타이,ITEM,1,1,1,1,152,39,0.6579
2026-05-31,231,넥타이,ITEM,1,1,1,1,354,109,0.2825
2026-06-14,231,넥타이,ITEM,1,1,1,1,529,186,0.189
2026-06-15,231,넥타이,ITEM,2,2,2,1,440,179,0.4545
2026-06-16,231,넥타이,ITEM,2,2,1,0,465,184,0.4301
2026-06-23,231,넥타이,ITEM,1,1,1,0,401,171,0.2494
2026-07-17,231,넥타이,ITEM,1,1,1,1,332,101,0.3012
2026-08-11,231,넥타이,ITEM,1,1,1,0,383,116,0.2611
2026-08-13,231,넥타이,ITEM,1,1,1,1,223,94,0.4484
2026-08-21,231,넥타이,ITEM,1,1,1,1,235,105,0.4255
2026-08-30,231,넥타이,ITEM,1,1,1,0,735,303,0.1361
2026-09-08,231,넥타이,ITEM,1,1,1,0,248,112,0.4032
2026-03-04,395,놈코어,STYLE,1,1,1,1,159,65,0.6289
2026-07-14,395,놈코어,STYLE,1,1,1,1,267,89,0.3745
2026-07-16,395,놈코어,STYLE,1,1,1,1,179,58,0.5587
2026-08-09,707,니렝스,DETAIL,2,2,1,0,265,116,0.7547
2026-08-18,707,니렝스,DETAIL,2,2,1,0,303,163,0.6601
2026-08-19,707,니렝스,DETAIL,2,2,1,0,219,95,0.9132
2026-08-23,707,니렝스,DETAIL,1,1,1,0,472,218,0.2119
2026-08-25,707,니렝스,DETAIL,1,1,1,0,405,202,0.2469
2026-08-29,707,니렝스,DETAIL,1,1,1,0,316,144,0.3165
2025-09-06,491,데이트,TPO,2,2,1,0,103,33,1.9417
2025-09-15,491,데이트,TPO,1,1,1,0,110,52,0.9091
2025-09-20,491,데이트,TPO,1,1,1,0,96,34,1.0417
2025-09-26,491,데이트,TPO,1,1,1,1,76,18,1.3158
2025-10-02,491,데이트,TPO,1,1,1,0,20,8,5.0
2025-10-09,491,데이트,TPO,1,1,1,0,19,5,5.2632
2025-10-10,491,데이트,TPO,1,1,1,1,80,23,1.25
2025-10-23,491,데이트,TPO,1,1,1,0,25,14,4.0
2025-10-24,491,데이트,TPO,1,1,1,0,96,19,1.0417
2025-10-28,491,데이트,TPO,1,1,1,0,27,11,3.7037
2025-11-08,491,데이트,TPO,1,1,1,0,74,32,1.3514
2025-12-04,491,데이트,TPO,1,1,1,0,67,41,1.4925
2025-12-14,491,데이트,TPO,1,1,1,0,8,6,12.5
2026-01-23,491,데이트,TPO,1,1,1,0,61,26,1.6393
2026-01-24,491,데이트,TPO,1,1,1,0,62,34,1.6129
2026-02-06,491,데이트,TPO,1,1,1,1,65,32,1.5385
2026-02-20,491,데이트,TPO,2,2,2,1,152,39,1.3158
2026-02-22,491,데이트,TPO,3,3,2,1,61,30,4.918
2026-02-23,491,데이트,TPO,1,1,1,0,31,19,3.2258
2026-02-27,491,데이트,TPO,2,2,1,1,156,44,1.2821
2026-03-06,491,데이트,TPO,3,3,2,1,203,70,1.4778
2026-03-22,491,데이트,TPO,1,1,1,1,158,62,0.6329
2026-03-26,491,데이트,TPO,3,3,1,1,154,65,1.9481
2026-03-27,491,데이트,TPO,2,2,1,0,124,47,1.6129
2026-03-30,491,데이트,TPO,1,1,1,0,49,29,2.0408
2026-03-31,491,데이트,TPO,1,1,1,0,70,26,1.4286
2026-04-02,491,데이트,TPO,1,1,1,1,103,44,0.9709
2026-04-03,491,데이트,TPO,1,1,1,1,69,31,1.4493
2026-04-05,491,데이트,TPO,1,1,1,0,129,44,0.7752
2026-04-11,491,데이트,TPO,1,1,1,0,80,37,1.25
2026-04-13,491,데이트,TPO,1,1,1,0,17,11,5.8824
2026-04-30,491,데이트,TPO,1,1,1,1,78,19,1.2821
2026-05-08,491,데이트,TPO,1,1,1,0,46,32,2.1739
2026-05-09,491,데이트,TPO,1,1,1,1,71,29,1.4085
2026-05-18,491,데이트,TPO,1,1,1,0,146,74,0.6849
2026-05-22,491,데이트,TPO,1,1,1,1,227,77,0.4405
2026-05-26,491,데이트,TPO,2,2,2,1,189,90,1.0582
2026-05-30,491,데이트,TPO,1,1,1,0,234,83,0.4274
2026-06-02,491,데이트,TPO,2,2,1,0,224,100,0.8929
2026-06-03,491,데이트,TPO,1,1,1,0,222,94,0.4505
2026-06-05,491,데이트,TPO,2,2,2,1,183,55,1.0929
2026-06-12,491,데이트,TPO,1,1,1,1,352,114,0.2841
2026-06-14,491,데이트,TPO,2,2,2,2,529,186,0.3781
2026-06-19,491,데이트,TPO,2,2,2,1,510,170,0.3922
2026-06-20,491,데이트,TPO,2,2,2,0,422,169,0.4739
2026-06-21,491,데이트,TPO,1,1,1,0,550,205,0.1818
2026-06-22,491,데이트,TPO,3,3,2,0,455,179,0.6593
2026-06-23,491,데이트,TPO,1,1,1,1,401,171,0.2494
2026-06-24,491,데이트,TPO,1,1,1,1,369,145,0.271
2026-06-25,491,데이트,TPO,1,1,1,0,162,75,0.6173
2026-06-26,491,데이트,TPO,1,1,1,1,247,81,0.4049
2026-07-01,491,데이트,TPO,4,4,1,1,261,93,1.5326
2026-07-02,491,데이트,TPO,2,2,1,0,107,58,1.8692
2026-07-05,491,데이트,TPO,1,1,1,1,295,122,0.339
2026-07-09,491,데이트,TPO,1,1,1,1,161,62,0.6211
2026-07-11,491,데이트,TPO,1,1,1,0,174,63,0.5747
2026-07-12,491,데이트,TPO,1,1,1,1,314,141,0.3185
2026-07-13,491,데이트,TPO,3,3,3,2,382,151,0.7853
2026-07-14,491,데이트,TPO,1,1,1,1,267,89,0.3745
2026-07-15,491,데이트,TPO,1,1,1,1,265,87,0.3774
2026-07-17,491,데이트,TPO,2,2,2,1,332,101,0.6024
2026-07-18,491,데이트,TPO,2,2,2,1,429,155,0.4662
2026-07-19,491,데이트,TPO,1,1,1,1,670,210,0.1493
2026-07-23,491,데이트,TPO,1,1,1,1,243,86,0.4115
2026-07-24,491,데이트,TPO,1,1,1,1,233,80,0.4292
2026-07-25,491,데이트,TPO,1,1,1,1,245,115,0.4082
2026-07-26,491,데이트,TPO,1,1,1,1,338,132,0.2959
2026-07-27,491,데이트,TPO,2,2,2,1,392,161,0.5102
2026-07-31,491,데이트,TPO,2,2,2,1,204,84,0.9804
2026-08-03,491,데이트,TPO,1,1,1,1,257,111,0.3891
2026-08-05,491,데이트,TPO,3,3,1,1,302,135,0.9934
2026-08-21,491,데이트,TPO,1,1,1,1,235,105,0.4255
2026-08-23,491,데이트,TPO,1,1,1,0,472,218,0.2119
2026-08-24,491,데이트,TPO,3,3,3,0,592,293,0.5068
2026-08-25,491,데이트,TPO,1,1,1,0,405,202,0.2469
2026-08-27,491,데이트,TPO,1,1,1,0,330,161,0.303
2026-08-30,491,데이트,TPO,1,1,1,0,735,303,0.1361
2026-08-31,491,데이트,TPO,1,1,1,1,714,321,0.1401
2026-09-01,491,데이트,TPO,1,1,1,0,601,253,0.1664
2026-09-06,491,데이트,TPO,1,1,1,1,858,363,0.1166
2025-09-01,516,데일리,TPO,2,2,1,0,68,41,2.9412
2025-09-02,516,데일리,TPO,1,1,1,0,36,20,2.7778
2025-09-04,516,데일리,TPO,1,1,1,0,14,11,7.1429
2025-09-05,516,데일리,TPO,1,1,1,1,87,25,1.1494
2025-09-09,516,데일리,TPO,1,1,1,0,11,4,9.0909
2025-09-10,516,데일리,TPO,1,1,1,0,25,7,4.0
2025-09-12,516,데일리,TPO,1,1,1,1,61,22,1.6393
2025-09-13,516,데일리,TPO,5,5,1,0,46,32,10.8696
2025-09-14,516,데일리,TPO,1,1,1,1,52,13,1.9231
2025-09-15,516,데일리,TPO,1,1,1,0,110,52,0.9091
2025-09-16,516,데일리,TPO,2,2,1,0,108,47,1.8519
2025-09-17,516,데일리,TPO,1,1,1,0,22,12,4.5455
2025-09-19,516,데일리,TPO,2,2,1,1,106,25,1.8868
2025-09-20,516,데일리,TPO,1,1,1,0,96,34,1.0417
2025-09-21,516,데일리,TPO,1,1,1,1,55,12,1.8182
2025-09-24,516,데일리,TPO,3,3,2,0,43,14,6.9767
2025-09-25,516,데일리,TPO,2,2,1,0,40,12,5.0
2025-09-26,516,데일리,TPO,1,1,1,1,76,18,1.3158
2025-09-27,516,데일리,TPO,3,3,1,0,92,35,3.2609
2025-09-28,516,데일리,TPO,3,3,2,1,78,15,3.8462
2025-10-01,516,데일리,TPO,1,1,1,0,23,7,4.3478
2025-10-02,516,데일리,TPO,1,1,1,0,20,8,5.0
2025-10-03,516,데일리,TPO,4,4,1,1,103,20,3.8835
2025-10-04,516,데일리,TPO,2,2,1,0,84,22,2.381
2025-10-05,516,데일리,TPO,2,2,2,2,53,14,3.7736
2025-10-10,516,데일리,TPO,1,1,1,1,80,23,1.25
2025-10-12,516,데일리,TPO,1,1,1,1,76,22,1.3158
2025-10-13,516,데일리,TPO,1,1,1,0,20,6,5.0
2025-10-16,516,데일리,TPO,1,1,1,0,12,4,8.3333
2025-10-17,516,데일리,TPO,3,3,1,1,45,13,6.6667
2025-10-18,516,데일리,TPO,1,1,1,0,18,12,5.5556
2025-10-19,516,데일리,TPO,1,1,1,1,46,13,2.1739
2025-10-23,516,데일리,TPO,1,1,1,0,25,14,4.0
2025-10-24,516,데일리,TPO,3,3,1,1,96,19,3.125
2025-10-25,516,데일리,TPO,3,3,1,0,48,21,6.25
2025-10-26,516,데일리,TPO,2,2,2,1,63,15,3.1746
2025-10-30,516,데일리,TPO,2,2,1,0,17,10,11.7647
2025-10-31,516,데일리,TPO,2,2,1,1,66,25,3.0303
2025-11-01,516,데일리,TPO,2,2,1,0,41,19,4.878
2025-11-02,516,데일리,TPO,2,2,2,2,86,23,2.3256
2025-11-03,516,데일리,TPO,1,1,1,0,51,15,1.9608
2025-11-06,516,데일리,TPO,3,3,1,0,32,11,9.375
2025-11-07,516,데일리,TPO,2,2,1,1,95,32,2.1053
2025-11-08,516,데일리,TPO,2,2,1,0,74,32,2.7027
2025-11-09,516,데일리,TPO,2,2,2,2,76,21,2.6316
2025-11-13,516,데일리,TPO,1,1,1,0,13,7,7.6923
2025-11-14,516,데일리,TPO,2,2,1,1,73,20,2.7397
2025-11-16,516,데일리,TPO,2,2,2,1,99,44,2.0202
2025-11-17,516,데일리,TPO,1,1,1,0,60,30,1.6667
2025-11-19,516,데일리,TPO,2,2,1,1,165,47,1.2121
2025-11-20,516,데일리,TPO,2,2,2,1,172,49,1.1628
2025-11-21,516,데일리,TPO,3,3,2,1,127,48,2.3622
2025-11-22,516,데일리,TPO,2,2,1,0,75,36,2.6667
2025-11-26,516,데일리,TPO,1,1,1,0,29,14,3.4483
2025-11-27,516,데일리,TPO,3,3,1,0,35,15,8.5714
2025-11-28,516,데일리,TPO,5,5,1,1,80,32,6.25
2025-11-29,516,데일리,TPO,6,6,2,0,64,24,9.375
2025-11-30,516,데일리,TPO,3,3,2,1,72,27,4.1667
2025-12-01,516,데일리,TPO,4,4,1,0,29,14,13.7931
2025-12-02,516,데일리,TPO,1,1,1,0,123,66,0.813
2025-12-03,516,데일리,TPO,3,3,2,0,93,52,3.2258
2025-12-04,516,데일리,TPO,3,3,1,0,67,41,4.4776
2025-12-05,516,데일리,TPO,2,2,1,1,88,46,2.2727
2025-12-06,516,데일리,TPO,2,2,1,0,91,53,2.1978
2025-12-07,516,데일리,TPO,1,1,1,1,120,49,0.8333
2025-12-08,516,데일리,TPO,1,1,1,0,42,28,2.381
2025-12-12,516,데일리,TPO,1,1,1,0,27,17,3.7037
2025-12-19,516,데일리,TPO,1,1,1,1,67,36,1.4925
2025-12-21,516,데일리,TPO,2,2,2,1,92,38,2.1739
2025-12-22,516,데일리,TPO,1,1,1,0,31,21,3.2258
2025-12-23,516,데일리,TPO,1,1,1,0,50,24,2.0
2025-12-27,516,데일리,TPO,2,2,1,0,32,21,6.25
2026-01-02,516,데일리,TPO,4,4,1,1,103,31,3.8835
2026-01-03,516,데일리,TPO,1,1,1,0,71,37,1.4085
2026-01-04,516,데일리,TPO,1,1,1,0,43,22,2.3256
2026-01-09,516,데일리,TPO,3,3,1,1,48,18,6.25
2026-01-10,516,데일리,TPO,4,4,1,0,36,22,11.1111
2026-01-11,516,데일리,TPO,1,1,1,0,29,17,3.4483
2026-01-13,516,데일리,TPO,3,3,1,0,8,6,37.5
2026-01-14,516,데일리,TPO,1,1,1,0,5,5,20.0
2026-01-15,516,데일리,TPO,1,1,1,0,6,3,16.6667
2026-01-16,516,데일리,TPO,4,4,2,1,108,22,3.7037
2026-01-23,516,데일리,TPO,1,1,1,1,61,26,1.6393
2026-01-24,516,데일리,TPO,3,3,1,0,62,34,4.8387
2026-01-26,516,데일리,TPO,1,1,1,0,7,6,14.2857
2026-01-27,516,데일리,TPO,2,2,1,0,13,5,15.3846
2026-01-28,516,데일리,TPO,2,2,1,0,29,13,6.8966
2026-01-30,516,데일리,TPO,2,2,1,1,30,17,6.6667
2026-01-31,516,데일리,TPO,1,1,1,1,44,32,2.2727
2026-02-01,516,데일리,TPO,1,1,1,1,83,43,1.2048
2026-02-05,516,데일리,TPO,1,1,1,0,39,26,2.5641
2026-02-06,516,데일리,TPO,4,4,2,0,65,32,6.1538
2026-02-07,516,데일리,TPO,2,2,2,1,115,57,1.7391
2026-02-19,516,데일리,TPO,1,1,1,1,25,13,4.0
2026-02-20,516,데일리,TPO,1,1,1,1,152,39,0.6579
2026-02-22,516,데일리,TPO,1,1,1,0,61,30,1.6393
2026-02-23,516,데일리,TPO,1,1,1,0,31,19,3.2258
2026-02-27,516,데일리,TPO,1,1,1,1,156,44,0.641
2026-03-01,516,데일리,TPO,3,3,2,1,144,46,2.0833
2026-03-04,516,데일리,TPO,1,1,1,1,159,65,0.6289
2026-03-05,516,데일리,TPO,2,2,2,1,64,22,3.125
2026-03-06,516,데일리,TPO,4,4,2,1,203,70,1.9704
2026-03-07,516,데일리,TPO,2,2,1,0,82,41,2.439
2026-03-08,516,데일리,TPO,1,1,1,0,71,37,1.4085
2026-03-09,516,데일리,TPO,1,1,1,1,37,18,2.7027
2026-03-11,516,데일리,TPO,1,1,1,1,20,12,5.0
2026-03-15,516,데일리,TPO,2,2,2,1,87,29,2.2989
2026-03-16,516,데일리,TPO,1,1,1,1,83,23,1.2048
2026-03-17,516,데일리,TPO,1,1,1,1,76,20,1.3158
2026-03-19,516,데일리,TPO,1,1,1,0,89,60,1.1236
2026-03-20,516,데일리,TPO,1,1,1,1,44,13,2.2727
2026-03-22,516,데일리,TPO,3,3,2,2,158,62,1.8987
2026-03-23,516,데일리,TPO,1,1,1,1,64,38,1.5625
2026-03-24,516,데일리,TPO,1,1,1,1,70,41,1.4286
2026-03-26,516,데일리,TPO,1,1,1,1,154,65,0.6494
2026-03-29,516,데일리,TPO,2,2,1,0,38,17,5.2632
2026-03-30,516,데일리,TPO,1,1,1,0,49,29,2.0408
2026-03-31,516,데일리,TPO,1,1,1,1,70,26,1.4286
2026-04-01,516,데일리,TPO,1,1,1,1,43,22,2.3256
2026-04-02,516,데일리,TPO,2,2,2,1,103,44,1.9417
2026-04-03,516,데일리,TPO,1,1,1,1,69,31,1.4493
2026-04-04,516,데일리,TPO,1,1,1,0,58,37,1.7241
2026-04-05,516,데일리,TPO,3,3,2,2,129,44,2.3256
2026-04-08,516,데일리,TPO,1,1,1,1,32,13,3.125
2026-04-10,516,데일리,TPO,5,5,1,0,37,22,13.5135
2026-04-11,516,데일리,TPO,2,2,2,1,80,37,2.5
2026-04-13,516,데일리,TPO,2,2,2,0,17,11,11.7647
2026-04-16,516,데일리,TPO,1,1,1,1,41,12,2.439
2026-04-17,516,데일리,TPO,2,2,1,1,22,9,9.0909
2026-04-18,516,데일리,TPO,3,3,3,2,168,63,1.7857
2026-04-19,516,데일리,TPO,2,2,2,1,286,115,0.6993
2026-04-20,516,데일리,TPO,4,4,3,1,238,90,1.6807
2026-04-22,516,데일리,TPO,2,2,2,1,63,26,3.1746
2026-04-26,516,데일리,TPO,1,1,1,1,23,11,4.3478
2026-04-27,516,데일리,TPO,2,2,2,2,175,75,1.1429
2026-04-29,516,데일리,TPO,3,3,2,1,54,16,5.5556
2026-04-30,516,데일리,TPO,1,1,1,1,78,19,1.2821
2026-05-01,516,데일리,TPO,2,2,2,2,82,24,2.439
2026-05-03,516,데일리,TPO,4,4,4,2,150,45,2.6667
2026-05-04,516,데일리,TPO,3,3,3,1,61,39,4.918
2026-05-05,516,데일리,TPO,2,2,2,1,121,55,1.6529
2026-05-06,516,데일리,TPO,1,1,1,1,95,40,1.0526
2026-05-08,516,데일리,TPO,2,2,1,0,46,32,4.3478
2026-05-09,516,데일리,TPO,1,1,1,1,71,29,1.4085
2026-05-11,516,데일리,TPO,1,1,1,1,111,47,0.9009
2026-05-12,516,데일리,TPO,2,2,2,2,134,52,1.4925
2026-05-13,516,데일리,TPO,1,1,1,1,137,56,0.7299
2026-05-14,516,데일리,TPO,5,5,5,3,271,108,1.845
2026-05-15,516,데일리,TPO,1,1,1,1,177,75,0.565
2026-05-16,516,데일리,TPO,3,3,3,3,158,49,1.8987
2026-05-17,516,데일리,TPO,2,2,2,1,166,82,1.2048
2026-05-18,516,데일리,TPO,4,4,3,1,146,74,2.7397
2026-05-20,516,데일리,TPO,3,3,3,2,244,80,1.2295
2026-05-21,516,데일리,TPO,3,3,3,2,270,85,1.1111
2026-05-22,516,데일리,TPO,3,3,3,2,227,77,1.3216
2026-05-23,516,데일리,TPO,4,4,4,4,331,93,1.2085
2026-05-24,516,데일리,TPO,4,4,4,3,297,121,1.3468
2026-05-25,516,데일리,TPO,5,5,5,4,400,155,1.25
2026-05-26,516,데일리,TPO,4,4,4,2,189,90,2.1164
2026-05-27,516,데일리,TPO,3,3,3,3,222,83,1.3514
2026-05-28,516,데일리,TPO,2,2,2,1,228,103,0.8772
2026-05-29,516,데일리,TPO,3,3,3,2,188,59,1.5957
2026-05-30,516,데일리,TPO,5,5,5,2,234,83,2.1368
2026-05-31,516,데일리,TPO,6,6,6,6,354,109,1.6949
2026-06-01,516,데일리,TPO,5,5,3,3,360,160,1.3889
2026-06-02,516,데일리,TPO,3,3,2,1,224,100,1.3393
2026-06-03,516,데일리,TPO,3,3,3,2,222,94,1.3514
2026-06-04,516,데일리,TPO,2,2,2,1,137,74,1.4599
2026-06-05,516,데일리,TPO,1,1,1,1,183,55,0.5464
2026-06-06,516,데일리,TPO,7,7,5,5,336,108,2.0833
2026-06-07,516,데일리,TPO,2,2,2,2,322,152,0.6211
2026-06-08,516,데일리,TPO,6,6,5,4,380,152,1.5789
2026-06-09,516,데일리,TPO,5,5,5,4,247,108,2.0243
2026-06-10,516,데일리,TPO,4,4,4,3,345,160,1.1594
2026-06-11,516,데일리,TPO,2,2,2,2,239,114,0.8368
2026-06-12,516,데일리,TPO,5,5,5,3,352,114,1.4205
2026-06-13,516,데일리,TPO,4,4,3,2,267,107,1.4981
2026-06-14,516,데일리,TPO,4,4,4,4,529,186,0.7561
2026-06-15,516,데일리,TPO,6,6,6,5,440,179,1.3636
2026-06-16,516,데일리,TPO,6,6,6,6,465,184,1.2903
2026-06-17,516,데일리,TPO,7,7,7,5,365,130,1.9178
2026-06-18,516,데일리,TPO,4,4,4,4,286,139,1.3986
2026-06-19,516,데일리,TPO,10,10,8,7,510,170,1.9608
2026-06-20,516,데일리,TPO,4,4,4,3,422,169,0.9479
2026-06-21,516,데일리,TPO,10,10,8,7,550,205,1.8182
2026-06-22,516,데일리,TPO,8,8,7,6,455,179,1.7582
2026-06-23,516,데일리,TPO,4,4,4,4,401,171,0.9975
2026-06-24,516,데일리,TPO,5,5,5,4,369,145,1.355
2026-06-25,516,데일리,TPO,4,4,3,2,162,75,2.4691
2026-06-26,516,데일리,TPO,6,6,5,3,247,81,2.4291
2026-06-27,516,데일리,TPO,2,2,2,2,214,76,0.9346
2026-06-28,516,데일리,TPO,5,5,5,5,327,109,1.5291
2026-06-29,516,데일리,TPO,1,1,1,1,182,100,0.5495
2026-06-30,516,데일리,TPO,2,2,2,1,156,56,1.2821
2026-07-01,516,데일리,TPO,6,6,5,4,261,93,2.2989
2026-07-02,516,데일리,TPO,1,1,1,0,107,58,0.9346
2026-07-03,516,데일리,TPO,2,2,2,2,154,63,1.2987
2026-07-04,516,데일리,TPO,6,6,6,5,306,114,1.9608
2026-07-05,516,데일리,TPO,5,5,4,4,295,122,1.6949
2026-07-06,516,데일리,TPO,1,1,1,1,204,85,0.4902
2026-07-07,516,데일리,TPO,3,3,3,3,203,85,1.4778
2026-07-08,516,데일리,TPO,2,2,2,2,112,58,1.7857
2026-07-09,516,데일리,TPO,3,3,3,3,161,62,1.8634
2026-07-10,516,데일리,TPO,4,4,4,4,249,60,1.6064
2026-07-11,516,데일리,TPO,4,4,3,2,174,63,2.2989
2026-07-12,516,데일리,TPO,2,2,2,2,314,141,0.6369
2026-07-13,516,데일리,TPO,4,4,4,3,382,151,1.0471
2026-07-14,516,데일리,TPO,4,4,4,3,267,89,1.4981
2026-07-15,516,데일리,TPO,4,4,4,2,265,87,1.5094
2026-07-16,516,데일리,TPO,3,3,3,3,179,58,1.676
2026-07-17,516,데일리,TPO,3,3,3,3,332,101,0.9036
2026-07-18,516,데일리,TPO,9,9,5,3,429,155,2.0979
2026-07-19,516,데일리,TPO,11,11,7,5,670,210,1.6418
2026-07-20,516,데일리,TPO,6,6,6,4,386,140,1.5544
2026-07-21,516,데일리,TPO,6,6,5,4,284,141,2.1127
2026-07-22,516,데일리,TPO,3,3,3,1,244,112,1.2295
2026-07-23,516,데일리,TPO,4,4,4,4,243,86,1.6461
2026-07-24,516,데일리,TPO,5,5,4,4,233,80,2.1459
2026-07-25,516,데일리,TPO,6,6,6,3,245,115,2.449
2026-07-26,516,데일리,TPO,4,4,4,4,338,132,1.1834
2026-07-27,516,데일리,TPO,3,3,2,1,392,161,0.7653
2026-07-28,516,데일리,TPO,4,4,3,3,262,125,1.5267
2026-07-29,516,데일리,TPO,4,4,4,2,238,113,1.6807
2026-07-30,516,데일리,TPO,5,5,5,3,249,101,2.008
2026-07-31,516,데일리,TPO,4,4,4,3,204,84,1.9608
2026-08-01,516,데일리,TPO,2,2,2,2,277,115,0.722
2026-08-02,516,데일리,TPO,4,4,4,4,250,101,1.6
2026-08-03,516,데일리,TPO,3,3,3,2,257,111,1.1673
2026-08-04,516,데일리,TPO,1,1,1,1,225,88,0.4444
2026-08-05,516,데일리,TPO,6,6,5,4,302,135,1.9868
2026-08-06,516,데일리,TPO,3,3,2,2,284,112,1.0563
2026-08-07,516,데일리,TPO,2,2,2,1,151,70,1.3245
2026-08-08,516,데일리,TPO,1,1,1,1,143,57,0.6993
2026-08-09,516,데일리,TPO,2,2,2,0,265,116,0.7547
2026-08-10,516,데일리,TPO,4,4,4,4,244,105,1.6393
2026-08-11,516,데일리,TPO,4,4,4,3,383,116,1.0444
2026-08-13,516,데일리,TPO,1,1,1,1,223,94,0.4484
2026-08-14,516,데일리,TPO,1,1,1,1,159,54,0.6289
2026-08-15,516,데일리,TPO,2,2,2,1,172,83,1.1628
2026-08-16,516,데일리,TPO,1,1,1,0,232,98,0.431
2026-08-17,516,데일리,TPO,2,2,1,1,543,223,0.3683
2026-08-18,516,데일리,TPO,1,1,1,1,303,163,0.33
2026-08-20,516,데일리,TPO,4,4,4,2,236,110,1.6949
2026-08-21,516,데일리,TPO,1,1,1,1,235,105,0.4255
2026-08-22,516,데일리,TPO,4,4,2,1,275,117,1.4545
2026-08-23,516,데일리,TPO,7,7,5,3,472,218,1.4831
2026-08-24,516,데일리,TPO,9,9,4,4,592,293,1.5203
2026-08-25,516,데일리,TPO,9,9,6,3,405,202,2.2222
2026-08-26,516,데일리,TPO,4,4,3,2,424,195,0.9434
2026-08-28,516,데일리,TPO,4,4,4,3,414,157,0.9662
2026-08-29,516,데일리,TPO,4,4,4,3,316,144,1.2658
2026-08-30,516,데일리,TPO,11,11,7,5,735,303,1.4966
2026-08-31,516,데일리,TPO,7,7,6,4,714,321,0.9804
2026-09-01,516,데일리,TPO,4,4,4,4,601,253,0.6656
2026-09-02,516,데일리,TPO,4,4,3,2,502,221,0.7968
2026-09-03,516,데일리,TPO,3,3,3,2,603,270,0.4975
2026-09-04,516,데일리,TPO,4,4,4,2,482,221,0.8299
2026-09-05,516,데일리,TPO,7,7,7,5,563,234,1.2433
2026-09-06,516,데일리,TPO,9,9,7,5,858,363,1.049
2026-09-07,516,데일리,TPO,11,11,7,5,732,308,1.5027
2026-09-08,516,데일리,TPO,3,3,3,1,248,112,1.2097
2026-09-09,516,데일리,TPO,4,4,4,4,170,7,2.3529
2026-09-10,516,데일리,TPO,1,1,1,1,20,5,5.0
2025-10-04,492,돌잔치,TPO,1,1,1,0,84,22,1.1905
2026-07-18,492,돌잔치,TPO,1,1,1,0,429,155,0.2331
2026-08-06,492,돌잔치,TPO,1,1,1,0,284,112,0.3521
2025-10-28,192,드레스,ITEM,1,1,1,0,27,11,3.7037
2026-02-16,192,드레스,ITEM,1,1,1,0,5,5,20.0
2026-02-17,192,드레스,ITEM,1,1,1,0,9,6,11.1111
2026-02-21,192,드레스,ITEM,1,1,1,0,32,19,3.125
2026-03-22,192,드레스,ITEM,1,1,1,1,158,62,0.6329
2026-04-23,192,드레스,ITEM,1,1,1,0,116,64,0.8621
2026-05-03,192,드레스,ITEM,1,1,1,1,150,45,0.6667
2026-05-16,192,드레스,ITEM,2,2,1,0,158,49,1.2658
2026-05-17,192,드레스,ITEM,1,1,1,1,166,82,0.6024
2026-05-18,192,드레스,ITEM,1,1,1,0,146,74,0.6849
2026-05-23,192,드레스,ITEM,3,3,1,1,331,93,0.9063
2026-05-25,192,드레스,ITEM,1,1,1,0,400,155,0.25
2026-05-27,192,드레스,ITEM,1,1,1,0,222,83,0.4505
2026-05-31,192,드레스,ITEM,1,1,1,1,354,109,0.2825
2026-06-01,192,드레스,ITEM,2,2,1,1,360,160,0.5556
2026-06-02,192,드레스,ITEM,1,1,1,0,224,100,0.4464
2026-06-05,192,드레스,ITEM,1,1,1,0,183,55,0.5464
2026-06-06,192,드레스,ITEM,3,3,3,1,336,108,0.8929
2026-06-12,192,드레스,ITEM,2,2,1,1,352,114,0.5682
2026-06-13,192,드레스,ITEM,2,2,2,1,267,107,0.7491
2026-06-14,192,드레스,ITEM,1,1,1,0,529,186,0.189
2026-06-17,192,드레스,ITEM,1,1,1,0,365,130,0.274
2026-06-26,192,드레스,ITEM,1,1,1,0,247,81,0.4049
2026-07-07,192,드레스,ITEM,1,1,1,0,203,85,0.4926
2026-07-11,192,드레스,ITEM,1,1,1,1,174,63,0.5747
2026-07-14,192,드레스,ITEM,1,1,1,0,267,89,0.3745
2026-07-19,192,드레스,ITEM,1,1,1,1,670,210,0.1493
2026-07-20,192,드레스,ITEM,1,1,1,1,386,140,0.2591
2026-07-24,192,드레스,ITEM,1,1,1,1,233,80,0.4292
2026-07-28,192,드레스,ITEM,1,1,1,1,262,125,0.3817
2026-08-01,192,드레스,ITEM,1,1,1,0,277,115,0.361
2026-08-03,192,드레스,ITEM,1,1,1,0,257,111,0.3891
2026-08-05,192,드레스,ITEM,1,1,1,0,302,135,0.3311
2026-08-17,192,드레스,ITEM,2,2,2,0,543,223,0.3683
2026-08-20,192,드레스,ITEM,1,1,1,1,236,110,0.4237
2026-08-22,192,드레스,ITEM,1,1,1,1,275,117,0.3636
2026-08-30,192,드레스,ITEM,1,1,1,1,735,303,0.1361
2026-08-31,192,드레스,ITEM,1,1,1,0,714,321,0.1401
2026-09-01,192,드레스,ITEM,1,1,1,1,601,253,0.1664
2026-09-03,192,드레스,ITEM,1,1,1,0,603,270,0.1658
2025-11-03,526,등산로,TPO,1,1,1,0,51,15,1.9608
2026-04-08,526,등산로,TPO,1,1,1,1,32,13,3.125
2025-12-07,203,등산화,ITEM,1,1,1,1,120,49,0.8333
2026-02-23,203,등산화,ITEM,1,1,1,0,31,19,3.2258
2026-04-08,203,등산화,ITEM,2,2,1,1,32,13,6.25
2026-08-09,203,등산화,ITEM,1,1,1,0,265,116,0.3774
2026-08-10,203,등산화,ITEM,1,1,1,0,244,105,0.4098
2026-08-15,203,등산화,ITEM,1,1,1,1,172,83,0.5814
2025-10-26,473,라벤더,COLOR,1,1,1,1,63,15,1.5873
2025-12-17,473,라벤더,COLOR,1,1,1,0,8,5,12.5
2025-12-18,473,라벤더,COLOR,1,1,1,0,8,6,12.5
2026-02-07,473,라벤더,COLOR,1,1,1,0,115,57,0.8696
2026-07-13,473,라벤더,COLOR,1,1,1,0,382,151,0.2618
2026-07-15,473,라벤더,COLOR,1,1,1,0,265,87,0.3774
2026-07-16,473,라벤더,COLOR,1,1,1,0,179,58,0.5587
2026-07-19,473,라벤더,COLOR,2,2,1,0,670,210,0.2985
2026-07-26,473,라벤더,COLOR,1,1,1,0,338,132,0.2959
2026-08-20,473,라벤더,COLOR,1,1,1,0,236,110,0.4237
2026-08-30,473,라벤더,COLOR,1,1,1,0,735,303,0.1361
2026-09-01,473,라벤더,COLOR,1,1,1,0,601,253,0.1664
2026-09-02,473,라벤더,COLOR,1,1,1,0,502,221,0.1992
2025-11-14,474,라일락,COLOR,1,1,1,0,73,20,1.3699
2025-11-15,474,라일락,COLOR,1,1,1,0,72,28,1.3889
2025-11-19,474,라일락,COLOR,1,1,1,1,165,47,0.6061
2026-05-24,474,라일락,COLOR,1,1,1,0,297,121,0.3367
2025-10-24,788,래글런,DETAIL,1,1,1,0,96,19,1.0417
2025-11-07,788,래글런,DETAIL,1,1,1,0,95,32,1.0526
2025-11-28,788,래글런,DETAIL,2,2,1,1,80,32,2.5
2025-11-30,788,래글런,DETAIL,1,1,1,0,72,27,1.3889
2025-12-02,788,래글런,DETAIL,5,5,1,0,123,66,4.065
2025-12-03,788,래글런,DETAIL,3,3,3,0,93,52,3.2258
2025-12-07,788,래글런,DETAIL,1,1,1,1,120,49,0.8333
2026-03-06,788,래글런,DETAIL,1,1,1,0,203,70,0.4926
2026-03-16,788,래글런,DETAIL,1,1,1,1,83,23,1.2048
2026-04-20,788,래글런,DETAIL,1,1,1,1,238,90,0.4202
2026-05-20,788,래글런,DETAIL,1,1,1,0,244,80,0.4098
2026-07-16,788,래글런,DETAIL,1,1,1,1,179,58,0.5587
2026-08-28,788,래글런,DETAIL,1,1,1,0,414,157,0.2415
2026-09-01,788,래글런,DETAIL,2,2,1,0,601,253,0.3328
2026-09-03,788,래글런,DETAIL,1,1,1,0,603,270,0.1658
2026-09-05,788,래글런,DETAIL,1,1,1,1,563,234,0.1776
2026-09-06,788,래글런,DETAIL,1,1,1,1,858,363,0.1166
2026-06-15,716,러그솔,DETAIL,1,1,1,1,440,179,0.2273
2026-06-18,716,러그솔,DETAIL,1,1,1,0,286,139,0.3497
2026-06-19,716,러그솔,DETAIL,1,1,1,0,510,170,0.1961
2026-06-20,716,러그솔,DETAIL,1,1,1,1,422,169,0.237
2026-06-25,716,러그솔,DETAIL,1,1,1,1,162,75,0.6173
2026-07-26,716,러그솔,DETAIL,1,1,1,1,338,132,0.2959
2026-08-06,716,러그솔,DETAIL,1,1,1,1,284,112,0.3521
2026-08-07,716,러그솔,DETAIL,1,1,1,1,151,70,0.6623
2026-09-03,716,러그솔,DETAIL,1,1,1,0,603,270,0.1658
2025-10-13,204,러닝화,ITEM,1,1,1,0,20,6,5.0
2025-10-16,204,러닝화,ITEM,1,1,1,0,12,4,8.3333
2025-12-23,204,러닝화,ITEM,1,1,1,0,50,24,2.0
2026-02-02,204,러닝화,ITEM,1,1,1,0,12,10,8.3333
2026-02-07,204,러닝화,ITEM,1,1,1,0,115,57,0.8696
2026-02-11,204,러닝화,ITEM,2,2,1,0,20,13,10.0
2026-02-12,204,러닝화,ITEM,2,2,1,0,24,12,8.3333
2026-02-28,204,러닝화,ITEM,3,3,1,0,87,47,3.4483
2026-03-01,204,러닝화,ITEM,1,1,1,0,144,46,0.6944
2026-03-22,204,러닝화,ITEM,1,1,1,0,158,62,0.6329
2026-04-08,204,러닝화,ITEM,1,1,1,1,32,13,3.125
2026-05-31,204,러닝화,ITEM,1,1,1,0,354,109,0.2825
2026-06-05,204,러닝화,ITEM,1,1,1,0,183,55,0.5464
2026-06-15,204,러닝화,ITEM,4,4,3,2,440,179,0.9091
2026-06-28,204,러닝화,ITEM,1,1,1,0,327,109,0.3058
2026-07-08,204,러닝화,ITEM,1,1,1,0,112,58,0.8929
2026-07-09,204,러닝화,ITEM,1,1,1,1,161,62,0.6211
2026-08-02,204,러닝화,ITEM,1,1,1,1,250,101,0.4
2026-08-03,204,러닝화,ITEM,2,2,1,1,257,111,0.7782
2026-08-04,204,러닝화,ITEM,3,3,1,0,225,88,1.3333
2026-08-05,204,러닝화,ITEM,2,2,2,1,302,135,0.6623
2026-08-16,204,러닝화,ITEM,1,1,1,0,232,98,0.431
2026-08-25,204,러닝화,ITEM,1,1,1,0,405,202,0.2469
2026-09-03,204,러닝화,ITEM,1,1,1,1,603,270,0.1658
2026-09-07,204,러닝화,ITEM,1,1,1,0,732,308,0.1366
2025-09-27,381,러블리,STYLE,1,1,1,0,92,35,1.087
2025-09-28,381,러블리,STYLE,1,1,1,0,78,15,1.2821
2025-10-20,381,러블리,STYLE,1,1,1,0,16,12,6.25
2025-11-01,381,러블리,STYLE,1,1,1,0,41,19,2.439
2025-11-14,381,러블리,STYLE,1,1,1,0,73,20,1.3699
2025-11-19,381,러블리,STYLE,1,1,1,0,165,47,0.6061
2025-11-25,381,러블리,STYLE,1,1,1,0,50,29,2.0
2025-11-29,381,러블리,STYLE,1,1,1,0,64,24,1.5625
2025-12-20,381,러블리,STYLE,1,1,1,0,56,39,1.7857
2026-02-15,381,러블리,STYLE,1,1,1,0,30,19,3.3333
2026-02-27,381,러블리,STYLE,1,1,1,0,156,44,0.641
2026-03-06,381,러블리,STYLE,1,1,1,0,203,70,0.4926
2026-03-18,381,러블리,STYLE,1,1,1,0,70,45,1.4286
2026-03-25,381,러블리,STYLE,1,1,1,0,37,25,2.7027
2026-03-27,381,러블리,STYLE,2,2,1,0,124,47,1.6129
2026-04-05,381,러블리,STYLE,1,1,1,0,129,44,0.7752
2026-04-23,381,러블리,STYLE,2,2,2,0,116,64,1.7241
2026-05-16,381,러블리,STYLE,1,1,1,0,158,49,0.6329
2026-05-18,381,러블리,STYLE,2,2,1,0,146,74,1.3699
2026-05-21,381,러블리,STYLE,1,1,1,0,270,85,0.3704
2026-05-25,381,러블리,STYLE,1,1,1,0,400,155,0.25
2026-05-29,381,러블리,STYLE,1,1,1,0,188,59,0.5319
2026-05-30,381,러블리,STYLE,2,2,2,1,234,83,0.8547
2026-06-01,381,러블리,STYLE,4,4,1,1,360,160,1.1111
2026-06-02,381,러블리,STYLE,4,4,1,0,224,100,1.7857
2026-06-03,381,러블리,STYLE,1,1,1,0,222,94,0.4505
2026-06-06,381,러블리,STYLE,1,1,1,0,336,108,0.2976
2026-06-16,381,러블리,STYLE,1,1,1,1,465,184,0.2151
2026-06-18,381,러블리,STYLE,1,1,1,1,286,139,0.3497
2026-06-19,381,러블리,STYLE,1,1,1,0,510,170,0.1961
2026-06-23,381,러블리,STYLE,1,1,1,1,401,171,0.2494
2026-06-24,381,러블리,STYLE,1,1,1,1,369,145,0.271
2026-07-01,381,러블리,STYLE,2,2,1,1,261,93,0.7663
2026-07-02,381,러블리,STYLE,2,2,1,0,107,58,1.8692
2026-07-03,381,러블리,STYLE,1,1,1,0,154,63,0.6494
2026-07-17,381,러블리,STYLE,3,3,1,0,332,101,0.9036
2026-07-18,381,러블리,STYLE,1,1,1,0,429,155,0.2331
2026-07-21,381,러블리,STYLE,1,1,1,0,284,141,0.3521
2026-07-27,381,러블리,STYLE,2,2,2,1,392,161,0.5102
2026-07-31,381,러블리,STYLE,1,1,1,0,204,84,0.4902
2026-08-01,381,러블리,STYLE,1,1,1,1,277,115,0.361
2026-08-02,381,러블리,STYLE,1,1,1,0,250,101,0.4
2026-08-05,381,러블리,STYLE,1,1,1,0,302,135,0.3311
2026-08-06,381,러블리,STYLE,1,1,1,0,284,112,0.3521
2026-08-07,381,러블리,STYLE,1,1,1,0,151,70,0.6623
2026-08-09,381,러블리,STYLE,1,1,1,0,265,116,0.3774
2026-08-15,381,러블리,STYLE,1,1,1,1,172,83,0.5814
2026-08-18,381,러블리,STYLE,1,1,1,0,303,163,0.33
2026-08-25,381,러블리,STYLE,2,2,1,0,405,202,0.4938
2026-08-27,381,러블리,STYLE,1,1,1,0,330,161,0.303
2026-08-30,381,러블리,STYLE,2,2,1,0,735,303,0.2721
2026-09-07,381,러블리,STYLE,1,1,1,0,732,308,0.1366
2025-12-06,173,레깅스,ITEM,1,1,1,0,91,53,1.0989
2025-12-30,173,레깅스,ITEM,1,1,1,0,36,17,2.7778
2026-01-07,173,레깅스,ITEM,1,1,1,0,13,8,7.6923
2026-04-11,173,레깅스,ITEM,1,1,1,0,80,37,1.25
2026-05-09,173,레깅스,ITEM,1,1,1,0,71,29,1.4085
2026-06-28,173,레깅스,ITEM,1,1,1,0,327,109,0.3058
2026-07-16,173,레깅스,ITEM,1,1,1,1,179,58,0.5587
2026-07-22,173,레깅스,ITEM,1,1,1,0,244,112,0.4098
2026-07-25,173,레깅스,ITEM,1,1,1,0,245,115,0.4082
2026-09-01,173,레깅스,ITEM,1,1,1,0,601,253,0.1664
2026-09-04,173,레깅스,ITEM,1,1,1,0,482,221,0.2075
2025-09-28,548,레이스,MATERIAL,1,1,1,1,78,15,1.2821
2025-10-03,548,레이스,MATERIAL,1,1,1,1,103,20,0.9709
2025-11-25,548,레이스,MATERIAL,1,1,1,0,50,29,2.0
2026-01-19,548,레이스,MATERIAL,1,1,1,0,57,27,1.7544
2026-02-20,548,레이스,MATERIAL,1,1,1,1,152,39,0.6579
2026-02-27,548,레이스,MATERIAL,3,3,2,1,156,44,1.9231
2026-02-28,548,레이스,MATERIAL,2,2,1,0,87,47,2.2989
2026-03-01,548,레이스,MATERIAL,2,2,1,0,144,46,1.3889
2026-03-05,548,레이스,MATERIAL,1,1,1,0,64,22,1.5625
2026-03-07,548,레이스,MATERIAL,1,1,1,0,82,41,1.2195
2026-03-15,548,레이스,MATERIAL,1,1,1,1,87,29,1.1494
2026-03-26,548,레이스,MATERIAL,2,2,1,0,154,65,1.2987
2026-03-27,548,레이스,MATERIAL,6,6,1,0,124,47,4.8387
2026-03-28,548,레이스,MATERIAL,2,2,1,0,23,9,8.6957
2026-03-29,548,레이스,MATERIAL,1,1,1,0,38,17,2.6316
2026-04-02,548,레이스,MATERIAL,1,1,1,0,103,44,0.9709
2026-04-18,548,레이스,MATERIAL,1,1,1,0,168,63,0.5952
2026-04-19,548,레이스,MATERIAL,3,3,2,1,286,115,1.049
2026-04-20,548,레이스,MATERIAL,1,1,1,1,238,90,0.4202
2026-04-23,548,레이스,MATERIAL,1,1,1,0,116,64,0.8621
2026-04-25,548,레이스,MATERIAL,1,1,1,0,52,20,1.9231
2026-04-29,548,레이스,MATERIAL,1,1,1,0,54,16,1.8519
2026-04-30,548,레이스,MATERIAL,1,1,1,1,78,19,1.2821
2026-05-01,548,레이스,MATERIAL,1,1,1,0,82,24,1.2195
2026-05-16,548,레이스,MATERIAL,2,2,2,1,158,49,1.2658
2026-05-17,548,레이스,MATERIAL,1,1,1,0,166,82,0.6024
2026-05-21,548,레이스,MATERIAL,3,3,3,2,270,85,1.1111
2026-05-22,548,레이스,MATERIAL,3,3,3,1,227,77,1.3216
2026-05-23,548,레이스,MATERIAL,2,2,1,1,331,93,0.6042
2026-05-24,548,레이스,MATERIAL,1,1,1,0,297,121,0.3367
2026-05-29,548,레이스,MATERIAL,1,1,1,1,188,59,0.5319
2026-05-30,548,레이스,MATERIAL,2,2,2,1,234,83,0.8547
2026-05-31,548,레이스,MATERIAL,1,1,1,1,354,109,0.2825
2026-06-01,548,레이스,MATERIAL,3,3,1,1,360,160,0.8333
2026-06-02,548,레이스,MATERIAL,7,7,1,0,224,100,3.125
2026-06-03,548,레이스,MATERIAL,2,2,1,0,222,94,0.9009
2026-06-04,548,레이스,MATERIAL,1,1,1,0,137,74,0.7299
2026-06-05,548,레이스,MATERIAL,2,2,2,1,183,55,1.0929
2026-06-06,548,레이스,MATERIAL,5,5,4,3,336,108,1.4881
2026-06-07,548,레이스,MATERIAL,1,1,1,0,322,152,0.3106
2026-06-09,548,레이스,MATERIAL,1,1,1,1,247,108,0.4049
2026-06-11,548,레이스,MATERIAL,2,2,2,0,239,114,0.8368
2026-06-13,548,레이스,MATERIAL,2,2,2,2,267,107,0.7491
2026-06-14,548,레이스,MATERIAL,2,2,1,1,529,186,0.3781
2026-06-15,548,레이스,MATERIAL,2,2,2,1,440,179,0.4545
2026-06-16,548,레이스,MATERIAL,1,1,1,1,465,184,0.2151
2026-06-18,548,레이스,MATERIAL,2,2,1,1,286,139,0.6993
2026-06-19,548,레이스,MATERIAL,2,2,1,1,510,170,0.3922
2026-06-21,548,레이스,MATERIAL,2,2,2,2,550,205,0.3636
2026-06-22,548,레이스,MATERIAL,2,2,2,1,455,179,0.4396
2026-06-23,548,레이스,MATERIAL,2,2,1,1,401,171,0.4988
2026-06-24,548,레이스,MATERIAL,6,6,3,2,369,145,1.626
2026-06-25,548,레이스,MATERIAL,1,1,1,0,162,75,0.6173
2026-06-26,548,레이스,MATERIAL,3,3,3,3,247,81,1.2146
2026-06-27,548,레이스,MATERIAL,2,2,1,1,214,76,0.9346
2026-06-28,548,레이스,MATERIAL,3,3,3,2,327,109,0.9174
2026-07-01,548,레이스,MATERIAL,2,2,1,1,261,93,0.7663
2026-07-02,548,레이스,MATERIAL,1,1,1,0,107,58,0.9346
2026-07-03,548,레이스,MATERIAL,1,1,1,0,154,63,0.6494
2026-07-04,548,레이스,MATERIAL,1,1,1,1,306,114,0.3268
2026-07-05,548,레이스,MATERIAL,2,2,2,2,295,122,0.678
2026-07-06,548,레이스,MATERIAL,1,1,1,1,204,85,0.4902
2026-07-09,548,레이스,MATERIAL,1,1,1,1,161,62,0.6211
2026-07-10,548,레이스,MATERIAL,2,2,1,1,249,60,0.8032
2026-07-14,548,레이스,MATERIAL,2,2,1,1,267,89,0.7491
2026-07-15,548,레이스,MATERIAL,2,2,2,1,265,87,0.7547
2026-07-17,548,레이스,MATERIAL,2,2,2,1,332,101,0.6024
2026-07-18,548,레이스,MATERIAL,3,3,2,1,429,155,0.6993
2026-07-19,548,레이스,MATERIAL,1,1,1,1,670,210,0.1493
2026-07-21,548,레이스,MATERIAL,3,3,3,1,284,141,1.0563
2026-07-22,548,레이스,MATERIAL,1,1,1,1,244,112,0.4098
2026-07-23,548,레이스,MATERIAL,3,3,2,2,243,86,1.2346
2026-07-26,548,레이스,MATERIAL,3,3,2,2,338,132,0.8876
2026-07-27,548,레이스,MATERIAL,3,3,1,1,392,161,0.7653
2026-07-28,548,레이스,MATERIAL,1,1,1,1,262,125,0.3817
2026-07-29,548,레이스,MATERIAL,1,1,1,0,238,113,0.4202
2026-07-30,548,레이스,MATERIAL,3,3,2,2,249,101,1.2048
2026-07-31,548,레이스,MATERIAL,1,1,1,1,204,84,0.4902
2026-08-01,548,레이스,MATERIAL,3,3,2,1,277,115,1.083
2026-08-02,548,레이스,MATERIAL,2,2,2,1,250,101,0.8
2026-08-03,548,레이스,MATERIAL,2,2,2,1,257,111,0.7782
2026-08-05,548,레이스,MATERIAL,3,3,1,1,302,135,0.9934
2026-08-06,548,레이스,MATERIAL,2,2,2,1,284,112,0.7042
2026-08-09,548,레이스,MATERIAL,1,1,1,1,265,116,0.3774
2026-08-11,548,레이스,MATERIAL,1,1,1,0,383,116,0.2611
2026-08-13,548,레이스,MATERIAL,1,1,1,1,223,94,0.4484
2026-08-14,548,레이스,MATERIAL,3,3,2,2,159,54,1.8868
2026-08-15,548,레이스,MATERIAL,2,2,2,1,172,83,1.1628
2026-08-16,548,레이스,MATERIAL,1,1,1,1,232,98,0.431
2026-08-17,548,레이스,MATERIAL,6,6,2,1,543,223,1.105
2026-08-18,548,레이스,MATERIAL,1,1,1,0,303,163,0.33
2026-08-19,548,레이스,MATERIAL,1,1,1,0,219,95,0.4566
2026-08-20,548,레이스,MATERIAL,1,1,1,1,236,110,0.4237
2026-08-21,548,레이스,MATERIAL,2,2,1,1,235,105,0.8511
2026-08-22,548,레이스,MATERIAL,3,3,3,1,275,117,1.0909
2026-08-23,548,레이스,MATERIAL,1,1,1,0,472,218,0.2119
2026-08-24,548,레이스,MATERIAL,2,2,2,0,592,293,0.3378
2026-08-25,548,레이스,MATERIAL,1,1,1,1,405,202,0.2469
2026-08-26,548,레이스,MATERIAL,3,3,2,1,424,195,0.7075
2026-08-28,548,레이스,MATERIAL,1,1,1,1,414,157,0.2415
2026-08-31,548,레이스,MATERIAL,1,1,1,0,714,321,0.1401
2026-09-01,548,레이스,MATERIAL,1,1,1,0,601,253,0.1664
2026-09-02,548,레이스,MATERIAL,1,1,1,0,502,221,0.1992
2026-09-03,548,레이스,MATERIAL,1,1,1,1,603,270,0.1658
2026-09-06,548,레이스,MATERIAL,3,3,3,3,858,363,0.3497
2026-09-07,548,레이스,MATERIAL,2,2,2,2,732,308,0.2732
2026-04-27,554,레이온,MATERIAL,1,1,1,1,175,75,0.5714
2026-05-17,554,레이온,MATERIAL,1,1,1,1,166,82,0.6024
2026-05-18,554,레이온,MATERIAL,1,1,1,0,146,74,0.6849
2026-06-06,554,레이온,MATERIAL,1,1,1,0,336,108,0.2976
2026-06-13,554,레이온,MATERIAL,2,2,1,0,267,107,0.7491
2026-06-19,554,레이온,MATERIAL,1,1,1,0,510,170,0.1961
2026-06-20,554,레이온,MATERIAL,1,1,1,1,422,169,0.237
2026-06-21,554,레이온,MATERIAL,1,1,1,0,550,205,0.1818
2026-06-22,554,레이온,MATERIAL,2,2,1,1,455,179,0.4396
2026-07-10,554,레이온,MATERIAL,1,1,1,1,249,60,0.4016
2026-07-13,554,레이온,MATERIAL,1,1,1,0,382,151,0.2618
2026-07-17,554,레이온,MATERIAL,1,1,1,1,332,101,0.3012
2026-07-19,554,레이온,MATERIAL,16,16,1,1,670,210,2.3881
2026-07-20,554,레이온,MATERIAL,5,5,1,0,386,140,1.2953
2026-07-23,554,레이온,MATERIAL,1,1,1,0,243,86,0.4115
2026-07-30,554,레이온,MATERIAL,1,1,1,1,249,101,0.4016
2026-08-05,554,레이온,MATERIAL,1,1,1,0,302,135,0.3311
2026-08-07,554,레이온,MATERIAL,1,1,1,0,151,70,0.6623
2026-08-12,554,레이온,MATERIAL,1,1,1,1,194,92,0.5155
2026-08-13,554,레이온,MATERIAL,1,1,1,1,223,94,0.4484
2026-03-16,694,레터링,DETAIL,1,1,1,1,83,23,1.2048
2026-05-03,694,레터링,DETAIL,1,1,1,1,150,45,0.6667
2026-05-09,694,레터링,DETAIL,1,1,1,0,71,29,1.4085
2026-05-25,694,레터링,DETAIL,1,1,1,1,400,155,0.25
2026-05-31,694,레터링,DETAIL,1,1,1,1,354,109,0.2825
2026-06-02,694,레터링,DETAIL,3,3,2,1,224,100,1.3393
2026-06-07,694,레터링,DETAIL,4,4,1,1,322,152,1.2422
2026-06-14,694,레터링,DETAIL,1,1,1,0,529,186,0.189
2026-06-20,694,레터링,DETAIL,1,1,1,0,422,169,0.237
2026-06-24,694,레터링,DETAIL,1,1,1,1,369,145,0.271
2026-06-26,694,레터링,DETAIL,1,1,1,0,247,81,0.4049
2026-07-06,694,레터링,DETAIL,1,1,1,1,204,85,0.4902
2026-07-31,694,레터링,DETAIL,1,1,1,1,204,84,0.4902
2026-08-03,694,레터링,DETAIL,1,1,1,1,257,111,0.3891
2026-09-01,694,레터링,DETAIL,1,1,1,1,601,253,0.1664
2026-09-04,694,레터링,DETAIL,1,1,1,0,482,221,0.2075
2026-09-05,694,레터링,DETAIL,1,1,1,1,563,234,0.1776
2025-09-16,394,레트로,STYLE,1,1,1,0,108,47,0.9259
2026-02-07,394,레트로,STYLE,1,1,1,0,115,57,0.8696
2026-02-08,394,레트로,STYLE,1,1,1,0,25,22,4.0
2026-03-15,394,레트로,STYLE,1,1,1,0,87,29,1.1494
2026-06-17,394,레트로,STYLE,1,1,1,1,365,130,0.274
2026-06-20,394,레트로,STYLE,1,1,1,1,422,169,0.237
2026-07-05,394,레트로,STYLE,1,1,1,0,295,122,0.339
2026-07-26,394,레트로,STYLE,1,1,1,1,338,132,0.2959
2026-07-28,394,레트로,STYLE,1,1,1,1,262,125,0.3817
2026-08-07,394,레트로,STYLE,1,1,1,0,151,70,0.6623
2026-08-25,394,레트로,STYLE,1,1,1,0,405,202,0.2469
2025-09-08,646,롱기장,DETAIL,1,1,1,0,39,12,2.5641
2025-09-11,646,롱기장,DETAIL,2,2,1,0,24,8,8.3333
2025-09-14,646,롱기장,DETAIL,1,1,1,1,52,13,1.9231
2025-09-20,646,롱기장,DETAIL,1,1,1,0,96,34,1.0417
2025-09-22,646,롱기장,DETAIL,1,1,1,0,30,17,3.3333
2025-09-26,646,롱기장,DETAIL,2,2,1,1,76,18,2.6316
2025-09-27,646,롱기장,DETAIL,3,3,1,0,92,35,3.2609
2025-09-28,646,롱기장,DETAIL,4,4,1,0,78,15,5.1282
2025-10-01,646,롱기장,DETAIL,1,1,1,0,23,7,4.3478
2025-10-04,646,롱기장,DETAIL,1,1,1,0,84,22,1.1905
2025-10-06,646,롱기장,DETAIL,1,1,1,0,19,9,5.2632
2025-10-12,646,롱기장,DETAIL,1,1,1,1,76,22,1.3158
2025-10-13,646,롱기장,DETAIL,1,1,1,0,20,6,5.0
2025-10-16,646,롱기장,DETAIL,1,1,1,0,12,4,8.3333
2025-10-21,646,롱기장,DETAIL,1,1,1,0,19,11,5.2632
2025-10-24,646,롱기장,DETAIL,1,1,1,1,96,19,1.0417
2025-10-26,646,롱기장,DETAIL,1,1,1,0,63,15,1.5873
2025-10-31,646,롱기장,DETAIL,4,4,1,1,66,25,6.0606
2025-11-01,646,롱기장,DETAIL,4,4,1,0,41,19,9.7561
2025-11-02,646,롱기장,DETAIL,2,2,2,1,86,23,2.3256
2025-11-03,646,롱기장,DETAIL,3,3,2,0,51,15,5.8824
2025-11-04,646,롱기장,DETAIL,2,2,1,0,25,13,8.0
2025-11-06,646,롱기장,DETAIL,2,2,1,0,32,11,6.25
2025-11-07,646,롱기장,DETAIL,7,7,1,1,95,32,7.3684
2025-11-08,646,롱기장,DETAIL,2,2,1,0,74,32,2.7027
2025-11-09,646,롱기장,DETAIL,1,1,1,0,76,21,1.3158
2025-11-10,646,롱기장,DETAIL,4,4,2,0,34,16,11.7647
2025-11-16,646,롱기장,DETAIL,1,1,1,1,99,44,1.0101
2025-11-19,646,롱기장,DETAIL,3,3,2,1,165,47,1.8182
2025-11-20,646,롱기장,DETAIL,4,4,2,1,172,49,2.3256
2025-11-21,646,롱기장,DETAIL,3,3,2,1,127,48,2.3622
2025-11-22,646,롱기장,DETAIL,3,3,1,0,75,36,4.0
2025-11-23,646,롱기장,DETAIL,2,2,1,0,92,33,2.1739
2025-11-24,646,롱기장,DETAIL,3,3,1,0,52,33,5.7692
2025-11-25,646,롱기장,DETAIL,1,1,1,0,50,29,2.0
2025-11-27,646,롱기장,DETAIL,1,1,1,0,35,15,2.8571
2025-11-28,646,롱기장,DETAIL,1,1,1,1,80,32,1.25
2025-11-29,646,롱기장,DETAIL,1,1,1,0,64,24,1.5625
2025-11-30,646,롱기장,DETAIL,3,3,2,1,72,27,4.1667
2025-12-01,646,롱기장,DETAIL,1,1,1,0,29,14,3.4483
2025-12-02,646,롱기장,DETAIL,4,4,3,1,123,66,3.252
2025-12-03,646,롱기장,DETAIL,2,2,1,0,93,52,2.1505
2025-12-04,646,롱기장,DETAIL,4,4,2,0,67,41,5.9701
2025-12-05,646,롱기장,DETAIL,1,1,1,0,88,46,1.1364
2025-12-10,646,롱기장,DETAIL,1,1,1,0,17,11,5.8824
2025-12-11,646,롱기장,DETAIL,2,2,2,0,33,17,6.0606
2025-12-12,646,롱기장,DETAIL,1,1,1,0,27,17,3.7037
2025-12-15,646,롱기장,DETAIL,1,1,1,0,10,7,10.0
2025-12-19,646,롱기장,DETAIL,1,1,1,1,67,36,1.4925
2025-12-21,646,롱기장,DETAIL,1,1,1,1,92,38,1.087
2025-12-22,646,롱기장,DETAIL,3,3,2,0,31,21,9.6774
2025-12-28,646,롱기장,DETAIL,1,1,1,0,16,11,6.25
2026-01-02,646,롱기장,DETAIL,2,2,1,1,103,31,1.9417
2026-01-03,646,롱기장,DETAIL,1,1,1,0,71,37,1.4085
2026-01-05,646,롱기장,DETAIL,1,1,1,0,19,11,5.2632
2026-01-06,646,롱기장,DETAIL,1,1,1,0,35,19,2.8571
2026-01-09,646,롱기장,DETAIL,1,1,1,1,48,18,2.0833
2026-01-11,646,롱기장,DETAIL,2,2,1,0,29,17,6.8966
2026-01-17,646,롱기장,DETAIL,1,1,1,0,143,78,0.6993
2026-01-19,646,롱기장,DETAIL,1,1,1,0,57,27,1.7544
2026-01-22,646,롱기장,DETAIL,1,1,1,0,17,8,5.8824
2026-01-23,646,롱기장,DETAIL,1,1,1,1,61,26,1.6393
2026-01-29,646,롱기장,DETAIL,1,1,1,0,60,12,1.6667
2026-01-31,646,롱기장,DETAIL,1,1,1,0,44,32,2.2727
2026-02-06,646,롱기장,DETAIL,4,4,2,0,65,32,6.1538
2026-02-07,646,롱기장,DETAIL,2,2,1,0,115,57,1.7391
2026-02-11,646,롱기장,DETAIL,1,1,1,0,20,13,5.0
2026-02-15,646,롱기장,DETAIL,1,1,1,0,30,19,3.3333
2026-02-20,646,롱기장,DETAIL,3,3,2,2,152,39,1.9737
2026-02-24,646,롱기장,DETAIL,1,1,1,0,63,32,1.5873
2026-02-25,646,롱기장,DETAIL,3,3,2,0,52,33,5.7692
2026-02-27,646,롱기장,DETAIL,2,2,2,1,156,44,1.2821
2026-02-28,646,롱기장,DETAIL,3,3,2,0,87,47,3.4483
2026-03-01,646,롱기장,DETAIL,3,3,2,1,144,46,2.0833
2026-03-05,646,롱기장,DETAIL,1,1,1,1,64,22,1.5625
2026-03-06,646,롱기장,DETAIL,1,1,1,0,203,70,0.4926
2026-03-13,646,롱기장,DETAIL,1,1,1,0,26,18,3.8462
2026-03-15,646,롱기장,DETAIL,1,1,1,1,87,29,1.1494
2026-03-16,646,롱기장,DETAIL,1,1,1,1,83,23,1.2048
2026-03-19,646,롱기장,DETAIL,2,2,2,0,89,60,2.2472
2026-03-20,646,롱기장,DETAIL,1,1,1,1,44,13,2.2727
2026-03-23,646,롱기장,DETAIL,1,1,1,0,64,38,1.5625
2026-03-25,646,롱기장,DETAIL,1,1,1,0,37,25,2.7027
2026-03-26,646,롱기장,DETAIL,1,1,1,0,154,65,0.6494
2026-03-27,646,롱기장,DETAIL,2,2,2,0,124,47,1.6129
2026-03-29,646,롱기장,DETAIL,1,1,1,0,38,17,2.6316
2026-04-01,646,롱기장,DETAIL,1,1,1,0,43,22,2.3256
2026-04-02,646,롱기장,DETAIL,2,2,2,0,103,44,1.9417
2026-04-06,646,롱기장,DETAIL,1,1,1,0,39,22,2.5641
2026-04-11,646,롱기장,DETAIL,1,1,1,0,80,37,1.25
2026-04-13,646,롱기장,DETAIL,1,1,1,0,17,11,5.8824
2026-04-18,646,롱기장,DETAIL,1,1,1,1,168,63,0.5952
2026-04-19,646,롱기장,DETAIL,2,2,2,0,286,115,0.6993
2026-04-20,646,롱기장,DETAIL,1,1,1,0,238,90,0.4202
2026-04-21,646,롱기장,DETAIL,1,1,1,0,58,30,1.7241
2026-04-23,646,롱기장,DETAIL,1,1,1,0,116,64,0.8621
2026-04-25,646,롱기장,DETAIL,1,1,1,0,52,20,1.9231
2026-05-01,646,롱기장,DETAIL,1,1,1,0,82,24,1.2195
2026-05-02,646,롱기장,DETAIL,1,1,1,0,66,35,1.5152
2026-05-05,646,롱기장,DETAIL,2,2,2,0,121,55,1.6529
2026-05-07,646,롱기장,DETAIL,1,1,1,0,60,37,1.6667
2026-05-11,646,롱기장,DETAIL,1,1,1,0,111,47,0.9009
2026-05-14,646,롱기장,DETAIL,1,1,1,1,271,108,0.369
2026-05-15,646,롱기장,DETAIL,1,1,1,0,177,75,0.565
2026-05-16,646,롱기장,DETAIL,1,1,1,0,158,49,0.6329
2026-05-17,646,롱기장,DETAIL,1,1,1,0,166,82,0.6024
2026-05-21,646,롱기장,DETAIL,3,3,3,0,270,85,1.1111
2026-05-22,646,롱기장,DETAIL,2,2,2,0,227,77,0.8811
2026-05-23,646,롱기장,DETAIL,2,2,2,0,331,93,0.6042
2026-05-24,646,롱기장,DETAIL,2,2,2,0,297,121,0.6734
2026-05-25,646,롱기장,DETAIL,5,5,4,0,400,155,1.25
2026-05-27,646,롱기장,DETAIL,1,1,1,0,222,83,0.4505
2026-05-28,646,롱기장,DETAIL,1,1,1,0,228,103,0.4386
2026-06-01,646,롱기장,DETAIL,4,4,4,0,360,160,1.1111
2026-06-02,646,롱기장,DETAIL,1,1,1,0,224,100,0.4464
2026-06-03,646,롱기장,DETAIL,2,2,2,0,222,94,0.9009
2026-06-04,646,롱기장,DETAIL,2,2,1,0,137,74,1.4599
2026-06-05,646,롱기장,DETAIL,3,3,2,1,183,55,1.6393
2026-06-06,646,롱기장,DETAIL,2,2,2,1,336,108,0.5952
2026-06-08,646,롱기장,DETAIL,4,4,2,1,380,152,1.0526
2026-06-09,646,롱기장,DETAIL,2,2,2,1,247,108,0.8097
2026-06-10,646,롱기장,DETAIL,1,1,1,0,345,160,0.2899
2026-06-11,646,롱기장,DETAIL,2,2,2,1,239,114,0.8368
2026-06-12,646,롱기장,DETAIL,3,3,2,2,352,114,0.8523
2026-06-13,646,롱기장,DETAIL,2,2,1,0,267,107,0.7491
2026-06-16,646,롱기장,DETAIL,2,2,1,0,465,184,0.4301
2026-06-17,646,롱기장,DETAIL,4,4,3,0,365,130,1.0959
2026-06-19,646,롱기장,DETAIL,4,4,3,2,510,170,0.7843
2026-06-20,646,롱기장,DETAIL,1,1,1,0,422,169,0.237
2026-06-21,646,롱기장,DETAIL,3,3,3,2,550,205,0.5455
2026-06-22,646,롱기장,DETAIL,3,3,3,0,455,179,0.6593
2026-06-23,646,롱기장,DETAIL,6,6,5,2,401,171,1.4963
2026-06-24,646,롱기장,DETAIL,4,4,4,2,369,145,1.084
2026-06-26,646,롱기장,DETAIL,3,3,3,2,247,81,1.2146
2026-06-27,646,롱기장,DETAIL,2,2,2,1,214,76,0.9346
2026-06-28,646,롱기장,DETAIL,4,4,3,1,327,109,1.2232
2026-06-29,646,롱기장,DETAIL,2,2,2,0,182,100,1.0989
2026-06-30,646,롱기장,DETAIL,1,1,1,0,156,56,0.641
2026-07-01,646,롱기장,DETAIL,3,3,3,1,261,93,1.1494
2026-07-04,646,롱기장,DETAIL,2,2,2,1,306,114,0.6536
2026-07-05,646,롱기장,DETAIL,1,1,1,0,295,122,0.339
2026-07-08,646,롱기장,DETAIL,1,1,1,0,112,58,0.8929
2026-07-09,646,롱기장,DETAIL,1,1,1,0,161,62,0.6211
2026-07-10,646,롱기장,DETAIL,3,3,2,1,249,60,1.2048
2026-07-11,646,롱기장,DETAIL,8,8,2,1,174,63,4.5977
2026-07-12,646,롱기장,DETAIL,2,2,2,0,314,141,0.6369
2026-07-13,646,롱기장,DETAIL,2,2,2,1,382,151,0.5236
2026-07-14,646,롱기장,DETAIL,1,1,1,1,267,89,0.3745
2026-07-15,646,롱기장,DETAIL,1,1,1,1,265,87,0.3774
2026-07-16,646,롱기장,DETAIL,6,6,3,1,179,58,3.352
2026-07-17,646,롱기장,DETAIL,3,3,2,1,332,101,0.9036
2026-07-18,646,롱기장,DETAIL,4,4,3,0,429,155,0.9324
2026-07-19,646,롱기장,DETAIL,4,4,3,2,670,210,0.597
2026-07-20,646,롱기장,DETAIL,3,3,3,1,386,140,0.7772
2026-07-21,646,롱기장,DETAIL,2,2,2,0,284,141,0.7042
2026-07-22,646,롱기장,DETAIL,3,3,3,2,244,112,1.2295
2026-07-25,646,롱기장,DETAIL,3,3,3,1,245,115,1.2245
2026-07-26,646,롱기장,DETAIL,1,1,1,0,338,132,0.2959
2026-07-27,646,롱기장,DETAIL,3,3,3,2,392,161,0.7653
2026-07-28,646,롱기장,DETAIL,2,2,2,0,262,125,0.7634
2026-07-29,646,롱기장,DETAIL,2,2,2,0,238,113,0.8403
2026-07-30,646,롱기장,DETAIL,2,2,1,1,249,101,0.8032
2026-07-31,646,롱기장,DETAIL,3,3,3,1,204,84,1.4706
2026-08-01,646,롱기장,DETAIL,1,1,1,0,277,115,0.361
2026-08-03,646,롱기장,DETAIL,1,1,1,1,257,111,0.3891
2026-08-04,646,롱기장,DETAIL,3,3,3,2,225,88,1.3333
2026-08-05,646,롱기장,DETAIL,2,2,2,1,302,135,0.6623
2026-08-06,646,롱기장,DETAIL,2,2,2,1,284,112,0.7042
2026-08-07,646,롱기장,DETAIL,1,1,1,0,151,70,0.6623
2026-08-08,646,롱기장,DETAIL,4,4,1,0,143,57,2.7972
2026-08-09,646,롱기장,DETAIL,1,1,1,0,265,116,0.3774
2026-08-10,646,롱기장,DETAIL,3,3,3,2,244,105,1.2295
2026-08-11,646,롱기장,DETAIL,1,1,1,1,383,116,0.2611
2026-08-12,646,롱기장,DETAIL,5,5,4,2,194,92,2.5773
2026-08-13,646,롱기장,DETAIL,3,3,3,1,223,94,1.3453
2026-08-14,646,롱기장,DETAIL,2,2,1,1,159,54,1.2579
2026-08-15,646,롱기장,DETAIL,3,3,3,0,172,83,1.7442
2026-08-16,646,롱기장,DETAIL,1,1,1,0,232,98,0.431
2026-08-17,646,롱기장,DETAIL,7,7,4,2,543,223,1.2891
2026-08-18,646,롱기장,DETAIL,3,3,3,1,303,163,0.9901
2026-08-19,646,롱기장,DETAIL,3,3,1,1,219,95,1.3699
2026-08-20,646,롱기장,DETAIL,2,2,2,0,236,110,0.8475
2026-08-21,646,롱기장,DETAIL,3,3,2,1,235,105,1.2766
2026-08-22,646,롱기장,DETAIL,2,2,2,0,275,117,0.7273
2026-08-23,646,롱기장,DETAIL,1,1,1,0,472,218,0.2119
2026-08-24,646,롱기장,DETAIL,4,4,3,0,592,293,0.6757
2026-08-25,646,롱기장,DETAIL,4,4,2,1,405,202,0.9877
2026-08-26,646,롱기장,DETAIL,7,7,3,2,424,195,1.6509
2026-08-27,646,롱기장,DETAIL,2,2,2,0,330,161,0.6061
2026-08-28,646,롱기장,DETAIL,2,2,2,1,414,157,0.4831
2026-08-29,646,롱기장,DETAIL,1,1,1,0,316,144,0.3165
2026-08-30,646,롱기장,DETAIL,5,5,5,1,735,303,0.6803
2026-08-31,646,롱기장,DETAIL,13,13,7,1,714,321,1.8207
2026-09-01,646,롱기장,DETAIL,4,4,3,1,601,253,0.6656
2026-09-02,646,롱기장,DETAIL,3,3,3,0,502,221,0.5976
2026-09-03,646,롱기장,DETAIL,4,4,4,3,603,270,0.6633
2026-09-04,646,롱기장,DETAIL,8,8,6,1,482,221,1.6598
2026-09-06,646,롱기장,DETAIL,5,5,5,2,858,363,0.5828
2026-09-07,646,롱기장,DETAIL,8,8,6,3,732,308,1.0929
2026-09-08,646,롱기장,DETAIL,3,3,3,1,248,112,1.2097
2026-09-09,646,롱기장,DETAIL,1,1,1,1,170,7,0.5882
2025-09-08,609,루즈핏,DETAIL,1,1,1,0,39,12,2.5641
2025-09-19,609,루즈핏,DETAIL,1,1,1,0,106,25,0.9434
2025-10-02,609,루즈핏,DETAIL,1,1,1,0,20,8,5.0
2025-10-24,609,루즈핏,DETAIL,1,1,1,0,96,19,1.0417
2025-11-06,609,루즈핏,DETAIL,1,1,1,0,32,11,3.125
2025-11-10,609,루즈핏,DETAIL,1,1,1,0,34,16,2.9412
2025-11-14,609,루즈핏,DETAIL,2,2,1,0,73,20,2.7397
2025-11-17,609,루즈핏,DETAIL,1,1,1,0,60,30,1.6667
2025-11-26,609,루즈핏,DETAIL,1,1,1,0,29,14,3.4483
2025-11-30,609,루즈핏,DETAIL,1,1,1,0,72,27,1.3889
2025-12-21,609,루즈핏,DETAIL,1,1,1,1,92,38,1.087
2026-01-16,609,루즈핏,DETAIL,1,1,1,1,108,22,0.9259
2026-01-22,609,루즈핏,DETAIL,1,1,1,0,17,8,5.8824
2026-02-20,609,루즈핏,DETAIL,1,1,1,1,152,39,0.6579
2026-03-16,609,루즈핏,DETAIL,1,1,1,1,83,23,1.2048
2026-03-17,609,루즈핏,DETAIL,1,1,1,1,76,20,1.3158
2026-03-22,609,루즈핏,DETAIL,1,1,1,0,158,62,0.6329
2026-03-23,609,루즈핏,DETAIL,1,1,1,0,64,38,1.5625
2026-03-24,609,루즈핏,DETAIL,1,1,1,0,70,41,1.4286
2026-03-25,609,루즈핏,DETAIL,1,1,1,0,37,25,2.7027
2026-03-26,609,루즈핏,DETAIL,3,3,3,1,154,65,1.9481
2026-03-30,609,루즈핏,DETAIL,3,3,1,0,49,29,6.1224
2026-03-31,609,루즈핏,DETAIL,1,1,1,0,70,26,1.4286
2026-04-02,609,루즈핏,DETAIL,1,1,1,0,103,44,0.9709
2026-04-06,609,루즈핏,DETAIL,1,1,1,0,39,22,2.5641
2026-04-23,609,루즈핏,DETAIL,1,1,1,0,116,64,0.8621
2026-05-12,609,루즈핏,DETAIL,1,1,1,0,134,52,0.7463
2026-05-16,609,루즈핏,DETAIL,1,1,1,0,158,49,0.6329
2026-05-20,609,루즈핏,DETAIL,1,1,1,1,244,80,0.4098
2026-05-22,609,루즈핏,DETAIL,1,1,1,1,227,77,0.4405
2026-05-23,609,루즈핏,DETAIL,1,1,1,1,331,93,0.3021
2026-05-25,609,루즈핏,DETAIL,1,1,1,1,400,155,0.25
2026-05-28,609,루즈핏,DETAIL,1,1,1,0,228,103,0.4386
2026-05-29,609,루즈핏,DETAIL,1,1,1,1,188,59,0.5319
2026-05-30,609,루즈핏,DETAIL,1,1,1,0,234,83,0.4274
2026-05-31,609,루즈핏,DETAIL,1,1,1,1,354,109,0.2825
2026-06-01,609,루즈핏,DETAIL,3,3,1,0,360,160,0.8333
2026-06-02,609,루즈핏,DETAIL,3,3,2,1,224,100,1.3393
2026-06-03,609,루즈핏,DETAIL,1,1,1,0,222,94,0.4505
2026-06-04,609,루즈핏,DETAIL,2,2,2,0,137,74,1.4599
2026-06-05,609,루즈핏,DETAIL,3,3,3,1,183,55,1.6393
2026-06-06,609,루즈핏,DETAIL,3,3,3,2,336,108,0.8929
2026-06-07,609,루즈핏,DETAIL,1,1,1,0,322,152,0.3106
2026-06-08,609,루즈핏,DETAIL,1,1,1,1,380,152,0.2632
2026-06-10,609,루즈핏,DETAIL,1,1,1,0,345,160,0.2899
2026-06-11,609,루즈핏,DETAIL,1,1,1,1,239,114,0.4184
2026-06-12,609,루즈핏,DETAIL,2,2,1,1,352,114,0.5682
2026-06-14,609,루즈핏,DETAIL,1,1,1,0,529,186,0.189
2026-06-16,609,루즈핏,DETAIL,1,1,1,1,465,184,0.2151
2026-06-17,609,루즈핏,DETAIL,1,1,1,1,365,130,0.274
2026-06-19,609,루즈핏,DETAIL,1,1,1,1,510,170,0.1961
2026-06-21,609,루즈핏,DETAIL,1,1,1,1,550,205,0.1818
2026-06-23,609,루즈핏,DETAIL,1,1,1,0,401,171,0.2494
2026-06-24,609,루즈핏,DETAIL,1,1,1,0,369,145,0.271
2026-06-26,609,루즈핏,DETAIL,1,1,1,1,247,81,0.4049
2026-07-03,609,루즈핏,DETAIL,2,2,1,1,154,63,1.2987
2026-07-09,609,루즈핏,DETAIL,1,1,1,1,161,62,0.6211
2026-07-10,609,루즈핏,DETAIL,1,1,1,1,249,60,0.4016
2026-07-13,609,루즈핏,DETAIL,7,7,4,2,382,151,1.8325
2026-07-14,609,루즈핏,DETAIL,3,3,1,0,267,89,1.1236
2026-07-15,609,루즈핏,DETAIL,4,4,3,2,265,87,1.5094
2026-07-16,609,루즈핏,DETAIL,1,1,1,1,179,58,0.5587
2026-07-17,609,루즈핏,DETAIL,2,2,2,2,332,101,0.6024
2026-07-18,609,루즈핏,DETAIL,1,1,1,0,429,155,0.2331
2026-07-19,609,루즈핏,DETAIL,2,2,2,0,670,210,0.2985
2026-07-20,609,루즈핏,DETAIL,3,3,3,2,386,140,0.7772
2026-07-21,609,루즈핏,DETAIL,1,1,1,1,284,141,0.3521
2026-07-26,609,루즈핏,DETAIL,1,1,1,1,338,132,0.2959
2026-07-30,609,루즈핏,DETAIL,1,1,1,1,249,101,0.4016
2026-07-31,609,루즈핏,DETAIL,2,2,2,2,204,84,0.9804
2026-08-01,609,루즈핏,DETAIL,2,2,1,0,277,115,0.722
2026-08-03,609,루즈핏,DETAIL,1,1,1,1,257,111,0.3891
2026-08-05,609,루즈핏,DETAIL,2,2,2,0,302,135,0.6623
2026-08-06,609,루즈핏,DETAIL,2,2,2,1,284,112,0.7042
2026-08-07,609,루즈핏,DETAIL,3,3,1,0,151,70,1.9868
2026-08-12,609,루즈핏,DETAIL,4,4,3,1,194,92,2.0619
2026-08-13,609,루즈핏,DETAIL,1,1,1,1,223,94,0.4484
2026-08-17,609,루즈핏,DETAIL,1,1,1,0,543,223,0.1842
2026-08-18,609,루즈핏,DETAIL,1,1,1,0,303,163,0.33
2026-08-24,609,루즈핏,DETAIL,4,4,2,2,592,293,0.6757
2026-08-25,609,루즈핏,DETAIL,1,1,1,0,405,202,0.2469
2026-08-26,609,루즈핏,DETAIL,5,5,3,1,424,195,1.1792
2026-08-27,609,루즈핏,DETAIL,6,6,2,0,330,161,1.8182
2026-08-28,609,루즈핏,DETAIL,1,1,1,1,414,157,0.2415
2026-08-30,609,루즈핏,DETAIL,1,1,1,0,735,303,0.1361
2026-08-31,609,루즈핏,DETAIL,5,5,3,2,714,321,0.7003
2026-09-01,609,루즈핏,DETAIL,2,2,2,0,601,253,0.3328
2026-09-02,609,루즈핏,DETAIL,1,1,1,1,502,221,0.1992
2026-09-03,609,루즈핏,DETAIL,1,1,1,0,603,270,0.1658
2026-09-05,609,루즈핏,DETAIL,2,2,2,0,563,234,0.3552
2026-09-06,609,루즈핏,DETAIL,6,6,5,4,858,363,0.6993
2026-09-09,609,루즈핏,DETAIL,1,1,1,1,170,7,0.5882
2025-11-21,575,리얼퍼,MATERIAL,1,1,1,0,127,48,0.7874
2025-11-22,575,리얼퍼,MATERIAL,2,2,1,0,75,36,2.6667
2026-01-02,575,리얼퍼,MATERIAL,1,1,1,1,103,31,0.9709
2026-08-11,575,리얼퍼,MATERIAL,1,1,1,1,383,116,0.2611
2026-09-02,575,리얼퍼,MATERIAL,1,1,1,1,502,221,0.1992
2025-10-26,138,맨투맨,ITEM,1,1,1,1,63,15,1.5873
2025-11-03,138,맨투맨,ITEM,1,1,1,1,51,15,1.9608
2025-11-04,138,맨투맨,ITEM,1,1,1,0,25,13,4.0
2025-11-12,138,맨투맨,ITEM,1,1,1,0,33,12,3.0303
2025-11-29,138,맨투맨,ITEM,1,1,1,0,64,24,1.5625
2025-12-01,138,맨투맨,ITEM,1,1,1,0,29,14,3.4483
2025-12-02,138,맨투맨,ITEM,1,1,1,0,123,66,0.813
2025-12-21,138,맨투맨,ITEM,7,7,1,1,92,38,7.6087
2025-12-22,138,맨투맨,ITEM,2,2,1,0,31,21,6.4516
2025-12-23,138,맨투맨,ITEM,4,4,1,0,50,24,8.0
2026-01-02,138,맨투맨,ITEM,1,1,1,0,103,31,0.9709
2026-01-20,138,맨투맨,ITEM,1,1,1,0,57,25,1.7544
2026-02-06,138,맨투맨,ITEM,1,1,1,0,65,32,1.5385
2026-02-07,138,맨투맨,ITEM,3,3,1,0,115,57,2.6087
2026-02-10,138,맨투맨,ITEM,2,2,1,0,57,40,3.5088
2026-02-15,138,맨투맨,ITEM,1,1,1,0,30,19,3.3333
2026-02-20,138,맨투맨,ITEM,1,1,1,1,152,39,0.6579
2026-02-24,138,맨투맨,ITEM,1,1,1,0,63,32,1.5873
2026-02-25,138,맨투맨,ITEM,1,1,1,0,52,33,1.9231
2026-03-01,138,맨투맨,ITEM,1,1,1,1,144,46,0.6944
2026-03-03,138,맨투맨,ITEM,1,1,1,0,61,35,1.6393
2026-03-04,138,맨투맨,ITEM,1,1,1,1,159,65,0.6289
2026-03-08,138,맨투맨,ITEM,1,1,1,0,71,37,1.4085
2026-03-12,138,맨투맨,ITEM,2,2,1,0,22,15,9.0909
2026-03-16,138,맨투맨,ITEM,1,1,1,1,83,23,1.2048
2026-03-17,138,맨투맨,ITEM,2,2,2,1,76,20,2.6316
2026-03-22,138,맨투맨,ITEM,1,1,1,1,158,62,0.6329
2026-03-27,138,맨투맨,ITEM,1,1,1,0,124,47,0.8065
2026-04-04,138,맨투맨,ITEM,1,1,1,0,58,37,1.7241
2026-04-07,138,맨투맨,ITEM,1,1,1,0,24,16,4.1667
2026-04-18,138,맨투맨,ITEM,1,1,1,0,168,63,0.5952
2026-04-20,138,맨투맨,ITEM,1,1,1,1,238,90,0.4202
2026-06-15,138,맨투맨,ITEM,1,1,1,0,440,179,0.2273
2026-07-03,138,맨투맨,ITEM,1,1,1,0,154,63,0.6494
2026-07-05,138,맨투맨,ITEM,1,1,1,1,295,122,0.339
2026-07-06,138,맨투맨,ITEM,1,1,1,0,204,85,0.4902
2026-07-12,138,맨투맨,ITEM,1,1,1,1,314,141,0.3185
2026-07-17,138,맨투맨,ITEM,1,1,1,1,332,101,0.3012
2026-07-19,138,맨투맨,ITEM,1,1,1,1,670,210,0.1493
2026-08-04,138,맨투맨,ITEM,1,1,1,1,225,88,0.4444
2026-08-10,138,맨투맨,ITEM,1,1,1,1,244,105,0.4098
2026-08-12,138,맨투맨,ITEM,1,1,1,1,194,92,0.5155
2026-08-13,138,맨투맨,ITEM,2,2,1,1,223,94,0.8969
2026-08-14,138,맨투맨,ITEM,1,1,1,0,159,54,0.6289
2026-08-23,138,맨투맨,ITEM,1,1,1,1,472,218,0.2119
2026-08-24,138,맨투맨,ITEM,1,1,1,1,592,293,0.1689
2026-08-25,138,맨투맨,ITEM,2,2,2,0,405,202,0.4938
2026-08-26,138,맨투맨,ITEM,3,3,1,0,424,195,0.7075
2026-08-28,138,맨투맨,ITEM,1,1,1,0,414,157,0.2415
2026-08-29,138,맨투맨,ITEM,2,2,1,1,316,144,0.6329
2026-08-30,138,맨투맨,ITEM,2,2,2,1,735,303,0.2721
2026-08-31,138,맨투맨,ITEM,1,1,1,0,714,321,0.1401
2026-09-01,138,맨투맨,ITEM,1,1,1,0,601,253,0.1664
2026-09-02,138,맨투맨,ITEM,1,1,1,0,502,221,0.1992
2026-09-03,138,맨투맨,ITEM,15,15,2,0,603,270,2.4876
2026-09-04,138,맨투맨,ITEM,20,20,3,0,482,221,4.1494
2026-09-05,138,맨투맨,ITEM,9,9,3,1,563,234,1.5986
2026-09-06,138,맨투맨,ITEM,34,34,4,1,858,363,3.9627
2026-09-07,138,맨투맨,ITEM,10,10,3,0,732,308,1.3661
2026-09-08,138,맨투맨,ITEM,5,5,2,0,248,112,2.0161
2026-05-06,787,머슬핏,DETAIL,2,2,1,0,95,40,2.1053
2026-05-07,787,머슬핏,DETAIL,1,1,1,0,60,37,1.6667
2026-05-10,787,머슬핏,DETAIL,1,1,1,0,34,21,2.9412
2026-05-17,787,머슬핏,DETAIL,1,1,1,1,166,82,0.6024
2026-05-27,787,머슬핏,DETAIL,1,1,1,0,222,83,0.4505
2026-05-28,787,머슬핏,DETAIL,1,1,1,0,228,103,0.4386
2026-05-30,787,머슬핏,DETAIL,1,1,1,0,234,83,0.4274
2026-05-31,787,머슬핏,DETAIL,2,2,1,1,354,109,0.565
2026-06-02,787,머슬핏,DETAIL,1,1,1,0,224,100,0.4464
2026-06-03,787,머슬핏,DETAIL,1,1,1,0,222,94,0.4505
2026-06-07,787,머슬핏,DETAIL,1,1,1,0,322,152,0.3106
2026-06-09,787,머슬핏,DETAIL,1,1,1,0,247,108,0.4049
2026-06-10,787,머슬핏,DETAIL,1,1,1,1,345,160,0.2899
2026-06-11,787,머슬핏,DETAIL,1,1,1,0,239,114,0.4184
2026-06-15,787,머슬핏,DETAIL,2,2,1,1,440,179,0.4545
2026-06-20,787,머슬핏,DETAIL,1,1,1,0,422,169,0.237
2026-06-23,787,머슬핏,DETAIL,1,1,1,1,401,171,0.2494
2026-06-28,787,머슬핏,DETAIL,1,1,1,1,327,109,0.3058
2026-07-05,787,머슬핏,DETAIL,4,4,1,1,295,122,1.3559
2026-07-07,787,머슬핏,DETAIL,1,1,1,0,203,85,0.4926
2026-07-16,787,머슬핏,DETAIL,1,1,1,1,179,58,0.5587
2026-07-18,787,머슬핏,DETAIL,1,1,1,0,429,155,0.2331
2026-07-20,787,머슬핏,DETAIL,1,1,1,1,386,140,0.2591
2026-07-22,787,머슬핏,DETAIL,1,1,1,0,244,112,0.4098
2026-07-23,787,머슬핏,DETAIL,1,1,1,0,243,86,0.4115
2026-07-25,787,머슬핏,DETAIL,2,2,2,1,245,115,0.8163
2026-07-26,787,머슬핏,DETAIL,1,1,1,0,338,132,0.2959
2026-07-31,787,머슬핏,DETAIL,1,1,1,1,204,84,0.4902
2026-08-05,787,머슬핏,DETAIL,1,1,1,0,302,135,0.3311
2026-08-11,787,머슬핏,DETAIL,1,1,1,1,383,116,0.2611
2026-08-21,787,머슬핏,DETAIL,1,1,1,0,235,105,0.4255
2026-08-22,787,머슬핏,DETAIL,1,1,1,0,275,117,0.3636
2026-08-23,787,머슬핏,DETAIL,1,1,1,0,472,218,0.2119
2026-09-06,787,머슬핏,DETAIL,1,1,1,1,858,363,0.1166
2025-10-19,233,머플러,ITEM,1,1,1,0,46,13,2.1739
2025-10-20,233,머플러,ITEM,1,1,1,0,16,12,6.25
2025-11-02,233,머플러,ITEM,1,1,1,0,86,23,1.1628
2025-11-07,233,머플러,ITEM,3,3,1,1,95,32,3.1579
2025-11-08,233,머플러,ITEM,3,3,1,0,74,32,4.0541
2025-11-09,233,머플러,ITEM,2,2,1,0,76,21,2.6316
2025-11-11,233,머플러,ITEM,1,1,1,0,21,8,4.7619
2025-11-19,233,머플러,ITEM,4,4,1,1,165,47,2.4242
2025-11-20,233,머플러,ITEM,5,5,2,1,172,49,2.907
2025-11-21,233,머플러,ITEM,3,3,1,0,127,48,2.3622
2025-11-25,233,머플러,ITEM,1,1,1,0,50,29,2.0
2025-11-28,233,머플러,ITEM,2,2,1,1,80,32,2.5
2025-11-30,233,머플러,ITEM,2,2,2,1,72,27,2.7778
2025-12-02,233,머플러,ITEM,2,2,2,0,123,66,1.626
2025-12-03,233,머플러,ITEM,2,2,1,0,93,52,2.1505
2025-12-07,233,머플러,ITEM,3,3,2,1,120,49,2.5
2025-12-08,233,머플러,ITEM,2,2,2,0,42,28,4.7619
2025-12-12,233,머플러,ITEM,1,1,1,0,27,17,3.7037
2025-12-13,233,머플러,ITEM,1,1,1,0,28,20,3.5714
2025-12-15,233,머플러,ITEM,1,1,1,0,10,7,10.0
2025-12-18,233,머플러,ITEM,1,1,1,0,8,6,12.5
2025-12-19,233,머플러,ITEM,1,1,1,0,67,36,1.4925
2025-12-20,233,머플러,ITEM,4,4,1,0,56,39,7.1429
2025-12-21,233,머플러,ITEM,1,1,1,0,92,38,1.087
2025-12-23,233,머플러,ITEM,1,1,1,0,50,24,2.0
2025-12-24,233,머플러,ITEM,3,3,2,1,22,11,13.6364
2025-12-26,233,머플러,ITEM,3,3,1,1,41,17,7.3171
2025-12-27,233,머플러,ITEM,1,1,1,0,32,21,3.125
2025-12-30,233,머플러,ITEM,6,6,1,1,36,17,16.6667
2025-12-31,233,머플러,ITEM,1,1,1,0,10,8,10.0
2026-01-02,233,머플러,ITEM,1,1,1,0,103,31,0.9709
2026-01-03,233,머플러,ITEM,3,3,2,0,71,37,4.2254
2026-01-04,233,머플러,ITEM,1,1,1,0,43,22,2.3256
2026-01-16,233,머플러,ITEM,1,1,1,0,108,22,0.9259
2026-01-17,233,머플러,ITEM,1,1,1,0,143,78,0.6993
2026-01-18,233,머플러,ITEM,2,2,2,0,53,29,3.7736
2026-01-22,233,머플러,ITEM,1,1,1,0,17,8,5.8824
2026-01-29,233,머플러,ITEM,1,1,1,1,60,12,1.6667
2026-02-01,233,머플러,ITEM,1,1,1,0,83,43,1.2048
2026-03-03,233,머플러,ITEM,1,1,1,0,61,35,1.6393
2026-03-16,233,머플러,ITEM,1,1,1,0,83,23,1.2048
2026-03-23,233,머플러,ITEM,1,1,1,0,64,38,1.5625
2026-04-18,233,머플러,ITEM,3,3,1,1,168,63,1.7857
2026-04-19,233,머플러,ITEM,1,1,1,0,286,115,0.3497
2026-07-20,233,머플러,ITEM,2,2,2,1,386,140,0.5181
2026-08-29,233,머플러,ITEM,2,2,2,0,316,144,0.6329
2026-08-31,233,머플러,ITEM,1,1,1,0,714,321,0.1401
2026-09-03,233,머플러,ITEM,1,1,1,1,603,270,0.1658
2025-09-15,782,멜란지,COLOR,1,1,1,0,110,52,0.9091
2025-09-28,782,멜란지,COLOR,1,1,1,1,78,15,1.2821
2025-11-03,782,멜란지,COLOR,1,1,1,1,51,15,1.9608
2025-11-09,782,멜란지,COLOR,1,1,1,1,76,21,1.3158
2025-12-02,782,멜란지,COLOR,1,1,1,1,123,66,0.813
2025-12-03,782,멜란지,COLOR,2,2,1,0,93,52,2.1505
2026-02-23,782,멜란지,COLOR,1,1,1,0,31,19,3.2258
2026-03-01,782,멜란지,COLOR,1,1,1,1,144,46,0.6944
2026-03-04,782,멜란지,COLOR,1,1,1,1,159,65,0.6289
2026-03-25,782,멜란지,COLOR,1,1,1,0,37,25,2.7027
2026-04-20,782,멜란지,COLOR,1,1,1,0,238,90,0.4202
2026-04-22,782,멜란지,COLOR,1,1,1,0,63,26,1.5873
2026-05-12,782,멜란지,COLOR,1,1,1,1,134,52,0.7463
2026-05-13,782,멜란지,COLOR,1,1,1,1,137,56,0.7299
2026-05-14,782,멜란지,COLOR,2,2,1,1,271,108,0.738
2026-05-21,782,멜란지,COLOR,2,2,1,1,270,85,0.7407
2026-05-24,782,멜란지,COLOR,1,1,1,0,297,121,0.3367
2026-05-25,782,멜란지,COLOR,1,1,1,1,400,155,0.25
2026-05-26,782,멜란지,COLOR,1,1,1,0,189,90,0.5291
2026-05-27,782,멜란지,COLOR,1,1,1,1,222,83,0.4505
2026-05-30,782,멜란지,COLOR,2,2,1,1,234,83,0.8547
2026-06-03,782,멜란지,COLOR,1,1,1,1,222,94,0.4505
2026-06-06,782,멜란지,COLOR,1,1,1,1,336,108,0.2976
2026-06-14,782,멜란지,COLOR,1,1,1,1,529,186,0.189
2026-06-16,782,멜란지,COLOR,2,2,2,2,465,184,0.4301
2026-06-17,782,멜란지,COLOR,2,2,1,1,365,130,0.5479
2026-06-19,782,멜란지,COLOR,1,1,1,1,510,170,0.1961
2026-06-20,782,멜란지,COLOR,1,1,1,1,422,169,0.237
2026-06-22,782,멜란지,COLOR,1,1,1,1,455,179,0.2198
2026-06-29,782,멜란지,COLOR,1,1,1,1,182,100,0.5495
2026-06-30,782,멜란지,COLOR,1,1,1,1,156,56,0.641
2026-07-03,782,멜란지,COLOR,1,1,1,0,154,63,0.6494
2026-07-04,782,멜란지,COLOR,3,3,3,2,306,114,0.9804
2026-07-10,782,멜란지,COLOR,1,1,1,1,249,60,0.4016
2026-07-16,782,멜란지,COLOR,2,2,1,1,179,58,1.1173
2026-07-18,782,멜란지,COLOR,1,1,1,1,429,155,0.2331
2026-07-22,782,멜란지,COLOR,1,1,1,1,244,112,0.4098
2026-07-25,782,멜란지,COLOR,1,1,1,0,245,115,0.4082
2026-08-09,782,멜란지,COLOR,1,1,1,1,265,116,0.3774
2026-08-11,782,멜란지,COLOR,1,1,1,1,383,116,0.2611
2026-08-20,782,멜란지,COLOR,2,2,1,1,236,110,0.8475
2026-08-21,782,멜란지,COLOR,1,1,1,1,235,105,0.4255
2026-08-24,782,멜란지,COLOR,1,1,1,1,592,293,0.1689
2026-08-27,782,멜란지,COLOR,1,1,1,0,330,161,0.303
2026-08-29,782,멜란지,COLOR,2,2,1,0,316,144,0.6329
2026-08-31,782,멜란지,COLOR,4,4,4,1,714,321,0.5602
2026-09-01,782,멜란지,COLOR,1,1,1,0,601,253,0.1664
2026-09-02,782,멜란지,COLOR,2,2,1,1,502,221,0.3984
2026-09-05,782,멜란지,COLOR,3,3,2,2,563,234,0.5329
2026-09-09,782,멜란지,COLOR,1,1,1,1,170,7,0.5882
2025-11-21,207,모카신,ITEM,1,1,1,0,127,48,0.7874
2025-11-22,207,모카신,ITEM,2,2,1,0,75,36,2.6667
2026-06-14,207,모카신,ITEM,1,1,1,0,529,186,0.189
2026-09-06,207,모카신,ITEM,1,1,1,0,858,363,0.1166
2025-09-06,719,모크넥,DETAIL,1,1,1,0,103,33,0.9709
2026-04-19,719,모크넥,DETAIL,1,1,1,0,286,115,0.3497
2026-08-01,719,모크넥,DETAIL,2,2,1,0,277,115,0.722
2026-08-10,719,모크넥,DETAIL,1,1,1,1,244,105,0.4098
2026-08-31,719,모크넥,DETAIL,3,3,2,1,714,321,0.4202
2026-09-05,719,모크넥,DETAIL,1,1,1,1,563,234,0.1776
2025-10-26,595,모헤어,MATERIAL,1,1,1,1,63,15,1.5873
2025-10-31,595,모헤어,MATERIAL,1,1,1,1,66,25,1.5152
2025-11-04,595,모헤어,MATERIAL,1,1,1,0,25,13,4.0
2025-11-07,595,모헤어,MATERIAL,1,1,1,1,95,32,1.0526
2025-11-20,595,모헤어,MATERIAL,2,2,1,1,172,49,1.1628
2025-11-21,595,모헤어,MATERIAL,2,2,1,0,127,48,1.5748
2026-01-20,595,모헤어,MATERIAL,1,1,1,1,57,25,1.7544
2026-02-05,595,모헤어,MATERIAL,1,1,1,0,39,26,2.5641
2026-03-01,595,모헤어,MATERIAL,1,1,1,1,144,46,0.6944
2026-05-03,595,모헤어,MATERIAL,1,1,1,1,150,45,0.6667
2026-07-20,595,모헤어,MATERIAL,1,1,1,1,386,140,0.2591
2025-10-28,576,무스탕,MATERIAL,1,1,1,0,27,11,3.7037
2025-11-07,576,무스탕,MATERIAL,8,8,1,1,95,32,8.4211
2025-11-08,576,무스탕,MATERIAL,4,4,1,0,74,32,5.4054
2025-11-09,576,무스탕,MATERIAL,3,3,1,0,76,21,3.9474
2025-11-10,576,무스탕,MATERIAL,1,1,1,0,34,16,2.9412
2025-11-12,576,무스탕,MATERIAL,1,1,1,0,33,12,3.0303
2025-11-20,576,무스탕,MATERIAL,1,1,1,1,172,49,0.5814
2025-11-22,576,무스탕,MATERIAL,1,1,1,0,75,36,1.3333
2025-11-24,576,무스탕,MATERIAL,1,1,1,0,52,33,1.9231
2025-11-28,576,무스탕,MATERIAL,6,6,1,1,80,32,7.5
2025-11-29,576,무스탕,MATERIAL,1,1,1,0,64,24,1.5625
2025-11-30,576,무스탕,MATERIAL,2,2,1,0,72,27,2.7778
2025-12-07,576,무스탕,MATERIAL,2,2,1,1,120,49,1.6667
2025-12-21,576,무스탕,MATERIAL,1,1,1,1,92,38,1.087
2025-12-23,576,무스탕,MATERIAL,1,1,1,0,50,24,2.0
2026-01-06,576,무스탕,MATERIAL,2,2,1,0,35,19,5.7143
2026-01-19,576,무스탕,MATERIAL,3,3,2,1,57,27,5.2632
2026-01-20,576,무스탕,MATERIAL,2,2,2,0,57,25,3.5088
2026-07-19,576,무스탕,MATERIAL,1,1,1,1,670,210,0.1493
2026-08-16,576,무스탕,MATERIAL,6,6,1,1,232,98,2.5862
2026-08-17,576,무스탕,MATERIAL,2,2,1,0,543,223,0.3683
2026-08-18,576,무스탕,MATERIAL,1,1,1,0,303,163,0.33
2026-08-21,576,무스탕,MATERIAL,3,3,2,1,235,105,1.2766
2026-08-23,576,무스탕,MATERIAL,1,1,1,1,472,218,0.2119
2026-08-27,576,무스탕,MATERIAL,1,1,1,0,330,161,0.303
2025-09-01,397,미니멀,STYLE,3,3,1,0,68,41,4.4118
2025-09-02,397,미니멀,STYLE,1,1,1,0,36,20,2.7778
2025-09-03,397,미니멀,STYLE,1,1,1,0,18,10,5.5556
2025-09-19,397,미니멀,STYLE,1,1,1,0,106,25,0.9434
2025-09-22,397,미니멀,STYLE,1,1,1,0,30,17,3.3333
2025-09-26,397,미니멀,STYLE,1,1,1,1,76,18,1.3158
2025-09-30,397,미니멀,STYLE,1,1,1,0,13,5,7.6923
2025-10-03,397,미니멀,STYLE,2,2,1,1,103,20,1.9417
2025-10-04,397,미니멀,STYLE,1,1,1,0,84,22,1.1905
2025-10-10,397,미니멀,STYLE,1,1,1,1,80,23,1.25
2025-10-17,397,미니멀,STYLE,2,2,1,1,45,13,4.4444
2025-10-18,397,미니멀,STYLE,1,1,1,0,18,12,5.5556
2025-10-20,397,미니멀,STYLE,1,1,1,0,16,12,6.25
2025-10-24,397,미니멀,STYLE,1,1,1,1,96,19,1.0417
2025-10-31,397,미니멀,STYLE,1,1,1,1,66,25,1.5152
2025-11-01,397,미니멀,STYLE,1,1,1,0,41,19,2.439
2025-11-07,397,미니멀,STYLE,1,1,1,1,95,32,1.0526
2025-11-08,397,미니멀,STYLE,2,2,2,0,74,32,2.7027
2025-11-19,397,미니멀,STYLE,2,2,1,1,165,47,1.2121
2025-11-27,397,미니멀,STYLE,1,1,1,0,35,15,2.8571
2025-11-28,397,미니멀,STYLE,1,1,1,0,80,32,1.25
2025-12-02,397,미니멀,STYLE,1,1,1,0,123,66,0.813
2025-12-07,397,미니멀,STYLE,1,1,1,0,120,49,0.8333
2025-12-16,397,미니멀,STYLE,1,1,1,0,8,7,12.5
2025-12-22,397,미니멀,STYLE,1,1,1,0,31,21,3.2258
2025-12-23,397,미니멀,STYLE,1,1,1,0,50,24,2.0
2026-01-09,397,미니멀,STYLE,4,4,1,1,48,18,8.3333
2026-01-10,397,미니멀,STYLE,4,4,1,0,36,22,11.1111
2026-01-16,397,미니멀,STYLE,1,1,1,1,108,22,0.9259
2026-01-17,397,미니멀,STYLE,2,2,1,0,143,78,1.3986
2026-01-18,397,미니멀,STYLE,1,1,1,0,53,29,1.8868
2026-01-23,397,미니멀,STYLE,4,4,1,1,61,26,6.5574
2026-01-24,397,미니멀,STYLE,4,4,1,0,62,34,6.4516
2026-01-30,397,미니멀,STYLE,1,1,1,0,30,17,3.3333
2026-02-02,397,미니멀,STYLE,1,1,1,0,12,10,8.3333
2026-02-06,397,미니멀,STYLE,2,2,1,0,65,32,3.0769
2026-02-20,397,미니멀,STYLE,2,2,1,1,152,39,1.3158
2026-02-21,397,미니멀,STYLE,1,1,1,0,32,19,3.125
2026-02-27,397,미니멀,STYLE,2,2,1,1,156,44,1.2821
2026-03-01,397,미니멀,STYLE,1,1,1,0,144,46,0.6944
2026-03-06,397,미니멀,STYLE,3,3,2,1,203,70,1.4778
2026-03-07,397,미니멀,STYLE,1,1,1,0,82,41,1.2195
2026-03-08,397,미니멀,STYLE,2,2,1,0,71,37,2.8169
2026-03-09,397,미니멀,STYLE,1,1,1,0,37,18,2.7027
2026-03-17,397,미니멀,STYLE,1,1,1,1,76,20,1.3158
2026-03-20,397,미니멀,STYLE,1,1,1,1,44,13,2.2727
2026-03-21,397,미니멀,STYLE,1,1,1,1,23,7,4.3478
2026-03-27,397,미니멀,STYLE,1,1,1,0,124,47,0.8065
2026-04-19,397,미니멀,STYLE,1,1,1,0,286,115,0.3497
2026-05-01,397,미니멀,STYLE,1,1,1,1,82,24,1.2195
2026-05-06,397,미니멀,STYLE,1,1,1,0,95,40,1.0526
2026-05-14,397,미니멀,STYLE,2,2,2,1,271,108,0.738
2026-05-15,397,미니멀,STYLE,1,1,1,1,177,75,0.565
2026-05-17,397,미니멀,STYLE,4,4,2,1,166,82,2.4096
2026-05-18,397,미니멀,STYLE,1,1,1,0,146,74,0.6849
2026-05-20,397,미니멀,STYLE,1,1,1,0,244,80,0.4098
2026-05-21,397,미니멀,STYLE,2,2,2,1,270,85,0.7407
2026-05-22,397,미니멀,STYLE,1,1,1,0,227,77,0.4405
2026-05-23,397,미니멀,STYLE,1,1,1,1,331,93,0.3021
2026-05-29,397,미니멀,STYLE,1,1,1,0,188,59,0.5319
2026-05-30,397,미니멀,STYLE,1,1,1,1,234,83,0.4274
2026-06-02,397,미니멀,STYLE,2,2,2,0,224,100,0.8929
2026-06-07,397,미니멀,STYLE,1,1,1,0,322,152,0.3106
2026-06-10,397,미니멀,STYLE,1,1,1,0,345,160,0.2899
2026-06-12,397,미니멀,STYLE,1,1,1,1,352,114,0.2841
2026-06-13,397,미니멀,STYLE,1,1,1,0,267,107,0.3745
2026-06-14,397,미니멀,STYLE,3,3,2,1,529,186,0.5671
2026-06-15,397,미니멀,STYLE,3,3,3,1,440,179,0.6818
2026-06-16,397,미니멀,STYLE,2,2,1,0,465,184,0.4301
2026-06-17,397,미니멀,STYLE,3,3,3,1,365,130,0.8219
2026-06-18,397,미니멀,STYLE,5,5,4,2,286,139,1.7483
2026-06-19,397,미니멀,STYLE,6,6,3,2,510,170,1.1765
2026-06-20,397,미니멀,STYLE,3,3,2,1,422,169,0.7109
2026-06-22,397,미니멀,STYLE,2,2,2,1,455,179,0.4396
2026-06-23,397,미니멀,STYLE,1,1,1,0,401,171,0.2494
2026-06-26,397,미니멀,STYLE,2,2,2,0,247,81,0.8097
2026-06-27,397,미니멀,STYLE,1,1,1,0,214,76,0.4673
2026-06-28,397,미니멀,STYLE,1,1,1,0,327,109,0.3058
2026-07-03,397,미니멀,STYLE,1,1,1,1,154,63,0.6494
2026-07-04,397,미니멀,STYLE,1,1,1,0,306,114,0.3268
2026-07-05,397,미니멀,STYLE,1,1,1,1,295,122,0.339
2026-07-07,397,미니멀,STYLE,1,1,1,1,203,85,0.4926
2026-07-08,397,미니멀,STYLE,1,1,1,0,112,58,0.8929
2026-07-09,397,미니멀,STYLE,3,3,2,2,161,62,1.8634
2026-07-10,397,미니멀,STYLE,5,5,2,0,249,60,2.008
2026-07-12,397,미니멀,STYLE,1,1,1,0,314,141,0.3185
2026-07-13,397,미니멀,STYLE,2,2,2,1,382,151,0.5236
2026-07-14,397,미니멀,STYLE,1,1,1,0,267,89,0.3745
2026-07-15,397,미니멀,STYLE,1,1,1,0,265,87,0.3774
2026-07-17,397,미니멀,STYLE,1,1,1,0,332,101,0.3012
2026-07-18,397,미니멀,STYLE,1,1,1,0,429,155,0.2331
2026-07-19,397,미니멀,STYLE,3,3,1,0,670,210,0.4478
2026-07-23,397,미니멀,STYLE,1,1,1,0,243,86,0.4115
2026-07-25,397,미니멀,STYLE,1,1,1,1,245,115,0.4082
2026-07-26,397,미니멀,STYLE,1,1,1,1,338,132,0.2959
2026-07-27,397,미니멀,STYLE,1,1,1,0,392,161,0.2551
2026-07-29,397,미니멀,STYLE,1,1,1,1,238,113,0.4202
2026-07-30,397,미니멀,STYLE,1,1,1,0,249,101,0.4016
2026-08-01,397,미니멀,STYLE,2,2,2,1,277,115,0.722
2026-08-02,397,미니멀,STYLE,1,1,1,0,250,101,0.4
2026-08-10,397,미니멀,STYLE,2,2,1,1,244,105,0.8197
2026-08-12,397,미니멀,STYLE,1,1,1,0,194,92,0.5155
2026-08-13,397,미니멀,STYLE,2,2,1,1,223,94,0.8969
2026-08-17,397,미니멀,STYLE,2,2,2,1,543,223,0.3683
2026-08-20,397,미니멀,STYLE,2,2,2,1,236,110,0.8475
2026-08-21,397,미니멀,STYLE,3,3,3,2,235,105,1.2766
2026-08-23,397,미니멀,STYLE,1,1,1,0,472,218,0.2119
2026-08-24,397,미니멀,STYLE,4,4,3,2,592,293,0.6757
2026-08-26,397,미니멀,STYLE,1,1,1,0,424,195,0.2358
2026-08-28,397,미니멀,STYLE,3,3,3,3,414,157,0.7246
2026-08-30,397,미니멀,STYLE,3,3,3,1,735,303,0.4082
2026-08-31,397,미니멀,STYLE,2,2,2,0,714,321,0.2801
2026-09-02,397,미니멀,STYLE,3,3,1,0,502,221,0.5976
2026-09-05,397,미니멀,STYLE,1,1,1,0,563,234,0.1776
2026-09-06,397,미니멀,STYLE,1,1,1,0,858,363,0.1166
2026-09-07,397,미니멀,STYLE,1,1,1,1,732,308,0.1366
2026-09-08,397,미니멀,STYLE,1,1,1,0,248,112,0.4032
2025-09-24,527,미술관,TPO,1,1,1,1,43,14,2.3256
2025-11-17,662,민소매,DETAIL,1,1,1,0,60,30,1.6667
2026-04-11,662,민소매,DETAIL,1,1,1,0,80,37,1.25
2026-04-19,662,민소매,DETAIL,1,1,1,1,286,115,0.3497
2026-04-20,662,민소매,DETAIL,2,2,1,0,238,90,0.8403
2026-04-22,662,민소매,DETAIL,1,1,1,0,63,26,1.5873
2026-04-28,662,민소매,DETAIL,1,1,1,0,51,26,1.9608
2026-04-30,662,민소매,DETAIL,1,1,1,1,78,19,1.2821
2026-05-09,662,민소매,DETAIL,1,1,1,1,71,29,1.4085
2026-05-13,662,민소매,DETAIL,1,1,1,1,137,56,0.7299
2026-05-14,662,민소매,DETAIL,1,1,1,0,271,108,0.369
2026-05-16,662,민소매,DETAIL,1,1,1,0,158,49,0.6329
2026-05-22,662,민소매,DETAIL,1,1,1,1,227,77,0.4405
2026-05-24,662,민소매,DETAIL,3,3,2,1,297,121,1.0101
2026-05-25,662,민소매,DETAIL,2,2,1,1,400,155,0.5
2026-05-26,662,민소매,DETAIL,2,2,1,0,189,90,1.0582
2026-05-29,662,민소매,DETAIL,1,1,1,1,188,59,0.5319
2026-06-03,662,민소매,DETAIL,1,1,1,1,222,94,0.4505
2026-06-05,662,민소매,DETAIL,1,1,1,1,183,55,0.5464
2026-06-06,662,민소매,DETAIL,2,2,2,2,336,108,0.5952
2026-06-10,662,민소매,DETAIL,2,2,1,1,345,160,0.5797
2026-06-11,662,민소매,DETAIL,1,1,1,0,239,114,0.4184
2026-06-12,662,민소매,DETAIL,1,1,1,1,352,114,0.2841
2026-06-13,662,민소매,DETAIL,1,1,1,1,267,107,0.3745
2026-06-16,662,민소매,DETAIL,2,2,2,1,465,184,0.4301
2026-06-17,662,민소매,DETAIL,1,1,1,0,365,130,0.274
2026-06-18,662,민소매,DETAIL,2,2,2,0,286,139,0.6993
2026-06-19,662,민소매,DETAIL,1,1,1,0,510,170,0.1961
2026-06-20,662,민소매,DETAIL,2,2,2,1,422,169,0.4739
2026-06-21,662,민소매,DETAIL,3,3,3,3,550,205,0.5455
2026-06-22,662,민소매,DETAIL,3,3,2,1,455,179,0.6593
2026-06-23,662,민소매,DETAIL,4,4,3,3,401,171,0.9975
2026-06-24,662,민소매,DETAIL,7,7,3,2,369,145,1.897
2026-06-25,662,민소매,DETAIL,3,3,2,0,162,75,1.8519
2026-06-26,662,민소매,DETAIL,2,2,1,1,247,81,0.8097
2026-06-28,662,민소매,DETAIL,1,1,1,0,327,109,0.3058
2026-07-01,662,민소매,DETAIL,3,3,3,1,261,93,1.1494
2026-07-02,662,민소매,DETAIL,2,2,2,0,107,58,1.8692
2026-07-05,662,민소매,DETAIL,1,1,1,1,295,122,0.339
2026-07-06,662,민소매,DETAIL,1,1,1,0,204,85,0.4902
2026-07-08,662,민소매,DETAIL,1,1,1,1,112,58,0.8929
2026-07-09,662,민소매,DETAIL,2,2,1,1,161,62,1.2422
2026-07-10,662,민소매,DETAIL,1,1,1,1,249,60,0.4016
2026-07-11,662,민소매,DETAIL,2,2,2,1,174,63,1.1494
2026-07-12,662,민소매,DETAIL,1,1,1,0,314,141,0.3185
2026-07-13,662,민소매,DETAIL,2,2,2,0,382,151,0.5236
2026-07-15,662,민소매,DETAIL,1,1,1,1,265,87,0.3774
2026-07-17,662,민소매,DETAIL,1,1,1,1,332,101,0.3012
2026-07-18,662,민소매,DETAIL,2,2,2,0,429,155,0.4662
2026-07-19,662,민소매,DETAIL,3,3,3,2,670,210,0.4478
2026-07-21,662,민소매,DETAIL,1,1,1,0,284,141,0.3521
2026-07-23,662,민소매,DETAIL,3,3,2,2,243,86,1.2346
2026-07-24,662,민소매,DETAIL,2,2,1,0,233,80,0.8584
2026-07-26,662,민소매,DETAIL,2,2,2,1,338,132,0.5917
2026-07-27,662,민소매,DETAIL,3,3,2,2,392,161,0.7653
2026-07-28,662,민소매,DETAIL,2,2,2,1,262,125,0.7634
2026-07-29,662,민소매,DETAIL,2,2,2,0,238,113,0.8403
2026-07-31,662,민소매,DETAIL,2,2,2,1,204,84,0.9804
2026-08-01,662,민소매,DETAIL,2,2,1,1,277,115,0.722
2026-08-02,662,민소매,DETAIL,1,1,1,1,250,101,0.4
2026-08-03,662,민소매,DETAIL,2,2,2,0,257,111,0.7782
2026-08-04,662,민소매,DETAIL,1,1,1,0,225,88,0.4444
2026-08-05,662,민소매,DETAIL,2,2,2,1,302,135,0.6623
2026-08-06,662,민소매,DETAIL,1,1,1,0,284,112,0.3521
2026-08-08,662,민소매,DETAIL,1,1,1,0,143,57,0.6993
2026-08-09,662,민소매,DETAIL,1,1,1,1,265,116,0.3774
2026-08-11,662,민소매,DETAIL,2,2,1,1,383,116,0.5222
2026-08-12,662,민소매,DETAIL,1,1,1,1,194,92,0.5155
2026-08-15,662,민소매,DETAIL,1,1,1,0,172,83,0.5814
2026-08-17,662,민소매,DETAIL,2,2,2,2,543,223,0.3683
2026-08-27,662,민소매,DETAIL,2,2,1,1,330,161,0.6061
2026-08-28,662,민소매,DETAIL,2,2,2,1,414,157,0.4831
2026-09-03,662,민소매,DETAIL,2,2,2,1,603,270,0.3317
2026-09-07,662,민소매,DETAIL,1,1,1,1,732,308,0.1366
2025-09-05,661,반소매,DETAIL,1,1,1,1,87,25,1.1494
2025-11-09,661,반소매,DETAIL,1,1,1,1,76,21,1.3158
2025-11-23,661,반소매,DETAIL,1,1,1,0,92,33,1.087
2025-12-23,661,반소매,DETAIL,1,1,1,1,50,24,2.0
2026-01-17,661,반소매,DETAIL,1,1,1,0,143,78,0.6993
2026-03-14,661,반소매,DETAIL,1,1,1,0,37,12,2.7027
2026-03-18,661,반소매,DETAIL,1,1,1,0,70,45,1.4286
2026-03-19,661,반소매,DETAIL,1,1,1,0,89,60,1.1236
2026-03-24,661,반소매,DETAIL,1,1,1,0,70,41,1.4286
2026-03-27,661,반소매,DETAIL,1,1,1,0,124,47,0.8065
2026-03-30,661,반소매,DETAIL,1,1,1,0,49,29,2.0408
2026-04-01,661,반소매,DETAIL,3,3,1,1,43,22,6.9767
2026-04-10,661,반소매,DETAIL,1,1,1,0,37,22,2.7027
2026-04-11,661,반소매,DETAIL,1,1,1,0,80,37,1.25
2026-04-12,661,반소매,DETAIL,1,1,1,0,29,19,3.4483
2026-04-16,661,반소매,DETAIL,1,1,1,1,41,12,2.439
2026-04-18,661,반소매,DETAIL,2,2,2,0,168,63,1.1905
2026-04-19,661,반소매,DETAIL,19,19,2,1,286,115,6.6434
2026-04-20,661,반소매,DETAIL,10,10,3,1,238,90,4.2017
2026-04-21,661,반소매,DETAIL,2,2,1,0,58,30,3.4483
2026-04-22,661,반소매,DETAIL,5,5,2,1,63,26,7.9365
2026-04-23,661,반소매,DETAIL,9,9,4,0,116,64,7.7586
2026-04-24,661,반소매,DETAIL,1,1,1,0,49,31,2.0408
2026-04-26,661,반소매,DETAIL,3,3,1,0,23,11,13.0435
2026-04-27,661,반소매,DETAIL,8,8,4,3,175,75,4.5714
2026-04-28,661,반소매,DETAIL,2,2,2,0,51,26,3.9216
2026-04-29,661,반소매,DETAIL,1,1,1,1,54,16,1.8519
2026-04-30,661,반소매,DETAIL,1,1,1,0,78,19,1.2821
2026-05-03,661,반소매,DETAIL,2,2,1,1,150,45,1.3333
2026-05-05,661,반소매,DETAIL,2,2,2,1,121,55,1.6529
2026-05-06,661,반소매,DETAIL,3,3,2,1,95,40,3.1579
2026-05-07,661,반소매,DETAIL,2,2,2,0,60,37,3.3333
2026-05-09,661,반소매,DETAIL,1,1,1,0,71,29,1.4085
2026-05-10,661,반소매,DETAIL,1,1,1,0,34,21,2.9412
2026-05-11,661,반소매,DETAIL,3,3,2,1,111,47,2.7027
2026-05-12,661,반소매,DETAIL,3,3,2,1,134,52,2.2388
2026-05-13,661,반소매,DETAIL,3,3,3,1,137,56,2.1898
2026-05-14,661,반소매,DETAIL,15,15,2,1,271,108,5.5351
2026-05-15,661,반소매,DETAIL,5,5,3,0,177,75,2.8249
2026-05-16,661,반소매,DETAIL,1,1,1,1,158,49,0.6329
2026-05-18,661,반소매,DETAIL,3,3,3,1,146,74,2.0548
2026-05-19,661,반소매,DETAIL,3,3,2,1,39,23,7.6923
2026-05-20,661,반소매,DETAIL,5,5,2,1,244,80,2.0492
2026-05-21,661,반소매,DETAIL,2,2,2,1,270,85,0.7407
2026-05-22,661,반소매,DETAIL,5,5,4,3,227,77,2.2026
2026-05-23,661,반소매,DETAIL,7,7,4,1,331,93,2.1148
2026-05-24,661,반소매,DETAIL,8,8,4,2,297,121,2.6936
2026-05-25,661,반소매,DETAIL,15,15,7,3,400,155,3.75
2026-05-26,661,반소매,DETAIL,11,11,6,3,189,90,5.8201
2026-05-27,661,반소매,DETAIL,8,8,6,2,222,83,3.6036
2026-05-28,661,반소매,DETAIL,4,4,4,1,228,103,1.7544
2026-05-29,661,반소매,DETAIL,10,10,7,2,188,59,5.3191
2026-05-30,661,반소매,DETAIL,5,5,4,1,234,83,2.1368
2026-05-31,661,반소매,DETAIL,11,11,5,2,354,109,3.1073
2026-06-01,661,반소매,DETAIL,11,11,5,0,360,160,3.0556
2026-06-02,661,반소매,DETAIL,5,5,4,0,224,100,2.2321
2026-06-03,661,반소매,DETAIL,8,8,6,1,222,94,3.6036
2026-06-04,661,반소매,DETAIL,4,4,4,0,137,74,2.9197
2026-06-05,661,반소매,DETAIL,3,3,3,1,183,55,1.6393
2026-06-06,661,반소매,DETAIL,13,13,3,2,336,108,3.869
2026-06-07,661,반소매,DETAIL,16,16,4,2,322,152,4.9689
2026-06-08,661,반소매,DETAIL,5,5,3,2,380,152,1.3158
2026-06-09,661,반소매,DETAIL,6,6,5,3,247,108,2.4291
2026-06-10,661,반소매,DETAIL,10,10,6,2,345,160,2.8986
2026-06-11,661,반소매,DETAIL,4,4,4,1,239,114,1.6736
2026-06-12,661,반소매,DETAIL,3,3,2,2,352,114,0.8523
2026-06-13,661,반소매,DETAIL,4,4,2,2,267,107,1.4981
2026-06-14,661,반소매,DETAIL,19,19,11,8,529,186,3.5917
2026-06-15,661,반소매,DETAIL,5,5,4,1,440,179,1.1364
2026-06-16,661,반소매,DETAIL,6,6,3,3,465,184,1.2903
2026-06-17,661,반소매,DETAIL,7,7,5,2,365,130,1.9178
2026-06-18,661,반소매,DETAIL,4,4,3,2,286,139,1.3986
2026-06-19,661,반소매,DETAIL,11,11,7,3,510,170,2.1569
2026-06-20,661,반소매,DETAIL,7,7,5,3,422,169,1.6588
2026-06-21,661,반소매,DETAIL,8,8,8,4,550,205,1.4545
2026-06-22,661,반소매,DETAIL,11,11,8,4,455,179,2.4176
2026-06-23,661,반소매,DETAIL,11,11,8,2,401,171,2.7431
2026-06-24,661,반소매,DETAIL,6,6,5,2,369,145,1.626
2026-06-25,661,반소매,DETAIL,2,2,2,1,162,75,1.2346
2026-06-26,661,반소매,DETAIL,5,5,5,1,247,81,2.0243
2026-06-27,661,반소매,DETAIL,4,4,2,1,214,76,1.8692
2026-06-28,661,반소매,DETAIL,3,3,3,0,327,109,0.9174
2026-06-29,661,반소매,DETAIL,1,1,1,0,182,100,0.5495
2026-06-30,661,반소매,DETAIL,2,2,1,1,156,56,1.2821
2026-07-01,661,반소매,DETAIL,6,6,6,3,261,93,2.2989
2026-07-02,661,반소매,DETAIL,1,1,1,0,107,58,0.9346
2026-07-03,661,반소매,DETAIL,1,1,1,0,154,63,0.6494
2026-07-04,661,반소매,DETAIL,8,8,5,4,306,114,2.6144
2026-07-05,661,반소매,DETAIL,5,5,4,0,295,122,1.6949
2026-07-06,661,반소매,DETAIL,6,6,5,0,204,85,2.9412
2026-07-07,661,반소매,DETAIL,3,3,3,1,203,85,1.4778
2026-07-08,661,반소매,DETAIL,3,3,2,1,112,58,2.6786
2026-07-09,661,반소매,DETAIL,1,1,1,1,161,62,0.6211
2026-07-10,661,반소매,DETAIL,3,3,2,1,249,60,1.2048
2026-07-12,661,반소매,DETAIL,14,14,5,1,314,141,4.4586
2026-07-13,661,반소매,DETAIL,6,6,5,0,382,151,1.5707
2026-07-14,661,반소매,DETAIL,8,8,6,2,267,89,2.9963
2026-07-15,661,반소매,DETAIL,4,4,2,2,265,87,1.5094
2026-07-16,661,반소매,DETAIL,2,2,2,0,179,58,1.1173
2026-07-17,661,반소매,DETAIL,10,10,8,1,332,101,3.012
2026-07-18,661,반소매,DETAIL,7,7,6,2,429,155,1.6317
2026-07-19,661,반소매,DETAIL,4,4,3,2,670,210,0.597
2026-07-20,661,반소매,DETAIL,6,6,3,3,386,140,1.5544
2026-07-21,661,반소매,DETAIL,7,7,7,0,284,141,2.4648
2026-07-22,661,반소매,DETAIL,6,6,6,2,244,112,2.459
2026-07-23,661,반소매,DETAIL,2,2,2,2,243,86,0.823
2026-07-24,661,반소매,DETAIL,3,3,3,1,233,80,1.2876
2026-07-25,661,반소매,DETAIL,2,2,2,1,245,115,0.8163
2026-07-26,661,반소매,DETAIL,8,8,6,3,338,132,2.3669
2026-07-27,661,반소매,DETAIL,14,14,4,2,392,161,3.5714
2026-07-28,661,반소매,DETAIL,7,7,5,1,262,125,2.6718
2026-07-29,661,반소매,DETAIL,2,2,2,0,238,113,0.8403
2026-07-30,661,반소매,DETAIL,3,3,3,1,249,101,1.2048
2026-07-31,661,반소매,DETAIL,4,4,3,1,204,84,1.9608
2026-08-01,661,반소매,DETAIL,7,7,6,1,277,115,2.5271
2026-08-02,661,반소매,DETAIL,6,6,3,3,250,101,2.4
2026-08-03,661,반소매,DETAIL,8,8,6,1,257,111,3.1128
2026-08-04,661,반소매,DETAIL,5,5,3,1,225,88,2.2222
2026-08-05,661,반소매,DETAIL,2,2,2,0,302,135,0.6623
2026-08-06,661,반소매,DETAIL,3,3,3,1,284,112,1.0563
2026-08-07,661,반소매,DETAIL,1,1,1,1,151,70,0.6623
2026-08-08,661,반소매,DETAIL,2,2,2,1,143,57,1.3986
2026-08-10,661,반소매,DETAIL,5,5,4,1,244,105,2.0492
2026-08-11,661,반소매,DETAIL,5,5,5,3,383,116,1.3055
2026-08-12,661,반소매,DETAIL,1,1,1,0,194,92,0.5155
2026-08-13,661,반소매,DETAIL,2,2,2,2,223,94,0.8969
2026-08-14,661,반소매,DETAIL,1,1,1,0,159,54,0.6289
2026-08-15,661,반소매,DETAIL,1,1,1,0,172,83,0.5814
2026-08-16,661,반소매,DETAIL,3,3,3,2,232,98,1.2931
2026-08-17,661,반소매,DETAIL,2,2,2,0,543,223,0.3683
2026-08-19,661,반소매,DETAIL,3,3,3,1,219,95,1.3699
2026-08-20,661,반소매,DETAIL,2,2,2,0,236,110,0.8475
2026-08-21,661,반소매,DETAIL,1,1,1,0,235,105,0.4255
2026-08-22,661,반소매,DETAIL,4,4,3,0,275,117,1.4545
2026-08-23,661,반소매,DETAIL,2,2,2,0,472,218,0.4237
2026-08-24,661,반소매,DETAIL,1,1,1,0,592,293,0.1689
2026-08-25,661,반소매,DETAIL,1,1,1,0,405,202,0.2469
2026-08-26,661,반소매,DETAIL,2,2,2,0,424,195,0.4717
2026-08-27,661,반소매,DETAIL,1,1,1,0,330,161,0.303
2026-08-29,661,반소매,DETAIL,1,1,1,0,316,144,0.3165
2026-08-30,661,반소매,DETAIL,1,1,1,0,735,303,0.1361
2026-09-01,661,반소매,DETAIL,2,2,1,0,601,253,0.3328
2026-09-03,661,반소매,DETAIL,2,2,2,1,603,270,0.3317
2026-09-04,661,반소매,DETAIL,2,2,2,0,482,221,0.4149
2026-09-05,661,반소매,DETAIL,4,4,4,0,563,234,0.7105
2026-09-06,661,반소매,DETAIL,5,5,5,1,858,363,0.5828
2026-09-07,661,반소매,DETAIL,4,4,1,0,732,308,0.5464
2026-08-22,528,백화점,TPO,1,1,1,1,275,117,0.3636
2026-08-24,528,백화점,TPO,1,1,1,1,592,293,0.1689
2026-08-28,528,백화점,TPO,1,1,1,0,414,157,0.2415
2026-08-30,528,백화점,TPO,2,2,1,1,735,303,0.2721
2026-09-03,528,백화점,TPO,1,1,1,0,603,270,0.1658
2026-09-06,528,백화점,TPO,1,1,1,0,858,363,0.1166
2025-12-03,402,버건디,COLOR,1,1,1,0,93,52,1.0753
2026-01-06,402,버건디,COLOR,1,1,1,0,35,19,2.8571
2026-01-28,402,버건디,COLOR,2,2,2,1,29,13,6.8966
2026-01-29,402,버건디,COLOR,1,1,1,0,60,12,1.6667
2026-02-01,402,버건디,COLOR,1,1,1,0,83,43,1.2048
2026-03-01,402,버건디,COLOR,1,1,1,1,144,46,0.6944
2026-03-06,402,버건디,COLOR,2,2,2,1,203,70,0.9852
2026-03-30,402,버건디,COLOR,1,1,1,0,49,29,2.0408
2026-04-10,402,버건디,COLOR,1,1,1,0,37,22,2.7027
2026-04-23,402,버건디,COLOR,1,1,1,0,116,64,0.8621
2026-04-24,402,버건디,COLOR,1,1,1,0,49,31,2.0408
2026-05-03,402,버건디,COLOR,2,2,1,1,150,45,1.3333
2026-05-12,402,버건디,COLOR,1,1,1,0,134,52,0.7463
2026-05-14,402,버건디,COLOR,4,4,1,1,271,108,1.476
2026-05-16,402,버건디,COLOR,1,1,1,0,158,49,0.6329
2026-05-18,402,버건디,COLOR,1,1,1,1,146,74,0.6849
2026-05-20,402,버건디,COLOR,1,1,1,0,244,80,0.4098
2026-05-21,402,버건디,COLOR,1,1,1,0,270,85,0.3704
2026-05-22,402,버건디,COLOR,1,1,1,0,227,77,0.4405
2026-05-23,402,버건디,COLOR,1,1,1,1,331,93,0.3021
2026-05-24,402,버건디,COLOR,1,1,1,0,297,121,0.3367
2026-05-25,402,버건디,COLOR,4,4,3,1,400,155,1.0
2026-05-26,402,버건디,COLOR,1,1,1,1,189,90,0.5291
2026-05-27,402,버건디,COLOR,2,2,2,2,222,83,0.9009
2026-05-29,402,버건디,COLOR,1,1,1,1,188,59,0.5319
2026-05-31,402,버건디,COLOR,1,1,1,0,354,109,0.2825
2026-06-01,402,버건디,COLOR,1,1,1,0,360,160,0.2778
2026-06-03,402,버건디,COLOR,1,1,1,0,222,94,0.4505
2026-06-05,402,버건디,COLOR,2,2,2,0,183,55,1.0929
2026-06-06,402,버건디,COLOR,1,1,1,0,336,108,0.2976
2026-06-07,402,버건디,COLOR,1,1,1,0,322,152,0.3106
2026-06-10,402,버건디,COLOR,4,4,2,0,345,160,1.1594
2026-06-11,402,버건디,COLOR,2,2,1,0,239,114,0.8368
2026-06-12,402,버건디,COLOR,1,1,1,0,352,114,0.2841
2026-06-16,402,버건디,COLOR,4,4,1,1,465,184,0.8602
2026-06-17,402,버건디,COLOR,1,1,1,0,365,130,0.274
2026-06-20,402,버건디,COLOR,2,2,1,1,422,169,0.4739
2026-06-21,402,버건디,COLOR,1,1,1,0,550,205,0.1818
2026-06-22,402,버건디,COLOR,3,3,1,0,455,179,0.6593
2026-06-23,402,버건디,COLOR,3,3,2,1,401,171,0.7481
2026-06-24,402,버건디,COLOR,1,1,1,1,369,145,0.271
2026-06-27,402,버건디,COLOR,1,1,1,1,214,76,0.4673
2026-06-28,402,버건디,COLOR,1,1,1,0,327,109,0.3058
2026-06-30,402,버건디,COLOR,1,1,1,0,156,56,0.641
2026-07-04,402,버건디,COLOR,2,2,1,1,306,114,0.6536
2026-07-05,402,버건디,COLOR,1,1,1,0,295,122,0.339
2026-07-06,402,버건디,COLOR,1,1,1,0,204,85,0.4902
2026-07-10,402,버건디,COLOR,1,1,1,0,249,60,0.4016
2026-07-25,402,버건디,COLOR,1,1,1,0,245,115,0.4082
2026-07-26,402,버건디,COLOR,4,4,1,0,338,132,1.1834
2026-08-08,402,버건디,COLOR,1,1,1,0,143,57,0.6993
2026-08-15,402,버건디,COLOR,1,1,1,0,172,83,0.5814
2026-08-17,402,버건디,COLOR,3,3,2,1,543,223,0.5525
2026-08-20,402,버건디,COLOR,2,2,2,1,236,110,0.8475
2026-08-21,402,버건디,COLOR,1,1,1,0,235,105,0.4255
2026-08-22,402,버건디,COLOR,1,1,1,0,275,117,0.3636
2026-08-23,402,버건디,COLOR,3,3,2,0,472,218,0.6356
2026-08-24,402,버건디,COLOR,12,12,3,0,592,293,2.027
2026-08-25,402,버건디,COLOR,4,4,2,0,405,202,0.9877
2026-08-26,402,버건디,COLOR,3,3,3,0,424,195,0.7075
2026-08-27,402,버건디,COLOR,7,7,4,0,330,161,2.1212
2026-08-28,402,버건디,COLOR,2,2,2,1,414,157,0.4831
2026-08-29,402,버건디,COLOR,1,1,1,0,316,144,0.3165
2026-08-30,402,버건디,COLOR,3,3,2,0,735,303,0.4082
2026-08-31,402,버건디,COLOR,3,3,2,0,714,321,0.4202
2026-09-01,402,버건디,COLOR,1,1,1,0,601,253,0.1664
2026-09-02,402,버건디,COLOR,3,3,3,0,502,221,0.5976
2026-09-03,402,버건디,COLOR,3,3,2,0,603,270,0.4975
2026-09-05,402,버건디,COLOR,2,2,2,0,563,234,0.3552
2026-09-06,402,버건디,COLOR,1,1,1,0,858,363,0.1166
2026-09-07,402,버건디,COLOR,2,2,2,0,732,308,0.2732
2025-09-08,153,베스트,ITEM,1,1,1,0,39,12,2.5641
2025-10-03,153,베스트,ITEM,1,1,1,1,103,20,0.9709
2025-10-24,153,베스트,ITEM,1,1,1,1,96,19,1.0417
2025-11-09,153,베스트,ITEM,2,2,1,1,76,21,2.6316
2025-12-03,153,베스트,ITEM,1,1,1,0,93,52,1.0753
2025-12-06,153,베스트,ITEM,1,1,1,0,91,53,1.0989
2025-12-26,153,베스트,ITEM,1,1,1,0,41,17,2.439
2026-01-05,153,베스트,ITEM,1,1,1,0,19,11,5.2632
2026-01-17,153,베스트,ITEM,1,1,1,0,143,78,0.6993
2026-01-19,153,베스트,ITEM,4,4,2,1,57,27,7.0175
2026-01-28,153,베스트,ITEM,1,1,1,0,29,13,3.4483
2026-02-09,153,베스트,ITEM,1,1,1,0,22,15,4.5455
2026-02-13,153,베스트,ITEM,1,1,1,0,13,11,7.6923
2026-03-02,153,베스트,ITEM,1,1,1,0,49,31,2.0408
2026-03-03,153,베스트,ITEM,1,1,1,0,61,35,1.6393
2026-04-19,153,베스트,ITEM,1,1,1,0,286,115,0.3497
2026-04-22,153,베스트,ITEM,1,1,1,0,63,26,1.5873
2026-05-16,153,베스트,ITEM,1,1,1,1,158,49,0.6329
2026-05-17,153,베스트,ITEM,1,1,1,0,166,82,0.6024
2026-05-24,153,베스트,ITEM,1,1,1,0,297,121,0.3367
2026-06-11,153,베스트,ITEM,1,1,1,0,239,114,0.4184
2026-06-12,153,베스트,ITEM,1,1,1,1,352,114,0.2841
2026-06-15,153,베스트,ITEM,1,1,1,0,440,179,0.2273
2026-06-27,153,베스트,ITEM,1,1,1,0,214,76,0.4673
2026-06-28,153,베스트,ITEM,1,1,1,1,327,109,0.3058
2026-06-30,153,베스트,ITEM,1,1,1,0,156,56,0.641
2026-07-04,153,베스트,ITEM,3,3,3,1,306,114,0.9804
2026-07-10,153,베스트,ITEM,2,2,2,2,249,60,0.8032
2026-07-14,153,베스트,ITEM,1,1,1,0,267,89,0.3745
2026-07-15,153,베스트,ITEM,1,1,1,0,265,87,0.3774
2026-07-21,153,베스트,ITEM,1,1,1,1,284,141,0.3521
2026-07-26,153,베스트,ITEM,3,3,1,1,338,132,0.8876
2026-08-09,153,베스트,ITEM,3,3,1,0,265,116,1.1321
2026-08-10,153,베스트,ITEM,2,2,1,0,244,105,0.8197
2026-08-11,153,베스트,ITEM,2,2,1,0,383,116,0.5222
2026-08-12,153,베스트,ITEM,1,1,1,0,194,92,0.5155
2026-08-13,153,베스트,ITEM,1,1,1,0,223,94,0.4484
2026-08-20,153,베스트,ITEM,1,1,1,1,236,110,0.4237
2026-08-24,153,베스트,ITEM,2,2,1,1,592,293,0.3378
2026-08-27,153,베스트,ITEM,2,2,1,1,330,161,0.6061
2025-09-01,436,베이지,COLOR,1,1,1,0,68,41,1.4706
2025-09-14,436,베이지,COLOR,1,1,1,1,52,13,1.9231
2025-09-19,436,베이지,COLOR,2,2,1,0,106,25,1.8868
2025-09-20,436,베이지,COLOR,3,3,1,0,96,34,3.125
2025-09-21,436,베이지,COLOR,1,1,1,0,55,12,1.8182
2025-09-26,436,베이지,COLOR,1,1,1,1,76,18,1.3158
2025-09-28,436,베이지,COLOR,1,1,1,0,78,15,1.2821
2025-10-03,436,베이지,COLOR,1,1,1,1,103,20,0.9709
2025-10-11,436,베이지,COLOR,2,2,1,0,50,26,4.0
2025-10-12,436,베이지,COLOR,1,1,1,0,76,22,1.3158
2025-10-17,436,베이지,COLOR,1,1,1,1,45,13,2.2222
2025-10-24,436,베이지,COLOR,1,1,1,1,96,19,1.0417
2025-11-03,436,베이지,COLOR,1,1,1,1,51,15,1.9608
2025-11-09,436,베이지,COLOR,1,1,1,1,76,21,1.3158
2025-11-14,436,베이지,COLOR,2,2,1,0,73,20,2.7397
2025-11-17,436,베이지,COLOR,1,1,1,0,60,30,1.6667
2025-11-20,436,베이지,COLOR,1,1,1,1,172,49,0.5814
2025-11-21,436,베이지,COLOR,1,1,1,0,127,48,0.7874
2025-11-25,436,베이지,COLOR,1,1,1,0,50,29,2.0
2025-11-26,436,베이지,COLOR,1,1,1,0,29,14,3.4483
2025-11-28,436,베이지,COLOR,1,1,1,0,80,32,1.25
2025-11-30,436,베이지,COLOR,2,2,2,0,72,27,2.7778
2025-12-02,436,베이지,COLOR,2,2,2,2,123,66,1.626
2025-12-04,436,베이지,COLOR,1,1,1,0,67,41,1.4925
2025-12-07,436,베이지,COLOR,3,3,2,1,120,49,2.5
2025-12-19,436,베이지,COLOR,2,2,1,0,67,36,2.9851
2025-12-20,436,베이지,COLOR,1,1,1,0,56,39,1.7857
2025-12-21,436,베이지,COLOR,1,1,1,0,92,38,1.087
2025-12-26,436,베이지,COLOR,1,1,1,0,41,17,2.439
2026-01-01,436,베이지,COLOR,1,1,1,0,8,6,12.5
2026-01-02,436,베이지,COLOR,3,3,2,1,103,31,2.9126
2026-01-03,436,베이지,COLOR,2,2,1,0,71,37,2.8169
2026-01-08,436,베이지,COLOR,1,1,1,0,21,8,4.7619
2026-01-16,436,베이지,COLOR,1,1,1,0,108,22,0.9259
2026-01-29,436,베이지,COLOR,1,1,1,1,60,12,1.6667
2026-02-06,436,베이지,COLOR,1,1,1,0,65,32,1.5385
2026-02-10,436,베이지,COLOR,1,1,1,0,57,40,1.7544
2026-02-12,436,베이지,COLOR,1,1,1,0,24,12,4.1667
2026-02-20,436,베이지,COLOR,2,2,2,2,152,39,1.3158
2026-02-26,436,베이지,COLOR,1,1,1,0,56,33,1.7857
2026-02-27,436,베이지,COLOR,3,3,2,1,156,44,1.9231
2026-03-01,436,베이지,COLOR,1,1,1,1,144,46,0.6944
2026-03-03,436,베이지,COLOR,1,1,1,0,61,35,1.6393
2026-03-04,436,베이지,COLOR,3,3,1,1,159,65,1.8868
2026-03-05,436,베이지,COLOR,1,1,1,1,64,22,1.5625
2026-03-11,436,베이지,COLOR,1,1,1,0,20,12,5.0
2026-03-15,436,베이지,COLOR,2,2,2,1,87,29,2.2989
2026-03-17,436,베이지,COLOR,1,1,1,1,76,20,1.3158
2026-03-18,436,베이지,COLOR,1,1,1,0,70,45,1.4286
2026-03-22,436,베이지,COLOR,1,1,1,1,158,62,0.6329
2026-03-24,436,베이지,COLOR,1,1,1,0,70,41,1.4286
2026-03-26,436,베이지,COLOR,2,2,2,1,154,65,1.2987
2026-03-27,436,베이지,COLOR,2,2,2,0,124,47,1.6129
2026-03-28,436,베이지,COLOR,1,1,1,0,23,9,4.3478
2026-03-29,436,베이지,COLOR,1,1,1,0,38,17,2.6316
2026-04-02,436,베이지,COLOR,2,2,2,0,103,44,1.9417
2026-04-05,436,베이지,COLOR,1,1,1,0,129,44,0.7752
2026-04-11,436,베이지,COLOR,1,1,1,0,80,37,1.25
2026-04-18,436,베이지,COLOR,1,1,1,1,168,63,0.5952
2026-04-19,436,베이지,COLOR,4,4,3,3,286,115,1.3986
2026-04-20,436,베이지,COLOR,3,3,2,0,238,90,1.2605
2026-04-25,436,베이지,COLOR,2,2,2,0,52,20,3.8462
2026-04-26,436,베이지,COLOR,1,1,1,0,23,11,4.3478
2026-05-01,436,베이지,COLOR,1,1,1,1,82,24,1.2195
2026-05-04,436,베이지,COLOR,2,2,2,0,61,39,3.2787
2026-05-06,436,베이지,COLOR,2,2,1,0,95,40,2.1053
2026-05-07,436,베이지,COLOR,3,3,2,0,60,37,5.0
2026-05-09,436,베이지,COLOR,1,1,1,0,71,29,1.4085
2026-05-11,436,베이지,COLOR,2,2,2,1,111,47,1.8018
2026-05-12,436,베이지,COLOR,2,2,1,1,134,52,1.4925
2026-05-13,436,베이지,COLOR,1,1,1,0,137,56,0.7299
2026-05-14,436,베이지,COLOR,3,3,3,2,271,108,1.107
2026-05-15,436,베이지,COLOR,1,1,1,0,177,75,0.565
2026-05-18,436,베이지,COLOR,1,1,1,0,146,74,0.6849
2026-05-19,436,베이지,COLOR,1,1,1,0,39,23,2.5641
2026-05-21,436,베이지,COLOR,3,3,2,2,270,85,1.1111
2026-05-22,436,베이지,COLOR,2,2,2,1,227,77,0.8811
2026-05-23,436,베이지,COLOR,6,6,4,3,331,93,1.8127
2026-05-24,436,베이지,COLOR,4,4,4,2,297,121,1.3468
2026-05-25,436,베이지,COLOR,4,4,4,2,400,155,1.0
2026-05-26,436,베이지,COLOR,1,1,1,1,189,90,0.5291
2026-05-27,436,베이지,COLOR,1,1,1,1,222,83,0.4505
2026-05-28,436,베이지,COLOR,1,1,1,0,228,103,0.4386
2026-05-29,436,베이지,COLOR,1,1,1,1,188,59,0.5319
2026-05-30,436,베이지,COLOR,1,1,1,0,234,83,0.4274
2026-05-31,436,베이지,COLOR,2,2,2,2,354,109,0.565
2026-06-01,436,베이지,COLOR,2,2,2,0,360,160,0.5556
2026-06-02,436,베이지,COLOR,1,1,1,0,224,100,0.4464
2026-06-05,436,베이지,COLOR,2,2,2,0,183,55,1.0929
2026-06-06,436,베이지,COLOR,2,2,2,1,336,108,0.5952
2026-06-07,436,베이지,COLOR,4,4,2,0,322,152,1.2422
2026-06-08,436,베이지,COLOR,7,7,4,1,380,152,1.8421
2026-06-09,436,베이지,COLOR,3,3,1,0,247,108,1.2146
2026-06-10,436,베이지,COLOR,3,3,2,1,345,160,0.8696
2026-06-11,436,베이지,COLOR,5,5,3,0,239,114,2.0921
2026-06-12,436,베이지,COLOR,4,4,4,1,352,114,1.1364
2026-06-13,436,베이지,COLOR,3,3,3,1,267,107,1.1236
2026-06-14,436,베이지,COLOR,6,6,5,1,529,186,1.1342
2026-06-15,436,베이지,COLOR,1,1,1,1,440,179,0.2273
2026-06-16,436,베이지,COLOR,1,1,1,0,465,184,0.2151
2026-06-17,436,베이지,COLOR,1,1,1,1,365,130,0.274
2026-06-18,436,베이지,COLOR,2,2,2,0,286,139,0.6993
2026-06-19,436,베이지,COLOR,1,1,1,1,510,170,0.1961
2026-06-20,436,베이지,COLOR,1,1,1,1,422,169,0.237
2026-06-21,436,베이지,COLOR,1,1,1,0,550,205,0.1818
2026-06-22,436,베이지,COLOR,5,5,5,3,455,179,1.0989
2026-06-23,436,베이지,COLOR,3,3,3,1,401,171,0.7481
2026-06-24,436,베이지,COLOR,2,2,2,0,369,145,0.542
2026-06-26,436,베이지,COLOR,2,2,2,1,247,81,0.8097
2026-06-28,436,베이지,COLOR,2,2,2,1,327,109,0.6116
2026-06-29,436,베이지,COLOR,4,4,4,1,182,100,2.1978
2026-06-30,436,베이지,COLOR,1,1,1,1,156,56,0.641
2026-07-01,436,베이지,COLOR,3,3,2,2,261,93,1.1494
2026-07-02,436,베이지,COLOR,2,2,2,0,107,58,1.8692
2026-07-03,436,베이지,COLOR,2,2,2,0,154,63,1.2987
2026-07-04,436,베이지,COLOR,5,5,3,2,306,114,1.634
2026-07-05,436,베이지,COLOR,1,1,1,1,295,122,0.339
2026-07-06,436,베이지,COLOR,2,2,1,1,204,85,0.9804
2026-07-07,436,베이지,COLOR,1,1,1,0,203,85,0.4926
2026-07-08,436,베이지,COLOR,1,1,1,0,112,58,0.8929
2026-07-10,436,베이지,COLOR,3,3,2,2,249,60,1.2048
2026-07-12,436,베이지,COLOR,1,1,1,0,314,141,0.3185
2026-07-13,436,베이지,COLOR,3,3,2,0,382,151,0.7853
2026-07-15,436,베이지,COLOR,2,2,2,1,265,87,0.7547
2026-07-16,436,베이지,COLOR,2,2,1,1,179,58,1.1173
2026-07-17,436,베이지,COLOR,2,2,2,1,332,101,0.6024
2026-07-18,436,베이지,COLOR,1,1,1,1,429,155,0.2331
2026-07-20,436,베이지,COLOR,1,1,1,0,386,140,0.2591
2026-07-21,436,베이지,COLOR,2,2,2,1,284,141,0.7042
2026-07-22,436,베이지,COLOR,2,2,2,1,244,112,0.8197
2026-07-24,436,베이지,COLOR,2,2,2,0,233,80,0.8584
2026-07-27,436,베이지,COLOR,2,2,2,1,392,161,0.5102
2026-07-29,436,베이지,COLOR,1,1,1,1,238,113,0.4202
2026-07-30,436,베이지,COLOR,1,1,1,1,249,101,0.4016
2026-07-31,436,베이지,COLOR,2,2,2,1,204,84,0.9804
2026-08-02,436,베이지,COLOR,1,1,1,0,250,101,0.4
2026-08-04,436,베이지,COLOR,1,1,1,1,225,88,0.4444
2026-08-06,436,베이지,COLOR,3,3,3,1,284,112,1.0563
2026-08-09,436,베이지,COLOR,2,2,2,1,265,116,0.7547
2026-08-10,436,베이지,COLOR,3,3,3,1,244,105,1.2295
2026-08-11,436,베이지,COLOR,4,4,4,2,383,116,1.0444
2026-08-13,436,베이지,COLOR,3,3,3,1,223,94,1.3453
2026-08-14,436,베이지,COLOR,3,3,2,2,159,54,1.8868
2026-08-15,436,베이지,COLOR,1,1,1,0,172,83,0.5814
2026-08-17,436,베이지,COLOR,4,4,2,1,543,223,0.7366
2026-08-18,436,베이지,COLOR,1,1,1,0,303,163,0.33
2026-08-19,436,베이지,COLOR,1,1,1,0,219,95,0.4566
2026-08-21,436,베이지,COLOR,1,1,1,0,235,105,0.4255
2026-08-22,436,베이지,COLOR,2,2,2,1,275,117,0.7273
2026-08-24,436,베이지,COLOR,1,1,1,1,592,293,0.1689
2026-08-25,436,베이지,COLOR,1,1,1,0,405,202,0.2469
2026-08-26,436,베이지,COLOR,10,10,4,1,424,195,2.3585
2026-08-27,436,베이지,COLOR,7,7,3,2,330,161,2.1212
2026-08-28,436,베이지,COLOR,5,5,3,3,414,157,1.2077
2026-08-29,436,베이지,COLOR,1,1,1,0,316,144,0.3165
2026-08-30,436,베이지,COLOR,8,8,4,1,735,303,1.0884
2026-08-31,436,베이지,COLOR,5,5,4,1,714,321,0.7003
2026-09-01,436,베이지,COLOR,9,9,5,3,601,253,1.4975
2026-09-02,436,베이지,COLOR,6,6,5,2,502,221,1.1952
2026-09-03,436,베이지,COLOR,2,2,1,0,603,270,0.3317
2026-09-05,436,베이지,COLOR,3,3,3,0,563,234,0.5329
2026-09-06,436,베이지,COLOR,5,5,4,0,858,363,0.5828
2026-09-07,436,베이지,COLOR,3,3,2,0,732,308,0.4098
2026-09-08,436,베이지,COLOR,3,3,3,0,248,112,1.2097
2026-09-09,436,베이지,COLOR,4,4,4,4,170,7,2.3529
2026-09-09,732,벨소매,DETAIL,1,1,1,1,170,7,0.5882
2026-01-04,752,벨크로,DETAIL,1,1,1,0,43,22,2.3256
2026-04-20,752,벨크로,DETAIL,1,1,1,1,238,90,0.4202
2026-09-06,752,벨크로,DETAIL,1,1,1,0,858,363,0.1166
2025-09-05,634,보트넥,DETAIL,1,1,1,1,87,25,1.1494
2025-09-19,634,보트넥,DETAIL,1,1,1,1,106,25,0.9434
2025-09-26,634,보트넥,DETAIL,1,1,1,1,76,18,1.3158
2025-10-24,634,보트넥,DETAIL,1,1,1,1,96,19,1.0417
2025-11-07,634,보트넥,DETAIL,1,1,1,1,95,32,1.0526
2025-11-14,634,보트넥,DETAIL,1,1,1,1,73,20,1.3699
2025-12-26,634,보트넥,DETAIL,1,1,1,1,41,17,2.439
2026-02-20,634,보트넥,DETAIL,1,1,1,1,152,39,0.6579
2026-04-18,634,보트넥,DETAIL,1,1,1,0,168,63,0.5952
2026-04-27,634,보트넥,DETAIL,1,1,1,1,175,75,0.5714
2026-05-25,634,보트넥,DETAIL,1,1,1,0,400,155,0.25
2026-05-29,634,보트넥,DETAIL,1,1,1,1,188,59,0.5319
2026-05-30,634,보트넥,DETAIL,1,1,1,1,234,83,0.4274
2026-06-05,634,보트넥,DETAIL,1,1,1,1,183,55,0.5464
2026-06-11,634,보트넥,DETAIL,1,1,1,0,239,114,0.4184
2026-06-12,634,보트넥,DETAIL,2,2,1,1,352,114,0.5682
2026-06-19,634,보트넥,DETAIL,1,1,1,1,510,170,0.1961
2026-06-21,634,보트넥,DETAIL,2,2,2,2,550,205,0.3636
2026-06-24,634,보트넥,DETAIL,1,1,1,1,369,145,0.271
2026-06-26,634,보트넥,DETAIL,1,1,1,1,247,81,0.4049
2026-06-27,634,보트넥,DETAIL,2,2,1,1,214,76,0.9346
2026-06-28,634,보트넥,DETAIL,1,1,1,1,327,109,0.3058
2026-07-04,634,보트넥,DETAIL,1,1,1,1,306,114,0.3268
2026-07-06,634,보트넥,DETAIL,1,1,1,0,204,85,0.4902
2026-07-13,634,보트넥,DETAIL,3,3,1,1,382,151,0.7853
2026-07-19,634,보트넥,DETAIL,2,2,2,0,670,210,0.2985
2026-07-30,634,보트넥,DETAIL,1,1,1,1,249,101,0.4016
2026-07-31,634,보트넥,DETAIL,1,1,1,1,204,84,0.4902
2026-08-01,634,보트넥,DETAIL,1,1,1,1,277,115,0.361
2026-08-03,634,보트넥,DETAIL,1,1,1,0,257,111,0.3891
2026-08-04,634,보트넥,DETAIL,1,1,1,0,225,88,0.4444
2026-08-17,634,보트넥,DETAIL,1,1,1,0,543,223,0.1842
2026-08-18,634,보트넥,DETAIL,1,1,1,0,303,163,0.33
2026-09-09,634,보트넥,DETAIL,1,1,1,1,170,7,0.5882
2025-10-05,154,볼레로,ITEM,1,1,1,0,53,14,1.8868
2026-05-30,154,볼레로,ITEM,1,1,1,1,234,83,0.4274
2026-06-26,154,볼레로,ITEM,1,1,1,1,247,81,0.4049
2026-07-16,154,볼레로,ITEM,1,1,1,0,179,58,0.5587
2026-07-18,154,볼레로,ITEM,1,1,1,0,429,155,0.2331
2026-07-27,154,볼레로,ITEM,1,1,1,1,392,161,0.2551
2025-09-25,613,부츠컷,DETAIL,1,1,1,0,40,12,2.5
2025-10-10,613,부츠컷,DETAIL,1,1,1,0,80,23,1.25
2025-11-07,613,부츠컷,DETAIL,1,1,1,1,95,32,1.0526
2025-11-16,613,부츠컷,DETAIL,1,1,1,1,99,44,1.0101
2025-12-08,613,부츠컷,DETAIL,1,1,1,0,42,28,2.381
2026-01-29,613,부츠컷,DETAIL,1,1,1,1,60,12,1.6667
2026-03-01,613,부츠컷,DETAIL,1,1,1,1,144,46,0.6944
2026-03-27,613,부츠컷,DETAIL,1,1,1,0,124,47,0.8065
2026-04-10,613,부츠컷,DETAIL,2,2,1,1,37,22,5.4054
2026-04-11,613,부츠컷,DETAIL,4,4,3,1,80,37,5.0
2026-04-12,613,부츠컷,DETAIL,1,1,1,0,29,19,3.4483
2026-04-17,613,부츠컷,DETAIL,1,1,1,1,22,9,4.5455
2026-04-19,613,부츠컷,DETAIL,1,1,1,1,286,115,0.3497
2026-04-23,613,부츠컷,DETAIL,1,1,1,0,116,64,0.8621
2026-04-30,613,부츠컷,DETAIL,1,1,1,1,78,19,1.2821
2026-05-09,613,부츠컷,DETAIL,3,3,3,1,71,29,4.2254
2026-05-16,613,부츠컷,DETAIL,1,1,1,1,158,49,0.6329
2026-05-17,613,부츠컷,DETAIL,1,1,1,0,166,82,0.6024
2026-05-21,613,부츠컷,DETAIL,1,1,1,1,270,85,0.3704
2026-05-22,613,부츠컷,DETAIL,2,2,2,1,227,77,0.8811
2026-05-23,613,부츠컷,DETAIL,1,1,1,1,331,93,0.3021
2026-05-24,613,부츠컷,DETAIL,1,1,1,0,297,121,0.3367
2026-05-29,613,부츠컷,DETAIL,1,1,1,1,188,59,0.5319
2026-05-31,613,부츠컷,DETAIL,1,1,1,0,354,109,0.2825
2026-06-01,613,부츠컷,DETAIL,3,3,1,1,360,160,0.8333
2026-06-02,613,부츠컷,DETAIL,1,1,1,0,224,100,0.4464
2026-06-04,613,부츠컷,DETAIL,1,1,1,0,137,74,0.7299
2026-06-06,613,부츠컷,DETAIL,2,2,2,1,336,108,0.5952
2026-06-10,613,부츠컷,DETAIL,1,1,1,0,345,160,0.2899
2026-06-13,613,부츠컷,DETAIL,2,2,2,1,267,107,0.7491
2026-06-14,613,부츠컷,DETAIL,3,3,2,1,529,186,0.5671
2026-06-15,613,부츠컷,DETAIL,3,3,2,0,440,179,0.6818
2026-06-16,613,부츠컷,DETAIL,1,1,1,0,465,184,0.2151
2026-06-21,613,부츠컷,DETAIL,2,2,1,1,550,205,0.3636
2026-06-22,613,부츠컷,DETAIL,1,1,1,1,455,179,0.2198
2026-06-26,613,부츠컷,DETAIL,1,1,1,1,247,81,0.4049
2026-06-27,613,부츠컷,DETAIL,1,1,1,1,214,76,0.4673
2026-06-28,613,부츠컷,DETAIL,2,2,2,1,327,109,0.6116
2026-06-29,613,부츠컷,DETAIL,1,1,1,0,182,100,0.5495
2026-06-30,613,부츠컷,DETAIL,1,1,1,1,156,56,0.641
2026-07-04,613,부츠컷,DETAIL,1,1,1,1,306,114,0.3268
2026-07-05,613,부츠컷,DETAIL,1,1,1,0,295,122,0.339
2026-07-06,613,부츠컷,DETAIL,2,2,1,1,204,85,0.9804
2026-07-07,613,부츠컷,DETAIL,1,1,1,1,203,85,0.4926
2026-07-10,613,부츠컷,DETAIL,1,1,1,1,249,60,0.4016
2026-07-15,613,부츠컷,DETAIL,1,1,1,1,265,87,0.3774
2026-07-17,613,부츠컷,DETAIL,1,1,1,1,332,101,0.3012
2026-07-20,613,부츠컷,DETAIL,1,1,1,1,386,140,0.2591
2026-07-21,613,부츠컷,DETAIL,1,1,1,0,284,141,0.3521
2026-07-24,613,부츠컷,DETAIL,1,1,1,1,233,80,0.4292
2026-07-25,613,부츠컷,DETAIL,2,2,2,0,245,115,0.8163
2026-07-30,613,부츠컷,DETAIL,2,2,1,1,249,101,0.8032
2026-08-01,613,부츠컷,DETAIL,1,1,1,1,277,115,0.361
2026-08-05,613,부츠컷,DETAIL,1,1,1,0,302,135,0.3311
2026-08-08,613,부츠컷,DETAIL,1,1,1,1,143,57,0.6993
2026-08-11,613,부츠컷,DETAIL,1,1,1,1,383,116,0.2611
2026-08-17,613,부츠컷,DETAIL,1,1,1,1,543,223,0.1842
2026-08-18,613,부츠컷,DETAIL,2,2,1,0,303,163,0.6601
2026-08-19,613,부츠컷,DETAIL,2,2,2,1,219,95,0.9132
2026-08-20,613,부츠컷,DETAIL,1,1,1,0,236,110,0.4237
2026-08-25,613,부츠컷,DETAIL,1,1,1,0,405,202,0.2469
2026-08-28,613,부츠컷,DETAIL,1,1,1,1,414,157,0.2415
2026-08-29,613,부츠컷,DETAIL,2,2,1,0,316,144,0.6329
2026-08-30,613,부츠컷,DETAIL,3,3,3,0,735,303,0.4082
2026-08-31,613,부츠컷,DETAIL,2,2,2,1,714,321,0.2801
2026-09-03,613,부츠컷,DETAIL,1,1,1,1,603,270,0.1658
2026-09-04,613,부츠컷,DETAIL,1,1,1,0,482,221,0.2075
2026-09-05,613,부츠컷,DETAIL,1,1,1,1,563,234,0.1776
2026-09-06,613,부츠컷,DETAIL,2,2,1,0,858,363,0.2331
2026-09-07,613,부츠컷,DETAIL,1,1,1,1,732,308,0.1366
2026-09-08,613,부츠컷,DETAIL,1,1,1,0,248,112,0.4032
2026-09-09,613,부츠컷,DETAIL,1,1,1,1,170,7,0.5882
2025-09-01,412,브라운,COLOR,13,13,1,0,68,41,19.1176
2025-09-02,412,브라운,COLOR,6,6,1,0,36,20,16.6667
2025-09-03,412,브라운,COLOR,3,3,1,0,18,10,16.6667
2025-09-04,412,브라운,COLOR,1,1,1,0,14,11,7.1429
2025-09-05,412,브라운,COLOR,1,1,1,0,87,25,1.1494
2025-09-06,412,브라운,COLOR,8,8,1,0,103,33,7.767
2025-09-07,412,브라운,COLOR,2,2,2,0,29,8,6.8966
2025-09-08,412,브라운,COLOR,4,4,2,0,39,12,10.2564
2025-09-09,412,브라운,COLOR,1,1,1,0,11,4,9.0909
2025-09-10,412,브라운,COLOR,1,1,1,0,25,7,4.0
2025-09-11,412,브라운,COLOR,2,2,2,0,24,8,8.3333
2025-09-12,412,브라운,COLOR,1,1,1,0,61,22,1.6393
2025-09-13,412,브라운,COLOR,3,3,1,0,46,32,6.5217
2025-09-14,412,브라운,COLOR,2,2,1,0,52,13,3.8462
2025-09-15,412,브라운,COLOR,10,10,2,0,110,52,9.0909
2025-09-16,412,브라운,COLOR,8,8,2,0,108,47,7.4074
2025-09-17,412,브라운,COLOR,1,1,1,0,22,12,4.5455
2025-09-19,412,브라운,COLOR,7,7,2,0,106,25,6.6038
2025-09-20,412,브라운,COLOR,8,8,2,0,96,34,8.3333
2025-09-21,412,브라운,COLOR,1,1,1,0,55,12,1.8182
2025-09-22,412,브라운,COLOR,2,2,2,0,30,17,6.6667
2025-09-23,412,브라운,COLOR,2,2,2,0,14,5,14.2857
2025-09-25,412,브라운,COLOR,3,3,1,0,40,12,7.5
2025-09-26,412,브라운,COLOR,1,1,1,1,76,18,1.3158
2025-09-27,412,브라운,COLOR,1,1,1,0,92,35,1.087
2025-10-01,412,브라운,COLOR,2,2,1,0,23,7,8.6957
2025-10-03,412,브라운,COLOR,1,1,1,1,103,20,0.9709
2025-10-05,412,브라운,COLOR,1,1,1,0,53,14,1.8868
2025-10-06,412,브라운,COLOR,1,1,1,0,19,9,5.2632
2025-10-10,412,브라운,COLOR,9,9,1,1,80,23,11.25
2025-10-11,412,브라운,COLOR,6,6,1,0,50,26,12.0
2025-10-12,412,브라운,COLOR,6,6,2,1,76,22,7.8947
2025-10-13,412,브라운,COLOR,2,2,1,0,20,6,10.0
2025-10-14,412,브라운,COLOR,2,2,1,0,8,5,25.0
2025-10-15,412,브라운,COLOR,1,1,1,0,5,2,20.0
2025-10-16,412,브라운,COLOR,2,2,1,0,12,4,16.6667
2025-10-17,412,브라운,COLOR,2,2,1,1,45,13,4.4444
2025-10-19,412,브라운,COLOR,1,1,1,0,46,13,2.1739
2025-10-21,412,브라운,COLOR,1,1,1,0,19,11,5.2632
2025-10-24,412,브라운,COLOR,3,3,1,1,96,19,3.125
2025-10-26,412,브라운,COLOR,2,2,2,1,63,15,3.1746
2025-10-29,412,브라운,COLOR,1,1,1,1,26,9,3.8462
2025-11-01,412,브라운,COLOR,1,1,1,0,41,19,2.439
2025-11-02,412,브라운,COLOR,1,1,1,0,86,23,1.1628
2025-11-03,412,브라운,COLOR,1,1,1,1,51,15,1.9608
2025-11-08,412,브라운,COLOR,1,1,1,0,74,32,1.3514
2025-11-10,412,브라운,COLOR,1,1,1,0,34,16,2.9412
2025-11-12,412,브라운,COLOR,1,1,1,0,33,12,3.0303
2025-11-14,412,브라운,COLOR,1,1,1,0,73,20,1.3699
2025-11-15,412,브라운,COLOR,1,1,1,0,72,28,1.3889
2025-11-16,412,브라운,COLOR,3,3,2,0,99,44,3.0303
2025-11-18,412,브라운,COLOR,1,1,1,0,19,13,5.2632
2025-11-19,412,브라운,COLOR,3,3,2,0,165,47,1.8182
2025-11-20,412,브라운,COLOR,1,1,1,1,172,49,0.5814
2025-11-21,412,브라운,COLOR,3,3,1,0,127,48,2.3622
2025-11-22,412,브라운,COLOR,3,3,2,0,75,36,4.0
2025-11-23,412,브라운,COLOR,1,1,1,1,92,33,1.087
2025-11-28,412,브라운,COLOR,1,1,1,1,80,32,1.25
2025-11-29,412,브라운,COLOR,3,3,1,0,64,24,4.6875
2025-11-30,412,브라운,COLOR,3,3,1,0,72,27,4.1667
2025-12-01,412,브라운,COLOR,1,1,1,0,29,14,3.4483
2025-12-02,412,브라운,COLOR,4,4,2,1,123,66,3.252
2025-12-03,412,브라운,COLOR,2,2,2,0,93,52,2.1505
2025-12-04,412,브라운,COLOR,2,2,2,0,67,41,2.9851
2025-12-05,412,브라운,COLOR,1,1,1,0,88,46,1.1364
2025-12-06,412,브라운,COLOR,1,1,1,0,91,53,1.0989
2025-12-07,412,브라운,COLOR,2,2,2,1,120,49,1.6667
2025-12-08,412,브라운,COLOR,2,2,2,0,42,28,4.7619
2025-12-09,412,브라운,COLOR,1,1,1,0,10,6,10.0
2025-12-19,412,브라운,COLOR,2,2,1,0,67,36,2.9851
2025-12-21,412,브라운,COLOR,2,2,1,0,92,38,2.1739
2026-01-02,412,브라운,COLOR,1,1,1,0,103,31,0.9709
2026-01-03,412,브라운,COLOR,3,3,2,0,71,37,4.2254
2026-01-04,412,브라운,COLOR,1,1,1,0,43,22,2.3256
2026-01-06,412,브라운,COLOR,1,1,1,0,35,19,2.8571
2026-01-08,412,브라운,COLOR,3,3,1,1,21,8,14.2857
2026-01-20,412,브라운,COLOR,3,3,1,0,57,25,5.2632
2026-01-23,412,브라운,COLOR,1,1,1,1,61,26,1.6393
2026-01-24,412,브라운,COLOR,1,1,1,0,62,34,1.6129
2026-01-25,412,브라운,COLOR,1,1,1,0,20,15,5.0
2026-02-01,412,브라운,COLOR,1,1,1,0,83,43,1.2048
2026-02-02,412,브라운,COLOR,1,1,1,0,12,10,8.3333
2026-02-07,412,브라운,COLOR,3,3,1,0,115,57,2.6087
2026-02-09,412,브라운,COLOR,1,1,1,0,22,15,4.5455
2026-02-10,412,브라운,COLOR,3,3,1,0,57,40,5.2632
2026-02-17,412,브라운,COLOR,1,1,1,0,9,6,11.1111
2026-02-20,412,브라운,COLOR,1,1,1,1,152,39,0.6579
2026-02-21,412,브라운,COLOR,1,1,1,0,32,19,3.125
2026-02-22,412,브라운,COLOR,2,2,2,1,61,30,3.2787
2026-02-23,412,브라운,COLOR,1,1,1,0,31,19,3.2258
2026-02-27,412,브라운,COLOR,2,2,1,1,156,44,1.2821
2026-03-01,412,브라운,COLOR,2,2,2,2,144,46,1.3889
2026-03-04,412,브라운,COLOR,1,1,1,0,159,65,0.6289
2026-03-05,412,브라운,COLOR,1,1,1,1,64,22,1.5625
2026-03-06,412,브라운,COLOR,1,1,1,1,203,70,0.4926
2026-03-07,412,브라운,COLOR,1,1,1,0,82,41,1.2195
2026-03-15,412,브라운,COLOR,1,1,1,1,87,29,1.1494
2026-03-17,412,브라운,COLOR,2,2,2,1,76,20,2.6316
2026-03-20,412,브라운,COLOR,1,1,1,0,44,13,2.2727
2026-03-24,412,브라운,COLOR,2,2,2,0,70,41,2.8571
2026-03-26,412,브라운,COLOR,1,1,1,0,154,65,0.6494
2026-03-27,412,브라운,COLOR,1,1,1,0,124,47,0.8065
2026-03-31,412,브라운,COLOR,1,1,1,1,70,26,1.4286
2026-04-02,412,브라운,COLOR,1,1,1,0,103,44,0.9709
2026-04-03,412,브라운,COLOR,1,1,1,1,69,31,1.4493
2026-04-11,412,브라운,COLOR,1,1,1,0,80,37,1.25
2026-04-16,412,브라운,COLOR,1,1,1,1,41,12,2.439
2026-04-18,412,브라운,COLOR,1,1,1,1,168,63,0.5952
2026-04-19,412,브라운,COLOR,2,2,2,1,286,115,0.6993
2026-04-21,412,브라운,COLOR,1,1,1,0,58,30,1.7241
2026-04-22,412,브라운,COLOR,1,1,1,0,63,26,1.5873
2026-04-25,412,브라운,COLOR,1,1,1,0,52,20,1.9231
2026-04-27,412,브라운,COLOR,1,1,1,1,175,75,0.5714
2026-05-03,412,브라운,COLOR,1,1,1,1,150,45,0.6667
2026-05-05,412,브라운,COLOR,3,3,3,0,121,55,2.4793
2026-05-12,412,브라운,COLOR,1,1,1,1,134,52,0.7463
2026-05-13,412,브라운,COLOR,1,1,1,0,137,56,0.7299
2026-05-15,412,브라운,COLOR,2,2,2,0,177,75,1.1299
2026-05-17,412,브라운,COLOR,1,1,1,0,166,82,0.6024
2026-05-18,412,브라운,COLOR,1,1,1,1,146,74,0.6849
2026-05-20,412,브라운,COLOR,1,1,1,1,244,80,0.4098
2026-05-21,412,브라운,COLOR,2,2,2,1,270,85,0.7407
2026-05-22,412,브라운,COLOR,3,3,3,1,227,77,1.3216
2026-05-23,412,브라운,COLOR,4,4,3,1,331,93,1.2085
2026-05-24,412,브라운,COLOR,1,1,1,1,297,121,0.3367
2026-05-25,412,브라운,COLOR,6,6,3,1,400,155,1.5
2026-05-26,412,브라운,COLOR,1,1,1,0,189,90,0.5291
2026-05-27,412,브라운,COLOR,5,5,5,2,222,83,2.2523
2026-05-29,412,브라운,COLOR,3,3,2,2,188,59,1.5957
2026-05-30,412,브라운,COLOR,2,2,1,1,234,83,0.8547
2026-05-31,412,브라운,COLOR,3,3,3,2,354,109,0.8475
2026-06-01,412,브라운,COLOR,2,2,2,1,360,160,0.5556
2026-06-02,412,브라운,COLOR,5,5,4,1,224,100,2.2321
2026-06-03,412,브라운,COLOR,1,1,1,1,222,94,0.4505
2026-06-04,412,브라운,COLOR,1,1,1,0,137,74,0.7299
2026-06-05,412,브라운,COLOR,1,1,1,1,183,55,0.5464
2026-06-06,412,브라운,COLOR,2,2,2,2,336,108,0.5952
2026-06-07,412,브라운,COLOR,1,1,1,0,322,152,0.3106
2026-06-08,412,브라운,COLOR,4,4,3,3,380,152,1.0526
2026-06-10,412,브라운,COLOR,8,8,4,2,345,160,2.3188
2026-06-11,412,브라운,COLOR,2,2,2,0,239,114,0.8368
2026-06-12,412,브라운,COLOR,1,1,1,1,352,114,0.2841
2026-06-13,412,브라운,COLOR,1,1,1,0,267,107,0.3745
2026-06-14,412,브라운,COLOR,2,2,2,0,529,186,0.3781
2026-06-15,412,브라운,COLOR,7,7,5,3,440,179,1.5909
2026-06-16,412,브라운,COLOR,3,3,3,3,465,184,0.6452
2026-06-17,412,브라운,COLOR,5,5,4,1,365,130,1.3699
2026-06-18,412,브라운,COLOR,1,1,1,1,286,139,0.3497
2026-06-19,412,브라운,COLOR,2,2,2,2,510,170,0.3922
2026-06-21,412,브라운,COLOR,3,3,3,2,550,205,0.5455
2026-06-22,412,브라운,COLOR,6,6,4,3,455,179,1.3187
2026-06-23,412,브라운,COLOR,5,5,4,1,401,171,1.2469
2026-06-24,412,브라운,COLOR,8,8,5,1,369,145,2.168
2026-06-25,412,브라운,COLOR,1,1,1,0,162,75,0.6173
2026-06-26,412,브라운,COLOR,5,5,4,1,247,81,2.0243
2026-06-28,412,브라운,COLOR,2,2,2,1,327,109,0.6116
2026-06-30,412,브라운,COLOR,2,2,1,0,156,56,1.2821
2026-07-01,412,브라운,COLOR,1,1,1,0,261,93,0.3831
2026-07-02,412,브라운,COLOR,2,2,1,0,107,58,1.8692
2026-07-04,412,브라운,COLOR,2,2,2,2,306,114,0.6536
2026-07-05,412,브라운,COLOR,2,2,2,1,295,122,0.678
2026-07-06,412,브라운,COLOR,1,1,1,0,204,85,0.4902
2026-07-07,412,브라운,COLOR,8,8,2,2,203,85,3.9409
2026-07-08,412,브라운,COLOR,4,4,2,1,112,58,3.5714
2026-07-09,412,브라운,COLOR,5,5,4,1,161,62,3.1056
2026-07-10,412,브라운,COLOR,2,2,2,2,249,60,0.8032
2026-07-11,412,브라운,COLOR,1,1,1,0,174,63,0.5747
2026-07-14,412,브라운,COLOR,3,3,3,1,267,89,1.1236
2026-07-15,412,브라운,COLOR,1,1,1,0,265,87,0.3774
2026-07-17,412,브라운,COLOR,2,2,2,2,332,101,0.6024
2026-07-18,412,브라운,COLOR,8,8,1,1,429,155,1.8648
2026-07-19,412,브라운,COLOR,9,9,3,1,670,210,1.3433
2026-07-20,412,브라운,COLOR,1,1,1,0,386,140,0.2591
2026-07-21,412,브라운,COLOR,2,2,2,2,284,141,0.7042
2026-07-22,412,브라운,COLOR,5,5,4,1,244,112,2.0492
2026-07-23,412,브라운,COLOR,2,2,2,0,243,86,0.823
2026-07-24,412,브라운,COLOR,2,2,1,1,233,80,0.8584
2026-07-26,412,브라운,COLOR,3,3,2,1,338,132,0.8876
2026-07-27,412,브라운,COLOR,2,2,2,1,392,161,0.5102
2026-07-28,412,브라운,COLOR,4,4,4,0,262,125,1.5267
2026-07-29,412,브라운,COLOR,1,1,1,1,238,113,0.4202
2026-07-30,412,브라운,COLOR,3,3,3,1,249,101,1.2048
2026-07-31,412,브라운,COLOR,1,1,1,0,204,84,0.4902
2026-08-01,412,브라운,COLOR,2,2,2,0,277,115,0.722
2026-08-02,412,브라운,COLOR,4,4,2,0,250,101,1.6
2026-08-03,412,브라운,COLOR,1,1,1,1,257,111,0.3891
2026-08-04,412,브라운,COLOR,1,1,1,0,225,88,0.4444
2026-08-07,412,브라운,COLOR,1,1,1,1,151,70,0.6623
2026-08-09,412,브라운,COLOR,2,2,2,1,265,116,0.7547
2026-08-10,412,브라운,COLOR,2,2,2,1,244,105,0.8197
2026-08-11,412,브라운,COLOR,3,3,2,1,383,116,0.7833
2026-08-12,412,브라운,COLOR,2,2,2,0,194,92,1.0309
2026-08-13,412,브라운,COLOR,2,2,2,1,223,94,0.8969
2026-08-14,412,브라운,COLOR,1,1,1,1,159,54,0.6289
2026-08-15,412,브라운,COLOR,3,3,3,1,172,83,1.7442
2026-08-16,412,브라운,COLOR,6,6,4,2,232,98,2.5862
2026-08-17,412,브라운,COLOR,10,10,2,1,543,223,1.8416
2026-08-18,412,브라운,COLOR,6,6,4,0,303,163,1.9802
2026-08-19,412,브라운,COLOR,3,3,3,0,219,95,1.3699
2026-08-20,412,브라운,COLOR,5,5,2,1,236,110,2.1186
2026-08-21,412,브라운,COLOR,8,8,4,1,235,105,3.4043
2026-08-22,412,브라운,COLOR,9,9,1,0,275,117,3.2727
2026-08-23,412,브라운,COLOR,5,5,2,0,472,218,1.0593
2026-08-24,412,브라운,COLOR,6,6,4,1,592,293,1.0135
2026-08-25,412,브라운,COLOR,3,3,2,1,405,202,0.7407
2026-08-26,412,브라운,COLOR,7,7,6,1,424,195,1.6509
2026-08-27,412,브라운,COLOR,8,8,4,0,330,161,2.4242
2026-08-28,412,브라운,COLOR,11,11,7,2,414,157,2.657
2026-08-29,412,브라운,COLOR,4,4,4,2,316,144,1.2658
2026-08-30,412,브라운,COLOR,13,13,4,1,735,303,1.7687
2026-08-31,412,브라운,COLOR,10,10,8,2,714,321,1.4006
2026-09-01,412,브라운,COLOR,9,9,7,2,601,253,1.4975
2026-09-02,412,브라운,COLOR,12,12,10,2,502,221,2.3904
2026-09-03,412,브라운,COLOR,6,6,5,1,603,270,0.995
2026-09-04,412,브라운,COLOR,8,8,6,1,482,221,1.6598
2026-09-05,412,브라운,COLOR,7,7,6,0,563,234,1.2433
2026-09-06,412,브라운,COLOR,29,29,8,2,858,363,3.38
2026-09-07,412,브라운,COLOR,32,32,12,4,732,308,4.3716
2026-09-08,412,브라운,COLOR,8,8,4,0,248,112,3.2258
2026-09-09,412,브라운,COLOR,4,4,4,4,170,7,2.3529
2026-06-19,493,브런치,TPO,1,1,1,0,510,170,0.1961
2025-09-07,635,브이넥,DETAIL,1,1,1,0,29,8,3.4483
2025-09-08,635,브이넥,DETAIL,1,1,1,0,39,12,2.5641
2025-09-26,635,브이넥,DETAIL,1,1,1,1,76,18,1.3158
2025-10-03,635,브이넥,DETAIL,1,1,1,1,103,20,0.9709
2025-10-10,635,브이넥,DETAIL,1,1,1,1,80,23,1.25
2025-10-24,635,브이넥,DETAIL,1,1,1,1,96,19,1.0417
2025-11-04,635,브이넥,DETAIL,1,1,1,0,25,13,4.0
2025-11-14,635,브이넥,DETAIL,2,2,1,1,73,20,2.7397
2025-11-15,635,브이넥,DETAIL,1,1,1,0,72,28,1.3889
2025-11-17,635,브이넥,DETAIL,1,1,1,0,60,30,1.6667
2025-11-20,635,브이넥,DETAIL,1,1,1,1,172,49,0.5814
2025-11-21,635,브이넥,DETAIL,2,2,2,1,127,48,1.5748
2025-11-28,635,브이넥,DETAIL,2,2,1,0,80,32,2.5
2025-11-30,635,브이넥,DETAIL,1,1,1,0,72,27,1.3889
2025-12-07,635,브이넥,DETAIL,1,1,1,1,120,49,0.8333
2025-12-21,635,브이넥,DETAIL,1,1,1,1,92,38,1.087
2025-12-26,635,브이넥,DETAIL,1,1,1,1,41,17,2.439
2026-01-02,635,브이넥,DETAIL,1,1,1,0,103,31,0.9709
2026-01-16,635,브이넥,DETAIL,2,2,1,1,108,22,1.8519
2026-01-29,635,브이넥,DETAIL,1,1,1,1,60,12,1.6667
2026-01-31,635,브이넥,DETAIL,1,1,1,0,44,32,2.2727
2026-02-11,635,브이넥,DETAIL,2,2,1,0,20,13,10.0
2026-02-12,635,브이넥,DETAIL,1,1,1,1,24,12,4.1667
2026-02-22,635,브이넥,DETAIL,1,1,1,0,61,30,1.6393
2026-03-03,635,브이넥,DETAIL,1,1,1,0,61,35,1.6393
2026-03-04,635,브이넥,DETAIL,4,4,1,0,159,65,2.5157
2026-03-05,635,브이넥,DETAIL,2,2,1,1,64,22,3.125
2026-03-06,635,브이넥,DETAIL,1,1,1,0,203,70,0.4926
2026-03-11,635,브이넥,DETAIL,1,1,1,0,20,12,5.0
2026-03-17,635,브이넥,DETAIL,2,2,2,1,76,20,2.6316
2026-03-18,635,브이넥,DETAIL,1,1,1,0,70,45,1.4286
2026-04-02,635,브이넥,DETAIL,1,1,1,0,103,44,0.9709
2026-04-10,635,브이넥,DETAIL,1,1,1,0,37,22,2.7027
2026-04-11,635,브이넥,DETAIL,1,1,1,0,80,37,1.25
2026-04-12,635,브이넥,DETAIL,1,1,1,0,29,19,3.4483
2026-04-19,635,브이넥,DETAIL,3,3,2,1,286,115,1.049
2026-04-20,635,브이넥,DETAIL,2,2,2,1,238,90,0.8403
2026-04-30,635,브이넥,DETAIL,1,1,1,1,78,19,1.2821
2026-05-05,635,브이넥,DETAIL,4,4,1,1,121,55,3.3058
2026-05-06,635,브이넥,DETAIL,2,2,1,0,95,40,2.1053
2026-05-08,635,브이넥,DETAIL,1,1,1,0,46,32,2.1739
2026-05-09,635,브이넥,DETAIL,1,1,1,1,71,29,1.4085
2026-05-13,635,브이넥,DETAIL,1,1,1,1,137,56,0.7299
2026-05-14,635,브이넥,DETAIL,1,1,1,0,271,108,0.369
2026-05-15,635,브이넥,DETAIL,1,1,1,0,177,75,0.565
2026-05-16,635,브이넥,DETAIL,2,2,1,1,158,49,1.2658
2026-05-18,635,브이넥,DETAIL,1,1,1,1,146,74,0.6849
2026-05-19,635,브이넥,DETAIL,1,1,1,0,39,23,2.5641
2026-05-20,635,브이넥,DETAIL,1,1,1,0,244,80,0.4098
2026-05-21,635,브이넥,DETAIL,1,1,1,1,270,85,0.3704
2026-05-23,635,브이넥,DETAIL,1,1,1,0,331,93,0.3021
2026-05-24,635,브이넥,DETAIL,1,1,1,0,297,121,0.3367
2026-05-26,635,브이넥,DETAIL,1,1,1,1,189,90,0.5291
2026-05-28,635,브이넥,DETAIL,1,1,1,0,228,103,0.4386
2026-05-29,635,브이넥,DETAIL,1,1,1,0,188,59,0.5319
2026-05-30,635,브이넥,DETAIL,1,1,1,1,234,83,0.4274
2026-05-31,635,브이넥,DETAIL,1,1,1,1,354,109,0.2825
2026-06-01,635,브이넥,DETAIL,1,1,1,0,360,160,0.2778
2026-06-04,635,브이넥,DETAIL,1,1,1,0,137,74,0.7299
2026-06-05,635,브이넥,DETAIL,1,1,1,1,183,55,0.5464
2026-06-09,635,브이넥,DETAIL,1,1,1,1,247,108,0.4049
2026-06-10,635,브이넥,DETAIL,1,1,1,0,345,160,0.2899
2026-06-11,635,브이넥,DETAIL,2,2,1,1,239,114,0.8368
2026-06-12,635,브이넥,DETAIL,3,3,1,0,352,114,0.8523
2026-06-13,635,브이넥,DETAIL,2,2,1,0,267,107,0.7491
2026-06-14,635,브이넥,DETAIL,6,6,3,2,529,186,1.1342
2026-06-15,635,브이넥,DETAIL,4,4,3,0,440,179,0.9091
2026-06-16,635,브이넥,DETAIL,4,4,4,2,465,184,0.8602
2026-06-17,635,브이넥,DETAIL,1,1,1,0,365,130,0.274
2026-06-18,635,브이넥,DETAIL,1,1,1,0,286,139,0.3497
2026-06-19,635,브이넥,DETAIL,1,1,1,1,510,170,0.1961
2026-06-21,635,브이넥,DETAIL,1,1,1,1,550,205,0.1818
2026-06-22,635,브이넥,DETAIL,1,1,1,0,455,179,0.2198
2026-06-23,635,브이넥,DETAIL,2,2,2,1,401,171,0.4988
2026-06-24,635,브이넥,DETAIL,1,1,1,1,369,145,0.271
2026-06-26,635,브이넥,DETAIL,1,1,1,1,247,81,0.4049
2026-06-28,635,브이넥,DETAIL,1,1,1,1,327,109,0.3058
2026-06-29,635,브이넥,DETAIL,1,1,1,0,182,100,0.5495
2026-07-03,635,브이넥,DETAIL,1,1,1,1,154,63,0.6494
2026-07-05,635,브이넥,DETAIL,1,1,1,1,295,122,0.339
2026-07-08,635,브이넥,DETAIL,1,1,1,1,112,58,0.8929
2026-07-09,635,브이넥,DETAIL,1,1,1,1,161,62,0.6211
2026-07-10,635,브이넥,DETAIL,1,1,1,1,249,60,0.4016
2026-07-15,635,브이넥,DETAIL,1,1,1,1,265,87,0.3774
2026-07-16,635,브이넥,DETAIL,1,1,1,0,179,58,0.5587
2026-07-17,635,브이넥,DETAIL,1,1,1,1,332,101,0.3012
2026-07-18,635,브이넥,DETAIL,5,5,4,2,429,155,1.1655
2026-07-19,635,브이넥,DETAIL,3,3,3,2,670,210,0.4478
2026-07-26,635,브이넥,DETAIL,3,3,1,1,338,132,0.8876
2026-07-27,635,브이넥,DETAIL,3,3,3,3,392,161,0.7653
2026-07-29,635,브이넥,DETAIL,1,1,1,0,238,113,0.4202
2026-07-30,635,브이넥,DETAIL,1,1,1,1,249,101,0.4016
2026-08-01,635,브이넥,DETAIL,1,1,1,1,277,115,0.361
2026-08-04,635,브이넥,DETAIL,1,1,1,0,225,88,0.4444
2026-08-06,635,브이넥,DETAIL,2,2,2,1,284,112,0.7042
2026-08-09,635,브이넥,DETAIL,1,1,1,1,265,116,0.3774
2026-08-11,635,브이넥,DETAIL,1,1,1,1,383,116,0.2611
2026-08-13,635,브이넥,DETAIL,2,2,2,2,223,94,0.8969
2026-08-14,635,브이넥,DETAIL,1,1,1,1,159,54,0.6289
2026-08-16,635,브이넥,DETAIL,1,1,1,1,232,98,0.431
2026-08-17,635,브이넥,DETAIL,10,10,3,2,543,223,1.8416
2026-08-18,635,브이넥,DETAIL,2,2,2,0,303,163,0.6601
2026-08-20,635,브이넥,DETAIL,3,3,2,1,236,110,1.2712
2026-08-21,635,브이넥,DETAIL,7,7,3,1,235,105,2.9787
2026-08-22,635,브이넥,DETAIL,1,1,1,0,275,117,0.3636
2026-08-23,635,브이넥,DETAIL,3,3,2,0,472,218,0.6356
2026-08-24,635,브이넥,DETAIL,3,3,3,0,592,293,0.5068
2026-08-25,635,브이넥,DETAIL,1,1,1,1,405,202,0.2469
2026-08-26,635,브이넥,DETAIL,3,3,3,1,424,195,0.7075
2026-08-28,635,브이넥,DETAIL,5,5,3,2,414,157,1.2077
2026-08-29,635,브이넥,DETAIL,5,5,1,0,316,144,1.5823
2026-08-30,635,브이넥,DETAIL,2,2,2,0,735,303,0.2721
2026-08-31,635,브이넥,DETAIL,8,8,4,2,714,321,1.1204
2026-09-01,635,브이넥,DETAIL,6,6,3,2,601,253,0.9983
2026-09-02,635,브이넥,DETAIL,5,5,4,1,502,221,0.996
2026-09-03,635,브이넥,DETAIL,7,7,4,2,603,270,1.1609
2026-09-04,635,브이넥,DETAIL,7,7,3,1,482,221,1.4523
2026-09-05,635,브이넥,DETAIL,3,3,3,2,563,234,0.5329
2026-09-06,635,브이넥,DETAIL,5,5,4,3,858,363,0.5828
2026-09-07,635,브이넥,DETAIL,1,1,1,1,732,308,0.1366
2026-09-08,635,브이넥,DETAIL,1,1,1,0,248,112,0.4032
2025-09-15,164,블루종,ITEM,18,18,1,0,110,52,16.3636
2025-09-16,164,블루종,ITEM,21,21,1,0,108,47,19.4444
2025-09-17,164,블루종,ITEM,1,1,1,0,22,12,4.5455
2025-09-18,164,블루종,ITEM,1,1,1,0,10,8,10.0
2025-09-19,164,블루종,ITEM,2,2,2,0,106,25,1.8868
2025-09-20,164,블루종,ITEM,4,4,1,0,96,34,4.1667
2025-09-21,164,블루종,ITEM,1,1,1,0,55,12,1.8182
2025-09-22,164,블루종,ITEM,1,1,1,0,30,17,3.3333
2025-09-24,164,블루종,ITEM,1,1,1,0,43,14,2.3256
2025-09-25,164,블루종,ITEM,1,1,1,0,40,12,2.5
2025-10-02,164,블루종,ITEM,1,1,1,0,20,8,5.0
2025-12-19,164,블루종,ITEM,1,1,1,0,67,36,1.4925
2026-02-20,164,블루종,ITEM,1,1,1,0,152,39,0.6579
2026-02-21,164,블루종,ITEM,1,1,1,0,32,19,3.125
2026-02-27,164,블루종,ITEM,6,6,2,1,156,44,3.8462
2026-02-28,164,블루종,ITEM,2,2,1,0,87,47,2.2989
2026-03-01,164,블루종,ITEM,1,1,1,0,144,46,0.6944
2026-03-02,164,블루종,ITEM,2,2,1,0,49,31,4.0816
2026-03-03,164,블루종,ITEM,2,2,1,0,61,35,3.2787
2026-03-04,164,블루종,ITEM,2,2,1,0,159,65,1.2579
2026-03-05,164,블루종,ITEM,1,1,1,1,64,22,1.5625
2026-03-06,164,블루종,ITEM,7,7,2,0,203,70,3.4483
2026-03-17,164,블루종,ITEM,1,1,1,0,76,20,1.3158
2026-03-18,164,블루종,ITEM,1,1,1,0,70,45,1.4286
2026-03-21,164,블루종,ITEM,1,1,1,1,23,7,4.3478
2026-03-22,164,블루종,ITEM,1,1,1,0,158,62,0.6329
2026-03-31,164,블루종,ITEM,1,1,1,1,70,26,1.4286
2026-04-07,164,블루종,ITEM,1,1,1,0,24,16,4.1667
2026-06-10,164,블루종,ITEM,3,3,1,1,345,160,0.8696
2026-06-11,164,블루종,ITEM,1,1,1,0,239,114,0.4184
2026-06-28,164,블루종,ITEM,1,1,1,0,327,109,0.3058
2026-07-10,164,블루종,ITEM,1,1,1,1,249,60,0.4016
2026-07-12,164,블루종,ITEM,1,1,1,1,314,141,0.3185
2026-07-19,164,블루종,ITEM,1,1,1,1,670,210,0.1493
2026-07-20,164,블루종,ITEM,1,1,1,0,386,140,0.2591
2026-07-27,164,블루종,ITEM,1,1,1,1,392,161,0.2551
2026-08-08,164,블루종,ITEM,1,1,1,0,143,57,0.6993
2026-08-16,164,블루종,ITEM,1,1,1,1,232,98,0.431
2026-08-17,164,블루종,ITEM,1,1,1,0,543,223,0.1842
2026-08-18,164,블루종,ITEM,3,3,2,0,303,163,0.9901
2026-08-21,164,블루종,ITEM,2,2,1,0,235,105,0.8511
2026-08-22,164,블루종,ITEM,1,1,1,0,275,117,0.3636
2026-08-23,164,블루종,ITEM,3,3,1,1,472,218,0.6356
2026-08-24,164,블루종,ITEM,1,1,1,0,592,293,0.1689
2026-08-25,164,블루종,ITEM,3,3,2,1,405,202,0.7407
2026-08-29,164,블루종,ITEM,2,2,2,1,316,144,0.6329
2026-08-30,164,블루종,ITEM,7,7,3,2,735,303,0.9524
2026-08-31,164,블루종,ITEM,4,4,3,0,714,321,0.5602
2026-09-01,164,블루종,ITEM,3,3,3,0,601,253,0.4992
2026-09-03,164,블루종,ITEM,7,7,1,1,603,270,1.1609
2026-09-04,164,블루종,ITEM,3,3,1,0,482,221,0.6224
2026-09-05,164,블루종,ITEM,5,5,3,2,563,234,0.8881
2026-09-06,164,블루종,ITEM,16,16,6,4,858,363,1.8648
2026-09-07,164,블루종,ITEM,4,4,3,0,732,308,0.5464
2026-09-08,164,블루종,ITEM,3,3,2,0,248,112,1.2097
2026-09-09,164,블루종,ITEM,3,3,3,3,170,7,1.7647
2025-09-02,781,빈티지,STYLE,1,1,1,0,36,20,2.7778
2025-09-03,781,빈티지,STYLE,1,1,1,1,18,10,5.5556
2025-09-16,781,빈티지,STYLE,1,1,1,0,108,47,0.9259
2025-10-19,781,빈티지,STYLE,1,1,1,1,46,13,2.1739
2025-11-02,781,빈티지,STYLE,1,1,1,0,86,23,1.1628
2025-11-19,781,빈티지,STYLE,1,1,1,0,165,47,0.6061
2025-11-25,781,빈티지,STYLE,2,2,1,0,50,29,4.0
2025-11-30,781,빈티지,STYLE,1,1,1,0,72,27,1.3889
2025-12-02,781,빈티지,STYLE,3,3,1,0,123,66,2.439
2026-01-06,781,빈티지,STYLE,1,1,1,0,35,19,2.8571
2026-01-09,781,빈티지,STYLE,1,1,1,1,48,18,2.0833
2026-01-21,781,빈티지,STYLE,1,1,1,0,22,16,4.5455
2026-01-29,781,빈티지,STYLE,1,1,1,0,60,12,1.6667
2026-02-25,781,빈티지,STYLE,1,1,1,0,52,33,1.9231
2026-02-27,781,빈티지,STYLE,1,1,1,0,156,44,0.641
2026-03-01,781,빈티지,STYLE,2,2,2,1,144,46,1.3889
2026-03-02,781,빈티지,STYLE,1,1,1,0,49,31,2.0408
2026-03-03,781,빈티지,STYLE,1,1,1,0,61,35,1.6393
2026-03-09,781,빈티지,STYLE,1,1,1,1,37,18,2.7027
2026-03-15,781,빈티지,STYLE,1,1,1,0,87,29,1.1494
2026-03-16,781,빈티지,STYLE,1,1,1,1,83,23,1.2048
2026-03-19,781,빈티지,STYLE,1,1,1,0,89,60,1.1236
2026-03-22,781,빈티지,STYLE,1,1,1,1,158,62,0.6329
2026-04-08,781,빈티지,STYLE,1,1,1,1,32,13,3.125
2026-04-16,781,빈티지,STYLE,1,1,1,0,41,12,2.439
2026-04-19,781,빈티지,STYLE,1,1,1,0,286,115,0.3497
2026-04-22,781,빈티지,STYLE,2,2,1,1,63,26,3.1746
2026-04-27,781,빈티지,STYLE,1,1,1,1,175,75,0.5714
2026-04-28,781,빈티지,STYLE,1,1,1,0,51,26,1.9608
2026-04-29,781,빈티지,STYLE,1,1,1,1,54,16,1.8519
2026-05-03,781,빈티지,STYLE,1,1,1,0,150,45,0.6667
2026-05-09,781,빈티지,STYLE,1,1,1,1,71,29,1.4085
2026-05-14,781,빈티지,STYLE,3,3,1,0,271,108,1.107
2026-05-15,781,빈티지,STYLE,3,3,2,0,177,75,1.6949
2026-05-16,781,빈티지,STYLE,1,1,1,0,158,49,0.6329
2026-05-17,781,빈티지,STYLE,1,1,1,0,166,82,0.6024
2026-05-21,781,빈티지,STYLE,2,2,2,0,270,85,0.7407
2026-05-24,781,빈티지,STYLE,1,1,1,0,297,121,0.3367
2026-05-25,781,빈티지,STYLE,5,5,3,2,400,155,1.25
2026-05-26,781,빈티지,STYLE,1,1,1,1,189,90,0.5291
2026-05-27,781,빈티지,STYLE,2,2,2,1,222,83,0.9009
2026-05-28,781,빈티지,STYLE,3,3,3,1,228,103,1.3158
2026-05-29,781,빈티지,STYLE,2,2,1,0,188,59,1.0638
2026-05-30,781,빈티지,STYLE,1,1,1,0,234,83,0.4274
2026-05-31,781,빈티지,STYLE,2,2,2,2,354,109,0.565
2026-06-01,781,빈티지,STYLE,3,3,2,1,360,160,0.8333
2026-06-02,781,빈티지,STYLE,2,2,1,0,224,100,0.8929
2026-06-03,781,빈티지,STYLE,1,1,1,0,222,94,0.4505
2026-06-05,781,빈티지,STYLE,1,1,1,0,183,55,0.5464
2026-06-06,781,빈티지,STYLE,7,7,3,1,336,108,2.0833
2026-06-07,781,빈티지,STYLE,2,2,1,0,322,152,0.6211
2026-06-08,781,빈티지,STYLE,4,4,2,1,380,152,1.0526
2026-06-10,781,빈티지,STYLE,1,1,1,0,345,160,0.2899
2026-06-11,781,빈티지,STYLE,2,2,2,0,239,114,0.8368
2026-06-14,781,빈티지,STYLE,2,2,2,1,529,186,0.3781
2026-06-15,781,빈티지,STYLE,3,3,3,0,440,179,0.6818
2026-06-16,781,빈티지,STYLE,2,2,2,2,465,184,0.4301
2026-06-17,781,빈티지,STYLE,3,3,3,1,365,130,0.8219
2026-06-18,781,빈티지,STYLE,1,1,1,0,286,139,0.3497
2026-06-19,781,빈티지,STYLE,2,2,2,2,510,170,0.3922
2026-06-20,781,빈티지,STYLE,2,2,2,0,422,169,0.4739
2026-06-21,781,빈티지,STYLE,3,3,2,0,550,205,0.5455
2026-06-23,781,빈티지,STYLE,2,2,2,2,401,171,0.4988
2026-06-25,781,빈티지,STYLE,3,3,1,1,162,75,1.8519
2026-06-27,781,빈티지,STYLE,1,1,1,1,214,76,0.4673
2026-06-28,781,빈티지,STYLE,2,2,2,1,327,109,0.6116
2026-06-29,781,빈티지,STYLE,2,2,1,1,182,100,1.0989
2026-06-30,781,빈티지,STYLE,6,6,3,0,156,56,3.8462
2026-07-01,781,빈티지,STYLE,1,1,1,0,261,93,0.3831
2026-07-03,781,빈티지,STYLE,1,1,1,0,154,63,0.6494
2026-07-04,781,빈티지,STYLE,1,1,1,0,306,114,0.3268
2026-07-05,781,빈티지,STYLE,1,1,1,0,295,122,0.339
2026-07-06,781,빈티지,STYLE,1,1,1,1,204,85,0.4902
2026-07-07,781,빈티지,STYLE,1,1,1,1,203,85,0.4926
2026-07-08,781,빈티지,STYLE,1,1,1,0,112,58,0.8929
2026-07-09,781,빈티지,STYLE,1,1,1,1,161,62,0.6211
2026-07-10,781,빈티지,STYLE,1,1,1,1,249,60,0.4016
2026-07-11,781,빈티지,STYLE,1,1,1,0,174,63,0.5747
2026-07-12,781,빈티지,STYLE,1,1,1,0,314,141,0.3185
2026-07-13,781,빈티지,STYLE,1,1,1,1,382,151,0.2618
2026-07-16,781,빈티지,STYLE,2,2,2,2,179,58,1.1173
2026-07-17,781,빈티지,STYLE,3,3,1,1,332,101,0.9036
2026-07-18,781,빈티지,STYLE,5,5,2,0,429,155,1.1655
2026-07-19,781,빈티지,STYLE,2,2,1,0,670,210,0.2985
2026-07-20,781,빈티지,STYLE,3,3,2,1,386,140,0.7772
2026-07-21,781,빈티지,STYLE,3,3,2,1,284,141,1.0563
2026-07-22,781,빈티지,STYLE,1,1,1,0,244,112,0.4098
2026-07-23,781,빈티지,STYLE,1,1,1,0,243,86,0.4115
2026-07-24,781,빈티지,STYLE,2,2,2,1,233,80,0.8584
2026-07-25,781,빈티지,STYLE,1,1,1,0,245,115,0.4082
2026-07-26,781,빈티지,STYLE,1,1,1,1,338,132,0.2959
2026-07-27,781,빈티지,STYLE,1,1,1,1,392,161,0.2551
2026-07-30,781,빈티지,STYLE,2,2,2,1,249,101,0.8032
2026-07-31,781,빈티지,STYLE,2,2,2,0,204,84,0.9804
2026-08-01,781,빈티지,STYLE,1,1,1,0,277,115,0.361
2026-08-02,781,빈티지,STYLE,6,6,2,2,250,101,2.4
2026-08-03,781,빈티지,STYLE,3,3,3,1,257,111,1.1673
2026-08-04,781,빈티지,STYLE,3,3,3,1,225,88,1.3333
2026-08-05,781,빈티지,STYLE,4,4,4,1,302,135,1.3245
2026-08-09,781,빈티지,STYLE,1,1,1,0,265,116,0.3774
2026-08-10,781,빈티지,STYLE,2,2,2,1,244,105,0.8197
2026-08-11,781,빈티지,STYLE,1,1,1,1,383,116,0.2611
2026-08-13,781,빈티지,STYLE,1,1,1,1,223,94,0.4484
2026-08-16,781,빈티지,STYLE,1,1,1,0,232,98,0.431
2026-08-17,781,빈티지,STYLE,2,2,2,1,543,223,0.3683
2026-08-19,781,빈티지,STYLE,1,1,1,0,219,95,0.4566
2026-08-20,781,빈티지,STYLE,1,1,1,0,236,110,0.4237
2026-08-21,781,빈티지,STYLE,3,3,3,1,235,105,1.2766
2026-08-23,781,빈티지,STYLE,1,1,1,1,472,218,0.2119
2026-08-24,781,빈티지,STYLE,5,5,2,0,592,293,0.8446
2026-08-25,781,빈티지,STYLE,3,3,1,0,405,202,0.7407
2026-08-26,781,빈티지,STYLE,1,1,1,0,424,195,0.2358
2026-08-27,781,빈티지,STYLE,3,3,2,1,330,161,0.9091
2026-08-28,781,빈티지,STYLE,3,3,1,0,414,157,0.7246
2026-08-29,781,빈티지,STYLE,3,3,2,0,316,144,0.9494
2026-08-30,781,빈티지,STYLE,1,1,1,1,735,303,0.1361
2026-08-31,781,빈티지,STYLE,6,6,4,0,714,321,0.8403
2026-09-02,781,빈티지,STYLE,2,2,2,0,502,221,0.3984
2026-09-04,781,빈티지,STYLE,2,2,2,0,482,221,0.4149
2026-09-05,781,빈티지,STYLE,2,2,1,1,563,234,0.3552
2026-09-06,781,빈티지,STYLE,1,1,1,0,858,363,0.1166
2026-09-07,781,빈티지,STYLE,1,1,1,0,732,308,0.1366
2026-06-13,494,상견례,TPO,1,1,1,0,267,107,0.3745
2026-06-21,494,상견례,TPO,1,1,1,0,550,205,0.1818
2026-07-27,494,상견례,TPO,1,1,1,0,392,161,0.2551
2025-09-01,187,세트업,ITEM,1,1,1,0,68,41,1.4706
2025-09-10,187,세트업,ITEM,1,1,1,0,25,7,4.0
2025-11-02,187,세트업,ITEM,1,1,1,1,86,23,1.1628
2025-11-23,187,세트업,ITEM,1,1,1,0,92,33,1.087
2025-11-29,187,세트업,ITEM,1,1,1,1,64,24,1.5625
2025-12-21,187,세트업,ITEM,1,1,1,0,92,38,1.087
2026-02-01,187,세트업,ITEM,1,1,1,1,83,43,1.2048
2026-02-05,187,세트업,ITEM,2,2,1,0,39,26,5.1282
2026-02-07,187,세트업,ITEM,2,2,1,0,115,57,1.7391
2026-03-03,187,세트업,ITEM,1,1,1,0,61,35,1.6393
2026-03-15,187,세트업,ITEM,1,1,1,0,87,29,1.1494
2026-03-22,187,세트업,ITEM,2,2,2,0,158,62,1.2658
2026-03-23,187,세트업,ITEM,1,1,1,0,64,38,1.5625
2026-03-24,187,세트업,ITEM,1,1,1,0,70,41,1.4286
2026-04-05,187,세트업,ITEM,1,1,1,1,129,44,0.7752
2026-04-07,187,세트업,ITEM,1,1,1,0,24,16,4.1667
2026-04-08,187,세트업,ITEM,2,2,1,0,32,13,6.25
2026-04-09,187,세트업,ITEM,2,2,1,0,43,30,4.6512
2026-04-10,187,세트업,ITEM,1,1,1,0,37,22,2.7027
2026-04-18,187,세트업,ITEM,2,2,1,0,168,63,1.1905
2026-04-19,187,세트업,ITEM,1,1,1,1,286,115,0.3497
2026-04-20,187,세트업,ITEM,1,1,1,0,238,90,0.4202
2026-04-22,187,세트업,ITEM,1,1,1,0,63,26,1.5873
2026-04-25,187,세트업,ITEM,1,1,1,0,52,20,1.9231
2026-04-27,187,세트업,ITEM,2,2,2,0,175,75,1.1429
2026-05-04,187,세트업,ITEM,1,1,1,0,61,39,1.6393
2026-05-07,187,세트업,ITEM,2,2,1,0,60,37,3.3333
2026-05-13,187,세트업,ITEM,1,1,1,0,137,56,0.7299
2026-05-16,187,세트업,ITEM,1,1,1,0,158,49,0.6329
2026-05-25,187,세트업,ITEM,3,3,2,1,400,155,0.75
2026-06-01,187,세트업,ITEM,1,1,1,0,360,160,0.2778
2026-06-02,187,세트업,ITEM,1,1,1,0,224,100,0.4464
2026-06-07,187,세트업,ITEM,3,3,1,1,322,152,0.9317
2026-06-08,187,세트업,ITEM,6,6,2,0,380,152,1.5789
2026-06-09,187,세트업,ITEM,2,2,1,0,247,108,0.8097
2026-06-10,187,세트업,ITEM,2,2,1,0,345,160,0.5797
2026-06-11,187,세트업,ITEM,1,1,1,0,239,114,0.4184
2026-06-12,187,세트업,ITEM,1,1,1,0,352,114,0.2841
2026-06-13,187,세트업,ITEM,1,1,1,1,267,107,0.3745
2026-06-14,187,세트업,ITEM,2,2,2,0,529,186,0.3781
2026-06-15,187,세트업,ITEM,1,1,1,0,440,179,0.2273
2026-06-16,187,세트업,ITEM,1,1,1,0,465,184,0.2151
2026-06-17,187,세트업,ITEM,1,1,1,0,365,130,0.274
2026-06-21,187,세트업,ITEM,2,2,1,1,550,205,0.3636
2026-06-22,187,세트업,ITEM,1,1,1,0,455,179,0.2198
2026-06-23,187,세트업,ITEM,1,1,1,0,401,171,0.2494
2026-06-24,187,세트업,ITEM,1,1,1,1,369,145,0.271
2026-06-28,187,세트업,ITEM,2,2,2,0,327,109,0.6116
2026-06-29,187,세트업,ITEM,1,1,1,0,182,100,0.5495
2026-06-30,187,세트업,ITEM,1,1,1,0,156,56,0.641
2026-07-01,187,세트업,ITEM,1,1,1,1,261,93,0.3831
2026-07-03,187,세트업,ITEM,1,1,1,0,154,63,0.6494
2026-07-05,187,세트업,ITEM,12,12,1,0,295,122,4.0678
2026-07-06,187,세트업,ITEM,4,4,1,0,204,85,1.9608
2026-07-07,187,세트업,ITEM,1,1,1,0,203,85,0.4926
2026-07-11,187,세트업,ITEM,1,1,1,1,174,63,0.5747
2026-07-12,187,세트업,ITEM,2,2,2,0,314,141,0.6369
2026-07-13,187,세트업,ITEM,3,3,3,0,382,151,0.7853
2026-07-14,187,세트업,ITEM,1,1,1,1,267,89,0.3745
2026-07-15,187,세트업,ITEM,2,2,2,2,265,87,0.7547
2026-07-17,187,세트업,ITEM,5,5,2,0,332,101,1.506
2026-07-18,187,세트업,ITEM,1,1,1,0,429,155,0.2331
2026-07-19,187,세트업,ITEM,4,4,3,1,670,210,0.597
2026-07-20,187,세트업,ITEM,1,1,1,0,386,140,0.2591
2026-07-21,187,세트업,ITEM,3,3,2,0,284,141,1.0563
2026-07-23,187,세트업,ITEM,2,2,2,1,243,86,0.823
2026-07-24,187,세트업,ITEM,2,2,2,1,233,80,0.8584
2026-07-27,187,세트업,ITEM,2,2,2,1,392,161,0.5102
2026-07-28,187,세트업,ITEM,1,1,1,0,262,125,0.3817
2026-07-29,187,세트업,ITEM,2,2,2,0,238,113,0.8403
2026-08-09,187,세트업,ITEM,7,7,1,1,265,116,2.6415
2026-08-10,187,세트업,ITEM,2,2,2,1,244,105,0.8197
2026-08-11,187,세트업,ITEM,7,7,5,2,383,116,1.8277
2026-08-12,187,세트업,ITEM,1,1,1,0,194,92,0.5155
2026-08-13,187,세트업,ITEM,2,2,2,1,223,94,0.8969
2026-08-16,187,세트업,ITEM,1,1,1,0,232,98,0.431
2026-08-17,187,세트업,ITEM,1,1,1,0,543,223,0.1842
2026-08-20,187,세트업,ITEM,3,3,2,1,236,110,1.2712
2026-08-21,187,세트업,ITEM,2,2,2,0,235,105,0.8511
2026-08-23,187,세트업,ITEM,7,7,1,1,472,218,1.4831
2026-08-24,187,세트업,ITEM,4,4,1,0,592,293,0.6757
2026-08-25,187,세트업,ITEM,2,2,2,1,405,202,0.4938
2026-08-27,187,세트업,ITEM,1,1,1,0,330,161,0.303
2026-08-28,187,세트업,ITEM,2,2,1,1,414,157,0.4831
2026-08-30,187,세트업,ITEM,2,2,2,1,735,303,0.2721
2026-08-31,187,세트업,ITEM,4,4,3,0,714,321,0.5602
2026-09-01,187,세트업,ITEM,2,2,1,1,601,253,0.3328
2026-09-03,187,세트업,ITEM,3,3,3,0,603,270,0.4975
2026-09-05,187,세트업,ITEM,1,1,1,1,563,234,0.1776
2026-09-07,187,세트업,ITEM,2,2,2,1,732,308,0.2732
2025-11-12,587,셀비지,MATERIAL,1,1,1,1,33,12,3.0303
2025-11-17,587,셀비지,MATERIAL,1,1,1,0,60,30,1.6667
2025-11-23,587,셀비지,MATERIAL,1,1,1,1,92,33,1.087
2025-12-22,587,셀비지,MATERIAL,1,1,1,0,31,21,3.2258
2025-12-23,587,셀비지,MATERIAL,1,1,1,0,50,24,2.0
2025-12-28,587,셀비지,MATERIAL,1,1,1,0,16,11,6.25
2026-01-06,587,셀비지,MATERIAL,2,2,1,0,35,19,5.7143
2026-01-31,587,셀비지,MATERIAL,1,1,1,0,44,32,2.2727
2026-02-15,587,셀비지,MATERIAL,3,3,1,0,30,19,10.0
2026-02-24,587,셀비지,MATERIAL,1,1,1,0,63,32,1.5873
2026-03-03,587,셀비지,MATERIAL,1,1,1,0,61,35,1.6393
2026-03-16,587,셀비지,MATERIAL,1,1,1,1,83,23,1.2048
2026-03-22,587,셀비지,MATERIAL,2,2,1,1,158,62,1.2658
2026-03-23,587,셀비지,MATERIAL,1,1,1,0,64,38,1.5625
2026-04-09,587,셀비지,MATERIAL,6,6,1,0,43,30,13.9535
2026-04-16,587,셀비지,MATERIAL,1,1,1,1,41,12,2.439
2026-05-06,587,셀비지,MATERIAL,1,1,1,1,95,40,1.0526
2026-05-25,587,셀비지,MATERIAL,1,1,1,0,400,155,0.25
2026-06-15,587,셀비지,MATERIAL,1,1,1,0,440,179,0.2273
2026-06-16,587,셀비지,MATERIAL,1,1,1,0,465,184,0.2151
2026-06-17,587,셀비지,MATERIAL,1,1,1,0,365,130,0.274
2026-06-25,587,셀비지,MATERIAL,1,1,1,1,162,75,0.6173
2026-06-26,587,셀비지,MATERIAL,1,1,1,0,247,81,0.4049
2026-07-02,587,셀비지,MATERIAL,1,1,1,0,107,58,0.9346
2026-07-03,587,셀비지,MATERIAL,1,1,1,0,154,63,0.6494
2026-07-05,587,셀비지,MATERIAL,1,1,1,0,295,122,0.339
2026-07-13,587,셀비지,MATERIAL,3,3,1,1,382,151,0.7853
2026-07-14,587,셀비지,MATERIAL,3,3,1,0,267,89,1.1236
2026-07-15,587,셀비지,MATERIAL,1,1,1,0,265,87,0.3774
2026-07-16,587,셀비지,MATERIAL,1,1,1,0,179,58,0.5587
2026-07-17,587,셀비지,MATERIAL,1,1,1,1,332,101,0.3012
2026-08-11,587,셀비지,MATERIAL,1,1,1,1,383,116,0.2611
2026-08-15,587,셀비지,MATERIAL,1,1,1,0,172,83,0.5814
2026-08-17,587,셀비지,MATERIAL,3,3,1,1,543,223,0.5525
2026-08-18,587,셀비지,MATERIAL,2,2,2,0,303,163,0.6601
2026-08-24,587,셀비지,MATERIAL,1,1,1,0,592,293,0.1689
2026-08-30,587,셀비지,MATERIAL,2,2,2,0,735,303,0.2721
2026-09-01,587,셀비지,MATERIAL,1,1,1,0,601,253,0.1664
2026-09-05,587,셀비지,MATERIAL,6,6,1,1,563,234,1.0657
2026-09-07,587,셀비지,MATERIAL,2,2,2,2,732,308,0.2732
2026-09-08,587,셀비지,MATERIAL,1,1,1,1,248,112,0.4032
2025-09-12,227,숄더백,ITEM,2,2,1,1,61,22,3.2787
2025-09-13,227,숄더백,ITEM,1,1,1,0,46,32,2.1739
2025-09-14,227,숄더백,ITEM,1,1,1,0,52,13,1.9231
2025-09-16,227,숄더백,ITEM,3,3,1,0,108,47,2.7778
2025-10-17,227,숄더백,ITEM,1,1,1,1,45,13,2.2222
2025-11-19,227,숄더백,ITEM,2,2,1,0,165,47,1.2121
2025-11-20,227,숄더백,ITEM,1,1,1,0,172,49,0.5814
2025-12-21,227,숄더백,ITEM,1,1,1,1,92,38,1.087
2026-01-09,227,숄더백,ITEM,1,1,1,1,48,18,2.0833
2026-01-17,227,숄더백,ITEM,2,2,1,1,143,78,1.3986
2026-01-23,227,숄더백,ITEM,2,2,1,1,61,26,3.2787
2026-01-24,227,숄더백,ITEM,1,1,1,0,62,34,1.6129
2026-01-26,227,숄더백,ITEM,1,1,1,0,7,6,14.2857
2026-01-27,227,숄더백,ITEM,1,1,1,0,13,5,7.6923
2026-01-30,227,숄더백,ITEM,1,1,1,1,30,17,3.3333
2026-02-06,227,숄더백,ITEM,1,1,1,0,65,32,1.5385
2026-02-27,227,숄더백,ITEM,1,1,1,0,156,44,0.641
2026-03-04,227,숄더백,ITEM,1,1,1,0,159,65,0.6289
2026-03-06,227,숄더백,ITEM,2,2,1,1,203,70,0.9852
2026-03-18,227,숄더백,ITEM,1,1,1,0,70,45,1.4286
2026-03-20,227,숄더백,ITEM,1,1,1,1,44,13,2.2727
2026-04-17,227,숄더백,ITEM,1,1,1,1,22,9,4.5455
2026-04-18,227,숄더백,ITEM,1,1,1,1,168,63,0.5952
2026-04-19,227,숄더백,ITEM,1,1,1,1,286,115,0.3497
2026-05-12,227,숄더백,ITEM,1,1,1,1,134,52,0.7463
2026-05-21,227,숄더백,ITEM,1,1,1,0,270,85,0.3704
2026-05-26,227,숄더백,ITEM,1,1,1,1,189,90,0.5291
2026-05-29,227,숄더백,ITEM,2,2,1,1,188,59,1.0638
2026-05-31,227,숄더백,ITEM,2,2,2,2,354,109,0.565
2026-06-02,227,숄더백,ITEM,1,1,1,1,224,100,0.4464
2026-06-06,227,숄더백,ITEM,1,1,1,1,336,108,0.2976
2026-06-08,227,숄더백,ITEM,1,1,1,1,380,152,0.2632
2026-06-14,227,숄더백,ITEM,1,1,1,0,529,186,0.189
2026-06-16,227,숄더백,ITEM,1,1,1,1,465,184,0.2151
2026-06-17,227,숄더백,ITEM,2,2,1,1,365,130,0.5479
2026-06-18,227,숄더백,ITEM,1,1,1,0,286,139,0.3497
2026-06-19,227,숄더백,ITEM,3,3,3,1,510,170,0.5882
2026-06-22,227,숄더백,ITEM,1,1,1,1,455,179,0.2198
2026-06-24,227,숄더백,ITEM,1,1,1,1,369,145,0.271
2026-06-29,227,숄더백,ITEM,2,2,2,0,182,100,1.0989
2026-07-01,227,숄더백,ITEM,2,2,2,2,261,93,0.7663
2026-07-11,227,숄더백,ITEM,1,1,1,0,174,63,0.5747
2026-07-13,227,숄더백,ITEM,2,2,1,0,382,151,0.5236
2026-07-14,227,숄더백,ITEM,2,2,2,1,267,89,0.7491
2026-07-15,227,숄더백,ITEM,1,1,1,0,265,87,0.3774
2026-07-17,227,숄더백,ITEM,1,1,1,1,332,101,0.3012
2026-07-18,227,숄더백,ITEM,3,3,1,1,429,155,0.6993
2026-07-20,227,숄더백,ITEM,2,2,2,2,386,140,0.5181
2026-07-23,227,숄더백,ITEM,1,1,1,1,243,86,0.4115
2026-07-26,227,숄더백,ITEM,1,1,1,1,338,132,0.2959
2026-07-28,227,숄더백,ITEM,1,1,1,0,262,125,0.3817
2026-08-09,227,숄더백,ITEM,1,1,1,0,265,116,0.3774
2026-08-11,227,숄더백,ITEM,1,1,1,1,383,116,0.2611
2026-08-13,227,숄더백,ITEM,1,1,1,0,223,94,0.4484
2026-08-15,227,숄더백,ITEM,1,1,1,0,172,83,0.5814
2026-08-17,227,숄더백,ITEM,1,1,1,0,543,223,0.1842
2026-08-22,227,숄더백,ITEM,1,1,1,0,275,117,0.3636
2026-08-23,227,숄더백,ITEM,1,1,1,0,472,218,0.2119
2026-08-24,227,숄더백,ITEM,1,1,1,1,592,293,0.1689
2026-08-26,227,숄더백,ITEM,1,1,1,0,424,195,0.2358
2026-08-27,227,숄더백,ITEM,1,1,1,0,330,161,0.303
2026-08-28,227,숄더백,ITEM,2,2,2,1,414,157,0.4831
2026-08-31,227,숄더백,ITEM,2,2,1,1,714,321,0.2801
2026-09-01,227,숄더백,ITEM,1,1,1,1,601,253,0.1664
2026-09-02,227,숄더백,ITEM,4,4,1,1,502,221,0.7968
2026-09-03,227,숄더백,ITEM,1,1,1,0,603,270,0.1658
2026-09-04,227,숄더백,ITEM,2,2,2,1,482,221,0.4149
2026-09-05,227,숄더백,ITEM,2,2,2,2,563,234,0.3552
2026-09-06,227,숄더백,ITEM,2,2,2,2,858,363,0.2331
2026-09-07,227,숄더백,ITEM,5,5,1,1,732,308,0.6831
2026-09-08,227,숄더백,ITEM,1,1,1,1,248,112,0.4032
2025-09-16,647,숏기장,DETAIL,1,1,1,0,108,47,0.9259
2025-10-05,647,숏기장,DETAIL,1,1,1,1,53,14,1.8868
2025-10-12,647,숏기장,DETAIL,1,1,1,1,76,22,1.3158
2025-10-24,647,숏기장,DETAIL,1,1,1,1,96,19,1.0417
2025-10-25,647,숏기장,DETAIL,1,1,1,0,48,21,2.0833
2025-10-27,647,숏기장,DETAIL,1,1,1,0,24,12,4.1667
2025-10-31,647,숏기장,DETAIL,6,6,1,1,66,25,9.0909
2025-11-01,647,숏기장,DETAIL,3,3,1,0,41,19,7.3171
2025-11-02,647,숏기장,DETAIL,1,1,1,0,86,23,1.1628
2025-11-04,647,숏기장,DETAIL,1,1,1,0,25,13,4.0
2025-11-05,647,숏기장,DETAIL,1,1,1,0,5,5,20.0
2025-11-06,647,숏기장,DETAIL,3,3,1,0,32,11,9.375
2025-11-07,647,숏기장,DETAIL,1,1,1,1,95,32,1.0526
2025-11-08,647,숏기장,DETAIL,1,1,1,0,74,32,1.3514
2025-11-10,647,숏기장,DETAIL,1,1,1,0,34,16,2.9412
2025-11-13,647,숏기장,DETAIL,1,1,1,0,13,7,7.6923
2025-11-14,647,숏기장,DETAIL,1,1,1,0,73,20,1.3699
2025-11-20,647,숏기장,DETAIL,1,1,1,1,172,49,0.5814
2025-11-24,647,숏기장,DETAIL,1,1,1,0,52,33,1.9231
2025-11-28,647,숏기장,DETAIL,3,3,1,1,80,32,3.75
2025-11-29,647,숏기장,DETAIL,3,3,1,0,64,24,4.6875
2025-12-02,647,숏기장,DETAIL,3,3,2,1,123,66,2.439
2025-12-04,647,숏기장,DETAIL,1,1,1,0,67,41,1.4925
2025-12-19,647,숏기장,DETAIL,1,1,1,1,67,36,1.4925
2026-01-03,647,숏기장,DETAIL,1,1,1,0,71,37,1.4085
2026-01-17,647,숏기장,DETAIL,2,2,1,0,143,78,1.3986
2026-02-07,647,숏기장,DETAIL,2,2,1,0,115,57,1.7391
2026-02-15,647,숏기장,DETAIL,1,1,1,0,30,19,3.3333
2026-02-25,647,숏기장,DETAIL,1,1,1,0,52,33,1.9231
2026-02-27,647,숏기장,DETAIL,3,3,1,1,156,44,1.9231
2026-03-01,647,숏기장,DETAIL,1,1,1,0,144,46,0.6944
2026-03-02,647,숏기장,DETAIL,1,1,1,0,49,31,2.0408
2026-03-06,647,숏기장,DETAIL,1,1,1,0,203,70,0.4926
2026-03-09,647,숏기장,DETAIL,1,1,1,1,37,18,2.7027
2026-03-16,647,숏기장,DETAIL,1,1,1,1,83,23,1.2048
2026-03-18,647,숏기장,DETAIL,1,1,1,0,70,45,1.4286
2026-03-19,647,숏기장,DETAIL,2,2,1,0,89,60,2.2472
2026-03-22,647,숏기장,DETAIL,1,1,1,1,158,62,0.6329
2026-03-24,647,숏기장,DETAIL,1,1,1,0,70,41,1.4286
2026-03-31,647,숏기장,DETAIL,1,1,1,1,70,26,1.4286
2026-04-01,647,숏기장,DETAIL,1,1,1,0,43,22,2.3256
2026-04-12,647,숏기장,DETAIL,1,1,1,0,29,19,3.4483
2026-05-05,647,숏기장,DETAIL,1,1,1,0,121,55,0.8264
2026-05-12,647,숏기장,DETAIL,1,1,1,0,134,52,0.7463
2026-05-14,647,숏기장,DETAIL,1,1,1,1,271,108,0.369
2026-05-16,647,숏기장,DETAIL,1,1,1,0,158,49,0.6329
2026-05-21,647,숏기장,DETAIL,3,3,3,0,270,85,1.1111
2026-05-22,647,숏기장,DETAIL,2,2,2,0,227,77,0.8811
2026-05-23,647,숏기장,DETAIL,1,1,1,0,331,93,0.3021
2026-05-26,647,숏기장,DETAIL,1,1,1,0,189,90,0.5291
2026-05-27,647,숏기장,DETAIL,2,2,2,0,222,83,0.9009
2026-06-01,647,숏기장,DETAIL,2,2,2,0,360,160,0.5556
2026-06-02,647,숏기장,DETAIL,1,1,1,0,224,100,0.4464
2026-06-06,647,숏기장,DETAIL,1,1,1,0,336,108,0.2976
2026-06-11,647,숏기장,DETAIL,1,1,1,0,239,114,0.4184
2026-06-12,647,숏기장,DETAIL,1,1,1,0,352,114,0.2841
2026-06-14,647,숏기장,DETAIL,2,2,2,0,529,186,0.3781
2026-06-21,647,숏기장,DETAIL,1,1,1,1,550,205,0.1818
2026-06-23,647,숏기장,DETAIL,1,1,1,0,401,171,0.2494
2026-06-24,647,숏기장,DETAIL,2,2,1,1,369,145,0.542
2026-06-25,647,숏기장,DETAIL,2,2,2,0,162,75,1.2346
2026-06-29,647,숏기장,DETAIL,1,1,1,0,182,100,0.5495
2026-07-04,647,숏기장,DETAIL,2,2,2,2,306,114,0.6536
2026-07-16,647,숏기장,DETAIL,1,1,1,1,179,58,0.5587
2026-07-21,647,숏기장,DETAIL,1,1,1,1,284,141,0.3521
2026-07-27,647,숏기장,DETAIL,1,1,1,1,392,161,0.2551
2026-08-01,647,숏기장,DETAIL,1,1,1,0,277,115,0.361
2026-08-05,647,숏기장,DETAIL,1,1,1,0,302,135,0.3311
2026-08-08,647,숏기장,DETAIL,1,1,1,0,143,57,0.6993
2026-08-13,647,숏기장,DETAIL,1,1,1,0,223,94,0.4484
2026-08-18,647,숏기장,DETAIL,2,2,2,1,303,163,0.6601
2026-08-19,647,숏기장,DETAIL,3,3,1,1,219,95,1.3699
2026-08-21,647,숏기장,DETAIL,1,1,1,0,235,105,0.4255
2026-08-24,647,숏기장,DETAIL,1,1,1,0,592,293,0.1689
2026-08-26,647,숏기장,DETAIL,11,11,3,1,424,195,2.5943
2026-08-27,647,숏기장,DETAIL,9,9,1,0,330,161,2.7273
2026-08-28,647,숏기장,DETAIL,1,1,1,0,414,157,0.2415
2026-08-30,647,숏기장,DETAIL,1,1,1,1,735,303,0.1361
2026-09-01,647,숏기장,DETAIL,4,4,2,0,601,253,0.6656
2026-09-02,647,숏기장,DETAIL,1,1,1,0,502,221,0.1992
2026-09-03,647,숏기장,DETAIL,4,4,2,0,603,270,0.6633
2026-09-04,647,숏기장,DETAIL,2,2,1,0,482,221,0.4149
2026-09-05,647,숏기장,DETAIL,1,1,1,0,563,234,0.1776
2026-09-06,647,숏기장,DETAIL,4,4,4,1,858,363,0.4662
2026-09-07,647,숏기장,DETAIL,3,3,1,0,732,308,0.4098
2026-09-08,647,숏기장,DETAIL,1,1,1,0,248,112,0.4032
2026-06-01,254,수영복,ITEM,1,1,1,0,360,160,0.2778
2026-06-02,254,수영복,ITEM,1,1,1,0,224,100,0.4464
2026-06-04,254,수영복,ITEM,5,5,1,1,137,74,3.6496
2026-06-06,254,수영복,ITEM,1,1,1,1,336,108,0.2976
2026-06-07,254,수영복,ITEM,3,3,2,0,322,152,0.9317
2026-06-08,254,수영복,ITEM,2,2,2,0,380,152,0.5263
2026-06-09,254,수영복,ITEM,1,1,1,1,247,108,0.4049
2026-06-10,254,수영복,ITEM,1,1,1,0,345,160,0.2899
2026-06-11,254,수영복,ITEM,3,3,2,0,239,114,1.2552
2026-06-13,254,수영복,ITEM,3,3,2,1,267,107,1.1236
2026-06-14,254,수영복,ITEM,3,3,1,0,529,186,0.5671
2026-06-16,254,수영복,ITEM,2,2,1,1,465,184,0.4301
2026-06-18,254,수영복,ITEM,1,1,1,0,286,139,0.3497
2026-06-22,254,수영복,ITEM,1,1,1,0,455,179,0.2198
2026-06-23,254,수영복,ITEM,1,1,1,0,401,171,0.2494
2026-07-07,254,수영복,ITEM,1,1,1,0,203,85,0.4926
2026-07-09,254,수영복,ITEM,1,1,1,0,161,62,0.6211
2026-07-12,254,수영복,ITEM,1,1,1,0,314,141,0.3185
2026-07-15,254,수영복,ITEM,1,1,1,0,265,87,0.3774
2026-07-18,254,수영복,ITEM,7,7,1,1,429,155,1.6317
2026-07-19,254,수영복,ITEM,14,14,1,0,670,210,2.0896
2026-07-20,254,수영복,ITEM,2,2,1,1,386,140,0.5181
2026-07-24,254,수영복,ITEM,1,1,1,0,233,80,0.4292
2026-07-25,254,수영복,ITEM,1,1,1,0,245,115,0.4082
2026-07-26,254,수영복,ITEM,1,1,1,1,338,132,0.2959
2026-07-28,254,수영복,ITEM,1,1,1,0,262,125,0.3817
2026-07-30,254,수영복,ITEM,1,1,1,0,249,101,0.4016
2026-07-31,254,수영복,ITEM,2,2,1,1,204,84,0.9804
2026-08-02,254,수영복,ITEM,1,1,1,0,250,101,0.4
2026-08-05,254,수영복,ITEM,1,1,1,0,302,135,0.3311
2026-08-20,254,수영복,ITEM,1,1,1,1,236,110,0.4237
2026-08-21,254,수영복,ITEM,1,1,1,0,235,105,0.4255
2026-08-24,254,수영복,ITEM,1,1,1,0,592,293,0.1689
2026-08-27,254,수영복,ITEM,1,1,1,0,330,161,0.303
2026-06-13,780,스모킹,DETAIL,1,1,1,1,267,107,0.3745
2026-07-27,780,스모킹,DETAIL,1,1,1,0,392,161,0.2551
2026-08-03,780,스모킹,DETAIL,1,1,1,1,257,111,0.3891
2026-08-05,780,스모킹,DETAIL,3,3,1,1,302,135,0.9934
2026-08-06,780,스모킹,DETAIL,1,1,1,0,284,112,0.3521
2025-09-14,236,스카프,ITEM,1,1,1,1,52,13,1.9231
2025-10-03,236,스카프,ITEM,2,2,1,1,103,20,1.9417
2025-10-04,236,스카프,ITEM,3,3,1,0,84,22,3.5714
2025-10-06,236,스카프,ITEM,1,1,1,0,19,9,5.2632
2026-01-17,236,스카프,ITEM,2,2,1,0,143,78,1.3986
2026-02-13,236,스카프,ITEM,1,1,1,0,13,11,7.6923
2026-02-14,236,스카프,ITEM,2,2,1,0,26,21,7.6923
2026-03-10,236,스카프,ITEM,1,1,1,0,28,22,3.5714
2026-03-12,236,스카프,ITEM,2,2,1,0,22,15,9.0909
2026-03-14,236,스카프,ITEM,1,1,1,0,37,12,2.7027
2026-03-18,236,스카프,ITEM,1,1,1,0,70,45,1.4286
2026-03-22,236,스카프,ITEM,1,1,1,0,158,62,0.6329
2026-03-24,236,스카프,ITEM,1,1,1,0,70,41,1.4286
2026-03-27,236,스카프,ITEM,1,1,1,0,124,47,0.8065
2026-04-18,236,스카프,ITEM,7,7,1,1,168,63,4.1667
2026-04-19,236,스카프,ITEM,6,6,1,0,286,115,2.0979
2026-04-20,236,스카프,ITEM,1,1,1,0,238,90,0.4202
2026-04-24,236,스카프,ITEM,1,1,1,0,49,31,2.0408
2026-04-25,236,스카프,ITEM,7,7,1,0,52,20,13.4615
2026-04-26,236,스카프,ITEM,1,1,1,0,23,11,4.3478
2026-05-03,236,스카프,ITEM,1,1,1,1,150,45,0.6667
2026-05-15,236,스카프,ITEM,1,1,1,0,177,75,0.565
2026-05-23,236,스카프,ITEM,4,4,1,1,331,93,1.2085
2026-05-24,236,스카프,ITEM,1,1,1,0,297,121,0.3367
2026-05-30,236,스카프,ITEM,1,1,1,1,234,83,0.4274
2026-06-01,236,스카프,ITEM,4,4,3,3,360,160,1.1111
2026-06-09,236,스카프,ITEM,1,1,1,0,247,108,0.4049
2026-06-11,236,스카프,ITEM,1,1,1,0,239,114,0.4184
2026-06-12,236,스카프,ITEM,4,4,1,1,352,114,1.1364
2026-06-13,236,스카프,ITEM,6,6,1,0,267,107,2.2472
2026-06-14,236,스카프,ITEM,3,3,1,0,529,186,0.5671
2026-06-15,236,스카프,ITEM,3,3,1,0,440,179,0.6818
2026-06-16,236,스카프,ITEM,3,3,1,0,465,184,0.6452
2026-06-17,236,스카프,ITEM,2,2,1,0,365,130,0.5479
2026-06-18,236,스카프,ITEM,1,1,1,0,286,139,0.3497
2026-06-19,236,스카프,ITEM,4,4,1,0,510,170,0.7843
2026-06-27,236,스카프,ITEM,2,2,2,2,214,76,0.9346
2026-06-28,236,스카프,ITEM,1,1,1,1,327,109,0.3058
2026-07-05,236,스카프,ITEM,2,2,2,1,295,122,0.678
2026-07-17,236,스카프,ITEM,1,1,1,1,332,101,0.3012
2026-08-05,236,스카프,ITEM,1,1,1,0,302,135,0.3311
2026-08-19,236,스카프,ITEM,1,1,1,1,219,95,0.4566
2026-08-20,236,스카프,ITEM,1,1,1,0,236,110,0.4237
2026-08-22,236,스카프,ITEM,2,2,2,2,275,117,0.7273
2026-08-28,236,스카프,ITEM,1,1,1,0,414,157,0.2415
2026-09-02,236,스카프,ITEM,1,1,1,0,502,221,0.1992
2026-09-03,236,스카프,ITEM,1,1,1,0,603,270,0.1658
2026-09-05,236,스카프,ITEM,1,1,1,0,563,234,0.1776
2025-09-02,188,스커트,ITEM,1,1,1,0,36,20,2.7778
2025-09-05,188,스커트,ITEM,3,3,2,1,87,25,3.4483
2025-09-06,188,스커트,ITEM,4,4,1,0,103,33,3.8835
2025-09-07,188,스커트,ITEM,1,1,1,0,29,8,3.4483
2025-09-08,188,스커트,ITEM,3,3,1,0,39,12,7.6923
2025-09-10,188,스커트,ITEM,1,1,1,0,25,7,4.0
2025-09-11,188,스커트,ITEM,1,1,1,0,24,8,4.1667
2025-09-14,188,스커트,ITEM,1,1,1,1,52,13,1.9231
2025-09-15,188,스커트,ITEM,4,4,1,0,110,52,3.6364
2025-09-16,188,스커트,ITEM,4,4,1,0,108,47,3.7037
2025-09-17,188,스커트,ITEM,1,1,1,0,22,12,4.5455
2025-09-19,188,스커트,ITEM,1,1,1,1,106,25,0.9434
2025-09-20,188,스커트,ITEM,1,1,1,0,96,34,1.0417
2025-09-21,188,스커트,ITEM,2,2,2,1,55,12,3.6364
2025-09-22,188,스커트,ITEM,1,1,1,0,30,17,3.3333
2025-09-24,188,스커트,ITEM,2,2,2,1,43,14,4.6512
2025-09-25,188,스커트,ITEM,2,2,1,0,40,12,5.0
2025-09-26,188,스커트,ITEM,2,2,1,1,76,18,2.6316
2025-09-27,188,스커트,ITEM,3,3,2,0,92,35,3.2609
2025-09-28,188,스커트,ITEM,2,2,2,1,78,15,2.5641
2025-10-01,188,스커트,ITEM,1,1,1,0,23,7,4.3478
2025-10-02,188,스커트,ITEM,1,1,1,0,20,8,5.0
2025-10-03,188,스커트,ITEM,3,3,1,1,103,20,2.9126
2025-10-04,188,스커트,ITEM,2,2,1,0,84,22,2.381
2025-10-05,188,스커트,ITEM,1,1,1,1,53,14,1.8868
2025-10-06,188,스커트,ITEM,1,1,1,0,19,9,5.2632
2025-10-07,188,스커트,ITEM,2,2,2,0,18,7,11.1111
2025-10-08,188,스커트,ITEM,1,1,1,0,7,2,14.2857
2025-10-09,188,스커트,ITEM,2,2,1,0,19,5,10.5263
2025-10-10,188,스커트,ITEM,2,2,1,1,80,23,2.5
2025-10-11,188,스커트,ITEM,1,1,1,0,50,26,2.0
2025-10-13,188,스커트,ITEM,1,1,1,0,20,6,5.0
2025-10-17,188,스커트,ITEM,1,1,1,1,45,13,2.2222
2025-10-19,188,스커트,ITEM,1,1,1,1,46,13,2.1739
2025-10-21,188,스커트,ITEM,1,1,1,0,19,11,5.2632
2025-10-24,188,스커트,ITEM,2,2,1,1,96,19,2.0833
2025-10-25,188,스커트,ITEM,1,1,1,0,48,21,2.0833
2025-10-26,188,스커트,ITEM,1,1,1,1,63,15,1.5873
2025-11-02,188,스커트,ITEM,1,1,1,1,86,23,1.1628
2025-11-03,188,스커트,ITEM,1,1,1,0,51,15,1.9608
2025-11-09,188,스커트,ITEM,1,1,1,1,76,21,1.3158
2025-11-15,188,스커트,ITEM,1,1,1,0,72,28,1.3889
2025-11-16,188,스커트,ITEM,3,3,2,1,99,44,3.0303
2025-11-20,188,스커트,ITEM,1,1,1,0,172,49,0.5814
2025-11-22,188,스커트,ITEM,1,1,1,0,75,36,1.3333
2025-11-23,188,스커트,ITEM,1,1,1,0,92,33,1.087
2025-11-26,188,스커트,ITEM,2,2,1,0,29,14,6.8966
2025-11-30,188,스커트,ITEM,2,2,2,1,72,27,2.7778
2025-12-02,188,스커트,ITEM,1,1,1,0,123,66,0.813
2025-12-03,188,스커트,ITEM,1,1,1,0,93,52,1.0753
2025-12-04,188,스커트,ITEM,1,1,1,0,67,41,1.4925
2025-12-07,188,스커트,ITEM,1,1,1,0,120,49,0.8333
2025-12-12,188,스커트,ITEM,1,1,1,0,27,17,3.7037
2025-12-21,188,스커트,ITEM,1,1,1,1,92,38,1.087
2026-01-02,188,스커트,ITEM,4,4,1,1,103,31,3.8835
2026-01-03,188,스커트,ITEM,2,2,1,0,71,37,2.8169
2026-01-04,188,스커트,ITEM,2,2,1,0,43,22,4.6512
2026-01-05,188,스커트,ITEM,3,3,1,0,19,11,15.7895
2026-01-06,188,스커트,ITEM,2,2,1,0,35,19,5.7143
2026-01-14,188,스커트,ITEM,1,1,1,0,5,5,20.0
2026-01-16,188,스커트,ITEM,2,2,2,1,108,22,1.8519
2026-01-17,188,스커트,ITEM,3,3,1,0,143,78,2.0979
2026-01-18,188,스커트,ITEM,1,1,1,0,53,29,1.8868
2026-01-19,188,스커트,ITEM,2,2,2,0,57,27,3.5088
2026-01-21,188,스커트,ITEM,1,1,1,0,22,16,4.5455
2026-01-23,188,스커트,ITEM,1,1,1,0,61,26,1.6393
2026-01-29,188,스커트,ITEM,3,3,1,1,60,12,5.0
2026-02-01,188,스커트,ITEM,1,1,1,1,83,43,1.2048
2026-02-06,188,스커트,ITEM,2,2,2,0,65,32,3.0769
2026-02-08,188,스커트,ITEM,1,1,1,0,25,22,4.0
2026-02-20,188,스커트,ITEM,2,2,2,2,152,39,1.3158
2026-02-21,188,스커트,ITEM,2,2,1,0,32,19,6.25
2026-02-24,188,스커트,ITEM,1,1,1,0,63,32,1.5873
2026-02-26,188,스커트,ITEM,1,1,1,0,56,33,1.7857
2026-02-27,188,스커트,ITEM,3,3,2,1,156,44,1.9231
2026-02-28,188,스커트,ITEM,2,2,1,0,87,47,2.2989
2026-03-01,188,스커트,ITEM,1,1,1,1,144,46,0.6944
2026-03-04,188,스커트,ITEM,1,1,1,0,159,65,0.6289
2026-03-06,188,스커트,ITEM,3,3,2,0,203,70,1.4778
2026-03-07,188,스커트,ITEM,1,1,1,0,82,41,1.2195
2026-03-09,188,스커트,ITEM,1,1,1,0,37,18,2.7027
2026-03-15,188,스커트,ITEM,1,1,1,1,87,29,1.1494
2026-03-17,188,스커트,ITEM,1,1,1,1,76,20,1.3158
2026-03-18,188,스커트,ITEM,1,1,1,0,70,45,1.4286
2026-03-22,188,스커트,ITEM,1,1,1,1,158,62,0.6329
2026-03-26,188,스커트,ITEM,3,3,3,1,154,65,1.9481
2026-03-27,188,스커트,ITEM,5,5,1,0,124,47,4.0323
2026-03-28,188,스커트,ITEM,3,3,1,0,23,9,13.0435
2026-03-29,188,스커트,ITEM,1,1,1,0,38,17,2.6316
2026-03-30,188,스커트,ITEM,1,1,1,0,49,29,2.0408
2026-04-01,188,스커트,ITEM,1,1,1,0,43,22,2.3256
2026-04-02,188,스커트,ITEM,6,6,2,0,103,44,5.8252
2026-04-05,188,스커트,ITEM,1,1,1,1,129,44,0.7752
2026-04-11,188,스커트,ITEM,2,2,2,0,80,37,2.5
2026-04-13,188,스커트,ITEM,1,1,1,0,17,11,5.8824
2026-04-16,188,스커트,ITEM,1,1,1,0,41,12,2.439
2026-04-18,188,스커트,ITEM,1,1,1,0,168,63,0.5952
2026-04-19,188,스커트,ITEM,2,2,2,0,286,115,0.6993
2026-04-20,188,스커트,ITEM,6,6,3,1,238,90,2.521
2026-04-21,188,스커트,ITEM,1,1,1,0,58,30,1.7241
2026-04-24,188,스커트,ITEM,3,3,2,0,49,31,6.1224
2026-04-27,188,스커트,ITEM,1,1,1,0,175,75,0.5714
2026-04-28,188,스커트,ITEM,1,1,1,0,51,26,1.9608
2026-04-30,188,스커트,ITEM,1,1,1,1,78,19,1.2821
2026-05-01,188,스커트,ITEM,1,1,1,0,82,24,1.2195
2026-05-02,188,스커트,ITEM,1,1,1,0,66,35,1.5152
2026-05-03,188,스커트,ITEM,1,1,1,0,150,45,0.6667
2026-05-04,188,스커트,ITEM,2,2,2,0,61,39,3.2787
2026-05-05,188,스커트,ITEM,2,2,2,0,121,55,1.6529
2026-05-09,188,스커트,ITEM,1,1,1,1,71,29,1.4085
2026-05-12,188,스커트,ITEM,2,2,2,1,134,52,1.4925
2026-05-14,188,스커트,ITEM,2,2,1,1,271,108,0.738
2026-05-15,188,스커트,ITEM,4,4,1,0,177,75,2.2599
2026-05-16,188,스커트,ITEM,2,2,2,1,158,49,1.2658
2026-05-17,188,스커트,ITEM,4,4,2,1,166,82,2.4096
2026-05-18,188,스커트,ITEM,1,1,1,0,146,74,0.6849
2026-05-21,188,스커트,ITEM,12,12,4,2,270,85,4.4444
2026-05-22,188,스커트,ITEM,8,8,3,1,227,77,3.5242
2026-05-23,188,스커트,ITEM,4,4,2,2,331,93,1.2085
2026-05-24,188,스커트,ITEM,9,9,3,0,297,121,3.0303
2026-05-25,188,스커트,ITEM,9,9,2,0,400,155,2.25
2026-05-26,188,스커트,ITEM,4,4,2,0,189,90,2.1164
2026-05-27,188,스커트,ITEM,2,2,2,0,222,83,0.9009
2026-05-28,188,스커트,ITEM,3,3,3,0,228,103,1.3158
2026-05-29,188,스커트,ITEM,4,4,3,1,188,59,2.1277
2026-05-30,188,스커트,ITEM,3,3,1,1,234,83,1.2821
2026-05-31,188,스커트,ITEM,1,1,1,1,354,109,0.2825
2026-06-01,188,스커트,ITEM,3,3,2,2,360,160,0.8333
2026-06-02,188,스커트,ITEM,3,3,1,0,224,100,1.3393
2026-06-03,188,스커트,ITEM,2,2,1,0,222,94,0.9009
2026-06-05,188,스커트,ITEM,6,6,4,1,183,55,3.2787
2026-06-06,188,스커트,ITEM,3,3,3,1,336,108,0.8929
2026-06-09,188,스커트,ITEM,1,1,1,1,247,108,0.4049
2026-06-10,188,스커트,ITEM,6,6,3,1,345,160,1.7391
2026-06-11,188,스커트,ITEM,3,3,3,0,239,114,1.2552
2026-06-12,188,스커트,ITEM,1,1,1,1,352,114,0.2841
2026-06-13,188,스커트,ITEM,4,4,3,1,267,107,1.4981
2026-06-14,188,스커트,ITEM,5,5,2,1,529,186,0.9452
2026-06-15,188,스커트,ITEM,1,1,1,0,440,179,0.2273
2026-06-16,188,스커트,ITEM,4,4,3,1,465,184,0.8602
2026-06-17,188,스커트,ITEM,4,4,1,0,365,130,1.0959
2026-06-18,188,스커트,ITEM,5,5,4,1,286,139,1.7483
2026-06-19,188,스커트,ITEM,6,6,5,2,510,170,1.1765
2026-06-20,188,스커트,ITEM,4,4,3,0,422,169,0.9479
2026-06-21,188,스커트,ITEM,6,6,5,4,550,205,1.0909
2026-06-22,188,스커트,ITEM,6,6,4,1,455,179,1.3187
2026-06-23,188,스커트,ITEM,5,5,4,2,401,171,1.2469
2026-06-24,188,스커트,ITEM,8,8,3,2,369,145,2.168
2026-06-25,188,스커트,ITEM,1,1,1,0,162,75,0.6173
2026-06-26,188,스커트,ITEM,3,3,3,3,247,81,1.2146
2026-06-27,188,스커트,ITEM,2,2,2,1,214,76,0.9346
2026-06-28,188,스커트,ITEM,3,3,3,2,327,109,0.9174
2026-06-30,188,스커트,ITEM,2,2,2,0,156,56,1.2821
2026-07-01,188,스커트,ITEM,2,2,2,1,261,93,0.7663
2026-07-02,188,스커트,ITEM,1,1,1,0,107,58,0.9346
2026-07-03,188,스커트,ITEM,1,1,1,0,154,63,0.6494
2026-07-04,188,스커트,ITEM,2,2,1,0,306,114,0.6536
2026-07-05,188,스커트,ITEM,2,2,2,1,295,122,0.678
2026-07-06,188,스커트,ITEM,2,2,1,1,204,85,0.9804
2026-07-07,188,스커트,ITEM,5,5,1,0,203,85,2.4631
2026-07-08,188,스커트,ITEM,1,1,1,0,112,58,0.8929
2026-07-09,188,스커트,ITEM,6,6,4,1,161,62,3.7267
2026-07-10,188,스커트,ITEM,4,4,3,1,249,60,1.6064
2026-07-11,188,스커트,ITEM,7,7,2,1,174,63,4.023
2026-07-12,188,스커트,ITEM,10,10,5,2,314,141,3.1847
2026-07-13,188,스커트,ITEM,6,6,5,1,382,151,1.5707
2026-07-15,188,스커트,ITEM,4,4,4,2,265,87,1.5094
2026-07-16,188,스커트,ITEM,2,2,2,1,179,58,1.1173
2026-07-17,188,스커트,ITEM,3,3,3,1,332,101,0.9036
2026-07-18,188,스커트,ITEM,9,9,6,2,429,155,2.0979
2026-07-19,188,스커트,ITEM,10,10,5,4,670,210,1.4925
2026-07-20,188,스커트,ITEM,2,2,2,0,386,140,0.5181
2026-07-21,188,스커트,ITEM,4,4,3,1,284,141,1.4085
2026-07-22,188,스커트,ITEM,3,3,3,1,244,112,1.2295
2026-07-23,188,스커트,ITEM,5,5,3,2,243,86,2.0576
2026-07-24,188,스커트,ITEM,4,4,3,2,233,80,1.7167
2026-07-25,188,스커트,ITEM,5,5,3,1,245,115,2.0408
2026-07-26,188,스커트,ITEM,7,7,3,2,338,132,2.071
2026-07-27,188,스커트,ITEM,6,6,3,1,392,161,1.5306
2026-07-28,188,스커트,ITEM,3,3,1,0,262,125,1.145
2026-07-29,188,스커트,ITEM,3,3,3,0,238,113,1.2605
2026-07-30,188,스커트,ITEM,9,9,4,2,249,101,3.6145
2026-07-31,188,스커트,ITEM,2,2,2,1,204,84,0.9804
2026-08-01,188,스커트,ITEM,3,3,3,2,277,115,1.083
2026-08-02,188,스커트,ITEM,1,1,1,1,250,101,0.4
2026-08-03,188,스커트,ITEM,2,2,2,1,257,111,0.7782
2026-08-04,188,스커트,ITEM,1,1,1,1,225,88,0.4444
2026-08-05,188,스커트,ITEM,6,6,5,1,302,135,1.9868
2026-08-06,188,스커트,ITEM,1,1,1,1,284,112,0.3521
2026-08-07,188,스커트,ITEM,1,1,1,0,151,70,0.6623
2026-08-08,188,스커트,ITEM,1,1,1,0,143,57,0.6993
2026-08-09,188,스커트,ITEM,3,3,2,1,265,116,1.1321
2026-08-10,188,스커트,ITEM,3,3,3,3,244,105,1.2295
2026-08-11,188,스커트,ITEM,6,6,5,2,383,116,1.5666
2026-08-12,188,스커트,ITEM,5,5,4,2,194,92,2.5773
2026-08-13,188,스커트,ITEM,3,3,3,1,223,94,1.3453
2026-08-14,188,스커트,ITEM,4,4,3,2,159,54,2.5157
2026-08-15,188,스커트,ITEM,4,4,3,1,172,83,2.3256
2026-08-16,188,스커트,ITEM,3,3,2,0,232,98,1.2931
2026-08-17,188,스커트,ITEM,19,19,4,3,543,223,3.4991
2026-08-18,188,스커트,ITEM,5,5,4,1,303,163,1.6502
2026-08-19,188,스커트,ITEM,2,2,2,0,219,95,0.9132
2026-08-20,188,스커트,ITEM,3,3,2,1,236,110,1.2712
2026-08-21,188,스커트,ITEM,5,5,3,1,235,105,2.1277
2026-08-22,188,스커트,ITEM,4,4,4,2,275,117,1.4545
2026-08-23,188,스커트,ITEM,3,3,3,1,472,218,0.6356
2026-08-24,188,스커트,ITEM,9,9,2,1,592,293,1.5203
2026-08-25,188,스커트,ITEM,6,6,3,2,405,202,1.4815
2026-08-26,188,스커트,ITEM,5,5,3,2,424,195,1.1792
2026-08-27,188,스커트,ITEM,5,5,4,1,330,161,1.5152
2026-08-28,188,스커트,ITEM,5,5,5,1,414,157,1.2077
2026-08-29,188,스커트,ITEM,2,2,2,0,316,144,0.6329
2026-08-30,188,스커트,ITEM,8,8,6,1,735,303,1.0884
2026-08-31,188,스커트,ITEM,6,6,5,1,714,321,0.8403
2026-09-01,188,스커트,ITEM,9,9,6,4,601,253,1.4975
2026-09-02,188,스커트,ITEM,1,1,1,0,502,221,0.1992
2026-09-03,188,스커트,ITEM,5,5,5,5,603,270,0.8292
2026-09-04,188,스커트,ITEM,7,7,5,1,482,221,1.4523
2026-09-05,188,스커트,ITEM,6,6,5,0,563,234,1.0657
2026-09-06,188,스커트,ITEM,8,8,7,1,858,363,0.9324
2026-09-07,188,스커트,ITEM,5,5,4,2,732,308,0.6831
2026-09-08,188,스커트,ITEM,6,6,4,1,248,112,2.4194
2026-09-09,188,스커트,ITEM,2,2,2,2,170,7,1.1765
2026-04-19,636,스쿱넥,DETAIL,1,1,1,0,286,115,0.3497
2026-05-28,636,스쿱넥,DETAIL,1,1,1,1,228,103,0.4386
2026-06-14,636,스쿱넥,DETAIL,2,2,1,1,529,186,0.3781
2026-06-15,636,스쿱넥,DETAIL,1,1,1,1,440,179,0.2273
2026-06-19,636,스쿱넥,DETAIL,1,1,1,1,510,170,0.1961
2026-06-20,636,스쿱넥,DETAIL,1,1,1,0,422,169,0.237
2026-07-07,636,스쿱넥,DETAIL,1,1,1,1,203,85,0.4926
2026-07-23,636,스쿱넥,DETAIL,1,1,1,1,243,86,0.4115
2026-08-11,636,스쿱넥,DETAIL,1,1,1,0,383,116,0.2611
2026-09-06,636,스쿱넥,DETAIL,2,2,1,1,858,363,0.2331
2026-03-18,614,스키니,DETAIL,2,2,1,0,70,45,2.8571
2026-03-19,614,스키니,DETAIL,1,1,1,0,89,60,1.1236
2026-07-01,614,스키니,DETAIL,1,1,1,0,261,93,0.3831
2026-07-13,614,스키니,DETAIL,1,1,1,0,382,151,0.2618
2026-07-22,614,스키니,DETAIL,1,1,1,0,244,112,0.4098
2026-07-25,614,스키니,DETAIL,1,1,1,0,245,115,0.4082
2026-07-30,614,스키니,DETAIL,1,1,1,0,249,101,0.4016
2026-08-03,614,스키니,DETAIL,1,1,1,0,257,111,0.3891
2026-08-08,614,스키니,DETAIL,1,1,1,0,143,57,0.6993
2026-08-11,614,스키니,DETAIL,1,1,1,0,383,116,0.2611
2026-08-16,614,스키니,DETAIL,4,4,1,0,232,98,1.7241
2026-08-17,614,스키니,DETAIL,2,2,1,0,543,223,0.3683
2026-08-18,614,스키니,DETAIL,1,1,1,0,303,163,0.33
2026-08-19,614,스키니,DETAIL,1,1,1,0,219,95,0.4566
2026-08-21,614,스키니,DETAIL,1,1,1,0,235,105,0.4255
2026-08-24,614,스키니,DETAIL,1,1,1,0,592,293,0.1689
2026-08-25,614,스키니,DETAIL,1,1,1,0,405,202,0.2469
2026-08-27,614,스키니,DETAIL,1,1,1,0,330,161,0.303
2026-08-29,614,스키니,DETAIL,2,2,1,0,316,144,0.6329
2026-08-30,614,스키니,DETAIL,13,13,1,0,735,303,1.7687
2026-08-31,614,스키니,DETAIL,7,7,2,0,714,321,0.9804
2026-09-01,614,스키니,DETAIL,7,7,2,1,601,253,1.1647
2026-09-02,614,스키니,DETAIL,2,2,1,0,502,221,0.3984
2026-09-03,614,스키니,DETAIL,27,27,4,1,603,270,4.4776
2026-09-04,614,스키니,DETAIL,18,18,3,0,482,221,3.7344
2026-09-05,614,스키니,DETAIL,12,12,4,0,563,234,2.1314
2026-09-06,614,스키니,DETAIL,10,10,2,0,858,363,1.1655
2026-09-07,614,스키니,DETAIL,2,2,2,0,732,308,0.2732
2026-09-08,614,스키니,DETAIL,3,3,1,0,248,112,1.2097
2026-02-20,766,스터드,DETAIL,1,1,1,0,152,39,0.6579
2026-05-12,766,스터드,DETAIL,2,2,1,1,134,52,1.4925
2026-05-23,766,스터드,DETAIL,1,1,1,1,331,93,0.3021
2026-05-31,766,스터드,DETAIL,2,2,1,1,354,109,0.565
2026-06-06,766,스터드,DETAIL,1,1,1,0,336,108,0.2976
2026-06-18,766,스터드,DETAIL,1,1,1,0,286,139,0.3497
2026-06-26,766,스터드,DETAIL,1,1,1,1,247,81,0.4049
2026-07-14,766,스터드,DETAIL,1,1,1,1,267,89,0.3745
2026-07-17,766,스터드,DETAIL,1,1,1,1,332,101,0.3012
2026-07-18,766,스터드,DETAIL,3,3,1,1,429,155,0.6993
2026-07-23,766,스터드,DETAIL,1,1,1,1,243,86,0.4115
2026-07-30,766,스터드,DETAIL,2,2,2,1,249,101,0.8032
2026-08-31,766,스터드,DETAIL,1,1,1,1,714,321,0.1401
2026-09-07,766,스터드,DETAIL,1,1,1,0,732,308,0.1366
2026-09-09,766,스터드,DETAIL,1,1,1,1,170,7,0.5882
2025-09-16,631,스트랩,DETAIL,1,1,1,0,108,47,0.9259
2025-09-26,631,스트랩,DETAIL,1,1,1,0,76,18,1.3158
2025-09-27,631,스트랩,DETAIL,2,2,1,0,92,35,2.1739
2025-09-28,631,스트랩,DETAIL,2,2,1,0,78,15,2.5641
2025-10-04,631,스트랩,DETAIL,5,5,1,0,84,22,5.9524
2025-10-07,631,스트랩,DETAIL,2,2,1,0,18,7,11.1111
2025-10-09,631,스트랩,DETAIL,1,1,1,0,19,5,5.2632
2025-10-11,631,스트랩,DETAIL,1,1,1,0,50,26,2.0
2025-10-12,631,스트랩,DETAIL,2,2,1,0,76,22,2.6316
2025-10-13,631,스트랩,DETAIL,1,1,1,0,20,6,5.0
2025-10-15,631,스트랩,DETAIL,1,1,1,0,5,2,20.0
2025-10-23,631,스트랩,DETAIL,1,1,1,0,25,14,4.0
2025-11-08,631,스트랩,DETAIL,3,3,1,0,74,32,4.0541
2025-11-23,631,스트랩,DETAIL,1,1,1,0,92,33,1.087
2026-01-11,631,스트랩,DETAIL,1,1,1,0,29,17,3.4483
2026-01-29,631,스트랩,DETAIL,1,1,1,1,60,12,1.6667
2026-02-01,631,스트랩,DETAIL,1,1,1,0,83,43,1.2048
2026-02-20,631,스트랩,DETAIL,1,1,1,1,152,39,0.6579
2026-02-23,631,스트랩,DETAIL,1,1,1,0,31,19,3.2258
2026-03-10,631,스트랩,DETAIL,1,1,1,0,28,22,3.5714
2026-03-19,631,스트랩,DETAIL,1,1,1,0,89,60,1.1236
2026-03-26,631,스트랩,DETAIL,1,1,1,0,154,65,0.6494
2026-04-18,631,스트랩,DETAIL,1,1,1,1,168,63,0.5952
2026-04-24,631,스트랩,DETAIL,1,1,1,0,49,31,2.0408
2026-05-01,631,스트랩,DETAIL,1,1,1,1,82,24,1.2195
2026-05-05,631,스트랩,DETAIL,1,1,1,0,121,55,0.8264
2026-05-16,631,스트랩,DETAIL,1,1,1,1,158,49,0.6329
2026-05-23,631,스트랩,DETAIL,1,1,1,1,331,93,0.3021
2026-05-28,631,스트랩,DETAIL,1,1,1,0,228,103,0.4386
2026-05-31,631,스트랩,DETAIL,1,1,1,1,354,109,0.2825
2026-06-01,631,스트랩,DETAIL,1,1,1,0,360,160,0.2778
2026-06-06,631,스트랩,DETAIL,1,1,1,1,336,108,0.2976
2026-06-10,631,스트랩,DETAIL,1,1,1,0,345,160,0.2899
2026-06-12,631,스트랩,DETAIL,1,1,1,0,352,114,0.2841
2026-06-16,631,스트랩,DETAIL,1,1,1,1,465,184,0.2151
2026-06-19,631,스트랩,DETAIL,1,1,1,1,510,170,0.1961
2026-06-20,631,스트랩,DETAIL,2,2,1,0,422,169,0.4739
2026-06-21,631,스트랩,DETAIL,1,1,1,1,550,205,0.1818
2026-06-22,631,스트랩,DETAIL,3,3,1,0,455,179,0.6593
2026-06-26,631,스트랩,DETAIL,1,1,1,0,247,81,0.4049
2026-06-28,631,스트랩,DETAIL,1,1,1,1,327,109,0.3058
2026-07-02,631,스트랩,DETAIL,1,1,1,0,107,58,0.9346
2026-07-09,631,스트랩,DETAIL,1,1,1,1,161,62,0.6211
2026-07-13,631,스트랩,DETAIL,1,1,1,0,382,151,0.2618
2026-07-14,631,스트랩,DETAIL,2,2,1,1,267,89,0.7491
2026-07-15,631,스트랩,DETAIL,1,1,1,1,265,87,0.3774
2026-07-19,631,스트랩,DETAIL,5,5,1,1,670,210,0.7463
2026-07-21,631,스트랩,DETAIL,1,1,1,0,284,141,0.3521
2026-07-26,631,스트랩,DETAIL,1,1,1,1,338,132,0.2959
2026-07-27,631,스트랩,DETAIL,1,1,1,0,392,161,0.2551
2026-07-28,631,스트랩,DETAIL,1,1,1,0,262,125,0.3817
2026-07-29,631,스트랩,DETAIL,2,2,2,1,238,113,0.8403
2026-07-31,631,스트랩,DETAIL,1,1,1,1,204,84,0.4902
2026-08-22,631,스트랩,DETAIL,1,1,1,0,275,117,0.3636
2026-08-23,631,스트랩,DETAIL,1,1,1,0,472,218,0.2119
2026-08-24,631,스트랩,DETAIL,1,1,1,0,592,293,0.1689
2026-08-28,631,스트랩,DETAIL,1,1,1,0,414,157,0.2415
2026-09-07,631,스트랩,DETAIL,1,1,1,0,732,308,0.1366
2026-06-24,759,스팽글,DETAIL,1,1,1,1,369,145,0.271
2025-09-05,179,슬랙스,ITEM,4,4,1,1,87,25,4.5977
2025-09-06,179,슬랙스,ITEM,2,2,1,0,103,33,1.9417
2025-09-10,179,슬랙스,ITEM,1,1,1,0,25,7,4.0
2025-09-11,179,슬랙스,ITEM,1,1,1,0,24,8,4.1667
2025-09-20,179,슬랙스,ITEM,1,1,1,0,96,34,1.0417
2025-09-26,179,슬랙스,ITEM,1,1,1,0,76,18,1.3158
2025-10-03,179,슬랙스,ITEM,3,3,1,0,103,20,2.9126
2025-10-04,179,슬랙스,ITEM,2,2,1,0,84,22,2.381
2025-10-05,179,슬랙스,ITEM,1,1,1,0,53,14,1.8868
2025-10-08,179,슬랙스,ITEM,1,1,1,0,7,2,14.2857
2025-10-10,179,슬랙스,ITEM,2,2,1,0,80,23,2.5
2025-10-11,179,슬랙스,ITEM,1,1,1,0,50,26,2.0
2025-10-12,179,슬랙스,ITEM,1,1,1,0,76,22,1.3158
2025-10-19,179,슬랙스,ITEM,1,1,1,0,46,13,2.1739
2025-11-03,179,슬랙스,ITEM,1,1,1,1,51,15,1.9608
2025-11-20,179,슬랙스,ITEM,1,1,1,1,172,49,0.5814
2025-12-05,179,슬랙스,ITEM,2,2,1,1,88,46,2.2727
2025-12-06,179,슬랙스,ITEM,1,1,1,0,91,53,1.0989
2025-12-07,179,슬랙스,ITEM,2,2,2,1,120,49,1.6667
2025-12-08,179,슬랙스,ITEM,1,1,1,0,42,28,2.381
2025-12-13,179,슬랙스,ITEM,1,1,1,0,28,20,3.5714
2025-12-22,179,슬랙스,ITEM,1,1,1,0,31,21,3.2258
2026-01-11,179,슬랙스,ITEM,1,1,1,0,29,17,3.4483
2026-01-18,179,슬랙스,ITEM,1,1,1,0,53,29,1.8868
2026-01-19,179,슬랙스,ITEM,1,1,1,0,57,27,1.7544
2026-01-29,179,슬랙스,ITEM,2,2,1,1,60,12,3.3333
2026-02-01,179,슬랙스,ITEM,1,1,1,0,83,43,1.2048
2026-02-22,179,슬랙스,ITEM,1,1,1,0,61,30,1.6393
2026-02-25,179,슬랙스,ITEM,1,1,1,0,52,33,1.9231
2026-02-28,179,슬랙스,ITEM,1,1,1,0,87,47,1.1494
2026-03-01,179,슬랙스,ITEM,1,1,1,0,144,46,0.6944
2026-03-04,179,슬랙스,ITEM,1,1,1,1,159,65,0.6289
2026-03-06,179,슬랙스,ITEM,4,4,2,0,203,70,1.9704
2026-03-07,179,슬랙스,ITEM,1,1,1,0,82,41,1.2195
2026-03-08,179,슬랙스,ITEM,2,2,2,0,71,37,2.8169
2026-03-13,179,슬랙스,ITEM,1,1,1,0,26,18,3.8462
2026-03-15,179,슬랙스,ITEM,1,1,1,1,87,29,1.1494
2026-03-16,179,슬랙스,ITEM,1,1,1,1,83,23,1.2048
2026-03-17,179,슬랙스,ITEM,1,1,1,1,76,20,1.3158
2026-03-21,179,슬랙스,ITEM,1,1,1,0,23,7,4.3478
2026-03-23,179,슬랙스,ITEM,1,1,1,0,64,38,1.5625
2026-03-24,179,슬랙스,ITEM,1,1,1,0,70,41,1.4286
2026-03-26,179,슬랙스,ITEM,3,3,2,1,154,65,1.9481
2026-03-27,179,슬랙스,ITEM,4,4,2,0,124,47,3.2258
2026-03-29,179,슬랙스,ITEM,3,3,2,0,38,17,7.8947
2026-03-31,179,슬랙스,ITEM,1,1,1,0,70,26,1.4286
2026-04-01,179,슬랙스,ITEM,1,1,1,0,43,22,2.3256
2026-04-04,179,슬랙스,ITEM,1,1,1,0,58,37,1.7241
2026-04-05,179,슬랙스,ITEM,2,2,2,0,129,44,1.5504
2026-04-11,179,슬랙스,ITEM,2,2,2,0,80,37,2.5
2026-04-19,179,슬랙스,ITEM,1,1,1,0,286,115,0.3497
2026-04-20,179,슬랙스,ITEM,1,1,1,0,238,90,0.4202
2026-04-21,179,슬랙스,ITEM,1,1,1,0,58,30,1.7241
2026-04-23,179,슬랙스,ITEM,1,1,1,0,116,64,0.8621
2026-05-03,179,슬랙스,ITEM,1,1,1,1,150,45,0.6667
2026-05-05,179,슬랙스,ITEM,1,1,1,0,121,55,0.8264
2026-05-06,179,슬랙스,ITEM,2,2,2,0,95,40,2.1053
2026-05-09,179,슬랙스,ITEM,1,1,1,0,71,29,1.4085
2026-05-10,179,슬랙스,ITEM,1,1,1,0,34,21,2.9412
2026-05-13,179,슬랙스,ITEM,2,2,2,1,137,56,1.4599
2026-05-14,179,슬랙스,ITEM,2,2,1,0,271,108,0.738
2026-05-16,179,슬랙스,ITEM,1,1,1,0,158,49,0.6329
2026-05-17,179,슬랙스,ITEM,1,1,1,0,166,82,0.6024
2026-05-18,179,슬랙스,ITEM,3,3,2,1,146,74,2.0548
2026-05-19,179,슬랙스,ITEM,1,1,1,0,39,23,2.5641
2026-05-20,179,슬랙스,ITEM,2,2,2,0,244,80,0.8197
2026-05-21,179,슬랙스,ITEM,2,2,1,1,270,85,0.7407
2026-05-22,179,슬랙스,ITEM,1,1,1,0,227,77,0.4405
2026-05-25,179,슬랙스,ITEM,5,5,3,1,400,155,1.25
2026-05-26,179,슬랙스,ITEM,2,2,1,0,189,90,1.0582
2026-05-27,179,슬랙스,ITEM,3,3,2,1,222,83,1.3514
2026-05-28,179,슬랙스,ITEM,3,3,3,1,228,103,1.3158
2026-05-29,179,슬랙스,ITEM,2,2,2,1,188,59,1.0638
2026-05-31,179,슬랙스,ITEM,12,12,3,2,354,109,3.3898
2026-06-01,179,슬랙스,ITEM,2,2,1,0,360,160,0.5556
2026-06-02,179,슬랙스,ITEM,1,1,1,0,224,100,0.4464
2026-06-03,179,슬랙스,ITEM,3,3,2,0,222,94,1.3514
2026-06-04,179,슬랙스,ITEM,1,1,1,0,137,74,0.7299
2026-06-05,179,슬랙스,ITEM,1,1,1,1,183,55,0.5464
2026-06-06,179,슬랙스,ITEM,1,1,1,0,336,108,0.2976
2026-06-09,179,슬랙스,ITEM,1,1,1,0,247,108,0.4049
2026-06-10,179,슬랙스,ITEM,4,4,2,1,345,160,1.1594
2026-06-11,179,슬랙스,ITEM,7,7,4,1,239,114,2.9289
2026-06-12,179,슬랙스,ITEM,1,1,1,1,352,114,0.2841
2026-06-13,179,슬랙스,ITEM,1,1,1,1,267,107,0.3745
2026-06-14,179,슬랙스,ITEM,7,7,5,2,529,186,1.3233
2026-06-15,179,슬랙스,ITEM,3,3,3,0,440,179,0.6818
2026-06-16,179,슬랙스,ITEM,5,5,5,1,465,184,1.0753
2026-06-17,179,슬랙스,ITEM,2,2,2,1,365,130,0.5479
2026-06-18,179,슬랙스,ITEM,2,2,2,0,286,139,0.6993
2026-06-19,179,슬랙스,ITEM,1,1,1,0,510,170,0.1961
2026-06-20,179,슬랙스,ITEM,4,4,3,2,422,169,0.9479
2026-06-21,179,슬랙스,ITEM,12,12,9,6,550,205,2.1818
2026-06-22,179,슬랙스,ITEM,5,5,4,1,455,179,1.0989
2026-06-23,179,슬랙스,ITEM,3,3,2,0,401,171,0.7481
2026-06-25,179,슬랙스,ITEM,3,3,3,1,162,75,1.8519
2026-06-26,179,슬랙스,ITEM,3,3,3,1,247,81,1.2146
2026-06-27,179,슬랙스,ITEM,1,1,1,0,214,76,0.4673
2026-06-28,179,슬랙스,ITEM,2,2,2,1,327,109,0.6116
2026-06-29,179,슬랙스,ITEM,1,1,1,0,182,100,0.5495
2026-06-30,179,슬랙스,ITEM,2,2,1,1,156,56,1.2821
2026-07-01,179,슬랙스,ITEM,3,3,3,1,261,93,1.1494
2026-07-03,179,슬랙스,ITEM,2,2,1,1,154,63,1.2987
2026-07-04,179,슬랙스,ITEM,2,2,1,0,306,114,0.6536
2026-07-06,179,슬랙스,ITEM,3,3,1,0,204,85,1.4706
2026-07-07,179,슬랙스,ITEM,1,1,1,0,203,85,0.4926
2026-07-09,179,슬랙스,ITEM,1,1,1,1,161,62,0.6211
2026-07-10,179,슬랙스,ITEM,2,2,2,1,249,60,0.8032
2026-07-12,179,슬랙스,ITEM,6,6,4,3,314,141,1.9108
2026-07-13,179,슬랙스,ITEM,7,7,6,1,382,151,1.8325
2026-07-15,179,슬랙스,ITEM,2,2,2,1,265,87,0.7547
2026-07-17,179,슬랙스,ITEM,1,1,1,1,332,101,0.3012
2026-07-18,179,슬랙스,ITEM,1,1,1,0,429,155,0.2331
2026-07-19,179,슬랙스,ITEM,2,2,2,1,670,210,0.2985
2026-07-20,179,슬랙스,ITEM,1,1,1,0,386,140,0.2591
2026-07-22,179,슬랙스,ITEM,4,4,4,0,244,112,1.6393
2026-07-23,179,슬랙스,ITEM,3,3,3,1,243,86,1.2346
2026-07-26,179,슬랙스,ITEM,4,4,2,1,338,132,1.1834
2026-07-27,179,슬랙스,ITEM,1,1,1,0,392,161,0.2551
2026-07-29,179,슬랙스,ITEM,3,3,2,2,238,113,1.2605
2026-07-31,179,슬랙스,ITEM,3,3,3,1,204,84,1.4706
2026-08-02,179,슬랙스,ITEM,5,5,2,1,250,101,2.0
2026-08-03,179,슬랙스,ITEM,3,3,3,0,257,111,1.1673
2026-08-04,179,슬랙스,ITEM,3,3,2,1,225,88,1.3333
2026-08-06,179,슬랙스,ITEM,1,1,1,0,284,112,0.3521
2026-08-07,179,슬랙스,ITEM,2,2,1,0,151,70,1.3245
2026-08-08,179,슬랙스,ITEM,1,1,1,0,143,57,0.6993
2026-08-09,179,슬랙스,ITEM,5,5,4,2,265,116,1.8868
2026-08-10,179,슬랙스,ITEM,3,3,3,0,244,105,1.2295
2026-08-11,179,슬랙스,ITEM,6,6,4,2,383,116,1.5666
2026-08-12,179,슬랙스,ITEM,3,3,3,0,194,92,1.5464
2026-08-13,179,슬랙스,ITEM,1,1,1,1,223,94,0.4484
2026-08-15,179,슬랙스,ITEM,1,1,1,0,172,83,0.5814
2026-08-16,179,슬랙스,ITEM,1,1,1,1,232,98,0.431
2026-08-17,179,슬랙스,ITEM,1,1,1,1,543,223,0.1842
2026-08-20,179,슬랙스,ITEM,3,3,3,0,236,110,1.2712
2026-08-21,179,슬랙스,ITEM,1,1,1,0,235,105,0.4255
2026-08-22,179,슬랙스,ITEM,1,1,1,0,275,117,0.3636
2026-08-23,179,슬랙스,ITEM,3,3,3,1,472,218,0.6356
2026-08-24,179,슬랙스,ITEM,3,3,3,1,592,293,0.5068
2026-08-25,179,슬랙스,ITEM,3,3,3,0,405,202,0.7407
2026-08-26,179,슬랙스,ITEM,2,2,1,1,424,195,0.4717
2026-08-27,179,슬랙스,ITEM,2,2,2,1,330,161,0.6061
2026-08-28,179,슬랙스,ITEM,1,1,1,1,414,157,0.2415
2026-08-29,179,슬랙스,ITEM,1,1,1,1,316,144,0.3165
2026-08-30,179,슬랙스,ITEM,2,2,2,1,735,303,0.2721
2026-08-31,179,슬랙스,ITEM,2,2,2,0,714,321,0.2801
2026-09-01,179,슬랙스,ITEM,2,2,2,0,601,253,0.3328
2026-09-02,179,슬랙스,ITEM,4,4,4,0,502,221,0.7968
2026-09-03,179,슬랙스,ITEM,2,2,2,1,603,270,0.3317
2026-09-05,179,슬랙스,ITEM,3,3,3,1,563,234,0.5329
2026-09-06,179,슬랙스,ITEM,1,1,1,1,858,363,0.1166
2026-09-07,179,슬랙스,ITEM,2,2,2,1,732,308,0.2732
2026-09-09,179,슬랙스,ITEM,1,1,1,1,170,7,0.5882
2026-01-20,213,슬리퍼,ITEM,2,2,1,0,57,25,3.5088
2026-02-01,213,슬리퍼,ITEM,1,1,1,0,83,43,1.2048
2026-02-19,213,슬리퍼,ITEM,1,1,1,0,25,13,4.0
2026-04-28,213,슬리퍼,ITEM,1,1,1,0,51,26,1.9608
2026-05-03,213,슬리퍼,ITEM,2,2,2,0,150,45,1.3333
2026-05-16,213,슬리퍼,ITEM,1,1,1,0,158,49,0.6329
2026-05-23,213,슬리퍼,ITEM,3,3,2,0,331,93,0.9063
2026-05-27,213,슬리퍼,ITEM,1,1,1,0,222,83,0.4505
2026-06-02,213,슬리퍼,ITEM,3,3,1,1,224,100,1.3393
2026-06-04,213,슬리퍼,ITEM,1,1,1,0,137,74,0.7299
2026-06-10,213,슬리퍼,ITEM,1,1,1,0,345,160,0.2899
2026-06-12,213,슬리퍼,ITEM,1,1,1,0,352,114,0.2841
2026-06-14,213,슬리퍼,ITEM,1,1,1,1,529,186,0.189
2026-06-15,213,슬리퍼,ITEM,1,1,1,0,440,179,0.2273
2026-06-17,213,슬리퍼,ITEM,1,1,1,0,365,130,0.274
2026-06-20,213,슬리퍼,ITEM,2,2,1,0,422,169,0.4739
2026-06-28,213,슬리퍼,ITEM,2,2,1,0,327,109,0.6116
2026-07-12,213,슬리퍼,ITEM,2,2,1,0,314,141,0.6369
2026-07-13,213,슬리퍼,ITEM,1,1,1,0,382,151,0.2618
2026-07-16,213,슬리퍼,ITEM,1,1,1,0,179,58,0.5587
2026-07-17,213,슬리퍼,ITEM,1,1,1,0,332,101,0.3012
2026-07-20,213,슬리퍼,ITEM,1,1,1,1,386,140,0.2591
2026-07-22,213,슬리퍼,ITEM,1,1,1,0,244,112,0.4098
2026-08-02,213,슬리퍼,ITEM,1,1,1,0,250,101,0.4
2026-08-10,213,슬리퍼,ITEM,1,1,1,0,244,105,0.4098
2026-08-11,213,슬리퍼,ITEM,1,1,1,0,383,116,0.2611
2026-08-14,213,슬리퍼,ITEM,1,1,1,0,159,54,0.6289
2025-09-27,610,슬림핏,DETAIL,1,1,1,0,92,35,1.087
2025-09-28,610,슬림핏,DETAIL,1,1,1,0,78,15,1.2821
2025-10-03,610,슬림핏,DETAIL,2,2,1,1,103,20,1.9417
2025-10-04,610,슬림핏,DETAIL,2,2,1,0,84,22,2.381
2025-11-29,610,슬림핏,DETAIL,1,1,1,0,64,24,1.5625
2025-12-08,610,슬림핏,DETAIL,1,1,1,0,42,28,2.381
2025-12-27,610,슬림핏,DETAIL,1,1,1,0,32,21,3.125
2026-01-16,610,슬림핏,DETAIL,2,2,1,1,108,22,1.8519
2026-02-04,610,슬림핏,DETAIL,1,1,1,0,9,6,11.1111
2026-02-12,610,슬림핏,DETAIL,1,1,1,0,24,12,4.1667
2026-03-06,610,슬림핏,DETAIL,1,1,1,1,203,70,0.4926
2026-03-10,610,슬림핏,DETAIL,1,1,1,0,28,22,3.5714
2026-03-13,610,슬림핏,DETAIL,1,1,1,0,26,18,3.8462
2026-03-31,610,슬림핏,DETAIL,1,1,1,0,70,26,1.4286
2026-04-19,610,슬림핏,DETAIL,1,1,1,0,286,115,0.3497
2026-04-23,610,슬림핏,DETAIL,1,1,1,0,116,64,0.8621
2026-04-28,610,슬림핏,DETAIL,1,1,1,0,51,26,1.9608
2026-05-11,610,슬림핏,DETAIL,1,1,1,0,111,47,0.9009
2026-05-14,610,슬림핏,DETAIL,1,1,1,1,271,108,0.369
2026-05-16,610,슬림핏,DETAIL,1,1,1,1,158,49,0.6329
2026-05-23,610,슬림핏,DETAIL,1,1,1,0,331,93,0.3021
2026-05-31,610,슬림핏,DETAIL,1,1,1,1,354,109,0.2825
2026-06-04,610,슬림핏,DETAIL,1,1,1,1,137,74,0.7299
2026-06-06,610,슬림핏,DETAIL,1,1,1,1,336,108,0.2976
2026-06-10,610,슬림핏,DETAIL,1,1,1,1,345,160,0.2899
2026-06-15,610,슬림핏,DETAIL,2,2,2,1,440,179,0.4545
2026-06-19,610,슬림핏,DETAIL,2,2,2,1,510,170,0.3922
2026-06-20,610,슬림핏,DETAIL,1,1,1,1,422,169,0.237
2026-06-21,610,슬림핏,DETAIL,1,1,1,0,550,205,0.1818
2026-06-22,610,슬림핏,DETAIL,1,1,1,0,455,179,0.2198
2026-06-24,610,슬림핏,DETAIL,1,1,1,1,369,145,0.271
2026-06-25,610,슬림핏,DETAIL,1,1,1,0,162,75,0.6173
2026-06-26,610,슬림핏,DETAIL,1,1,1,0,247,81,0.4049
2026-07-01,610,슬림핏,DETAIL,2,2,1,0,261,93,0.7663
2026-07-07,610,슬림핏,DETAIL,2,2,2,2,203,85,0.9852
2026-07-08,610,슬림핏,DETAIL,1,1,1,0,112,58,0.8929
2026-07-10,610,슬림핏,DETAIL,2,2,2,1,249,60,0.8032
2026-07-12,610,슬림핏,DETAIL,1,1,1,0,314,141,0.3185
2026-07-17,610,슬림핏,DETAIL,2,2,2,1,332,101,0.6024
2026-07-18,610,슬림핏,DETAIL,1,1,1,0,429,155,0.2331
2026-07-20,610,슬림핏,DETAIL,1,1,1,1,386,140,0.2591
2026-07-25,610,슬림핏,DETAIL,3,3,2,1,245,115,1.2245
2026-07-26,610,슬림핏,DETAIL,3,3,3,2,338,132,0.8876
2026-07-27,610,슬림핏,DETAIL,1,1,1,0,392,161,0.2551
2026-07-28,610,슬림핏,DETAIL,4,4,1,1,262,125,1.5267
2026-07-29,610,슬림핏,DETAIL,1,1,1,0,238,113,0.4202
2026-07-31,610,슬림핏,DETAIL,1,1,1,1,204,84,0.4902
2026-08-01,610,슬림핏,DETAIL,1,1,1,1,277,115,0.361
2026-08-02,610,슬림핏,DETAIL,2,2,1,0,250,101,0.8
2026-08-03,610,슬림핏,DETAIL,1,1,1,0,257,111,0.3891
2026-08-04,610,슬림핏,DETAIL,1,1,1,0,225,88,0.4444
2026-08-08,610,슬림핏,DETAIL,1,1,1,1,143,57,0.6993
2026-08-09,610,슬림핏,DETAIL,1,1,1,0,265,116,0.3774
2026-08-11,610,슬림핏,DETAIL,1,1,1,1,383,116,0.2611
2026-08-12,610,슬림핏,DETAIL,1,1,1,1,194,92,0.5155
2026-08-19,610,슬림핏,DETAIL,1,1,1,0,219,95,0.4566
2026-08-21,610,슬림핏,DETAIL,1,1,1,1,235,105,0.4255
2026-08-22,610,슬림핏,DETAIL,2,2,2,2,275,117,0.7273
2026-08-23,610,슬림핏,DETAIL,4,4,4,1,472,218,0.8475
2026-08-24,610,슬림핏,DETAIL,3,3,2,0,592,293,0.5068
2026-08-25,610,슬림핏,DETAIL,2,2,2,0,405,202,0.4938
2026-08-26,610,슬림핏,DETAIL,1,1,1,0,424,195,0.2358
2026-08-28,610,슬림핏,DETAIL,3,3,3,0,414,157,0.7246
2026-08-29,610,슬림핏,DETAIL,3,3,3,1,316,144,0.9494
2026-08-30,610,슬림핏,DETAIL,7,7,5,2,735,303,0.9524
2026-08-31,610,슬림핏,DETAIL,4,4,2,0,714,321,0.5602
2026-09-01,610,슬림핏,DETAIL,1,1,1,0,601,253,0.1664
2026-09-02,610,슬림핏,DETAIL,1,1,1,0,502,221,0.1992
2026-09-03,610,슬림핏,DETAIL,2,2,1,0,603,270,0.3317
2026-09-04,610,슬림핏,DETAIL,2,2,2,0,482,221,0.4149
2026-09-05,610,슬림핏,DETAIL,5,5,2,1,563,234,0.8881
2026-09-06,610,슬림핏,DETAIL,4,4,2,1,858,363,0.4662
2026-09-07,610,슬림핏,DETAIL,2,2,1,0,732,308,0.2732
2026-09-08,610,슬림핏,DETAIL,2,2,2,1,248,112,0.8065
2026-09-09,610,슬림핏,DETAIL,1,1,1,1,170,7,0.5882
2026-02-28,630,슬립온,DETAIL,2,2,1,0,87,47,2.2989
2026-06-23,630,슬립온,DETAIL,1,1,1,1,401,171,0.2494
2026-06-24,630,슬립온,DETAIL,1,1,1,1,369,145,0.271
2026-07-06,630,슬립온,DETAIL,1,1,1,0,204,85,0.4902
2026-02-19,214,슬링백,ITEM,1,1,1,1,25,13,4.0
2026-02-21,214,슬링백,ITEM,1,1,1,0,32,19,3.125
2026-04-18,214,슬링백,ITEM,2,2,1,1,168,63,1.1905
2026-04-19,214,슬링백,ITEM,2,2,1,0,286,115,0.6993
2026-06-08,214,슬링백,ITEM,1,1,1,1,380,152,0.2632
2026-06-28,214,슬링백,ITEM,1,1,1,1,327,109,0.3058
2026-07-20,214,슬링백,ITEM,1,1,1,1,386,140,0.2591
2026-07-30,214,슬링백,ITEM,1,1,1,1,249,101,0.4016
2026-08-11,214,슬링백,ITEM,1,1,1,1,383,116,0.2611
2025-10-12,791,시스루,DETAIL,1,1,1,1,76,22,1.3158
2026-01-03,791,시스루,DETAIL,1,1,1,0,71,37,1.4085
2026-01-19,791,시스루,DETAIL,2,2,1,0,57,27,3.5088
2026-02-12,791,시스루,DETAIL,1,1,1,1,24,12,4.1667
2026-02-20,791,시스루,DETAIL,1,1,1,1,152,39,0.6579
2026-02-27,791,시스루,DETAIL,3,3,2,1,156,44,1.9231
2026-02-28,791,시스루,DETAIL,1,1,1,0,87,47,1.1494
2026-03-01,791,시스루,DETAIL,2,2,1,0,144,46,1.3889
2026-03-04,791,시스루,DETAIL,2,2,1,1,159,65,1.2579
2026-03-20,791,시스루,DETAIL,1,1,1,1,44,13,2.2727
2026-03-26,791,시스루,DETAIL,1,1,1,0,154,65,0.6494
2026-04-02,791,시스루,DETAIL,1,1,1,0,103,44,0.9709
2026-04-11,791,시스루,DETAIL,1,1,1,0,80,37,1.25
2026-04-19,791,시스루,DETAIL,1,1,1,1,286,115,0.3497
2026-04-20,791,시스루,DETAIL,3,3,2,1,238,90,1.2605
2026-04-25,791,시스루,DETAIL,1,1,1,0,52,20,1.9231
2026-05-01,791,시스루,DETAIL,1,1,1,1,82,24,1.2195
2026-05-03,791,시스루,DETAIL,1,1,1,0,150,45,0.6667
2026-05-12,791,시스루,DETAIL,1,1,1,0,134,52,0.7463
2026-05-14,791,시스루,DETAIL,1,1,1,0,271,108,0.369
2026-05-15,791,시스루,DETAIL,2,2,1,0,177,75,1.1299
2026-05-16,791,시스루,DETAIL,1,1,1,0,158,49,0.6329
2026-05-17,791,시스루,DETAIL,1,1,1,0,166,82,0.6024
2026-05-18,791,시스루,DETAIL,1,1,1,0,146,74,0.6849
2026-05-21,791,시스루,DETAIL,3,3,1,1,270,85,1.1111
2026-05-22,791,시스루,DETAIL,1,1,1,1,227,77,0.4405
2026-05-24,791,시스루,DETAIL,4,4,3,1,297,121,1.3468
2026-05-25,791,시스루,DETAIL,3,3,2,0,400,155,0.75
2026-05-26,791,시스루,DETAIL,1,1,1,0,189,90,0.5291
2026-05-27,791,시스루,DETAIL,1,1,1,0,222,83,0.4505
2026-05-28,791,시스루,DETAIL,1,1,1,0,228,103,0.4386
2026-05-29,791,시스루,DETAIL,3,3,2,1,188,59,1.5957
2026-05-30,791,시스루,DETAIL,3,3,3,1,234,83,1.2821
2026-05-31,791,시스루,DETAIL,1,1,1,1,354,109,0.2825
2026-06-01,791,시스루,DETAIL,1,1,1,0,360,160,0.2778
2026-06-02,791,시스루,DETAIL,2,2,2,0,224,100,0.8929
2026-06-05,791,시스루,DETAIL,1,1,1,0,183,55,0.5464
2026-06-06,791,시스루,DETAIL,2,2,2,1,336,108,0.5952
2026-06-07,791,시스루,DETAIL,2,2,2,0,322,152,0.6211
2026-06-08,791,시스루,DETAIL,5,5,3,2,380,152,1.3158
2026-06-09,791,시스루,DETAIL,2,2,2,1,247,108,0.8097
2026-06-11,791,시스루,DETAIL,1,1,1,0,239,114,0.4184
2026-06-13,791,시스루,DETAIL,1,1,1,0,267,107,0.3745
2026-06-14,791,시스루,DETAIL,1,1,1,0,529,186,0.189
2026-06-15,791,시스루,DETAIL,5,5,3,1,440,179,1.1364
2026-06-16,791,시스루,DETAIL,3,3,2,1,465,184,0.6452
2026-06-17,791,시스루,DETAIL,2,2,2,0,365,130,0.5479
2026-06-18,791,시스루,DETAIL,1,1,1,1,286,139,0.3497
2026-06-19,791,시스루,DETAIL,1,1,1,0,510,170,0.1961
2026-06-20,791,시스루,DETAIL,1,1,1,0,422,169,0.237
2026-06-21,791,시스루,DETAIL,2,2,2,2,550,205,0.3636
2026-06-24,791,시스루,DETAIL,1,1,1,1,369,145,0.271
2026-06-29,791,시스루,DETAIL,1,1,1,0,182,100,0.5495
2026-06-30,791,시스루,DETAIL,1,1,1,1,156,56,0.641
2026-07-04,791,시스루,DETAIL,1,1,1,1,306,114,0.3268
2026-07-05,791,시스루,DETAIL,2,2,1,1,295,122,0.678
2026-07-09,791,시스루,DETAIL,2,2,2,1,161,62,1.2422
2026-07-10,791,시스루,DETAIL,3,3,2,1,249,60,1.2048
2026-07-11,791,시스루,DETAIL,3,3,3,1,174,63,1.7241
2026-07-12,791,시스루,DETAIL,1,1,1,0,314,141,0.3185
2026-07-13,791,시스루,DETAIL,5,5,2,2,382,151,1.3089
2026-07-14,791,시스루,DETAIL,7,7,2,1,267,89,2.6217
2026-07-15,791,시스루,DETAIL,2,2,2,1,265,87,0.7547
2026-07-17,791,시스루,DETAIL,3,3,2,1,332,101,0.9036
2026-07-18,791,시스루,DETAIL,1,1,1,0,429,155,0.2331
2026-07-19,791,시스루,DETAIL,5,5,3,1,670,210,0.7463
2026-07-20,791,시스루,DETAIL,2,2,2,0,386,140,0.5181
2026-07-21,791,시스루,DETAIL,1,1,1,0,284,141,0.3521
2026-07-22,791,시스루,DETAIL,1,1,1,1,244,112,0.4098
2026-07-27,791,시스루,DETAIL,2,2,1,1,392,161,0.5102
2026-07-30,791,시스루,DETAIL,1,1,1,1,249,101,0.4016
2026-07-31,791,시스루,DETAIL,1,1,1,1,204,84,0.4902
2026-08-01,791,시스루,DETAIL,4,4,1,0,277,115,1.444
2026-08-03,791,시스루,DETAIL,3,3,3,1,257,111,1.1673
2026-08-05,791,시스루,DETAIL,1,1,1,0,302,135,0.3311
2026-08-06,791,시스루,DETAIL,2,2,2,1,284,112,0.7042
2026-08-07,791,시스루,DETAIL,3,3,1,0,151,70,1.9868
2026-08-09,791,시스루,DETAIL,1,1,1,1,265,116,0.3774
2026-08-11,791,시스루,DETAIL,2,2,1,1,383,116,0.5222
2026-08-12,791,시스루,DETAIL,3,3,3,1,194,92,1.5464
2026-08-14,791,시스루,DETAIL,1,1,1,1,159,54,0.6289
2026-08-18,791,시스루,DETAIL,1,1,1,0,303,163,0.33
2026-08-24,791,시스루,DETAIL,1,1,1,0,592,293,0.1689
2026-08-25,791,시스루,DETAIL,1,1,1,0,405,202,0.2469
2026-08-28,791,시스루,DETAIL,1,1,1,1,414,157,0.2415
2026-09-03,791,시스루,DETAIL,3,3,2,2,603,270,0.4975
2026-09-04,791,시스루,DETAIL,1,1,1,0,482,221,0.2075
2026-09-05,791,시스루,DETAIL,1,1,1,1,563,234,0.1776
2025-09-15,679,아가일,DETAIL,3,3,1,0,110,52,2.7273
2025-09-16,679,아가일,DETAIL,2,2,1,0,108,47,1.8519
2025-09-23,679,아가일,DETAIL,1,1,1,0,14,5,7.1429
2025-12-07,679,아가일,DETAIL,1,1,1,1,120,49,0.8333
2026-01-11,679,아가일,DETAIL,1,1,1,0,29,17,3.4483
2026-01-16,679,아가일,DETAIL,2,2,1,1,108,22,1.8519
2026-01-25,679,아가일,DETAIL,1,1,1,0,20,15,5.0
2026-03-05,679,아가일,DETAIL,1,1,1,1,64,22,1.5625
2026-03-07,679,아가일,DETAIL,1,1,1,0,82,41,1.2195
2026-03-14,679,아가일,DETAIL,2,2,1,0,37,12,5.4054
2026-08-11,679,아가일,DETAIL,1,1,1,1,383,116,0.2611
2026-09-03,679,아가일,DETAIL,1,1,1,1,603,270,0.1658
2025-11-29,155,아노락,ITEM,1,1,1,0,64,24,1.5625
2026-01-20,155,아노락,ITEM,1,1,1,0,57,25,1.7544
2026-07-16,155,아노락,ITEM,1,1,1,1,179,58,0.5587
2026-08-31,155,아노락,ITEM,1,1,1,0,714,321,0.1401
2026-09-02,155,아노락,ITEM,1,1,1,1,502,221,0.1992
2026-05-17,563,아크릴,MATERIAL,1,1,1,1,166,82,0.6024
2026-07-06,563,아크릴,MATERIAL,1,1,1,1,204,85,0.4902
2026-07-17,563,아크릴,MATERIAL,1,1,1,0,332,101,0.3012
2025-10-31,596,알파카,MATERIAL,2,2,1,1,66,25,3.0303
2025-11-01,596,알파카,MATERIAL,2,2,1,0,41,19,4.878
2025-11-02,596,알파카,MATERIAL,2,2,1,0,86,23,2.3256
2025-11-07,596,알파카,MATERIAL,1,1,1,1,95,32,1.0526
2025-11-14,596,알파카,MATERIAL,1,1,1,1,73,20,1.3699
2025-11-15,596,알파카,MATERIAL,1,1,1,0,72,28,1.3889
2025-11-19,596,알파카,MATERIAL,13,13,1,1,165,47,7.8788
2025-11-20,596,알파카,MATERIAL,6,6,2,0,172,49,3.4884
2025-11-21,596,알파카,MATERIAL,4,4,3,1,127,48,3.1496
2025-11-22,596,알파카,MATERIAL,2,2,1,0,75,36,2.6667
2025-11-23,596,알파카,MATERIAL,3,3,1,0,92,33,3.2609
2025-11-26,596,알파카,MATERIAL,1,1,1,0,29,14,3.4483
2025-11-27,596,알파카,MATERIAL,1,1,1,0,35,15,2.8571
2025-11-28,596,알파카,MATERIAL,3,3,1,1,80,32,3.75
2025-11-30,596,알파카,MATERIAL,2,2,1,0,72,27,2.7778
2025-12-03,596,알파카,MATERIAL,2,2,1,0,93,52,2.1505
2025-12-04,596,알파카,MATERIAL,1,1,1,0,67,41,1.4925
2025-12-11,596,알파카,MATERIAL,1,1,1,0,33,17,3.0303
2025-12-21,596,알파카,MATERIAL,1,1,1,1,92,38,1.087
2025-12-26,596,알파카,MATERIAL,1,1,1,1,41,17,2.439
2026-01-02,596,알파카,MATERIAL,1,1,1,1,103,31,0.9709
2026-01-11,596,알파카,MATERIAL,1,1,1,0,29,17,3.4483
2026-07-22,596,알파카,MATERIAL,1,1,1,1,244,112,0.4098
2025-10-03,597,앙고라,MATERIAL,1,1,1,1,103,20,0.9709
2025-10-05,597,앙고라,MATERIAL,1,1,1,0,53,14,1.8868
2026-01-16,597,앙고라,MATERIAL,2,2,1,1,108,22,1.8519
2026-08-25,597,앙고라,MATERIAL,2,2,1,0,405,202,0.4938
2026-09-06,597,앙고라,MATERIAL,1,1,1,1,858,363,0.1166
2025-11-28,561,에코퍼,MATERIAL,1,1,1,1,80,32,1.25
2025-12-04,561,에코퍼,MATERIAL,1,1,1,0,67,41,1.4925
2026-01-29,561,에코퍼,MATERIAL,2,2,1,1,60,12,3.3333
2026-01-30,561,에코퍼,MATERIAL,1,1,1,0,30,17,3.3333
2026-08-25,561,에코퍼,MATERIAL,1,1,1,1,405,202,0.2469
2026-08-26,561,에코퍼,MATERIAL,1,1,1,0,424,195,0.2358
2026-09-04,561,에코퍼,MATERIAL,1,1,1,0,482,221,0.2075
2025-09-06,530,여행지,TPO,1,1,1,0,103,33,0.9709
2025-09-14,530,여행지,TPO,1,1,1,1,52,13,1.9231
2025-09-26,530,여행지,TPO,1,1,1,0,76,18,1.3158
2025-10-11,530,여행지,TPO,2,2,1,0,50,26,4.0
2025-11-09,530,여행지,TPO,1,1,1,0,76,21,1.3158
2025-11-11,530,여행지,TPO,1,1,1,0,21,8,4.7619
2025-11-15,530,여행지,TPO,1,1,1,0,72,28,1.3889
2025-11-21,530,여행지,TPO,1,1,1,0,127,48,0.7874
2025-11-23,530,여행지,TPO,1,1,1,0,92,33,1.087
2025-12-10,530,여행지,TPO,1,1,1,0,17,11,5.8824
2025-12-20,530,여행지,TPO,1,1,1,0,56,39,1.7857
2026-01-09,530,여행지,TPO,2,2,1,1,48,18,4.1667
2026-01-23,530,여행지,TPO,1,1,1,1,61,26,1.6393
2026-01-28,530,여행지,TPO,1,1,1,0,29,13,3.4483
2026-01-29,530,여행지,TPO,1,1,1,1,60,12,1.6667
2026-03-31,530,여행지,TPO,1,1,1,0,70,26,1.4286
2026-04-02,530,여행지,TPO,2,2,1,0,103,44,1.9417
2026-04-11,530,여행지,TPO,1,1,1,0,80,37,1.25
2026-04-27,530,여행지,TPO,1,1,1,0,175,75,0.5714
2026-04-28,530,여행지,TPO,1,1,1,0,51,26,1.9608
2026-05-01,530,여행지,TPO,2,2,1,1,82,24,2.439
2026-05-23,530,여행지,TPO,2,2,1,1,331,93,0.6042
2026-05-24,530,여행지,TPO,2,2,2,1,297,121,0.6734
2026-05-25,530,여행지,TPO,1,1,1,0,400,155,0.25
2026-05-28,530,여행지,TPO,1,1,1,0,228,103,0.4386
2026-05-31,530,여행지,TPO,1,1,1,1,354,109,0.2825
2026-06-04,530,여행지,TPO,1,1,1,1,137,74,0.7299
2026-06-05,530,여행지,TPO,1,1,1,1,183,55,0.5464
2026-06-06,530,여행지,TPO,1,1,1,1,336,108,0.2976
2026-06-08,530,여행지,TPO,1,1,1,0,380,152,0.2632
2026-06-09,530,여행지,TPO,6,6,3,2,247,108,2.4291
2026-06-10,530,여행지,TPO,2,2,2,1,345,160,0.5797
2026-06-12,530,여행지,TPO,3,3,2,2,352,114,0.8523
2026-06-13,530,여행지,TPO,2,2,2,1,267,107,0.7491
2026-06-14,530,여행지,TPO,1,1,1,0,529,186,0.189
2026-06-15,530,여행지,TPO,1,1,1,0,440,179,0.2273
2026-06-16,530,여행지,TPO,2,2,2,2,465,184,0.4301
2026-06-19,530,여행지,TPO,4,4,2,1,510,170,0.7843
2026-06-20,530,여행지,TPO,1,1,1,1,422,169,0.237
2026-06-23,530,여행지,TPO,2,2,2,1,401,171,0.4988
2026-06-24,530,여행지,TPO,1,1,1,1,369,145,0.271
2026-06-26,530,여행지,TPO,2,2,2,2,247,81,0.8097
2026-06-28,530,여행지,TPO,1,1,1,1,327,109,0.3058
2026-07-03,530,여행지,TPO,4,4,1,1,154,63,2.5974
2026-07-04,530,여행지,TPO,1,1,1,0,306,114,0.3268
2026-07-05,530,여행지,TPO,2,2,1,0,295,122,0.678
2026-07-06,530,여행지,TPO,2,2,2,1,204,85,0.9804
2026-07-07,530,여행지,TPO,1,1,1,0,203,85,0.4926
2026-07-08,530,여행지,TPO,1,1,1,0,112,58,0.8929
2026-07-09,530,여행지,TPO,2,2,1,0,161,62,1.2422
2026-07-11,530,여행지,TPO,2,2,2,1,174,63,1.1494
2026-07-12,530,여행지,TPO,1,1,1,1,314,141,0.3185
2026-07-15,530,여행지,TPO,1,1,1,1,265,87,0.3774
2026-07-16,530,여행지,TPO,1,1,1,1,179,58,0.5587
2026-07-17,530,여행지,TPO,6,6,4,3,332,101,1.8072
2026-07-18,530,여행지,TPO,5,5,3,1,429,155,1.1655
2026-07-19,530,여행지,TPO,4,4,3,0,670,210,0.597
2026-07-20,530,여행지,TPO,2,2,2,1,386,140,0.5181
2026-07-22,530,여행지,TPO,1,1,1,1,244,112,0.4098
2026-07-23,530,여행지,TPO,2,2,2,2,243,86,0.823
2026-07-24,530,여행지,TPO,1,1,1,1,233,80,0.4292
2026-07-26,530,여행지,TPO,1,1,1,1,338,132,0.2959
2026-07-27,530,여행지,TPO,4,4,3,3,392,161,1.0204
2026-07-28,530,여행지,TPO,4,4,2,0,262,125,1.5267
2026-07-29,530,여행지,TPO,2,2,2,0,238,113,0.8403
2026-07-31,530,여행지,TPO,1,1,1,0,204,84,0.4902
2026-08-01,530,여행지,TPO,1,1,1,0,277,115,0.361
2026-08-02,530,여행지,TPO,1,1,1,1,250,101,0.4
2026-08-03,530,여행지,TPO,3,3,3,1,257,111,1.1673
2026-08-06,530,여행지,TPO,1,1,1,1,284,112,0.3521
2026-08-07,530,여행지,TPO,1,1,1,0,151,70,0.6623
2026-08-11,530,여행지,TPO,1,1,1,1,383,116,0.2611
2026-08-12,530,여행지,TPO,1,1,1,0,194,92,0.5155
2026-08-13,530,여행지,TPO,1,1,1,1,223,94,0.4484
2026-08-16,530,여행지,TPO,1,1,1,1,232,98,0.431
2026-08-18,530,여행지,TPO,1,1,1,0,303,163,0.33
2026-08-19,530,여행지,TPO,1,1,1,0,219,95,0.4566
2026-08-24,530,여행지,TPO,1,1,1,0,592,293,0.1689
2026-08-29,530,여행지,TPO,1,1,1,0,316,144,0.3165
2026-08-30,530,여행지,TPO,1,1,1,0,735,303,0.1361
2026-09-01,530,여행지,TPO,1,1,1,1,601,253,0.1664
2026-09-03,530,여행지,TPO,2,2,1,0,603,270,0.3317
2026-09-06,530,여행지,TPO,2,2,1,0,858,363,0.2331
2026-08-05,531,영화관,TPO,1,1,1,1,302,135,0.3311
2025-09-28,455,옐로우,COLOR,1,1,1,1,78,15,1.2821
2025-09-29,455,옐로우,COLOR,1,1,1,0,5,4,20.0
2026-01-20,455,옐로우,COLOR,1,1,1,1,57,25,1.7544
2026-03-06,455,옐로우,COLOR,2,2,1,0,203,70,0.9852
2026-03-15,455,옐로우,COLOR,1,1,1,0,87,29,1.1494
2026-03-16,455,옐로우,COLOR,1,1,1,0,83,23,1.2048
2026-03-17,455,옐로우,COLOR,3,3,1,0,76,20,3.9474
2026-03-19,455,옐로우,COLOR,1,1,1,0,89,60,1.1236
2026-03-22,455,옐로우,COLOR,1,1,1,0,158,62,0.6329
2026-04-06,455,옐로우,COLOR,1,1,1,0,39,22,2.5641
2026-04-18,455,옐로우,COLOR,2,2,1,1,168,63,1.1905
2026-04-21,455,옐로우,COLOR,1,1,1,0,58,30,1.7241
2026-05-17,455,옐로우,COLOR,1,1,1,0,166,82,0.6024
2026-05-21,455,옐로우,COLOR,1,1,1,0,270,85,0.3704
2026-05-22,455,옐로우,COLOR,1,1,1,1,227,77,0.4405
2026-05-23,455,옐로우,COLOR,2,2,1,1,331,93,0.6042
2026-05-28,455,옐로우,COLOR,2,2,1,0,228,103,0.8772
2026-05-29,455,옐로우,COLOR,2,2,2,1,188,59,1.0638
2026-06-04,455,옐로우,COLOR,1,1,1,0,137,74,0.7299
2026-06-05,455,옐로우,COLOR,1,1,1,0,183,55,0.5464
2026-06-06,455,옐로우,COLOR,1,1,1,0,336,108,0.2976
2026-06-08,455,옐로우,COLOR,2,2,2,1,380,152,0.5263
2026-06-09,455,옐로우,COLOR,1,1,1,0,247,108,0.4049
2026-06-13,455,옐로우,COLOR,1,1,1,1,267,107,0.3745
2026-06-14,455,옐로우,COLOR,1,1,1,0,529,186,0.189
2026-06-16,455,옐로우,COLOR,3,3,1,0,465,184,0.6452
2026-06-17,455,옐로우,COLOR,1,1,1,1,365,130,0.274
2026-06-18,455,옐로우,COLOR,1,1,1,0,286,139,0.3497
2026-06-19,455,옐로우,COLOR,3,3,2,1,510,170,0.5882
2026-06-20,455,옐로우,COLOR,1,1,1,0,422,169,0.237
2026-06-21,455,옐로우,COLOR,1,1,1,1,550,205,0.1818
2026-06-23,455,옐로우,COLOR,1,1,1,1,401,171,0.2494
2026-07-03,455,옐로우,COLOR,1,1,1,0,154,63,0.6494
2026-07-17,455,옐로우,COLOR,1,1,1,0,332,101,0.3012
2026-07-20,455,옐로우,COLOR,1,1,1,0,386,140,0.2591
2026-07-21,455,옐로우,COLOR,2,2,1,0,284,141,0.7042
2026-07-26,455,옐로우,COLOR,3,3,2,1,338,132,0.8876
2026-07-28,455,옐로우,COLOR,1,1,1,0,262,125,0.3817
2026-07-29,455,옐로우,COLOR,2,2,1,0,238,113,0.8403
2026-07-30,455,옐로우,COLOR,1,1,1,1,249,101,0.4016
2026-08-01,455,옐로우,COLOR,1,1,1,1,277,115,0.361
2026-08-03,455,옐로우,COLOR,1,1,1,1,257,111,0.3891
2026-08-04,455,옐로우,COLOR,1,1,1,0,225,88,0.4444
2026-08-06,455,옐로우,COLOR,1,1,1,0,284,112,0.3521
2026-08-08,455,옐로우,COLOR,1,1,1,0,143,57,0.6993
2026-08-09,455,옐로우,COLOR,1,1,1,1,265,116,0.3774
2026-08-11,455,옐로우,COLOR,1,1,1,1,383,116,0.2611
2026-08-12,455,옐로우,COLOR,1,1,1,1,194,92,0.5155
2026-08-17,455,옐로우,COLOR,2,2,2,0,543,223,0.3683
2026-08-18,455,옐로우,COLOR,1,1,1,0,303,163,0.33
2026-08-22,455,옐로우,COLOR,1,1,1,0,275,117,0.3636
2026-08-27,455,옐로우,COLOR,1,1,1,0,330,161,0.303
2026-08-31,455,옐로우,COLOR,2,2,2,0,714,321,0.2801
2026-09-01,455,옐로우,COLOR,1,1,1,1,601,253,0.1664
2026-09-02,455,옐로우,COLOR,1,1,1,0,502,221,0.1992
2026-09-08,455,옐로우,COLOR,1,1,1,0,248,112,0.4032
2025-12-02,456,오렌지,COLOR,1,1,1,0,123,66,0.813
2025-12-04,456,오렌지,COLOR,2,2,1,0,67,41,2.9851
2025-12-06,456,오렌지,COLOR,3,3,2,0,91,53,3.2967
2025-12-07,456,오렌지,COLOR,2,2,2,0,120,49,1.6667
2026-02-14,456,오렌지,COLOR,1,1,1,0,26,21,3.8462
2026-05-14,456,오렌지,COLOR,1,1,1,0,271,108,0.369
2026-05-19,456,오렌지,COLOR,2,2,1,0,39,23,5.1282
2026-06-08,456,오렌지,COLOR,1,1,1,0,380,152,0.2632
2026-06-24,456,오렌지,COLOR,1,1,1,1,369,145,0.271
2026-07-04,456,오렌지,COLOR,1,1,1,1,306,114,0.3268
2026-07-06,456,오렌지,COLOR,1,1,1,1,204,85,0.4902
2026-07-10,456,오렌지,COLOR,1,1,1,0,249,60,0.4016
2026-08-17,456,오렌지,COLOR,1,1,1,0,543,223,0.1842
2026-08-21,456,오렌지,COLOR,1,1,1,0,235,105,0.4255
2026-08-28,456,오렌지,COLOR,1,1,1,0,414,157,0.2415
2025-09-28,189,오버올,ITEM,1,1,1,1,78,15,1.2821
2025-11-12,189,오버올,ITEM,1,1,1,1,33,12,3.0303
2026-05-06,189,오버올,ITEM,1,1,1,1,95,40,1.0526
2026-05-15,189,오버올,ITEM,1,1,1,0,177,75,0.565
2026-06-06,189,오버올,ITEM,1,1,1,1,336,108,0.2976
2026-06-27,189,오버올,ITEM,1,1,1,0,214,76,0.4673
2026-09-03,189,오버올,ITEM,1,1,1,0,603,270,0.1658
2025-09-07,619,오버핏,DETAIL,1,1,1,0,29,8,3.4483
2025-09-15,619,오버핏,DETAIL,2,2,1,0,110,52,1.8182
2025-09-19,619,오버핏,DETAIL,1,1,1,1,106,25,0.9434
2025-09-20,619,오버핏,DETAIL,2,2,1,0,96,34,2.0833
2025-09-24,619,오버핏,DETAIL,1,1,1,0,43,14,2.3256
2025-09-27,619,오버핏,DETAIL,1,1,1,0,92,35,1.087
2025-09-28,619,오버핏,DETAIL,1,1,1,1,78,15,1.2821
2025-10-10,619,오버핏,DETAIL,1,1,1,1,80,23,1.25
2025-10-24,619,오버핏,DETAIL,1,1,1,1,96,19,1.0417
2025-10-26,619,오버핏,DETAIL,1,1,1,1,63,15,1.5873
2025-10-27,619,오버핏,DETAIL,1,1,1,0,24,12,4.1667
2025-10-31,619,오버핏,DETAIL,1,1,1,0,66,25,1.5152
2025-11-01,619,오버핏,DETAIL,1,1,1,0,41,19,2.439
2025-11-03,619,오버핏,DETAIL,3,3,1,0,51,15,5.8824
2025-11-06,619,오버핏,DETAIL,2,2,1,0,32,11,6.25
2025-11-07,619,오버핏,DETAIL,1,1,1,1,95,32,1.0526
2025-11-08,619,오버핏,DETAIL,1,1,1,0,74,32,1.3514
2025-11-09,619,오버핏,DETAIL,1,1,1,1,76,21,1.3158
2025-11-15,619,오버핏,DETAIL,1,1,1,0,72,28,1.3889
2025-11-19,619,오버핏,DETAIL,2,2,1,1,165,47,1.2121
2025-11-20,619,오버핏,DETAIL,1,1,1,1,172,49,0.5814
2025-11-21,619,오버핏,DETAIL,2,2,2,1,127,48,1.5748
2025-12-02,619,오버핏,DETAIL,5,5,2,2,123,66,4.065
2025-12-03,619,오버핏,DETAIL,1,1,1,0,93,52,1.0753
2025-12-21,619,오버핏,DETAIL,1,1,1,1,92,38,1.087
2025-12-24,619,오버핏,DETAIL,1,1,1,0,22,11,4.5455
2026-01-16,619,오버핏,DETAIL,3,3,2,2,108,22,2.7778
2026-02-07,619,오버핏,DETAIL,1,1,1,1,115,57,0.8696
2026-02-10,619,오버핏,DETAIL,2,2,1,0,57,40,3.5088
2026-02-15,619,오버핏,DETAIL,1,1,1,0,30,19,3.3333
2026-02-26,619,오버핏,DETAIL,1,1,1,0,56,33,1.7857
2026-02-27,619,오버핏,DETAIL,2,2,1,1,156,44,1.2821
2026-03-03,619,오버핏,DETAIL,2,2,1,0,61,35,3.2787
2026-03-05,619,오버핏,DETAIL,1,1,1,0,64,22,1.5625
2026-03-06,619,오버핏,DETAIL,1,1,1,0,203,70,0.4926
2026-03-13,619,오버핏,DETAIL,1,1,1,0,26,18,3.8462
2026-03-16,619,오버핏,DETAIL,2,2,2,1,83,23,2.4096
2026-03-17,619,오버핏,DETAIL,1,1,1,1,76,20,1.3158
2026-03-18,619,오버핏,DETAIL,1,1,1,0,70,45,1.4286
2026-03-19,619,오버핏,DETAIL,1,1,1,0,89,60,1.1236
2026-03-20,619,오버핏,DETAIL,1,1,1,0,44,13,2.2727
2026-03-21,619,오버핏,DETAIL,1,1,1,1,23,7,4.3478
2026-03-22,619,오버핏,DETAIL,1,1,1,0,158,62,0.6329
2026-03-23,619,오버핏,DETAIL,1,1,1,1,64,38,1.5625
2026-04-05,619,오버핏,DETAIL,1,1,1,1,129,44,0.7752
2026-04-07,619,오버핏,DETAIL,1,1,1,0,24,16,4.1667
2026-04-18,619,오버핏,DETAIL,3,3,1,1,168,63,1.7857
2026-04-22,619,오버핏,DETAIL,1,1,1,0,63,26,1.5873
2026-04-23,619,오버핏,DETAIL,1,1,1,0,116,64,0.8621
2026-04-27,619,오버핏,DETAIL,1,1,1,0,175,75,0.5714
2026-04-30,619,오버핏,DETAIL,1,1,1,1,78,19,1.2821
2026-05-07,619,오버핏,DETAIL,1,1,1,0,60,37,1.6667
2026-05-09,619,오버핏,DETAIL,1,1,1,1,71,29,1.4085
2026-05-11,619,오버핏,DETAIL,1,1,1,0,111,47,0.9009
2026-05-12,619,오버핏,DETAIL,1,1,1,0,134,52,0.7463
2026-05-13,619,오버핏,DETAIL,1,1,1,1,137,56,0.7299
2026-05-14,619,오버핏,DETAIL,1,1,1,1,271,108,0.369
2026-05-16,619,오버핏,DETAIL,1,1,1,1,158,49,0.6329
2026-05-17,619,오버핏,DETAIL,2,2,1,1,166,82,1.2048
2026-05-18,619,오버핏,DETAIL,1,1,1,0,146,74,0.6849
2026-05-22,619,오버핏,DETAIL,1,1,1,0,227,77,0.4405
2026-05-23,619,오버핏,DETAIL,3,3,2,1,331,93,0.9063
2026-05-25,619,오버핏,DETAIL,2,2,2,2,400,155,0.5
2026-05-27,619,오버핏,DETAIL,2,2,1,1,222,83,0.9009
2026-05-28,619,오버핏,DETAIL,2,2,1,1,228,103,0.8772
2026-05-30,619,오버핏,DETAIL,4,4,3,1,234,83,1.7094
2026-05-31,619,오버핏,DETAIL,3,3,2,2,354,109,0.8475
2026-06-01,619,오버핏,DETAIL,4,4,3,1,360,160,1.1111
2026-06-02,619,오버핏,DETAIL,3,3,3,0,224,100,1.3393
2026-06-03,619,오버핏,DETAIL,1,1,1,0,222,94,0.4505
2026-06-04,619,오버핏,DETAIL,3,3,3,0,137,74,2.1898
2026-06-05,619,오버핏,DETAIL,1,1,1,0,183,55,0.5464
2026-06-07,619,오버핏,DETAIL,9,9,1,1,322,152,2.795
2026-06-08,619,오버핏,DETAIL,3,3,3,1,380,152,0.7895
2026-06-09,619,오버핏,DETAIL,2,2,2,1,247,108,0.8097
2026-06-10,619,오버핏,DETAIL,1,1,1,1,345,160,0.2899
2026-06-12,619,오버핏,DETAIL,1,1,1,1,352,114,0.2841
2026-06-13,619,오버핏,DETAIL,1,1,1,0,267,107,0.3745
2026-06-15,619,오버핏,DETAIL,2,2,1,1,440,179,0.4545
2026-06-16,619,오버핏,DETAIL,1,1,1,0,465,184,0.2151
2026-06-17,619,오버핏,DETAIL,1,1,1,1,365,130,0.274
2026-06-18,619,오버핏,DETAIL,2,2,1,1,286,139,0.6993
2026-06-19,619,오버핏,DETAIL,1,1,1,0,510,170,0.1961
2026-06-20,619,오버핏,DETAIL,2,2,2,1,422,169,0.4739
2026-06-21,619,오버핏,DETAIL,2,2,2,2,550,205,0.3636
2026-06-22,619,오버핏,DETAIL,1,1,1,0,455,179,0.2198
2026-06-23,619,오버핏,DETAIL,2,2,2,1,401,171,0.4988
2026-06-24,619,오버핏,DETAIL,3,3,3,1,369,145,0.813
2026-06-25,619,오버핏,DETAIL,1,1,1,1,162,75,0.6173
2026-06-26,619,오버핏,DETAIL,1,1,1,0,247,81,0.4049
2026-06-27,619,오버핏,DETAIL,2,2,2,1,214,76,0.9346
2026-06-28,619,오버핏,DETAIL,1,1,1,1,327,109,0.3058
2026-06-29,619,오버핏,DETAIL,2,2,2,0,182,100,1.0989
2026-06-30,619,오버핏,DETAIL,3,3,2,1,156,56,1.9231
2026-07-02,619,오버핏,DETAIL,1,1,1,0,107,58,0.9346
2026-07-03,619,오버핏,DETAIL,2,2,2,0,154,63,1.2987
2026-07-04,619,오버핏,DETAIL,2,2,2,0,306,114,0.6536
2026-07-05,619,오버핏,DETAIL,2,2,2,2,295,122,0.678
2026-07-06,619,오버핏,DETAIL,1,1,1,0,204,85,0.4902
2026-07-09,619,오버핏,DETAIL,2,2,2,1,161,62,1.2422
2026-07-13,619,오버핏,DETAIL,2,2,2,1,382,151,0.5236
2026-07-14,619,오버핏,DETAIL,1,1,1,1,267,89,0.3745
2026-07-16,619,오버핏,DETAIL,1,1,1,1,179,58,0.5587
2026-07-18,619,오버핏,DETAIL,2,2,2,1,429,155,0.4662
2026-07-19,619,오버핏,DETAIL,2,2,2,1,670,210,0.2985
2026-07-20,619,오버핏,DETAIL,2,2,2,1,386,140,0.5181
2026-07-21,619,오버핏,DETAIL,3,3,3,2,284,141,1.0563
2026-07-22,619,오버핏,DETAIL,1,1,1,1,244,112,0.4098
2026-07-25,619,오버핏,DETAIL,1,1,1,0,245,115,0.4082
2026-07-27,619,오버핏,DETAIL,1,1,1,0,392,161,0.2551
2026-07-28,619,오버핏,DETAIL,2,2,2,1,262,125,0.7634
2026-07-29,619,오버핏,DETAIL,3,3,2,0,238,113,1.2605
2026-07-30,619,오버핏,DETAIL,2,2,1,0,249,101,0.8032
2026-07-31,619,오버핏,DETAIL,1,1,1,1,204,84,0.4902
2026-08-01,619,오버핏,DETAIL,1,1,1,0,277,115,0.361
2026-08-02,619,오버핏,DETAIL,2,2,1,0,250,101,0.8
2026-08-03,619,오버핏,DETAIL,1,1,1,0,257,111,0.3891
2026-08-04,619,오버핏,DETAIL,1,1,1,0,225,88,0.4444
2026-08-05,619,오버핏,DETAIL,2,2,1,1,302,135,0.6623
2026-08-06,619,오버핏,DETAIL,1,1,1,0,284,112,0.3521
2026-08-09,619,오버핏,DETAIL,1,1,1,0,265,116,0.3774
2026-08-12,619,오버핏,DETAIL,3,3,1,1,194,92,1.5464
2026-08-13,619,오버핏,DETAIL,1,1,1,1,223,94,0.4484
2026-08-14,619,오버핏,DETAIL,1,1,1,0,159,54,0.6289
2026-08-16,619,오버핏,DETAIL,1,1,1,1,232,98,0.431
2026-08-17,619,오버핏,DETAIL,3,3,2,1,543,223,0.5525
2026-08-18,619,오버핏,DETAIL,1,1,1,0,303,163,0.33
2026-08-19,619,오버핏,DETAIL,2,2,2,0,219,95,0.9132
2026-08-21,619,오버핏,DETAIL,1,1,1,0,235,105,0.4255
2026-08-22,619,오버핏,DETAIL,6,6,4,3,275,117,2.1818
2026-08-23,619,오버핏,DETAIL,4,4,4,1,472,218,0.8475
2026-08-24,619,오버핏,DETAIL,2,2,2,0,592,293,0.3378
2026-08-25,619,오버핏,DETAIL,8,8,3,0,405,202,1.9753
2026-08-26,619,오버핏,DETAIL,9,9,3,0,424,195,2.1226
2026-08-27,619,오버핏,DETAIL,2,2,1,0,330,161,0.6061
2026-08-28,619,오버핏,DETAIL,13,13,3,0,414,157,3.1401
2026-08-29,619,오버핏,DETAIL,10,10,3,1,316,144,3.1646
2026-08-30,619,오버핏,DETAIL,4,4,3,0,735,303,0.5442
2026-08-31,619,오버핏,DETAIL,5,5,3,1,714,321,0.7003
2026-09-01,619,오버핏,DETAIL,12,12,7,2,601,253,1.9967
2026-09-02,619,오버핏,DETAIL,3,3,3,1,502,221,0.5976
2026-09-03,619,오버핏,DETAIL,3,3,2,1,603,270,0.4975
2026-09-04,619,오버핏,DETAIL,4,4,4,1,482,221,0.8299
2026-09-05,619,오버핏,DETAIL,7,7,6,2,563,234,1.2433
2026-09-06,619,오버핏,DETAIL,8,8,6,3,858,363,0.9324
2026-09-07,619,오버핏,DETAIL,4,4,4,1,732,308,0.5464
2026-09-08,619,오버핏,DETAIL,2,2,2,1,248,112,0.8065
2026-09-09,619,오버핏,DETAIL,2,2,2,2,170,7,1.1765
2025-09-05,532,오피스,TPO,1,1,1,1,87,25,1.1494
2025-09-13,532,오피스,TPO,1,1,1,0,46,32,2.1739
2025-09-14,532,오피스,TPO,1,1,1,0,52,13,1.9231
2025-09-27,532,오피스,TPO,1,1,1,0,92,35,1.087
2025-10-03,532,오피스,TPO,1,1,1,1,103,20,0.9709
2025-10-04,532,오피스,TPO,1,1,1,0,84,22,1.1905
2025-10-31,532,오피스,TPO,1,1,1,1,66,25,1.5152
2025-11-02,532,오피스,TPO,1,1,1,0,86,23,1.1628
2025-11-19,532,오피스,TPO,2,2,1,1,165,47,1.2121
2025-11-28,532,오피스,TPO,1,1,1,0,80,32,1.25
2025-12-02,532,오피스,TPO,1,1,1,1,123,66,0.813
2025-12-06,532,오피스,TPO,1,1,1,0,91,53,1.0989
2025-12-07,532,오피스,TPO,1,1,1,0,120,49,0.8333
2026-01-16,532,오피스,TPO,1,1,1,1,108,22,0.9259
2026-01-23,532,오피스,TPO,1,1,1,1,61,26,1.6393
2026-01-24,532,오피스,TPO,1,1,1,0,62,34,1.6129
2026-01-30,532,오피스,TPO,1,1,1,1,30,17,3.3333
2026-02-27,532,오피스,TPO,1,1,1,0,156,44,0.641
2026-03-06,532,오피스,TPO,1,1,1,0,203,70,0.4926
2026-03-20,532,오피스,TPO,1,1,1,1,44,13,2.2727
2026-04-04,532,오피스,TPO,1,1,1,0,58,37,1.7241
2026-04-18,532,오피스,TPO,2,2,2,2,168,63,1.1905
2026-04-21,532,오피스,TPO,1,1,1,0,58,30,1.7241
2026-04-25,532,오피스,TPO,1,1,1,0,52,20,1.9231
2026-04-27,532,오피스,TPO,1,1,1,0,175,75,0.5714
2026-04-30,532,오피스,TPO,1,1,1,1,78,19,1.2821
2026-05-01,532,오피스,TPO,1,1,1,0,82,24,1.2195
2026-05-05,532,오피스,TPO,1,1,1,0,121,55,0.8264
2026-05-23,532,오피스,TPO,1,1,1,1,331,93,0.3021
2026-05-24,532,오피스,TPO,1,1,1,0,297,121,0.3367
2026-05-30,532,오피스,TPO,1,1,1,0,234,83,0.4274
2026-05-31,532,오피스,TPO,2,2,2,1,354,109,0.565
2026-06-05,532,오피스,TPO,1,1,1,1,183,55,0.5464
2026-06-11,532,오피스,TPO,1,1,1,1,239,114,0.4184
2026-06-12,532,오피스,TPO,1,1,1,1,352,114,0.2841
2026-06-19,532,오피스,TPO,1,1,1,1,510,170,0.1961
2026-06-21,532,오피스,TPO,1,1,1,1,550,205,0.1818
2026-06-25,532,오피스,TPO,1,1,1,1,162,75,0.6173
2026-06-27,532,오피스,TPO,1,1,1,1,214,76,0.4673
2026-07-10,532,오피스,TPO,1,1,1,1,249,60,0.4016
2026-07-14,532,오피스,TPO,1,1,1,1,267,89,0.3745
2026-07-19,532,오피스,TPO,1,1,1,0,670,210,0.1493
2026-08-01,532,오피스,TPO,1,1,1,1,277,115,0.361
2026-08-04,532,오피스,TPO,1,1,1,1,225,88,0.4444
2026-08-09,532,오피스,TPO,1,1,1,1,265,116,0.3774
2026-08-11,532,오피스,TPO,2,2,2,2,383,116,0.5222
2026-08-17,532,오피스,TPO,2,2,2,1,543,223,0.3683
2026-08-19,532,오피스,TPO,1,1,1,0,219,95,0.4566
2026-08-24,532,오피스,TPO,1,1,1,0,592,293,0.1689
2026-08-26,532,오피스,TPO,1,1,1,1,424,195,0.2358
2026-08-27,532,오피스,TPO,1,1,1,1,330,161,0.303
2026-08-28,532,오피스,TPO,1,1,1,1,414,157,0.2415
2026-08-31,532,오피스,TPO,1,1,1,1,714,321,0.1401
2026-09-01,532,오피스,TPO,2,2,2,1,601,253,0.3328
2026-09-07,532,오피스,TPO,3,3,2,0,732,308,0.4098
2025-09-06,413,올리브,COLOR,1,1,1,0,103,33,0.9709
2025-10-06,413,올리브,COLOR,1,1,1,0,19,9,5.2632
2025-10-12,413,올리브,COLOR,1,1,1,1,76,22,1.3158
2025-10-24,413,올리브,COLOR,1,1,1,0,96,19,1.0417
2025-10-25,413,올리브,COLOR,1,1,1,0,48,21,2.0833
2025-10-27,413,올리브,COLOR,1,1,1,0,24,12,4.1667
2025-10-29,413,올리브,COLOR,1,1,1,1,26,9,3.8462
2025-11-06,413,올리브,COLOR,1,1,1,0,32,11,3.125
2025-11-23,413,올리브,COLOR,2,2,1,1,92,33,2.1739
2025-11-25,413,올리브,COLOR,1,1,1,0,50,29,2.0
2025-11-28,413,올리브,COLOR,1,1,1,0,80,32,1.25
2025-11-29,413,올리브,COLOR,1,1,1,0,64,24,1.5625
2025-12-01,413,올리브,COLOR,1,1,1,0,29,14,3.4483
2025-12-02,413,올리브,COLOR,1,1,1,1,123,66,0.813
2025-12-04,413,올리브,COLOR,2,2,1,0,67,41,2.9851
2025-12-05,413,올리브,COLOR,2,2,2,0,88,46,2.2727
2025-12-06,413,올리브,COLOR,2,2,1,0,91,53,2.1978
2025-12-07,413,올리브,COLOR,1,1,1,0,120,49,0.8333
2025-12-09,413,올리브,COLOR,1,1,1,0,10,6,10.0
2025-12-19,413,올리브,COLOR,1,1,1,0,67,36,1.4925
2025-12-20,413,올리브,COLOR,1,1,1,0,56,39,1.7857
2025-12-26,413,올리브,COLOR,1,1,1,1,41,17,2.439
2026-01-02,413,올리브,COLOR,1,1,1,1,103,31,0.9709
2026-02-07,413,올리브,COLOR,2,2,1,0,115,57,1.7391
2026-02-23,413,올리브,COLOR,2,2,2,0,31,19,6.4516
2026-03-03,413,올리브,COLOR,1,1,1,0,61,35,1.6393
2026-03-05,413,올리브,COLOR,1,1,1,0,64,22,1.5625
2026-03-08,413,올리브,COLOR,1,1,1,0,71,37,1.4085
2026-03-25,413,올리브,COLOR,1,1,1,0,37,25,2.7027
2026-03-26,413,올리브,COLOR,1,1,1,0,154,65,0.6494
2026-04-03,413,올리브,COLOR,1,1,1,0,69,31,1.4493
2026-04-07,413,올리브,COLOR,1,1,1,0,24,16,4.1667
2026-04-15,413,올리브,COLOR,1,1,1,1,22,10,4.5455
2026-04-19,413,올리브,COLOR,3,3,1,0,286,115,1.049
2026-04-20,413,올리브,COLOR,3,3,1,0,238,90,1.2605
2026-04-21,413,올리브,COLOR,2,2,1,0,58,30,3.4483
2026-04-29,413,올리브,COLOR,1,1,1,1,54,16,1.8519
2026-05-08,413,올리브,COLOR,1,1,1,0,46,32,2.1739
2026-05-12,413,올리브,COLOR,2,2,1,1,134,52,1.4925
2026-05-14,413,올리브,COLOR,2,2,1,0,271,108,0.738
2026-05-15,413,올리브,COLOR,1,1,1,0,177,75,0.565
2026-05-17,413,올리브,COLOR,1,1,1,0,166,82,0.6024
2026-05-19,413,올리브,COLOR,1,1,1,0,39,23,2.5641
2026-05-23,413,올리브,COLOR,3,3,2,1,331,93,0.9063
2026-05-24,413,올리브,COLOR,2,2,2,1,297,121,0.6734
2026-05-26,413,올리브,COLOR,1,1,1,0,189,90,0.5291
2026-05-29,413,올리브,COLOR,1,1,1,1,188,59,0.5319
2026-05-31,413,올리브,COLOR,1,1,1,1,354,109,0.2825
2026-06-01,413,올리브,COLOR,2,2,2,1,360,160,0.5556
2026-06-02,413,올리브,COLOR,2,2,1,0,224,100,0.8929
2026-06-03,413,올리브,COLOR,2,2,1,0,222,94,0.9009
2026-06-04,413,올리브,COLOR,1,1,1,0,137,74,0.7299
2026-06-07,413,올리브,COLOR,1,1,1,0,322,152,0.3106
2026-06-11,413,올리브,COLOR,1,1,1,0,239,114,0.4184
2026-06-12,413,올리브,COLOR,2,2,1,1,352,114,0.5682
2026-06-16,413,올리브,COLOR,1,1,1,1,465,184,0.2151
2026-06-19,413,올리브,COLOR,1,1,1,1,510,170,0.1961
2026-06-20,413,올리브,COLOR,1,1,1,0,422,169,0.237
2026-06-21,413,올리브,COLOR,2,2,1,1,550,205,0.3636
2026-06-22,413,올리브,COLOR,1,1,1,0,455,179,0.2198
2026-06-24,413,올리브,COLOR,2,2,2,1,369,145,0.542
2026-06-25,413,올리브,COLOR,1,1,1,0,162,75,0.6173
2026-06-26,413,올리브,COLOR,3,3,3,2,247,81,1.2146
2026-06-27,413,올리브,COLOR,2,2,2,1,214,76,0.9346
2026-06-28,413,올리브,COLOR,2,2,2,1,327,109,0.6116
2026-06-30,413,올리브,COLOR,1,1,1,0,156,56,0.641
2026-07-01,413,올리브,COLOR,2,2,1,1,261,93,0.7663
2026-07-09,413,올리브,COLOR,1,1,1,0,161,62,0.6211
2026-07-17,413,올리브,COLOR,2,2,2,1,332,101,0.6024
2026-07-18,413,올리브,COLOR,5,5,3,1,429,155,1.1655
2026-07-19,413,올리브,COLOR,3,3,2,0,670,210,0.4478
2026-07-20,413,올리브,COLOR,2,2,2,0,386,140,0.5181
2026-07-21,413,올리브,COLOR,1,1,1,0,284,141,0.3521
2026-07-22,413,올리브,COLOR,1,1,1,1,244,112,0.4098
2026-07-23,413,올리브,COLOR,1,1,1,0,243,86,0.4115
2026-07-26,413,올리브,COLOR,1,1,1,1,338,132,0.2959
2026-07-27,413,올리브,COLOR,3,3,2,2,392,161,0.7653
2026-07-28,413,올리브,COLOR,1,1,1,0,262,125,0.3817
2026-07-29,413,올리브,COLOR,2,2,1,0,238,113,0.8403
2026-07-30,413,올리브,COLOR,4,4,1,0,249,101,1.6064
2026-08-01,413,올리브,COLOR,1,1,1,0,277,115,0.361
2026-08-03,413,올리브,COLOR,1,1,1,1,257,111,0.3891
2026-08-07,413,올리브,COLOR,1,1,1,0,151,70,0.6623
2026-08-11,413,올리브,COLOR,2,2,2,2,383,116,0.5222
2026-08-14,413,올리브,COLOR,1,1,1,1,159,54,0.6289
2026-08-15,413,올리브,COLOR,1,1,1,0,172,83,0.5814
2026-08-17,413,올리브,COLOR,1,1,1,0,543,223,0.1842
2026-08-19,413,올리브,COLOR,1,1,1,1,219,95,0.4566
2026-08-23,413,올리브,COLOR,1,1,1,0,472,218,0.2119
2026-08-24,413,올리브,COLOR,2,2,1,1,592,293,0.3378
2026-08-29,413,올리브,COLOR,1,1,1,1,316,144,0.3165
2026-08-30,413,올리브,COLOR,1,1,1,0,735,303,0.1361
2026-08-31,413,올리브,COLOR,2,2,2,1,714,321,0.2801
2026-09-01,413,올리브,COLOR,1,1,1,0,601,253,0.1664
2026-09-02,413,올리브,COLOR,1,1,1,0,502,221,0.1992
2026-09-03,413,올리브,COLOR,1,1,1,1,603,270,0.1658
2026-09-04,413,올리브,COLOR,4,4,3,1,482,221,0.8299
2026-09-05,413,올리브,COLOR,1,1,1,1,563,234,0.1776
2026-09-06,413,올리브,COLOR,2,2,2,0,858,363,0.2331
2026-09-07,413,올리브,COLOR,5,5,3,3,732,308,0.6831
2025-12-27,691,옴브레,DETAIL,1,1,1,1,32,21,3.125
2026-06-15,691,옴브레,DETAIL,1,1,1,1,440,179,0.2273
2026-09-04,691,옴브레,DETAIL,1,1,1,0,482,221,0.2075
2025-09-05,615,와이드,DETAIL,1,1,1,1,87,25,1.1494
2025-09-11,615,와이드,DETAIL,1,1,1,0,24,8,4.1667
2025-09-14,615,와이드,DETAIL,1,1,1,1,52,13,1.9231
2025-09-28,615,와이드,DETAIL,1,1,1,1,78,15,1.2821
2025-10-19,615,와이드,DETAIL,1,1,1,1,46,13,2.1739
2025-10-26,615,와이드,DETAIL,1,1,1,1,63,15,1.5873
2025-11-07,615,와이드,DETAIL,1,1,1,1,95,32,1.0526
2025-11-19,615,와이드,DETAIL,1,1,1,1,165,47,0.6061
2025-11-20,615,와이드,DETAIL,1,1,1,1,172,49,0.5814
2025-11-21,615,와이드,DETAIL,1,1,1,1,127,48,0.7874
2025-11-23,615,와이드,DETAIL,2,2,2,1,92,33,2.1739
2025-12-05,615,와이드,DETAIL,1,1,1,0,88,46,1.1364
2025-12-06,615,와이드,DETAIL,2,2,1,0,91,53,2.1978
2025-12-23,615,와이드,DETAIL,1,1,1,1,50,24,2.0
2026-01-11,615,와이드,DETAIL,1,1,1,0,29,17,3.4483
2026-01-16,615,와이드,DETAIL,1,1,1,1,108,22,0.9259
2026-01-22,615,와이드,DETAIL,1,1,1,0,17,8,5.8824
2026-01-29,615,와이드,DETAIL,2,2,1,1,60,12,3.3333
2026-02-07,615,와이드,DETAIL,4,4,1,1,115,57,3.4783
2026-02-20,615,와이드,DETAIL,1,1,1,1,152,39,0.6579
2026-02-21,615,와이드,DETAIL,1,1,1,0,32,19,3.125
2026-02-24,615,와이드,DETAIL,1,1,1,0,63,32,1.5873
2026-02-25,615,와이드,DETAIL,1,1,1,0,52,33,1.9231
2026-02-28,615,와이드,DETAIL,2,2,1,0,87,47,2.2989
2026-03-01,615,와이드,DETAIL,1,1,1,0,144,46,0.6944
2026-03-02,615,와이드,DETAIL,2,2,1,0,49,31,4.0816
2026-03-04,615,와이드,DETAIL,1,1,1,1,159,65,0.6289
2026-03-08,615,와이드,DETAIL,1,1,1,1,71,37,1.4085
2026-03-15,615,와이드,DETAIL,1,1,1,1,87,29,1.1494
2026-03-16,615,와이드,DETAIL,1,1,1,1,83,23,1.2048
2026-03-19,615,와이드,DETAIL,2,2,2,0,89,60,2.2472
2026-03-21,615,와이드,DETAIL,1,1,1,0,23,7,4.3478
2026-03-22,615,와이드,DETAIL,1,1,1,1,158,62,0.6329
2026-03-27,615,와이드,DETAIL,1,1,1,0,124,47,0.8065
2026-04-04,615,와이드,DETAIL,1,1,1,0,58,37,1.7241
2026-04-05,615,와이드,DETAIL,2,2,1,1,129,44,1.5504
2026-04-06,615,와이드,DETAIL,2,2,1,0,39,22,5.1282
2026-04-11,615,와이드,DETAIL,1,1,1,1,80,37,1.25
2026-04-17,615,와이드,DETAIL,1,1,1,1,22,9,4.5455
2026-04-18,615,와이드,DETAIL,2,2,1,0,168,63,1.1905
2026-04-19,615,와이드,DETAIL,2,2,2,1,286,115,0.6993
2026-04-20,615,와이드,DETAIL,1,1,1,1,238,90,0.4202
2026-04-21,615,와이드,DETAIL,1,1,1,0,58,30,1.7241
2026-04-30,615,와이드,DETAIL,1,1,1,1,78,19,1.2821
2026-05-03,615,와이드,DETAIL,2,2,1,1,150,45,1.3333
2026-05-06,615,와이드,DETAIL,1,1,1,1,95,40,1.0526
2026-05-08,615,와이드,DETAIL,1,1,1,1,46,32,2.1739
2026-05-09,615,와이드,DETAIL,1,1,1,1,71,29,1.4085
2026-05-11,615,와이드,DETAIL,3,3,1,1,111,47,2.7027
2026-05-12,615,와이드,DETAIL,2,2,1,1,134,52,1.4925
2026-05-13,615,와이드,DETAIL,3,3,2,1,137,56,2.1898
2026-05-14,615,와이드,DETAIL,3,3,3,2,271,108,1.107
2026-05-17,615,와이드,DETAIL,1,1,1,0,166,82,0.6024
2026-05-18,615,와이드,DETAIL,2,2,2,1,146,74,1.3699
2026-05-22,615,와이드,DETAIL,1,1,1,1,227,77,0.4405
2026-05-24,615,와이드,DETAIL,1,1,1,1,297,121,0.3367
2026-05-25,615,와이드,DETAIL,4,4,4,0,400,155,1.0
2026-05-26,615,와이드,DETAIL,1,1,1,1,189,90,0.5291
2026-05-27,615,와이드,DETAIL,2,2,2,2,222,83,0.9009
2026-05-29,615,와이드,DETAIL,2,2,2,1,188,59,1.0638
2026-05-31,615,와이드,DETAIL,11,11,3,2,354,109,3.1073
2026-06-01,615,와이드,DETAIL,5,5,2,1,360,160,1.3889
2026-06-02,615,와이드,DETAIL,1,1,1,0,224,100,0.4464
2026-06-03,615,와이드,DETAIL,3,3,3,1,222,94,1.3514
2026-06-04,615,와이드,DETAIL,3,3,1,0,137,74,2.1898
2026-06-05,615,와이드,DETAIL,1,1,1,1,183,55,0.5464
2026-06-07,615,와이드,DETAIL,5,5,1,1,322,152,1.5528
2026-06-08,615,와이드,DETAIL,1,1,1,1,380,152,0.2632
2026-06-09,615,와이드,DETAIL,2,2,1,1,247,108,0.8097
2026-06-10,615,와이드,DETAIL,2,2,2,1,345,160,0.5797
2026-06-11,615,와이드,DETAIL,2,2,2,1,239,114,0.8368
2026-06-12,615,와이드,DETAIL,3,3,2,2,352,114,0.8523
2026-06-13,615,와이드,DETAIL,2,2,1,0,267,107,0.7491
2026-06-14,615,와이드,DETAIL,5,5,4,4,529,186,0.9452
2026-06-15,615,와이드,DETAIL,6,6,5,3,440,179,1.3636
2026-06-16,615,와이드,DETAIL,8,8,7,4,465,184,1.7204
2026-06-17,615,와이드,DETAIL,3,3,3,2,365,130,0.8219
2026-06-18,615,와이드,DETAIL,3,3,3,1,286,139,1.049
2026-06-19,615,와이드,DETAIL,4,4,3,3,510,170,0.7843
2026-06-20,615,와이드,DETAIL,6,6,5,3,422,169,1.4218
2026-06-21,615,와이드,DETAIL,8,8,7,5,550,205,1.4545
2026-06-22,615,와이드,DETAIL,7,7,7,3,455,179,1.5385
2026-06-24,615,와이드,DETAIL,1,1,1,0,369,145,0.271
2026-06-25,615,와이드,DETAIL,2,2,1,1,162,75,1.2346
2026-06-26,615,와이드,DETAIL,4,4,3,2,247,81,1.6194
2026-06-27,615,와이드,DETAIL,3,3,3,0,214,76,1.4019
2026-06-28,615,와이드,DETAIL,8,8,5,2,327,109,2.4465
2026-06-29,615,와이드,DETAIL,4,4,4,0,182,100,2.1978
2026-06-30,615,와이드,DETAIL,4,4,4,1,156,56,2.5641
2026-07-01,615,와이드,DETAIL,1,1,1,1,261,93,0.3831
2026-07-02,615,와이드,DETAIL,2,2,2,0,107,58,1.8692
2026-07-03,615,와이드,DETAIL,4,4,4,2,154,63,2.5974
2026-07-04,615,와이드,DETAIL,4,4,3,2,306,114,1.3072
2026-07-05,615,와이드,DETAIL,2,2,2,2,295,122,0.678
2026-07-07,615,와이드,DETAIL,1,1,1,1,203,85,0.4926
2026-07-09,615,와이드,DETAIL,3,3,3,2,161,62,1.8634
2026-07-10,615,와이드,DETAIL,2,2,2,1,249,60,0.8032
2026-07-12,615,와이드,DETAIL,2,2,1,1,314,141,0.6369
2026-07-13,615,와이드,DETAIL,7,7,5,2,382,151,1.8325
2026-07-14,615,와이드,DETAIL,3,3,3,1,267,89,1.1236
2026-07-15,615,와이드,DETAIL,2,2,2,2,265,87,0.7547
2026-07-17,615,와이드,DETAIL,1,1,1,1,332,101,0.3012
2026-07-18,615,와이드,DETAIL,2,2,2,1,429,155,0.4662
2026-07-19,615,와이드,DETAIL,2,2,2,2,670,210,0.2985
2026-07-20,615,와이드,DETAIL,3,3,3,1,386,140,0.7772
2026-07-21,615,와이드,DETAIL,1,1,1,1,284,141,0.3521
2026-07-22,615,와이드,DETAIL,2,2,2,1,244,112,0.8197
2026-07-23,615,와이드,DETAIL,2,2,2,2,243,86,0.823
2026-07-24,615,와이드,DETAIL,4,4,3,3,233,80,1.7167
2026-07-25,615,와이드,DETAIL,1,1,1,1,245,115,0.4082
2026-07-26,615,와이드,DETAIL,2,2,1,1,338,132,0.5917
2026-07-27,615,와이드,DETAIL,2,2,2,1,392,161,0.5102
2026-07-28,615,와이드,DETAIL,2,2,1,0,262,125,0.7634
2026-07-29,615,와이드,DETAIL,3,3,2,2,238,113,1.2605
2026-07-30,615,와이드,DETAIL,4,4,3,1,249,101,1.6064
2026-07-31,615,와이드,DETAIL,2,2,2,2,204,84,0.9804
2026-08-01,615,와이드,DETAIL,3,3,2,0,277,115,1.083
2026-08-02,615,와이드,DETAIL,8,8,4,3,250,101,3.2
2026-08-03,615,와이드,DETAIL,4,4,4,1,257,111,1.5564
2026-08-04,615,와이드,DETAIL,1,1,1,0,225,88,0.4444
2026-08-05,615,와이드,DETAIL,3,3,3,0,302,135,0.9934
2026-08-06,615,와이드,DETAIL,3,3,2,1,284,112,1.0563
2026-08-08,615,와이드,DETAIL,1,1,1,1,143,57,0.6993
2026-08-09,615,와이드,DETAIL,2,2,2,0,265,116,0.7547
2026-08-10,615,와이드,DETAIL,4,4,3,0,244,105,1.6393
2026-08-11,615,와이드,DETAIL,4,4,3,3,383,116,1.0444
2026-08-12,615,와이드,DETAIL,3,3,3,1,194,92,1.5464
2026-08-13,615,와이드,DETAIL,3,3,2,1,223,94,1.3453
2026-08-14,615,와이드,DETAIL,2,2,2,1,159,54,1.2579
2026-08-15,615,와이드,DETAIL,1,1,1,0,172,83,0.5814
2026-08-16,615,와이드,DETAIL,3,3,3,3,232,98,1.2931
2026-08-17,615,와이드,DETAIL,5,5,4,2,543,223,0.9208
2026-08-18,615,와이드,DETAIL,8,8,4,0,303,163,2.6403
2026-08-19,615,와이드,DETAIL,3,3,2,2,219,95,1.3699
2026-08-20,615,와이드,DETAIL,1,1,1,0,236,110,0.4237
2026-08-21,615,와이드,DETAIL,2,2,2,0,235,105,0.8511
2026-08-22,615,와이드,DETAIL,5,5,4,2,275,117,1.8182
2026-08-23,615,와이드,DETAIL,1,1,1,0,472,218,0.2119
2026-08-24,615,와이드,DETAIL,2,2,2,1,592,293,0.3378
2026-08-25,615,와이드,DETAIL,2,2,2,0,405,202,0.4938
2026-08-26,615,와이드,DETAIL,4,4,4,1,424,195,0.9434
2026-08-27,615,와이드,DETAIL,2,2,1,0,330,161,0.6061
2026-08-28,615,와이드,DETAIL,3,3,3,2,414,157,0.7246
2026-08-29,615,와이드,DETAIL,2,2,2,1,316,144,0.6329
2026-08-30,615,와이드,DETAIL,14,14,5,2,735,303,1.9048
2026-08-31,615,와이드,DETAIL,7,7,4,1,714,321,0.9804
2026-09-01,615,와이드,DETAIL,8,8,5,1,601,253,1.3311
2026-09-02,615,와이드,DETAIL,4,4,4,1,502,221,0.7968
2026-09-03,615,와이드,DETAIL,9,9,3,2,603,270,1.4925
2026-09-04,615,와이드,DETAIL,9,9,3,0,482,221,1.8672
2026-09-05,615,와이드,DETAIL,7,7,6,1,563,234,1.2433
2026-09-06,615,와이드,DETAIL,8,8,5,3,858,363,0.9324
2026-09-07,615,와이드,DETAIL,7,7,2,1,732,308,0.9563
2026-09-08,615,와이드,DETAIL,1,1,1,0,248,112,0.4032
2026-09-09,615,와이드,DETAIL,2,2,2,2,170,7,1.1765
2025-11-20,794,워셔블,DETAIL,1,1,1,1,172,49,0.5814
2025-12-07,794,워셔블,DETAIL,2,2,1,1,120,49,1.6667
2026-04-27,794,워셔블,DETAIL,1,1,1,0,175,75,0.5714
2026-05-05,794,워셔블,DETAIL,2,2,1,1,121,55,1.6529
2026-05-06,794,워셔블,DETAIL,2,2,1,0,95,40,2.1053
2026-05-11,794,워셔블,DETAIL,1,1,1,1,111,47,0.9009
2026-05-12,794,워셔블,DETAIL,1,1,1,0,134,52,0.7463
2026-06-01,794,워셔블,DETAIL,2,2,1,0,360,160,0.5556
2026-06-02,794,워셔블,DETAIL,2,2,1,0,224,100,0.8929
2026-06-11,794,워셔블,DETAIL,1,1,1,0,239,114,0.4184
2026-06-15,794,워셔블,DETAIL,1,1,1,0,440,179,0.2273
2026-06-22,794,워셔블,DETAIL,1,1,1,0,455,179,0.2198
2026-06-30,794,워셔블,DETAIL,1,1,1,0,156,56,0.641
2026-07-02,794,워셔블,DETAIL,1,1,1,0,107,58,0.9346
2026-07-07,794,워셔블,DETAIL,1,1,1,0,203,85,0.4926
2026-07-22,794,워셔블,DETAIL,2,2,2,0,244,112,0.8197
2026-07-27,794,워셔블,DETAIL,2,2,1,1,392,161,0.5102
2026-08-09,794,워셔블,DETAIL,4,4,1,0,265,116,1.5094
2026-08-10,794,워셔블,DETAIL,1,1,1,0,244,105,0.4098
2026-08-11,794,워셔블,DETAIL,2,2,1,0,383,116,0.5222
2026-08-12,794,워셔블,DETAIL,1,1,1,0,194,92,0.5155
2026-08-13,794,워셔블,DETAIL,1,1,1,0,223,94,0.4484
2026-08-23,794,워셔블,DETAIL,2,2,2,0,472,218,0.4237
2026-08-25,794,워셔블,DETAIL,1,1,1,0,405,202,0.2469
2026-08-28,794,워셔블,DETAIL,1,1,1,0,414,157,0.2415
2026-08-29,794,워셔블,DETAIL,2,2,2,0,316,144,0.6329
2026-08-31,794,워셔블,DETAIL,1,1,1,1,714,321,0.1401
2026-09-01,794,워셔블,DETAIL,1,1,1,0,601,253,0.1664
2026-09-06,794,워셔블,DETAIL,1,1,1,1,858,363,0.1166
2025-09-12,637,원숄더,DETAIL,1,1,1,1,61,22,1.6393
2026-03-04,637,원숄더,DETAIL,1,1,1,1,159,65,0.6289
2026-04-02,637,원숄더,DETAIL,1,1,1,0,103,44,0.9709
2026-04-27,637,원숄더,DETAIL,1,1,1,0,175,75,0.5714
2026-05-16,637,원숄더,DETAIL,1,1,1,0,158,49,0.6329
2026-05-31,637,원숄더,DETAIL,1,1,1,1,354,109,0.2825
2026-06-06,637,원숄더,DETAIL,1,1,1,1,336,108,0.2976
2026-06-13,637,원숄더,DETAIL,2,2,2,1,267,107,0.7491
2026-06-14,637,원숄더,DETAIL,1,1,1,0,529,186,0.189
2026-06-24,637,원숄더,DETAIL,1,1,1,1,369,145,0.271
2026-06-27,637,원숄더,DETAIL,2,2,1,1,214,76,0.9346
2026-06-28,637,원숄더,DETAIL,2,2,2,2,327,109,0.6116
2026-06-29,637,원숄더,DETAIL,2,2,2,0,182,100,1.0989
2026-07-01,637,원숄더,DETAIL,1,1,1,0,261,93,0.3831
2026-07-26,637,원숄더,DETAIL,1,1,1,1,338,132,0.2959
2026-08-01,637,원숄더,DETAIL,1,1,1,1,277,115,0.361
2026-08-02,637,원숄더,DETAIL,1,1,1,0,250,101,0.4
2026-08-14,637,원숄더,DETAIL,1,1,1,0,159,54,0.6289
2025-09-19,190,원피스,ITEM,2,2,1,1,106,25,1.8868
2025-09-20,190,원피스,ITEM,4,4,1,0,96,34,4.1667
2025-09-21,190,원피스,ITEM,1,1,1,0,55,12,1.8182
2025-09-24,190,원피스,ITEM,1,1,1,0,43,14,2.3256
2025-09-25,190,원피스,ITEM,1,1,1,0,40,12,2.5
2025-09-26,190,원피스,ITEM,1,1,1,1,76,18,1.3158
2025-10-01,190,원피스,ITEM,1,1,1,0,23,7,4.3478
2025-10-03,190,원피스,ITEM,1,1,1,1,103,20,0.9709
2025-10-05,190,원피스,ITEM,1,1,1,1,53,14,1.8868
2025-10-12,190,원피스,ITEM,1,1,1,1,76,22,1.3158
2025-10-24,190,원피스,ITEM,1,1,1,1,96,19,1.0417
2025-11-07,190,원피스,ITEM,1,1,1,1,95,32,1.0526
2025-11-09,190,원피스,ITEM,1,1,1,1,76,21,1.3158
2025-12-07,190,원피스,ITEM,1,1,1,0,120,49,0.8333
2025-12-26,190,원피스,ITEM,3,3,1,1,41,17,7.3171
2025-12-27,190,원피스,ITEM,1,1,1,0,32,21,3.125
2026-01-19,190,원피스,ITEM,1,1,1,0,57,27,1.7544
2026-02-06,190,원피스,ITEM,1,1,1,0,65,32,1.5385
2026-02-15,190,원피스,ITEM,3,3,1,0,30,19,10.0
2026-02-17,190,원피스,ITEM,1,1,1,0,9,6,11.1111
2026-02-27,190,원피스,ITEM,2,2,1,1,156,44,1.2821
2026-02-28,190,원피스,ITEM,2,2,1,0,87,47,2.2989
2026-03-01,190,원피스,ITEM,1,1,1,0,144,46,0.6944
2026-03-04,190,원피스,ITEM,1,1,1,1,159,65,0.6289
2026-03-06,190,원피스,ITEM,5,5,1,0,203,70,2.4631
2026-03-07,190,원피스,ITEM,1,1,1,0,82,41,1.2195
2026-03-15,190,원피스,ITEM,1,1,1,1,87,29,1.1494
2026-03-17,190,원피스,ITEM,2,2,1,0,76,20,2.6316
2026-03-26,190,원피스,ITEM,10,10,2,0,154,65,6.4935
2026-03-27,190,원피스,ITEM,11,11,1,0,124,47,8.871
2026-03-28,190,원피스,ITEM,2,2,1,0,23,9,8.6957
2026-03-29,190,원피스,ITEM,2,2,1,0,38,17,5.2632
2026-03-31,190,원피스,ITEM,1,1,1,0,70,26,1.4286
2026-04-01,190,원피스,ITEM,1,1,1,0,43,22,2.3256
2026-04-02,190,원피스,ITEM,5,5,2,0,103,44,4.8544
2026-04-04,190,원피스,ITEM,2,2,2,0,58,37,3.4483
2026-04-05,190,원피스,ITEM,1,1,1,1,129,44,0.7752
2026-04-11,190,원피스,ITEM,2,2,2,0,80,37,2.5
2026-04-18,190,원피스,ITEM,1,1,1,1,168,63,0.5952
2026-04-19,190,원피스,ITEM,2,2,2,0,286,115,0.6993
2026-04-23,190,원피스,ITEM,4,4,1,0,116,64,3.4483
2026-04-24,190,원피스,ITEM,2,2,1,0,49,31,4.0816
2026-04-25,190,원피스,ITEM,2,2,1,0,52,20,3.8462
2026-04-27,190,원피스,ITEM,1,1,1,0,175,75,0.5714
2026-04-30,190,원피스,ITEM,3,3,2,1,78,19,3.8462
2026-05-03,190,원피스,ITEM,2,2,2,1,150,45,1.3333
2026-05-04,190,원피스,ITEM,1,1,1,0,61,39,1.6393
2026-05-07,190,원피스,ITEM,1,1,1,0,60,37,1.6667
2026-05-15,190,원피스,ITEM,3,3,1,1,177,75,1.6949
2026-05-16,190,원피스,ITEM,9,9,2,1,158,49,5.6962
2026-05-17,190,원피스,ITEM,5,5,2,0,166,82,3.012
2026-05-18,190,원피스,ITEM,1,1,1,0,146,74,0.6849
2026-05-20,190,원피스,ITEM,1,1,1,0,244,80,0.4098
2026-05-21,190,원피스,ITEM,4,4,2,0,270,85,1.4815
2026-05-23,190,원피스,ITEM,5,5,2,1,331,93,1.5106
2026-05-24,190,원피스,ITEM,4,4,3,1,297,121,1.3468
2026-05-25,190,원피스,ITEM,1,1,1,0,400,155,0.25
2026-05-26,190,원피스,ITEM,1,1,1,0,189,90,0.5291
2026-05-28,190,원피스,ITEM,3,3,2,1,228,103,1.3158
2026-05-30,190,원피스,ITEM,4,4,4,1,234,83,1.7094
2026-06-01,190,원피스,ITEM,4,4,4,1,360,160,1.1111
2026-06-02,190,원피스,ITEM,1,1,1,0,224,100,0.4464
2026-06-04,190,원피스,ITEM,2,2,2,0,137,74,1.4599
2026-06-05,190,원피스,ITEM,6,6,5,1,183,55,3.2787
2026-06-06,190,원피스,ITEM,2,2,2,1,336,108,0.5952
2026-06-07,190,원피스,ITEM,1,1,1,0,322,152,0.3106
2026-06-09,190,원피스,ITEM,3,3,1,1,247,108,1.2146
2026-06-10,190,원피스,ITEM,2,2,1,0,345,160,0.5797
2026-06-11,190,원피스,ITEM,2,2,2,0,239,114,0.8368
2026-06-12,190,원피스,ITEM,13,13,1,1,352,114,3.6932
2026-06-13,190,원피스,ITEM,24,24,2,0,267,107,8.9888
2026-06-14,190,원피스,ITEM,8,8,1,0,529,186,1.5123
2026-06-15,190,원피스,ITEM,7,7,2,0,440,179,1.5909
2026-06-16,190,원피스,ITEM,15,15,2,1,465,184,3.2258
2026-06-17,190,원피스,ITEM,11,11,3,0,365,130,3.0137
2026-06-18,190,원피스,ITEM,8,8,3,0,286,139,2.7972
2026-06-19,190,원피스,ITEM,9,9,3,1,510,170,1.7647
2026-06-20,190,원피스,ITEM,8,8,5,0,422,169,1.8957
2026-06-21,190,원피스,ITEM,1,1,1,1,550,205,0.1818
2026-06-22,190,원피스,ITEM,1,1,1,0,455,179,0.2198
2026-06-23,190,원피스,ITEM,12,12,4,2,401,171,2.9925
2026-06-24,190,원피스,ITEM,14,14,5,2,369,145,3.794
2026-06-25,190,원피스,ITEM,3,3,3,0,162,75,1.8519
2026-06-26,190,원피스,ITEM,6,6,4,2,247,81,2.4291
2026-06-27,190,원피스,ITEM,2,2,2,1,214,76,0.9346
2026-06-28,190,원피스,ITEM,5,5,4,2,327,109,1.5291
2026-06-29,190,원피스,ITEM,1,1,1,0,182,100,0.5495
2026-07-01,190,원피스,ITEM,1,1,1,1,261,93,0.3831
2026-07-02,190,원피스,ITEM,2,2,2,0,107,58,1.8692
2026-07-03,190,원피스,ITEM,2,2,1,0,154,63,1.2987
2026-07-05,190,원피스,ITEM,1,1,1,0,295,122,0.339
2026-07-06,190,원피스,ITEM,1,1,1,1,204,85,0.4902
2026-07-08,190,원피스,ITEM,2,2,1,0,112,58,1.7857
2026-07-09,190,원피스,ITEM,1,1,1,0,161,62,0.6211
2026-07-10,190,원피스,ITEM,4,4,2,0,249,60,1.6064
2026-07-11,190,원피스,ITEM,2,2,2,1,174,63,1.1494
2026-07-12,190,원피스,ITEM,6,6,3,1,314,141,1.9108
2026-07-13,190,원피스,ITEM,4,4,3,2,382,151,1.0471
2026-07-14,190,원피스,ITEM,8,8,3,2,267,89,2.9963
2026-07-15,190,원피스,ITEM,2,2,2,1,265,87,0.7547
2026-07-16,190,원피스,ITEM,8,8,3,0,179,58,4.4693
2026-07-17,190,원피스,ITEM,4,4,3,1,332,101,1.2048
2026-07-18,190,원피스,ITEM,12,12,7,2,429,155,2.7972
2026-07-19,190,원피스,ITEM,5,5,4,1,670,210,0.7463
2026-07-20,190,원피스,ITEM,4,4,4,2,386,140,1.0363
2026-07-21,190,원피스,ITEM,1,1,1,0,284,141,0.3521
2026-07-26,190,원피스,ITEM,1,1,1,1,338,132,0.2959
2026-07-27,190,원피스,ITEM,17,17,2,2,392,161,4.3367
2026-07-28,190,원피스,ITEM,8,8,2,0,262,125,3.0534
2026-07-29,190,원피스,ITEM,4,4,1,0,238,113,1.6807
2026-07-30,190,원피스,ITEM,1,1,1,0,249,101,0.4016
2026-07-31,190,원피스,ITEM,3,3,3,0,204,84,1.4706
2026-08-01,190,원피스,ITEM,7,7,6,2,277,115,2.5271
2026-08-02,190,원피스,ITEM,3,3,3,1,250,101,1.2
2026-08-03,190,원피스,ITEM,1,1,1,0,257,111,0.3891
2026-08-04,190,원피스,ITEM,4,4,3,1,225,88,1.7778
2026-08-05,190,원피스,ITEM,3,3,2,0,302,135,0.9934
2026-08-06,190,원피스,ITEM,4,4,2,1,284,112,1.4085
2026-08-07,190,원피스,ITEM,3,3,2,0,151,70,1.9868
2026-08-09,190,원피스,ITEM,1,1,1,1,265,116,0.3774
2026-08-11,190,원피스,ITEM,3,3,2,2,383,116,0.7833
2026-08-12,190,원피스,ITEM,1,1,1,0,194,92,0.5155
2026-08-13,190,원피스,ITEM,2,2,2,1,223,94,0.8969
2026-08-14,190,원피스,ITEM,5,5,3,0,159,54,3.1447
2026-08-15,190,원피스,ITEM,1,1,1,0,172,83,0.5814
2026-08-16,190,원피스,ITEM,3,3,3,0,232,98,1.2931
2026-08-17,190,원피스,ITEM,5,5,4,0,543,223,0.9208
2026-08-18,190,원피스,ITEM,2,2,2,1,303,163,0.6601
2026-08-19,190,원피스,ITEM,1,1,1,0,219,95,0.4566
2026-08-20,190,원피스,ITEM,1,1,1,0,236,110,0.4237
2026-08-24,190,원피스,ITEM,2,2,2,0,592,293,0.3378
2026-08-25,190,원피스,ITEM,2,2,2,0,405,202,0.4938
2026-09-04,190,원피스,ITEM,1,1,1,0,482,221,0.2075
2026-09-06,190,원피스,ITEM,2,2,1,1,858,363,0.2331
2026-09-07,190,원피스,ITEM,2,2,2,1,732,308,0.2732
2026-06-15,533,웨딩홀,TPO,1,1,1,1,440,179,0.2273
2026-08-24,533,웨딩홀,TPO,1,1,1,0,592,293,0.1689
2025-09-05,606,웨지힐,DETAIL,1,1,1,1,87,25,1.1494
2025-09-19,606,웨지힐,DETAIL,1,1,1,1,106,25,0.9434
2026-05-01,606,웨지힐,DETAIL,2,2,1,1,82,24,2.439
2026-05-02,606,웨지힐,DETAIL,1,1,1,0,66,35,1.5152
2026-05-15,606,웨지힐,DETAIL,1,1,1,0,177,75,0.565
2026-05-22,606,웨지힐,DETAIL,1,1,1,0,227,77,0.4405
2026-05-25,606,웨지힐,DETAIL,1,1,1,1,400,155,0.25
2026-06-08,606,웨지힐,DETAIL,1,1,1,1,380,152,0.2632
2026-06-09,606,웨지힐,DETAIL,1,1,1,0,247,108,0.4049
2026-06-10,606,웨지힐,DETAIL,3,3,2,1,345,160,0.8696
2026-06-19,606,웨지힐,DETAIL,1,1,1,1,510,170,0.1961
2026-06-20,606,웨지힐,DETAIL,3,3,1,0,422,169,0.7109
2026-06-21,606,웨지힐,DETAIL,1,1,1,1,550,205,0.1818
2026-06-22,606,웨지힐,DETAIL,3,3,1,0,455,179,0.6593
2026-06-24,606,웨지힐,DETAIL,1,1,1,0,369,145,0.271
2026-06-25,606,웨지힐,DETAIL,1,1,1,0,162,75,0.6173
2026-06-28,606,웨지힐,DETAIL,1,1,1,1,327,109,0.3058
2026-06-03,142,유니폼,ITEM,2,2,2,1,222,94,0.9009
2026-06-04,142,유니폼,ITEM,1,1,1,0,137,74,0.7299
2026-06-08,142,유니폼,ITEM,2,2,1,1,380,152,0.5263
2026-06-10,142,유니폼,ITEM,2,2,1,1,345,160,0.5797
2026-06-13,142,유니폼,ITEM,1,1,1,0,267,107,0.3745
2026-06-17,142,유니폼,ITEM,2,2,1,0,365,130,0.5479
2026-06-24,142,유니폼,ITEM,2,2,1,1,369,145,0.542
2026-06-27,142,유니폼,ITEM,1,1,1,0,214,76,0.4673
2026-07-02,142,유니폼,ITEM,5,5,1,1,107,58,4.6729
2026-07-03,142,유니폼,ITEM,2,2,1,0,154,63,1.2987
2026-07-04,142,유니폼,ITEM,1,1,1,0,306,114,0.3268
2026-07-05,142,유니폼,ITEM,1,1,1,0,295,122,0.339
2026-07-07,142,유니폼,ITEM,1,1,1,0,203,85,0.4926
2026-07-19,142,유니폼,ITEM,1,1,1,1,670,210,0.1493
2026-07-22,142,유니폼,ITEM,1,1,1,0,244,112,0.4098
2026-07-23,142,유니폼,ITEM,1,1,1,0,243,86,0.4115
2026-07-24,142,유니폼,ITEM,1,1,1,0,233,80,0.4292
2026-07-30,142,유니폼,ITEM,1,1,1,0,249,101,0.4016
2026-07-31,142,유니폼,ITEM,1,1,1,0,204,84,0.4902
2026-08-05,142,유니폼,ITEM,1,1,1,1,302,135,0.3311
2026-08-06,142,유니폼,ITEM,1,1,1,0,284,112,0.3521
2026-08-09,142,유니폼,ITEM,2,2,2,0,265,116,0.7547
2026-08-13,142,유니폼,ITEM,1,1,1,0,223,94,0.4484
2026-08-14,142,유니폼,ITEM,1,1,1,0,159,54,0.6289
2026-08-15,142,유니폼,ITEM,1,1,1,0,172,83,0.5814
2026-08-16,142,유니폼,ITEM,1,1,1,0,232,98,0.431
2026-08-17,142,유니폼,ITEM,1,1,1,0,543,223,0.1842
2026-08-18,142,유니폼,ITEM,1,1,1,0,303,163,0.33
2026-08-19,142,유니폼,ITEM,3,3,2,0,219,95,1.3699
2026-03-01,551,자카드,MATERIAL,1,1,1,1,144,46,0.6944
2026-05-27,551,자카드,MATERIAL,2,2,1,1,222,83,0.9009
2026-05-31,551,자카드,MATERIAL,1,1,1,1,354,109,0.2825
2026-06-13,551,자카드,MATERIAL,1,1,1,1,267,107,0.3745
2026-06-19,551,자카드,MATERIAL,1,1,1,1,510,170,0.1961
2026-06-22,551,자카드,MATERIAL,1,1,1,1,455,179,0.2198
2026-06-24,551,자카드,MATERIAL,1,1,1,1,369,145,0.271
2026-07-05,551,자카드,MATERIAL,5,5,1,1,295,122,1.6949
2026-07-06,551,자카드,MATERIAL,2,2,1,0,204,85,0.9804
2026-07-07,551,자카드,MATERIAL,1,1,1,0,203,85,0.4926
2026-07-13,551,자카드,MATERIAL,2,2,2,0,382,151,0.5236
2026-07-21,551,자카드,MATERIAL,1,1,1,0,284,141,0.3521
2026-09-03,551,자카드,MATERIAL,1,1,1,1,603,270,0.1658
2026-09-09,551,자카드,MATERIAL,2,2,2,2,170,7,1.1765
2025-09-19,496,졸업식,TPO,1,1,1,0,106,25,0.9434
2026-08-14,496,졸업식,TPO,1,1,1,0,159,54,0.6289
2026-08-15,496,졸업식,TPO,1,1,1,0,172,83,0.5814
2025-10-07,241,주얼리,ITEM,1,1,1,0,18,7,5.5556
2025-10-24,241,주얼리,ITEM,1,1,1,1,96,19,1.0417
2025-11-23,241,주얼리,ITEM,1,1,1,1,92,33,1.087
2025-11-24,241,주얼리,ITEM,1,1,1,0,52,33,1.9231
2025-11-25,241,주얼리,ITEM,2,2,1,0,50,29,4.0
2025-12-07,241,주얼리,ITEM,1,1,1,0,120,49,0.8333
2025-12-13,241,주얼리,ITEM,1,1,1,0,28,20,3.5714
2025-12-19,241,주얼리,ITEM,1,1,1,0,67,36,1.4925
2026-01-19,241,주얼리,ITEM,1,1,1,0,57,27,1.7544
2026-02-06,241,주얼리,ITEM,1,1,1,1,65,32,1.5385
2026-03-31,241,주얼리,ITEM,1,1,1,0,70,26,1.4286
2026-04-03,241,주얼리,ITEM,1,1,1,0,69,31,1.4493
2026-04-18,241,주얼리,ITEM,2,2,1,0,168,63,1.1905
2026-04-19,241,주얼리,ITEM,1,1,1,0,286,115,0.3497
2026-04-23,241,주얼리,ITEM,1,1,1,0,116,64,0.8621
2026-04-28,241,주얼리,ITEM,1,1,1,0,51,26,1.9608
2026-05-01,241,주얼리,ITEM,1,1,1,1,82,24,1.2195
2026-05-12,241,주얼리,ITEM,1,1,1,1,134,52,0.7463
2026-05-14,241,주얼리,ITEM,1,1,1,1,271,108,0.369
2026-05-18,241,주얼리,ITEM,1,1,1,1,146,74,0.6849
2026-05-20,241,주얼리,ITEM,2,2,2,2,244,80,0.8197
2026-05-21,241,주얼리,ITEM,1,1,1,1,270,85,0.3704
2026-05-22,241,주얼리,ITEM,1,1,1,1,227,77,0.4405
2026-05-23,241,주얼리,ITEM,2,2,1,1,331,93,0.6042
2026-05-24,241,주얼리,ITEM,2,2,2,2,297,121,0.6734
2026-05-26,241,주얼리,ITEM,1,1,1,1,189,90,0.5291
2026-05-27,241,주얼리,ITEM,1,1,1,1,222,83,0.4505
2026-05-28,241,주얼리,ITEM,2,2,1,1,228,103,0.8772
2026-05-29,241,주얼리,ITEM,2,2,1,1,188,59,1.0638
2026-05-30,241,주얼리,ITEM,3,3,2,1,234,83,1.2821
2026-05-31,241,주얼리,ITEM,1,1,1,1,354,109,0.2825
2026-06-03,241,주얼리,ITEM,2,2,2,2,222,94,0.9009
2026-06-06,241,주얼리,ITEM,3,3,2,2,336,108,0.8929
2026-06-07,241,주얼리,ITEM,2,2,1,0,322,152,0.6211
2026-06-08,241,주얼리,ITEM,2,2,2,1,380,152,0.5263
2026-06-09,241,주얼리,ITEM,1,1,1,1,247,108,0.4049
2026-06-10,241,주얼리,ITEM,3,3,1,1,345,160,0.8696
2026-06-11,241,주얼리,ITEM,1,1,1,0,239,114,0.4184
2026-06-13,241,주얼리,ITEM,1,1,1,1,267,107,0.3745
2026-06-14,241,주얼리,ITEM,2,2,2,2,529,186,0.3781
2026-06-15,241,주얼리,ITEM,1,1,1,1,440,179,0.2273
2026-06-16,241,주얼리,ITEM,2,2,2,1,465,184,0.4301
2026-06-17,241,주얼리,ITEM,2,2,1,1,365,130,0.5479
2026-06-18,241,주얼리,ITEM,1,1,1,1,286,139,0.3497
2026-06-19,241,주얼리,ITEM,3,3,3,2,510,170,0.5882
2026-06-20,241,주얼리,ITEM,2,2,2,1,422,169,0.4739
2026-06-22,241,주얼리,ITEM,1,1,1,1,455,179,0.2198
2026-06-23,241,주얼리,ITEM,1,1,1,1,401,171,0.2494
2026-06-27,241,주얼리,ITEM,3,3,2,2,214,76,1.4019
2026-06-29,241,주얼리,ITEM,2,2,2,0,182,100,1.0989
2026-06-30,241,주얼리,ITEM,1,1,1,0,156,56,0.641
2026-07-08,241,주얼리,ITEM,1,1,1,1,112,58,0.8929
2026-07-10,241,주얼리,ITEM,2,2,2,2,249,60,0.8032
2026-07-12,241,주얼리,ITEM,1,1,1,1,314,141,0.3185
2026-07-13,241,주얼리,ITEM,3,3,3,3,382,151,0.7853
2026-07-14,241,주얼리,ITEM,1,1,1,0,267,89,0.3745
2026-07-15,241,주얼리,ITEM,3,3,3,3,265,87,1.1321
2026-07-16,241,주얼리,ITEM,1,1,1,1,179,58,0.5587
2026-07-17,241,주얼리,ITEM,2,2,2,2,332,101,0.6024
2026-07-18,241,주얼리,ITEM,2,2,2,2,429,155,0.4662
2026-07-19,241,주얼리,ITEM,4,4,2,2,670,210,0.597
2026-07-20,241,주얼리,ITEM,1,1,1,1,386,140,0.2591
2026-07-22,241,주얼리,ITEM,1,1,1,1,244,112,0.4098
2026-07-24,241,주얼리,ITEM,3,3,3,3,233,80,1.2876
2026-07-25,241,주얼리,ITEM,1,1,1,0,245,115,0.4082
2026-07-26,241,주얼리,ITEM,3,3,3,2,338,132,0.8876
2026-07-28,241,주얼리,ITEM,3,3,3,2,262,125,1.145
2026-07-29,241,주얼리,ITEM,1,1,1,1,238,113,0.4202
2026-07-31,241,주얼리,ITEM,1,1,1,1,204,84,0.4902
2026-08-01,241,주얼리,ITEM,2,2,2,1,277,115,0.722
2026-08-05,241,주얼리,ITEM,3,3,3,3,302,135,0.9934
2026-08-07,241,주얼리,ITEM,1,1,1,1,151,70,0.6623
2026-08-09,241,주얼리,ITEM,1,1,1,0,265,116,0.3774
2026-08-11,241,주얼리,ITEM,4,4,3,1,383,116,1.0444
2026-08-13,241,주얼리,ITEM,1,1,1,0,223,94,0.4484
2026-08-15,241,주얼리,ITEM,2,2,2,0,172,83,1.1628
2026-08-16,241,주얼리,ITEM,1,1,1,1,232,98,0.431
2026-08-17,241,주얼리,ITEM,3,3,2,1,543,223,0.5525
2026-08-21,241,주얼리,ITEM,1,1,1,1,235,105,0.4255
2026-08-22,241,주얼리,ITEM,1,1,1,1,275,117,0.3636
2026-08-23,241,주얼리,ITEM,11,11,1,1,472,218,2.3305
2026-08-24,241,주얼리,ITEM,2,2,2,1,592,293,0.3378
2026-08-25,241,주얼리,ITEM,2,2,1,0,405,202,0.4938
2026-08-28,241,주얼리,ITEM,2,2,2,2,414,157,0.4831
2026-08-31,241,주얼리,ITEM,2,2,2,2,714,321,0.2801
2026-09-01,241,주얼리,ITEM,4,4,3,3,601,253,0.6656
2026-09-02,241,주얼리,ITEM,1,1,1,1,502,221,0.1992
2026-09-04,241,주얼리,ITEM,1,1,1,1,482,221,0.2075
2026-09-05,241,주얼리,ITEM,1,1,1,1,563,234,0.1776
2026-09-06,241,주얼리,ITEM,3,3,3,3,858,363,0.3497
2026-09-07,241,주얼리,ITEM,3,3,3,2,732,308,0.4098
2026-09-09,241,주얼리,ITEM,1,1,1,1,170,7,0.5882
2026-09-10,241,주얼리,ITEM,2,2,2,2,20,5,10.0
2025-12-12,497,집들이,TPO,1,1,1,0,27,17,3.7037
2025-12-13,497,집들이,TPO,1,1,1,0,28,20,3.5714
2025-12-15,497,집들이,TPO,1,1,1,0,10,7,10.0
2025-12-21,497,집들이,TPO,1,1,1,0,92,38,1.087
2025-12-23,497,집들이,TPO,1,1,1,0,50,24,2.0
2026-02-06,497,집들이,TPO,3,3,1,1,65,32,4.6154
2026-02-07,497,집들이,TPO,1,1,1,0,115,57,0.8696
2026-02-08,497,집들이,TPO,1,1,1,0,25,22,4.0
2026-02-10,497,집들이,TPO,1,1,1,0,57,40,1.7544
2025-09-05,181,청바지,ITEM,3,3,1,1,87,25,3.4483
2025-09-06,181,청바지,ITEM,4,4,1,0,103,33,3.8835
2025-09-07,181,청바지,ITEM,1,1,1,0,29,8,3.4483
2025-09-08,181,청바지,ITEM,2,2,1,0,39,12,5.1282
2025-09-20,181,청바지,ITEM,1,1,1,0,96,34,1.0417
2025-09-21,181,청바지,ITEM,1,1,1,0,55,12,1.8182
2025-09-25,181,청바지,ITEM,1,1,1,0,40,12,2.5
2025-09-27,181,청바지,ITEM,2,2,1,0,92,35,2.1739
2025-10-03,181,청바지,ITEM,1,1,1,0,103,20,0.9709
2025-10-06,181,청바지,ITEM,1,1,1,0,19,9,5.2632
2025-10-10,181,청바지,ITEM,2,2,1,0,80,23,2.5
2025-10-19,181,청바지,ITEM,1,1,1,1,46,13,2.1739
2025-10-29,181,청바지,ITEM,1,1,1,0,26,9,3.8462
2025-11-01,181,청바지,ITEM,1,1,1,0,41,19,2.439
2025-11-12,181,청바지,ITEM,1,1,1,1,33,12,3.0303
2025-11-16,181,청바지,ITEM,3,3,2,0,99,44,3.0303
2025-11-19,181,청바지,ITEM,1,1,1,1,165,47,0.6061
2025-11-20,181,청바지,ITEM,1,1,1,1,172,49,0.5814
2025-11-23,181,청바지,ITEM,1,1,1,1,92,33,1.087
2025-12-02,181,청바지,ITEM,1,1,1,0,123,66,0.813
2025-12-03,181,청바지,ITEM,2,2,1,0,93,52,2.1505
2025-12-04,181,청바지,ITEM,1,1,1,0,67,41,1.4925
2025-12-05,181,청바지,ITEM,3,3,2,1,88,46,3.4091
2025-12-06,181,청바지,ITEM,4,4,2,0,91,53,4.3956
2025-12-07,181,청바지,ITEM,1,1,1,0,120,49,0.8333
2025-12-08,181,청바지,ITEM,1,1,1,0,42,28,2.381
2025-12-19,181,청바지,ITEM,1,1,1,0,67,36,1.4925
2025-12-21,181,청바지,ITEM,2,2,2,1,92,38,2.1739
2026-01-02,181,청바지,ITEM,1,1,1,1,103,31,0.9709
2026-01-03,181,청바지,ITEM,1,1,1,0,71,37,1.4085
2026-01-05,181,청바지,ITEM,1,1,1,0,19,11,5.2632
2026-01-06,181,청바지,ITEM,1,1,1,0,35,19,2.8571
2026-01-07,181,청바지,ITEM,3,3,3,0,13,8,23.0769
2026-01-17,181,청바지,ITEM,1,1,1,0,143,78,0.6993
2026-01-20,181,청바지,ITEM,1,1,1,1,57,25,1.7544
2026-01-29,181,청바지,ITEM,1,1,1,1,60,12,1.6667
2026-02-01,181,청바지,ITEM,1,1,1,0,83,43,1.2048
2026-02-13,181,청바지,ITEM,1,1,1,0,13,11,7.6923
2026-02-15,181,청바지,ITEM,1,1,1,0,30,19,3.3333
2026-02-21,181,청바지,ITEM,1,1,1,0,32,19,3.125
2026-02-24,181,청바지,ITEM,1,1,1,0,63,32,1.5873
2026-02-25,181,청바지,ITEM,7,7,1,1,52,33,13.4615
2026-02-26,181,청바지,ITEM,3,3,1,0,56,33,5.3571
2026-02-28,181,청바지,ITEM,1,1,1,0,87,47,1.1494
2026-03-01,181,청바지,ITEM,5,5,3,1,144,46,3.4722
2026-03-02,181,청바지,ITEM,1,1,1,0,49,31,2.0408
2026-03-03,181,청바지,ITEM,1,1,1,0,61,35,1.6393
2026-03-04,181,청바지,ITEM,3,3,2,1,159,65,1.8868
2026-03-05,181,청바지,ITEM,1,1,1,1,64,22,1.5625
2026-03-06,181,청바지,ITEM,1,1,1,0,203,70,0.4926
2026-03-07,181,청바지,ITEM,1,1,1,0,82,41,1.2195
2026-03-08,181,청바지,ITEM,1,1,1,0,71,37,1.4085
2026-03-15,181,청바지,ITEM,1,1,1,1,87,29,1.1494
2026-03-16,181,청바지,ITEM,1,1,1,1,83,23,1.2048
2026-03-17,181,청바지,ITEM,2,2,2,1,76,20,2.6316
2026-03-18,181,청바지,ITEM,3,3,2,0,70,45,4.2857
2026-03-19,181,청바지,ITEM,1,1,1,0,89,60,1.1236
2026-03-20,181,청바지,ITEM,1,1,1,0,44,13,2.2727
2026-03-22,181,청바지,ITEM,2,2,2,2,158,62,1.2658
2026-03-26,181,청바지,ITEM,2,2,2,1,154,65,1.2987
2026-03-27,181,청바지,ITEM,1,1,1,0,124,47,0.8065
2026-03-29,181,청바지,ITEM,1,1,1,0,38,17,2.6316
2026-03-30,181,청바지,ITEM,3,3,2,0,49,29,6.1224
2026-03-31,181,청바지,ITEM,2,2,2,0,70,26,2.8571
2026-04-02,181,청바지,ITEM,2,2,2,0,103,44,1.9417
2026-04-05,181,청바지,ITEM,3,3,1,1,129,44,2.3256
2026-04-08,181,청바지,ITEM,2,2,1,1,32,13,6.25
2026-04-09,181,청바지,ITEM,4,4,1,0,43,30,9.3023
2026-04-11,181,청바지,ITEM,2,2,1,0,80,37,2.5
2026-04-12,181,청바지,ITEM,3,3,3,0,29,19,10.3448
2026-04-14,181,청바지,ITEM,1,1,1,0,4,4,25.0
2026-04-15,181,청바지,ITEM,4,4,3,1,22,10,18.1818
2026-04-16,181,청바지,ITEM,1,1,1,1,41,12,2.439
2026-04-17,181,청바지,ITEM,1,1,1,1,22,9,4.5455
2026-04-18,181,청바지,ITEM,1,1,1,0,168,63,0.5952
2026-04-19,181,청바지,ITEM,1,1,1,1,286,115,0.3497
2026-04-20,181,청바지,ITEM,1,1,1,1,238,90,0.4202
2026-04-23,181,청바지,ITEM,3,3,1,0,116,64,2.5862
2026-04-25,181,청바지,ITEM,1,1,1,0,52,20,1.9231
2026-04-26,181,청바지,ITEM,2,2,2,1,23,11,8.6957
2026-04-27,181,청바지,ITEM,1,1,1,0,175,75,0.5714
2026-04-28,181,청바지,ITEM,1,1,1,0,51,26,1.9608
2026-04-30,181,청바지,ITEM,1,1,1,1,78,19,1.2821
2026-05-01,181,청바지,ITEM,1,1,1,1,82,24,1.2195
2026-05-03,181,청바지,ITEM,1,1,1,1,150,45,0.6667
2026-05-05,181,청바지,ITEM,1,1,1,0,121,55,0.8264
2026-05-06,181,청바지,ITEM,3,3,3,1,95,40,3.1579
2026-05-07,181,청바지,ITEM,1,1,1,0,60,37,1.6667
2026-05-08,181,청바지,ITEM,1,1,1,0,46,32,2.1739
2026-05-09,181,청바지,ITEM,1,1,1,1,71,29,1.4085
2026-05-10,181,청바지,ITEM,1,1,1,0,34,21,2.9412
2026-05-12,181,청바지,ITEM,1,1,1,1,134,52,0.7463
2026-05-13,181,청바지,ITEM,1,1,1,1,137,56,0.7299
2026-05-14,181,청바지,ITEM,2,2,2,1,271,108,0.738
2026-05-15,181,청바지,ITEM,1,1,1,0,177,75,0.565
2026-05-16,181,청바지,ITEM,1,1,1,1,158,49,0.6329
2026-05-18,181,청바지,ITEM,1,1,1,1,146,74,0.6849
2026-05-20,181,청바지,ITEM,3,3,2,1,244,80,1.2295
2026-05-21,181,청바지,ITEM,2,2,2,1,270,85,0.7407
2026-05-22,181,청바지,ITEM,2,2,2,1,227,77,0.8811
2026-05-23,181,청바지,ITEM,7,7,6,4,331,93,2.1148
2026-05-24,181,청바지,ITEM,2,2,2,1,297,121,0.6734
2026-05-25,181,청바지,ITEM,7,7,5,1,400,155,1.75
2026-05-26,181,청바지,ITEM,3,3,3,1,189,90,1.5873
2026-05-27,181,청바지,ITEM,2,2,2,1,222,83,0.9009
2026-05-28,181,청바지,ITEM,5,5,4,0,228,103,2.193
2026-05-29,181,청바지,ITEM,5,5,4,2,188,59,2.6596
2026-05-30,181,청바지,ITEM,5,5,4,2,234,83,2.1368
2026-05-31,181,청바지,ITEM,6,6,3,2,354,109,1.6949
2026-06-01,181,청바지,ITEM,8,8,4,1,360,160,2.2222
2026-06-02,181,청바지,ITEM,3,3,3,0,224,100,1.3393
2026-06-03,181,청바지,ITEM,4,4,4,1,222,94,1.8018
2026-06-04,181,청바지,ITEM,3,3,3,0,137,74,2.1898
2026-06-06,181,청바지,ITEM,6,6,5,4,336,108,1.7857
2026-06-07,181,청바지,ITEM,4,4,4,1,322,152,1.2422
2026-06-08,181,청바지,ITEM,2,2,2,2,380,152,0.5263
2026-06-09,181,청바지,ITEM,4,4,3,2,247,108,1.6194
2026-06-10,181,청바지,ITEM,10,10,4,1,345,160,2.8986
2026-06-11,181,청바지,ITEM,6,6,5,1,239,114,2.5105
2026-06-12,181,청바지,ITEM,2,2,2,2,352,114,0.5682
2026-06-13,181,청바지,ITEM,5,5,3,0,267,107,1.8727
2026-06-14,181,청바지,ITEM,4,4,4,2,529,186,0.7561
2026-06-15,181,청바지,ITEM,4,4,4,1,440,179,0.9091
2026-06-16,181,청바지,ITEM,6,6,4,1,465,184,1.2903
2026-06-17,181,청바지,ITEM,5,5,5,2,365,130,1.3699
2026-06-18,181,청바지,ITEM,1,1,1,0,286,139,0.3497
2026-06-19,181,청바지,ITEM,3,3,3,2,510,170,0.5882
2026-06-20,181,청바지,ITEM,5,5,4,2,422,169,1.1848
2026-06-21,181,청바지,ITEM,8,8,4,3,550,205,1.4545
2026-06-22,181,청바지,ITEM,10,10,7,3,455,179,2.1978
2026-06-23,181,청바지,ITEM,1,1,1,1,401,171,0.2494
2026-06-24,181,청바지,ITEM,1,1,1,1,369,145,0.271
2026-06-25,181,청바지,ITEM,3,3,3,1,162,75,1.8519
2026-06-26,181,청바지,ITEM,1,1,1,0,247,81,0.4049
2026-06-27,181,청바지,ITEM,6,6,5,1,214,76,2.8037
2026-06-28,181,청바지,ITEM,10,10,6,4,327,109,3.0581
2026-06-29,181,청바지,ITEM,8,8,6,1,182,100,4.3956
2026-06-30,181,청바지,ITEM,3,3,3,1,156,56,1.9231
2026-07-02,181,청바지,ITEM,3,3,3,0,107,58,2.8037
2026-07-03,181,청바지,ITEM,4,4,2,2,154,63,2.5974
2026-07-04,181,청바지,ITEM,6,6,5,2,306,114,1.9608
2026-07-05,181,청바지,ITEM,3,3,3,2,295,122,1.0169
2026-07-06,181,청바지,ITEM,4,4,2,0,204,85,1.9608
2026-07-07,181,청바지,ITEM,8,8,5,3,203,85,3.9409
2026-07-09,181,청바지,ITEM,4,4,4,2,161,62,2.4845
2026-07-10,181,청바지,ITEM,4,4,4,2,249,60,1.6064
2026-07-11,181,청바지,ITEM,1,1,1,0,174,63,0.5747
2026-07-12,181,청바지,ITEM,2,2,2,2,314,141,0.6369
2026-07-13,181,청바지,ITEM,8,8,5,2,382,151,2.0942
2026-07-14,181,청바지,ITEM,7,7,5,1,267,89,2.6217
2026-07-15,181,청바지,ITEM,9,9,7,2,265,87,3.3962
2026-07-16,181,청바지,ITEM,2,2,1,0,179,58,1.1173
2026-07-17,181,청바지,ITEM,5,5,4,1,332,101,1.506
2026-07-18,181,청바지,ITEM,4,4,4,1,429,155,0.9324
2026-07-19,181,청바지,ITEM,5,5,5,3,670,210,0.7463
2026-07-20,181,청바지,ITEM,4,4,3,1,386,140,1.0363
2026-07-21,181,청바지,ITEM,2,2,1,1,284,141,0.7042
2026-07-22,181,청바지,ITEM,4,4,3,1,244,112,1.6393
2026-07-23,181,청바지,ITEM,2,2,2,0,243,86,0.823
2026-07-24,181,청바지,ITEM,4,4,4,3,233,80,1.7167
2026-07-25,181,청바지,ITEM,4,4,4,2,245,115,1.6327
2026-07-26,181,청바지,ITEM,6,6,6,1,338,132,1.7751
2026-07-27,181,청바지,ITEM,2,2,2,0,392,161,0.5102
2026-07-28,181,청바지,ITEM,5,5,3,2,262,125,1.9084
2026-07-29,181,청바지,ITEM,8,8,4,2,238,113,3.3613
2026-07-30,181,청바지,ITEM,3,3,2,2,249,101,1.2048
2026-07-31,181,청바지,ITEM,2,2,2,1,204,84,0.9804
2026-08-01,181,청바지,ITEM,4,4,4,2,277,115,1.444
2026-08-02,181,청바지,ITEM,4,4,3,2,250,101,1.6
2026-08-03,181,청바지,ITEM,2,2,1,0,257,111,0.7782
2026-08-04,181,청바지,ITEM,3,3,3,1,225,88,1.3333
2026-08-05,181,청바지,ITEM,1,1,1,0,302,135,0.3311
2026-08-06,181,청바지,ITEM,3,3,2,1,284,112,1.0563
2026-08-07,181,청바지,ITEM,4,4,2,1,151,70,2.649
2026-08-08,181,청바지,ITEM,1,1,1,1,143,57,0.6993
2026-08-09,181,청바지,ITEM,3,3,2,1,265,116,1.1321
2026-08-10,181,청바지,ITEM,4,4,4,3,244,105,1.6393
2026-08-11,181,청바지,ITEM,6,6,6,4,383,116,1.5666
2026-08-12,181,청바지,ITEM,1,1,1,0,194,92,0.5155
2026-08-13,181,청바지,ITEM,2,2,2,1,223,94,0.8969
2026-08-14,181,청바지,ITEM,3,3,3,1,159,54,1.8868
2026-08-15,181,청바지,ITEM,4,4,2,1,172,83,2.3256
2026-08-16,181,청바지,ITEM,3,3,3,3,232,98,1.2931
2026-08-17,181,청바지,ITEM,4,4,3,1,543,223,0.7366
2026-08-18,181,청바지,ITEM,3,3,2,0,303,163,0.9901
2026-08-19,181,청바지,ITEM,7,7,6,0,219,95,3.1963
2026-08-20,181,청바지,ITEM,2,2,2,0,236,110,0.8475
2026-08-21,181,청바지,ITEM,3,3,3,1,235,105,1.2766
2026-08-22,181,청바지,ITEM,3,3,3,2,275,117,1.0909
2026-08-23,181,청바지,ITEM,8,8,5,3,472,218,1.6949
2026-08-24,181,청바지,ITEM,7,7,7,3,592,293,1.1824
2026-08-25,181,청바지,ITEM,2,2,2,0,405,202,0.4938
2026-08-26,181,청바지,ITEM,7,7,2,1,424,195,1.6509
2026-08-27,181,청바지,ITEM,2,2,2,0,330,161,0.6061
2026-08-28,181,청바지,ITEM,4,4,3,2,414,157,0.9662
2026-08-29,181,청바지,ITEM,3,3,3,1,316,144,0.9494
2026-08-30,181,청바지,ITEM,18,18,8,7,735,303,2.449
2026-08-31,181,청바지,ITEM,8,8,7,2,714,321,1.1204
2026-09-01,181,청바지,ITEM,8,8,7,3,601,253,1.3311
2026-09-02,181,청바지,ITEM,6,6,5,1,502,221,1.1952
2026-09-03,181,청바지,ITEM,8,8,7,4,603,270,1.3267
2026-09-04,181,청바지,ITEM,4,4,4,1,482,221,0.8299
2026-09-05,181,청바지,ITEM,15,15,9,3,563,234,2.6643
2026-09-06,181,청바지,ITEM,7,7,6,2,858,363,0.8159
2026-09-07,181,청바지,ITEM,8,8,5,2,732,308,1.0929
2026-09-08,181,청바지,ITEM,3,3,3,1,248,112,1.2097
2026-09-09,181,청바지,ITEM,4,4,4,4,170,7,2.3529
2026-09-10,181,청바지,ITEM,1,1,1,1,20,5,5.0
2026-03-06,717,청키솔,DETAIL,1,1,1,1,203,70,0.4926
2026-04-19,717,청키솔,DETAIL,1,1,1,0,286,115,0.3497
2026-06-02,717,청키솔,DETAIL,1,1,1,0,224,100,0.4464
2026-07-26,717,청키솔,DETAIL,2,2,1,1,338,132,0.5917
2026-07-27,717,청키솔,DETAIL,1,1,1,0,392,161,0.2551
2026-07-28,717,청키솔,DETAIL,1,1,1,0,262,125,0.3817
2025-11-22,607,청키힐,DETAIL,1,1,1,0,75,36,1.3333
2025-12-30,414,초콜릿,COLOR,1,1,1,1,36,17,2.7778
2026-02-08,414,초콜릿,COLOR,1,1,1,0,25,22,4.0
2026-04-19,414,초콜릿,COLOR,2,2,1,1,286,115,0.6993
2026-06-30,414,초콜릿,COLOR,1,1,1,0,156,56,0.641
2026-08-21,414,초콜릿,COLOR,1,1,1,0,235,105,0.4255
2026-08-27,414,초콜릿,COLOR,1,1,1,0,330,161,0.303
2026-08-30,414,초콜릿,COLOR,5,5,1,1,735,303,0.6803
2026-08-31,414,초콜릿,COLOR,1,1,1,0,714,321,0.1401
2026-09-03,414,초콜릿,COLOR,1,1,1,1,603,270,0.1658
2026-09-05,414,초콜릿,COLOR,1,1,1,0,563,234,0.1776
2026-09-07,414,초콜릿,COLOR,1,1,1,0,732,308,0.1366
2026-09-08,414,초콜릿,COLOR,1,1,1,0,248,112,0.4032
2026-05-23,638,카울넥,DETAIL,1,1,1,1,331,93,0.3021
2026-06-30,638,카울넥,DETAIL,1,1,1,1,156,56,0.641
2026-07-30,638,카울넥,DETAIL,1,1,1,1,249,101,0.4016
2026-08-10,638,카울넥,DETAIL,1,1,1,1,244,105,0.4098
2026-09-06,638,카울넥,DETAIL,1,1,1,1,858,363,0.1166
2025-09-01,382,캐주얼,STYLE,6,6,1,0,68,41,8.8235
2025-09-02,382,캐주얼,STYLE,4,4,2,0,36,20,11.1111
2025-09-03,382,캐주얼,STYLE,1,1,1,0,18,10,5.5556
2025-09-04,382,캐주얼,STYLE,2,2,1,0,14,11,14.2857
2025-09-05,382,캐주얼,STYLE,1,1,1,1,87,25,1.1494
2025-09-08,382,캐주얼,STYLE,1,1,1,0,39,12,2.5641
2025-09-12,382,캐주얼,STYLE,2,2,1,1,61,22,3.2787
2025-09-13,382,캐주얼,STYLE,1,1,1,0,46,32,2.1739
2025-09-14,382,캐주얼,STYLE,1,1,1,1,52,13,1.9231
2025-09-19,382,캐주얼,STYLE,2,2,2,1,106,25,1.8868
2025-09-20,382,캐주얼,STYLE,1,1,1,0,96,34,1.0417
2025-09-21,382,캐주얼,STYLE,1,1,1,1,55,12,1.8182
2025-09-24,382,캐주얼,STYLE,1,1,1,1,43,14,2.3256
2025-09-26,382,캐주얼,STYLE,3,3,2,1,76,18,3.9474
2025-09-27,382,캐주얼,STYLE,1,1,1,0,92,35,1.087
2025-09-28,382,캐주얼,STYLE,1,1,1,1,78,15,1.2821
2025-10-03,382,캐주얼,STYLE,1,1,1,1,103,20,0.9709
2025-10-05,382,캐주얼,STYLE,1,1,1,1,53,14,1.8868
2025-10-10,382,캐주얼,STYLE,2,2,1,1,80,23,2.5
2025-10-12,382,캐주얼,STYLE,3,3,2,1,76,22,3.9474
2025-10-17,382,캐주얼,STYLE,1,1,1,1,45,13,2.2222
2025-10-18,382,캐주얼,STYLE,2,2,1,0,18,12,11.1111
2025-10-19,382,캐주얼,STYLE,3,3,2,1,46,13,6.5217
2025-10-24,382,캐주얼,STYLE,1,1,1,1,96,19,1.0417
2025-10-25,382,캐주얼,STYLE,2,2,1,0,48,21,4.1667
2025-10-26,382,캐주얼,STYLE,3,3,2,1,63,15,4.7619
2025-10-28,382,캐주얼,STYLE,1,1,1,0,27,11,3.7037
2025-11-02,382,캐주얼,STYLE,2,2,2,1,86,23,2.3256
2025-11-07,382,캐주얼,STYLE,2,2,1,1,95,32,2.1053
2025-11-08,382,캐주얼,STYLE,1,1,1,0,74,32,1.3514
2025-11-09,382,캐주얼,STYLE,2,2,2,2,76,21,2.6316
2025-11-14,382,캐주얼,STYLE,1,1,1,1,73,20,1.3699
2025-11-16,382,캐주얼,STYLE,1,1,1,1,99,44,1.0101
2025-11-19,382,캐주얼,STYLE,1,1,1,1,165,47,0.6061
2025-11-20,382,캐주얼,STYLE,1,1,1,1,172,49,0.5814
2025-11-21,382,캐주얼,STYLE,2,2,1,1,127,48,1.5748
2025-11-22,382,캐주얼,STYLE,1,1,1,0,75,36,1.3333
2025-11-24,382,캐주얼,STYLE,1,1,1,0,52,33,1.9231
2025-11-28,382,캐주얼,STYLE,1,1,1,1,80,32,1.25
2025-11-30,382,캐주얼,STYLE,4,4,2,1,72,27,5.5556
2025-12-02,382,캐주얼,STYLE,3,3,3,0,123,66,2.439
2025-12-03,382,캐주얼,STYLE,2,2,2,0,93,52,2.1505
2025-12-05,382,캐주얼,STYLE,1,1,1,1,88,46,1.1364
2025-12-07,382,캐주얼,STYLE,3,3,3,1,120,49,2.5
2025-12-19,382,캐주얼,STYLE,1,1,1,1,67,36,1.4925
2025-12-20,382,캐주얼,STYLE,1,1,1,0,56,39,1.7857
2025-12-21,382,캐주얼,STYLE,3,3,2,1,92,38,3.2609
2025-12-23,382,캐주얼,STYLE,1,1,1,0,50,24,2.0
2025-12-27,382,캐주얼,STYLE,1,1,1,0,32,21,3.125
2026-01-02,382,캐주얼,STYLE,3,3,1,1,103,31,2.9126
2026-01-03,382,캐주얼,STYLE,1,1,1,0,71,37,1.4085
2026-01-04,382,캐주얼,STYLE,2,2,1,0,43,22,4.6512
2026-01-09,382,캐주얼,STYLE,3,3,1,0,48,18,6.25
2026-01-10,382,캐주얼,STYLE,4,4,1,0,36,22,11.1111
2026-01-16,382,캐주얼,STYLE,1,1,1,0,108,22,0.9259
2026-01-19,382,캐주얼,STYLE,1,1,1,0,57,27,1.7544
2026-01-20,382,캐주얼,STYLE,1,1,1,1,57,25,1.7544
2026-01-28,382,캐주얼,STYLE,1,1,1,0,29,13,3.4483
2026-01-30,382,캐주얼,STYLE,1,1,1,1,30,17,3.3333
2026-01-31,382,캐주얼,STYLE,1,1,1,1,44,32,2.2727
2026-02-01,382,캐주얼,STYLE,1,1,1,0,83,43,1.2048
2026-02-06,382,캐주얼,STYLE,1,1,1,1,65,32,1.5385
2026-02-07,382,캐주얼,STYLE,1,1,1,1,115,57,0.8696
2026-02-20,382,캐주얼,STYLE,2,2,2,1,152,39,1.3158
2026-02-27,382,캐주얼,STYLE,4,4,2,1,156,44,2.5641
2026-02-28,382,캐주얼,STYLE,1,1,1,0,87,47,1.1494
2026-03-01,382,캐주얼,STYLE,1,1,1,1,144,46,0.6944
2026-03-04,382,캐주얼,STYLE,1,1,1,1,159,65,0.6289
2026-03-05,382,캐주얼,STYLE,1,1,1,1,64,22,1.5625
2026-03-06,382,캐주얼,STYLE,1,1,1,1,203,70,0.4926
2026-03-07,382,캐주얼,STYLE,1,1,1,0,82,41,1.2195
2026-03-09,382,캐주얼,STYLE,1,1,1,0,37,18,2.7027
2026-03-11,382,캐주얼,STYLE,1,1,1,0,20,12,5.0
2026-03-15,382,캐주얼,STYLE,1,1,1,1,87,29,1.1494
2026-03-16,382,캐주얼,STYLE,1,1,1,1,83,23,1.2048
2026-03-17,382,캐주얼,STYLE,1,1,1,1,76,20,1.3158
2026-03-18,382,캐주얼,STYLE,3,3,1,1,70,45,4.2857
2026-03-19,382,캐주얼,STYLE,2,2,1,0,89,60,2.2472
2026-03-20,382,캐주얼,STYLE,1,1,1,1,44,13,2.2727
2026-03-22,382,캐주얼,STYLE,2,2,1,1,158,62,1.2658
2026-03-23,382,캐주얼,STYLE,2,2,2,1,64,38,3.125
2026-03-24,382,캐주얼,STYLE,2,2,2,1,70,41,2.8571
2026-03-26,382,캐주얼,STYLE,1,1,1,1,154,65,0.6494
2026-03-27,382,캐주얼,STYLE,5,5,1,0,124,47,4.0323
2026-03-29,382,캐주얼,STYLE,1,1,1,0,38,17,2.6316
2026-03-31,382,캐주얼,STYLE,1,1,1,1,70,26,1.4286
2026-04-02,382,캐주얼,STYLE,1,1,1,1,103,44,0.9709
2026-04-03,382,캐주얼,STYLE,1,1,1,1,69,31,1.4493
2026-04-04,382,캐주얼,STYLE,1,1,1,0,58,37,1.7241
2026-04-05,382,캐주얼,STYLE,3,3,3,2,129,44,2.3256
2026-04-16,382,캐주얼,STYLE,1,1,1,1,41,12,2.439
2026-04-17,382,캐주얼,STYLE,1,1,1,1,22,9,4.5455
2026-04-18,382,캐주얼,STYLE,1,1,1,0,168,63,0.5952
2026-04-19,382,캐주얼,STYLE,1,1,1,1,286,115,0.3497
2026-04-20,382,캐주얼,STYLE,2,2,2,1,238,90,0.8403
2026-04-23,382,캐주얼,STYLE,1,1,1,1,116,64,0.8621
2026-04-25,382,캐주얼,STYLE,1,1,1,0,52,20,1.9231
2026-04-27,382,캐주얼,STYLE,2,2,2,2,175,75,1.1429
2026-04-28,382,캐주얼,STYLE,1,1,1,0,51,26,1.9608
2026-04-29,382,캐주얼,STYLE,1,1,1,1,54,16,1.8519
2026-04-30,382,캐주얼,STYLE,2,2,2,2,78,19,2.5641
2026-05-01,382,캐주얼,STYLE,1,1,1,1,82,24,1.2195
2026-05-03,382,캐주얼,STYLE,2,2,2,2,150,45,1.3333
2026-05-05,382,캐주얼,STYLE,1,1,1,1,121,55,0.8264
2026-05-06,382,캐주얼,STYLE,1,1,1,1,95,40,1.0526
2026-05-09,382,캐주얼,STYLE,1,1,1,1,71,29,1.4085
2026-05-11,382,캐주얼,STYLE,1,1,1,1,111,47,0.9009
2026-05-12,382,캐주얼,STYLE,2,2,2,2,134,52,1.4925
2026-05-13,382,캐주얼,STYLE,1,1,1,1,137,56,0.7299
2026-05-14,382,캐주얼,STYLE,3,3,3,2,271,108,1.107
2026-05-16,382,캐주얼,STYLE,1,1,1,1,158,49,0.6329
2026-05-18,382,캐주얼,STYLE,2,2,2,1,146,74,1.3699
2026-05-20,382,캐주얼,STYLE,2,2,2,2,244,80,0.8197
2026-05-21,382,캐주얼,STYLE,2,2,2,2,270,85,0.7407
2026-05-22,382,캐주얼,STYLE,2,2,2,2,227,77,0.8811
2026-05-23,382,캐주얼,STYLE,4,4,3,3,331,93,1.2085
2026-05-24,382,캐주얼,STYLE,4,4,3,2,297,121,1.3468
2026-05-25,382,캐주얼,STYLE,8,8,7,4,400,155,2.0
2026-05-26,382,캐주얼,STYLE,2,2,2,2,189,90,1.0582
2026-05-27,382,캐주얼,STYLE,3,3,3,3,222,83,1.3514
2026-05-29,382,캐주얼,STYLE,2,2,2,2,188,59,1.0638
2026-05-30,382,캐주얼,STYLE,2,2,2,2,234,83,0.8547
2026-05-31,382,캐주얼,STYLE,6,6,6,5,354,109,1.6949
2026-06-01,382,캐주얼,STYLE,2,2,2,2,360,160,0.5556
2026-06-02,382,캐주얼,STYLE,3,3,2,1,224,100,1.3393
2026-06-03,382,캐주얼,STYLE,4,4,4,3,222,94,1.8018
2026-06-04,382,캐주얼,STYLE,3,3,3,1,137,74,2.1898
2026-06-05,382,캐주얼,STYLE,2,2,2,1,183,55,1.0929
2026-06-06,382,캐주얼,STYLE,3,3,3,3,336,108,0.8929
2026-06-07,382,캐주얼,STYLE,3,3,3,3,322,152,0.9317
2026-06-08,382,캐주얼,STYLE,7,7,5,4,380,152,1.8421
2026-06-09,382,캐주얼,STYLE,2,2,2,2,247,108,0.8097
2026-06-10,382,캐주얼,STYLE,3,3,3,3,345,160,0.8696
2026-06-11,382,캐주얼,STYLE,2,2,2,2,239,114,0.8368
2026-06-12,382,캐주얼,STYLE,5,5,5,3,352,114,1.4205
2026-06-13,382,캐주얼,STYLE,2,2,2,2,267,107,0.7491
2026-06-14,382,캐주얼,STYLE,6,6,6,6,529,186,1.1342
2026-06-15,382,캐주얼,STYLE,6,6,4,4,440,179,1.3636
2026-06-16,382,캐주얼,STYLE,7,7,7,6,465,184,1.5054
2026-06-17,382,캐주얼,STYLE,7,7,7,6,365,130,1.9178
2026-06-18,382,캐주얼,STYLE,4,4,3,3,286,139,1.3986
2026-06-19,382,캐주얼,STYLE,5,5,4,4,510,170,0.9804
2026-06-20,382,캐주얼,STYLE,5,5,5,4,422,169,1.1848
2026-06-21,382,캐주얼,STYLE,8,8,8,8,550,205,1.4545
2026-06-22,382,캐주얼,STYLE,6,6,6,6,455,179,1.3187
2026-06-23,382,캐주얼,STYLE,5,5,5,5,401,171,1.2469
2026-06-24,382,캐주얼,STYLE,3,3,3,3,369,145,0.813
2026-06-25,382,캐주얼,STYLE,3,3,2,1,162,75,1.8519
2026-06-26,382,캐주얼,STYLE,4,4,4,3,247,81,1.6194
2026-06-27,382,캐주얼,STYLE,3,3,3,3,214,76,1.4019
2026-06-28,382,캐주얼,STYLE,5,5,5,5,327,109,1.5291
2026-06-29,382,캐주얼,STYLE,2,2,1,1,182,100,1.0989
2026-06-30,382,캐주얼,STYLE,1,1,1,1,156,56,0.641
2026-07-01,382,캐주얼,STYLE,4,4,4,3,261,93,1.5326
2026-07-03,382,캐주얼,STYLE,3,3,3,2,154,63,1.9481
2026-07-04,382,캐주얼,STYLE,4,4,4,4,306,114,1.3072
2026-07-05,382,캐주얼,STYLE,5,5,5,5,295,122,1.6949
2026-07-06,382,캐주얼,STYLE,2,2,2,1,204,85,0.9804
2026-07-07,382,캐주얼,STYLE,2,2,2,2,203,85,0.9852
2026-07-08,382,캐주얼,STYLE,3,3,3,2,112,58,2.6786
2026-07-09,382,캐주얼,STYLE,3,3,3,3,161,62,1.8634
2026-07-10,382,캐주얼,STYLE,4,4,4,4,249,60,1.6064
2026-07-11,382,캐주얼,STYLE,2,2,2,2,174,63,1.1494
2026-07-12,382,캐주얼,STYLE,3,3,3,3,314,141,0.9554
2026-07-13,382,캐주얼,STYLE,4,4,4,3,382,151,1.0471
2026-07-14,382,캐주얼,STYLE,3,3,3,3,267,89,1.1236
2026-07-15,382,캐주얼,STYLE,4,4,4,3,265,87,1.5094
2026-07-16,382,캐주얼,STYLE,3,3,3,3,179,58,1.676
2026-07-17,382,캐주얼,STYLE,5,5,5,5,332,101,1.506
2026-07-18,382,캐주얼,STYLE,7,7,7,6,429,155,1.6317
2026-07-19,382,캐주얼,STYLE,5,5,5,5,670,210,0.7463
2026-07-20,382,캐주얼,STYLE,5,5,3,2,386,140,1.2953
2026-07-21,382,캐주얼,STYLE,2,2,2,2,284,141,0.7042
2026-07-22,382,캐주얼,STYLE,1,1,1,1,244,112,0.4098
2026-07-23,382,캐주얼,STYLE,5,5,5,5,243,86,2.0576
2026-07-24,382,캐주얼,STYLE,2,2,2,2,233,80,0.8584
2026-07-25,382,캐주얼,STYLE,2,2,2,2,245,115,0.8163
2026-07-26,382,캐주얼,STYLE,4,4,4,3,338,132,1.1834
2026-07-27,382,캐주얼,STYLE,3,3,2,2,392,161,0.7653
2026-07-28,382,캐주얼,STYLE,2,2,2,2,262,125,0.7634
2026-07-29,382,캐주얼,STYLE,3,3,3,3,238,113,1.2605
2026-07-30,382,캐주얼,STYLE,4,4,3,2,249,101,1.6064
2026-07-31,382,캐주얼,STYLE,4,4,4,3,204,84,1.9608
2026-08-01,382,캐주얼,STYLE,2,2,2,2,277,115,0.722
2026-08-02,382,캐주얼,STYLE,5,5,4,4,250,101,2.0
2026-08-03,382,캐주얼,STYLE,5,5,5,4,257,111,1.9455
2026-08-04,382,캐주얼,STYLE,3,3,3,3,225,88,1.3333
2026-08-05,382,캐주얼,STYLE,3,3,3,2,302,135,0.9934
2026-08-06,382,캐주얼,STYLE,2,2,2,2,284,112,0.7042
2026-08-07,382,캐주얼,STYLE,1,1,1,1,151,70,0.6623
2026-08-08,382,캐주얼,STYLE,2,2,2,2,143,57,1.3986
2026-08-09,382,캐주얼,STYLE,2,2,2,1,265,116,0.7547
2026-08-10,382,캐주얼,STYLE,3,3,3,2,244,105,1.2295
2026-08-11,382,캐주얼,STYLE,4,4,4,4,383,116,1.0444
2026-08-12,382,캐주얼,STYLE,1,1,1,1,194,92,0.5155
2026-08-13,382,캐주얼,STYLE,1,1,1,1,223,94,0.4484
2026-08-14,382,캐주얼,STYLE,2,2,2,1,159,54,1.2579
2026-08-15,382,캐주얼,STYLE,1,1,1,1,172,83,0.5814
2026-08-16,382,캐주얼,STYLE,3,3,2,2,232,98,1.2931
2026-08-17,382,캐주얼,STYLE,3,3,3,3,543,223,0.5525
2026-08-18,382,캐주얼,STYLE,1,1,1,0,303,163,0.33
2026-08-21,382,캐주얼,STYLE,2,2,2,2,235,105,0.8511
2026-08-22,382,캐주얼,STYLE,2,2,2,1,275,117,0.7273
2026-08-23,382,캐주얼,STYLE,4,4,4,4,472,218,0.8475
2026-08-24,382,캐주얼,STYLE,12,12,7,4,592,293,2.027
2026-08-25,382,캐주얼,STYLE,5,5,5,4,405,202,1.2346
2026-08-26,382,캐주얼,STYLE,2,2,2,2,424,195,0.4717
2026-08-27,382,캐주얼,STYLE,9,9,4,2,330,161,2.7273
2026-08-28,382,캐주얼,STYLE,5,5,5,3,414,157,1.2077
2026-08-29,382,캐주얼,STYLE,4,4,4,3,316,144,1.2658
2026-08-30,382,캐주얼,STYLE,11,11,7,5,735,303,1.4966
2026-08-31,382,캐주얼,STYLE,6,6,5,4,714,321,0.8403
2026-09-01,382,캐주얼,STYLE,5,5,5,4,601,253,0.8319
2026-09-02,382,캐주얼,STYLE,1,1,1,1,502,221,0.1992
2026-09-03,382,캐주얼,STYLE,4,4,4,4,603,270,0.6633
2026-09-04,382,캐주얼,STYLE,5,5,5,3,482,221,1.0373
2026-09-05,382,캐주얼,STYLE,5,5,5,4,563,234,0.8881
2026-09-06,382,캐주얼,STYLE,10,10,10,8,858,363,1.1655
2026-09-07,382,캐주얼,STYLE,4,4,4,4,732,308,0.5464
2026-09-08,382,캐주얼,STYLE,4,4,4,3,248,112,1.6129
2026-09-09,382,캐주얼,STYLE,4,4,4,4,170,7,2.3529
2026-09-10,382,캐주얼,STYLE,1,1,1,1,20,5,5.0
2025-09-12,585,캔버스,MATERIAL,1,1,1,1,61,22,1.6393
2025-11-03,585,캔버스,MATERIAL,1,1,1,1,51,15,1.9608
2026-04-19,585,캔버스,MATERIAL,3,3,2,1,286,115,1.049
2026-04-20,585,캔버스,MATERIAL,1,1,1,0,238,90,0.4202
2026-04-21,585,캔버스,MATERIAL,1,1,1,0,58,30,1.7241
2026-04-27,585,캔버스,MATERIAL,1,1,1,1,175,75,0.5714
2026-05-12,585,캔버스,MATERIAL,1,1,1,1,134,52,0.7463
2026-05-18,585,캔버스,MATERIAL,1,1,1,1,146,74,0.6849
2026-05-20,585,캔버스,MATERIAL,1,1,1,1,244,80,0.4098
2026-05-21,585,캔버스,MATERIAL,2,2,1,1,270,85,0.7407
2026-05-24,585,캔버스,MATERIAL,1,1,1,1,297,121,0.3367
2026-05-27,585,캔버스,MATERIAL,1,1,1,1,222,83,0.4505
2026-06-01,585,캔버스,MATERIAL,1,1,1,1,360,160,0.2778
2026-06-03,585,캔버스,MATERIAL,1,1,1,1,222,94,0.4505
2026-06-06,585,캔버스,MATERIAL,1,1,1,1,336,108,0.2976
2026-06-17,585,캔버스,MATERIAL,2,2,1,1,365,130,0.5479
2026-06-19,585,캔버스,MATERIAL,1,1,1,1,510,170,0.1961
2026-06-20,585,캔버스,MATERIAL,1,1,1,1,422,169,0.237
2026-06-24,585,캔버스,MATERIAL,2,2,1,1,369,145,0.542
2026-07-04,585,캔버스,MATERIAL,1,1,1,1,306,114,0.3268
2026-07-10,585,캔버스,MATERIAL,1,1,1,1,249,60,0.4016
2026-07-17,585,캔버스,MATERIAL,1,1,1,1,332,101,0.3012
2026-07-19,585,캔버스,MATERIAL,1,1,1,1,670,210,0.1493
2026-07-23,585,캔버스,MATERIAL,1,1,1,1,243,86,0.4115
2026-07-25,585,캔버스,MATERIAL,1,1,1,1,245,115,0.4082
2026-07-26,585,캔버스,MATERIAL,1,1,1,1,338,132,0.2959
2026-07-27,585,캔버스,MATERIAL,1,1,1,0,392,161,0.2551
2026-07-30,585,캔버스,MATERIAL,1,1,1,0,249,101,0.4016
2026-08-24,585,캔버스,MATERIAL,1,1,1,0,592,293,0.1689
2026-09-01,585,캔버스,MATERIAL,2,2,1,1,601,253,0.3328
2026-09-02,585,캔버스,MATERIAL,2,2,2,2,502,221,0.3984
2025-09-12,534,캠퍼스,TPO,1,1,1,1,61,22,1.6393
2025-09-19,534,캠퍼스,TPO,1,1,1,1,106,25,0.9434
2025-09-26,534,캠퍼스,TPO,1,1,1,1,76,18,1.3158
2025-10-17,534,캠퍼스,TPO,1,1,1,1,45,13,2.2222
2025-10-24,534,캠퍼스,TPO,1,1,1,1,96,19,1.0417
2025-11-06,534,캠퍼스,TPO,1,1,1,0,32,11,3.125
2025-11-07,534,캠퍼스,TPO,1,1,1,1,95,32,1.0526
2025-11-14,534,캠퍼스,TPO,1,1,1,1,73,20,1.3699
2025-11-21,534,캠퍼스,TPO,1,1,1,1,127,48,0.7874
2025-11-25,534,캠퍼스,TPO,1,1,1,0,50,29,2.0
2025-12-05,534,캠퍼스,TPO,1,1,1,1,88,46,1.1364
2026-02-05,534,캠퍼스,TPO,1,1,1,1,39,26,2.5641
2026-04-10,534,캠퍼스,TPO,1,1,1,0,37,22,2.7027
2026-06-09,534,캠퍼스,TPO,1,1,1,0,247,108,0.4049
2026-06-16,534,캠퍼스,TPO,1,1,1,1,465,184,0.2151
2026-06-17,534,캠퍼스,TPO,1,1,1,1,365,130,0.274
2026-06-19,534,캠퍼스,TPO,1,1,1,1,510,170,0.1961
2026-06-22,534,캠퍼스,TPO,1,1,1,1,455,179,0.2198
2026-07-19,534,캠퍼스,TPO,1,1,1,0,670,210,0.1493
2026-08-17,534,캠퍼스,TPO,1,1,1,0,543,223,0.1842
2026-08-28,534,캠퍼스,TPO,1,1,1,0,414,157,0.2415
2026-08-31,534,캠퍼스,TPO,1,1,1,1,714,321,0.1401
2026-09-01,534,캠퍼스,TPO,1,1,1,1,601,253,0.1664
2026-09-02,534,캠퍼스,TPO,1,1,1,1,502,221,0.1992
2026-09-06,534,캠퍼스,TPO,1,1,1,1,858,363,0.1166
2026-05-16,729,캡소매,DETAIL,1,1,1,1,158,49,0.6329
2026-05-23,729,캡소매,DETAIL,2,2,1,1,331,93,0.6042
2026-05-25,729,캡소매,DETAIL,1,1,1,0,400,155,0.25
2026-05-28,729,캡소매,DETAIL,1,1,1,0,228,103,0.4386
2026-05-29,729,캡소매,DETAIL,1,1,1,0,188,59,0.5319
2026-05-31,729,캡소매,DETAIL,1,1,1,1,354,109,0.2825
2026-06-05,729,캡소매,DETAIL,1,1,1,1,183,55,0.5464
2026-06-06,729,캡소매,DETAIL,1,1,1,1,336,108,0.2976
2026-06-12,729,캡소매,DETAIL,3,3,3,2,352,114,0.8523
2026-06-13,729,캡소매,DETAIL,1,1,1,1,267,107,0.3745
2026-06-14,729,캡소매,DETAIL,2,2,1,0,529,186,0.3781
2026-06-21,729,캡소매,DETAIL,1,1,1,1,550,205,0.1818
2026-06-26,729,캡소매,DETAIL,1,1,1,0,247,81,0.4049
2026-07-04,729,캡소매,DETAIL,1,1,1,1,306,114,0.3268
2026-07-13,729,캡소매,DETAIL,3,3,1,1,382,151,0.7853
2026-07-17,729,캡소매,DETAIL,1,1,1,0,332,101,0.3012
2026-07-19,729,캡소매,DETAIL,1,1,1,0,670,210,0.1493
2026-08-03,729,캡소매,DETAIL,1,1,1,0,257,111,0.3891
2026-08-04,729,캡소매,DETAIL,1,1,1,1,225,88,0.4444
2026-08-10,729,캡소매,DETAIL,1,1,1,1,244,105,0.4098
2026-08-11,729,캡소매,DETAIL,1,1,1,1,383,116,0.2611
2026-09-04,729,캡소매,DETAIL,1,1,1,0,482,221,0.2075
2025-11-02,671,커브드,DETAIL,1,1,1,0,86,23,1.1628
2026-02-07,671,커브드,DETAIL,3,3,1,0,115,57,2.6087
2026-02-20,671,커브드,DETAIL,1,1,1,0,152,39,0.6579
2026-02-25,671,커브드,DETAIL,3,3,1,1,52,33,5.7692
2026-02-26,671,커브드,DETAIL,2,2,1,0,56,33,3.5714
2026-03-03,671,커브드,DETAIL,1,1,1,0,61,35,1.6393
2026-03-04,671,커브드,DETAIL,1,1,1,0,159,65,0.6289
2026-03-05,671,커브드,DETAIL,1,1,1,1,64,22,1.5625
2026-03-06,671,커브드,DETAIL,1,1,1,0,203,70,0.4926
2026-03-17,671,커브드,DETAIL,1,1,1,1,76,20,1.3158
2026-03-26,671,커브드,DETAIL,1,1,1,1,154,65,0.6494
2026-03-30,671,커브드,DETAIL,1,1,1,0,49,29,2.0408
2026-05-03,671,커브드,DETAIL,4,4,1,1,150,45,2.6667
2026-05-04,671,커브드,DETAIL,3,3,1,0,61,39,4.918
2026-05-05,671,커브드,DETAIL,1,1,1,1,121,55,0.8264
2026-05-12,671,커브드,DETAIL,1,1,1,1,134,52,0.7463
2026-05-20,671,커브드,DETAIL,26,26,1,1,244,80,10.6557
2026-05-21,671,커브드,DETAIL,11,11,2,1,270,85,4.0741
2026-05-22,671,커브드,DETAIL,8,8,1,0,227,77,3.5242
2026-05-23,671,커브드,DETAIL,2,2,2,0,331,93,0.6042
2026-05-24,671,커브드,DETAIL,4,4,2,0,297,121,1.3468
2026-05-25,671,커브드,DETAIL,3,3,2,0,400,155,0.75
2026-05-27,671,커브드,DETAIL,4,4,3,1,222,83,1.8018
2026-05-30,671,커브드,DETAIL,1,1,1,0,234,83,0.4274
2026-05-31,671,커브드,DETAIL,5,5,3,2,354,109,1.4124
2026-06-01,671,커브드,DETAIL,3,3,1,0,360,160,0.8333
2026-06-02,671,커브드,DETAIL,1,1,1,0,224,100,0.4464
2026-06-03,671,커브드,DETAIL,2,2,2,0,222,94,0.9009
2026-06-04,671,커브드,DETAIL,1,1,1,0,137,74,0.7299
2026-06-06,671,커브드,DETAIL,1,1,1,1,336,108,0.2976
2026-06-07,671,커브드,DETAIL,1,1,1,1,322,152,0.3106
2026-06-11,671,커브드,DETAIL,2,2,2,1,239,114,0.8368
2026-06-12,671,커브드,DETAIL,3,3,3,2,352,114,0.8523
2026-06-13,671,커브드,DETAIL,2,2,1,0,267,107,0.7491
2026-06-14,671,커브드,DETAIL,3,3,3,2,529,186,0.5671
2026-06-15,671,커브드,DETAIL,1,1,1,1,440,179,0.2273
2026-06-16,671,커브드,DETAIL,1,1,1,1,465,184,0.2151
2026-06-17,671,커브드,DETAIL,4,4,3,3,365,130,1.0959
2026-06-18,671,커브드,DETAIL,2,2,1,0,286,139,0.6993
2026-06-19,671,커브드,DETAIL,3,3,2,1,510,170,0.5882
2026-06-20,671,커브드,DETAIL,1,1,1,1,422,169,0.237
2026-06-21,671,커브드,DETAIL,9,9,4,2,550,205,1.6364
2026-06-22,671,커브드,DETAIL,3,3,3,2,455,179,0.6593
2026-06-23,671,커브드,DETAIL,1,1,1,0,401,171,0.2494
2026-06-24,671,커브드,DETAIL,1,1,1,0,369,145,0.271
2026-06-30,671,커브드,DETAIL,1,1,1,1,156,56,0.641
2026-07-01,671,커브드,DETAIL,1,1,1,0,261,93,0.3831
2026-07-02,671,커브드,DETAIL,1,1,1,0,107,58,0.9346
2026-07-03,671,커브드,DETAIL,1,1,1,1,154,63,0.6494
2026-07-04,671,커브드,DETAIL,1,1,1,1,306,114,0.3268
2026-07-05,671,커브드,DETAIL,1,1,1,1,295,122,0.339
2026-07-07,671,커브드,DETAIL,2,2,2,1,203,85,0.9852
2026-07-09,671,커브드,DETAIL,1,1,1,1,161,62,0.6211
2026-07-10,671,커브드,DETAIL,1,1,1,1,249,60,0.4016
2026-07-13,671,커브드,DETAIL,1,1,1,0,382,151,0.2618
2026-07-14,671,커브드,DETAIL,2,2,1,1,267,89,0.7491
2026-07-15,671,커브드,DETAIL,3,3,3,2,265,87,1.1321
2026-07-19,671,커브드,DETAIL,2,2,2,1,670,210,0.2985
2026-07-20,671,커브드,DETAIL,2,2,2,1,386,140,0.5181
2026-07-21,671,커브드,DETAIL,1,1,1,1,284,141,0.3521
2026-07-26,671,커브드,DETAIL,2,2,2,1,338,132,0.5917
2026-07-29,671,커브드,DETAIL,1,1,1,1,238,113,0.4202
2026-07-30,671,커브드,DETAIL,5,5,4,1,249,101,2.008
2026-07-31,671,커브드,DETAIL,1,1,1,1,204,84,0.4902
2026-08-02,671,커브드,DETAIL,3,3,3,1,250,101,1.2
2026-08-03,671,커브드,DETAIL,1,1,1,0,257,111,0.3891
2026-08-04,671,커브드,DETAIL,3,3,3,1,225,88,1.3333
2026-08-05,671,커브드,DETAIL,1,1,1,0,302,135,0.3311
2026-08-06,671,커브드,DETAIL,1,1,1,0,284,112,0.3521
2026-08-08,671,커브드,DETAIL,1,1,1,0,143,57,0.6993
2026-08-09,671,커브드,DETAIL,1,1,1,0,265,116,0.3774
2026-08-10,671,커브드,DETAIL,1,1,1,1,244,105,0.4098
2026-08-12,671,커브드,DETAIL,1,1,1,0,194,92,0.5155
2026-08-17,671,커브드,DETAIL,6,6,3,1,543,223,1.105
2026-08-18,671,커브드,DETAIL,3,3,3,0,303,163,0.9901
2026-08-20,671,커브드,DETAIL,1,1,1,0,236,110,0.4237
2026-08-22,671,커브드,DETAIL,2,2,2,2,275,117,0.7273
2026-08-23,671,커브드,DETAIL,1,1,1,0,472,218,0.2119
2026-08-24,671,커브드,DETAIL,2,2,2,2,592,293,0.3378
2026-08-28,671,커브드,DETAIL,3,3,2,2,414,157,0.7246
2026-08-29,671,커브드,DETAIL,1,1,1,0,316,144,0.3165
2026-08-30,671,커브드,DETAIL,1,1,1,1,735,303,0.1361
2026-08-31,671,커브드,DETAIL,10,10,4,3,714,321,1.4006
2026-09-01,671,커브드,DETAIL,9,9,8,2,601,253,1.4975
2026-09-02,671,커브드,DETAIL,5,5,4,1,502,221,0.996
2026-09-03,671,커브드,DETAIL,1,1,1,0,603,270,0.1658
2026-09-04,671,커브드,DETAIL,4,4,3,2,482,221,0.8299
2026-09-05,671,커브드,DETAIL,2,2,2,1,563,234,0.3552
2026-09-06,671,커브드,DETAIL,2,2,2,2,858,363,0.2331
2026-09-07,671,커브드,DETAIL,12,12,2,1,732,308,1.6393
2026-09-08,671,커브드,DETAIL,1,1,1,1,248,112,0.4032
2026-09-09,671,커브드,DETAIL,2,2,2,2,170,7,1.1765
2026-06-13,774,컷아웃,DETAIL,1,1,1,1,267,107,0.3745
2026-06-15,774,컷아웃,DETAIL,1,1,1,1,440,179,0.2273
2026-06-16,774,컷아웃,DETAIL,2,2,1,0,465,184,0.4301
2026-06-21,774,컷아웃,DETAIL,1,1,1,0,550,205,0.1818
2026-06-23,774,컷아웃,DETAIL,1,1,1,1,401,171,0.2494
2026-07-14,774,컷아웃,DETAIL,2,2,1,1,267,89,0.7491
2026-07-21,774,컷아웃,DETAIL,1,1,1,1,284,141,0.3521
2025-11-09,498,콘서트,TPO,1,1,1,1,76,21,1.3158
2026-04-03,498,콘서트,TPO,1,1,1,0,69,31,1.4493
2026-05-05,498,콘서트,TPO,1,1,1,0,121,55,0.8264
2026-09-02,498,콘서트,TPO,1,1,1,0,502,221,0.1992
2026-07-20,555,큐프로,MATERIAL,1,1,1,1,386,140,0.2591
2026-09-06,555,큐프로,MATERIAL,1,1,1,1,858,363,0.1166
2025-11-14,144,크롭탑,ITEM,1,1,1,1,73,20,1.3699
2025-12-19,144,크롭탑,ITEM,1,1,1,0,67,36,1.4925
2025-12-20,144,크롭탑,ITEM,1,1,1,0,56,39,1.7857
2026-03-15,144,크롭탑,ITEM,1,1,1,1,87,29,1.1494
2026-05-12,144,크롭탑,ITEM,1,1,1,0,134,52,0.7463
2026-05-13,144,크롭탑,ITEM,1,1,1,1,137,56,0.7299
2026-06-03,144,크롭탑,ITEM,1,1,1,0,222,94,0.4505
2026-06-19,144,크롭탑,ITEM,1,1,1,1,510,170,0.1961
2026-07-26,144,크롭탑,ITEM,1,1,1,1,338,132,0.2959
2026-08-01,144,크롭탑,ITEM,1,1,1,1,277,115,0.361
2026-08-22,144,크롭탑,ITEM,1,1,1,0,275,117,0.3636
2026-08-26,144,크롭탑,ITEM,1,1,1,0,424,195,0.2358
2025-09-05,375,클래식,STYLE,1,1,1,1,87,25,1.1494
2025-09-12,375,클래식,STYLE,1,1,1,1,61,22,1.6393
2025-09-16,375,클래식,STYLE,1,1,1,0,108,47,0.9259
2025-09-18,375,클래식,STYLE,1,1,1,0,10,8,10.0
2025-09-19,375,클래식,STYLE,1,1,1,1,106,25,0.9434
2025-09-20,375,클래식,STYLE,1,1,1,0,96,34,1.0417
2025-09-21,375,클래식,STYLE,1,1,1,0,55,12,1.8182
2025-09-26,375,클래식,STYLE,1,1,1,1,76,18,1.3158
2025-09-27,375,클래식,STYLE,3,3,1,0,92,35,3.2609
2025-10-03,375,클래식,STYLE,1,1,1,1,103,20,0.9709
2025-10-08,375,클래식,STYLE,1,1,1,0,7,2,14.2857
2025-10-10,375,클래식,STYLE,1,1,1,1,80,23,1.25
2025-10-24,375,클래식,STYLE,2,2,1,1,96,19,2.0833
2025-10-31,375,클래식,STYLE,2,2,1,1,66,25,3.0303
2025-11-02,375,클래식,STYLE,2,2,1,0,86,23,2.3256
2025-11-04,375,클래식,STYLE,2,2,1,0,25,13,8.0
2025-11-06,375,클래식,STYLE,1,1,1,0,32,11,3.125
2025-11-20,375,클래식,STYLE,1,1,1,0,172,49,0.5814
2025-11-21,375,클래식,STYLE,1,1,1,0,127,48,0.7874
2025-11-27,375,클래식,STYLE,1,1,1,0,35,15,2.8571
2025-11-28,375,클래식,STYLE,1,1,1,1,80,32,1.25
2025-12-02,375,클래식,STYLE,3,3,2,2,123,66,2.439
2025-12-15,375,클래식,STYLE,1,1,1,0,10,7,10.0
2026-01-02,375,클래식,STYLE,1,1,1,0,103,31,0.9709
2026-01-09,375,클래식,STYLE,6,6,2,0,48,18,12.5
2026-01-10,375,클래식,STYLE,1,1,1,0,36,22,2.7778
2026-01-13,375,클래식,STYLE,1,1,1,0,8,6,12.5
2026-01-15,375,클래식,STYLE,1,1,1,0,6,3,16.6667
2026-01-16,375,클래식,STYLE,1,1,1,1,108,22,0.9259
2026-01-24,375,클래식,STYLE,1,1,1,0,62,34,1.6129
2026-02-01,375,클래식,STYLE,1,1,1,0,83,43,1.2048
2026-02-20,375,클래식,STYLE,2,2,2,2,152,39,1.3158
2026-02-25,375,클래식,STYLE,1,1,1,0,52,33,1.9231
2026-02-26,375,클래식,STYLE,2,2,1,0,56,33,3.5714
2026-02-27,375,클래식,STYLE,2,2,1,1,156,44,1.2821
2026-03-01,375,클래식,STYLE,1,1,1,0,144,46,0.6944
2026-03-04,375,클래식,STYLE,1,1,1,0,159,65,0.6289
2026-03-06,375,클래식,STYLE,2,2,2,2,203,70,0.9852
2026-03-07,375,클래식,STYLE,3,3,1,0,82,41,3.6585
2026-03-08,375,클래식,STYLE,2,2,2,0,71,37,2.8169
2026-03-09,375,클래식,STYLE,1,1,1,1,37,18,2.7027
2026-03-15,375,클래식,STYLE,1,1,1,0,87,29,1.1494
2026-03-16,375,클래식,STYLE,1,1,1,1,83,23,1.2048
2026-03-17,375,클래식,STYLE,1,1,1,1,76,20,1.3158
2026-03-19,375,클래식,STYLE,2,2,1,0,89,60,2.2472
2026-03-20,375,클래식,STYLE,1,1,1,1,44,13,2.2727
2026-03-21,375,클래식,STYLE,1,1,1,1,23,7,4.3478
2026-03-22,375,클래식,STYLE,1,1,1,1,158,62,0.6329
2026-04-11,375,클래식,STYLE,1,1,1,0,80,37,1.25
2026-04-12,375,클래식,STYLE,1,1,1,0,29,19,3.4483
2026-04-16,375,클래식,STYLE,1,1,1,1,41,12,2.439
2026-04-18,375,클래식,STYLE,1,1,1,1,168,63,0.5952
2026-04-19,375,클래식,STYLE,1,1,1,0,286,115,0.3497
2026-04-21,375,클래식,STYLE,3,3,3,0,58,30,5.1724
2026-04-26,375,클래식,STYLE,1,1,1,0,23,11,4.3478
2026-04-27,375,클래식,STYLE,1,1,1,1,175,75,0.5714
2026-04-29,375,클래식,STYLE,1,1,1,1,54,16,1.8519
2026-04-30,375,클래식,STYLE,1,1,1,1,78,19,1.2821
2026-05-01,375,클래식,STYLE,1,1,1,1,82,24,1.2195
2026-05-09,375,클래식,STYLE,2,2,1,0,71,29,2.8169
2026-05-15,375,클래식,STYLE,1,1,1,0,177,75,0.565
2026-05-17,375,클래식,STYLE,1,1,1,0,166,82,0.6024
2026-05-26,375,클래식,STYLE,1,1,1,1,189,90,0.5291
2026-05-27,375,클래식,STYLE,1,1,1,0,222,83,0.4505
2026-05-31,375,클래식,STYLE,1,1,1,1,354,109,0.2825
2026-06-05,375,클래식,STYLE,1,1,1,1,183,55,0.5464
2026-06-12,375,클래식,STYLE,2,2,2,2,352,114,0.5682
2026-06-15,375,클래식,STYLE,2,2,2,2,440,179,0.4545
2026-06-16,375,클래식,STYLE,1,1,1,0,465,184,0.2151
2026-06-18,375,클래식,STYLE,1,1,1,0,286,139,0.3497
2026-06-19,375,클래식,STYLE,4,4,2,2,510,170,0.7843
2026-06-20,375,클래식,STYLE,1,1,1,1,422,169,0.237
2026-06-22,375,클래식,STYLE,1,1,1,1,455,179,0.2198
2026-06-23,375,클래식,STYLE,1,1,1,1,401,171,0.2494
2026-06-25,375,클래식,STYLE,1,1,1,1,162,75,0.6173
2026-06-27,375,클래식,STYLE,2,2,2,1,214,76,0.9346
2026-06-30,375,클래식,STYLE,1,1,1,0,156,56,0.641
2026-07-01,375,클래식,STYLE,1,1,1,1,261,93,0.3831
2026-07-04,375,클래식,STYLE,1,1,1,1,306,114,0.3268
2026-07-06,375,클래식,STYLE,1,1,1,1,204,85,0.4902
2026-07-10,375,클래식,STYLE,1,1,1,1,249,60,0.4016
2026-07-13,375,클래식,STYLE,1,1,1,0,382,151,0.2618
2026-07-14,375,클래식,STYLE,1,1,1,1,267,89,0.3745
2026-07-17,375,클래식,STYLE,2,2,2,2,332,101,0.6024
2026-07-19,375,클래식,STYLE,1,1,1,1,670,210,0.1493
2026-07-20,375,클래식,STYLE,2,2,2,2,386,140,0.5181
2026-07-22,375,클래식,STYLE,1,1,1,1,244,112,0.4098
2026-07-24,375,클래식,STYLE,2,2,1,1,233,80,0.8584
2026-07-26,375,클래식,STYLE,1,1,1,1,338,132,0.2959
2026-08-01,375,클래식,STYLE,2,2,2,1,277,115,0.722
2026-08-04,375,클래식,STYLE,1,1,1,1,225,88,0.4444
2026-08-05,375,클래식,STYLE,2,2,2,1,302,135,0.6623
2026-08-06,375,클래식,STYLE,1,1,1,1,284,112,0.3521
2026-08-07,375,클래식,STYLE,1,1,1,1,151,70,0.6623
2026-08-09,375,클래식,STYLE,3,3,2,1,265,116,1.1321
2026-08-13,375,클래식,STYLE,2,2,2,1,223,94,0.8969
2026-08-14,375,클래식,STYLE,1,1,1,1,159,54,0.6289
2026-08-17,375,클래식,STYLE,1,1,1,1,543,223,0.1842
2026-08-20,375,클래식,STYLE,2,2,2,0,236,110,0.8475
2026-08-21,375,클래식,STYLE,3,3,2,1,235,105,1.2766
2026-08-22,375,클래식,STYLE,2,2,2,2,275,117,0.7273
2026-08-23,375,클래식,STYLE,1,1,1,1,472,218,0.2119
2026-08-24,375,클래식,STYLE,2,2,2,0,592,293,0.3378
2026-08-25,375,클래식,STYLE,1,1,1,1,405,202,0.2469
2026-08-26,375,클래식,STYLE,2,2,1,1,424,195,0.4717
2026-08-27,375,클래식,STYLE,6,6,2,1,330,161,1.8182
2026-08-28,375,클래식,STYLE,6,6,4,2,414,157,1.4493
2026-08-29,375,클래식,STYLE,2,2,2,1,316,144,0.6329
2026-08-30,375,클래식,STYLE,1,1,1,1,735,303,0.1361
2026-08-31,375,클래식,STYLE,2,2,2,2,714,321,0.2801
2026-09-03,375,클래식,STYLE,2,2,2,2,603,270,0.3317
2026-09-04,375,클래식,STYLE,1,1,1,1,482,221,0.2075
2026-09-06,375,클래식,STYLE,3,3,2,1,858,363,0.3497
2026-09-07,375,클래식,STYLE,1,1,1,1,732,308,0.1366
2026-09-08,375,클래식,STYLE,1,1,1,1,248,112,0.4032
2026-09-09,375,클래식,STYLE,1,1,1,1,170,7,0.5882
2026-03-23,217,클로그,ITEM,1,1,1,0,64,38,1.5625
2026-03-25,217,클로그,ITEM,1,1,1,0,37,25,2.7027
2026-05-01,217,클로그,ITEM,1,1,1,1,82,24,1.2195
2026-05-04,217,클로그,ITEM,1,1,1,0,61,39,1.6393
2026-05-07,217,클로그,ITEM,1,1,1,0,60,37,1.6667
2026-06-14,217,클로그,ITEM,1,1,1,1,529,186,0.189
2026-07-04,217,클로그,ITEM,1,1,1,0,306,114,0.3268
2026-07-13,217,클로그,ITEM,1,1,1,0,382,151,0.2618
2026-07-28,217,클로그,ITEM,1,1,1,1,262,125,0.3817
2026-07-29,217,클로그,ITEM,3,3,2,1,238,113,1.2605
2026-08-03,217,클로그,ITEM,1,1,1,1,257,111,0.3891
2026-08-05,217,클로그,ITEM,1,1,1,1,302,135,0.3311
2026-08-11,217,클로그,ITEM,1,1,1,0,383,116,0.2611
2026-08-12,217,클로그,ITEM,1,1,1,0,194,92,0.5155
2026-08-19,217,클로그,ITEM,1,1,1,0,219,95,0.4566
2026-05-16,713,키튼힐,DETAIL,1,1,1,1,158,49,0.6329
2026-05-23,713,키튼힐,DETAIL,1,1,1,1,331,93,0.3021
2026-06-06,713,키튼힐,DETAIL,2,2,2,1,336,108,0.5952
2026-06-12,713,키튼힐,DETAIL,1,1,1,0,352,114,0.2841
2026-06-28,713,키튼힐,DETAIL,1,1,1,1,327,109,0.3058
2026-07-28,713,키튼힐,DETAIL,1,1,1,0,262,125,0.3817
2026-07-30,713,키튼힐,DETAIL,1,1,1,1,249,101,0.4016
2025-09-02,148,탱크탑,ITEM,1,1,1,0,36,20,2.7778
2026-02-20,148,탱크탑,ITEM,1,1,1,1,152,39,0.6579
2026-03-15,148,탱크탑,ITEM,1,1,1,1,87,29,1.1494
2026-04-12,148,탱크탑,ITEM,1,1,1,0,29,19,3.4483
2026-05-11,148,탱크탑,ITEM,1,1,1,1,111,47,0.9009
2026-05-12,148,탱크탑,ITEM,2,2,2,1,134,52,1.4925
2026-05-21,148,탱크탑,ITEM,1,1,1,1,270,85,0.3704
2026-05-31,148,탱크탑,ITEM,1,1,1,0,354,109,0.2825
2026-06-01,148,탱크탑,ITEM,3,3,2,1,360,160,0.8333
2026-06-03,148,탱크탑,ITEM,1,1,1,1,222,94,0.4505
2026-06-06,148,탱크탑,ITEM,1,1,1,1,336,108,0.2976
2026-06-07,148,탱크탑,ITEM,4,4,1,1,322,152,1.2422
2026-06-08,148,탱크탑,ITEM,1,1,1,1,380,152,0.2632
2026-06-09,148,탱크탑,ITEM,1,1,1,0,247,108,0.4049
2026-06-10,148,탱크탑,ITEM,3,3,1,1,345,160,0.8696
2026-06-11,148,탱크탑,ITEM,2,2,1,0,239,114,0.8368
2026-06-13,148,탱크탑,ITEM,1,1,1,1,267,107,0.3745
2026-06-14,148,탱크탑,ITEM,6,6,2,0,529,186,1.1342
2026-06-15,148,탱크탑,ITEM,2,2,1,0,440,179,0.4545
2026-06-16,148,탱크탑,ITEM,4,4,2,1,465,184,0.8602
2026-06-19,148,탱크탑,ITEM,1,1,1,0,510,170,0.1961
2026-06-20,148,탱크탑,ITEM,3,3,2,2,422,169,0.7109
2026-06-21,148,탱크탑,ITEM,2,2,2,2,550,205,0.3636
2026-06-22,148,탱크탑,ITEM,2,2,1,1,455,179,0.4396
2026-06-24,148,탱크탑,ITEM,1,1,1,1,369,145,0.271
2026-06-25,148,탱크탑,ITEM,1,1,1,0,162,75,0.6173
2026-06-26,148,탱크탑,ITEM,1,1,1,1,247,81,0.4049
2026-06-27,148,탱크탑,ITEM,2,2,1,1,214,76,0.9346
2026-06-29,148,탱크탑,ITEM,2,2,2,1,182,100,1.0989
2026-07-01,148,탱크탑,ITEM,1,1,1,1,261,93,0.3831
2026-07-09,148,탱크탑,ITEM,1,1,1,1,161,62,0.6211
2026-07-12,148,탱크탑,ITEM,2,2,1,1,314,141,0.6369
2026-07-15,148,탱크탑,ITEM,2,2,2,1,265,87,0.7547
2026-07-17,148,탱크탑,ITEM,1,1,1,0,332,101,0.3012
2026-07-21,148,탱크탑,ITEM,1,1,1,0,284,141,0.3521
2026-07-22,148,탱크탑,ITEM,1,1,1,0,244,112,0.4098
2026-07-26,148,탱크탑,ITEM,1,1,1,0,338,132,0.2959
2026-08-01,148,탱크탑,ITEM,1,1,1,1,277,115,0.361
2026-08-04,148,탱크탑,ITEM,1,1,1,0,225,88,0.4444
2026-08-05,148,탱크탑,ITEM,1,1,1,1,302,135,0.3311
2026-08-13,148,탱크탑,ITEM,1,1,1,1,223,94,0.4484
2026-08-20,148,탱크탑,ITEM,1,1,1,1,236,110,0.4237
2026-09-01,148,탱크탑,ITEM,1,1,1,0,601,253,0.1664
2026-09-03,148,탱크탑,ITEM,1,1,1,1,603,270,0.1658
2026-09-06,148,탱크탑,ITEM,1,1,1,1,858,363,0.1166
2026-09-09,148,탱크탑,ITEM,1,1,1,1,170,7,0.5882
2025-11-07,639,터틀넥,DETAIL,1,1,1,1,95,32,1.0526
2025-11-09,639,터틀넥,DETAIL,1,1,1,0,76,21,1.3158
2025-11-14,639,터틀넥,DETAIL,1,1,1,1,73,20,1.3699
2025-11-20,639,터틀넥,DETAIL,1,1,1,1,172,49,0.5814
2025-11-28,639,터틀넥,DETAIL,1,1,1,0,80,32,1.25
2025-11-29,639,터틀넥,DETAIL,1,1,1,0,64,24,1.5625
2025-12-04,639,터틀넥,DETAIL,2,2,1,0,67,41,2.9851
2025-12-05,639,터틀넥,DETAIL,4,4,1,0,88,46,4.5455
2026-01-02,639,터틀넥,DETAIL,2,2,1,1,103,31,1.9417
2026-01-03,639,터틀넥,DETAIL,5,5,1,0,71,37,7.0423
2026-01-04,639,터틀넥,DETAIL,2,2,1,0,43,22,4.6512
2026-01-05,639,터틀넥,DETAIL,1,1,1,0,19,11,5.2632
2026-01-06,639,터틀넥,DETAIL,1,1,1,0,35,19,2.8571
2026-01-08,639,터틀넥,DETAIL,1,1,1,0,21,8,4.7619
2026-01-09,639,터틀넥,DETAIL,1,1,1,0,48,18,2.0833
2026-01-11,639,터틀넥,DETAIL,1,1,1,0,29,17,3.4483
2026-01-16,639,터틀넥,DETAIL,4,4,2,0,108,22,3.7037
2026-01-17,639,터틀넥,DETAIL,1,1,1,0,143,78,0.6993
2026-01-25,639,터틀넥,DETAIL,1,1,1,0,20,15,5.0
2026-07-19,639,터틀넥,DETAIL,1,1,1,1,670,210,0.1493
2026-08-16,639,터틀넥,DETAIL,1,1,1,1,232,98,0.431
2026-08-21,639,터틀넥,DETAIL,1,1,1,1,235,105,0.4255
2026-08-28,639,터틀넥,DETAIL,1,1,1,1,414,157,0.2415
2026-09-05,639,터틀넥,DETAIL,1,1,1,1,563,234,0.1776
2025-09-12,230,토트백,ITEM,1,1,1,1,61,22,1.6393
2025-10-17,230,토트백,ITEM,2,2,1,1,45,13,4.4444
2025-10-19,230,토트백,ITEM,1,1,1,0,46,13,2.1739
2025-10-21,230,토트백,ITEM,1,1,1,0,19,11,5.2632
2025-10-22,230,토트백,ITEM,1,1,1,0,6,5,16.6667
2025-10-23,230,토트백,ITEM,1,1,1,0,25,14,4.0
2026-01-09,230,토트백,ITEM,1,1,1,1,48,18,2.0833
2026-01-23,230,토트백,ITEM,3,3,1,1,61,26,4.918
2026-01-24,230,토트백,ITEM,6,6,1,0,62,34,9.6774
2026-01-25,230,토트백,ITEM,1,1,1,0,20,15,5.0
2026-01-27,230,토트백,ITEM,2,2,1,0,13,5,15.3846
2026-01-30,230,토트백,ITEM,1,1,1,0,30,17,3.3333
2026-02-06,230,토트백,ITEM,1,1,1,0,65,32,1.5385
2026-02-07,230,토트백,ITEM,2,2,1,0,115,57,1.7391
2026-02-13,230,토트백,ITEM,1,1,1,0,13,11,7.6923
2026-02-27,230,토트백,ITEM,3,3,1,0,156,44,1.9231
2026-03-06,230,토트백,ITEM,1,1,1,1,203,70,0.4926
2026-03-16,230,토트백,ITEM,1,1,1,1,83,23,1.2048
2026-03-19,230,토트백,ITEM,1,1,1,0,89,60,1.1236
2026-03-20,230,토트백,ITEM,1,1,1,1,44,13,2.2727
2026-04-17,230,토트백,ITEM,1,1,1,0,22,9,4.5455
2026-05-07,230,토트백,ITEM,1,1,1,0,60,37,1.6667
2026-05-12,230,토트백,ITEM,1,1,1,1,134,52,0.7463
2026-05-14,230,토트백,ITEM,1,1,1,1,271,108,0.369
2026-05-16,230,토트백,ITEM,1,1,1,1,158,49,0.6329
2026-05-21,230,토트백,ITEM,1,1,1,0,270,85,0.3704
2026-05-23,230,토트백,ITEM,1,1,1,1,331,93,0.3021
2026-05-26,230,토트백,ITEM,1,1,1,1,189,90,0.5291
2026-05-31,230,토트백,ITEM,2,2,2,1,354,109,0.565
2026-06-02,230,토트백,ITEM,1,1,1,0,224,100,0.4464
2026-06-03,230,토트백,ITEM,1,1,1,1,222,94,0.4505
2026-06-04,230,토트백,ITEM,1,1,1,0,137,74,0.7299
2026-06-11,230,토트백,ITEM,1,1,1,0,239,114,0.4184
2026-06-14,230,토트백,ITEM,1,1,1,1,529,186,0.189
2026-06-17,230,토트백,ITEM,2,2,1,1,365,130,0.5479
2026-06-19,230,토트백,ITEM,2,2,2,1,510,170,0.3922
2026-06-20,230,토트백,ITEM,1,1,1,1,422,169,0.237
2026-06-24,230,토트백,ITEM,1,1,1,1,369,145,0.271
2026-06-25,230,토트백,ITEM,1,1,1,1,162,75,0.6173
2026-06-28,230,토트백,ITEM,1,1,1,0,327,109,0.3058
2026-07-01,230,토트백,ITEM,2,2,2,2,261,93,0.7663
2026-07-03,230,토트백,ITEM,1,1,1,0,154,63,0.6494
2026-07-10,230,토트백,ITEM,1,1,1,1,249,60,0.4016
2026-07-13,230,토트백,ITEM,1,1,1,0,382,151,0.2618
2026-07-15,230,토트백,ITEM,2,2,2,1,265,87,0.7547
2026-07-17,230,토트백,ITEM,1,1,1,1,332,101,0.3012
2026-07-18,230,토트백,ITEM,1,1,1,1,429,155,0.2331
2026-07-20,230,토트백,ITEM,2,2,2,1,386,140,0.5181
2026-07-21,230,토트백,ITEM,2,2,1,1,284,141,0.7042
2026-07-22,230,토트백,ITEM,1,1,1,0,244,112,0.4098
2026-07-23,230,토트백,ITEM,2,2,2,2,243,86,0.823
2026-07-24,230,토트백,ITEM,1,1,1,1,233,80,0.4292
2026-07-26,230,토트백,ITEM,4,4,4,3,338,132,1.1834
2026-07-27,230,토트백,ITEM,1,1,1,0,392,161,0.2551
2026-08-01,230,토트백,ITEM,1,1,1,0,277,115,0.361
2026-08-17,230,토트백,ITEM,1,1,1,1,543,223,0.1842
2026-08-24,230,토트백,ITEM,1,1,1,1,592,293,0.1689
2026-08-25,230,토트백,ITEM,1,1,1,0,405,202,0.2469
2026-08-28,230,토트백,ITEM,2,2,1,1,414,157,0.4831
2026-09-01,230,토트백,ITEM,2,2,1,1,601,253,0.3328
2026-09-02,230,토트백,ITEM,3,3,3,2,502,221,0.5976
2026-09-03,230,토트백,ITEM,1,1,1,0,603,270,0.1658
2025-09-13,793,투웨이,DETAIL,1,1,1,0,46,32,2.1739
2025-09-27,793,투웨이,DETAIL,1,1,1,0,92,35,1.087
2025-10-19,793,투웨이,DETAIL,1,1,1,0,46,13,2.1739
2025-10-24,793,투웨이,DETAIL,1,1,1,1,96,19,1.0417
2025-11-08,793,투웨이,DETAIL,1,1,1,0,74,32,1.3514
2025-11-20,793,투웨이,DETAIL,1,1,1,1,172,49,0.5814
2025-11-24,793,투웨이,DETAIL,2,2,1,0,52,33,3.8462
2025-12-21,793,투웨이,DETAIL,1,1,1,1,92,38,1.087
2026-01-25,793,투웨이,DETAIL,1,1,1,0,20,15,5.0
2026-01-28,793,투웨이,DETAIL,1,1,1,0,29,13,3.4483
2026-02-12,793,투웨이,DETAIL,1,1,1,0,24,12,4.1667
2026-02-22,793,투웨이,DETAIL,1,1,1,0,61,30,1.6393
2026-02-24,793,투웨이,DETAIL,1,1,1,0,63,32,1.5873
2026-04-05,793,투웨이,DETAIL,1,1,1,1,129,44,0.7752
2026-05-13,793,투웨이,DETAIL,1,1,1,1,137,56,0.7299
2026-06-10,793,투웨이,DETAIL,1,1,1,1,345,160,0.2899
2026-06-11,793,투웨이,DETAIL,1,1,1,1,239,114,0.4184
2026-06-13,793,투웨이,DETAIL,1,1,1,1,267,107,0.3745
2026-06-15,793,투웨이,DETAIL,1,1,1,1,440,179,0.2273
2026-06-20,793,투웨이,DETAIL,1,1,1,1,422,169,0.237
2026-07-01,793,투웨이,DETAIL,1,1,1,1,261,93,0.3831
2026-07-12,793,투웨이,DETAIL,1,1,1,1,314,141,0.3185
2026-07-14,793,투웨이,DETAIL,1,1,1,0,267,89,0.3745
2026-07-15,793,투웨이,DETAIL,1,1,1,1,265,87,0.3774
2026-07-17,793,투웨이,DETAIL,4,4,1,0,332,101,1.2048
2026-07-18,793,투웨이,DETAIL,1,1,1,0,429,155,0.2331
2026-07-19,793,투웨이,DETAIL,1,1,1,0,670,210,0.1493
2026-07-20,793,투웨이,DETAIL,1,1,1,0,386,140,0.2591
2026-07-23,793,투웨이,DETAIL,1,1,1,1,243,86,0.4115
2026-07-27,793,투웨이,DETAIL,1,1,1,1,392,161,0.2551
2026-08-06,793,투웨이,DETAIL,1,1,1,1,284,112,0.3521
2026-08-11,793,투웨이,DETAIL,1,1,1,1,383,116,0.2611
2026-08-17,793,투웨이,DETAIL,1,1,1,1,543,223,0.1842
2026-08-20,793,투웨이,DETAIL,1,1,1,0,236,110,0.4237
2026-08-28,793,투웨이,DETAIL,1,1,1,0,414,157,0.2415
2026-08-30,793,투웨이,DETAIL,13,13,1,1,735,303,1.7687
2026-08-31,793,투웨이,DETAIL,2,2,1,0,714,321,0.2801
2026-09-01,793,투웨이,DETAIL,1,1,1,0,601,253,0.1664
2026-09-02,793,투웨이,DETAIL,1,1,1,1,502,221,0.1992
2026-09-05,793,투웨이,DETAIL,2,2,2,1,563,234,0.3552
2026-09-06,793,투웨이,DETAIL,2,2,2,2,858,363,0.2331
2025-09-01,145,트랙탑,ITEM,1,1,1,0,68,41,1.4706
2025-09-03,145,트랙탑,ITEM,1,1,1,0,18,10,5.5556
2026-02-01,145,트랙탑,ITEM,1,1,1,0,83,43,1.2048
2026-02-03,145,트랙탑,ITEM,1,1,1,0,8,5,12.5
2026-02-10,145,트랙탑,ITEM,1,1,1,1,57,40,1.7544
2026-03-26,145,트랙탑,ITEM,3,3,1,1,154,65,1.9481
2026-03-27,145,트랙탑,ITEM,3,3,1,0,124,47,2.4194
2026-03-28,145,트랙탑,ITEM,2,2,1,0,23,9,8.6957
2026-03-29,145,트랙탑,ITEM,2,2,1,0,38,17,5.2632
2026-03-31,145,트랙탑,ITEM,1,1,1,0,70,26,1.4286
2026-04-02,145,트랙탑,ITEM,3,3,1,0,103,44,2.9126
2026-06-10,145,트랙탑,ITEM,1,1,1,0,345,160,0.2899
2026-08-24,145,트랙탑,ITEM,1,1,1,1,592,293,0.1689
2026-08-30,145,트랙탑,ITEM,1,1,1,0,735,303,0.1361
2026-08-31,145,트랙탑,ITEM,5,5,1,1,714,321,0.7003
2026-09-03,145,트랙탑,ITEM,1,1,1,0,603,270,0.1658
2026-09-04,145,트랙탑,ITEM,2,2,2,1,482,221,0.4149
2025-09-05,581,트위드,MATERIAL,1,1,1,0,87,25,1.1494
2025-09-06,581,트위드,MATERIAL,3,3,1,0,103,33,2.9126
2025-09-19,581,트위드,MATERIAL,3,3,1,1,106,25,2.8302
2025-09-20,581,트위드,MATERIAL,1,1,1,0,96,34,1.0417
2025-09-22,581,트위드,MATERIAL,1,1,1,0,30,17,3.3333
2025-10-03,581,트위드,MATERIAL,2,2,1,1,103,20,1.9417
2025-11-02,581,트위드,MATERIAL,1,1,1,1,86,23,1.1628
2025-12-05,581,트위드,MATERIAL,1,1,1,0,88,46,1.1364
2026-01-15,581,트위드,MATERIAL,1,1,1,0,6,3,16.6667
2026-01-20,581,트위드,MATERIAL,1,1,1,1,57,25,1.7544
2026-02-19,581,트위드,MATERIAL,1,1,1,0,25,13,4.0
2026-02-27,581,트위드,MATERIAL,3,3,1,1,156,44,1.9231
2026-02-28,581,트위드,MATERIAL,1,1,1,0,87,47,1.1494
2026-03-05,581,트위드,MATERIAL,1,1,1,0,64,22,1.5625
2026-03-06,581,트위드,MATERIAL,4,4,1,0,203,70,1.9704
2026-03-21,581,트위드,MATERIAL,1,1,1,1,23,7,4.3478
2026-03-22,581,트위드,MATERIAL,1,1,1,0,158,62,0.6329
2026-04-05,581,트위드,MATERIAL,1,1,1,1,129,44,0.7752
2026-06-12,581,트위드,MATERIAL,2,2,1,1,352,114,0.5682
2026-06-23,581,트위드,MATERIAL,1,1,1,1,401,171,0.2494
2026-06-27,581,트위드,MATERIAL,1,1,1,0,214,76,0.4673
2026-06-29,581,트위드,MATERIAL,1,1,1,0,182,100,0.5495
2026-07-19,581,트위드,MATERIAL,1,1,1,1,670,210,0.1493
2026-07-22,581,트위드,MATERIAL,1,1,1,1,244,112,0.4098
2026-08-09,581,트위드,MATERIAL,1,1,1,1,265,116,0.3774
2026-08-17,581,트위드,MATERIAL,2,2,1,0,543,223,0.3683
2026-08-23,581,트위드,MATERIAL,2,2,1,1,472,218,0.4237
2026-08-25,581,트위드,MATERIAL,1,1,1,1,405,202,0.2469
2026-08-29,581,트위드,MATERIAL,1,1,1,1,316,144,0.3165
2026-09-03,581,트위드,MATERIAL,1,1,1,0,603,270,0.1658
2026-09-06,581,트위드,MATERIAL,1,1,1,1,858,363,0.1166
2025-09-05,146,티셔츠,ITEM,5,5,1,1,87,25,5.7471
2025-09-06,146,티셔츠,ITEM,5,5,1,0,103,33,4.8544
2025-09-08,146,티셔츠,ITEM,1,1,1,0,39,12,2.5641
2025-09-09,146,티셔츠,ITEM,1,1,1,0,11,4,9.0909
2025-09-10,146,티셔츠,ITEM,2,2,1,0,25,7,8.0
2025-09-11,146,티셔츠,ITEM,1,1,1,0,24,8,4.1667
2025-09-14,146,티셔츠,ITEM,1,1,1,1,52,13,1.9231
2025-09-19,146,티셔츠,ITEM,1,1,1,1,106,25,0.9434
2025-09-21,146,티셔츠,ITEM,1,1,1,1,55,12,1.8182
2025-09-25,146,티셔츠,ITEM,1,1,1,0,40,12,2.5
2025-09-26,146,티셔츠,ITEM,1,1,1,1,76,18,1.3158
2025-09-28,146,티셔츠,ITEM,1,1,1,1,78,15,1.2821
2025-10-04,146,티셔츠,ITEM,1,1,1,0,84,22,1.1905
2025-10-05,146,티셔츠,ITEM,1,1,1,1,53,14,1.8868
2025-10-12,146,티셔츠,ITEM,1,1,1,1,76,22,1.3158
2025-10-19,146,티셔츠,ITEM,1,1,1,1,46,13,2.1739
2025-10-24,146,티셔츠,ITEM,1,1,1,1,96,19,1.0417
2025-10-26,146,티셔츠,ITEM,1,1,1,1,63,15,1.5873
2025-10-28,146,티셔츠,ITEM,1,1,1,0,27,11,3.7037
2025-11-02,146,티셔츠,ITEM,1,1,1,1,86,23,1.1628
2025-11-03,146,티셔츠,ITEM,1,1,1,1,51,15,1.9608
2025-11-09,146,티셔츠,ITEM,1,1,1,1,76,21,1.3158
2025-11-12,146,티셔츠,ITEM,1,1,1,0,33,12,3.0303
2025-11-16,146,티셔츠,ITEM,1,1,1,1,99,44,1.0101
2025-11-17,146,티셔츠,ITEM,2,2,1,1,60,30,3.3333
2025-11-18,146,티셔츠,ITEM,3,3,1,0,19,13,15.7895
2025-11-19,146,티셔츠,ITEM,1,1,1,0,165,47,0.6061
2025-11-20,146,티셔츠,ITEM,1,1,1,1,172,49,0.5814
2025-11-22,146,티셔츠,ITEM,1,1,1,0,75,36,1.3333
2025-11-29,146,티셔츠,ITEM,1,1,1,1,64,24,1.5625
2025-11-30,146,티셔츠,ITEM,1,1,1,0,72,27,1.3889
2025-12-01,146,티셔츠,ITEM,1,1,1,0,29,14,3.4483
2025-12-03,146,티셔츠,ITEM,1,1,1,0,93,52,1.0753
2025-12-04,146,티셔츠,ITEM,2,2,1,0,67,41,2.9851
2025-12-05,146,티셔츠,ITEM,1,1,1,0,88,46,1.1364
2025-12-07,146,티셔츠,ITEM,1,1,1,0,120,49,0.8333
2025-12-23,146,티셔츠,ITEM,1,1,1,0,50,24,2.0
2025-12-24,146,티셔츠,ITEM,1,1,1,0,22,11,4.5455
2026-01-06,146,티셔츠,ITEM,1,1,1,0,35,19,2.8571
2026-01-08,146,티셔츠,ITEM,1,1,1,0,21,8,4.7619
2026-01-10,146,티셔츠,ITEM,1,1,1,0,36,22,2.7778
2026-01-16,146,티셔츠,ITEM,4,4,3,2,108,22,3.7037
2026-01-17,146,티셔츠,ITEM,3,3,3,0,143,78,2.0979
2026-01-28,146,티셔츠,ITEM,1,1,1,0,29,13,3.4483
2026-01-29,146,티셔츠,ITEM,1,1,1,1,60,12,1.6667
2026-02-03,146,티셔츠,ITEM,1,1,1,0,8,5,12.5
2026-02-14,146,티셔츠,ITEM,1,1,1,0,26,21,3.8462
2026-02-15,146,티셔츠,ITEM,1,1,1,0,30,19,3.3333
2026-02-20,146,티셔츠,ITEM,2,2,1,1,152,39,1.3158
2026-02-21,146,티셔츠,ITEM,1,1,1,0,32,19,3.125
2026-02-22,146,티셔츠,ITEM,1,1,1,1,61,30,1.6393
2026-02-24,146,티셔츠,ITEM,2,2,2,0,63,32,3.1746
2026-03-01,146,티셔츠,ITEM,3,3,2,1,144,46,2.0833
2026-03-03,146,티셔츠,ITEM,1,1,1,0,61,35,1.6393
2026-03-04,146,티셔츠,ITEM,4,4,2,2,159,65,2.5157
2026-03-05,146,티셔츠,ITEM,1,1,1,1,64,22,1.5625
2026-03-06,146,티셔츠,ITEM,4,4,2,0,203,70,1.9704
2026-03-10,146,티셔츠,ITEM,1,1,1,0,28,22,3.5714
2026-03-13,146,티셔츠,ITEM,2,2,2,0,26,18,7.6923
2026-03-16,146,티셔츠,ITEM,1,1,1,1,83,23,1.2048
2026-03-17,146,티셔츠,ITEM,2,2,2,1,76,20,2.6316
2026-03-18,146,티셔츠,ITEM,4,4,2,0,70,45,5.7143
2026-03-19,146,티셔츠,ITEM,7,7,1,0,89,60,7.8652
2026-03-20,146,티셔츠,ITEM,2,2,1,0,44,13,4.5455
2026-03-21,146,티셔츠,ITEM,1,1,1,0,23,7,4.3478
2026-03-22,146,티셔츠,ITEM,4,4,3,1,158,62,2.5316
2026-03-23,146,티셔츠,ITEM,2,2,2,1,64,38,3.125
2026-03-24,146,티셔츠,ITEM,5,5,3,1,70,41,7.1429
2026-03-25,146,티셔츠,ITEM,5,5,2,0,37,25,13.5135
2026-03-26,146,티셔츠,ITEM,6,6,3,0,154,65,3.8961
2026-03-27,146,티셔츠,ITEM,4,4,1,0,124,47,3.2258
2026-03-28,146,티셔츠,ITEM,1,1,1,0,23,9,4.3478
2026-03-30,146,티셔츠,ITEM,16,16,1,0,49,29,32.6531
2026-03-31,146,티셔츠,ITEM,9,9,1,0,70,26,12.8571
2026-04-01,146,티셔츠,ITEM,6,6,2,1,43,22,13.9535
2026-04-02,146,티셔츠,ITEM,8,8,4,0,103,44,7.767
2026-04-03,146,티셔츠,ITEM,3,3,1,0,69,31,4.3478
2026-04-05,146,티셔츠,ITEM,10,10,1,1,129,44,7.7519
2026-04-06,146,티셔츠,ITEM,3,3,3,0,39,22,7.6923
2026-04-10,146,티셔츠,ITEM,5,5,1,1,37,22,13.5135
2026-04-11,146,티셔츠,ITEM,13,13,2,1,80,37,16.25
2026-04-12,146,티셔츠,ITEM,4,4,1,0,29,19,13.7931
2026-04-13,146,티셔츠,ITEM,1,1,1,0,17,11,5.8824
2026-04-16,146,티셔츠,ITEM,2,2,2,1,41,12,4.878
2026-04-17,146,티셔츠,ITEM,1,1,1,0,22,9,4.5455
2026-04-18,146,티셔츠,ITEM,6,6,3,0,168,63,3.5714
2026-04-19,146,티셔츠,ITEM,11,11,4,2,286,115,3.8462
2026-04-20,146,티셔츠,ITEM,8,8,3,1,238,90,3.3613
2026-04-21,146,티셔츠,ITEM,2,2,1,0,58,30,3.4483
2026-04-22,146,티셔츠,ITEM,9,9,3,1,63,26,14.2857
2026-04-23,146,티셔츠,ITEM,5,5,3,0,116,64,4.3103
2026-04-25,146,티셔츠,ITEM,2,2,2,0,52,20,3.8462
2026-04-27,146,티셔츠,ITEM,3,3,3,2,175,75,1.7143
2026-04-29,146,티셔츠,ITEM,1,1,1,1,54,16,1.8519
2026-04-30,146,티셔츠,ITEM,2,2,1,1,78,19,2.5641
2026-05-02,146,티셔츠,ITEM,1,1,1,0,66,35,1.5152
2026-05-03,146,티셔츠,ITEM,3,3,1,1,150,45,2.0
2026-05-04,146,티셔츠,ITEM,2,2,2,1,61,39,3.2787
2026-05-05,146,티셔츠,ITEM,4,4,3,1,121,55,3.3058
2026-05-06,146,티셔츠,ITEM,4,4,3,2,95,40,4.2105
2026-05-08,146,티셔츠,ITEM,2,2,1,0,46,32,4.3478
2026-05-09,146,티셔츠,ITEM,2,2,2,0,71,29,2.8169
2026-05-10,146,티셔츠,ITEM,4,4,4,0,34,21,11.7647
2026-05-11,146,티셔츠,ITEM,4,4,3,3,111,47,3.6036
2026-05-12,146,티셔츠,ITEM,3,3,3,1,134,52,2.2388
2026-05-13,146,티셔츠,ITEM,10,10,6,3,137,56,7.2993
2026-05-14,146,티셔츠,ITEM,8,8,6,2,271,108,2.952
2026-05-15,146,티셔츠,ITEM,7,7,6,0,177,75,3.9548
2026-05-16,146,티셔츠,ITEM,3,3,3,1,158,49,1.8987
2026-05-17,146,티셔츠,ITEM,4,4,2,1,166,82,2.4096
2026-05-18,146,티셔츠,ITEM,1,1,1,0,146,74,0.6849
2026-05-19,146,티셔츠,ITEM,2,2,2,1,39,23,5.1282
2026-05-20,146,티셔츠,ITEM,6,6,4,2,244,80,2.459
2026-05-21,146,티셔츠,ITEM,3,3,3,2,270,85,1.1111
2026-05-22,146,티셔츠,ITEM,5,5,5,2,227,77,2.2026
2026-05-23,146,티셔츠,ITEM,23,23,7,4,331,93,6.9486
2026-05-24,146,티셔츠,ITEM,26,26,7,2,297,121,8.7542
2026-05-25,146,티셔츠,ITEM,26,26,8,5,400,155,6.5
2026-05-26,146,티셔츠,ITEM,14,14,6,2,189,90,7.4074
2026-05-27,146,티셔츠,ITEM,8,8,6,2,222,83,3.6036
2026-05-28,146,티셔츠,ITEM,9,9,7,2,228,103,3.9474
2026-05-29,146,티셔츠,ITEM,4,4,4,1,188,59,2.1277
2026-05-30,146,티셔츠,ITEM,10,10,5,2,234,83,4.2735
2026-05-31,146,티셔츠,ITEM,4,4,4,2,354,109,1.1299
2026-06-01,146,티셔츠,ITEM,9,9,3,1,360,160,2.5
2026-06-02,146,티셔츠,ITEM,11,11,4,1,224,100,4.9107
2026-06-03,146,티셔츠,ITEM,7,7,6,2,222,94,3.1532
2026-06-04,146,티셔츠,ITEM,2,2,2,0,137,74,1.4599
2026-06-05,146,티셔츠,ITEM,7,7,5,2,183,55,3.8251
2026-06-06,146,티셔츠,ITEM,11,11,6,5,336,108,3.2738
2026-06-07,146,티셔츠,ITEM,16,16,8,2,322,152,4.9689
2026-06-08,146,티셔츠,ITEM,6,6,5,4,380,152,1.5789
2026-06-09,146,티셔츠,ITEM,4,4,4,3,247,108,1.6194
2026-06-10,146,티셔츠,ITEM,12,12,6,1,345,160,3.4783
2026-06-11,146,티셔츠,ITEM,4,4,4,0,239,114,1.6736
2026-06-12,146,티셔츠,ITEM,5,5,4,2,352,114,1.4205
2026-06-13,146,티셔츠,ITEM,4,4,3,1,267,107,1.4981
2026-06-14,146,티셔츠,ITEM,33,33,14,10,529,186,6.2382
2026-06-15,146,티셔츠,ITEM,20,20,12,3,440,179,4.5455
2026-06-16,146,티셔츠,ITEM,21,21,11,7,465,184,4.5161
2026-06-17,146,티셔츠,ITEM,16,16,9,5,365,130,4.3836
2026-06-18,146,티셔츠,ITEM,12,12,9,4,286,139,4.1958
2026-06-19,146,티셔츠,ITEM,15,15,10,3,510,170,2.9412
2026-06-20,146,티셔츠,ITEM,21,21,14,6,422,169,4.9763
2026-06-21,146,티셔츠,ITEM,13,13,9,3,550,205,2.3636
2026-06-22,146,티셔츠,ITEM,14,14,7,3,455,179,3.0769
2026-06-23,146,티셔츠,ITEM,12,12,9,4,401,171,2.9925
2026-06-24,146,티셔츠,ITEM,7,7,6,3,369,145,1.897
2026-06-25,146,티셔츠,ITEM,6,6,6,2,162,75,3.7037
2026-06-26,146,티셔츠,ITEM,4,4,4,1,247,81,1.6194
2026-06-27,146,티셔츠,ITEM,7,7,5,3,214,76,3.271
2026-06-28,146,티셔츠,ITEM,4,4,4,3,327,109,1.2232
2026-06-29,146,티셔츠,ITEM,5,5,5,1,182,100,2.7473
2026-06-30,146,티셔츠,ITEM,6,6,3,3,156,56,3.8462
2026-07-01,146,티셔츠,ITEM,17,17,6,4,261,93,6.5134
2026-07-03,146,티셔츠,ITEM,4,4,4,2,154,63,2.5974
2026-07-04,146,티셔츠,ITEM,15,15,6,4,306,114,4.902
2026-07-05,146,티셔츠,ITEM,24,24,6,2,295,122,8.1356
2026-07-06,146,티셔츠,ITEM,14,14,7,2,204,85,6.8627
2026-07-07,146,티셔츠,ITEM,11,11,5,3,203,85,5.4187
2026-07-08,146,티셔츠,ITEM,3,3,3,1,112,58,2.6786
2026-07-09,146,티셔츠,ITEM,5,5,4,2,161,62,3.1056
2026-07-10,146,티셔츠,ITEM,11,11,8,5,249,60,4.4177
2026-07-11,146,티셔츠,ITEM,4,4,3,0,174,63,2.2989
2026-07-12,146,티셔츠,ITEM,12,12,9,5,314,141,3.8217
2026-07-13,146,티셔츠,ITEM,13,13,10,5,382,151,3.4031
2026-07-14,146,티셔츠,ITEM,9,9,8,3,267,89,3.3708
2026-07-15,146,티셔츠,ITEM,4,4,4,1,265,87,1.5094
2026-07-16,146,티셔츠,ITEM,2,2,2,2,179,58,1.1173
2026-07-17,146,티셔츠,ITEM,5,5,4,3,332,101,1.506
2026-07-18,146,티셔츠,ITEM,11,11,7,3,429,155,2.5641
2026-07-19,146,티셔츠,ITEM,24,24,7,4,670,210,3.5821
2026-07-20,146,티셔츠,ITEM,22,22,10,5,386,140,5.6995
2026-07-21,146,티셔츠,ITEM,12,12,6,3,284,141,4.2254
2026-07-22,146,티셔츠,ITEM,16,16,8,3,244,112,6.5574
2026-07-23,146,티셔츠,ITEM,8,8,7,3,243,86,3.2922
2026-07-24,146,티셔츠,ITEM,7,7,5,3,233,80,3.0043
2026-07-25,146,티셔츠,ITEM,5,5,5,2,245,115,2.0408
2026-07-26,146,티셔츠,ITEM,12,12,7,2,338,132,3.5503
2026-07-27,146,티셔츠,ITEM,8,8,3,1,392,161,2.0408
2026-07-28,146,티셔츠,ITEM,14,14,6,3,262,125,5.3435
2026-07-29,146,티셔츠,ITEM,15,15,7,4,238,113,6.3025
2026-07-30,146,티셔츠,ITEM,14,14,8,1,249,101,5.6225
2026-07-31,146,티셔츠,ITEM,6,6,6,2,204,84,2.9412
2026-08-01,146,티셔츠,ITEM,4,4,4,2,277,115,1.444
2026-08-02,146,티셔츠,ITEM,9,9,8,4,250,101,3.6
2026-08-03,146,티셔츠,ITEM,12,12,7,3,257,111,4.6693
2026-08-04,146,티셔츠,ITEM,12,12,6,3,225,88,5.3333
2026-08-05,146,티셔츠,ITEM,16,16,8,3,302,135,5.298
2026-08-06,146,티셔츠,ITEM,15,15,9,1,284,112,5.2817
2026-08-07,146,티셔츠,ITEM,2,2,2,1,151,70,1.3245
2026-08-08,146,티셔츠,ITEM,5,5,5,2,143,57,3.4965
2026-08-09,146,티셔츠,ITEM,5,5,4,2,265,116,1.8868
2026-08-10,146,티셔츠,ITEM,5,5,5,4,244,105,2.0492
2026-08-11,146,티셔츠,ITEM,11,11,9,3,383,116,2.8721
2026-08-12,146,티셔츠,ITEM,5,5,5,1,194,92,2.5773
2026-08-13,146,티셔츠,ITEM,4,4,4,2,223,94,1.7937
2026-08-14,146,티셔츠,ITEM,6,6,4,2,159,54,3.7736
2026-08-15,146,티셔츠,ITEM,5,5,4,3,172,83,2.907
2026-08-16,146,티셔츠,ITEM,4,4,4,2,232,98,1.7241
2026-08-17,146,티셔츠,ITEM,7,7,6,4,543,223,1.2891
2026-08-18,146,티셔츠,ITEM,10,10,6,2,303,163,3.3003
2026-08-19,146,티셔츠,ITEM,2,2,2,1,219,95,0.9132
2026-08-20,146,티셔츠,ITEM,4,4,3,1,236,110,1.6949
2026-08-21,146,티셔츠,ITEM,3,3,2,1,235,105,1.2766
2026-08-22,146,티셔츠,ITEM,6,6,5,2,275,117,2.1818
2026-08-23,146,티셔츠,ITEM,12,12,4,4,472,218,2.5424
2026-08-24,146,티셔츠,ITEM,8,8,5,4,592,293,1.3514
2026-08-25,146,티셔츠,ITEM,6,6,6,2,405,202,1.4815
2026-08-26,146,티셔츠,ITEM,5,5,4,0,424,195,1.1792
2026-08-27,146,티셔츠,ITEM,6,6,5,3,330,161,1.8182
2026-08-28,146,티셔츠,ITEM,5,5,3,1,414,157,1.2077
2026-08-29,146,티셔츠,ITEM,4,4,3,2,316,144,1.2658
2026-08-30,146,티셔츠,ITEM,7,7,4,3,735,303,0.9524
2026-08-31,146,티셔츠,ITEM,5,5,4,2,714,321,0.7003
2026-09-01,146,티셔츠,ITEM,11,11,9,5,601,253,1.8303
2026-09-02,146,티셔츠,ITEM,7,7,6,3,502,221,1.3944
2026-09-03,146,티셔츠,ITEM,13,13,11,5,603,270,2.1559
2026-09-04,146,티셔츠,ITEM,3,3,3,0,482,221,0.6224
2026-09-05,146,티셔츠,ITEM,12,12,8,4,563,234,2.1314
2026-09-06,146,티셔츠,ITEM,15,15,11,4,858,363,1.7483
2026-09-07,146,티셔츠,ITEM,12,12,8,4,732,308,1.6393
2026-09-08,146,티셔츠,ITEM,3,3,3,0,248,112,1.2097
2026-09-09,146,티셔츠,ITEM,2,2,2,2,170,7,1.1765
2026-06-27,768,펄장식,DETAIL,1,1,1,1,214,76,0.4673
2026-06-28,768,펄장식,DETAIL,1,1,1,0,327,109,0.3058
2026-02-19,219,펌프스,ITEM,1,1,1,1,25,13,4.0
2026-02-21,219,펌프스,ITEM,1,1,1,0,32,19,3.125
2026-04-18,219,펌프스,ITEM,1,1,1,1,168,63,0.5952
2026-04-20,219,펌프스,ITEM,1,1,1,0,238,90,0.4202
2026-07-29,219,펌프스,ITEM,1,1,1,1,238,113,0.4202
2026-08-09,219,펌프스,ITEM,1,1,1,1,265,116,0.3774
2026-09-06,219,펌프스,ITEM,1,1,1,1,858,363,0.1166
2026-09-07,219,펌프스,ITEM,1,1,1,0,732,308,0.1366
2025-09-24,376,페미닌,STYLE,1,1,1,0,43,14,2.3256
2025-09-26,376,페미닌,STYLE,1,1,1,1,76,18,1.3158
2025-09-27,376,페미닌,STYLE,1,1,1,0,92,35,1.087
2025-10-03,376,페미닌,STYLE,1,1,1,1,103,20,0.9709
2025-10-09,376,페미닌,STYLE,2,2,1,0,19,5,10.5263
2025-10-18,376,페미닌,STYLE,1,1,1,0,18,12,5.5556
2025-10-22,376,페미닌,STYLE,1,1,1,0,6,5,16.6667
2025-11-15,376,페미닌,STYLE,1,1,1,0,72,28,1.3889
2025-11-24,376,페미닌,STYLE,1,1,1,0,52,33,1.9231
2025-12-20,376,페미닌,STYLE,1,1,1,0,56,39,1.7857
2026-01-09,376,페미닌,STYLE,1,1,1,0,48,18,2.0833
2026-01-18,376,페미닌,STYLE,1,1,1,0,53,29,1.8868
2026-02-20,376,페미닌,STYLE,1,1,1,1,152,39,0.6579
2026-02-27,376,페미닌,STYLE,1,1,1,1,156,44,0.641
2026-03-03,376,페미닌,STYLE,1,1,1,0,61,35,1.6393
2026-03-09,376,페미닌,STYLE,1,1,1,0,37,18,2.7027
2026-03-15,376,페미닌,STYLE,1,1,1,1,87,29,1.1494
2026-03-27,376,페미닌,STYLE,1,1,1,0,124,47,0.8065
2026-03-29,376,페미닌,STYLE,1,1,1,0,38,17,2.6316
2026-04-02,376,페미닌,STYLE,1,1,1,1,103,44,0.9709
2026-04-10,376,페미닌,STYLE,4,4,1,1,37,22,10.8108
2026-04-11,376,페미닌,STYLE,1,1,1,0,80,37,1.25
2026-04-18,376,페미닌,STYLE,1,1,1,1,168,63,0.5952
2026-04-19,376,페미닌,STYLE,1,1,1,1,286,115,0.3497
2026-04-30,376,페미닌,STYLE,1,1,1,1,78,19,1.2821
2026-05-01,376,페미닌,STYLE,1,1,1,1,82,24,1.2195
2026-05-15,376,페미닌,STYLE,2,2,1,1,177,75,1.1299
2026-05-16,376,페미닌,STYLE,1,1,1,1,158,49,0.6329
2026-05-21,376,페미닌,STYLE,1,1,1,0,270,85,0.3704
2026-05-22,376,페미닌,STYLE,1,1,1,1,227,77,0.4405
2026-05-23,376,페미닌,STYLE,2,2,2,2,331,93,0.6042
2026-05-25,376,페미닌,STYLE,1,1,1,0,400,155,0.25
2026-05-29,376,페미닌,STYLE,1,1,1,1,188,59,0.5319
2026-05-31,376,페미닌,STYLE,1,1,1,1,354,109,0.2825
2026-06-01,376,페미닌,STYLE,3,3,2,2,360,160,0.8333
2026-06-02,376,페미닌,STYLE,1,1,1,0,224,100,0.4464
2026-06-05,376,페미닌,STYLE,1,1,1,1,183,55,0.5464
2026-06-06,376,페미닌,STYLE,1,1,1,1,336,108,0.2976
2026-06-09,376,페미닌,STYLE,1,1,1,1,247,108,0.4049
2026-06-12,376,페미닌,STYLE,3,3,3,2,352,114,0.8523
2026-06-13,376,페미닌,STYLE,1,1,1,1,267,107,0.3745
2026-06-16,376,페미닌,STYLE,1,1,1,1,465,184,0.2151
2026-06-18,376,페미닌,STYLE,1,1,1,1,286,139,0.3497
2026-06-20,376,페미닌,STYLE,1,1,1,0,422,169,0.237
2026-06-21,376,페미닌,STYLE,2,2,2,2,550,205,0.3636
2026-06-22,376,페미닌,STYLE,2,2,1,1,455,179,0.4396
2026-06-23,376,페미닌,STYLE,1,1,1,1,401,171,0.2494
2026-06-24,376,페미닌,STYLE,1,1,1,1,369,145,0.271
2026-06-26,376,페미닌,STYLE,2,2,2,2,247,81,0.8097
2026-06-27,376,페미닌,STYLE,1,1,1,1,214,76,0.4673
2026-06-28,376,페미닌,STYLE,2,2,2,2,327,109,0.6116
2026-06-30,376,페미닌,STYLE,1,1,1,1,156,56,0.641
2026-07-01,376,페미닌,STYLE,1,1,1,1,261,93,0.3831
2026-07-04,376,페미닌,STYLE,1,1,1,1,306,114,0.3268
2026-07-05,376,페미닌,STYLE,1,1,1,1,295,122,0.339
2026-07-08,376,페미닌,STYLE,1,1,1,1,112,58,0.8929
2026-07-10,376,페미닌,STYLE,1,1,1,1,249,60,0.4016
2026-07-11,376,페미닌,STYLE,2,2,2,1,174,63,1.1494
2026-07-13,376,페미닌,STYLE,1,1,1,1,382,151,0.2618
2026-07-14,376,페미닌,STYLE,1,1,1,1,267,89,0.3745
2026-07-15,376,페미닌,STYLE,1,1,1,1,265,87,0.3774
2026-07-16,376,페미닌,STYLE,1,1,1,1,179,58,0.5587
2026-07-17,376,페미닌,STYLE,1,1,1,1,332,101,0.3012
2026-07-18,376,페미닌,STYLE,2,2,2,1,429,155,0.4662
2026-07-19,376,페미닌,STYLE,3,3,2,2,670,210,0.4478
2026-07-21,376,페미닌,STYLE,1,1,1,0,284,141,0.3521
2026-07-23,376,페미닌,STYLE,1,1,1,1,243,86,0.4115
2026-07-24,376,페미닌,STYLE,1,1,1,1,233,80,0.4292
2026-07-25,376,페미닌,STYLE,1,1,1,1,245,115,0.4082
2026-07-27,376,페미닌,STYLE,3,3,3,2,392,161,0.7653
2026-07-28,376,페미닌,STYLE,1,1,1,1,262,125,0.3817
2026-07-31,376,페미닌,STYLE,2,2,2,2,204,84,0.9804
2026-08-01,376,페미닌,STYLE,1,1,1,1,277,115,0.361
2026-08-03,376,페미닌,STYLE,1,1,1,1,257,111,0.3891
2026-08-04,376,페미닌,STYLE,1,1,1,1,225,88,0.4444
2026-08-05,376,페미닌,STYLE,2,2,1,1,302,135,0.6623
2026-08-06,376,페미닌,STYLE,2,2,2,1,284,112,0.7042
2026-08-08,376,페미닌,STYLE,1,1,1,1,143,57,0.6993
2026-08-09,376,페미닌,STYLE,2,2,2,0,265,116,0.7547
2026-08-11,376,페미닌,STYLE,1,1,1,1,383,116,0.2611
2026-08-13,376,페미닌,STYLE,2,2,2,2,223,94,0.8969
2026-08-14,376,페미닌,STYLE,3,3,3,2,159,54,1.8868
2026-08-17,376,페미닌,STYLE,4,4,4,2,543,223,0.7366
2026-08-21,376,페미닌,STYLE,2,2,2,1,235,105,0.8511
2026-08-22,376,페미닌,STYLE,3,3,3,2,275,117,1.0909
2026-08-25,376,페미닌,STYLE,1,1,1,1,405,202,0.2469
2026-08-26,376,페미닌,STYLE,2,2,2,1,424,195,0.4717
2026-08-27,376,페미닌,STYLE,1,1,1,0,330,161,0.303
2026-08-28,376,페미닌,STYLE,1,1,1,0,414,157,0.2415
2026-08-30,376,페미닌,STYLE,1,1,1,0,735,303,0.1361
2026-09-03,376,페미닌,STYLE,1,1,1,1,603,270,0.1658
2026-09-04,376,페미닌,STYLE,1,1,1,1,482,221,0.2075
2026-09-06,376,페미닌,STYLE,2,2,2,1,858,363,0.2331
2026-09-07,376,페미닌,STYLE,1,1,1,1,732,308,0.1366
2026-06-21,705,페플럼,DETAIL,1,1,1,0,550,205,0.1818
2026-06-29,705,페플럼,DETAIL,1,1,1,0,182,100,0.5495
2026-07-13,705,페플럼,DETAIL,1,1,1,1,382,151,0.2618
2026-07-15,705,페플럼,DETAIL,1,1,1,1,265,87,0.3774
2026-08-06,705,페플럼,DETAIL,1,1,1,0,284,112,0.3521
2026-08-07,705,페플럼,DETAIL,1,1,1,0,151,70,0.6623
2026-09-03,705,페플럼,DETAIL,1,1,1,1,603,270,0.1658
2026-05-13,588,포플린,MATERIAL,1,1,1,1,137,56,0.7299
2026-06-21,588,포플린,MATERIAL,1,1,1,1,550,205,0.1818
2026-06-24,588,포플린,MATERIAL,1,1,1,1,369,145,0.271
2026-06-26,588,포플린,MATERIAL,1,1,1,1,247,81,0.4049
2026-07-14,588,포플린,MATERIAL,1,1,1,1,267,89,0.3745
2026-07-26,588,포플린,MATERIAL,1,1,1,1,338,132,0.2959
2025-11-14,383,프레피,STYLE,1,1,1,1,73,20,1.3699
2026-03-22,383,프레피,STYLE,1,1,1,1,158,62,0.6329
2026-04-20,383,프레피,STYLE,1,1,1,1,238,90,0.4202
2026-05-21,383,프레피,STYLE,2,2,1,0,270,85,0.7407
2026-05-31,383,프레피,STYLE,1,1,1,1,354,109,0.2825
2026-06-03,383,프레피,STYLE,1,1,1,1,222,94,0.4505
2026-06-13,383,프레피,STYLE,1,1,1,1,267,107,0.3745
2026-07-07,383,프레피,STYLE,1,1,1,0,203,85,0.4926
2026-08-23,383,프레피,STYLE,1,1,1,0,472,218,0.2119
2026-08-25,383,프레피,STYLE,1,1,1,0,405,202,0.2469
2026-02-17,685,플라워,DETAIL,1,1,1,0,9,6,11.1111
2026-03-16,685,플라워,DETAIL,1,1,1,0,83,23,1.2048
2026-05-01,685,플라워,DETAIL,1,1,1,0,82,24,1.2195
2026-05-03,685,플라워,DETAIL,1,1,1,0,150,45,0.6667
2026-05-04,685,플라워,DETAIL,1,1,1,0,61,39,1.6393
2026-05-17,685,플라워,DETAIL,1,1,1,0,166,82,0.6024
2026-05-23,685,플라워,DETAIL,1,1,1,1,331,93,0.3021
2026-05-31,685,플라워,DETAIL,1,1,1,1,354,109,0.2825
2026-06-01,685,플라워,DETAIL,1,1,1,0,360,160,0.2778
2026-06-02,685,플라워,DETAIL,2,2,1,0,224,100,0.8929
2026-06-07,685,플라워,DETAIL,1,1,1,0,322,152,0.3106
2026-06-19,685,플라워,DETAIL,1,1,1,1,510,170,0.1961
2026-06-21,685,플라워,DETAIL,2,2,2,2,550,205,0.3636
2026-06-23,685,플라워,DETAIL,1,1,1,1,401,171,0.2494
2026-06-24,685,플라워,DETAIL,3,3,2,1,369,145,0.813
2026-06-26,685,플라워,DETAIL,1,1,1,1,247,81,0.4049
2026-06-27,685,플라워,DETAIL,1,1,1,1,214,76,0.4673
2026-06-28,685,플라워,DETAIL,1,1,1,1,327,109,0.3058
2026-07-03,685,플라워,DETAIL,1,1,1,0,154,63,0.6494
2026-07-06,685,플라워,DETAIL,1,1,1,1,204,85,0.4902
2026-07-07,685,플라워,DETAIL,1,1,1,0,203,85,0.4926
2026-07-10,685,플라워,DETAIL,1,1,1,0,249,60,0.4016
2026-07-13,685,플라워,DETAIL,1,1,1,1,382,151,0.2618
2026-07-18,685,플라워,DETAIL,1,1,1,1,429,155,0.2331
2026-07-20,685,플라워,DETAIL,1,1,1,0,386,140,0.2591
2026-07-23,685,플라워,DETAIL,2,2,1,1,243,86,0.823
2026-07-27,685,플라워,DETAIL,2,2,2,0,392,161,0.5102
2026-07-28,685,플라워,DETAIL,1,1,1,1,262,125,0.3817
2026-08-11,685,플라워,DETAIL,1,1,1,0,383,116,0.2611
2026-08-13,685,플라워,DETAIL,1,1,1,1,223,94,0.4484
2026-08-21,685,플라워,DETAIL,2,2,1,1,235,105,0.8511
2026-08-22,685,플라워,DETAIL,1,1,1,1,275,117,0.3636
2026-08-28,685,플라워,DETAIL,3,3,1,0,414,157,0.7246
2026-08-29,685,플라워,DETAIL,1,1,1,0,316,144,0.3165
2026-08-30,685,플라워,DETAIL,2,2,1,0,735,303,0.2721
2026-08-31,685,플라워,DETAIL,1,1,1,1,714,321,0.1401
2026-09-03,685,플라워,DETAIL,4,4,3,2,603,270,0.6633
2026-09-05,685,플라워,DETAIL,1,1,1,0,563,234,0.1776
2026-09-06,685,플라워,DETAIL,1,1,1,1,858,363,0.1166
2025-09-15,541,플란넬,MATERIAL,2,2,1,0,110,52,1.8182
2025-09-27,541,플란넬,MATERIAL,1,1,1,0,92,35,1.087
2025-10-24,541,플란넬,MATERIAL,2,2,1,0,96,19,2.0833
2025-10-25,541,플란넬,MATERIAL,1,1,1,0,48,21,2.0833
2025-10-26,541,플란넬,MATERIAL,5,5,1,0,63,15,7.9365
2025-10-27,541,플란넬,MATERIAL,1,1,1,0,24,12,4.1667
2025-10-28,541,플란넬,MATERIAL,1,1,1,0,27,11,3.7037
2025-10-30,541,플란넬,MATERIAL,1,1,1,0,17,10,5.8824
2025-11-02,541,플란넬,MATERIAL,1,1,1,1,86,23,1.1628
2025-11-03,541,플란넬,MATERIAL,1,1,1,1,51,15,1.9608
2025-12-30,541,플란넬,MATERIAL,1,1,1,0,36,17,2.7778
2026-01-04,541,플란넬,MATERIAL,1,1,1,0,43,22,2.3256
2026-06-15,541,플란넬,MATERIAL,1,1,1,1,440,179,0.2273
2026-08-09,541,플란넬,MATERIAL,1,1,1,0,265,116,0.3774
2026-09-05,541,플란넬,MATERIAL,4,4,1,1,563,234,0.7105
2026-09-06,541,플란넬,MATERIAL,1,1,1,0,858,363,0.1166
2026-09-07,541,플란넬,MATERIAL,5,5,1,1,732,308,0.6831
2026-09-08,541,플란넬,MATERIAL,3,3,2,1,248,112,1.2097
2026-09-09,541,플란넬,MATERIAL,1,1,1,1,170,7,0.5882
2025-10-10,604,플랫힐,DETAIL,1,1,1,0,80,23,1.25
2025-12-07,604,플랫힐,DETAIL,1,1,1,1,120,49,0.8333
2026-06-06,604,플랫힐,DETAIL,1,1,1,1,336,108,0.2976
2026-06-26,604,플랫힐,DETAIL,1,1,1,1,247,81,0.4049
2026-08-11,604,플랫힐,DETAIL,1,1,1,1,383,116,0.2611
2026-09-03,604,플랫힐,DETAIL,1,1,1,1,603,270,0.1658
2025-10-03,616,플레어,DETAIL,1,1,1,1,103,20,0.9709
2025-10-09,616,플레어,DETAIL,1,1,1,0,19,5,5.2632
2025-10-26,616,플레어,DETAIL,1,1,1,1,63,15,1.5873
2026-03-19,616,플레어,DETAIL,1,1,1,0,89,60,1.1236
2026-05-15,616,플레어,DETAIL,2,2,1,0,177,75,1.1299
2026-05-16,616,플레어,DETAIL,3,3,1,1,158,49,1.8987
2026-05-17,616,플레어,DETAIL,2,2,2,0,166,82,1.2048
2026-06-01,616,플레어,DETAIL,1,1,1,1,360,160,0.2778
2026-06-05,616,플레어,DETAIL,1,1,1,1,183,55,0.5464
2026-06-12,616,플레어,DETAIL,2,2,2,2,352,114,0.5682
2026-06-15,616,플레어,DETAIL,1,1,1,1,440,179,0.2273
2026-06-16,616,플레어,DETAIL,1,1,1,1,465,184,0.2151
2026-06-24,616,플레어,DETAIL,2,2,2,2,369,145,0.542
2026-06-28,616,플레어,DETAIL,1,1,1,1,327,109,0.3058
2026-06-30,616,플레어,DETAIL,1,1,1,1,156,56,0.641
2026-07-01,616,플레어,DETAIL,1,1,1,1,261,93,0.3831
2026-07-05,616,플레어,DETAIL,1,1,1,1,295,122,0.339
2026-07-07,616,플레어,DETAIL,2,2,1,1,203,85,0.9852
2026-07-09,616,플레어,DETAIL,1,1,1,1,161,62,0.6211
2026-07-10,616,플레어,DETAIL,1,1,1,1,249,60,0.4016
2026-07-13,616,플레어,DETAIL,1,1,1,0,382,151,0.2618
2026-07-14,616,플레어,DETAIL,2,2,1,1,267,89,0.7491
2026-07-15,616,플레어,DETAIL,1,1,1,1,265,87,0.3774
2026-07-18,616,플레어,DETAIL,2,2,1,1,429,155,0.4662
2026-07-19,616,플레어,DETAIL,2,2,1,0,670,210,0.2985
2026-07-20,616,플레어,DETAIL,1,1,1,1,386,140,0.2591
2026-07-21,616,플레어,DETAIL,3,3,2,1,284,141,1.0563
2026-07-23,616,플레어,DETAIL,1,1,1,1,243,86,0.4115
2026-07-24,616,플레어,DETAIL,1,1,1,0,233,80,0.4292
2026-07-25,616,플레어,DETAIL,2,2,2,2,245,115,0.8163
2026-07-26,616,플레어,DETAIL,2,2,2,1,338,132,0.5917
2026-07-27,616,플레어,DETAIL,3,3,3,2,392,161,0.7653
2026-07-28,616,플레어,DETAIL,1,1,1,0,262,125,0.3817
2026-07-30,616,플레어,DETAIL,2,2,1,1,249,101,0.8032
2026-07-31,616,플레어,DETAIL,2,2,2,2,204,84,0.9804
2026-08-01,616,플레어,DETAIL,1,1,1,1,277,115,0.361
2026-08-02,616,플레어,DETAIL,1,1,1,0,250,101,0.4
2026-08-03,616,플레어,DETAIL,3,3,3,1,257,111,1.1673
2026-08-04,616,플레어,DETAIL,1,1,1,1,225,88,0.4444
2026-08-05,616,플레어,DETAIL,1,1,1,1,302,135,0.3311
2026-08-08,616,플레어,DETAIL,1,1,1,0,143,57,0.6993
2026-08-10,616,플레어,DETAIL,1,1,1,1,244,105,0.4098
2026-08-11,616,플레어,DETAIL,2,2,2,1,383,116,0.5222
2026-08-13,616,플레어,DETAIL,1,1,1,1,223,94,0.4484
2026-08-14,616,플레어,DETAIL,1,1,1,1,159,54,0.6289
2026-08-15,616,플레어,DETAIL,2,2,2,1,172,83,1.1628
2026-08-16,616,플레어,DETAIL,2,2,1,0,232,98,0.8621
2026-08-18,616,플레어,DETAIL,1,1,1,0,303,163,0.33
2026-08-24,616,플레어,DETAIL,1,1,1,0,592,293,0.1689
2026-08-25,616,플레어,DETAIL,1,1,1,1,405,202,0.2469
2026-08-28,616,플레어,DETAIL,1,1,1,0,414,157,0.2415
2026-08-29,616,플레어,DETAIL,1,1,1,1,316,144,0.3165
2026-08-30,616,플레어,DETAIL,1,1,1,0,735,303,0.1361
2026-09-03,616,플레어,DETAIL,1,1,1,1,603,270,0.1658
2026-09-04,616,플레어,DETAIL,1,1,1,0,482,221,0.2075
2026-09-06,616,플레어,DETAIL,1,1,1,1,858,363,0.1166
2026-09-08,616,플레어,DETAIL,1,1,1,0,248,112,0.4032
2026-09-09,616,플레어,DETAIL,1,1,1,1,170,7,0.5882
2025-10-24,568,플리스,MATERIAL,1,1,1,1,96,19,1.0417
2025-10-25,568,플리스,MATERIAL,1,1,1,0,48,21,2.0833
2025-10-26,568,플리스,MATERIAL,1,1,1,0,63,15,1.5873
2025-10-27,568,플리스,MATERIAL,2,2,1,0,24,12,8.3333
2025-10-29,568,플리스,MATERIAL,1,1,1,0,26,9,3.8462
2025-11-02,568,플리스,MATERIAL,1,1,1,0,86,23,1.1628
2025-12-04,568,플리스,MATERIAL,2,2,1,0,67,41,2.9851
2025-12-05,568,플리스,MATERIAL,5,5,2,1,88,46,5.6818
2025-12-07,568,플리스,MATERIAL,2,2,2,0,120,49,1.6667
2025-12-12,568,플리스,MATERIAL,1,1,1,0,27,17,3.7037
2025-12-13,568,플리스,MATERIAL,1,1,1,0,28,20,3.5714
2025-12-18,568,플리스,MATERIAL,1,1,1,0,8,6,12.5
2026-01-06,568,플리스,MATERIAL,1,1,1,0,35,19,2.8571
2026-01-17,568,플리스,MATERIAL,4,4,1,0,143,78,2.7972
2026-01-20,568,플리스,MATERIAL,1,1,1,1,57,25,1.7544
2026-02-12,568,플리스,MATERIAL,1,1,1,0,24,12,4.1667
2026-02-14,568,플리스,MATERIAL,1,1,1,0,26,21,3.8462
2026-03-01,568,플리스,MATERIAL,1,1,1,1,144,46,0.6944
2026-03-07,568,플리스,MATERIAL,1,1,1,0,82,41,1.2195
2026-03-13,568,플리스,MATERIAL,1,1,1,0,26,18,3.8462
2026-03-14,568,플리스,MATERIAL,1,1,1,0,37,12,2.7027
2026-03-15,568,플리스,MATERIAL,1,1,1,1,87,29,1.1494
2026-03-18,568,플리스,MATERIAL,1,1,1,0,70,45,1.4286
2026-07-12,568,플리스,MATERIAL,1,1,1,1,314,141,0.3185
2026-07-19,568,플리스,MATERIAL,1,1,1,1,670,210,0.1493
2026-08-17,568,플리스,MATERIAL,5,5,1,1,543,223,0.9208
2026-08-18,568,플리스,MATERIAL,3,3,1,0,303,163,0.9901
2026-08-20,568,플리스,MATERIAL,1,1,1,0,236,110,0.4237
2026-09-05,568,플리스,MATERIAL,1,1,1,1,563,234,0.1776
2025-09-15,758,플리츠,DETAIL,1,1,1,0,110,52,0.9091
2025-09-16,758,플리츠,DETAIL,1,1,1,0,108,47,0.9259
2025-09-21,758,플리츠,DETAIL,1,1,1,1,55,12,1.8182
2025-09-28,758,플리츠,DETAIL,1,1,1,0,78,15,1.2821
2025-10-02,758,플리츠,DETAIL,1,1,1,0,20,8,5.0
2025-10-24,758,플리츠,DETAIL,1,1,1,1,96,19,1.0417
2025-11-02,758,플리츠,DETAIL,1,1,1,1,86,23,1.1628
2025-11-06,758,플리츠,DETAIL,1,1,1,0,32,11,3.125
2026-01-02,758,플리츠,DETAIL,1,1,1,1,103,31,0.9709
2026-01-03,758,플리츠,DETAIL,1,1,1,0,71,37,1.4085
2026-01-05,758,플리츠,DETAIL,3,3,1,0,19,11,15.7895
2026-01-06,758,플리츠,DETAIL,1,1,1,0,35,19,2.8571
2026-01-27,758,플리츠,DETAIL,1,1,1,0,13,5,7.6923
2026-02-20,758,플리츠,DETAIL,2,2,2,2,152,39,1.3158
2026-02-21,758,플리츠,DETAIL,1,1,1,0,32,19,3.125
2026-03-01,758,플리츠,DETAIL,2,2,1,0,144,46,1.3889
2026-03-13,758,플리츠,DETAIL,1,1,1,0,26,18,3.8462
2026-03-15,758,플리츠,DETAIL,1,1,1,1,87,29,1.1494
2026-03-17,758,플리츠,DETAIL,1,1,1,0,76,20,1.3158
2026-03-22,758,플리츠,DETAIL,1,1,1,1,158,62,0.6329
2026-03-24,758,플리츠,DETAIL,1,1,1,0,70,41,1.4286
2026-03-26,758,플리츠,DETAIL,2,2,2,0,154,65,1.2987
2026-03-27,758,플리츠,DETAIL,2,2,1,0,124,47,1.6129
2026-03-31,758,플리츠,DETAIL,1,1,1,0,70,26,1.4286
2026-04-04,758,플리츠,DETAIL,1,1,1,0,58,37,1.7241
2026-04-19,758,플리츠,DETAIL,1,1,1,0,286,115,0.3497
2026-04-20,758,플리츠,DETAIL,2,2,1,1,238,90,0.8403
2026-04-27,758,플리츠,DETAIL,2,2,2,0,175,75,1.1429
2026-05-05,758,플리츠,DETAIL,1,1,1,0,121,55,0.8264
2026-05-09,758,플리츠,DETAIL,1,1,1,0,71,29,1.4085
2026-05-12,758,플리츠,DETAIL,3,3,1,1,134,52,2.2388
2026-05-13,758,플리츠,DETAIL,1,1,1,0,137,56,0.7299
2026-05-16,758,플리츠,DETAIL,1,1,1,1,158,49,0.6329
2026-05-21,758,플리츠,DETAIL,1,1,1,1,270,85,0.3704
2026-05-22,758,플리츠,DETAIL,1,1,1,1,227,77,0.4405
2026-05-23,758,플리츠,DETAIL,1,1,1,1,331,93,0.3021
2026-05-24,758,플리츠,DETAIL,1,1,1,0,297,121,0.3367
2026-05-30,758,플리츠,DETAIL,1,1,1,1,234,83,0.4274
2026-06-01,758,플리츠,DETAIL,1,1,1,0,360,160,0.2778
2026-06-08,758,플리츠,DETAIL,1,1,1,1,380,152,0.2632
2026-06-09,758,플리츠,DETAIL,1,1,1,0,247,108,0.4049
2026-06-11,758,플리츠,DETAIL,1,1,1,0,239,114,0.4184
2026-06-13,758,플리츠,DETAIL,1,1,1,0,267,107,0.3745
2026-06-15,758,플리츠,DETAIL,1,1,1,1,440,179,0.2273
2026-06-16,758,플리츠,DETAIL,2,2,1,0,465,184,0.4301
2026-06-17,758,플리츠,DETAIL,1,1,1,1,365,130,0.274
2026-06-20,758,플리츠,DETAIL,1,1,1,1,422,169,0.237
2026-06-21,758,플리츠,DETAIL,1,1,1,1,550,205,0.1818
2026-06-23,758,플리츠,DETAIL,2,2,1,1,401,171,0.4988
2026-06-24,758,플리츠,DETAIL,3,3,3,2,369,145,0.813
2026-06-26,758,플리츠,DETAIL,1,1,1,1,247,81,0.4049
2026-06-28,758,플리츠,DETAIL,1,1,1,1,327,109,0.3058
2026-07-10,758,플리츠,DETAIL,1,1,1,0,249,60,0.4016
2026-07-15,758,플리츠,DETAIL,3,3,3,2,265,87,1.1321
2026-07-17,758,플리츠,DETAIL,2,2,1,0,332,101,0.6024
2026-07-19,758,플리츠,DETAIL,1,1,1,0,670,210,0.1493
2026-07-25,758,플리츠,DETAIL,3,3,3,1,245,115,1.2245
2026-07-26,758,플리츠,DETAIL,1,1,1,1,338,132,0.2959
2026-08-01,758,플리츠,DETAIL,1,1,1,0,277,115,0.361
2026-08-03,758,플리츠,DETAIL,1,1,1,1,257,111,0.3891
2026-08-05,758,플리츠,DETAIL,1,1,1,1,302,135,0.3311
2026-08-06,758,플리츠,DETAIL,1,1,1,1,284,112,0.3521
2026-08-10,758,플리츠,DETAIL,2,2,1,1,244,105,0.8197
2026-08-11,758,플리츠,DETAIL,1,1,1,1,383,116,0.2611
2026-08-12,758,플리츠,DETAIL,4,4,3,0,194,92,2.0619
2026-08-17,758,플리츠,DETAIL,1,1,1,1,543,223,0.1842
2026-08-20,758,플리츠,DETAIL,1,1,1,0,236,110,0.4237
2026-08-24,758,플리츠,DETAIL,1,1,1,0,592,293,0.1689
2026-08-25,758,플리츠,DETAIL,1,1,1,0,405,202,0.2469
2026-08-28,758,플리츠,DETAIL,1,1,1,0,414,157,0.2415
2026-08-30,758,플리츠,DETAIL,1,1,1,0,735,303,0.1361
2026-09-07,758,플리츠,DETAIL,1,1,1,1,732,308,0.1366
2026-09-08,758,플리츠,DETAIL,1,1,1,0,248,112,0.4032
2025-09-02,499,피크닉,TPO,1,1,1,0,36,20,2.7778
2026-04-02,499,피크닉,TPO,1,1,1,0,103,44,0.9709
2026-04-23,499,피크닉,TPO,1,1,1,0,116,64,0.8621
2026-06-16,499,피크닉,TPO,1,1,1,1,465,184,0.2151
2025-09-20,786,하이넥,DETAIL,2,2,1,0,96,34,2.0833
2025-10-03,786,하이넥,DETAIL,2,2,1,1,103,20,1.9417
2025-10-04,786,하이넥,DETAIL,3,3,1,0,84,22,3.5714
2025-10-06,786,하이넥,DETAIL,1,1,1,0,19,9,5.2632
2025-10-12,786,하이넥,DETAIL,1,1,1,1,76,22,1.3158
2025-10-31,786,하이넥,DETAIL,2,2,1,1,66,25,3.0303
2025-11-01,786,하이넥,DETAIL,4,4,1,0,41,19,9.7561
2025-11-02,786,하이넥,DETAIL,2,2,2,1,86,23,2.3256
2025-11-04,786,하이넥,DETAIL,1,1,1,0,25,13,4.0
2025-11-05,786,하이넥,DETAIL,1,1,1,0,5,5,20.0
2025-11-06,786,하이넥,DETAIL,1,1,1,0,32,11,3.125
2025-11-15,786,하이넥,DETAIL,1,1,1,0,72,28,1.3889
2025-11-28,786,하이넥,DETAIL,1,1,1,0,80,32,1.25
2025-12-20,786,하이넥,DETAIL,1,1,1,0,56,39,1.7857
2025-12-22,786,하이넥,DETAIL,1,1,1,0,31,21,3.2258
2025-12-26,786,하이넥,DETAIL,1,1,1,0,41,17,2.439
2026-01-16,786,하이넥,DETAIL,2,2,1,1,108,22,1.8519
2026-01-17,786,하이넥,DETAIL,2,2,1,1,143,78,1.3986
2026-01-18,786,하이넥,DETAIL,1,1,1,0,53,29,1.8868
2026-03-02,786,하이넥,DETAIL,1,1,1,0,49,31,2.0408
2026-07-12,786,하이넥,DETAIL,1,1,1,1,314,141,0.3185
2026-07-19,786,하이넥,DETAIL,1,1,1,1,670,210,0.1493
2026-07-21,786,하이넥,DETAIL,1,1,1,1,284,141,0.3521
2026-07-26,786,하이넥,DETAIL,1,1,1,1,338,132,0.2959
2026-07-27,786,하이넥,DETAIL,3,3,1,1,392,161,0.7653
2026-07-28,786,하이넥,DETAIL,1,1,1,0,262,125,0.3817
2026-07-30,786,하이넥,DETAIL,3,3,1,0,249,101,1.2048
2026-08-15,786,하이넥,DETAIL,1,1,1,0,172,83,0.5814
2026-08-17,786,하이넥,DETAIL,1,1,1,0,543,223,0.1842
2026-08-20,786,하이넥,DETAIL,1,1,1,0,236,110,0.4237
2026-08-22,786,하이넥,DETAIL,1,1,1,1,275,117,0.3636
2026-08-23,786,하이넥,DETAIL,2,2,2,1,472,218,0.4237
2026-08-26,786,하이넥,DETAIL,2,2,1,1,424,195,0.4717
2026-08-27,786,하이넥,DETAIL,3,3,1,0,330,161,0.9091
2026-08-28,786,하이넥,DETAIL,1,1,1,1,414,157,0.2415
2026-08-29,786,하이넥,DETAIL,1,1,1,1,316,144,0.3165
2026-08-30,786,하이넥,DETAIL,1,1,1,0,735,303,0.1361
2026-08-31,786,하이넥,DETAIL,2,2,2,1,714,321,0.2801
2026-09-03,786,하이넥,DETAIL,6,6,3,1,603,270,0.995
2026-09-04,786,하이넥,DETAIL,2,2,1,1,482,221,0.4149
2026-09-05,786,하이넥,DETAIL,3,3,2,1,563,234,0.5329
2026-09-06,786,하이넥,DETAIL,12,12,4,4,858,363,1.3986
2026-09-07,786,하이넥,DETAIL,2,2,2,1,732,308,0.2732
2026-09-08,786,하이넥,DETAIL,1,1,1,1,248,112,0.4032
2026-09-09,786,하이넥,DETAIL,3,3,3,3,170,7,1.7647
2026-03-25,580,헤링본,MATERIAL,1,1,1,0,37,25,2.7027
2026-04-02,580,헤링본,MATERIAL,1,1,1,0,103,44,0.9709
2026-04-18,580,헤링본,MATERIAL,1,1,1,0,168,63,0.5952
2026-05-06,580,헤링본,MATERIAL,1,1,1,0,95,40,1.0526
2026-05-07,580,헤링본,MATERIAL,2,2,1,0,60,37,3.3333
2026-06-14,580,헤링본,MATERIAL,1,1,1,0,529,186,0.189
2026-06-15,580,헤링본,MATERIAL,1,1,1,1,440,179,0.2273
2026-07-04,580,헤링본,MATERIAL,1,1,1,1,306,114,0.3268
2026-07-22,580,헤링본,MATERIAL,1,1,1,1,244,112,0.4098
2026-07-30,580,헤링본,MATERIAL,1,1,1,0,249,101,0.4016
2026-08-02,580,헤링본,MATERIAL,1,1,1,1,250,101,0.4
2026-08-16,580,헤링본,MATERIAL,1,1,1,1,232,98,0.431
2026-08-24,580,헤링본,MATERIAL,2,2,1,1,592,293,0.3378
2026-08-26,580,헤링본,MATERIAL,13,13,1,1,424,195,3.066
2026-08-27,580,헤링본,MATERIAL,16,16,1,0,330,161,4.8485
2026-08-28,580,헤링본,MATERIAL,7,7,1,0,414,157,1.6908
2026-08-29,580,헤링본,MATERIAL,3,3,2,0,316,144,0.9494
2026-08-30,580,헤링본,MATERIAL,1,1,1,0,735,303,0.1361
2026-09-05,580,헤링본,MATERIAL,3,3,2,1,563,234,0.5329
2026-09-07,580,헤링본,MATERIAL,1,1,1,0,732,308,0.1366
2025-11-17,640,헨리넥,DETAIL,1,1,1,0,60,30,1.6667
2025-11-21,640,헨리넥,DETAIL,1,1,1,0,127,48,0.7874
2025-11-24,640,헨리넥,DETAIL,3,3,1,0,52,33,5.7692
2025-12-02,640,헨리넥,DETAIL,4,4,1,0,123,66,3.252
2025-12-03,640,헨리넥,DETAIL,3,3,2,0,93,52,3.2258
2025-12-05,640,헨리넥,DETAIL,4,4,1,0,88,46,4.5455
2026-01-06,640,헨리넥,DETAIL,2,2,1,0,35,19,5.7143
2026-01-31,640,헨리넥,DETAIL,1,1,1,0,44,32,2.2727
2026-02-01,640,헨리넥,DETAIL,1,1,1,0,83,43,1.2048
2026-02-15,640,헨리넥,DETAIL,1,1,1,0,30,19,3.3333
2026-02-24,640,헨리넥,DETAIL,4,4,1,0,63,32,6.3492
2026-02-25,640,헨리넥,DETAIL,1,1,1,0,52,33,1.9231
2026-03-04,640,헨리넥,DETAIL,1,1,1,1,159,65,0.6289
2026-03-24,640,헨리넥,DETAIL,2,2,2,0,70,41,2.8571
2026-03-25,640,헨리넥,DETAIL,1,1,1,0,37,25,2.7027
2026-04-02,640,헨리넥,DETAIL,1,1,1,0,103,44,0.9709
2026-04-06,640,헨리넥,DETAIL,1,1,1,0,39,22,2.5641
2026-04-23,640,헨리넥,DETAIL,3,3,1,0,116,64,2.5862
2026-04-27,640,헨리넥,DETAIL,1,1,1,1,175,75,0.5714
2026-05-03,640,헨리넥,DETAIL,2,2,1,1,150,45,1.3333
2026-05-05,640,헨리넥,DETAIL,5,5,1,1,121,55,4.1322
2026-05-06,640,헨리넥,DETAIL,2,2,1,0,95,40,2.1053
2026-05-07,640,헨리넥,DETAIL,1,1,1,0,60,37,1.6667
2026-05-10,640,헨리넥,DETAIL,1,1,1,0,34,21,2.9412
2026-05-11,640,헨리넥,DETAIL,3,3,2,1,111,47,2.7027
2026-05-12,640,헨리넥,DETAIL,1,1,1,1,134,52,0.7463
2026-05-13,640,헨리넥,DETAIL,1,1,1,0,137,56,0.7299
2026-05-14,640,헨리넥,DETAIL,14,14,2,2,271,108,5.1661
2026-05-15,640,헨리넥,DETAIL,3,3,2,0,177,75,1.6949
2026-05-16,640,헨리넥,DETAIL,2,2,2,0,158,49,1.2658
2026-05-17,640,헨리넥,DETAIL,3,3,3,1,166,82,1.8072
2026-05-18,640,헨리넥,DETAIL,3,3,1,0,146,74,2.0548
2026-05-20,640,헨리넥,DETAIL,4,4,3,1,244,80,1.6393
2026-05-22,640,헨리넥,DETAIL,1,1,1,0,227,77,0.4405
2026-05-24,640,헨리넥,DETAIL,1,1,1,1,297,121,0.3367
2026-05-25,640,헨리넥,DETAIL,10,10,4,1,400,155,2.5
2026-05-26,640,헨리넥,DETAIL,2,2,2,0,189,90,1.0582
2026-05-27,640,헨리넥,DETAIL,3,3,3,1,222,83,1.3514
2026-05-28,640,헨리넥,DETAIL,2,2,2,0,228,103,0.8772
2026-05-29,640,헨리넥,DETAIL,1,1,1,0,188,59,0.5319
2026-05-30,640,헨리넥,DETAIL,4,4,2,0,234,83,1.7094
2026-05-31,640,헨리넥,DETAIL,2,2,2,0,354,109,0.565
2026-06-02,640,헨리넥,DETAIL,2,2,2,0,224,100,0.8929
2026-06-03,640,헨리넥,DETAIL,1,1,1,0,222,94,0.4505
2026-06-04,640,헨리넥,DETAIL,1,1,1,0,137,74,0.7299
2026-06-05,640,헨리넥,DETAIL,1,1,1,0,183,55,0.5464
2026-06-06,640,헨리넥,DETAIL,1,1,1,0,336,108,0.2976
2026-06-07,640,헨리넥,DETAIL,2,2,2,1,322,152,0.6211
2026-06-08,640,헨리넥,DETAIL,3,3,2,1,380,152,0.7895
2026-06-09,640,헨리넥,DETAIL,4,4,2,1,247,108,1.6194
2026-06-11,640,헨리넥,DETAIL,7,7,1,1,239,114,2.9289
2026-06-12,640,헨리넥,DETAIL,8,8,3,1,352,114,2.2727
2026-06-13,640,헨리넥,DETAIL,1,1,1,0,267,107,0.3745
2026-06-14,640,헨리넥,DETAIL,18,18,6,6,529,186,3.4026
2026-06-15,640,헨리넥,DETAIL,10,10,6,2,440,179,2.2727
2026-06-16,640,헨리넥,DETAIL,2,2,2,1,465,184,0.4301
2026-06-17,640,헨리넥,DETAIL,5,5,3,2,365,130,1.3699
2026-06-18,640,헨리넥,DETAIL,8,8,3,2,286,139,2.7972
2026-06-19,640,헨리넥,DETAIL,11,11,6,3,510,170,2.1569
2026-06-20,640,헨리넥,DETAIL,4,4,3,0,422,169,0.9479
2026-06-21,640,헨리넥,DETAIL,4,4,2,1,550,205,0.7273
2026-06-22,640,헨리넥,DETAIL,6,6,5,0,455,179,1.3187
2026-06-23,640,헨리넥,DETAIL,1,1,1,0,401,171,0.2494
2026-06-24,640,헨리넥,DETAIL,4,4,4,0,369,145,1.084
2026-06-28,640,헨리넥,DETAIL,1,1,1,0,327,109,0.3058
2026-06-30,640,헨리넥,DETAIL,1,1,1,0,156,56,0.641
2026-07-01,640,헨리넥,DETAIL,1,1,1,0,261,93,0.3831
2026-07-02,640,헨리넥,DETAIL,1,1,1,0,107,58,0.9346
2026-07-03,640,헨리넥,DETAIL,1,1,1,0,154,63,0.6494
2026-07-04,640,헨리넥,DETAIL,1,1,1,1,306,114,0.3268
2026-07-06,640,헨리넥,DETAIL,1,1,1,1,204,85,0.4902
2026-07-07,640,헨리넥,DETAIL,2,2,1,0,203,85,0.9852
2026-07-11,640,헨리넥,DETAIL,1,1,1,0,174,63,0.5747
2026-07-12,640,헨리넥,DETAIL,3,3,1,0,314,141,0.9554
2026-07-13,640,헨리넥,DETAIL,1,1,1,0,382,151,0.2618
2026-07-14,640,헨리넥,DETAIL,1,1,1,1,267,89,0.3745
2026-07-17,640,헨리넥,DETAIL,1,1,1,0,332,101,0.3012
2026-07-18,640,헨리넥,DETAIL,5,5,2,0,429,155,1.1655
2026-07-19,640,헨리넥,DETAIL,4,4,2,0,670,210,0.597
2026-07-20,640,헨리넥,DETAIL,3,3,3,2,386,140,0.7772
2026-07-21,640,헨리넥,DETAIL,2,2,2,0,284,141,0.7042
2026-07-22,640,헨리넥,DETAIL,4,4,3,0,244,112,1.6393
2026-07-23,640,헨리넥,DETAIL,4,4,2,1,243,86,1.6461
2026-07-24,640,헨리넥,DETAIL,3,3,2,1,233,80,1.2876
2026-07-25,640,헨리넥,DETAIL,3,3,3,2,245,115,1.2245
2026-07-26,640,헨리넥,DETAIL,6,6,1,1,338,132,1.7751
2026-07-27,640,헨리넥,DETAIL,6,6,1,1,392,161,1.5306
2026-07-28,640,헨리넥,DETAIL,2,2,2,1,262,125,0.7634
2026-07-29,640,헨리넥,DETAIL,5,5,4,1,238,113,2.1008
2026-07-30,640,헨리넥,DETAIL,1,1,1,0,249,101,0.4016
2026-07-31,640,헨리넥,DETAIL,2,2,2,1,204,84,0.9804
2026-08-01,640,헨리넥,DETAIL,3,3,2,1,277,115,1.083
2026-08-02,640,헨리넥,DETAIL,5,5,3,1,250,101,2.0
2026-08-03,640,헨리넥,DETAIL,1,1,1,0,257,111,0.3891
2026-08-05,640,헨리넥,DETAIL,1,1,1,0,302,135,0.3311
2026-08-07,640,헨리넥,DETAIL,1,1,1,0,151,70,0.6623
2026-08-08,640,헨리넥,DETAIL,2,2,2,0,143,57,1.3986
2026-08-09,640,헨리넥,DETAIL,1,1,1,0,265,116,0.3774
2026-08-10,640,헨리넥,DETAIL,1,1,1,1,244,105,0.4098
2026-08-11,640,헨리넥,DETAIL,2,2,2,2,383,116,0.5222
2026-08-13,640,헨리넥,DETAIL,1,1,1,1,223,94,0.4484
2026-08-16,640,헨리넥,DETAIL,1,1,1,1,232,98,0.431
2026-08-17,640,헨리넥,DETAIL,3,3,2,2,543,223,0.5525
2026-08-19,640,헨리넥,DETAIL,1,1,1,1,219,95,0.4566
2026-08-20,640,헨리넥,DETAIL,3,3,2,1,236,110,1.2712
2026-08-22,640,헨리넥,DETAIL,1,1,1,1,275,117,0.3636
2026-08-23,640,헨리넥,DETAIL,11,11,5,2,472,218,2.3305
2026-08-24,640,헨리넥,DETAIL,24,24,3,2,592,293,4.0541
2026-08-25,640,헨리넥,DETAIL,13,13,2,1,405,202,3.2099
2026-08-26,640,헨리넥,DETAIL,5,5,4,0,424,195,1.1792
2026-08-27,640,헨리넥,DETAIL,3,3,3,0,330,161,0.9091
2026-08-28,640,헨리넥,DETAIL,4,4,2,1,414,157,0.9662
2026-08-29,640,헨리넥,DETAIL,14,14,4,1,316,144,4.4304
2026-08-30,640,헨리넥,DETAIL,9,9,9,1,735,303,1.2245
2026-08-31,640,헨리넥,DETAIL,7,7,6,0,714,321,0.9804
2026-09-01,640,헨리넥,DETAIL,4,4,4,1,601,253,0.6656
2026-09-02,640,헨리넥,DETAIL,9,9,5,2,502,221,1.7928
2026-09-03,640,헨리넥,DETAIL,4,4,4,0,603,270,0.6633
2026-09-04,640,헨리넥,DETAIL,2,2,1,1,482,221,0.4149
2026-09-05,640,헨리넥,DETAIL,8,8,4,2,563,234,1.421
2026-09-06,640,헨리넥,DETAIL,6,6,5,2,858,363,0.6993
2026-09-07,640,헨리넥,DETAIL,4,4,4,0,732,308,0.5464
2026-09-08,640,헨리넥,DETAIL,1,1,1,0,248,112,0.4032
2026-09-09,640,헨리넥,DETAIL,1,1,1,1,170,7,0.5882
2025-12-23,535,헬스장,TPO,1,1,1,0,50,24,2.0
2026-07-16,535,헬스장,TPO,1,1,1,1,179,58,0.5587
2026-08-24,535,헬스장,TPO,1,1,1,0,592,293,0.1689
2025-09-14,641,홀터넥,DETAIL,1,1,1,1,52,13,1.9231
2025-11-09,641,홀터넥,DETAIL,1,1,1,0,76,21,1.3158
2025-11-15,641,홀터넥,DETAIL,1,1,1,0,72,28,1.3889
2025-11-20,641,홀터넥,DETAIL,1,1,1,0,172,49,0.5814
2026-02-20,641,홀터넥,DETAIL,1,1,1,1,152,39,0.6579
2026-02-22,641,홀터넥,DETAIL,1,1,1,0,61,30,1.6393
2026-02-28,641,홀터넥,DETAIL,1,1,1,0,87,47,1.1494
2026-03-01,641,홀터넥,DETAIL,1,1,1,1,144,46,0.6944
2026-03-22,641,홀터넥,DETAIL,1,1,1,1,158,62,0.6329
2026-04-02,641,홀터넥,DETAIL,4,4,1,0,103,44,3.8835
2026-04-18,641,홀터넥,DETAIL,1,1,1,0,168,63,0.5952
2026-04-20,641,홀터넥,DETAIL,3,3,1,1,238,90,1.2605
2026-04-21,641,홀터넥,DETAIL,2,2,2,0,58,30,3.4483
2026-04-27,641,홀터넥,DETAIL,1,1,1,0,175,75,0.5714
2026-04-29,641,홀터넥,DETAIL,1,1,1,0,54,16,1.8519
2026-05-03,641,홀터넥,DETAIL,1,1,1,1,150,45,0.6667
2026-05-14,641,홀터넥,DETAIL,1,1,1,0,271,108,0.369
2026-05-16,641,홀터넥,DETAIL,1,1,1,1,158,49,0.6329
2026-05-21,641,홀터넥,DETAIL,1,1,1,1,270,85,0.3704
2026-05-29,641,홀터넥,DETAIL,1,1,1,1,188,59,0.5319
2026-05-31,641,홀터넥,DETAIL,1,1,1,1,354,109,0.2825
2026-06-06,641,홀터넥,DETAIL,2,2,2,2,336,108,0.5952
2026-06-09,641,홀터넥,DETAIL,2,2,2,1,247,108,0.8097
2026-06-10,641,홀터넥,DETAIL,2,2,1,0,345,160,0.5797
2026-06-11,641,홀터넥,DETAIL,3,3,2,0,239,114,1.2552
2026-06-13,641,홀터넥,DETAIL,1,1,1,1,267,107,0.3745
2026-06-14,641,홀터넥,DETAIL,1,1,1,1,529,186,0.189
2026-06-17,641,홀터넥,DETAIL,2,2,2,0,365,130,0.5479
2026-06-21,641,홀터넥,DETAIL,1,1,1,0,550,205,0.1818
2026-06-23,641,홀터넥,DETAIL,1,1,1,1,401,171,0.2494
2026-06-24,641,홀터넥,DETAIL,1,1,1,1,369,145,0.271
2026-06-26,641,홀터넥,DETAIL,3,3,3,3,247,81,1.2146
2026-06-30,641,홀터넥,DETAIL,1,1,1,1,156,56,0.641
2026-07-04,641,홀터넥,DETAIL,1,1,1,0,306,114,0.3268
2026-07-08,641,홀터넥,DETAIL,1,1,1,0,112,58,0.8929
2026-07-15,641,홀터넥,DETAIL,2,2,2,1,265,87,0.7547
2026-07-17,641,홀터넥,DETAIL,2,2,2,1,332,101,0.6024
2026-07-22,641,홀터넥,DETAIL,1,1,1,1,244,112,0.4098
2026-07-24,641,홀터넥,DETAIL,1,1,1,1,233,80,0.4292
2026-08-01,641,홀터넥,DETAIL,2,2,1,1,277,115,0.722
2026-08-06,641,홀터넥,DETAIL,1,1,1,1,284,112,0.3521
2026-08-09,641,홀터넥,DETAIL,1,1,1,1,265,116,0.3774
2026-08-11,641,홀터넥,DETAIL,1,1,1,1,383,116,0.2611
2026-08-18,641,홀터넥,DETAIL,3,3,2,0,303,163,0.9901
2026-08-24,641,홀터넥,DETAIL,1,1,1,0,592,293,0.1689
2026-08-28,641,홀터넥,DETAIL,2,2,1,0,414,157,0.4831
2026-09-01,641,홀터넥,DETAIL,2,2,1,1,601,253,0.3328
2026-09-03,641,홀터넥,DETAIL,1,1,1,1,603,270,0.1658
2026-09-06,641,홀터넥,DETAIL,1,1,1,1,858,363,0.1166
2025-10-05,500,홈웨어,TPO,1,1,1,1,53,14,1.8868
2025-11-23,500,홈웨어,TPO,2,2,1,0,92,33,2.1739
2026-06-09,500,홈웨어,TPO,1,1,1,1,247,108,0.4049
2026-07-04,500,홈웨어,TPO,1,1,1,1,306,114,0.3268
2026-07-05,500,홈웨어,TPO,1,1,1,0,295,122,0.339
2026-07-26,500,홈웨어,TPO,1,1,1,1,338,132,0.2959
2026-07-31,500,홈웨어,TPO,2,2,2,0,204,84,0.9804
2026-08-17,500,홈웨어,TPO,1,1,1,1,543,223,0.1842
2025-09-01,437,화이트,COLOR,1,1,1,0,68,41,1.4706
2025-09-03,437,화이트,COLOR,1,1,1,0,18,10,5.5556
2025-09-05,437,화이트,COLOR,3,3,1,0,87,25,3.4483
2025-09-06,437,화이트,COLOR,1,1,1,0,103,33,0.9709
2025-09-07,437,화이트,COLOR,1,1,1,0,29,8,3.4483
2025-09-08,437,화이트,COLOR,1,1,1,0,39,12,2.5641
2025-09-14,437,화이트,COLOR,1,1,1,1,52,13,1.9231
2025-09-17,437,화이트,COLOR,1,1,1,0,22,12,4.5455
2025-09-19,437,화이트,COLOR,3,3,1,0,106,25,2.8302
2025-09-21,437,화이트,COLOR,1,1,1,0,55,12,1.8182
2025-09-25,437,화이트,COLOR,2,2,1,0,40,12,5.0
2025-09-28,437,화이트,COLOR,1,1,1,1,78,15,1.2821
2025-10-05,437,화이트,COLOR,1,1,1,0,53,14,1.8868
2025-10-10,437,화이트,COLOR,2,2,1,1,80,23,2.5
2025-10-11,437,화이트,COLOR,1,1,1,0,50,26,2.0
2025-10-12,437,화이트,COLOR,1,1,1,1,76,22,1.3158
2025-10-13,437,화이트,COLOR,1,1,1,0,20,6,5.0
2025-10-24,437,화이트,COLOR,1,1,1,0,96,19,1.0417
2025-10-26,437,화이트,COLOR,1,1,1,0,63,15,1.5873
2025-10-29,437,화이트,COLOR,1,1,1,0,26,9,3.8462
2025-11-07,437,화이트,COLOR,2,2,1,1,95,32,2.1053
2025-11-08,437,화이트,COLOR,2,2,1,0,74,32,2.7027
2025-11-13,437,화이트,COLOR,1,1,1,0,13,7,7.6923
2025-11-15,437,화이트,COLOR,1,1,1,0,72,28,1.3889
2025-11-16,437,화이트,COLOR,3,3,1,0,99,44,3.0303
2025-11-17,437,화이트,COLOR,1,1,1,0,60,30,1.6667
2025-11-20,437,화이트,COLOR,4,4,3,1,172,49,2.3256
2025-11-22,437,화이트,COLOR,1,1,1,0,75,36,1.3333
2025-11-23,437,화이트,COLOR,1,1,1,0,92,33,1.087
2025-11-24,437,화이트,COLOR,3,3,2,0,52,33,5.7692
2025-11-26,437,화이트,COLOR,1,1,1,0,29,14,3.4483
2025-11-28,437,화이트,COLOR,1,1,1,0,80,32,1.25
2025-12-03,437,화이트,COLOR,1,1,1,0,93,52,1.0753
2025-12-04,437,화이트,COLOR,1,1,1,0,67,41,1.4925
2025-12-08,437,화이트,COLOR,2,2,1,0,42,28,4.7619
2025-12-10,437,화이트,COLOR,1,1,1,0,17,11,5.8824
2025-12-11,437,화이트,COLOR,2,2,2,0,33,17,6.0606
2025-12-12,437,화이트,COLOR,4,4,1,0,27,17,14.8148
2025-12-21,437,화이트,COLOR,1,1,1,0,92,38,1.087
2025-12-23,437,화이트,COLOR,1,1,1,0,50,24,2.0
2025-12-24,437,화이트,COLOR,1,1,1,0,22,11,4.5455
2025-12-25,437,화이트,COLOR,2,2,1,0,12,7,16.6667
2025-12-26,437,화이트,COLOR,2,2,1,0,41,17,4.878
2025-12-27,437,화이트,COLOR,1,1,1,0,32,21,3.125
2025-12-30,437,화이트,COLOR,1,1,1,0,36,17,2.7778
2026-01-04,437,화이트,COLOR,1,1,1,0,43,22,2.3256
2026-01-16,437,화이트,COLOR,7,7,3,2,108,22,6.4815
2026-01-17,437,화이트,COLOR,7,7,1,0,143,78,4.8951
2026-01-18,437,화이트,COLOR,1,1,1,0,53,29,1.8868
2026-01-19,437,화이트,COLOR,2,2,1,0,57,27,3.5088
2026-01-20,437,화이트,COLOR,2,2,2,0,57,25,3.5088
2026-01-21,437,화이트,COLOR,1,1,1,0,22,16,4.5455
2026-01-22,437,화이트,COLOR,1,1,1,0,17,8,5.8824
2026-01-23,437,화이트,COLOR,2,2,1,1,61,26,3.2787
2026-01-30,437,화이트,COLOR,1,1,1,0,30,17,3.3333
2026-02-01,437,화이트,COLOR,1,1,1,0,83,43,1.2048
2026-02-03,437,화이트,COLOR,1,1,1,0,8,5,12.5
2026-02-06,437,화이트,COLOR,1,1,1,0,65,32,1.5385
2026-02-07,437,화이트,COLOR,2,2,1,0,115,57,1.7391
2026-02-08,437,화이트,COLOR,1,1,1,0,25,22,4.0
2026-02-14,437,화이트,COLOR,1,1,1,0,26,21,3.8462
2026-02-20,437,화이트,COLOR,2,2,1,1,152,39,1.3158
2026-02-21,437,화이트,COLOR,1,1,1,0,32,19,3.125
2026-02-22,437,화이트,COLOR,3,3,1,0,61,30,4.918
2026-02-25,437,화이트,COLOR,1,1,1,0,52,33,1.9231
2026-02-26,437,화이트,COLOR,1,1,1,0,56,33,1.7857
2026-02-27,437,화이트,COLOR,5,5,2,1,156,44,3.2051
2026-03-04,437,화이트,COLOR,1,1,1,0,159,65,0.6289
2026-03-06,437,화이트,COLOR,1,1,1,1,203,70,0.4926
2026-03-07,437,화이트,COLOR,2,2,1,0,82,41,2.439
2026-03-08,437,화이트,COLOR,3,3,1,0,71,37,4.2254
2026-03-10,437,화이트,COLOR,1,1,1,0,28,22,3.5714
2026-03-12,437,화이트,COLOR,1,1,1,0,22,15,4.5455
2026-03-15,437,화이트,COLOR,2,2,2,1,87,29,2.2989
2026-03-17,437,화이트,COLOR,1,1,1,1,76,20,1.3158
2026-03-19,437,화이트,COLOR,1,1,1,0,89,60,1.1236
2026-03-20,437,화이트,COLOR,2,2,2,1,44,13,4.5455
2026-03-24,437,화이트,COLOR,1,1,1,0,70,41,1.4286
2026-03-25,437,화이트,COLOR,1,1,1,0,37,25,2.7027
2026-03-26,437,화이트,COLOR,6,6,1,0,154,65,3.8961
2026-03-27,437,화이트,COLOR,7,7,2,0,124,47,5.6452
2026-03-28,437,화이트,COLOR,3,3,1,0,23,9,13.0435
2026-03-29,437,화이트,COLOR,2,2,1,0,38,17,5.2632
2026-03-31,437,화이트,COLOR,3,3,3,0,70,26,4.2857
2026-04-01,437,화이트,COLOR,2,2,2,0,43,22,4.6512
2026-04-02,437,화이트,COLOR,6,6,2,0,103,44,5.8252
2026-04-03,437,화이트,COLOR,2,2,2,1,69,31,2.8986
2026-04-05,437,화이트,COLOR,2,2,2,0,129,44,1.5504
2026-04-06,437,화이트,COLOR,1,1,1,0,39,22,2.5641
2026-04-07,437,화이트,COLOR,1,1,1,0,24,16,4.1667
2026-04-11,437,화이트,COLOR,3,3,2,0,80,37,3.75
2026-04-15,437,화이트,COLOR,1,1,1,0,22,10,4.5455
2026-04-18,437,화이트,COLOR,8,8,2,2,168,63,4.7619
2026-04-19,437,화이트,COLOR,3,3,2,2,286,115,1.049
2026-04-20,437,화이트,COLOR,5,5,2,0,238,90,2.1008
2026-04-22,437,화이트,COLOR,1,1,1,0,63,26,1.5873
2026-04-23,437,화이트,COLOR,1,1,1,0,116,64,0.8621
2026-04-25,437,화이트,COLOR,1,1,1,0,52,20,1.9231
2026-04-28,437,화이트,COLOR,1,1,1,0,51,26,1.9608
2026-04-30,437,화이트,COLOR,1,1,1,1,78,19,1.2821
2026-05-01,437,화이트,COLOR,2,2,2,1,82,24,2.439
2026-05-02,437,화이트,COLOR,1,1,1,0,66,35,1.5152
2026-05-03,437,화이트,COLOR,3,3,3,1,150,45,2.0
2026-05-04,437,화이트,COLOR,1,1,1,0,61,39,1.6393
2026-05-05,437,화이트,COLOR,1,1,1,0,121,55,0.8264
2026-05-06,437,화이트,COLOR,2,2,1,0,95,40,2.1053
2026-05-07,437,화이트,COLOR,4,4,3,0,60,37,6.6667
2026-05-11,437,화이트,COLOR,2,2,2,1,111,47,1.8018
2026-05-12,437,화이트,COLOR,1,1,1,0,134,52,0.7463
2026-05-13,437,화이트,COLOR,2,2,2,2,137,56,1.4599
2026-05-14,437,화이트,COLOR,5,5,2,1,271,108,1.845
2026-05-15,437,화이트,COLOR,2,2,2,1,177,75,1.1299
2026-05-16,437,화이트,COLOR,2,2,2,1,158,49,1.2658
2026-05-17,437,화이트,COLOR,1,1,1,0,166,82,0.6024
2026-05-18,437,화이트,COLOR,2,2,1,0,146,74,1.3699
2026-05-20,437,화이트,COLOR,2,2,2,1,244,80,0.8197
2026-05-21,437,화이트,COLOR,2,2,2,1,270,85,0.7407
2026-05-22,437,화이트,COLOR,2,2,2,1,227,77,0.8811
2026-05-23,437,화이트,COLOR,7,7,5,3,331,93,2.1148
2026-05-24,437,화이트,COLOR,7,7,5,0,297,121,2.3569
2026-05-25,437,화이트,COLOR,7,7,4,3,400,155,1.75
2026-05-26,437,화이트,COLOR,2,2,2,0,189,90,1.0582
2026-05-27,437,화이트,COLOR,1,1,1,0,222,83,0.4505
2026-05-28,437,화이트,COLOR,5,5,4,1,228,103,2.193
2026-05-29,437,화이트,COLOR,3,3,3,1,188,59,1.5957
2026-05-30,437,화이트,COLOR,2,2,2,0,234,83,0.8547
2026-05-31,437,화이트,COLOR,2,2,2,1,354,109,0.565
2026-06-01,437,화이트,COLOR,7,7,5,1,360,160,1.9444
2026-06-02,437,화이트,COLOR,3,3,2,0,224,100,1.3393
2026-06-03,437,화이트,COLOR,6,6,6,2,222,94,2.7027
2026-06-04,437,화이트,COLOR,2,2,2,0,137,74,1.4599
2026-06-05,437,화이트,COLOR,1,1,1,0,183,55,0.5464
2026-06-06,437,화이트,COLOR,7,7,6,3,336,108,2.0833
2026-06-07,437,화이트,COLOR,9,9,7,0,322,152,2.795
2026-06-08,437,화이트,COLOR,7,7,4,1,380,152,1.8421
2026-06-09,437,화이트,COLOR,1,1,1,1,247,108,0.4049
2026-06-10,437,화이트,COLOR,13,13,5,2,345,160,3.7681
2026-06-11,437,화이트,COLOR,6,6,6,1,239,114,2.5105
2026-06-12,437,화이트,COLOR,9,9,6,3,352,114,2.5568
2026-06-13,437,화이트,COLOR,5,5,4,1,267,107,1.8727
2026-06-14,437,화이트,COLOR,5,5,5,1,529,186,0.9452
2026-06-15,437,화이트,COLOR,6,6,4,3,440,179,1.3636
2026-06-16,437,화이트,COLOR,10,10,7,1,465,184,2.1505
2026-06-17,437,화이트,COLOR,4,4,3,0,365,130,1.0959
2026-06-18,437,화이트,COLOR,2,2,2,1,286,139,0.6993
2026-06-19,437,화이트,COLOR,8,8,7,3,510,170,1.5686
2026-06-20,437,화이트,COLOR,9,9,6,1,422,169,2.1327
2026-06-21,437,화이트,COLOR,10,10,9,4,550,205,1.8182
2026-06-22,437,화이트,COLOR,12,12,9,3,455,179,2.6374
2026-06-23,437,화이트,COLOR,7,7,6,1,401,171,1.7456
2026-06-24,437,화이트,COLOR,13,13,9,3,369,145,3.523
2026-06-25,437,화이트,COLOR,2,2,2,1,162,75,1.2346
2026-06-26,437,화이트,COLOR,4,4,3,1,247,81,1.6194
2026-06-27,437,화이트,COLOR,6,6,5,2,214,76,2.8037
2026-06-28,437,화이트,COLOR,8,8,7,2,327,109,2.4465
2026-06-29,437,화이트,COLOR,6,6,3,0,182,100,3.2967
2026-06-30,437,화이트,COLOR,3,3,2,2,156,56,1.9231
2026-07-01,437,화이트,COLOR,3,3,2,1,261,93,1.1494
2026-07-02,437,화이트,COLOR,3,3,3,0,107,58,2.8037
2026-07-03,437,화이트,COLOR,3,3,3,0,154,63,1.9481
2026-07-04,437,화이트,COLOR,8,8,5,3,306,114,2.6144
2026-07-05,437,화이트,COLOR,6,6,6,2,295,122,2.0339
2026-07-06,437,화이트,COLOR,3,3,2,0,204,85,1.4706
2026-07-08,437,화이트,COLOR,2,2,2,0,112,58,1.7857
2026-07-09,437,화이트,COLOR,3,3,1,0,161,62,1.8634
2026-07-10,437,화이트,COLOR,2,2,2,0,249,60,0.8032
2026-07-11,437,화이트,COLOR,5,5,4,1,174,63,2.8736
2026-07-12,437,화이트,COLOR,3,3,3,1,314,141,0.9554
2026-07-13,437,화이트,COLOR,4,4,3,2,382,151,1.0471
2026-07-14,437,화이트,COLOR,8,8,6,1,267,89,2.9963
2026-07-15,437,화이트,COLOR,4,4,3,2,265,87,1.5094
2026-07-16,437,화이트,COLOR,2,2,2,1,179,58,1.1173
2026-07-17,437,화이트,COLOR,6,6,5,1,332,101,1.8072
2026-07-18,437,화이트,COLOR,7,7,5,2,429,155,1.6317
2026-07-19,437,화이트,COLOR,5,5,4,1,670,210,0.7463
2026-07-20,437,화이트,COLOR,6,6,6,2,386,140,1.5544
2026-07-21,437,화이트,COLOR,4,4,2,1,284,141,1.4085
2026-07-22,437,화이트,COLOR,1,1,1,0,244,112,0.4098
2026-07-23,437,화이트,COLOR,4,4,4,2,243,86,1.6461
2026-07-24,437,화이트,COLOR,2,2,2,1,233,80,0.8584
2026-07-25,437,화이트,COLOR,7,7,3,0,245,115,2.8571
2026-07-26,437,화이트,COLOR,6,6,3,1,338,132,1.7751
2026-07-27,437,화이트,COLOR,5,5,5,0,392,161,1.2755
2026-07-28,437,화이트,COLOR,5,5,5,1,262,125,1.9084
2026-07-29,437,화이트,COLOR,6,6,3,1,238,113,2.521
2026-07-30,437,화이트,COLOR,8,8,5,0,249,101,3.2129
2026-07-31,437,화이트,COLOR,2,2,2,1,204,84,0.9804
2026-08-01,437,화이트,COLOR,5,5,5,2,277,115,1.8051
2026-08-02,437,화이트,COLOR,2,2,2,0,250,101,0.8
2026-08-03,437,화이트,COLOR,3,3,3,2,257,111,1.1673
2026-08-04,437,화이트,COLOR,5,5,3,2,225,88,2.2222
2026-08-05,437,화이트,COLOR,18,18,4,0,302,135,5.9603
2026-08-06,437,화이트,COLOR,12,12,4,1,284,112,4.2254
2026-08-07,437,화이트,COLOR,5,5,2,0,151,70,3.3113
2026-08-08,437,화이트,COLOR,3,3,3,1,143,57,2.0979
2026-08-09,437,화이트,COLOR,3,3,3,1,265,116,1.1321
2026-08-10,437,화이트,COLOR,3,3,3,2,244,105,1.2295
2026-08-11,437,화이트,COLOR,3,3,3,2,383,116,0.7833
2026-08-12,437,화이트,COLOR,3,3,3,2,194,92,1.5464
2026-08-13,437,화이트,COLOR,4,4,4,2,223,94,1.7937
2026-08-15,437,화이트,COLOR,3,3,3,2,172,83,1.7442
2026-08-16,437,화이트,COLOR,2,2,2,1,232,98,0.8621
2026-08-17,437,화이트,COLOR,7,7,3,1,543,223,1.2891
2026-08-18,437,화이트,COLOR,5,5,3,1,303,163,1.6502
2026-08-19,437,화이트,COLOR,5,5,5,1,219,95,2.2831
2026-08-20,437,화이트,COLOR,1,1,1,0,236,110,0.4237
2026-08-21,437,화이트,COLOR,3,3,2,1,235,105,1.2766
2026-08-22,437,화이트,COLOR,3,3,1,0,275,117,1.0909
2026-08-23,437,화이트,COLOR,5,5,3,1,472,218,1.0593
2026-08-24,437,화이트,COLOR,8,8,6,0,592,293,1.3514
2026-08-25,437,화이트,COLOR,7,7,5,0,405,202,1.7284
2026-08-26,437,화이트,COLOR,5,5,4,0,424,195,1.1792
2026-08-27,437,화이트,COLOR,1,1,1,0,330,161,0.303
2026-08-30,437,화이트,COLOR,11,11,3,1,735,303,1.4966
2026-08-31,437,화이트,COLOR,5,5,4,0,714,321,0.7003
2026-09-01,437,화이트,COLOR,4,4,4,2,601,253,0.6656
2026-09-02,437,화이트,COLOR,4,4,4,0,502,221,0.7968
2026-09-03,437,화이트,COLOR,4,4,3,3,603,270,0.6633
2026-09-04,437,화이트,COLOR,4,4,4,1,482,221,0.8299
2026-09-05,437,화이트,COLOR,5,5,3,1,563,234,0.8881
2026-09-06,437,화이트,COLOR,6,6,5,2,858,363,0.6993
2026-09-07,437,화이트,COLOR,6,6,6,1,732,308,0.8197
2026-09-08,437,화이트,COLOR,2,2,2,0,248,112,0.8065
2026-09-09,437,화이트,COLOR,1,1,1,1,170,7,0.5882
2025-09-21,517,환절기,TPO,1,1,1,1,55,12,1.8182
2026-03-08,517,환절기,TPO,1,1,1,0,71,37,1.4085
2026-04-27,517,환절기,TPO,1,1,1,1,175,75,0.5714
2026-04-29,517,환절기,TPO,3,3,3,2,54,16,5.5556
2026-04-30,517,환절기,TPO,1,1,1,1,78,19,1.2821
2026-06-22,517,환절기,TPO,1,1,1,0,455,179,0.2198
2026-07-12,517,환절기,TPO,1,1,1,1,314,141,0.3185
2026-07-13,517,환절기,TPO,1,1,1,0,382,151,0.2618
2026-07-14,517,환절기,TPO,1,1,1,1,267,89,0.3745
2026-07-19,517,환절기,TPO,2,2,2,2,670,210,0.2985
2026-07-21,517,환절기,TPO,1,1,1,1,284,141,0.3521
2026-07-27,517,환절기,TPO,1,1,1,1,392,161,0.2551
2026-08-04,517,환절기,TPO,1,1,1,1,225,88,0.4444
2026-08-08,517,환절기,TPO,1,1,1,1,143,57,0.6993
2026-08-14,517,환절기,TPO,2,2,2,2,159,54,1.2579
2026-08-23,517,환절기,TPO,3,3,2,1,472,218,0.6356
2026-08-25,517,환절기,TPO,2,2,1,0,405,202,0.4938
2026-09-01,517,환절기,TPO,1,1,1,1,601,253,0.1664
2026-09-02,517,환절기,TPO,1,1,1,1,502,221,0.1992
2026-09-03,517,환절기,TPO,1,1,1,1,603,270,0.1658
2026-09-05,517,환절기,TPO,1,1,1,0,563,234,0.1776
2025-09-05,504,결혼식 하객,TPO,1,1,1,0,87,25,1.1494
2025-09-06,504,결혼식 하객,TPO,2,2,1,0,103,33,1.9417
2025-09-13,504,결혼식 하객,TPO,1,1,1,0,46,32,2.1739
2025-09-19,504,결혼식 하객,TPO,1,1,1,1,106,25,0.9434
2025-10-03,504,결혼식 하객,TPO,3,3,1,1,103,20,2.9126
2025-10-04,504,결혼식 하객,TPO,5,5,1,0,84,22,5.9524
2025-10-05,504,결혼식 하객,TPO,1,1,1,0,53,14,1.8868
2025-10-06,504,결혼식 하객,TPO,1,1,1,0,19,9,5.2632
2025-10-07,504,결혼식 하객,TPO,1,1,1,0,18,7,5.5556
2025-10-09,504,결혼식 하객,TPO,2,2,1,0,19,5,10.5263
2025-10-20,504,결혼식 하객,TPO,1,1,1,0,16,12,6.25
2025-11-02,504,결혼식 하객,TPO,1,1,1,0,86,23,1.1628
2025-11-07,504,결혼식 하객,TPO,1,1,1,0,95,32,1.0526
2025-11-19,504,결혼식 하객,TPO,1,1,1,0,165,47,0.6061
2025-11-20,504,결혼식 하객,TPO,1,1,1,0,172,49,0.5814
2026-01-23,504,결혼식 하객,TPO,1,1,1,0,61,26,1.6393
2026-01-24,504,결혼식 하객,TPO,1,1,1,0,62,34,1.6129
2026-02-06,504,결혼식 하객,TPO,1,1,1,0,65,32,1.5385
2026-02-12,504,결혼식 하객,TPO,1,1,1,1,24,12,4.1667
2026-02-19,504,결혼식 하객,TPO,1,1,1,1,25,13,4.0
2026-02-20,504,결혼식 하객,TPO,2,2,2,1,152,39,1.3158
2026-02-27,504,결혼식 하객,TPO,1,1,1,1,156,44,0.641
2026-03-05,504,결혼식 하객,TPO,1,1,1,0,64,22,1.5625
2026-03-06,504,결혼식 하객,TPO,4,4,2,1,203,70,1.9704
2026-03-20,504,결혼식 하객,TPO,1,1,1,0,44,13,2.2727
2026-03-23,504,결혼식 하객,TPO,1,1,1,0,64,38,1.5625
2026-03-26,504,결혼식 하객,TPO,2,2,1,0,154,65,1.2987
2026-04-07,504,결혼식 하객,TPO,2,2,2,0,24,16,8.3333
2026-04-16,504,결혼식 하객,TPO,1,1,1,0,41,12,2.439
2026-04-18,504,결혼식 하객,TPO,3,3,1,1,168,63,1.7857
2026-04-19,504,결혼식 하객,TPO,3,3,2,0,286,115,1.049
2026-04-20,504,결혼식 하객,TPO,2,2,2,0,238,90,0.8403
2026-04-25,504,결혼식 하객,TPO,2,2,1,0,52,20,3.8462
2026-05-13,504,결혼식 하객,TPO,2,2,2,0,137,56,1.4599
2026-05-24,504,결혼식 하객,TPO,1,1,1,1,297,121,0.3367
2026-05-25,504,결혼식 하객,TPO,1,1,1,0,400,155,0.25
2026-05-27,504,결혼식 하객,TPO,1,1,1,0,222,83,0.4505
2026-05-28,504,결혼식 하객,TPO,1,1,1,1,228,103,0.4386
2026-05-29,504,결혼식 하객,TPO,2,2,2,0,188,59,1.0638
2026-05-30,504,결혼식 하객,TPO,1,1,1,1,234,83,0.4274
2026-05-31,504,결혼식 하객,TPO,1,1,1,1,354,109,0.2825
2026-06-01,504,결혼식 하객,TPO,2,2,1,0,360,160,0.5556
2026-06-02,504,결혼식 하객,TPO,1,1,1,0,224,100,0.4464
2026-06-03,504,결혼식 하객,TPO,1,1,1,0,222,94,0.4505
2026-06-05,504,결혼식 하객,TPO,1,1,1,1,183,55,0.5464
2026-06-08,504,결혼식 하객,TPO,2,2,1,0,380,152,0.5263
2026-06-09,504,결혼식 하객,TPO,2,2,2,2,247,108,0.8097
2026-06-12,504,결혼식 하객,TPO,2,2,2,2,352,114,0.5682
2026-06-13,504,결혼식 하객,TPO,2,2,1,0,267,107,0.7491
2026-06-14,504,결혼식 하객,TPO,1,1,1,1,529,186,0.189
2026-06-15,504,결혼식 하객,TPO,2,2,2,1,440,179,0.4545
2026-06-17,504,결혼식 하객,TPO,2,2,1,0,365,130,0.5479
2026-06-20,504,결혼식 하객,TPO,1,1,1,0,422,169,0.237
2026-06-21,504,결혼식 하객,TPO,1,1,1,0,550,205,0.1818
2026-06-22,504,결혼식 하객,TPO,1,1,1,1,455,179,0.2198
2026-06-23,504,결혼식 하객,TPO,2,2,2,2,401,171,0.4988
2026-06-24,504,결혼식 하객,TPO,1,1,1,1,369,145,0.271
2026-06-26,504,결혼식 하객,TPO,1,1,1,1,247,81,0.4049
2026-06-27,504,결혼식 하객,TPO,1,1,1,1,214,76,0.4673
2026-06-28,504,결혼식 하객,TPO,1,1,1,1,327,109,0.3058
2026-07-01,504,결혼식 하객,TPO,1,1,1,1,261,93,0.3831
2026-07-04,504,결혼식 하객,TPO,1,1,1,1,306,114,0.3268
2026-07-05,504,결혼식 하객,TPO,1,1,1,1,295,122,0.339
2026-07-10,504,결혼식 하객,TPO,1,1,1,1,249,60,0.4016
2026-07-11,504,결혼식 하객,TPO,1,1,1,1,174,63,0.5747
2026-07-13,504,결혼식 하객,TPO,1,1,1,1,382,151,0.2618
2026-07-16,504,결혼식 하객,TPO,1,1,1,1,179,58,0.5587
2026-07-17,504,결혼식 하객,TPO,1,1,1,1,332,101,0.3012
2026-07-19,504,결혼식 하객,TPO,4,4,2,1,670,210,0.597
2026-07-25,504,결혼식 하객,TPO,5,5,1,1,245,115,2.0408
2026-07-26,504,결혼식 하객,TPO,2,2,1,0,338,132,0.5917
2026-07-27,504,결혼식 하객,TPO,1,1,1,1,392,161,0.2551
2026-07-28,504,결혼식 하객,TPO,1,1,1,0,262,125,0.3817
2026-07-30,504,결혼식 하객,TPO,3,3,2,0,249,101,1.2048
2026-08-05,504,결혼식 하객,TPO,4,4,1,1,302,135,1.3245
2026-08-06,504,결혼식 하객,TPO,1,1,1,0,284,112,0.3521
2026-08-07,504,결혼식 하객,TPO,2,2,2,0,151,70,1.3245
2026-08-09,504,결혼식 하객,TPO,2,2,2,0,265,116,0.7547
2026-08-10,504,결혼식 하객,TPO,1,1,1,0,244,105,0.4098
2026-08-11,504,결혼식 하객,TPO,3,3,3,1,383,116,0.7833
2026-08-13,504,결혼식 하객,TPO,1,1,1,1,223,94,0.4484
2026-08-14,504,결혼식 하객,TPO,3,3,2,1,159,54,1.8868
2026-08-17,504,결혼식 하객,TPO,1,1,1,1,543,223,0.1842
2026-08-18,504,결혼식 하객,TPO,1,1,1,1,303,163,0.33
2026-08-20,504,결혼식 하객,TPO,1,1,1,0,236,110,0.4237
2026-08-26,504,결혼식 하객,TPO,1,1,1,0,424,195,0.2358
2026-08-27,504,결혼식 하객,TPO,1,1,1,1,330,161,0.303
2026-08-29,504,결혼식 하객,TPO,1,1,1,0,316,144,0.3165
2026-08-30,504,결혼식 하객,TPO,1,1,1,1,735,303,0.1361
2026-09-03,504,결혼식 하객,TPO,6,6,3,1,603,270,0.995
2026-09-04,504,결혼식 하객,TPO,1,1,1,0,482,221,0.2075
2026-09-06,504,결혼식 하객,TPO,1,1,1,1,858,363,0.1166
2025-11-02,566,고어텍스,MATERIAL,1,1,1,1,86,23,1.1628
2025-12-23,566,고어텍스,MATERIAL,2,2,1,0,50,24,4.0
2026-01-14,566,고어텍스,MATERIAL,1,1,1,0,5,5,20.0
2026-01-17,566,고어텍스,MATERIAL,1,1,1,0,143,78,0.6993
2026-02-22,566,고어텍스,MATERIAL,1,1,1,0,61,30,1.6393
2026-03-03,566,고어텍스,MATERIAL,3,3,1,1,61,35,4.918
2026-03-04,566,고어텍스,MATERIAL,1,1,1,0,159,65,0.6289
2026-03-06,566,고어텍스,MATERIAL,1,1,1,0,203,70,0.4926
2026-03-22,566,고어텍스,MATERIAL,1,1,1,1,158,62,0.6329
2026-04-08,566,고어텍스,MATERIAL,2,2,1,1,32,13,6.25
2026-07-07,566,고어텍스,MATERIAL,1,1,1,1,203,85,0.4926
2026-07-13,566,고어텍스,MATERIAL,1,1,1,1,382,151,0.2618
2026-08-03,566,고어텍스,MATERIAL,1,1,1,1,257,111,0.3891
2026-08-13,566,고어텍스,MATERIAL,1,1,1,0,223,94,0.4484
2026-03-04,387,고프코어,STYLE,1,1,1,0,159,65,0.6289
2026-04-08,387,고프코어,STYLE,1,1,1,1,32,13,3.125
2026-07-20,387,고프코어,STYLE,1,1,1,0,386,140,0.2591
2026-07-25,387,고프코어,STYLE,1,1,1,0,245,115,0.4082
2026-08-05,387,고프코어,STYLE,1,1,1,0,302,135,0.3311
2026-08-19,387,고프코어,STYLE,1,1,1,1,219,95,0.4566
2026-08-24,387,고프코어,STYLE,1,1,1,1,592,293,0.1689
2026-09-10,387,고프코어,STYLE,1,1,1,1,20,5,5.0
2026-04-12,438,그레이지,COLOR,1,1,1,0,29,19,3.4483
2026-06-22,438,그레이지,COLOR,1,1,1,1,455,179,0.2198
2026-07-04,438,그레이지,COLOR,1,1,1,1,306,114,0.3268
2026-07-25,438,그레이지,COLOR,1,1,1,1,245,115,0.4082
2026-08-24,438,그레이지,COLOR,1,1,1,0,592,293,0.1689
2025-12-27,677,글렌체크,DETAIL,1,1,1,1,32,21,3.125
2025-12-27,675,깅엄체크,DETAIL,1,1,1,1,32,21,3.125
2026-03-14,675,깅엄체크,DETAIL,1,1,1,0,37,12,2.7027
2026-03-22,675,깅엄체크,DETAIL,1,1,1,1,158,62,0.6329
2026-03-23,675,깅엄체크,DETAIL,1,1,1,0,64,38,1.5625
2026-03-26,675,깅엄체크,DETAIL,1,1,1,0,154,65,0.6494
2026-05-04,675,깅엄체크,DETAIL,1,1,1,0,61,39,1.6393
2026-05-16,675,깅엄체크,DETAIL,1,1,1,1,158,49,0.6329
2026-06-13,675,깅엄체크,DETAIL,2,2,1,1,267,107,0.7491
2026-07-28,675,깅엄체크,DETAIL,1,1,1,0,262,125,0.3817
2026-08-06,675,깅엄체크,DETAIL,1,1,1,0,284,112,0.3521
2026-06-28,560,네오프렌,MATERIAL,1,1,1,1,327,109,0.3058
2026-07-14,560,네오프렌,MATERIAL,1,1,1,1,267,89,0.3745
2026-09-09,245,니트타이,ITEM,1,1,1,1,170,7,0.5882
2025-11-11,202,더비슈즈,ITEM,1,1,1,0,21,8,4.7619
2025-11-17,202,더비슈즈,ITEM,2,2,1,0,60,30,3.3333
2025-11-23,202,더비슈즈,ITEM,1,1,1,1,92,33,1.087
2025-11-25,202,더비슈즈,ITEM,2,2,1,1,50,29,4.0
2025-11-29,202,더비슈즈,ITEM,1,1,1,0,64,24,1.5625
2025-12-03,202,더비슈즈,ITEM,1,1,1,0,93,52,1.0753
2025-12-05,202,더비슈즈,ITEM,1,1,1,0,88,46,1.1364
2025-12-06,202,더비슈즈,ITEM,2,2,1,0,91,53,2.1978
2025-12-07,202,더비슈즈,ITEM,2,2,1,1,120,49,1.6667
2025-12-16,202,더비슈즈,ITEM,1,1,1,0,8,7,12.5
2026-01-20,202,더비슈즈,ITEM,1,1,1,0,57,25,1.7544
2026-02-07,202,더비슈즈,ITEM,2,2,1,0,115,57,1.7391
2026-02-19,202,더비슈즈,ITEM,1,1,1,0,25,13,4.0
2026-02-22,202,더비슈즈,ITEM,1,1,1,1,61,30,1.6393
2026-02-23,202,더비슈즈,ITEM,1,1,1,0,31,19,3.2258
2026-02-25,202,더비슈즈,ITEM,2,2,1,0,52,33,3.8462
2026-02-26,202,더비슈즈,ITEM,1,1,1,0,56,33,1.7857
2026-03-04,202,더비슈즈,ITEM,1,1,1,0,159,65,0.6289
2026-04-03,202,더비슈즈,ITEM,1,1,1,0,69,31,1.4493
2026-04-27,202,더비슈즈,ITEM,1,1,1,0,175,75,0.5714
2026-05-07,202,더비슈즈,ITEM,3,3,1,0,60,37,5.0
2026-05-12,202,더비슈즈,ITEM,1,1,1,1,134,52,0.7463
2026-05-14,202,더비슈즈,ITEM,1,1,1,1,271,108,0.369
2026-05-17,202,더비슈즈,ITEM,1,1,1,1,166,82,0.6024
2026-05-18,202,더비슈즈,ITEM,1,1,1,1,146,74,0.6849
2026-05-20,202,더비슈즈,ITEM,2,2,2,1,244,80,0.8197
2026-05-21,202,더비슈즈,ITEM,1,1,1,1,270,85,0.3704
2026-05-22,202,더비슈즈,ITEM,1,1,1,1,227,77,0.4405
2026-05-23,202,더비슈즈,ITEM,2,2,1,1,331,93,0.6042
2026-05-24,202,더비슈즈,ITEM,1,1,1,1,297,121,0.3367
2026-05-26,202,더비슈즈,ITEM,1,1,1,1,189,90,0.5291
2026-05-27,202,더비슈즈,ITEM,1,1,1,1,222,83,0.4505
2026-05-28,202,더비슈즈,ITEM,2,2,1,1,228,103,0.8772
2026-05-29,202,더비슈즈,ITEM,2,2,1,1,188,59,1.0638
2026-05-31,202,더비슈즈,ITEM,1,1,1,1,354,109,0.2825
2026-06-06,202,더비슈즈,ITEM,1,1,1,1,336,108,0.2976
2026-06-08,202,더비슈즈,ITEM,1,1,1,1,380,152,0.2632
2026-06-09,202,더비슈즈,ITEM,2,2,1,0,247,108,0.8097
2026-06-10,202,더비슈즈,ITEM,1,1,1,0,345,160,0.2899
2026-06-14,202,더비슈즈,ITEM,1,1,1,1,529,186,0.189
2026-06-15,202,더비슈즈,ITEM,10,10,4,3,440,179,2.2727
2026-06-16,202,더비슈즈,ITEM,16,16,5,1,465,184,3.4409
2026-06-17,202,더비슈즈,ITEM,4,4,3,0,365,130,1.0959
2026-06-18,202,더비슈즈,ITEM,5,5,3,2,286,139,1.7483
2026-06-19,202,더비슈즈,ITEM,4,4,2,1,510,170,0.7843
2026-06-20,202,더비슈즈,ITEM,17,17,1,1,422,169,4.0284
2026-06-21,202,더비슈즈,ITEM,8,8,3,0,550,205,1.4545
2026-06-22,202,더비슈즈,ITEM,8,8,3,0,455,179,1.7582
2026-06-23,202,더비슈즈,ITEM,6,6,1,0,401,171,1.4963
2026-06-24,202,더비슈즈,ITEM,3,3,3,0,369,145,0.813
2026-06-25,202,더비슈즈,ITEM,1,1,1,1,162,75,0.6173
2026-06-26,202,더비슈즈,ITEM,2,2,2,0,247,81,0.8097
2026-06-27,202,더비슈즈,ITEM,2,2,1,0,214,76,0.9346
2026-06-29,202,더비슈즈,ITEM,1,1,1,0,182,100,0.5495
2026-06-30,202,더비슈즈,ITEM,1,1,1,1,156,56,0.641
2026-07-01,202,더비슈즈,ITEM,1,1,1,1,261,93,0.3831
2026-07-04,202,더비슈즈,ITEM,1,1,1,1,306,114,0.3268
2026-07-07,202,더비슈즈,ITEM,1,1,1,0,203,85,0.4926
2026-07-12,202,더비슈즈,ITEM,1,1,1,1,314,141,0.3185
2026-07-15,202,더비슈즈,ITEM,1,1,1,1,265,87,0.3774
2026-07-20,202,더비슈즈,ITEM,8,8,1,0,386,140,2.0725
2026-07-22,202,더비슈즈,ITEM,1,1,1,0,244,112,0.4098
2026-07-25,202,더비슈즈,ITEM,1,1,1,1,245,115,0.4082
2026-07-26,202,더비슈즈,ITEM,4,4,2,2,338,132,1.1834
2026-07-27,202,더비슈즈,ITEM,4,4,1,0,392,161,1.0204
2026-07-28,202,더비슈즈,ITEM,2,2,1,0,262,125,0.7634
2026-07-29,202,더비슈즈,ITEM,1,1,1,0,238,113,0.4202
2026-08-03,202,더비슈즈,ITEM,2,2,1,0,257,111,0.7782
2026-08-04,202,더비슈즈,ITEM,2,2,2,0,225,88,0.8889
2026-08-06,202,더비슈즈,ITEM,2,2,1,0,284,112,0.7042
2026-08-07,202,더비슈즈,ITEM,1,1,1,1,151,70,0.6623
2026-08-08,202,더비슈즈,ITEM,1,1,1,0,143,57,0.6993
2026-08-10,202,더비슈즈,ITEM,1,1,1,0,244,105,0.4098
2026-08-15,202,더비슈즈,ITEM,16,16,1,1,172,83,9.3023
2026-08-16,202,더비슈즈,ITEM,10,10,1,0,232,98,4.3103
2026-08-17,202,더비슈즈,ITEM,2,2,1,0,543,223,0.3683
2026-08-18,202,더비슈즈,ITEM,8,8,2,0,303,163,2.6403
2026-08-19,202,더비슈즈,ITEM,5,5,2,0,219,95,2.2831
2026-08-20,202,더비슈즈,ITEM,5,5,3,2,236,110,2.1186
2026-08-21,202,더비슈즈,ITEM,4,4,4,0,235,105,1.7021
2026-08-23,202,더비슈즈,ITEM,3,3,1,0,472,218,0.6356
2026-08-24,202,더비슈즈,ITEM,11,11,3,0,592,293,1.8581
2026-08-25,202,더비슈즈,ITEM,6,6,2,0,405,202,1.4815
2026-08-26,202,더비슈즈,ITEM,3,3,2,0,424,195,0.7075
2026-08-28,202,더비슈즈,ITEM,1,1,1,0,414,157,0.2415
2026-08-30,202,더비슈즈,ITEM,1,1,1,0,735,303,0.1361
2026-08-31,202,더비슈즈,ITEM,3,3,3,1,714,321,0.4202
2026-09-01,202,더비슈즈,ITEM,4,4,3,1,601,253,0.6656
2026-09-02,202,더비슈즈,ITEM,5,5,5,1,502,221,0.996
2026-09-03,202,더비슈즈,ITEM,2,2,2,1,603,270,0.3317
2026-09-04,202,더비슈즈,ITEM,1,1,1,1,482,221,0.2075
2026-09-05,202,더비슈즈,ITEM,1,1,1,1,563,234,0.1776
2026-09-06,202,더비슈즈,ITEM,1,1,1,0,858,363,0.1166
2026-09-07,202,더비슈즈,ITEM,1,1,1,0,732,308,0.1366
2026-09-09,202,더비슈즈,ITEM,1,1,1,1,170,7,0.5882
2025-11-11,171,더플코트,ITEM,1,1,1,0,21,8,4.7619
2025-11-14,171,더플코트,ITEM,1,1,1,0,73,20,1.3699
2025-11-20,171,더플코트,ITEM,1,1,1,1,172,49,0.5814
2025-11-22,171,더플코트,ITEM,1,1,1,0,75,36,1.3333
2025-12-03,171,더플코트,ITEM,1,1,1,0,93,52,1.0753
2026-01-21,171,더플코트,ITEM,2,2,1,0,22,16,9.0909
2026-01-22,171,더플코트,ITEM,1,1,1,0,17,8,5.8824
2026-07-22,171,더플코트,ITEM,1,1,1,1,244,112,0.4098
2026-07-23,171,더플코트,ITEM,1,1,1,0,243,86,0.4115
2025-09-05,427,데님블루,COLOR,1,1,1,1,87,25,1.1494
2025-09-06,427,데님블루,COLOR,1,1,1,0,103,33,0.9709
2025-10-10,427,데님블루,COLOR,1,1,1,0,80,23,1.25
2025-12-03,427,데님블루,COLOR,1,1,1,0,93,52,1.0753
2026-03-04,427,데님블루,COLOR,1,1,1,1,159,65,0.6289
2026-03-17,427,데님블루,COLOR,1,1,1,1,76,20,1.3158
2026-04-11,427,데님블루,COLOR,1,1,1,1,80,37,1.25
2026-04-19,427,데님블루,COLOR,1,1,1,1,286,115,0.3497
2026-04-24,427,데님블루,COLOR,1,1,1,0,49,31,2.0408
2026-05-06,427,데님블루,COLOR,1,1,1,0,95,40,1.0526
2026-05-14,427,데님블루,COLOR,1,1,1,1,271,108,0.369
2026-05-16,427,데님블루,COLOR,1,1,1,1,158,49,0.6329
2026-05-18,427,데님블루,COLOR,1,1,1,1,146,74,0.6849
2026-05-23,427,데님블루,COLOR,1,1,1,1,331,93,0.3021
2026-05-25,427,데님블루,COLOR,1,1,1,1,400,155,0.25
2026-05-28,427,데님블루,COLOR,2,2,2,0,228,103,0.8772
2026-05-29,427,데님블루,COLOR,1,1,1,1,188,59,0.5319
2026-06-03,427,데님블루,COLOR,1,1,1,1,222,94,0.4505
2026-06-10,427,데님블루,COLOR,2,2,2,0,345,160,0.5797
2026-06-11,427,데님블루,COLOR,1,1,1,0,239,114,0.4184
2026-06-12,427,데님블루,COLOR,1,1,1,1,352,114,0.2841
2026-06-19,427,데님블루,COLOR,1,1,1,1,510,170,0.1961
2026-06-21,427,데님블루,COLOR,1,1,1,1,550,205,0.1818
2026-06-22,427,데님블루,COLOR,1,1,1,0,455,179,0.2198
2026-06-28,427,데님블루,COLOR,2,2,1,1,327,109,0.6116
2026-06-29,427,데님블루,COLOR,2,2,2,0,182,100,1.0989
2026-07-01,427,데님블루,COLOR,1,1,1,1,261,93,0.3831
2026-07-07,427,데님블루,COLOR,1,1,1,1,203,85,0.4926
2026-07-12,427,데님블루,COLOR,1,1,1,0,314,141,0.3185
2026-07-14,427,데님블루,COLOR,1,1,1,0,267,89,0.3745
2026-07-15,427,데님블루,COLOR,2,2,1,0,265,87,0.7547
2026-07-18,427,데님블루,COLOR,1,1,1,0,429,155,0.2331
2026-07-19,427,데님블루,COLOR,3,3,2,1,670,210,0.4478
2026-07-20,427,데님블루,COLOR,1,1,1,0,386,140,0.2591
2026-07-23,427,데님블루,COLOR,1,1,1,0,243,86,0.4115
2026-07-25,427,데님블루,COLOR,1,1,1,0,245,115,0.4082
2026-07-27,427,데님블루,COLOR,1,1,1,0,392,161,0.2551
2026-07-30,427,데님블루,COLOR,1,1,1,1,249,101,0.4016
2026-07-31,427,데님블루,COLOR,1,1,1,1,204,84,0.4902
2026-08-01,427,데님블루,COLOR,1,1,1,1,277,115,0.361
2026-08-11,427,데님블루,COLOR,1,1,1,1,383,116,0.2611
2026-08-13,427,데님블루,COLOR,1,1,1,0,223,94,0.4484
2026-08-15,427,데님블루,COLOR,2,2,2,1,172,83,1.1628
2026-08-17,427,데님블루,COLOR,1,1,1,0,543,223,0.1842
2026-08-18,427,데님블루,COLOR,1,1,1,0,303,163,0.33
2026-08-19,427,데님블루,COLOR,2,2,2,0,219,95,0.9132
2026-08-22,427,데님블루,COLOR,1,1,1,1,275,117,0.3636
2026-08-24,427,데님블루,COLOR,2,2,2,2,592,293,0.3378
2026-08-25,427,데님블루,COLOR,1,1,1,0,405,202,0.2469
2026-08-30,427,데님블루,COLOR,4,4,3,2,735,303,0.5442
2026-08-31,427,데님블루,COLOR,2,2,2,1,714,321,0.2801
2026-09-01,427,데님블루,COLOR,2,2,2,1,601,253,0.3328
2026-09-02,427,데님블루,COLOR,3,3,3,1,502,221,0.5976
2026-09-03,427,데님블루,COLOR,1,1,1,1,603,270,0.1658
2026-09-05,427,데님블루,COLOR,2,2,2,2,563,234,0.3552
2026-09-08,427,데님블루,COLOR,1,1,1,1,248,112,0.4032
2026-06-12,733,돌먼소매,DETAIL,2,2,1,1,352,114,0.5682
2026-06-19,733,돌먼소매,DETAIL,2,2,1,0,510,170,0.3922
2026-02-20,773,드레이프,DETAIL,1,1,1,1,152,39,0.6579
2026-02-24,773,드레이프,DETAIL,1,1,1,0,63,32,1.5873
2026-02-27,773,드레이프,DETAIL,1,1,1,0,156,44,0.641
2026-03-10,773,드레이프,DETAIL,1,1,1,0,28,22,3.5714
2026-03-16,773,드레이프,DETAIL,1,1,1,1,83,23,1.2048
2026-04-18,773,드레이프,DETAIL,1,1,1,1,168,63,0.5952
2026-04-20,773,드레이프,DETAIL,1,1,1,0,238,90,0.4202
2026-04-25,773,드레이프,DETAIL,1,1,1,0,52,20,1.9231
2026-05-16,773,드레이프,DETAIL,1,1,1,1,158,49,0.6329
2026-05-22,773,드레이프,DETAIL,1,1,1,1,227,77,0.4405
2026-06-05,773,드레이프,DETAIL,1,1,1,1,183,55,0.5464
2026-06-11,773,드레이프,DETAIL,1,1,1,0,239,114,0.4184
2026-06-12,773,드레이프,DETAIL,2,2,2,2,352,114,0.5682
2026-06-13,773,드레이프,DETAIL,2,2,2,1,267,107,0.7491
2026-06-19,773,드레이프,DETAIL,1,1,1,0,510,170,0.1961
2026-06-23,773,드레이프,DETAIL,1,1,1,0,401,171,0.2494
2026-06-30,773,드레이프,DETAIL,1,1,1,1,156,56,0.641
2026-07-04,773,드레이프,DETAIL,1,1,1,1,306,114,0.3268
2026-07-05,773,드레이프,DETAIL,2,2,2,2,295,122,0.678
2026-07-10,773,드레이프,DETAIL,2,2,1,1,249,60,0.8032
2026-07-11,773,드레이프,DETAIL,1,1,1,1,174,63,0.5747
2026-07-14,773,드레이프,DETAIL,2,2,1,0,267,89,0.7491
2026-07-15,773,드레이프,DETAIL,1,1,1,0,265,87,0.3774
2026-07-16,773,드레이프,DETAIL,1,1,1,1,179,58,0.5587
2026-07-18,773,드레이프,DETAIL,1,1,1,1,429,155,0.2331
2026-07-19,773,드레이프,DETAIL,2,2,2,1,670,210,0.2985
2026-07-21,773,드레이프,DETAIL,1,1,1,1,284,141,0.3521
2026-07-22,773,드레이프,DETAIL,1,1,1,0,244,112,0.4098
2026-07-26,773,드레이프,DETAIL,1,1,1,1,338,132,0.2959
2026-07-31,773,드레이프,DETAIL,1,1,1,1,204,84,0.4902
2026-08-02,773,드레이프,DETAIL,1,1,1,0,250,101,0.4
2026-08-06,773,드레이프,DETAIL,1,1,1,1,284,112,0.3521
2026-08-09,773,드레이프,DETAIL,3,3,2,1,265,116,1.1321
2026-08-11,773,드레이프,DETAIL,2,2,2,2,383,116,0.5222
2026-09-01,773,드레이프,DETAIL,2,2,1,1,601,253,0.3328
2026-09-04,773,드레이프,DETAIL,2,2,1,1,482,221,0.4149
2026-09-08,773,드레이프,DETAIL,1,1,1,1,248,112,0.4032
2026-09-09,773,드레이프,DETAIL,1,1,1,1,170,7,0.5882
2025-12-02,736,드롭숄더,DETAIL,1,1,1,0,123,66,0.813
2025-12-03,736,드롭숄더,DETAIL,2,2,1,0,93,52,2.1505
2026-03-01,736,드롭숄더,DETAIL,1,1,1,1,144,46,0.6944
2026-03-17,736,드롭숄더,DETAIL,1,1,1,0,76,20,1.3158
2026-03-19,736,드롭숄더,DETAIL,1,1,1,0,89,60,1.1236
2026-05-28,736,드롭숄더,DETAIL,1,1,1,1,228,103,0.4386
2026-05-30,736,드롭숄더,DETAIL,1,1,1,0,234,83,0.4274
2026-06-22,736,드롭숄더,DETAIL,1,1,1,0,455,179,0.2198
2026-07-15,736,드롭숄더,DETAIL,1,1,1,1,265,87,0.3774
2026-07-18,736,드롭숄더,DETAIL,1,1,1,0,429,155,0.2331
2026-08-06,736,드롭숄더,DETAIL,1,1,1,1,284,112,0.3521
2026-03-01,403,딥네이비,COLOR,1,1,1,1,144,46,0.6944
2026-03-17,403,딥네이비,COLOR,1,1,1,1,76,20,1.3158
2026-03-21,403,딥네이비,COLOR,1,1,1,1,23,7,4.3478
2026-03-26,403,딥네이비,COLOR,1,1,1,1,154,65,0.6494
2026-04-11,403,딥네이비,COLOR,1,1,1,1,80,37,1.25
2026-04-22,403,딥네이비,COLOR,1,1,1,0,63,26,1.5873
2026-05-23,403,딥네이비,COLOR,1,1,1,1,331,93,0.3021
2026-06-01,403,딥네이비,COLOR,1,1,1,1,360,160,0.2778
2026-06-06,403,딥네이비,COLOR,1,1,1,1,336,108,0.2976
2026-06-10,403,딥네이비,COLOR,3,3,1,1,345,160,0.8696
2026-06-11,403,딥네이비,COLOR,1,1,1,0,239,114,0.4184
2026-06-16,403,딥네이비,COLOR,1,1,1,1,465,184,0.2151
2026-06-17,403,딥네이비,COLOR,1,1,1,1,365,130,0.274
2026-06-19,403,딥네이비,COLOR,1,1,1,1,510,170,0.1961
2026-07-24,403,딥네이비,COLOR,1,1,1,1,233,80,0.4292
2026-08-01,403,딥네이비,COLOR,1,1,1,1,277,115,0.361
2026-08-02,403,딥네이비,COLOR,1,1,1,1,250,101,0.4
2026-08-24,403,딥네이비,COLOR,1,1,1,1,592,293,0.1689
2026-08-29,403,딥네이비,COLOR,1,1,1,1,316,144,0.3165
2026-09-04,403,딥네이비,COLOR,2,2,2,0,482,221,0.4149
2026-09-06,403,딥네이비,COLOR,1,1,1,1,858,363,0.1166
2025-09-05,644,라운드넥,DETAIL,1,1,1,1,87,25,1.1494
2025-09-09,644,라운드넥,DETAIL,1,1,1,0,11,4,9.0909
2025-10-03,644,라운드넥,DETAIL,1,1,1,0,103,20,0.9709
2025-10-04,644,라운드넥,DETAIL,1,1,1,0,84,22,1.1905
2025-10-26,644,라운드넥,DETAIL,1,1,1,1,63,15,1.5873
2025-11-06,644,라운드넥,DETAIL,1,1,1,0,32,11,3.125
2025-11-14,644,라운드넥,DETAIL,5,5,1,1,73,20,6.8493
2025-11-15,644,라운드넥,DETAIL,2,2,1,0,72,28,2.7778
2025-11-19,644,라운드넥,DETAIL,1,1,1,0,165,47,0.6061
2025-11-20,644,라운드넥,DETAIL,2,2,1,0,172,49,1.1628
2025-11-21,644,라운드넥,DETAIL,1,1,1,1,127,48,0.7874
2025-12-07,644,라운드넥,DETAIL,1,1,1,0,120,49,0.8333
2025-12-08,644,라운드넥,DETAIL,1,1,1,0,42,28,2.381
2025-12-23,644,라운드넥,DETAIL,1,1,1,1,50,24,2.0
2026-01-29,644,라운드넥,DETAIL,1,1,1,1,60,12,1.6667
2026-02-01,644,라운드넥,DETAIL,1,1,1,0,83,43,1.2048
2026-02-20,644,라운드넥,DETAIL,1,1,1,1,152,39,0.6579
2026-03-04,644,라운드넥,DETAIL,1,1,1,1,159,65,0.6289
2026-03-16,644,라운드넥,DETAIL,1,1,1,1,83,23,1.2048
2026-03-17,644,라운드넥,DETAIL,1,1,1,1,76,20,1.3158
2026-03-23,644,라운드넥,DETAIL,1,1,1,1,64,38,1.5625
2026-04-05,644,라운드넥,DETAIL,1,1,1,1,129,44,0.7752
2026-04-18,644,라운드넥,DETAIL,2,2,1,0,168,63,1.1905
2026-04-19,644,라운드넥,DETAIL,8,8,2,0,286,115,2.7972
2026-04-20,644,라운드넥,DETAIL,5,5,2,0,238,90,2.1008
2026-04-22,644,라운드넥,DETAIL,2,2,1,0,63,26,3.1746
2026-04-23,644,라운드넥,DETAIL,2,2,1,0,116,64,1.7241
2026-04-24,644,라운드넥,DETAIL,1,1,1,0,49,31,2.0408
2026-04-27,644,라운드넥,DETAIL,1,1,1,1,175,75,0.5714
2026-05-01,644,라운드넥,DETAIL,1,1,1,1,82,24,1.2195
2026-05-03,644,라운드넥,DETAIL,1,1,1,1,150,45,0.6667
2026-05-05,644,라운드넥,DETAIL,2,2,1,1,121,55,1.6529
2026-05-06,644,라운드넥,DETAIL,1,1,1,1,95,40,1.0526
2026-05-11,644,라운드넥,DETAIL,2,2,2,1,111,47,1.8018
2026-05-13,644,라운드넥,DETAIL,1,1,1,1,137,56,0.7299
2026-05-21,644,라운드넥,DETAIL,1,1,1,1,270,85,0.3704
2026-05-22,644,라운드넥,DETAIL,2,2,2,2,227,77,0.8811
2026-05-23,644,라운드넥,DETAIL,1,1,1,1,331,93,0.3021
2026-05-25,644,라운드넥,DETAIL,1,1,1,1,400,155,0.25
2026-05-26,644,라운드넥,DETAIL,1,1,1,1,189,90,0.5291
2026-05-27,644,라운드넥,DETAIL,1,1,1,1,222,83,0.4505
2026-05-28,644,라운드넥,DETAIL,2,2,1,1,228,103,0.8772
2026-05-29,644,라운드넥,DETAIL,2,2,2,1,188,59,1.0638
2026-05-31,644,라운드넥,DETAIL,2,2,1,1,354,109,0.565
2026-06-02,644,라운드넥,DETAIL,3,3,2,1,224,100,1.3393
2026-06-04,644,라운드넥,DETAIL,1,1,1,0,137,74,0.7299
2026-06-05,644,라운드넥,DETAIL,2,2,2,1,183,55,1.0929
2026-06-07,644,라운드넥,DETAIL,1,1,1,1,322,152,0.3106
2026-06-09,644,라운드넥,DETAIL,1,1,1,1,247,108,0.4049
2026-06-10,644,라운드넥,DETAIL,1,1,1,1,345,160,0.2899
2026-06-11,644,라운드넥,DETAIL,2,2,2,1,239,114,0.8368
2026-06-12,644,라운드넥,DETAIL,1,1,1,0,352,114,0.2841
2026-06-14,644,라운드넥,DETAIL,3,3,2,1,529,186,0.5671
2026-06-15,644,라운드넥,DETAIL,1,1,1,1,440,179,0.2273
2026-06-16,644,라운드넥,DETAIL,2,2,2,2,465,184,0.4301
2026-06-17,644,라운드넥,DETAIL,1,1,1,0,365,130,0.274
2026-06-18,644,라운드넥,DETAIL,1,1,1,1,286,139,0.3497
2026-06-19,644,라운드넥,DETAIL,1,1,1,0,510,170,0.1961
2026-06-20,644,라운드넥,DETAIL,2,2,2,2,422,169,0.4739
2026-06-21,644,라운드넥,DETAIL,4,4,4,4,550,205,0.7273
2026-06-22,644,라운드넥,DETAIL,1,1,1,1,455,179,0.2198
2026-06-23,644,라운드넥,DETAIL,2,2,2,1,401,171,0.4988
2026-06-24,644,라운드넥,DETAIL,1,1,1,1,369,145,0.271
2026-06-26,644,라운드넥,DETAIL,1,1,1,1,247,81,0.4049
2026-06-27,644,라운드넥,DETAIL,1,1,1,1,214,76,0.4673
2026-06-30,644,라운드넥,DETAIL,1,1,1,0,156,56,0.641
2026-07-02,644,라운드넥,DETAIL,1,1,1,0,107,58,0.9346
2026-07-03,644,라운드넥,DETAIL,2,2,2,1,154,63,1.2987
2026-07-04,644,라운드넥,DETAIL,1,1,1,1,306,114,0.3268
2026-07-05,644,라운드넥,DETAIL,2,2,2,1,295,122,0.678
2026-07-09,644,라운드넥,DETAIL,1,1,1,1,161,62,0.6211
2026-07-11,644,라운드넥,DETAIL,1,1,1,0,174,63,0.5747
2026-07-15,644,라운드넥,DETAIL,1,1,1,1,265,87,0.3774
2026-07-17,644,라운드넥,DETAIL,3,3,3,1,332,101,0.9036
2026-07-18,644,라운드넥,DETAIL,3,3,2,1,429,155,0.6993
2026-07-19,644,라운드넥,DETAIL,19,19,2,2,670,210,2.8358
2026-07-20,644,라운드넥,DETAIL,8,8,4,3,386,140,2.0725
2026-07-23,644,라운드넥,DETAIL,4,4,4,3,243,86,1.6461
2026-07-26,644,라운드넥,DETAIL,2,2,2,2,338,132,0.5917
2026-07-27,644,라운드넥,DETAIL,3,3,1,1,392,161,0.7653
2026-07-28,644,라운드넥,DETAIL,1,1,1,0,262,125,0.3817
2026-07-29,644,라운드넥,DETAIL,1,1,1,1,238,113,0.4202
2026-07-30,644,라운드넥,DETAIL,1,1,1,0,249,101,0.4016
2026-08-01,644,라운드넥,DETAIL,1,1,1,0,277,115,0.361
2026-08-02,644,라운드넥,DETAIL,1,1,1,1,250,101,0.4
2026-08-03,644,라운드넥,DETAIL,3,3,2,0,257,111,1.1673
2026-08-04,644,라운드넥,DETAIL,2,2,2,2,225,88,0.8889
2026-08-06,644,라운드넥,DETAIL,1,1,1,1,284,112,0.3521
2026-08-09,644,라운드넥,DETAIL,1,1,1,1,265,116,0.3774
2026-08-10,644,라운드넥,DETAIL,1,1,1,1,244,105,0.4098
2026-08-11,644,라운드넥,DETAIL,1,1,1,1,383,116,0.2611
2026-08-12,644,라운드넥,DETAIL,2,2,2,1,194,92,1.0309
2026-08-13,644,라운드넥,DETAIL,3,3,3,2,223,94,1.3453
2026-08-14,644,라운드넥,DETAIL,1,1,1,1,159,54,0.6289
2026-08-19,644,라운드넥,DETAIL,1,1,1,1,219,95,0.4566
2026-08-20,644,라운드넥,DETAIL,2,2,1,1,236,110,0.8475
2026-08-22,644,라운드넥,DETAIL,1,1,1,1,275,117,0.3636
2026-08-23,644,라운드넥,DETAIL,2,2,1,1,472,218,0.4237
2026-08-24,644,라운드넥,DETAIL,2,2,2,2,592,293,0.3378
2026-08-25,644,라운드넥,DETAIL,1,1,1,0,405,202,0.2469
2026-08-26,644,라운드넥,DETAIL,1,1,1,0,424,195,0.2358
2026-08-27,644,라운드넥,DETAIL,1,1,1,1,330,161,0.303
2026-08-28,644,라운드넥,DETAIL,2,2,2,2,414,157,0.4831
2026-08-29,644,라운드넥,DETAIL,2,2,2,1,316,144,0.6329
2026-08-30,644,라운드넥,DETAIL,2,2,2,1,735,303,0.2721
2026-08-31,644,라운드넥,DETAIL,6,6,3,2,714,321,0.8403
2026-09-01,644,라운드넥,DETAIL,1,1,1,0,601,253,0.1664
2026-09-02,644,라운드넥,DETAIL,3,3,2,1,502,221,0.5976
2026-09-03,644,라운드넥,DETAIL,1,1,1,1,603,270,0.1658
2026-09-04,644,라운드넥,DETAIL,1,1,1,0,482,221,0.2075
2026-09-06,644,라운드넥,DETAIL,6,6,5,4,858,363,0.6993
2026-09-07,644,라운드넥,DETAIL,4,4,2,1,732,308,0.5464
2026-09-09,644,라운드넥,DETAIL,1,1,1,1,170,7,0.5882
2025-11-22,627,라운드토,DETAIL,1,1,1,0,75,36,1.3333
2025-12-08,627,라운드토,DETAIL,1,1,1,0,42,28,2.381
2026-01-20,627,라운드토,DETAIL,1,1,1,1,57,25,1.7544
2026-02-20,627,라운드토,DETAIL,1,1,1,1,152,39,0.6579
2026-03-04,627,라운드토,DETAIL,1,1,1,1,159,65,0.6289
2026-04-20,627,라운드토,DETAIL,1,1,1,1,238,90,0.4202
2026-05-31,627,라운드토,DETAIL,1,1,1,1,354,109,0.2825
2026-06-08,627,라운드토,DETAIL,1,1,1,1,380,152,0.2632
2026-06-16,627,라운드토,DETAIL,1,1,1,0,465,184,0.2151
2026-06-20,627,라운드토,DETAIL,2,2,2,0,422,169,0.4739
2026-08-09,627,라운드토,DETAIL,1,1,1,1,265,116,0.3774
2026-08-20,627,라운드토,DETAIL,1,1,1,1,236,110,0.4237
2026-04-19,460,라임그린,COLOR,1,1,1,1,286,115,0.3497
2026-04-21,460,라임그린,COLOR,1,1,1,0,58,30,1.7241
2026-05-23,460,라임그린,COLOR,1,1,1,0,331,93,0.3021
2026-05-31,460,라임그린,COLOR,1,1,1,1,354,109,0.2825
2026-06-06,460,라임그린,COLOR,1,1,1,1,336,108,0.2976
2026-06-24,460,라임그린,COLOR,1,1,1,1,369,145,0.271
2026-07-17,460,라임그린,COLOR,1,1,1,1,332,101,0.3012
2026-06-22,137,래시가드,ITEM,1,1,1,0,455,179,0.2198
2026-07-06,137,래시가드,ITEM,1,1,1,1,204,85,0.4902
2026-07-18,137,래시가드,ITEM,1,1,1,1,429,155,0.2331
2026-07-21,137,래시가드,ITEM,1,1,1,0,284,141,0.3521
2026-07-25,137,래시가드,ITEM,1,1,1,0,245,115,0.4082
2026-08-05,137,래시가드,ITEM,1,1,1,0,302,135,0.3311
2025-09-06,612,레귤러핏,DETAIL,2,2,1,0,103,33,1.9417
2025-09-11,612,레귤러핏,DETAIL,1,1,1,0,24,8,4.1667
2025-10-31,612,레귤러핏,DETAIL,1,1,1,0,66,25,1.5152
2026-01-31,612,레귤러핏,DETAIL,1,1,1,0,44,32,2.2727
2026-02-07,612,레귤러핏,DETAIL,2,2,1,0,115,57,1.7391
2026-02-26,612,레귤러핏,DETAIL,1,1,1,0,56,33,1.7857
2026-03-02,612,레귤러핏,DETAIL,1,1,1,0,49,31,2.0408
2026-03-06,612,레귤러핏,DETAIL,1,1,1,1,203,70,0.4926
2026-04-16,612,레귤러핏,DETAIL,1,1,1,0,41,12,2.439
2026-04-18,612,레귤러핏,DETAIL,1,1,1,1,168,63,0.5952
2026-04-23,612,레귤러핏,DETAIL,1,1,1,0,116,64,0.8621
2026-04-27,612,레귤러핏,DETAIL,1,1,1,0,175,75,0.5714
2026-05-04,612,레귤러핏,DETAIL,1,1,1,0,61,39,1.6393
2026-05-11,612,레귤러핏,DETAIL,2,2,1,1,111,47,1.8018
2026-05-12,612,레귤러핏,DETAIL,2,2,2,0,134,52,1.4925
2026-05-13,612,레귤러핏,DETAIL,2,2,1,1,137,56,1.4599
2026-05-14,612,레귤러핏,DETAIL,1,1,1,1,271,108,0.369
2026-05-21,612,레귤러핏,DETAIL,1,1,1,0,270,85,0.3704
2026-05-25,612,레귤러핏,DETAIL,1,1,1,0,400,155,0.25
2026-05-28,612,레귤러핏,DETAIL,3,3,1,1,228,103,1.3158
2026-05-29,612,레귤러핏,DETAIL,1,1,1,0,188,59,0.5319
2026-05-30,612,레귤러핏,DETAIL,1,1,1,0,234,83,0.4274
2026-06-01,612,레귤러핏,DETAIL,1,1,1,0,360,160,0.2778
2026-06-03,612,레귤러핏,DETAIL,1,1,1,0,222,94,0.4505
2026-06-12,612,레귤러핏,DETAIL,1,1,1,0,352,114,0.2841
2026-06-19,612,레귤러핏,DETAIL,1,1,1,1,510,170,0.1961
2026-06-22,612,레귤러핏,DETAIL,1,1,1,1,455,179,0.2198
2026-06-23,612,레귤러핏,DETAIL,1,1,1,1,401,171,0.2494
2026-06-24,612,레귤러핏,DETAIL,1,1,1,0,369,145,0.271
2026-06-25,612,레귤러핏,DETAIL,1,1,1,1,162,75,0.6173
2026-06-27,612,레귤러핏,DETAIL,2,2,1,1,214,76,0.9346
2026-06-28,612,레귤러핏,DETAIL,1,1,1,1,327,109,0.3058
2026-06-29,612,레귤러핏,DETAIL,1,1,1,0,182,100,0.5495
2026-07-01,612,레귤러핏,DETAIL,2,2,2,2,261,93,0.7663
2026-07-04,612,레귤러핏,DETAIL,1,1,1,0,306,114,0.3268
2026-07-05,612,레귤러핏,DETAIL,3,3,3,3,295,122,1.0169
2026-07-18,612,레귤러핏,DETAIL,1,1,1,0,429,155,0.2331
2026-07-19,612,레귤러핏,DETAIL,1,1,1,0,670,210,0.1493
2026-07-20,612,레귤러핏,DETAIL,2,2,2,0,386,140,0.5181
2026-07-21,612,레귤러핏,DETAIL,2,2,2,1,284,141,0.7042
2026-07-23,612,레귤러핏,DETAIL,1,1,1,0,243,86,0.4115
2026-07-24,612,레귤러핏,DETAIL,1,1,1,1,233,80,0.4292
2026-07-26,612,레귤러핏,DETAIL,2,2,2,2,338,132,0.5917
2026-07-27,612,레귤러핏,DETAIL,1,1,1,0,392,161,0.2551
2026-08-03,612,레귤러핏,DETAIL,2,2,2,0,257,111,0.7782
2026-08-06,612,레귤러핏,DETAIL,1,1,1,1,284,112,0.3521
2026-08-10,612,레귤러핏,DETAIL,3,3,3,1,244,105,1.2295
2026-08-11,612,레귤러핏,DETAIL,1,1,1,1,383,116,0.2611
2026-08-18,612,레귤러핏,DETAIL,1,1,1,0,303,163,0.33
2026-08-19,612,레귤러핏,DETAIL,3,3,2,2,219,95,1.3699
2026-08-20,612,레귤러핏,DETAIL,1,1,1,0,236,110,0.4237
2026-08-22,612,레귤러핏,DETAIL,3,3,1,1,275,117,1.0909
2026-08-23,612,레귤러핏,DETAIL,1,1,1,0,472,218,0.2119
2026-08-24,612,레귤러핏,DETAIL,2,2,2,1,592,293,0.3378
2026-08-25,612,레귤러핏,DETAIL,8,8,3,2,405,202,1.9753
2026-08-26,612,레귤러핏,DETAIL,2,2,1,0,424,195,0.4717
2026-08-27,612,레귤러핏,DETAIL,1,1,1,0,330,161,0.303
2026-08-28,612,레귤러핏,DETAIL,2,2,1,0,414,157,0.4831
2026-08-29,612,레귤러핏,DETAIL,6,6,2,0,316,144,1.8987
2026-08-30,612,레귤러핏,DETAIL,2,2,2,1,735,303,0.2721
2026-08-31,612,레귤러핏,DETAIL,2,2,2,0,714,321,0.2801
2026-09-01,612,레귤러핏,DETAIL,3,3,1,0,601,253,0.4992
2026-09-02,612,레귤러핏,DETAIL,1,1,1,0,502,221,0.1992
2026-09-03,612,레귤러핏,DETAIL,1,1,1,0,603,270,0.1658
2026-09-04,612,레귤러핏,DETAIL,3,3,2,0,482,221,0.6224
2026-09-05,612,레귤러핏,DETAIL,3,3,2,1,563,234,0.5329
2026-09-06,612,레귤러핏,DETAIL,1,1,1,0,858,363,0.1166
2026-09-07,612,레귤러핏,DETAIL,1,1,1,0,732,308,0.1366
2026-09-08,612,레귤러핏,DETAIL,1,1,1,1,248,112,0.4032
2025-09-26,232,레그워머,ITEM,1,1,1,1,76,18,1.3158
2025-09-27,232,레그워머,ITEM,1,1,1,0,92,35,1.087
2025-11-30,232,레그워머,ITEM,1,1,1,1,72,27,1.3889
2026-01-01,232,레그워머,ITEM,1,1,1,0,8,6,12.5
2026-02-07,232,레그워머,ITEM,1,1,1,0,115,57,0.8696
2026-05-30,232,레그워머,ITEM,1,1,1,0,234,83,0.4274
2026-06-21,232,레그워머,ITEM,1,1,1,0,550,205,0.1818
2026-06-25,232,레그워머,ITEM,2,2,2,0,162,75,1.2346
2025-10-27,680,레오파드,DETAIL,1,1,1,0,24,12,4.1667
2026-04-20,680,레오파드,DETAIL,1,1,1,1,238,90,0.4202
2026-06-06,680,레오파드,DETAIL,1,1,1,1,336,108,0.2976
2026-07-12,680,레오파드,DETAIL,1,1,1,0,314,141,0.3185
2026-08-04,680,레오파드,DETAIL,1,1,1,0,225,88,0.4444
2026-08-13,680,레오파드,DETAIL,1,1,1,0,223,94,0.4484
2025-09-03,632,레이스업,DETAIL,1,1,1,0,18,10,5.5556
2025-09-05,632,레이스업,DETAIL,1,1,1,1,87,25,1.1494
2025-11-20,632,레이스업,DETAIL,1,1,1,1,172,49,0.5814
2026-02-20,632,레이스업,DETAIL,2,2,1,1,152,39,1.3158
2026-03-15,632,레이스업,DETAIL,1,1,1,1,87,29,1.1494
2026-03-26,632,레이스업,DETAIL,1,1,1,0,154,65,0.6494
2026-04-08,632,레이스업,DETAIL,1,1,1,0,32,13,3.125
2026-05-21,632,레이스업,DETAIL,1,1,1,1,270,85,0.3704
2026-05-31,632,레이스업,DETAIL,1,1,1,1,354,109,0.2825
2026-06-15,632,레이스업,DETAIL,1,1,1,1,440,179,0.2273
2026-08-09,632,레이스업,DETAIL,1,1,1,1,265,116,0.3774
2026-09-03,632,레이스업,DETAIL,1,1,1,1,603,270,0.1658
2026-09-06,632,레이스업,DETAIL,2,2,1,0,858,363,0.2331
2026-09-07,632,레이스업,DETAIL,1,1,1,0,732,308,0.1366
2025-09-05,776,레이어드,DETAIL,2,2,1,0,87,25,2.2989
2025-09-06,776,레이어드,DETAIL,5,5,1,0,103,33,4.8544
2025-09-07,776,레이어드,DETAIL,2,2,1,0,29,8,6.8966
2025-09-08,776,레이어드,DETAIL,1,1,1,0,39,12,2.5641
2025-09-09,776,레이어드,DETAIL,1,1,1,0,11,4,9.0909
2025-09-10,776,레이어드,DETAIL,1,1,1,0,25,7,4.0
2025-09-11,776,레이어드,DETAIL,2,2,1,0,24,8,8.3333
2025-09-14,776,레이어드,DETAIL,1,1,1,1,52,13,1.9231
2025-09-15,776,레이어드,DETAIL,1,1,1,0,110,52,0.9091
2025-09-24,776,레이어드,DETAIL,1,1,1,1,43,14,2.3256
2025-10-03,776,레이어드,DETAIL,2,2,1,0,103,20,1.9417
2025-10-04,776,레이어드,DETAIL,1,1,1,0,84,22,1.1905
2025-10-05,776,레이어드,DETAIL,2,2,2,1,53,14,3.7736
2025-10-19,776,레이어드,DETAIL,1,1,1,1,46,13,2.1739
2025-10-28,776,레이어드,DETAIL,1,1,1,0,27,11,3.7037
2025-11-02,776,레이어드,DETAIL,2,2,1,1,86,23,2.3256
2025-11-09,776,레이어드,DETAIL,2,2,2,1,76,21,2.6316
2025-11-14,776,레이어드,DETAIL,3,3,1,1,73,20,4.1096
2025-11-15,776,레이어드,DETAIL,5,5,1,0,72,28,6.9444
2025-11-16,776,레이어드,DETAIL,4,4,2,1,99,44,4.0404
2025-11-17,776,레이어드,DETAIL,2,2,1,0,60,30,3.3333
2025-11-19,776,레이어드,DETAIL,4,4,2,0,165,47,2.4242
2025-11-20,776,레이어드,DETAIL,2,2,1,0,172,49,1.1628
2025-11-22,776,레이어드,DETAIL,1,1,1,0,75,36,1.3333
2025-11-29,776,레이어드,DETAIL,1,1,1,0,64,24,1.5625
2025-11-30,776,레이어드,DETAIL,2,2,1,1,72,27,2.7778
2025-12-01,776,레이어드,DETAIL,1,1,1,0,29,14,3.4483
2025-12-05,776,레이어드,DETAIL,1,1,1,0,88,46,1.1364
2025-12-07,776,레이어드,DETAIL,2,2,1,0,120,49,1.6667
2025-12-19,776,레이어드,DETAIL,2,2,1,1,67,36,2.9851
2025-12-20,776,레이어드,DETAIL,1,1,1,0,56,39,1.7857
2025-12-21,776,레이어드,DETAIL,1,1,1,0,92,38,1.087
2026-01-02,776,레이어드,DETAIL,2,2,1,1,103,31,1.9417
2026-01-03,776,레이어드,DETAIL,3,3,1,0,71,37,4.2254
2026-01-04,776,레이어드,DETAIL,1,1,1,0,43,22,2.3256
2026-01-05,776,레이어드,DETAIL,1,1,1,0,19,11,5.2632
2026-01-06,776,레이어드,DETAIL,1,1,1,0,35,19,2.8571
2026-01-09,776,레이어드,DETAIL,1,1,1,0,48,18,2.0833
2026-01-16,776,레이어드,DETAIL,3,3,1,1,108,22,2.7778
2026-01-17,776,레이어드,DETAIL,2,2,1,0,143,78,1.3986
2026-01-18,776,레이어드,DETAIL,1,1,1,0,53,29,1.8868
2026-01-19,776,레이어드,DETAIL,2,2,1,0,57,27,3.5088
2026-01-24,776,레이어드,DETAIL,1,1,1,0,62,34,1.6129
2026-01-25,776,레이어드,DETAIL,1,1,1,0,20,15,5.0
2026-01-29,776,레이어드,DETAIL,1,1,1,1,60,12,1.6667
2026-02-01,776,레이어드,DETAIL,1,1,1,1,83,43,1.2048
2026-02-20,776,레이어드,DETAIL,3,3,1,1,152,39,1.9737
2026-02-21,776,레이어드,DETAIL,1,1,1,0,32,19,3.125
2026-02-23,776,레이어드,DETAIL,1,1,1,0,31,19,3.2258
2026-02-25,776,레이어드,DETAIL,1,1,1,0,52,33,1.9231
2026-02-27,776,레이어드,DETAIL,11,11,2,1,156,44,7.0513
2026-02-28,776,레이어드,DETAIL,10,10,1,0,87,47,11.4943
2026-03-01,776,레이어드,DETAIL,3,3,1,0,144,46,2.0833
2026-03-02,776,레이어드,DETAIL,1,1,1,0,49,31,2.0408
2026-03-03,776,레이어드,DETAIL,3,3,1,0,61,35,4.918
2026-03-04,776,레이어드,DETAIL,11,11,3,2,159,65,6.9182
2026-03-06,776,레이어드,DETAIL,4,4,1,0,203,70,1.9704
2026-03-10,776,레이어드,DETAIL,1,1,1,0,28,22,3.5714
2026-03-13,776,레이어드,DETAIL,1,1,1,0,26,18,3.8462
2026-03-14,776,레이어드,DETAIL,1,1,1,0,37,12,2.7027
2026-03-15,776,레이어드,DETAIL,1,1,1,1,87,29,1.1494
2026-03-16,776,레이어드,DETAIL,2,2,2,0,83,23,2.4096
2026-03-18,776,레이어드,DETAIL,1,1,1,0,70,45,1.4286
2026-03-22,776,레이어드,DETAIL,1,1,1,0,158,62,0.6329
2026-04-02,776,레이어드,DETAIL,1,1,1,0,103,44,0.9709
2026-04-05,776,레이어드,DETAIL,4,4,1,1,129,44,3.1008
2026-04-11,776,레이어드,DETAIL,3,3,2,0,80,37,3.75
2026-04-19,776,레이어드,DETAIL,3,3,3,1,286,115,1.049
2026-04-20,776,레이어드,DETAIL,6,6,3,0,238,90,2.521
2026-04-21,776,레이어드,DETAIL,2,2,1,0,58,30,3.4483
2026-04-23,776,레이어드,DETAIL,2,2,1,0,116,64,1.7241
2026-04-25,776,레이어드,DETAIL,1,1,1,0,52,20,1.9231
2026-04-28,776,레이어드,DETAIL,1,1,1,0,51,26,1.9608
2026-05-01,776,레이어드,DETAIL,1,1,1,0,82,24,1.2195
2026-05-03,776,레이어드,DETAIL,1,1,1,1,150,45,0.6667
2026-05-06,776,레이어드,DETAIL,1,1,1,0,95,40,1.0526
2026-05-14,776,레이어드,DETAIL,14,14,1,0,271,108,5.1661
2026-05-15,776,레이어드,DETAIL,5,5,2,0,177,75,2.8249
2026-05-16,776,레이어드,DETAIL,2,2,2,0,158,49,1.2658
2026-05-17,776,레이어드,DETAIL,1,1,1,0,166,82,0.6024
2026-05-18,776,레이어드,DETAIL,2,2,1,0,146,74,1.3699
2026-05-21,776,레이어드,DETAIL,1,1,1,1,270,85,0.3704
2026-05-22,776,레이어드,DETAIL,1,1,1,1,227,77,0.4405
2026-05-24,776,레이어드,DETAIL,4,4,2,1,297,121,1.3468
2026-05-25,776,레이어드,DETAIL,13,13,4,2,400,155,3.25
2026-05-26,776,레이어드,DETAIL,5,5,3,1,189,90,2.6455
2026-05-27,776,레이어드,DETAIL,2,2,2,1,222,83,0.9009
2026-05-29,776,레이어드,DETAIL,2,2,2,0,188,59,1.0638
2026-05-30,776,레이어드,DETAIL,4,4,4,1,234,83,1.7094
2026-05-31,776,레이어드,DETAIL,3,3,3,1,354,109,0.8475
2026-06-01,776,레이어드,DETAIL,2,2,2,1,360,160,0.5556
2026-06-03,776,레이어드,DETAIL,3,3,3,1,222,94,1.3514
2026-06-05,776,레이어드,DETAIL,1,1,1,1,183,55,0.5464
2026-06-06,776,레이어드,DETAIL,1,1,1,0,336,108,0.2976
2026-06-08,776,레이어드,DETAIL,2,2,2,2,380,152,0.5263
2026-06-09,776,레이어드,DETAIL,1,1,1,1,247,108,0.4049
2026-06-10,776,레이어드,DETAIL,1,1,1,0,345,160,0.2899
2026-06-11,776,레이어드,DETAIL,1,1,1,0,239,114,0.4184
2026-06-12,776,레이어드,DETAIL,6,6,2,1,352,114,1.7045
2026-06-13,776,레이어드,DETAIL,8,8,4,2,267,107,2.9963
2026-06-14,776,레이어드,DETAIL,5,5,2,1,529,186,0.9452
2026-06-15,776,레이어드,DETAIL,2,2,2,1,440,179,0.4545
2026-06-16,776,레이어드,DETAIL,11,11,6,3,465,184,2.3656
2026-06-17,776,레이어드,DETAIL,5,5,3,0,365,130,1.3699
2026-06-18,776,레이어드,DETAIL,12,12,4,1,286,139,4.1958
2026-06-19,776,레이어드,DETAIL,11,11,4,2,510,170,2.1569
2026-06-20,776,레이어드,DETAIL,1,1,1,0,422,169,0.237
2026-06-21,776,레이어드,DETAIL,6,6,6,2,550,205,1.0909
2026-06-22,776,레이어드,DETAIL,1,1,1,0,455,179,0.2198
2026-06-23,776,레이어드,DETAIL,3,3,3,2,401,171,0.7481
2026-06-24,776,레이어드,DETAIL,5,5,4,1,369,145,1.355
2026-06-26,776,레이어드,DETAIL,1,1,1,1,247,81,0.4049
2026-06-27,776,레이어드,DETAIL,4,4,3,2,214,76,1.8692
2026-06-28,776,레이어드,DETAIL,1,1,1,1,327,109,0.3058
2026-06-29,776,레이어드,DETAIL,1,1,1,1,182,100,0.5495
2026-06-30,776,레이어드,DETAIL,2,2,2,2,156,56,1.2821
2026-07-01,776,레이어드,DETAIL,3,3,2,1,261,93,1.1494
2026-07-04,776,레이어드,DETAIL,1,1,1,1,306,114,0.3268
2026-07-05,776,레이어드,DETAIL,5,5,3,2,295,122,1.6949
2026-07-06,776,레이어드,DETAIL,2,2,2,0,204,85,0.9804
2026-07-07,776,레이어드,DETAIL,3,3,2,1,203,85,1.4778
2026-07-09,776,레이어드,DETAIL,1,1,1,1,161,62,0.6211
2026-07-10,776,레이어드,DETAIL,3,3,3,2,249,60,1.2048
2026-07-11,776,레이어드,DETAIL,5,5,4,2,174,63,2.8736
2026-07-12,776,레이어드,DETAIL,2,2,2,1,314,141,0.6369
2026-07-14,776,레이어드,DETAIL,2,2,2,2,267,89,0.7491
2026-07-15,776,레이어드,DETAIL,1,1,1,1,265,87,0.3774
2026-07-16,776,레이어드,DETAIL,1,1,1,1,179,58,0.5587
2026-07-17,776,레이어드,DETAIL,2,2,2,2,332,101,0.6024
2026-07-18,776,레이어드,DETAIL,5,5,5,1,429,155,1.1655
2026-07-19,776,레이어드,DETAIL,2,2,2,2,670,210,0.2985
2026-07-20,776,레이어드,DETAIL,1,1,1,1,386,140,0.2591
2026-07-22,776,레이어드,DETAIL,1,1,1,1,244,112,0.4098
2026-07-25,776,레이어드,DETAIL,4,4,3,2,245,115,1.6327
2026-07-26,776,레이어드,DETAIL,1,1,1,1,338,132,0.2959
2026-07-27,776,레이어드,DETAIL,7,7,5,1,392,161,1.7857
2026-07-28,776,레이어드,DETAIL,2,2,1,0,262,125,0.7634
2026-07-30,776,레이어드,DETAIL,5,5,3,1,249,101,2.008
2026-07-31,776,레이어드,DETAIL,5,5,3,1,204,84,2.451
2026-08-01,776,레이어드,DETAIL,1,1,1,1,277,115,0.361
2026-08-03,776,레이어드,DETAIL,1,1,1,0,257,111,0.3891
2026-08-04,776,레이어드,DETAIL,2,2,2,1,225,88,0.8889
2026-08-05,776,레이어드,DETAIL,6,6,2,1,302,135,1.9868
2026-08-06,776,레이어드,DETAIL,5,5,3,2,284,112,1.7606
2026-08-07,776,레이어드,DETAIL,2,2,1,0,151,70,1.3245
2026-08-09,776,레이어드,DETAIL,3,3,3,1,265,116,1.1321
2026-08-11,776,레이어드,DETAIL,3,3,3,3,383,116,0.7833
2026-08-13,776,레이어드,DETAIL,3,3,3,1,223,94,1.3453
2026-08-14,776,레이어드,DETAIL,3,3,2,2,159,54,1.8868
2026-08-15,776,레이어드,DETAIL,3,3,2,1,172,83,1.7442
2026-08-16,776,레이어드,DETAIL,1,1,1,1,232,98,0.431
2026-08-17,776,레이어드,DETAIL,15,15,4,4,543,223,2.7624
2026-08-18,776,레이어드,DETAIL,4,4,3,0,303,163,1.3201
2026-08-19,776,레이어드,DETAIL,2,2,2,0,219,95,0.9132
2026-08-20,776,레이어드,DETAIL,2,2,2,1,236,110,0.8475
2026-08-21,776,레이어드,DETAIL,3,3,1,0,235,105,1.2766
2026-08-22,776,레이어드,DETAIL,5,5,3,2,275,117,1.8182
2026-08-23,776,레이어드,DETAIL,13,13,4,2,472,218,2.7542
2026-08-24,776,레이어드,DETAIL,25,25,7,2,592,293,4.223
2026-08-25,776,레이어드,DETAIL,13,13,4,2,405,202,3.2099
2026-08-26,776,레이어드,DETAIL,5,5,3,1,424,195,1.1792
2026-08-27,776,레이어드,DETAIL,2,2,1,0,330,161,0.6061
2026-08-28,776,레이어드,DETAIL,4,4,3,1,414,157,0.9662
2026-08-29,776,레이어드,DETAIL,5,5,4,1,316,144,1.5823
2026-08-30,776,레이어드,DETAIL,4,4,4,0,735,303,0.5442
2026-08-31,776,레이어드,DETAIL,7,7,5,0,714,321,0.9804
2026-09-01,776,레이어드,DETAIL,2,2,2,0,601,253,0.3328
2026-09-02,776,레이어드,DETAIL,1,1,1,1,502,221,0.1992
2026-09-03,776,레이어드,DETAIL,3,3,3,1,603,270,0.4975
2026-09-04,776,레이어드,DETAIL,3,3,3,0,482,221,0.6224
2026-09-05,776,레이어드,DETAIL,2,2,1,1,563,234,0.3552
2026-09-06,776,레이어드,DETAIL,17,17,8,5,858,363,1.9814
2026-09-07,776,레이어드,DETAIL,5,5,4,0,732,308,0.6831
2026-09-09,776,레이어드,DETAIL,1,1,1,1,170,7,0.5882
2026-02-07,194,레인부츠,ITEM,1,1,1,0,115,57,0.8696
2026-05-23,194,레인부츠,ITEM,1,1,1,0,331,93,0.3021
2026-05-24,194,레인부츠,ITEM,2,2,1,0,297,121,0.6734
2026-05-31,194,레인부츠,ITEM,1,1,1,0,354,109,0.2825
2026-06-01,194,레인부츠,ITEM,4,4,1,1,360,160,1.1111
2026-06-03,194,레인부츠,ITEM,1,1,1,0,222,94,0.4505
2026-06-04,194,레인부츠,ITEM,1,1,1,0,137,74,0.7299
2026-06-08,194,레인부츠,ITEM,3,3,1,1,380,152,0.7895
2026-06-10,194,레인부츠,ITEM,1,1,1,0,345,160,0.2899
2026-06-16,194,레인부츠,ITEM,1,1,1,1,465,184,0.2151
2026-06-17,194,레인부츠,ITEM,2,2,1,0,365,130,0.5479
2026-06-18,194,레인부츠,ITEM,1,1,1,0,286,139,0.3497
2026-06-19,194,레인부츠,ITEM,3,3,2,1,510,170,0.5882
2026-06-20,194,레인부츠,ITEM,1,1,1,0,422,169,0.237
2026-06-22,194,레인부츠,ITEM,1,1,1,0,455,179,0.2198
2026-06-27,194,레인부츠,ITEM,1,1,1,1,214,76,0.4673
2026-07-04,194,레인부츠,ITEM,1,1,1,0,306,114,0.3268
2026-07-08,194,레인부츠,ITEM,1,1,1,0,112,58,0.8929
2026-07-14,194,레인부츠,ITEM,3,3,2,1,267,89,1.1236
2026-07-15,194,레인부츠,ITEM,1,1,1,0,265,87,0.3774
2026-07-18,194,레인부츠,ITEM,1,1,1,1,429,155,0.2331
2026-07-19,194,레인부츠,ITEM,1,1,1,1,670,210,0.1493
2026-07-20,194,레인부츠,ITEM,1,1,1,0,386,140,0.2591
2026-07-23,194,레인부츠,ITEM,1,1,1,0,243,86,0.4115
2026-07-27,194,레인부츠,ITEM,1,1,1,0,392,161,0.2551
2026-07-29,194,레인부츠,ITEM,1,1,1,1,238,113,0.4202
2026-08-01,194,레인부츠,ITEM,1,1,1,1,277,115,0.361
2025-09-16,693,로고패턴,DETAIL,1,1,1,0,108,47,0.9259
2025-09-28,693,로고패턴,DETAIL,1,1,1,1,78,15,1.2821
2025-11-03,693,로고패턴,DETAIL,1,1,1,1,51,15,1.9608
2026-03-15,693,로고패턴,DETAIL,1,1,1,1,87,29,1.1494
2026-05-05,693,로고패턴,DETAIL,1,1,1,1,121,55,0.8264
2026-06-16,693,로고패턴,DETAIL,1,1,1,1,465,184,0.2151
2026-06-18,693,로고패턴,DETAIL,2,2,1,1,286,139,0.6993
2026-07-04,693,로고패턴,DETAIL,1,1,1,1,306,114,0.3268
2026-07-10,693,로고패턴,DETAIL,1,1,1,1,249,60,0.4016
2026-07-17,693,로고패턴,DETAIL,2,2,2,2,332,101,0.6024
2026-07-19,693,로고패턴,DETAIL,1,1,1,1,670,210,0.1493
2026-07-21,693,로고패턴,DETAIL,2,2,1,0,284,141,0.7042
2026-07-22,693,로고패턴,DETAIL,1,1,1,0,244,112,0.4098
2026-07-27,693,로고패턴,DETAIL,1,1,1,1,392,161,0.2551
2026-07-28,693,로고패턴,DETAIL,2,2,1,0,262,125,0.7634
2026-07-30,693,로고패턴,DETAIL,1,1,1,0,249,101,0.4016
2026-08-01,693,로고패턴,DETAIL,1,1,1,0,277,115,0.361
2026-08-03,693,로고패턴,DETAIL,1,1,1,0,257,111,0.3891
2026-08-16,693,로고패턴,DETAIL,2,2,1,1,232,98,0.8621
2026-08-17,693,로고패턴,DETAIL,1,1,1,0,543,223,0.1842
2026-09-02,693,로고패턴,DETAIL,2,2,1,1,502,221,0.3984
2026-03-05,450,로즈골드,COLOR,1,1,1,0,64,22,1.5625
2026-03-04,462,로즈핑크,COLOR,1,1,1,1,159,65,0.6289
2026-06-07,462,로즈핑크,COLOR,1,1,1,0,322,152,0.3106
2026-06-22,462,로즈핑크,COLOR,2,2,1,1,455,179,0.4396
2026-06-23,462,로즈핑크,COLOR,1,1,1,1,401,171,0.2494
2025-11-03,592,리플스탑,MATERIAL,1,1,1,1,51,15,1.9608
2026-05-31,592,리플스탑,MATERIAL,1,1,1,1,354,109,0.2825
2026-06-01,592,리플스탑,MATERIAL,1,1,1,1,360,160,0.2778
2026-06-07,592,리플스탑,MATERIAL,1,1,1,1,322,152,0.3106
2026-06-12,592,리플스탑,MATERIAL,1,1,1,1,352,114,0.2841
2026-06-14,592,리플스탑,MATERIAL,1,1,1,1,529,186,0.189
2026-07-16,592,리플스탑,MATERIAL,1,1,1,1,179,58,0.5587
2026-07-19,592,리플스탑,MATERIAL,2,2,2,2,670,210,0.2985
2026-08-17,592,리플스탑,MATERIAL,1,1,1,1,543,223,0.1842
2025-09-11,696,릴랙스핏,DETAIL,1,1,1,0,24,8,4.1667
2025-10-24,696,릴랙스핏,DETAIL,1,1,1,1,96,19,1.0417
2025-10-25,696,릴랙스핏,DETAIL,1,1,1,0,48,21,2.0833
2025-10-26,696,릴랙스핏,DETAIL,1,1,1,0,63,15,1.5873
2025-12-05,696,릴랙스핏,DETAIL,1,1,1,1,88,46,1.1364
2026-01-22,696,릴랙스핏,DETAIL,1,1,1,0,17,8,5.8824
2026-05-01,696,릴랙스핏,DETAIL,1,1,1,1,82,24,1.2195
2026-05-13,696,릴랙스핏,DETAIL,2,2,2,2,137,56,1.4599
2026-06-08,696,릴랙스핏,DETAIL,1,1,1,1,380,152,0.2632
2026-06-10,696,릴랙스핏,DETAIL,1,1,1,1,345,160,0.2899
2026-06-20,696,릴랙스핏,DETAIL,1,1,1,1,422,169,0.237
2026-06-21,696,릴랙스핏,DETAIL,3,3,2,2,550,205,0.5455
2026-06-22,696,릴랙스핏,DETAIL,2,2,1,0,455,179,0.4396
2026-06-28,696,릴랙스핏,DETAIL,1,1,1,1,327,109,0.3058
2026-06-30,696,릴랙스핏,DETAIL,1,1,1,1,156,56,0.641
2026-07-04,696,릴랙스핏,DETAIL,1,1,1,1,306,114,0.3268
2026-07-08,696,릴랙스핏,DETAIL,1,1,1,0,112,58,0.8929
2026-07-09,696,릴랙스핏,DETAIL,3,3,1,1,161,62,1.8634
2026-07-12,696,릴랙스핏,DETAIL,1,1,1,1,314,141,0.3185
2026-07-14,696,릴랙스핏,DETAIL,1,1,1,1,267,89,0.3745
2026-07-15,696,릴랙스핏,DETAIL,1,1,1,1,265,87,0.3774
2026-07-23,696,릴랙스핏,DETAIL,2,2,2,2,243,86,0.823
2026-07-25,696,릴랙스핏,DETAIL,1,1,1,1,245,115,0.4082
2026-08-02,696,릴랙스핏,DETAIL,2,2,1,1,250,101,0.8
2026-08-03,696,릴랙스핏,DETAIL,1,1,1,0,257,111,0.3891
2026-08-16,696,릴랙스핏,DETAIL,2,2,1,1,232,98,0.8621
2026-08-30,696,릴랙스핏,DETAIL,8,8,1,1,735,303,1.0884
2026-09-01,696,릴랙스핏,DETAIL,1,1,1,0,601,253,0.1664
2026-09-06,696,릴랙스핏,DETAIL,1,1,1,1,858,363,0.1166
2026-09-07,696,릴랙스핏,DETAIL,1,1,1,0,732,308,0.1366
2025-11-09,648,맥시기장,DETAIL,1,1,1,1,76,21,1.3158
2026-01-29,648,맥시기장,DETAIL,1,1,1,1,60,12,1.6667
2026-02-20,648,맥시기장,DETAIL,1,1,1,1,152,39,0.6579
2026-05-21,648,맥시기장,DETAIL,1,1,1,0,270,85,0.3704
2026-05-24,648,맥시기장,DETAIL,3,3,1,0,297,121,1.0101
2026-05-25,648,맥시기장,DETAIL,1,1,1,0,400,155,0.25
2026-05-28,648,맥시기장,DETAIL,1,1,1,0,228,103,0.4386
2026-05-29,648,맥시기장,DETAIL,1,1,1,0,188,59,0.5319
2026-06-18,648,맥시기장,DETAIL,2,2,1,1,286,139,0.6993
2026-06-22,648,맥시기장,DETAIL,1,1,1,0,455,179,0.2198
2026-06-28,648,맥시기장,DETAIL,1,1,1,1,327,109,0.3058
2026-07-11,648,맥시기장,DETAIL,2,2,2,1,174,63,1.1494
2026-07-12,648,맥시기장,DETAIL,1,1,1,1,314,141,0.3185
2026-07-13,648,맥시기장,DETAIL,1,1,1,0,382,151,0.2618
2026-07-16,648,맥시기장,DETAIL,1,1,1,1,179,58,0.5587
2026-07-18,648,맥시기장,DETAIL,1,1,1,0,429,155,0.2331
2026-07-19,648,맥시기장,DETAIL,1,1,1,1,670,210,0.1493
2026-07-20,648,맥시기장,DETAIL,1,1,1,1,386,140,0.2591
2026-08-18,648,맥시기장,DETAIL,1,1,1,0,303,163,0.33
2026-08-22,648,맥시기장,DETAIL,1,1,1,1,275,117,0.3636
2026-09-04,648,맥시기장,DETAIL,1,1,1,1,482,221,0.2075
2026-09-06,648,맥시기장,DETAIL,1,1,1,0,858,363,0.1166
2026-07-26,701,머메이드,DETAIL,1,1,1,0,338,132,0.2959
2026-08-05,701,머메이드,DETAIL,1,1,1,1,302,135,0.3311
2026-08-14,701,머메이드,DETAIL,1,1,1,1,159,54,0.6289
2026-05-18,415,머스타드,COLOR,1,1,1,0,146,74,0.6849
2026-08-11,415,머스타드,COLOR,1,1,1,0,383,116,0.2611
2026-08-28,415,머스타드,COLOR,1,1,1,1,414,157,0.2415
2025-10-10,598,메리노울,MATERIAL,1,1,1,1,80,23,1.25
2025-10-31,598,메리노울,MATERIAL,1,1,1,1,66,25,1.5152
2025-11-02,598,메리노울,MATERIAL,1,1,1,0,86,23,1.1628
2025-11-14,598,메리노울,MATERIAL,2,2,1,1,73,20,2.7397
2025-11-15,598,메리노울,MATERIAL,3,3,1,0,72,28,4.1667
2025-11-16,598,메리노울,MATERIAL,1,1,1,0,99,44,1.0101
2025-11-19,598,메리노울,MATERIAL,2,2,1,1,165,47,1.2121
2025-12-23,598,메리노울,MATERIAL,1,1,1,1,50,24,2.0
2026-01-02,598,메리노울,MATERIAL,1,1,1,1,103,31,0.9709
2026-03-10,598,메리노울,MATERIAL,1,1,1,0,28,22,3.5714
2026-03-13,598,메리노울,MATERIAL,1,1,1,0,26,18,3.8462
2026-08-02,598,메리노울,MATERIAL,1,1,1,0,250,101,0.4
2026-08-28,598,메리노울,MATERIAL,1,1,1,1,414,157,0.2415
2026-09-02,598,메리노울,MATERIAL,1,1,1,0,502,221,0.1992
2026-09-09,598,메리노울,MATERIAL,1,1,1,1,170,7,0.5882
2025-09-04,649,미니기장,DETAIL,1,1,1,0,14,11,7.1429
2025-09-05,649,미니기장,DETAIL,1,1,1,1,87,25,1.1494
2025-09-10,649,미니기장,DETAIL,1,1,1,0,25,7,4.0
2025-09-19,649,미니기장,DETAIL,1,1,1,1,106,25,0.9434
2025-10-05,649,미니기장,DETAIL,1,1,1,1,53,14,1.8868
2025-11-09,649,미니기장,DETAIL,1,1,1,1,76,21,1.3158
2026-01-09,649,미니기장,DETAIL,2,2,1,0,48,18,4.1667
2026-01-10,649,미니기장,DETAIL,1,1,1,0,36,22,2.7778
2026-01-23,649,미니기장,DETAIL,2,2,1,1,61,26,3.2787
2026-01-30,649,미니기장,DETAIL,1,1,1,0,30,17,3.3333
2026-01-31,649,미니기장,DETAIL,1,1,1,0,44,32,2.2727
2026-03-04,649,미니기장,DETAIL,1,1,1,1,159,65,0.6289
2026-03-06,649,미니기장,DETAIL,1,1,1,0,203,70,0.4926
2026-03-15,649,미니기장,DETAIL,1,1,1,1,87,29,1.1494
2026-03-26,649,미니기장,DETAIL,2,2,1,0,154,65,1.2987
2026-04-13,649,미니기장,DETAIL,1,1,1,0,17,11,5.8824
2026-04-20,649,미니기장,DETAIL,1,1,1,1,238,90,0.4202
2026-04-27,649,미니기장,DETAIL,2,2,2,0,175,75,1.1429
2026-04-30,649,미니기장,DETAIL,1,1,1,1,78,19,1.2821
2026-05-04,649,미니기장,DETAIL,1,1,1,0,61,39,1.6393
2026-05-08,649,미니기장,DETAIL,1,1,1,0,46,32,2.1739
2026-05-16,649,미니기장,DETAIL,1,1,1,1,158,49,0.6329
2026-05-17,649,미니기장,DETAIL,1,1,1,0,166,82,0.6024
2026-05-28,649,미니기장,DETAIL,1,1,1,0,228,103,0.4386
2026-05-30,649,미니기장,DETAIL,2,2,1,0,234,83,0.8547
2026-05-31,649,미니기장,DETAIL,1,1,1,1,354,109,0.2825
2026-06-01,649,미니기장,DETAIL,1,1,1,0,360,160,0.2778
2026-06-06,649,미니기장,DETAIL,1,1,1,1,336,108,0.2976
2026-06-10,649,미니기장,DETAIL,1,1,1,0,345,160,0.2899
2026-06-11,649,미니기장,DETAIL,1,1,1,0,239,114,0.4184
2026-06-18,649,미니기장,DETAIL,1,1,1,0,286,139,0.3497
2026-06-19,649,미니기장,DETAIL,1,1,1,0,510,170,0.1961
2026-06-20,649,미니기장,DETAIL,3,3,2,1,422,169,0.7109
2026-06-21,649,미니기장,DETAIL,2,2,2,2,550,205,0.3636
2026-06-22,649,미니기장,DETAIL,1,1,1,0,455,179,0.2198
2026-06-24,649,미니기장,DETAIL,1,1,1,0,369,145,0.271
2026-06-27,649,미니기장,DETAIL,1,1,1,1,214,76,0.4673
2026-06-28,649,미니기장,DETAIL,1,1,1,1,327,109,0.3058
2026-07-13,649,미니기장,DETAIL,2,2,1,1,382,151,0.5236
2026-07-14,649,미니기장,DETAIL,5,5,2,1,267,89,1.8727
2026-07-15,649,미니기장,DETAIL,1,1,1,1,265,87,0.3774
2026-07-17,649,미니기장,DETAIL,3,3,1,0,332,101,0.9036
2026-07-18,649,미니기장,DETAIL,2,2,1,0,429,155,0.4662
2026-07-19,649,미니기장,DETAIL,2,2,2,1,670,210,0.2985
2026-07-21,649,미니기장,DETAIL,1,1,1,0,284,141,0.3521
2026-08-01,649,미니기장,DETAIL,2,2,2,1,277,115,0.722
2026-08-05,649,미니기장,DETAIL,1,1,1,1,302,135,0.3311
2026-08-06,649,미니기장,DETAIL,1,1,1,1,284,112,0.3521
2026-08-07,649,미니기장,DETAIL,1,1,1,0,151,70,0.6623
2026-08-11,649,미니기장,DETAIL,1,1,1,1,383,116,0.2611
2026-08-12,649,미니기장,DETAIL,1,1,1,0,194,92,0.5155
2026-08-15,649,미니기장,DETAIL,1,1,1,1,172,83,0.5814
2026-08-17,649,미니기장,DETAIL,1,1,1,1,543,223,0.1842
2026-08-19,649,미니기장,DETAIL,1,1,1,0,219,95,0.4566
2026-08-22,649,미니기장,DETAIL,1,1,1,1,275,117,0.3636
2026-08-24,649,미니기장,DETAIL,1,1,1,0,592,293,0.1689
2026-08-30,649,미니기장,DETAIL,2,2,2,1,735,303,0.2721
2026-08-31,649,미니기장,DETAIL,1,1,1,0,714,321,0.1401
2026-09-03,649,미니기장,DETAIL,2,2,2,0,603,270,0.3317
2026-09-06,649,미니기장,DETAIL,1,1,1,1,858,363,0.1166
2025-09-26,657,미들기장,DETAIL,2,2,1,0,76,18,2.6316
2025-09-27,657,미들기장,DETAIL,2,2,1,0,92,35,2.1739
2025-11-04,657,미들기장,DETAIL,2,2,1,0,25,13,8.0
2025-11-07,657,미들기장,DETAIL,1,1,1,0,95,32,1.0526
2025-11-20,657,미들기장,DETAIL,1,1,1,1,172,49,0.5814
2025-11-23,657,미들기장,DETAIL,1,1,1,0,92,33,1.087
2025-11-24,657,미들기장,DETAIL,2,2,1,0,52,33,3.8462
2025-11-25,657,미들기장,DETAIL,1,1,1,0,50,29,2.0
2025-11-27,657,미들기장,DETAIL,1,1,1,0,35,15,2.8571
2025-11-28,657,미들기장,DETAIL,1,1,1,1,80,32,1.25
2025-11-30,657,미들기장,DETAIL,3,3,1,0,72,27,4.1667
2025-12-02,657,미들기장,DETAIL,1,1,1,0,123,66,0.813
2025-12-23,657,미들기장,DETAIL,1,1,1,0,50,24,2.0
2026-01-02,657,미들기장,DETAIL,2,2,1,0,103,31,1.9417
2026-01-03,657,미들기장,DETAIL,3,3,1,0,71,37,4.2254
2026-02-26,657,미들기장,DETAIL,1,1,1,0,56,33,1.7857
2026-05-14,657,미들기장,DETAIL,1,1,1,0,271,108,0.369
2026-05-25,657,미들기장,DETAIL,1,1,1,1,400,155,0.25
2026-07-14,657,미들기장,DETAIL,1,1,1,1,267,89,0.3745
2026-07-18,657,미들기장,DETAIL,1,1,1,1,429,155,0.2331
2026-08-11,657,미들기장,DETAIL,2,2,1,0,383,116,0.5222
2026-09-07,657,미들기장,DETAIL,3,3,1,0,732,308,0.4098
2025-09-16,650,미디기장,DETAIL,1,1,1,0,108,47,0.9259
2025-09-19,650,미디기장,DETAIL,1,1,1,1,106,25,0.9434
2025-09-24,650,미디기장,DETAIL,1,1,1,1,43,14,2.3256
2025-09-25,650,미디기장,DETAIL,1,1,1,0,40,12,2.5
2025-09-26,650,미디기장,DETAIL,1,1,1,1,76,18,1.3158
2025-10-08,650,미디기장,DETAIL,1,1,1,0,7,2,14.2857
2025-10-19,650,미디기장,DETAIL,1,1,1,1,46,13,2.1739
2025-10-30,650,미디기장,DETAIL,1,1,1,0,17,10,5.8824
2025-11-16,650,미디기장,DETAIL,2,2,1,0,99,44,2.0202
2025-11-19,650,미디기장,DETAIL,1,1,1,0,165,47,0.6061
2025-11-21,650,미디기장,DETAIL,1,1,1,0,127,48,0.7874
2025-12-22,650,미디기장,DETAIL,1,1,1,0,31,21,3.2258
2026-03-17,650,미디기장,DETAIL,1,1,1,1,76,20,1.3158
2026-03-19,650,미디기장,DETAIL,1,1,1,0,89,60,1.1236
2026-04-19,650,미디기장,DETAIL,1,1,1,0,286,115,0.3497
2026-05-05,650,미디기장,DETAIL,1,1,1,0,121,55,0.8264
2026-05-07,650,미디기장,DETAIL,1,1,1,0,60,37,1.6667
2026-05-15,650,미디기장,DETAIL,2,2,1,0,177,75,1.1299
2026-05-16,650,미디기장,DETAIL,2,2,1,1,158,49,1.2658
2026-05-21,650,미디기장,DETAIL,1,1,1,1,270,85,0.3704
2026-05-24,650,미디기장,DETAIL,2,2,1,0,297,121,0.6734
2026-05-29,650,미디기장,DETAIL,1,1,1,1,188,59,0.5319
2026-05-31,650,미디기장,DETAIL,1,1,1,1,354,109,0.2825
2026-06-12,650,미디기장,DETAIL,2,2,1,1,352,114,0.5682
2026-06-14,650,미디기장,DETAIL,1,1,1,0,529,186,0.189
2026-06-15,650,미디기장,DETAIL,1,1,1,0,440,179,0.2273
2026-06-19,650,미디기장,DETAIL,1,1,1,1,510,170,0.1961
2026-06-21,650,미디기장,DETAIL,1,1,1,1,550,205,0.1818
2026-06-22,650,미디기장,DETAIL,1,1,1,1,455,179,0.2198
2026-06-23,650,미디기장,DETAIL,1,1,1,1,401,171,0.2494
2026-06-24,650,미디기장,DETAIL,1,1,1,1,369,145,0.271
2026-06-26,650,미디기장,DETAIL,1,1,1,1,247,81,0.4049
2026-07-11,650,미디기장,DETAIL,1,1,1,1,174,63,0.5747
2026-07-12,650,미디기장,DETAIL,1,1,1,0,314,141,0.3185
2026-07-13,650,미디기장,DETAIL,3,3,2,1,382,151,0.7853
2026-07-16,650,미디기장,DETAIL,1,1,1,1,179,58,0.5587
2026-07-21,650,미디기장,DETAIL,1,1,1,1,284,141,0.3521
2026-07-26,650,미디기장,DETAIL,2,2,2,2,338,132,0.5917
2026-07-30,650,미디기장,DETAIL,2,2,1,1,249,101,0.8032
2026-07-31,650,미디기장,DETAIL,1,1,1,0,204,84,0.4902
2026-08-05,650,미디기장,DETAIL,1,1,1,0,302,135,0.3311
2026-08-09,650,미디기장,DETAIL,2,2,2,1,265,116,0.7547
2026-08-11,650,미디기장,DETAIL,1,1,1,1,383,116,0.2611
2026-08-17,650,미디기장,DETAIL,1,1,1,0,543,223,0.1842
2026-08-20,650,미디기장,DETAIL,1,1,1,1,236,110,0.4237
2026-08-25,650,미디기장,DETAIL,1,1,1,1,405,202,0.2469
2026-08-26,650,미디기장,DETAIL,2,2,1,0,424,195,0.4717
2026-08-28,650,미디기장,DETAIL,1,1,1,1,414,157,0.2415
2026-08-30,650,미디기장,DETAIL,1,1,1,1,735,303,0.1361
2026-08-31,650,미디기장,DETAIL,2,2,1,1,714,321,0.2801
2026-09-01,650,미디기장,DETAIL,1,1,1,0,601,253,0.1664
2026-09-03,650,미디기장,DETAIL,1,1,1,1,603,270,0.1658
2026-09-04,650,미디기장,DETAIL,1,1,1,0,482,221,0.2075
2026-09-05,650,미디기장,DETAIL,1,1,1,0,563,234,0.1776
2026-09-06,650,미디기장,DETAIL,2,2,2,1,858,363,0.2331
2026-09-07,650,미디기장,DETAIL,1,1,1,1,732,308,0.1366
2025-09-01,152,바람막이,ITEM,1,1,1,0,68,41,1.4706
2025-09-15,152,바람막이,ITEM,3,3,1,1,110,52,2.7273
2025-09-16,152,바람막이,ITEM,7,7,1,0,108,47,6.4815
2025-09-17,152,바람막이,ITEM,2,2,1,0,22,12,9.0909
2025-09-22,152,바람막이,ITEM,1,1,1,0,30,17,3.3333
2025-09-23,152,바람막이,ITEM,1,1,1,0,14,5,7.1429
2026-01-03,152,바람막이,ITEM,1,1,1,0,71,37,1.4085
2026-01-17,152,바람막이,ITEM,1,1,1,0,143,78,0.6993
2026-03-03,152,바람막이,ITEM,1,1,1,0,61,35,1.6393
2026-03-06,152,바람막이,ITEM,1,1,1,0,203,70,0.4926
2026-03-08,152,바람막이,ITEM,4,4,1,1,71,37,5.6338
2026-03-13,152,바람막이,ITEM,2,2,1,0,26,18,7.6923
2026-03-14,152,바람막이,ITEM,1,1,1,0,37,12,2.7027
2026-03-15,152,바람막이,ITEM,1,1,1,0,87,29,1.1494
2026-03-22,152,바람막이,ITEM,2,2,1,1,158,62,1.2658
2026-03-23,152,바람막이,ITEM,2,2,1,1,64,38,3.125
2026-03-26,152,바람막이,ITEM,14,14,1,1,154,65,9.0909
2026-03-27,152,바람막이,ITEM,11,11,1,0,124,47,8.871
2026-03-28,152,바람막이,ITEM,1,1,1,0,23,9,4.3478
2026-03-29,152,바람막이,ITEM,1,1,1,0,38,17,2.6316
2026-03-31,152,바람막이,ITEM,1,1,1,0,70,26,1.4286
2026-04-01,152,바람막이,ITEM,1,1,1,0,43,22,2.3256
2026-04-02,152,바람막이,ITEM,1,1,1,0,103,44,0.9709
2026-04-03,152,바람막이,ITEM,1,1,1,0,69,31,1.4493
2026-04-07,152,바람막이,ITEM,1,1,1,0,24,16,4.1667
2026-04-08,152,바람막이,ITEM,1,1,1,0,32,13,3.125
2026-04-10,152,바람막이,ITEM,2,2,1,0,37,22,5.4054
2026-04-11,152,바람막이,ITEM,2,2,1,0,80,37,2.5
2026-04-12,152,바람막이,ITEM,1,1,1,0,29,19,3.4483
2026-04-19,152,바람막이,ITEM,1,1,1,0,286,115,0.3497
2026-04-20,152,바람막이,ITEM,2,2,1,1,238,90,0.8403
2026-04-30,152,바람막이,ITEM,1,1,1,0,78,19,1.2821
2026-05-02,152,바람막이,ITEM,1,1,1,0,66,35,1.5152
2026-05-06,152,바람막이,ITEM,2,2,1,0,95,40,2.1053
2026-05-07,152,바람막이,ITEM,1,1,1,0,60,37,1.6667
2026-05-12,152,바람막이,ITEM,1,1,1,1,134,52,0.7463
2026-05-13,152,바람막이,ITEM,3,3,2,1,137,56,2.1898
2026-05-16,152,바람막이,ITEM,1,1,1,0,158,49,0.6329
2026-05-22,152,바람막이,ITEM,4,4,1,1,227,77,1.7621
2026-05-23,152,바람막이,ITEM,3,3,3,1,331,93,0.9063
2026-05-25,152,바람막이,ITEM,1,1,1,0,400,155,0.25
2026-05-30,152,바람막이,ITEM,1,1,1,1,234,83,0.4274
2026-05-31,152,바람막이,ITEM,1,1,1,1,354,109,0.2825
2026-06-03,152,바람막이,ITEM,2,2,1,0,222,94,0.9009
2026-06-04,152,바람막이,ITEM,4,4,1,0,137,74,2.9197
2026-06-08,152,바람막이,ITEM,1,1,1,0,380,152,0.2632
2026-06-10,152,바람막이,ITEM,2,2,1,0,345,160,0.5797
2026-06-15,152,바람막이,ITEM,1,1,1,0,440,179,0.2273
2026-06-22,152,바람막이,ITEM,1,1,1,1,455,179,0.2198
2026-06-23,152,바람막이,ITEM,2,2,2,0,401,171,0.4988
2026-07-04,152,바람막이,ITEM,1,1,1,0,306,114,0.3268
2026-07-11,152,바람막이,ITEM,3,3,1,1,174,63,1.7241
2026-07-12,152,바람막이,ITEM,1,1,1,0,314,141,0.3185
2026-07-13,152,바람막이,ITEM,1,1,1,1,382,151,0.2618
2026-07-16,152,바람막이,ITEM,2,2,2,1,179,58,1.1173
2026-07-23,152,바람막이,ITEM,1,1,1,0,243,86,0.4115
2026-07-25,152,바람막이,ITEM,1,1,1,1,245,115,0.4082
2026-07-26,152,바람막이,ITEM,1,1,1,0,338,132,0.2959
2026-07-27,152,바람막이,ITEM,4,4,2,2,392,161,1.0204
2026-07-28,152,바람막이,ITEM,2,2,1,0,262,125,0.7634
2026-07-30,152,바람막이,ITEM,3,3,1,0,249,101,1.2048
2026-08-06,152,바람막이,ITEM,1,1,1,0,284,112,0.3521
2026-08-09,152,바람막이,ITEM,1,1,1,0,265,116,0.3774
2026-08-13,152,바람막이,ITEM,1,1,1,0,223,94,0.4484
2026-08-16,152,바람막이,ITEM,4,4,3,1,232,98,1.7241
2026-08-19,152,바람막이,ITEM,2,2,2,1,219,95,0.9132
2026-08-20,152,바람막이,ITEM,1,1,1,1,236,110,0.4237
2026-08-21,152,바람막이,ITEM,1,1,1,0,235,105,0.4255
2026-08-24,152,바람막이,ITEM,1,1,1,0,592,293,0.1689
2026-08-27,152,바람막이,ITEM,1,1,1,1,330,161,0.303
2026-08-28,152,바람막이,ITEM,1,1,1,0,414,157,0.2415
2026-09-02,152,바람막이,ITEM,5,5,2,2,502,221,0.996
2026-09-03,152,바람막이,ITEM,7,7,2,0,603,270,1.1609
2026-09-04,152,바람막이,ITEM,2,2,2,0,482,221,0.4149
2026-09-05,152,바람막이,ITEM,4,4,2,0,563,234,0.7105
2026-09-06,152,바람막이,ITEM,1,1,1,0,858,363,0.1166
2026-09-07,152,바람막이,ITEM,4,4,2,0,732,308,0.5464
2026-09-09,152,바람막이,ITEM,1,1,1,1,170,7,0.5882
2026-03-15,224,바스켓백,ITEM,1,1,1,1,87,29,1.1494
2026-04-05,224,바스켓백,ITEM,1,1,1,1,129,44,0.7752
2026-09-07,224,바스켓백,ITEM,1,1,1,1,732,308,0.1366
2026-09-08,224,바스켓백,ITEM,1,1,1,1,248,112,0.4032
2026-03-22,388,발레코어,STYLE,2,2,1,1,158,62,1.2658
2026-04-01,388,발레코어,STYLE,1,1,1,0,43,22,2.3256
2026-04-04,388,발레코어,STYLE,1,1,1,0,58,37,1.7241
2026-04-05,388,발레코어,STYLE,1,1,1,0,129,44,0.7752
2026-06-13,388,발레코어,STYLE,1,1,1,1,267,107,0.3745
2026-06-20,388,발레코어,STYLE,2,2,1,0,422,169,0.4739
2026-09-04,388,발레코어,STYLE,1,1,1,0,482,221,0.2075
2026-09-06,388,발레코어,STYLE,1,1,1,0,858,363,0.1166
2026-09-10,388,발레코어,STYLE,1,1,1,1,20,5,5.0
2026-02-07,617,배럴레그,DETAIL,9,9,1,1,115,57,7.8261
2026-02-08,617,배럴레그,DETAIL,1,1,1,0,25,22,4.0
2026-02-09,617,배럴레그,DETAIL,1,1,1,0,22,15,4.5455
2026-02-25,617,배럴레그,DETAIL,2,2,1,1,52,33,3.8462
2026-02-26,617,배럴레그,DETAIL,1,1,1,0,56,33,1.7857
2026-02-28,617,배럴레그,DETAIL,1,1,1,0,87,47,1.1494
2026-03-03,617,배럴레그,DETAIL,1,1,1,0,61,35,1.6393
2026-03-12,617,배럴레그,DETAIL,1,1,1,0,22,15,4.5455
2026-03-20,617,배럴레그,DETAIL,1,1,1,0,44,13,2.2727
2026-03-24,617,배럴레그,DETAIL,1,1,1,0,70,41,1.4286
2026-04-11,617,배럴레그,DETAIL,1,1,1,1,80,37,1.25
2026-05-15,617,배럴레그,DETAIL,1,1,1,0,177,75,0.565
2026-05-16,617,배럴레그,DETAIL,1,1,1,1,158,49,0.6329
2026-05-18,617,배럴레그,DETAIL,1,1,1,1,146,74,0.6849
2026-05-27,617,배럴레그,DETAIL,1,1,1,1,222,83,0.4505
2026-06-06,617,배럴레그,DETAIL,3,3,1,1,336,108,0.8929
2026-06-07,617,배럴레그,DETAIL,1,1,1,0,322,152,0.3106
2026-06-16,617,배럴레그,DETAIL,1,1,1,1,465,184,0.2151
2026-06-22,617,배럴레그,DETAIL,1,1,1,1,455,179,0.2198
2026-06-24,617,배럴레그,DETAIL,1,1,1,1,369,145,0.271
2026-07-12,617,배럴레그,DETAIL,1,1,1,1,314,141,0.3185
2026-07-13,617,배럴레그,DETAIL,2,2,1,0,382,151,0.5236
2026-07-14,617,배럴레그,DETAIL,2,2,2,1,267,89,0.7491
2026-07-15,617,배럴레그,DETAIL,1,1,1,0,265,87,0.3774
2026-07-17,617,배럴레그,DETAIL,1,1,1,0,332,101,0.3012
2026-07-18,617,배럴레그,DETAIL,1,1,1,0,429,155,0.2331
2026-07-19,617,배럴레그,DETAIL,3,3,2,1,670,210,0.4478
2026-07-26,617,배럴레그,DETAIL,1,1,1,0,338,132,0.2959
2026-07-28,617,배럴레그,DETAIL,1,1,1,1,262,125,0.3817
2026-07-29,617,배럴레그,DETAIL,3,3,3,1,238,113,1.2605
2026-07-30,617,배럴레그,DETAIL,1,1,1,0,249,101,0.4016
2026-07-31,617,배럴레그,DETAIL,1,1,1,1,204,84,0.4902
2026-08-02,617,배럴레그,DETAIL,1,1,1,0,250,101,0.4
2026-08-09,617,배럴레그,DETAIL,1,1,1,0,265,116,0.3774
2026-08-18,617,배럴레그,DETAIL,2,2,1,0,303,163,0.6601
2026-08-28,617,배럴레그,DETAIL,1,1,1,1,414,157,0.2415
2026-08-30,617,배럴레그,DETAIL,1,1,1,0,735,303,0.1361
2026-08-31,617,배럴레그,DETAIL,1,1,1,0,714,321,0.1401
2026-09-01,617,배럴레그,DETAIL,4,4,2,1,601,253,0.6656
2026-09-02,617,배럴레그,DETAIL,3,3,2,1,502,221,0.5976
2026-09-03,617,배럴레그,DETAIL,6,6,1,1,603,270,0.995
2026-09-04,617,배럴레그,DETAIL,2,2,2,0,482,221,0.4149
2026-09-05,617,배럴레그,DETAIL,2,2,2,2,563,234,0.3552
2026-09-07,617,배럴레그,DETAIL,2,2,2,1,732,308,0.2732
2026-09-09,617,배럴레그,DETAIL,1,1,1,1,170,7,0.5882
2025-09-17,670,밴딩허리,DETAIL,1,1,1,0,22,12,4.5455
2025-09-28,670,밴딩허리,DETAIL,1,1,1,1,78,15,1.2821
2025-12-05,670,밴딩허리,DETAIL,1,1,1,1,88,46,1.1364
2025-12-06,670,밴딩허리,DETAIL,2,2,1,0,91,53,2.1978
2025-12-10,670,밴딩허리,DETAIL,1,1,1,0,17,11,5.8824
2025-12-11,670,밴딩허리,DETAIL,3,3,1,0,33,17,9.0909
2025-12-21,670,밴딩허리,DETAIL,1,1,1,1,92,38,1.087
2026-02-06,670,밴딩허리,DETAIL,1,1,1,0,65,32,1.5385
2026-02-10,670,밴딩허리,DETAIL,1,1,1,0,57,40,1.7544
2026-02-11,670,밴딩허리,DETAIL,1,1,1,0,20,13,5.0
2026-02-13,670,밴딩허리,DETAIL,1,1,1,0,13,11,7.6923
2026-02-20,670,밴딩허리,DETAIL,1,1,1,1,152,39,0.6579
2026-02-27,670,밴딩허리,DETAIL,1,1,1,1,156,44,0.641
2026-03-15,670,밴딩허리,DETAIL,1,1,1,1,87,29,1.1494
2026-03-19,670,밴딩허리,DETAIL,1,1,1,0,89,60,1.1236
2026-04-19,670,밴딩허리,DETAIL,1,1,1,1,286,115,0.3497
2026-04-27,670,밴딩허리,DETAIL,1,1,1,1,175,75,0.5714
2026-05-01,670,밴딩허리,DETAIL,2,2,2,0,82,24,2.439
2026-05-03,670,밴딩허리,DETAIL,1,1,1,1,150,45,0.6667
2026-05-05,670,밴딩허리,DETAIL,2,2,2,1,121,55,1.6529
2026-05-11,670,밴딩허리,DETAIL,1,1,1,1,111,47,0.9009
2026-05-13,670,밴딩허리,DETAIL,1,1,1,1,137,56,0.7299
2026-05-14,670,밴딩허리,DETAIL,1,1,1,0,271,108,0.369
2026-05-21,670,밴딩허리,DETAIL,1,1,1,1,270,85,0.3704
2026-05-22,670,밴딩허리,DETAIL,2,2,2,1,227,77,0.8811
2026-05-23,670,밴딩허리,DETAIL,1,1,1,1,331,93,0.3021
2026-05-29,670,밴딩허리,DETAIL,1,1,1,1,188,59,0.5319
2026-05-31,670,밴딩허리,DETAIL,4,4,3,2,354,109,1.1299
2026-06-01,670,밴딩허리,DETAIL,1,1,1,0,360,160,0.2778
2026-06-04,670,밴딩허리,DETAIL,1,1,1,0,137,74,0.7299
2026-06-05,670,밴딩허리,DETAIL,1,1,1,1,183,55,0.5464
2026-06-06,670,밴딩허리,DETAIL,2,2,2,2,336,108,0.5952
2026-06-07,670,밴딩허리,DETAIL,5,5,2,2,322,152,1.5528
2026-06-08,670,밴딩허리,DETAIL,1,1,1,1,380,152,0.2632
2026-06-10,670,밴딩허리,DETAIL,2,2,2,2,345,160,0.5797
2026-06-11,670,밴딩허리,DETAIL,2,2,2,2,239,114,0.8368
2026-06-12,670,밴딩허리,DETAIL,6,6,4,3,352,114,1.7045
2026-06-13,670,밴딩허리,DETAIL,1,1,1,0,267,107,0.3745
2026-06-14,670,밴딩허리,DETAIL,2,2,2,2,529,186,0.3781
2026-06-16,670,밴딩허리,DETAIL,1,1,1,1,465,184,0.2151
2026-06-18,670,밴딩허리,DETAIL,1,1,1,1,286,139,0.3497
2026-06-19,670,밴딩허리,DETAIL,5,5,4,2,510,170,0.9804
2026-06-20,670,밴딩허리,DETAIL,3,3,3,2,422,169,0.7109
2026-06-21,670,밴딩허리,DETAIL,6,6,5,4,550,205,1.0909
2026-06-22,670,밴딩허리,DETAIL,4,4,4,1,455,179,0.8791
2026-06-23,670,밴딩허리,DETAIL,6,6,3,2,401,171,1.4963
2026-06-24,670,밴딩허리,DETAIL,1,1,1,1,369,145,0.271
2026-06-26,670,밴딩허리,DETAIL,5,5,5,3,247,81,2.0243
2026-06-27,670,밴딩허리,DETAIL,2,2,2,1,214,76,0.9346
2026-06-28,670,밴딩허리,DETAIL,2,2,2,1,327,109,0.6116
2026-06-29,670,밴딩허리,DETAIL,1,1,1,0,182,100,0.5495
2026-06-30,670,밴딩허리,DETAIL,2,2,2,1,156,56,1.2821
2026-07-01,670,밴딩허리,DETAIL,3,3,3,2,261,93,1.1494
2026-07-03,670,밴딩허리,DETAIL,1,1,1,1,154,63,0.6494
2026-07-04,670,밴딩허리,DETAIL,1,1,1,1,306,114,0.3268
2026-07-06,670,밴딩허리,DETAIL,1,1,1,1,204,85,0.4902
2026-07-07,670,밴딩허리,DETAIL,1,1,1,0,203,85,0.4926
2026-07-10,670,밴딩허리,DETAIL,1,1,1,1,249,60,0.4016
2026-07-11,670,밴딩허리,DETAIL,3,3,2,2,174,63,1.7241
2026-07-12,670,밴딩허리,DETAIL,2,2,1,1,314,141,0.6369
2026-07-13,670,밴딩허리,DETAIL,3,3,3,2,382,151,0.7853
2026-07-14,670,밴딩허리,DETAIL,1,1,1,1,267,89,0.3745
2026-07-15,670,밴딩허리,DETAIL,2,2,2,2,265,87,0.7547
2026-07-16,670,밴딩허리,DETAIL,1,1,1,1,179,58,0.5587
2026-07-17,670,밴딩허리,DETAIL,7,7,3,1,332,101,2.1084
2026-07-18,670,밴딩허리,DETAIL,1,1,1,1,429,155,0.2331
2026-07-19,670,밴딩허리,DETAIL,2,2,2,1,670,210,0.2985
2026-07-21,670,밴딩허리,DETAIL,1,1,1,1,284,141,0.3521
2026-07-23,670,밴딩허리,DETAIL,2,2,2,2,243,86,0.823
2026-07-24,670,밴딩허리,DETAIL,3,3,3,3,233,80,1.2876
2026-07-25,670,밴딩허리,DETAIL,1,1,1,1,245,115,0.4082
2026-07-26,670,밴딩허리,DETAIL,1,1,1,1,338,132,0.2959
2026-07-27,670,밴딩허리,DETAIL,1,1,1,1,392,161,0.2551
2026-07-28,670,밴딩허리,DETAIL,2,2,2,0,262,125,0.7634
2026-07-29,670,밴딩허리,DETAIL,2,2,2,1,238,113,0.8403
2026-07-30,670,밴딩허리,DETAIL,3,3,2,2,249,101,1.2048
2026-07-31,670,밴딩허리,DETAIL,5,5,4,3,204,84,2.451
2026-08-01,670,밴딩허리,DETAIL,1,1,1,1,277,115,0.361
2026-08-02,670,밴딩허리,DETAIL,4,4,3,2,250,101,1.6
2026-08-03,670,밴딩허리,DETAIL,2,2,2,1,257,111,0.7782
2026-08-04,670,밴딩허리,DETAIL,2,2,2,2,225,88,0.8889
2026-08-05,670,밴딩허리,DETAIL,3,3,2,1,302,135,0.9934
2026-08-06,670,밴딩허리,DETAIL,1,1,1,1,284,112,0.3521
2026-08-07,670,밴딩허리,DETAIL,2,2,2,0,151,70,1.3245
2026-08-08,670,밴딩허리,DETAIL,2,2,2,1,143,57,1.3986
2026-08-09,670,밴딩허리,DETAIL,2,2,2,1,265,116,0.7547
2026-08-10,670,밴딩허리,DETAIL,2,2,2,2,244,105,0.8197
2026-08-11,670,밴딩허리,DETAIL,3,3,3,3,383,116,0.7833
2026-08-12,670,밴딩허리,DETAIL,3,3,2,1,194,92,1.5464
2026-08-13,670,밴딩허리,DETAIL,3,3,2,2,223,94,1.3453
2026-08-14,670,밴딩허리,DETAIL,3,3,2,1,159,54,1.8868
2026-08-15,670,밴딩허리,DETAIL,1,1,1,1,172,83,0.5814
2026-08-21,670,밴딩허리,DETAIL,2,2,1,1,235,105,0.8511
2026-08-24,670,밴딩허리,DETAIL,1,1,1,1,592,293,0.1689
2026-08-26,670,밴딩허리,DETAIL,1,1,1,1,424,195,0.2358
2026-08-28,670,밴딩허리,DETAIL,1,1,1,1,414,157,0.2415
2026-08-29,670,밴딩허리,DETAIL,1,1,1,1,316,144,0.3165
2026-08-31,670,밴딩허리,DETAIL,1,1,1,0,714,321,0.1401
2026-09-01,670,밴딩허리,DETAIL,1,1,1,1,601,253,0.1664
2026-09-03,670,밴딩허리,DETAIL,1,1,1,1,603,270,0.1658
2026-09-06,670,밴딩허리,DETAIL,2,2,2,2,858,363,0.2331
2026-09-07,670,밴딩허리,DETAIL,1,1,1,1,732,308,0.1366
2026-09-09,670,밴딩허리,DETAIL,1,1,1,1,170,7,0.5882
2025-09-12,749,버클여밈,DETAIL,1,1,1,0,61,22,1.6393
2025-09-19,749,버클여밈,DETAIL,1,1,1,1,106,25,0.9434
2025-09-20,749,버클여밈,DETAIL,1,1,1,0,96,34,1.0417
2025-09-26,749,버클여밈,DETAIL,2,2,1,0,76,18,2.6316
2025-09-27,749,버클여밈,DETAIL,2,2,1,0,92,35,2.1739
2025-10-17,749,버클여밈,DETAIL,1,1,1,0,45,13,2.2222
2025-10-18,749,버클여밈,DETAIL,1,1,1,0,18,12,5.5556
2025-10-23,749,버클여밈,DETAIL,2,2,1,0,25,14,8.0
2025-11-17,749,버클여밈,DETAIL,1,1,1,0,60,30,1.6667
2025-11-21,749,버클여밈,DETAIL,2,2,1,0,127,48,1.5748
2025-11-22,749,버클여밈,DETAIL,1,1,1,0,75,36,1.3333
2025-11-24,749,버클여밈,DETAIL,2,2,1,0,52,33,3.8462
2025-11-29,749,버클여밈,DETAIL,1,1,1,0,64,24,1.5625
2025-12-30,749,버클여밈,DETAIL,1,1,1,1,36,17,2.7778
2026-01-02,749,버클여밈,DETAIL,2,2,1,0,103,31,1.9417
2026-01-04,749,버클여밈,DETAIL,1,1,1,0,43,22,2.3256
2026-01-23,749,버클여밈,DETAIL,1,1,1,0,61,26,1.6393
2026-02-20,749,버클여밈,DETAIL,1,1,1,1,152,39,0.6579
2026-02-27,749,버클여밈,DETAIL,2,2,1,1,156,44,1.2821
2026-03-01,749,버클여밈,DETAIL,1,1,1,1,144,46,0.6944
2026-04-05,749,버클여밈,DETAIL,1,1,1,1,129,44,0.7752
2026-05-31,749,버클여밈,DETAIL,1,1,1,1,354,109,0.2825
2026-06-08,749,버클여밈,DETAIL,1,1,1,1,380,152,0.2632
2026-06-17,749,버클여밈,DETAIL,1,1,1,1,365,130,0.274
2026-07-18,749,버클여밈,DETAIL,1,1,1,1,429,155,0.2331
2026-08-01,749,버클여밈,DETAIL,1,1,1,0,277,115,0.361
2026-08-03,749,버클여밈,DETAIL,1,1,1,0,257,111,0.3891
2026-08-09,749,버클여밈,DETAIL,1,1,1,0,265,116,0.3774
2026-08-10,749,버클여밈,DETAIL,1,1,1,0,244,105,0.4098
2026-08-11,749,버클여밈,DETAIL,2,2,2,1,383,116,0.5222
2026-08-18,749,버클여밈,DETAIL,1,1,1,0,303,163,0.33
2026-08-31,749,버클여밈,DETAIL,1,1,1,1,714,321,0.1401
2026-09-04,749,버클여밈,DETAIL,2,2,1,1,482,221,0.4149
2026-09-07,749,버클여밈,DETAIL,1,1,1,1,732,308,0.1366
2025-10-26,746,버튼여밈,DETAIL,1,1,1,1,63,15,1.5873
2025-11-02,746,버튼여밈,DETAIL,1,1,1,0,86,23,1.1628
2025-11-30,746,버튼여밈,DETAIL,2,2,1,0,72,27,2.7778
2025-12-02,746,버튼여밈,DETAIL,1,1,1,0,123,66,0.813
2026-01-17,746,버튼여밈,DETAIL,2,2,1,1,143,78,1.3986
2026-01-18,746,버튼여밈,DETAIL,1,1,1,0,53,29,1.8868
2026-01-24,746,버튼여밈,DETAIL,1,1,1,0,62,34,1.6129
2026-02-06,746,버튼여밈,DETAIL,1,1,1,1,65,32,1.5385
2026-02-20,746,버튼여밈,DETAIL,1,1,1,1,152,39,0.6579
2026-02-27,746,버튼여밈,DETAIL,1,1,1,0,156,44,0.641
2026-03-22,746,버튼여밈,DETAIL,1,1,1,1,158,62,0.6329
2026-04-16,746,버튼여밈,DETAIL,1,1,1,1,41,12,2.439
2026-04-19,746,버튼여밈,DETAIL,1,1,1,0,286,115,0.3497
2026-05-01,746,버튼여밈,DETAIL,1,1,1,1,82,24,1.2195
2026-05-14,746,버튼여밈,DETAIL,1,1,1,1,271,108,0.369
2026-05-24,746,버튼여밈,DETAIL,3,3,1,1,297,121,1.0101
2026-05-25,746,버튼여밈,DETAIL,2,2,1,0,400,155,0.5
2026-06-04,746,버튼여밈,DETAIL,1,1,1,1,137,74,0.7299
2026-06-13,746,버튼여밈,DETAIL,1,1,1,1,267,107,0.3745
2026-06-16,746,버튼여밈,DETAIL,3,3,2,2,465,184,0.6452
2026-06-21,746,버튼여밈,DETAIL,2,2,2,2,550,205,0.3636
2026-06-22,746,버튼여밈,DETAIL,3,3,2,2,455,179,0.6593
2026-06-23,746,버튼여밈,DETAIL,1,1,1,1,401,171,0.2494
2026-06-24,746,버튼여밈,DETAIL,1,1,1,1,369,145,0.271
2026-07-19,746,버튼여밈,DETAIL,36,36,1,1,670,210,5.3731
2026-07-20,746,버튼여밈,DETAIL,10,10,1,0,386,140,2.5907
2026-07-21,746,버튼여밈,DETAIL,1,1,1,0,284,141,0.3521
2026-07-23,746,버튼여밈,DETAIL,2,2,2,1,243,86,0.823
2026-07-24,746,버튼여밈,DETAIL,1,1,1,0,233,80,0.4292
2026-07-28,746,버튼여밈,DETAIL,1,1,1,1,262,125,0.3817
2026-07-29,746,버튼여밈,DETAIL,1,1,1,0,238,113,0.4202
2026-08-13,746,버튼여밈,DETAIL,1,1,1,1,223,94,0.4484
2026-08-14,746,버튼여밈,DETAIL,1,1,1,1,159,54,0.6289
2026-08-16,746,버튼여밈,DETAIL,1,1,1,1,232,98,0.431
2026-08-17,746,버튼여밈,DETAIL,3,3,1,1,543,223,0.5525
2026-08-23,746,버튼여밈,DETAIL,1,1,1,0,472,218,0.2119
2026-08-24,746,버튼여밈,DETAIL,1,1,1,0,592,293,0.1689
2026-08-26,746,버튼여밈,DETAIL,1,1,1,0,424,195,0.2358
2026-08-30,746,버튼여밈,DETAIL,1,1,1,1,735,303,0.1361
2026-08-31,746,버튼여밈,DETAIL,3,3,3,1,714,321,0.4202
2026-09-01,746,버튼여밈,DETAIL,1,1,1,1,601,253,0.1664
2026-09-02,746,버튼여밈,DETAIL,3,3,3,2,502,221,0.5976
2026-09-05,746,버튼여밈,DETAIL,1,1,1,1,563,234,0.1776
2026-09-06,746,버튼여밈,DETAIL,1,1,1,1,858,363,0.1166
2026-09-07,746,버튼여밈,DETAIL,1,1,1,0,732,308,0.1366
2025-11-09,730,벌룬소매,DETAIL,1,1,1,1,76,21,1.3158
2026-07-14,730,벌룬소매,DETAIL,2,2,1,1,267,89,0.7491
2026-02-22,209,보트슈즈,ITEM,3,3,1,1,61,30,4.918
2026-05-24,209,보트슈즈,ITEM,1,1,1,1,297,121,0.3367
2026-05-27,209,보트슈즈,ITEM,1,1,1,1,222,83,0.4505
2026-05-30,209,보트슈즈,ITEM,4,4,2,2,234,83,1.7094
2026-06-03,209,보트슈즈,ITEM,2,2,2,1,222,94,0.9009
2026-06-08,209,보트슈즈,ITEM,1,1,1,1,380,152,0.2632
2026-06-09,209,보트슈즈,ITEM,1,1,1,0,247,108,0.4049
2026-06-23,209,보트슈즈,ITEM,3,3,1,1,401,171,0.7481
2026-07-24,209,보트슈즈,ITEM,1,1,1,1,233,80,0.4292
2026-08-03,209,보트슈즈,ITEM,2,2,2,2,257,111,0.7782
2026-08-11,209,보트슈즈,ITEM,1,1,1,0,383,116,0.2611
2026-08-24,209,보트슈즈,ITEM,3,3,2,1,592,293,0.5068
2025-09-05,162,봄버재킷,ITEM,1,1,1,1,87,25,1.1494
2025-09-07,162,봄버재킷,ITEM,1,1,1,0,29,8,3.4483
2025-09-08,162,봄버재킷,ITEM,1,1,1,0,39,12,2.5641
2025-09-09,162,봄버재킷,ITEM,1,1,1,0,11,4,9.0909
2025-09-10,162,봄버재킷,ITEM,2,2,1,0,25,7,8.0
2025-09-19,162,봄버재킷,ITEM,2,2,1,1,106,25,1.8868
2025-09-21,162,봄버재킷,ITEM,1,1,1,0,55,12,1.8182
2025-10-12,162,봄버재킷,ITEM,1,1,1,1,76,22,1.3158
2025-11-09,162,봄버재킷,ITEM,1,1,1,1,76,21,1.3158
2025-12-27,162,봄버재킷,ITEM,1,1,1,0,32,21,3.125
2025-12-28,162,봄버재킷,ITEM,3,3,1,0,16,11,18.75
2026-02-26,162,봄버재킷,ITEM,1,1,1,0,56,33,1.7857
2026-03-07,162,봄버재킷,ITEM,1,1,1,0,82,41,1.2195
2026-03-08,162,봄버재킷,ITEM,1,1,1,0,71,37,1.4085
2026-03-09,162,봄버재킷,ITEM,2,2,1,1,37,18,5.4054
2026-03-13,162,봄버재킷,ITEM,1,1,1,0,26,18,3.8462
2026-06-24,162,봄버재킷,ITEM,1,1,1,0,369,145,0.271
2026-07-19,162,봄버재킷,ITEM,1,1,1,1,670,210,0.1493
2026-07-21,162,봄버재킷,ITEM,1,1,1,1,284,141,0.3521
2026-07-26,162,봄버재킷,ITEM,1,1,1,0,338,132,0.2959
2026-07-27,162,봄버재킷,ITEM,1,1,1,1,392,161,0.2551
2026-08-22,162,봄버재킷,ITEM,2,2,1,0,275,117,0.7273
2026-08-24,162,봄버재킷,ITEM,2,2,1,0,592,293,0.3378
2026-08-25,162,봄버재킷,ITEM,1,1,1,0,405,202,0.2469
2026-08-29,162,봄버재킷,ITEM,2,2,1,1,316,144,0.6329
2026-08-31,162,봄버재킷,ITEM,1,1,1,0,714,321,0.1401
2026-09-02,162,봄버재킷,ITEM,1,1,1,0,502,221,0.1992
2026-09-03,162,봄버재킷,ITEM,1,1,1,0,603,270,0.1658
2026-09-05,162,봄버재킷,ITEM,2,2,2,0,563,234,0.3552
2025-09-14,416,브릭레드,COLOR,1,1,1,1,52,13,1.9231
2026-08-31,416,브릭레드,COLOR,1,1,1,1,714,321,0.1401
2025-09-05,139,블라우스,ITEM,5,5,1,1,87,25,5.7471
2025-09-06,139,블라우스,ITEM,4,4,1,0,103,33,3.8835
2025-09-07,139,블라우스,ITEM,2,2,1,0,29,8,6.8966
2025-09-08,139,블라우스,ITEM,1,1,1,0,39,12,2.5641
2025-09-10,139,블라우스,ITEM,1,1,1,0,25,7,4.0
2025-09-11,139,블라우스,ITEM,1,1,1,0,24,8,4.1667
2025-09-19,139,블라우스,ITEM,1,1,1,1,106,25,0.9434
2025-09-24,139,블라우스,ITEM,1,1,1,1,43,14,2.3256
2025-09-25,139,블라우스,ITEM,1,1,1,0,40,12,2.5
2025-09-26,139,블라우스,ITEM,1,1,1,1,76,18,1.3158
2025-10-03,139,블라우스,ITEM,11,11,1,1,103,20,10.6796
2025-10-04,139,블라우스,ITEM,15,15,1,0,84,22,17.8571
2025-10-05,139,블라우스,ITEM,2,2,1,0,53,14,3.7736
2025-10-06,139,블라우스,ITEM,2,2,1,0,19,9,10.5263
2025-10-07,139,블라우스,ITEM,3,3,1,0,18,7,16.6667
2025-10-09,139,블라우스,ITEM,3,3,1,0,19,5,15.7895
2025-10-11,139,블라우스,ITEM,1,1,1,0,50,26,2.0
2025-10-12,139,블라우스,ITEM,1,1,1,0,76,22,1.3158
2025-10-17,139,블라우스,ITEM,1,1,1,1,45,13,2.2222
2025-10-19,139,블라우스,ITEM,1,1,1,1,46,13,2.1739
2025-10-28,139,블라우스,ITEM,1,1,1,0,27,11,3.7037
2025-11-07,139,블라우스,ITEM,1,1,1,0,95,32,1.0526
2025-11-14,139,블라우스,ITEM,1,1,1,1,73,20,1.3699
2025-11-15,139,블라우스,ITEM,1,1,1,0,72,28,1.3889
2025-11-26,139,블라우스,ITEM,1,1,1,0,29,14,3.4483
2025-11-28,139,블라우스,ITEM,1,1,1,0,80,32,1.25
2025-11-30,139,블라우스,ITEM,1,1,1,1,72,27,1.3889
2025-12-19,139,블라우스,ITEM,1,1,1,0,67,36,1.4925
2025-12-23,139,블라우스,ITEM,1,1,1,1,50,24,2.0
2025-12-24,139,블라우스,ITEM,1,1,1,0,22,11,4.5455
2025-12-26,139,블라우스,ITEM,1,1,1,1,41,17,2.439
2026-01-16,139,블라우스,ITEM,1,1,1,1,108,22,0.9259
2026-01-17,139,블라우스,ITEM,6,6,1,0,143,78,4.1958
2026-01-19,139,블라우스,ITEM,2,2,1,0,57,27,3.5088
2026-01-23,139,블라우스,ITEM,1,1,1,0,61,26,1.6393
2026-02-12,139,블라우스,ITEM,1,1,1,1,24,12,4.1667
2026-02-20,139,블라우스,ITEM,2,2,1,1,152,39,1.3158
2026-02-21,139,블라우스,ITEM,1,1,1,0,32,19,3.125
2026-02-22,139,블라우스,ITEM,1,1,1,0,61,30,1.6393
2026-02-23,139,블라우스,ITEM,1,1,1,0,31,19,3.2258
2026-02-27,139,블라우스,ITEM,2,2,2,1,156,44,1.2821
2026-03-01,139,블라우스,ITEM,1,1,1,0,144,46,0.6944
2026-03-04,139,블라우스,ITEM,1,1,1,1,159,65,0.6289
2026-03-16,139,블라우스,ITEM,1,1,1,0,83,23,1.2048
2026-03-26,139,블라우스,ITEM,1,1,1,0,154,65,0.6494
2026-04-05,139,블라우스,ITEM,2,2,2,0,129,44,1.5504
2026-04-13,139,블라우스,ITEM,5,5,1,0,17,11,29.4118
2026-04-14,139,블라우스,ITEM,1,1,1,0,4,4,25.0
2026-04-15,139,블라우스,ITEM,1,1,1,0,22,10,4.5455
2026-04-16,139,블라우스,ITEM,2,2,2,0,41,12,4.878
2026-04-17,139,블라우스,ITEM,1,1,1,0,22,9,4.5455
2026-04-18,139,블라우스,ITEM,3,3,1,1,168,63,1.7857
2026-04-19,139,블라우스,ITEM,3,3,1,0,286,115,1.049
2026-04-20,139,블라우스,ITEM,3,3,1,1,238,90,1.2605
2026-04-22,139,블라우스,ITEM,1,1,1,0,63,26,1.5873
2026-04-23,139,블라우스,ITEM,2,2,1,0,116,64,1.7241
2026-04-25,139,블라우스,ITEM,1,1,1,0,52,20,1.9231
2026-05-01,139,블라우스,ITEM,1,1,1,1,82,24,1.2195
2026-05-08,139,블라우스,ITEM,1,1,1,0,46,32,2.1739
2026-05-15,139,블라우스,ITEM,1,1,1,0,177,75,0.565
2026-05-16,139,블라우스,ITEM,3,3,3,1,158,49,1.8987
2026-05-17,139,블라우스,ITEM,4,4,2,0,166,82,2.4096
2026-05-18,139,블라우스,ITEM,2,2,1,0,146,74,1.3699
2026-05-21,139,블라우스,ITEM,1,1,1,1,270,85,0.3704
2026-05-22,139,블라우스,ITEM,1,1,1,1,227,77,0.4405
2026-05-23,139,블라우스,ITEM,3,3,1,1,331,93,0.9063
2026-05-24,139,블라우스,ITEM,7,7,2,0,297,121,2.3569
2026-05-25,139,블라우스,ITEM,1,1,1,0,400,155,0.25
2026-05-26,139,블라우스,ITEM,1,1,1,0,189,90,0.5291
2026-05-28,139,블라우스,ITEM,3,3,2,1,228,103,1.3158
2026-05-29,139,블라우스,ITEM,2,2,2,1,188,59,1.0638
2026-05-30,139,블라우스,ITEM,2,2,2,1,234,83,0.8547
2026-05-31,139,블라우스,ITEM,2,2,2,2,354,109,0.565
2026-06-01,139,블라우스,ITEM,8,8,6,3,360,160,2.2222
2026-06-02,139,블라우스,ITEM,4,4,1,0,224,100,1.7857
2026-06-03,139,블라우스,ITEM,3,3,3,0,222,94,1.3514
2026-06-04,139,블라우스,ITEM,1,1,1,0,137,74,0.7299
2026-06-05,139,블라우스,ITEM,2,2,2,1,183,55,1.0929
2026-06-06,139,블라우스,ITEM,6,6,3,1,336,108,1.7857
2026-06-07,139,블라우스,ITEM,3,3,1,0,322,152,0.9317
2026-06-08,139,블라우스,ITEM,6,6,2,0,380,152,1.5789
2026-06-09,139,블라우스,ITEM,3,3,1,1,247,108,1.2146
2026-06-10,139,블라우스,ITEM,8,8,2,1,345,160,2.3188
2026-06-11,139,블라우스,ITEM,5,5,4,0,239,114,2.0921
2026-06-12,139,블라우스,ITEM,4,4,4,1,352,114,1.1364
2026-06-13,139,블라우스,ITEM,4,4,2,1,267,107,1.4981
2026-06-14,139,블라우스,ITEM,3,3,3,0,529,186,0.5671
2026-06-15,139,블라우스,ITEM,1,1,1,0,440,179,0.2273
2026-06-16,139,블라우스,ITEM,8,8,4,1,465,184,1.7204
2026-06-17,139,블라우스,ITEM,8,8,1,0,365,130,2.1918
2026-06-18,139,블라우스,ITEM,3,3,2,1,286,139,1.049
2026-06-19,139,블라우스,ITEM,10,10,5,1,510,170,1.9608
2026-06-20,139,블라우스,ITEM,1,1,1,0,422,169,0.237
2026-06-21,139,블라우스,ITEM,4,4,4,2,550,205,0.7273
2026-06-22,139,블라우스,ITEM,10,10,1,1,455,179,2.1978
2026-06-23,139,블라우스,ITEM,6,6,1,0,401,171,1.4963
2026-06-24,139,블라우스,ITEM,5,5,3,1,369,145,1.355
2026-06-25,139,블라우스,ITEM,1,1,1,0,162,75,0.6173
2026-06-26,139,블라우스,ITEM,4,4,4,1,247,81,1.6194
2026-06-27,139,블라우스,ITEM,6,6,5,2,214,76,2.8037
2026-06-28,139,블라우스,ITEM,3,3,3,2,327,109,0.9174
2026-06-29,139,블라우스,ITEM,2,2,2,0,182,100,1.0989
2026-06-30,139,블라우스,ITEM,1,1,1,0,156,56,0.641
2026-07-01,139,블라우스,ITEM,5,5,3,1,261,93,1.9157
2026-07-04,139,블라우스,ITEM,8,8,1,1,306,114,2.6144
2026-07-05,139,블라우스,ITEM,5,5,2,1,295,122,1.6949
2026-07-06,139,블라우스,ITEM,6,6,3,0,204,85,2.9412
2026-07-08,139,블라우스,ITEM,1,1,1,0,112,58,0.8929
2026-07-09,139,블라우스,ITEM,1,1,1,1,161,62,0.6211
2026-07-10,139,블라우스,ITEM,2,2,1,1,249,60,0.8032
2026-07-11,139,블라우스,ITEM,2,2,2,1,174,63,1.1494
2026-07-12,139,블라우스,ITEM,2,2,2,1,314,141,0.6369
2026-07-13,139,블라우스,ITEM,11,11,3,2,382,151,2.8796
2026-07-14,139,블라우스,ITEM,2,2,2,1,267,89,0.7491
2026-07-15,139,블라우스,ITEM,8,8,4,1,265,87,3.0189
2026-07-16,139,블라우스,ITEM,5,5,3,0,179,58,2.7933
2026-07-17,139,블라우스,ITEM,5,5,5,1,332,101,1.506
2026-07-18,139,블라우스,ITEM,3,3,2,0,429,155,0.6993
2026-07-19,139,블라우스,ITEM,26,26,4,2,670,210,3.8806
2026-07-20,139,블라우스,ITEM,5,5,2,0,386,140,1.2953
2026-07-21,139,블라우스,ITEM,4,4,3,1,284,141,1.4085
2026-07-23,139,블라우스,ITEM,2,2,1,0,243,86,0.823
2026-07-24,139,블라우스,ITEM,2,2,2,2,233,80,0.8584
2026-07-25,139,블라우스,ITEM,5,5,1,1,245,115,2.0408
2026-07-26,139,블라우스,ITEM,5,5,4,1,338,132,1.4793
2026-07-27,139,블라우스,ITEM,2,2,2,1,392,161,0.5102
2026-07-28,139,블라우스,ITEM,3,3,2,0,262,125,1.145
2026-07-29,139,블라우스,ITEM,2,2,2,0,238,113,0.8403
2026-07-30,139,블라우스,ITEM,6,6,3,1,249,101,2.4096
2026-07-31,139,블라우스,ITEM,1,1,1,0,204,84,0.4902
2026-08-01,139,블라우스,ITEM,3,3,2,2,277,115,1.083
2026-08-03,139,블라우스,ITEM,4,4,3,2,257,111,1.5564
2026-08-04,139,블라우스,ITEM,2,2,2,0,225,88,0.8889
2026-08-05,139,블라우스,ITEM,7,7,2,1,302,135,2.3179
2026-08-06,139,블라우스,ITEM,8,8,4,1,284,112,2.8169
2026-08-08,139,블라우스,ITEM,1,1,1,0,143,57,0.6993
2026-08-09,139,블라우스,ITEM,3,3,2,1,265,116,1.1321
2026-08-10,139,블라우스,ITEM,3,3,3,2,244,105,1.2295
2026-08-11,139,블라우스,ITEM,5,5,5,2,383,116,1.3055
2026-08-13,139,블라우스,ITEM,1,1,1,1,223,94,0.4484
2026-08-14,139,블라우스,ITEM,3,3,2,2,159,54,1.8868
2026-08-16,139,블라우스,ITEM,1,1,1,1,232,98,0.431
2026-08-17,139,블라우스,ITEM,4,4,4,2,543,223,0.7366
2026-08-18,139,블라우스,ITEM,2,2,2,1,303,163,0.6601
2026-08-19,139,블라우스,ITEM,1,1,1,0,219,95,0.4566
2026-08-20,139,블라우스,ITEM,3,3,3,0,236,110,1.2712
2026-08-22,139,블라우스,ITEM,3,3,2,2,275,117,1.0909
2026-08-23,139,블라우스,ITEM,5,5,3,1,472,218,1.0593
2026-08-25,139,블라우스,ITEM,2,2,2,1,405,202,0.4938
2026-08-26,139,블라우스,ITEM,3,3,2,1,424,195,0.7075
2026-08-27,139,블라우스,ITEM,4,4,1,1,330,161,1.2121
2026-08-28,139,블라우스,ITEM,1,1,1,1,414,157,0.2415
2026-08-29,139,블라우스,ITEM,2,2,2,1,316,144,0.6329
2026-08-30,139,블라우스,ITEM,1,1,1,0,735,303,0.1361
2026-08-31,139,블라우스,ITEM,1,1,1,0,714,321,0.1401
2026-09-01,139,블라우스,ITEM,3,3,3,1,601,253,0.4992
2026-09-02,139,블라우스,ITEM,1,1,1,0,502,221,0.1992
2026-09-03,139,블라우스,ITEM,2,2,2,1,603,270,0.3317
2026-09-04,139,블라우스,ITEM,6,6,4,1,482,221,1.2448
2026-09-05,139,블라우스,ITEM,1,1,1,0,563,234,0.1776
2026-09-06,139,블라우스,ITEM,2,2,2,1,858,363,0.2331
2026-09-07,139,블라우스,ITEM,3,3,3,1,732,308,0.4098
2026-09-08,139,블라우스,ITEM,1,1,1,1,248,112,0.4032
2025-09-22,163,블레이저,ITEM,1,1,1,0,30,17,3.3333
2025-10-24,163,블레이저,ITEM,1,1,1,1,96,19,1.0417
2025-10-25,163,블레이저,ITEM,2,2,1,0,48,21,4.1667
2025-11-19,163,블레이저,ITEM,6,6,1,0,165,47,3.6364
2025-11-20,163,블레이저,ITEM,5,5,1,0,172,49,2.907
2025-11-21,163,블레이저,ITEM,2,2,1,0,127,48,1.5748
2025-11-22,163,블레이저,ITEM,1,1,1,0,75,36,1.3333
2025-11-23,163,블레이저,ITEM,3,3,1,0,92,33,3.2609
2025-11-26,163,블레이저,ITEM,2,2,1,0,29,14,6.8966
2025-11-28,163,블레이저,ITEM,1,1,1,0,80,32,1.25
2026-02-22,163,블레이저,ITEM,1,1,1,0,61,30,1.6393
2026-02-23,163,블레이저,ITEM,1,1,1,0,31,19,3.2258
2026-02-24,163,블레이저,ITEM,1,1,1,0,63,32,1.5873
2026-03-20,163,블레이저,ITEM,1,1,1,0,44,13,2.2727
2026-03-22,163,블레이저,ITEM,4,4,1,1,158,62,2.5316
2026-03-30,163,블레이저,ITEM,1,1,1,0,49,29,2.0408
2026-04-06,163,블레이저,ITEM,1,1,1,0,39,22,2.5641
2026-04-09,163,블레이저,ITEM,1,1,1,0,43,30,2.3256
2026-05-30,163,블레이저,ITEM,1,1,1,0,234,83,0.4274
2026-06-06,163,블레이저,ITEM,1,1,1,0,336,108,0.2976
2026-06-24,163,블레이저,ITEM,1,1,1,0,369,145,0.271
2026-06-26,163,블레이저,ITEM,1,1,1,0,247,81,0.4049
2026-07-20,163,블레이저,ITEM,1,1,1,0,386,140,0.2591
2026-07-21,163,블레이저,ITEM,1,1,1,1,284,141,0.3521
2026-07-27,163,블레이저,ITEM,1,1,1,1,392,161,0.2551
2026-07-29,163,블레이저,ITEM,1,1,1,0,238,113,0.4202
2026-08-09,163,블레이저,ITEM,2,2,1,1,265,116,0.7547
2026-08-12,163,블레이저,ITEM,1,1,1,0,194,92,0.5155
2026-08-16,163,블레이저,ITEM,3,3,1,1,232,98,1.2931
2026-08-17,163,블레이저,ITEM,1,1,1,0,543,223,0.1842
2026-08-26,163,블레이저,ITEM,2,2,1,1,424,195,0.4717
2026-08-27,163,블레이저,ITEM,2,2,1,0,330,161,0.6061
2026-08-28,163,블레이저,ITEM,1,1,1,0,414,157,0.2415
2026-08-29,163,블레이저,ITEM,1,1,1,1,316,144,0.3165
2026-08-30,163,블레이저,ITEM,1,1,1,0,735,303,0.1361
2026-09-03,163,블레이저,ITEM,4,4,2,1,603,270,0.6633
2026-09-04,163,블레이저,ITEM,2,2,1,0,482,221,0.4149
2026-09-06,163,블레이저,ITEM,1,1,1,1,858,363,0.1166
2026-09-09,163,블레이저,ITEM,1,1,1,1,170,7,0.5882
2026-09-10,389,블록코어,STYLE,1,1,1,1,20,5,5.0
2025-10-20,249,선글라스,ITEM,1,1,1,0,16,12,6.25
2025-11-09,249,선글라스,ITEM,1,1,1,1,76,21,1.3158
2025-11-18,249,선글라스,ITEM,1,1,1,0,19,13,5.2632
2026-02-08,249,선글라스,ITEM,1,1,1,0,25,22,4.0
2026-02-09,249,선글라스,ITEM,1,1,1,0,22,15,4.5455
2026-02-14,249,선글라스,ITEM,1,1,1,0,26,21,3.8462
2026-02-15,249,선글라스,ITEM,1,1,1,1,30,19,3.3333
2026-02-22,249,선글라스,ITEM,1,1,1,1,61,30,1.6393
2026-02-23,249,선글라스,ITEM,1,1,1,0,31,19,3.2258
2026-04-04,249,선글라스,ITEM,1,1,1,0,58,37,1.7241
2026-04-11,249,선글라스,ITEM,1,1,1,0,80,37,1.25
2026-04-19,249,선글라스,ITEM,1,1,1,0,286,115,0.3497
2026-05-03,249,선글라스,ITEM,1,1,1,1,150,45,0.6667
2026-05-23,249,선글라스,ITEM,1,1,1,0,331,93,0.3021
2026-05-26,249,선글라스,ITEM,1,1,1,0,189,90,0.5291
2026-05-27,249,선글라스,ITEM,1,1,1,0,222,83,0.4505
2026-06-05,249,선글라스,ITEM,1,1,1,0,183,55,0.5464
2026-06-06,249,선글라스,ITEM,1,1,1,1,336,108,0.2976
2026-06-10,249,선글라스,ITEM,1,1,1,0,345,160,0.2899
2026-06-11,249,선글라스,ITEM,1,1,1,0,239,114,0.4184
2026-07-03,249,선글라스,ITEM,1,1,1,0,154,63,0.6494
2026-07-04,249,선글라스,ITEM,1,1,1,1,306,114,0.3268
2026-07-05,249,선글라스,ITEM,2,2,2,1,295,122,0.678
2026-07-13,249,선글라스,ITEM,1,1,1,0,382,151,0.2618
2026-07-18,249,선글라스,ITEM,1,1,1,1,429,155,0.2331
2026-07-19,249,선글라스,ITEM,1,1,1,1,670,210,0.1493
2026-07-21,249,선글라스,ITEM,1,1,1,0,284,141,0.3521
2026-07-28,249,선글라스,ITEM,1,1,1,0,262,125,0.3817
2026-08-01,249,선글라스,ITEM,2,2,2,1,277,115,0.722
2026-08-05,249,선글라스,ITEM,1,1,1,1,302,135,0.3311
2026-08-06,249,선글라스,ITEM,1,1,1,0,284,112,0.3521
2026-08-08,249,선글라스,ITEM,1,1,1,0,143,57,0.6993
2026-08-09,249,선글라스,ITEM,1,1,1,1,265,116,0.3774
2026-08-11,249,선글라스,ITEM,6,6,1,1,383,116,1.5666
2026-08-12,249,선글라스,ITEM,1,1,1,0,194,92,0.5155
2026-08-13,249,선글라스,ITEM,1,1,1,0,223,94,0.4484
2026-08-14,249,선글라스,ITEM,1,1,1,0,159,54,0.6289
2026-08-24,249,선글라스,ITEM,2,2,1,1,592,293,0.3378
2026-08-25,249,선글라스,ITEM,2,2,2,0,405,202,0.4938
2026-08-27,249,선글라스,ITEM,1,1,1,0,330,161,0.303
2026-08-29,249,선글라스,ITEM,1,1,1,0,316,144,0.3165
2026-09-01,249,선글라스,ITEM,1,1,1,1,601,253,0.1664
2025-10-03,723,셔츠칼라,DETAIL,1,1,1,1,103,20,0.9709
2025-11-07,723,셔츠칼라,DETAIL,1,1,1,0,95,32,1.0526
2025-11-11,723,셔츠칼라,DETAIL,1,1,1,0,21,8,4.7619
2025-12-17,723,셔츠칼라,DETAIL,1,1,1,0,8,5,12.5
2026-02-12,723,셔츠칼라,DETAIL,1,1,1,1,24,12,4.1667
2026-03-01,723,셔츠칼라,DETAIL,1,1,1,1,144,46,0.6944
2026-03-17,723,셔츠칼라,DETAIL,1,1,1,1,76,20,1.3158
2026-05-14,723,셔츠칼라,DETAIL,1,1,1,1,271,108,0.369
2026-05-29,723,셔츠칼라,DETAIL,1,1,1,1,188,59,0.5319
2026-06-11,723,셔츠칼라,DETAIL,1,1,1,1,239,114,0.4184
2026-06-14,723,셔츠칼라,DETAIL,1,1,1,1,529,186,0.189
2026-06-23,723,셔츠칼라,DETAIL,1,1,1,1,401,171,0.2494
2026-07-10,723,셔츠칼라,DETAIL,1,1,1,0,249,60,0.4016
2026-07-30,723,셔츠칼라,DETAIL,1,1,1,0,249,101,0.4016
2026-08-13,723,셔츠칼라,DETAIL,1,1,1,1,223,94,0.4484
2026-08-17,723,셔츠칼라,DETAIL,1,1,1,1,543,223,0.1842
2026-08-24,723,셔츠칼라,DETAIL,1,1,1,0,592,293,0.1689
2026-08-25,723,셔츠칼라,DETAIL,1,1,1,0,405,202,0.2469
2026-09-03,723,셔츠칼라,DETAIL,1,1,1,0,603,270,0.1658
2026-09-04,723,셔츠칼라,DETAIL,2,2,1,0,482,221,0.4149
2026-09-09,723,셔츠칼라,DETAIL,2,2,2,2,170,7,1.1765
2026-04-29,747,스냅여밈,DETAIL,1,1,1,1,54,16,1.8519
2026-05-11,747,스냅여밈,DETAIL,1,1,1,1,111,47,0.9009
2026-05-25,747,스냅여밈,DETAIL,1,1,1,1,400,155,0.25
2026-06-12,747,스냅여밈,DETAIL,1,1,1,1,352,114,0.2841
2026-07-04,747,스냅여밈,DETAIL,1,1,1,1,306,114,0.3268
2026-07-22,747,스냅여밈,DETAIL,1,1,1,1,244,112,0.4098
2026-08-09,747,스냅여밈,DETAIL,1,1,1,1,265,116,0.3774
2026-08-11,747,스냅여밈,DETAIL,1,1,1,1,383,116,0.2611
2026-08-30,747,스냅여밈,DETAIL,1,1,1,0,735,303,0.1361
2025-09-01,212,스니커즈,ITEM,1,1,1,1,68,41,1.4706
2025-09-14,212,스니커즈,ITEM,1,1,1,1,52,13,1.9231
2025-09-18,212,스니커즈,ITEM,1,1,1,0,10,8,10.0
2025-09-28,212,스니커즈,ITEM,1,1,1,1,78,15,1.2821
2025-10-05,212,스니커즈,ITEM,1,1,1,1,53,14,1.8868
2025-10-10,212,스니커즈,ITEM,5,5,1,1,80,23,6.25
2025-10-11,212,스니커즈,ITEM,4,4,1,0,50,26,8.0
2025-10-12,212,스니커즈,ITEM,2,2,2,1,76,22,2.6316
2025-10-16,212,스니커즈,ITEM,1,1,1,0,12,4,8.3333
2025-10-17,212,스니커즈,ITEM,1,1,1,1,45,13,2.2222
2025-10-19,212,스니커즈,ITEM,1,1,1,1,46,13,2.1739
2025-11-02,212,스니커즈,ITEM,1,1,1,0,86,23,1.1628
2025-11-21,212,스니커즈,ITEM,3,3,1,1,127,48,2.3622
2025-11-22,212,스니커즈,ITEM,2,2,1,0,75,36,2.6667
2025-11-23,212,스니커즈,ITEM,2,2,1,0,92,33,2.1739
2025-12-02,212,스니커즈,ITEM,1,1,1,0,123,66,0.813
2025-12-05,212,스니커즈,ITEM,1,1,1,0,88,46,1.1364
2025-12-06,212,스니커즈,ITEM,1,1,1,0,91,53,1.0989
2025-12-07,212,스니커즈,ITEM,3,3,1,1,120,49,2.5
2025-12-21,212,스니커즈,ITEM,1,1,1,0,92,38,1.087
2025-12-22,212,스니커즈,ITEM,2,2,1,0,31,21,6.4516
2025-12-23,212,스니커즈,ITEM,2,2,2,0,50,24,4.0
2025-12-26,212,스니커즈,ITEM,1,1,1,1,41,17,2.439
2026-01-04,212,스니커즈,ITEM,1,1,1,0,43,22,2.3256
2026-01-20,212,스니커즈,ITEM,1,1,1,0,57,25,1.7544
2026-02-01,212,스니커즈,ITEM,1,1,1,0,83,43,1.2048
2026-02-07,212,스니커즈,ITEM,3,3,2,1,115,57,2.6087
2026-02-20,212,스니커즈,ITEM,8,8,2,2,152,39,5.2632
2026-02-21,212,스니커즈,ITEM,1,1,1,0,32,19,3.125
2026-02-22,212,스니커즈,ITEM,1,1,1,1,61,30,1.6393
2026-02-24,212,스니커즈,ITEM,1,1,1,0,63,32,1.5873
2026-02-27,212,스니커즈,ITEM,1,1,1,1,156,44,0.641
2026-03-01,212,스니커즈,ITEM,2,2,2,0,144,46,1.3889
2026-03-02,212,스니커즈,ITEM,2,2,1,0,49,31,4.0816
2026-03-04,212,스니커즈,ITEM,2,2,1,1,159,65,1.2579
2026-03-05,212,스니커즈,ITEM,1,1,1,0,64,22,1.5625
2026-03-06,212,스니커즈,ITEM,4,4,1,1,203,70,1.9704
2026-03-07,212,스니커즈,ITEM,7,7,1,0,82,41,8.5366
2026-03-08,212,스니커즈,ITEM,4,4,1,0,71,37,5.6338
2026-03-09,212,스니커즈,ITEM,1,1,1,0,37,18,2.7027
2026-03-12,212,스니커즈,ITEM,1,1,1,0,22,15,4.5455
2026-03-15,212,스니커즈,ITEM,2,2,2,1,87,29,2.2989
2026-03-16,212,스니커즈,ITEM,1,1,1,1,83,23,1.2048
2026-03-21,212,스니커즈,ITEM,1,1,1,0,23,7,4.3478
2026-03-22,212,스니커즈,ITEM,3,3,2,0,158,62,1.8987
2026-03-23,212,스니커즈,ITEM,1,1,1,0,64,38,1.5625
2026-03-24,212,스니커즈,ITEM,1,1,1,0,70,41,1.4286
2026-03-27,212,스니커즈,ITEM,1,1,1,0,124,47,0.8065
2026-04-02,212,스니커즈,ITEM,1,1,1,1,103,44,0.9709
2026-04-03,212,스니커즈,ITEM,7,7,2,1,69,31,10.1449
2026-04-04,212,스니커즈,ITEM,10,10,1,0,58,37,17.2414
2026-04-05,212,스니커즈,ITEM,7,7,3,1,129,44,5.4264
2026-04-06,212,스니커즈,ITEM,1,1,1,0,39,22,2.5641
2026-04-07,212,스니커즈,ITEM,4,4,3,0,24,16,16.6667
2026-04-08,212,스니커즈,ITEM,2,2,1,0,32,13,6.25
2026-04-09,212,스니커즈,ITEM,2,2,1,0,43,30,4.6512
2026-04-10,212,스니커즈,ITEM,2,2,1,0,37,22,5.4054
2026-04-12,212,스니커즈,ITEM,1,1,1,0,29,19,3.4483
2026-04-19,212,스니커즈,ITEM,1,1,1,0,286,115,0.3497
2026-04-20,212,스니커즈,ITEM,2,2,2,1,238,90,0.8403
2026-04-21,212,스니커즈,ITEM,1,1,1,0,58,30,1.7241
2026-04-28,212,스니커즈,ITEM,1,1,1,0,51,26,1.9608
2026-05-01,212,스니커즈,ITEM,1,1,1,1,82,24,1.2195
2026-05-02,212,스니커즈,ITEM,6,6,1,0,66,35,9.0909
2026-05-03,212,스니커즈,ITEM,3,3,1,0,150,45,2.0
2026-05-08,212,스니커즈,ITEM,1,1,1,0,46,32,2.1739
2026-05-14,212,스니커즈,ITEM,1,1,1,0,271,108,0.369
2026-05-20,212,스니커즈,ITEM,1,1,1,0,244,80,0.4098
2026-05-23,212,스니커즈,ITEM,1,1,1,1,331,93,0.3021
2026-05-24,212,스니커즈,ITEM,1,1,1,1,297,121,0.3367
2026-05-26,212,스니커즈,ITEM,1,1,1,0,189,90,0.5291
2026-05-28,212,스니커즈,ITEM,1,1,1,0,228,103,0.4386
2026-05-31,212,스니커즈,ITEM,1,1,1,1,354,109,0.2825
2026-06-06,212,스니커즈,ITEM,1,1,1,1,336,108,0.2976
2026-06-07,212,스니커즈,ITEM,1,1,1,0,322,152,0.3106
2026-06-08,212,스니커즈,ITEM,4,4,1,1,380,152,1.0526
2026-06-11,212,스니커즈,ITEM,1,1,1,0,239,114,0.4184
2026-06-14,212,스니커즈,ITEM,2,2,2,2,529,186,0.3781
2026-06-15,212,스니커즈,ITEM,5,5,3,2,440,179,1.1364
2026-06-16,212,스니커즈,ITEM,3,3,3,1,465,184,0.6452
2026-06-17,212,스니커즈,ITEM,1,1,1,0,365,130,0.274
2026-06-19,212,스니커즈,ITEM,5,5,2,1,510,170,0.9804
2026-06-20,212,스니커즈,ITEM,25,25,2,0,422,169,5.9242
2026-06-21,212,스니커즈,ITEM,10,10,2,0,550,205,1.8182
2026-06-22,212,스니커즈,ITEM,4,4,2,0,455,179,0.8791
2026-06-23,212,스니커즈,ITEM,10,10,4,1,401,171,2.4938
2026-06-24,212,스니커즈,ITEM,5,5,3,1,369,145,1.355
2026-06-25,212,스니커즈,ITEM,4,4,4,1,162,75,2.4691
2026-06-26,212,스니커즈,ITEM,1,1,1,0,247,81,0.4049
2026-06-27,212,스니커즈,ITEM,1,1,1,0,214,76,0.4673
2026-06-30,212,스니커즈,ITEM,1,1,1,1,156,56,0.641
2026-07-04,212,스니커즈,ITEM,4,4,2,1,306,114,1.3072
2026-07-05,212,스니커즈,ITEM,1,1,1,1,295,122,0.339
2026-07-06,212,스니커즈,ITEM,2,2,2,1,204,85,0.9804
2026-07-07,212,스니커즈,ITEM,2,2,2,2,203,85,0.9852
2026-07-09,212,스니커즈,ITEM,2,2,2,1,161,62,1.2422
2026-07-10,212,스니커즈,ITEM,1,1,1,1,249,60,0.4016
2026-07-11,212,스니커즈,ITEM,4,4,1,0,174,63,2.2989
2026-07-12,212,스니커즈,ITEM,5,5,3,0,314,141,1.5924
2026-07-13,212,스니커즈,ITEM,5,5,2,1,382,151,1.3089
2026-07-14,212,스니커즈,ITEM,4,4,2,1,267,89,1.4981
2026-07-15,212,스니커즈,ITEM,1,1,1,0,265,87,0.3774
2026-07-17,212,스니커즈,ITEM,3,3,3,3,332,101,0.9036
2026-07-18,212,스니커즈,ITEM,3,3,2,0,429,155,0.6993
2026-07-19,212,스니커즈,ITEM,2,2,2,2,670,210,0.2985
2026-07-20,212,스니커즈,ITEM,1,1,1,1,386,140,0.2591
2026-07-23,212,스니커즈,ITEM,1,1,1,0,243,86,0.4115
2026-07-24,212,스니커즈,ITEM,2,2,1,1,233,80,0.8584
2026-07-27,212,스니커즈,ITEM,2,2,1,0,392,161,0.5102
2026-07-28,212,스니커즈,ITEM,1,1,1,1,262,125,0.3817
2026-07-29,212,스니커즈,ITEM,3,3,2,1,238,113,1.2605
2026-07-31,212,스니커즈,ITEM,11,11,1,1,204,84,5.3922
2026-08-01,212,스니커즈,ITEM,4,4,2,1,277,115,1.444
2026-08-02,212,스니커즈,ITEM,2,2,2,1,250,101,0.8
2026-08-03,212,스니커즈,ITEM,2,2,2,1,257,111,0.7782
2026-08-04,212,스니커즈,ITEM,1,1,1,0,225,88,0.4444
2026-08-05,212,스니커즈,ITEM,14,14,3,2,302,135,4.6358
2026-08-06,212,스니커즈,ITEM,13,13,3,1,284,112,4.5775
2026-08-07,212,스니커즈,ITEM,4,4,2,1,151,70,2.649
2026-08-08,212,스니커즈,ITEM,2,2,2,0,143,57,1.3986
2026-08-09,212,스니커즈,ITEM,1,1,1,0,265,116,0.3774
2026-08-11,212,스니커즈,ITEM,1,1,1,0,383,116,0.2611
2026-08-12,212,스니커즈,ITEM,1,1,1,0,194,92,0.5155
2026-08-15,212,스니커즈,ITEM,7,7,5,1,172,83,4.0698
2026-08-16,212,스니커즈,ITEM,1,1,1,0,232,98,0.431
2026-08-17,212,스니커즈,ITEM,12,12,1,1,543,223,2.2099
2026-08-18,212,스니커즈,ITEM,4,4,2,0,303,163,1.3201
2026-08-21,212,스니커즈,ITEM,5,5,2,1,235,105,2.1277
2026-08-22,212,스니커즈,ITEM,12,12,3,2,275,117,4.3636
2026-08-23,212,스니커즈,ITEM,2,2,2,0,472,218,0.4237
2026-08-24,212,스니커즈,ITEM,7,7,6,1,592,293,1.1824
2026-08-25,212,스니커즈,ITEM,7,7,4,2,405,202,1.7284
2026-08-26,212,스니커즈,ITEM,5,5,2,0,424,195,1.1792
2026-08-27,212,스니커즈,ITEM,2,2,2,0,330,161,0.6061
2026-08-28,212,스니커즈,ITEM,2,2,2,1,414,157,0.4831
2026-08-29,212,스니커즈,ITEM,1,1,1,1,316,144,0.3165
2026-08-30,212,스니커즈,ITEM,6,6,4,1,735,303,0.8163
2026-08-31,212,스니커즈,ITEM,2,2,2,1,714,321,0.2801
2026-09-01,212,스니커즈,ITEM,5,5,5,1,601,253,0.8319
2026-09-02,212,스니커즈,ITEM,3,3,2,0,502,221,0.5976
2026-09-03,212,스니커즈,ITEM,6,6,1,1,603,270,0.995
2026-09-04,212,스니커즈,ITEM,5,5,2,1,482,221,1.0373
2026-09-05,212,스니커즈,ITEM,4,4,2,0,563,234,0.7105
2026-09-06,212,스니커즈,ITEM,1,1,1,0,858,363,0.1166
2026-09-07,212,스니커즈,ITEM,1,1,1,0,732,308,0.1366
2026-09-08,212,스니커즈,ITEM,1,1,1,0,248,112,0.4032
2026-09-10,212,스니커즈,ITEM,1,1,1,1,20,5,5.0
2025-09-01,577,스웨이드,MATERIAL,1,1,1,0,68,41,1.4706
2025-09-02,577,스웨이드,MATERIAL,1,1,1,0,36,20,2.7778
2025-09-05,577,스웨이드,MATERIAL,1,1,1,1,87,25,1.1494
2025-09-06,577,스웨이드,MATERIAL,3,3,1,0,103,33,2.9126
2025-09-07,577,스웨이드,MATERIAL,2,2,1,0,29,8,6.8966
2025-09-08,577,스웨이드,MATERIAL,1,1,1,0,39,12,2.5641
2025-09-09,577,스웨이드,MATERIAL,1,1,1,0,11,4,9.0909
2025-09-10,577,스웨이드,MATERIAL,2,2,1,0,25,7,8.0
2025-09-12,577,스웨이드,MATERIAL,15,15,1,1,61,22,24.5902
2025-09-13,577,스웨이드,MATERIAL,17,17,1,0,46,32,36.9565
2025-09-14,577,스웨이드,MATERIAL,7,7,1,0,52,13,13.4615
2025-09-15,577,스웨이드,MATERIAL,3,3,1,0,110,52,2.7273
2025-09-16,577,스웨이드,MATERIAL,4,4,1,0,108,47,3.7037
2025-09-17,577,스웨이드,MATERIAL,1,1,1,0,22,12,4.5455
2025-09-19,577,스웨이드,MATERIAL,11,11,1,1,106,25,10.3774
2025-09-20,577,스웨이드,MATERIAL,14,14,1,0,96,34,14.5833
2025-09-21,577,스웨이드,MATERIAL,4,4,1,0,55,12,7.2727
2025-09-22,577,스웨이드,MATERIAL,3,3,1,0,30,17,10.0
2025-09-23,577,스웨이드,MATERIAL,1,1,1,0,14,5,7.1429
2025-09-24,577,스웨이드,MATERIAL,3,3,1,0,43,14,6.9767
2025-09-25,577,스웨이드,MATERIAL,4,4,1,0,40,12,10.0
2025-09-26,577,스웨이드,MATERIAL,1,1,1,1,76,18,1.3158
2025-09-28,577,스웨이드,MATERIAL,1,1,1,0,78,15,1.2821
2025-09-30,577,스웨이드,MATERIAL,1,1,1,0,13,5,7.6923
2025-10-01,577,스웨이드,MATERIAL,1,1,1,0,23,7,4.3478
2025-10-10,577,스웨이드,MATERIAL,2,2,1,1,80,23,2.5
2025-10-11,577,스웨이드,MATERIAL,4,4,1,0,50,26,8.0
2025-10-12,577,스웨이드,MATERIAL,2,2,1,0,76,22,2.6316
2025-10-13,577,스웨이드,MATERIAL,1,1,1,0,20,6,5.0
2025-10-16,577,스웨이드,MATERIAL,1,1,1,0,12,4,8.3333
2025-10-17,577,스웨이드,MATERIAL,1,1,1,1,45,13,2.2222
2025-10-19,577,스웨이드,MATERIAL,1,1,1,0,46,13,2.1739
2025-10-23,577,스웨이드,MATERIAL,1,1,1,0,25,14,4.0
2025-10-26,577,스웨이드,MATERIAL,1,1,1,1,63,15,1.5873
2025-11-07,577,스웨이드,MATERIAL,5,5,1,1,95,32,5.2632
2025-11-08,577,스웨이드,MATERIAL,5,5,1,0,74,32,6.7568
2025-11-09,577,스웨이드,MATERIAL,2,2,1,0,76,21,2.6316
2025-11-10,577,스웨이드,MATERIAL,1,1,1,0,34,16,2.9412
2025-11-19,577,스웨이드,MATERIAL,1,1,1,0,165,47,0.6061
2025-11-21,577,스웨이드,MATERIAL,1,1,1,1,127,48,0.7874
2025-11-22,577,스웨이드,MATERIAL,1,1,1,0,75,36,1.3333
2025-11-23,577,스웨이드,MATERIAL,1,1,1,0,92,33,1.087
2025-11-26,577,스웨이드,MATERIAL,1,1,1,0,29,14,3.4483
2025-11-28,577,스웨이드,MATERIAL,1,1,1,1,80,32,1.25
2025-12-03,577,스웨이드,MATERIAL,1,1,1,0,93,52,1.0753
2025-12-07,577,스웨이드,MATERIAL,2,2,2,2,120,49,1.6667
2025-12-21,577,스웨이드,MATERIAL,1,1,1,1,92,38,1.087
2025-12-30,577,스웨이드,MATERIAL,1,1,1,1,36,17,2.7778
2026-01-02,577,스웨이드,MATERIAL,1,1,1,1,103,31,0.9709
2026-01-03,577,스웨이드,MATERIAL,1,1,1,0,71,37,1.4085
2026-01-04,577,스웨이드,MATERIAL,1,1,1,0,43,22,2.3256
2026-01-05,577,스웨이드,MATERIAL,2,2,1,0,19,11,10.5263
2026-01-07,577,스웨이드,MATERIAL,1,1,1,0,13,8,7.6923
2026-01-08,577,스웨이드,MATERIAL,2,2,1,1,21,8,9.5238
2026-01-11,577,스웨이드,MATERIAL,1,1,1,0,29,17,3.4483
2026-01-18,577,스웨이드,MATERIAL,1,1,1,0,53,29,1.8868
2026-01-23,577,스웨이드,MATERIAL,2,2,1,0,61,26,3.2787
2026-02-10,577,스웨이드,MATERIAL,2,2,2,0,57,40,3.5088
2026-02-19,577,스웨이드,MATERIAL,1,1,1,0,25,13,4.0
2026-02-20,577,스웨이드,MATERIAL,3,3,2,2,152,39,1.9737
2026-02-22,577,스웨이드,MATERIAL,1,1,1,1,61,30,1.6393
2026-02-27,577,스웨이드,MATERIAL,2,2,2,1,156,44,1.2821
2026-03-01,577,스웨이드,MATERIAL,1,1,1,1,144,46,0.6944
2026-03-04,577,스웨이드,MATERIAL,2,2,1,1,159,65,1.2579
2026-03-06,577,스웨이드,MATERIAL,1,1,1,1,203,70,0.4926
2026-03-16,577,스웨이드,MATERIAL,1,1,1,1,83,23,1.2048
2026-03-31,577,스웨이드,MATERIAL,1,1,1,0,70,26,1.4286
2026-04-05,577,스웨이드,MATERIAL,1,1,1,1,129,44,0.7752
2026-04-20,577,스웨이드,MATERIAL,2,2,1,1,238,90,0.8403
2026-04-27,577,스웨이드,MATERIAL,1,1,1,1,175,75,0.5714
2026-05-18,577,스웨이드,MATERIAL,1,1,1,0,146,74,0.6849
2026-05-31,577,스웨이드,MATERIAL,1,1,1,1,354,109,0.2825
2026-06-02,577,스웨이드,MATERIAL,1,1,1,0,224,100,0.4464
2026-06-06,577,스웨이드,MATERIAL,1,1,1,1,336,108,0.2976
2026-06-08,577,스웨이드,MATERIAL,2,2,2,1,380,152,0.5263
2026-06-10,577,스웨이드,MATERIAL,1,1,1,0,345,160,0.2899
2026-06-15,577,스웨이드,MATERIAL,2,2,2,2,440,179,0.4545
2026-06-16,577,스웨이드,MATERIAL,2,2,2,1,465,184,0.4301
2026-06-17,577,스웨이드,MATERIAL,2,2,2,1,365,130,0.5479
2026-06-19,577,스웨이드,MATERIAL,2,2,2,2,510,170,0.3922
2026-06-20,577,스웨이드,MATERIAL,1,1,1,0,422,169,0.237
2026-06-24,577,스웨이드,MATERIAL,1,1,1,1,369,145,0.271
2026-06-27,577,스웨이드,MATERIAL,1,1,1,0,214,76,0.4673
2026-06-28,577,스웨이드,MATERIAL,6,6,4,2,327,109,1.8349
2026-06-29,577,스웨이드,MATERIAL,3,3,3,0,182,100,1.6484
2026-07-01,577,스웨이드,MATERIAL,2,2,2,0,261,93,0.7663
2026-07-04,577,스웨이드,MATERIAL,1,1,1,0,306,114,0.3268
2026-07-05,577,스웨이드,MATERIAL,2,2,2,2,295,122,0.678
2026-07-07,577,스웨이드,MATERIAL,1,1,1,1,203,85,0.4926
2026-07-17,577,스웨이드,MATERIAL,1,1,1,1,332,101,0.3012
2026-07-19,577,스웨이드,MATERIAL,1,1,1,1,670,210,0.1493
2026-07-23,577,스웨이드,MATERIAL,1,1,1,1,243,86,0.4115
2026-07-24,577,스웨이드,MATERIAL,2,2,1,1,233,80,0.8584
2026-07-26,577,스웨이드,MATERIAL,5,5,2,0,338,132,1.4793
2026-07-27,577,스웨이드,MATERIAL,1,1,1,1,392,161,0.2551
2026-07-30,577,스웨이드,MATERIAL,2,2,2,1,249,101,0.8032
2026-08-01,577,스웨이드,MATERIAL,1,1,1,0,277,115,0.361
2026-08-02,577,스웨이드,MATERIAL,4,4,3,1,250,101,1.6
2026-08-03,577,스웨이드,MATERIAL,1,1,1,1,257,111,0.3891
2026-08-09,577,스웨이드,MATERIAL,1,1,1,1,265,116,0.3774
2026-08-11,577,스웨이드,MATERIAL,5,5,3,3,383,116,1.3055
2026-08-12,577,스웨이드,MATERIAL,1,1,1,0,194,92,0.5155
2026-08-13,577,스웨이드,MATERIAL,2,2,2,0,223,94,0.8969
2026-08-14,577,스웨이드,MATERIAL,1,1,1,1,159,54,0.6289
2026-08-15,577,스웨이드,MATERIAL,1,1,1,0,172,83,0.5814
2026-08-16,577,스웨이드,MATERIAL,1,1,1,1,232,98,0.431
2026-08-17,577,스웨이드,MATERIAL,3,3,3,0,543,223,0.5525
2026-08-18,577,스웨이드,MATERIAL,3,3,3,0,303,163,0.9901
2026-08-19,577,스웨이드,MATERIAL,3,3,3,0,219,95,1.3699
2026-08-21,577,스웨이드,MATERIAL,2,2,1,1,235,105,0.8511
2026-08-22,577,스웨이드,MATERIAL,4,4,3,2,275,117,1.4545
2026-08-23,577,스웨이드,MATERIAL,5,5,4,3,472,218,1.0593
2026-08-24,577,스웨이드,MATERIAL,2,2,2,1,592,293,0.3378
2026-08-25,577,스웨이드,MATERIAL,2,2,2,1,405,202,0.4938
2026-08-26,577,스웨이드,MATERIAL,2,2,1,0,424,195,0.4717
2026-08-27,577,스웨이드,MATERIAL,1,1,1,0,330,161,0.303
2026-08-28,577,스웨이드,MATERIAL,5,5,3,1,414,157,1.2077
2026-08-29,577,스웨이드,MATERIAL,2,2,2,1,316,144,0.6329
2026-08-30,577,스웨이드,MATERIAL,4,4,4,1,735,303,0.5442
2026-08-31,577,스웨이드,MATERIAL,12,12,4,1,714,321,1.6807
2026-09-02,577,스웨이드,MATERIAL,10,10,7,3,502,221,1.992
2026-09-03,577,스웨이드,MATERIAL,8,8,5,3,603,270,1.3267
2026-09-04,577,스웨이드,MATERIAL,3,3,2,1,482,221,0.6224
2026-09-05,577,스웨이드,MATERIAL,3,3,1,0,563,234,0.5329
2026-09-06,577,스웨이드,MATERIAL,6,6,4,3,858,363,0.6993
2026-09-07,577,스웨이드,MATERIAL,13,13,6,4,732,308,1.776
2026-09-08,577,스웨이드,MATERIAL,4,4,4,2,248,112,1.6129
2026-09-09,577,스웨이드,MATERIAL,5,5,5,5,170,7,2.9412
2026-01-16,642,스퀘어넥,DETAIL,2,2,1,1,108,22,1.8519
2026-01-29,642,스퀘어넥,DETAIL,2,2,1,1,60,12,3.3333
2026-02-02,642,스퀘어넥,DETAIL,1,1,1,0,12,10,8.3333
2026-03-17,642,스퀘어넥,DETAIL,1,1,1,1,76,20,1.3158
2026-03-20,642,스퀘어넥,DETAIL,1,1,1,1,44,13,2.2727
2026-03-30,642,스퀘어넥,DETAIL,4,4,1,0,49,29,8.1633
2026-03-31,642,스퀘어넥,DETAIL,3,3,1,0,70,26,4.2857
2026-04-01,642,스퀘어넥,DETAIL,1,1,1,0,43,22,2.3256
2026-05-14,642,스퀘어넥,DETAIL,1,1,1,1,271,108,0.369
2026-05-21,642,스퀘어넥,DETAIL,1,1,1,1,270,85,0.3704
2026-05-23,642,스퀘어넥,DETAIL,1,1,1,1,331,93,0.3021
2026-05-29,642,스퀘어넥,DETAIL,1,1,1,0,188,59,0.5319
2026-05-31,642,스퀘어넥,DETAIL,1,1,1,1,354,109,0.2825
2026-06-01,642,스퀘어넥,DETAIL,1,1,1,0,360,160,0.2778
2026-06-06,642,스퀘어넥,DETAIL,1,1,1,1,336,108,0.2976
2026-06-08,642,스퀘어넥,DETAIL,1,1,1,1,380,152,0.2632
2026-06-12,642,스퀘어넥,DETAIL,2,2,1,1,352,114,0.5682
2026-06-13,642,스퀘어넥,DETAIL,2,2,2,2,267,107,0.7491
2026-06-14,642,스퀘어넥,DETAIL,1,1,1,1,529,186,0.189
2026-06-19,642,스퀘어넥,DETAIL,3,3,3,0,510,170,0.5882
2026-06-21,642,스퀘어넥,DETAIL,1,1,1,1,550,205,0.1818
2026-06-23,642,스퀘어넥,DETAIL,1,1,1,1,401,171,0.2494
2026-06-24,642,스퀘어넥,DETAIL,2,2,2,2,369,145,0.542
2026-06-25,642,스퀘어넥,DETAIL,1,1,1,0,162,75,0.6173
2026-06-26,642,스퀘어넥,DETAIL,1,1,1,1,247,81,0.4049
2026-06-27,642,스퀘어넥,DETAIL,1,1,1,1,214,76,0.4673
2026-06-28,642,스퀘어넥,DETAIL,1,1,1,1,327,109,0.3058
2026-07-10,642,스퀘어넥,DETAIL,1,1,1,1,249,60,0.4016
2026-07-15,642,스퀘어넥,DETAIL,2,2,2,1,265,87,0.7547
2026-07-17,642,스퀘어넥,DETAIL,2,2,2,1,332,101,0.6024
2026-07-29,642,스퀘어넥,DETAIL,1,1,1,1,238,113,0.4202
2026-07-30,642,스퀘어넥,DETAIL,1,1,1,1,249,101,0.4016
2026-08-11,642,스퀘어넥,DETAIL,1,1,1,1,383,116,0.2611
2026-08-14,642,스퀘어넥,DETAIL,1,1,1,1,159,54,0.6289
2026-09-07,642,스퀘어넥,DETAIL,1,1,1,1,732,308,0.1366
2026-09-09,642,스퀘어넥,DETAIL,1,1,1,1,170,7,0.5882
2025-09-26,628,스퀘어토,DETAIL,1,1,1,0,76,18,1.3158
2025-09-27,628,스퀘어토,DETAIL,1,1,1,0,92,35,1.087
2025-10-02,628,스퀘어토,DETAIL,1,1,1,0,20,8,5.0
2025-12-21,628,스퀘어토,DETAIL,1,1,1,1,92,38,1.087
2025-12-30,628,스퀘어토,DETAIL,1,1,1,1,36,17,2.7778
2026-03-20,628,스퀘어토,DETAIL,1,1,1,1,44,13,2.2727
2026-04-18,628,스퀘어토,DETAIL,1,1,1,1,168,63,0.5952
2026-05-31,628,스퀘어토,DETAIL,1,1,1,1,354,109,0.2825
2026-06-02,628,스퀘어토,DETAIL,1,1,1,0,224,100,0.4464
2026-06-04,628,스퀘어토,DETAIL,2,2,2,0,137,74,1.4599
2026-06-08,628,스퀘어토,DETAIL,1,1,1,1,380,152,0.2632
2026-06-19,628,스퀘어토,DETAIL,1,1,1,1,510,170,0.1961
2026-06-20,628,스퀘어토,DETAIL,1,1,1,0,422,169,0.237
2026-06-28,628,스퀘어토,DETAIL,1,1,1,1,327,109,0.3058
2026-07-23,628,스퀘어토,DETAIL,1,1,1,1,243,86,0.4115
2026-07-30,628,스퀘어토,DETAIL,1,1,1,1,249,101,0.4016
2026-08-09,628,스퀘어토,DETAIL,1,1,1,1,265,116,0.3774
2026-08-20,628,스퀘어토,DETAIL,1,1,1,1,236,110,0.4237
2026-08-31,628,스퀘어토,DETAIL,1,1,1,1,714,321,0.1401
2026-09-06,628,스퀘어토,DETAIL,2,2,2,1,858,363,0.2331
2026-02-20,564,스판덱스,MATERIAL,1,1,1,1,152,39,0.6579
2026-04-02,564,스판덱스,MATERIAL,1,1,1,0,103,44,0.9709
2026-04-16,564,스판덱스,MATERIAL,1,1,1,0,41,12,2.439
2026-04-30,564,스판덱스,MATERIAL,1,1,1,1,78,19,1.2821
2026-07-01,564,스판덱스,MATERIAL,1,1,1,1,261,93,0.3831
2026-07-24,564,스판덱스,MATERIAL,1,1,1,0,233,80,0.4292
2026-09-04,564,스판덱스,MATERIAL,1,1,1,0,482,221,0.2075
2026-05-23,626,스플릿토,DETAIL,1,1,1,0,331,93,0.3021
2026-06-08,200,슬라이드,ITEM,2,2,1,1,380,152,0.5263
2026-06-09,200,슬라이드,ITEM,1,1,1,0,247,108,0.4049
2026-06-16,200,슬라이드,ITEM,1,1,1,1,465,184,0.2151
2026-06-17,200,슬라이드,ITEM,1,1,1,1,365,130,0.274
2026-06-19,200,슬라이드,ITEM,1,1,1,1,510,170,0.1961
2026-06-23,200,슬라이드,ITEM,2,2,1,1,401,171,0.4988
2026-06-28,200,슬라이드,ITEM,4,4,3,3,327,109,1.2232
2026-06-29,200,슬라이드,ITEM,1,1,1,0,182,100,0.5495
2026-07-01,200,슬라이드,ITEM,1,1,1,0,261,93,0.3831
2026-07-02,200,슬라이드,ITEM,1,1,1,0,107,58,0.9346
2026-07-04,200,슬라이드,ITEM,1,1,1,0,306,114,0.3268
2026-07-12,200,슬라이드,ITEM,5,5,1,1,314,141,1.5924
2026-07-13,200,슬라이드,ITEM,2,2,1,0,382,151,0.5236
2026-07-14,200,슬라이드,ITEM,1,1,1,0,267,89,0.3745
2026-07-15,200,슬라이드,ITEM,1,1,1,0,265,87,0.3774
2026-07-19,200,슬라이드,ITEM,1,1,1,1,670,210,0.1493
2026-07-23,200,슬라이드,ITEM,1,1,1,0,243,86,0.4115
2026-02-20,590,시어서커,MATERIAL,1,1,1,1,152,39,0.6579
2026-04-27,590,시어서커,MATERIAL,1,1,1,1,175,75,0.5714
2026-04-29,590,시어서커,MATERIAL,1,1,1,1,54,16,1.8519
2026-05-03,590,시어서커,MATERIAL,2,2,2,2,150,45,1.3333
2026-05-08,590,시어서커,MATERIAL,1,1,1,1,46,32,2.1739
2026-05-10,590,시어서커,MATERIAL,1,1,1,0,34,21,2.9412
2026-05-17,590,시어서커,MATERIAL,1,1,1,1,166,82,0.6024
2026-05-18,590,시어서커,MATERIAL,1,1,1,0,146,74,0.6849
2026-05-23,590,시어서커,MATERIAL,3,3,1,1,331,93,0.9063
2026-05-24,590,시어서커,MATERIAL,1,1,1,0,297,121,0.3367
2026-05-27,590,시어서커,MATERIAL,3,3,2,1,222,83,1.3514
2026-05-30,590,시어서커,MATERIAL,2,2,1,0,234,83,0.8547
2026-05-31,590,시어서커,MATERIAL,1,1,1,0,354,109,0.2825
2026-06-01,590,시어서커,MATERIAL,1,1,1,1,360,160,0.2778
2026-06-04,590,시어서커,MATERIAL,1,1,1,0,137,74,0.7299
2026-06-08,590,시어서커,MATERIAL,1,1,1,1,380,152,0.2632
2026-06-15,590,시어서커,MATERIAL,1,1,1,1,440,179,0.2273
2026-06-16,590,시어서커,MATERIAL,1,1,1,1,465,184,0.2151
2026-06-19,590,시어서커,MATERIAL,1,1,1,1,510,170,0.1961
2026-07-04,590,시어서커,MATERIAL,2,2,2,1,306,114,0.6536
2026-07-16,590,시어서커,MATERIAL,2,2,1,1,179,58,1.1173
2026-07-17,590,시어서커,MATERIAL,1,1,1,1,332,101,0.3012
2026-07-29,590,시어서커,MATERIAL,1,1,1,0,238,113,0.4202
2026-08-11,590,시어서커,MATERIAL,1,1,1,1,383,116,0.2611
2025-10-17,384,시티보이,STYLE,1,1,1,1,45,13,2.2222
2025-10-24,384,시티보이,STYLE,1,1,1,1,96,19,1.0417
2026-02-05,384,시티보이,STYLE,1,1,1,0,39,26,2.5641
2026-05-01,384,시티보이,STYLE,1,1,1,1,82,24,1.2195
2026-05-13,384,시티보이,STYLE,1,1,1,1,137,56,0.7299
2026-05-30,384,시티보이,STYLE,1,1,1,1,234,83,0.4274
2026-05-31,384,시티보이,STYLE,1,1,1,1,354,109,0.2825
2026-06-03,384,시티보이,STYLE,1,1,1,1,222,94,0.4505
2026-06-06,384,시티보이,STYLE,1,1,1,1,336,108,0.2976
2026-06-08,384,시티보이,STYLE,1,1,1,1,380,152,0.2632
2026-06-14,384,시티보이,STYLE,1,1,1,1,529,186,0.189
2026-06-19,384,시티보이,STYLE,1,1,1,1,510,170,0.1961
2026-06-20,384,시티보이,STYLE,1,1,1,1,422,169,0.237
2026-07-01,384,시티보이,STYLE,1,1,1,1,261,93,0.3831
2026-07-05,384,시티보이,STYLE,1,1,1,1,295,122,0.339
2026-07-17,384,시티보이,STYLE,1,1,1,1,332,101,0.3012
2026-07-23,384,시티보이,STYLE,1,1,1,1,243,86,0.4115
2026-07-30,384,시티보이,STYLE,1,1,1,1,249,101,0.4016
2026-08-02,384,시티보이,STYLE,1,1,1,1,250,101,0.4
2026-08-11,384,시티보이,STYLE,1,1,1,1,383,116,0.2611
2025-11-03,377,아메카지,STYLE,1,1,1,1,51,15,1.9608
2025-11-05,377,아메카지,STYLE,1,1,1,0,5,5,20.0
2025-11-12,377,아메카지,STYLE,1,1,1,1,33,12,3.0303
2025-11-16,377,아메카지,STYLE,1,1,1,1,99,44,1.0101
2025-11-17,377,아메카지,STYLE,1,1,1,1,60,30,1.6667
2025-11-18,377,아메카지,STYLE,1,1,1,0,19,13,5.2632
2025-11-23,377,아메카지,STYLE,2,2,1,1,92,33,2.1739
2025-11-25,377,아메카지,STYLE,1,1,1,1,50,29,2.0
2025-11-29,377,아메카지,STYLE,4,4,1,1,64,24,6.25
2025-11-30,377,아메카지,STYLE,5,5,1,0,72,27,6.9444
2025-12-02,377,아메카지,STYLE,2,2,1,1,123,66,1.626
2025-12-07,377,아메카지,STYLE,1,1,1,0,120,49,0.8333
2025-12-21,377,아메카지,STYLE,1,1,1,1,92,38,1.087
2025-12-23,377,아메카지,STYLE,1,1,1,0,50,24,2.0
2025-12-24,377,아메카지,STYLE,1,1,1,1,22,11,4.5455
2025-12-27,377,아메카지,STYLE,1,1,1,1,32,21,3.125
2025-12-29,377,아메카지,STYLE,1,1,1,0,3,3,33.3333
2026-01-04,377,아메카지,STYLE,2,2,1,1,43,22,4.6512
2026-01-05,377,아메카지,STYLE,1,1,1,0,19,11,5.2632
2026-02-01,377,아메카지,STYLE,1,1,1,0,83,43,1.2048
2026-02-09,377,아메카지,STYLE,1,1,1,1,22,15,4.5455
2026-02-10,377,아메카지,STYLE,1,1,1,0,57,40,1.7544
2026-02-11,377,아메카지,STYLE,1,1,1,0,20,13,5.0
2026-03-01,377,아메카지,STYLE,2,2,1,1,144,46,1.3889
2026-03-02,377,아메카지,STYLE,1,1,1,0,49,31,2.0408
2026-03-04,377,아메카지,STYLE,1,1,1,0,159,65,0.6289
2026-03-06,377,아메카지,STYLE,1,1,1,0,203,70,0.4926
2026-03-09,377,아메카지,STYLE,1,1,1,1,37,18,2.7027
2026-03-11,377,아메카지,STYLE,2,2,2,1,20,12,10.0
2026-03-16,377,아메카지,STYLE,1,1,1,1,83,23,1.2048
2026-03-19,377,아메카지,STYLE,2,2,1,0,89,60,2.2472
2026-03-22,377,아메카지,STYLE,1,1,1,1,158,62,0.6329
2026-03-24,377,아메카지,STYLE,1,1,1,0,70,41,1.4286
2026-03-31,377,아메카지,STYLE,1,1,1,1,70,26,1.4286
2026-04-01,377,아메카지,STYLE,1,1,1,1,43,22,2.3256
2026-04-08,377,아메카지,STYLE,1,1,1,1,32,13,3.125
2026-04-15,377,아메카지,STYLE,1,1,1,1,22,10,4.5455
2026-04-16,377,아메카지,STYLE,1,1,1,1,41,12,2.439
2026-04-25,377,아메카지,STYLE,1,1,1,0,52,20,1.9231
2026-04-27,377,아메카지,STYLE,1,1,1,1,175,75,0.5714
2026-04-28,377,아메카지,STYLE,1,1,1,0,51,26,1.9608
2026-04-29,377,아메카지,STYLE,1,1,1,0,54,16,1.8519
2026-05-03,377,아메카지,STYLE,1,1,1,0,150,45,0.6667
2026-05-06,377,아메카지,STYLE,1,1,1,1,95,40,1.0526
2026-05-14,377,아메카지,STYLE,2,2,1,0,271,108,0.738
2026-05-18,377,아메카지,STYLE,1,1,1,1,146,74,0.6849
2026-05-20,377,아메카지,STYLE,1,1,1,1,244,80,0.4098
2026-05-31,377,아메카지,STYLE,1,1,1,1,354,109,0.2825
2026-06-01,377,아메카지,STYLE,1,1,1,0,360,160,0.2778
2026-06-14,377,아메카지,STYLE,1,1,1,1,529,186,0.189
2026-06-15,377,아메카지,STYLE,1,1,1,1,440,179,0.2273
2026-06-17,377,아메카지,STYLE,2,2,2,2,365,130,0.5479
2026-06-19,377,아메카지,STYLE,1,1,1,1,510,170,0.1961
2026-06-22,377,아메카지,STYLE,1,1,1,1,455,179,0.2198
2026-06-29,377,아메카지,STYLE,1,1,1,0,182,100,0.5495
2026-07-05,377,아메카지,STYLE,5,5,1,1,295,122,1.6949
2026-07-06,377,아메카지,STYLE,2,2,1,0,204,85,0.9804
2026-07-10,377,아메카지,STYLE,2,2,2,1,249,60,0.8032
2026-07-13,377,아메카지,STYLE,1,1,1,0,382,151,0.2618
2026-07-17,377,아메카지,STYLE,1,1,1,1,332,101,0.3012
2026-07-28,377,아메카지,STYLE,1,1,1,0,262,125,0.3817
2026-08-02,377,아메카지,STYLE,2,2,1,1,250,101,0.8
2026-08-03,377,아메카지,STYLE,1,1,1,1,257,111,0.3891
2026-08-05,377,아메카지,STYLE,1,1,1,1,302,135,0.3311
2026-08-09,377,아메카지,STYLE,1,1,1,0,265,116,0.3774
2026-08-10,377,아메카지,STYLE,2,2,2,1,244,105,0.8197
2026-08-11,377,아메카지,STYLE,2,2,2,0,383,116,0.5222
2026-08-19,377,아메카지,STYLE,1,1,1,0,219,95,0.4566
2026-08-21,377,아메카지,STYLE,2,2,2,0,235,105,0.8511
2026-08-23,377,아메카지,STYLE,1,1,1,1,472,218,0.2119
2026-08-30,377,아메카지,STYLE,3,3,1,1,735,303,0.4082
2026-08-31,377,아메카지,STYLE,3,3,1,0,714,321,0.4202
2026-09-01,377,아메카지,STYLE,1,1,1,0,601,253,0.1664
2026-09-05,377,아메카지,STYLE,1,1,1,1,563,234,0.1776
2026-09-07,377,아메카지,STYLE,3,3,2,2,732,308,0.4098
2026-09-08,377,아메카지,STYLE,1,1,1,1,248,112,0.4032
2025-09-01,439,아이보리,COLOR,2,2,1,0,68,41,2.9412
2025-09-02,439,아이보리,COLOR,2,2,1,0,36,20,5.5556
2025-09-12,439,아이보리,COLOR,1,1,1,0,61,22,1.6393
2025-09-19,439,아이보리,COLOR,1,1,1,0,106,25,0.9434
2025-09-20,439,아이보리,COLOR,1,1,1,0,96,34,1.0417
2025-09-25,439,아이보리,COLOR,1,1,1,0,40,12,2.5
2025-09-26,439,아이보리,COLOR,1,1,1,0,76,18,1.3158
2025-09-28,439,아이보리,COLOR,1,1,1,1,78,15,1.2821
2025-10-03,439,아이보리,COLOR,1,1,1,1,103,20,0.9709
2025-10-10,439,아이보리,COLOR,1,1,1,0,80,23,1.25
2025-10-12,439,아이보리,COLOR,1,1,1,1,76,22,1.3158
2025-10-16,439,아이보리,COLOR,1,1,1,0,12,4,8.3333
2025-10-24,439,아이보리,COLOR,2,2,1,1,96,19,2.0833
2025-10-25,439,아이보리,COLOR,1,1,1,0,48,21,2.0833
2025-10-26,439,아이보리,COLOR,1,1,1,1,63,15,1.5873
2025-10-27,439,아이보리,COLOR,1,1,1,0,24,12,4.1667
2025-11-04,439,아이보리,COLOR,2,2,1,0,25,13,8.0
2025-11-09,439,아이보리,COLOR,1,1,1,1,76,21,1.3158
2025-11-15,439,아이보리,COLOR,1,1,1,0,72,28,1.3889
2025-11-16,439,아이보리,COLOR,1,1,1,0,99,44,1.0101
2025-11-17,439,아이보리,COLOR,1,1,1,0,60,30,1.6667
2025-11-20,439,아이보리,COLOR,1,1,1,1,172,49,0.5814
2025-11-21,439,아이보리,COLOR,1,1,1,0,127,48,0.7874
2025-11-22,439,아이보리,COLOR,1,1,1,0,75,36,1.3333
2025-11-24,439,아이보리,COLOR,1,1,1,0,52,33,1.9231
2025-11-29,439,아이보리,COLOR,1,1,1,0,64,24,1.5625
2025-11-30,439,아이보리,COLOR,1,1,1,0,72,27,1.3889
2025-12-03,439,아이보리,COLOR,1,1,1,0,93,52,1.0753
2025-12-04,439,아이보리,COLOR,2,2,1,0,67,41,2.9851
2025-12-06,439,아이보리,COLOR,3,3,1,0,91,53,3.2967
2025-12-07,439,아이보리,COLOR,4,4,2,1,120,49,3.3333
2025-12-08,439,아이보리,COLOR,1,1,1,0,42,28,2.381
2025-12-11,439,아이보리,COLOR,1,1,1,0,33,17,3.0303
2026-01-02,439,아이보리,COLOR,1,1,1,1,103,31,0.9709
2026-01-06,439,아이보리,COLOR,1,1,1,0,35,19,2.8571
2026-01-17,439,아이보리,COLOR,2,2,1,0,143,78,1.3986
2026-01-25,439,아이보리,COLOR,1,1,1,0,20,15,5.0
2026-01-28,439,아이보리,COLOR,1,1,1,0,29,13,3.4483
2026-02-20,439,아이보리,COLOR,3,3,2,2,152,39,1.9737
2026-02-27,439,아이보리,COLOR,1,1,1,1,156,44,0.641
2026-03-04,439,아이보리,COLOR,1,1,1,1,159,65,0.6289
2026-03-06,439,아이보리,COLOR,3,3,2,1,203,70,1.4778
2026-03-07,439,아이보리,COLOR,1,1,1,0,82,41,1.2195
2026-03-08,439,아이보리,COLOR,1,1,1,0,71,37,1.4085
2026-03-15,439,아이보리,COLOR,1,1,1,1,87,29,1.1494
2026-03-17,439,아이보리,COLOR,1,1,1,1,76,20,1.3158
2026-03-18,439,아이보리,COLOR,1,1,1,0,70,45,1.4286
2026-03-21,439,아이보리,COLOR,1,1,1,1,23,7,4.3478
2026-03-22,439,아이보리,COLOR,1,1,1,0,158,62,0.6329
2026-03-27,439,아이보리,COLOR,1,1,1,0,124,47,0.8065
2026-03-29,439,아이보리,COLOR,1,1,1,0,38,17,2.6316
2026-04-01,439,아이보리,COLOR,1,1,1,0,43,22,2.3256
2026-04-07,439,아이보리,COLOR,1,1,1,0,24,16,4.1667
2026-04-18,439,아이보리,COLOR,3,3,2,2,168,63,1.7857
2026-04-19,439,아이보리,COLOR,1,1,1,0,286,115,0.3497
2026-04-20,439,아이보리,COLOR,2,2,2,0,238,90,0.8403
2026-04-29,439,아이보리,COLOR,1,1,1,1,54,16,1.8519
2026-05-01,439,아이보리,COLOR,1,1,1,1,82,24,1.2195
2026-05-02,439,아이보리,COLOR,1,1,1,0,66,35,1.5152
2026-05-03,439,아이보리,COLOR,2,2,2,1,150,45,1.3333
2026-05-04,439,아이보리,COLOR,1,1,1,0,61,39,1.6393
2026-05-08,439,아이보리,COLOR,1,1,1,0,46,32,2.1739
2026-05-09,439,아이보리,COLOR,2,2,2,0,71,29,2.8169
2026-05-10,439,아이보리,COLOR,1,1,1,0,34,21,2.9412
2026-05-11,439,아이보리,COLOR,1,1,1,0,111,47,0.9009
2026-05-12,439,아이보리,COLOR,1,1,1,0,134,52,0.7463
2026-05-14,439,아이보리,COLOR,1,1,1,1,271,108,0.369
2026-05-16,439,아이보리,COLOR,1,1,1,1,158,49,0.6329
2026-05-18,439,아이보리,COLOR,2,2,1,1,146,74,1.3699
2026-05-20,439,아이보리,COLOR,10,10,1,1,244,80,4.0984
2026-05-21,439,아이보리,COLOR,9,9,4,3,270,85,3.3333
2026-05-22,439,아이보리,COLOR,6,6,3,2,227,77,2.6432
2026-05-23,439,아이보리,COLOR,5,5,4,2,331,93,1.5106
2026-05-24,439,아이보리,COLOR,4,4,3,2,297,121,1.3468
2026-05-25,439,아이보리,COLOR,1,1,1,1,400,155,0.25
2026-05-26,439,아이보리,COLOR,1,1,1,0,189,90,0.5291
2026-05-27,439,아이보리,COLOR,4,4,3,2,222,83,1.8018
2026-05-28,439,아이보리,COLOR,2,2,2,0,228,103,0.8772
2026-05-29,439,아이보리,COLOR,1,1,1,1,188,59,0.5319
2026-05-30,439,아이보리,COLOR,1,1,1,0,234,83,0.4274
2026-05-31,439,아이보리,COLOR,2,2,2,1,354,109,0.565
2026-06-01,439,아이보리,COLOR,2,2,2,1,360,160,0.5556
2026-06-02,439,아이보리,COLOR,1,1,1,0,224,100,0.4464
2026-06-03,439,아이보리,COLOR,1,1,1,0,222,94,0.4505
2026-06-04,439,아이보리,COLOR,1,1,1,0,137,74,0.7299
2026-06-05,439,아이보리,COLOR,2,2,2,1,183,55,1.0929
2026-06-06,439,아이보리,COLOR,3,3,3,3,336,108,0.8929
2026-06-07,439,아이보리,COLOR,1,1,1,0,322,152,0.3106
2026-06-08,439,아이보리,COLOR,2,2,2,2,380,152,0.5263
2026-06-09,439,아이보리,COLOR,2,2,1,0,247,108,0.8097
2026-06-10,439,아이보리,COLOR,2,2,2,1,345,160,0.5797
2026-06-12,439,아이보리,COLOR,3,3,2,1,352,114,0.8523
2026-06-14,439,아이보리,COLOR,6,6,5,2,529,186,1.1342
2026-06-15,439,아이보리,COLOR,2,2,2,1,440,179,0.4545
2026-06-16,439,아이보리,COLOR,3,3,3,2,465,184,0.6452
2026-06-17,439,아이보리,COLOR,1,1,1,1,365,130,0.274
2026-06-18,439,아이보리,COLOR,1,1,1,1,286,139,0.3497
2026-06-19,439,아이보리,COLOR,2,2,2,2,510,170,0.3922
2026-06-20,439,아이보리,COLOR,1,1,1,1,422,169,0.237
2026-06-21,439,아이보리,COLOR,3,3,3,3,550,205,0.5455
2026-06-22,439,아이보리,COLOR,3,3,3,3,455,179,0.6593
2026-06-26,439,아이보리,COLOR,1,1,1,1,247,81,0.4049
2026-06-28,439,아이보리,COLOR,1,1,1,0,327,109,0.3058
2026-06-29,439,아이보리,COLOR,2,2,2,0,182,100,1.0989
2026-07-02,439,아이보리,COLOR,2,2,2,0,107,58,1.8692
2026-07-04,439,아이보리,COLOR,2,2,2,2,306,114,0.6536
2026-07-05,439,아이보리,COLOR,7,7,1,0,295,122,2.3729
2026-07-06,439,아이보리,COLOR,4,4,2,1,204,85,1.9608
2026-07-09,439,아이보리,COLOR,2,2,2,1,161,62,1.2422
2026-07-10,439,아이보리,COLOR,2,2,1,1,249,60,0.8032
2026-07-11,439,아이보리,COLOR,1,1,1,1,174,63,0.5747
2026-07-13,439,아이보리,COLOR,3,3,3,1,382,151,0.7853
2026-07-15,439,아이보리,COLOR,1,1,1,1,265,87,0.3774
2026-07-17,439,아이보리,COLOR,2,2,2,1,332,101,0.6024
2026-07-18,439,아이보리,COLOR,1,1,1,1,429,155,0.2331
2026-07-19,439,아이보리,COLOR,1,1,1,1,670,210,0.1493
2026-07-20,439,아이보리,COLOR,1,1,1,1,386,140,0.2591
2026-07-21,439,아이보리,COLOR,1,1,1,0,284,141,0.3521
2026-07-24,439,아이보리,COLOR,1,1,1,1,233,80,0.4292
2026-07-25,439,아이보리,COLOR,4,4,1,0,245,115,1.6327
2026-07-27,439,아이보리,COLOR,1,1,1,0,392,161,0.2551
2026-07-30,439,아이보리,COLOR,3,3,3,1,249,101,1.2048
2026-08-03,439,아이보리,COLOR,1,1,1,1,257,111,0.3891
2026-08-04,439,아이보리,COLOR,2,2,2,1,225,88,0.8889
2026-08-05,439,아이보리,COLOR,1,1,1,0,302,135,0.3311
2026-08-06,439,아이보리,COLOR,2,2,2,1,284,112,0.7042
2026-08-10,439,아이보리,COLOR,1,1,1,1,244,105,0.4098
2026-08-11,439,아이보리,COLOR,3,3,2,1,383,116,0.7833
2026-08-12,439,아이보리,COLOR,1,1,1,1,194,92,0.5155
2026-08-14,439,아이보리,COLOR,1,1,1,1,159,54,0.6289
2026-08-15,439,아이보리,COLOR,2,2,2,1,172,83,1.1628
2026-08-17,439,아이보리,COLOR,2,2,2,1,543,223,0.3683
2026-08-20,439,아이보리,COLOR,1,1,1,1,236,110,0.4237
2026-08-24,439,아이보리,COLOR,3,3,1,0,592,293,0.5068
2026-08-25,439,아이보리,COLOR,1,1,1,0,405,202,0.2469
2026-08-26,439,아이보리,COLOR,1,1,1,0,424,195,0.2358
2026-08-27,439,아이보리,COLOR,1,1,1,0,330,161,0.303
2026-08-28,439,아이보리,COLOR,2,2,2,1,414,157,0.4831
2026-08-30,439,아이보리,COLOR,2,2,1,1,735,303,0.2721
2026-08-31,439,아이보리,COLOR,1,1,1,0,714,321,0.1401
2026-09-01,439,아이보리,COLOR,2,2,1,1,601,253,0.3328
2026-09-02,439,아이보리,COLOR,2,2,2,1,502,221,0.3984
2026-09-03,439,아이보리,COLOR,2,2,2,2,603,270,0.3317
2026-09-04,439,아이보리,COLOR,1,1,1,1,482,221,0.2075
2026-09-05,439,아이보리,COLOR,1,1,1,0,563,234,0.1776
2026-09-06,439,아이보리,COLOR,2,2,2,0,858,363,0.2331
2026-09-07,439,아이보리,COLOR,3,3,2,1,732,308,0.4098
2026-09-09,439,아이보리,COLOR,1,1,1,1,170,7,0.5882
2026-05-09,762,아플리케,DETAIL,1,1,1,1,71,29,1.4085
2026-05-16,762,아플리케,DETAIL,1,1,1,1,158,49,0.6329
2026-05-25,762,아플리케,DETAIL,1,1,1,1,400,155,0.25
2026-07-21,762,아플리케,DETAIL,1,1,1,1,284,141,0.3521
2025-10-10,400,애슬레저,STYLE,1,1,1,1,80,23,1.25
2026-03-23,400,애슬레저,STYLE,1,1,1,1,64,38,1.5625
2026-03-26,400,애슬레저,STYLE,1,1,1,1,154,65,0.6494
2026-04-03,400,애슬레저,STYLE,1,1,1,1,69,31,1.4493
2026-04-08,400,애슬레저,STYLE,1,1,1,1,32,13,3.125
2026-05-09,400,애슬레저,STYLE,1,1,1,1,71,29,1.4085
2026-06-09,400,애슬레저,STYLE,1,1,1,1,247,108,0.4049
2026-07-16,400,애슬레저,STYLE,1,1,1,1,179,58,0.5587
2026-08-21,400,애슬레저,STYLE,1,1,1,1,235,105,0.4255
2026-08-24,400,애슬레저,STYLE,1,1,1,1,592,293,0.1689
2026-08-25,400,애슬레저,STYLE,1,1,1,1,405,202,0.2469
2026-08-31,400,애슬레저,STYLE,1,1,1,1,714,321,0.1401
2026-09-03,400,애슬레저,STYLE,1,1,1,1,603,270,0.1658
2026-09-10,400,애슬레저,STYLE,1,1,1,1,20,5,5.0
2026-05-22,463,애플그린,COLOR,1,1,1,1,227,77,0.4405
2026-07-28,463,애플그린,COLOR,1,1,1,0,262,125,0.3817
2026-01-17,708,앵클기장,DETAIL,1,1,1,0,143,78,0.6993
2026-04-11,708,앵클기장,DETAIL,1,1,1,1,80,37,1.25
2026-08-31,708,앵클기장,DETAIL,2,2,2,1,714,321,0.2801
2025-09-01,777,언밸런스,DETAIL,1,1,1,0,68,41,1.4706
2025-09-14,777,언밸런스,DETAIL,1,1,1,0,52,13,1.9231
2025-09-21,777,언밸런스,DETAIL,1,1,1,1,55,12,1.8182
2025-09-28,777,언밸런스,DETAIL,1,1,1,1,78,15,1.2821
2025-11-13,777,언밸런스,DETAIL,1,1,1,0,13,7,7.6923
2025-12-23,777,언밸런스,DETAIL,1,1,1,1,50,24,2.0
2026-01-29,777,언밸런스,DETAIL,1,1,1,1,60,12,1.6667
2026-02-27,777,언밸런스,DETAIL,1,1,1,1,156,44,0.641
2026-03-01,777,언밸런스,DETAIL,1,1,1,1,144,46,0.6944
2026-05-16,777,언밸런스,DETAIL,1,1,1,1,158,49,0.6329
2026-05-30,777,언밸런스,DETAIL,1,1,1,1,234,83,0.4274
2026-05-31,777,언밸런스,DETAIL,1,1,1,1,354,109,0.2825
2026-06-12,777,언밸런스,DETAIL,1,1,1,1,352,114,0.2841
2026-06-14,777,언밸런스,DETAIL,1,1,1,1,529,186,0.189
2026-06-15,777,언밸런스,DETAIL,1,1,1,0,440,179,0.2273
2026-06-19,777,언밸런스,DETAIL,1,1,1,1,510,170,0.1961
2026-06-21,777,언밸런스,DETAIL,1,1,1,1,550,205,0.1818
2026-06-24,777,언밸런스,DETAIL,1,1,1,1,369,145,0.271
2026-06-26,777,언밸런스,DETAIL,2,2,2,1,247,81,0.8097
2026-06-30,777,언밸런스,DETAIL,1,1,1,1,156,56,0.641
2026-07-04,777,언밸런스,DETAIL,1,1,1,1,306,114,0.3268
2026-07-05,777,언밸런스,DETAIL,1,1,1,1,295,122,0.339
2026-07-11,777,언밸런스,DETAIL,1,1,1,1,174,63,0.5747
2026-07-13,777,언밸런스,DETAIL,1,1,1,1,382,151,0.2618
2026-07-16,777,언밸런스,DETAIL,1,1,1,1,179,58,0.5587
2026-07-26,777,언밸런스,DETAIL,1,1,1,1,338,132,0.2959
2026-07-30,777,언밸런스,DETAIL,3,3,1,1,249,101,1.2048
2026-07-31,777,언밸런스,DETAIL,1,1,1,0,204,84,0.4902
2026-08-03,777,언밸런스,DETAIL,1,1,1,1,257,111,0.3891
2026-08-04,777,언밸런스,DETAIL,1,1,1,1,225,88,0.4444
2026-08-05,777,언밸런스,DETAIL,3,3,1,1,302,135,0.9934
2026-08-06,777,언밸런스,DETAIL,1,1,1,0,284,112,0.3521
2026-08-09,777,언밸런스,DETAIL,1,1,1,1,265,116,0.3774
2026-08-17,777,언밸런스,DETAIL,1,1,1,1,543,223,0.1842
2026-08-29,777,언밸런스,DETAIL,1,1,1,0,316,144,0.3165
2026-09-03,777,언밸런스,DETAIL,1,1,1,1,603,270,0.1658
2026-09-07,777,언밸런스,DETAIL,1,1,1,1,732,308,0.1366
2025-11-14,518,연말연시,TPO,1,1,1,0,73,20,1.3699
2025-11-15,518,연말연시,TPO,1,1,1,0,72,28,1.3889
2025-11-29,518,연말연시,TPO,1,1,1,0,64,24,1.5625
2025-12-02,518,연말연시,TPO,1,1,1,0,123,66,0.813
2025-12-07,518,연말연시,TPO,1,1,1,1,120,49,0.8333
2025-12-12,518,연말연시,TPO,3,3,1,1,27,17,11.1111
2025-12-13,518,연말연시,TPO,1,1,1,0,28,20,3.5714
2025-12-26,518,연말연시,TPO,1,1,1,1,41,17,2.439
2026-07-07,429,오션블루,COLOR,2,2,1,0,203,85,0.9852
2026-08-31,429,오션블루,COLOR,2,2,1,1,714,321,0.2801
2025-09-14,643,오프숄더,DETAIL,1,1,1,1,52,13,1.9231
2025-09-28,643,오프숄더,DETAIL,1,1,1,1,78,15,1.2821
2025-09-29,643,오프숄더,DETAIL,1,1,1,0,5,4,20.0
2025-10-12,643,오프숄더,DETAIL,1,1,1,1,76,22,1.3158
2025-10-26,643,오프숄더,DETAIL,1,1,1,1,63,15,1.5873
2025-11-14,643,오프숄더,DETAIL,1,1,1,1,73,20,1.3699
2025-12-01,643,오프숄더,DETAIL,1,1,1,0,29,14,3.4483
2026-02-24,643,오프숄더,DETAIL,1,1,1,0,63,32,1.5873
2026-02-25,643,오프숄더,DETAIL,1,1,1,0,52,33,1.9231
2026-03-05,643,오프숄더,DETAIL,1,1,1,0,64,22,1.5625
2026-03-22,643,오프숄더,DETAIL,1,1,1,1,158,62,0.6329
2026-04-16,643,오프숄더,DETAIL,1,1,1,0,41,12,2.439
2026-04-19,643,오프숄더,DETAIL,3,3,2,1,286,115,1.049
2026-04-27,643,오프숄더,DETAIL,2,2,1,0,175,75,1.1429
2026-05-03,643,오프숄더,DETAIL,1,1,1,1,150,45,0.6667
2026-05-13,643,오프숄더,DETAIL,1,1,1,0,137,56,0.7299
2026-05-28,643,오프숄더,DETAIL,1,1,1,0,228,103,0.4386
2026-05-29,643,오프숄더,DETAIL,1,1,1,0,188,59,0.5319
2026-05-31,643,오프숄더,DETAIL,1,1,1,1,354,109,0.2825
2026-06-01,643,오프숄더,DETAIL,1,1,1,1,360,160,0.2778
2026-06-02,643,오프숄더,DETAIL,1,1,1,0,224,100,0.4464
2026-06-06,643,오프숄더,DETAIL,1,1,1,1,336,108,0.2976
2026-06-08,643,오프숄더,DETAIL,1,1,1,0,380,152,0.2632
2026-06-09,643,오프숄더,DETAIL,1,1,1,1,247,108,0.4049
2026-06-10,643,오프숄더,DETAIL,1,1,1,0,345,160,0.2899
2026-06-13,643,오프숄더,DETAIL,2,2,2,2,267,107,0.7491
2026-06-14,643,오프숄더,DETAIL,1,1,1,1,529,186,0.189
2026-06-15,643,오프숄더,DETAIL,9,9,2,1,440,179,2.0455
2026-06-16,643,오프숄더,DETAIL,4,4,2,0,465,184,0.8602
2026-06-17,643,오프숄더,DETAIL,1,1,1,0,365,130,0.274
2026-06-19,643,오프숄더,DETAIL,2,2,1,1,510,170,0.3922
2026-06-21,643,오프숄더,DETAIL,2,2,2,1,550,205,0.3636
2026-06-22,643,오프숄더,DETAIL,3,3,2,1,455,179,0.6593
2026-06-23,643,오프숄더,DETAIL,1,1,1,1,401,171,0.2494
2026-06-24,643,오프숄더,DETAIL,2,2,1,1,369,145,0.542
2026-06-25,643,오프숄더,DETAIL,3,3,3,0,162,75,1.8519
2026-06-26,643,오프숄더,DETAIL,2,2,2,0,247,81,0.8097
2026-06-30,643,오프숄더,DETAIL,1,1,1,1,156,56,0.641
2026-07-04,643,오프숄더,DETAIL,1,1,1,1,306,114,0.3268
2026-07-05,643,오프숄더,DETAIL,1,1,1,1,295,122,0.339
2026-07-10,643,오프숄더,DETAIL,1,1,1,1,249,60,0.4016
2026-07-17,643,오프숄더,DETAIL,1,1,1,1,332,101,0.3012
2026-07-18,643,오프숄더,DETAIL,2,2,2,0,429,155,0.4662
2026-07-19,643,오프숄더,DETAIL,15,15,2,1,670,210,2.2388
2026-07-20,643,오프숄더,DETAIL,6,6,2,1,386,140,1.5544
2026-07-22,643,오프숄더,DETAIL,1,1,1,1,244,112,0.4098
2026-07-23,643,오프숄더,DETAIL,1,1,1,0,243,86,0.4115
2026-07-24,643,오프숄더,DETAIL,1,1,1,0,233,80,0.4292
2026-07-27,643,오프숄더,DETAIL,1,1,1,0,392,161,0.2551
2026-07-28,643,오프숄더,DETAIL,1,1,1,0,262,125,0.3817
2026-08-01,643,오프숄더,DETAIL,1,1,1,1,277,115,0.361
2026-08-02,643,오프숄더,DETAIL,1,1,1,1,250,101,0.4
2026-08-03,643,오프숄더,DETAIL,1,1,1,0,257,111,0.3891
2026-08-05,643,오프숄더,DETAIL,2,2,2,0,302,135,0.6623
2026-08-08,643,오프숄더,DETAIL,1,1,1,0,143,57,0.6993
2026-08-09,643,오프숄더,DETAIL,2,2,2,1,265,116,0.7547
2026-08-10,643,오프숄더,DETAIL,1,1,1,1,244,105,0.4098
2026-08-15,643,오프숄더,DETAIL,1,1,1,0,172,83,0.5814
2026-08-16,643,오프숄더,DETAIL,1,1,1,0,232,98,0.431
2026-08-17,643,오프숄더,DETAIL,1,1,1,1,543,223,0.1842
2026-08-18,643,오프숄더,DETAIL,1,1,1,0,303,163,0.33
2026-08-19,643,오프숄더,DETAIL,1,1,1,0,219,95,0.4566
2026-08-20,643,오프숄더,DETAIL,1,1,1,0,236,110,0.4237
2026-09-06,643,오프숄더,DETAIL,2,2,2,2,858,363,0.2331
2026-09-07,643,오프숄더,DETAIL,1,1,1,0,732,308,0.1366
2026-06-24,582,옥스포드,MATERIAL,1,1,1,1,369,145,0.271
2026-07-14,582,옥스포드,MATERIAL,1,1,1,1,267,89,0.3745
2026-07-23,582,옥스포드,MATERIAL,3,3,1,1,243,86,1.2346
2026-07-27,582,옥스포드,MATERIAL,1,1,1,1,392,161,0.2551
2026-08-23,582,옥스포드,MATERIAL,3,3,1,1,472,218,0.6356
2026-08-29,582,옥스포드,MATERIAL,1,1,1,1,316,144,0.3165
2026-09-01,582,옥스포드,MATERIAL,2,2,1,1,601,253,0.3328
2026-03-02,196,워크부츠,ITEM,2,2,1,0,49,31,4.0816
2025-11-03,385,워크웨어,STYLE,1,1,1,1,51,15,1.9608
2025-11-12,385,워크웨어,STYLE,1,1,1,1,33,12,3.0303
2025-11-23,385,워크웨어,STYLE,1,1,1,1,92,33,1.087
2025-11-30,385,워크웨어,STYLE,3,3,1,0,72,27,4.1667
2025-12-02,385,워크웨어,STYLE,1,1,1,0,123,66,0.813
2026-01-24,385,워크웨어,STYLE,1,1,1,0,62,34,1.6129
2026-02-01,385,워크웨어,STYLE,1,1,1,0,83,43,1.2048
2026-02-20,385,워크웨어,STYLE,1,1,1,1,152,39,0.6579
2026-03-01,385,워크웨어,STYLE,1,1,1,1,144,46,0.6944
2026-03-04,385,워크웨어,STYLE,1,1,1,1,159,65,0.6289
2026-03-05,385,워크웨어,STYLE,1,1,1,1,64,22,1.5625
2026-03-08,385,워크웨어,STYLE,1,1,1,0,71,37,1.4085
2026-03-09,385,워크웨어,STYLE,1,1,1,1,37,18,2.7027
2026-03-10,385,워크웨어,STYLE,1,1,1,0,28,22,3.5714
2026-03-15,385,워크웨어,STYLE,1,1,1,0,87,29,1.1494
2026-03-16,385,워크웨어,STYLE,1,1,1,1,83,23,1.2048
2026-03-22,385,워크웨어,STYLE,3,3,2,2,158,62,1.8987
2026-03-27,385,워크웨어,STYLE,1,1,1,0,124,47,0.8065
2026-04-01,385,워크웨어,STYLE,1,1,1,1,43,22,2.3256
2026-04-22,385,워크웨어,STYLE,1,1,1,1,63,26,1.5873
2026-04-27,385,워크웨어,STYLE,2,2,2,2,175,75,1.1429
2026-04-29,385,워크웨어,STYLE,1,1,1,1,54,16,1.8519
2026-05-06,385,워크웨어,STYLE,1,1,1,1,95,40,1.0526
2026-05-20,385,워크웨어,STYLE,1,1,1,1,244,80,0.4098
2026-05-21,385,워크웨어,STYLE,1,1,1,1,270,85,0.3704
2026-05-22,385,워크웨어,STYLE,1,1,1,1,227,77,0.4405
2026-05-28,385,워크웨어,STYLE,1,1,1,1,228,103,0.4386
2026-06-01,385,워크웨어,STYLE,1,1,1,1,360,160,0.2778
2026-06-07,385,워크웨어,STYLE,1,1,1,0,322,152,0.3106
2026-06-21,385,워크웨어,STYLE,1,1,1,1,550,205,0.1818
2026-07-10,385,워크웨어,STYLE,1,1,1,1,249,60,0.4016
2026-07-19,385,워크웨어,STYLE,1,1,1,0,670,210,0.1493
2026-07-30,385,워크웨어,STYLE,1,1,1,1,249,101,0.4016
2026-08-02,385,워크웨어,STYLE,1,1,1,1,250,101,0.4
2026-08-05,385,워크웨어,STYLE,1,1,1,1,302,135,0.3311
2026-08-14,385,워크웨어,STYLE,1,1,1,0,159,54,0.6289
2026-08-23,385,워크웨어,STYLE,1,1,1,0,472,218,0.2119
2026-08-25,385,워크웨어,STYLE,1,1,1,1,405,202,0.2469
2026-08-28,385,워크웨어,STYLE,5,5,3,1,414,157,1.2077
2026-08-30,385,워크웨어,STYLE,4,4,3,2,735,303,0.5442
2026-08-31,385,워크웨어,STYLE,1,1,1,0,714,321,0.1401
2026-09-01,385,워크웨어,STYLE,1,1,1,0,601,253,0.1664
2026-09-04,385,워크웨어,STYLE,1,1,1,0,482,221,0.2075
2026-09-05,385,워크웨어,STYLE,1,1,1,1,563,234,0.1776
2026-09-06,385,워크웨어,STYLE,1,1,1,0,858,363,0.1166
2026-09-07,385,워크웨어,STYLE,2,2,2,1,732,308,0.2732
2026-09-08,385,워크웨어,STYLE,1,1,1,0,248,112,0.4032
2026-06-14,536,워터파크,TPO,1,1,1,1,529,186,0.189
2026-07-18,536,워터파크,TPO,1,1,1,1,429,155,0.2331
2026-07-20,536,워터파크,TPO,1,1,1,0,386,140,0.2591
2026-07-31,536,워터파크,TPO,1,1,1,1,204,84,0.4902
2026-09-01,536,워터파크,TPO,1,1,1,1,601,253,0.1664
2025-09-28,557,인조가죽,MATERIAL,1,1,1,1,78,15,1.2821
2026-01-25,557,인조가죽,MATERIAL,1,1,1,0,20,15,5.0
2026-02-26,557,인조가죽,MATERIAL,1,1,1,0,56,33,1.7857
2026-03-09,557,인조가죽,MATERIAL,1,1,1,1,37,18,2.7027
2026-03-13,557,인조가죽,MATERIAL,1,1,1,0,26,18,3.8462
2026-03-20,557,인조가죽,MATERIAL,1,1,1,1,44,13,2.2727
2026-04-18,557,인조가죽,MATERIAL,1,1,1,1,168,63,0.5952
2026-04-23,557,인조가죽,MATERIAL,1,1,1,0,116,64,0.8621
2026-05-11,557,인조가죽,MATERIAL,4,4,1,1,111,47,3.6036
2026-05-28,557,인조가죽,MATERIAL,1,1,1,0,228,103,0.4386
2026-07-19,557,인조가죽,MATERIAL,1,1,1,1,670,210,0.1493
2026-07-21,557,인조가죽,MATERIAL,1,1,1,1,284,141,0.3521
2026-08-11,557,인조가죽,MATERIAL,1,1,1,0,383,116,0.2611
2026-08-15,557,인조가죽,MATERIAL,1,1,1,0,172,83,0.5814
2026-08-16,557,인조가죽,MATERIAL,2,2,2,0,232,98,0.8621
2026-08-18,557,인조가죽,MATERIAL,1,1,1,0,303,163,0.33
2026-08-23,557,인조가죽,MATERIAL,1,1,1,0,472,218,0.2119
2026-08-24,557,인조가죽,MATERIAL,1,1,1,0,592,293,0.1689
2026-09-03,557,인조가죽,MATERIAL,1,1,1,0,603,270,0.1658
2026-09-04,557,인조가죽,MATERIAL,2,2,1,1,482,221,0.4149
2026-09-06,557,인조가죽,MATERIAL,12,12,1,1,858,363,1.3986
2026-09-07,557,인조가죽,MATERIAL,3,3,2,1,732,308,0.4098
2026-09-08,557,인조가죽,MATERIAL,1,1,1,1,248,112,0.4032
2026-05-16,191,점프수트,ITEM,1,1,1,1,158,49,0.6329
2026-07-21,191,점프수트,ITEM,1,1,1,1,284,141,0.3521
2026-08-14,191,점프수트,ITEM,1,1,1,0,159,54,0.6289
2026-08-18,191,점프수트,ITEM,1,1,1,0,303,163,0.33
2026-03-16,386,젠더리스,STYLE,1,1,1,0,83,23,1.2048
2026-07-07,386,젠더리스,STYLE,1,1,1,0,203,85,0.4926
2026-08-24,386,젠더리스,STYLE,1,1,1,0,592,293,0.1689
2026-09-02,386,젠더리스,STYLE,1,1,1,0,502,221,0.1992
2026-09-05,386,젠더리스,STYLE,1,1,1,0,563,234,0.1776
2025-12-02,180,조거팬츠,ITEM,1,1,1,0,123,66,0.813
2025-12-05,180,조거팬츠,ITEM,2,2,1,1,88,46,2.2727
2025-12-08,180,조거팬츠,ITEM,1,1,1,0,42,28,2.381
2025-12-21,180,조거팬츠,ITEM,1,1,1,1,92,38,1.087
2026-01-24,180,조거팬츠,ITEM,2,2,2,1,62,34,3.2258
2026-06-06,180,조거팬츠,ITEM,1,1,1,1,336,108,0.2976
2026-08-09,180,조거팬츠,ITEM,1,1,1,0,265,116,0.3774
2026-08-10,180,조거팬츠,ITEM,1,1,1,1,244,105,0.4098
2026-08-24,180,조거팬츠,ITEM,1,1,1,1,592,293,0.1689
2026-09-01,180,조거팬츠,ITEM,1,1,1,1,601,253,0.1664
2025-09-01,745,지퍼여밈,DETAIL,1,1,1,0,68,41,1.4706
2025-09-27,745,지퍼여밈,DETAIL,1,1,1,0,92,35,1.087
2025-10-12,745,지퍼여밈,DETAIL,1,1,1,1,76,22,1.3158
2025-10-25,745,지퍼여밈,DETAIL,1,1,1,0,48,21,2.0833
2025-11-16,745,지퍼여밈,DETAIL,1,1,1,0,99,44,1.0101
2025-11-17,745,지퍼여밈,DETAIL,1,1,1,0,60,30,1.6667
2025-12-02,745,지퍼여밈,DETAIL,2,2,1,0,123,66,1.626
2025-12-03,745,지퍼여밈,DETAIL,1,1,1,0,93,52,1.0753
2025-12-21,745,지퍼여밈,DETAIL,1,1,1,1,92,38,1.087
2025-12-30,745,지퍼여밈,DETAIL,1,1,1,0,36,17,2.7778
2026-01-10,745,지퍼여밈,DETAIL,2,2,1,0,36,22,5.5556
2026-02-01,745,지퍼여밈,DETAIL,1,1,1,0,83,43,1.2048
2026-02-08,745,지퍼여밈,DETAIL,1,1,1,0,25,22,4.0
2026-03-01,745,지퍼여밈,DETAIL,2,2,2,2,144,46,1.3889
2026-03-06,745,지퍼여밈,DETAIL,2,2,1,0,203,70,0.9852
2026-03-14,745,지퍼여밈,DETAIL,1,1,1,0,37,12,2.7027
2026-03-18,745,지퍼여밈,DETAIL,1,1,1,0,70,45,1.4286
2026-03-19,745,지퍼여밈,DETAIL,1,1,1,0,89,60,1.1236
2026-03-31,745,지퍼여밈,DETAIL,2,2,1,1,70,26,2.8571
2026-04-20,745,지퍼여밈,DETAIL,1,1,1,1,238,90,0.4202
2026-05-20,745,지퍼여밈,DETAIL,1,1,1,1,244,80,0.4098
2026-05-23,745,지퍼여밈,DETAIL,1,1,1,0,331,93,0.3021
2026-05-26,745,지퍼여밈,DETAIL,1,1,1,1,189,90,0.5291
2026-06-02,745,지퍼여밈,DETAIL,1,1,1,0,224,100,0.4464
2026-06-07,745,지퍼여밈,DETAIL,1,1,1,0,322,152,0.3106
2026-06-14,745,지퍼여밈,DETAIL,1,1,1,1,529,186,0.189
2026-06-20,745,지퍼여밈,DETAIL,1,1,1,0,422,169,0.237
2026-07-12,745,지퍼여밈,DETAIL,2,2,2,1,314,141,0.6369
2026-07-13,745,지퍼여밈,DETAIL,1,1,1,0,382,151,0.2618
2026-07-19,745,지퍼여밈,DETAIL,1,1,1,1,670,210,0.1493
2026-08-03,745,지퍼여밈,DETAIL,1,1,1,0,257,111,0.3891
2026-08-10,745,지퍼여밈,DETAIL,1,1,1,1,244,105,0.4098
2026-08-13,745,지퍼여밈,DETAIL,1,1,1,0,223,94,0.4484
2026-08-17,745,지퍼여밈,DETAIL,1,1,1,0,543,223,0.1842
2026-08-19,745,지퍼여밈,DETAIL,1,1,1,1,219,95,0.4566
2026-08-20,745,지퍼여밈,DETAIL,2,2,1,0,236,110,0.8475
2026-08-24,745,지퍼여밈,DETAIL,1,1,1,0,592,293,0.1689
2026-08-25,745,지퍼여밈,DETAIL,1,1,1,0,405,202,0.2469
2026-08-28,745,지퍼여밈,DETAIL,1,1,1,0,414,157,0.2415
2026-08-30,745,지퍼여밈,DETAIL,2,2,2,2,735,303,0.2721
2026-08-31,745,지퍼여밈,DETAIL,4,4,3,2,714,321,0.5602
2026-09-01,745,지퍼여밈,DETAIL,3,3,2,0,601,253,0.4992
2026-09-02,745,지퍼여밈,DETAIL,2,2,2,1,502,221,0.3984
2026-09-03,745,지퍼여밈,DETAIL,2,2,2,2,603,270,0.3317
2026-09-04,745,지퍼여밈,DETAIL,3,3,2,2,482,221,0.6224
2026-09-05,745,지퍼여밈,DETAIL,2,2,2,2,563,234,0.3552
2026-09-06,745,지퍼여밈,DETAIL,1,1,1,0,858,363,0.1166
2026-09-07,745,지퍼여밈,DETAIL,2,2,2,0,732,308,0.2732
2026-09-08,745,지퍼여밈,DETAIL,1,1,1,1,248,112,0.4032
2026-03-16,744,지퍼포켓,DETAIL,1,1,1,0,83,23,1.2048
2026-06-23,464,체리레드,COLOR,2,2,1,1,401,171,0.4988
2026-08-11,464,체리레드,COLOR,1,1,1,1,383,116,0.2611
2026-05-12,769,체인장식,DETAIL,1,1,1,1,134,52,0.7463
2026-05-14,769,체인장식,DETAIL,1,1,1,1,271,108,0.369
2026-05-31,769,체인장식,DETAIL,1,1,1,1,354,109,0.2825
2026-06-03,769,체인장식,DETAIL,1,1,1,1,222,94,0.4505
2026-06-19,769,체인장식,DETAIL,1,1,1,1,510,170,0.1961
2026-07-01,769,체인장식,DETAIL,1,1,1,1,261,93,0.3831
2026-07-13,769,체인장식,DETAIL,1,1,1,1,382,151,0.2618
2026-07-21,769,체인장식,DETAIL,1,1,1,1,284,141,0.3521
2026-08-24,769,체인장식,DETAIL,1,1,1,0,592,293,0.1689
2025-11-17,197,첼시부츠,ITEM,1,1,1,0,60,30,1.6667
2026-02-08,197,첼시부츠,ITEM,1,1,1,0,25,22,4.0
2026-02-26,197,첼시부츠,ITEM,1,1,1,0,56,33,1.7857
2026-03-01,197,첼시부츠,ITEM,1,1,1,0,144,46,0.6944
2026-07-20,197,첼시부츠,ITEM,1,1,1,0,386,140,0.2591
2026-08-17,197,첼시부츠,ITEM,1,1,1,0,543,223,0.1842
2026-08-19,197,첼시부츠,ITEM,1,1,1,0,219,95,0.4566
2025-10-29,182,치노팬츠,ITEM,1,1,1,0,26,9,3.8462
2025-11-18,182,치노팬츠,ITEM,2,2,1,0,19,13,10.5263
2025-11-19,182,치노팬츠,ITEM,1,1,1,0,165,47,0.6061
2025-11-29,182,치노팬츠,ITEM,1,1,1,0,64,24,1.5625
2025-12-03,182,치노팬츠,ITEM,1,1,1,0,93,52,1.0753
2026-02-23,182,치노팬츠,ITEM,1,1,1,0,31,19,3.2258
2026-02-25,182,치노팬츠,ITEM,1,1,1,0,52,33,1.9231
2026-02-26,182,치노팬츠,ITEM,3,3,2,0,56,33,5.3571
2026-02-27,182,치노팬츠,ITEM,2,2,1,0,156,44,1.2821
2026-03-03,182,치노팬츠,ITEM,1,1,1,0,61,35,1.6393
2026-03-16,182,치노팬츠,ITEM,1,1,1,0,83,23,1.2048
2026-03-18,182,치노팬츠,ITEM,1,1,1,0,70,45,1.4286
2026-03-19,182,치노팬츠,ITEM,3,3,1,0,89,60,3.3708
2026-03-22,182,치노팬츠,ITEM,6,6,2,1,158,62,3.7975
2026-03-23,182,치노팬츠,ITEM,1,1,1,0,64,38,1.5625
2026-03-24,182,치노팬츠,ITEM,4,4,1,0,70,41,5.7143
2026-03-26,182,치노팬츠,ITEM,1,1,1,0,154,65,0.6494
2026-03-27,182,치노팬츠,ITEM,1,1,1,0,124,47,0.8065
2026-04-01,182,치노팬츠,ITEM,1,1,1,0,43,22,2.3256
2026-04-05,182,치노팬츠,ITEM,1,1,1,0,129,44,0.7752
2026-04-16,182,치노팬츠,ITEM,1,1,1,0,41,12,2.439
2026-04-19,182,치노팬츠,ITEM,5,5,1,0,286,115,1.7483
2026-05-11,182,치노팬츠,ITEM,8,8,2,1,111,47,7.2072
2026-05-12,182,치노팬츠,ITEM,4,4,1,0,134,52,2.9851
2026-05-13,182,치노팬츠,ITEM,4,4,2,1,137,56,2.9197
2026-05-14,182,치노팬츠,ITEM,1,1,1,0,271,108,0.369
2026-05-23,182,치노팬츠,ITEM,3,3,2,1,331,93,0.9063
2026-05-31,182,치노팬츠,ITEM,3,3,2,2,354,109,0.8475
2026-06-02,182,치노팬츠,ITEM,2,2,1,1,224,100,0.8929
2026-06-03,182,치노팬츠,ITEM,2,2,2,0,222,94,0.9009
2026-06-05,182,치노팬츠,ITEM,1,1,1,0,183,55,0.5464
2026-06-06,182,치노팬츠,ITEM,1,1,1,1,336,108,0.2976
2026-06-07,182,치노팬츠,ITEM,3,3,2,0,322,152,0.9317
2026-06-10,182,치노팬츠,ITEM,2,2,2,0,345,160,0.5797
2026-06-11,182,치노팬츠,ITEM,1,1,1,0,239,114,0.4184
2026-06-13,182,치노팬츠,ITEM,1,1,1,0,267,107,0.3745
2026-06-14,182,치노팬츠,ITEM,2,2,2,0,529,186,0.3781
2026-06-15,182,치노팬츠,ITEM,1,1,1,1,440,179,0.2273
2026-06-16,182,치노팬츠,ITEM,2,2,2,1,465,184,0.4301
2026-06-17,182,치노팬츠,ITEM,3,3,3,3,365,130,0.8219
2026-06-19,182,치노팬츠,ITEM,1,1,1,1,510,170,0.1961
2026-06-20,182,치노팬츠,ITEM,2,2,2,1,422,169,0.4739
2026-06-21,182,치노팬츠,ITEM,3,3,2,0,550,205,0.5455
2026-06-22,182,치노팬츠,ITEM,4,4,4,1,455,179,0.8791
2026-06-26,182,치노팬츠,ITEM,1,1,1,0,247,81,0.4049
2026-06-27,182,치노팬츠,ITEM,1,1,1,0,214,76,0.4673
2026-06-28,182,치노팬츠,ITEM,2,2,1,0,327,109,0.6116
2026-06-29,182,치노팬츠,ITEM,1,1,1,0,182,100,0.5495
2026-06-30,182,치노팬츠,ITEM,2,2,2,1,156,56,1.2821
2026-07-02,182,치노팬츠,ITEM,1,1,1,0,107,58,0.9346
2026-07-03,182,치노팬츠,ITEM,3,3,2,1,154,63,1.9481
2026-07-04,182,치노팬츠,ITEM,1,1,1,1,306,114,0.3268
2026-07-05,182,치노팬츠,ITEM,1,1,1,0,295,122,0.339
2026-07-06,182,치노팬츠,ITEM,1,1,1,0,204,85,0.4902
2026-07-12,182,치노팬츠,ITEM,2,2,2,1,314,141,0.6369
2026-07-13,182,치노팬츠,ITEM,4,4,3,0,382,151,1.0471
2026-07-14,182,치노팬츠,ITEM,1,1,1,0,267,89,0.3745
2026-07-15,182,치노팬츠,ITEM,1,1,1,0,265,87,0.3774
2026-07-19,182,치노팬츠,ITEM,1,1,1,0,670,210,0.1493
2026-07-21,182,치노팬츠,ITEM,1,1,1,1,284,141,0.3521
2026-07-22,182,치노팬츠,ITEM,1,1,1,0,244,112,0.4098
2026-07-24,182,치노팬츠,ITEM,1,1,1,1,233,80,0.4292
2026-07-26,182,치노팬츠,ITEM,4,4,3,2,338,132,1.1834
2026-07-27,182,치노팬츠,ITEM,2,2,2,0,392,161,0.5102
2026-07-29,182,치노팬츠,ITEM,1,1,1,0,238,113,0.4202
2026-08-02,182,치노팬츠,ITEM,2,2,1,1,250,101,0.8
2026-08-04,182,치노팬츠,ITEM,2,2,2,0,225,88,0.8889
2026-08-05,182,치노팬츠,ITEM,1,1,1,0,302,135,0.3311
2026-08-06,182,치노팬츠,ITEM,4,4,2,1,284,112,1.4085
2026-08-07,182,치노팬츠,ITEM,3,3,3,0,151,70,1.9868
2026-08-10,182,치노팬츠,ITEM,2,2,1,1,244,105,0.8197
2026-08-12,182,치노팬츠,ITEM,1,1,1,0,194,92,0.5155
2026-08-13,182,치노팬츠,ITEM,1,1,1,0,223,94,0.4484
2026-08-15,182,치노팬츠,ITEM,1,1,1,0,172,83,0.5814
2026-08-18,182,치노팬츠,ITEM,1,1,1,0,303,163,0.33
2026-08-19,182,치노팬츠,ITEM,1,1,1,0,219,95,0.4566
2026-08-21,182,치노팬츠,ITEM,2,2,2,0,235,105,0.8511
2026-08-22,182,치노팬츠,ITEM,1,1,1,1,275,117,0.3636
2026-08-23,182,치노팬츠,ITEM,2,2,2,1,472,218,0.4237
2026-08-24,182,치노팬츠,ITEM,2,2,2,1,592,293,0.3378
2026-08-26,182,치노팬츠,ITEM,4,4,1,1,424,195,0.9434
2026-08-27,182,치노팬츠,ITEM,2,2,2,0,330,161,0.6061
2026-08-28,182,치노팬츠,ITEM,3,3,3,2,414,157,0.7246
2026-08-29,182,치노팬츠,ITEM,3,3,2,0,316,144,0.9494
2026-08-30,182,치노팬츠,ITEM,12,12,4,2,735,303,1.6327
2026-08-31,182,치노팬츠,ITEM,8,8,3,0,714,321,1.1204
2026-09-01,182,치노팬츠,ITEM,11,11,5,1,601,253,1.8303
2026-09-02,182,치노팬츠,ITEM,1,1,1,1,502,221,0.1992
2026-09-03,182,치노팬츠,ITEM,2,2,1,0,603,270,0.3317
2026-09-05,182,치노팬츠,ITEM,9,9,5,2,563,234,1.5986
2026-09-06,182,치노팬츠,ITEM,4,4,4,1,858,363,0.4662
2026-09-07,182,치노팬츠,ITEM,4,4,2,1,732,308,0.5464
2026-09-09,182,치노팬츠,ITEM,1,1,1,1,170,7,0.5882
2025-11-03,183,카고팬츠,ITEM,1,1,1,1,51,15,1.9608
2025-11-17,183,카고팬츠,ITEM,2,2,1,0,60,30,3.3333
2026-03-01,183,카고팬츠,ITEM,1,1,1,1,144,46,0.6944
2026-03-05,183,카고팬츠,ITEM,1,1,1,1,64,22,1.5625
2026-03-16,183,카고팬츠,ITEM,1,1,1,1,83,23,1.2048
2026-04-19,183,카고팬츠,ITEM,1,1,1,1,286,115,0.3497
2026-04-24,183,카고팬츠,ITEM,1,1,1,0,49,31,2.0408
2026-05-14,183,카고팬츠,ITEM,1,1,1,1,271,108,0.369
2026-05-18,183,카고팬츠,ITEM,1,1,1,0,146,74,0.6849
2026-05-20,183,카고팬츠,ITEM,25,25,1,1,244,80,10.2459
2026-05-21,183,카고팬츠,ITEM,13,13,3,2,270,85,4.8148
2026-05-22,183,카고팬츠,ITEM,9,9,4,1,227,77,3.9648
2026-05-23,183,카고팬츠,ITEM,6,6,3,1,331,93,1.8127
2026-05-24,183,카고팬츠,ITEM,3,3,3,1,297,121,1.0101
2026-05-25,183,카고팬츠,ITEM,2,2,1,0,400,155,0.5
2026-05-26,183,카고팬츠,ITEM,1,1,1,1,189,90,0.5291
2026-05-27,183,카고팬츠,ITEM,3,3,2,1,222,83,1.3514
2026-05-28,183,카고팬츠,ITEM,1,1,1,1,228,103,0.4386
2026-05-29,183,카고팬츠,ITEM,1,1,1,1,188,59,0.5319
2026-05-31,183,카고팬츠,ITEM,1,1,1,1,354,109,0.2825
2026-06-01,183,카고팬츠,ITEM,1,1,1,0,360,160,0.2778
2026-06-02,183,카고팬츠,ITEM,1,1,1,0,224,100,0.4464
2026-06-03,183,카고팬츠,ITEM,1,1,1,0,222,94,0.4505
2026-06-06,183,카고팬츠,ITEM,2,2,1,1,336,108,0.5952
2026-06-07,183,카고팬츠,ITEM,2,2,1,1,322,152,0.6211
2026-06-17,183,카고팬츠,ITEM,1,1,1,1,365,130,0.274
2026-06-18,183,카고팬츠,ITEM,1,1,1,0,286,139,0.3497
2026-06-19,183,카고팬츠,ITEM,1,1,1,1,510,170,0.1961
2026-06-20,183,카고팬츠,ITEM,2,2,2,1,422,169,0.4739
2026-06-21,183,카고팬츠,ITEM,2,2,2,2,550,205,0.3636
2026-06-23,183,카고팬츠,ITEM,2,2,1,1,401,171,0.4988
2026-06-28,183,카고팬츠,ITEM,1,1,1,1,327,109,0.3058
2026-06-30,183,카고팬츠,ITEM,1,1,1,0,156,56,0.641
2026-07-01,183,카고팬츠,ITEM,2,2,2,0,261,93,0.7663
2026-07-02,183,카고팬츠,ITEM,1,1,1,0,107,58,0.9346
2026-07-03,183,카고팬츠,ITEM,1,1,1,0,154,63,0.6494
2026-07-04,183,카고팬츠,ITEM,1,1,1,1,306,114,0.3268
2026-07-05,183,카고팬츠,ITEM,1,1,1,1,295,122,0.339
2026-07-10,183,카고팬츠,ITEM,2,2,2,2,249,60,0.8032
2026-07-12,183,카고팬츠,ITEM,2,2,2,1,314,141,0.6369
2026-07-13,183,카고팬츠,ITEM,2,2,2,0,382,151,0.5236
2026-07-15,183,카고팬츠,ITEM,1,1,1,1,265,87,0.3774
2026-07-16,183,카고팬츠,ITEM,2,2,1,1,179,58,1.1173
2026-07-20,183,카고팬츠,ITEM,1,1,1,1,386,140,0.2591
2026-07-21,183,카고팬츠,ITEM,3,3,2,0,284,141,1.0563
2026-07-24,183,카고팬츠,ITEM,4,4,3,3,233,80,1.7167
2026-07-28,183,카고팬츠,ITEM,1,1,1,0,262,125,0.3817
2026-07-30,183,카고팬츠,ITEM,1,1,1,0,249,101,0.4016
2026-08-01,183,카고팬츠,ITEM,1,1,1,0,277,115,0.361
2026-08-11,183,카고팬츠,ITEM,2,2,2,2,383,116,0.5222
2026-08-13,183,카고팬츠,ITEM,1,1,1,1,223,94,0.4484
2026-08-14,183,카고팬츠,ITEM,2,2,2,0,159,54,1.2579
2026-08-16,183,카고팬츠,ITEM,1,1,1,1,232,98,0.431
2026-08-24,183,카고팬츠,ITEM,1,1,1,0,592,293,0.1689
2026-08-25,183,카고팬츠,ITEM,3,3,2,0,405,202,0.7407
2026-08-27,183,카고팬츠,ITEM,1,1,1,0,330,161,0.303
2026-08-28,183,카고팬츠,ITEM,1,1,1,0,414,157,0.2415
2026-08-31,183,카고팬츠,ITEM,1,1,1,0,714,321,0.1401
2026-09-01,183,카고팬츠,ITEM,3,3,2,1,601,253,0.4992
2026-09-04,183,카고팬츠,ITEM,2,2,2,1,482,221,0.4149
2026-09-05,183,카고팬츠,ITEM,1,1,1,1,563,234,0.1776
2026-09-07,183,카고팬츠,ITEM,5,5,1,0,732,308,0.6831
2026-09-09,183,카고팬츠,ITEM,2,2,2,2,170,7,1.1765
2025-09-19,738,카고포켓,DETAIL,1,1,1,1,106,25,0.9434
2025-09-24,738,카고포켓,DETAIL,1,1,1,1,43,14,2.3256
2025-09-28,738,카고포켓,DETAIL,1,1,1,1,78,15,1.2821
2026-03-16,738,카고포켓,DETAIL,1,1,1,1,83,23,1.2048
2026-04-10,738,카고포켓,DETAIL,1,1,1,0,37,22,2.7027
2026-04-19,738,카고포켓,DETAIL,1,1,1,1,286,115,0.3497
2026-05-14,738,카고포켓,DETAIL,1,1,1,1,271,108,0.369
2026-05-20,738,카고포켓,DETAIL,1,1,1,1,244,80,0.4098
2026-05-21,738,카고포켓,DETAIL,2,2,2,2,270,85,0.7407
2026-05-22,738,카고포켓,DETAIL,1,1,1,1,227,77,0.4405
2026-05-23,738,카고포켓,DETAIL,1,1,1,1,331,93,0.3021
2026-05-24,738,카고포켓,DETAIL,1,1,1,1,297,121,0.3367
2026-05-26,738,카고포켓,DETAIL,1,1,1,1,189,90,0.5291
2026-05-27,738,카고포켓,DETAIL,1,1,1,1,222,83,0.4505
2026-05-31,738,카고포켓,DETAIL,1,1,1,1,354,109,0.2825
2026-06-01,738,카고포켓,DETAIL,1,1,1,1,360,160,0.2778
2026-06-03,738,카고포켓,DETAIL,1,1,1,1,222,94,0.4505
2026-06-05,738,카고포켓,DETAIL,1,1,1,1,183,55,0.5464
2026-06-06,738,카고포켓,DETAIL,1,1,1,1,336,108,0.2976
2026-06-07,738,카고포켓,DETAIL,2,2,1,1,322,152,0.6211
2026-06-12,738,카고포켓,DETAIL,1,1,1,1,352,114,0.2841
2026-06-14,738,카고포켓,DETAIL,1,1,1,1,529,186,0.189
2026-06-17,738,카고포켓,DETAIL,2,2,2,2,365,130,0.5479
2026-06-19,738,카고포켓,DETAIL,1,1,1,1,510,170,0.1961
2026-06-23,738,카고포켓,DETAIL,1,1,1,1,401,171,0.2494
2026-06-24,738,카고포켓,DETAIL,1,1,1,0,369,145,0.271
2026-06-28,738,카고포켓,DETAIL,1,1,1,1,327,109,0.3058
2026-07-02,738,카고포켓,DETAIL,1,1,1,0,107,58,0.9346
2026-07-04,738,카고포켓,DETAIL,1,1,1,1,306,114,0.3268
2026-07-05,738,카고포켓,DETAIL,1,1,1,1,295,122,0.339
2026-07-10,738,카고포켓,DETAIL,1,1,1,1,249,60,0.4016
2026-07-12,738,카고포켓,DETAIL,1,1,1,1,314,141,0.3185
2026-07-15,738,카고포켓,DETAIL,1,1,1,1,265,87,0.3774
2026-07-16,738,카고포켓,DETAIL,1,1,1,1,179,58,0.5587
2026-07-19,738,카고포켓,DETAIL,1,1,1,1,670,210,0.1493
2026-07-24,738,카고포켓,DETAIL,2,2,2,2,233,80,0.8584
2026-07-28,738,카고포켓,DETAIL,1,1,1,0,262,125,0.3817
2026-08-02,738,카고포켓,DETAIL,1,1,1,1,250,101,0.4
2026-08-11,738,카고포켓,DETAIL,1,1,1,1,383,116,0.2611
2026-08-13,738,카고포켓,DETAIL,1,1,1,1,223,94,0.4484
2026-08-31,738,카고포켓,DETAIL,1,1,1,1,714,321,0.1401
2026-09-04,738,카고포켓,DETAIL,1,1,1,1,482,221,0.2075
2026-09-05,738,카고포켓,DETAIL,1,1,1,1,563,234,0.1776
2026-09-09,738,카고포켓,DETAIL,1,1,1,1,170,7,0.5882
2026-06-18,243,카라비너,ITEM,1,1,1,0,286,139,0.3497
2026-07-31,243,카라비너,ITEM,1,1,1,1,204,84,0.4902
2025-09-26,599,캐시미어,MATERIAL,1,1,1,1,76,18,1.3158
2025-10-03,599,캐시미어,MATERIAL,1,1,1,1,103,20,0.9709
2025-10-10,599,캐시미어,MATERIAL,1,1,1,1,80,23,1.25
2025-10-24,599,캐시미어,MATERIAL,2,2,1,1,96,19,2.0833
2025-10-26,599,캐시미어,MATERIAL,1,1,1,0,63,15,1.5873
2025-10-31,599,캐시미어,MATERIAL,5,5,1,1,66,25,7.5758
2025-11-01,599,캐시미어,MATERIAL,1,1,1,0,41,19,2.439
2025-11-02,599,캐시미어,MATERIAL,3,3,1,0,86,23,3.4884
2025-11-06,599,캐시미어,MATERIAL,2,2,1,0,32,11,6.25
2025-11-07,599,캐시미어,MATERIAL,5,5,1,1,95,32,5.2632
2025-11-08,599,캐시미어,MATERIAL,9,9,1,0,74,32,12.1622
2025-11-09,599,캐시미어,MATERIAL,2,2,1,0,76,21,2.6316
2025-11-10,599,캐시미어,MATERIAL,1,1,1,0,34,16,2.9412
2025-11-11,599,캐시미어,MATERIAL,3,3,1,0,21,8,14.2857
2025-11-12,599,캐시미어,MATERIAL,1,1,1,0,33,12,3.0303
2025-11-13,599,캐시미어,MATERIAL,1,1,1,0,13,7,7.6923
2025-11-14,599,캐시미어,MATERIAL,1,1,1,1,73,20,1.3699
2025-11-19,599,캐시미어,MATERIAL,2,2,1,1,165,47,1.2121
2025-11-21,599,캐시미어,MATERIAL,1,1,1,1,127,48,0.7874
2025-11-28,599,캐시미어,MATERIAL,1,1,1,0,80,32,1.25
2025-12-02,599,캐시미어,MATERIAL,1,1,1,1,123,66,0.813
2025-12-04,599,캐시미어,MATERIAL,1,1,1,0,67,41,1.4925
2025-12-05,599,캐시미어,MATERIAL,3,3,1,0,88,46,3.4091
2025-12-07,599,캐시미어,MATERIAL,2,2,2,1,120,49,1.6667
2025-12-08,599,캐시미어,MATERIAL,1,1,1,0,42,28,2.381
2025-12-11,599,캐시미어,MATERIAL,1,1,1,0,33,17,3.0303
2025-12-24,599,캐시미어,MATERIAL,1,1,1,0,22,11,4.5455
2026-01-02,599,캐시미어,MATERIAL,1,1,1,0,103,31,0.9709
2026-01-16,599,캐시미어,MATERIAL,1,1,1,1,108,22,0.9259
2026-01-29,599,캐시미어,MATERIAL,1,1,1,1,60,12,1.6667
2026-02-20,599,캐시미어,MATERIAL,1,1,1,1,152,39,0.6579
2026-02-27,599,캐시미어,MATERIAL,2,2,2,0,156,44,1.2821
2026-03-01,599,캐시미어,MATERIAL,1,1,1,1,144,46,0.6944
2026-03-16,599,캐시미어,MATERIAL,1,1,1,1,83,23,1.2048
2026-03-17,599,캐시미어,MATERIAL,1,1,1,0,76,20,1.3158
2026-04-19,599,캐시미어,MATERIAL,1,1,1,0,286,115,0.3497
2026-04-20,599,캐시미어,MATERIAL,1,1,1,0,238,90,0.4202
2026-04-27,599,캐시미어,MATERIAL,1,1,1,1,175,75,0.5714
2026-05-09,599,캐시미어,MATERIAL,1,1,1,0,71,29,1.4085
2026-06-12,599,캐시미어,MATERIAL,1,1,1,0,352,114,0.2841
2026-06-14,599,캐시미어,MATERIAL,1,1,1,0,529,186,0.189
2026-06-16,599,캐시미어,MATERIAL,1,1,1,1,465,184,0.2151
2026-06-17,599,캐시미어,MATERIAL,1,1,1,1,365,130,0.274
2026-06-18,599,캐시미어,MATERIAL,1,1,1,0,286,139,0.3497
2026-07-18,599,캐시미어,MATERIAL,3,3,1,0,429,155,0.6993
2026-07-19,599,캐시미어,MATERIAL,1,1,1,1,670,210,0.1493
2026-07-20,599,캐시미어,MATERIAL,3,3,2,2,386,140,0.7772
2026-07-22,599,캐시미어,MATERIAL,1,1,1,1,244,112,0.4098
2026-07-24,599,캐시미어,MATERIAL,1,1,1,0,233,80,0.4292
2026-08-16,599,캐시미어,MATERIAL,1,1,1,1,232,98,0.431
2026-08-17,599,캐시미어,MATERIAL,1,1,1,0,543,223,0.1842
2026-08-27,599,캐시미어,MATERIAL,1,1,1,0,330,161,0.303
2026-08-31,599,캐시미어,MATERIAL,2,2,2,1,714,321,0.2801
2026-09-02,599,캐시미어,MATERIAL,1,1,1,1,502,221,0.1992
2026-09-04,599,캐시미어,MATERIAL,1,1,1,0,482,221,0.2075
2026-09-05,599,캐시미어,MATERIAL,1,1,1,0,563,234,0.1776
2026-09-06,599,캐시미어,MATERIAL,2,2,2,1,858,363,0.2331
2025-12-19,690,컬러블록,DETAIL,1,1,1,0,67,36,1.4925
2026-05-31,690,컬러블록,DETAIL,2,2,1,0,354,109,0.565
2026-06-02,690,컬러블록,DETAIL,1,1,1,0,224,100,0.4464
2026-06-21,690,컬러블록,DETAIL,1,1,1,1,550,205,0.1818
2026-06-22,690,컬러블록,DETAIL,2,2,1,1,455,179,0.4396
2026-07-09,690,컬러블록,DETAIL,1,1,1,1,161,62,0.6211
2026-07-17,690,컬러블록,DETAIL,1,1,1,1,332,101,0.3012
2026-07-21,690,컬러블록,DETAIL,1,1,1,1,284,141,0.3521
2026-07-31,690,컬러블록,DETAIL,1,1,1,1,204,84,0.4902
2026-08-19,690,컬러블록,DETAIL,1,1,1,1,219,95,0.4566
2026-08-21,690,컬러블록,DETAIL,1,1,1,1,235,105,0.4255
2026-08-25,690,컬러블록,DETAIL,1,1,1,0,405,202,0.2469
2026-08-30,690,컬러블록,DETAIL,1,1,1,1,735,303,0.1361
2026-03-22,698,컴포트핏,DETAIL,1,1,1,0,158,62,0.6329
2026-06-14,698,컴포트핏,DETAIL,1,1,1,1,529,186,0.189
2026-07-24,698,컴포트핏,DETAIL,2,2,1,1,233,80,0.8584
2026-08-10,698,컴포트핏,DETAIL,1,1,1,0,244,105,0.4098
2026-08-17,698,컴포트핏,DETAIL,1,1,1,0,543,223,0.1842
2025-09-15,550,코듀로이,MATERIAL,4,4,1,0,110,52,3.6364
2025-09-16,550,코듀로이,MATERIAL,5,5,1,0,108,47,4.6296
2025-09-19,550,코듀로이,MATERIAL,1,1,1,0,106,25,0.9434
2025-09-21,550,코듀로이,MATERIAL,1,1,1,0,55,12,1.8182
2025-10-02,550,코듀로이,MATERIAL,1,1,1,0,20,8,5.0
2025-10-24,550,코듀로이,MATERIAL,8,8,2,1,96,19,8.3333
2025-10-25,550,코듀로이,MATERIAL,9,9,1,0,48,21,18.75
2025-10-26,550,코듀로이,MATERIAL,6,6,1,0,63,15,9.5238
2025-10-27,550,코듀로이,MATERIAL,3,3,1,0,24,12,12.5
2025-10-28,550,코듀로이,MATERIAL,5,5,1,0,27,11,18.5185
2025-10-29,550,코듀로이,MATERIAL,2,2,1,0,26,9,7.6923
2025-10-30,550,코듀로이,MATERIAL,6,6,1,0,17,10,35.2941
2025-11-08,550,코듀로이,MATERIAL,1,1,1,0,74,32,1.3514
2025-11-21,550,코듀로이,MATERIAL,1,1,1,1,127,48,0.7874
2025-12-03,550,코듀로이,MATERIAL,3,3,1,0,93,52,3.2258
2025-12-04,550,코듀로이,MATERIAL,2,2,1,0,67,41,2.9851
2025-12-05,550,코듀로이,MATERIAL,2,2,1,0,88,46,2.2727
2025-12-06,550,코듀로이,MATERIAL,5,5,1,0,91,53,5.4945
2025-12-09,550,코듀로이,MATERIAL,1,1,1,0,10,6,10.0
2025-12-19,550,코듀로이,MATERIAL,1,1,1,0,67,36,1.4925
2025-12-21,550,코듀로이,MATERIAL,1,1,1,1,92,38,1.087
2026-01-02,550,코듀로이,MATERIAL,1,1,1,0,103,31,0.9709
2026-01-17,550,코듀로이,MATERIAL,1,1,1,0,143,78,0.6993
2026-01-18,550,코듀로이,MATERIAL,1,1,1,0,53,29,1.8868
2026-02-01,550,코듀로이,MATERIAL,3,3,1,0,83,43,3.6145
2026-02-06,550,코듀로이,MATERIAL,3,3,1,0,65,32,4.6154
2026-02-24,550,코듀로이,MATERIAL,2,2,1,0,63,32,3.1746
2026-02-25,550,코듀로이,MATERIAL,2,2,2,0,52,33,3.8462
2026-02-26,550,코듀로이,MATERIAL,1,1,1,0,56,33,1.7857
2026-03-01,550,코듀로이,MATERIAL,1,1,1,1,144,46,0.6944
2026-03-09,550,코듀로이,MATERIAL,1,1,1,1,37,18,2.7027
2026-04-29,550,코듀로이,MATERIAL,1,1,1,1,54,16,1.8519
2026-05-14,550,코듀로이,MATERIAL,6,6,1,1,271,108,2.214
2026-05-15,550,코듀로이,MATERIAL,8,8,1,0,177,75,4.5198
2026-05-16,550,코듀로이,MATERIAL,1,1,1,0,158,49,0.6329
2026-05-17,550,코듀로이,MATERIAL,3,3,1,0,166,82,1.8072
2026-05-28,550,코듀로이,MATERIAL,1,1,1,0,228,103,0.4386
2026-07-10,550,코듀로이,MATERIAL,1,1,1,1,249,60,0.4016
2026-07-19,550,코듀로이,MATERIAL,1,1,1,1,670,210,0.1493
2026-07-20,550,코듀로이,MATERIAL,1,1,1,0,386,140,0.2591
2026-08-06,550,코듀로이,MATERIAL,1,1,1,0,284,112,0.3521
2026-08-07,550,코듀로이,MATERIAL,1,1,1,0,151,70,0.6623
2026-08-16,550,코듀로이,MATERIAL,2,2,1,1,232,98,0.8621
2026-08-22,550,코듀로이,MATERIAL,1,1,1,0,275,117,0.3636
2026-08-24,550,코듀로이,MATERIAL,1,1,1,1,592,293,0.1689
2026-08-26,550,코듀로이,MATERIAL,1,1,1,0,424,195,0.2358
2026-09-06,550,코듀로이,MATERIAL,2,2,1,1,858,363,0.2331
2026-09-07,550,코듀로이,MATERIAL,11,11,2,1,732,308,1.5027
2026-09-08,550,코듀로이,MATERIAL,4,4,2,1,248,112,1.6129
2026-09-09,550,코듀로이,MATERIAL,1,1,1,1,170,7,0.5882
2026-03-19,167,코치재킷,ITEM,1,1,1,0,89,60,1.1236
2026-07-10,167,코치재킷,ITEM,1,1,1,1,249,60,0.4016
2026-08-24,167,코치재킷,ITEM,1,1,1,1,592,293,0.1689
2026-09-05,167,코치재킷,ITEM,1,1,1,0,563,234,0.1776
2026-09-06,167,코치재킷,ITEM,1,1,1,0,858,363,0.1166
2026-05-22,185,큐롯팬츠,ITEM,1,1,1,0,227,77,0.4405
2025-09-02,229,크로스백,ITEM,1,1,1,0,36,20,2.7778
2025-09-03,229,크로스백,ITEM,1,1,1,0,18,10,5.5556
2025-09-12,229,크로스백,ITEM,1,1,1,1,61,22,1.6393
2025-10-17,229,크로스백,ITEM,1,1,1,1,45,13,2.2222
2025-10-19,229,크로스백,ITEM,1,1,1,0,46,13,2.1739
2026-01-09,229,크로스백,ITEM,2,2,1,1,48,18,4.1667
2026-01-23,229,크로스백,ITEM,2,2,1,1,61,26,3.2787
2026-01-24,229,크로스백,ITEM,1,1,1,0,62,34,1.6129
2026-01-26,229,크로스백,ITEM,1,1,1,0,7,6,14.2857
2026-01-30,229,크로스백,ITEM,2,2,1,0,30,17,6.6667
2026-02-06,229,크로스백,ITEM,1,1,1,1,65,32,1.5385
2026-02-07,229,크로스백,ITEM,1,1,1,0,115,57,0.8696
2026-02-21,229,크로스백,ITEM,1,1,1,0,32,19,3.125
2026-03-15,229,크로스백,ITEM,1,1,1,1,87,29,1.1494
2026-04-17,229,크로스백,ITEM,2,2,1,1,22,9,9.0909
2026-04-19,229,크로스백,ITEM,1,1,1,0,286,115,0.3497
2026-04-20,229,크로스백,ITEM,1,1,1,0,238,90,0.4202
2026-05-14,229,크로스백,ITEM,1,1,1,1,271,108,0.369
2026-05-23,229,크로스백,ITEM,1,1,1,0,331,93,0.3021
2026-05-29,229,크로스백,ITEM,1,1,1,0,188,59,0.5319
2026-05-30,229,크로스백,ITEM,1,1,1,0,234,83,0.4274
2026-06-12,229,크로스백,ITEM,1,1,1,0,352,114,0.2841
2026-06-14,229,크로스백,ITEM,1,1,1,0,529,186,0.189
2026-06-15,229,크로스백,ITEM,1,1,1,1,440,179,0.2273
2026-06-19,229,크로스백,ITEM,2,2,2,0,510,170,0.3922
2026-06-28,229,크로스백,ITEM,1,1,1,0,327,109,0.3058
2026-06-29,229,크로스백,ITEM,1,1,1,0,182,100,0.5495
2026-07-01,229,크로스백,ITEM,2,2,2,2,261,93,0.7663
2026-07-03,229,크로스백,ITEM,6,6,1,1,154,63,3.8961
2026-07-04,229,크로스백,ITEM,4,4,2,0,306,114,1.3072
2026-07-05,229,크로스백,ITEM,1,1,1,0,295,122,0.339
2026-07-06,229,크로스백,ITEM,1,1,1,0,204,85,0.4902
2026-07-08,229,크로스백,ITEM,1,1,1,0,112,58,0.8929
2026-07-11,229,크로스백,ITEM,1,1,1,0,174,63,0.5747
2026-07-15,229,크로스백,ITEM,1,1,1,0,265,87,0.3774
2026-07-23,229,크로스백,ITEM,1,1,1,1,243,86,0.4115
2026-07-26,229,크로스백,ITEM,1,1,1,1,338,132,0.2959
2026-08-02,229,크로스백,ITEM,1,1,1,1,250,101,0.4
2026-08-09,229,크로스백,ITEM,1,1,1,0,265,116,0.3774
2026-08-11,229,크로스백,ITEM,2,2,1,1,383,116,0.5222
2026-08-12,229,크로스백,ITEM,1,1,1,0,194,92,0.5155
2026-08-13,229,크로스백,ITEM,1,1,1,0,223,94,0.4484
2026-08-15,229,크로스백,ITEM,1,1,1,0,172,83,0.5814
2026-08-18,229,크로스백,ITEM,1,1,1,0,303,163,0.33
2026-08-23,229,크로스백,ITEM,1,1,1,0,472,218,0.2119
2026-08-24,229,크로스백,ITEM,2,2,2,0,592,293,0.3378
2026-09-02,229,크로스백,ITEM,7,7,2,2,502,221,1.3944
2026-09-03,229,크로스백,ITEM,2,2,1,0,603,270,0.3317
2026-09-05,229,크로스백,ITEM,1,1,1,0,563,234,0.1776
2026-09-09,229,크로스백,ITEM,1,1,1,1,170,7,0.5882
2026-01-02,611,크롭기장,DETAIL,1,1,1,1,103,31,0.9709
2026-03-08,611,크롭기장,DETAIL,1,1,1,1,71,37,1.4085
2026-03-16,611,크롭기장,DETAIL,1,1,1,1,83,23,1.2048
2026-04-10,611,크롭기장,DETAIL,1,1,1,0,37,22,2.7027
2026-04-27,611,크롭기장,DETAIL,4,4,1,1,175,75,2.2857
2026-05-03,611,크롭기장,DETAIL,2,2,2,1,150,45,1.3333
2026-05-05,611,크롭기장,DETAIL,4,4,2,2,121,55,3.3058
2026-05-11,611,크롭기장,DETAIL,2,2,2,2,111,47,1.8018
2026-05-12,611,크롭기장,DETAIL,4,4,4,1,134,52,2.9851
2026-05-13,611,크롭기장,DETAIL,9,9,1,1,137,56,6.5693
2026-05-14,611,크롭기장,DETAIL,2,2,2,1,271,108,0.738
2026-05-15,611,크롭기장,DETAIL,2,2,1,0,177,75,1.1299
2026-05-16,611,크롭기장,DETAIL,2,2,1,0,158,49,1.2658
2026-05-17,611,크롭기장,DETAIL,2,2,1,1,166,82,1.2048
2026-05-22,611,크롭기장,DETAIL,1,1,1,0,227,77,0.4405
2026-05-25,611,크롭기장,DETAIL,2,2,1,1,400,155,0.5
2026-05-26,611,크롭기장,DETAIL,2,2,1,1,189,90,1.0582
2026-05-27,611,크롭기장,DETAIL,5,5,3,2,222,83,2.2523
2026-05-28,611,크롭기장,DETAIL,3,3,1,1,228,103,1.3158
2026-05-29,611,크롭기장,DETAIL,2,2,1,1,188,59,1.0638
2026-05-30,611,크롭기장,DETAIL,1,1,1,0,234,83,0.4274
2026-06-01,611,크롭기장,DETAIL,1,1,1,0,360,160,0.2778
2026-06-02,611,크롭기장,DETAIL,1,1,1,1,224,100,0.4464
2026-06-03,611,크롭기장,DETAIL,1,1,1,1,222,94,0.4505
2026-06-06,611,크롭기장,DETAIL,4,4,2,2,336,108,1.1905
2026-06-07,611,크롭기장,DETAIL,6,6,3,2,322,152,1.8634
2026-06-08,611,크롭기장,DETAIL,2,2,2,2,380,152,0.5263
2026-06-10,611,크롭기장,DETAIL,2,2,1,0,345,160,0.5797
2026-06-14,611,크롭기장,DETAIL,3,3,1,1,529,186,0.5671
2026-06-16,611,크롭기장,DETAIL,3,3,3,3,465,184,0.6452
2026-06-17,611,크롭기장,DETAIL,5,5,3,1,365,130,1.3699
2026-06-18,611,크롭기장,DETAIL,1,1,1,1,286,139,0.3497
2026-06-19,611,크롭기장,DETAIL,1,1,1,1,510,170,0.1961
2026-06-20,611,크롭기장,DETAIL,1,1,1,1,422,169,0.237
2026-06-21,611,크롭기장,DETAIL,3,3,2,1,550,205,0.5455
2026-06-22,611,크롭기장,DETAIL,1,1,1,1,455,179,0.2198
2026-06-23,611,크롭기장,DETAIL,5,5,4,3,401,171,1.2469
2026-06-25,611,크롭기장,DETAIL,1,1,1,1,162,75,0.6173
2026-06-26,611,크롭기장,DETAIL,1,1,1,1,247,81,0.4049
2026-06-27,611,크롭기장,DETAIL,1,1,1,1,214,76,0.4673
2026-06-28,611,크롭기장,DETAIL,1,1,1,0,327,109,0.3058
2026-07-01,611,크롭기장,DETAIL,2,2,2,2,261,93,0.7663
2026-07-04,611,크롭기장,DETAIL,2,2,1,1,306,114,0.6536
2026-07-05,611,크롭기장,DETAIL,6,6,1,1,295,122,2.0339
2026-07-06,611,크롭기장,DETAIL,2,2,1,0,204,85,0.9804
2026-07-07,611,크롭기장,DETAIL,1,1,1,0,203,85,0.4926
2026-07-10,611,크롭기장,DETAIL,1,1,1,1,249,60,0.4016
2026-07-18,611,크롭기장,DETAIL,3,3,2,2,429,155,0.6993
2026-07-19,611,크롭기장,DETAIL,3,3,3,3,670,210,0.4478
2026-07-20,611,크롭기장,DETAIL,4,4,4,4,386,140,1.0363
2026-07-21,611,크롭기장,DETAIL,3,3,3,1,284,141,1.0563
2026-07-22,611,크롭기장,DETAIL,2,2,2,0,244,112,0.8197
2026-07-23,611,크롭기장,DETAIL,1,1,1,0,243,86,0.4115
2026-07-24,611,크롭기장,DETAIL,3,3,2,1,233,80,1.2876
2026-07-25,611,크롭기장,DETAIL,1,1,1,1,245,115,0.4082
2026-07-26,611,크롭기장,DETAIL,2,2,2,2,338,132,0.5917
2026-07-29,611,크롭기장,DETAIL,2,2,2,1,238,113,0.8403
2026-08-01,611,크롭기장,DETAIL,1,1,1,0,277,115,0.361
2026-08-02,611,크롭기장,DETAIL,2,2,1,1,250,101,0.8
2026-08-03,611,크롭기장,DETAIL,1,1,1,0,257,111,0.3891
2026-08-07,611,크롭기장,DETAIL,1,1,1,1,151,70,0.6623
2026-08-11,611,크롭기장,DETAIL,4,4,4,4,383,116,1.0444
2026-08-12,611,크롭기장,DETAIL,1,1,1,1,194,92,0.5155
2026-08-13,611,크롭기장,DETAIL,2,2,2,2,223,94,0.8969
2026-08-16,611,크롭기장,DETAIL,1,1,1,1,232,98,0.431
2026-08-18,611,크롭기장,DETAIL,1,1,1,0,303,163,0.33
2026-08-19,611,크롭기장,DETAIL,1,1,1,1,219,95,0.4566
2026-08-20,611,크롭기장,DETAIL,3,3,1,0,236,110,1.2712
2026-08-21,611,크롭기장,DETAIL,2,2,2,1,235,105,0.8511
2026-08-22,611,크롭기장,DETAIL,2,2,2,2,275,117,0.7273
2026-08-23,611,크롭기장,DETAIL,5,5,2,2,472,218,1.0593
2026-08-24,611,크롭기장,DETAIL,3,3,2,2,592,293,0.5068
2026-08-25,611,크롭기장,DETAIL,2,2,1,1,405,202,0.4938
2026-08-28,611,크롭기장,DETAIL,2,2,2,2,414,157,0.4831
2026-08-29,611,크롭기장,DETAIL,2,2,1,1,316,144,0.6329
2026-08-30,611,크롭기장,DETAIL,1,1,1,0,735,303,0.1361
2026-08-31,611,크롭기장,DETAIL,1,1,1,0,714,321,0.1401
2026-09-01,611,크롭기장,DETAIL,4,4,2,2,601,253,0.6656
2026-09-02,611,크롭기장,DETAIL,1,1,1,0,502,221,0.1992
2026-09-03,611,크롭기장,DETAIL,5,5,2,2,603,270,0.8292
2026-09-04,611,크롭기장,DETAIL,6,6,1,1,482,221,1.2448
2026-09-05,611,크롭기장,DETAIL,2,2,2,1,563,234,0.3552
2026-09-06,611,크롭기장,DETAIL,6,6,4,3,858,363,0.6993
2026-09-07,611,크롭기장,DETAIL,4,4,3,1,732,308,0.5464
2026-09-08,611,크롭기장,DETAIL,2,2,2,1,248,112,0.8065
2026-09-09,611,크롭기장,DETAIL,1,1,1,1,170,7,0.5882
2025-09-05,753,타이여밈,DETAIL,3,3,1,1,87,25,3.4483
2025-09-06,753,타이여밈,DETAIL,1,1,1,0,103,33,0.9709
2025-09-07,753,타이여밈,DETAIL,1,1,1,0,29,8,3.4483
2025-09-08,753,타이여밈,DETAIL,1,1,1,0,39,12,2.5641
2025-10-03,753,타이여밈,DETAIL,4,4,1,1,103,20,3.8835
2025-10-04,753,타이여밈,DETAIL,8,8,1,0,84,22,9.5238
2025-10-05,753,타이여밈,DETAIL,2,2,1,0,53,14,3.7736
2025-10-06,753,타이여밈,DETAIL,1,1,1,0,19,9,5.2632
2025-10-07,753,타이여밈,DETAIL,2,2,1,0,18,7,11.1111
2025-10-08,753,타이여밈,DETAIL,1,1,1,0,7,2,14.2857
2025-10-09,753,타이여밈,DETAIL,2,2,1,0,19,5,10.5263
2026-03-01,753,타이여밈,DETAIL,1,1,1,1,144,46,0.6944
2026-04-18,753,타이여밈,DETAIL,1,1,1,0,168,63,0.5952
2026-06-09,753,타이여밈,DETAIL,1,1,1,1,247,108,0.4049
2026-06-10,753,타이여밈,DETAIL,1,1,1,0,345,160,0.2899
2026-06-11,753,타이여밈,DETAIL,1,1,1,0,239,114,0.4184
2026-06-16,753,타이여밈,DETAIL,1,1,1,1,465,184,0.2151
2026-06-30,753,타이여밈,DETAIL,1,1,1,1,156,56,0.641
2026-07-04,753,타이여밈,DETAIL,1,1,1,1,306,114,0.3268
2026-07-05,753,타이여밈,DETAIL,1,1,1,1,295,122,0.339
2026-07-10,753,타이여밈,DETAIL,1,1,1,1,249,60,0.4016
2026-07-17,753,타이여밈,DETAIL,1,1,1,1,332,101,0.3012
2026-08-03,753,타이여밈,DETAIL,1,1,1,0,257,111,0.3891
2026-08-10,753,타이여밈,DETAIL,1,1,1,1,244,105,0.4098
2026-08-11,753,타이여밈,DETAIL,2,2,2,2,383,116,0.5222
2026-08-28,753,타이여밈,DETAIL,1,1,1,1,414,157,0.2415
2025-09-15,676,타탄체크,DETAIL,4,4,1,0,110,52,3.6364
2025-09-17,676,타탄체크,DETAIL,1,1,1,0,22,12,4.5455
2025-09-23,676,타탄체크,DETAIL,1,1,1,0,14,5,7.1429
2025-09-27,676,타탄체크,DETAIL,1,1,1,0,92,35,1.087
2026-09-04,676,타탄체크,DETAIL,1,1,1,0,482,221,0.2075
2026-02-07,620,테이퍼드,DETAIL,3,3,1,1,115,57,2.6087
2026-05-17,620,테이퍼드,DETAIL,1,1,1,0,166,82,0.6024
2026-06-14,620,테이퍼드,DETAIL,1,1,1,1,529,186,0.189
2026-06-21,620,테이퍼드,DETAIL,1,1,1,0,550,205,0.1818
2026-06-30,620,테이퍼드,DETAIL,1,1,1,0,156,56,0.641
2026-07-23,620,테이퍼드,DETAIL,1,1,1,0,243,86,0.4115
2026-08-04,620,테이퍼드,DETAIL,1,1,1,1,225,88,0.4444
2026-08-06,620,테이퍼드,DETAIL,1,1,1,0,284,112,0.3521
2026-08-10,620,테이퍼드,DETAIL,1,1,1,0,244,105,0.4098
2026-08-14,620,테이퍼드,DETAIL,1,1,1,0,159,54,0.6289
2026-08-16,620,테이퍼드,DETAIL,2,2,2,0,232,98,0.8621
2026-08-17,620,테이퍼드,DETAIL,1,1,1,0,543,223,0.1842
2026-08-19,620,테이퍼드,DETAIL,1,1,1,0,219,95,0.4566
2026-09-03,620,테이퍼드,DETAIL,1,1,1,0,603,270,0.1658
2026-09-05,620,테이퍼드,DETAIL,1,1,1,0,563,234,0.1776
2025-11-19,751,토글여밈,DETAIL,1,1,1,0,165,47,0.6061
2025-11-20,751,토글여밈,DETAIL,1,1,1,1,172,49,0.5814
2026-03-01,751,토글여밈,DETAIL,1,1,1,1,144,46,0.6944
2025-10-10,218,트레킹화,ITEM,1,1,1,0,80,23,1.25
2026-02-22,218,트레킹화,ITEM,1,1,1,1,61,30,1.6393
2026-02-23,218,트레킹화,ITEM,1,1,1,0,31,19,3.2258
2026-04-08,218,트레킹화,ITEM,2,2,1,1,32,13,6.25
2026-05-21,218,트레킹화,ITEM,2,2,1,1,270,85,0.7407
2026-05-31,218,트레킹화,ITEM,1,1,1,0,354,109,0.2825
2026-08-03,218,트레킹화,ITEM,1,1,1,1,257,111,0.3891
2026-08-24,218,트레킹화,ITEM,2,2,1,1,592,293,0.3378
2026-08-30,218,트레킹화,ITEM,2,2,1,0,735,303,0.2721
2026-08-31,218,트레킹화,ITEM,1,1,1,1,714,321,0.1401
2026-04-29,737,패치포켓,DETAIL,1,1,1,1,54,16,1.8519
2026-06-24,737,패치포켓,DETAIL,1,1,1,1,369,145,0.271
2026-07-10,737,패치포켓,DETAIL,1,1,1,1,249,60,0.4016
2026-02-27,665,퍼프소매,DETAIL,1,1,1,1,156,44,0.641
2026-04-30,665,퍼프소매,DETAIL,1,1,1,1,78,19,1.2821
2026-05-01,665,퍼프소매,DETAIL,2,2,1,0,82,24,2.439
2026-05-09,665,퍼프소매,DETAIL,1,1,1,1,71,29,1.4085
2026-05-16,665,퍼프소매,DETAIL,1,1,1,1,158,49,0.6329
2026-05-21,665,퍼프소매,DETAIL,1,1,1,1,270,85,0.3704
2026-05-29,665,퍼프소매,DETAIL,1,1,1,1,188,59,0.5319
2026-05-30,665,퍼프소매,DETAIL,1,1,1,0,234,83,0.4274
2026-06-02,665,퍼프소매,DETAIL,1,1,1,0,224,100,0.4464
2026-06-05,665,퍼프소매,DETAIL,1,1,1,1,183,55,0.5464
2026-06-06,665,퍼프소매,DETAIL,1,1,1,1,336,108,0.2976
2026-06-07,665,퍼프소매,DETAIL,3,3,2,0,322,152,0.9317
2026-06-12,665,퍼프소매,DETAIL,1,1,1,1,352,114,0.2841
2026-06-13,665,퍼프소매,DETAIL,1,1,1,1,267,107,0.3745
2026-06-19,665,퍼프소매,DETAIL,3,3,2,1,510,170,0.5882
2026-06-22,665,퍼프소매,DETAIL,1,1,1,1,455,179,0.2198
2026-06-26,665,퍼프소매,DETAIL,1,1,1,1,247,81,0.4049
2026-06-27,665,퍼프소매,DETAIL,1,1,1,1,214,76,0.4673
2026-06-28,665,퍼프소매,DETAIL,1,1,1,1,327,109,0.3058
2026-07-01,665,퍼프소매,DETAIL,1,1,1,1,261,93,0.3831
2026-07-04,665,퍼프소매,DETAIL,1,1,1,1,306,114,0.3268
2026-07-05,665,퍼프소매,DETAIL,1,1,1,1,295,122,0.339
2026-07-10,665,퍼프소매,DETAIL,1,1,1,1,249,60,0.4016
2026-07-13,665,퍼프소매,DETAIL,1,1,1,1,382,151,0.2618
2026-07-20,665,퍼프소매,DETAIL,1,1,1,1,386,140,0.2591
2026-07-27,665,퍼프소매,DETAIL,1,1,1,1,392,161,0.2551
2026-08-08,665,퍼프소매,DETAIL,1,1,1,1,143,57,0.6993
2026-05-10,503,페스티벌,TPO,1,1,1,0,34,21,2.9412
2025-11-22,629,포인티토,DETAIL,1,1,1,0,75,36,1.3333
2026-04-20,629,포인티토,DETAIL,1,1,1,1,238,90,0.4202
2026-07-17,629,포인티토,DETAIL,1,1,1,1,332,101,0.3012
2026-08-06,629,포인티토,DETAIL,1,1,1,1,284,112,0.3521
2026-08-08,629,포인티토,DETAIL,1,1,1,0,143,57,0.6993
2026-08-29,629,포인티토,DETAIL,1,1,1,1,316,144,0.3165
2026-09-06,629,포인티토,DETAIL,1,1,1,1,858,363,0.1166
2026-03-25,149,폴로셔츠,ITEM,1,1,1,0,37,25,2.7027
2026-05-05,149,폴로셔츠,ITEM,2,2,1,1,121,55,1.6529
2026-05-06,149,폴로셔츠,ITEM,1,1,1,1,95,40,1.0526
2026-05-11,149,폴로셔츠,ITEM,2,2,1,1,111,47,1.8018
2026-05-12,149,폴로셔츠,ITEM,1,1,1,0,134,52,0.7463
2026-05-16,149,폴로셔츠,ITEM,1,1,1,1,158,49,0.6329
2026-05-18,149,폴로셔츠,ITEM,1,1,1,0,146,74,0.6849
2026-05-22,149,폴로셔츠,ITEM,2,2,1,1,227,77,0.8811
2026-05-26,149,폴로셔츠,ITEM,1,1,1,1,189,90,0.5291
2026-06-08,149,폴로셔츠,ITEM,1,1,1,1,380,152,0.2632
2026-06-09,149,폴로셔츠,ITEM,1,1,1,0,247,108,0.4049
2026-06-11,149,폴로셔츠,ITEM,1,1,1,0,239,114,0.4184
2026-06-14,149,폴로셔츠,ITEM,2,2,2,2,529,186,0.3781
2026-06-15,149,폴로셔츠,ITEM,2,2,2,0,440,179,0.4545
2026-06-16,149,폴로셔츠,ITEM,3,3,1,1,465,184,0.6452
2026-06-18,149,폴로셔츠,ITEM,1,1,1,0,286,139,0.3497
2026-06-19,149,폴로셔츠,ITEM,3,3,2,0,510,170,0.5882
2026-06-20,149,폴로셔츠,ITEM,2,2,2,1,422,169,0.4739
2026-06-21,149,폴로셔츠,ITEM,1,1,1,0,550,205,0.1818
2026-06-25,149,폴로셔츠,ITEM,1,1,1,1,162,75,0.6173
2026-06-26,149,폴로셔츠,ITEM,1,1,1,0,247,81,0.4049
2026-06-30,149,폴로셔츠,ITEM,2,2,1,0,156,56,1.2821
2026-07-01,149,폴로셔츠,ITEM,5,5,3,2,261,93,1.9157
2026-07-04,149,폴로셔츠,ITEM,1,1,1,1,306,114,0.3268
2026-07-05,149,폴로셔츠,ITEM,1,1,1,1,295,122,0.339
2026-07-06,149,폴로셔츠,ITEM,1,1,1,0,204,85,0.4902
2026-07-07,149,폴로셔츠,ITEM,1,1,1,1,203,85,0.4926
2026-07-09,149,폴로셔츠,ITEM,2,2,2,0,161,62,1.2422
2026-07-12,149,폴로셔츠,ITEM,1,1,1,1,314,141,0.3185
2026-07-13,149,폴로셔츠,ITEM,3,3,3,1,382,151,0.7853
2026-07-15,149,폴로셔츠,ITEM,1,1,1,0,265,87,0.3774
2026-07-16,149,폴로셔츠,ITEM,1,1,1,0,179,58,0.5587
2026-07-18,149,폴로셔츠,ITEM,2,2,1,0,429,155,0.4662
2026-07-19,149,폴로셔츠,ITEM,2,2,2,0,670,210,0.2985
2026-07-20,149,폴로셔츠,ITEM,4,4,4,2,386,140,1.0363
2026-07-22,149,폴로셔츠,ITEM,3,3,2,0,244,112,1.2295
2026-07-24,149,폴로셔츠,ITEM,2,2,2,2,233,80,0.8584
2026-07-25,149,폴로셔츠,ITEM,1,1,1,0,245,115,0.4082
2026-07-27,149,폴로셔츠,ITEM,1,1,1,0,392,161,0.2551
2026-07-29,149,폴로셔츠,ITEM,1,1,1,0,238,113,0.4202
2026-07-30,149,폴로셔츠,ITEM,1,1,1,0,249,101,0.4016
2026-08-01,149,폴로셔츠,ITEM,1,1,1,1,277,115,0.361
2026-08-05,149,폴로셔츠,ITEM,2,2,2,0,302,135,0.6623
2026-08-07,149,폴로셔츠,ITEM,1,1,1,0,151,70,0.6623
2026-08-09,149,폴로셔츠,ITEM,1,1,1,0,265,116,0.3774
2026-08-25,149,폴로셔츠,ITEM,1,1,1,0,405,202,0.2469
2026-08-26,149,폴로셔츠,ITEM,1,1,1,0,424,195,0.2358
2026-04-19,724,폴로칼라,DETAIL,8,8,1,1,286,115,2.7972
2026-04-20,724,폴로칼라,DETAIL,5,5,1,0,238,90,2.1008
2026-04-21,724,폴로칼라,DETAIL,1,1,1,0,58,30,1.7241
2026-04-23,724,폴로칼라,DETAIL,2,2,1,0,116,64,1.7241
2026-04-24,724,폴로칼라,DETAIL,1,1,1,0,49,31,2.0408
2026-04-26,724,폴로칼라,DETAIL,1,1,1,0,23,11,4.3478
2026-05-05,724,폴로칼라,DETAIL,1,1,1,1,121,55,0.8264
2026-05-11,724,폴로칼라,DETAIL,1,1,1,1,111,47,0.9009
2026-05-22,724,폴로칼라,DETAIL,1,1,1,1,227,77,0.4405
2026-05-25,724,폴로칼라,DETAIL,1,1,1,1,400,155,0.25
2026-06-14,724,폴로칼라,DETAIL,2,2,2,2,529,186,0.3781
2026-06-16,724,폴로칼라,DETAIL,2,2,2,2,465,184,0.4301
2026-06-17,724,폴로칼라,DETAIL,1,1,1,1,365,130,0.274
2026-06-18,724,폴로칼라,DETAIL,4,4,1,1,286,139,1.3986
2026-06-19,724,폴로칼라,DETAIL,1,1,1,1,510,170,0.1961
2026-06-20,724,폴로칼라,DETAIL,2,2,2,2,422,169,0.4739
2026-06-24,724,폴로칼라,DETAIL,1,1,1,1,369,145,0.271
2026-06-25,724,폴로칼라,DETAIL,2,2,2,1,162,75,1.2346
2026-07-07,724,폴로칼라,DETAIL,1,1,1,0,203,85,0.4926
2026-07-17,724,폴로칼라,DETAIL,2,2,1,0,332,101,0.6024
2026-07-18,724,폴로칼라,DETAIL,1,1,1,0,429,155,0.2331
2026-07-20,724,폴로칼라,DETAIL,1,1,1,1,386,140,0.2591
2026-07-24,724,폴로칼라,DETAIL,1,1,1,1,233,80,0.4292
2026-07-26,724,폴로칼라,DETAIL,1,1,1,1,338,132,0.2959
2026-08-04,724,폴로칼라,DETAIL,1,1,1,1,225,88,0.4444
2026-08-09,724,폴로칼라,DETAIL,1,1,1,0,265,116,0.3774
2026-08-13,724,폴로칼라,DETAIL,1,1,1,0,223,94,0.4484
2025-09-12,739,플랩포켓,DETAIL,1,1,1,1,61,22,1.6393
2025-12-19,739,플랩포켓,DETAIL,1,1,1,0,67,36,1.4925
2026-08-10,739,플랩포켓,DETAIL,1,1,1,1,244,105,0.4098
2026-08-17,739,플랩포켓,DETAIL,1,1,1,1,543,223,0.1842
2026-08-22,739,플랩포켓,DETAIL,1,1,1,0,275,117,0.3636
2026-09-05,739,플랩포켓,DETAIL,1,1,1,0,563,234,0.1776
2025-09-26,220,플랫슈즈,ITEM,6,6,1,1,76,18,7.8947
2025-09-27,220,플랫슈즈,ITEM,8,8,1,0,92,35,8.6957
2025-09-28,220,플랫슈즈,ITEM,7,7,1,0,78,15,8.9744
2025-09-29,220,플랫슈즈,ITEM,2,2,1,0,5,4,40.0
2025-09-30,220,플랫슈즈,ITEM,1,1,1,0,13,5,7.6923
2025-10-01,220,플랫슈즈,ITEM,3,3,1,0,23,7,13.0435
2025-10-02,220,플랫슈즈,ITEM,1,1,1,0,20,8,5.0
2025-10-21,220,플랫슈즈,ITEM,1,1,1,0,19,11,5.2632
2025-11-25,220,플랫슈즈,ITEM,1,1,1,0,50,29,2.0
2025-12-07,220,플랫슈즈,ITEM,1,1,1,0,120,49,0.8333
2026-03-20,220,플랫슈즈,ITEM,1,1,1,1,44,13,2.2727
2026-04-21,220,플랫슈즈,ITEM,1,1,1,0,58,30,1.7241
2026-05-04,220,플랫슈즈,ITEM,1,1,1,0,61,39,1.6393
2026-05-16,220,플랫슈즈,ITEM,1,1,1,0,158,49,0.6329
2026-05-24,220,플랫슈즈,ITEM,1,1,1,0,297,121,0.3367
2026-05-26,220,플랫슈즈,ITEM,1,1,1,0,189,90,0.5291
2026-05-30,220,플랫슈즈,ITEM,1,1,1,0,234,83,0.4274
2026-05-31,220,플랫슈즈,ITEM,1,1,1,1,354,109,0.2825
2026-06-20,220,플랫슈즈,ITEM,1,1,1,0,422,169,0.237
2026-07-04,220,플랫슈즈,ITEM,1,1,1,1,306,114,0.3268
2026-07-06,220,플랫슈즈,ITEM,2,2,1,1,204,85,0.9804
2026-07-22,220,플랫슈즈,ITEM,1,1,1,0,244,112,0.4098
2026-07-29,220,플랫슈즈,ITEM,1,1,1,1,238,113,0.4202
2026-08-01,220,플랫슈즈,ITEM,2,2,2,2,277,115,0.722
2026-08-03,220,플랫슈즈,ITEM,1,1,1,0,257,111,0.3891
2026-08-20,220,플랫슈즈,ITEM,1,1,1,1,236,110,0.4237
2026-08-25,220,플랫슈즈,ITEM,2,2,2,1,405,202,0.4938
2026-08-27,220,플랫슈즈,ITEM,1,1,1,0,330,161,0.303
2026-08-30,220,플랫슈즈,ITEM,1,1,1,0,735,303,0.1361
2026-09-01,220,플랫슈즈,ITEM,1,1,1,1,601,253,0.1664
2026-09-03,220,플랫슈즈,ITEM,3,3,2,1,603,270,0.4975
2026-09-04,220,플랫슈즈,ITEM,3,3,3,0,482,221,0.6224
2026-09-05,220,플랫슈즈,ITEM,1,1,1,0,563,234,0.1776
2026-09-06,220,플랫슈즈,ITEM,4,4,2,1,858,363,0.4662
2026-09-07,220,플랫슈즈,ITEM,3,3,2,0,732,308,0.4098
2026-09-08,220,플랫슈즈,ITEM,2,2,1,0,248,112,0.8065
2026-01-02,625,플랫폼솔,DETAIL,1,1,1,1,103,31,0.9709
2026-04-03,625,플랫폼솔,DETAIL,1,1,1,1,69,31,1.4493
2026-04-04,625,플랫폼솔,DETAIL,1,1,1,0,58,37,1.7241
2026-05-01,625,플랫폼솔,DETAIL,1,1,1,1,82,24,1.2195
2026-05-02,625,플랫폼솔,DETAIL,1,1,1,0,66,35,1.5152
2026-05-23,625,플랫폼솔,DETAIL,1,1,1,1,331,93,0.3021
2026-06-19,625,플랫폼솔,DETAIL,1,1,1,1,510,170,0.1961
2026-06-21,625,플랫폼솔,DETAIL,1,1,1,1,550,205,0.1818
2026-06-23,625,플랫폼솔,DETAIL,3,3,3,2,401,171,0.7481
2026-06-24,625,플랫폼솔,DETAIL,1,1,1,0,369,145,0.271
2026-07-29,625,플랫폼솔,DETAIL,1,1,1,1,238,113,0.4202
2026-08-01,625,플랫폼솔,DETAIL,1,1,1,1,277,115,0.361
2026-08-02,625,플랫폼솔,DETAIL,1,1,1,1,250,101,0.4
2026-08-12,625,플랫폼솔,DETAIL,1,1,1,0,194,92,0.5155
2026-08-26,625,플랫폼솔,DETAIL,1,1,1,1,424,195,0.2358
2026-05-01,201,플립플랍,ITEM,1,1,1,1,82,24,1.2195
2026-05-04,201,플립플랍,ITEM,1,1,1,0,61,39,1.6393
2026-05-15,201,플립플랍,ITEM,1,1,1,0,177,75,0.565
2026-05-20,201,플립플랍,ITEM,1,1,1,0,244,80,0.4098
2026-05-22,201,플립플랍,ITEM,1,1,1,0,227,77,0.4405
2026-05-23,201,플립플랍,ITEM,2,2,1,1,331,93,0.6042
2026-05-29,201,플립플랍,ITEM,1,1,1,0,188,59,0.5319
2026-05-30,201,플립플랍,ITEM,1,1,1,0,234,83,0.4274
2026-06-01,201,플립플랍,ITEM,4,4,1,1,360,160,1.1111
2026-06-05,201,플립플랍,ITEM,3,3,1,0,183,55,1.6393
2026-06-06,201,플립플랍,ITEM,1,1,1,0,336,108,0.2976
2026-06-08,201,플립플랍,ITEM,2,2,2,1,380,152,0.5263
2026-06-09,201,플립플랍,ITEM,8,8,4,1,247,108,3.2389
2026-06-10,201,플립플랍,ITEM,1,1,1,0,345,160,0.2899
2026-06-13,201,플립플랍,ITEM,1,1,1,0,267,107,0.3745
2026-06-15,201,플립플랍,ITEM,3,3,2,2,440,179,0.6818
2026-06-16,201,플립플랍,ITEM,1,1,1,0,465,184,0.2151
2026-06-17,201,플립플랍,ITEM,2,2,2,0,365,130,0.5479
2026-06-18,201,플립플랍,ITEM,1,1,1,0,286,139,0.3497
2026-06-19,201,플립플랍,ITEM,1,1,1,1,510,170,0.1961
2026-06-21,201,플립플랍,ITEM,2,2,1,0,550,205,0.3636
2026-06-23,201,플립플랍,ITEM,2,2,1,0,401,171,0.4988
2026-06-24,201,플립플랍,ITEM,2,2,2,1,369,145,0.542
2026-06-28,201,플립플랍,ITEM,3,3,3,3,327,109,0.9174
2026-06-29,201,플립플랍,ITEM,3,3,2,0,182,100,1.6484
2026-06-30,201,플립플랍,ITEM,1,1,1,1,156,56,0.641
2026-07-04,201,플립플랍,ITEM,1,1,1,0,306,114,0.3268
2026-07-06,201,플립플랍,ITEM,2,2,1,1,204,85,0.9804
2026-07-07,201,플립플랍,ITEM,2,2,1,0,203,85,0.9852
2026-07-08,201,플립플랍,ITEM,1,1,1,0,112,58,0.8929
2026-07-10,201,플립플랍,ITEM,1,1,1,0,249,60,0.4016
2026-07-12,201,플립플랍,ITEM,1,1,1,0,314,141,0.3185
2026-07-16,201,플립플랍,ITEM,2,2,2,1,179,58,1.1173
2026-07-21,201,플립플랍,ITEM,2,2,1,0,284,141,0.7042
2026-07-23,201,플립플랍,ITEM,4,4,2,0,243,86,1.6461
2026-07-24,201,플립플랍,ITEM,7,7,3,1,233,80,3.0043
2026-07-26,201,플립플랍,ITEM,6,6,3,1,338,132,1.7751
2026-07-27,201,플립플랍,ITEM,1,1,1,0,392,161,0.2551
2026-07-28,201,플립플랍,ITEM,3,3,3,0,262,125,1.145
2026-07-30,201,플립플랍,ITEM,1,1,1,1,249,101,0.4016
2026-08-01,201,플립플랍,ITEM,9,9,2,1,277,115,3.2491
2026-08-03,201,플립플랍,ITEM,3,3,2,0,257,111,1.1673
2026-08-04,201,플립플랍,ITEM,3,3,3,0,225,88,1.3333
2026-08-05,201,플립플랍,ITEM,3,3,3,0,302,135,0.9934
2026-08-07,201,플립플랍,ITEM,2,2,2,0,151,70,1.3245
2026-08-08,201,플립플랍,ITEM,1,1,1,0,143,57,0.6993
2026-08-09,201,플립플랍,ITEM,2,2,1,0,265,116,0.7547
2026-08-10,201,플립플랍,ITEM,3,3,2,0,244,105,1.2295
2026-08-12,201,플립플랍,ITEM,1,1,1,0,194,92,0.5155
2026-08-13,201,플립플랍,ITEM,2,2,1,0,223,94,0.8969
2026-08-14,201,플립플랍,ITEM,1,1,1,0,159,54,0.6289
2026-08-16,201,플립플랍,ITEM,1,1,1,0,232,98,0.431
2026-08-17,201,플립플랍,ITEM,1,1,1,0,543,223,0.1842
2026-08-25,201,플립플랍,ITEM,1,1,1,0,405,202,0.2469
2026-02-20,796,피그먼트,MATERIAL,1,1,1,1,152,39,0.6579
2026-05-06,796,피그먼트,MATERIAL,1,1,1,1,95,40,1.0526
2026-05-24,796,피그먼트,MATERIAL,2,2,1,0,297,121,0.6734
2026-05-25,796,피그먼트,MATERIAL,3,3,2,2,400,155,0.75
2026-05-26,796,피그먼트,MATERIAL,1,1,1,0,189,90,0.5291
2026-05-27,796,피그먼트,MATERIAL,2,2,1,1,222,83,0.9009
2026-05-31,796,피그먼트,MATERIAL,3,3,2,2,354,109,0.8475
2026-06-04,796,피그먼트,MATERIAL,1,1,1,0,137,74,0.7299
2026-06-07,796,피그먼트,MATERIAL,1,1,1,1,322,152,0.3106
2026-06-14,796,피그먼트,MATERIAL,1,1,1,1,529,186,0.189
2026-06-15,796,피그먼트,MATERIAL,1,1,1,0,440,179,0.2273
2026-06-16,796,피그먼트,MATERIAL,1,1,1,1,465,184,0.2151
2026-06-18,796,피그먼트,MATERIAL,2,2,1,1,286,139,0.6993
2026-06-27,796,피그먼트,MATERIAL,1,1,1,1,214,76,0.4673
2026-06-30,796,피그먼트,MATERIAL,1,1,1,1,156,56,0.641
2026-07-13,796,피그먼트,MATERIAL,1,1,1,0,382,151,0.2618
2026-07-14,796,피그먼트,MATERIAL,2,2,1,1,267,89,0.7491
2026-07-15,796,피그먼트,MATERIAL,1,1,1,1,265,87,0.3774
2026-07-20,796,피그먼트,MATERIAL,4,4,3,2,386,140,1.0363
2026-07-24,796,피그먼트,MATERIAL,3,3,1,0,233,80,1.2876
2026-07-27,796,피그먼트,MATERIAL,1,1,1,1,392,161,0.2551
2026-08-02,796,피그먼트,MATERIAL,4,4,2,1,250,101,1.6
2026-08-03,796,피그먼트,MATERIAL,3,3,1,0,257,111,1.1673
2026-08-04,796,피그먼트,MATERIAL,2,2,1,0,225,88,0.8889
2026-08-05,796,피그먼트,MATERIAL,1,1,1,0,302,135,0.3311
2026-08-11,796,피그먼트,MATERIAL,1,1,1,1,383,116,0.2611
2026-08-30,796,피그먼트,MATERIAL,1,1,1,0,735,303,0.1361
2026-09-02,796,피그먼트,MATERIAL,1,1,1,0,502,221,0.1992
2026-09-03,796,피그먼트,MATERIAL,2,2,1,1,603,270,0.3317
2026-09-05,796,피그먼트,MATERIAL,1,1,1,0,563,234,0.1776
2026-09-06,796,피그먼트,MATERIAL,2,2,2,0,858,363,0.2331
2026-06-04,697,피티드핏,DETAIL,1,1,1,0,137,74,0.7299
2026-07-28,697,피티드핏,DETAIL,1,1,1,0,262,125,0.3817
2026-08-18,697,피티드핏,DETAIL,1,1,1,0,303,163,0.33
2025-11-21,244,헤어밴드,ITEM,1,1,1,0,127,48,0.7874
2025-12-30,244,헤어밴드,ITEM,1,1,1,0,36,17,2.7778
2026-01-18,244,헤어밴드,ITEM,1,1,1,0,53,29,1.8868
2026-01-19,244,헤어밴드,ITEM,1,1,1,0,57,27,1.7544
2026-02-01,244,헤어밴드,ITEM,1,1,1,0,83,43,1.2048
2026-02-04,244,헤어밴드,ITEM,1,1,1,0,9,6,11.1111
2026-04-25,244,헤어밴드,ITEM,1,1,1,0,52,20,1.9231
2026-05-05,244,헤어밴드,ITEM,1,1,1,0,121,55,0.8264
2026-06-23,244,헤어밴드,ITEM,3,3,2,1,401,171,0.7481
2026-06-25,244,헤어밴드,ITEM,1,1,1,0,162,75,0.6173
2026-07-08,244,헤어밴드,ITEM,1,1,1,0,112,58,0.8929
2026-07-12,244,헤어밴드,ITEM,5,5,1,1,314,141,1.5924
2026-07-13,244,헤어밴드,ITEM,2,2,1,0,382,151,0.5236
2026-07-15,244,헤어밴드,ITEM,1,1,1,0,265,87,0.3774
2026-07-28,244,헤어밴드,ITEM,2,2,1,1,262,125,0.7634
2026-07-29,244,헤어밴드,ITEM,2,2,2,0,238,113,0.8403
2026-08-09,244,헤어밴드,ITEM,1,1,1,1,265,116,0.3774
2026-08-10,244,헤어밴드,ITEM,7,7,1,0,244,105,2.8689
2026-08-11,244,헤어밴드,ITEM,11,11,2,1,383,116,2.8721
2026-08-12,244,헤어밴드,ITEM,3,3,2,0,194,92,1.5464
2026-08-13,244,헤어밴드,ITEM,1,1,1,0,223,94,0.4484
2026-08-16,244,헤어밴드,ITEM,1,1,1,1,232,98,0.431
2026-08-19,244,헤어밴드,ITEM,1,1,1,0,219,95,0.4566
2026-09-06,244,헤어밴드,ITEM,1,1,1,1,858,363,0.1166
2025-09-21,160,후드집업,ITEM,1,1,1,1,55,12,1.8182
2025-10-05,160,후드집업,ITEM,2,2,1,1,53,14,3.7736
2025-10-19,160,후드집업,ITEM,1,1,1,0,46,13,2.1739
2025-11-02,160,후드집업,ITEM,1,1,1,1,86,23,1.1628
2025-11-09,160,후드집업,ITEM,1,1,1,1,76,21,1.3158
2025-12-03,160,후드집업,ITEM,1,1,1,0,93,52,1.0753
2025-12-21,160,후드집업,ITEM,1,1,1,0,92,38,1.087
2026-01-06,160,후드집업,ITEM,4,4,1,0,35,19,11.4286
2026-01-08,160,후드집업,ITEM,1,1,1,0,21,8,4.7619
2026-01-31,160,후드집업,ITEM,1,1,1,0,44,32,2.2727
2026-02-01,160,후드집업,ITEM,1,1,1,1,83,43,1.2048
2026-02-07,160,후드집업,ITEM,3,3,2,1,115,57,2.6087
2026-02-13,160,후드집업,ITEM,1,1,1,0,13,11,7.6923
2026-02-17,160,후드집업,ITEM,1,1,1,0,9,6,11.1111
2026-02-23,160,후드집업,ITEM,1,1,1,0,31,19,3.2258
2026-03-01,160,후드집업,ITEM,2,2,2,2,144,46,1.3889
2026-03-06,160,후드집업,ITEM,1,1,1,0,203,70,0.4926
2026-03-11,160,후드집업,ITEM,1,1,1,0,20,12,5.0
2026-03-16,160,후드집업,ITEM,1,1,1,1,83,23,1.2048
2026-03-22,160,후드집업,ITEM,1,1,1,1,158,62,0.6329
2026-04-05,160,후드집업,ITEM,1,1,1,1,129,44,0.7752
2026-04-19,160,후드집업,ITEM,1,1,1,1,286,115,0.3497
2026-05-12,160,후드집업,ITEM,1,1,1,0,134,52,0.7463
2026-05-13,160,후드집업,ITEM,1,1,1,1,137,56,0.7299
2026-05-29,160,후드집업,ITEM,1,1,1,0,188,59,0.5319
2026-05-30,160,후드집업,ITEM,2,2,1,1,234,83,0.8547
2026-06-08,160,후드집업,ITEM,1,1,1,1,380,152,0.2632
2026-06-11,160,후드집업,ITEM,1,1,1,0,239,114,0.4184
2026-06-14,160,후드집업,ITEM,2,2,2,1,529,186,0.3781
2026-06-15,160,후드집업,ITEM,1,1,1,0,440,179,0.2273
2026-07-07,160,후드집업,ITEM,1,1,1,0,203,85,0.4926
2026-07-13,160,후드집업,ITEM,1,1,1,1,382,151,0.2618
2026-07-16,160,후드집업,ITEM,1,1,1,1,179,58,0.5587
2026-07-19,160,후드집업,ITEM,1,1,1,1,670,210,0.1493
2026-08-15,160,후드집업,ITEM,1,1,1,0,172,83,0.5814
2026-08-20,160,후드집업,ITEM,2,2,2,1,236,110,0.8475
2026-08-24,160,후드집업,ITEM,1,1,1,1,592,293,0.1689
2026-08-25,160,후드집업,ITEM,1,1,1,0,405,202,0.2469
2026-08-26,160,후드집업,ITEM,2,2,1,0,424,195,0.4717
2026-08-27,160,후드집업,ITEM,1,1,1,0,330,161,0.303
2026-08-29,160,후드집업,ITEM,4,4,2,1,316,144,1.2658
2026-08-30,160,후드집업,ITEM,11,11,3,1,735,303,1.4966
2026-08-31,160,후드집업,ITEM,34,34,4,1,714,321,4.7619
2026-09-01,160,후드집업,ITEM,18,18,4,1,601,253,2.995
2026-09-02,160,후드집업,ITEM,7,7,4,1,502,221,1.3944
2026-09-03,160,후드집업,ITEM,8,8,5,3,603,270,1.3267
2026-09-04,160,후드집업,ITEM,9,9,2,1,482,221,1.8672
2026-09-05,160,후드집업,ITEM,6,6,4,1,563,234,1.0657
2026-09-06,160,후드집업,ITEM,1,1,1,0,858,363,0.1166
2026-09-07,160,후드집업,ITEM,1,1,1,0,732,308,0.1366
2026-09-08,160,후드집업,ITEM,2,2,2,0,248,112,0.8065
2026-09-09,160,후드집업,ITEM,3,3,3,3,170,7,1.7647
2025-09-12,506,비즈니스 미팅,TPO,1,1,1,1,61,22,1.6393
2025-10-03,506,비즈니스 미팅,TPO,1,1,1,1,103,20,0.9709
2025-10-04,506,비즈니스 미팅,TPO,1,1,1,0,84,22,1.1905
2025-11-08,506,비즈니스 미팅,TPO,1,1,1,0,74,32,1.3514
2025-12-25,506,비즈니스 미팅,TPO,1,1,1,0,12,7,8.3333
2026-01-24,506,비즈니스 미팅,TPO,1,1,1,0,62,34,1.6129
2026-01-25,506,비즈니스 미팅,TPO,1,1,1,0,20,15,5.0
2026-06-08,506,비즈니스 미팅,TPO,1,1,1,1,380,152,0.2632
2026-06-12,506,비즈니스 미팅,TPO,1,1,1,1,352,114,0.2841
2026-06-21,506,비즈니스 미팅,TPO,1,1,1,1,550,205,0.1818
2026-07-22,506,비즈니스 미팅,TPO,1,1,1,1,244,112,0.4098
2026-08-09,506,비즈니스 미팅,TPO,1,1,1,1,265,116,0.3774
2026-08-29,506,비즈니스 미팅,TPO,1,1,1,0,316,144,0.3165
2025-12-11,591,스트레치 데님,MATERIAL,1,1,1,0,33,17,3.0303
2026-07-19,591,스트레치 데님,MATERIAL,1,1,1,0,670,210,0.1493
2026-04-29,570,피그먼트 워싱,MATERIAL,1,1,1,1,54,16,1.8519
2026-05-31,570,피그먼트 워싱,MATERIAL,1,1,1,1,354,109,0.2825
2026-06-16,570,피그먼트 워싱,MATERIAL,1,1,1,1,465,184,0.2151
2026-07-12,570,피그먼트 워싱,MATERIAL,4,4,1,1,314,141,1.2739
2026-07-14,570,피그먼트 워싱,MATERIAL,1,1,1,0,267,89,0.3745
2026-07-18,570,피그먼트 워싱,MATERIAL,1,1,1,0,429,155,0.2331
2026-07-23,570,피그먼트 워싱,MATERIAL,1,1,1,1,243,86,0.4115
2026-09-09,688,기하학패턴,DETAIL,1,1,1,1,170,7,0.5882
2025-10-03,727,노치드라펠,DETAIL,1,1,1,1,103,20,0.9709
2025-10-31,727,노치드라펠,DETAIL,1,1,1,1,66,25,1.5152
2025-12-03,727,노치드라펠,DETAIL,1,1,1,0,93,52,1.0753
2026-02-27,727,노치드라펠,DETAIL,1,1,1,1,156,44,0.641
2026-03-22,727,노치드라펠,DETAIL,2,2,2,2,158,62,1.2658
2026-07-19,727,노치드라펠,DETAIL,1,1,1,1,670,210,0.1493
2026-05-08,659,니하이기장,DETAIL,1,1,1,0,46,32,2.1739
2026-09-02,659,니하이기장,DETAIL,1,1,1,1,502,221,0.1992
2026-09-09,659,니하이기장,DETAIL,1,1,1,1,170,7,0.5882
2025-09-12,417,다크브라운,COLOR,1,1,1,0,61,22,1.6393
2025-10-19,417,다크브라운,COLOR,1,1,1,1,46,13,2.1739
2025-11-18,417,다크브라운,COLOR,1,1,1,0,19,13,5.2632
2025-11-20,417,다크브라운,COLOR,1,1,1,1,172,49,0.5814
2025-12-04,417,다크브라운,COLOR,2,2,1,0,67,41,2.9851
2025-12-07,417,다크브라운,COLOR,1,1,1,1,120,49,0.8333
2025-12-21,417,다크브라운,COLOR,1,1,1,0,92,38,1.087
2025-12-30,417,다크브라운,COLOR,1,1,1,1,36,17,2.7778
2026-02-13,417,다크브라운,COLOR,1,1,1,0,13,11,7.6923
2026-03-22,417,다크브라운,COLOR,1,1,1,1,158,62,0.6329
2026-04-18,417,다크브라운,COLOR,1,1,1,1,168,63,0.5952
2026-04-19,417,다크브라운,COLOR,1,1,1,0,286,115,0.3497
2026-05-03,417,다크브라운,COLOR,1,1,1,1,150,45,0.6667
2026-05-14,417,다크브라운,COLOR,1,1,1,1,271,108,0.369
2026-05-31,417,다크브라운,COLOR,1,1,1,1,354,109,0.2825
2026-06-01,417,다크브라운,COLOR,1,1,1,1,360,160,0.2778
2026-06-07,417,다크브라운,COLOR,1,1,1,1,322,152,0.3106
2026-06-20,417,다크브라운,COLOR,1,1,1,1,422,169,0.237
2026-06-21,417,다크브라운,COLOR,1,1,1,0,550,205,0.1818
2026-06-22,417,다크브라운,COLOR,1,1,1,1,455,179,0.2198
2026-07-03,417,다크브라운,COLOR,1,1,1,1,154,63,0.6494
2026-07-04,417,다크브라운,COLOR,1,1,1,1,306,114,0.3268
2026-07-09,417,다크브라운,COLOR,1,1,1,0,161,62,0.6211
2026-07-13,417,다크브라운,COLOR,1,1,1,1,382,151,0.2618
2026-07-22,417,다크브라운,COLOR,1,1,1,0,244,112,0.4098
2026-07-26,417,다크브라운,COLOR,1,1,1,1,338,132,0.2959
2026-07-30,417,다크브라운,COLOR,1,1,1,0,249,101,0.4016
2026-08-10,417,다크브라운,COLOR,1,1,1,1,244,105,0.4098
2026-08-11,417,다크브라운,COLOR,1,1,1,1,383,116,0.2611
2026-08-17,417,다크브라운,COLOR,1,1,1,0,543,223,0.1842
2026-08-22,417,다크브라운,COLOR,2,2,2,1,275,117,0.7273
2026-08-24,417,다크브라운,COLOR,1,1,1,1,592,293,0.1689
2026-08-28,417,다크브라운,COLOR,3,3,1,1,414,157,0.7246
2026-08-29,417,다크브라운,COLOR,2,2,2,1,316,144,0.6329
2026-08-31,417,다크브라운,COLOR,1,1,1,0,714,321,0.1401
2026-09-04,417,다크브라운,COLOR,3,3,3,2,482,221,0.6224
2026-09-05,417,다크브라운,COLOR,3,3,3,3,563,234,0.5329
2026-09-06,417,다크브라운,COLOR,1,1,1,1,858,363,0.1166
2026-09-07,417,다크브라운,COLOR,3,3,2,1,732,308,0.4098
2026-06-24,477,더스티핑크,COLOR,1,1,1,1,369,145,0.271
2026-07-27,477,더스티핑크,COLOR,2,2,1,0,392,161,0.5102
2026-08-18,477,더스티핑크,COLOR,1,1,1,0,303,163,0.33
2026-09-06,477,더스티핑크,COLOR,1,1,1,1,858,363,0.1166
2025-09-19,750,드로스트링,DETAIL,1,1,1,0,106,25,0.9434
2025-09-20,750,드로스트링,DETAIL,1,1,1,0,96,34,1.0417
2025-10-03,750,드로스트링,DETAIL,1,1,1,0,103,20,0.9709
2025-11-07,750,드로스트링,DETAIL,1,1,1,0,95,32,1.0526
2025-11-08,750,드로스트링,DETAIL,1,1,1,0,74,32,1.3514
2025-11-22,750,드로스트링,DETAIL,1,1,1,0,75,36,1.3333
2026-01-17,750,드로스트링,DETAIL,1,1,1,0,143,78,0.6993
2026-05-22,750,드로스트링,DETAIL,1,1,1,1,227,77,0.4405
2026-06-12,750,드로스트링,DETAIL,2,2,1,1,352,114,0.5682
2026-06-14,750,드로스트링,DETAIL,1,1,1,0,529,186,0.189
2026-06-21,750,드로스트링,DETAIL,2,2,2,1,550,205,0.3636
2026-06-26,750,드로스트링,DETAIL,1,1,1,1,247,81,0.4049
2026-06-27,750,드로스트링,DETAIL,1,1,1,0,214,76,0.4673
2026-06-28,750,드로스트링,DETAIL,1,1,1,0,327,109,0.3058
2026-07-10,750,드로스트링,DETAIL,1,1,1,1,249,60,0.4016
2026-07-12,750,드로스트링,DETAIL,1,1,1,1,314,141,0.3185
2026-07-15,750,드로스트링,DETAIL,1,1,1,1,265,87,0.3774
2026-07-17,750,드로스트링,DETAIL,1,1,1,1,332,101,0.3012
2026-07-19,750,드로스트링,DETAIL,9,9,1,1,670,210,1.3433
2026-07-20,750,드로스트링,DETAIL,2,2,1,0,386,140,0.5181
2026-07-23,750,드로스트링,DETAIL,1,1,1,0,243,86,0.4115
2026-07-27,750,드로스트링,DETAIL,1,1,1,1,392,161,0.2551
2026-07-29,750,드로스트링,DETAIL,1,1,1,0,238,113,0.4202
2026-07-31,750,드로스트링,DETAIL,1,1,1,0,204,84,0.4902
2026-08-09,750,드로스트링,DETAIL,2,2,2,0,265,116,0.7547
2026-08-10,750,드로스트링,DETAIL,1,1,1,1,244,105,0.4098
2026-08-11,750,드로스트링,DETAIL,1,1,1,1,383,116,0.2611
2026-08-24,750,드로스트링,DETAIL,1,1,1,0,592,293,0.1689
2026-09-05,750,드로스트링,DETAIL,1,1,1,1,563,234,0.1776
2025-11-12,161,라이더재킷,ITEM,1,1,1,1,33,12,3.0303
2026-02-09,161,라이더재킷,ITEM,1,1,1,1,22,15,4.5455
2026-02-22,161,라이더재킷,ITEM,1,1,1,0,61,30,1.6393
2026-02-25,161,라이더재킷,ITEM,1,1,1,0,52,33,1.9231
2026-02-26,161,라이더재킷,ITEM,1,1,1,0,56,33,1.7857
2026-03-22,161,라이더재킷,ITEM,2,2,1,1,158,62,1.2658
2026-03-31,161,라이더재킷,ITEM,1,1,1,1,70,26,1.4286
2026-07-01,161,라이더재킷,ITEM,1,1,1,1,261,93,0.3831
2026-07-10,161,라이더재킷,ITEM,1,1,1,1,249,60,0.4016
2026-07-27,161,라이더재킷,ITEM,1,1,1,1,392,161,0.2551
2026-08-05,161,라이더재킷,ITEM,1,1,1,1,302,135,0.3311
2026-08-10,161,라이더재킷,ITEM,1,1,1,1,244,105,0.4098
2026-08-23,161,라이더재킷,ITEM,1,1,1,1,472,218,0.2119
2026-08-25,161,라이더재킷,ITEM,1,1,1,1,405,202,0.2469
2026-08-30,161,라이더재킷,ITEM,1,1,1,1,735,303,0.1361
2026-09-02,161,라이더재킷,ITEM,1,1,1,1,502,221,0.1992
2026-09-03,161,라이더재킷,ITEM,1,1,1,1,603,270,0.1658
2026-09-09,161,라이더재킷,ITEM,1,1,1,1,170,7,0.5882
2026-03-14,666,레글런소매,DETAIL,1,1,1,0,37,12,2.7027
2026-06-19,666,레글런소매,DETAIL,1,1,1,1,510,170,0.1961
2026-08-22,666,레글런소매,DETAIL,1,1,1,1,275,117,0.3636
2026-08-26,666,레글런소매,DETAIL,1,1,1,1,424,195,0.2358
2026-08-27,666,레글런소매,DETAIL,1,1,1,0,330,161,0.303
2026-09-01,666,레글런소매,DETAIL,1,1,1,1,601,253,0.1664
2025-12-19,466,레몬옐로우,COLOR,1,1,1,0,67,36,1.4925
2026-03-04,466,레몬옐로우,COLOR,1,1,1,1,159,65,0.6289
2026-04-26,466,레몬옐로우,COLOR,1,1,1,0,23,11,4.3478
2026-05-25,466,레몬옐로우,COLOR,1,1,1,1,400,155,0.25
2026-05-27,466,레몬옐로우,COLOR,1,1,1,0,222,83,0.4505
2026-05-30,466,레몬옐로우,COLOR,1,1,1,0,234,83,0.4274
2026-06-03,466,레몬옐로우,COLOR,1,1,1,0,222,94,0.4505
2026-06-09,466,레몬옐로우,COLOR,1,1,1,0,247,108,0.4049
2026-06-14,466,레몬옐로우,COLOR,1,1,1,1,529,186,0.189
2026-06-16,466,레몬옐로우,COLOR,1,1,1,1,465,184,0.2151
2026-06-17,466,레몬옐로우,COLOR,2,2,1,0,365,130,0.5479
2026-06-23,466,레몬옐로우,COLOR,2,2,1,0,401,171,0.4988
2026-06-24,466,레몬옐로우,COLOR,2,2,1,0,369,145,0.542
2026-06-25,466,레몬옐로우,COLOR,1,1,1,0,162,75,0.6173
2026-07-05,466,레몬옐로우,COLOR,1,1,1,0,295,122,0.339
2026-07-06,466,레몬옐로우,COLOR,2,2,2,1,204,85,0.9804
2026-07-07,466,레몬옐로우,COLOR,1,1,1,0,203,85,0.4926
2026-08-03,466,레몬옐로우,COLOR,3,3,2,1,257,111,1.1673
2026-08-04,466,레몬옐로우,COLOR,1,1,1,1,225,88,0.4444
2026-08-05,466,레몬옐로우,COLOR,2,2,1,0,302,135,0.6623
2026-08-06,466,레몬옐로우,COLOR,1,1,1,1,284,112,0.3521
2026-08-08,466,레몬옐로우,COLOR,1,1,1,0,143,57,0.6993
2026-08-16,466,레몬옐로우,COLOR,1,1,1,0,232,98,0.431
2026-09-02,466,레몬옐로우,COLOR,1,1,1,1,502,221,0.1992
2026-04-02,763,레이스트림,DETAIL,1,1,1,1,103,44,0.9709
2025-09-05,667,로우라이즈,DETAIL,1,1,1,1,87,25,1.1494
2025-12-21,667,로우라이즈,DETAIL,1,1,1,1,92,38,1.087
2026-03-06,667,로우라이즈,DETAIL,1,1,1,1,203,70,0.4926
2026-03-15,667,로우라이즈,DETAIL,1,1,1,1,87,29,1.1494
2026-03-23,667,로우라이즈,DETAIL,1,1,1,0,64,38,1.5625
2026-04-11,667,로우라이즈,DETAIL,1,1,1,1,80,37,1.25
2026-04-19,667,로우라이즈,DETAIL,1,1,1,1,286,115,0.3497
2026-04-30,667,로우라이즈,DETAIL,1,1,1,1,78,19,1.2821
2026-05-09,667,로우라이즈,DETAIL,1,1,1,1,71,29,1.4085
2026-05-16,667,로우라이즈,DETAIL,1,1,1,1,158,49,0.6329
2026-05-17,667,로우라이즈,DETAIL,1,1,1,0,166,82,0.6024
2026-05-21,667,로우라이즈,DETAIL,1,1,1,1,270,85,0.3704
2026-05-23,667,로우라이즈,DETAIL,1,1,1,1,331,93,0.3021
2026-05-29,667,로우라이즈,DETAIL,1,1,1,1,188,59,0.5319
2026-06-06,667,로우라이즈,DETAIL,1,1,1,1,336,108,0.2976
2026-06-07,667,로우라이즈,DETAIL,1,1,1,0,322,152,0.3106
2026-06-10,667,로우라이즈,DETAIL,1,1,1,0,345,160,0.2899
2026-06-13,667,로우라이즈,DETAIL,1,1,1,1,267,107,0.3745
2026-06-14,667,로우라이즈,DETAIL,2,2,1,0,529,186,0.3781
2026-06-15,667,로우라이즈,DETAIL,1,1,1,0,440,179,0.2273
2026-06-21,667,로우라이즈,DETAIL,6,6,3,3,550,205,1.0909
2026-06-22,667,로우라이즈,DETAIL,2,2,2,1,455,179,0.4396
2026-06-24,667,로우라이즈,DETAIL,1,1,1,1,369,145,0.271
2026-06-30,667,로우라이즈,DETAIL,1,1,1,0,156,56,0.641
2026-07-21,667,로우라이즈,DETAIL,1,1,1,1,284,141,0.3521
2026-07-23,667,로우라이즈,DETAIL,1,1,1,1,243,86,0.4115
2026-07-24,667,로우라이즈,DETAIL,1,1,1,1,233,80,0.4292
2026-07-25,667,로우라이즈,DETAIL,2,2,2,0,245,115,0.8163
2026-07-26,667,로우라이즈,DETAIL,1,1,1,1,338,132,0.2959
2026-07-27,667,로우라이즈,DETAIL,1,1,1,0,392,161,0.2551
2026-08-01,667,로우라이즈,DETAIL,2,2,2,1,277,115,0.722
2026-08-07,667,로우라이즈,DETAIL,1,1,1,0,151,70,0.6623
2026-08-08,667,로우라이즈,DETAIL,6,6,3,1,143,57,4.1958
2026-08-09,667,로우라이즈,DETAIL,2,2,1,1,265,116,0.7547
2026-08-10,667,로우라이즈,DETAIL,1,1,1,0,244,105,0.4098
2026-08-15,667,로우라이즈,DETAIL,2,2,1,1,172,83,1.1628
2026-08-17,667,로우라이즈,DETAIL,5,5,2,1,543,223,0.9208
2026-08-18,667,로우라이즈,DETAIL,10,10,1,0,303,163,3.3003
2026-08-19,667,로우라이즈,DETAIL,6,6,1,0,219,95,2.7397
2026-08-20,667,로우라이즈,DETAIL,3,3,1,0,236,110,1.2712
2026-08-21,667,로우라이즈,DETAIL,3,3,2,0,235,105,1.2766
2026-08-22,667,로우라이즈,DETAIL,1,1,1,0,275,117,0.3636
2026-08-24,667,로우라이즈,DETAIL,1,1,1,0,592,293,0.1689
2026-08-25,667,로우라이즈,DETAIL,2,2,1,1,405,202,0.4938
2026-08-26,667,로우라이즈,DETAIL,2,2,2,0,424,195,0.4717
2026-08-27,667,로우라이즈,DETAIL,2,2,2,1,330,161,0.6061
2026-08-28,667,로우라이즈,DETAIL,1,1,1,1,414,157,0.2415
2026-08-29,667,로우라이즈,DETAIL,2,2,1,0,316,144,0.6329
2026-08-31,667,로우라이즈,DETAIL,1,1,1,1,714,321,0.1401
2026-09-01,667,로우라이즈,DETAIL,2,2,2,0,601,253,0.3328
2026-09-03,667,로우라이즈,DETAIL,1,1,1,1,603,270,0.1658
2026-09-04,667,로우라이즈,DETAIL,2,2,2,0,482,221,0.4149
2026-09-05,667,로우라이즈,DETAIL,1,1,1,0,563,234,0.1776
2026-09-07,667,로우라이즈,DETAIL,1,1,1,0,732,308,0.1366
2025-09-01,418,모카브라운,COLOR,1,1,1,0,68,41,1.4706
2025-10-10,418,모카브라운,COLOR,1,1,1,1,80,23,1.25
2025-11-26,418,모카브라운,COLOR,1,1,1,0,29,14,3.4483
2026-01-11,418,모카브라운,COLOR,1,1,1,0,29,17,3.4483
2026-05-21,418,모카브라운,COLOR,1,1,1,1,270,85,0.3704
2026-05-29,418,모카브라운,COLOR,1,1,1,1,188,59,0.5319
2026-06-01,418,모카브라운,COLOR,1,1,1,1,360,160,0.2778
2026-06-28,418,모카브라운,COLOR,1,1,1,1,327,109,0.3058
2026-07-04,418,모카브라운,COLOR,1,1,1,1,306,114,0.3268
2026-07-22,418,모카브라운,COLOR,1,1,1,1,244,112,0.4098
2026-08-07,418,모카브라운,COLOR,1,1,1,0,151,70,0.6623
2026-08-09,418,모카브라운,COLOR,1,1,1,1,265,116,0.3774
2026-08-14,418,모카브라운,COLOR,1,1,1,1,159,54,0.6289
2026-09-01,418,모카브라운,COLOR,1,1,1,0,601,253,0.1664
2026-09-06,418,모카브라운,COLOR,4,4,1,1,858,363,0.4662
2026-09-08,418,모카브라운,COLOR,2,2,1,0,248,112,0.8065
2026-04-12,668,미드라이즈,DETAIL,1,1,1,0,29,19,3.4483
2026-05-16,668,미드라이즈,DETAIL,1,1,1,1,158,49,0.6329
2026-05-29,668,미드라이즈,DETAIL,1,1,1,0,188,59,0.5319
2026-06-03,668,미드라이즈,DETAIL,1,1,1,1,222,94,0.4505
2026-06-12,668,미드라이즈,DETAIL,1,1,1,1,352,114,0.2841
2026-06-24,668,미드라이즈,DETAIL,1,1,1,1,369,145,0.271
2026-06-25,668,미드라이즈,DETAIL,1,1,1,1,162,75,0.6173
2026-06-26,668,미드라이즈,DETAIL,1,1,1,0,247,81,0.4049
2026-07-04,668,미드라이즈,DETAIL,1,1,1,1,306,114,0.3268
2026-07-14,668,미드라이즈,DETAIL,1,1,1,0,267,89,0.3745
2026-07-24,668,미드라이즈,DETAIL,1,1,1,1,233,80,0.4292
2026-07-25,668,미드라이즈,DETAIL,1,1,1,0,245,115,0.4082
2026-07-26,668,미드라이즈,DETAIL,1,1,1,1,338,132,0.2959
2026-08-01,668,미드라이즈,DETAIL,1,1,1,1,277,115,0.361
2026-08-15,668,미드라이즈,DETAIL,1,1,1,1,172,83,0.5814
2026-08-29,668,미드라이즈,DETAIL,1,1,1,0,316,144,0.3165
2026-09-05,668,미드라이즈,DETAIL,1,1,1,1,563,234,0.1776
2026-02-01,390,바이크코어,STYLE,1,1,1,0,83,43,1.2048
2026-07-10,390,바이크코어,STYLE,1,1,1,1,249,60,0.4016
2026-07-17,390,바이크코어,STYLE,1,1,1,1,332,101,0.3012
2025-10-04,175,버뮤다팬츠,ITEM,1,1,1,0,84,22,1.1905
2026-04-16,175,버뮤다팬츠,ITEM,1,1,1,1,41,12,2.439
2026-05-04,175,버뮤다팬츠,ITEM,1,1,1,0,61,39,1.6393
2026-05-08,175,버뮤다팬츠,ITEM,1,1,1,0,46,32,2.1739
2026-05-10,175,버뮤다팬츠,ITEM,1,1,1,0,34,21,2.9412
2026-05-14,175,버뮤다팬츠,ITEM,2,2,2,1,271,108,0.738
2026-05-15,175,버뮤다팬츠,ITEM,2,2,1,0,177,75,1.1299
2026-05-17,175,버뮤다팬츠,ITEM,1,1,1,1,166,82,0.6024
2026-05-18,175,버뮤다팬츠,ITEM,3,3,2,2,146,74,2.0548
2026-05-20,175,버뮤다팬츠,ITEM,4,4,1,1,244,80,1.6393
2026-05-21,175,버뮤다팬츠,ITEM,8,8,2,1,270,85,2.963
2026-05-22,175,버뮤다팬츠,ITEM,4,4,4,1,227,77,1.7621
2026-05-23,175,버뮤다팬츠,ITEM,8,8,3,1,331,93,2.4169
2026-05-24,175,버뮤다팬츠,ITEM,3,3,2,0,297,121,1.0101
2026-05-25,175,버뮤다팬츠,ITEM,1,1,1,0,400,155,0.25
2026-05-26,175,버뮤다팬츠,ITEM,1,1,1,0,189,90,0.5291
2026-05-27,175,버뮤다팬츠,ITEM,2,2,2,2,222,83,0.9009
2026-05-28,175,버뮤다팬츠,ITEM,1,1,1,0,228,103,0.4386
2026-05-30,175,버뮤다팬츠,ITEM,1,1,1,0,234,83,0.4274
2026-05-31,175,버뮤다팬츠,ITEM,3,3,2,0,354,109,0.8475
2026-06-01,175,버뮤다팬츠,ITEM,10,10,3,1,360,160,2.7778
2026-06-02,175,버뮤다팬츠,ITEM,7,7,3,0,224,100,3.125
2026-06-03,175,버뮤다팬츠,ITEM,7,7,5,1,222,94,3.1532
2026-06-05,175,버뮤다팬츠,ITEM,1,1,1,0,183,55,0.5464
2026-06-06,175,버뮤다팬츠,ITEM,1,1,1,0,336,108,0.2976
2026-06-07,175,버뮤다팬츠,ITEM,2,2,2,0,322,152,0.6211
2026-06-08,175,버뮤다팬츠,ITEM,20,20,3,2,380,152,5.2632
2026-06-09,175,버뮤다팬츠,ITEM,7,7,2,0,247,108,2.834
2026-06-10,175,버뮤다팬츠,ITEM,4,4,2,0,345,160,1.1594
2026-06-11,175,버뮤다팬츠,ITEM,1,1,1,1,239,114,0.4184
2026-06-12,175,버뮤다팬츠,ITEM,3,3,2,1,352,114,0.8523
2026-06-13,175,버뮤다팬츠,ITEM,1,1,1,0,267,107,0.3745
2026-06-14,175,버뮤다팬츠,ITEM,7,7,5,2,529,186,1.3233
2026-06-15,175,버뮤다팬츠,ITEM,2,2,2,0,440,179,0.4545
2026-06-16,175,버뮤다팬츠,ITEM,1,1,1,1,465,184,0.2151
2026-06-17,175,버뮤다팬츠,ITEM,2,2,2,2,365,130,0.5479
2026-06-18,175,버뮤다팬츠,ITEM,2,2,2,1,286,139,0.6993
2026-06-19,175,버뮤다팬츠,ITEM,5,5,3,1,510,170,0.9804
2026-06-20,175,버뮤다팬츠,ITEM,3,3,2,2,422,169,0.7109
2026-06-21,175,버뮤다팬츠,ITEM,5,5,3,0,550,205,0.9091
2026-06-22,175,버뮤다팬츠,ITEM,6,6,6,1,455,179,1.3187
2026-06-23,175,버뮤다팬츠,ITEM,1,1,1,0,401,171,0.2494
2026-06-28,175,버뮤다팬츠,ITEM,3,3,2,2,327,109,0.9174
2026-07-01,175,버뮤다팬츠,ITEM,1,1,1,0,261,93,0.3831
2026-07-03,175,버뮤다팬츠,ITEM,1,1,1,0,154,63,0.6494
2026-07-04,175,버뮤다팬츠,ITEM,1,1,1,0,306,114,0.3268
2026-07-06,175,버뮤다팬츠,ITEM,1,1,1,0,204,85,0.4902
2026-07-08,175,버뮤다팬츠,ITEM,1,1,1,0,112,58,0.8929
2026-07-10,175,버뮤다팬츠,ITEM,1,1,1,0,249,60,0.4016
2026-07-14,175,버뮤다팬츠,ITEM,1,1,1,0,267,89,0.3745
2026-07-15,175,버뮤다팬츠,ITEM,1,1,1,1,265,87,0.3774
2026-07-19,175,버뮤다팬츠,ITEM,1,1,1,0,670,210,0.1493
2026-07-22,175,버뮤다팬츠,ITEM,1,1,1,0,244,112,0.4098
2026-07-23,175,버뮤다팬츠,ITEM,1,1,1,0,243,86,0.4115
2026-07-26,175,버뮤다팬츠,ITEM,1,1,1,1,338,132,0.2959
2026-07-27,175,버뮤다팬츠,ITEM,5,5,1,1,392,161,1.2755
2026-07-28,175,버뮤다팬츠,ITEM,1,1,1,0,262,125,0.3817
2026-07-29,175,버뮤다팬츠,ITEM,3,3,1,0,238,113,1.2605
2026-08-01,175,버뮤다팬츠,ITEM,1,1,1,0,277,115,0.361
2026-08-02,175,버뮤다팬츠,ITEM,2,2,1,1,250,101,0.8
2026-08-04,175,버뮤다팬츠,ITEM,1,1,1,0,225,88,0.4444
2026-08-05,175,버뮤다팬츠,ITEM,2,2,1,0,302,135,0.6623
2026-08-07,175,버뮤다팬츠,ITEM,1,1,1,1,151,70,0.6623
2026-08-08,175,버뮤다팬츠,ITEM,2,2,2,0,143,57,1.3986
2026-08-12,175,버뮤다팬츠,ITEM,2,2,1,0,194,92,1.0309
2026-08-16,175,버뮤다팬츠,ITEM,1,1,1,1,232,98,0.431
2026-08-21,175,버뮤다팬츠,ITEM,1,1,1,0,235,105,0.4255
2026-08-24,175,버뮤다팬츠,ITEM,1,1,1,0,592,293,0.1689
2026-08-30,175,버뮤다팬츠,ITEM,1,1,1,0,735,303,0.1361
2026-09-02,175,버뮤다팬츠,ITEM,1,1,1,1,502,221,0.1992
2026-09-05,175,버뮤다팬츠,ITEM,2,2,2,1,563,234,0.3552
2026-09-09,175,버뮤다팬츠,ITEM,1,1,1,1,170,7,0.5882
2025-09-20,478,버터옐로우,COLOR,1,1,1,0,96,34,1.0417
2025-09-26,478,버터옐로우,COLOR,1,1,1,0,76,18,1.3158
2025-10-31,478,버터옐로우,COLOR,2,2,1,0,66,25,3.0303
2025-11-01,478,버터옐로우,COLOR,1,1,1,0,41,19,2.439
2025-11-02,478,버터옐로우,COLOR,3,3,1,0,86,23,3.4884
2025-11-07,478,버터옐로우,COLOR,2,2,1,0,95,32,2.1053
2025-11-08,478,버터옐로우,COLOR,5,5,1,0,74,32,6.7568
2025-11-09,478,버터옐로우,COLOR,1,1,1,1,76,21,1.3158
2025-11-10,478,버터옐로우,COLOR,1,1,1,0,34,16,2.9412
2025-11-11,478,버터옐로우,COLOR,2,2,1,0,21,8,9.5238
2025-11-13,478,버터옐로우,COLOR,2,2,1,0,13,7,15.3846
2025-11-20,478,버터옐로우,COLOR,2,2,1,1,172,49,1.1628
2025-11-21,478,버터옐로우,COLOR,1,1,1,0,127,48,0.7874
2025-12-10,478,버터옐로우,COLOR,1,1,1,0,17,11,5.8824
2025-12-21,478,버터옐로우,COLOR,1,1,1,0,92,38,1.087
2026-03-25,478,버터옐로우,COLOR,1,1,1,0,37,25,2.7027
2026-06-03,478,버터옐로우,COLOR,1,1,1,1,222,94,0.4505
2026-06-05,478,버터옐로우,COLOR,1,1,1,1,183,55,0.5464
2026-06-15,478,버터옐로우,COLOR,1,1,1,1,440,179,0.2273
2026-07-17,478,버터옐로우,COLOR,1,1,1,1,332,101,0.3012
2026-08-22,478,버터옐로우,COLOR,1,1,1,0,275,117,0.3636
2025-12-25,479,베이비블루,COLOR,1,1,1,0,12,7,8.3333
2025-12-28,479,베이비블루,COLOR,1,1,1,0,16,11,6.25
2026-03-27,479,베이비블루,COLOR,1,1,1,0,124,47,0.8065
2026-06-21,479,베이비블루,COLOR,1,1,1,1,550,205,0.1818
2026-06-25,479,베이비블루,COLOR,1,1,1,0,162,75,0.6173
2026-08-01,479,베이비블루,COLOR,1,1,1,1,277,115,0.361
2026-08-14,479,베이비블루,COLOR,1,1,1,1,159,54,0.6289
2026-09-06,479,베이비블루,COLOR,1,1,1,1,858,363,0.1166
2025-09-06,480,베이비핑크,COLOR,1,1,1,0,103,33,0.9709
2025-12-25,480,베이비핑크,COLOR,1,1,1,0,12,7,8.3333
2026-05-01,480,베이비핑크,COLOR,1,1,1,0,82,24,1.2195
2026-08-05,480,베이비핑크,COLOR,1,1,1,0,302,135,0.3311
2026-05-01,440,샌드베이지,COLOR,1,1,1,1,82,24,1.2195
2026-05-24,440,샌드베이지,COLOR,1,1,1,1,297,121,0.3367
2026-06-14,440,샌드베이지,COLOR,2,2,1,1,529,186,0.3781
2026-06-17,440,샌드베이지,COLOR,1,1,1,1,365,130,0.274
2026-06-21,440,샌드베이지,COLOR,1,1,1,1,550,205,0.1818
2026-06-23,440,샌드베이지,COLOR,1,1,1,1,401,171,0.2494
2026-07-18,440,샌드베이지,COLOR,1,1,1,1,429,155,0.2331
2026-08-04,440,샌드베이지,COLOR,1,1,1,1,225,88,0.4444
2026-08-13,440,샌드베이지,COLOR,1,1,1,1,223,94,0.4484
2026-09-03,440,샌드베이지,COLOR,1,1,1,1,603,270,0.1658
2026-09-05,440,샌드베이지,COLOR,1,1,1,1,563,234,0.1776
2025-09-11,618,세미오버핏,DETAIL,1,1,1,0,24,8,4.1667
2025-09-20,618,세미오버핏,DETAIL,1,1,1,0,96,34,1.0417
2025-09-25,618,세미오버핏,DETAIL,1,1,1,0,40,12,2.5
2025-11-27,618,세미오버핏,DETAIL,1,1,1,0,35,15,2.8571
2026-02-26,618,세미오버핏,DETAIL,1,1,1,0,56,33,1.7857
2026-03-19,618,세미오버핏,DETAIL,1,1,1,0,89,60,1.1236
2026-04-10,618,세미오버핏,DETAIL,1,1,1,0,37,22,2.7027
2026-05-12,618,세미오버핏,DETAIL,1,1,1,0,134,52,0.7463
2026-05-28,618,세미오버핏,DETAIL,2,2,1,1,228,103,0.8772
2026-05-29,618,세미오버핏,DETAIL,1,1,1,1,188,59,0.5319
2026-05-30,618,세미오버핏,DETAIL,1,1,1,0,234,83,0.4274
2026-06-01,618,세미오버핏,DETAIL,2,2,1,0,360,160,0.5556
2026-06-10,618,세미오버핏,DETAIL,1,1,1,1,345,160,0.2899
2026-06-16,618,세미오버핏,DETAIL,1,1,1,1,465,184,0.2151
2026-06-27,618,세미오버핏,DETAIL,1,1,1,1,214,76,0.4673
2026-07-05,618,세미오버핏,DETAIL,1,1,1,1,295,122,0.339
2026-07-06,618,세미오버핏,DETAIL,1,1,1,0,204,85,0.4902
2026-07-19,618,세미오버핏,DETAIL,1,1,1,1,670,210,0.1493
2026-07-20,618,세미오버핏,DETAIL,1,1,1,0,386,140,0.2591
2026-07-21,618,세미오버핏,DETAIL,1,1,1,0,284,141,0.3521
2026-07-25,618,세미오버핏,DETAIL,2,2,1,0,245,115,0.8163
2026-08-03,618,세미오버핏,DETAIL,2,2,2,1,257,111,0.7782
2026-08-10,618,세미오버핏,DETAIL,1,1,1,0,244,105,0.4098
2026-08-12,618,세미오버핏,DETAIL,1,1,1,0,194,92,0.5155
2026-08-16,618,세미오버핏,DETAIL,1,1,1,1,232,98,0.431
2026-08-19,618,세미오버핏,DETAIL,1,1,1,0,219,95,0.4566
2026-08-23,618,세미오버핏,DETAIL,3,3,3,2,472,218,0.6356
2026-08-25,618,세미오버핏,DETAIL,1,1,1,0,405,202,0.2469
2026-08-29,618,세미오버핏,DETAIL,3,3,3,1,316,144,0.9494
2026-08-31,618,세미오버핏,DETAIL,1,1,1,1,714,321,0.1401
2026-09-01,618,세미오버핏,DETAIL,1,1,1,1,601,253,0.1664
2026-09-03,618,세미오버핏,DETAIL,1,1,1,0,603,270,0.1658
2026-09-04,618,세미오버핏,DETAIL,2,2,1,1,482,221,0.4149
2026-09-05,618,세미오버핏,DETAIL,1,1,1,1,563,234,0.1776
2026-09-07,618,세미오버핏,DETAIL,2,2,2,1,732,308,0.2732
2026-09-09,618,세미오버핏,DETAIL,1,1,1,1,170,7,0.5882
2025-12-05,621,세미와이드,DETAIL,1,1,1,1,88,46,1.1364
2025-12-07,621,세미와이드,DETAIL,1,1,1,1,120,49,0.8333
2025-12-13,621,세미와이드,DETAIL,1,1,1,0,28,20,3.5714
2026-01-29,621,세미와이드,DETAIL,1,1,1,1,60,12,1.6667
2026-03-17,621,세미와이드,DETAIL,1,1,1,1,76,20,1.3158
2026-03-19,621,세미와이드,DETAIL,1,1,1,0,89,60,1.1236
2026-03-24,621,세미와이드,DETAIL,1,1,1,0,70,41,1.4286
2026-04-27,621,세미와이드,DETAIL,1,1,1,1,175,75,0.5714
2026-05-03,621,세미와이드,DETAIL,1,1,1,1,150,45,0.6667
2026-05-05,621,세미와이드,DETAIL,1,1,1,0,121,55,0.8264
2026-05-11,621,세미와이드,DETAIL,3,3,1,1,111,47,2.7027
2026-05-12,621,세미와이드,DETAIL,1,1,1,0,134,52,0.7463
2026-05-14,621,세미와이드,DETAIL,1,1,1,0,271,108,0.369
2026-05-22,621,세미와이드,DETAIL,1,1,1,1,227,77,0.4405
2026-05-24,621,세미와이드,DETAIL,1,1,1,1,297,121,0.3367
2026-05-27,621,세미와이드,DETAIL,1,1,1,0,222,83,0.4505
2026-05-29,621,세미와이드,DETAIL,1,1,1,1,188,59,0.5319
2026-05-31,621,세미와이드,DETAIL,3,3,2,0,354,109,0.8475
2026-06-01,621,세미와이드,DETAIL,1,1,1,0,360,160,0.2778
2026-06-05,621,세미와이드,DETAIL,1,1,1,1,183,55,0.5464
2026-06-11,621,세미와이드,DETAIL,1,1,1,1,239,114,0.4184
2026-06-12,621,세미와이드,DETAIL,1,1,1,1,352,114,0.2841
2026-06-14,621,세미와이드,DETAIL,1,1,1,1,529,186,0.189
2026-06-19,621,세미와이드,DETAIL,1,1,1,1,510,170,0.1961
2026-06-20,621,세미와이드,DETAIL,2,2,1,1,422,169,0.4739
2026-06-21,621,세미와이드,DETAIL,2,2,1,0,550,205,0.3636
2026-06-22,621,세미와이드,DETAIL,2,2,2,0,455,179,0.4396
2026-06-27,621,세미와이드,DETAIL,1,1,1,0,214,76,0.4673
2026-06-28,621,세미와이드,DETAIL,2,2,2,0,327,109,0.6116
2026-06-30,621,세미와이드,DETAIL,1,1,1,1,156,56,0.641
2026-07-03,621,세미와이드,DETAIL,1,1,1,1,154,63,0.6494
2026-07-07,621,세미와이드,DETAIL,1,1,1,0,203,85,0.4926
2026-07-09,621,세미와이드,DETAIL,1,1,1,1,161,62,0.6211
2026-07-10,621,세미와이드,DETAIL,1,1,1,0,249,60,0.4016
2026-07-11,621,세미와이드,DETAIL,2,2,1,1,174,63,1.1494
2026-07-15,621,세미와이드,DETAIL,1,1,1,1,265,87,0.3774
2026-07-23,621,세미와이드,DETAIL,1,1,1,0,243,86,0.4115
2026-07-26,621,세미와이드,DETAIL,1,1,1,0,338,132,0.2959
2026-07-27,621,세미와이드,DETAIL,1,1,1,0,392,161,0.2551
2026-07-29,621,세미와이드,DETAIL,1,1,1,1,238,113,0.4202
2026-07-31,621,세미와이드,DETAIL,1,1,1,1,204,84,0.4902
2026-08-01,621,세미와이드,DETAIL,1,1,1,1,277,115,0.361
2026-08-06,621,세미와이드,DETAIL,1,1,1,0,284,112,0.3521
2026-08-07,621,세미와이드,DETAIL,1,1,1,0,151,70,0.6623
2026-08-09,621,세미와이드,DETAIL,1,1,1,0,265,116,0.3774
2026-08-10,621,세미와이드,DETAIL,1,1,1,0,244,105,0.4098
2026-08-12,621,세미와이드,DETAIL,1,1,1,0,194,92,0.5155
2026-08-13,621,세미와이드,DETAIL,1,1,1,1,223,94,0.4484
2026-08-14,621,세미와이드,DETAIL,1,1,1,1,159,54,0.6289
2026-08-16,621,세미와이드,DETAIL,2,2,2,1,232,98,0.8621
2026-08-17,621,세미와이드,DETAIL,1,1,1,0,543,223,0.1842
2026-08-18,621,세미와이드,DETAIL,2,2,2,0,303,163,0.6601
2026-08-19,621,세미와이드,DETAIL,2,2,2,1,219,95,0.9132
2026-08-20,621,세미와이드,DETAIL,1,1,1,0,236,110,0.4237
2026-08-23,621,세미와이드,DETAIL,2,2,2,1,472,218,0.4237
2026-08-25,621,세미와이드,DETAIL,1,1,1,0,405,202,0.2469
2026-08-26,621,세미와이드,DETAIL,2,2,1,1,424,195,0.4717
2026-08-27,621,세미와이드,DETAIL,2,2,2,0,330,161,0.6061
2026-08-28,621,세미와이드,DETAIL,2,2,2,1,414,157,0.4831
2026-08-30,621,세미와이드,DETAIL,23,23,4,2,735,303,3.1293
2026-08-31,621,세미와이드,DETAIL,8,8,3,0,714,321,1.1204
2026-09-01,621,세미와이드,DETAIL,8,8,4,1,601,253,1.3311
2026-09-02,621,세미와이드,DETAIL,4,4,2,0,502,221,0.7968
2026-09-04,621,세미와이드,DETAIL,1,1,1,0,482,221,0.2075
2026-09-09,621,세미와이드,DETAIL,1,1,1,1,170,7,0.5882
2025-11-02,419,세이지그린,COLOR,1,1,1,0,86,23,1.1628
2026-04-15,419,세이지그린,COLOR,1,1,1,1,22,10,4.5455
2026-07-05,419,세이지그린,COLOR,1,1,1,1,295,122,0.339
2026-05-15,726,세일러칼라,DETAIL,2,2,1,0,177,75,1.1299
2025-10-29,177,스웨트팬츠,ITEM,1,1,1,0,26,9,3.8462
2025-12-06,177,스웨트팬츠,ITEM,1,1,1,0,91,53,1.0989
2026-02-07,177,스웨트팬츠,ITEM,2,2,1,0,115,57,1.7391
2026-03-15,177,스웨트팬츠,ITEM,1,1,1,1,87,29,1.1494
2026-05-08,177,스웨트팬츠,ITEM,1,1,1,0,46,32,2.1739
2026-05-11,177,스웨트팬츠,ITEM,3,3,1,1,111,47,2.7027
2026-05-17,177,스웨트팬츠,ITEM,1,1,1,0,166,82,0.6024
2026-06-03,177,스웨트팬츠,ITEM,1,1,1,0,222,94,0.4505
2026-06-08,177,스웨트팬츠,ITEM,1,1,1,0,380,152,0.2632
2026-06-13,177,스웨트팬츠,ITEM,1,1,1,1,267,107,0.3745
2026-06-18,177,스웨트팬츠,ITEM,1,1,1,0,286,139,0.3497
2026-06-20,177,스웨트팬츠,ITEM,1,1,1,1,422,169,0.237
2026-06-21,177,스웨트팬츠,ITEM,3,3,1,0,550,205,0.5455
2026-06-22,177,스웨트팬츠,ITEM,1,1,1,0,455,179,0.2198
2026-06-23,177,스웨트팬츠,ITEM,1,1,1,0,401,171,0.2494
2026-06-30,177,스웨트팬츠,ITEM,1,1,1,1,156,56,0.641
2026-07-12,177,스웨트팬츠,ITEM,1,1,1,1,314,141,0.3185
2026-07-16,177,스웨트팬츠,ITEM,1,1,1,1,179,58,0.5587
2026-07-26,177,스웨트팬츠,ITEM,1,1,1,0,338,132,0.2959
2026-07-29,177,스웨트팬츠,ITEM,1,1,1,1,238,113,0.4202
2026-07-30,177,스웨트팬츠,ITEM,1,1,1,0,249,101,0.4016
2026-07-31,177,스웨트팬츠,ITEM,3,3,3,1,204,84,1.4706
2026-08-06,177,스웨트팬츠,ITEM,1,1,1,0,284,112,0.3521
2026-08-23,177,스웨트팬츠,ITEM,1,1,1,1,472,218,0.2119
2026-08-26,177,스웨트팬츠,ITEM,1,1,1,1,424,195,0.2358
2026-08-27,177,스웨트팬츠,ITEM,1,1,1,0,330,161,0.303
2026-08-29,177,스웨트팬츠,ITEM,1,1,1,0,316,144,0.3165
2026-08-30,177,스웨트팬츠,ITEM,3,3,2,1,735,303,0.4082
2026-08-31,177,스웨트팬츠,ITEM,8,8,2,1,714,321,1.1204
2026-09-01,177,스웨트팬츠,ITEM,6,6,3,1,601,253,0.9983
2026-09-02,177,스웨트팬츠,ITEM,1,1,1,0,502,221,0.1992
2026-09-03,177,스웨트팬츠,ITEM,1,1,1,0,603,270,0.1658
2026-09-04,177,스웨트팬츠,ITEM,3,3,2,1,482,221,0.6224
2026-09-06,177,스웨트팬츠,ITEM,2,2,2,1,858,363,0.2331
2026-09-07,177,스웨트팬츠,ITEM,4,4,2,0,732,308,0.5464
2026-09-09,177,스웨트팬츠,ITEM,1,1,1,1,170,7,0.5882
2025-09-02,430,스카이블루,COLOR,1,1,1,0,36,20,2.7778
2025-09-21,430,스카이블루,COLOR,1,1,1,1,55,12,1.8182
2025-09-28,430,스카이블루,COLOR,1,1,1,1,78,15,1.2821
2025-10-19,430,스카이블루,COLOR,1,1,1,1,46,13,2.1739
2025-11-20,430,스카이블루,COLOR,1,1,1,1,172,49,0.5814
2025-11-21,430,스카이블루,COLOR,1,1,1,0,127,48,0.7874
2025-11-23,430,스카이블루,COLOR,1,1,1,1,92,33,1.087
2025-12-19,430,스카이블루,COLOR,1,1,1,0,67,36,1.4925
2026-02-06,430,스카이블루,COLOR,1,1,1,0,65,32,1.5385
2026-02-07,430,스카이블루,COLOR,1,1,1,0,115,57,0.8696
2026-02-10,430,스카이블루,COLOR,1,1,1,0,57,40,1.7544
2026-02-20,430,스카이블루,COLOR,1,1,1,1,152,39,0.6579
2026-03-01,430,스카이블루,COLOR,1,1,1,1,144,46,0.6944
2026-03-04,430,스카이블루,COLOR,1,1,1,1,159,65,0.6289
2026-03-07,430,스카이블루,COLOR,1,1,1,0,82,41,1.2195
2026-03-22,430,스카이블루,COLOR,1,1,1,1,158,62,0.6329
2026-03-26,430,스카이블루,COLOR,4,4,1,0,154,65,2.5974
2026-03-27,430,스카이블루,COLOR,3,3,1,0,124,47,2.4194
2026-03-29,430,스카이블루,COLOR,2,2,1,0,38,17,5.2632
2026-05-03,430,스카이블루,COLOR,1,1,1,1,150,45,0.6667
2026-05-07,430,스카이블루,COLOR,1,1,1,0,60,37,1.6667
2026-05-11,430,스카이블루,COLOR,1,1,1,1,111,47,0.9009
2026-05-13,430,스카이블루,COLOR,1,1,1,1,137,56,0.7299
2026-05-16,430,스카이블루,COLOR,1,1,1,0,158,49,0.6329
2026-05-17,430,스카이블루,COLOR,1,1,1,0,166,82,0.6024
2026-05-21,430,스카이블루,COLOR,1,1,1,1,270,85,0.3704
2026-05-22,430,스카이블루,COLOR,1,1,1,1,227,77,0.4405
2026-05-24,430,스카이블루,COLOR,1,1,1,1,297,121,0.3367
2026-05-26,430,스카이블루,COLOR,1,1,1,1,189,90,0.5291
2026-05-27,430,스카이블루,COLOR,1,1,1,0,222,83,0.4505
2026-05-29,430,스카이블루,COLOR,2,2,2,1,188,59,1.0638
2026-05-30,430,스카이블루,COLOR,1,1,1,0,234,83,0.4274
2026-06-01,430,스카이블루,COLOR,1,1,1,0,360,160,0.2778
2026-06-02,430,스카이블루,COLOR,2,2,2,0,224,100,0.8929
2026-06-03,430,스카이블루,COLOR,1,1,1,0,222,94,0.4505
2026-06-05,430,스카이블루,COLOR,2,2,2,1,183,55,1.0929
2026-06-08,430,스카이블루,COLOR,1,1,1,1,380,152,0.2632
2026-06-10,430,스카이블루,COLOR,3,3,2,1,345,160,0.8696
2026-06-12,430,스카이블루,COLOR,1,1,1,0,352,114,0.2841
2026-06-14,430,스카이블루,COLOR,1,1,1,0,529,186,0.189
2026-06-16,430,스카이블루,COLOR,1,1,1,0,465,184,0.2151
2026-06-19,430,스카이블루,COLOR,2,2,2,2,510,170,0.3922
2026-06-24,430,스카이블루,COLOR,1,1,1,0,369,145,0.271
2026-06-25,430,스카이블루,COLOR,2,2,2,0,162,75,1.2346
2026-06-26,430,스카이블루,COLOR,1,1,1,1,247,81,0.4049
2026-06-27,430,스카이블루,COLOR,1,1,1,0,214,76,0.4673
2026-07-07,430,스카이블루,COLOR,2,2,1,0,203,85,0.9852
2026-07-09,430,스카이블루,COLOR,3,3,1,0,161,62,1.8634
2026-07-10,430,스카이블루,COLOR,2,2,2,1,249,60,0.8032
2026-07-17,430,스카이블루,COLOR,1,1,1,1,332,101,0.3012
2026-07-20,430,스카이블루,COLOR,1,1,1,0,386,140,0.2591
2026-07-24,430,스카이블루,COLOR,3,3,3,0,233,80,1.2876
2026-07-26,430,스카이블루,COLOR,1,1,1,0,338,132,0.2959
2026-07-27,430,스카이블루,COLOR,1,1,1,0,392,161,0.2551
2026-07-29,430,스카이블루,COLOR,1,1,1,0,238,113,0.4202
2026-08-02,430,스카이블루,COLOR,1,1,1,0,250,101,0.4
2026-08-03,430,스카이블루,COLOR,2,2,2,1,257,111,0.7782
2026-08-09,430,스카이블루,COLOR,1,1,1,0,265,116,0.3774
2026-08-11,430,스카이블루,COLOR,1,1,1,1,383,116,0.2611
2026-08-12,430,스카이블루,COLOR,1,1,1,1,194,92,0.5155
2026-08-17,430,스카이블루,COLOR,1,1,1,0,543,223,0.1842
2026-08-20,430,스카이블루,COLOR,1,1,1,1,236,110,0.4237
2026-08-21,430,스카이블루,COLOR,1,1,1,1,235,105,0.4255
2026-08-25,430,스카이블루,COLOR,1,1,1,0,405,202,0.2469
2026-08-28,430,스카이블루,COLOR,1,1,1,0,414,157,0.2415
2026-08-30,430,스카이블루,COLOR,2,2,1,1,735,303,0.2721
2026-09-02,430,스카이블루,COLOR,1,1,1,0,502,221,0.1992
2026-09-05,430,스카이블루,COLOR,1,1,1,1,563,234,0.1776
2026-09-06,430,스카이블루,COLOR,1,1,1,0,858,363,0.1166
2026-09-07,430,스카이블루,COLOR,1,1,1,0,732,308,0.1366
2025-09-14,178,스커트팬츠,ITEM,1,1,1,1,52,13,1.9231
2025-11-01,178,스커트팬츠,ITEM,1,1,1,0,41,19,2.439
2025-11-07,178,스커트팬츠,ITEM,1,1,1,1,95,32,1.0526
2025-11-12,178,스커트팬츠,ITEM,1,1,1,0,33,12,3.0303
2025-12-21,178,스커트팬츠,ITEM,1,1,1,1,92,38,1.087
2026-02-10,178,스커트팬츠,ITEM,1,1,1,0,57,40,1.7544
2026-02-11,178,스커트팬츠,ITEM,1,1,1,0,20,13,5.0
2026-02-15,178,스커트팬츠,ITEM,1,1,1,0,30,19,3.3333
2026-02-20,178,스커트팬츠,ITEM,1,1,1,1,152,39,0.6579
2026-03-16,178,스커트팬츠,ITEM,1,1,1,0,83,23,1.2048
2026-04-05,178,스커트팬츠,ITEM,4,4,1,0,129,44,3.1008
2026-04-15,178,스커트팬츠,ITEM,1,1,1,0,22,10,4.5455
2026-04-20,178,스커트팬츠,ITEM,2,2,1,1,238,90,0.8403
2026-04-30,178,스커트팬츠,ITEM,1,1,1,1,78,19,1.2821
2026-05-07,178,스커트팬츠,ITEM,1,1,1,0,60,37,1.6667
2026-05-08,178,스커트팬츠,ITEM,1,1,1,0,46,32,2.1739
2026-05-09,178,스커트팬츠,ITEM,1,1,1,1,71,29,1.4085
2026-05-16,178,스커트팬츠,ITEM,2,2,1,1,158,49,1.2658
2026-05-21,178,스커트팬츠,ITEM,1,1,1,0,270,85,0.3704
2026-05-23,178,스커트팬츠,ITEM,1,1,1,0,331,93,0.3021
2026-05-31,178,스커트팬츠,ITEM,1,1,1,1,354,109,0.2825
2026-06-08,178,스커트팬츠,ITEM,1,1,1,0,380,152,0.2632
2026-06-09,178,스커트팬츠,ITEM,1,1,1,0,247,108,0.4049
2026-06-10,178,스커트팬츠,ITEM,1,1,1,0,345,160,0.2899
2026-06-11,178,스커트팬츠,ITEM,2,2,2,0,239,114,0.8368
2026-06-15,178,스커트팬츠,ITEM,1,1,1,0,440,179,0.2273
2026-06-16,178,스커트팬츠,ITEM,1,1,1,0,465,184,0.2151
2026-06-17,178,스커트팬츠,ITEM,1,1,1,0,365,130,0.274
2026-06-20,178,스커트팬츠,ITEM,2,2,1,1,422,169,0.4739
2026-06-21,178,스커트팬츠,ITEM,4,4,3,1,550,205,0.7273
2026-06-22,178,스커트팬츠,ITEM,1,1,1,1,455,179,0.2198
2026-06-24,178,스커트팬츠,ITEM,2,2,2,1,369,145,0.542
2026-06-26,178,스커트팬츠,ITEM,1,1,1,0,247,81,0.4049
2026-06-27,178,스커트팬츠,ITEM,1,1,1,0,214,76,0.4673
2026-07-06,178,스커트팬츠,ITEM,1,1,1,0,204,85,0.4902
2026-07-07,178,스커트팬츠,ITEM,1,1,1,0,203,85,0.4926
2026-07-15,178,스커트팬츠,ITEM,1,1,1,1,265,87,0.3774
2026-07-22,178,스커트팬츠,ITEM,1,1,1,0,244,112,0.4098
2026-07-23,178,스커트팬츠,ITEM,1,1,1,0,243,86,0.4115
2026-07-26,178,스커트팬츠,ITEM,2,2,1,1,338,132,0.5917
2026-07-27,178,스커트팬츠,ITEM,1,1,1,1,392,161,0.2551
2026-08-01,178,스커트팬츠,ITEM,1,1,1,1,277,115,0.361
2026-08-11,178,스커트팬츠,ITEM,1,1,1,1,383,116,0.2611
2026-08-15,178,스커트팬츠,ITEM,1,1,1,1,172,83,0.5814
2026-03-23,198,스케이트화,ITEM,1,1,1,0,64,38,1.5625
2025-11-07,645,스탠드칼라,DETAIL,1,1,1,0,95,32,1.0526
2026-01-19,645,스탠드칼라,DETAIL,1,1,1,0,57,27,1.7544
2026-03-01,645,스탠드칼라,DETAIL,1,1,1,1,144,46,0.6944
2026-06-14,645,스탠드칼라,DETAIL,1,1,1,1,529,186,0.189
2026-06-15,645,스탠드칼라,DETAIL,1,1,1,0,440,179,0.2273
2026-07-12,645,스탠드칼라,DETAIL,1,1,1,1,314,141,0.3185
2026-07-19,645,스탠드칼라,DETAIL,1,1,1,1,670,210,0.1493
2026-08-13,645,스탠드칼라,DETAIL,1,1,1,0,223,94,0.4484
2026-09-05,645,스탠드칼라,DETAIL,1,1,1,1,563,234,0.1776
2026-09-09,645,스탠드칼라,DETAIL,1,1,1,1,170,7,0.5882
2025-09-06,672,스트라이프,DETAIL,1,1,1,0,103,33,0.9709
2025-09-14,672,스트라이프,DETAIL,1,1,1,1,52,13,1.9231
2025-10-03,672,스트라이프,DETAIL,2,2,1,1,103,20,1.9417
2025-10-05,672,스트라이프,DETAIL,1,1,1,1,53,14,1.8868
2025-10-10,672,스트라이프,DETAIL,1,1,1,1,80,23,1.25
2025-10-12,672,스트라이프,DETAIL,1,1,1,0,76,22,1.3158
2025-10-26,672,스트라이프,DETAIL,1,1,1,1,63,15,1.5873
2025-11-14,672,스트라이프,DETAIL,1,1,1,1,73,20,1.3699
2025-11-19,672,스트라이프,DETAIL,2,2,1,1,165,47,1.2121
2025-11-20,672,스트라이프,DETAIL,3,3,2,1,172,49,1.7442
2025-11-21,672,스트라이프,DETAIL,1,1,1,1,127,48,0.7874
2025-12-02,672,스트라이프,DETAIL,1,1,1,0,123,66,0.813
2026-01-16,672,스트라이프,DETAIL,1,1,1,0,108,22,0.9259
2026-01-20,672,스트라이프,DETAIL,1,1,1,0,57,25,1.7544
2026-01-29,672,스트라이프,DETAIL,2,2,1,1,60,12,3.3333
2026-02-13,672,스트라이프,DETAIL,1,1,1,0,13,11,7.6923
2026-02-17,672,스트라이프,DETAIL,1,1,1,0,9,6,11.1111
2026-02-20,672,스트라이프,DETAIL,1,1,1,1,152,39,0.6579
2026-02-22,672,스트라이프,DETAIL,1,1,1,0,61,30,1.6393
2026-02-26,672,스트라이프,DETAIL,1,1,1,0,56,33,1.7857
2026-03-01,672,스트라이프,DETAIL,1,1,1,1,144,46,0.6944
2026-03-04,672,스트라이프,DETAIL,1,1,1,1,159,65,0.6289
2026-03-05,672,스트라이프,DETAIL,2,2,2,1,64,22,3.125
2026-03-06,672,스트라이프,DETAIL,1,1,1,0,203,70,0.4926
2026-03-07,672,스트라이프,DETAIL,1,1,1,0,82,41,1.2195
2026-03-12,672,스트라이프,DETAIL,1,1,1,0,22,15,4.5455
2026-03-15,672,스트라이프,DETAIL,1,1,1,1,87,29,1.1494
2026-03-16,672,스트라이프,DETAIL,1,1,1,0,83,23,1.2048
2026-03-17,672,스트라이프,DETAIL,2,2,1,1,76,20,2.6316
2026-03-18,672,스트라이프,DETAIL,3,3,1,0,70,45,4.2857
2026-03-24,672,스트라이프,DETAIL,1,1,1,0,70,41,1.4286
2026-04-01,672,스트라이프,DETAIL,1,1,1,1,43,22,2.3256
2026-04-05,672,스트라이프,DETAIL,1,1,1,1,129,44,0.7752
2026-04-12,672,스트라이프,DETAIL,1,1,1,0,29,19,3.4483
2026-04-16,672,스트라이프,DETAIL,1,1,1,1,41,12,2.439
2026-04-18,672,스트라이프,DETAIL,4,4,1,0,168,63,2.381
2026-04-19,672,스트라이프,DETAIL,3,3,1,0,286,115,1.049
2026-04-27,672,스트라이프,DETAIL,1,1,1,1,175,75,0.5714
2026-05-01,672,스트라이프,DETAIL,1,1,1,0,82,24,1.2195
2026-05-03,672,스트라이프,DETAIL,2,2,1,1,150,45,1.3333
2026-05-05,672,스트라이프,DETAIL,3,3,2,2,121,55,2.4793
2026-05-06,672,스트라이프,DETAIL,3,3,2,1,95,40,3.1579
2026-05-11,672,스트라이프,DETAIL,1,1,1,0,111,47,0.9009
2026-05-13,672,스트라이프,DETAIL,1,1,1,0,137,56,0.7299
2026-05-14,672,스트라이프,DETAIL,13,13,3,2,271,108,4.797
2026-05-15,672,스트라이프,DETAIL,3,3,1,0,177,75,1.6949
2026-05-16,672,스트라이프,DETAIL,2,2,2,1,158,49,1.2658
2026-05-18,672,스트라이프,DETAIL,4,4,2,1,146,74,2.7397
2026-05-19,672,스트라이프,DETAIL,4,4,3,0,39,23,10.2564
2026-05-20,672,스트라이프,DETAIL,2,2,2,1,244,80,0.8197
2026-05-21,672,스트라이프,DETAIL,2,2,1,1,270,85,0.7407
2026-05-22,672,스트라이프,DETAIL,2,2,2,1,227,77,0.8811
2026-05-23,672,스트라이프,DETAIL,3,3,2,2,331,93,0.9063
2026-05-24,672,스트라이프,DETAIL,8,8,2,1,297,121,2.6936
2026-05-25,672,스트라이프,DETAIL,19,19,5,3,400,155,4.75
2026-05-26,672,스트라이프,DETAIL,10,10,4,1,189,90,5.291
2026-05-27,672,스트라이프,DETAIL,5,5,3,2,222,83,2.2523
2026-05-28,672,스트라이프,DETAIL,4,4,3,0,228,103,1.7544
2026-05-29,672,스트라이프,DETAIL,3,3,2,1,188,59,1.5957
2026-05-30,672,스트라이프,DETAIL,3,3,2,2,234,83,1.2821
2026-05-31,672,스트라이프,DETAIL,7,7,4,2,354,109,1.9774
2026-06-01,672,스트라이프,DETAIL,4,4,3,0,360,160,1.1111
2026-06-02,672,스트라이프,DETAIL,2,2,2,0,224,100,0.8929
2026-06-03,672,스트라이프,DETAIL,4,4,4,1,222,94,1.8018
2026-06-05,672,스트라이프,DETAIL,2,2,2,1,183,55,1.0929
2026-06-06,672,스트라이프,DETAIL,5,5,4,2,336,108,1.4881
2026-06-07,672,스트라이프,DETAIL,7,7,5,3,322,152,2.1739
2026-06-08,672,스트라이프,DETAIL,6,6,3,1,380,152,1.5789
2026-06-09,672,스트라이프,DETAIL,3,3,3,2,247,108,1.2146
2026-06-10,672,스트라이프,DETAIL,4,4,3,1,345,160,1.1594
2026-06-12,672,스트라이프,DETAIL,3,3,2,2,352,114,0.8523
2026-06-14,672,스트라이프,DETAIL,10,10,5,4,529,186,1.8904
2026-06-15,672,스트라이프,DETAIL,6,6,5,3,440,179,1.3636
2026-06-16,672,스트라이프,DETAIL,9,9,8,4,465,184,1.9355
2026-06-17,672,스트라이프,DETAIL,7,7,6,4,365,130,1.9178
2026-06-18,672,스트라이프,DETAIL,10,10,7,3,286,139,3.4965
2026-06-19,672,스트라이프,DETAIL,2,2,2,2,510,170,0.3922
2026-06-20,672,스트라이프,DETAIL,3,3,3,3,422,169,0.7109
2026-06-21,672,스트라이프,DETAIL,6,6,6,2,550,205,1.0909
2026-06-22,672,스트라이프,DETAIL,5,5,4,2,455,179,1.0989
2026-06-23,672,스트라이프,DETAIL,5,5,4,2,401,171,1.2469
2026-06-24,672,스트라이프,DETAIL,2,2,2,2,369,145,0.542
2026-06-27,672,스트라이프,DETAIL,4,4,4,2,214,76,1.8692
2026-06-28,672,스트라이프,DETAIL,3,3,3,1,327,109,0.9174
2026-06-29,672,스트라이프,DETAIL,1,1,1,0,182,100,0.5495
2026-06-30,672,스트라이프,DETAIL,1,1,1,1,156,56,0.641
2026-07-01,672,스트라이프,DETAIL,3,3,3,2,261,93,1.1494
2026-07-03,672,스트라이프,DETAIL,3,3,2,1,154,63,1.9481
2026-07-04,672,스트라이프,DETAIL,3,3,2,2,306,114,0.9804
2026-07-05,672,스트라이프,DETAIL,9,9,2,2,295,122,3.0508
2026-07-06,672,스트라이프,DETAIL,5,5,3,1,204,85,2.451
2026-07-07,672,스트라이프,DETAIL,2,2,2,1,203,85,0.9852
2026-07-09,672,스트라이프,DETAIL,1,1,1,1,161,62,0.6211
2026-07-10,672,스트라이프,DETAIL,1,1,1,1,249,60,0.4016
2026-07-11,672,스트라이프,DETAIL,1,1,1,1,174,63,0.5747
2026-07-12,672,스트라이프,DETAIL,2,2,2,1,314,141,0.6369
2026-07-13,672,스트라이프,DETAIL,2,2,2,2,382,151,0.5236
2026-07-14,672,스트라이프,DETAIL,3,3,3,2,267,89,1.1236
2026-07-15,672,스트라이프,DETAIL,1,1,1,1,265,87,0.3774
2026-07-17,672,스트라이프,DETAIL,2,2,2,2,332,101,0.6024
2026-07-18,672,스트라이프,DETAIL,4,4,4,0,429,155,0.9324
2026-07-19,672,스트라이프,DETAIL,5,5,5,2,670,210,0.7463
2026-07-20,672,스트라이프,DETAIL,6,6,5,3,386,140,1.5544
2026-07-21,672,스트라이프,DETAIL,3,3,2,1,284,141,1.0563
2026-07-22,672,스트라이프,DETAIL,5,5,2,0,244,112,2.0492
2026-07-23,672,스트라이프,DETAIL,3,3,3,1,243,86,1.2346
2026-07-24,672,스트라이프,DETAIL,1,1,1,0,233,80,0.4292
2026-07-25,672,스트라이프,DETAIL,1,1,1,0,245,115,0.4082
2026-07-26,672,스트라이프,DETAIL,4,4,4,3,338,132,1.1834
2026-07-27,672,스트라이프,DETAIL,4,4,3,0,392,161,1.0204
2026-07-28,672,스트라이프,DETAIL,2,2,2,0,262,125,0.7634
2026-07-29,672,스트라이프,DETAIL,2,2,2,1,238,113,0.8403
2026-08-01,672,스트라이프,DETAIL,1,1,1,1,277,115,0.361
2026-08-02,672,스트라이프,DETAIL,4,4,2,2,250,101,1.6
2026-08-03,672,스트라이프,DETAIL,3,3,2,1,257,111,1.1673
2026-08-04,672,스트라이프,DETAIL,1,1,1,1,225,88,0.4444
2026-08-06,672,스트라이프,DETAIL,3,3,3,1,284,112,1.0563
2026-08-07,672,스트라이프,DETAIL,1,1,1,1,151,70,0.6623
2026-08-08,672,스트라이프,DETAIL,2,2,2,1,143,57,1.3986
2026-08-10,672,스트라이프,DETAIL,1,1,1,0,244,105,0.4098
2026-08-11,672,스트라이프,DETAIL,6,6,5,5,383,116,1.5666
2026-08-12,672,스트라이프,DETAIL,1,1,1,1,194,92,0.5155
2026-08-13,672,스트라이프,DETAIL,1,1,1,1,223,94,0.4484
2026-08-16,672,스트라이프,DETAIL,1,1,1,1,232,98,0.431
2026-08-17,672,스트라이프,DETAIL,2,2,2,1,543,223,0.3683
2026-08-18,672,스트라이프,DETAIL,1,1,1,0,303,163,0.33
2026-08-20,672,스트라이프,DETAIL,1,1,1,0,236,110,0.4237
2026-08-21,672,스트라이프,DETAIL,1,1,1,1,235,105,0.4255
2026-08-22,672,스트라이프,DETAIL,1,1,1,1,275,117,0.3636
2026-08-23,672,스트라이프,DETAIL,4,4,3,2,472,218,0.8475
2026-08-24,672,스트라이프,DETAIL,6,6,2,1,592,293,1.0135
2026-08-25,672,스트라이프,DETAIL,4,4,2,0,405,202,0.9877
2026-08-26,672,스트라이프,DETAIL,1,1,1,0,424,195,0.2358
2026-08-28,672,스트라이프,DETAIL,2,2,2,1,414,157,0.4831
2026-08-29,672,스트라이프,DETAIL,2,2,2,1,316,144,0.6329
2026-08-30,672,스트라이프,DETAIL,2,2,2,2,735,303,0.2721
2026-08-31,672,스트라이프,DETAIL,1,1,1,0,714,321,0.1401
2026-09-01,672,스트라이프,DETAIL,5,5,3,2,601,253,0.8319
2026-09-02,672,스트라이프,DETAIL,6,6,6,3,502,221,1.1952
2026-09-03,672,스트라이프,DETAIL,4,4,4,2,603,270,0.6633
2026-09-04,672,스트라이프,DETAIL,2,2,2,0,482,221,0.4149
2026-09-05,672,스트라이프,DETAIL,3,3,3,0,563,234,0.5329
2026-09-06,672,스트라이프,DETAIL,6,6,2,2,858,363,0.6993
2026-09-07,672,스트라이프,DETAIL,8,8,5,4,732,308,1.0929
2026-09-08,672,스트라이프,DETAIL,2,2,2,0,248,112,0.8065
2026-09-09,672,스트라이프,DETAIL,1,1,1,1,170,7,0.5882
2025-10-03,622,스트레이트,DETAIL,2,2,1,0,103,20,1.9417
2025-11-07,622,스트레이트,DETAIL,1,1,1,1,95,32,1.0526
2025-11-23,622,스트레이트,DETAIL,1,1,1,1,92,33,1.087
2025-12-06,622,스트레이트,DETAIL,2,2,1,0,91,53,2.1978
2025-12-07,622,스트레이트,DETAIL,1,1,1,0,120,49,0.8333
2025-12-11,622,스트레이트,DETAIL,1,1,1,0,33,17,3.0303
2026-01-16,622,스트레이트,DETAIL,1,1,1,1,108,22,0.9259
2026-02-07,622,스트레이트,DETAIL,2,2,1,1,115,57,1.7391
2026-02-10,622,스트레이트,DETAIL,1,1,1,0,57,40,1.7544
2026-02-27,622,스트레이트,DETAIL,1,1,1,0,156,44,0.641
2026-03-18,622,스트레이트,DETAIL,1,1,1,0,70,45,1.4286
2026-03-30,622,스트레이트,DETAIL,2,2,2,0,49,29,4.0816
2026-04-03,622,스트레이트,DETAIL,1,1,1,0,69,31,1.4493
2026-04-11,622,스트레이트,DETAIL,1,1,1,1,80,37,1.25
2026-04-12,622,스트레이트,DETAIL,1,1,1,0,29,19,3.4483
2026-04-17,622,스트레이트,DETAIL,1,1,1,1,22,9,4.5455
2026-04-23,622,스트레이트,DETAIL,1,1,1,0,116,64,0.8621
2026-05-04,622,스트레이트,DETAIL,1,1,1,0,61,39,1.6393
2026-05-14,622,스트레이트,DETAIL,1,1,1,1,271,108,0.369
2026-05-20,622,스트레이트,DETAIL,1,1,1,1,244,80,0.4098
2026-05-21,622,스트레이트,DETAIL,1,1,1,1,270,85,0.3704
2026-05-23,622,스트레이트,DETAIL,2,2,2,2,331,93,0.6042
2026-05-25,622,스트레이트,DETAIL,4,4,4,0,400,155,1.0
2026-05-29,622,스트레이트,DETAIL,1,1,1,0,188,59,0.5319
2026-05-31,622,스트레이트,DETAIL,1,1,1,0,354,109,0.2825
2026-06-01,622,스트레이트,DETAIL,2,2,2,0,360,160,0.5556
2026-06-03,622,스트레이트,DETAIL,1,1,1,0,222,94,0.4505
2026-06-06,622,스트레이트,DETAIL,1,1,1,1,336,108,0.2976
2026-06-07,622,스트레이트,DETAIL,1,1,1,0,322,152,0.3106
2026-06-08,622,스트레이트,DETAIL,2,2,2,1,380,152,0.5263
2026-06-11,622,스트레이트,DETAIL,1,1,1,1,239,114,0.4184
2026-06-12,622,스트레이트,DETAIL,1,1,1,0,352,114,0.2841
2026-06-13,622,스트레이트,DETAIL,2,2,1,0,267,107,0.7491
2026-06-14,622,스트레이트,DETAIL,1,1,1,1,529,186,0.189
2026-06-15,622,스트레이트,DETAIL,2,2,1,0,440,179,0.4545
2026-06-17,622,스트레이트,DETAIL,1,1,1,1,365,130,0.274
2026-06-18,622,스트레이트,DETAIL,2,2,2,1,286,139,0.6993
2026-06-19,622,스트레이트,DETAIL,1,1,1,0,510,170,0.1961
2026-06-20,622,스트레이트,DETAIL,2,2,2,1,422,169,0.4739
2026-06-21,622,스트레이트,DETAIL,1,1,1,1,550,205,0.1818
2026-06-22,622,스트레이트,DETAIL,2,2,2,0,455,179,0.4396
2026-06-23,622,스트레이트,DETAIL,1,1,1,0,401,171,0.2494
2026-06-24,622,스트레이트,DETAIL,1,1,1,1,369,145,0.271
2026-06-25,622,스트레이트,DETAIL,1,1,1,1,162,75,0.6173
2026-07-03,622,스트레이트,DETAIL,2,2,1,1,154,63,1.2987
2026-07-04,622,스트레이트,DETAIL,1,1,1,0,306,114,0.3268
2026-07-05,622,스트레이트,DETAIL,1,1,1,1,295,122,0.339
2026-07-06,622,스트레이트,DETAIL,1,1,1,0,204,85,0.4902
2026-07-10,622,스트레이트,DETAIL,1,1,1,0,249,60,0.4016
2026-07-15,622,스트레이트,DETAIL,1,1,1,1,265,87,0.3774
2026-07-17,622,스트레이트,DETAIL,1,1,1,1,332,101,0.3012
2026-07-21,622,스트레이트,DETAIL,1,1,1,1,284,141,0.3521
2026-07-23,622,스트레이트,DETAIL,1,1,1,0,243,86,0.4115
2026-07-25,622,스트레이트,DETAIL,1,1,1,0,245,115,0.4082
2026-07-29,622,스트레이트,DETAIL,1,1,1,0,238,113,0.4202
2026-08-01,622,스트레이트,DETAIL,1,1,1,0,277,115,0.361
2026-08-02,622,스트레이트,DETAIL,1,1,1,0,250,101,0.4
2026-08-04,622,스트레이트,DETAIL,1,1,1,0,225,88,0.4444
2026-08-05,622,스트레이트,DETAIL,1,1,1,0,302,135,0.3311
2026-08-06,622,스트레이트,DETAIL,2,2,1,1,284,112,0.7042
2026-08-07,622,스트레이트,DETAIL,2,2,2,0,151,70,1.3245
2026-08-08,622,스트레이트,DETAIL,1,1,1,0,143,57,0.6993
2026-08-09,622,스트레이트,DETAIL,1,1,1,0,265,116,0.3774
2026-08-12,622,스트레이트,DETAIL,1,1,1,0,194,92,0.5155
2026-08-15,622,스트레이트,DETAIL,2,2,2,0,172,83,1.1628
2026-08-16,622,스트레이트,DETAIL,2,2,2,1,232,98,0.8621
2026-08-17,622,스트레이트,DETAIL,4,4,3,2,543,223,0.7366
2026-08-18,622,스트레이트,DETAIL,4,4,2,0,303,163,1.3201
2026-08-19,622,스트레이트,DETAIL,2,2,1,0,219,95,0.9132
2026-08-22,622,스트레이트,DETAIL,2,2,1,1,275,117,0.7273
2026-08-23,622,스트레이트,DETAIL,3,3,2,1,472,218,0.6356
2026-08-26,622,스트레이트,DETAIL,1,1,1,0,424,195,0.2358
2026-08-28,622,스트레이트,DETAIL,2,2,2,0,414,157,0.4831
2026-08-29,622,스트레이트,DETAIL,3,3,2,0,316,144,0.9494
2026-08-30,622,스트레이트,DETAIL,13,13,5,2,735,303,1.7687
2026-08-31,622,스트레이트,DETAIL,9,9,5,1,714,321,1.2605
2026-09-01,622,스트레이트,DETAIL,5,5,5,1,601,253,0.8319
2026-09-02,622,스트레이트,DETAIL,1,1,1,0,502,221,0.1992
2026-09-03,622,스트레이트,DETAIL,6,6,4,1,603,270,0.995
2026-09-04,622,스트레이트,DETAIL,8,8,4,1,482,221,1.6598
2026-09-05,622,스트레이트,DETAIL,11,11,5,1,563,234,1.9538
2026-09-06,622,스트레이트,DETAIL,1,1,1,0,858,363,0.1166
2026-09-07,622,스트레이트,DETAIL,3,3,3,2,732,308,0.4098
2026-09-08,622,스트레이트,DETAIL,3,3,2,1,248,112,1.2097
2026-09-09,622,스트레이트,DETAIL,1,1,1,1,170,7,0.5882
2025-09-28,378,스트릿웨어,STYLE,1,1,1,1,78,15,1.2821
2025-11-09,378,스트릿웨어,STYLE,1,1,1,1,76,21,1.3158
2025-11-10,378,스트릿웨어,STYLE,1,1,1,0,34,16,2.9412
2025-12-02,378,스트릿웨어,STYLE,1,1,1,0,123,66,0.813
2026-02-01,378,스트릿웨어,STYLE,1,1,1,0,83,43,1.2048
2026-02-04,378,스트릿웨어,STYLE,1,1,1,0,9,6,11.1111
2026-03-15,378,스트릿웨어,STYLE,1,1,1,1,87,29,1.1494
2026-03-19,378,스트릿웨어,STYLE,1,1,1,0,89,60,1.1236
2026-05-12,378,스트릿웨어,STYLE,1,1,1,1,134,52,0.7463
2026-05-14,378,스트릿웨어,STYLE,1,1,1,1,271,108,0.369
2026-05-18,378,스트릿웨어,STYLE,1,1,1,1,146,74,0.6849
2026-05-20,378,스트릿웨어,STYLE,1,1,1,1,244,80,0.4098
2026-05-21,378,스트릿웨어,STYLE,1,1,1,1,270,85,0.3704
2026-05-22,378,스트릿웨어,STYLE,1,1,1,1,227,77,0.4405
2026-05-23,378,스트릿웨어,STYLE,1,1,1,1,331,93,0.3021
2026-05-24,378,스트릿웨어,STYLE,1,1,1,1,297,121,0.3367
2026-05-25,378,스트릿웨어,STYLE,1,1,1,1,400,155,0.25
2026-05-27,378,스트릿웨어,STYLE,1,1,1,1,222,83,0.4505
2026-05-31,378,스트릿웨어,STYLE,1,1,1,1,354,109,0.2825
2026-06-02,378,스트릿웨어,STYLE,1,1,1,1,224,100,0.4464
2026-06-07,378,스트릿웨어,STYLE,1,1,1,0,322,152,0.3106
2026-06-14,378,스트릿웨어,STYLE,2,2,2,1,529,186,0.3781
2026-06-16,378,스트릿웨어,STYLE,3,3,3,3,465,184,0.6452
2026-06-17,378,스트릿웨어,STYLE,1,1,1,1,365,130,0.274
2026-06-18,378,스트릿웨어,STYLE,1,1,1,1,286,139,0.3497
2026-06-19,378,스트릿웨어,STYLE,2,2,2,2,510,170,0.3922
2026-06-22,378,스트릿웨어,STYLE,1,1,1,1,455,179,0.2198
2026-06-23,378,스트릿웨어,STYLE,1,1,1,1,401,171,0.2494
2026-06-25,378,스트릿웨어,STYLE,1,1,1,1,162,75,0.6173
2026-06-28,378,스트릿웨어,STYLE,1,1,1,1,327,109,0.3058
2026-07-01,378,스트릿웨어,STYLE,2,2,2,1,261,93,0.7663
2026-07-03,378,스트릿웨어,STYLE,1,1,1,1,154,63,0.6494
2026-07-04,378,스트릿웨어,STYLE,1,1,1,0,306,114,0.3268
2026-07-05,378,스트릿웨어,STYLE,1,1,1,1,295,122,0.339
2026-07-06,378,스트릿웨어,STYLE,1,1,1,0,204,85,0.4902
2026-07-07,378,스트릿웨어,STYLE,1,1,1,0,203,85,0.4926
2026-07-10,378,스트릿웨어,STYLE,1,1,1,1,249,60,0.4016
2026-07-11,378,스트릿웨어,STYLE,1,1,1,1,174,63,0.5747
2026-07-12,378,스트릿웨어,STYLE,1,1,1,0,314,141,0.3185
2026-07-14,378,스트릿웨어,STYLE,1,1,1,1,267,89,0.3745
2026-07-15,378,스트릿웨어,STYLE,2,2,2,2,265,87,0.7547
2026-07-19,378,스트릿웨어,STYLE,1,1,1,1,670,210,0.1493
2026-07-20,378,스트릿웨어,STYLE,1,1,1,1,386,140,0.2591
2026-07-24,378,스트릿웨어,STYLE,1,1,1,1,233,80,0.4292
2026-07-25,378,스트릿웨어,STYLE,1,1,1,1,245,115,0.4082
2026-07-26,378,스트릿웨어,STYLE,1,1,1,1,338,132,0.2959
2026-08-02,378,스트릿웨어,STYLE,1,1,1,0,250,101,0.4
2026-08-03,378,스트릿웨어,STYLE,1,1,1,1,257,111,0.3891
2026-08-05,378,스트릿웨어,STYLE,4,4,3,1,302,135,1.3245
2026-08-06,378,스트릿웨어,STYLE,2,2,1,0,284,112,0.7042
2026-08-07,378,스트릿웨어,STYLE,1,1,1,0,151,70,0.6623
2026-08-14,378,스트릿웨어,STYLE,1,1,1,0,159,54,0.6289
2026-08-25,378,스트릿웨어,STYLE,1,1,1,1,405,202,0.2469
2026-08-29,378,스트릿웨어,STYLE,1,1,1,1,316,144,0.3165
2026-08-31,378,스트릿웨어,STYLE,1,1,1,1,714,321,0.1401
2026-09-01,378,스트릿웨어,STYLE,2,2,2,2,601,253,0.3328
2026-09-02,378,스트릿웨어,STYLE,1,1,1,1,502,221,0.1992
2026-09-04,378,스트릿웨어,STYLE,1,1,1,1,482,221,0.2075
2026-09-05,378,스트릿웨어,STYLE,1,1,1,1,563,234,0.1776
2026-09-06,378,스트릿웨어,STYLE,1,1,1,1,858,363,0.1166
2026-09-09,378,스트릿웨어,STYLE,2,2,2,2,170,7,1.1765
2026-01-16,608,스틸레토힐,DETAIL,2,2,1,0,108,22,1.8519
2026-02-08,608,스틸레토힐,DETAIL,1,1,1,0,25,22,4.0
2026-04-18,608,스틸레토힐,DETAIL,1,1,1,0,168,63,0.5952
2026-08-31,608,스틸레토힐,DETAIL,1,1,1,1,714,321,0.1401
2026-09-03,608,스틸레토힐,DETAIL,1,1,1,0,603,270,0.1658
2025-12-10,253,스포츠브라,ITEM,1,1,1,1,17,11,5.8824
2026-06-06,253,스포츠브라,ITEM,1,1,1,1,336,108,0.2976
2026-06-15,253,스포츠브라,ITEM,1,1,1,1,440,179,0.2273
2026-06-28,253,스포츠브라,ITEM,1,1,1,1,327,109,0.3058
2026-07-16,253,스포츠브라,ITEM,1,1,1,1,179,58,0.5587
2025-09-05,141,슬리브리스,ITEM,2,2,1,1,87,25,2.2989
2025-09-06,141,슬리브리스,ITEM,4,4,1,0,103,33,3.8835
2025-09-07,141,슬리브리스,ITEM,1,1,1,0,29,8,3.4483
2025-09-08,141,슬리브리스,ITEM,2,2,1,0,39,12,5.1282
2025-09-10,141,슬리브리스,ITEM,1,1,1,0,25,7,4.0
2025-09-11,141,슬리브리스,ITEM,2,2,1,0,24,8,8.3333
2025-09-21,141,슬리브리스,ITEM,1,1,1,1,55,12,1.8182
2025-09-25,141,슬리브리스,ITEM,1,1,1,0,40,12,2.5
2025-10-03,141,슬리브리스,ITEM,1,1,1,1,103,20,0.9709
2025-10-07,141,슬리브리스,ITEM,1,1,1,0,18,7,5.5556
2025-10-19,141,슬리브리스,ITEM,1,1,1,1,46,13,2.1739
2025-11-20,141,슬리브리스,ITEM,1,1,1,0,172,49,0.5814
2026-02-22,141,슬리브리스,ITEM,1,1,1,0,61,30,1.6393
2026-02-28,141,슬리브리스,ITEM,1,1,1,0,87,47,1.1494
2026-03-10,141,슬리브리스,ITEM,1,1,1,0,28,22,3.5714
2026-03-15,141,슬리브리스,ITEM,1,1,1,0,87,29,1.1494
2026-04-05,141,슬리브리스,ITEM,1,1,1,0,129,44,0.7752
2026-04-19,141,슬리브리스,ITEM,1,1,1,1,286,115,0.3497
2026-04-20,141,슬리브리스,ITEM,3,3,2,1,238,90,1.2605
2026-04-21,141,슬리브리스,ITEM,1,1,1,0,58,30,1.7241
2026-04-24,141,슬리브리스,ITEM,1,1,1,0,49,31,2.0408
2026-04-27,141,슬리브리스,ITEM,1,1,1,0,175,75,0.5714
2026-04-28,141,슬리브리스,ITEM,1,1,1,0,51,26,1.9608
2026-04-30,141,슬리브리스,ITEM,1,1,1,1,78,19,1.2821
2026-05-03,141,슬리브리스,ITEM,2,2,2,1,150,45,1.3333
2026-05-04,141,슬리브리스,ITEM,1,1,1,0,61,39,1.6393
2026-05-05,141,슬리브리스,ITEM,1,1,1,0,121,55,0.8264
2026-05-12,141,슬리브리스,ITEM,1,1,1,1,134,52,0.7463
2026-05-13,141,슬리브리스,ITEM,4,4,1,1,137,56,2.9197
2026-05-14,141,슬리브리스,ITEM,1,1,1,1,271,108,0.369
2026-05-15,141,슬리브리스,ITEM,1,1,1,0,177,75,0.565
2026-05-16,141,슬리브리스,ITEM,1,1,1,1,158,49,0.6329
2026-05-17,141,슬리브리스,ITEM,2,2,2,0,166,82,1.2048
2026-05-18,141,슬리브리스,ITEM,2,2,1,0,146,74,1.3699
2026-05-20,141,슬리브리스,ITEM,2,2,2,2,244,80,0.8197
2026-05-21,141,슬리브리스,ITEM,5,5,3,2,270,85,1.8519
2026-05-22,141,슬리브리스,ITEM,5,5,4,1,227,77,2.2026
2026-05-23,141,슬리브리스,ITEM,2,2,1,1,331,93,0.6042
2026-05-24,141,슬리브리스,ITEM,10,10,1,1,297,121,3.367
2026-05-25,141,슬리브리스,ITEM,10,10,3,1,400,155,2.5
2026-05-26,141,슬리브리스,ITEM,1,1,1,0,189,90,0.5291
2026-05-27,141,슬리브리스,ITEM,5,5,4,0,222,83,2.2523
2026-05-28,141,슬리브리스,ITEM,1,1,1,0,228,103,0.4386
2026-05-29,141,슬리브리스,ITEM,2,2,2,1,188,59,1.0638
2026-05-30,141,슬리브리스,ITEM,3,3,3,0,234,83,1.2821
2026-05-31,141,슬리브리스,ITEM,1,1,1,1,354,109,0.2825
2026-06-02,141,슬리브리스,ITEM,2,2,2,0,224,100,0.8929
2026-06-03,141,슬리브리스,ITEM,2,2,2,1,222,94,0.9009
2026-06-04,141,슬리브리스,ITEM,7,7,6,0,137,74,5.1095
2026-06-05,141,슬리브리스,ITEM,4,4,3,1,183,55,2.1858
2026-06-06,141,슬리브리스,ITEM,9,9,5,3,336,108,2.6786
2026-06-07,141,슬리브리스,ITEM,4,4,1,0,322,152,1.2422
2026-06-08,141,슬리브리스,ITEM,3,3,2,1,380,152,0.7895
2026-06-09,141,슬리브리스,ITEM,2,2,2,1,247,108,0.8097
2026-06-10,141,슬리브리스,ITEM,5,5,1,0,345,160,1.4493
2026-06-11,141,슬리브리스,ITEM,1,1,1,0,239,114,0.4184
2026-06-12,141,슬리브리스,ITEM,5,5,3,2,352,114,1.4205
2026-06-14,141,슬리브리스,ITEM,1,1,1,1,529,186,0.189
2026-06-15,141,슬리브리스,ITEM,4,4,3,0,440,179,0.9091
2026-06-16,141,슬리브리스,ITEM,4,4,2,2,465,184,0.8602
2026-06-17,141,슬리브리스,ITEM,4,4,3,1,365,130,1.0959
2026-06-18,141,슬리브리스,ITEM,1,1,1,0,286,139,0.3497
2026-06-19,141,슬리브리스,ITEM,8,8,5,2,510,170,1.5686
2026-06-20,141,슬리브리스,ITEM,3,3,2,0,422,169,0.7109
2026-06-21,141,슬리브리스,ITEM,7,7,4,3,550,205,1.2727
2026-06-22,141,슬리브리스,ITEM,5,5,5,1,455,179,1.0989
2026-06-23,141,슬리브리스,ITEM,7,7,5,2,401,171,1.7456
2026-06-24,141,슬리브리스,ITEM,11,11,4,2,369,145,2.981
2026-06-25,141,슬리브리스,ITEM,3,3,2,0,162,75,1.8519
2026-06-26,141,슬리브리스,ITEM,6,6,4,2,247,81,2.4291
2026-06-27,141,슬리브리스,ITEM,2,2,1,0,214,76,0.9346
2026-06-28,141,슬리브리스,ITEM,1,1,1,1,327,109,0.3058
2026-06-29,141,슬리브리스,ITEM,2,2,1,0,182,100,1.0989
2026-06-30,141,슬리브리스,ITEM,2,2,2,0,156,56,1.2821
2026-07-01,141,슬리브리스,ITEM,2,2,2,1,261,93,0.7663
2026-07-02,141,슬리브리스,ITEM,4,4,3,0,107,58,3.7383
2026-07-03,141,슬리브리스,ITEM,1,1,1,0,154,63,0.6494
2026-07-04,141,슬리브리스,ITEM,4,4,4,3,306,114,1.3072
2026-07-05,141,슬리브리스,ITEM,8,8,6,3,295,122,2.7119
2026-07-06,141,슬리브리스,ITEM,3,3,3,1,204,85,1.4706
2026-07-07,141,슬리브리스,ITEM,3,3,2,0,203,85,1.4778
2026-07-08,141,슬리브리스,ITEM,4,4,2,1,112,58,3.5714
2026-07-09,141,슬리브리스,ITEM,2,2,2,1,161,62,1.2422
2026-07-10,141,슬리브리스,ITEM,6,6,4,2,249,60,2.4096
2026-07-11,141,슬리브리스,ITEM,3,3,3,1,174,63,1.7241
2026-07-12,141,슬리브리스,ITEM,1,1,1,0,314,141,0.3185
2026-07-13,141,슬리브리스,ITEM,6,6,4,2,382,151,1.5707
2026-07-14,141,슬리브리스,ITEM,3,3,2,1,267,89,1.1236
2026-07-15,141,슬리브리스,ITEM,3,3,3,1,265,87,1.1321
2026-07-16,141,슬리브리스,ITEM,2,2,1,1,179,58,1.1173
2026-07-17,141,슬리브리스,ITEM,5,5,3,2,332,101,1.506
2026-07-18,141,슬리브리스,ITEM,7,7,6,4,429,155,1.6317
2026-07-19,141,슬리브리스,ITEM,3,3,2,2,670,210,0.4478
2026-07-20,141,슬리브리스,ITEM,2,2,2,2,386,140,0.5181
2026-07-21,141,슬리브리스,ITEM,2,2,1,1,284,141,0.7042
2026-07-22,141,슬리브리스,ITEM,1,1,1,1,244,112,0.4098
2026-07-23,141,슬리브리스,ITEM,3,3,3,2,243,86,1.2346
2026-07-24,141,슬리브리스,ITEM,6,6,3,2,233,80,2.5751
2026-07-25,141,슬리브리스,ITEM,8,8,2,1,245,115,3.2653
2026-07-26,141,슬리브리스,ITEM,3,3,2,0,338,132,0.8876
2026-07-27,141,슬리브리스,ITEM,21,21,8,2,392,161,5.3571
2026-07-28,141,슬리브리스,ITEM,7,7,6,1,262,125,2.6718
2026-07-29,141,슬리브리스,ITEM,2,2,2,1,238,113,0.8403
2026-07-30,141,슬리브리스,ITEM,2,2,2,1,249,101,0.8032
2026-07-31,141,슬리브리스,ITEM,3,3,3,1,204,84,1.4706
2026-08-01,141,슬리브리스,ITEM,10,10,6,1,277,115,3.6101
2026-08-02,141,슬리브리스,ITEM,3,3,2,0,250,101,1.2
2026-08-03,141,슬리브리스,ITEM,1,1,1,0,257,111,0.3891
2026-08-05,141,슬리브리스,ITEM,1,1,1,0,302,135,0.3311
2026-08-06,141,슬리브리스,ITEM,5,5,4,1,284,112,1.7606
2026-08-07,141,슬리브리스,ITEM,4,4,4,0,151,70,2.649
2026-08-08,141,슬리브리스,ITEM,2,2,2,1,143,57,1.3986
2026-08-09,141,슬리브리스,ITEM,1,1,1,1,265,116,0.3774
2026-08-11,141,슬리브리스,ITEM,4,4,4,3,383,116,1.0444
2026-08-12,141,슬리브리스,ITEM,2,2,2,2,194,92,1.0309
2026-08-13,141,슬리브리스,ITEM,3,3,1,0,223,94,1.3453
2026-08-14,141,슬리브리스,ITEM,4,4,4,1,159,54,2.5157
2026-08-16,141,슬리브리스,ITEM,2,2,2,0,232,98,0.8621
2026-08-17,141,슬리브리스,ITEM,4,4,3,2,543,223,0.7366
2026-08-18,141,슬리브리스,ITEM,2,2,2,0,303,163,0.6601
2026-08-19,141,슬리브리스,ITEM,1,1,1,0,219,95,0.4566
2026-08-20,141,슬리브리스,ITEM,1,1,1,1,236,110,0.4237
2026-08-21,141,슬리브리스,ITEM,1,1,1,0,235,105,0.4255
2026-08-22,141,슬리브리스,ITEM,4,4,4,0,275,117,1.4545
2026-08-23,141,슬리브리스,ITEM,2,2,2,1,472,218,0.4237
2026-08-25,141,슬리브리스,ITEM,1,1,1,1,405,202,0.2469
2026-08-26,141,슬리브리스,ITEM,3,3,2,1,424,195,0.7075
2026-08-28,141,슬리브리스,ITEM,2,2,2,1,414,157,0.4831
2026-08-30,141,슬리브리스,ITEM,1,1,1,0,735,303,0.1361
2026-08-31,141,슬리브리스,ITEM,2,2,2,0,714,321,0.2801
2026-09-01,141,슬리브리스,ITEM,1,1,1,0,601,253,0.1664
2026-09-02,141,슬리브리스,ITEM,3,3,2,0,502,221,0.5976
2026-09-03,141,슬리브리스,ITEM,3,3,3,1,603,270,0.4975
2026-09-04,141,슬리브리스,ITEM,3,3,1,0,482,221,0.6224
2026-09-05,141,슬리브리스,ITEM,3,3,2,0,563,234,0.5329
2026-09-06,141,슬리브리스,ITEM,2,2,1,1,858,363,0.2331
2026-09-07,141,슬리브리스,ITEM,2,2,2,1,732,308,0.2732
2026-09-09,141,슬리브리스,ITEM,1,1,1,1,170,7,0.5882
2026-06-02,481,아이스블루,COLOR,1,1,1,0,224,100,0.4464
2026-07-22,481,아이스블루,COLOR,1,1,1,0,244,112,0.4098
2026-07-25,481,아이스블루,COLOR,1,1,1,0,245,115,0.4082
2026-07-31,481,아이스블루,COLOR,1,1,1,0,204,84,0.4902
2026-05-26,441,애쉬그레이,COLOR,1,1,1,1,189,90,0.5291
2026-06-21,441,애쉬그레이,COLOR,1,1,1,1,550,205,0.1818
2026-07-14,441,애쉬그레이,COLOR,1,1,1,1,267,89,0.3745
2026-08-10,441,애쉬그레이,COLOR,1,1,1,1,244,105,0.4098
2026-08-16,441,애쉬그레이,COLOR,1,1,1,1,232,98,0.431
2026-08-22,441,애쉬그레이,COLOR,1,1,1,1,275,117,0.3636
2026-08-24,441,애쉬그레이,COLOR,1,1,1,1,592,293,0.1689
2026-08-26,441,애쉬그레이,COLOR,1,1,1,0,424,195,0.2358
2026-08-28,441,애쉬그레이,COLOR,1,1,1,1,414,157,0.2415
2026-08-31,441,애쉬그레이,COLOR,1,1,1,1,714,321,0.1401
2026-09-01,441,애쉬그레이,COLOR,1,1,1,1,601,253,0.1664
2026-09-07,441,애쉬그레이,COLOR,1,1,1,1,732,308,0.1366
2026-08-24,709,오버니기장,DETAIL,1,1,1,0,592,293,0.1689
2026-03-07,442,오프화이트,COLOR,1,1,1,0,82,41,1.2195
2026-03-08,442,오프화이트,COLOR,1,1,1,0,71,37,1.4085
2026-03-26,442,오프화이트,COLOR,1,1,1,1,154,65,0.6494
2026-04-25,442,오프화이트,COLOR,1,1,1,0,52,20,1.9231
2026-06-08,442,오프화이트,COLOR,1,1,1,1,380,152,0.2632
2026-06-12,442,오프화이트,COLOR,1,1,1,1,352,114,0.2841
2026-06-17,442,오프화이트,COLOR,1,1,1,1,365,130,0.274
2026-06-19,442,오프화이트,COLOR,1,1,1,1,510,170,0.1961
2026-06-28,442,오프화이트,COLOR,1,1,1,1,327,109,0.3058
2026-07-21,442,오프화이트,COLOR,1,1,1,0,284,141,0.3521
2026-07-27,442,오프화이트,COLOR,1,1,1,0,392,161,0.2551
2026-08-03,442,오프화이트,COLOR,1,1,1,1,257,111,0.3891
2026-08-21,442,오프화이트,COLOR,1,1,1,1,235,105,0.4255
2026-09-04,442,오프화이트,COLOR,1,1,1,1,482,221,0.2075
2026-03-04,215,옥스포드화,ITEM,1,1,1,1,159,65,0.6289
2026-03-15,215,옥스포드화,ITEM,1,1,1,0,87,29,1.1494
2026-04-23,215,옥스포드화,ITEM,1,1,1,0,116,64,0.8621
2026-07-03,215,옥스포드화,ITEM,1,1,1,1,154,63,0.6494
2026-09-06,215,옥스포드화,ITEM,1,1,1,0,858,363,0.1166
2026-03-16,228,유틸리티백,ITEM,1,1,1,1,83,23,1.2048
2026-08-10,228,유틸리티백,ITEM,1,1,1,1,244,105,0.4098
2025-11-17,405,인디고블루,COLOR,1,1,1,1,60,30,1.6667
2025-11-23,405,인디고블루,COLOR,1,1,1,1,92,33,1.087
2026-03-22,405,인디고블루,COLOR,1,1,1,1,158,62,0.6329
2026-04-05,405,인디고블루,COLOR,1,1,1,0,129,44,0.7752
2026-04-11,405,인디고블루,COLOR,1,1,1,1,80,37,1.25
2026-04-16,405,인디고블루,COLOR,1,1,1,1,41,12,2.439
2026-04-19,405,인디고블루,COLOR,1,1,1,0,286,115,0.3497
2026-04-30,405,인디고블루,COLOR,1,1,1,0,78,19,1.2821
2026-05-07,405,인디고블루,COLOR,1,1,1,0,60,37,1.6667
2026-05-09,405,인디고블루,COLOR,1,1,1,1,71,29,1.4085
2026-05-13,405,인디고블루,COLOR,1,1,1,1,137,56,0.7299
2026-05-14,405,인디고블루,COLOR,1,1,1,1,271,108,0.369
2026-05-15,405,인디고블루,COLOR,2,2,1,0,177,75,1.1299
2026-05-16,405,인디고블루,COLOR,1,1,1,0,158,49,0.6329
2026-05-23,405,인디고블루,COLOR,2,2,2,2,331,93,0.6042
2026-05-24,405,인디고블루,COLOR,1,1,1,0,297,121,0.3367
2026-05-25,405,인디고블루,COLOR,1,1,1,0,400,155,0.25
2026-05-28,405,인디고블루,COLOR,1,1,1,0,228,103,0.4386
2026-05-29,405,인디고블루,COLOR,2,2,1,1,188,59,1.0638
2026-05-31,405,인디고블루,COLOR,1,1,1,1,354,109,0.2825
2026-06-01,405,인디고블루,COLOR,1,1,1,1,360,160,0.2778
2026-06-02,405,인디고블루,COLOR,1,1,1,0,224,100,0.4464
2026-06-03,405,인디고블루,COLOR,2,2,2,0,222,94,0.9009
2026-06-05,405,인디고블루,COLOR,1,1,1,0,183,55,0.5464
2026-06-08,405,인디고블루,COLOR,8,8,1,0,380,152,2.1053
2026-06-09,405,인디고블루,COLOR,1,1,1,0,247,108,0.4049
2026-06-10,405,인디고블루,COLOR,1,1,1,0,345,160,0.2899
2026-06-11,405,인디고블루,COLOR,1,1,1,1,239,114,0.4184
2026-06-12,405,인디고블루,COLOR,2,2,2,1,352,114,0.5682
2026-06-13,405,인디고블루,COLOR,3,3,2,0,267,107,1.1236
2026-06-14,405,인디고블루,COLOR,1,1,1,0,529,186,0.189
2026-06-15,405,인디고블루,COLOR,1,1,1,0,440,179,0.2273
2026-06-16,405,인디고블루,COLOR,1,1,1,0,465,184,0.2151
2026-06-18,405,인디고블루,COLOR,1,1,1,1,286,139,0.3497
2026-06-19,405,인디고블루,COLOR,1,1,1,0,510,170,0.1961
2026-06-24,405,인디고블루,COLOR,1,1,1,0,369,145,0.271
2026-06-25,405,인디고블루,COLOR,2,2,1,1,162,75,1.2346
2026-06-26,405,인디고블루,COLOR,1,1,1,0,247,81,0.4049
2026-06-28,405,인디고블루,COLOR,4,4,2,1,327,109,1.2232
2026-06-29,405,인디고블루,COLOR,3,3,2,0,182,100,1.6484
2026-07-01,405,인디고블루,COLOR,1,1,1,0,261,93,0.3831
2026-07-02,405,인디고블루,COLOR,2,2,2,0,107,58,1.8692
2026-07-03,405,인디고블루,COLOR,1,1,1,0,154,63,0.6494
2026-07-04,405,인디고블루,COLOR,1,1,1,1,306,114,0.3268
2026-07-07,405,인디고블루,COLOR,1,1,1,0,203,85,0.4926
2026-07-12,405,인디고블루,COLOR,1,1,1,1,314,141,0.3185
2026-07-13,405,인디고블루,COLOR,1,1,1,1,382,151,0.2618
2026-07-15,405,인디고블루,COLOR,1,1,1,1,265,87,0.3774
2026-07-16,405,인디고블루,COLOR,1,1,1,1,179,58,0.5587
2026-07-19,405,인디고블루,COLOR,3,3,2,2,670,210,0.4478
2026-07-20,405,인디고블루,COLOR,1,1,1,0,386,140,0.2591
2026-07-23,405,인디고블루,COLOR,1,1,1,0,243,86,0.4115
2026-07-29,405,인디고블루,COLOR,1,1,1,0,238,113,0.4202
2026-07-31,405,인디고블루,COLOR,1,1,1,0,204,84,0.4902
2026-08-02,405,인디고블루,COLOR,1,1,1,0,250,101,0.4
2026-08-06,405,인디고블루,COLOR,2,2,1,0,284,112,0.7042
2026-08-10,405,인디고블루,COLOR,1,1,1,1,244,105,0.4098
2026-08-11,405,인디고블루,COLOR,2,2,2,1,383,116,0.5222
2026-08-16,405,인디고블루,COLOR,1,1,1,1,232,98,0.431
2026-08-19,405,인디고블루,COLOR,1,1,1,0,219,95,0.4566
2026-08-20,405,인디고블루,COLOR,1,1,1,0,236,110,0.4237
2026-08-26,405,인디고블루,COLOR,2,2,2,0,424,195,0.4717
2026-08-28,405,인디고블루,COLOR,1,1,1,0,414,157,0.2415
2026-08-30,405,인디고블루,COLOR,1,1,1,1,735,303,0.1361
2026-08-31,405,인디고블루,COLOR,3,3,3,2,714,321,0.4202
2026-09-01,405,인디고블루,COLOR,3,3,2,1,601,253,0.4992
2026-09-02,405,인디고블루,COLOR,1,1,1,1,502,221,0.1992
2026-09-04,405,인디고블루,COLOR,2,2,1,0,482,221,0.4149
2026-09-06,405,인디고블루,COLOR,3,3,3,2,858,363,0.3497
2026-09-08,405,인디고블루,COLOR,1,1,1,1,248,112,0.4032
2025-09-12,743,체스트포켓,DETAIL,1,1,1,1,61,22,1.6393
2026-07-26,743,체스트포켓,DETAIL,1,1,1,1,338,132,0.2959
2026-09-09,743,체스트포켓,DETAIL,1,1,1,1,170,7,0.5882
2025-11-03,684,카무플라주,DETAIL,1,1,1,1,51,15,1.9608
2025-11-09,684,카무플라주,DETAIL,1,1,1,1,76,21,1.3158
2026-03-08,684,카무플라주,DETAIL,1,1,1,0,71,37,1.4085
2026-05-21,684,카무플라주,DETAIL,1,1,1,0,270,85,0.3704
2026-06-22,684,카무플라주,DETAIL,1,1,1,0,455,179,0.2198
2026-08-10,684,카무플라주,DETAIL,1,1,1,0,244,105,0.4098
2026-08-13,684,카무플라주,DETAIL,1,1,1,0,223,94,0.4484
2026-08-18,684,카무플라주,DETAIL,1,1,1,0,303,163,0.33
2026-04-17,184,카프리팬츠,ITEM,1,1,1,0,22,9,4.5455
2026-04-21,184,카프리팬츠,ITEM,1,1,1,0,58,30,1.7241
2026-04-22,184,카프리팬츠,ITEM,1,1,1,0,63,26,1.5873
2026-04-24,184,카프리팬츠,ITEM,1,1,1,0,49,31,2.0408
2026-04-30,184,카프리팬츠,ITEM,1,1,1,1,78,19,1.2821
2026-05-04,184,카프리팬츠,ITEM,1,1,1,0,61,39,1.6393
2026-05-05,184,카프리팬츠,ITEM,1,1,1,0,121,55,0.8264
2026-05-17,184,카프리팬츠,ITEM,1,1,1,0,166,82,0.6024
2026-05-21,184,카프리팬츠,ITEM,1,1,1,1,270,85,0.3704
2026-05-22,184,카프리팬츠,ITEM,3,3,1,0,227,77,1.3216
2026-05-28,184,카프리팬츠,ITEM,1,1,1,0,228,103,0.4386
2026-05-29,184,카프리팬츠,ITEM,1,1,1,0,188,59,0.5319
2026-05-31,184,카프리팬츠,ITEM,1,1,1,0,354,109,0.2825
2026-06-02,184,카프리팬츠,ITEM,1,1,1,0,224,100,0.4464
2026-06-06,184,카프리팬츠,ITEM,4,4,3,3,336,108,1.1905
2026-06-07,184,카프리팬츠,ITEM,3,3,1,0,322,152,0.9317
2026-06-08,184,카프리팬츠,ITEM,1,1,1,0,380,152,0.2632
2026-06-09,184,카프리팬츠,ITEM,1,1,1,0,247,108,0.4049
2026-06-11,184,카프리팬츠,ITEM,2,2,2,0,239,114,0.8368
2026-06-12,184,카프리팬츠,ITEM,5,5,3,1,352,114,1.4205
2026-06-18,184,카프리팬츠,ITEM,2,2,1,1,286,139,0.6993
2026-06-19,184,카프리팬츠,ITEM,3,3,1,0,510,170,0.5882
2026-06-20,184,카프리팬츠,ITEM,2,2,1,0,422,169,0.4739
2026-06-21,184,카프리팬츠,ITEM,2,2,2,1,550,205,0.3636
2026-06-22,184,카프리팬츠,ITEM,1,1,1,0,455,179,0.2198
2026-06-25,184,카프리팬츠,ITEM,1,1,1,0,162,75,0.6173
2026-06-28,184,카프리팬츠,ITEM,1,1,1,0,327,109,0.3058
2026-07-05,184,카프리팬츠,ITEM,1,1,1,0,295,122,0.339
2026-07-10,184,카프리팬츠,ITEM,1,1,1,1,249,60,0.4016
2026-07-16,184,카프리팬츠,ITEM,1,1,1,0,179,58,0.5587
2026-07-18,184,카프리팬츠,ITEM,1,1,1,0,429,155,0.2331
2026-07-19,184,카프리팬츠,ITEM,1,1,1,0,670,210,0.1493
2026-07-24,184,카프리팬츠,ITEM,1,1,1,1,233,80,0.4292
2026-07-25,184,카프리팬츠,ITEM,1,1,1,0,245,115,0.4082
2026-07-26,184,카프리팬츠,ITEM,1,1,1,0,338,132,0.2959
2026-07-27,184,카프리팬츠,ITEM,5,5,2,1,392,161,1.2755
2026-07-28,184,카프리팬츠,ITEM,1,1,1,0,262,125,0.3817
2026-08-01,184,카프리팬츠,ITEM,3,3,3,2,277,115,1.083
2026-08-02,184,카프리팬츠,ITEM,1,1,1,0,250,101,0.4
2026-08-04,184,카프리팬츠,ITEM,2,2,2,1,225,88,0.8889
2026-08-05,184,카프리팬츠,ITEM,2,2,2,0,302,135,0.6623
2026-08-06,184,카프리팬츠,ITEM,1,1,1,0,284,112,0.3521
2026-08-08,184,카프리팬츠,ITEM,3,3,1,0,143,57,2.0979
2026-08-09,184,카프리팬츠,ITEM,1,1,1,0,265,116,0.3774
2026-08-10,184,카프리팬츠,ITEM,1,1,1,1,244,105,0.4098
2026-08-11,184,카프리팬츠,ITEM,2,2,2,0,383,116,0.5222
2026-08-14,184,카프리팬츠,ITEM,1,1,1,1,159,54,0.6289
2026-08-16,184,카프리팬츠,ITEM,1,1,1,0,232,98,0.431
2026-08-17,184,카프리팬츠,ITEM,4,4,1,0,543,223,0.7366
2026-08-18,184,카프리팬츠,ITEM,5,5,2,0,303,163,1.6502
2026-08-19,184,카프리팬츠,ITEM,3,3,1,0,219,95,1.3699
2026-08-20,184,카프리팬츠,ITEM,6,6,1,0,236,110,2.5424
2026-08-21,184,카프리팬츠,ITEM,4,4,2,0,235,105,1.7021
2026-08-22,184,카프리팬츠,ITEM,1,1,1,0,275,117,0.3636
2026-08-23,184,카프리팬츠,ITEM,2,2,2,0,472,218,0.4237
2026-08-25,184,카프리팬츠,ITEM,2,2,1,0,405,202,0.4938
2026-08-26,184,카프리팬츠,ITEM,2,2,1,0,424,195,0.4717
2026-08-28,184,카프리팬츠,ITEM,2,2,1,0,414,157,0.4831
2026-08-29,184,카프리팬츠,ITEM,3,3,2,0,316,144,0.9494
2026-08-30,184,카프리팬츠,ITEM,5,5,2,1,735,303,0.6803
2026-08-31,184,카프리팬츠,ITEM,1,1,1,0,714,321,0.1401
2026-09-01,184,카프리팬츠,ITEM,1,1,1,0,601,253,0.1664
2026-09-03,184,카프리팬츠,ITEM,1,1,1,0,603,270,0.1658
2026-09-05,184,카프리팬츠,ITEM,3,3,3,1,563,234,0.5329
2026-09-08,184,카프리팬츠,ITEM,1,1,1,0,248,112,0.4032
2026-08-31,742,캥거루포켓,DETAIL,4,4,1,0,714,321,0.5602
2026-09-01,742,캥거루포켓,DETAIL,2,2,1,0,601,253,0.3328
2026-06-16,623,커브드레그,DETAIL,1,1,1,1,465,184,0.2151
2026-07-24,623,커브드레그,DETAIL,1,1,1,1,233,80,0.4292
2026-07-25,623,커브드레그,DETAIL,1,1,1,0,245,115,0.4082
2026-07-26,623,커브드레그,DETAIL,2,2,1,0,338,132,0.5917
2026-07-27,623,커브드레그,DETAIL,2,2,1,0,392,161,0.5102
2026-07-28,623,커브드레그,DETAIL,3,3,2,1,262,125,1.145
2026-07-29,623,커브드레그,DETAIL,1,1,1,0,238,113,0.4202
2026-08-07,623,커브드레그,DETAIL,1,1,1,0,151,70,0.6623
2026-08-13,623,커브드레그,DETAIL,1,1,1,1,223,94,0.4484
2026-08-19,623,커브드레그,DETAIL,1,1,1,0,219,95,0.4566
2026-08-26,623,커브드레그,DETAIL,6,6,1,1,424,195,1.4151
2026-08-27,623,커브드레그,DETAIL,2,2,1,0,330,161,0.6061
2026-08-30,623,커브드레그,DETAIL,20,20,1,1,735,303,2.7211
2026-08-31,623,커브드레그,DETAIL,5,5,1,0,714,321,0.7003
2026-09-02,623,커브드레그,DETAIL,1,1,1,0,502,221,0.1992
2026-09-04,623,커브드레그,DETAIL,1,1,1,0,482,221,0.2075
2026-09-05,623,커브드레그,DETAIL,1,1,1,0,563,234,0.1776
2026-05-27,431,코발트블루,COLOR,1,1,1,0,222,83,0.4505
2026-08-11,431,코발트블루,COLOR,2,2,1,1,383,116,0.5222
2026-06-19,391,코티지코어,STYLE,1,1,1,0,510,170,0.1961
2025-11-17,505,크리스마스,TPO,1,1,1,0,60,30,1.6667
2025-11-24,505,크리스마스,TPO,1,1,1,0,52,33,1.9231
2025-12-13,505,크리스마스,TPO,3,3,1,0,28,20,10.7143
2025-12-21,505,크리스마스,TPO,1,1,1,0,92,38,1.087
2025-12-26,505,크리스마스,TPO,1,1,1,1,41,17,2.439
2026-03-18,168,트러커재킷,ITEM,1,1,1,0,70,45,1.4286
2026-04-27,168,트러커재킷,ITEM,1,1,1,1,175,75,0.5714
2026-05-20,168,트러커재킷,ITEM,1,1,1,0,244,80,0.4098
2026-07-19,168,트러커재킷,ITEM,1,1,1,1,670,210,0.1493
2026-07-27,168,트러커재킷,ITEM,1,1,1,1,392,161,0.2551
2026-08-08,168,트러커재킷,ITEM,1,1,1,0,143,57,0.6993
2026-08-17,168,트러커재킷,ITEM,1,1,1,0,543,223,0.1842
2026-08-30,168,트러커재킷,ITEM,3,3,2,1,735,303,0.4082
2026-09-03,168,트러커재킷,ITEM,2,2,1,1,603,270,0.3317
2026-09-09,168,트러커재킷,ITEM,1,1,1,1,170,7,0.5882
2025-09-06,172,트렌치코트,ITEM,1,1,1,0,103,33,0.9709
2025-09-11,172,트렌치코트,ITEM,1,1,1,0,24,8,4.1667
2025-09-18,172,트렌치코트,ITEM,1,1,1,0,10,8,10.0
2025-09-19,172,트렌치코트,ITEM,1,1,1,1,106,25,0.9434
2025-09-20,172,트렌치코트,ITEM,2,2,1,0,96,34,2.0833
2025-10-03,172,트렌치코트,ITEM,1,1,1,1,103,20,0.9709
2025-10-12,172,트렌치코트,ITEM,1,1,1,1,76,22,1.3158
2025-11-19,172,트렌치코트,ITEM,2,2,1,0,165,47,1.2121
2025-11-20,172,트렌치코트,ITEM,3,3,1,0,172,49,1.7442
2025-12-19,172,트렌치코트,ITEM,1,1,1,0,67,36,1.4925
2025-12-22,172,트렌치코트,ITEM,1,1,1,0,31,21,3.2258
2026-01-24,172,트렌치코트,ITEM,1,1,1,0,62,34,1.6129
2026-02-20,172,트렌치코트,ITEM,3,3,1,1,152,39,1.9737
2026-02-27,172,트렌치코트,ITEM,4,4,1,1,156,44,2.5641
2026-02-28,172,트렌치코트,ITEM,5,5,1,0,87,47,5.7471
2026-03-04,172,트렌치코트,ITEM,2,2,1,0,159,65,1.2579
2026-03-06,172,트렌치코트,ITEM,4,4,1,0,203,70,1.9704
2026-03-07,172,트렌치코트,ITEM,1,1,1,0,82,41,1.2195
2026-03-08,172,트렌치코트,ITEM,1,1,1,0,71,37,1.4085
2026-04-21,172,트렌치코트,ITEM,1,1,1,0,58,30,1.7241
2026-07-19,172,트렌치코트,ITEM,1,1,1,1,670,210,0.1493
2026-08-08,172,트렌치코트,ITEM,1,1,1,0,143,57,0.6993
2026-08-26,172,트렌치코트,ITEM,3,3,1,0,424,195,0.7075
2026-08-27,172,트렌치코트,ITEM,5,5,1,0,330,161,1.5152
2026-08-28,172,트렌치코트,ITEM,4,4,4,2,414,157,0.9662
2026-08-29,172,트렌치코트,ITEM,2,2,2,1,316,144,0.6329
2026-08-31,172,트렌치코트,ITEM,2,2,1,1,714,321,0.2801
2026-09-03,172,트렌치코트,ITEM,2,2,2,1,603,270,0.3317
2026-09-04,172,트렌치코트,ITEM,3,3,2,0,482,221,0.6224
2026-09-05,172,트렌치코트,ITEM,1,1,1,0,563,234,0.1776
2026-09-06,172,트렌치코트,ITEM,2,2,2,2,858,363,0.2331
2026-09-07,172,트렌치코트,ITEM,1,1,1,1,732,308,0.1366
2026-09-08,172,트렌치코트,ITEM,1,1,1,0,248,112,0.4032
2026-07-06,482,파우더블루,COLOR,1,1,1,1,204,85,0.4902
2026-07-07,482,파우더블루,COLOR,3,3,1,0,203,85,1.4778
2026-02-06,565,폴리에스터,MATERIAL,1,1,1,0,65,32,1.5385
2026-02-10,565,폴리에스터,MATERIAL,1,1,1,0,57,40,1.7544
2026-03-15,565,폴리에스터,MATERIAL,1,1,1,0,87,29,1.1494
2026-03-16,565,폴리에스터,MATERIAL,1,1,1,1,83,23,1.2048
2026-03-17,565,폴리에스터,MATERIAL,1,1,1,0,76,20,1.3158
2026-04-18,565,폴리에스터,MATERIAL,1,1,1,1,168,63,0.5952
2026-04-19,565,폴리에스터,MATERIAL,1,1,1,1,286,115,0.3497
2026-05-17,565,폴리에스터,MATERIAL,1,1,1,1,166,82,0.6024
2026-05-28,565,폴리에스터,MATERIAL,1,1,1,0,228,103,0.4386
2026-06-12,565,폴리에스터,MATERIAL,1,1,1,1,352,114,0.2841
2026-06-14,565,폴리에스터,MATERIAL,1,1,1,1,529,186,0.189
2026-06-20,565,폴리에스터,MATERIAL,1,1,1,1,422,169,0.237
2026-06-26,565,폴리에스터,MATERIAL,1,1,1,0,247,81,0.4049
2026-06-28,565,폴리에스터,MATERIAL,1,1,1,0,327,109,0.3058
2026-07-26,565,폴리에스터,MATERIAL,1,1,1,1,338,132,0.2959
2026-07-28,565,폴리에스터,MATERIAL,1,1,1,0,262,125,0.3817
2026-07-29,565,폴리에스터,MATERIAL,1,1,1,0,238,113,0.4202
2026-07-30,565,폴리에스터,MATERIAL,1,1,1,1,249,101,0.4016
2026-08-07,565,폴리에스터,MATERIAL,1,1,1,0,151,70,0.6623
2026-09-02,565,폴리에스터,MATERIAL,1,1,1,0,502,221,0.1992
2025-09-27,558,폴리우레탄,MATERIAL,1,1,1,0,92,35,1.087
2026-06-20,558,폴리우레탄,MATERIAL,1,1,1,1,422,169,0.237
2026-08-28,558,폴리우레탄,MATERIAL,1,1,1,0,414,157,0.2415
2026-01-17,544,프렌치테리,MATERIAL,1,1,1,0,143,78,0.6993
2026-01-18,544,프렌치테리,MATERIAL,1,1,1,0,53,29,1.8868
2026-02-07,544,프렌치테리,MATERIAL,1,1,1,0,115,57,0.8696
2026-05-13,544,프렌치테리,MATERIAL,1,1,1,1,137,56,0.7299
2026-06-08,544,프렌치테리,MATERIAL,1,1,1,0,380,152,0.2632
2026-06-14,544,프렌치테리,MATERIAL,1,1,1,1,529,186,0.189
2026-07-12,544,프렌치테리,MATERIAL,1,1,1,1,314,141,0.3185
2026-07-15,544,프렌치테리,MATERIAL,1,1,1,1,265,87,0.3774
2026-09-01,544,프렌치테리,MATERIAL,1,1,1,1,601,253,0.1664
2026-09-04,544,프렌치테리,MATERIAL,1,1,1,0,482,221,0.2075
2026-09-05,544,프렌치테리,MATERIAL,3,3,1,0,563,234,0.5329
2026-09-06,544,프렌치테리,MATERIAL,1,1,1,0,858,363,0.1166
2025-10-26,170,플리스재킷,ITEM,1,1,1,1,63,15,1.5873
2026-01-17,170,플리스재킷,ITEM,5,5,1,0,143,78,3.4965
2026-01-20,170,플리스재킷,ITEM,1,1,1,1,57,25,1.7544
2026-02-14,170,플리스재킷,ITEM,1,1,1,0,26,21,3.8462
2026-03-01,170,플리스재킷,ITEM,1,1,1,1,144,46,0.6944
2026-03-15,170,플리스재킷,ITEM,8,8,1,1,87,29,9.1954
2026-03-16,170,플리스재킷,ITEM,4,4,1,0,83,23,4.8193
2026-03-17,170,플리스재킷,ITEM,4,4,1,0,76,20,5.2632
2026-08-02,170,플리스재킷,ITEM,1,1,1,1,250,101,0.4
2026-08-17,170,플리스재킷,ITEM,1,1,1,1,543,223,0.1842
2026-08-30,170,플리스재킷,ITEM,1,1,1,0,735,303,0.1361
2026-08-31,170,플리스재킷,ITEM,1,1,1,0,714,321,0.1401
2026-09-01,170,플리스재킷,ITEM,1,1,1,0,601,253,0.1664
2026-09-05,170,플리스재킷,ITEM,3,3,1,1,563,234,0.5329
2026-09-06,170,플리스재킷,ITEM,1,1,1,0,858,363,0.1166
2026-09-07,170,플리스재킷,ITEM,1,1,1,0,732,308,0.1366
2025-10-31,728,피크드라펠,DETAIL,1,1,1,1,66,25,1.5152
2026-07-19,728,피크드라펠,DETAIL,1,1,1,1,670,210,0.1493
2026-07-22,728,피크드라펠,DETAIL,1,1,1,1,244,112,0.4098
2026-06-28,725,피터팬칼라,DETAIL,1,1,1,1,327,109,0.3058
2025-12-27,678,하운드투스,DETAIL,2,2,1,1,32,21,6.25
2026-01-18,669,하이웨스트,DETAIL,1,1,1,0,53,29,1.8868
2026-04-12,669,하이웨스트,DETAIL,1,1,1,0,29,19,3.4483
2026-06-01,669,하이웨스트,DETAIL,1,1,1,0,360,160,0.2778
2026-06-13,669,하이웨스트,DETAIL,2,2,1,1,267,107,0.7491
2026-06-17,669,하이웨스트,DETAIL,1,1,1,0,365,130,0.274
2026-06-19,669,하이웨스트,DETAIL,1,1,1,0,510,170,0.1961
2026-06-20,669,하이웨스트,DETAIL,1,1,1,0,422,169,0.237
2026-06-21,669,하이웨스트,DETAIL,2,2,2,1,550,205,0.3636
2026-06-24,669,하이웨스트,DETAIL,1,1,1,1,369,145,0.271
2026-06-30,669,하이웨스트,DETAIL,2,2,1,0,156,56,1.2821
2026-07-25,669,하이웨스트,DETAIL,1,1,1,0,245,115,0.4082
2026-07-26,669,하이웨스트,DETAIL,1,1,1,1,338,132,0.2959
2026-07-31,669,하이웨스트,DETAIL,1,1,1,1,204,84,0.4902
2026-08-01,669,하이웨스트,DETAIL,1,1,1,0,277,115,0.361
2026-08-05,669,하이웨스트,DETAIL,1,1,1,1,302,135,0.3311
2026-08-08,669,하이웨스트,DETAIL,3,3,2,0,143,57,2.0979
2026-08-12,669,하이웨스트,DETAIL,1,1,1,0,194,92,0.5155
2026-08-17,669,하이웨스트,DETAIL,3,3,1,0,543,223,0.5525
2026-08-18,669,하이웨스트,DETAIL,4,4,3,0,303,163,1.3201
2026-08-19,669,하이웨스트,DETAIL,2,2,1,0,219,95,0.9132
2026-08-20,669,하이웨스트,DETAIL,1,1,1,0,236,110,0.4237
2026-08-26,669,하이웨스트,DETAIL,1,1,1,0,424,195,0.2358
2026-07-12,748,후크앤아이,DETAIL,1,1,1,0,314,141,0.3185
2025-09-14,572,디스트레스드,MATERIAL,1,1,1,1,52,13,1.9231
2026-02-09,572,디스트레스드,MATERIAL,1,1,1,0,22,15,4.5455
2026-03-01,572,디스트레스드,MATERIAL,1,1,1,0,144,46,0.6944
2026-05-16,572,디스트레스드,MATERIAL,1,1,1,1,158,49,0.6329
2026-05-24,572,디스트레스드,MATERIAL,1,1,1,1,297,121,0.3367
2026-06-15,572,디스트레스드,MATERIAL,1,1,1,1,440,179,0.2273
2026-06-18,572,디스트레스드,MATERIAL,1,1,1,0,286,139,0.3497
2026-06-24,572,디스트레스드,MATERIAL,1,1,1,1,369,145,0.271
2026-06-25,572,디스트레스드,MATERIAL,1,1,1,1,162,75,0.6173
2026-07-24,572,디스트레스드,MATERIAL,1,1,1,0,233,80,0.4292
2026-07-25,572,디스트레스드,MATERIAL,1,1,1,1,245,115,0.4082
2026-08-23,572,디스트레스드,MATERIAL,1,1,1,1,472,218,0.2119
2026-08-30,572,디스트레스드,MATERIAL,1,1,1,1,735,303,0.1361
2026-09-05,572,디스트레스드,MATERIAL,1,1,1,0,563,234,0.1776
2026-09-09,572,디스트레스드,MATERIAL,1,1,1,1,170,7,0.5882
2025-11-16,443,라이트그레이,COLOR,1,1,1,1,99,44,1.0101
2025-11-21,443,라이트그레이,COLOR,1,1,1,0,127,48,0.7874
2026-01-02,443,라이트그레이,COLOR,1,1,1,1,103,31,0.9709
2026-01-16,443,라이트그레이,COLOR,1,1,1,1,108,22,0.9259
2026-01-29,443,라이트그레이,COLOR,1,1,1,1,60,12,1.6667
2026-03-01,443,라이트그레이,COLOR,1,1,1,1,144,46,0.6944
2026-03-04,443,라이트그레이,COLOR,1,1,1,0,159,65,0.6289
2026-03-06,443,라이트그레이,COLOR,1,1,1,1,203,70,0.4926
2026-03-17,443,라이트그레이,COLOR,1,1,1,1,76,20,1.3158
2026-04-19,443,라이트그레이,COLOR,1,1,1,1,286,115,0.3497
2026-04-29,443,라이트그레이,COLOR,1,1,1,1,54,16,1.8519
2026-05-13,443,라이트그레이,COLOR,1,1,1,1,137,56,0.7299
2026-05-14,443,라이트그레이,COLOR,1,1,1,1,271,108,0.369
2026-05-18,443,라이트그레이,COLOR,1,1,1,1,146,74,0.6849
2026-05-20,443,라이트그레이,COLOR,3,3,1,1,244,80,1.2295
2026-05-21,443,라이트그레이,COLOR,5,5,3,2,270,85,1.8519
2026-05-23,443,라이트그레이,COLOR,2,2,2,2,331,93,0.6042
2026-05-24,443,라이트그레이,COLOR,1,1,1,1,297,121,0.3367
2026-05-28,443,라이트그레이,COLOR,1,1,1,0,228,103,0.4386
2026-05-29,443,라이트그레이,COLOR,1,1,1,1,188,59,0.5319
2026-06-03,443,라이트그레이,COLOR,1,1,1,0,222,94,0.4505
2026-06-05,443,라이트그레이,COLOR,1,1,1,0,183,55,0.5464
2026-06-08,443,라이트그레이,COLOR,1,1,1,0,380,152,0.2632
2026-06-12,443,라이트그레이,COLOR,1,1,1,1,352,114,0.2841
2026-06-14,443,라이트그레이,COLOR,1,1,1,1,529,186,0.189
2026-06-16,443,라이트그레이,COLOR,1,1,1,1,465,184,0.2151
2026-06-19,443,라이트그레이,COLOR,2,2,2,1,510,170,0.3922
2026-06-20,443,라이트그레이,COLOR,1,1,1,0,422,169,0.237
2026-06-22,443,라이트그레이,COLOR,1,1,1,1,455,179,0.2198
2026-06-25,443,라이트그레이,COLOR,1,1,1,1,162,75,0.6173
2026-06-26,443,라이트그레이,COLOR,2,2,2,1,247,81,0.8097
2026-07-06,443,라이트그레이,COLOR,1,1,1,1,204,85,0.4902
2026-07-07,443,라이트그레이,COLOR,1,1,1,1,203,85,0.4926
2026-07-14,443,라이트그레이,COLOR,1,1,1,0,267,89,0.3745
2026-07-15,443,라이트그레이,COLOR,2,2,1,0,265,87,0.7547
2026-07-17,443,라이트그레이,COLOR,1,1,1,1,332,101,0.3012
2026-07-19,443,라이트그레이,COLOR,1,1,1,1,670,210,0.1493
2026-07-24,443,라이트그레이,COLOR,2,2,1,1,233,80,0.8584
2026-07-31,443,라이트그레이,COLOR,1,1,1,0,204,84,0.4902
2026-08-12,443,라이트그레이,COLOR,1,1,1,1,194,92,0.5155
2026-08-13,443,라이트그레이,COLOR,1,1,1,0,223,94,0.4484
2026-08-18,443,라이트그레이,COLOR,2,2,1,0,303,163,0.6601
2026-08-28,443,라이트그레이,COLOR,1,1,1,1,414,157,0.2415
2026-08-31,443,라이트그레이,COLOR,1,1,1,0,714,321,0.1401
2026-09-02,443,라이트그레이,COLOR,3,3,3,2,502,221,0.5976
2026-09-03,443,라이트그레이,COLOR,1,1,1,0,603,270,0.1658
2026-09-04,443,라이트그레이,COLOR,1,1,1,0,482,221,0.2075
2026-09-06,443,라이트그레이,COLOR,1,1,1,1,858,363,0.1166
2026-09-07,443,라이트그레이,COLOR,5,5,1,0,732,308,0.6831
2025-09-24,206,메리제인슈즈,ITEM,1,1,1,0,43,14,2.3256
2025-09-26,206,메리제인슈즈,ITEM,3,3,1,1,76,18,3.9474
2025-09-27,206,메리제인슈즈,ITEM,3,3,1,0,92,35,3.2609
2025-09-28,206,메리제인슈즈,ITEM,5,5,1,0,78,15,6.4103
2025-09-30,206,메리제인슈즈,ITEM,1,1,1,0,13,5,7.6923
2025-10-01,206,메리제인슈즈,ITEM,1,1,1,0,23,7,4.3478
2025-10-02,206,메리제인슈즈,ITEM,1,1,1,0,20,8,5.0
2025-11-20,206,메리제인슈즈,ITEM,1,1,1,1,172,49,0.5814
2025-11-21,206,메리제인슈즈,ITEM,1,1,1,1,127,48,0.7874
2025-11-22,206,메리제인슈즈,ITEM,1,1,1,0,75,36,1.3333
2025-11-25,206,메리제인슈즈,ITEM,1,1,1,0,50,29,2.0
2025-11-26,206,메리제인슈즈,ITEM,1,1,1,0,29,14,3.4483
2025-12-07,206,메리제인슈즈,ITEM,1,1,1,1,120,49,0.8333
2026-02-19,206,메리제인슈즈,ITEM,1,1,1,1,25,13,4.0
2026-05-02,206,메리제인슈즈,ITEM,3,3,1,0,66,35,4.5455
2026-05-23,206,메리제인슈즈,ITEM,3,3,2,1,331,93,0.9063
2026-05-24,206,메리제인슈즈,ITEM,1,1,1,1,297,121,0.3367
2026-06-05,206,메리제인슈즈,ITEM,1,1,1,0,183,55,0.5464
2026-06-16,206,메리제인슈즈,ITEM,1,1,1,1,465,184,0.2151
2026-06-19,206,메리제인슈즈,ITEM,3,3,2,2,510,170,0.5882
2026-06-20,206,메리제인슈즈,ITEM,7,7,1,0,422,169,1.6588
2026-06-21,206,메리제인슈즈,ITEM,1,1,1,0,550,205,0.1818
2026-06-22,206,메리제인슈즈,ITEM,2,2,1,0,455,179,0.4396
2026-06-23,206,메리제인슈즈,ITEM,2,2,1,0,401,171,0.4988
2026-06-24,206,메리제인슈즈,ITEM,1,1,1,1,369,145,0.271
2026-06-25,206,메리제인슈즈,ITEM,1,1,1,0,162,75,0.6173
2026-07-09,206,메리제인슈즈,ITEM,1,1,1,0,161,62,0.6211
2026-08-08,206,메리제인슈즈,ITEM,1,1,1,0,143,57,0.6993
2026-08-21,206,메리제인슈즈,ITEM,2,2,1,1,235,105,0.8511
2026-08-23,206,메리제인슈즈,ITEM,1,1,1,0,472,218,0.2119
2026-08-25,206,메리제인슈즈,ITEM,2,2,1,0,405,202,0.4938
2026-08-28,206,메리제인슈즈,ITEM,1,1,1,0,414,157,0.2415
2026-09-07,206,메리제인슈즈,ITEM,1,1,1,0,732,308,0.1366
2025-09-12,770,메탈하드웨어,DETAIL,1,1,1,1,61,22,1.6393
2026-01-23,770,메탈하드웨어,DETAIL,1,1,1,1,61,26,1.6393
2026-02-10,770,메탈하드웨어,DETAIL,1,1,1,0,57,40,1.7544
2026-05-01,770,메탈하드웨어,DETAIL,1,1,1,1,82,24,1.2195
2026-05-31,770,메탈하드웨어,DETAIL,1,1,1,1,354,109,0.2825
2026-06-16,770,메탈하드웨어,DETAIL,1,1,1,1,465,184,0.2151
2026-06-19,770,메탈하드웨어,DETAIL,2,2,2,2,510,170,0.3922
2026-08-25,770,메탈하드웨어,DETAIL,1,1,1,0,405,202,0.2469
2026-09-03,770,메탈하드웨어,DETAIL,1,1,1,1,603,270,0.1658
2025-09-05,222,발레플랫슈즈,ITEM,1,1,1,1,87,25,1.1494
2026-03-15,222,발레플랫슈즈,ITEM,1,1,1,1,87,29,1.1494
2026-03-22,222,발레플랫슈즈,ITEM,1,1,1,0,158,62,0.6329
2026-05-01,222,발레플랫슈즈,ITEM,1,1,1,1,82,24,1.2195
2026-05-02,222,발레플랫슈즈,ITEM,1,1,1,0,66,35,1.5152
2026-05-16,222,발레플랫슈즈,ITEM,1,1,1,1,158,49,0.6329
2026-05-17,222,발레플랫슈즈,ITEM,1,1,1,0,166,82,0.6024
2026-05-30,222,발레플랫슈즈,ITEM,1,1,1,0,234,83,0.4274
2026-06-06,222,발레플랫슈즈,ITEM,1,1,1,1,336,108,0.2976
2026-06-07,222,발레플랫슈즈,ITEM,1,1,1,0,322,152,0.3106
2026-07-16,222,발레플랫슈즈,ITEM,1,1,1,0,179,58,0.5587
2026-07-22,222,발레플랫슈즈,ITEM,1,1,1,0,244,112,0.4098
2026-07-29,222,발레플랫슈즈,ITEM,1,1,1,0,238,113,0.4202
2026-08-28,222,발레플랫슈즈,ITEM,1,1,1,0,414,157,0.2415
2026-01-23,226,브리프케이스,ITEM,1,1,1,1,61,26,1.6393
2026-01-30,226,브리프케이스,ITEM,1,1,1,0,30,17,3.3333
2026-07-17,226,브리프케이스,ITEM,1,1,1,0,332,101,0.3012
2025-10-03,399,비즈니스코어,STYLE,1,1,1,1,103,20,0.9709
2025-12-02,399,비즈니스코어,STYLE,1,1,1,1,123,66,0.813
2026-01-16,399,비즈니스코어,STYLE,1,1,1,1,108,22,0.9259
2026-03-20,399,비즈니스코어,STYLE,1,1,1,1,44,13,2.2727
2026-04-18,399,비즈니스코어,STYLE,1,1,1,1,168,63,0.5952
2026-04-30,399,비즈니스코어,STYLE,1,1,1,1,78,19,1.2821
2026-06-05,399,비즈니스코어,STYLE,1,1,1,1,183,55,0.5464
2026-06-12,399,비즈니스코어,STYLE,1,1,1,1,352,114,0.2841
2026-06-15,399,비즈니스코어,STYLE,1,1,1,1,440,179,0.2273
2026-06-17,399,비즈니스코어,STYLE,1,1,1,1,365,130,0.274
2026-06-21,399,비즈니스코어,STYLE,1,1,1,1,550,205,0.1818
2026-06-27,399,비즈니스코어,STYLE,1,1,1,1,214,76,0.4673
2026-06-28,399,비즈니스코어,STYLE,1,1,1,0,327,109,0.3058
2026-07-03,399,비즈니스코어,STYLE,1,1,1,0,154,63,0.6494
2026-07-06,399,비즈니스코어,STYLE,2,2,1,0,204,85,0.9804
2026-07-22,399,비즈니스코어,STYLE,1,1,1,1,244,112,0.4098
2026-07-26,399,비즈니스코어,STYLE,1,1,1,1,338,132,0.2959
2026-08-04,399,비즈니스코어,STYLE,1,1,1,1,225,88,0.4444
2026-08-09,399,비즈니스코어,STYLE,1,1,1,1,265,116,0.3774
2026-08-10,399,비즈니스코어,STYLE,2,2,2,1,244,105,0.8197
2026-08-11,399,비즈니스코어,STYLE,1,1,1,1,383,116,0.2611
2026-08-13,399,비즈니스코어,STYLE,1,1,1,1,223,94,0.4484
2026-08-17,399,비즈니스코어,STYLE,1,1,1,1,543,223,0.1842
2026-08-26,399,비즈니스코어,STYLE,1,1,1,1,424,195,0.2358
2026-08-27,399,비즈니스코어,STYLE,1,1,1,1,330,161,0.303
2026-09-01,399,비즈니스코어,STYLE,1,1,1,1,601,253,0.1664
2025-09-06,444,스모키그레이,COLOR,1,1,1,0,103,33,0.9709
2026-01-20,165,스타디움재킷,ITEM,1,1,1,1,57,25,1.7544
2026-07-16,165,스타디움재킷,ITEM,1,1,1,1,179,58,0.5587
2026-05-03,406,에메랄드그린,COLOR,1,1,1,1,150,45,0.6667
2026-06-14,406,에메랄드그린,COLOR,1,1,1,1,529,186,0.189
2026-08-06,406,에메랄드그린,COLOR,1,1,1,0,284,112,0.3521
2025-10-31,445,오트밀베이지,COLOR,2,2,1,0,66,25,3.0303
2025-11-01,445,오트밀베이지,COLOR,1,1,1,0,41,19,2.439
2025-11-20,445,오트밀베이지,COLOR,1,1,1,1,172,49,0.5814
2025-11-21,445,오트밀베이지,COLOR,1,1,1,0,127,48,0.7874
2025-12-07,445,오트밀베이지,COLOR,1,1,1,1,120,49,0.8333
2026-01-20,445,오트밀베이지,COLOR,1,1,1,1,57,25,1.7544
2026-01-29,445,오트밀베이지,COLOR,1,1,1,1,60,12,1.6667
2026-06-11,445,오트밀베이지,COLOR,1,1,1,0,239,114,0.4184
2026-06-14,445,오트밀베이지,COLOR,2,2,1,1,529,186,0.3781
2026-06-18,445,오트밀베이지,COLOR,1,1,1,0,286,139,0.3497
2026-06-22,445,오트밀베이지,COLOR,1,1,1,1,455,179,0.2198
2026-06-23,445,오트밀베이지,COLOR,1,1,1,0,401,171,0.2494
2026-07-26,445,오트밀베이지,COLOR,1,1,1,1,338,132,0.2959
2026-08-20,445,오트밀베이지,COLOR,1,1,1,1,236,110,0.4237
2026-08-24,445,오트밀베이지,COLOR,1,1,1,1,592,293,0.1689
2026-08-26,445,오트밀베이지,COLOR,4,4,2,1,424,195,0.9434
2026-08-27,445,오트밀베이지,COLOR,1,1,1,0,330,161,0.303
2026-08-29,445,오트밀베이지,COLOR,2,2,1,0,316,144,0.6329
2026-08-30,445,오트밀베이지,COLOR,1,1,1,1,735,303,0.1361
2026-08-31,445,오트밀베이지,COLOR,3,3,1,0,714,321,0.4202
2026-09-03,445,오트밀베이지,COLOR,1,1,1,0,603,270,0.1658
2026-09-06,445,오트밀베이지,COLOR,10,10,2,1,858,363,1.1655
2026-09-07,445,오트밀베이지,COLOR,4,4,2,0,732,308,0.5464
2026-01-08,420,코코아브라운,COLOR,1,1,1,1,21,8,4.7619
2026-07-10,420,코코아브라운,COLOR,2,2,1,1,249,60,0.8032
2026-08-11,420,코코아브라운,COLOR,1,1,1,1,383,116,0.2611
2026-08-17,420,코코아브라운,COLOR,2,2,1,0,543,223,0.3683
2026-09-06,420,코코아브라운,COLOR,1,1,1,1,858,363,0.1166
2026-06-10,421,토스트브라운,COLOR,1,1,1,1,345,160,0.2899
2025-11-21,186,트레이닝팬츠,ITEM,1,1,1,0,127,48,0.7874
2025-12-02,186,트레이닝팬츠,ITEM,1,1,1,0,123,66,0.813
2025-12-05,186,트레이닝팬츠,ITEM,1,1,1,1,88,46,1.1364
2025-12-06,186,트레이닝팬츠,ITEM,1,1,1,0,91,53,1.0989
2025-12-08,186,트레이닝팬츠,ITEM,1,1,1,0,42,28,2.381
2025-12-21,186,트레이닝팬츠,ITEM,1,1,1,1,92,38,1.087
2026-03-04,186,트레이닝팬츠,ITEM,1,1,1,1,159,65,0.6289
2026-04-05,186,트레이닝팬츠,ITEM,3,3,1,1,129,44,2.3256
2026-04-06,186,트레이닝팬츠,ITEM,1,1,1,0,39,22,2.5641
2026-04-18,186,트레이닝팬츠,ITEM,1,1,1,0,168,63,0.5952
2026-04-19,186,트레이닝팬츠,ITEM,1,1,1,1,286,115,0.3497
2026-04-23,186,트레이닝팬츠,ITEM,1,1,1,0,116,64,0.8621
2026-06-03,186,트레이닝팬츠,ITEM,2,2,1,0,222,94,0.9009
2026-06-05,186,트레이닝팬츠,ITEM,1,1,1,0,183,55,0.5464
2026-06-07,186,트레이닝팬츠,ITEM,1,1,1,0,322,152,0.3106
2026-06-10,186,트레이닝팬츠,ITEM,1,1,1,0,345,160,0.2899
2026-06-12,186,트레이닝팬츠,ITEM,1,1,1,0,352,114,0.2841
2026-07-15,186,트레이닝팬츠,ITEM,2,2,2,1,265,87,0.7547
2026-07-16,186,트레이닝팬츠,ITEM,1,1,1,1,179,58,0.5587
2026-07-18,186,트레이닝팬츠,ITEM,1,1,1,0,429,155,0.2331
2026-07-20,186,트레이닝팬츠,ITEM,1,1,1,1,386,140,0.2591
2026-08-03,186,트레이닝팬츠,ITEM,1,1,1,0,257,111,0.3891
2026-08-05,186,트레이닝팬츠,ITEM,2,2,2,0,302,135,0.6623
2026-08-10,186,트레이닝팬츠,ITEM,1,1,1,0,244,105,0.4098
2026-07-26,407,포레스트그린,COLOR,1,1,1,1,338,132,0.2959
2026-02-01,673,핀스트라이프,DETAIL,1,1,1,0,83,43,1.2048
2026-05-31,673,핀스트라이프,DETAIL,1,1,1,1,354,109,0.2825
2026-06-01,673,핀스트라이프,DETAIL,1,1,1,1,360,160,0.2778
2026-06-21,673,핀스트라이프,DETAIL,1,1,1,1,550,205,0.1818
2026-07-06,673,핀스트라이프,DETAIL,1,1,1,1,204,85,0.4902
2026-07-15,673,핀스트라이프,DETAIL,1,1,1,1,265,87,0.3774
2026-07-27,673,핀스트라이프,DETAIL,1,1,1,1,392,161,0.2551
2026-08-09,673,핀스트라이프,DETAIL,1,1,1,1,265,116,0.3774
2026-09-02,673,핀스트라이프,DETAIL,1,1,1,0,502,221,0.1992
2026-09-03,673,핀스트라이프,DETAIL,1,1,1,0,603,270,0.1658
2026-09-04,673,핀스트라이프,DETAIL,1,1,1,1,482,221,0.2075
2026-06-19,446,슬레이트그레이,COLOR,2,2,1,0,510,170,0.3922
2026-03-27,624,슬림스트레이트,DETAIL,1,1,1,0,124,47,0.8065
2026-06-28,624,슬림스트레이트,DETAIL,1,1,1,0,327,109,0.3058
2026-08-14,624,슬림스트레이트,DETAIL,1,1,1,0,159,54,0.6289
2026-08-17,624,슬림스트레이트,DETAIL,1,1,1,0,543,223,0.1842
2026-09-08,624,슬림스트레이트,DETAIL,1,1,1,1,248,112,0.4032
2026-07-12,651,10부기장,DETAIL,1,1,1,1,314,141,0.3185
2026-08-17,651,10부기장,DETAIL,1,1,1,0,543,223,0.1842
2026-06-09,652,3부기장,DETAIL,1,1,1,1,247,108,0.4049
2026-06-27,652,3부기장,DETAIL,1,1,1,1,214,76,0.4673
2026-07-06,652,3부기장,DETAIL,1,1,1,1,204,85,0.4902
2026-08-10,652,3부기장,DETAIL,1,1,1,1,244,105,0.4098
2026-08-11,652,3부기장,DETAIL,1,1,1,1,383,116,0.2611
2026-07-28,798,4부기장,DETAIL,1,1,1,0,262,125,0.3817
2026-08-19,798,4부기장,DETAIL,1,1,1,0,219,95,0.4566
2025-09-01,653,5부기장,DETAIL,1,1,1,0,68,41,1.4706
2026-04-28,653,5부기장,DETAIL,1,1,1,0,51,26,1.9608
2026-06-19,653,5부기장,DETAIL,1,1,1,0,510,170,0.1961
2026-06-22,653,5부기장,DETAIL,2,2,2,2,455,179,0.4396
2026-06-23,653,5부기장,DETAIL,1,1,1,1,401,171,0.2494
2026-07-02,653,5부기장,DETAIL,1,1,1,0,107,58,0.9346
2026-07-23,653,5부기장,DETAIL,1,1,1,0,243,86,0.4115
2026-08-04,653,5부기장,DETAIL,1,1,1,1,225,88,0.4444
2026-08-16,653,5부기장,DETAIL,1,1,1,1,232,98,0.431
2026-03-30,663,5부소매,DETAIL,1,1,1,0,49,29,2.0408
2026-06-22,663,5부소매,DETAIL,1,1,1,0,455,179,0.2198
2026-02-20,664,7부소매,DETAIL,1,1,1,1,152,39,0.6579
2026-04-19,664,7부소매,DETAIL,1,1,1,1,286,115,0.3497
2026-06-14,664,7부소매,DETAIL,1,1,1,1,529,186,0.189
2026-06-16,664,7부소매,DETAIL,1,1,1,0,465,184,0.2151
2026-08-08,664,7부소매,DETAIL,1,1,1,0,143,57,0.6993
2026-08-13,664,7부소매,DETAIL,1,1,1,1,223,94,0.4484
2026-08-14,664,7부소매,DETAIL,1,1,1,1,159,54,0.6289
2026-08-16,664,7부소매,DETAIL,1,1,1,0,232,98,0.431
2026-08-22,664,7부소매,DETAIL,1,1,1,0,275,117,0.3636
2026-06-20,655,8부기장,DETAIL,1,1,1,0,422,169,0.237
2026-07-23,655,8부기장,DETAIL,1,1,1,0,243,86,0.4115
2026-01-16,656,9부기장,DETAIL,1,1,1,1,108,22,0.9259
2026-01-18,656,9부기장,DETAIL,1,1,1,0,53,29,1.8868
2026-01-23,656,9부기장,DETAIL,1,1,1,0,61,26,1.6393
2026-06-21,656,9부기장,DETAIL,1,1,1,0,550,205,0.1818
2026-07-23,656,9부기장,DETAIL,1,1,1,0,243,86,0.4115
2026-02-20,699,A라인,DETAIL,1,1,1,1,152,39,0.6579
2026-03-09,699,A라인,DETAIL,1,1,1,1,37,18,2.7027
2026-05-16,699,A라인,DETAIL,1,1,1,1,158,49,0.6329
2026-05-21,699,A라인,DETAIL,1,1,1,0,270,85,0.3704
2026-05-23,699,A라인,DETAIL,1,1,1,0,331,93,0.3021
2026-06-24,699,A라인,DETAIL,1,1,1,1,369,145,0.271
2026-06-29,699,A라인,DETAIL,1,1,1,0,182,100,0.5495
2026-07-13,699,A라인,DETAIL,1,1,1,0,382,151,0.2618
2026-07-23,699,A라인,DETAIL,1,1,1,1,243,86,0.4115
2026-07-27,699,A라인,DETAIL,1,1,1,0,392,161,0.2551
2026-08-03,699,A라인,DETAIL,1,1,1,1,257,111,0.3891
2026-08-05,699,A라인,DETAIL,1,1,1,1,302,135,0.3311
2026-08-12,699,A라인,DETAIL,1,1,1,0,194,92,0.5155
2026-08-13,699,A라인,DETAIL,1,1,1,1,223,94,0.4484
2026-08-27,699,A라인,DETAIL,1,1,1,0,330,161,0.303
2026-08-29,699,A라인,DETAIL,1,1,1,1,316,144,0.3165
2026-08-30,699,A라인,DETAIL,1,1,1,1,735,303,0.1361
2025-11-22,700,H라인,DETAIL,1,1,1,0,75,36,1.3333
2025-11-23,700,H라인,DETAIL,1,1,1,0,92,33,1.087
2026-05-23,700,H라인,DETAIL,1,1,1,1,331,93,0.3021
2026-05-24,700,H라인,DETAIL,3,3,1,0,297,121,1.0101
2026-05-25,700,H라인,DETAIL,1,1,1,0,400,155,0.25
2026-05-27,700,H라인,DETAIL,1,1,1,0,222,83,0.4505
2026-05-29,700,H라인,DETAIL,2,2,1,0,188,59,1.0638
2026-06-05,700,H라인,DETAIL,1,1,1,1,183,55,0.5464
2026-06-11,700,H라인,DETAIL,1,1,1,0,239,114,0.4184
2026-06-12,700,H라인,DETAIL,1,1,1,1,352,114,0.2841
2026-06-21,700,H라인,DETAIL,1,1,1,1,550,205,0.1818
2026-06-22,700,H라인,DETAIL,2,2,1,0,455,179,0.4396
2026-06-27,700,H라인,DETAIL,1,1,1,1,214,76,0.4673
2026-06-28,700,H라인,DETAIL,1,1,1,1,327,109,0.3058
2026-07-04,700,H라인,DETAIL,1,1,1,1,306,114,0.3268
2026-07-25,700,H라인,DETAIL,1,1,1,1,245,115,0.4082
2026-08-05,700,H라인,DETAIL,1,1,1,1,302,135,0.3311
2026-08-08,700,H라인,DETAIL,1,1,1,0,143,57,0.6993
2026-08-28,700,H라인,DETAIL,1,1,1,1,414,157,0.2415
2026-09-01,700,H라인,DETAIL,1,1,1,1,601,253,0.1664
2026-09-03,700,H라인,DETAIL,1,1,1,1,603,270,0.1658
2026-09-05,700,H라인,DETAIL,1,1,1,0,563,234,0.1776
2026-09-07,700,H라인,DETAIL,1,1,1,1,732,308,0.1366
2026-06-14,538,MT,TPO,1,1,1,0,529,186,0.189
2026-05-01,559,PVC,MATERIAL,1,1,1,1,82,24,1.2195
2026-05-17,559,PVC,MATERIAL,1,1,1,1,166,82,0.6024
2026-06-19,559,PVC,MATERIAL,1,1,1,1,510,170,0.1961
2026-07-18,559,PVC,MATERIAL,2,2,1,1,429,155,0.4662
2026-07-21,559,PVC,MATERIAL,1,1,1,0,284,141,0.3521
2026-08-14,559,PVC,MATERIAL,1,1,1,0,159,54,0.6289
2026-08-16,559,PVC,MATERIAL,1,1,1,0,232,98,0.431
2026-03-29,392,Y2K,STYLE,1,1,1,0,38,17,2.6316
2026-04-06,392,Y2K,STYLE,1,1,1,0,39,22,2.5641
2026-06-13,392,Y2K,STYLE,1,1,1,1,267,107,0.3745
2026-06-17,392,Y2K,STYLE,1,1,1,1,365,130,0.274
2026-07-09,392,Y2K,STYLE,1,1,1,1,161,62,0.6211
2026-08-17,392,Y2K,STYLE,1,1,1,0,543,223,0.1842
2026-08-21,392,Y2K,STYLE,1,1,1,0,235,105,0.4255
2026-08-28,392,Y2K,STYLE,1,1,1,0,414,157,0.2415
2026-09-01,392,Y2K,STYLE,1,1,1,1,601,253,0.1664
2026-09-03,392,Y2K,STYLE,1,1,1,0,603,270,0.1658
