target_id,source_code,source_name,target_name,target_type,collection_mode,is_active,interval_minutes,priority,target_url,params,last_crawled_at,next_crawl_at,created_at,updated_at
79,ABLY,에이블리,[여성>상의>전체],RANKING,LIVE,False,1440,5,https://mobile.a-bly.com/ranking,"{""filter"": ""best"", ""period"": ""daily"", ""max_rank"": 100, ""category_sno"": 8, ""market_type_sno"": 1}",2026-09-24 14:11:58.317773+00:00,2026-09-20 08:26:54.855519+00:00,2026-09-11 05:44:34.670556+00:00,2026-09-11 05:46:03.432706+00:00
80,ABLY,에이블리,[여성>팬츠>전체],RANKING,LIVE,False,1440,5,https://mobile.a-bly.com/ranking,"{""filter"": ""best"", ""period"": ""daily"", ""max_rank"": 100, ""category_sno"": 174, ""market_type_sno"": 1}",2026-09-24 14:13:06.946384+00:00,2026-09-20 08:26:54.855519+00:00,2026-09-11 06:09:19.541752+00:00,2026-09-11 06:09:55.450801+00:00
81,ABLY,에이블리,[여성>원피스>전체],RANKING,LIVE,False,1440,5,https://mobile.a-bly.com/ranking,"{""filter"": ""best"", ""period"": ""daily"", ""max_rank"": 100, ""category_sno"": 10, ""market_type_sno"": 1}",2026-09-24 14:14:03.556636+00:00,2026-09-20 08:26:54.855519+00:00,2026-09-11 06:10:27.624096+00:00,2026-09-11 06:10:27.624102+00:00
82,ABLY,에이블리,[여성>스커트>전체],RANKING,LIVE,False,1440,5,https://mobile.a-bly.com/ranking,"{""filter"": ""best"", ""period"": ""daily"", ""max_rank"": 100, ""category_sno"": 203, ""market_type_sno"": 1}",2026-09-24 14:15:01.108020+00:00,2026-09-20 08:26:54.855519+00:00,2026-09-11 06:11:04.609554+00:00,2026-09-11 06:11:04.609560+00:00
83,ABLY,에이블리,[여성>아우터>전체],RANKING,LIVE,False,1440,5,https://mobile.a-bly.com/ranking,"{""filter"": ""best"", ""period"": ""daily"", ""max_rank"": 100, ""category_sno"": 7, ""market_type_sno"": 1}",2026-09-24 14:15:53.755352+00:00,2026-09-20 08:26:54.855519+00:00,2026-09-11 06:11:32.412601+00:00,2026-09-11 06:11:32.412608+00:00
546,ABLY,에이블리,ABLY 브랜드관 STORE 프로필 DAILY,STORE,LIVE,False,1440,5,https://api.a-bly.com/api/v2/screens/COMPONENT_LIST/,"{""category_snos"": [8, 174, 10, 203, 7]}",,,2026-09-21 01:33:34.243586+00:00,2026-09-21 01:33:34.243594+00:00
622,ABLY,에이블리,[여성>상의>후드],RANKING,LIVE,True,1440,5,https://mobile.a-bly.com/ranking,"{""filter"": ""best"", ""period"": ""daily"", ""max_rank"": 100, ""category_sno"": 500, ""ranking_mode"": ""detail_category"", ""review_limit"": 20, ""collect_reviews"": true, ""market_type_sno"": 1, ""parent_category_sno"": 8, ""detail_category_name"": ""후드"", ""parent_category_name"": ""상의""}",2026-10-02 00:23:15.490711+00:00,2026-10-02 07:14:48.541242+00:00,2026-09-23 01:38:27.180325+00:00,2026-10-01 07:07:35.936002+00:00
623,ABLY,에이블리,[여성>상의>맨투맨],RANKING,LIVE,True,1440,5,https://mobile.a-bly.com/ranking,"{""filter"": ""best"", ""period"": ""daily"", ""max_rank"": 100, ""category_sno"": 300, ""ranking_mode"": ""detail_category"", ""review_limit"": 20, ""collect_reviews"": true, ""market_type_sno"": 1, ""parent_category_sno"": 8, ""detail_category_name"": ""맨투맨"", ""parent_category_name"": ""상의""}",2026-10-02 00:24:11.954076+00:00,2026-09-28 08:09:10.806864+00:00,2026-09-23 01:38:27.248772+00:00,2026-10-01 07:07:36.016138+00:00
624,ABLY,에이블리,[여성>상의>니트],RANKING,LIVE,True,1440,5,https://mobile.a-bly.com/ranking,"{""filter"": ""best"", ""period"": ""daily"", ""max_rank"": 100, ""category_sno"": 299, ""ranking_mode"": ""detail_category"", ""review_limit"": 20, ""collect_reviews"": true, ""market_type_sno"": 1, ""parent_category_sno"": 8, ""detail_category_name"": ""니트"", ""parent_category_name"": ""상의""}",2026-10-02 00:24:57.359897+00:00,2026-09-28 08:10:14.510614+00:00,2026-09-23 01:38:27.313789+00:00,2026-10-01 07:07:36.086778+00:00
625,ABLY,에이블리,[여성>상의>긴소매티셔츠],RANKING,LIVE,True,1440,5,https://mobile.a-bly.com/ranking,"{""filter"": ""best"", ""period"": ""daily"", ""max_rank"": 100, ""category_sno"": 498, ""ranking_mode"": ""detail_category"", ""review_limit"": 20, ""collect_reviews"": true, ""market_type_sno"": 1, ""parent_category_sno"": 8, ""detail_category_name"": ""긴소매티셔츠"", ""parent_category_name"": ""상의""}",2026-10-02 00:25:56.121566+00:00,2026-09-28 08:11:11.813926+00:00,2026-09-23 01:38:27.379163+00:00,2026-10-01 07:07:36.153427+00:00
626,ABLY,에이블리,[여성>상의>셔츠],RANKING,LIVE,True,1440,5,https://mobile.a-bly.com/ranking,"{""filter"": ""best"", ""period"": ""daily"", ""max_rank"": 100, ""category_sno"": 499, ""ranking_mode"": ""detail_category"", ""review_limit"": 20, ""collect_reviews"": true, ""market_type_sno"": 1, ""parent_category_sno"": 8, ""detail_category_name"": ""셔츠"", ""parent_category_name"": ""상의""}",2026-10-02 00:26:44.692071+00:00,2026-09-28 08:12:08.480704+00:00,2026-09-23 01:38:27.445954+00:00,2026-10-01 07:07:36.249344+00:00
627,ABLY,에이블리,[여성>상의>조끼],RANKING,LIVE,True,1440,5,https://mobile.a-bly.com/ranking,"{""filter"": ""best"", ""period"": ""daily"", ""max_rank"": 100, ""category_sno"": 357, ""ranking_mode"": ""detail_category"", ""review_limit"": 20, ""collect_reviews"": true, ""market_type_sno"": 1, ""parent_category_sno"": 8, ""detail_category_name"": ""조끼"", ""parent_category_name"": ""상의""}",2026-10-02 00:27:37.753956+00:00,2026-09-28 08:13:05.789604+00:00,2026-09-23 01:38:27.520853+00:00,2026-10-01 07:07:36.330502+00:00
628,ABLY,에이블리,[여성>상의>블라우스],RANKING,LIVE,True,1440,5,https://mobile.a-bly.com/ranking,"{""filter"": ""best"", ""period"": ""daily"", ""max_rank"": 100, ""category_sno"": 298, ""ranking_mode"": ""detail_category"", ""review_limit"": 20, ""collect_reviews"": true, ""market_type_sno"": 1, ""parent_category_sno"": 8, ""detail_category_name"": ""블라우스"", ""parent_category_name"": ""상의""}",2026-10-02 00:28:27.493622+00:00,2026-09-28 08:13:55.868518+00:00,2026-09-23 01:38:27.587825+00:00,2026-10-01 07:07:36.391559+00:00
629,ABLY,에이블리,[여성>상의>반소매티셔츠],RANKING,LIVE,True,1440,5,https://mobile.a-bly.com/ranking,"{""filter"": ""best"", ""period"": ""daily"", ""max_rank"": 100, ""category_sno"": 18, ""ranking_mode"": ""detail_category"", ""review_limit"": 20, ""collect_reviews"": true, ""market_type_sno"": 1, ""parent_category_sno"": 8, ""detail_category_name"": ""반소매티셔츠"", ""parent_category_name"": ""상의""}",2026-10-02 00:29:32.852791+00:00,2026-09-28 08:15:02.734578+00:00,2026-09-23 01:38:27.663131+00:00,2026-10-01 07:07:36.457161+00:00
630,ABLY,에이블리,[여성>상의>민소매],RANKING,LIVE,True,1440,5,https://mobile.a-bly.com/ranking,"{""filter"": ""best"", ""period"": ""daily"", ""max_rank"": 100, ""category_sno"": 21, ""ranking_mode"": ""detail_category"", ""review_limit"": 20, ""collect_reviews"": true, ""market_type_sno"": 1, ""parent_category_sno"": 8, ""detail_category_name"": ""민소매"", ""parent_category_name"": ""상의""}",2026-10-02 00:30:22.932001+00:00,2026-09-28 08:15:59.303022+00:00,2026-09-23 01:38:27.732681+00:00,2026-10-01 07:07:36.514323+00:00
631,ABLY,에이블리,[여성>팬츠>데님],RANKING,LIVE,True,1440,5,https://mobile.a-bly.com/ranking,"{""filter"": ""best"", ""period"": ""daily"", ""max_rank"": 100, ""category_sno"": 501, ""ranking_mode"": ""detail_category"", ""review_limit"": 20, ""collect_reviews"": true, ""market_type_sno"": 1, ""parent_category_sno"": 174, ""detail_category_name"": ""데님"", ""parent_category_name"": ""팬츠""}",2026-10-02 00:31:17.846714+00:00,2026-09-28 08:17:02.012918+00:00,2026-09-23 01:38:27.798211+00:00,2026-10-01 07:07:36.590662+00:00
632,ABLY,에이블리,[여성>팬츠>슬랙스],RANKING,LIVE,True,1440,5,https://mobile.a-bly.com/ranking,"{""filter"": ""best"", ""period"": ""daily"", ""max_rank"": 100, ""category_sno"": 178, ""ranking_mode"": ""detail_category"", ""review_limit"": 20, ""collect_reviews"": true, ""market_type_sno"": 1, ""parent_category_sno"": 174, ""detail_category_name"": ""슬랙스"", ""parent_category_name"": ""팬츠""}",2026-10-02 00:32:17.823150+00:00,2026-09-28 08:18:09.942157+00:00,2026-09-23 01:38:27.865695+00:00,2026-10-01 07:07:36.689105+00:00
633,ABLY,에이블리,[여성>팬츠>롱팬츠],RANKING,LIVE,True,1440,5,https://mobile.a-bly.com/ranking,"{""filter"": ""best"", ""period"": ""daily"", ""max_rank"": 100, ""category_sno"": 176, ""ranking_mode"": ""detail_category"", ""review_limit"": 20, ""collect_reviews"": true, ""market_type_sno"": 1, ""parent_category_sno"": 174, ""detail_category_name"": ""롱팬츠"", ""parent_category_name"": ""팬츠""}",2026-10-02 00:33:13.845587+00:00,2026-09-28 08:19:15.178597+00:00,2026-09-23 01:38:27.931429+00:00,2026-10-01 07:07:36.761091+00:00
634,ABLY,에이블리,[여성>팬츠>숏팬츠],RANKING,LIVE,True,1440,5,https://mobile.a-bly.com/ranking,"{""filter"": ""best"", ""period"": ""daily"", ""max_rank"": 100, ""category_sno"": 177, ""ranking_mode"": ""detail_category"", ""review_limit"": 20, ""collect_reviews"": true, ""market_type_sno"": 1, ""parent_category_sno"": 174, ""detail_category_name"": ""숏팬츠"", ""parent_category_name"": ""팬츠""}",2026-10-02 00:34:08.283579+00:00,2026-09-28 08:20:18.907611+00:00,2026-09-23 01:38:27.998645+00:00,2026-10-01 07:07:36.830786+00:00
635,ABLY,에이블리,[여성>원피스/세트>미니원피스],RANKING,LIVE,True,1440,5,https://mobile.a-bly.com/ranking,"{""filter"": ""best"", ""period"": ""daily"", ""max_rank"": 100, ""category_sno"": 206, ""ranking_mode"": ""detail_category"", ""review_limit"": 20, ""collect_reviews"": true, ""market_type_sno"": 1, ""parent_category_sno"": 10, ""detail_category_name"": ""미니원피스"", ""parent_category_name"": ""원피스/세트""}",2026-10-02 00:34:59.562232+00:00,2026-09-28 08:21:15.680038+00:00,2026-09-23 01:38:28.063914+00:00,2026-10-01 07:07:36.913640+00:00
636,ABLY,에이블리,[여성>원피스/세트>롱원피스],RANKING,LIVE,True,1440,5,https://mobile.a-bly.com/ranking,"{""filter"": ""best"", ""period"": ""daily"", ""max_rank"": 100, ""category_sno"": 207, ""ranking_mode"": ""detail_category"", ""review_limit"": 20, ""collect_reviews"": true, ""market_type_sno"": 1, ""parent_category_sno"": 10, ""detail_category_name"": ""롱원피스"", ""parent_category_name"": ""원피스/세트""}",2026-09-30 23:55:47.654805+00:00,2026-09-28 08:22:14.932715+00:00,2026-09-23 01:38:28.132402+00:00,2026-10-01 07:07:36.984952+00:00
637,ABLY,에이블리,[여성>원피스/세트>투피스],RANKING,LIVE,True,1440,5,https://mobile.a-bly.com/ranking,"{""filter"": ""best"", ""period"": ""daily"", ""max_rank"": 100, ""category_sno"": 208, ""ranking_mode"": ""detail_category"", ""review_limit"": 20, ""collect_reviews"": true, ""market_type_sno"": 1, ""parent_category_sno"": 10, ""detail_category_name"": ""투피스"", ""parent_category_name"": ""원피스/세트""}",2026-09-30 23:56:32.698825+00:00,2026-09-28 08:23:09.340347+00:00,2026-09-23 01:38:28.207957+00:00,2026-10-01 07:07:37.046767+00:00
638,ABLY,에이블리,[여성>원피스/세트>점프수트],RANKING,LIVE,True,1440,5,https://mobile.a-bly.com/ranking,"{""filter"": ""best"", ""period"": ""daily"", ""max_rank"": 100, ""category_sno"": 533, ""ranking_mode"": ""detail_category"", ""review_limit"": 20, ""collect_reviews"": true, ""market_type_sno"": 1, ""parent_category_sno"": 10, ""detail_category_name"": ""점프수트"", ""parent_category_name"": ""원피스/세트""}",2026-09-30 23:57:16.137445+00:00,2026-09-28 08:23:49.114870+00:00,2026-09-23 01:38:28.273913+00:00,2026-10-01 07:07:37.111132+00:00
639,ABLY,에이블리,[여성>스커트>미니 스커트],RANKING,LIVE,True,1440,5,https://mobile.a-bly.com/ranking,"{""filter"": ""best"", ""period"": ""daily"", ""max_rank"": 100, ""category_sno"": 204, ""ranking_mode"": ""detail_category"", ""review_limit"": 20, ""collect_reviews"": true, ""market_type_sno"": 1, ""parent_category_sno"": 203, ""detail_category_name"": ""미니 스커트"", ""parent_category_name"": ""스커트""}",2026-09-30 23:58:11.829429+00:00,2026-09-28 08:24:49.302707+00:00,2026-09-23 01:38:28.338650+00:00,2026-10-01 07:07:37.182248+00:00
640,ABLY,에이블리,[여성>스커트>미디/롱스커트],RANKING,LIVE,True,1440,5,https://mobile.a-bly.com/ranking,"{""filter"": ""best"", ""period"": ""daily"", ""max_rank"": 100, ""category_sno"": 205, ""ranking_mode"": ""detail_category"", ""review_limit"": 20, ""collect_reviews"": true, ""market_type_sno"": 1, ""parent_category_sno"": 203, ""detail_category_name"": ""미디/롱스커트"", ""parent_category_name"": ""스커트""}",2026-09-30 23:58:56.150076+00:00,2026-09-28 08:25:47.948080+00:00,2026-09-23 01:38:28.404343+00:00,2026-10-01 07:07:37.243749+00:00
641,ABLY,에이블리,[여성>아우터>가디건],RANKING,LIVE,True,1440,5,https://mobile.a-bly.com/ranking,"{""filter"": ""best"", ""period"": ""daily"", ""max_rank"": 100, ""category_sno"": 16, ""ranking_mode"": ""detail_category"", ""review_limit"": 20, ""collect_reviews"": true, ""market_type_sno"": 1, ""parent_category_sno"": 7, ""detail_category_name"": ""가디건"", ""parent_category_name"": ""아우터""}",2026-09-30 23:59:44.233121+00:00,2026-09-28 08:26:43.986497+00:00,2026-09-23 01:38:28.472007+00:00,2026-10-01 07:07:37.337175+00:00
642,ABLY,에이블리,[여성>아우터>자켓],RANKING,LIVE,True,1440,5,https://mobile.a-bly.com/ranking,"{""filter"": ""best"", ""period"": ""daily"", ""max_rank"": 100, ""category_sno"": 293, ""ranking_mode"": ""detail_category"", ""review_limit"": 20, ""collect_reviews"": true, ""market_type_sno"": 1, ""parent_category_sno"": 7, ""detail_category_name"": ""자켓"", ""parent_category_name"": ""아우터""}",2026-10-01 00:00:31.875201+00:00,2026-09-28 08:27:43.436861+00:00,2026-09-23 01:38:28.536870+00:00,2026-10-01 07:07:37.420972+00:00
643,ABLY,에이블리,[여성>아우터>집업/점퍼],RANKING,LIVE,True,1440,5,https://mobile.a-bly.com/ranking,"{""filter"": ""best"", ""period"": ""daily"", ""max_rank"": 100, ""category_sno"": 294, ""ranking_mode"": ""detail_category"", ""review_limit"": 20, ""collect_reviews"": true, ""market_type_sno"": 1, ""parent_category_sno"": 7, ""detail_category_name"": ""집업/점퍼"", ""parent_category_name"": ""아우터""}",2026-10-01 00:01:27.858016+00:00,2026-09-28 08:28:38.328500+00:00,2026-09-23 01:38:28.601552+00:00,2026-10-01 07:07:37.492303+00:00
644,ABLY,에이블리,[여성>아우터>바람막이],RANKING,LIVE,True,1440,5,https://mobile.a-bly.com/ranking,"{""filter"": ""best"", ""period"": ""daily"", ""max_rank"": 100, ""category_sno"": 497, ""ranking_mode"": ""detail_category"", ""review_limit"": 20, ""collect_reviews"": true, ""market_type_sno"": 1, ""parent_category_sno"": 7, ""detail_category_name"": ""바람막이"", ""parent_category_name"": ""아우터""}",2026-10-01 00:02:25.578817+00:00,2026-09-28 08:29:33.992013+00:00,2026-09-23 01:38:28.666894+00:00,2026-10-01 07:07:37.561111+00:00
645,ABLY,에이블리,[여성>아우터>코트],RANKING,LIVE,True,1440,5,https://mobile.a-bly.com/ranking,"{""filter"": ""best"", ""period"": ""daily"", ""max_rank"": 100, ""category_sno"": 296, ""ranking_mode"": ""detail_category"", ""review_limit"": 20, ""collect_reviews"": true, ""market_type_sno"": 1, ""parent_category_sno"": 7, ""detail_category_name"": ""코트"", ""parent_category_name"": ""아우터""}",2026-10-01 00:03:08.687691+00:00,2026-09-28 08:30:24.310697+00:00,2026-09-23 01:38:28.735320+00:00,2026-10-01 07:07:37.631063+00:00
646,ABLY,에이블리,[여성>아우터>플리스],RANKING,LIVE,True,1440,5,https://mobile.a-bly.com/ranking,"{""filter"": ""best"", ""period"": ""daily"", ""max_rank"": 100, ""category_sno"": 577, ""ranking_mode"": ""detail_category"", ""review_limit"": 20, ""collect_reviews"": true, ""market_type_sno"": 1, ""parent_category_sno"": 7, ""detail_category_name"": ""플리스"", ""parent_category_name"": ""아우터""}",2026-10-01 00:04:18.312001+00:00,2026-09-28 08:31:23.488719+00:00,2026-09-23 01:38:28.802147+00:00,2026-10-01 07:07:37.705842+00:00
647,ABLY,에이블리,[여성>아우터>야상],RANKING,LIVE,True,1440,5,https://mobile.a-bly.com/ranking,"{""filter"": ""best"", ""period"": ""daily"", ""max_rank"": 100, ""category_sno"": 496, ""ranking_mode"": ""detail_category"", ""review_limit"": 20, ""collect_reviews"": true, ""market_type_sno"": 1, ""parent_category_sno"": 7, ""detail_category_name"": ""야상"", ""parent_category_name"": ""아우터""}",2026-10-01 00:05:03.530301+00:00,2026-09-28 08:32:18.409542+00:00,2026-09-23 01:38:28.867453+00:00,2026-10-01 07:07:37.775527+00:00
648,ABLY,에이블리,[여성>아우터>패딩],RANKING,LIVE,True,1440,5,https://mobile.a-bly.com/ranking,"{""filter"": ""best"", ""period"": ""daily"", ""max_rank"": 100, ""category_sno"": 297, ""ranking_mode"": ""detail_category"", ""review_limit"": 20, ""collect_reviews"": true, ""market_type_sno"": 1, ""parent_category_sno"": 7, ""detail_category_name"": ""패딩"", ""parent_category_name"": ""아우터""}",2026-10-01 00:06:02.970304+00:00,2026-09-28 08:33:19.750429+00:00,2026-09-23 01:38:28.933248+00:00,2026-10-01 07:07:37.861160+00:00
113,kream,크림,KREAM 신발 인기순 Top100,RANKING,LIVE,True,1440,5,https://kream.co.kr/categories/44,"{""mode"": ""DISCOVERY"", ""sort"": ""popular_score"", ""limit"": 100, ""tab_id"": 44, ""detail_limit"": 100, ""include_detail"": true}",2026-10-01 05:14:39.570573+00:00,2026-10-02 05:14:39.629854+00:00,2026-09-17 01:05:48.078192+00:00,2026-09-18 01:37:08.314983+00:00
114,kream,크림,KREAM 아우터 인기순 Top100,RANKING,LIVE,True,1440,5,https://kream.co.kr/categories/49,"{""mode"": ""DISCOVERY"", ""sort"": ""popular_score"", ""limit"": 100, ""tab_id"": 49, ""detail_limit"": 100, ""include_detail"": true}",2026-09-30 10:00:36.112648+00:00,2026-10-01 10:00:36.142130+00:00,2026-09-17 01:05:48.334294+00:00,2026-09-18 01:37:08.341095+00:00
115,kream,크림,KREAM 상의 인기순 Top100,RANKING,LIVE,True,1440,5,https://kream.co.kr/categories/50,"{""mode"": ""DISCOVERY"", ""sort"": ""popular_score"", ""limit"": 100, ""tab_id"": 50, ""detail_limit"": 100, ""include_detail"": true}",2026-09-30 10:03:08.706712+00:00,2026-10-01 10:03:08.756375+00:00,2026-09-17 01:05:48.648586+00:00,2026-09-18 01:37:08.363811+00:00
116,kream,크림,KREAM 하의 인기순 Top100,RANKING,LIVE,True,1440,5,https://kream.co.kr/categories/51,"{""mode"": ""DISCOVERY"", ""sort"": ""popular_score"", ""limit"": 100, ""tab_id"": 51, ""detail_limit"": 100, ""include_detail"": true}",2026-09-30 10:05:28.786841+00:00,2026-10-01 10:05:28.816010+00:00,2026-09-17 01:05:48.980768+00:00,2026-09-18 01:37:08.389065+00:00
117,kream,크림,KREAM 가방 인기순 Top100,RANKING,LIVE,True,1440,5,https://kream.co.kr/categories/63,"{""mode"": ""DISCOVERY"", ""sort"": ""popular_score"", ""limit"": 100, ""tab_id"": 63, ""detail_limit"": 100, ""include_detail"": true}",2026-09-30 10:09:18.603819+00:00,2026-10-01 10:09:18.652186+00:00,2026-09-17 01:05:49.217712+00:00,2026-09-18 01:37:08.418613+00:00
118,kream,크림,KREAM 패션잡화 인기순 Top100,RANKING,LIVE,True,1440,5,https://kream.co.kr/categories/50,"{""mode"": ""DISCOVERY"", ""sort"": ""popular_score"", ""limit"": 100, ""tab_id"": 50, ""detail_limit"": 100, ""include_detail"": true}",2026-09-30 10:11:20.780746+00:00,2026-10-01 10:11:20.834453+00:00,2026-09-17 01:05:49.641722+00:00,2026-09-18 01:37:08.452893+00:00
44,musinsa,무신사,[남성>상의>전체],RANKING,LIVE,True,1440,5,https://www.musinsa.com/main/musinsa/ranking?gf=M&storeCode=musinsa&sectionId=199&contentsId=&categoryCode=001000&ageBand=AGE_BAND_ALL&subPan=product&period=DAILY,"{""limit"": 1000, ""collect_options"": false, ""collect_reviews"": false}",2026-10-01 00:22:53.518772+00:00,2026-10-02 00:22:53.635993+00:00,2026-09-02 06:13:56.202003+00:00,2026-09-22 11:09:16.358343+00:00
45,musinsa,무신사,[남성>아우터>전체],RANKING,LIVE,True,1440,5,https://www.musinsa.com/main/musinsa/ranking?gf=M&storeCode=musinsa&sectionId=199&contentsId=&categoryCode=002000&ageBand=AGE_BAND_ALL&subPan=product&period=DAILY,"{""limit"": 1000}",2026-10-01 00:27:07.587194+00:00,2026-10-02 00:27:07.643844+00:00,2026-09-02 06:19:04.371084+00:00,2026-09-22 11:09:30.853135+00:00
46,musinsa,무신사,[남성>바지>전체],RANKING,LIVE,True,1440,5,https://www.musinsa.com/main/musinsa/ranking?gf=M&storeCode=musinsa&sectionId=199&contentsId=&categoryCode=003000&ageBand=AGE_BAND_ALL&subPan=product&period=DAILY,"{""limit"": 100}",2026-10-01 00:29:31.444437+00:00,2026-10-02 00:29:31.506053+00:00,2026-09-02 06:20:44.256290+00:00,2026-09-02 06:20:44.256298+00:00
47,musinsa,무신사,[남성>신발>전체],RANKING,LIVE,True,1440,5,https://www.musinsa.com/main/musinsa/ranking?gf=M&storeCode=musinsa&sectionId=199&contentsId=&categoryCode=103000&ageBand=AGE_BAND_ALL&subPan=product&period=DAILY,"{""limit"": 100}",2026-10-01 00:31:18.952099+00:00,2026-10-02 00:31:19.029287+00:00,2026-09-02 06:24:29.627962+00:00,2026-09-02 06:24:29.627968+00:00
48,musinsa,무신사,[여성>상의>전체],RANKING,LIVE,True,1440,5,https://www.musinsa.com/main/musinsa/ranking?gf=F&storeCode=musinsa&sectionId=199&contentsId=&categoryCode=001000&ageBand=AGE_BAND_ALL&subPan=product&period=DAILY,"{""limit"": 100}",2026-10-01 00:41:01.714069+00:00,2026-10-02 00:41:01.769355+00:00,2026-09-02 06:27:01.600102+00:00,2026-09-02 06:27:01.600116+00:00
49,musinsa,무신사,[여성>신발>전체],RANKING,LIVE,True,1440,5,https://www.musinsa.com/main/musinsa/ranking?gf=F&storeCode=musinsa&sectionId=199&contentsId=&categoryCode=103000&ageBand=AGE_BAND_ALL&subPan=product&period=DAILY,"{""limit"": 100}",2026-10-01 00:43:25.296118+00:00,2026-10-02 00:43:25.360315+00:00,2026-09-02 06:27:33.046300+00:00,2026-09-02 06:27:33.046317+00:00
50,musinsa,무신사,[여성>바지>전체],RANKING,LIVE,True,1440,5,https://www.musinsa.com/main/musinsa/ranking?gf=F&storeCode=musinsa&sectionId=200&contentsId=&categoryCode=003000&period=DAILY&subPan=product&ageBand=AGE_BAND_ALL,"{""limit"": 100}",2026-10-01 00:45:45.498454+00:00,2026-10-02 00:45:45.998871+00:00,2026-09-02 07:17:19.515527+00:00,2026-09-02 07:19:45.597477+00:00
51,musinsa,무신사,[여성>아우터>전체],RANKING,LIVE,True,1440,5,https://www.musinsa.com/main/musinsa/ranking?gf=F&storeCode=musinsa&sectionId=200&contentsId=&categoryCode=002000&period=DAILY&subPan=product&ageBand=AGE_BAND_ALL,"{""limit"": 100}",2026-10-01 00:48:31.612644+00:00,2026-10-02 00:48:32.122171+00:00,2026-09-02 07:20:47.318274+00:00,2026-09-02 07:20:47.318283+00:00
52,musinsa,무신사,[여성>원피스/스커트>전체],RANKING,LIVE,True,1440,5,https://www.musinsa.com/main/musinsa/ranking?gf=F&storeCode=musinsa&sectionId=200&contentsId=&categoryCode=100000&period=DAILY&subPan=product&ageBand=AGE_BAND_ALL,"{""limit"": 100}",2026-10-01 00:51:42.343610+00:00,2026-10-02 00:51:42.373339+00:00,2026-09-02 07:21:57.017969+00:00,2026-09-02 07:31:14.633225+00:00
59,musinsa,무신사,[여성>상의>긴소매티셔츠],RANKING,LIVE,True,1440,5,https://www.musinsa.com/main/musinsa/ranking?storeCode=musinsa&sectionId=199&contentsId=&categoryCode=001010&subPan=product&period=DAILY,"{""limit"": 100}",2026-10-01 00:55:27.082870+00:00,2026-10-02 00:55:27.175513+00:00,2026-09-02 22:29:33.138759+00:00,2026-09-03 00:10:26.462306+00:00
66,musinsa,무신사,[남성>상의>긴소매 티셔츠],RANKING,LIVE,True,1440,5,https://www.musinsa.com/main/musinsa/ranking?gf=M&storeCode=musinsa&sectionId=200&categoryCode=001010&ageBand=AGE_BAND_ALL&subPan=product&contentsId=&period=DAILY,"{""limit"": 100}",2026-10-01 00:58:23.764301+00:00,2026-10-02 00:58:23.826668+00:00,2026-09-03 05:28:04.760442+00:00,2026-09-03 05:28:04.760466+00:00
547,musinsa,무신사,[남성>상의>맨투맨/스웨트],RANKING,LIVE,True,1440,5,https://www.musinsa.com/main/musinsa/ranking?gf=M&storeCode=musinsa&sectionId=200&contentsId=&categoryCode=001005&ageBand=AGE_BAND_ALL&subPan=product&period=DAILY,"{""limit"": 100}",2026-10-01 01:01:54.836084+00:00,2026-10-02 01:01:54.881605+00:00,2026-09-22 11:24:04.621583+00:00,2026-09-22 11:24:04.621602+00:00
548,musinsa,무신사,[남성>상의>셔츠/블라우스],RANKING,LIVE,True,1440,5,https://www.musinsa.com/main/musinsa/ranking?gf=M&storeCode=musinsa&sectionId=200&contentsId=&categoryCode=001005&ageBand=AGE_BAND_ALL&subPan=product&period=DAILY,"{""limit"": 100}",2026-10-01 01:04:23.760823+00:00,2026-10-02 01:04:23.841646+00:00,2026-09-22 11:24:54.518393+00:00,2026-09-22 11:24:54.518419+00:00
549,musinsa,무신사,[남성>상의>후드티셔츠],RANKING,LIVE,True,1440,5,https://www.musinsa.com/main/musinsa/ranking?gf=M&storeCode=musinsa&sectionId=200&contentsId=&categoryCode=001005&ageBand=AGE_BAND_ALL&subPan=product&period=DAILY,"{""limit"": 100}",2026-10-01 01:08:00.602508+00:00,2026-10-02 01:08:00.704897+00:00,2026-09-22 11:25:30.354606+00:00,2026-09-22 11:25:30.354637+00:00
550,musinsa,무신사,[남성>상의>반소매티셔츠],RANKING,LIVE,True,1440,5,https://www.musinsa.com/main/musinsa/ranking?gf=M&storeCode=musinsa&sectionId=200&contentsId=&categoryCode=001001&ageBand=AGE_BAND_ALL&subPan=product&period=DAILY,"{""limit"": 100}",2026-10-01 01:11:07.632698+00:00,2026-10-02 01:11:07.691220+00:00,2026-09-22 11:26:18.623645+00:00,2026-09-22 11:26:18.623661+00:00
551,musinsa,무신사,[남성>상의>피케/카라티셔츠],RANKING,LIVE,True,1440,5,https://www.musinsa.com/main/musinsa/ranking?gf=M&storeCode=musinsa&sectionId=200&contentsId=&categoryCode=001003&ageBand=AGE_BAND_ALL&subPan=product&period=DAILY,"{""limit"": 100}",2026-10-01 01:15:36.784245+00:00,2026-10-02 01:15:36.846941+00:00,2026-09-22 11:26:39.882485+00:00,2026-09-22 11:26:39.882505+00:00
552,musinsa,무신사,[남성>상의>니트/스웨],RANKING,LIVE,True,1440,5,https://www.musinsa.com/main/musinsa/ranking?gf=M&storeCode=musinsa&sectionId=200&contentsId=&categoryCode=001006&ageBand=AGE_BAND_ALL&subPan=product&period=DAILY,"{""limit"": 100}",2026-10-01 01:17:33.442378+00:00,2026-10-02 01:17:33.512561+00:00,2026-09-22 11:27:13.076355+00:00,2026-09-22 11:27:13.076378+00:00
553,musinsa,무신사,[남성>상의>민소매티셔츠],RANKING,LIVE,True,1440,5,https://www.musinsa.com/main/musinsa/ranking?gf=M&storeCode=musinsa&sectionId=200&contentsId=&categoryCode=001011&ageBand=AGE_BAND_ALL&subPan=product&period=DAILY,"{""limit"": 100}",2026-10-01 01:19:50.218514+00:00,2026-10-02 01:19:50.283233+00:00,2026-09-22 11:27:32.241156+00:00,2026-09-22 11:27:32.241179+00:00
554,musinsa,무신사,[남성>상의>기타상],RANKING,LIVE,True,1440,5,https://www.musinsa.com/main/musinsa/ranking?gf=M&storeCode=musinsa&sectionId=200&contentsId=&categoryCode=001008&ageBand=AGE_BAND_ALL&subPan=product&period=DAILY,"{""limit"": 100}",2026-10-01 01:22:00.639414+00:00,2026-10-02 01:22:00.688101+00:00,2026-09-22 11:27:53.922773+00:00,2026-09-22 11:27:53.922791+00:00
555,musinsa,무신사,[여성>상의>맨투맨/스웨트],RANKING,LIVE,True,1440,5,https://www.musinsa.com/main/musinsa/ranking?gf=F&storeCode=musinsa&sectionId=200&contentsId=&categoryCode=001005&ageBand=AGE_BAND_ALL&subPan=product&period=DAILY,"{""limit"": 100}",2026-10-01 01:24:13.548205+00:00,2026-10-02 01:24:13.581163+00:00,2026-09-22 11:29:24.700590+00:00,2026-09-22 11:29:24.700608+00:00
556,musinsa,무신사,[여성>상의>셔츠/블라우스],RANKING,LIVE,True,1440,5,https://www.musinsa.com/main/musinsa/ranking?gf=F&storeCode=musinsa&sectionId=200&contentsId=&categoryCode=001002&ageBand=AGE_BAND_ALL&subPan=product&period=DAILY,"{""limit"": 100}",2026-10-01 01:26:36.763638+00:00,2026-10-02 01:26:36.805261+00:00,2026-09-22 11:29:48.098410+00:00,2026-09-22 11:29:48.098429+00:00
557,musinsa,무신사,[여성>상의>후드티셔츠],RANKING,LIVE,True,1440,5,https://www.musinsa.com/main/musinsa/ranking?gf=F&storeCode=musinsa&sectionId=200&contentsId=&categoryCode=001004&ageBand=AGE_BAND_ALL&subPan=product&period=DAILY,"{""limit"": 100}",2026-10-01 01:28:18.543483+00:00,2026-10-02 01:28:18.584770+00:00,2026-09-22 11:30:05.501076+00:00,2026-09-22 11:30:05.501095+00:00
558,musinsa,무신사,[여성>상의>반소매티셔츠],RANKING,LIVE,True,1440,5,https://www.musinsa.com/main/musinsa/ranking?gf=F&storeCode=musinsa&sectionId=200&contentsId=&categoryCode=001001&subPan=product&ageBand=AGE_BAND_ALL&period=DAILY,"{""limit"": 100}",2026-10-01 01:30:58.531307+00:00,2026-10-02 01:30:58.576330+00:00,2026-09-22 11:31:50.339857+00:00,2026-09-28 01:15:30.332201+00:00
559,musinsa,무신사,[여성>상의>피케/카라티셔츠],RANKING,LIVE,True,1440,5,https://www.musinsa.com/main/musinsa/ranking?gf=F&storeCode=musinsa&sectionId=200&contentsId=&categoryCode=001003&subPan=product&ageBand=AGE_BAND_ALL&period=DAILY,"{""limit"": 100}",2026-10-01 01:33:35.551698+00:00,2026-10-02 01:33:35.606912+00:00,2026-09-22 11:32:09.886364+00:00,2026-09-22 11:32:09.886396+00:00
560,musinsa,무신사,[여성>상의>니트/스웨터],RANKING,LIVE,True,1440,5,https://www.musinsa.com/main/musinsa/ranking?gf=F&storeCode=musinsa&sectionId=200&contentsId=&categoryCode=001006&subPan=product&ageBand=AGE_BAND_ALL&period=DAILY,"{""limit"": 100}",2026-10-01 01:35:34.750558+00:00,2026-10-02 01:35:35.089540+00:00,2026-09-22 11:32:29.727946+00:00,2026-09-22 11:32:29.727956+00:00
561,musinsa,무신사,[여성>상의>민소매티셔츠],RANKING,LIVE,True,1440,5,https://www.musinsa.com/main/musinsa/ranking?gf=F&storeCode=musinsa&sectionId=200&contentsId=&categoryCode=001011&subPan=product&ageBand=AGE_BAND_ALL&period=DAILY,"{""limit"": 100}",2026-10-01 01:37:52.205830+00:00,2026-10-02 01:37:52.472333+00:00,2026-09-22 11:32:47.002428+00:00,2026-09-22 11:32:47.002440+00:00
562,musinsa,무신사,[여성>상의>기타상의],RANKING,LIVE,True,1440,5,https://www.musinsa.com/main/musinsa/ranking?gf=F&storeCode=musinsa&sectionId=200&contentsId=&categoryCode=001008&subPan=product&ageBand=AGE_BAND_ALL&period=DAILY,"{""limit"": 100}",2026-10-01 01:40:03.208293+00:00,2026-10-02 01:40:03.251089+00:00,2026-09-22 11:33:05.721103+00:00,2026-09-22 11:33:05.721113+00:00
563,musinsa,무신사,[여성>상의>반소매티셔츠],RANKING,LIVE,True,1440,5,https://www.musinsa.com/main/musinsa/ranking?gf=F&storeCode=musinsa&sectionId=200&contentsId=&categoryCode=001001&subPan=product&ageBand=AGE_BAND_ALL&period=DAILY,"{""limit"": 100}",2026-10-01 01:42:06.878425+00:00,2026-10-02 01:42:06.921023+00:00,2026-09-22 11:34:34.077128+00:00,2026-09-22 11:34:34.077135+00:00
564,musinsa,무신사,[남성>아우터>후드집업],RANKING,LIVE,True,1440,5,https://www.musinsa.com/main/musinsa/ranking?gf=M&storeCode=musinsa&sectionId=200&contentsId=&categoryCode=002022&subPan=product&ageBand=AGE_BAND_ALL&period=DAILY,"{""limit"": 100}",2026-10-01 01:44:09.601467+00:00,2026-10-02 01:44:09.643920+00:00,2026-09-22 11:35:27.346136+00:00,2026-09-22 11:35:27.346146+00:00
565,musinsa,무신사,[남성>아우터>블루종/ma-1],RANKING,LIVE,True,1440,5,https://www.musinsa.com/main/musinsa/ranking?gf=M&storeCode=musinsa&sectionId=200&contentsId=&categoryCode=002001&subPan=product&ageBand=AGE_BAND_ALL&period=DAILY,"{""limit"": 100}",2026-10-01 01:45:44.824719+00:00,2026-10-02 01:45:44.866893+00:00,2026-09-22 11:35:58.949801+00:00,2026-09-22 11:35:58.949812+00:00
566,musinsa,무신사,[남성>아우터>레더/라이더스재킷],RANKING,LIVE,True,1440,5,https://www.musinsa.com/main/musinsa/ranking?gf=M&storeCode=musinsa&sectionId=200&contentsId=&categoryCode=002002&subPan=product&ageBand=AGE_BAND_ALL&period=DAILY,"{""limit"": 100}",2026-10-01 01:47:31.269537+00:00,2026-10-02 01:47:31.329245+00:00,2026-09-22 11:36:44.503879+00:00,2026-09-22 11:36:44.503890+00:00
567,musinsa,무신사,[남성>아우터>슈트/블레이저재킷],RANKING,LIVE,True,1440,5,https://www.musinsa.com/main/musinsa/ranking?gf=M&storeCode=musinsa&sectionId=200&contentsId=&categoryCode=002002&subPan=product&ageBand=AGE_BAND_ALL&period=DAILY,"{""limit"": 100}",2026-10-01 01:49:21.236241+00:00,2026-10-02 01:49:21.339424+00:00,2026-09-22 11:37:10.289714+00:00,2026-09-22 11:37:10.289721+00:00
568,musinsa,무신사,[남성>아우터>카디건],RANKING,LIVE,True,1440,5,https://www.musinsa.com/main/musinsa/ranking?gf=M&storeCode=musinsa&sectionId=200&contentsId=&categoryCode=002020&subPan=product&ageBand=AGE_BAND_ALL&period=DAILY,"{""limit"": 100}",2026-10-01 01:51:17.210103+00:00,2026-10-02 01:51:17.268321+00:00,2026-09-22 11:37:52.375093+00:00,2026-09-22 11:37:52.375108+00:00
569,musinsa,무신사,[남성>아우터>경량패딩/패딩 베스트],RANKING,LIVE,True,1440,5,https://www.musinsa.com/main/musinsa/ranking?gf=M&storeCode=musinsa&sectionId=200&contentsId=&categoryCode=002027&subPan=product&ageBand=AGE_BAND_ALL&period=DAILY,"{""limit"": 100}",2026-10-01 01:53:24.923427+00:00,2026-10-02 01:53:24.973515+00:00,2026-09-22 11:38:27.683694+00:00,2026-09-22 11:38:27.683704+00:00
570,musinsa,무신사,[남성>아우터>사파리/헌팅재킷],RANKING,LIVE,True,1440,5,https://www.musinsa.com/main/musinsa/ranking?gf=M&storeCode=musinsa&sectionId=200&contentsId=&categoryCode=002014&subPan=product&ageBand=AGE_BAND_ALL&period=DAILY,"{""limit"": 100}",2026-10-01 01:55:55.094426+00:00,2026-10-02 01:55:55.150403+00:00,2026-09-22 11:38:46.837279+00:00,2026-09-22 11:38:46.837286+00:00
571,musinsa,무신사,[남성>아우터>트러커재킷],RANKING,LIVE,True,1440,5,https://www.musinsa.com/main/musinsa/ranking?gf=M&storeCode=musinsa&sectionId=200&contentsId=&categoryCode=002017&subPan=product&ageBand=AGE_BAND_ALL&period=DAILY,"{""limit"": 100}",2026-10-01 01:58:38.599905+00:00,2026-10-02 01:58:38.673552+00:00,2026-09-22 11:39:07.893058+00:00,2026-09-22 11:39:07.893073+00:00
572,musinsa,무신사,[남성>아우터>스타디움재킷],RANKING,LIVE,True,1440,5,https://www.musinsa.com/main/musinsa/ranking?gf=M&storeCode=musinsa&sectionId=200&contentsId=&categoryCode=002004&subPan=product&ageBand=AGE_BAND_ALL&period=DAILY,"{""limit"": 100}",2026-10-01 02:00:04.031670+00:00,2026-10-02 02:00:04.075880+00:00,2026-09-22 11:39:26.216934+00:00,2026-09-22 11:39:26.216946+00:00
573,musinsa,무신사,[남성>아우터>코치/나일론재킷],RANKING,LIVE,True,1440,5,https://www.musinsa.com/main/musinsa/ranking?gf=M&storeCode=musinsa&sectionId=200&contentsId=&categoryCode=002006&subPan=product&ageBand=AGE_BAND_ALL&period=DAILY,"{""limit"": 100}",2026-10-01 02:02:21.540569+00:00,2026-10-02 02:02:21.580191+00:00,2026-09-22 11:39:52.558957+00:00,2026-09-22 11:39:52.558969+00:00
574,musinsa,무신사,[남성>아우터>트레이닝재킷],RANKING,LIVE,True,1440,5,https://www.musinsa.com/main/musinsa/ranking?gf=M&storeCode=musinsa&sectionId=200&contentsId=&categoryCode=002018&subPan=product&ageBand=AGE_BAND_ALL&period=DAILY,"{""limit"": 100}",2026-10-01 02:04:38.853778+00:00,2026-10-02 02:04:38.892187+00:00,2026-09-22 11:40:10.223831+00:00,2026-09-22 11:40:10.223844+00:00
575,musinsa,무신사,[남성>아우터>아노락재킷],RANKING,LIVE,True,1440,5,https://www.musinsa.com/main/musinsa/ranking?gf=M&storeCode=musinsa&sectionId=200&contentsId=&categoryCode=002019&subPan=product&ageBand=AGE_BAND_ALL&period=DAILY,"{""limit"": 100}",2026-10-01 02:06:38.906683+00:00,2026-10-02 02:06:38.952369+00:00,2026-09-22 11:40:32.261291+00:00,2026-09-22 11:40:32.261313+00:00
576,musinsa,무신사,[남성>아우터>플리스/뽀글이],RANKING,LIVE,True,1440,5,https://www.musinsa.com/main/musinsa/ranking?gf=M&storeCode=musinsa&sectionId=200&contentsId=&categoryCode=002023&subPan=product&ageBand=AGE_BAND_ALL&period=DAILY,"{""limit"": 100}",2026-10-01 02:08:33.129553+00:00,2026-10-02 02:08:33.167474+00:00,2026-09-22 11:40:53.112762+00:00,2026-09-22 11:40:53.112771+00:00
577,musinsa,무신사,[남성>아우터>환절기코트],RANKING,LIVE,True,1440,5,https://www.musinsa.com/main/musinsa/ranking?gf=M&storeCode=musinsa&sectionId=200&contentsId=&categoryCode=002023&subPan=product&ageBand=AGE_BAND_ALL&period=DAILY,"{""limit"": 100}",2026-10-01 02:10:25.384492+00:00,2026-10-02 02:10:25.416063+00:00,2026-09-22 11:42:02.799462+00:00,2026-09-22 11:42:02.799486+00:00
578,musinsa,무신사,[남성>아우터>베스트],RANKING,LIVE,True,1440,5,https://www.musinsa.com/main/musinsa/ranking?gf=M&storeCode=musinsa&sectionId=200&contentsId=&categoryCode=002021&subPan=product&ageBand=AGE_BAND_ALL&period=DAILY,"{""limit"": 100}",2026-10-01 02:12:31.802367+00:00,2026-10-02 02:12:31.850474+00:00,2026-09-22 11:42:20.114307+00:00,2026-09-22 11:42:20.114332+00:00
579,musinsa,무신사,[남성>아우터>무스탕/퍼],RANKING,LIVE,True,1440,5,https://www.musinsa.com/main/musinsa/ranking?gf=M&storeCode=musinsa&sectionId=200&contentsId=&categoryCode=002025&subPan=product&ageBand=AGE_BAND_ALL&period=DAILY,"{""limit"": 100}",2026-10-01 02:13:36.101445+00:00,2026-10-02 02:13:36.156048+00:00,2026-09-22 11:42:38.662747+00:00,2026-09-22 11:42:38.662766+00:00
580,musinsa,무신사,[남성>아우터>겨울싱글코트],RANKING,LIVE,True,1440,5,https://www.musinsa.com/main/musinsa/ranking?gf=M&storeCode=musinsa&sectionId=200&contentsId=&categoryCode=002007&subPan=product&ageBand=AGE_BAND_ALL&period=DAILY,"{""limit"": 100}",2026-10-01 02:15:45.523157+00:00,2026-10-02 02:15:45.563889+00:00,2026-09-22 11:42:58.177565+00:00,2026-09-22 11:42:58.177586+00:00
581,musinsa,무신사,[남성>아우터>겨울더블코트],RANKING,LIVE,True,1440,5,https://www.musinsa.com/main/musinsa/ranking?gf=M&storeCode=musinsa&sectionId=200&contentsId=&categoryCode=002024&subPan=product&ageBand=AGE_BAND_ALL&period=DAILY,"{""limit"": 100}",2026-10-01 02:16:21.965693+00:00,2026-10-02 02:16:21.996023+00:00,2026-09-22 11:43:18.825925+00:00,2026-09-22 11:43:18.825946+00:00
582,musinsa,무신사,[남성>아우터>숏패딩/헤비아우터],RANKING,LIVE,True,1440,5,https://www.musinsa.com/main/musinsa/ranking?gf=M&storeCode=musinsa&sectionId=200&contentsId=&categoryCode=002012&subPan=product&ageBand=AGE_BAND_ALL&period=DAILY,"{""limit"": 100}",2026-10-01 02:18:25.640743+00:00,2026-10-02 02:18:25.670034+00:00,2026-09-22 11:43:45.647893+00:00,2026-09-22 11:43:45.647915+00:00
583,musinsa,무신사,[남성>아우터>롱패딩/헤비아우],RANKING,LIVE,True,1440,5,https://www.musinsa.com/main/musinsa/ranking?gf=M&storeCode=musinsa&sectionId=200&contentsId=&categoryCode=002013&subPan=product&ageBand=AGE_BAND_ALL&period=DAILY,"{""limit"": 100}",2026-10-01 02:19:30.348653+00:00,2026-10-02 02:19:30.401526+00:00,2026-09-22 11:44:05.269083+00:00,2026-09-22 11:44:05.269106+00:00
584,musinsa,무신사,[남성>아우터>기타아우터],RANKING,LIVE,True,1440,5,https://www.musinsa.com/main/musinsa/ranking?gf=M&storeCode=musinsa&sectionId=200&contentsId=&categoryCode=002015&subPan=product&ageBand=AGE_BAND_ALL&period=DAILY,"{""limit"": 100}",2026-10-01 02:21:41.856067+00:00,2026-10-02 02:21:41.890276+00:00,2026-09-22 11:44:24.706231+00:00,2026-09-22 11:44:24.706251+00:00
585,musinsa,무신사,[여성>아우터>후드집업],RANKING,LIVE,True,1440,5,https://www.musinsa.com/main/musinsa/ranking?gf=F&storeCode=musinsa&sectionId=200&contentsId=&categoryCode=002022&subPan=product&ageBand=AGE_BAND_ALL&period=DAILY,"{""limit"": 100}",2026-10-01 02:23:53.339437+00:00,2026-10-02 02:23:53.374807+00:00,2026-09-22 11:46:28.888018+00:00,2026-09-22 11:46:28.888030+00:00
586,musinsa,무신사,[여성>아우터>블루종/ma-1],RANKING,LIVE,True,1440,5,https://www.musinsa.com/main/musinsa/ranking?gf=F&storeCode=musinsa&sectionId=200&contentsId=&categoryCode=002001&subPan=product&ageBand=AGE_BAND_ALL&period=DAILY,"{""limit"": 100}",2026-10-01 02:26:19.393272+00:00,2026-10-02 02:26:19.433192+00:00,2026-09-22 11:46:47.526991+00:00,2026-09-22 11:46:47.527015+00:00
587,musinsa,무신사,[여성>아우터>레더/라이더스재킷],RANKING,LIVE,True,1440,5,https://www.musinsa.com/main/musinsa/ranking?gf=F&storeCode=musinsa&sectionId=200&contentsId=&categoryCode=002002&subPan=product&ageBand=AGE_BAND_ALL&period=DAILY,"{""limit"": 100}",2026-10-01 02:28:23.510728+00:00,2026-10-02 02:28:23.548619+00:00,2026-09-22 11:47:30.742100+00:00,2026-09-22 11:47:30.742124+00:00
588,musinsa,무신사,[여성>아우터>슈트/블레이저재킷],RANKING,LIVE,True,1440,5,https://www.musinsa.com/main/musinsa/ranking?gf=F&storeCode=musinsa&sectionId=200&contentsId=&categoryCode=002003&subPan=product&ageBand=AGE_BAND_ALL&period=DAILY,"{""limit"": 100}",2026-10-01 02:41:28.390446+00:00,2026-10-02 02:41:28.885476+00:00,2026-09-22 11:47:58.906337+00:00,2026-09-22 11:47:58.906351+00:00
589,musinsa,무신사,[여성>아우터>카디건],RANKING,LIVE,True,1440,5,https://www.musinsa.com/main/musinsa/ranking?gf=F&storeCode=musinsa&sectionId=200&contentsId=&categoryCode=002020&subPan=product&ageBand=AGE_BAND_ALL&period=DAILY,"{""limit"": 100}",2026-10-01 02:49:34.399728+00:00,2026-10-02 02:49:34.448568+00:00,2026-09-22 11:48:19.142453+00:00,2026-09-22 11:48:19.142467+00:00
590,musinsa,무신사,[여성>아우터>경량패딩/패딩 베스트],RANKING,LIVE,True,1440,5,https://www.musinsa.com/main/musinsa/ranking?gf=F&storeCode=musinsa&sectionId=200&contentsId=&categoryCode=002027&subPan=product&ageBand=AGE_BAND_ALL&period=DAILY,"{""limit"": 100}",2026-10-01 02:51:10.286942+00:00,2026-10-02 02:51:10.322383+00:00,2026-09-22 11:48:55.263240+00:00,2026-09-22 11:48:55.263263+00:00
591,musinsa,무신사,[여성>아우터>사파리/헌팅재킷],RANKING,LIVE,True,1440,5,https://www.musinsa.com/main/musinsa/ranking?gf=F&storeCode=musinsa&sectionId=200&contentsId=&categoryCode=002014&subPan=product&ageBand=AGE_BAND_ALL&period=DAILY,"{""limit"": 100}",2026-10-01 02:54:26.304366+00:00,2026-10-02 02:54:26.358472+00:00,2026-09-22 11:49:14.794716+00:00,2026-09-22 11:49:14.794729+00:00
592,musinsa,무신사,[여성>아우터>트러커재킷],RANKING,LIVE,True,1440,5,https://www.musinsa.com/main/musinsa/ranking?gf=F&storeCode=musinsa&sectionId=200&contentsId=&categoryCode=002017&subPan=product&ageBand=AGE_BAND_ALL&period=DAILY,"{""limit"": 100}",2026-10-01 02:56:53.152607+00:00,2026-10-02 02:56:53.185737+00:00,2026-09-22 11:49:29.463227+00:00,2026-09-22 11:49:29.463241+00:00
593,musinsa,무신사,[여성>아우터>스타디움재킷],RANKING,LIVE,True,1440,5,https://www.musinsa.com/main/musinsa/ranking?gf=F&storeCode=musinsa&sectionId=200&contentsId=&categoryCode=002004&subPan=product&ageBand=AGE_BAND_ALL&period=DAILY,"{""limit"": 100}",2026-10-01 02:57:48.052484+00:00,2026-10-02 02:57:48.102549+00:00,2026-09-22 11:49:49.081407+00:00,2026-09-22 11:49:49.081419+00:00
594,musinsa,무신사,[여성>아우터>나일론/코치재킷],RANKING,LIVE,True,1440,5,https://www.musinsa.com/main/musinsa/ranking?gf=F&storeCode=musinsa&sectionId=200&contentsId=&categoryCode=002006&subPan=product&ageBand=AGE_BAND_ALL&period=DAILY,"{""limit"": 100}",2026-10-01 03:00:03.430221+00:00,2026-10-02 03:00:03.543764+00:00,2026-09-22 11:50:11.310281+00:00,2026-09-22 11:50:11.310301+00:00
595,musinsa,무신사,[여성>아우터>트레이닝재킷],RANKING,LIVE,True,1440,5,https://www.musinsa.com/main/musinsa/ranking?gf=F&storeCode=musinsa&sectionId=200&contentsId=&categoryCode=002018&subPan=product&ageBand=AGE_BAND_ALL&period=DAILY,"{""limit"": 100}",2026-10-01 03:02:14.893426+00:00,2026-10-02 03:02:14.993685+00:00,2026-09-22 11:50:29.323401+00:00,2026-09-28 01:15:39.758469+00:00
596,musinsa,무신사,[남성>아우터>아노락재킷],RANKING,LIVE,True,1440,5,https://www.musinsa.com/main/musinsa/ranking?gf=F&storeCode=musinsa&sectionId=200&contentsId=&categoryCode=002019&subPan=product&ageBand=AGE_BAND_ALL&period=DAILY,"{""limit"": 100}",2026-10-01 03:04:15.572476+00:00,2026-10-02 03:04:15.625558+00:00,2026-09-22 11:50:49.669840+00:00,2026-09-22 11:50:49.669851+00:00
597,musinsa,무신사,[여성>아우터>플리스/뽀글이],RANKING,LIVE,True,1440,5,https://www.musinsa.com/main/musinsa/ranking?gf=F&storeCode=musinsa&sectionId=200&contentsId=&categoryCode=002023&subPan=product&ageBand=AGE_BAND_ALL&period=DAILY,"{""limit"": 100}",2026-10-01 03:05:54.466251+00:00,2026-10-02 03:05:54.507469+00:00,2026-09-22 11:51:13.627941+00:00,2026-09-22 11:51:13.627953+00:00
598,musinsa,무신사,[여성>아우터>환절기코트],RANKING,LIVE,True,1440,5,https://www.musinsa.com/main/musinsa/ranking?gf=F&storeCode=musinsa&sectionId=200&contentsId=&categoryCode=002008&subPan=product&ageBand=AGE_BAND_ALL&period=DAILY,"{""limit"": 100}",2026-10-01 03:08:10.155324+00:00,2026-10-02 03:08:10.183252+00:00,2026-09-22 11:51:31.656185+00:00,2026-09-22 11:51:31.656201+00:00
599,musinsa,무신사,[여성>아우터>베스트],RANKING,LIVE,True,1440,5,https://www.musinsa.com/main/musinsa/ranking?gf=F&storeCode=musinsa&sectionId=200&contentsId=&categoryCode=002021&subPan=product&ageBand=AGE_BAND_ALL&period=DAILY,"{""limit"": 100}",2026-10-01 03:11:06.466451+00:00,2026-10-02 03:11:06.514936+00:00,2026-09-22 11:51:45.871883+00:00,2026-09-22 11:51:45.871907+00:00
600,musinsa,무신사,[여성>아우터>무스탕/퍼],RANKING,LIVE,True,1440,5,https://www.musinsa.com/main/musinsa/ranking?gf=F&storeCode=musinsa&sectionId=200&contentsId=&categoryCode=002025&subPan=product&ageBand=AGE_BAND_ALL&period=DAILY,"{""limit"": 100}",2026-10-01 03:13:02.895758+00:00,2026-10-02 03:13:02.934848+00:00,2026-09-22 11:52:03.567250+00:00,2026-09-22 11:52:03.567269+00:00
601,musinsa,무신사,[여성>아우터>겨울싱글코트],RANKING,LIVE,True,1440,5,https://www.musinsa.com/main/musinsa/ranking?gf=F&storeCode=musinsa&sectionId=200&contentsId=&categoryCode=002007&subPan=product&ageBand=AGE_BAND_ALL&period=DAILY,"{""limit"": 100}",2026-10-01 03:15:11.699100+00:00,2026-10-02 03:15:11.729310+00:00,2026-09-22 11:52:24.284702+00:00,2026-09-22 11:52:24.284725+00:00
602,musinsa,무신사,[여성>아우터>겨울더블코트],RANKING,LIVE,True,1440,5,https://www.musinsa.com/main/musinsa/ranking?gf=F&storeCode=musinsa&sectionId=200&contentsId=&categoryCode=002024&subPan=product&ageBand=AGE_BAND_ALL&period=DAILY,"{""limit"": 100}",2026-10-01 03:16:47.053717+00:00,2026-10-02 03:16:47.119641+00:00,2026-09-22 11:53:11.458686+00:00,2026-09-22 11:53:11.458699+00:00
603,musinsa,무신사,[여성>아우터>겨울기타코트],RANKING,LIVE,True,1440,5,https://www.musinsa.com/main/musinsa/ranking?gf=F&storeCode=musinsa&sectionId=200&contentsId=&categoryCode=002009&subPan=product&ageBand=AGE_BAND_ALL&period=DAILY,"{""limit"": 100}",2026-10-01 03:18:03.668822+00:00,2026-10-02 03:18:03.698484+00:00,2026-09-22 11:56:19.157233+00:00,2026-09-22 11:56:19.157250+00:00
604,musinsa,무신사,[여성>아우터>숏패딩/헤비아우터],RANKING,LIVE,True,1440,5,https://www.musinsa.com/main/musinsa/ranking?gf=F&storeCode=musinsa&sectionId=200&contentsId=&categoryCode=002012&subPan=product&ageBand=AGE_BAND_ALL&period=DAILY,"{""limit"": 100}",2026-10-01 03:19:39.627725+00:00,2026-10-02 03:19:39.679721+00:00,2026-09-22 12:07:27.405675+00:00,2026-09-22 12:07:27.405699+00:00
605,musinsa,무신사,[여성>아우터>롱패딩/헤비아우터],RANKING,LIVE,True,1440,5,https://www.musinsa.com/main/musinsa/ranking?gf=F&storeCode=musinsa&sectionId=200&contentsId=&categoryCode=002013&subPan=product&ageBand=AGE_BAND_ALL&period=DAILY,"{""limit"": 100}",2026-10-01 03:21:13.811633+00:00,2026-10-02 03:21:13.844172+00:00,2026-09-22 12:08:06.154819+00:00,2026-09-22 12:08:06.154831+00:00
606,musinsa,무신사,[여성>아우터>기타아우터],RANKING,LIVE,True,1440,5,https://www.musinsa.com/main/musinsa/ranking?gf=F&storeCode=musinsa&sectionId=200&contentsId=&categoryCode=002015&subPan=product&ageBand=AGE_BAND_ALL&period=DAILY,"{""limit"": 100}",2026-10-01 03:22:54.328066+00:00,2026-10-02 03:22:54.360917+00:00,2026-09-22 12:08:25.559930+00:00,2026-09-22 12:08:25.559942+00:00
607,musinsa,무신사,[남성>바지>데님팬츠],RANKING,LIVE,True,1440,5,https://www.musinsa.com/main/musinsa/ranking?gf=M&storeCode=musinsa&sectionId=200&contentsId=&categoryCode=003002&subPan=product&ageBand=AGE_BAND_ALL&period=DAILY,"{""limit"": 100}",2026-10-01 03:24:33.883764+00:00,2026-10-02 03:24:33.939349+00:00,2026-09-22 12:11:57.694228+00:00,2026-09-22 12:11:57.694262+00:00
608,musinsa,무신사,[남성>바지>트레이닝/조거팬츠],RANKING,LIVE,True,1440,5,https://www.musinsa.com/main/musinsa/ranking?gf=M&storeCode=musinsa&sectionId=200&contentsId=&categoryCode=003004&subPan=product&ageBand=AGE_BAND_ALL&period=DAILY,"{""limit"": 100}",2026-10-01 03:26:14.492328+00:00,2026-10-02 03:26:14.524060+00:00,2026-09-22 12:12:18.810757+00:00,2026-09-22 12:12:31.425456+00:00
609,musinsa,무신사,[남성>바지>코튼팬츠],RANKING,LIVE,True,1440,5,https://www.musinsa.com/main/musinsa/ranking?gf=M&storeCode=musinsa&sectionId=200&contentsId=&categoryCode=003007&subPan=product&ageBand=AGE_BAND_ALL&period=DAILY,"{""limit"": 100}",2026-10-01 03:28:14.400528+00:00,2026-10-02 03:28:14.431015+00:00,2026-09-22 12:16:52.601827+00:00,2026-09-22 12:16:52.601838+00:00
610,musinsa,무신사,[남성>바지>슈트팬츠/슬랙스],RANKING,LIVE,True,1440,5,https://www.musinsa.com/main/musinsa/ranking?gf=M&storeCode=musinsa&sectionId=200&contentsId=&categoryCode=003008&subPan=product&ageBand=AGE_BAND_ALL&period=DAILY,"{""limit"": 100}",2026-10-01 03:30:30.205687+00:00,2026-10-02 03:30:30.238841+00:00,2026-09-22 12:17:16.348690+00:00,2026-09-22 12:17:16.348698+00:00
611,musinsa,무신사,[남성>바지>숏팬츠],RANKING,LIVE,True,1440,5,https://www.musinsa.com/main/musinsa/ranking?gf=M&storeCode=musinsa&sectionId=200&contentsId=&categoryCode=003009&subPan=product&ageBand=AGE_BAND_ALL&period=DAILY,"{""limit"": 100}",2026-10-01 03:32:32.655574+00:00,2026-10-02 03:32:32.692777+00:00,2026-09-22 12:17:36.501459+00:00,2026-09-22 12:17:36.501471+00:00
612,musinsa,무신사,[남성>팬츠>레깅스],RANKING,LIVE,True,1440,5,https://www.musinsa.com/main/musinsa/ranking?gf=M&storeCode=musinsa&sectionId=200&contentsId=&categoryCode=003005&subPan=product&ageBand=AGE_BAND_ALL&period=DAILY,"{""limit"": 100}",2026-10-01 03:34:13.934909+00:00,2026-10-02 03:34:13.964836+00:00,2026-09-22 12:18:28.694923+00:00,2026-09-22 12:18:28.694935+00:00
613,musinsa,무신사,[남성>바지>점프슈트/오버올],RANKING,LIVE,True,1440,5,https://www.musinsa.com/main/musinsa/ranking?gf=M&storeCode=musinsa&sectionId=200&contentsId=&categoryCode=003010&subPan=product&ageBand=AGE_BAND_ALL&period=DAILY,"{""limit"": 100}",2026-10-01 03:34:25.018950+00:00,2026-10-02 03:34:25.047711+00:00,2026-09-22 12:18:54.630079+00:00,2026-09-22 12:18:54.630104+00:00
614,musinsa,무신사,[남성>팬츠>기타하의],RANKING,LIVE,True,1440,5,https://www.musinsa.com/main/musinsa/ranking?gf=M&storeCode=musinsa&sectionId=200&contentsId=&categoryCode=003006&subPan=product&ageBand=AGE_BAND_ALL&period=DAILY,"{""limit"": 100}",2026-10-01 03:36:28.022233+00:00,2026-10-02 03:36:28.061484+00:00,2026-09-22 12:19:14.164091+00:00,2026-09-22 12:19:14.164103+00:00
615,musinsa,무신사,[여성>바지>데님팬츠],RANKING,LIVE,True,1440,5,https://www.musinsa.com/main/musinsa/ranking?gf=F&storeCode=musinsa&sectionId=200&contentsId=&categoryCode=003002&subPan=product&ageBand=AGE_BAND_ALL&period=DAILY,"{""limit"": 100}",2026-10-01 03:38:16.387605+00:00,2026-10-02 03:38:16.417925+00:00,2026-09-22 12:19:38.279893+00:00,2026-09-22 12:19:38.279904+00:00
616,musinsa,무신사,[여성>바지>트레이닝/조거팬츠],RANKING,LIVE,True,1440,5,https://www.musinsa.com/main/musinsa/ranking?gf=F&storeCode=musinsa&sectionId=200&contentsId=&categoryCode=003004&subPan=product&ageBand=AGE_BAND_ALL&period=DAILY,"{""limit"": 100}",2026-10-01 03:40:03.648612+00:00,2026-10-02 03:40:03.712007+00:00,2026-09-22 12:20:24.471422+00:00,2026-09-22 12:20:24.471443+00:00
617,musinsa,무신사,[여성>바지>코튼팬츠],RANKING,LIVE,True,1440,5,https://www.musinsa.com/main/musinsa/ranking?gf=F&storeCode=musinsa&sectionId=200&contentsId=&categoryCode=003007&subPan=product&ageBand=AGE_BAND_ALL&period=DAILY,"{""limit"": 100}",2026-10-01 03:42:17.550862+00:00,2026-10-02 03:42:17.578425+00:00,2026-09-22 12:20:50.157410+00:00,2026-09-22 12:20:50.157450+00:00
618,musinsa,무신사,[여성>바지>슈트팬츠/슬랙스],RANKING,LIVE,True,1440,5,https://www.musinsa.com/main/musinsa/ranking?gf=F&storeCode=musinsa&sectionId=200&contentsId=&categoryCode=003008&subPan=product&ageBand=AGE_BAND_ALL&period=DAILY,"{""limit"": 100}",2026-10-01 03:44:47.264998+00:00,2026-10-02 03:44:47.294679+00:00,2026-09-22 12:21:12.658253+00:00,2026-09-22 12:21:12.658265+00:00
619,musinsa,무신사,[여성>바지>숏팬츠],RANKING,LIVE,True,1440,5,https://www.musinsa.com/main/musinsa/ranking?gf=F&storeCode=musinsa&sectionId=200&contentsId=&categoryCode=003009&subPan=product&ageBand=AGE_BAND_ALL&period=DAILY,"{""limit"": 100}",2026-10-01 03:46:24.540647+00:00,2026-10-02 03:46:24.583801+00:00,2026-09-22 12:21:33.417571+00:00,2026-09-22 12:21:33.417591+00:00
620,musinsa,무신사,[여성>바지>레깅스],RANKING,LIVE,True,1440,5,https://www.musinsa.com/main/musinsa/ranking?gf=F&storeCode=musinsa&sectionId=200&contentsId=&categoryCode=003005&subPan=product&ageBand=AGE_BAND_ALL&period=DAILY,"{""limit"": 100}",2026-10-01 03:48:11.882701+00:00,2026-10-02 03:48:11.943976+00:00,2026-09-22 12:22:10.105674+00:00,2026-09-22 12:22:10.105699+00:00
621,musinsa,무신사,[여성>바지>점프슈트/오버올],RANKING,LIVE,True,1440,5,https://www.musinsa.com/main/musinsa/ranking?gf=F&storeCode=musinsa&sectionId=200&contentsId=&categoryCode=003010&subPan=product&ageBand=AGE_BAND_ALL&period=DAILY,"{""limit"": 100}",2026-10-01 03:50:02.422318+00:00,2026-10-02 03:50:02.457194+00:00,2026-09-22 12:22:32.720704+00:00,2026-09-22 12:22:32.720730+00:00
649,musinsa,무신사,[여성>원피스/스커트>미니원피스],RANKING,LIVE,True,1440,5,https://www.musinsa.com/main/musinsa/ranking?gf=F&storeCode=musinsa&sectionId=200&contentsId=&categoryCode=100001&ageBand=AGE_BAND_ALL&subPan=product&period=DAILY,"{""limit"": 100}",2026-10-01 03:52:18.938198+00:00,2026-10-02 03:52:18.970954+00:00,2026-09-26 13:58:27.716314+00:00,2026-09-26 13:58:27.716326+00:00
650,musinsa,무신사,[여성>원피스/스커트>미디원피스],RANKING,LIVE,True,1440,5,https://www.musinsa.com/main/musinsa/ranking?gf=F&storeCode=musinsa&sectionId=200&contentsId=&categoryCode=100002&ageBand=AGE_BAND_ALL&subPan=product&period=DAILY,"{""limit"": 100}",2026-10-01 03:54:23.974141+00:00,2026-10-02 03:54:24.001587+00:00,2026-09-26 13:59:09.343625+00:00,2026-09-26 13:59:09.343634+00:00
651,musinsa,무신사,[여성>원피스/스커트>맥시원피스],RANKING,LIVE,True,1440,5,https://www.musinsa.com/main/musinsa/ranking?gf=F&storeCode=musinsa&sectionId=200&contentsId=&categoryCode=100003&ageBand=AGE_BAND_ALL&subPan=product&period=DAILY,"{""limit"": 100}",2026-10-01 03:57:11.041741+00:00,2026-10-02 03:57:11.080665+00:00,2026-09-26 13:59:36.659422+00:00,2026-09-26 13:59:36.659519+00:00
652,musinsa,무신사,[여성>원피스/스커트>미니스커트],RANKING,LIVE,True,1440,5,https://www.musinsa.com/main/musinsa/ranking?gf=F&storeCode=musinsa&sectionId=200&contentsId=&categoryCode=100004&ageBand=AGE_BAND_ALL&subPan=product&period=DAILY,"{""limit"": 100}",2026-10-01 03:59:02.333609+00:00,2026-10-02 03:59:02.365738+00:00,2026-09-26 14:00:10.364365+00:00,2026-09-26 14:00:10.364378+00:00
653,musinsa,무신사,[여성>원피스/스커트>미디스커트],RANKING,LIVE,True,1440,5,https://www.musinsa.com/main/musinsa/ranking?gf=F&storeCode=musinsa&sectionId=200&contentsId=&categoryCode=100005&ageBand=AGE_BAND_ALL&subPan=product&period=DAILY,"{""limit"": 100}",2026-10-01 04:00:49.839761+00:00,2026-10-02 04:00:49.865779+00:00,2026-09-26 14:00:27.082853+00:00,2026-09-26 14:00:27.082926+00:00
654,musinsa,무신사,[여성>원피스/스커트>롱스커트],RANKING,LIVE,True,1440,5,https://www.musinsa.com/main/musinsa/ranking?gf=F&storeCode=musinsa&sectionId=200&contentsId=&categoryCode=100006&ageBand=AGE_BAND_ALL&subPan=product&period=DAILY,"{""limit"": 100}",2026-10-01 04:02:33.295666+00:00,2026-10-02 04:02:33.326977+00:00,2026-09-26 14:00:44.200524+00:00,2026-09-26 14:00:44.200533+00:00
72,musinsa_used,무신사 USED,[남성>유즈드>상의],RANKING,LIVE,True,1440,5,https://www.musinsa.com/main/used/ranking?gf=M&storeCode=used&sectionId=1830&contentsId=&categoryCode=109001&ageBand=AGE_BAND_ALL,"{""limit"": 300}",2026-09-28 05:06:57.317619+00:00,2026-09-29 05:06:57.367063+00:00,2026-09-10 02:00:47.212773+00:00,2026-09-10 02:00:47.212782+00:00
73,musinsa_used,무신사 USED,[남성>유즈드>아우터],RANKING,LIVE,True,1440,5,https://www.musinsa.com/main/used/ranking?gf=M&storeCode=used&sectionId=1830&contentsId=&categoryCode=109002&ageBand=AGE_BAND_ALL,"{""limit"": 300}",2026-09-28 05:11:23.196945+00:00,2026-09-29 05:11:23.236214+00:00,2026-09-10 02:01:26.460938+00:00,2026-09-10 02:01:26.460947+00:00
74,musinsa_used,무신사 USED,[남성>유즈드>바지],RANKING,LIVE,True,1440,5,https://www.musinsa.com/main/used/ranking?gf=M&storeCode=used&sectionId=1830&contentsId=&categoryCode=109003&ageBand=AGE_BAND_ALL,"{""limit"": 300}",2026-09-28 05:15:47.269882+00:00,2026-09-29 05:15:47.326540+00:00,2026-09-10 02:47:02.486141+00:00,2026-09-10 02:47:02.486150+00:00
75,musinsa_used,무신사 USED,[여성>유즈드>상의],RANKING,LIVE,True,1440,5,https://www.musinsa.com/main/used/ranking?gf=F&storeCode=used&sectionId=1830&contentsId=&categoryCode=109001&ageBand=AGE_BAND_ALL,"{""limit"": 300}",2026-09-28 05:20:09.387352+00:00,2026-09-29 05:20:09.452561+00:00,2026-09-10 02:47:28.807058+00:00,2026-09-10 02:47:28.807066+00:00
76,musinsa_used,무신사 USED,[여성>유즈드>아우터],RANKING,LIVE,True,1440,5,https://www.musinsa.com/main/used/ranking?gf=F&storeCode=used&sectionId=1830&contentsId=&categoryCode=109002&ageBand=AGE_BAND_ALL,"{""limit"": 300}",2026-09-28 05:24:37.191644+00:00,2026-09-29 05:24:37.233480+00:00,2026-09-10 02:48:05.382149+00:00,2026-09-10 02:48:05.382156+00:00
77,musinsa_used,무신사 USED,[여성>유즈드>바지],RANKING,LIVE,True,1440,5,https://www.musinsa.com/main/used/ranking?gf=F&storeCode=used&sectionId=1830&contentsId=&categoryCode=109003&ageBand=AGE_BAND_ALL,"{""limit"": 300}",2026-09-28 05:29:08.143612+00:00,2026-09-29 05:29:08.181473+00:00,2026-09-10 02:48:28.776970+00:00,2026-09-10 03:10:28.577216+00:00
78,musinsa_used,무신사 USED,[여성>유즈드>원피스/스커트],RANKING,LIVE,True,1440,5,https://www.musinsa.com/main/used/ranking?gf=F&storeCode=used&sectionId=1830&contentsId=&categoryCode=109004&ageBand=AGE_BAND_ALL,"{""limit"": 300}",2026-09-28 05:33:45.109972+00:00,2026-09-29 05:33:45.173502+00:00,2026-09-10 02:48:51.372184+00:00,2026-09-10 02:48:51.372191+00:00
92,musinsa_used,무신사 USED,musinsa_used [FILTER>패턴/무늬>단색>상의],RANKING,LIVE,True,10080,5,https://api.musinsa.com/api2/dp/v2/plp/goods?gf=A&attributePattern=UkBJuUOWbLgc%5En4ehCSM2I6cn&sortCode=USED_SALE_PRICE_CHANGE_DATE&category=109001&size=30&testGroup=&ampGroup=&caller=CATEGORY&page=1&seen=0&seenAds=,"{""live"": true, ""limit"": 100, ""gender"": ""A"", ""page_size"": 100, ""sort_code"": ""USED_SALE_PRICE_CHANGE_DATE"", ""category_id"": ""109001"", ""filter_name"": ""단색"", ""filter_type"": ""pattern"", ""filter_label"": ""패턴/무늬"", ""filter_value"": ""UkBJuUOWbLgc^n4ehCSM2I6cn"", ""category_name"": ""상의"", ""filter_parameter"": ""attributePattern"", ""observation_type"": ""FILTER""}",2026-09-28 05:37:43.791277+00:00,2026-10-05 05:37:43.832338+00:00,2026-09-16 09:57:48.396771+00:00,2026-09-27 13:16:07.683250+00:00
93,musinsa_used,무신사 USED,musinsa_used [FILTER>패턴/무늬>로고/그래픽>상의],RANKING,LIVE,True,10080,5,https://api.musinsa.com/api2/dp/v2/plp/goods?gf=A&attributePattern=UkBJuUOWbLgc%5EhxbmRhPzNCbD&sortCode=USED_SALE_PRICE_CHANGE_DATE&category=109001&size=30&testGroup=&ampGroup=&caller=CATEGORY&page=1&seen=0&seenAds=,"{""live"": true, ""limit"": 100, ""gender"": ""A"", ""page_size"": 100, ""sort_code"": ""USED_SALE_PRICE_CHANGE_DATE"", ""category_id"": ""109001"", ""filter_name"": ""로고/그래픽"", ""filter_type"": ""pattern"", ""filter_label"": ""패턴/무늬"", ""filter_value"": ""UkBJuUOWbLgc^hxbmRhPzNCbD"", ""category_name"": ""상의"", ""filter_parameter"": ""attributePattern"", ""observation_type"": ""FILTER""}",2026-09-28 05:40:56.546953+00:00,2026-10-05 05:40:56.585885+00:00,2026-09-16 09:57:48.517806+00:00,2026-09-18 03:27:54.536239+00:00
94,musinsa_used,무신사 USED,musinsa_used [FILTER>패턴/무늬>스트라이프>상의],RANKING,LIVE,True,10080,5,https://api.musinsa.com/api2/dp/v2/plp/goods?gf=A&attributePattern=UkBJuUOWbLgc%5EYbhxtFSYTEGM&sortCode=USED_SALE_PRICE_CHANGE_DATE&category=109001&size=30&testGroup=&ampGroup=&caller=CATEGORY&page=1&seen=0&seenAds=,"{""live"": true, ""limit"": 100, ""gender"": ""A"", ""page_size"": 100, ""sort_code"": ""USED_SALE_PRICE_CHANGE_DATE"", ""category_id"": ""109001"", ""filter_name"": ""스트라이프"", ""filter_type"": ""pattern"", ""filter_label"": ""패턴/무늬"", ""filter_value"": ""UkBJuUOWbLgc^YbhxtFSYTEGM"", ""category_name"": ""상의"", ""filter_parameter"": ""attributePattern"", ""observation_type"": ""FILTER""}",2026-09-28 05:42:56.471657+00:00,2026-10-05 05:42:56.510014+00:00,2026-09-16 09:57:48.634006+00:00,2026-09-18 03:27:54.614670+00:00
95,musinsa_used,무신사 USED,musinsa_used [FILTER>패턴/무늬>컬러블록>상의],RANKING,LIVE,True,10080,5,https://api.musinsa.com/api2/dp/v2/plp/goods?gf=A&attributePattern=UkBJuUOWbLgc%5EuBYH5gy8WZsj&sortCode=USED_SALE_PRICE_CHANGE_DATE&category=109001&size=30&testGroup=&ampGroup=&caller=CATEGORY&page=1&seen=0&seenAds=,"{""live"": true, ""limit"": 100, ""gender"": ""A"", ""page_size"": 100, ""sort_code"": ""USED_SALE_PRICE_CHANGE_DATE"", ""category_id"": ""109001"", ""filter_name"": ""컬러블록"", ""filter_type"": ""pattern"", ""filter_label"": ""패턴/무늬"", ""filter_value"": ""UkBJuUOWbLgc^uBYH5gy8WZsj"", ""category_name"": ""상의"", ""filter_parameter"": ""attributePattern"", ""observation_type"": ""FILTER""}",2026-09-28 05:44:22.523112+00:00,2026-10-05 05:44:22.558116+00:00,2026-09-16 09:57:48.756398+00:00,2026-09-18 03:27:54.786758+00:00
96,musinsa_used,무신사 USED,musinsa_used [FILTER>패턴/무늬>체크>상의],RANKING,LIVE,True,10080,5,https://api.musinsa.com/api2/dp/v2/plp/goods?gf=A&attributePattern=UkBJuUOWbLgc%5E28crelau1gpm&sortCode=USED_SALE_PRICE_CHANGE_DATE&category=109001&size=30&testGroup=&ampGroup=&caller=CATEGORY&page=1&seen=0&seenAds=,"{""live"": true, ""limit"": 100, ""gender"": ""A"", ""page_size"": 100, ""sort_code"": ""USED_SALE_PRICE_CHANGE_DATE"", ""category_id"": ""109001"", ""filter_name"": ""체크"", ""filter_type"": ""pattern"", ""filter_label"": ""패턴/무늬"", ""filter_value"": ""UkBJuUOWbLgc^28crelau1gpm"", ""category_name"": ""상의"", ""filter_parameter"": ""attributePattern"", ""observation_type"": ""FILTER""}",2026-09-28 05:47:17.175753+00:00,2026-10-05 05:47:17.226536+00:00,2026-09-16 09:57:48.855959+00:00,2026-09-18 03:27:54.857561+00:00
97,musinsa_used,무신사 USED,musinsa_used [FILTER>패턴/무늬>아가일>상의],RANKING,LIVE,True,10080,5,https://api.musinsa.com/api2/dp/v2/plp/goods?gf=A&attributePattern=UkBJuUOWbLgc%5E5EpJbPkbald4&sortCode=USED_SALE_PRICE_CHANGE_DATE&category=109001&size=30&testGroup=&ampGroup=&caller=CATEGORY&page=1&seen=0&seenAds=,"{""live"": true, ""limit"": 100, ""gender"": ""A"", ""page_size"": 100, ""sort_code"": ""USED_SALE_PRICE_CHANGE_DATE"", ""category_id"": ""109001"", ""filter_name"": ""아가일"", ""filter_type"": ""pattern"", ""filter_label"": ""패턴/무늬"", ""filter_value"": ""UkBJuUOWbLgc^5EpJbPkbald4"", ""category_name"": ""상의"", ""filter_parameter"": ""attributePattern"", ""observation_type"": ""FILTER""}",2026-09-28 05:47:43.928042+00:00,2026-10-05 05:47:43.972778+00:00,2026-09-16 09:57:48.949367+00:00,2026-09-18 03:27:54.929646+00:00
98,musinsa_used,무신사 USED,musinsa_used [FILTER>패턴/무늬>플라워>상의],RANKING,LIVE,True,10080,5,https://api.musinsa.com/api2/dp/v2/plp/goods?gf=A&attributePattern=UkBJuUOWbLgc%5ETuYRkFqID44S&sortCode=USED_SALE_PRICE_CHANGE_DATE&category=109001&size=30&testGroup=&ampGroup=&caller=CATEGORY&page=1&seen=0&seenAds=,"{""live"": true, ""limit"": 100, ""gender"": ""A"", ""page_size"": 100, ""sort_code"": ""USED_SALE_PRICE_CHANGE_DATE"", ""category_id"": ""109001"", ""filter_name"": ""플라워"", ""filter_type"": ""pattern"", ""filter_label"": ""패턴/무늬"", ""filter_value"": ""UkBJuUOWbLgc^TuYRkFqID44S"", ""category_name"": ""상의"", ""filter_parameter"": ""attributePattern"", ""observation_type"": ""FILTER""}",2026-09-28 05:48:23.344035+00:00,2026-10-05 05:48:23.400844+00:00,2026-09-16 09:57:49.054515+00:00,2026-09-18 03:27:55.065424+00:00
99,musinsa_used,무신사 USED,musinsa_used [FILTER>패턴/무늬>그라데이션>상의],RANKING,LIVE,True,10080,5,https://api.musinsa.com/api2/dp/v2/plp/goods?gf=A&attributePattern=UkBJuUOWbLgc%5EKgqPH34X05eo&sortCode=USED_SALE_PRICE_CHANGE_DATE&category=109001&size=30&testGroup=&ampGroup=&caller=CATEGORY&page=1&seen=0&seenAds=,"{""live"": true, ""limit"": 100, ""gender"": ""A"", ""page_size"": 100, ""sort_code"": ""USED_SALE_PRICE_CHANGE_DATE"", ""category_id"": ""109001"", ""filter_name"": ""그라데이션"", ""filter_type"": ""pattern"", ""filter_label"": ""패턴/무늬"", ""filter_value"": ""UkBJuUOWbLgc^KgqPH34X05eo"", ""category_name"": ""상의"", ""filter_parameter"": ""attributePattern"", ""observation_type"": ""FILTER""}",2026-09-28 05:48:41.135391+00:00,2026-10-05 05:48:41.602748+00:00,2026-09-16 09:57:49.161838+00:00,2026-09-18 03:27:55.137820+00:00
100,musinsa_used,무신사 USED,musinsa_used [FILTER>패턴/무늬>디스트로이드>상의],RANKING,LIVE,True,10080,5,https://api.musinsa.com/api2/dp/v2/plp/goods?gf=A&attributePattern=UkBJuUOWbLgc%5EJtoTaJGxjrSV&sortCode=USED_SALE_PRICE_CHANGE_DATE&category=109001&size=30&testGroup=&ampGroup=&caller=CATEGORY&page=1&seen=0&seenAds=,"{""live"": true, ""limit"": 100, ""gender"": ""A"", ""page_size"": 100, ""sort_code"": ""USED_SALE_PRICE_CHANGE_DATE"", ""category_id"": ""109001"", ""filter_name"": ""디스트로이드"", ""filter_type"": ""pattern"", ""filter_label"": ""패턴/무늬"", ""filter_value"": ""UkBJuUOWbLgc^JtoTaJGxjrSV"", ""category_name"": ""상의"", ""filter_parameter"": ""attributePattern"", ""observation_type"": ""FILTER""}",2026-09-28 05:48:55.871506+00:00,2026-10-05 05:48:55.904652+00:00,2026-09-16 09:57:49.312661+00:00,2026-09-18 03:27:55.001433+00:00
101,musinsa_used,무신사 USED,musinsa_used [FILTER>패턴/무늬>애니멀패턴>상의],RANKING,LIVE,True,10080,5,https://api.musinsa.com/api2/dp/v2/plp/goods?gf=A&attributePattern=UkBJuUOWbLgc%5EJubJhUVJfISk&sortCode=USED_SALE_PRICE_CHANGE_DATE&category=109001&size=30&testGroup=&ampGroup=&caller=CATEGORY&page=1&seen=0&seenAds=,"{""live"": true, ""limit"": 100, ""gender"": ""A"", ""page_size"": 100, ""sort_code"": ""USED_SALE_PRICE_CHANGE_DATE"", ""category_id"": ""109001"", ""filter_name"": ""애니멀패턴"", ""filter_type"": ""pattern"", ""filter_label"": ""패턴/무늬"", ""filter_value"": ""UkBJuUOWbLgc^JubJhUVJfISk"", ""category_name"": ""상의"", ""filter_parameter"": ""attributePattern"", ""observation_type"": ""FILTER""}",2026-09-28 05:49:04.202292+00:00,2026-10-05 05:49:04.245519+00:00,2026-09-16 09:57:49.405459+00:00,2026-09-18 03:27:55.367512+00:00
102,musinsa_used,무신사 USED,musinsa_used [FILTER>패턴/무늬>도트>상의],RANKING,LIVE,True,10080,5,https://api.musinsa.com/api2/dp/v2/plp/goods?gf=A&attributePattern=UkBJuUOWbLgc%5Egv91Cmjk48cR&sortCode=USED_SALE_PRICE_CHANGE_DATE&category=109001&size=30&testGroup=&ampGroup=&caller=CATEGORY&page=1&seen=0&seenAds=,"{""live"": true, ""limit"": 100, ""gender"": ""A"", ""page_size"": 100, ""sort_code"": ""USED_SALE_PRICE_CHANGE_DATE"", ""category_id"": ""109001"", ""filter_name"": ""도트"", ""filter_type"": ""pattern"", ""filter_label"": ""패턴/무늬"", ""filter_value"": ""UkBJuUOWbLgc^gv91Cmjk48cR"", ""category_name"": ""상의"", ""filter_parameter"": ""attributePattern"", ""observation_type"": ""FILTER""}",2026-09-28 05:49:17.519216+00:00,2026-10-05 05:49:17.551673+00:00,2026-09-16 09:57:49.505556+00:00,2026-09-18 03:27:55.219347+00:00
103,musinsa_used,무신사 USED,musinsa_used [FILTER>패턴/무늬>카모플라쥬>상의],RANKING,LIVE,True,10080,5,https://api.musinsa.com/api2/dp/v2/plp/goods?gf=A&attributePattern=UkBJuUOWbLgc%5EOhggxkPatzUL&sortCode=USED_SALE_PRICE_CHANGE_DATE&category=109001&size=30&testGroup=&ampGroup=&caller=CATEGORY&page=1&seen=0&seenAds=,"{""live"": true, ""limit"": 100, ""gender"": ""A"", ""page_size"": 100, ""sort_code"": ""USED_SALE_PRICE_CHANGE_DATE"", ""category_id"": ""109001"", ""filter_name"": ""카모플라쥬"", ""filter_type"": ""pattern"", ""filter_label"": ""패턴/무늬"", ""filter_value"": ""UkBJuUOWbLgc^OhggxkPatzUL"", ""category_name"": ""상의"", ""filter_parameter"": ""attributePattern"", ""observation_type"": ""FILTER""}",2026-09-28 05:49:22.518628+00:00,2026-10-05 05:49:22.552278+00:00,2026-09-16 09:57:49.605170+00:00,2026-09-18 03:27:55.577523+00:00
104,musinsa_used,무신사 USED,musinsa_used [FILTER>패턴/무늬>가먼트 다잉>상의],RANKING,LIVE,True,10080,5,https://api.musinsa.com/api2/dp/v2/plp/goods?gf=A&attributePattern=UkBJuUOWbLgc%5EThLgF0I2xk9W&sortCode=USED_SALE_PRICE_CHANGE_DATE&category=109001&size=30&testGroup=&ampGroup=&caller=CATEGORY&page=1&seen=0&seenAds=,"{""live"": true, ""limit"": 100, ""gender"": ""A"", ""page_size"": 100, ""sort_code"": ""USED_SALE_PRICE_CHANGE_DATE"", ""category_id"": ""109001"", ""filter_name"": ""가먼트 다잉"", ""filter_type"": ""pattern"", ""filter_label"": ""패턴/무늬"", ""filter_value"": ""UkBJuUOWbLgc^ThLgF0I2xk9W"", ""category_name"": ""상의"", ""filter_parameter"": ""attributePattern"", ""observation_type"": ""FILTER""}",2026-09-28 05:49:29.401855+00:00,2026-10-05 05:49:29.502229+00:00,2026-09-16 09:57:49.706735+00:00,2026-09-18 03:27:55.294558+00:00
105,musinsa_used,무신사 USED,musinsa_used [FILTER>패턴/무늬>하운드투스>상의],RANKING,LIVE,True,10080,5,https://api.musinsa.com/api2/dp/v2/plp/goods?gf=A&attributePattern=UkBJuUOWbLgc%5ECFd4dcvCquhm&sortCode=USED_SALE_PRICE_CHANGE_DATE&category=109001&size=30&testGroup=&ampGroup=&caller=CATEGORY&page=1&seen=0&seenAds=,"{""live"": true, ""limit"": 100, ""gender"": ""A"", ""page_size"": 100, ""sort_code"": ""USED_SALE_PRICE_CHANGE_DATE"", ""category_id"": ""109001"", ""filter_name"": ""하운드투스"", ""filter_type"": ""pattern"", ""filter_label"": ""패턴/무늬"", ""filter_value"": ""UkBJuUOWbLgc^CFd4dcvCquhm"", ""category_name"": ""상의"", ""filter_parameter"": ""attributePattern"", ""observation_type"": ""FILTER""}",2026-09-28 05:49:36.434453+00:00,2026-10-05 05:49:36.472359+00:00,2026-09-16 09:57:49.807375+00:00,2026-09-18 03:27:55.663257+00:00
106,musinsa_used,무신사 USED,musinsa_used [FILTER>패턴/무늬>헤링본>상의],RANKING,LIVE,True,10080,5,https://api.musinsa.com/api2/dp/v2/plp/goods?gf=A&attributePattern=UkBJuUOWbLgc%5Er5K0zCg8jGiF&sortCode=USED_SALE_PRICE_CHANGE_DATE&category=109001&size=30&testGroup=&ampGroup=&caller=CATEGORY&page=1&seen=0&seenAds=,"{""live"": true, ""limit"": 100, ""gender"": ""A"", ""page_size"": 100, ""sort_code"": ""USED_SALE_PRICE_CHANGE_DATE"", ""category_id"": ""109001"", ""filter_name"": ""헤링본"", ""filter_type"": ""pattern"", ""filter_label"": ""패턴/무늬"", ""filter_value"": ""UkBJuUOWbLgc^r5K0zCg8jGiF"", ""category_name"": ""상의"", ""filter_parameter"": ""attributePattern"", ""observation_type"": ""FILTER""}",2026-09-28 05:49:41.712243+00:00,2026-10-05 05:49:41.765562+00:00,2026-09-16 09:57:49.905155+00:00,2026-09-18 03:27:55.736985+00:00
107,musinsa_used,무신사 USED,musinsa_used [FILTER>패턴/무늬>타이다이>상의],RANKING,LIVE,True,10080,5,https://api.musinsa.com/api2/dp/v2/plp/goods?gf=A&attributePattern=UkBJuUOWbLgc%5Eln9XgwTNBc6g&sortCode=USED_SALE_PRICE_CHANGE_DATE&category=109001&size=30&testGroup=&ampGroup=&caller=CATEGORY&page=1&seen=0&seenAds=,"{""live"": true, ""limit"": 100, ""gender"": ""A"", ""page_size"": 100, ""sort_code"": ""USED_SALE_PRICE_CHANGE_DATE"", ""category_id"": ""109001"", ""filter_name"": ""타이다이"", ""filter_type"": ""pattern"", ""filter_label"": ""패턴/무늬"", ""filter_value"": ""UkBJuUOWbLgc^ln9XgwTNBc6g"", ""category_name"": ""상의"", ""filter_parameter"": ""attributePattern"", ""observation_type"": ""FILTER""}",2026-09-28 05:49:53.303922+00:00,2026-10-05 05:49:53.352323+00:00,2026-09-16 09:57:49.994099+00:00,2026-09-18 03:27:55.511894+00:00
108,musinsa_used,무신사 USED,musinsa_used [FILTER>패턴/무늬>니트패널>상의],RANKING,LIVE,True,10080,5,https://api.musinsa.com/api2/dp/v2/plp/goods?gf=A&attributePattern=UkBJuUOWbLgc%5EMr48cnkBO9S7&sortCode=USED_SALE_PRICE_CHANGE_DATE&category=109001&size=30&testGroup=&ampGroup=&caller=CATEGORY&page=1&seen=0&seenAds=,"{""live"": true, ""limit"": 100, ""gender"": ""A"", ""page_size"": 100, ""sort_code"": ""USED_SALE_PRICE_CHANGE_DATE"", ""category_id"": ""109001"", ""filter_name"": ""니트패널"", ""filter_type"": ""pattern"", ""filter_label"": ""패턴/무늬"", ""filter_value"": ""UkBJuUOWbLgc^Mr48cnkBO9S7"", ""category_name"": ""상의"", ""filter_parameter"": ""attributePattern"", ""observation_type"": ""FILTER""}",2026-09-28 05:49:55.535510+00:00,2026-10-05 05:49:55.578893+00:00,2026-09-16 09:57:50.092012+00:00,2026-09-18 03:27:55.440197+00:00
109,musinsa_used,무신사 USED,musinsa_used [FILTER>패턴/무늬>체커보드>상의],RANKING,LIVE,True,10080,5,https://api.musinsa.com/api2/dp/v2/plp/goods?gf=A&attributePattern=UkBJuUOWbLgc%5EtytNCQTzb6Rv&sortCode=USED_SALE_PRICE_CHANGE_DATE&category=109001&size=30&testGroup=&ampGroup=&caller=CATEGORY&page=1&seen=0&seenAds=,"{""live"": true, ""limit"": 100, ""gender"": ""A"", ""page_size"": 100, ""sort_code"": ""USED_SALE_PRICE_CHANGE_DATE"", ""category_id"": ""109001"", ""filter_name"": ""체커보드"", ""filter_type"": ""pattern"", ""filter_label"": ""패턴/무늬"", ""filter_value"": ""UkBJuUOWbLgc^tytNCQTzb6Rv"", ""category_name"": ""상의"", ""filter_parameter"": ""attributePattern"", ""observation_type"": ""FILTER""}",2026-09-28 05:49:58.449346+00:00,2026-10-05 05:49:58.494310+00:00,2026-09-16 09:57:50.190308+00:00,2026-09-18 03:27:55.811461+00:00
110,musinsa_used,무신사 USED,musinsa_used [FILTER>패턴/무늬>페이즐리>상의],RANKING,LIVE,True,10080,5,https://api.musinsa.com/api2/dp/v2/plp/goods?gf=A&attributePattern=UkBJuUOWbLgc%5EbJeZa9JjVOQP&sortCode=USED_SALE_PRICE_CHANGE_DATE&category=109001&size=30&testGroup=&ampGroup=&caller=CATEGORY&page=1&seen=0&seenAds=,"{""live"": true, ""limit"": 100, ""gender"": ""A"", ""page_size"": 100, ""sort_code"": ""USED_SALE_PRICE_CHANGE_DATE"", ""category_id"": ""109001"", ""filter_name"": ""페이즐리"", ""filter_type"": ""pattern"", ""filter_label"": ""패턴/무늬"", ""filter_value"": ""UkBJuUOWbLgc^bJeZa9JjVOQP"", ""category_name"": ""상의"", ""filter_parameter"": ""attributePattern"", ""observation_type"": ""FILTER""}",2026-09-28 05:50:01.339343+00:00,2026-10-05 05:50:01.397930+00:00,2026-09-16 09:57:50.288716+00:00,2026-09-18 03:27:55.951184+00:00
111,musinsa_used,무신사 USED,musinsa_used [FILTER>패턴/무늬>캐릭터>상의],RANKING,LIVE,True,10080,5,https://api.musinsa.com/api2/dp/v2/plp/goods?gf=A&attributePattern=UkBJuUOWbLgc%5EAfrFDPnpKGwM&sortCode=USED_SALE_PRICE_CHANGE_DATE&category=109001&size=30&testGroup=&ampGroup=&caller=CATEGORY&page=1&seen=0&seenAds=,"{""live"": true, ""limit"": 100, ""gender"": ""A"", ""page_size"": 100, ""sort_code"": ""USED_SALE_PRICE_CHANGE_DATE"", ""category_id"": ""109001"", ""filter_name"": ""캐릭터"", ""filter_type"": ""pattern"", ""filter_label"": ""패턴/무늬"", ""filter_value"": ""UkBJuUOWbLgc^AfrFDPnpKGwM"", ""category_name"": ""상의"", ""filter_parameter"": ""attributePattern"", ""observation_type"": ""FILTER""}",2026-09-28 05:50:03.958162+00:00,2026-10-05 05:50:03.998822+00:00,2026-09-16 09:57:50.388740+00:00,2026-09-18 03:27:55.884259+00:00
112,musinsa_used,무신사 USED,musinsa_used [FILTER>패턴/무늬>패치워크>상의],RANKING,LIVE,True,10080,5,https://api.musinsa.com/api2/dp/v2/plp/goods?gf=A&attributePattern=UkBJuUOWbLgc%5EXM6n7zS0xuY8&sortCode=USED_SALE_PRICE_CHANGE_DATE&category=109001&size=30&testGroup=&ampGroup=&caller=CATEGORY&page=1&seen=0&seenAds=,"{""live"": true, ""limit"": 100, ""gender"": ""A"", ""page_size"": 100, ""sort_code"": ""USED_SALE_PRICE_CHANGE_DATE"", ""category_id"": ""109001"", ""filter_name"": ""패치워크"", ""filter_type"": ""pattern"", ""filter_label"": ""패턴/무늬"", ""filter_value"": ""UkBJuUOWbLgc^XM6n7zS0xuY8"", ""category_name"": ""상의"", ""filter_parameter"": ""attributePattern"", ""observation_type"": ""FILTER""}",2026-09-28 05:50:07.709941+00:00,2026-10-05 05:50:07.742550+00:00,2026-09-16 09:57:50.489839+00:00,2026-09-18 03:27:56.016965+00:00
119,musinsa_used,무신사 USED,musinsa_used [FILTER>소재>면(코튼)>상의],RANKING,LIVE,True,10080,5,https://api.musinsa.com/api2/dp/v2/plp/goods?gf=A&attributeMaterial=g_material%5ErYIBGq2Ot2Qh&sortCode=USED_SALE_PRICE_CHANGE_DATE&category=109001&size=30&testGroup=&ampGroup=&caller=CATEGORY&page=1&seen=0&seenAds=,"{""live"": true, ""limit"": 100, ""gender"": ""A"", ""page_size"": 100, ""sort_code"": ""USED_SALE_PRICE_CHANGE_DATE"", ""category_id"": ""109001"", ""filter_name"": ""면(코튼)"", ""filter_type"": ""material"", ""filter_label"": ""소재"", ""filter_value"": ""g_material^rYIBGq2Ot2Qh"", ""category_name"": ""상의"", ""filter_parameter"": ""attributeMaterial"", ""observation_type"": ""FILTER""}",2026-09-28 05:55:16.430397+00:00,2026-10-05 05:55:16.487105+00:00,2026-09-18 03:11:40.463705+00:00,2026-09-18 03:11:40.463713+00:00
120,musinsa_used,무신사 USED,musinsa_used [FILTER>소재>니트>상의],RANKING,LIVE,True,10080,5,https://api.musinsa.com/api2/dp/v2/plp/goods?gf=A&attributeMaterial=g_material%5EJil9msfdxIv5&sortCode=USED_SALE_PRICE_CHANGE_DATE&category=109001&size=30&testGroup=&ampGroup=&caller=CATEGORY&page=1&seen=0&seenAds=,"{""live"": true, ""limit"": 100, ""gender"": ""A"", ""page_size"": 100, ""sort_code"": ""USED_SALE_PRICE_CHANGE_DATE"", ""category_id"": ""109001"", ""filter_name"": ""니트"", ""filter_type"": ""material"", ""filter_label"": ""소재"", ""filter_value"": ""g_material^Jil9msfdxIv5"", ""category_name"": ""상의"", ""filter_parameter"": ""attributeMaterial"", ""observation_type"": ""FILTER""}",2026-09-28 05:57:03.711727+00:00,2026-10-05 05:57:03.741436+00:00,2026-09-18 03:11:41.294067+00:00,2026-09-18 03:11:41.294077+00:00
121,musinsa_used,무신사 USED,musinsa_used [FILTER>소재>폴리에스테르>상의],RANKING,LIVE,True,10080,5,https://api.musinsa.com/api2/dp/v2/plp/goods?gf=A&attributeMaterial=g_material%5ERedzeswVYYOa&sortCode=USED_SALE_PRICE_CHANGE_DATE&category=109001&size=30&testGroup=&ampGroup=&caller=CATEGORY&page=1&seen=0&seenAds=,"{""live"": true, ""limit"": 100, ""gender"": ""A"", ""page_size"": 100, ""sort_code"": ""USED_SALE_PRICE_CHANGE_DATE"", ""category_id"": ""109001"", ""filter_name"": ""폴리에스테르"", ""filter_type"": ""material"", ""filter_label"": ""소재"", ""filter_value"": ""g_material^RedzeswVYYOa"", ""category_name"": ""상의"", ""filter_parameter"": ""attributeMaterial"", ""observation_type"": ""FILTER""}",2026-09-28 06:01:18.446262+00:00,2026-10-05 06:01:18.509908+00:00,2026-09-18 03:11:42.095125+00:00,2026-09-18 03:11:42.095140+00:00
122,musinsa_used,무신사 USED,musinsa_used [FILTER>소재>아크릴>상의],RANKING,LIVE,True,10080,5,https://api.musinsa.com/api2/dp/v2/plp/goods?gf=A&attributeMaterial=g_material%5ErMpeCJlgNjp1&sortCode=USED_SALE_PRICE_CHANGE_DATE&category=109001&size=30&testGroup=&ampGroup=&caller=CATEGORY&page=1&seen=0&seenAds=,"{""live"": true, ""limit"": 100, ""gender"": ""A"", ""page_size"": 100, ""sort_code"": ""USED_SALE_PRICE_CHANGE_DATE"", ""category_id"": ""109001"", ""filter_name"": ""아크릴"", ""filter_type"": ""material"", ""filter_label"": ""소재"", ""filter_value"": ""g_material^rMpeCJlgNjp1"", ""category_name"": ""상의"", ""filter_parameter"": ""attributeMaterial"", ""observation_type"": ""FILTER""}",2026-09-28 06:07:09.773348+00:00,2026-10-05 06:07:09.846004+00:00,2026-09-18 03:11:42.883405+00:00,2026-09-18 03:11:42.883417+00:00
123,musinsa_used,무신사 USED,musinsa_used [FILTER>소재>나일론>상의],RANKING,LIVE,True,10080,5,https://api.musinsa.com/api2/dp/v2/plp/goods?gf=A&attributeMaterial=g_material%5EvGbOb7CVby3q&sortCode=USED_SALE_PRICE_CHANGE_DATE&category=109001&size=30&testGroup=&ampGroup=&caller=CATEGORY&page=1&seen=0&seenAds=,"{""live"": true, ""limit"": 100, ""gender"": ""A"", ""page_size"": 100, ""sort_code"": ""USED_SALE_PRICE_CHANGE_DATE"", ""category_id"": ""109001"", ""filter_name"": ""나일론"", ""filter_type"": ""material"", ""filter_label"": ""소재"", ""filter_value"": ""g_material^vGbOb7CVby3q"", ""category_name"": ""상의"", ""filter_parameter"": ""attributeMaterial"", ""observation_type"": ""FILTER""}",2026-09-28 06:10:36.750020+00:00,2026-10-05 06:10:36.892232+00:00,2026-09-18 03:11:43.706374+00:00,2026-09-18 03:11:43.706381+00:00
124,musinsa_used,무신사 USED,musinsa_used [FILTER>소재>울/모>상의],RANKING,LIVE,True,10080,5,https://api.musinsa.com/api2/dp/v2/plp/goods?gf=A&attributeMaterial=g_material%5EUBSB4AP5JfAA&sortCode=USED_SALE_PRICE_CHANGE_DATE&category=109001&size=30&testGroup=&ampGroup=&caller=CATEGORY&page=1&seen=0&seenAds=,"{""live"": true, ""limit"": 100, ""gender"": ""A"", ""page_size"": 100, ""sort_code"": ""USED_SALE_PRICE_CHANGE_DATE"", ""category_id"": ""109001"", ""filter_name"": ""울/모"", ""filter_type"": ""material"", ""filter_label"": ""소재"", ""filter_value"": ""g_material^UBSB4AP5JfAA"", ""category_name"": ""상의"", ""filter_parameter"": ""attributeMaterial"", ""observation_type"": ""FILTER""}",2026-09-28 06:13:16.405439+00:00,2026-10-05 06:13:16.470759+00:00,2026-09-18 03:11:44.515874+00:00,2026-09-18 03:11:44.515882+00:00
125,musinsa_used,무신사 USED,musinsa_used [FILTER>소재>스판덱스>상의],RANKING,LIVE,True,10080,5,https://api.musinsa.com/api2/dp/v2/plp/goods?gf=A&attributeMaterial=g_material%5EHLlXIp8L4jxF&sortCode=USED_SALE_PRICE_CHANGE_DATE&category=109001&size=30&testGroup=&ampGroup=&caller=CATEGORY&page=1&seen=0&seenAds=,"{""live"": true, ""limit"": 100, ""gender"": ""A"", ""page_size"": 100, ""sort_code"": ""USED_SALE_PRICE_CHANGE_DATE"", ""category_id"": ""109001"", ""filter_name"": ""스판덱스"", ""filter_type"": ""material"", ""filter_label"": ""소재"", ""filter_value"": ""g_material^HLlXIp8L4jxF"", ""category_name"": ""상의"", ""filter_parameter"": ""attributeMaterial"", ""observation_type"": ""FILTER""}",2026-09-28 06:15:13.759929+00:00,2026-10-05 06:15:13.799593+00:00,2026-09-18 03:11:45.303036+00:00,2026-09-18 03:11:45.303043+00:00
126,musinsa_used,무신사 USED,musinsa_used [FILTER>소재>레이온/인견>상의],RANKING,LIVE,True,10080,5,https://api.musinsa.com/api2/dp/v2/plp/goods?gf=A&attributeMaterial=g_material%5EMQMwTUHYfilr&sortCode=USED_SALE_PRICE_CHANGE_DATE&category=109001&size=30&testGroup=&ampGroup=&caller=CATEGORY&page=1&seen=0&seenAds=,"{""live"": true, ""limit"": 100, ""gender"": ""A"", ""page_size"": 100, ""sort_code"": ""USED_SALE_PRICE_CHANGE_DATE"", ""category_id"": ""109001"", ""filter_name"": ""레이온/인견"", ""filter_type"": ""material"", ""filter_label"": ""소재"", ""filter_value"": ""g_material^MQMwTUHYfilr"", ""category_name"": ""상의"", ""filter_parameter"": ""attributeMaterial"", ""observation_type"": ""FILTER""}",2026-09-28 06:16:37.428497+00:00,2026-10-05 06:16:37.465862+00:00,2026-09-18 03:11:46.146564+00:00,2026-09-18 03:11:46.146571+00:00
127,musinsa_used,무신사 USED,musinsa_used [FILTER>소재>캐시미어>상의],RANKING,LIVE,True,10080,5,https://api.musinsa.com/api2/dp/v2/plp/goods?gf=A&attributeMaterial=g_material%5EgX22wnplycyJ&sortCode=USED_SALE_PRICE_CHANGE_DATE&category=109001&size=30&testGroup=&ampGroup=&caller=CATEGORY&page=1&seen=0&seenAds=,"{""live"": true, ""limit"": 100, ""gender"": ""A"", ""page_size"": 100, ""sort_code"": ""USED_SALE_PRICE_CHANGE_DATE"", ""category_id"": ""109001"", ""filter_name"": ""캐시미어"", ""filter_type"": ""material"", ""filter_label"": ""소재"", ""filter_value"": ""g_material^gX22wnplycyJ"", ""category_name"": ""상의"", ""filter_parameter"": ""attributeMaterial"", ""observation_type"": ""FILTER""}",2026-09-28 06:18:50.055555+00:00,2026-10-05 06:18:50.118696+00:00,2026-09-18 03:11:46.978210+00:00,2026-09-18 03:11:46.978221+00:00
128,musinsa_used,무신사 USED,musinsa_used [FILTER>소재>데님>상의],RANKING,LIVE,True,10080,5,https://api.musinsa.com/api2/dp/v2/plp/goods?gf=A&attributeMaterial=g_material%5E7hzHO7WT8tLe&sortCode=USED_SALE_PRICE_CHANGE_DATE&category=109001&size=30&testGroup=&ampGroup=&caller=CATEGORY&page=1&seen=0&seenAds=,"{""live"": true, ""limit"": 100, ""gender"": ""A"", ""page_size"": 100, ""sort_code"": ""USED_SALE_PRICE_CHANGE_DATE"", ""category_id"": ""109001"", ""filter_name"": ""데님"", ""filter_type"": ""material"", ""filter_label"": ""소재"", ""filter_value"": ""g_material^7hzHO7WT8tLe"", ""category_name"": ""상의"", ""filter_parameter"": ""attributeMaterial"", ""observation_type"": ""FILTER""}",2026-09-28 06:19:06.625778+00:00,2026-10-05 06:19:06.668771+00:00,2026-09-18 03:11:47.736749+00:00,2026-09-18 03:11:47.736755+00:00
129,musinsa_used,무신사 USED,musinsa_used [FILTER>소재>린넨>상의],RANKING,LIVE,True,10080,5,https://api.musinsa.com/api2/dp/v2/plp/goods?gf=A&attributeMaterial=g_material%5EQXm8shmCAi1j&sortCode=USED_SALE_PRICE_CHANGE_DATE&category=109001&size=30&testGroup=&ampGroup=&caller=CATEGORY&page=1&seen=0&seenAds=,"{""live"": true, ""limit"": 100, ""gender"": ""A"", ""page_size"": 100, ""sort_code"": ""USED_SALE_PRICE_CHANGE_DATE"", ""category_id"": ""109001"", ""filter_name"": ""린넨"", ""filter_type"": ""material"", ""filter_label"": ""소재"", ""filter_value"": ""g_material^QXm8shmCAi1j"", ""category_name"": ""상의"", ""filter_parameter"": ""attributeMaterial"", ""observation_type"": ""FILTER""}",2026-09-28 06:23:07.312668+00:00,2026-10-05 06:23:07.375998+00:00,2026-09-18 03:11:48.586605+00:00,2026-09-18 03:11:48.586615+00:00
130,musinsa_used,무신사 USED,musinsa_used [FILTER>소재>메시>상의],RANKING,LIVE,True,10080,5,https://api.musinsa.com/api2/dp/v2/plp/goods?gf=A&attributeMaterial=g_material%5EM64ETV0XqLvo&sortCode=USED_SALE_PRICE_CHANGE_DATE&category=109001&size=30&testGroup=&ampGroup=&caller=CATEGORY&page=1&seen=0&seenAds=,"{""live"": true, ""limit"": 100, ""gender"": ""A"", ""page_size"": 100, ""sort_code"": ""USED_SALE_PRICE_CHANGE_DATE"", ""category_id"": ""109001"", ""filter_name"": ""메시"", ""filter_type"": ""material"", ""filter_label"": ""소재"", ""filter_value"": ""g_material^M64ETV0XqLvo"", ""category_name"": ""상의"", ""filter_parameter"": ""attributeMaterial"", ""observation_type"": ""FILTER""}",2026-09-28 06:23:37.791203+00:00,2026-10-05 06:23:37.862845+00:00,2026-09-18 03:11:49.420699+00:00,2026-09-18 03:11:49.420709+00:00
131,musinsa_used,무신사 USED,musinsa_used [FILTER>소재>실크>상의],RANKING,LIVE,True,10080,5,https://api.musinsa.com/api2/dp/v2/plp/goods?gf=A&attributeMaterial=g_material%5ED0YHmjCqsXSb&sortCode=USED_SALE_PRICE_CHANGE_DATE&category=109001&size=30&testGroup=&ampGroup=&caller=CATEGORY&page=1&seen=0&seenAds=,"{""live"": true, ""limit"": 100, ""gender"": ""A"", ""page_size"": 100, ""sort_code"": ""USED_SALE_PRICE_CHANGE_DATE"", ""category_id"": ""109001"", ""filter_name"": ""실크"", ""filter_type"": ""material"", ""filter_label"": ""소재"", ""filter_value"": ""g_material^D0YHmjCqsXSb"", ""category_name"": ""상의"", ""filter_parameter"": ""attributeMaterial"", ""observation_type"": ""FILTER""}",2026-09-28 06:23:57.055240+00:00,2026-10-05 06:23:57.103179+00:00,2026-09-18 03:11:50.329860+00:00,2026-09-18 03:11:50.329872+00:00
132,musinsa_used,무신사 USED,musinsa_used [FILTER>소재>기모>상의],RANKING,LIVE,True,10080,5,https://api.musinsa.com/api2/dp/v2/plp/goods?gf=A&attributeMaterial=g_material%5EfZms24b7AKtm&sortCode=USED_SALE_PRICE_CHANGE_DATE&category=109001&size=30&testGroup=&ampGroup=&caller=CATEGORY&page=1&seen=0&seenAds=,"{""live"": true, ""limit"": 100, ""gender"": ""A"", ""page_size"": 100, ""sort_code"": ""USED_SALE_PRICE_CHANGE_DATE"", ""category_id"": ""109001"", ""filter_name"": ""기모"", ""filter_type"": ""material"", ""filter_label"": ""소재"", ""filter_value"": ""g_material^fZms24b7AKtm"", ""category_name"": ""상의"", ""filter_parameter"": ""attributeMaterial"", ""observation_type"": ""FILTER""}",2026-09-28 06:24:20.750443+00:00,2026-10-05 06:24:20.783240+00:00,2026-09-18 03:11:51.143331+00:00,2026-09-18 03:11:51.143338+00:00
133,musinsa_used,무신사 USED,musinsa_used [FILTER>소재>인조가죽>상의],RANKING,LIVE,True,10080,5,https://api.musinsa.com/api2/dp/v2/plp/goods?gf=A&attributeMaterial=g_material%5EatfL29ufp3Yy&sortCode=USED_SALE_PRICE_CHANGE_DATE&category=109001&size=30&testGroup=&ampGroup=&caller=CATEGORY&page=1&seen=0&seenAds=,"{""live"": true, ""limit"": 100, ""gender"": ""A"", ""page_size"": 100, ""sort_code"": ""USED_SALE_PRICE_CHANGE_DATE"", ""category_id"": ""109001"", ""filter_name"": ""인조가죽"", ""filter_type"": ""material"", ""filter_label"": ""소재"", ""filter_value"": ""g_material^atfL29ufp3Yy"", ""category_name"": ""상의"", ""filter_parameter"": ""attributeMaterial"", ""observation_type"": ""FILTER""}",2026-09-28 06:24:22.037192+00:00,2026-10-05 06:24:22.081805+00:00,2026-09-18 03:11:52.026483+00:00,2026-09-18 03:11:52.026489+00:00
134,musinsa_used,무신사 USED,musinsa_used [FILTER>소재>코듀로이>상의],RANKING,LIVE,True,10080,5,https://api.musinsa.com/api2/dp/v2/plp/goods?gf=A&attributeMaterial=g_material%5EBpPKYb8ezDnJ&sortCode=USED_SALE_PRICE_CHANGE_DATE&category=109001&size=30&testGroup=&ampGroup=&caller=CATEGORY&page=1&seen=0&seenAds=,"{""live"": true, ""limit"": 100, ""gender"": ""A"", ""page_size"": 100, ""sort_code"": ""USED_SALE_PRICE_CHANGE_DATE"", ""category_id"": ""109001"", ""filter_name"": ""코듀로이"", ""filter_type"": ""material"", ""filter_label"": ""소재"", ""filter_value"": ""g_material^BpPKYb8ezDnJ"", ""category_name"": ""상의"", ""filter_parameter"": ""attributeMaterial"", ""observation_type"": ""FILTER""}",2026-09-28 06:24:26.825230+00:00,2026-10-05 06:24:26.900352+00:00,2026-09-18 03:11:52.915129+00:00,2026-09-18 03:11:52.915136+00:00
135,musinsa_used,무신사 USED,musinsa_used [FILTER>소재>플리스>상의],RANKING,LIVE,True,10080,5,https://api.musinsa.com/api2/dp/v2/plp/goods?gf=A&attributeMaterial=g_material%5EK5G86b9O8q37&sortCode=USED_SALE_PRICE_CHANGE_DATE&category=109001&size=30&testGroup=&ampGroup=&caller=CATEGORY&page=1&seen=0&seenAds=,"{""live"": true, ""limit"": 100, ""gender"": ""A"", ""page_size"": 100, ""sort_code"": ""USED_SALE_PRICE_CHANGE_DATE"", ""category_id"": ""109001"", ""filter_name"": ""플리스"", ""filter_type"": ""material"", ""filter_label"": ""소재"", ""filter_value"": ""g_material^K5G86b9O8q37"", ""category_name"": ""상의"", ""filter_parameter"": ""attributeMaterial"", ""observation_type"": ""FILTER""}",2026-09-28 06:24:29.181479+00:00,2026-10-05 06:24:29.218061+00:00,2026-09-18 03:11:53.760643+00:00,2026-09-18 03:11:53.760650+00:00
136,musinsa_used,무신사 USED,musinsa_used [FILTER>소재>천연가죽>상의],RANKING,LIVE,True,10080,5,https://api.musinsa.com/api2/dp/v2/plp/goods?gf=A&attributeMaterial=g_material%5EmeapgFVZB5L2&sortCode=USED_SALE_PRICE_CHANGE_DATE&category=109001&size=30&testGroup=&ampGroup=&caller=CATEGORY&page=1&seen=0&seenAds=,"{""live"": true, ""limit"": 100, ""gender"": ""A"", ""page_size"": 100, ""sort_code"": ""USED_SALE_PRICE_CHANGE_DATE"", ""category_id"": ""109001"", ""filter_name"": ""천연가죽"", ""filter_type"": ""material"", ""filter_label"": ""소재"", ""filter_value"": ""g_material^meapgFVZB5L2"", ""category_name"": ""상의"", ""filter_parameter"": ""attributeMaterial"", ""observation_type"": ""FILTER""}",2026-09-28 06:24:30.548439+00:00,2026-10-05 06:24:30.599742+00:00,2026-09-18 03:11:54.565586+00:00,2026-09-18 03:11:54.565592+00:00
137,musinsa_used,무신사 USED,musinsa_used [FILTER>핏>기본>상의],RANKING,LIVE,True,10080,5,https://api.musinsa.com/api2/dp/v2/plp/goods?gf=A&attributeFit=g_fit%5Ex7imVBxHnpKM&sortCode=USED_SALE_PRICE_CHANGE_DATE&category=109001&size=30&testGroup=&ampGroup=&caller=CATEGORY&page=1&seen=0&seenAds=,"{""live"": true, ""limit"": 100, ""gender"": ""A"", ""page_size"": 100, ""sort_code"": ""USED_SALE_PRICE_CHANGE_DATE"", ""category_id"": ""109001"", ""filter_name"": ""기본"", ""filter_type"": ""fit"", ""filter_label"": ""핏"", ""filter_value"": ""g_fit^x7imVBxHnpKM"", ""category_name"": ""상의"", ""filter_parameter"": ""attributeFit"", ""observation_type"": ""FILTER""}",2026-09-28 06:27:28.551094+00:00,2026-10-05 06:27:28.597202+00:00,2026-09-18 03:12:06.976003+00:00,2026-09-18 03:27:59.856275+00:00
138,musinsa_used,무신사 USED,musinsa_used [FILTER>핏>오버>상의],RANKING,LIVE,True,10080,5,https://api.musinsa.com/api2/dp/v2/plp/goods?gf=A&attributeFit=g_fit%5ES5JWveeUyrw4&sortCode=USED_SALE_PRICE_CHANGE_DATE&category=109001&size=30&testGroup=&ampGroup=&caller=CATEGORY&page=1&seen=0&seenAds=,"{""live"": true, ""limit"": 100, ""gender"": ""A"", ""page_size"": 100, ""sort_code"": ""USED_SALE_PRICE_CHANGE_DATE"", ""category_id"": ""109001"", ""filter_name"": ""오버"", ""filter_type"": ""fit"", ""filter_label"": ""핏"", ""filter_value"": ""g_fit^S5JWveeUyrw4"", ""category_name"": ""상의"", ""filter_parameter"": ""attributeFit"", ""observation_type"": ""FILTER""}",2026-09-28 06:32:49.931076+00:00,2026-10-05 06:32:49.966637+00:00,2026-09-18 03:12:07.727718+00:00,2026-09-18 03:27:59.930642+00:00
139,musinsa_used,무신사 USED,musinsa_used [FILTER>핏>와이드>상의],RANKING,LIVE,True,10080,5,https://api.musinsa.com/api2/dp/v2/plp/goods?gf=A&attributeFit=g_fit%5E1G1BTZmN9RnS&sortCode=USED_SALE_PRICE_CHANGE_DATE&category=109001&size=30&testGroup=&ampGroup=&caller=CATEGORY&page=1&seen=0&seenAds=,"{""live"": true, ""limit"": 100, ""gender"": ""A"", ""page_size"": 100, ""sort_code"": ""USED_SALE_PRICE_CHANGE_DATE"", ""category_id"": ""109001"", ""filter_name"": ""와이드"", ""filter_type"": ""fit"", ""filter_label"": ""핏"", ""filter_value"": ""g_fit^1G1BTZmN9RnS"", ""category_name"": ""상의"", ""filter_parameter"": ""attributeFit"", ""observation_type"": ""FILTER""}",2026-09-28 06:32:51.277902+00:00,2026-10-05 06:32:51.311993+00:00,2026-09-18 03:12:08.383749+00:00,2026-09-18 03:12:08.383767+00:00
140,musinsa_used,무신사 USED,musinsa_used [FILTER>핏>스트레이트>상의],RANKING,LIVE,True,10080,5,https://api.musinsa.com/api2/dp/v2/plp/goods?gf=A&attributeFit=g_fit%5EN5LCh096O1MN&sortCode=USED_SALE_PRICE_CHANGE_DATE&category=109001&size=30&testGroup=&ampGroup=&caller=CATEGORY&page=1&seen=0&seenAds=,"{""live"": true, ""limit"": 100, ""gender"": ""A"", ""page_size"": 100, ""sort_code"": ""USED_SALE_PRICE_CHANGE_DATE"", ""category_id"": ""109001"", ""filter_name"": ""스트레이트"", ""filter_type"": ""fit"", ""filter_label"": ""핏"", ""filter_value"": ""g_fit^N5LCh096O1MN"", ""category_name"": ""상의"", ""filter_parameter"": ""attributeFit"", ""observation_type"": ""FILTER""}",2026-09-28 06:32:52.584497+00:00,2026-10-05 06:32:52.616220+00:00,2026-09-18 03:12:09.060587+00:00,2026-09-18 03:12:09.060602+00:00
141,musinsa_used,무신사 USED,musinsa_used [FILTER>핏>슬림>상의],RANKING,LIVE,True,10080,5,https://api.musinsa.com/api2/dp/v2/plp/goods?gf=A&attributeFit=g_fit%5E1ev2RqRx5OKT&sortCode=USED_SALE_PRICE_CHANGE_DATE&category=109001&size=30&testGroup=&ampGroup=&caller=CATEGORY&page=1&seen=0&seenAds=,"{""live"": true, ""limit"": 100, ""gender"": ""A"", ""page_size"": 100, ""sort_code"": ""USED_SALE_PRICE_CHANGE_DATE"", ""category_id"": ""109001"", ""filter_name"": ""슬림"", ""filter_type"": ""fit"", ""filter_label"": ""핏"", ""filter_value"": ""g_fit^1ev2RqRx5OKT"", ""category_name"": ""상의"", ""filter_parameter"": ""attributeFit"", ""observation_type"": ""FILTER""}",2026-09-28 06:35:00.797868+00:00,2026-10-05 06:35:00.879351+00:00,2026-09-18 03:12:09.763809+00:00,2026-09-18 03:28:00.058217+00:00
142,musinsa_used,무신사 USED,musinsa_used [FILTER>핏>테이퍼드>상의],RANKING,LIVE,True,10080,5,https://api.musinsa.com/api2/dp/v2/plp/goods?gf=A&attributeFit=g_fit%5EJzpcZkg1YWBw&sortCode=USED_SALE_PRICE_CHANGE_DATE&category=109001&size=30&testGroup=&ampGroup=&caller=CATEGORY&page=1&seen=0&seenAds=,"{""live"": true, ""limit"": 100, ""gender"": ""A"", ""page_size"": 100, ""sort_code"": ""USED_SALE_PRICE_CHANGE_DATE"", ""category_id"": ""109001"", ""filter_name"": ""테이퍼드"", ""filter_type"": ""fit"", ""filter_label"": ""핏"", ""filter_value"": ""g_fit^JzpcZkg1YWBw"", ""category_name"": ""상의"", ""filter_parameter"": ""attributeFit"", ""observation_type"": ""FILTER""}",2026-09-28 06:35:02.370464+00:00,2026-10-05 06:35:02.417856+00:00,2026-09-18 03:12:10.464033+00:00,2026-09-18 03:12:10.464048+00:00
143,musinsa_used,무신사 USED,musinsa_used [FILTER>핏>부츠컷>상의],RANKING,LIVE,True,10080,5,https://api.musinsa.com/api2/dp/v2/plp/goods?gf=A&attributeFit=g_fit%5ESfRNI13wsS0E&sortCode=USED_SALE_PRICE_CHANGE_DATE&category=109001&size=30&testGroup=&ampGroup=&caller=CATEGORY&page=1&seen=0&seenAds=,"{""live"": true, ""limit"": 100, ""gender"": ""A"", ""page_size"": 100, ""sort_code"": ""USED_SALE_PRICE_CHANGE_DATE"", ""category_id"": ""109001"", ""filter_name"": ""부츠컷"", ""filter_type"": ""fit"", ""filter_label"": ""핏"", ""filter_value"": ""g_fit^SfRNI13wsS0E"", ""category_name"": ""상의"", ""filter_parameter"": ""attributeFit"", ""observation_type"": ""FILTER""}",2026-09-28 06:35:04.174717+00:00,2026-10-05 06:35:04.221421+00:00,2026-09-18 03:12:11.123025+00:00,2026-09-18 03:12:11.123040+00:00
144,musinsa_used,무신사 USED,musinsa_used [FILTER>핏>배기>상의],RANKING,LIVE,True,10080,5,https://api.musinsa.com/api2/dp/v2/plp/goods?gf=A&attributeFit=g_fit%5ECsiPJVvpAAEz&sortCode=USED_SALE_PRICE_CHANGE_DATE&category=109001&size=30&testGroup=&ampGroup=&caller=CATEGORY&page=1&seen=0&seenAds=,"{""live"": true, ""limit"": 100, ""gender"": ""A"", ""page_size"": 100, ""sort_code"": ""USED_SALE_PRICE_CHANGE_DATE"", ""category_id"": ""109001"", ""filter_name"": ""배기"", ""filter_type"": ""fit"", ""filter_label"": ""핏"", ""filter_value"": ""g_fit^CsiPJVvpAAEz"", ""category_name"": ""상의"", ""filter_parameter"": ""attributeFit"", ""observation_type"": ""FILTER""}",2026-09-28 06:35:05.673787+00:00,2026-10-05 06:35:05.746298+00:00,2026-09-18 03:12:11.790959+00:00,2026-09-18 03:12:11.790976+00:00
145,musinsa_used,무신사 USED,musinsa_used [FILTER>핏>조거>상의],RANKING,LIVE,True,10080,5,https://api.musinsa.com/api2/dp/v2/plp/goods?gf=A&attributeFit=g_fit%5E3UJZaBRKjYqI&sortCode=USED_SALE_PRICE_CHANGE_DATE&category=109001&size=30&testGroup=&ampGroup=&caller=CATEGORY&page=1&seen=0&seenAds=,"{""live"": true, ""limit"": 100, ""gender"": ""A"", ""page_size"": 100, ""sort_code"": ""USED_SALE_PRICE_CHANGE_DATE"", ""category_id"": ""109001"", ""filter_name"": ""조거"", ""filter_type"": ""fit"", ""filter_label"": ""핏"", ""filter_value"": ""g_fit^3UJZaBRKjYqI"", ""category_name"": ""상의"", ""filter_parameter"": ""attributeFit"", ""observation_type"": ""FILTER""}",2026-09-28 06:35:06.939490+00:00,2026-10-05 06:35:06.986658+00:00,2026-09-18 03:12:12.520545+00:00,2026-09-18 03:12:12.520558+00:00
146,musinsa_used,무신사 USED,musinsa_used [FILTER>소재>면(코튼)>아우터],RANKING,LIVE,True,10080,5,https://api.musinsa.com/api2/dp/v2/plp/goods?gf=A&attributeMaterial=g_material%5ErYIBGq2Ot2Qh&sortCode=USED_SALE_PRICE_CHANGE_DATE&category=109002&size=30&testGroup=&ampGroup=&caller=CATEGORY&page=1&seen=0&seenAds=,"{""live"": true, ""limit"": 100, ""gender"": ""A"", ""page_size"": 100, ""sort_code"": ""USED_SALE_PRICE_CHANGE_DATE"", ""category_id"": ""109002"", ""filter_name"": ""면(코튼)"", ""filter_type"": ""material"", ""filter_label"": ""소재"", ""filter_value"": ""g_material^rYIBGq2Ot2Qh"", ""category_name"": ""아우터"", ""filter_parameter"": ""attributeMaterial"", ""observation_type"": ""FILTER""}",2026-09-28 06:38:31.660948+00:00,2026-10-05 06:38:31.700437+00:00,2026-09-18 03:12:13.225941+00:00,2026-09-18 03:12:13.225955+00:00
147,musinsa_used,무신사 USED,musinsa_used [FILTER>소재>니트>아우터],RANKING,LIVE,True,10080,5,https://api.musinsa.com/api2/dp/v2/plp/goods?gf=A&attributeMaterial=g_material%5EJil9msfdxIv5&sortCode=USED_SALE_PRICE_CHANGE_DATE&category=109002&size=30&testGroup=&ampGroup=&caller=CATEGORY&page=1&seen=0&seenAds=,"{""live"": true, ""limit"": 100, ""gender"": ""A"", ""page_size"": 100, ""sort_code"": ""USED_SALE_PRICE_CHANGE_DATE"", ""category_id"": ""109002"", ""filter_name"": ""니트"", ""filter_type"": ""material"", ""filter_label"": ""소재"", ""filter_value"": ""g_material^Jil9msfdxIv5"", ""category_name"": ""아우터"", ""filter_parameter"": ""attributeMaterial"", ""observation_type"": ""FILTER""}",2026-09-28 06:38:44.771401+00:00,2026-10-05 06:38:44.837910+00:00,2026-09-18 03:12:13.791283+00:00,2026-09-18 03:12:13.791297+00:00
148,musinsa_used,무신사 USED,musinsa_used [FILTER>소재>폴리에스테르>아우터],RANKING,LIVE,True,10080,5,https://api.musinsa.com/api2/dp/v2/plp/goods?gf=A&attributeMaterial=g_material%5ERedzeswVYYOa&sortCode=USED_SALE_PRICE_CHANGE_DATE&category=109002&size=30&testGroup=&ampGroup=&caller=CATEGORY&page=1&seen=0&seenAds=,"{""live"": true, ""limit"": 100, ""gender"": ""A"", ""page_size"": 100, ""sort_code"": ""USED_SALE_PRICE_CHANGE_DATE"", ""category_id"": ""109002"", ""filter_name"": ""폴리에스테르"", ""filter_type"": ""material"", ""filter_label"": ""소재"", ""filter_value"": ""g_material^RedzeswVYYOa"", ""category_name"": ""아우터"", ""filter_parameter"": ""attributeMaterial"", ""observation_type"": ""FILTER""}",2026-09-28 06:42:28.259866+00:00,2026-10-05 06:42:28.315845+00:00,2026-09-18 03:12:14.429004+00:00,2026-09-18 03:12:14.429018+00:00
149,musinsa_used,무신사 USED,musinsa_used [FILTER>소재>아크릴>아우터],RANKING,LIVE,True,10080,5,https://api.musinsa.com/api2/dp/v2/plp/goods?gf=A&attributeMaterial=g_material%5ErMpeCJlgNjp1&sortCode=USED_SALE_PRICE_CHANGE_DATE&category=109002&size=30&testGroup=&ampGroup=&caller=CATEGORY&page=1&seen=0&seenAds=,"{""live"": true, ""limit"": 100, ""gender"": ""A"", ""page_size"": 100, ""sort_code"": ""USED_SALE_PRICE_CHANGE_DATE"", ""category_id"": ""109002"", ""filter_name"": ""아크릴"", ""filter_type"": ""material"", ""filter_label"": ""소재"", ""filter_value"": ""g_material^rMpeCJlgNjp1"", ""category_name"": ""아우터"", ""filter_parameter"": ""attributeMaterial"", ""observation_type"": ""FILTER""}",2026-09-28 06:43:51.906296+00:00,2026-10-05 06:43:51.949289+00:00,2026-09-18 03:12:14.846106+00:00,2026-09-18 03:12:14.846118+00:00
150,musinsa_used,무신사 USED,musinsa_used [FILTER>소재>나일론>아우터],RANKING,LIVE,True,10080,5,https://api.musinsa.com/api2/dp/v2/plp/goods?gf=A&attributeMaterial=g_material%5EvGbOb7CVby3q&sortCode=USED_SALE_PRICE_CHANGE_DATE&category=109002&size=30&testGroup=&ampGroup=&caller=CATEGORY&page=1&seen=0&seenAds=,"{""live"": true, ""limit"": 100, ""gender"": ""A"", ""page_size"": 100, ""sort_code"": ""USED_SALE_PRICE_CHANGE_DATE"", ""category_id"": ""109002"", ""filter_name"": ""나일론"", ""filter_type"": ""material"", ""filter_label"": ""소재"", ""filter_value"": ""g_material^vGbOb7CVby3q"", ""category_name"": ""아우터"", ""filter_parameter"": ""attributeMaterial"", ""observation_type"": ""FILTER""}",2026-09-28 06:45:46.069255+00:00,2026-10-05 06:45:46.121900+00:00,2026-09-18 03:12:15.249445+00:00,2026-09-18 03:12:15.249457+00:00
151,musinsa_used,무신사 USED,musinsa_used [FILTER>소재>울/모>아우터],RANKING,LIVE,True,10080,5,https://api.musinsa.com/api2/dp/v2/plp/goods?gf=A&attributeMaterial=g_material%5EUBSB4AP5JfAA&sortCode=USED_SALE_PRICE_CHANGE_DATE&category=109002&size=30&testGroup=&ampGroup=&caller=CATEGORY&page=1&seen=0&seenAds=,"{""live"": true, ""limit"": 100, ""gender"": ""A"", ""page_size"": 100, ""sort_code"": ""USED_SALE_PRICE_CHANGE_DATE"", ""category_id"": ""109002"", ""filter_name"": ""울/모"", ""filter_type"": ""material"", ""filter_label"": ""소재"", ""filter_value"": ""g_material^UBSB4AP5JfAA"", ""category_name"": ""아우터"", ""filter_parameter"": ""attributeMaterial"", ""observation_type"": ""FILTER""}",2026-09-28 06:47:21.808111+00:00,2026-10-05 06:47:21.870215+00:00,2026-09-18 03:12:15.388057+00:00,2026-09-18 03:12:15.388071+00:00
152,musinsa_used,무신사 USED,musinsa_used [FILTER>소재>스판덱스>아우터],RANKING,LIVE,True,10080,5,https://api.musinsa.com/api2/dp/v2/plp/goods?gf=A&attributeMaterial=g_material%5EHLlXIp8L4jxF&sortCode=USED_SALE_PRICE_CHANGE_DATE&category=109002&size=30&testGroup=&ampGroup=&caller=CATEGORY&page=1&seen=0&seenAds=,"{""live"": true, ""limit"": 100, ""gender"": ""A"", ""page_size"": 100, ""sort_code"": ""USED_SALE_PRICE_CHANGE_DATE"", ""category_id"": ""109002"", ""filter_name"": ""스판덱스"", ""filter_type"": ""material"", ""filter_label"": ""소재"", ""filter_value"": ""g_material^HLlXIp8L4jxF"", ""category_name"": ""아우터"", ""filter_parameter"": ""attributeMaterial"", ""observation_type"": ""FILTER""}",2026-09-28 06:47:28.772214+00:00,2026-10-05 06:47:28.816264+00:00,2026-09-18 03:12:15.501274+00:00,2026-09-18 03:12:15.501287+00:00
153,musinsa_used,무신사 USED,musinsa_used [FILTER>소재>레이온/인견>아우터],RANKING,LIVE,True,10080,5,https://api.musinsa.com/api2/dp/v2/plp/goods?gf=A&attributeMaterial=g_material%5EMQMwTUHYfilr&sortCode=USED_SALE_PRICE_CHANGE_DATE&category=109002&size=30&testGroup=&ampGroup=&caller=CATEGORY&page=1&seen=0&seenAds=,"{""live"": true, ""limit"": 100, ""gender"": ""A"", ""page_size"": 100, ""sort_code"": ""USED_SALE_PRICE_CHANGE_DATE"", ""category_id"": ""109002"", ""filter_name"": ""레이온/인견"", ""filter_type"": ""material"", ""filter_label"": ""소재"", ""filter_value"": ""g_material^MQMwTUHYfilr"", ""category_name"": ""아우터"", ""filter_parameter"": ""attributeMaterial"", ""observation_type"": ""FILTER""}",2026-09-28 06:47:30.874979+00:00,2026-10-05 06:47:30.912421+00:00,2026-09-18 03:12:15.599974+00:00,2026-09-18 03:12:15.599986+00:00
154,musinsa_used,무신사 USED,musinsa_used [FILTER>소재>캐시미어>아우터],RANKING,LIVE,True,10080,5,https://api.musinsa.com/api2/dp/v2/plp/goods?gf=A&attributeMaterial=g_material%5EgX22wnplycyJ&sortCode=USED_SALE_PRICE_CHANGE_DATE&category=109002&size=30&testGroup=&ampGroup=&caller=CATEGORY&page=1&seen=0&seenAds=,"{""live"": true, ""limit"": 100, ""gender"": ""A"", ""page_size"": 100, ""sort_code"": ""USED_SALE_PRICE_CHANGE_DATE"", ""category_id"": ""109002"", ""filter_name"": ""캐시미어"", ""filter_type"": ""material"", ""filter_label"": ""소재"", ""filter_value"": ""g_material^gX22wnplycyJ"", ""category_name"": ""아우터"", ""filter_parameter"": ""attributeMaterial"", ""observation_type"": ""FILTER""}",2026-09-28 06:47:36.179587+00:00,2026-10-05 06:47:36.215959+00:00,2026-09-18 03:12:16.044397+00:00,2026-09-18 03:12:16.044416+00:00
155,musinsa_used,무신사 USED,musinsa_used [FILTER>소재>데님>아우터],RANKING,LIVE,True,10080,5,https://api.musinsa.com/api2/dp/v2/plp/goods?gf=A&attributeMaterial=g_material%5E7hzHO7WT8tLe&sortCode=USED_SALE_PRICE_CHANGE_DATE&category=109002&size=30&testGroup=&ampGroup=&caller=CATEGORY&page=1&seen=0&seenAds=,"{""live"": true, ""limit"": 100, ""gender"": ""A"", ""page_size"": 100, ""sort_code"": ""USED_SALE_PRICE_CHANGE_DATE"", ""category_id"": ""109002"", ""filter_name"": ""데님"", ""filter_type"": ""material"", ""filter_label"": ""소재"", ""filter_value"": ""g_material^7hzHO7WT8tLe"", ""category_name"": ""아우터"", ""filter_parameter"": ""attributeMaterial"", ""observation_type"": ""FILTER""}",2026-09-28 06:48:08.753393+00:00,2026-10-05 06:48:08.802732+00:00,2026-09-18 03:12:16.141037+00:00,2026-09-18 03:12:16.141062+00:00
156,musinsa_used,무신사 USED,musinsa_used [FILTER>소재>린넨>아우터],RANKING,LIVE,True,10080,5,https://api.musinsa.com/api2/dp/v2/plp/goods?gf=A&attributeMaterial=g_material%5EQXm8shmCAi1j&sortCode=USED_SALE_PRICE_CHANGE_DATE&category=109002&size=30&testGroup=&ampGroup=&caller=CATEGORY&page=1&seen=0&seenAds=,"{""live"": true, ""limit"": 100, ""gender"": ""A"", ""page_size"": 100, ""sort_code"": ""USED_SALE_PRICE_CHANGE_DATE"", ""category_id"": ""109002"", ""filter_name"": ""린넨"", ""filter_type"": ""material"", ""filter_label"": ""소재"", ""filter_value"": ""g_material^QXm8shmCAi1j"", ""category_name"": ""아우터"", ""filter_parameter"": ""attributeMaterial"", ""observation_type"": ""FILTER""}",2026-09-28 06:48:17.653818+00:00,2026-10-05 06:48:17.689017+00:00,2026-09-18 03:12:16.243883+00:00,2026-09-18 03:12:16.243906+00:00
157,musinsa_used,무신사 USED,musinsa_used [FILTER>소재>메시>아우터],RANKING,LIVE,True,10080,5,https://api.musinsa.com/api2/dp/v2/plp/goods?gf=A&attributeMaterial=g_material%5EM64ETV0XqLvo&sortCode=USED_SALE_PRICE_CHANGE_DATE&category=109002&size=30&testGroup=&ampGroup=&caller=CATEGORY&page=1&seen=0&seenAds=,"{""live"": true, ""limit"": 100, ""gender"": ""A"", ""page_size"": 100, ""sort_code"": ""USED_SALE_PRICE_CHANGE_DATE"", ""category_id"": ""109002"", ""filter_name"": ""메시"", ""filter_type"": ""material"", ""filter_label"": ""소재"", ""filter_value"": ""g_material^M64ETV0XqLvo"", ""category_name"": ""아우터"", ""filter_parameter"": ""attributeMaterial"", ""observation_type"": ""FILTER""}",2026-09-28 06:48:19.521603+00:00,2026-10-05 06:48:19.569559+00:00,2026-09-18 03:12:16.356279+00:00,2026-09-18 03:12:16.356290+00:00
158,musinsa_used,무신사 USED,musinsa_used [FILTER>소재>실크>아우터],RANKING,LIVE,True,10080,5,https://api.musinsa.com/api2/dp/v2/plp/goods?gf=A&attributeMaterial=g_material%5ED0YHmjCqsXSb&sortCode=USED_SALE_PRICE_CHANGE_DATE&category=109002&size=30&testGroup=&ampGroup=&caller=CATEGORY&page=1&seen=0&seenAds=,"{""live"": true, ""limit"": 100, ""gender"": ""A"", ""page_size"": 100, ""sort_code"": ""USED_SALE_PRICE_CHANGE_DATE"", ""category_id"": ""109002"", ""filter_name"": ""실크"", ""filter_type"": ""material"", ""filter_label"": ""소재"", ""filter_value"": ""g_material^D0YHmjCqsXSb"", ""category_name"": ""아우터"", ""filter_parameter"": ""attributeMaterial"", ""observation_type"": ""FILTER""}",2026-09-28 06:48:20.839121+00:00,2026-10-05 06:48:20.903512+00:00,2026-09-18 03:12:16.464227+00:00,2026-09-18 03:12:16.464247+00:00
159,musinsa_used,무신사 USED,musinsa_used [FILTER>소재>기모>아우터],RANKING,LIVE,True,10080,5,https://api.musinsa.com/api2/dp/v2/plp/goods?gf=A&attributeMaterial=g_material%5EfZms24b7AKtm&sortCode=USED_SALE_PRICE_CHANGE_DATE&category=109002&size=30&testGroup=&ampGroup=&caller=CATEGORY&page=1&seen=0&seenAds=,"{""live"": true, ""limit"": 100, ""gender"": ""A"", ""page_size"": 100, ""sort_code"": ""USED_SALE_PRICE_CHANGE_DATE"", ""category_id"": ""109002"", ""filter_name"": ""기모"", ""filter_type"": ""material"", ""filter_label"": ""소재"", ""filter_value"": ""g_material^fZms24b7AKtm"", ""category_name"": ""아우터"", ""filter_parameter"": ""attributeMaterial"", ""observation_type"": ""FILTER""}",2026-09-28 06:48:27.033938+00:00,2026-10-05 06:48:27.108997+00:00,2026-09-18 03:12:16.888601+00:00,2026-09-18 03:12:16.888619+00:00
160,musinsa_used,무신사 USED,musinsa_used [FILTER>소재>인조가죽>아우터],RANKING,LIVE,True,10080,5,https://api.musinsa.com/api2/dp/v2/plp/goods?gf=A&attributeMaterial=g_material%5EatfL29ufp3Yy&sortCode=USED_SALE_PRICE_CHANGE_DATE&category=109002&size=30&testGroup=&ampGroup=&caller=CATEGORY&page=1&seen=0&seenAds=,"{""live"": true, ""limit"": 100, ""gender"": ""A"", ""page_size"": 100, ""sort_code"": ""USED_SALE_PRICE_CHANGE_DATE"", ""category_id"": ""109002"", ""filter_name"": ""인조가죽"", ""filter_type"": ""material"", ""filter_label"": ""소재"", ""filter_value"": ""g_material^atfL29ufp3Yy"", ""category_name"": ""아우터"", ""filter_parameter"": ""attributeMaterial"", ""observation_type"": ""FILTER""}",2026-09-28 06:48:46.016371+00:00,2026-10-05 06:48:46.053620+00:00,2026-09-18 03:12:16.987597+00:00,2026-09-18 03:12:16.987609+00:00
161,musinsa_used,무신사 USED,musinsa_used [FILTER>소재>코듀로이>아우터],RANKING,LIVE,True,10080,5,https://api.musinsa.com/api2/dp/v2/plp/goods?gf=A&attributeMaterial=g_material%5EBpPKYb8ezDnJ&sortCode=USED_SALE_PRICE_CHANGE_DATE&category=109002&size=30&testGroup=&ampGroup=&caller=CATEGORY&page=1&seen=0&seenAds=,"{""live"": true, ""limit"": 100, ""gender"": ""A"", ""page_size"": 100, ""sort_code"": ""USED_SALE_PRICE_CHANGE_DATE"", ""category_id"": ""109002"", ""filter_name"": ""코듀로이"", ""filter_type"": ""material"", ""filter_label"": ""소재"", ""filter_value"": ""g_material^BpPKYb8ezDnJ"", ""category_name"": ""아우터"", ""filter_parameter"": ""attributeMaterial"", ""observation_type"": ""FILTER""}",2026-09-28 06:49:00.933781+00:00,2026-10-05 06:49:01.014753+00:00,2026-09-18 03:12:17.092968+00:00,2026-09-18 03:12:17.092987+00:00
162,musinsa_used,무신사 USED,musinsa_used [FILTER>소재>플리스>아우터],RANKING,LIVE,True,10080,5,https://api.musinsa.com/api2/dp/v2/plp/goods?gf=A&attributeMaterial=g_material%5EK5G86b9O8q37&sortCode=USED_SALE_PRICE_CHANGE_DATE&category=109002&size=30&testGroup=&ampGroup=&caller=CATEGORY&page=1&seen=0&seenAds=,"{""live"": true, ""limit"": 100, ""gender"": ""A"", ""page_size"": 100, ""sort_code"": ""USED_SALE_PRICE_CHANGE_DATE"", ""category_id"": ""109002"", ""filter_name"": ""플리스"", ""filter_type"": ""material"", ""filter_label"": ""소재"", ""filter_value"": ""g_material^K5G86b9O8q37"", ""category_name"": ""아우터"", ""filter_parameter"": ""attributeMaterial"", ""observation_type"": ""FILTER""}",2026-09-28 06:49:03.635860+00:00,2026-10-05 06:49:03.761272+00:00,2026-09-18 03:12:17.195238+00:00,2026-09-18 03:12:17.195250+00:00
163,musinsa_used,무신사 USED,musinsa_used [FILTER>소재>천연가죽>아우터],RANKING,LIVE,True,10080,5,https://api.musinsa.com/api2/dp/v2/plp/goods?gf=A&attributeMaterial=g_material%5EmeapgFVZB5L2&sortCode=USED_SALE_PRICE_CHANGE_DATE&category=109002&size=30&testGroup=&ampGroup=&caller=CATEGORY&page=1&seen=0&seenAds=,"{""live"": true, ""limit"": 100, ""gender"": ""A"", ""page_size"": 100, ""sort_code"": ""USED_SALE_PRICE_CHANGE_DATE"", ""category_id"": ""109002"", ""filter_name"": ""천연가죽"", ""filter_type"": ""material"", ""filter_label"": ""소재"", ""filter_value"": ""g_material^meapgFVZB5L2"", ""category_name"": ""아우터"", ""filter_parameter"": ""attributeMaterial"", ""observation_type"": ""FILTER""}",2026-09-28 06:49:08.582411+00:00,2026-10-05 06:49:08.614530+00:00,2026-09-18 03:12:17.302583+00:00,2026-09-18 03:12:17.302595+00:00
164,musinsa_used,무신사 USED,musinsa_used [FILTER>패턴/무늬>단색>아우터],RANKING,LIVE,True,10080,5,https://api.musinsa.com/api2/dp/v2/plp/goods?gf=A&attributePattern=UkBJuUOWbLgc%5En4ehCSM2I6cn&sortCode=USED_SALE_PRICE_CHANGE_DATE&category=109002&size=30&testGroup=&ampGroup=&caller=CATEGORY&page=1&seen=0&seenAds=,"{""live"": true, ""limit"": 100, ""gender"": ""A"", ""page_size"": 100, ""sort_code"": ""USED_SALE_PRICE_CHANGE_DATE"", ""category_id"": ""109002"", ""filter_name"": ""단색"", ""filter_type"": ""pattern"", ""filter_label"": ""패턴/무늬"", ""filter_value"": ""UkBJuUOWbLgc^n4ehCSM2I6cn"", ""category_name"": ""아우터"", ""filter_parameter"": ""attributePattern"", ""observation_type"": ""FILTER""}",2026-09-28 06:52:25.711180+00:00,2026-10-05 06:52:25.761952+00:00,2026-09-18 03:12:17.411187+00:00,2026-09-18 03:28:06.087841+00:00
165,musinsa_used,무신사 USED,musinsa_used [FILTER>패턴/무늬>로고/그래픽>아우터],RANKING,LIVE,True,10080,5,https://api.musinsa.com/api2/dp/v2/plp/goods?gf=A&attributePattern=UkBJuUOWbLgc%5EhxbmRhPzNCbD&sortCode=USED_SALE_PRICE_CHANGE_DATE&category=109002&size=30&testGroup=&ampGroup=&caller=CATEGORY&page=1&seen=0&seenAds=,"{""live"": true, ""limit"": 100, ""gender"": ""A"", ""page_size"": 100, ""sort_code"": ""USED_SALE_PRICE_CHANGE_DATE"", ""category_id"": ""109002"", ""filter_name"": ""로고/그래픽"", ""filter_type"": ""pattern"", ""filter_label"": ""패턴/무늬"", ""filter_value"": ""UkBJuUOWbLgc^hxbmRhPzNCbD"", ""category_name"": ""아우터"", ""filter_parameter"": ""attributePattern"", ""observation_type"": ""FILTER""}",2026-09-28 06:53:07.145178+00:00,2026-10-05 06:53:07.178154+00:00,2026-09-18 03:12:17.540739+00:00,2026-09-18 03:28:06.154623+00:00
166,musinsa_used,무신사 USED,musinsa_used [FILTER>패턴/무늬>스트라이프>아우터],RANKING,LIVE,True,10080,5,https://api.musinsa.com/api2/dp/v2/plp/goods?gf=A&attributePattern=UkBJuUOWbLgc%5EYbhxtFSYTEGM&sortCode=USED_SALE_PRICE_CHANGE_DATE&category=109002&size=30&testGroup=&ampGroup=&caller=CATEGORY&page=1&seen=0&seenAds=,"{""live"": true, ""limit"": 100, ""gender"": ""A"", ""page_size"": 100, ""sort_code"": ""USED_SALE_PRICE_CHANGE_DATE"", ""category_id"": ""109002"", ""filter_name"": ""스트라이프"", ""filter_type"": ""pattern"", ""filter_label"": ""패턴/무늬"", ""filter_value"": ""UkBJuUOWbLgc^YbhxtFSYTEGM"", ""category_name"": ""아우터"", ""filter_parameter"": ""attributePattern"", ""observation_type"": ""FILTER""}",2026-09-28 06:53:25.866475+00:00,2026-10-05 06:53:25.914222+00:00,2026-09-18 03:12:17.652768+00:00,2026-09-18 03:28:06.402602+00:00
167,musinsa_used,무신사 USED,musinsa_used [FILTER>패턴/무늬>컬러블록>아우터],RANKING,LIVE,True,10080,5,https://api.musinsa.com/api2/dp/v2/plp/goods?gf=A&attributePattern=UkBJuUOWbLgc%5EuBYH5gy8WZsj&sortCode=USED_SALE_PRICE_CHANGE_DATE&category=109002&size=30&testGroup=&ampGroup=&caller=CATEGORY&page=1&seen=0&seenAds=,"{""live"": true, ""limit"": 100, ""gender"": ""A"", ""page_size"": 100, ""sort_code"": ""USED_SALE_PRICE_CHANGE_DATE"", ""category_id"": ""109002"", ""filter_name"": ""컬러블록"", ""filter_type"": ""pattern"", ""filter_label"": ""패턴/무늬"", ""filter_value"": ""UkBJuUOWbLgc^uBYH5gy8WZsj"", ""category_name"": ""아우터"", ""filter_parameter"": ""attributePattern"", ""observation_type"": ""FILTER""}",2026-09-28 06:54:12.243808+00:00,2026-10-05 06:54:12.281836+00:00,2026-09-18 03:12:17.773259+00:00,2026-09-18 03:28:06.231755+00:00
168,musinsa_used,무신사 USED,musinsa_used [FILTER>패턴/무늬>체크>아우터],RANKING,LIVE,True,10080,5,https://api.musinsa.com/api2/dp/v2/plp/goods?gf=A&attributePattern=UkBJuUOWbLgc%5E28crelau1gpm&sortCode=USED_SALE_PRICE_CHANGE_DATE&category=109002&size=30&testGroup=&ampGroup=&caller=CATEGORY&page=1&seen=0&seenAds=,"{""live"": true, ""limit"": 100, ""gender"": ""A"", ""page_size"": 100, ""sort_code"": ""USED_SALE_PRICE_CHANGE_DATE"", ""category_id"": ""109002"", ""filter_name"": ""체크"", ""filter_type"": ""pattern"", ""filter_label"": ""패턴/무늬"", ""filter_value"": ""UkBJuUOWbLgc^28crelau1gpm"", ""category_name"": ""아우터"", ""filter_parameter"": ""attributePattern"", ""observation_type"": ""FILTER""}",2026-09-28 06:54:53.740522+00:00,2026-10-05 06:54:53.798865+00:00,2026-09-18 03:12:17.895351+00:00,2026-09-18 03:28:06.304589+00:00
169,musinsa_used,무신사 USED,musinsa_used [FILTER>패턴/무늬>아가일>아우터],RANKING,LIVE,True,10080,5,https://api.musinsa.com/api2/dp/v2/plp/goods?gf=A&attributePattern=UkBJuUOWbLgc%5E5EpJbPkbald4&sortCode=USED_SALE_PRICE_CHANGE_DATE&category=109002&size=30&testGroup=&ampGroup=&caller=CATEGORY&page=1&seen=0&seenAds=,"{""live"": true, ""limit"": 100, ""gender"": ""A"", ""page_size"": 100, ""sort_code"": ""USED_SALE_PRICE_CHANGE_DATE"", ""category_id"": ""109002"", ""filter_name"": ""아가일"", ""filter_type"": ""pattern"", ""filter_label"": ""패턴/무늬"", ""filter_value"": ""UkBJuUOWbLgc^5EpJbPkbald4"", ""category_name"": ""아우터"", ""filter_parameter"": ""attributePattern"", ""observation_type"": ""FILTER""}",2026-09-28 06:54:59.324949+00:00,2026-10-05 06:54:59.358505+00:00,2026-09-18 03:12:18.004625+00:00,2026-09-18 03:28:06.884401+00:00
170,musinsa_used,무신사 USED,musinsa_used [FILTER>패턴/무늬>플라워>아우터],RANKING,LIVE,True,10080,5,https://api.musinsa.com/api2/dp/v2/plp/goods?gf=A&attributePattern=UkBJuUOWbLgc%5ETuYRkFqID44S&sortCode=USED_SALE_PRICE_CHANGE_DATE&category=109002&size=30&testGroup=&ampGroup=&caller=CATEGORY&page=1&seen=0&seenAds=,"{""live"": true, ""limit"": 100, ""gender"": ""A"", ""page_size"": 100, ""sort_code"": ""USED_SALE_PRICE_CHANGE_DATE"", ""category_id"": ""109002"", ""filter_name"": ""플라워"", ""filter_type"": ""pattern"", ""filter_label"": ""패턴/무늬"", ""filter_value"": ""UkBJuUOWbLgc^TuYRkFqID44S"", ""category_name"": ""아우터"", ""filter_parameter"": ""attributePattern"", ""observation_type"": ""FILTER""}",2026-09-28 06:55:03.687976+00:00,2026-10-05 06:55:03.718908+00:00,2026-09-18 03:12:18.100468+00:00,2026-09-18 03:28:06.484966+00:00
171,musinsa_used,무신사 USED,musinsa_used [FILTER>패턴/무늬>그라데이션>아우터],RANKING,LIVE,True,10080,5,https://api.musinsa.com/api2/dp/v2/plp/goods?gf=A&attributePattern=UkBJuUOWbLgc%5EKgqPH34X05eo&sortCode=USED_SALE_PRICE_CHANGE_DATE&category=109002&size=30&testGroup=&ampGroup=&caller=CATEGORY&page=1&seen=0&seenAds=,"{""live"": true, ""limit"": 100, ""gender"": ""A"", ""page_size"": 100, ""sort_code"": ""USED_SALE_PRICE_CHANGE_DATE"", ""category_id"": ""109002"", ""filter_name"": ""그라데이션"", ""filter_type"": ""pattern"", ""filter_label"": ""패턴/무늬"", ""filter_value"": ""UkBJuUOWbLgc^KgqPH34X05eo"", ""category_name"": ""아우터"", ""filter_parameter"": ""attributePattern"", ""observation_type"": ""FILTER""}",2026-09-28 06:55:04.933850+00:00,2026-10-05 06:55:04.970567+00:00,2026-09-18 03:12:18.219694+00:00,2026-09-18 03:12:18.219708+00:00
172,musinsa_used,무신사 USED,musinsa_used [FILTER>패턴/무늬>디스트로이드>아우터],RANKING,LIVE,True,10080,5,https://api.musinsa.com/api2/dp/v2/plp/goods?gf=A&attributePattern=UkBJuUOWbLgc%5EJtoTaJGxjrSV&sortCode=USED_SALE_PRICE_CHANGE_DATE&category=109002&size=30&testGroup=&ampGroup=&caller=CATEGORY&page=1&seen=0&seenAds=,"{""live"": true, ""limit"": 100, ""gender"": ""A"", ""page_size"": 100, ""sort_code"": ""USED_SALE_PRICE_CHANGE_DATE"", ""category_id"": ""109002"", ""filter_name"": ""디스트로이드"", ""filter_type"": ""pattern"", ""filter_label"": ""패턴/무늬"", ""filter_value"": ""UkBJuUOWbLgc^JtoTaJGxjrSV"", ""category_name"": ""아우터"", ""filter_parameter"": ""attributePattern"", ""observation_type"": ""FILTER""}",2026-09-28 06:55:06.433455+00:00,2026-10-05 06:55:06.479002+00:00,2026-09-18 03:12:18.321320+00:00,2026-09-18 03:12:18.321340+00:00
173,musinsa_used,무신사 USED,musinsa_used [FILTER>패턴/무늬>애니멀패턴>아우터],RANKING,LIVE,True,10080,5,https://api.musinsa.com/api2/dp/v2/plp/goods?gf=A&attributePattern=UkBJuUOWbLgc%5EJubJhUVJfISk&sortCode=USED_SALE_PRICE_CHANGE_DATE&category=109002&size=30&testGroup=&ampGroup=&caller=CATEGORY&page=1&seen=0&seenAds=,"{""live"": true, ""limit"": 100, ""gender"": ""A"", ""page_size"": 100, ""sort_code"": ""USED_SALE_PRICE_CHANGE_DATE"", ""category_id"": ""109002"", ""filter_name"": ""애니멀패턴"", ""filter_type"": ""pattern"", ""filter_label"": ""패턴/무늬"", ""filter_value"": ""UkBJuUOWbLgc^JubJhUVJfISk"", ""category_name"": ""아우터"", ""filter_parameter"": ""attributePattern"", ""observation_type"": ""FILTER""}",2026-09-28 06:55:10.564520+00:00,2026-10-05 06:55:10.612078+00:00,2026-09-18 03:12:18.427493+00:00,2026-09-18 03:28:06.955508+00:00
174,musinsa_used,무신사 USED,musinsa_used [FILTER>패턴/무늬>도트>아우터],RANKING,LIVE,True,10080,5,https://api.musinsa.com/api2/dp/v2/plp/goods?gf=A&attributePattern=UkBJuUOWbLgc%5Egv91Cmjk48cR&sortCode=USED_SALE_PRICE_CHANGE_DATE&category=109002&size=30&testGroup=&ampGroup=&caller=CATEGORY&page=1&seen=0&seenAds=,"{""live"": true, ""limit"": 100, ""gender"": ""A"", ""page_size"": 100, ""sort_code"": ""USED_SALE_PRICE_CHANGE_DATE"", ""category_id"": ""109002"", ""filter_name"": ""도트"", ""filter_type"": ""pattern"", ""filter_label"": ""패턴/무늬"", ""filter_value"": ""UkBJuUOWbLgc^gv91Cmjk48cR"", ""category_name"": ""아우터"", ""filter_parameter"": ""attributePattern"", ""observation_type"": ""FILTER""}",2026-09-28 06:55:13.256405+00:00,2026-10-05 06:55:13.298965+00:00,2026-09-18 03:12:18.522570+00:00,2026-09-18 03:12:18.522582+00:00
175,musinsa_used,무신사 USED,musinsa_used [FILTER>패턴/무늬>카모플라쥬>아우터],RANKING,LIVE,True,10080,5,https://api.musinsa.com/api2/dp/v2/plp/goods?gf=A&attributePattern=UkBJuUOWbLgc%5EOhggxkPatzUL&sortCode=USED_SALE_PRICE_CHANGE_DATE&category=109002&size=30&testGroup=&ampGroup=&caller=CATEGORY&page=1&seen=0&seenAds=,"{""live"": true, ""limit"": 100, ""gender"": ""A"", ""page_size"": 100, ""sort_code"": ""USED_SALE_PRICE_CHANGE_DATE"", ""category_id"": ""109002"", ""filter_name"": ""카모플라쥬"", ""filter_type"": ""pattern"", ""filter_label"": ""패턴/무늬"", ""filter_value"": ""UkBJuUOWbLgc^OhggxkPatzUL"", ""category_name"": ""아우터"", ""filter_parameter"": ""attributePattern"", ""observation_type"": ""FILTER""}",2026-09-28 06:55:18.052316+00:00,2026-10-05 06:55:18.092410+00:00,2026-09-18 03:12:18.624506+00:00,2026-09-18 03:28:06.565902+00:00
176,musinsa_used,무신사 USED,musinsa_used [FILTER>패턴/무늬>가먼트 다잉>아우터],RANKING,LIVE,True,10080,5,https://api.musinsa.com/api2/dp/v2/plp/goods?gf=A&attributePattern=UkBJuUOWbLgc%5EThLgF0I2xk9W&sortCode=USED_SALE_PRICE_CHANGE_DATE&category=109002&size=30&testGroup=&ampGroup=&caller=CATEGORY&page=1&seen=0&seenAds=,"{""live"": true, ""limit"": 100, ""gender"": ""A"", ""page_size"": 100, ""sort_code"": ""USED_SALE_PRICE_CHANGE_DATE"", ""category_id"": ""109002"", ""filter_name"": ""가먼트 다잉"", ""filter_type"": ""pattern"", ""filter_label"": ""패턴/무늬"", ""filter_value"": ""UkBJuUOWbLgc^ThLgF0I2xk9W"", ""category_name"": ""아우터"", ""filter_parameter"": ""attributePattern"", ""observation_type"": ""FILTER""}",2026-09-28 06:55:19.401725+00:00,2026-10-05 06:55:19.437058+00:00,2026-09-18 03:12:18.723488+00:00,2026-09-18 03:12:18.723503+00:00
177,musinsa_used,무신사 USED,musinsa_used [FILTER>패턴/무늬>하운드투스>아우터],RANKING,LIVE,True,10080,5,https://api.musinsa.com/api2/dp/v2/plp/goods?gf=A&attributePattern=UkBJuUOWbLgc%5ECFd4dcvCquhm&sortCode=USED_SALE_PRICE_CHANGE_DATE&category=109002&size=30&testGroup=&ampGroup=&caller=CATEGORY&page=1&seen=0&seenAds=,"{""live"": true, ""limit"": 100, ""gender"": ""A"", ""page_size"": 100, ""sort_code"": ""USED_SALE_PRICE_CHANGE_DATE"", ""category_id"": ""109002"", ""filter_name"": ""하운드투스"", ""filter_type"": ""pattern"", ""filter_label"": ""패턴/무늬"", ""filter_value"": ""UkBJuUOWbLgc^CFd4dcvCquhm"", ""category_name"": ""아우터"", ""filter_parameter"": ""attributePattern"", ""observation_type"": ""FILTER""}",2026-09-28 06:55:21.211830+00:00,2026-10-05 06:55:21.597807+00:00,2026-09-18 03:12:18.821347+00:00,2026-09-18 03:12:18.821376+00:00
178,musinsa_used,무신사 USED,musinsa_used [FILTER>패턴/무늬>헤링본>아우터],RANKING,LIVE,True,10080,5,https://api.musinsa.com/api2/dp/v2/plp/goods?gf=A&attributePattern=UkBJuUOWbLgc%5Er5K0zCg8jGiF&sortCode=USED_SALE_PRICE_CHANGE_DATE&category=109002&size=30&testGroup=&ampGroup=&caller=CATEGORY&page=1&seen=0&seenAds=,"{""live"": true, ""limit"": 100, ""gender"": ""A"", ""page_size"": 100, ""sort_code"": ""USED_SALE_PRICE_CHANGE_DATE"", ""category_id"": ""109002"", ""filter_name"": ""헤링본"", ""filter_type"": ""pattern"", ""filter_label"": ""패턴/무늬"", ""filter_value"": ""UkBJuUOWbLgc^r5K0zCg8jGiF"", ""category_name"": ""아우터"", ""filter_parameter"": ""attributePattern"", ""observation_type"": ""FILTER""}",2026-09-28 06:55:29.591324+00:00,2026-10-05 06:55:30.060455+00:00,2026-09-18 03:12:18.941375+00:00,2026-09-18 03:28:06.810757+00:00
179,musinsa_used,무신사 USED,musinsa_used [FILTER>패턴/무늬>타이다이>아우터],RANKING,LIVE,True,10080,5,https://api.musinsa.com/api2/dp/v2/plp/goods?gf=A&attributePattern=UkBJuUOWbLgc%5Eln9XgwTNBc6g&sortCode=USED_SALE_PRICE_CHANGE_DATE&category=109002&size=30&testGroup=&ampGroup=&caller=CATEGORY&page=1&seen=0&seenAds=,"{""live"": true, ""limit"": 100, ""gender"": ""A"", ""page_size"": 100, ""sort_code"": ""USED_SALE_PRICE_CHANGE_DATE"", ""category_id"": ""109002"", ""filter_name"": ""타이다이"", ""filter_type"": ""pattern"", ""filter_label"": ""패턴/무늬"", ""filter_value"": ""UkBJuUOWbLgc^ln9XgwTNBc6g"", ""category_name"": ""아우터"", ""filter_parameter"": ""attributePattern"", ""observation_type"": ""FILTER""}",2026-09-28 06:55:33.684192+00:00,2026-10-05 06:55:33.717956+00:00,2026-09-18 03:12:19.054474+00:00,2026-09-18 03:12:19.054499+00:00
180,musinsa_used,무신사 USED,musinsa_used [FILTER>패턴/무늬>니트패널>아우터],RANKING,LIVE,True,10080,5,https://api.musinsa.com/api2/dp/v2/plp/goods?gf=A&attributePattern=UkBJuUOWbLgc%5EMr48cnkBO9S7&sortCode=USED_SALE_PRICE_CHANGE_DATE&category=109002&size=30&testGroup=&ampGroup=&caller=CATEGORY&page=1&seen=0&seenAds=,"{""live"": true, ""limit"": 100, ""gender"": ""A"", ""page_size"": 100, ""sort_code"": ""USED_SALE_PRICE_CHANGE_DATE"", ""category_id"": ""109002"", ""filter_name"": ""니트패널"", ""filter_type"": ""pattern"", ""filter_label"": ""패턴/무늬"", ""filter_value"": ""UkBJuUOWbLgc^Mr48cnkBO9S7"", ""category_name"": ""아우터"", ""filter_parameter"": ""attributePattern"", ""observation_type"": ""FILTER""}",2026-09-28 06:55:35.069950+00:00,2026-10-05 06:55:35.099566+00:00,2026-09-18 03:12:19.160467+00:00,2026-09-18 03:12:19.160486+00:00
181,musinsa_used,무신사 USED,musinsa_used [FILTER>패턴/무늬>체커보드>아우터],RANKING,LIVE,True,10080,5,https://api.musinsa.com/api2/dp/v2/plp/goods?gf=A&attributePattern=UkBJuUOWbLgc%5EtytNCQTzb6Rv&sortCode=USED_SALE_PRICE_CHANGE_DATE&category=109002&size=30&testGroup=&ampGroup=&caller=CATEGORY&page=1&seen=0&seenAds=,"{""live"": true, ""limit"": 100, ""gender"": ""A"", ""page_size"": 100, ""sort_code"": ""USED_SALE_PRICE_CHANGE_DATE"", ""category_id"": ""109002"", ""filter_name"": ""체커보드"", ""filter_type"": ""pattern"", ""filter_label"": ""패턴/무늬"", ""filter_value"": ""UkBJuUOWbLgc^tytNCQTzb6Rv"", ""category_name"": ""아우터"", ""filter_parameter"": ""attributePattern"", ""observation_type"": ""FILTER""}",2026-09-28 06:55:37.778985+00:00,2026-10-05 06:55:37.811325+00:00,2026-09-18 03:12:19.271654+00:00,2026-09-18 03:28:06.738513+00:00
182,musinsa_used,무신사 USED,musinsa_used [FILTER>패턴/무늬>페이즐리>아우터],RANKING,LIVE,True,10080,5,https://api.musinsa.com/api2/dp/v2/plp/goods?gf=A&attributePattern=UkBJuUOWbLgc%5EbJeZa9JjVOQP&sortCode=USED_SALE_PRICE_CHANGE_DATE&category=109002&size=30&testGroup=&ampGroup=&caller=CATEGORY&page=1&seen=0&seenAds=,"{""live"": true, ""limit"": 100, ""gender"": ""A"", ""page_size"": 100, ""sort_code"": ""USED_SALE_PRICE_CHANGE_DATE"", ""category_id"": ""109002"", ""filter_name"": ""페이즐리"", ""filter_type"": ""pattern"", ""filter_label"": ""패턴/무늬"", ""filter_value"": ""UkBJuUOWbLgc^bJeZa9JjVOQP"", ""category_name"": ""아우터"", ""filter_parameter"": ""attributePattern"", ""observation_type"": ""FILTER""}",2026-09-28 06:55:40.527863+00:00,2026-10-05 06:55:40.568185+00:00,2026-09-18 03:12:19.386129+00:00,2026-09-18 03:28:06.661213+00:00
183,musinsa_used,무신사 USED,musinsa_used [FILTER>패턴/무늬>캐릭터>아우터],RANKING,LIVE,True,10080,5,https://api.musinsa.com/api2/dp/v2/plp/goods?gf=A&attributePattern=UkBJuUOWbLgc%5EAfrFDPnpKGwM&sortCode=USED_SALE_PRICE_CHANGE_DATE&category=109002&size=30&testGroup=&ampGroup=&caller=CATEGORY&page=1&seen=0&seenAds=,"{""live"": true, ""limit"": 100, ""gender"": ""A"", ""page_size"": 100, ""sort_code"": ""USED_SALE_PRICE_CHANGE_DATE"", ""category_id"": ""109002"", ""filter_name"": ""캐릭터"", ""filter_type"": ""pattern"", ""filter_label"": ""패턴/무늬"", ""filter_value"": ""UkBJuUOWbLgc^AfrFDPnpKGwM"", ""category_name"": ""아우터"", ""filter_parameter"": ""attributePattern"", ""observation_type"": ""FILTER""}",2026-09-28 06:55:41.793170+00:00,2026-10-05 06:55:41.827187+00:00,2026-09-18 03:12:19.508940+00:00,2026-09-18 03:12:19.508957+00:00
184,musinsa_used,무신사 USED,musinsa_used [FILTER>패턴/무늬>패치워크>아우터],RANKING,LIVE,True,10080,5,https://api.musinsa.com/api2/dp/v2/plp/goods?gf=A&attributePattern=UkBJuUOWbLgc%5EXM6n7zS0xuY8&sortCode=USED_SALE_PRICE_CHANGE_DATE&category=109002&size=30&testGroup=&ampGroup=&caller=CATEGORY&page=1&seen=0&seenAds=,"{""live"": true, ""limit"": 100, ""gender"": ""A"", ""page_size"": 100, ""sort_code"": ""USED_SALE_PRICE_CHANGE_DATE"", ""category_id"": ""109002"", ""filter_name"": ""패치워크"", ""filter_type"": ""pattern"", ""filter_label"": ""패턴/무늬"", ""filter_value"": ""UkBJuUOWbLgc^XM6n7zS0xuY8"", ""category_name"": ""아우터"", ""filter_parameter"": ""attributePattern"", ""observation_type"": ""FILTER""}",2026-09-28 06:55:42.930609+00:00,2026-10-05 06:55:42.968640+00:00,2026-09-18 03:12:19.620781+00:00,2026-09-18 03:12:19.620809+00:00
185,musinsa_used,무신사 USED,musinsa_used [FILTER>핏>기본>아우터],RANKING,LIVE,True,10080,5,https://api.musinsa.com/api2/dp/v2/plp/goods?gf=A&attributeFit=g_fit%5Ex7imVBxHnpKM&sortCode=USED_SALE_PRICE_CHANGE_DATE&category=109002&size=30&testGroup=&ampGroup=&caller=CATEGORY&page=1&seen=0&seenAds=,"{""live"": true, ""limit"": 100, ""gender"": ""A"", ""page_size"": 100, ""sort_code"": ""USED_SALE_PRICE_CHANGE_DATE"", ""category_id"": ""109002"", ""filter_name"": ""기본"", ""filter_type"": ""fit"", ""filter_label"": ""핏"", ""filter_value"": ""g_fit^x7imVBxHnpKM"", ""category_name"": ""아우터"", ""filter_parameter"": ""attributeFit"", ""observation_type"": ""FILTER""}",2026-09-28 06:59:20.676866+00:00,2026-10-05 06:59:20.748091+00:00,2026-09-18 03:12:19.738909+00:00,2026-09-18 03:28:09.981753+00:00
186,musinsa_used,무신사 USED,musinsa_used [FILTER>핏>오버>아우터],RANKING,LIVE,True,10080,5,https://api.musinsa.com/api2/dp/v2/plp/goods?gf=A&attributeFit=g_fit%5ES5JWveeUyrw4&sortCode=USED_SALE_PRICE_CHANGE_DATE&category=109002&size=30&testGroup=&ampGroup=&caller=CATEGORY&page=1&seen=0&seenAds=,"{""live"": true, ""limit"": 100, ""gender"": ""A"", ""page_size"": 100, ""sort_code"": ""USED_SALE_PRICE_CHANGE_DATE"", ""category_id"": ""109002"", ""filter_name"": ""오버"", ""filter_type"": ""fit"", ""filter_label"": ""핏"", ""filter_value"": ""g_fit^S5JWveeUyrw4"", ""category_name"": ""아우터"", ""filter_parameter"": ""attributeFit"", ""observation_type"": ""FILTER""}",2026-09-28 07:01:56.813352+00:00,2026-10-05 07:01:56.846178+00:00,2026-09-18 03:12:19.842665+00:00,2026-09-18 03:28:10.048576+00:00
187,musinsa_used,무신사 USED,musinsa_used [FILTER>핏>와이드>아우터],RANKING,LIVE,True,10080,5,https://api.musinsa.com/api2/dp/v2/plp/goods?gf=A&attributeFit=g_fit%5E1G1BTZmN9RnS&sortCode=USED_SALE_PRICE_CHANGE_DATE&category=109002&size=30&testGroup=&ampGroup=&caller=CATEGORY&page=1&seen=0&seenAds=,"{""live"": true, ""limit"": 100, ""gender"": ""A"", ""page_size"": 100, ""sort_code"": ""USED_SALE_PRICE_CHANGE_DATE"", ""category_id"": ""109002"", ""filter_name"": ""와이드"", ""filter_type"": ""fit"", ""filter_label"": ""핏"", ""filter_value"": ""g_fit^1G1BTZmN9RnS"", ""category_name"": ""아우터"", ""filter_parameter"": ""attributeFit"", ""observation_type"": ""FILTER""}",2026-09-28 07:01:58.115682+00:00,2026-10-05 07:01:58.163167+00:00,2026-09-18 03:12:19.953567+00:00,2026-09-18 03:12:19.953587+00:00
188,musinsa_used,무신사 USED,musinsa_used [FILTER>핏>스트레이트>아우터],RANKING,LIVE,True,10080,5,https://api.musinsa.com/api2/dp/v2/plp/goods?gf=A&attributeFit=g_fit%5EN5LCh096O1MN&sortCode=USED_SALE_PRICE_CHANGE_DATE&category=109002&size=30&testGroup=&ampGroup=&caller=CATEGORY&page=1&seen=0&seenAds=,"{""live"": true, ""limit"": 100, ""gender"": ""A"", ""page_size"": 100, ""sort_code"": ""USED_SALE_PRICE_CHANGE_DATE"", ""category_id"": ""109002"", ""filter_name"": ""스트레이트"", ""filter_type"": ""fit"", ""filter_label"": ""핏"", ""filter_value"": ""g_fit^N5LCh096O1MN"", ""category_name"": ""아우터"", ""filter_parameter"": ""attributeFit"", ""observation_type"": ""FILTER""}",2026-09-28 07:02:00.030183+00:00,2026-10-05 07:02:00.111576+00:00,2026-09-18 03:12:20.072392+00:00,2026-09-18 03:12:20.072405+00:00
189,musinsa_used,무신사 USED,musinsa_used [FILTER>핏>슬림>아우터],RANKING,LIVE,True,10080,5,https://api.musinsa.com/api2/dp/v2/plp/goods?gf=A&attributeFit=g_fit%5E1ev2RqRx5OKT&sortCode=USED_SALE_PRICE_CHANGE_DATE&category=109002&size=30&testGroup=&ampGroup=&caller=CATEGORY&page=1&seen=0&seenAds=,"{""live"": true, ""limit"": 100, ""gender"": ""A"", ""page_size"": 100, ""sort_code"": ""USED_SALE_PRICE_CHANGE_DATE"", ""category_id"": ""109002"", ""filter_name"": ""슬림"", ""filter_type"": ""fit"", ""filter_label"": ""핏"", ""filter_value"": ""g_fit^1ev2RqRx5OKT"", ""category_name"": ""아우터"", ""filter_parameter"": ""attributeFit"", ""observation_type"": ""FILTER""}",2026-09-28 07:03:23.840594+00:00,2026-10-05 07:03:23.882853+00:00,2026-09-18 03:12:20.191119+00:00,2026-09-18 03:28:10.123967+00:00
190,musinsa_used,무신사 USED,musinsa_used [FILTER>핏>테이퍼드>아우터],RANKING,LIVE,True,10080,5,https://api.musinsa.com/api2/dp/v2/plp/goods?gf=A&attributeFit=g_fit%5EJzpcZkg1YWBw&sortCode=USED_SALE_PRICE_CHANGE_DATE&category=109002&size=30&testGroup=&ampGroup=&caller=CATEGORY&page=1&seen=0&seenAds=,"{""live"": true, ""limit"": 100, ""gender"": ""A"", ""page_size"": 100, ""sort_code"": ""USED_SALE_PRICE_CHANGE_DATE"", ""category_id"": ""109002"", ""filter_name"": ""테이퍼드"", ""filter_type"": ""fit"", ""filter_label"": ""핏"", ""filter_value"": ""g_fit^JzpcZkg1YWBw"", ""category_name"": ""아우터"", ""filter_parameter"": ""attributeFit"", ""observation_type"": ""FILTER""}",2026-09-28 07:03:25.284453+00:00,2026-10-05 07:03:25.327678+00:00,2026-09-18 03:12:20.306080+00:00,2026-09-18 03:12:20.306095+00:00
191,musinsa_used,무신사 USED,musinsa_used [FILTER>핏>부츠컷>아우터],RANKING,LIVE,True,10080,5,https://api.musinsa.com/api2/dp/v2/plp/goods?gf=A&attributeFit=g_fit%5ESfRNI13wsS0E&sortCode=USED_SALE_PRICE_CHANGE_DATE&category=109002&size=30&testGroup=&ampGroup=&caller=CATEGORY&page=1&seen=0&seenAds=,"{""live"": true, ""limit"": 100, ""gender"": ""A"", ""page_size"": 100, ""sort_code"": ""USED_SALE_PRICE_CHANGE_DATE"", ""category_id"": ""109002"", ""filter_name"": ""부츠컷"", ""filter_type"": ""fit"", ""filter_label"": ""핏"", ""filter_value"": ""g_fit^SfRNI13wsS0E"", ""category_name"": ""아우터"", ""filter_parameter"": ""attributeFit"", ""observation_type"": ""FILTER""}",2026-09-28 07:03:26.573129+00:00,2026-10-05 07:03:26.608688+00:00,2026-09-18 03:12:20.415929+00:00,2026-09-18 03:12:20.415943+00:00
192,musinsa_used,무신사 USED,musinsa_used [FILTER>핏>배기>아우터],RANKING,LIVE,True,10080,5,https://api.musinsa.com/api2/dp/v2/plp/goods?gf=A&attributeFit=g_fit%5ECsiPJVvpAAEz&sortCode=USED_SALE_PRICE_CHANGE_DATE&category=109002&size=30&testGroup=&ampGroup=&caller=CATEGORY&page=1&seen=0&seenAds=,"{""live"": true, ""limit"": 100, ""gender"": ""A"", ""page_size"": 100, ""sort_code"": ""USED_SALE_PRICE_CHANGE_DATE"", ""category_id"": ""109002"", ""filter_name"": ""배기"", ""filter_type"": ""fit"", ""filter_label"": ""핏"", ""filter_value"": ""g_fit^CsiPJVvpAAEz"", ""category_name"": ""아우터"", ""filter_parameter"": ""attributeFit"", ""observation_type"": ""FILTER""}",2026-09-28 07:03:27.948103+00:00,2026-10-05 07:03:27.997458+00:00,2026-09-18 03:12:20.539084+00:00,2026-09-18 03:12:20.539108+00:00
193,musinsa_used,무신사 USED,musinsa_used [FILTER>핏>조거>아우터],RANKING,LIVE,True,10080,5,https://api.musinsa.com/api2/dp/v2/plp/goods?gf=A&attributeFit=g_fit%5E3UJZaBRKjYqI&sortCode=USED_SALE_PRICE_CHANGE_DATE&category=109002&size=30&testGroup=&ampGroup=&caller=CATEGORY&page=1&seen=0&seenAds=,"{""live"": true, ""limit"": 100, ""gender"": ""A"", ""page_size"": 100, ""sort_code"": ""USED_SALE_PRICE_CHANGE_DATE"", ""category_id"": ""109002"", ""filter_name"": ""조거"", ""filter_type"": ""fit"", ""filter_label"": ""핏"", ""filter_value"": ""g_fit^3UJZaBRKjYqI"", ""category_name"": ""아우터"", ""filter_parameter"": ""attributeFit"", ""observation_type"": ""FILTER""}",2026-09-28 07:03:29.365395+00:00,2026-10-05 07:03:29.405904+00:00,2026-09-18 03:12:20.653250+00:00,2026-09-18 03:12:20.653272+00:00
194,musinsa_used,무신사 USED,musinsa_used [FILTER>소재>면(코튼)>바지],RANKING,LIVE,True,10080,5,https://api.musinsa.com/api2/dp/v2/plp/goods?gf=A&attributeMaterial=g_material%5ErYIBGq2Ot2Qh&sortCode=USED_SALE_PRICE_CHANGE_DATE&category=109003&size=30&testGroup=&ampGroup=&caller=CATEGORY&page=1&seen=0&seenAds=,"{""live"": true, ""limit"": 100, ""gender"": ""A"", ""page_size"": 100, ""sort_code"": ""USED_SALE_PRICE_CHANGE_DATE"", ""category_id"": ""109003"", ""filter_name"": ""면(코튼)"", ""filter_type"": ""material"", ""filter_label"": ""소재"", ""filter_value"": ""g_material^rYIBGq2Ot2Qh"", ""category_name"": ""바지"", ""filter_parameter"": ""attributeMaterial"", ""observation_type"": ""FILTER""}",2026-09-28 07:07:58.712549+00:00,2026-10-05 07:07:58.768140+00:00,2026-09-18 03:12:20.769288+00:00,2026-09-18 03:12:20.769307+00:00
195,musinsa_used,무신사 USED,musinsa_used [FILTER>소재>니트>바지],RANKING,LIVE,True,10080,5,https://api.musinsa.com/api2/dp/v2/plp/goods?gf=A&attributeMaterial=g_material%5EJil9msfdxIv5&sortCode=USED_SALE_PRICE_CHANGE_DATE&category=109003&size=30&testGroup=&ampGroup=&caller=CATEGORY&page=1&seen=0&seenAds=,"{""live"": true, ""limit"": 100, ""gender"": ""A"", ""page_size"": 100, ""sort_code"": ""USED_SALE_PRICE_CHANGE_DATE"", ""category_id"": ""109003"", ""filter_name"": ""니트"", ""filter_type"": ""material"", ""filter_label"": ""소재"", ""filter_value"": ""g_material^Jil9msfdxIv5"", ""category_name"": ""바지"", ""filter_parameter"": ""attributeMaterial"", ""observation_type"": ""FILTER""}",2026-09-28 07:08:00.162798+00:00,2026-10-05 07:08:00.245043+00:00,2026-09-18 03:12:20.882130+00:00,2026-09-18 03:12:20.882145+00:00
196,musinsa_used,무신사 USED,musinsa_used [FILTER>소재>폴리에스테르>바지],RANKING,LIVE,True,10080,5,https://api.musinsa.com/api2/dp/v2/plp/goods?gf=A&attributeMaterial=g_material%5ERedzeswVYYOa&sortCode=USED_SALE_PRICE_CHANGE_DATE&category=109003&size=30&testGroup=&ampGroup=&caller=CATEGORY&page=1&seen=0&seenAds=,"{""live"": true, ""limit"": 100, ""gender"": ""A"", ""page_size"": 100, ""sort_code"": ""USED_SALE_PRICE_CHANGE_DATE"", ""category_id"": ""109003"", ""filter_name"": ""폴리에스테르"", ""filter_type"": ""material"", ""filter_label"": ""소재"", ""filter_value"": ""g_material^RedzeswVYYOa"", ""category_name"": ""바지"", ""filter_parameter"": ""attributeMaterial"", ""observation_type"": ""FILTER""}",2026-09-28 07:14:30.095617+00:00,2026-10-05 07:14:30.154592+00:00,2026-09-18 03:12:20.996533+00:00,2026-09-18 03:12:20.996545+00:00
197,musinsa_used,무신사 USED,musinsa_used [FILTER>소재>아크릴>바지],RANKING,LIVE,True,10080,5,https://api.musinsa.com/api2/dp/v2/plp/goods?gf=A&attributeMaterial=g_material%5ErMpeCJlgNjp1&sortCode=USED_SALE_PRICE_CHANGE_DATE&category=109003&size=30&testGroup=&ampGroup=&caller=CATEGORY&page=1&seen=0&seenAds=,"{""live"": true, ""limit"": 100, ""gender"": ""A"", ""page_size"": 100, ""sort_code"": ""USED_SALE_PRICE_CHANGE_DATE"", ""category_id"": ""109003"", ""filter_name"": ""아크릴"", ""filter_type"": ""material"", ""filter_label"": ""소재"", ""filter_value"": ""g_material^rMpeCJlgNjp1"", ""category_name"": ""바지"", ""filter_parameter"": ""attributeMaterial"", ""observation_type"": ""FILTER""}",2026-09-28 07:14:31.608796+00:00,2026-10-05 07:14:31.671950+00:00,2026-09-18 03:12:21.100050+00:00,2026-09-18 03:12:21.100068+00:00
198,musinsa_used,무신사 USED,musinsa_used [FILTER>소재>나일론>바지],RANKING,LIVE,True,10080,5,https://api.musinsa.com/api2/dp/v2/plp/goods?gf=A&attributeMaterial=g_material%5EvGbOb7CVby3q&sortCode=USED_SALE_PRICE_CHANGE_DATE&category=109003&size=30&testGroup=&ampGroup=&caller=CATEGORY&page=1&seen=0&seenAds=,"{""live"": true, ""limit"": 100, ""gender"": ""A"", ""page_size"": 100, ""sort_code"": ""USED_SALE_PRICE_CHANGE_DATE"", ""category_id"": ""109003"", ""filter_name"": ""나일론"", ""filter_type"": ""material"", ""filter_label"": ""소재"", ""filter_value"": ""g_material^vGbOb7CVby3q"", ""category_name"": ""바지"", ""filter_parameter"": ""attributeMaterial"", ""observation_type"": ""FILTER""}",2026-09-28 07:20:58.559437+00:00,2026-10-05 07:20:58.602628+00:00,2026-09-18 03:12:21.211529+00:00,2026-09-18 03:12:21.211552+00:00
199,musinsa_used,무신사 USED,musinsa_used [FILTER>소재>울/모>바지],RANKING,LIVE,True,10080,5,https://api.musinsa.com/api2/dp/v2/plp/goods?gf=A&attributeMaterial=g_material%5EUBSB4AP5JfAA&sortCode=USED_SALE_PRICE_CHANGE_DATE&category=109003&size=30&testGroup=&ampGroup=&caller=CATEGORY&page=1&seen=0&seenAds=,"{""live"": true, ""limit"": 100, ""gender"": ""A"", ""page_size"": 100, ""sort_code"": ""USED_SALE_PRICE_CHANGE_DATE"", ""category_id"": ""109003"", ""filter_name"": ""울/모"", ""filter_type"": ""material"", ""filter_label"": ""소재"", ""filter_value"": ""g_material^UBSB4AP5JfAA"", ""category_name"": ""바지"", ""filter_parameter"": ""attributeMaterial"", ""observation_type"": ""FILTER""}",2026-09-28 07:21:43.968401+00:00,2026-10-05 07:21:44.006303+00:00,2026-09-18 03:12:21.323775+00:00,2026-09-18 03:12:21.323815+00:00
200,musinsa_used,무신사 USED,musinsa_used [FILTER>소재>스판덱스>바지],RANKING,LIVE,True,10080,5,https://api.musinsa.com/api2/dp/v2/plp/goods?gf=A&attributeMaterial=g_material%5EHLlXIp8L4jxF&sortCode=USED_SALE_PRICE_CHANGE_DATE&category=109003&size=30&testGroup=&ampGroup=&caller=CATEGORY&page=1&seen=0&seenAds=,"{""live"": true, ""limit"": 100, ""gender"": ""A"", ""page_size"": 100, ""sort_code"": ""USED_SALE_PRICE_CHANGE_DATE"", ""category_id"": ""109003"", ""filter_name"": ""스판덱스"", ""filter_type"": ""material"", ""filter_label"": ""소재"", ""filter_value"": ""g_material^HLlXIp8L4jxF"", ""category_name"": ""바지"", ""filter_parameter"": ""attributeMaterial"", ""observation_type"": ""FILTER""}",2026-09-28 07:22:09.035082+00:00,2026-10-05 07:22:09.082047+00:00,2026-09-18 03:12:21.434201+00:00,2026-09-18 03:12:21.434223+00:00
201,musinsa_used,무신사 USED,musinsa_used [FILTER>소재>레이온/인견>바지],RANKING,LIVE,True,10080,5,https://api.musinsa.com/api2/dp/v2/plp/goods?gf=A&attributeMaterial=g_material%5EMQMwTUHYfilr&sortCode=USED_SALE_PRICE_CHANGE_DATE&category=109003&size=30&testGroup=&ampGroup=&caller=CATEGORY&page=1&seen=0&seenAds=,"{""live"": true, ""limit"": 100, ""gender"": ""A"", ""page_size"": 100, ""sort_code"": ""USED_SALE_PRICE_CHANGE_DATE"", ""category_id"": ""109003"", ""filter_name"": ""레이온/인견"", ""filter_type"": ""material"", ""filter_label"": ""소재"", ""filter_value"": ""g_material^MQMwTUHYfilr"", ""category_name"": ""바지"", ""filter_parameter"": ""attributeMaterial"", ""observation_type"": ""FILTER""}",2026-09-28 07:22:10.333685+00:00,2026-10-05 07:22:10.363401+00:00,2026-09-18 03:12:21.540072+00:00,2026-09-18 03:12:21.540092+00:00
202,musinsa_used,무신사 USED,musinsa_used [FILTER>소재>캐시미어>바지],RANKING,LIVE,True,10080,5,https://api.musinsa.com/api2/dp/v2/plp/goods?gf=A&attributeMaterial=g_material%5EgX22wnplycyJ&sortCode=USED_SALE_PRICE_CHANGE_DATE&category=109003&size=30&testGroup=&ampGroup=&caller=CATEGORY&page=1&seen=0&seenAds=,"{""live"": true, ""limit"": 100, ""gender"": ""A"", ""page_size"": 100, ""sort_code"": ""USED_SALE_PRICE_CHANGE_DATE"", ""category_id"": ""109003"", ""filter_name"": ""캐시미어"", ""filter_type"": ""material"", ""filter_label"": ""소재"", ""filter_value"": ""g_material^gX22wnplycyJ"", ""category_name"": ""바지"", ""filter_parameter"": ""attributeMaterial"", ""observation_type"": ""FILTER""}",2026-09-28 07:22:12.495907+00:00,2026-10-05 07:22:12.562553+00:00,2026-09-18 03:12:21.670478+00:00,2026-09-18 03:12:21.670495+00:00
203,musinsa_used,무신사 USED,musinsa_used [FILTER>소재>데님>바지],RANKING,LIVE,True,10080,5,https://api.musinsa.com/api2/dp/v2/plp/goods?gf=A&attributeMaterial=g_material%5E7hzHO7WT8tLe&sortCode=USED_SALE_PRICE_CHANGE_DATE&category=109003&size=30&testGroup=&ampGroup=&caller=CATEGORY&page=1&seen=0&seenAds=,"{""live"": true, ""limit"": 100, ""gender"": ""A"", ""page_size"": 100, ""sort_code"": ""USED_SALE_PRICE_CHANGE_DATE"", ""category_id"": ""109003"", ""filter_name"": ""데님"", ""filter_type"": ""material"", ""filter_label"": ""소재"", ""filter_value"": ""g_material^7hzHO7WT8tLe"", ""category_name"": ""바지"", ""filter_parameter"": ""attributeMaterial"", ""observation_type"": ""FILTER""}",2026-09-28 07:26:39.442255+00:00,2026-10-05 07:26:39.498823+00:00,2026-09-18 03:12:21.776903+00:00,2026-09-18 03:12:21.776916+00:00
204,musinsa_used,무신사 USED,musinsa_used [FILTER>소재>린넨>바지],RANKING,LIVE,True,10080,5,https://api.musinsa.com/api2/dp/v2/plp/goods?gf=A&attributeMaterial=g_material%5EQXm8shmCAi1j&sortCode=USED_SALE_PRICE_CHANGE_DATE&category=109003&size=30&testGroup=&ampGroup=&caller=CATEGORY&page=1&seen=0&seenAds=,"{""live"": true, ""limit"": 100, ""gender"": ""A"", ""page_size"": 100, ""sort_code"": ""USED_SALE_PRICE_CHANGE_DATE"", ""category_id"": ""109003"", ""filter_name"": ""린넨"", ""filter_type"": ""material"", ""filter_label"": ""소재"", ""filter_value"": ""g_material^QXm8shmCAi1j"", ""category_name"": ""바지"", ""filter_parameter"": ""attributeMaterial"", ""observation_type"": ""FILTER""}",2026-09-28 07:26:49.721108+00:00,2026-10-05 07:26:49.766356+00:00,2026-09-18 03:12:21.882890+00:00,2026-09-18 03:12:21.882901+00:00
205,musinsa_used,무신사 USED,musinsa_used [FILTER>소재>메시>바지],RANKING,LIVE,True,10080,5,https://api.musinsa.com/api2/dp/v2/plp/goods?gf=A&attributeMaterial=g_material%5EM64ETV0XqLvo&sortCode=USED_SALE_PRICE_CHANGE_DATE&category=109003&size=30&testGroup=&ampGroup=&caller=CATEGORY&page=1&seen=0&seenAds=,"{""live"": true, ""limit"": 100, ""gender"": ""A"", ""page_size"": 100, ""sort_code"": ""USED_SALE_PRICE_CHANGE_DATE"", ""category_id"": ""109003"", ""filter_name"": ""메시"", ""filter_type"": ""material"", ""filter_label"": ""소재"", ""filter_value"": ""g_material^M64ETV0XqLvo"", ""category_name"": ""바지"", ""filter_parameter"": ""attributeMaterial"", ""observation_type"": ""FILTER""}",2026-09-28 07:26:51.353869+00:00,2026-10-05 07:26:51.392374+00:00,2026-09-18 03:12:21.992054+00:00,2026-09-18 03:12:21.992072+00:00
206,musinsa_used,무신사 USED,musinsa_used [FILTER>소재>실크>바지],RANKING,LIVE,True,10080,5,https://api.musinsa.com/api2/dp/v2/plp/goods?gf=A&attributeMaterial=g_material%5ED0YHmjCqsXSb&sortCode=USED_SALE_PRICE_CHANGE_DATE&category=109003&size=30&testGroup=&ampGroup=&caller=CATEGORY&page=1&seen=0&seenAds=,"{""live"": true, ""limit"": 100, ""gender"": ""A"", ""page_size"": 100, ""sort_code"": ""USED_SALE_PRICE_CHANGE_DATE"", ""category_id"": ""109003"", ""filter_name"": ""실크"", ""filter_type"": ""material"", ""filter_label"": ""소재"", ""filter_value"": ""g_material^D0YHmjCqsXSb"", ""category_name"": ""바지"", ""filter_parameter"": ""attributeMaterial"", ""observation_type"": ""FILTER""}",2026-09-28 07:26:52.704934+00:00,2026-10-05 07:26:52.745619+00:00,2026-09-18 03:12:22.110855+00:00,2026-09-18 03:12:22.110876+00:00
207,musinsa_used,무신사 USED,musinsa_used [FILTER>소재>기모>바지],RANKING,LIVE,True,10080,5,https://api.musinsa.com/api2/dp/v2/plp/goods?gf=A&attributeMaterial=g_material%5EfZms24b7AKtm&sortCode=USED_SALE_PRICE_CHANGE_DATE&category=109003&size=30&testGroup=&ampGroup=&caller=CATEGORY&page=1&seen=0&seenAds=,"{""live"": true, ""limit"": 100, ""gender"": ""A"", ""page_size"": 100, ""sort_code"": ""USED_SALE_PRICE_CHANGE_DATE"", ""category_id"": ""109003"", ""filter_name"": ""기모"", ""filter_type"": ""material"", ""filter_label"": ""소재"", ""filter_value"": ""g_material^fZms24b7AKtm"", ""category_name"": ""바지"", ""filter_parameter"": ""attributeMaterial"", ""observation_type"": ""FILTER""}",2026-09-28 07:27:00.295565+00:00,2026-10-05 07:27:00.346843+00:00,2026-09-18 03:12:22.215540+00:00,2026-09-18 03:12:22.215559+00:00
208,musinsa_used,무신사 USED,musinsa_used [FILTER>소재>인조가죽>바지],RANKING,LIVE,True,10080,5,https://api.musinsa.com/api2/dp/v2/plp/goods?gf=A&attributeMaterial=g_material%5EatfL29ufp3Yy&sortCode=USED_SALE_PRICE_CHANGE_DATE&category=109003&size=30&testGroup=&ampGroup=&caller=CATEGORY&page=1&seen=0&seenAds=,"{""live"": true, ""limit"": 100, ""gender"": ""A"", ""page_size"": 100, ""sort_code"": ""USED_SALE_PRICE_CHANGE_DATE"", ""category_id"": ""109003"", ""filter_name"": ""인조가죽"", ""filter_type"": ""material"", ""filter_label"": ""소재"", ""filter_value"": ""g_material^atfL29ufp3Yy"", ""category_name"": ""바지"", ""filter_parameter"": ""attributeMaterial"", ""observation_type"": ""FILTER""}",2026-09-28 07:27:02.918960+00:00,2026-10-05 07:27:02.989720+00:00,2026-09-18 03:12:22.329133+00:00,2026-09-18 03:12:22.329160+00:00
209,musinsa_used,무신사 USED,musinsa_used [FILTER>소재>코듀로이>바지],RANKING,LIVE,True,10080,5,https://api.musinsa.com/api2/dp/v2/plp/goods?gf=A&attributeMaterial=g_material%5EBpPKYb8ezDnJ&sortCode=USED_SALE_PRICE_CHANGE_DATE&category=109003&size=30&testGroup=&ampGroup=&caller=CATEGORY&page=1&seen=0&seenAds=,"{""live"": true, ""limit"": 100, ""gender"": ""A"", ""page_size"": 100, ""sort_code"": ""USED_SALE_PRICE_CHANGE_DATE"", ""category_id"": ""109003"", ""filter_name"": ""코듀로이"", ""filter_type"": ""material"", ""filter_label"": ""소재"", ""filter_value"": ""g_material^BpPKYb8ezDnJ"", ""category_name"": ""바지"", ""filter_parameter"": ""attributeMaterial"", ""observation_type"": ""FILTER""}",2026-09-28 07:27:16.784165+00:00,2026-10-05 07:27:16.821320+00:00,2026-09-18 03:12:22.439114+00:00,2026-09-18 03:12:22.439137+00:00
210,musinsa_used,무신사 USED,musinsa_used [FILTER>소재>플리스>바지],RANKING,LIVE,True,10080,5,https://api.musinsa.com/api2/dp/v2/plp/goods?gf=A&attributeMaterial=g_material%5EK5G86b9O8q37&sortCode=USED_SALE_PRICE_CHANGE_DATE&category=109003&size=30&testGroup=&ampGroup=&caller=CATEGORY&page=1&seen=0&seenAds=,"{""live"": true, ""limit"": 100, ""gender"": ""A"", ""page_size"": 100, ""sort_code"": ""USED_SALE_PRICE_CHANGE_DATE"", ""category_id"": ""109003"", ""filter_name"": ""플리스"", ""filter_type"": ""material"", ""filter_label"": ""소재"", ""filter_value"": ""g_material^K5G86b9O8q37"", ""category_name"": ""바지"", ""filter_parameter"": ""attributeMaterial"", ""observation_type"": ""FILTER""}",2026-09-28 07:27:19.449267+00:00,2026-10-05 07:27:19.504506+00:00,2026-09-18 03:12:22.547171+00:00,2026-09-18 03:12:22.547191+00:00
211,musinsa_used,무신사 USED,musinsa_used [FILTER>소재>천연가죽>바지],RANKING,LIVE,True,10080,5,https://api.musinsa.com/api2/dp/v2/plp/goods?gf=A&attributeMaterial=g_material%5EmeapgFVZB5L2&sortCode=USED_SALE_PRICE_CHANGE_DATE&category=109003&size=30&testGroup=&ampGroup=&caller=CATEGORY&page=1&seen=0&seenAds=,"{""live"": true, ""limit"": 100, ""gender"": ""A"", ""page_size"": 100, ""sort_code"": ""USED_SALE_PRICE_CHANGE_DATE"", ""category_id"": ""109003"", ""filter_name"": ""천연가죽"", ""filter_type"": ""material"", ""filter_label"": ""소재"", ""filter_value"": ""g_material^meapgFVZB5L2"", ""category_name"": ""바지"", ""filter_parameter"": ""attributeMaterial"", ""observation_type"": ""FILTER""}",2026-09-28 07:27:20.913304+00:00,2026-10-05 07:27:21.001436+00:00,2026-09-18 03:12:22.665888+00:00,2026-09-18 03:12:22.666098+00:00
212,musinsa_used,무신사 USED,musinsa_used [FILTER>패턴/무늬>단색>바지],RANKING,LIVE,True,10080,5,https://api.musinsa.com/api2/dp/v2/plp/goods?gf=A&attributePattern=UkBJuUOWbLgc%5En4ehCSM2I6cn&sortCode=USED_SALE_PRICE_CHANGE_DATE&category=109003&size=30&testGroup=&ampGroup=&caller=CATEGORY&page=1&seen=0&seenAds=,"{""live"": true, ""limit"": 100, ""gender"": ""A"", ""page_size"": 100, ""sort_code"": ""USED_SALE_PRICE_CHANGE_DATE"", ""category_id"": ""109003"", ""filter_name"": ""단색"", ""filter_type"": ""pattern"", ""filter_label"": ""패턴/무늬"", ""filter_value"": ""UkBJuUOWbLgc^n4ehCSM2I6cn"", ""category_name"": ""바지"", ""filter_parameter"": ""attributePattern"", ""observation_type"": ""FILTER""}",2026-09-28 07:34:15.958296+00:00,2026-10-05 07:34:16.011877+00:00,2026-09-18 03:12:22.782587+00:00,2026-09-18 03:28:15.601528+00:00
213,musinsa_used,무신사 USED,musinsa_used [FILTER>패턴/무늬>로고/그래픽>바지],RANKING,LIVE,True,10080,5,https://api.musinsa.com/api2/dp/v2/plp/goods?gf=A&attributePattern=UkBJuUOWbLgc%5EhxbmRhPzNCbD&sortCode=USED_SALE_PRICE_CHANGE_DATE&category=109003&size=30&testGroup=&ampGroup=&caller=CATEGORY&page=1&seen=0&seenAds=,"{""live"": true, ""limit"": 100, ""gender"": ""A"", ""page_size"": 100, ""sort_code"": ""USED_SALE_PRICE_CHANGE_DATE"", ""category_id"": ""109003"", ""filter_name"": ""로고/그래픽"", ""filter_type"": ""pattern"", ""filter_label"": ""패턴/무늬"", ""filter_value"": ""UkBJuUOWbLgc^hxbmRhPzNCbD"", ""category_name"": ""바지"", ""filter_parameter"": ""attributePattern"", ""observation_type"": ""FILTER""}",2026-09-28 07:35:44.051761+00:00,2026-10-05 07:35:44.091658+00:00,2026-09-18 03:12:22.887081+00:00,2026-09-18 03:28:15.682622+00:00
214,musinsa_used,무신사 USED,musinsa_used [FILTER>패턴/무늬>스트라이프>바지],RANKING,LIVE,True,10080,5,https://api.musinsa.com/api2/dp/v2/plp/goods?gf=A&attributePattern=UkBJuUOWbLgc%5EYbhxtFSYTEGM&sortCode=USED_SALE_PRICE_CHANGE_DATE&category=109003&size=30&testGroup=&ampGroup=&caller=CATEGORY&page=1&seen=0&seenAds=,"{""live"": true, ""limit"": 100, ""gender"": ""A"", ""page_size"": 100, ""sort_code"": ""USED_SALE_PRICE_CHANGE_DATE"", ""category_id"": ""109003"", ""filter_name"": ""스트라이프"", ""filter_type"": ""pattern"", ""filter_label"": ""패턴/무늬"", ""filter_value"": ""UkBJuUOWbLgc^YbhxtFSYTEGM"", ""category_name"": ""바지"", ""filter_parameter"": ""attributePattern"", ""observation_type"": ""FILTER""}",2026-09-28 07:35:53.791672+00:00,2026-10-05 07:35:53.849703+00:00,2026-09-18 03:12:22.996193+00:00,2026-09-18 03:28:15.829048+00:00
215,musinsa_used,무신사 USED,musinsa_used [FILTER>패턴/무늬>컬러블록>바지],RANKING,LIVE,True,10080,5,https://api.musinsa.com/api2/dp/v2/plp/goods?gf=A&attributePattern=UkBJuUOWbLgc%5EuBYH5gy8WZsj&sortCode=USED_SALE_PRICE_CHANGE_DATE&category=109003&size=30&testGroup=&ampGroup=&caller=CATEGORY&page=1&seen=0&seenAds=,"{""live"": true, ""limit"": 100, ""gender"": ""A"", ""page_size"": 100, ""sort_code"": ""USED_SALE_PRICE_CHANGE_DATE"", ""category_id"": ""109003"", ""filter_name"": ""컬러블록"", ""filter_type"": ""pattern"", ""filter_label"": ""패턴/무늬"", ""filter_value"": ""UkBJuUOWbLgc^uBYH5gy8WZsj"", ""category_name"": ""바지"", ""filter_parameter"": ""attributePattern"", ""observation_type"": ""FILTER""}",2026-09-28 07:35:58.747554+00:00,2026-10-05 07:35:58.783689+00:00,2026-09-18 03:12:23.107599+00:00,2026-09-18 03:28:15.964335+00:00
216,musinsa_used,무신사 USED,musinsa_used [FILTER>패턴/무늬>체크>바지],RANKING,LIVE,True,10080,5,https://api.musinsa.com/api2/dp/v2/plp/goods?gf=A&attributePattern=UkBJuUOWbLgc%5E28crelau1gpm&sortCode=USED_SALE_PRICE_CHANGE_DATE&category=109003&size=30&testGroup=&ampGroup=&caller=CATEGORY&page=1&seen=0&seenAds=,"{""live"": true, ""limit"": 100, ""gender"": ""A"", ""page_size"": 100, ""sort_code"": ""USED_SALE_PRICE_CHANGE_DATE"", ""category_id"": ""109003"", ""filter_name"": ""체크"", ""filter_type"": ""pattern"", ""filter_label"": ""패턴/무늬"", ""filter_value"": ""UkBJuUOWbLgc^28crelau1gpm"", ""category_name"": ""바지"", ""filter_parameter"": ""attributePattern"", ""observation_type"": ""FILTER""}",2026-09-28 07:36:05.107074+00:00,2026-10-05 07:36:05.138818+00:00,2026-09-18 03:12:23.702191+00:00,2026-09-18 03:28:15.894646+00:00
217,musinsa_used,무신사 USED,musinsa_used [FILTER>패턴/무늬>아가일>바지],RANKING,LIVE,True,10080,5,https://api.musinsa.com/api2/dp/v2/plp/goods?gf=A&attributePattern=UkBJuUOWbLgc%5E5EpJbPkbald4&sortCode=USED_SALE_PRICE_CHANGE_DATE&category=109003&size=30&testGroup=&ampGroup=&caller=CATEGORY&page=1&seen=0&seenAds=,"{""live"": true, ""limit"": 100, ""gender"": ""A"", ""page_size"": 100, ""sort_code"": ""USED_SALE_PRICE_CHANGE_DATE"", ""category_id"": ""109003"", ""filter_name"": ""아가일"", ""filter_type"": ""pattern"", ""filter_label"": ""패턴/무늬"", ""filter_value"": ""UkBJuUOWbLgc^5EpJbPkbald4"", ""category_name"": ""바지"", ""filter_parameter"": ""attributePattern"", ""observation_type"": ""FILTER""}",2026-09-28 07:36:06.565582+00:00,2026-10-05 07:36:06.599769+00:00,2026-09-18 03:12:23.812053+00:00,2026-09-18 03:12:23.812065+00:00
218,musinsa_used,무신사 USED,musinsa_used [FILTER>패턴/무늬>플라워>바지],RANKING,LIVE,True,10080,5,https://api.musinsa.com/api2/dp/v2/plp/goods?gf=A&attributePattern=UkBJuUOWbLgc%5ETuYRkFqID44S&sortCode=USED_SALE_PRICE_CHANGE_DATE&category=109003&size=30&testGroup=&ampGroup=&caller=CATEGORY&page=1&seen=0&seenAds=,"{""live"": true, ""limit"": 100, ""gender"": ""A"", ""page_size"": 100, ""sort_code"": ""USED_SALE_PRICE_CHANGE_DATE"", ""category_id"": ""109003"", ""filter_name"": ""플라워"", ""filter_type"": ""pattern"", ""filter_label"": ""패턴/무늬"", ""filter_value"": ""UkBJuUOWbLgc^TuYRkFqID44S"", ""category_name"": ""바지"", ""filter_parameter"": ""attributePattern"", ""observation_type"": ""FILTER""}",2026-09-28 07:36:17.104644+00:00,2026-10-05 07:36:17.137078+00:00,2026-09-18 03:12:24.208819+00:00,2026-09-18 03:28:16.036433+00:00
219,musinsa_used,무신사 USED,musinsa_used [FILTER>패턴/무늬>그라데이션>바지],RANKING,LIVE,True,10080,5,https://api.musinsa.com/api2/dp/v2/plp/goods?gf=A&attributePattern=UkBJuUOWbLgc%5EKgqPH34X05eo&sortCode=USED_SALE_PRICE_CHANGE_DATE&category=109003&size=30&testGroup=&ampGroup=&caller=CATEGORY&page=1&seen=0&seenAds=,"{""live"": true, ""limit"": 100, ""gender"": ""A"", ""page_size"": 100, ""sort_code"": ""USED_SALE_PRICE_CHANGE_DATE"", ""category_id"": ""109003"", ""filter_name"": ""그라데이션"", ""filter_type"": ""pattern"", ""filter_label"": ""패턴/무늬"", ""filter_value"": ""UkBJuUOWbLgc^KgqPH34X05eo"", ""category_name"": ""바지"", ""filter_parameter"": ""attributePattern"", ""observation_type"": ""FILTER""}",2026-09-28 07:36:19.066702+00:00,2026-10-05 07:36:19.128623+00:00,2026-09-18 03:12:24.344075+00:00,2026-09-18 03:28:16.118489+00:00
220,musinsa_used,무신사 USED,musinsa_used [FILTER>패턴/무늬>디스트로이드>바지],RANKING,LIVE,True,10080,5,https://api.musinsa.com/api2/dp/v2/plp/goods?gf=A&attributePattern=UkBJuUOWbLgc%5EJtoTaJGxjrSV&sortCode=USED_SALE_PRICE_CHANGE_DATE&category=109003&size=30&testGroup=&ampGroup=&caller=CATEGORY&page=1&seen=0&seenAds=,"{""live"": true, ""limit"": 100, ""gender"": ""A"", ""page_size"": 100, ""sort_code"": ""USED_SALE_PRICE_CHANGE_DATE"", ""category_id"": ""109003"", ""filter_name"": ""디스트로이드"", ""filter_type"": ""pattern"", ""filter_label"": ""패턴/무늬"", ""filter_value"": ""UkBJuUOWbLgc^JtoTaJGxjrSV"", ""category_name"": ""바지"", ""filter_parameter"": ""attributePattern"", ""observation_type"": ""FILTER""}",2026-09-28 07:36:21.017793+00:00,2026-10-05 07:36:21.424599+00:00,2026-09-18 03:12:24.457989+00:00,2026-09-18 03:12:24.458019+00:00
221,musinsa_used,무신사 USED,musinsa_used [FILTER>패턴/무늬>애니멀패턴>바지],RANKING,LIVE,True,10080,5,https://api.musinsa.com/api2/dp/v2/plp/goods?gf=A&attributePattern=UkBJuUOWbLgc%5EJubJhUVJfISk&sortCode=USED_SALE_PRICE_CHANGE_DATE&category=109003&size=30&testGroup=&ampGroup=&caller=CATEGORY&page=1&seen=0&seenAds=,"{""live"": true, ""limit"": 100, ""gender"": ""A"", ""page_size"": 100, ""sort_code"": ""USED_SALE_PRICE_CHANGE_DATE"", ""category_id"": ""109003"", ""filter_name"": ""애니멀패턴"", ""filter_type"": ""pattern"", ""filter_label"": ""패턴/무늬"", ""filter_value"": ""UkBJuUOWbLgc^JubJhUVJfISk"", ""category_name"": ""바지"", ""filter_parameter"": ""attributePattern"", ""observation_type"": ""FILTER""}",2026-09-28 07:36:25.653300+00:00,2026-10-05 07:36:26.012820+00:00,2026-09-18 03:12:24.555903+00:00,2026-09-18 03:12:24.555923+00:00
222,musinsa_used,무신사 USED,musinsa_used [FILTER>패턴/무늬>도트>바지],RANKING,LIVE,True,10080,5,https://api.musinsa.com/api2/dp/v2/plp/goods?gf=A&attributePattern=UkBJuUOWbLgc%5Egv91Cmjk48cR&sortCode=USED_SALE_PRICE_CHANGE_DATE&category=109003&size=30&testGroup=&ampGroup=&caller=CATEGORY&page=1&seen=0&seenAds=,"{""live"": true, ""limit"": 100, ""gender"": ""A"", ""page_size"": 100, ""sort_code"": ""USED_SALE_PRICE_CHANGE_DATE"", ""category_id"": ""109003"", ""filter_name"": ""도트"", ""filter_type"": ""pattern"", ""filter_label"": ""패턴/무늬"", ""filter_value"": ""UkBJuUOWbLgc^gv91Cmjk48cR"", ""category_name"": ""바지"", ""filter_parameter"": ""attributePattern"", ""observation_type"": ""FILTER""}",2026-09-28 07:36:30.012787+00:00,2026-10-05 07:36:30.438373+00:00,2026-09-18 03:12:24.678841+00:00,2026-09-18 03:12:24.678862+00:00
223,musinsa_used,무신사 USED,musinsa_used [FILTER>패턴/무늬>카모플라쥬>바지],RANKING,LIVE,True,10080,5,https://api.musinsa.com/api2/dp/v2/plp/goods?gf=A&attributePattern=UkBJuUOWbLgc%5EOhggxkPatzUL&sortCode=USED_SALE_PRICE_CHANGE_DATE&category=109003&size=30&testGroup=&ampGroup=&caller=CATEGORY&page=1&seen=0&seenAds=,"{""live"": true, ""limit"": 100, ""gender"": ""A"", ""page_size"": 100, ""sort_code"": ""USED_SALE_PRICE_CHANGE_DATE"", ""category_id"": ""109003"", ""filter_name"": ""카모플라쥬"", ""filter_type"": ""pattern"", ""filter_label"": ""패턴/무늬"", ""filter_value"": ""UkBJuUOWbLgc^OhggxkPatzUL"", ""category_name"": ""바지"", ""filter_parameter"": ""attributePattern"", ""observation_type"": ""FILTER""}",2026-09-28 07:36:39.684335+00:00,2026-10-05 07:36:39.737132+00:00,2026-09-18 03:12:24.809274+00:00,2026-09-18 03:28:15.750467+00:00
224,musinsa_used,무신사 USED,musinsa_used [FILTER>패턴/무늬>가먼트 다잉>바지],RANKING,LIVE,True,10080,5,https://api.musinsa.com/api2/dp/v2/plp/goods?gf=A&attributePattern=UkBJuUOWbLgc%5EThLgF0I2xk9W&sortCode=USED_SALE_PRICE_CHANGE_DATE&category=109003&size=30&testGroup=&ampGroup=&caller=CATEGORY&page=1&seen=0&seenAds=,"{""live"": true, ""limit"": 100, ""gender"": ""A"", ""page_size"": 100, ""sort_code"": ""USED_SALE_PRICE_CHANGE_DATE"", ""category_id"": ""109003"", ""filter_name"": ""가먼트 다잉"", ""filter_type"": ""pattern"", ""filter_label"": ""패턴/무늬"", ""filter_value"": ""UkBJuUOWbLgc^ThLgF0I2xk9W"", ""category_name"": ""바지"", ""filter_parameter"": ""attributePattern"", ""observation_type"": ""FILTER""}",2026-09-28 07:36:41.248019+00:00,2026-10-05 07:36:41.294989+00:00,2026-09-18 03:12:24.970252+00:00,2026-09-18 03:12:24.970270+00:00
225,musinsa_used,무신사 USED,musinsa_used [FILTER>패턴/무늬>하운드투스>바지],RANKING,LIVE,True,10080,5,https://api.musinsa.com/api2/dp/v2/plp/goods?gf=A&attributePattern=UkBJuUOWbLgc%5ECFd4dcvCquhm&sortCode=USED_SALE_PRICE_CHANGE_DATE&category=109003&size=30&testGroup=&ampGroup=&caller=CATEGORY&page=1&seen=0&seenAds=,"{""live"": true, ""limit"": 100, ""gender"": ""A"", ""page_size"": 100, ""sort_code"": ""USED_SALE_PRICE_CHANGE_DATE"", ""category_id"": ""109003"", ""filter_name"": ""하운드투스"", ""filter_type"": ""pattern"", ""filter_label"": ""패턴/무늬"", ""filter_value"": ""UkBJuUOWbLgc^CFd4dcvCquhm"", ""category_name"": ""바지"", ""filter_parameter"": ""attributePattern"", ""observation_type"": ""FILTER""}",2026-09-28 07:36:45.853720+00:00,2026-10-05 07:36:45.906572+00:00,2026-09-18 03:12:25.100526+00:00,2026-09-18 03:28:16.251826+00:00
226,musinsa_used,무신사 USED,musinsa_used [FILTER>패턴/무늬>헤링본>바지],RANKING,LIVE,True,10080,5,https://api.musinsa.com/api2/dp/v2/plp/goods?gf=A&attributePattern=UkBJuUOWbLgc%5Er5K0zCg8jGiF&sortCode=USED_SALE_PRICE_CHANGE_DATE&category=109003&size=30&testGroup=&ampGroup=&caller=CATEGORY&page=1&seen=0&seenAds=,"{""live"": true, ""limit"": 100, ""gender"": ""A"", ""page_size"": 100, ""sort_code"": ""USED_SALE_PRICE_CHANGE_DATE"", ""category_id"": ""109003"", ""filter_name"": ""헤링본"", ""filter_type"": ""pattern"", ""filter_label"": ""패턴/무늬"", ""filter_value"": ""UkBJuUOWbLgc^r5K0zCg8jGiF"", ""category_name"": ""바지"", ""filter_parameter"": ""attributePattern"", ""observation_type"": ""FILTER""}",2026-09-28 07:36:49.125431+00:00,2026-10-05 07:36:49.157206+00:00,2026-09-18 03:12:25.250377+00:00,2026-09-18 03:28:16.181485+00:00
227,musinsa_used,무신사 USED,musinsa_used [FILTER>패턴/무늬>타이다이>바지],RANKING,LIVE,True,10080,5,https://api.musinsa.com/api2/dp/v2/plp/goods?gf=A&attributePattern=UkBJuUOWbLgc%5Eln9XgwTNBc6g&sortCode=USED_SALE_PRICE_CHANGE_DATE&category=109003&size=30&testGroup=&ampGroup=&caller=CATEGORY&page=1&seen=0&seenAds=,"{""live"": true, ""limit"": 100, ""gender"": ""A"", ""page_size"": 100, ""sort_code"": ""USED_SALE_PRICE_CHANGE_DATE"", ""category_id"": ""109003"", ""filter_name"": ""타이다이"", ""filter_type"": ""pattern"", ""filter_label"": ""패턴/무늬"", ""filter_value"": ""UkBJuUOWbLgc^ln9XgwTNBc6g"", ""category_name"": ""바지"", ""filter_parameter"": ""attributePattern"", ""observation_type"": ""FILTER""}",2026-09-28 07:36:50.349640+00:00,2026-10-05 07:36:50.387517+00:00,2026-09-18 03:12:25.417183+00:00,2026-09-18 03:12:25.417212+00:00
228,musinsa_used,무신사 USED,musinsa_used [FILTER>패턴/무늬>니트패널>바지],RANKING,LIVE,True,10080,5,https://api.musinsa.com/api2/dp/v2/plp/goods?gf=A&attributePattern=UkBJuUOWbLgc%5EMr48cnkBO9S7&sortCode=USED_SALE_PRICE_CHANGE_DATE&category=109003&size=30&testGroup=&ampGroup=&caller=CATEGORY&page=1&seen=0&seenAds=,"{""live"": true, ""limit"": 100, ""gender"": ""A"", ""page_size"": 100, ""sort_code"": ""USED_SALE_PRICE_CHANGE_DATE"", ""category_id"": ""109003"", ""filter_name"": ""니트패널"", ""filter_type"": ""pattern"", ""filter_label"": ""패턴/무늬"", ""filter_value"": ""UkBJuUOWbLgc^Mr48cnkBO9S7"", ""category_name"": ""바지"", ""filter_parameter"": ""attributePattern"", ""observation_type"": ""FILTER""}",2026-09-28 07:36:51.579930+00:00,2026-10-05 07:36:51.625807+00:00,2026-09-18 03:12:25.550782+00:00,2026-09-18 03:12:25.550807+00:00
229,musinsa_used,무신사 USED,musinsa_used [FILTER>패턴/무늬>체커보드>바지],RANKING,LIVE,True,10080,5,https://api.musinsa.com/api2/dp/v2/plp/goods?gf=A&attributePattern=UkBJuUOWbLgc%5EtytNCQTzb6Rv&sortCode=USED_SALE_PRICE_CHANGE_DATE&category=109003&size=30&testGroup=&ampGroup=&caller=CATEGORY&page=1&seen=0&seenAds=,"{""live"": true, ""limit"": 100, ""gender"": ""A"", ""page_size"": 100, ""sort_code"": ""USED_SALE_PRICE_CHANGE_DATE"", ""category_id"": ""109003"", ""filter_name"": ""체커보드"", ""filter_type"": ""pattern"", ""filter_label"": ""패턴/무늬"", ""filter_value"": ""UkBJuUOWbLgc^tytNCQTzb6Rv"", ""category_name"": ""바지"", ""filter_parameter"": ""attributePattern"", ""observation_type"": ""FILTER""}",2026-09-28 07:36:52.926259+00:00,2026-10-05 07:36:53.327781+00:00,2026-09-18 03:12:25.702450+00:00,2026-09-18 03:12:25.702478+00:00
230,musinsa_used,무신사 USED,musinsa_used [FILTER>패턴/무늬>페이즐리>바지],RANKING,LIVE,True,10080,5,https://api.musinsa.com/api2/dp/v2/plp/goods?gf=A&attributePattern=UkBJuUOWbLgc%5EbJeZa9JjVOQP&sortCode=USED_SALE_PRICE_CHANGE_DATE&category=109003&size=30&testGroup=&ampGroup=&caller=CATEGORY&page=1&seen=0&seenAds=,"{""live"": true, ""limit"": 100, ""gender"": ""A"", ""page_size"": 100, ""sort_code"": ""USED_SALE_PRICE_CHANGE_DATE"", ""category_id"": ""109003"", ""filter_name"": ""페이즐리"", ""filter_type"": ""pattern"", ""filter_label"": ""패턴/무늬"", ""filter_value"": ""UkBJuUOWbLgc^bJeZa9JjVOQP"", ""category_name"": ""바지"", ""filter_parameter"": ""attributePattern"", ""observation_type"": ""FILTER""}",2026-09-28 07:36:57.421953+00:00,2026-10-05 07:36:57.818234+00:00,2026-09-18 03:12:25.859854+00:00,2026-09-18 03:12:25.859895+00:00
231,musinsa_used,무신사 USED,musinsa_used [FILTER>패턴/무늬>캐릭터>바지],RANKING,LIVE,True,10080,5,https://api.musinsa.com/api2/dp/v2/plp/goods?gf=A&attributePattern=UkBJuUOWbLgc%5EAfrFDPnpKGwM&sortCode=USED_SALE_PRICE_CHANGE_DATE&category=109003&size=30&testGroup=&ampGroup=&caller=CATEGORY&page=1&seen=0&seenAds=,"{""live"": true, ""limit"": 100, ""gender"": ""A"", ""page_size"": 100, ""sort_code"": ""USED_SALE_PRICE_CHANGE_DATE"", ""category_id"": ""109003"", ""filter_name"": ""캐릭터"", ""filter_type"": ""pattern"", ""filter_label"": ""패턴/무늬"", ""filter_value"": ""UkBJuUOWbLgc^AfrFDPnpKGwM"", ""category_name"": ""바지"", ""filter_parameter"": ""attributePattern"", ""observation_type"": ""FILTER""}",2026-09-28 07:37:02.243574+00:00,2026-10-05 07:37:02.298958+00:00,2026-09-18 03:12:25.967967+00:00,2026-09-18 03:12:25.967978+00:00
232,musinsa_used,무신사 USED,musinsa_used [FILTER>패턴/무늬>패치워크>바지],RANKING,LIVE,True,10080,5,https://api.musinsa.com/api2/dp/v2/plp/goods?gf=A&attributePattern=UkBJuUOWbLgc%5EXM6n7zS0xuY8&sortCode=USED_SALE_PRICE_CHANGE_DATE&category=109003&size=30&testGroup=&ampGroup=&caller=CATEGORY&page=1&seen=0&seenAds=,"{""live"": true, ""limit"": 100, ""gender"": ""A"", ""page_size"": 100, ""sort_code"": ""USED_SALE_PRICE_CHANGE_DATE"", ""category_id"": ""109003"", ""filter_name"": ""패치워크"", ""filter_type"": ""pattern"", ""filter_label"": ""패턴/무늬"", ""filter_value"": ""UkBJuUOWbLgc^XM6n7zS0xuY8"", ""category_name"": ""바지"", ""filter_parameter"": ""attributePattern"", ""observation_type"": ""FILTER""}",2026-09-28 07:37:03.721055+00:00,2026-10-05 07:37:03.757713+00:00,2026-09-18 03:12:26.074238+00:00,2026-09-18 03:12:26.074252+00:00
233,musinsa_used,무신사 USED,musinsa_used [FILTER>핏>기본>바지],RANKING,LIVE,True,10080,5,https://api.musinsa.com/api2/dp/v2/plp/goods?gf=A&attributeFit=g_fit%5Ex7imVBxHnpKM&sortCode=USED_SALE_PRICE_CHANGE_DATE&category=109003&size=30&testGroup=&ampGroup=&caller=CATEGORY&page=1&seen=0&seenAds=,"{""live"": true, ""limit"": 100, ""gender"": ""A"", ""page_size"": 100, ""sort_code"": ""USED_SALE_PRICE_CHANGE_DATE"", ""category_id"": ""109003"", ""filter_name"": ""기본"", ""filter_type"": ""fit"", ""filter_label"": ""핏"", ""filter_value"": ""g_fit^x7imVBxHnpKM"", ""category_name"": ""바지"", ""filter_parameter"": ""attributeFit"", ""observation_type"": ""FILTER""}",2026-09-28 07:37:05.769894+00:00,2026-10-05 07:37:05.830905+00:00,2026-09-18 03:12:26.186969+00:00,2026-09-18 03:28:18.447067+00:00
234,musinsa_used,무신사 USED,musinsa_used [FILTER>핏>오버>바지],RANKING,LIVE,True,10080,5,https://api.musinsa.com/api2/dp/v2/plp/goods?gf=A&attributeFit=g_fit%5ES5JWveeUyrw4&sortCode=USED_SALE_PRICE_CHANGE_DATE&category=109003&size=30&testGroup=&ampGroup=&caller=CATEGORY&page=1&seen=0&seenAds=,"{""live"": true, ""limit"": 100, ""gender"": ""A"", ""page_size"": 100, ""sort_code"": ""USED_SALE_PRICE_CHANGE_DATE"", ""category_id"": ""109003"", ""filter_name"": ""오버"", ""filter_type"": ""fit"", ""filter_label"": ""핏"", ""filter_value"": ""g_fit^S5JWveeUyrw4"", ""category_name"": ""바지"", ""filter_parameter"": ""attributeFit"", ""observation_type"": ""FILTER""}",2026-09-28 07:37:07.159746+00:00,2026-10-05 07:37:07.204395+00:00,2026-09-18 03:12:26.300790+00:00,2026-09-18 03:12:26.300801+00:00
235,musinsa_used,무신사 USED,musinsa_used [FILTER>핏>와이드>바지],RANKING,LIVE,True,10080,5,https://api.musinsa.com/api2/dp/v2/plp/goods?gf=A&attributeFit=g_fit%5E1G1BTZmN9RnS&sortCode=USED_SALE_PRICE_CHANGE_DATE&category=109003&size=30&testGroup=&ampGroup=&caller=CATEGORY&page=1&seen=0&seenAds=,"{""live"": true, ""limit"": 100, ""gender"": ""A"", ""page_size"": 100, ""sort_code"": ""USED_SALE_PRICE_CHANGE_DATE"", ""category_id"": ""109003"", ""filter_name"": ""와이드"", ""filter_type"": ""fit"", ""filter_label"": ""핏"", ""filter_value"": ""g_fit^1G1BTZmN9RnS"", ""category_name"": ""바지"", ""filter_parameter"": ""attributeFit"", ""observation_type"": ""FILTER""}",2026-09-28 07:42:09.368113+00:00,2026-10-05 07:42:09.411781+00:00,2026-09-18 03:12:26.423224+00:00,2026-09-18 03:28:17.875710+00:00
236,musinsa_used,무신사 USED,musinsa_used [FILTER>핏>스트레이트>바지],RANKING,LIVE,True,10080,5,https://api.musinsa.com/api2/dp/v2/plp/goods?gf=A&attributeFit=g_fit%5EN5LCh096O1MN&sortCode=USED_SALE_PRICE_CHANGE_DATE&category=109003&size=30&testGroup=&ampGroup=&caller=CATEGORY&page=1&seen=0&seenAds=,"{""live"": true, ""limit"": 100, ""gender"": ""A"", ""page_size"": 100, ""sort_code"": ""USED_SALE_PRICE_CHANGE_DATE"", ""category_id"": ""109003"", ""filter_name"": ""스트레이트"", ""filter_type"": ""fit"", ""filter_label"": ""핏"", ""filter_value"": ""g_fit^N5LCh096O1MN"", ""category_name"": ""바지"", ""filter_parameter"": ""attributeFit"", ""observation_type"": ""FILTER""}",2026-09-28 07:46:34.355689+00:00,2026-10-05 07:46:34.408995+00:00,2026-09-18 03:12:26.536124+00:00,2026-09-18 03:28:17.972274+00:00
237,musinsa_used,무신사 USED,musinsa_used [FILTER>핏>슬림>바지],RANKING,LIVE,True,10080,5,https://api.musinsa.com/api2/dp/v2/plp/goods?gf=A&attributeFit=g_fit%5EefMbpVoTf7eV&sortCode=USED_SALE_PRICE_CHANGE_DATE&category=109003&size=30&testGroup=&ampGroup=&caller=CATEGORY&page=1&seen=0&seenAds=,"{""live"": true, ""limit"": 100, ""gender"": ""A"", ""page_size"": 100, ""sort_code"": ""USED_SALE_PRICE_CHANGE_DATE"", ""category_id"": ""109003"", ""filter_name"": ""슬림"", ""filter_type"": ""fit"", ""filter_label"": ""핏"", ""filter_value"": ""g_fit^efMbpVoTf7eV"", ""category_name"": ""바지"", ""filter_parameter"": ""attributeFit"", ""observation_type"": ""FILTER""}",2026-09-28 07:51:40.114803+00:00,2026-10-05 07:51:40.215551+00:00,2026-09-18 03:12:26.636041+00:00,2026-09-18 03:28:18.136951+00:00
238,musinsa_used,무신사 USED,musinsa_used [FILTER>핏>테이퍼드>바지],RANKING,LIVE,True,10080,5,https://api.musinsa.com/api2/dp/v2/plp/goods?gf=A&attributeFit=g_fit%5EJzpcZkg1YWBw&sortCode=USED_SALE_PRICE_CHANGE_DATE&category=109003&size=30&testGroup=&ampGroup=&caller=CATEGORY&page=1&seen=0&seenAds=,"{""live"": true, ""limit"": 100, ""gender"": ""A"", ""page_size"": 100, ""sort_code"": ""USED_SALE_PRICE_CHANGE_DATE"", ""category_id"": ""109003"", ""filter_name"": ""테이퍼드"", ""filter_type"": ""fit"", ""filter_label"": ""핏"", ""filter_value"": ""g_fit^JzpcZkg1YWBw"", ""category_name"": ""바지"", ""filter_parameter"": ""attributeFit"", ""observation_type"": ""FILTER""}",2026-09-28 07:55:43.397455+00:00,2026-10-05 07:55:43.447869+00:00,2026-09-18 03:12:26.749776+00:00,2026-09-18 03:28:18.058592+00:00
239,musinsa_used,무신사 USED,musinsa_used [FILTER>핏>부츠컷>바지],RANKING,LIVE,True,10080,5,https://api.musinsa.com/api2/dp/v2/plp/goods?gf=A&attributeFit=g_fit%5ESfRNI13wsS0E&sortCode=USED_SALE_PRICE_CHANGE_DATE&category=109003&size=30&testGroup=&ampGroup=&caller=CATEGORY&page=1&seen=0&seenAds=,"{""live"": true, ""limit"": 100, ""gender"": ""A"", ""page_size"": 100, ""sort_code"": ""USED_SALE_PRICE_CHANGE_DATE"", ""category_id"": ""109003"", ""filter_name"": ""부츠컷"", ""filter_type"": ""fit"", ""filter_label"": ""핏"", ""filter_value"": ""g_fit^SfRNI13wsS0E"", ""category_name"": ""바지"", ""filter_parameter"": ""attributeFit"", ""observation_type"": ""FILTER""}",2026-09-28 07:57:06.792710+00:00,2026-10-05 07:57:07.280243+00:00,2026-09-18 03:12:26.856399+00:00,2026-09-18 03:28:18.217971+00:00
240,musinsa_used,무신사 USED,musinsa_used [FILTER>핏>배기>바지],RANKING,LIVE,True,10080,5,https://api.musinsa.com/api2/dp/v2/plp/goods?gf=A&attributeFit=g_fit%5ECsiPJVvpAAEz&sortCode=USED_SALE_PRICE_CHANGE_DATE&category=109003&size=30&testGroup=&ampGroup=&caller=CATEGORY&page=1&seen=0&seenAds=,"{""live"": true, ""limit"": 100, ""gender"": ""A"", ""page_size"": 100, ""sort_code"": ""USED_SALE_PRICE_CHANGE_DATE"", ""category_id"": ""109003"", ""filter_name"": ""배기"", ""filter_type"": ""fit"", ""filter_label"": ""핏"", ""filter_value"": ""g_fit^CsiPJVvpAAEz"", ""category_name"": ""바지"", ""filter_parameter"": ""attributeFit"", ""observation_type"": ""FILTER""}",2026-09-28 07:59:12.669288+00:00,2026-10-05 07:59:12.709702+00:00,2026-09-18 03:12:26.980645+00:00,2026-09-18 03:28:18.299284+00:00
241,musinsa_used,무신사 USED,musinsa_used [FILTER>핏>조거>바지],RANKING,LIVE,True,10080,5,https://api.musinsa.com/api2/dp/v2/plp/goods?gf=A&attributeFit=g_fit%5E3UJZaBRKjYqI&sortCode=USED_SALE_PRICE_CHANGE_DATE&category=109003&size=30&testGroup=&ampGroup=&caller=CATEGORY&page=1&seen=0&seenAds=,"{""live"": true, ""limit"": 100, ""gender"": ""A"", ""page_size"": 100, ""sort_code"": ""USED_SALE_PRICE_CHANGE_DATE"", ""category_id"": ""109003"", ""filter_name"": ""조거"", ""filter_type"": ""fit"", ""filter_label"": ""핏"", ""filter_value"": ""g_fit^3UJZaBRKjYqI"", ""category_name"": ""바지"", ""filter_parameter"": ""attributeFit"", ""observation_type"": ""FILTER""}",2026-09-28 07:59:43.822392+00:00,2026-10-05 07:59:43.907976+00:00,2026-09-18 03:12:27.080430+00:00,2026-09-18 03:28:18.379650+00:00
242,musinsa_used,무신사 USED,musinsa_used [FILTER>소재>면(코튼)>원피스/스커트],RANKING,LIVE,True,10080,5,https://api.musinsa.com/api2/dp/v2/plp/goods?gf=A&attributeMaterial=g_material%5ErYIBGq2Ot2Qh&sortCode=USED_SALE_PRICE_CHANGE_DATE&category=109004&size=30&testGroup=&ampGroup=&caller=CATEGORY&page=1&seen=0&seenAds=,"{""live"": true, ""limit"": 100, ""gender"": ""A"", ""page_size"": 100, ""sort_code"": ""USED_SALE_PRICE_CHANGE_DATE"", ""category_id"": ""109004"", ""filter_name"": ""면(코튼)"", ""filter_type"": ""material"", ""filter_label"": ""소재"", ""filter_value"": ""g_material^rYIBGq2Ot2Qh"", ""category_name"": ""원피스/스커트"", ""filter_parameter"": ""attributeMaterial"", ""observation_type"": ""FILTER""}",2026-09-28 08:00:50.994439+00:00,2026-10-05 08:00:51.040587+00:00,2026-09-18 03:12:27.183413+00:00,2026-09-18 03:12:27.183430+00:00
243,musinsa_used,무신사 USED,musinsa_used [FILTER>소재>니트>원피스/스커트],RANKING,LIVE,True,10080,5,https://api.musinsa.com/api2/dp/v2/plp/goods?gf=A&attributeMaterial=g_material%5EJil9msfdxIv5&sortCode=USED_SALE_PRICE_CHANGE_DATE&category=109004&size=30&testGroup=&ampGroup=&caller=CATEGORY&page=1&seen=0&seenAds=,"{""live"": true, ""limit"": 100, ""gender"": ""A"", ""page_size"": 100, ""sort_code"": ""USED_SALE_PRICE_CHANGE_DATE"", ""category_id"": ""109004"", ""filter_name"": ""니트"", ""filter_type"": ""material"", ""filter_label"": ""소재"", ""filter_value"": ""g_material^Jil9msfdxIv5"", ""category_name"": ""원피스/스커트"", ""filter_parameter"": ""attributeMaterial"", ""observation_type"": ""FILTER""}",2026-09-28 08:00:52.558465+00:00,2026-10-05 08:00:52.624533+00:00,2026-09-18 03:12:27.290873+00:00,2026-09-18 03:12:27.290899+00:00
244,musinsa_used,무신사 USED,musinsa_used [FILTER>소재>폴리에스테르>원피스/스커트],RANKING,LIVE,True,10080,5,https://api.musinsa.com/api2/dp/v2/plp/goods?gf=A&attributeMaterial=g_material%5ERedzeswVYYOa&sortCode=USED_SALE_PRICE_CHANGE_DATE&category=109004&size=30&testGroup=&ampGroup=&caller=CATEGORY&page=1&seen=0&seenAds=,"{""live"": true, ""limit"": 100, ""gender"": ""A"", ""page_size"": 100, ""sort_code"": ""USED_SALE_PRICE_CHANGE_DATE"", ""category_id"": ""109004"", ""filter_name"": ""폴리에스테르"", ""filter_type"": ""material"", ""filter_label"": ""소재"", ""filter_value"": ""g_material^RedzeswVYYOa"", ""category_name"": ""원피스/스커트"", ""filter_parameter"": ""attributeMaterial"", ""observation_type"": ""FILTER""}",2026-09-28 08:01:54.182526+00:00,2026-10-05 08:01:54.219306+00:00,2026-09-18 03:12:27.412946+00:00,2026-09-18 03:12:27.412974+00:00
245,musinsa_used,무신사 USED,musinsa_used [FILTER>소재>아크릴>원피스/스커트],RANKING,LIVE,True,10080,5,https://api.musinsa.com/api2/dp/v2/plp/goods?gf=A&attributeMaterial=g_material%5ErMpeCJlgNjp1&sortCode=USED_SALE_PRICE_CHANGE_DATE&category=109004&size=30&testGroup=&ampGroup=&caller=CATEGORY&page=1&seen=0&seenAds=,"{""live"": true, ""limit"": 100, ""gender"": ""A"", ""page_size"": 100, ""sort_code"": ""USED_SALE_PRICE_CHANGE_DATE"", ""category_id"": ""109004"", ""filter_name"": ""아크릴"", ""filter_type"": ""material"", ""filter_label"": ""소재"", ""filter_value"": ""g_material^rMpeCJlgNjp1"", ""category_name"": ""원피스/스커트"", ""filter_parameter"": ""attributeMaterial"", ""observation_type"": ""FILTER""}",2026-09-28 08:01:55.478897+00:00,2026-10-05 08:01:55.508654+00:00,2026-09-18 03:12:27.555022+00:00,2026-09-18 03:12:27.555033+00:00
246,musinsa_used,무신사 USED,musinsa_used [FILTER>소재>나일론>원피스/스커트],RANKING,LIVE,True,10080,5,https://api.musinsa.com/api2/dp/v2/plp/goods?gf=A&attributeMaterial=g_material%5EvGbOb7CVby3q&sortCode=USED_SALE_PRICE_CHANGE_DATE&category=109004&size=30&testGroup=&ampGroup=&caller=CATEGORY&page=1&seen=0&seenAds=,"{""live"": true, ""limit"": 100, ""gender"": ""A"", ""page_size"": 100, ""sort_code"": ""USED_SALE_PRICE_CHANGE_DATE"", ""category_id"": ""109004"", ""filter_name"": ""나일론"", ""filter_type"": ""material"", ""filter_label"": ""소재"", ""filter_value"": ""g_material^vGbOb7CVby3q"", ""category_name"": ""원피스/스커트"", ""filter_parameter"": ""attributeMaterial"", ""observation_type"": ""FILTER""}",2026-09-28 08:02:08.827982+00:00,2026-10-05 08:02:08.859041+00:00,2026-09-18 03:12:27.652050+00:00,2026-09-18 03:12:27.652063+00:00
247,musinsa_used,무신사 USED,musinsa_used [FILTER>소재>울/모>원피스/스커트],RANKING,LIVE,True,10080,5,https://api.musinsa.com/api2/dp/v2/plp/goods?gf=A&attributeMaterial=g_material%5EUBSB4AP5JfAA&sortCode=USED_SALE_PRICE_CHANGE_DATE&category=109004&size=30&testGroup=&ampGroup=&caller=CATEGORY&page=1&seen=0&seenAds=,"{""live"": true, ""limit"": 100, ""gender"": ""A"", ""page_size"": 100, ""sort_code"": ""USED_SALE_PRICE_CHANGE_DATE"", ""category_id"": ""109004"", ""filter_name"": ""울/모"", ""filter_type"": ""material"", ""filter_label"": ""소재"", ""filter_value"": ""g_material^UBSB4AP5JfAA"", ""category_name"": ""원피스/스커트"", ""filter_parameter"": ""attributeMaterial"", ""observation_type"": ""FILTER""}",2026-09-28 08:02:11.113830+00:00,2026-10-05 08:02:11.146358+00:00,2026-09-18 03:12:27.764168+00:00,2026-09-18 03:12:27.764190+00:00
248,musinsa_used,무신사 USED,musinsa_used [FILTER>소재>스판덱스>원피스/스커트],RANKING,LIVE,True,10080,5,https://api.musinsa.com/api2/dp/v2/plp/goods?gf=A&attributeMaterial=g_material%5EHLlXIp8L4jxF&sortCode=USED_SALE_PRICE_CHANGE_DATE&category=109004&size=30&testGroup=&ampGroup=&caller=CATEGORY&page=1&seen=0&seenAds=,"{""live"": true, ""limit"": 100, ""gender"": ""A"", ""page_size"": 100, ""sort_code"": ""USED_SALE_PRICE_CHANGE_DATE"", ""category_id"": ""109004"", ""filter_name"": ""스판덱스"", ""filter_type"": ""material"", ""filter_label"": ""소재"", ""filter_value"": ""g_material^HLlXIp8L4jxF"", ""category_name"": ""원피스/스커트"", ""filter_parameter"": ""attributeMaterial"", ""observation_type"": ""FILTER""}",2026-09-28 08:02:19.039210+00:00,2026-10-05 08:02:19.073479+00:00,2026-09-18 03:12:27.867586+00:00,2026-09-18 03:12:27.867608+00:00
249,musinsa_used,무신사 USED,musinsa_used [FILTER>소재>레이온/인견>원피스/스커트],RANKING,LIVE,True,10080,5,https://api.musinsa.com/api2/dp/v2/plp/goods?gf=A&attributeMaterial=g_material%5EMQMwTUHYfilr&sortCode=USED_SALE_PRICE_CHANGE_DATE&category=109004&size=30&testGroup=&ampGroup=&caller=CATEGORY&page=1&seen=0&seenAds=,"{""live"": true, ""limit"": 100, ""gender"": ""A"", ""page_size"": 100, ""sort_code"": ""USED_SALE_PRICE_CHANGE_DATE"", ""category_id"": ""109004"", ""filter_name"": ""레이온/인견"", ""filter_type"": ""material"", ""filter_label"": ""소재"", ""filter_value"": ""g_material^MQMwTUHYfilr"", ""category_name"": ""원피스/스커트"", ""filter_parameter"": ""attributeMaterial"", ""observation_type"": ""FILTER""}",2026-09-28 08:02:20.306616+00:00,2026-10-05 08:02:20.350533+00:00,2026-09-18 03:12:28.016008+00:00,2026-09-18 03:12:28.016028+00:00
250,musinsa_used,무신사 USED,musinsa_used [FILTER>소재>캐시미어>원피스/스커트],RANKING,LIVE,True,10080,5,https://api.musinsa.com/api2/dp/v2/plp/goods?gf=A&attributeMaterial=g_material%5EgX22wnplycyJ&sortCode=USED_SALE_PRICE_CHANGE_DATE&category=109004&size=30&testGroup=&ampGroup=&caller=CATEGORY&page=1&seen=0&seenAds=,"{""live"": true, ""limit"": 100, ""gender"": ""A"", ""page_size"": 100, ""sort_code"": ""USED_SALE_PRICE_CHANGE_DATE"", ""category_id"": ""109004"", ""filter_name"": ""캐시미어"", ""filter_type"": ""material"", ""filter_label"": ""소재"", ""filter_value"": ""g_material^gX22wnplycyJ"", ""category_name"": ""원피스/스커트"", ""filter_parameter"": ""attributeMaterial"", ""observation_type"": ""FILTER""}",2026-09-28 08:02:21.513199+00:00,2026-10-05 08:02:21.569832+00:00,2026-09-18 03:12:28.137151+00:00,2026-09-18 03:12:28.137171+00:00
251,musinsa_used,무신사 USED,musinsa_used [FILTER>소재>데님>원피스/스커트],RANKING,LIVE,True,10080,5,https://api.musinsa.com/api2/dp/v2/plp/goods?gf=A&attributeMaterial=g_material%5E7hzHO7WT8tLe&sortCode=USED_SALE_PRICE_CHANGE_DATE&category=109004&size=30&testGroup=&ampGroup=&caller=CATEGORY&page=1&seen=0&seenAds=,"{""live"": true, ""limit"": 100, ""gender"": ""A"", ""page_size"": 100, ""sort_code"": ""USED_SALE_PRICE_CHANGE_DATE"", ""category_id"": ""109004"", ""filter_name"": ""데님"", ""filter_type"": ""material"", ""filter_label"": ""소재"", ""filter_value"": ""g_material^7hzHO7WT8tLe"", ""category_name"": ""원피스/스커트"", ""filter_parameter"": ""attributeMaterial"", ""observation_type"": ""FILTER""}",2026-09-28 08:02:25.185706+00:00,2026-10-05 08:02:25.227487+00:00,2026-09-18 03:12:28.268253+00:00,2026-09-18 03:12:28.268265+00:00
252,musinsa_used,무신사 USED,musinsa_used [FILTER>소재>린넨>원피스/스커트],RANKING,LIVE,True,10080,5,https://api.musinsa.com/api2/dp/v2/plp/goods?gf=A&attributeMaterial=g_material%5EQXm8shmCAi1j&sortCode=USED_SALE_PRICE_CHANGE_DATE&category=109004&size=30&testGroup=&ampGroup=&caller=CATEGORY&page=1&seen=0&seenAds=,"{""live"": true, ""limit"": 100, ""gender"": ""A"", ""page_size"": 100, ""sort_code"": ""USED_SALE_PRICE_CHANGE_DATE"", ""category_id"": ""109004"", ""filter_name"": ""린넨"", ""filter_type"": ""material"", ""filter_label"": ""소재"", ""filter_value"": ""g_material^QXm8shmCAi1j"", ""category_name"": ""원피스/스커트"", ""filter_parameter"": ""attributeMaterial"", ""observation_type"": ""FILTER""}",2026-09-28 08:02:26.395768+00:00,2026-10-05 08:02:26.437329+00:00,2026-09-18 03:12:28.367986+00:00,2026-09-18 03:12:28.368000+00:00
253,musinsa_used,무신사 USED,musinsa_used [FILTER>소재>메시>원피스/스커트],RANKING,LIVE,True,10080,5,https://api.musinsa.com/api2/dp/v2/plp/goods?gf=A&attributeMaterial=g_material%5EM64ETV0XqLvo&sortCode=USED_SALE_PRICE_CHANGE_DATE&category=109004&size=30&testGroup=&ampGroup=&caller=CATEGORY&page=1&seen=0&seenAds=,"{""live"": true, ""limit"": 100, ""gender"": ""A"", ""page_size"": 100, ""sort_code"": ""USED_SALE_PRICE_CHANGE_DATE"", ""category_id"": ""109004"", ""filter_name"": ""메시"", ""filter_type"": ""material"", ""filter_label"": ""소재"", ""filter_value"": ""g_material^M64ETV0XqLvo"", ""category_name"": ""원피스/스커트"", ""filter_parameter"": ""attributeMaterial"", ""observation_type"": ""FILTER""}",2026-09-28 08:02:27.720637+00:00,2026-10-05 08:02:27.774113+00:00,2026-09-18 03:12:28.470838+00:00,2026-09-18 03:12:28.470849+00:00
254,musinsa_used,무신사 USED,musinsa_used [FILTER>소재>실크>원피스/스커트],RANKING,LIVE,True,10080,5,https://api.musinsa.com/api2/dp/v2/plp/goods?gf=A&attributeMaterial=g_material%5ED0YHmjCqsXSb&sortCode=USED_SALE_PRICE_CHANGE_DATE&category=109004&size=30&testGroup=&ampGroup=&caller=CATEGORY&page=1&seen=0&seenAds=,"{""live"": true, ""limit"": 100, ""gender"": ""A"", ""page_size"": 100, ""sort_code"": ""USED_SALE_PRICE_CHANGE_DATE"", ""category_id"": ""109004"", ""filter_name"": ""실크"", ""filter_type"": ""material"", ""filter_label"": ""소재"", ""filter_value"": ""g_material^D0YHmjCqsXSb"", ""category_name"": ""원피스/스커트"", ""filter_parameter"": ""attributeMaterial"", ""observation_type"": ""FILTER""}",2026-09-28 08:02:29.048960+00:00,2026-10-05 08:02:29.078724+00:00,2026-09-18 03:12:28.573282+00:00,2026-09-18 03:12:28.573294+00:00
255,musinsa_used,무신사 USED,musinsa_used [FILTER>소재>기모>원피스/스커트],RANKING,LIVE,True,10080,5,https://api.musinsa.com/api2/dp/v2/plp/goods?gf=A&attributeMaterial=g_material%5EfZms24b7AKtm&sortCode=USED_SALE_PRICE_CHANGE_DATE&category=109004&size=30&testGroup=&ampGroup=&caller=CATEGORY&page=1&seen=0&seenAds=,"{""live"": true, ""limit"": 100, ""gender"": ""A"", ""page_size"": 100, ""sort_code"": ""USED_SALE_PRICE_CHANGE_DATE"", ""category_id"": ""109004"", ""filter_name"": ""기모"", ""filter_type"": ""material"", ""filter_label"": ""소재"", ""filter_value"": ""g_material^fZms24b7AKtm"", ""category_name"": ""원피스/스커트"", ""filter_parameter"": ""attributeMaterial"", ""observation_type"": ""FILTER""}",2026-09-28 08:02:30.323848+00:00,2026-10-05 08:02:30.369120+00:00,2026-09-18 03:12:28.675783+00:00,2026-09-18 03:12:28.675801+00:00
256,musinsa_used,무신사 USED,musinsa_used [FILTER>소재>인조가죽>원피스/스커트],RANKING,LIVE,True,10080,5,https://api.musinsa.com/api2/dp/v2/plp/goods?gf=A&attributeMaterial=g_material%5EatfL29ufp3Yy&sortCode=USED_SALE_PRICE_CHANGE_DATE&category=109004&size=30&testGroup=&ampGroup=&caller=CATEGORY&page=1&seen=0&seenAds=,"{""live"": true, ""limit"": 100, ""gender"": ""A"", ""page_size"": 100, ""sort_code"": ""USED_SALE_PRICE_CHANGE_DATE"", ""category_id"": ""109004"", ""filter_name"": ""인조가죽"", ""filter_type"": ""material"", ""filter_label"": ""소재"", ""filter_value"": ""g_material^atfL29ufp3Yy"", ""category_name"": ""원피스/스커트"", ""filter_parameter"": ""attributeMaterial"", ""observation_type"": ""FILTER""}",2026-09-28 08:02:31.511900+00:00,2026-10-05 08:02:31.543618+00:00,2026-09-18 03:12:28.789075+00:00,2026-09-18 03:12:28.789089+00:00
257,musinsa_used,무신사 USED,musinsa_used [FILTER>소재>코듀로이>원피스/스커트],RANKING,LIVE,True,10080,5,https://api.musinsa.com/api2/dp/v2/plp/goods?gf=A&attributeMaterial=g_material%5EBpPKYb8ezDnJ&sortCode=USED_SALE_PRICE_CHANGE_DATE&category=109004&size=30&testGroup=&ampGroup=&caller=CATEGORY&page=1&seen=0&seenAds=,"{""live"": true, ""limit"": 100, ""gender"": ""A"", ""page_size"": 100, ""sort_code"": ""USED_SALE_PRICE_CHANGE_DATE"", ""category_id"": ""109004"", ""filter_name"": ""코듀로이"", ""filter_type"": ""material"", ""filter_label"": ""소재"", ""filter_value"": ""g_material^BpPKYb8ezDnJ"", ""category_name"": ""원피스/스커트"", ""filter_parameter"": ""attributeMaterial"", ""observation_type"": ""FILTER""}",2026-09-28 08:02:32.595197+00:00,2026-10-05 08:02:32.634649+00:00,2026-09-18 03:12:28.909950+00:00,2026-09-18 03:12:28.909985+00:00
258,musinsa_used,무신사 USED,musinsa_used [FILTER>소재>플리스>원피스/스커트],RANKING,LIVE,True,10080,5,https://api.musinsa.com/api2/dp/v2/plp/goods?gf=A&attributeMaterial=g_material%5EK5G86b9O8q37&sortCode=USED_SALE_PRICE_CHANGE_DATE&category=109004&size=30&testGroup=&ampGroup=&caller=CATEGORY&page=1&seen=0&seenAds=,"{""live"": true, ""limit"": 100, ""gender"": ""A"", ""page_size"": 100, ""sort_code"": ""USED_SALE_PRICE_CHANGE_DATE"", ""category_id"": ""109004"", ""filter_name"": ""플리스"", ""filter_type"": ""material"", ""filter_label"": ""소재"", ""filter_value"": ""g_material^K5G86b9O8q37"", ""category_name"": ""원피스/스커트"", ""filter_parameter"": ""attributeMaterial"", ""observation_type"": ""FILTER""}",2026-09-28 08:02:33.793770+00:00,2026-10-05 08:02:33.835442+00:00,2026-09-18 03:12:29.039544+00:00,2026-09-18 03:12:29.039570+00:00
259,musinsa_used,무신사 USED,musinsa_used [FILTER>소재>천연가죽>원피스/스커트],RANKING,LIVE,True,10080,5,https://api.musinsa.com/api2/dp/v2/plp/goods?gf=A&attributeMaterial=g_material%5EmeapgFVZB5L2&sortCode=USED_SALE_PRICE_CHANGE_DATE&category=109004&size=30&testGroup=&ampGroup=&caller=CATEGORY&page=1&seen=0&seenAds=,"{""live"": true, ""limit"": 100, ""gender"": ""A"", ""page_size"": 100, ""sort_code"": ""USED_SALE_PRICE_CHANGE_DATE"", ""category_id"": ""109004"", ""filter_name"": ""천연가죽"", ""filter_type"": ""material"", ""filter_label"": ""소재"", ""filter_value"": ""g_material^meapgFVZB5L2"", ""category_name"": ""원피스/스커트"", ""filter_parameter"": ""attributeMaterial"", ""observation_type"": ""FILTER""}",2026-09-28 08:02:34.936759+00:00,2026-10-05 08:02:34.967322+00:00,2026-09-18 03:12:29.173287+00:00,2026-09-18 03:12:29.173312+00:00
260,musinsa_used,무신사 USED,musinsa_used [FILTER>패턴/무늬>단색>원피스/스커트],RANKING,LIVE,True,10080,5,https://api.musinsa.com/api2/dp/v2/plp/goods?gf=A&attributePattern=UkBJuUOWbLgc%5En4ehCSM2I6cn&sortCode=USED_SALE_PRICE_CHANGE_DATE&category=109004&size=30&testGroup=&ampGroup=&caller=CATEGORY&page=1&seen=0&seenAds=,"{""live"": true, ""limit"": 100, ""gender"": ""A"", ""page_size"": 100, ""sort_code"": ""USED_SALE_PRICE_CHANGE_DATE"", ""category_id"": ""109004"", ""filter_name"": ""단색"", ""filter_type"": ""pattern"", ""filter_label"": ""패턴/무늬"", ""filter_value"": ""UkBJuUOWbLgc^n4ehCSM2I6cn"", ""category_name"": ""원피스/스커트"", ""filter_parameter"": ""attributePattern"", ""observation_type"": ""FILTER""}",2026-09-28 08:04:04.534761+00:00,2026-10-05 08:04:04.569641+00:00,2026-09-18 03:12:29.286239+00:00,2026-09-18 03:28:23.878630+00:00
261,musinsa_used,무신사 USED,musinsa_used [FILTER>패턴/무늬>로고/그래픽>원피스/스커트],RANKING,LIVE,True,10080,5,https://api.musinsa.com/api2/dp/v2/plp/goods?gf=A&attributePattern=UkBJuUOWbLgc%5EhxbmRhPzNCbD&sortCode=USED_SALE_PRICE_CHANGE_DATE&category=109004&size=30&testGroup=&ampGroup=&caller=CATEGORY&page=1&seen=0&seenAds=,"{""live"": true, ""limit"": 100, ""gender"": ""A"", ""page_size"": 100, ""sort_code"": ""USED_SALE_PRICE_CHANGE_DATE"", ""category_id"": ""109004"", ""filter_name"": ""로고/그래픽"", ""filter_type"": ""pattern"", ""filter_label"": ""패턴/무늬"", ""filter_value"": ""UkBJuUOWbLgc^hxbmRhPzNCbD"", ""category_name"": ""원피스/스커트"", ""filter_parameter"": ""attributePattern"", ""observation_type"": ""FILTER""}",2026-09-28 08:04:07.104663+00:00,2026-10-05 08:04:07.146054+00:00,2026-09-18 03:12:29.391784+00:00,2026-09-18 03:28:24.214952+00:00
262,musinsa_used,무신사 USED,musinsa_used [FILTER>패턴/무늬>스트라이프>원피스/스커트],RANKING,LIVE,True,10080,5,https://api.musinsa.com/api2/dp/v2/plp/goods?gf=A&attributePattern=UkBJuUOWbLgc%5EYbhxtFSYTEGM&sortCode=USED_SALE_PRICE_CHANGE_DATE&category=109004&size=30&testGroup=&ampGroup=&caller=CATEGORY&page=1&seen=0&seenAds=,"{""live"": true, ""limit"": 100, ""gender"": ""A"", ""page_size"": 100, ""sort_code"": ""USED_SALE_PRICE_CHANGE_DATE"", ""category_id"": ""109004"", ""filter_name"": ""스트라이프"", ""filter_type"": ""pattern"", ""filter_label"": ""패턴/무늬"", ""filter_value"": ""UkBJuUOWbLgc^YbhxtFSYTEGM"", ""category_name"": ""원피스/스커트"", ""filter_parameter"": ""attributePattern"", ""observation_type"": ""FILTER""}",2026-09-28 08:04:13.451317+00:00,2026-10-05 08:04:13.496970+00:00,2026-09-18 03:12:29.497611+00:00,2026-09-18 03:28:24.145192+00:00
263,musinsa_used,무신사 USED,musinsa_used [FILTER>패턴/무늬>컬러블록>원피스/스커트],RANKING,LIVE,True,10080,5,https://api.musinsa.com/api2/dp/v2/plp/goods?gf=A&attributePattern=UkBJuUOWbLgc%5EuBYH5gy8WZsj&sortCode=USED_SALE_PRICE_CHANGE_DATE&category=109004&size=30&testGroup=&ampGroup=&caller=CATEGORY&page=1&seen=0&seenAds=,"{""live"": true, ""limit"": 100, ""gender"": ""A"", ""page_size"": 100, ""sort_code"": ""USED_SALE_PRICE_CHANGE_DATE"", ""category_id"": ""109004"", ""filter_name"": ""컬러블록"", ""filter_type"": ""pattern"", ""filter_label"": ""패턴/무늬"", ""filter_value"": ""UkBJuUOWbLgc^uBYH5gy8WZsj"", ""category_name"": ""원피스/스커트"", ""filter_parameter"": ""attributePattern"", ""observation_type"": ""FILTER""}",2026-09-28 08:04:15.653179+00:00,2026-10-05 08:04:15.688462+00:00,2026-09-18 03:12:29.634779+00:00,2026-09-18 03:28:24.429134+00:00
264,musinsa_used,무신사 USED,musinsa_used [FILTER>패턴/무늬>체크>원피스/스커트],RANKING,LIVE,True,10080,5,https://api.musinsa.com/api2/dp/v2/plp/goods?gf=A&attributePattern=UkBJuUOWbLgc%5E28crelau1gpm&sortCode=USED_SALE_PRICE_CHANGE_DATE&category=109004&size=30&testGroup=&ampGroup=&caller=CATEGORY&page=1&seen=0&seenAds=,"{""live"": true, ""limit"": 100, ""gender"": ""A"", ""page_size"": 100, ""sort_code"": ""USED_SALE_PRICE_CHANGE_DATE"", ""category_id"": ""109004"", ""filter_name"": ""체크"", ""filter_type"": ""pattern"", ""filter_label"": ""패턴/무늬"", ""filter_value"": ""UkBJuUOWbLgc^28crelau1gpm"", ""category_name"": ""원피스/스커트"", ""filter_parameter"": ""attributePattern"", ""observation_type"": ""FILTER""}",2026-09-28 08:04:24.610393+00:00,2026-10-05 08:04:24.645269+00:00,2026-09-18 03:12:29.763264+00:00,2026-09-18 03:28:24.062469+00:00
265,musinsa_used,무신사 USED,musinsa_used [FILTER>패턴/무늬>아가일>원피스/스커트],RANKING,LIVE,True,10080,5,https://api.musinsa.com/api2/dp/v2/plp/goods?gf=A&attributePattern=UkBJuUOWbLgc%5E5EpJbPkbald4&sortCode=USED_SALE_PRICE_CHANGE_DATE&category=109004&size=30&testGroup=&ampGroup=&caller=CATEGORY&page=1&seen=0&seenAds=,"{""live"": true, ""limit"": 100, ""gender"": ""A"", ""page_size"": 100, ""sort_code"": ""USED_SALE_PRICE_CHANGE_DATE"", ""category_id"": ""109004"", ""filter_name"": ""아가일"", ""filter_type"": ""pattern"", ""filter_label"": ""패턴/무늬"", ""filter_value"": ""UkBJuUOWbLgc^5EpJbPkbald4"", ""category_name"": ""원피스/스커트"", ""filter_parameter"": ""attributePattern"", ""observation_type"": ""FILTER""}",2026-09-28 08:04:25.739270+00:00,2026-10-05 08:04:25.792789+00:00,2026-09-18 03:12:29.863061+00:00,2026-09-18 03:12:29.863072+00:00
266,musinsa_used,무신사 USED,musinsa_used [FILTER>패턴/무늬>플라워>원피스/스커트],RANKING,LIVE,True,10080,5,https://api.musinsa.com/api2/dp/v2/plp/goods?gf=A&attributePattern=UkBJuUOWbLgc%5ETuYRkFqID44S&sortCode=USED_SALE_PRICE_CHANGE_DATE&category=109004&size=30&testGroup=&ampGroup=&caller=CATEGORY&page=1&seen=0&seenAds=,"{""live"": true, ""limit"": 100, ""gender"": ""A"", ""page_size"": 100, ""sort_code"": ""USED_SALE_PRICE_CHANGE_DATE"", ""category_id"": ""109004"", ""filter_name"": ""플라워"", ""filter_type"": ""pattern"", ""filter_label"": ""패턴/무늬"", ""filter_value"": ""UkBJuUOWbLgc^TuYRkFqID44S"", ""category_name"": ""원피스/스커트"", ""filter_parameter"": ""attributePattern"", ""observation_type"": ""FILTER""}",2026-09-28 08:04:34.991094+00:00,2026-10-05 08:04:35.033899+00:00,2026-09-18 03:12:29.986986+00:00,2026-09-18 03:28:23.968686+00:00
267,musinsa_used,무신사 USED,musinsa_used [FILTER>패턴/무늬>그라데이션>원피스/스커트],RANKING,LIVE,True,10080,5,https://api.musinsa.com/api2/dp/v2/plp/goods?gf=A&attributePattern=UkBJuUOWbLgc%5EKgqPH34X05eo&sortCode=USED_SALE_PRICE_CHANGE_DATE&category=109004&size=30&testGroup=&ampGroup=&caller=CATEGORY&page=1&seen=0&seenAds=,"{""live"": true, ""limit"": 100, ""gender"": ""A"", ""page_size"": 100, ""sort_code"": ""USED_SALE_PRICE_CHANGE_DATE"", ""category_id"": ""109004"", ""filter_name"": ""그라데이션"", ""filter_type"": ""pattern"", ""filter_label"": ""패턴/무늬"", ""filter_value"": ""UkBJuUOWbLgc^KgqPH34X05eo"", ""category_name"": ""원피스/스커트"", ""filter_parameter"": ""attributePattern"", ""observation_type"": ""FILTER""}",2026-09-28 08:04:36.284437+00:00,2026-10-05 08:04:36.335294+00:00,2026-09-18 03:12:30.103134+00:00,2026-09-18 03:12:30.103155+00:00
268,musinsa_used,무신사 USED,musinsa_used [FILTER>패턴/무늬>디스트로이드>원피스/스커트],RANKING,LIVE,True,10080,5,https://api.musinsa.com/api2/dp/v2/plp/goods?gf=A&attributePattern=UkBJuUOWbLgc%5EJtoTaJGxjrSV&sortCode=USED_SALE_PRICE_CHANGE_DATE&category=109004&size=30&testGroup=&ampGroup=&caller=CATEGORY&page=1&seen=0&seenAds=,"{""live"": true, ""limit"": 100, ""gender"": ""A"", ""page_size"": 100, ""sort_code"": ""USED_SALE_PRICE_CHANGE_DATE"", ""category_id"": ""109004"", ""filter_name"": ""디스트로이드"", ""filter_type"": ""pattern"", ""filter_label"": ""패턴/무늬"", ""filter_value"": ""UkBJuUOWbLgc^JtoTaJGxjrSV"", ""category_name"": ""원피스/스커트"", ""filter_parameter"": ""attributePattern"", ""observation_type"": ""FILTER""}",2026-09-28 08:04:37.596151+00:00,2026-10-05 08:04:37.645154+00:00,2026-09-18 03:12:30.215492+00:00,2026-09-18 03:12:30.215518+00:00
269,musinsa_used,무신사 USED,musinsa_used [FILTER>패턴/무늬>애니멀패턴>원피스/스커트],RANKING,LIVE,True,10080,5,https://api.musinsa.com/api2/dp/v2/plp/goods?gf=A&attributePattern=UkBJuUOWbLgc%5EJubJhUVJfISk&sortCode=USED_SALE_PRICE_CHANGE_DATE&category=109004&size=30&testGroup=&ampGroup=&caller=CATEGORY&page=1&seen=0&seenAds=,"{""live"": true, ""limit"": 100, ""gender"": ""A"", ""page_size"": 100, ""sort_code"": ""USED_SALE_PRICE_CHANGE_DATE"", ""category_id"": ""109004"", ""filter_name"": ""애니멀패턴"", ""filter_type"": ""pattern"", ""filter_label"": ""패턴/무늬"", ""filter_value"": ""UkBJuUOWbLgc^JubJhUVJfISk"", ""category_name"": ""원피스/스커트"", ""filter_parameter"": ""attributePattern"", ""observation_type"": ""FILTER""}",2026-09-28 08:04:40.260843+00:00,2026-10-05 08:04:40.295522+00:00,2026-09-18 03:12:30.339886+00:00,2026-09-18 03:28:24.290451+00:00
270,musinsa_used,무신사 USED,musinsa_used [FILTER>패턴/무늬>도트>원피스/스커트],RANKING,LIVE,True,10080,5,https://api.musinsa.com/api2/dp/v2/plp/goods?gf=A&attributePattern=UkBJuUOWbLgc%5Egv91Cmjk48cR&sortCode=USED_SALE_PRICE_CHANGE_DATE&category=109004&size=30&testGroup=&ampGroup=&caller=CATEGORY&page=1&seen=0&seenAds=,"{""live"": true, ""limit"": 100, ""gender"": ""A"", ""page_size"": 100, ""sort_code"": ""USED_SALE_PRICE_CHANGE_DATE"", ""category_id"": ""109004"", ""filter_name"": ""도트"", ""filter_type"": ""pattern"", ""filter_label"": ""패턴/무늬"", ""filter_value"": ""UkBJuUOWbLgc^gv91Cmjk48cR"", ""category_name"": ""원피스/스커트"", ""filter_parameter"": ""attributePattern"", ""observation_type"": ""FILTER""}",2026-09-28 08:04:43.026505+00:00,2026-10-05 08:04:43.063223+00:00,2026-09-18 03:12:30.448521+00:00,2026-09-18 03:28:24.361101+00:00
271,musinsa_used,무신사 USED,musinsa_used [FILTER>패턴/무늬>카모플라쥬>원피스/스커트],RANKING,LIVE,True,10080,5,https://api.musinsa.com/api2/dp/v2/plp/goods?gf=A&attributePattern=UkBJuUOWbLgc%5EOhggxkPatzUL&sortCode=USED_SALE_PRICE_CHANGE_DATE&category=109004&size=30&testGroup=&ampGroup=&caller=CATEGORY&page=1&seen=0&seenAds=,"{""live"": true, ""limit"": 100, ""gender"": ""A"", ""page_size"": 100, ""sort_code"": ""USED_SALE_PRICE_CHANGE_DATE"", ""category_id"": ""109004"", ""filter_name"": ""카모플라쥬"", ""filter_type"": ""pattern"", ""filter_label"": ""패턴/무늬"", ""filter_value"": ""UkBJuUOWbLgc^OhggxkPatzUL"", ""category_name"": ""원피스/스커트"", ""filter_parameter"": ""attributePattern"", ""observation_type"": ""FILTER""}",2026-09-28 08:04:44.134887+00:00,2026-10-05 08:04:44.423230+00:00,2026-09-18 03:12:30.561893+00:00,2026-09-18 03:12:30.561913+00:00
272,musinsa_used,무신사 USED,musinsa_used [FILTER>패턴/무늬>가먼트 다잉>원피스/스커트],RANKING,LIVE,True,10080,5,https://api.musinsa.com/api2/dp/v2/plp/goods?gf=A&attributePattern=UkBJuUOWbLgc%5EThLgF0I2xk9W&sortCode=USED_SALE_PRICE_CHANGE_DATE&category=109004&size=30&testGroup=&ampGroup=&caller=CATEGORY&page=1&seen=0&seenAds=,"{""live"": true, ""limit"": 100, ""gender"": ""A"", ""page_size"": 100, ""sort_code"": ""USED_SALE_PRICE_CHANGE_DATE"", ""category_id"": ""109004"", ""filter_name"": ""가먼트 다잉"", ""filter_type"": ""pattern"", ""filter_label"": ""패턴/무늬"", ""filter_value"": ""UkBJuUOWbLgc^ThLgF0I2xk9W"", ""category_name"": ""원피스/스커트"", ""filter_parameter"": ""attributePattern"", ""observation_type"": ""FILTER""}",2026-09-28 08:04:46.024170+00:00,2026-10-05 08:04:46.060476+00:00,2026-09-18 03:12:30.673260+00:00,2026-09-18 03:12:30.673533+00:00
273,musinsa_used,무신사 USED,musinsa_used [FILTER>패턴/무늬>하운드투스>원피스/스커트],RANKING,LIVE,True,10080,5,https://api.musinsa.com/api2/dp/v2/plp/goods?gf=A&attributePattern=UkBJuUOWbLgc%5ECFd4dcvCquhm&sortCode=USED_SALE_PRICE_CHANGE_DATE&category=109004&size=30&testGroup=&ampGroup=&caller=CATEGORY&page=1&seen=0&seenAds=,"{""live"": true, ""limit"": 100, ""gender"": ""A"", ""page_size"": 100, ""sort_code"": ""USED_SALE_PRICE_CHANGE_DATE"", ""category_id"": ""109004"", ""filter_name"": ""하운드투스"", ""filter_type"": ""pattern"", ""filter_label"": ""패턴/무늬"", ""filter_value"": ""UkBJuUOWbLgc^CFd4dcvCquhm"", ""category_name"": ""원피스/스커트"", ""filter_parameter"": ""attributePattern"", ""observation_type"": ""FILTER""}",2026-09-28 08:04:47.173352+00:00,2026-10-05 08:04:47.224936+00:00,2026-09-18 03:12:30.783740+00:00,2026-09-18 03:12:30.783752+00:00
274,musinsa_used,무신사 USED,musinsa_used [FILTER>패턴/무늬>헤링본>원피스/스커트],RANKING,LIVE,True,10080,5,https://api.musinsa.com/api2/dp/v2/plp/goods?gf=A&attributePattern=UkBJuUOWbLgc%5Er5K0zCg8jGiF&sortCode=USED_SALE_PRICE_CHANGE_DATE&category=109004&size=30&testGroup=&ampGroup=&caller=CATEGORY&page=1&seen=0&seenAds=,"{""live"": true, ""limit"": 100, ""gender"": ""A"", ""page_size"": 100, ""sort_code"": ""USED_SALE_PRICE_CHANGE_DATE"", ""category_id"": ""109004"", ""filter_name"": ""헤링본"", ""filter_type"": ""pattern"", ""filter_label"": ""패턴/무늬"", ""filter_value"": ""UkBJuUOWbLgc^r5K0zCg8jGiF"", ""category_name"": ""원피스/스커트"", ""filter_parameter"": ""attributePattern"", ""observation_type"": ""FILTER""}",2026-09-28 08:04:48.504697+00:00,2026-10-05 08:04:48.552752+00:00,2026-09-18 03:12:30.887078+00:00,2026-09-18 03:12:30.887098+00:00
275,musinsa_used,무신사 USED,musinsa_used [FILTER>패턴/무늬>타이다이>원피스/스커트],RANKING,LIVE,True,10080,5,https://api.musinsa.com/api2/dp/v2/plp/goods?gf=A&attributePattern=UkBJuUOWbLgc%5Eln9XgwTNBc6g&sortCode=USED_SALE_PRICE_CHANGE_DATE&category=109004&size=30&testGroup=&ampGroup=&caller=CATEGORY&page=1&seen=0&seenAds=,"{""live"": true, ""limit"": 100, ""gender"": ""A"", ""page_size"": 100, ""sort_code"": ""USED_SALE_PRICE_CHANGE_DATE"", ""category_id"": ""109004"", ""filter_name"": ""타이다이"", ""filter_type"": ""pattern"", ""filter_label"": ""패턴/무늬"", ""filter_value"": ""UkBJuUOWbLgc^ln9XgwTNBc6g"", ""category_name"": ""원피스/스커트"", ""filter_parameter"": ""attributePattern"", ""observation_type"": ""FILTER""}",2026-09-28 08:04:50.551332+00:00,2026-10-05 08:04:50.583746+00:00,2026-09-18 03:12:30.991211+00:00,2026-09-18 03:28:24.507843+00:00
276,musinsa_used,무신사 USED,musinsa_used [FILTER>패턴/무늬>니트패널>원피스/스커트],RANKING,LIVE,True,10080,5,https://api.musinsa.com/api2/dp/v2/plp/goods?gf=A&attributePattern=UkBJuUOWbLgc%5EMr48cnkBO9S7&sortCode=USED_SALE_PRICE_CHANGE_DATE&category=109004&size=30&testGroup=&ampGroup=&caller=CATEGORY&page=1&seen=0&seenAds=,"{""live"": true, ""limit"": 100, ""gender"": ""A"", ""page_size"": 100, ""sort_code"": ""USED_SALE_PRICE_CHANGE_DATE"", ""category_id"": ""109004"", ""filter_name"": ""니트패널"", ""filter_type"": ""pattern"", ""filter_label"": ""패턴/무늬"", ""filter_value"": ""UkBJuUOWbLgc^Mr48cnkBO9S7"", ""category_name"": ""원피스/스커트"", ""filter_parameter"": ""attributePattern"", ""observation_type"": ""FILTER""}",2026-09-28 08:04:51.783318+00:00,2026-10-05 08:04:51.811102+00:00,2026-09-18 03:12:31.091165+00:00,2026-09-18 03:12:31.091176+00:00
277,musinsa_used,무신사 USED,musinsa_used [FILTER>패턴/무늬>체커보드>원피스/스커트],RANKING,LIVE,True,10080,5,https://api.musinsa.com/api2/dp/v2/plp/goods?gf=A&attributePattern=UkBJuUOWbLgc%5EtytNCQTzb6Rv&sortCode=USED_SALE_PRICE_CHANGE_DATE&category=109004&size=30&testGroup=&ampGroup=&caller=CATEGORY&page=1&seen=0&seenAds=,"{""live"": true, ""limit"": 100, ""gender"": ""A"", ""page_size"": 100, ""sort_code"": ""USED_SALE_PRICE_CHANGE_DATE"", ""category_id"": ""109004"", ""filter_name"": ""체커보드"", ""filter_type"": ""pattern"", ""filter_label"": ""패턴/무늬"", ""filter_value"": ""UkBJuUOWbLgc^tytNCQTzb6Rv"", ""category_name"": ""원피스/스커트"", ""filter_parameter"": ""attributePattern"", ""observation_type"": ""FILTER""}",2026-09-28 08:04:52.896734+00:00,2026-10-05 08:04:52.927906+00:00,2026-09-18 03:12:31.190100+00:00,2026-09-18 03:12:31.190111+00:00
278,musinsa_used,무신사 USED,musinsa_used [FILTER>패턴/무늬>페이즐리>원피스/스커트],RANKING,LIVE,True,10080,5,https://api.musinsa.com/api2/dp/v2/plp/goods?gf=A&attributePattern=UkBJuUOWbLgc%5EbJeZa9JjVOQP&sortCode=USED_SALE_PRICE_CHANGE_DATE&category=109004&size=30&testGroup=&ampGroup=&caller=CATEGORY&page=1&seen=0&seenAds=,"{""live"": true, ""limit"": 100, ""gender"": ""A"", ""page_size"": 100, ""sort_code"": ""USED_SALE_PRICE_CHANGE_DATE"", ""category_id"": ""109004"", ""filter_name"": ""페이즐리"", ""filter_type"": ""pattern"", ""filter_label"": ""패턴/무늬"", ""filter_value"": ""UkBJuUOWbLgc^bJeZa9JjVOQP"", ""category_name"": ""원피스/스커트"", ""filter_parameter"": ""attributePattern"", ""observation_type"": ""FILTER""}",2026-09-28 08:04:54.234598+00:00,2026-10-05 08:04:54.274029+00:00,2026-09-18 03:12:31.289947+00:00,2026-09-18 03:12:31.289966+00:00
279,musinsa_used,무신사 USED,musinsa_used [FILTER>패턴/무늬>캐릭터>원피스/스커트],RANKING,LIVE,True,10080,5,https://api.musinsa.com/api2/dp/v2/plp/goods?gf=A&attributePattern=UkBJuUOWbLgc%5EAfrFDPnpKGwM&sortCode=USED_SALE_PRICE_CHANGE_DATE&category=109004&size=30&testGroup=&ampGroup=&caller=CATEGORY&page=1&seen=0&seenAds=,"{""live"": true, ""limit"": 100, ""gender"": ""A"", ""page_size"": 100, ""sort_code"": ""USED_SALE_PRICE_CHANGE_DATE"", ""category_id"": ""109004"", ""filter_name"": ""캐릭터"", ""filter_type"": ""pattern"", ""filter_label"": ""패턴/무늬"", ""filter_value"": ""UkBJuUOWbLgc^AfrFDPnpKGwM"", ""category_name"": ""원피스/스커트"", ""filter_parameter"": ""attributePattern"", ""observation_type"": ""FILTER""}",2026-09-28 08:04:55.524099+00:00,2026-10-05 08:04:55.565317+00:00,2026-09-18 03:12:31.383418+00:00,2026-09-18 03:12:31.383433+00:00
280,musinsa_used,무신사 USED,musinsa_used [FILTER>패턴/무늬>패치워크>원피스/스커트],RANKING,LIVE,True,10080,5,https://api.musinsa.com/api2/dp/v2/plp/goods?gf=A&attributePattern=UkBJuUOWbLgc%5EXM6n7zS0xuY8&sortCode=USED_SALE_PRICE_CHANGE_DATE&category=109004&size=30&testGroup=&ampGroup=&caller=CATEGORY&page=1&seen=0&seenAds=,"{""live"": true, ""limit"": 100, ""gender"": ""A"", ""page_size"": 100, ""sort_code"": ""USED_SALE_PRICE_CHANGE_DATE"", ""category_id"": ""109004"", ""filter_name"": ""패치워크"", ""filter_type"": ""pattern"", ""filter_label"": ""패턴/무늬"", ""filter_value"": ""UkBJuUOWbLgc^XM6n7zS0xuY8"", ""category_name"": ""원피스/스커트"", ""filter_parameter"": ""attributePattern"", ""observation_type"": ""FILTER""}",2026-09-28 08:04:56.643481+00:00,2026-10-05 08:04:56.681149+00:00,2026-09-18 03:12:31.492049+00:00,2026-09-18 03:12:31.492072+00:00
281,musinsa_used,무신사 USED,musinsa_used [FILTER>핏>기본>원피스/스커트],RANKING,LIVE,True,10080,5,https://api.musinsa.com/api2/dp/v2/plp/goods?gf=A&attributeFit=g_fit%5Ex7imVBxHnpKM&sortCode=USED_SALE_PRICE_CHANGE_DATE&category=109004&size=30&testGroup=&ampGroup=&caller=CATEGORY&page=1&seen=0&seenAds=,"{""live"": true, ""limit"": 100, ""gender"": ""A"", ""page_size"": 100, ""sort_code"": ""USED_SALE_PRICE_CHANGE_DATE"", ""category_id"": ""109004"", ""filter_name"": ""기본"", ""filter_type"": ""fit"", ""filter_label"": ""핏"", ""filter_value"": ""g_fit^x7imVBxHnpKM"", ""category_name"": ""원피스/스커트"", ""filter_parameter"": ""attributeFit"", ""observation_type"": ""FILTER""}",2026-09-28 08:04:57.739274+00:00,2026-10-05 08:04:57.769620+00:00,2026-09-18 03:12:31.591055+00:00,2026-09-18 03:12:31.591066+00:00
282,musinsa_used,무신사 USED,musinsa_used [FILTER>핏>오버>원피스/스커트],RANKING,LIVE,True,10080,5,https://api.musinsa.com/api2/dp/v2/plp/goods?gf=A&attributeFit=g_fit%5ES5JWveeUyrw4&sortCode=USED_SALE_PRICE_CHANGE_DATE&category=109004&size=30&testGroup=&ampGroup=&caller=CATEGORY&page=1&seen=0&seenAds=,"{""live"": true, ""limit"": 100, ""gender"": ""A"", ""page_size"": 100, ""sort_code"": ""USED_SALE_PRICE_CHANGE_DATE"", ""category_id"": ""109004"", ""filter_name"": ""오버"", ""filter_type"": ""fit"", ""filter_label"": ""핏"", ""filter_value"": ""g_fit^S5JWveeUyrw4"", ""category_name"": ""원피스/스커트"", ""filter_parameter"": ""attributeFit"", ""observation_type"": ""FILTER""}",2026-09-28 08:04:58.919125+00:00,2026-10-05 08:04:58.953598+00:00,2026-09-18 03:12:31.687194+00:00,2026-09-18 03:12:31.687206+00:00
283,musinsa_used,무신사 USED,musinsa_used [FILTER>핏>와이드>원피스/스커트],RANKING,LIVE,True,10080,5,https://api.musinsa.com/api2/dp/v2/plp/goods?gf=A&attributeFit=g_fit%5E1G1BTZmN9RnS&sortCode=USED_SALE_PRICE_CHANGE_DATE&category=109004&size=30&testGroup=&ampGroup=&caller=CATEGORY&page=1&seen=0&seenAds=,"{""live"": true, ""limit"": 100, ""gender"": ""A"", ""page_size"": 100, ""sort_code"": ""USED_SALE_PRICE_CHANGE_DATE"", ""category_id"": ""109004"", ""filter_name"": ""와이드"", ""filter_type"": ""fit"", ""filter_label"": ""핏"", ""filter_value"": ""g_fit^1G1BTZmN9RnS"", ""category_name"": ""원피스/스커트"", ""filter_parameter"": ""attributeFit"", ""observation_type"": ""FILTER""}",2026-09-28 08:04:59.949053+00:00,2026-10-05 08:04:59.989088+00:00,2026-09-18 03:12:31.798143+00:00,2026-09-18 03:12:31.798163+00:00
284,musinsa_used,무신사 USED,musinsa_used [FILTER>핏>스트레이트>원피스/스커트],RANKING,LIVE,True,10080,5,https://api.musinsa.com/api2/dp/v2/plp/goods?gf=A&attributeFit=g_fit%5EN5LCh096O1MN&sortCode=USED_SALE_PRICE_CHANGE_DATE&category=109004&size=30&testGroup=&ampGroup=&caller=CATEGORY&page=1&seen=0&seenAds=,"{""live"": true, ""limit"": 100, ""gender"": ""A"", ""page_size"": 100, ""sort_code"": ""USED_SALE_PRICE_CHANGE_DATE"", ""category_id"": ""109004"", ""filter_name"": ""스트레이트"", ""filter_type"": ""fit"", ""filter_label"": ""핏"", ""filter_value"": ""g_fit^N5LCh096O1MN"", ""category_name"": ""원피스/스커트"", ""filter_parameter"": ""attributeFit"", ""observation_type"": ""FILTER""}",2026-09-28 08:05:01.489657+00:00,2026-10-05 08:05:01.531074+00:00,2026-09-18 03:12:31.919837+00:00,2026-09-18 03:12:31.919863+00:00
285,musinsa_used,무신사 USED,musinsa_used [FILTER>핏>슬림>원피스/스커트],RANKING,LIVE,True,10080,5,https://api.musinsa.com/api2/dp/v2/plp/goods?gf=A&attributeFit=g_fit%5E1ev2RqRx5OKT.efMbpVoTf7eV&sortCode=USED_SALE_PRICE_CHANGE_DATE&category=109004&size=30&testGroup=&ampGroup=&caller=CATEGORY&page=1&seen=0&seenAds=,"{""live"": true, ""limit"": 100, ""gender"": ""A"", ""page_size"": 100, ""sort_code"": ""USED_SALE_PRICE_CHANGE_DATE"", ""category_id"": ""109004"", ""filter_name"": ""슬림"", ""filter_type"": ""fit"", ""filter_label"": ""핏"", ""filter_value"": ""g_fit^1ev2RqRx5OKT.efMbpVoTf7eV"", ""category_name"": ""원피스/스커트"", ""filter_parameter"": ""attributeFit"", ""observation_type"": ""FILTER""}",2026-09-28 08:05:02.676648+00:00,2026-10-05 08:05:02.717708+00:00,2026-09-18 03:12:32.053296+00:00,2026-09-18 03:12:32.053318+00:00
286,musinsa_used,무신사 USED,musinsa_used [FILTER>핏>테이퍼드>원피스/스커트],RANKING,LIVE,True,10080,5,https://api.musinsa.com/api2/dp/v2/plp/goods?gf=A&attributeFit=g_fit%5EJzpcZkg1YWBw&sortCode=USED_SALE_PRICE_CHANGE_DATE&category=109004&size=30&testGroup=&ampGroup=&caller=CATEGORY&page=1&seen=0&seenAds=,"{""live"": true, ""limit"": 100, ""gender"": ""A"", ""page_size"": 100, ""sort_code"": ""USED_SALE_PRICE_CHANGE_DATE"", ""category_id"": ""109004"", ""filter_name"": ""테이퍼드"", ""filter_type"": ""fit"", ""filter_label"": ""핏"", ""filter_value"": ""g_fit^JzpcZkg1YWBw"", ""category_name"": ""원피스/스커트"", ""filter_parameter"": ""attributeFit"", ""observation_type"": ""FILTER""}",2026-09-28 08:05:03.812788+00:00,2026-10-05 08:05:03.846839+00:00,2026-09-18 03:12:32.147749+00:00,2026-09-18 03:12:32.147764+00:00
287,musinsa_used,무신사 USED,musinsa_used [FILTER>핏>부츠컷>원피스/스커트],RANKING,LIVE,True,10080,5,https://api.musinsa.com/api2/dp/v2/plp/goods?gf=A&attributeFit=g_fit%5ESfRNI13wsS0E&sortCode=USED_SALE_PRICE_CHANGE_DATE&category=109004&size=30&testGroup=&ampGroup=&caller=CATEGORY&page=1&seen=0&seenAds=,"{""live"": true, ""limit"": 100, ""gender"": ""A"", ""page_size"": 100, ""sort_code"": ""USED_SALE_PRICE_CHANGE_DATE"", ""category_id"": ""109004"", ""filter_name"": ""부츠컷"", ""filter_type"": ""fit"", ""filter_label"": ""핏"", ""filter_value"": ""g_fit^SfRNI13wsS0E"", ""category_name"": ""원피스/스커트"", ""filter_parameter"": ""attributeFit"", ""observation_type"": ""FILTER""}",2026-09-28 08:05:05.115273+00:00,2026-10-05 08:05:05.158760+00:00,2026-09-18 03:12:32.251334+00:00,2026-09-18 03:12:32.251345+00:00
288,musinsa_used,무신사 USED,musinsa_used [FILTER>핏>배기>원피스/스커트],RANKING,LIVE,True,10080,5,https://api.musinsa.com/api2/dp/v2/plp/goods?gf=A&attributeFit=g_fit%5ECsiPJVvpAAEz&sortCode=USED_SALE_PRICE_CHANGE_DATE&category=109004&size=30&testGroup=&ampGroup=&caller=CATEGORY&page=1&seen=0&seenAds=,"{""live"": true, ""limit"": 100, ""gender"": ""A"", ""page_size"": 100, ""sort_code"": ""USED_SALE_PRICE_CHANGE_DATE"", ""category_id"": ""109004"", ""filter_name"": ""배기"", ""filter_type"": ""fit"", ""filter_label"": ""핏"", ""filter_value"": ""g_fit^CsiPJVvpAAEz"", ""category_name"": ""원피스/스커트"", ""filter_parameter"": ""attributeFit"", ""observation_type"": ""FILTER""}",2026-09-28 08:05:06.257240+00:00,2026-10-05 08:05:06.295186+00:00,2026-09-18 03:12:32.349602+00:00,2026-09-18 03:12:32.349615+00:00
289,musinsa_used,무신사 USED,musinsa_used [FILTER>핏>조거>원피스/스커트],RANKING,LIVE,True,10080,5,https://api.musinsa.com/api2/dp/v2/plp/goods?gf=A&attributeFit=g_fit%5E3UJZaBRKjYqI&sortCode=USED_SALE_PRICE_CHANGE_DATE&category=109004&size=30&testGroup=&ampGroup=&caller=CATEGORY&page=1&seen=0&seenAds=,"{""live"": true, ""limit"": 100, ""gender"": ""A"", ""page_size"": 100, ""sort_code"": ""USED_SALE_PRICE_CHANGE_DATE"", ""category_id"": ""109004"", ""filter_name"": ""조거"", ""filter_type"": ""fit"", ""filter_label"": ""핏"", ""filter_value"": ""g_fit^3UJZaBRKjYqI"", ""category_name"": ""원피스/스커트"", ""filter_parameter"": ""attributeFit"", ""observation_type"": ""FILTER""}",2026-09-28 08:05:07.295122+00:00,2026-10-05 08:05:07.328139+00:00,2026-09-18 03:12:32.449056+00:00,2026-09-18 03:12:32.449076+00:00
290,musinsa_used,무신사 USED,musinsa_used [FILTER>컬러>다크 그레이>상의],RANKING,LIVE,True,1440,5,https://api.musinsa.com/api2/dp/v2/plp/goods?gf=A&color=DARKGREY&sortCode=USED_SALE_PRICE_CHANGE_DATE&category=109001&size=30&testGroup=&ampGroup=&caller=CATEGORY&page=1&seen=0&seenAds=,"{""live"": true, ""limit"": 100, ""gender"": ""A"", ""page_size"": 30, ""sort_code"": ""USED_SALE_PRICE_CHANGE_DATE"", ""category_id"": ""109001"", ""filter_name"": ""다크 그레이"", ""filter_type"": ""color"", ""filter_label"": ""컬러"", ""filter_value"": ""DARKGREY"", ""category_name"": ""상의"", ""filter_parameter"": ""color"", ""observation_type"": ""FILTER""}",2026-09-28 08:06:27.527555+00:00,2026-09-29 08:06:27.568637+00:00,2026-09-18 03:27:49.381887+00:00,2026-09-18 03:43:53.099967+00:00
291,musinsa_used,무신사 USED,musinsa_used [FILTER>컬러>블랙>상의],RANKING,LIVE,True,1440,5,https://api.musinsa.com/api2/dp/v2/plp/goods?gf=A&color=BLACK&sortCode=USED_SALE_PRICE_CHANGE_DATE&category=109001&size=30&testGroup=&ampGroup=&caller=CATEGORY&page=1&seen=0&seenAds=,"{""live"": true, ""limit"": 100, ""gender"": ""A"", ""page_size"": 30, ""sort_code"": ""USED_SALE_PRICE_CHANGE_DATE"", ""category_id"": ""109001"", ""filter_name"": ""블랙"", ""filter_type"": ""color"", ""filter_label"": ""컬러"", ""filter_value"": ""BLACK"", ""category_name"": ""상의"", ""filter_parameter"": ""color"", ""observation_type"": ""FILTER""}",2026-09-28 08:07:47.127490+00:00,2026-09-29 08:07:47.174489+00:00,2026-09-18 03:27:49.486627+00:00,2026-09-18 03:43:53.181065+00:00
292,musinsa_used,무신사 USED,musinsa_used [FILTER>컬러>아이보리>상의],RANKING,LIVE,True,1440,5,https://api.musinsa.com/api2/dp/v2/plp/goods?gf=A&color=IVORY&sortCode=USED_SALE_PRICE_CHANGE_DATE&category=109001&size=30&testGroup=&ampGroup=&caller=CATEGORY&page=1&seen=0&seenAds=,"{""live"": true, ""limit"": 100, ""gender"": ""A"", ""page_size"": 30, ""sort_code"": ""USED_SALE_PRICE_CHANGE_DATE"", ""category_id"": ""109001"", ""filter_name"": ""아이보리"", ""filter_type"": ""color"", ""filter_label"": ""컬러"", ""filter_value"": ""IVORY"", ""category_name"": ""상의"", ""filter_parameter"": ""color"", ""observation_type"": ""FILTER""}",2026-09-28 08:09:07.127423+00:00,2026-09-29 08:09:07.158487+00:00,2026-09-18 03:27:49.603474+00:00,2026-09-18 03:43:53.250663+00:00
293,musinsa_used,무신사 USED,musinsa_used [FILTER>컬러>다크 네이비>상의],RANKING,LIVE,True,1440,5,https://api.musinsa.com/api2/dp/v2/plp/goods?gf=A&color=DARKNAVY&sortCode=USED_SALE_PRICE_CHANGE_DATE&category=109001&size=30&testGroup=&ampGroup=&caller=CATEGORY&page=1&seen=0&seenAds=,"{""live"": true, ""limit"": 100, ""gender"": ""A"", ""page_size"": 30, ""sort_code"": ""USED_SALE_PRICE_CHANGE_DATE"", ""category_id"": ""109001"", ""filter_name"": ""다크 네이비"", ""filter_type"": ""color"", ""filter_label"": ""컬러"", ""filter_value"": ""DARKNAVY"", ""category_name"": ""상의"", ""filter_parameter"": ""color"", ""observation_type"": ""FILTER""}",2026-09-28 08:13:27.736287+00:00,2026-09-29 08:13:28.223500+00:00,2026-09-18 03:27:49.724421+00:00,2026-09-18 03:43:53.323150+00:00
294,musinsa_used,무신사 USED,musinsa_used [FILTER>컬러>라이트 그레이>상의],RANKING,LIVE,True,1440,5,https://api.musinsa.com/api2/dp/v2/plp/goods?gf=A&color=LIGHTGREY&sortCode=USED_SALE_PRICE_CHANGE_DATE&category=109001&size=30&testGroup=&ampGroup=&caller=CATEGORY&page=1&seen=0&seenAds=,"{""live"": true, ""limit"": 100, ""gender"": ""A"", ""page_size"": 30, ""sort_code"": ""USED_SALE_PRICE_CHANGE_DATE"", ""category_id"": ""109001"", ""filter_name"": ""라이트 그레이"", ""filter_type"": ""color"", ""filter_label"": ""컬러"", ""filter_value"": ""LIGHTGREY"", ""category_name"": ""상의"", ""filter_parameter"": ""color"", ""observation_type"": ""FILTER""}",2026-09-28 08:16:26.898540+00:00,2026-09-29 08:16:26.926639+00:00,2026-09-18 03:27:49.847247+00:00,2026-09-18 03:43:53.389336+00:00
295,musinsa_used,무신사 USED,musinsa_used [FILTER>컬러>화이트>상의],RANKING,LIVE,True,1440,5,https://api.musinsa.com/api2/dp/v2/plp/goods?gf=A&color=WHITE&sortCode=USED_SALE_PRICE_CHANGE_DATE&category=109001&size=30&testGroup=&ampGroup=&caller=CATEGORY&page=1&seen=0&seenAds=,"{""live"": true, ""limit"": 100, ""gender"": ""A"", ""page_size"": 30, ""sort_code"": ""USED_SALE_PRICE_CHANGE_DATE"", ""category_id"": ""109001"", ""filter_name"": ""화이트"", ""filter_type"": ""color"", ""filter_label"": ""컬러"", ""filter_value"": ""WHITE"", ""category_name"": ""상의"", ""filter_parameter"": ""color"", ""observation_type"": ""FILTER""}",2026-09-28 08:17:43.525446+00:00,2026-09-29 08:17:43.561124+00:00,2026-09-18 03:27:49.956612+00:00,2026-09-18 03:43:53.453188+00:00
296,musinsa_used,무신사 USED,musinsa_used [FILTER>컬러>베이지>상의],RANKING,LIVE,True,1440,5,https://api.musinsa.com/api2/dp/v2/plp/goods?gf=A&color=BEIGE&sortCode=USED_SALE_PRICE_CHANGE_DATE&category=109001&size=30&testGroup=&ampGroup=&caller=CATEGORY&page=1&seen=0&seenAds=,"{""live"": true, ""limit"": 100, ""gender"": ""A"", ""page_size"": 30, ""sort_code"": ""USED_SALE_PRICE_CHANGE_DATE"", ""category_id"": ""109001"", ""filter_name"": ""베이지"", ""filter_type"": ""color"", ""filter_label"": ""컬러"", ""filter_value"": ""BEIGE"", ""category_name"": ""상의"", ""filter_parameter"": ""color"", ""observation_type"": ""FILTER""}",2026-09-28 08:19:04.804468+00:00,2026-09-29 08:19:04.834600+00:00,2026-09-18 03:27:50.063780+00:00,2026-09-18 03:43:53.532948+00:00
297,musinsa_used,무신사 USED,musinsa_used [FILTER>컬러>스카이 블루>상의],RANKING,LIVE,True,1440,5,https://api.musinsa.com/api2/dp/v2/plp/goods?gf=A&color=SKYBLUE&sortCode=USED_SALE_PRICE_CHANGE_DATE&category=109001&size=30&testGroup=&ampGroup=&caller=CATEGORY&page=1&seen=0&seenAds=,"{""live"": true, ""limit"": 100, ""gender"": ""A"", ""page_size"": 30, ""sort_code"": ""USED_SALE_PRICE_CHANGE_DATE"", ""category_id"": ""109001"", ""filter_name"": ""스카이 블루"", ""filter_type"": ""color"", ""filter_label"": ""컬러"", ""filter_value"": ""SKYBLUE"", ""category_name"": ""상의"", ""filter_parameter"": ""color"", ""observation_type"": ""FILTER""}",2026-09-28 08:20:34.699940+00:00,2026-09-29 08:20:34.739271+00:00,2026-09-18 03:27:50.188372+00:00,2026-09-18 03:43:53.598346+00:00
298,musinsa_used,무신사 USED,musinsa_used [FILTER>컬러>다크 브라운>상의],RANKING,LIVE,True,1440,5,https://api.musinsa.com/api2/dp/v2/plp/goods?gf=A&color=DARKBROWN&sortCode=USED_SALE_PRICE_CHANGE_DATE&category=109001&size=30&testGroup=&ampGroup=&caller=CATEGORY&page=1&seen=0&seenAds=,"{""live"": true, ""limit"": 100, ""gender"": ""A"", ""page_size"": 30, ""sort_code"": ""USED_SALE_PRICE_CHANGE_DATE"", ""category_id"": ""109001"", ""filter_name"": ""다크 브라운"", ""filter_type"": ""color"", ""filter_label"": ""컬러"", ""filter_value"": ""DARKBROWN"", ""category_name"": ""상의"", ""filter_parameter"": ""color"", ""observation_type"": ""FILTER""}",2026-09-28 08:22:03.910782+00:00,2026-09-29 08:22:03.944058+00:00,2026-09-18 03:27:50.295544+00:00,2026-09-18 03:43:53.674843+00:00
299,musinsa_used,무신사 USED,musinsa_used [FILTER>컬러>그레이>상의],RANKING,LIVE,True,1440,5,https://api.musinsa.com/api2/dp/v2/plp/goods?gf=A&color=GRAY&sortCode=USED_SALE_PRICE_CHANGE_DATE&category=109001&size=30&testGroup=&ampGroup=&caller=CATEGORY&page=1&seen=0&seenAds=,"{""live"": true, ""limit"": 100, ""gender"": ""A"", ""page_size"": 30, ""sort_code"": ""USED_SALE_PRICE_CHANGE_DATE"", ""category_id"": ""109001"", ""filter_name"": ""그레이"", ""filter_type"": ""color"", ""filter_label"": ""컬러"", ""filter_value"": ""GRAY"", ""category_name"": ""상의"", ""filter_parameter"": ""color"", ""observation_type"": ""FILTER""}",2026-09-28 08:23:31.454727+00:00,2026-09-29 08:23:31.484179+00:00,2026-09-18 03:27:50.407970+00:00,2026-09-18 03:43:53.746384+00:00
300,musinsa_used,무신사 USED,musinsa_used [FILTER>컬러>오트밀>상의],RANKING,LIVE,True,1440,5,https://api.musinsa.com/api2/dp/v2/plp/goods?gf=A&color=OATMEAL&sortCode=USED_SALE_PRICE_CHANGE_DATE&category=109001&size=30&testGroup=&ampGroup=&caller=CATEGORY&page=1&seen=0&seenAds=,"{""live"": true, ""limit"": 100, ""gender"": ""A"", ""page_size"": 30, ""sort_code"": ""USED_SALE_PRICE_CHANGE_DATE"", ""category_id"": ""109001"", ""filter_name"": ""오트밀"", ""filter_type"": ""color"", ""filter_label"": ""컬러"", ""filter_value"": ""OATMEAL"", ""category_name"": ""상의"", ""filter_parameter"": ""color"", ""observation_type"": ""FILTER""}",2026-09-28 08:24:50.420746+00:00,2026-09-29 08:24:50.453927+00:00,2026-09-18 03:27:50.501742+00:00,2026-09-18 03:43:53.833360+00:00
301,musinsa_used,무신사 USED,musinsa_used [FILTER>컬러>라이트 핑크>상의],RANKING,LIVE,True,1440,5,https://api.musinsa.com/api2/dp/v2/plp/goods?gf=A&color=LIGHTPINK&sortCode=USED_SALE_PRICE_CHANGE_DATE&category=109001&size=30&testGroup=&ampGroup=&caller=CATEGORY&page=1&seen=0&seenAds=,"{""live"": true, ""limit"": 100, ""gender"": ""A"", ""page_size"": 30, ""sort_code"": ""USED_SALE_PRICE_CHANGE_DATE"", ""category_id"": ""109001"", ""filter_name"": ""라이트 핑크"", ""filter_type"": ""color"", ""filter_label"": ""컬러"", ""filter_value"": ""LIGHTPINK"", ""category_name"": ""상의"", ""filter_parameter"": ""color"", ""observation_type"": ""FILTER""}",2026-09-28 08:26:27.818215+00:00,2026-09-29 08:26:27.856536+00:00,2026-09-18 03:27:50.612871+00:00,2026-09-18 03:43:53.918028+00:00
302,musinsa_used,무신사 USED,musinsa_used [FILTER>컬러>다크 블루>상의],RANKING,LIVE,True,1440,5,https://api.musinsa.com/api2/dp/v2/plp/goods?gf=A&color=DARKBLUE&sortCode=USED_SALE_PRICE_CHANGE_DATE&category=109001&size=30&testGroup=&ampGroup=&caller=CATEGORY&page=1&seen=0&seenAds=,"{""live"": true, ""limit"": 100, ""gender"": ""A"", ""page_size"": 30, ""sort_code"": ""USED_SALE_PRICE_CHANGE_DATE"", ""category_id"": ""109001"", ""filter_name"": ""다크 블루"", ""filter_type"": ""color"", ""filter_label"": ""컬러"", ""filter_value"": ""DARKBLUE"", ""category_name"": ""상의"", ""filter_parameter"": ""color"", ""observation_type"": ""FILTER""}",2026-09-28 08:27:51.366210+00:00,2026-09-29 08:27:51.413299+00:00,2026-09-18 03:27:50.717132+00:00,2026-09-18 03:43:53.991147+00:00
303,musinsa_used,무신사 USED,musinsa_used [FILTER>컬러>레드>상의],RANKING,LIVE,True,1440,5,https://api.musinsa.com/api2/dp/v2/plp/goods?gf=A&color=RED&sortCode=USED_SALE_PRICE_CHANGE_DATE&category=109001&size=30&testGroup=&ampGroup=&caller=CATEGORY&page=1&seen=0&seenAds=,"{""live"": true, ""limit"": 100, ""gender"": ""A"", ""page_size"": 30, ""sort_code"": ""USED_SALE_PRICE_CHANGE_DATE"", ""category_id"": ""109001"", ""filter_name"": ""레드"", ""filter_type"": ""color"", ""filter_label"": ""컬러"", ""filter_value"": ""RED"", ""category_name"": ""상의"", ""filter_parameter"": ""color"", ""observation_type"": ""FILTER""}",2026-09-28 08:29:12.755575+00:00,2026-09-29 08:29:12.797098+00:00,2026-09-18 03:27:50.827468+00:00,2026-09-18 03:43:54.065835+00:00
304,musinsa_used,무신사 USED,musinsa_used [FILTER>컬러>다크 베이지>상의],RANKING,LIVE,True,1440,5,https://api.musinsa.com/api2/dp/v2/plp/goods?gf=A&color=DARKBEIGE&sortCode=USED_SALE_PRICE_CHANGE_DATE&category=109001&size=30&testGroup=&ampGroup=&caller=CATEGORY&page=1&seen=0&seenAds=,"{""live"": true, ""limit"": 100, ""gender"": ""A"", ""page_size"": 30, ""sort_code"": ""USED_SALE_PRICE_CHANGE_DATE"", ""category_id"": ""109001"", ""filter_name"": ""다크 베이지"", ""filter_type"": ""color"", ""filter_label"": ""컬러"", ""filter_value"": ""DARKBEIGE"", ""category_name"": ""상의"", ""filter_parameter"": ""color"", ""observation_type"": ""FILTER""}",2026-09-28 08:31:14.347917+00:00,2026-09-29 08:31:14.386838+00:00,2026-09-18 03:27:50.938270+00:00,2026-09-18 03:43:54.138504+00:00
305,musinsa_used,무신사 USED,musinsa_used [FILTER>컬러>네이비>상의],RANKING,LIVE,True,1440,5,https://api.musinsa.com/api2/dp/v2/plp/goods?gf=A&color=NAVY&sortCode=USED_SALE_PRICE_CHANGE_DATE&category=109001&size=30&testGroup=&ampGroup=&caller=CATEGORY&page=1&seen=0&seenAds=,"{""live"": true, ""limit"": 100, ""gender"": ""A"", ""page_size"": 30, ""sort_code"": ""USED_SALE_PRICE_CHANGE_DATE"", ""category_id"": ""109001"", ""filter_name"": ""네이비"", ""filter_type"": ""color"", ""filter_label"": ""컬러"", ""filter_value"": ""NAVY"", ""category_name"": ""상의"", ""filter_parameter"": ""color"", ""observation_type"": ""FILTER""}",2026-09-28 08:32:56.367401+00:00,2026-09-29 08:32:56.400550+00:00,2026-09-18 03:27:51.043186+00:00,2026-09-18 03:43:54.212281+00:00
306,musinsa_used,무신사 USED,musinsa_used [FILTER>컬러>라이트 브라운>상의],RANKING,LIVE,True,1440,5,https://api.musinsa.com/api2/dp/v2/plp/goods?gf=A&color=LIGHTBROWN&sortCode=USED_SALE_PRICE_CHANGE_DATE&category=109001&size=30&testGroup=&ampGroup=&caller=CATEGORY&page=1&seen=0&seenAds=,"{""live"": true, ""limit"": 100, ""gender"": ""A"", ""page_size"": 30, ""sort_code"": ""USED_SALE_PRICE_CHANGE_DATE"", ""category_id"": ""109001"", ""filter_name"": ""라이트 브라운"", ""filter_type"": ""color"", ""filter_label"": ""컬러"", ""filter_value"": ""LIGHTBROWN"", ""category_name"": ""상의"", ""filter_parameter"": ""color"", ""observation_type"": ""FILTER""}",2026-09-28 08:34:26.575020+00:00,2026-09-29 08:34:26.615869+00:00,2026-09-18 03:27:51.192732+00:00,2026-09-18 03:43:54.285567+00:00
307,musinsa_used,무신사 USED,musinsa_used [FILTER>컬러>블루>상의],RANKING,LIVE,True,1440,5,https://api.musinsa.com/api2/dp/v2/plp/goods?gf=A&color=BLUE&sortCode=USED_SALE_PRICE_CHANGE_DATE&category=109001&size=30&testGroup=&ampGroup=&caller=CATEGORY&page=1&seen=0&seenAds=,"{""live"": true, ""limit"": 100, ""gender"": ""A"", ""page_size"": 30, ""sort_code"": ""USED_SALE_PRICE_CHANGE_DATE"", ""category_id"": ""109001"", ""filter_name"": ""블루"", ""filter_type"": ""color"", ""filter_label"": ""컬러"", ""filter_value"": ""BLUE"", ""category_name"": ""상의"", ""filter_parameter"": ""color"", ""observation_type"": ""FILTER""}",2026-09-28 08:36:02.703424+00:00,2026-09-29 08:36:02.753361+00:00,2026-09-18 03:27:51.315733+00:00,2026-09-18 03:43:54.352117+00:00
308,musinsa_used,무신사 USED,musinsa_used [FILTER>컬러>다크 그린>상의],RANKING,LIVE,True,1440,5,https://api.musinsa.com/api2/dp/v2/plp/goods?gf=A&color=DARKGREEN&sortCode=USED_SALE_PRICE_CHANGE_DATE&category=109001&size=30&testGroup=&ampGroup=&caller=CATEGORY&page=1&seen=0&seenAds=,"{""live"": true, ""limit"": 100, ""gender"": ""A"", ""page_size"": 30, ""sort_code"": ""USED_SALE_PRICE_CHANGE_DATE"", ""category_id"": ""109001"", ""filter_name"": ""다크 그린"", ""filter_type"": ""color"", ""filter_label"": ""컬러"", ""filter_value"": ""DARKGREEN"", ""category_name"": ""상의"", ""filter_parameter"": ""color"", ""observation_type"": ""FILTER""}",2026-09-28 08:37:44.166662+00:00,2026-09-29 08:37:44.203452+00:00,2026-09-18 03:27:51.409464+00:00,2026-09-18 03:43:54.429167+00:00
309,musinsa_used,무신사 USED,musinsa_used [FILTER>컬러>라벤더>상의],RANKING,LIVE,True,1440,5,https://api.musinsa.com/api2/dp/v2/plp/goods?gf=A&color=LAVENDER&sortCode=USED_SALE_PRICE_CHANGE_DATE&category=109001&size=30&testGroup=&ampGroup=&caller=CATEGORY&page=1&seen=0&seenAds=,"{""live"": true, ""limit"": 100, ""gender"": ""A"", ""page_size"": 30, ""sort_code"": ""USED_SALE_PRICE_CHANGE_DATE"", ""category_id"": ""109001"", ""filter_name"": ""라벤더"", ""filter_type"": ""color"", ""filter_label"": ""컬러"", ""filter_value"": ""LAVENDER"", ""category_name"": ""상의"", ""filter_parameter"": ""color"", ""observation_type"": ""FILTER""}",2026-09-28 08:39:16.845891+00:00,2026-09-29 08:39:16.883392+00:00,2026-09-18 03:27:51.560036+00:00,2026-09-18 03:43:54.504373+00:00
310,musinsa_used,무신사 USED,musinsa_used [FILTER>컬러>퍼플>상의],RANKING,LIVE,True,1440,5,https://api.musinsa.com/api2/dp/v2/plp/goods?gf=A&color=PURPLE&sortCode=USED_SALE_PRICE_CHANGE_DATE&category=109001&size=30&testGroup=&ampGroup=&caller=CATEGORY&page=1&seen=0&seenAds=,"{""live"": true, ""limit"": 100, ""gender"": ""A"", ""page_size"": 30, ""sort_code"": ""USED_SALE_PRICE_CHANGE_DATE"", ""category_id"": ""109001"", ""filter_name"": ""퍼플"", ""filter_type"": ""color"", ""filter_label"": ""컬러"", ""filter_value"": ""PURPLE"", ""category_name"": ""상의"", ""filter_parameter"": ""color"", ""observation_type"": ""FILTER""}",2026-09-28 08:40:55.605274+00:00,2026-09-29 08:40:55.663466+00:00,2026-09-18 03:27:51.663741+00:00,2026-09-18 03:43:54.572424+00:00
311,musinsa_used,무신사 USED,musinsa_used [FILTER>컬러>다크핑크>상의],RANKING,LIVE,True,1440,5,https://api.musinsa.com/api2/dp/v2/plp/goods?gf=A&color=DARKPINK&sortCode=USED_SALE_PRICE_CHANGE_DATE&category=109001&size=30&testGroup=&ampGroup=&caller=CATEGORY&page=1&seen=0&seenAds=,"{""live"": true, ""limit"": 100, ""gender"": ""A"", ""page_size"": 30, ""sort_code"": ""USED_SALE_PRICE_CHANGE_DATE"", ""category_id"": ""109001"", ""filter_name"": ""다크핑크"", ""filter_type"": ""color"", ""filter_label"": ""컬러"", ""filter_value"": ""DARKPINK"", ""category_name"": ""상의"", ""filter_parameter"": ""color"", ""observation_type"": ""FILTER""}",2026-09-28 08:42:47.588857+00:00,2026-09-29 08:42:47.642117+00:00,2026-09-18 03:27:51.775473+00:00,2026-09-18 03:43:54.641577+00:00
312,musinsa_used,무신사 USED,musinsa_used [FILTER>컬러>카멜>상의],RANKING,LIVE,True,1440,5,https://api.musinsa.com/api2/dp/v2/plp/goods?gf=A&color=CAMEL&sortCode=USED_SALE_PRICE_CHANGE_DATE&category=109001&size=30&testGroup=&ampGroup=&caller=CATEGORY&page=1&seen=0&seenAds=,"{""live"": true, ""limit"": 100, ""gender"": ""A"", ""page_size"": 30, ""sort_code"": ""USED_SALE_PRICE_CHANGE_DATE"", ""category_id"": ""109001"", ""filter_name"": ""카멜"", ""filter_type"": ""color"", ""filter_label"": ""컬러"", ""filter_value"": ""CAMEL"", ""category_name"": ""상의"", ""filter_parameter"": ""color"", ""observation_type"": ""FILTER""}",2026-09-28 08:46:29.003478+00:00,2026-09-29 08:46:29.034435+00:00,2026-09-18 03:27:51.899515+00:00,2026-09-18 03:43:54.717983+00:00
313,musinsa_used,무신사 USED,musinsa_used [FILTER>컬러>브릭>상의],RANKING,LIVE,True,1440,5,https://api.musinsa.com/api2/dp/v2/plp/goods?gf=A&color=BRICK&sortCode=USED_SALE_PRICE_CHANGE_DATE&category=109001&size=30&testGroup=&ampGroup=&caller=CATEGORY&page=1&seen=0&seenAds=,"{""live"": true, ""limit"": 100, ""gender"": ""A"", ""page_size"": 30, ""sort_code"": ""USED_SALE_PRICE_CHANGE_DATE"", ""category_id"": ""109001"", ""filter_name"": ""브릭"", ""filter_type"": ""color"", ""filter_label"": ""컬러"", ""filter_value"": ""BRICK"", ""category_name"": ""상의"", ""filter_parameter"": ""color"", ""observation_type"": ""FILTER""}",2026-09-28 08:48:17.629740+00:00,2026-09-29 08:48:18.114104+00:00,2026-09-18 03:27:51.993753+00:00,2026-09-18 03:43:54.785932+00:00
314,musinsa_used,무신사 USED,musinsa_used [FILTER>컬러>다크 오렌지>상의],RANKING,LIVE,True,1440,5,https://api.musinsa.com/api2/dp/v2/plp/goods?gf=A&color=DARKORANGE&sortCode=USED_SALE_PRICE_CHANGE_DATE&category=109001&size=30&testGroup=&ampGroup=&caller=CATEGORY&page=1&seen=0&seenAds=,"{""live"": true, ""limit"": 100, ""gender"": ""A"", ""page_size"": 30, ""sort_code"": ""USED_SALE_PRICE_CHANGE_DATE"", ""category_id"": ""109001"", ""filter_name"": ""다크 오렌지"", ""filter_type"": ""color"", ""filter_label"": ""컬러"", ""filter_value"": ""DARKORANGE"", ""category_name"": ""상의"", ""filter_parameter"": ""color"", ""observation_type"": ""FILTER""}",2026-09-28 08:50:24.704588+00:00,2026-09-29 08:50:24.755809+00:00,2026-09-18 03:27:52.093170+00:00,2026-09-18 03:43:54.851301+00:00
315,musinsa_used,무신사 USED,musinsa_used [FILTER>컬러>피치>상의],RANKING,LIVE,True,1440,5,https://api.musinsa.com/api2/dp/v2/plp/goods?gf=A&color=PEACH&sortCode=USED_SALE_PRICE_CHANGE_DATE&category=109001&size=30&testGroup=&ampGroup=&caller=CATEGORY&page=1&seen=0&seenAds=,"{""live"": true, ""limit"": 100, ""gender"": ""A"", ""page_size"": 30, ""sort_code"": ""USED_SALE_PRICE_CHANGE_DATE"", ""category_id"": ""109001"", ""filter_name"": ""피치"", ""filter_type"": ""color"", ""filter_label"": ""컬러"", ""filter_value"": ""PEACH"", ""category_name"": ""상의"", ""filter_parameter"": ""color"", ""observation_type"": ""FILTER""}",2026-09-28 08:51:54.673646+00:00,2026-09-29 08:51:54.716950+00:00,2026-09-18 03:27:52.209398+00:00,2026-09-18 03:43:54.920513+00:00
316,musinsa_used,무신사 USED,musinsa_used [FILTER>컬러>카키>상의],RANKING,LIVE,True,1440,5,https://api.musinsa.com/api2/dp/v2/plp/goods?gf=A&color=KHAKI&sortCode=USED_SALE_PRICE_CHANGE_DATE&category=109001&size=30&testGroup=&ampGroup=&caller=CATEGORY&page=1&seen=0&seenAds=,"{""live"": true, ""limit"": 100, ""gender"": ""A"", ""page_size"": 30, ""sort_code"": ""USED_SALE_PRICE_CHANGE_DATE"", ""category_id"": ""109001"", ""filter_name"": ""카키"", ""filter_type"": ""color"", ""filter_label"": ""컬러"", ""filter_value"": ""KHAKI"", ""category_name"": ""상의"", ""filter_parameter"": ""color"", ""observation_type"": ""FILTER""}",2026-09-28 08:53:24.514648+00:00,2026-09-29 08:53:24.557594+00:00,2026-09-18 03:27:52.340018+00:00,2026-09-18 03:43:54.990694+00:00
317,musinsa_used,무신사 USED,musinsa_used [FILTER>컬러>올리브 그린>상의],RANKING,LIVE,True,1440,5,https://api.musinsa.com/api2/dp/v2/plp/goods?gf=A&color=OLIVEGREEN&sortCode=USED_SALE_PRICE_CHANGE_DATE&category=109001&size=30&testGroup=&ampGroup=&caller=CATEGORY&page=1&seen=0&seenAds=,"{""live"": true, ""limit"": 100, ""gender"": ""A"", ""page_size"": 30, ""sort_code"": ""USED_SALE_PRICE_CHANGE_DATE"", ""category_id"": ""109001"", ""filter_name"": ""올리브 그린"", ""filter_type"": ""color"", ""filter_label"": ""컬러"", ""filter_value"": ""OLIVEGREEN"", ""category_name"": ""상의"", ""filter_parameter"": ""color"", ""observation_type"": ""FILTER""}",2026-09-28 08:54:53.876954+00:00,2026-09-29 08:54:53.919133+00:00,2026-09-18 03:27:52.455435+00:00,2026-09-18 03:43:55.069697+00:00
318,musinsa_used,무신사 USED,musinsa_used [FILTER>컬러>머스타드>상의],RANKING,LIVE,True,1440,5,https://api.musinsa.com/api2/dp/v2/plp/goods?gf=A&color=MUSTARD&sortCode=USED_SALE_PRICE_CHANGE_DATE&category=109001&size=30&testGroup=&ampGroup=&caller=CATEGORY&page=1&seen=0&seenAds=,"{""live"": true, ""limit"": 100, ""gender"": ""A"", ""page_size"": 30, ""sort_code"": ""USED_SALE_PRICE_CHANGE_DATE"", ""category_id"": ""109001"", ""filter_name"": ""머스타드"", ""filter_type"": ""color"", ""filter_label"": ""컬러"", ""filter_value"": ""MUSTARD"", ""category_name"": ""상의"", ""filter_parameter"": ""color"", ""observation_type"": ""FILTER""}",2026-09-28 08:56:18.829590+00:00,2026-09-29 08:56:18.870580+00:00,2026-09-18 03:27:52.565432+00:00,2026-09-18 03:43:55.154150+00:00
319,musinsa_used,무신사 USED,musinsa_used [FILTER>컬러>라이트 그린>상의],RANKING,LIVE,True,1440,5,https://api.musinsa.com/api2/dp/v2/plp/goods?gf=A&color=LIGHTGREEN&sortCode=USED_SALE_PRICE_CHANGE_DATE&category=109001&size=30&testGroup=&ampGroup=&caller=CATEGORY&page=1&seen=0&seenAds=,"{""live"": true, ""limit"": 100, ""gender"": ""A"", ""page_size"": 30, ""sort_code"": ""USED_SALE_PRICE_CHANGE_DATE"", ""category_id"": ""109001"", ""filter_name"": ""라이트 그린"", ""filter_type"": ""color"", ""filter_label"": ""컬러"", ""filter_value"": ""LIGHTGREEN"", ""category_name"": ""상의"", ""filter_parameter"": ""color"", ""observation_type"": ""FILTER""}",2026-09-28 08:57:51.859892+00:00,2026-09-29 08:57:51.901462+00:00,2026-09-18 03:27:52.661777+00:00,2026-09-18 03:43:55.224359+00:00
320,musinsa_used,무신사 USED,musinsa_used [FILTER>컬러>그린>상의],RANKING,LIVE,True,1440,5,https://api.musinsa.com/api2/dp/v2/plp/goods?gf=A&color=GREEN&sortCode=USED_SALE_PRICE_CHANGE_DATE&category=109001&size=30&testGroup=&ampGroup=&caller=CATEGORY&page=1&seen=0&seenAds=,"{""live"": true, ""limit"": 100, ""gender"": ""A"", ""page_size"": 30, ""sort_code"": ""USED_SALE_PRICE_CHANGE_DATE"", ""category_id"": ""109001"", ""filter_name"": ""그린"", ""filter_type"": ""color"", ""filter_label"": ""컬러"", ""filter_value"": ""GREEN"", ""category_name"": ""상의"", ""filter_parameter"": ""color"", ""observation_type"": ""FILTER""}",2026-09-28 09:00:01.615671+00:00,2026-09-29 09:00:01.667022+00:00,2026-09-18 03:27:52.787764+00:00,2026-09-18 03:43:55.321259+00:00
321,musinsa_used,무신사 USED,musinsa_used [FILTER>컬러>딥레드>상의],RANKING,LIVE,True,1440,5,https://api.musinsa.com/api2/dp/v2/plp/goods?gf=A&color=DEEPRED&sortCode=USED_SALE_PRICE_CHANGE_DATE&category=109001&size=30&testGroup=&ampGroup=&caller=CATEGORY&page=1&seen=0&seenAds=,"{""live"": true, ""limit"": 100, ""gender"": ""A"", ""page_size"": 30, ""sort_code"": ""USED_SALE_PRICE_CHANGE_DATE"", ""category_id"": ""109001"", ""filter_name"": ""딥레드"", ""filter_type"": ""color"", ""filter_label"": ""컬러"", ""filter_value"": ""DEEPRED"", ""category_name"": ""상의"", ""filter_parameter"": ""color"", ""observation_type"": ""FILTER""}",2026-09-28 09:01:25.111757+00:00,2026-09-29 09:01:25.153688+00:00,2026-09-18 03:27:52.914895+00:00,2026-09-18 03:43:55.384361+00:00
322,musinsa_used,무신사 USED,musinsa_used [FILTER>컬러>라이트 옐로우>상의],RANKING,LIVE,True,1440,5,https://api.musinsa.com/api2/dp/v2/plp/goods?gf=A&color=LIGHTYELLOW&sortCode=USED_SALE_PRICE_CHANGE_DATE&category=109001&size=30&testGroup=&ampGroup=&caller=CATEGORY&page=1&seen=0&seenAds=,"{""live"": true, ""limit"": 100, ""gender"": ""A"", ""page_size"": 30, ""sort_code"": ""USED_SALE_PRICE_CHANGE_DATE"", ""category_id"": ""109001"", ""filter_name"": ""라이트 옐로우"", ""filter_type"": ""color"", ""filter_label"": ""컬러"", ""filter_value"": ""LIGHTYELLOW"", ""category_name"": ""상의"", ""filter_parameter"": ""color"", ""observation_type"": ""FILTER""}",2026-09-28 09:02:48.959794+00:00,2026-09-29 09:02:49.006173+00:00,2026-09-18 03:27:53.026840+00:00,2026-09-18 03:43:55.451520+00:00
323,musinsa_used,무신사 USED,musinsa_used [FILTER>컬러>버건디>상의],RANKING,LIVE,True,1440,5,https://api.musinsa.com/api2/dp/v2/plp/goods?gf=A&color=BURGUNDY&sortCode=USED_SALE_PRICE_CHANGE_DATE&category=109001&size=30&testGroup=&ampGroup=&caller=CATEGORY&page=1&seen=0&seenAds=,"{""live"": true, ""limit"": 100, ""gender"": ""A"", ""page_size"": 30, ""sort_code"": ""USED_SALE_PRICE_CHANGE_DATE"", ""category_id"": ""109001"", ""filter_name"": ""버건디"", ""filter_type"": ""color"", ""filter_label"": ""컬러"", ""filter_value"": ""BURGUNDY"", ""category_name"": ""상의"", ""filter_parameter"": ""color"", ""observation_type"": ""FILTER""}",2026-09-28 09:04:18.281829+00:00,2026-09-29 09:04:18.315468+00:00,2026-09-18 03:27:53.156076+00:00,2026-09-18 03:43:55.518921+00:00
324,musinsa_used,무신사 USED,musinsa_used [FILTER>컬러>오렌지>상의],RANKING,LIVE,True,1440,5,https://api.musinsa.com/api2/dp/v2/plp/goods?gf=A&color=ORANGE&sortCode=USED_SALE_PRICE_CHANGE_DATE&category=109001&size=30&testGroup=&ampGroup=&caller=CATEGORY&page=1&seen=0&seenAds=,"{""live"": true, ""limit"": 100, ""gender"": ""A"", ""page_size"": 30, ""sort_code"": ""USED_SALE_PRICE_CHANGE_DATE"", ""category_id"": ""109001"", ""filter_name"": ""오렌지"", ""filter_type"": ""color"", ""filter_label"": ""컬러"", ""filter_value"": ""ORANGE"", ""category_name"": ""상의"", ""filter_parameter"": ""color"", ""observation_type"": ""FILTER""}",2026-09-28 09:05:40.526966+00:00,2026-09-29 09:05:40.585870+00:00,2026-09-18 03:27:53.264956+00:00,2026-09-18 03:43:55.597837+00:00
325,musinsa_used,무신사 USED,musinsa_used [FILTER>컬러>핑크>상의],RANKING,LIVE,True,1440,5,https://api.musinsa.com/api2/dp/v2/plp/goods?gf=A&color=PINK&sortCode=USED_SALE_PRICE_CHANGE_DATE&category=109001&size=30&testGroup=&ampGroup=&caller=CATEGORY&page=1&seen=0&seenAds=,"{""live"": true, ""limit"": 100, ""gender"": ""A"", ""page_size"": 30, ""sort_code"": ""USED_SALE_PRICE_CHANGE_DATE"", ""category_id"": ""109001"", ""filter_name"": ""핑크"", ""filter_type"": ""color"", ""filter_label"": ""컬러"", ""filter_value"": ""PINK"", ""category_name"": ""상의"", ""filter_parameter"": ""color"", ""observation_type"": ""FILTER""}",2026-09-28 09:07:04.929304+00:00,2026-09-29 09:07:04.981095+00:00,2026-09-18 03:27:53.386489+00:00,2026-09-18 03:43:55.668305+00:00
326,musinsa_used,무신사 USED,musinsa_used [FILTER>컬러>민트>상의],RANKING,LIVE,True,1440,5,https://api.musinsa.com/api2/dp/v2/plp/goods?gf=A&color=MINT&sortCode=USED_SALE_PRICE_CHANGE_DATE&category=109001&size=30&testGroup=&ampGroup=&caller=CATEGORY&page=1&seen=0&seenAds=,"{""live"": true, ""limit"": 100, ""gender"": ""A"", ""page_size"": 30, ""sort_code"": ""USED_SALE_PRICE_CHANGE_DATE"", ""category_id"": ""109001"", ""filter_name"": ""민트"", ""filter_type"": ""color"", ""filter_label"": ""컬러"", ""filter_value"": ""MINT"", ""category_name"": ""상의"", ""filter_parameter"": ""color"", ""observation_type"": ""FILTER""}",2026-09-28 09:08:28.167045+00:00,2026-09-29 09:08:28.223685+00:00,2026-09-18 03:27:53.494894+00:00,2026-09-18 03:43:55.749234+00:00
327,musinsa_used,무신사 USED,musinsa_used [FILTER>컬러>옐로우>상의],RANKING,LIVE,True,1440,5,https://api.musinsa.com/api2/dp/v2/plp/goods?gf=A&color=YELLOW&sortCode=USED_SALE_PRICE_CHANGE_DATE&category=109001&size=30&testGroup=&ampGroup=&caller=CATEGORY&page=1&seen=0&seenAds=,"{""live"": true, ""limit"": 100, ""gender"": ""A"", ""page_size"": 30, ""sort_code"": ""USED_SALE_PRICE_CHANGE_DATE"", ""category_id"": ""109001"", ""filter_name"": ""옐로우"", ""filter_type"": ""color"", ""filter_label"": ""컬러"", ""filter_value"": ""YELLOW"", ""category_name"": ""상의"", ""filter_parameter"": ""color"", ""observation_type"": ""FILTER""}",2026-09-28 09:09:53.659123+00:00,2026-09-29 09:09:53.698045+00:00,2026-09-18 03:27:53.621154+00:00,2026-09-18 03:43:55.821411+00:00
328,musinsa_used,무신사 USED,musinsa_used [FILTER>컬러>브라운>상의],RANKING,LIVE,True,1440,5,https://api.musinsa.com/api2/dp/v2/plp/goods?gf=A&color=BROWN&sortCode=USED_SALE_PRICE_CHANGE_DATE&category=109001&size=30&testGroup=&ampGroup=&caller=CATEGORY&page=1&seen=0&seenAds=,"{""live"": true, ""limit"": 100, ""gender"": ""A"", ""page_size"": 30, ""sort_code"": ""USED_SALE_PRICE_CHANGE_DATE"", ""category_id"": ""109001"", ""filter_name"": ""브라운"", ""filter_type"": ""color"", ""filter_label"": ""컬러"", ""filter_value"": ""BROWN"", ""category_name"": ""상의"", ""filter_parameter"": ""color"", ""observation_type"": ""FILTER""}",2026-09-28 09:11:18.195708+00:00,2026-09-29 09:11:18.273525+00:00,2026-09-18 03:27:53.748979+00:00,2026-09-18 03:43:55.887232+00:00
329,musinsa_used,무신사 USED,musinsa_used [FILTER>컬러>라임>상의],RANKING,LIVE,True,1440,5,https://api.musinsa.com/api2/dp/v2/plp/goods?gf=A&color=LIME&sortCode=USED_SALE_PRICE_CHANGE_DATE&category=109001&size=30&testGroup=&ampGroup=&caller=CATEGORY&page=1&seen=0&seenAds=,"{""live"": true, ""limit"": 100, ""gender"": ""A"", ""page_size"": 30, ""sort_code"": ""USED_SALE_PRICE_CHANGE_DATE"", ""category_id"": ""109001"", ""filter_name"": ""라임"", ""filter_type"": ""color"", ""filter_label"": ""컬러"", ""filter_value"": ""LIME"", ""category_name"": ""상의"", ""filter_parameter"": ""color"", ""observation_type"": ""FILTER""}",2026-09-28 09:12:41.731078+00:00,2026-09-29 09:12:41.775333+00:00,2026-09-18 03:27:53.905913+00:00,2026-09-18 03:43:55.971864+00:00
330,musinsa_used,무신사 USED,musinsa_used [FILTER>컬러>라이트 오렌지>상의],RANKING,LIVE,True,1440,5,https://api.musinsa.com/api2/dp/v2/plp/goods?gf=A&color=LIGHTORANGE&sortCode=USED_SALE_PRICE_CHANGE_DATE&category=109001&size=30&testGroup=&ampGroup=&caller=CATEGORY&page=1&seen=0&seenAds=,"{""live"": true, ""limit"": 100, ""gender"": ""A"", ""page_size"": 30, ""sort_code"": ""USED_SALE_PRICE_CHANGE_DATE"", ""category_id"": ""109001"", ""filter_name"": ""라이트 오렌지"", ""filter_type"": ""color"", ""filter_label"": ""컬러"", ""filter_value"": ""LIGHTORANGE"", ""category_name"": ""상의"", ""filter_parameter"": ""color"", ""observation_type"": ""FILTER""}",2026-09-28 09:14:00.580224+00:00,2026-09-29 09:14:00.620001+00:00,2026-09-18 03:27:54.028273+00:00,2026-09-18 03:43:56.038354+00:00
331,musinsa_used,무신사 USED,musinsa_used [FILTER>컬러>실버>상의],RANKING,LIVE,True,1440,5,https://api.musinsa.com/api2/dp/v2/plp/goods?gf=A&color=SILVER&sortCode=USED_SALE_PRICE_CHANGE_DATE&category=109001&size=30&testGroup=&ampGroup=&caller=CATEGORY&page=1&seen=0&seenAds=,"{""live"": true, ""limit"": 100, ""gender"": ""A"", ""page_size"": 30, ""sort_code"": ""USED_SALE_PRICE_CHANGE_DATE"", ""category_id"": ""109001"", ""filter_name"": ""실버"", ""filter_type"": ""color"", ""filter_label"": ""컬러"", ""filter_value"": ""SILVER"", ""category_name"": ""상의"", ""filter_parameter"": ""color"", ""observation_type"": ""FILTER""}",2026-09-28 09:14:54.180255+00:00,2026-09-29 09:14:54.209935+00:00,2026-09-18 03:27:54.141119+00:00,2026-09-18 03:43:56.113267+00:00
332,musinsa_used,무신사 USED,musinsa_used [FILTER>컬러>골드>상의],RANKING,LIVE,True,1440,5,https://api.musinsa.com/api2/dp/v2/plp/goods?gf=A&color=GOLD&sortCode=USED_SALE_PRICE_CHANGE_DATE&category=109001&size=30&testGroup=&ampGroup=&caller=CATEGORY&page=1&seen=0&seenAds=,"{""live"": true, ""limit"": 100, ""gender"": ""A"", ""page_size"": 30, ""sort_code"": ""USED_SALE_PRICE_CHANGE_DATE"", ""category_id"": ""109001"", ""filter_name"": ""골드"", ""filter_type"": ""color"", ""filter_label"": ""컬러"", ""filter_value"": ""GOLD"", ""category_name"": ""상의"", ""filter_parameter"": ""color"", ""observation_type"": ""FILTER""}",2026-09-28 09:15:02.071452+00:00,2026-09-29 09:15:02.114951+00:00,2026-09-18 03:27:54.258282+00:00,2026-09-18 03:43:56.185986+00:00
333,musinsa_used,무신사 USED,musinsa_used [FILTER>컬러>로즈골드>상의],RANKING,LIVE,True,1440,5,https://api.musinsa.com/api2/dp/v2/plp/goods?gf=A&color=ROSEGOLD&sortCode=USED_SALE_PRICE_CHANGE_DATE&category=109001&size=30&testGroup=&ampGroup=&caller=CATEGORY&page=1&seen=0&seenAds=,"{""live"": true, ""limit"": 100, ""gender"": ""A"", ""page_size"": 30, ""sort_code"": ""USED_SALE_PRICE_CHANGE_DATE"", ""category_id"": ""109001"", ""filter_name"": ""로즈골드"", ""filter_type"": ""color"", ""filter_label"": ""컬러"", ""filter_value"": ""ROSEGOLD"", ""category_name"": ""상의"", ""filter_parameter"": ""color"", ""observation_type"": ""FILTER""}",2026-09-28 09:15:09.287850+00:00,2026-09-29 09:15:09.327522+00:00,2026-09-18 03:27:54.362070+00:00,2026-09-18 03:43:56.255005+00:00
334,musinsa_used,무신사 USED,musinsa_used [FILTER>패턴/무늬>기타>상의],RANKING,LIVE,True,10080,5,https://api.musinsa.com/api2/dp/v2/plp/goods?gf=A&attributePattern=UkBJuUOWbLgc%5Ejs1WtHPmViIR&sortCode=USED_SALE_PRICE_CHANGE_DATE&category=109001&size=30&testGroup=&ampGroup=&caller=CATEGORY&page=1&seen=0&seenAds=,"{""live"": true, ""limit"": 100, ""gender"": ""A"", ""page_size"": 100, ""sort_code"": ""USED_SALE_PRICE_CHANGE_DATE"", ""category_id"": ""109001"", ""filter_name"": ""기타"", ""filter_type"": ""pattern"", ""filter_label"": ""패턴/무늬"", ""filter_value"": ""UkBJuUOWbLgc^js1WtHPmViIR"", ""category_name"": ""상의"", ""filter_parameter"": ""attributePattern"", ""observation_type"": ""FILTER""}",2026-09-28 09:17:03.422900+00:00,2026-10-05 09:17:03.470626+00:00,2026-09-18 03:27:54.699431+00:00,2026-09-18 03:27:54.699443+00:00
335,musinsa_used,무신사 USED,musinsa_used [FILTER>주요소재>면(코튼)>상의],RANKING,LIVE,True,10080,5,https://api.musinsa.com/api2/dp/v2/plp/goods?gf=A&attributeMaterial=g_material%5ErYIBGq2Ot2Qh&sortCode=USED_SALE_PRICE_CHANGE_DATE&category=109001&size=30&testGroup=&ampGroup=&caller=CATEGORY&page=1&seen=0&seenAds=,"{""live"": true, ""limit"": 100, ""gender"": ""A"", ""page_size"": 100, ""sort_code"": ""USED_SALE_PRICE_CHANGE_DATE"", ""category_id"": ""109001"", ""filter_name"": ""면(코튼)"", ""filter_type"": ""material"", ""filter_label"": ""주요소재"", ""filter_value"": ""g_material^rYIBGq2Ot2Qh"", ""category_name"": ""상의"", ""filter_parameter"": ""attributeMaterial"", ""observation_type"": ""FILTER""}",2026-09-28 09:22:07.961165+00:00,2026-10-05 09:22:08.000450+00:00,2026-09-18 03:27:56.100912+00:00,2026-09-18 03:27:56.100919+00:00
336,musinsa_used,무신사 USED,musinsa_used [FILTER>주요소재>니트>상의],RANKING,LIVE,True,10080,5,https://api.musinsa.com/api2/dp/v2/plp/goods?gf=A&attributeMaterial=g_material%5EJil9msfdxIv5&sortCode=USED_SALE_PRICE_CHANGE_DATE&category=109001&size=30&testGroup=&ampGroup=&caller=CATEGORY&page=1&seen=0&seenAds=,"{""live"": true, ""limit"": 100, ""gender"": ""A"", ""page_size"": 100, ""sort_code"": ""USED_SALE_PRICE_CHANGE_DATE"", ""category_id"": ""109001"", ""filter_name"": ""니트"", ""filter_type"": ""material"", ""filter_label"": ""주요소재"", ""filter_value"": ""g_material^Jil9msfdxIv5"", ""category_name"": ""상의"", ""filter_parameter"": ""attributeMaterial"", ""observation_type"": ""FILTER""}",2026-09-28 09:23:48.100239+00:00,2026-10-05 09:23:48.137232+00:00,2026-09-18 03:27:56.201300+00:00,2026-09-18 03:27:56.201308+00:00
337,musinsa_used,무신사 USED,musinsa_used [FILTER>주요소재>폴리에스테르>상의],RANKING,LIVE,True,10080,5,https://api.musinsa.com/api2/dp/v2/plp/goods?gf=A&attributeMaterial=g_material%5ERedzeswVYYOa&sortCode=USED_SALE_PRICE_CHANGE_DATE&category=109001&size=30&testGroup=&ampGroup=&caller=CATEGORY&page=1&seen=0&seenAds=,"{""live"": true, ""limit"": 100, ""gender"": ""A"", ""page_size"": 100, ""sort_code"": ""USED_SALE_PRICE_CHANGE_DATE"", ""category_id"": ""109001"", ""filter_name"": ""폴리에스테르"", ""filter_type"": ""material"", ""filter_label"": ""주요소재"", ""filter_value"": ""g_material^RedzeswVYYOa"", ""category_name"": ""상의"", ""filter_parameter"": ""attributeMaterial"", ""observation_type"": ""FILTER""}",2026-09-28 09:27:09.455660+00:00,2026-10-05 09:27:09.492794+00:00,2026-09-18 03:27:56.331029+00:00,2026-09-18 03:27:56.331036+00:00
338,musinsa_used,무신사 USED,musinsa_used [FILTER>주요소재>아크릴>상의],RANKING,LIVE,True,10080,5,https://api.musinsa.com/api2/dp/v2/plp/goods?gf=A&attributeMaterial=g_material%5ErMpeCJlgNjp1&sortCode=USED_SALE_PRICE_CHANGE_DATE&category=109001&size=30&testGroup=&ampGroup=&caller=CATEGORY&page=1&seen=0&seenAds=,"{""live"": true, ""limit"": 100, ""gender"": ""A"", ""page_size"": 100, ""sort_code"": ""USED_SALE_PRICE_CHANGE_DATE"", ""category_id"": ""109001"", ""filter_name"": ""아크릴"", ""filter_type"": ""material"", ""filter_label"": ""주요소재"", ""filter_value"": ""g_material^rMpeCJlgNjp1"", ""category_name"": ""상의"", ""filter_parameter"": ""attributeMaterial"", ""observation_type"": ""FILTER""}",2026-09-28 09:33:30.502422+00:00,2026-10-05 09:33:30.546550+00:00,2026-09-18 03:27:56.454734+00:00,2026-09-18 03:27:56.454746+00:00
339,musinsa_used,무신사 USED,musinsa_used [FILTER>주요소재>나일론>상의],RANKING,LIVE,True,10080,5,https://api.musinsa.com/api2/dp/v2/plp/goods?gf=A&attributeMaterial=g_material%5EvGbOb7CVby3q&sortCode=USED_SALE_PRICE_CHANGE_DATE&category=109001&size=30&testGroup=&ampGroup=&caller=CATEGORY&page=1&seen=0&seenAds=,"{""live"": true, ""limit"": 100, ""gender"": ""A"", ""page_size"": 100, ""sort_code"": ""USED_SALE_PRICE_CHANGE_DATE"", ""category_id"": ""109001"", ""filter_name"": ""나일론"", ""filter_type"": ""material"", ""filter_label"": ""주요소재"", ""filter_value"": ""g_material^vGbOb7CVby3q"", ""category_name"": ""상의"", ""filter_parameter"": ""attributeMaterial"", ""observation_type"": ""FILTER""}",2026-09-28 09:36:42.932669+00:00,2026-10-05 09:36:42.990881+00:00,2026-09-18 03:27:56.565942+00:00,2026-09-18 03:27:56.565955+00:00
340,musinsa_used,무신사 USED,musinsa_used [FILTER>주요소재>울/모>상의],RANKING,LIVE,True,10080,5,https://api.musinsa.com/api2/dp/v2/plp/goods?gf=A&attributeMaterial=g_material%5EUBSB4AP5JfAA&sortCode=USED_SALE_PRICE_CHANGE_DATE&category=109001&size=30&testGroup=&ampGroup=&caller=CATEGORY&page=1&seen=0&seenAds=,"{""live"": true, ""limit"": 100, ""gender"": ""A"", ""page_size"": 100, ""sort_code"": ""USED_SALE_PRICE_CHANGE_DATE"", ""category_id"": ""109001"", ""filter_name"": ""울/모"", ""filter_type"": ""material"", ""filter_label"": ""주요소재"", ""filter_value"": ""g_material^UBSB4AP5JfAA"", ""category_name"": ""상의"", ""filter_parameter"": ""attributeMaterial"", ""observation_type"": ""FILTER""}",2026-09-28 09:39:44.445503+00:00,2026-10-05 09:39:44.579004+00:00,2026-09-18 03:27:56.676307+00:00,2026-09-18 03:27:56.676314+00:00
341,musinsa_used,무신사 USED,musinsa_used [FILTER>주요소재>레이온/인견>상의],RANKING,LIVE,True,10080,5,https://api.musinsa.com/api2/dp/v2/plp/goods?gf=A&attributeMaterial=g_material%5EMQMwTUHYfilr&sortCode=USED_SALE_PRICE_CHANGE_DATE&category=109001&size=30&testGroup=&ampGroup=&caller=CATEGORY&page=1&seen=0&seenAds=,"{""live"": true, ""limit"": 100, ""gender"": ""A"", ""page_size"": 100, ""sort_code"": ""USED_SALE_PRICE_CHANGE_DATE"", ""category_id"": ""109001"", ""filter_name"": ""레이온/인견"", ""filter_type"": ""material"", ""filter_label"": ""주요소재"", ""filter_value"": ""g_material^MQMwTUHYfilr"", ""category_name"": ""상의"", ""filter_parameter"": ""attributeMaterial"", ""observation_type"": ""FILTER""}",2026-09-28 09:41:36.519809+00:00,2026-10-05 09:41:36.584321+00:00,2026-09-18 03:27:56.782260+00:00,2026-09-18 03:27:56.782266+00:00
342,musinsa_used,무신사 USED,musinsa_used [FILTER>주요소재>스판덱스>상의],RANKING,LIVE,True,10080,5,https://api.musinsa.com/api2/dp/v2/plp/goods?gf=A&attributeMaterial=g_material%5EHLlXIp8L4jxF&sortCode=USED_SALE_PRICE_CHANGE_DATE&category=109001&size=30&testGroup=&ampGroup=&caller=CATEGORY&page=1&seen=0&seenAds=,"{""live"": true, ""limit"": 100, ""gender"": ""A"", ""page_size"": 100, ""sort_code"": ""USED_SALE_PRICE_CHANGE_DATE"", ""category_id"": ""109001"", ""filter_name"": ""스판덱스"", ""filter_type"": ""material"", ""filter_label"": ""주요소재"", ""filter_value"": ""g_material^HLlXIp8L4jxF"", ""category_name"": ""상의"", ""filter_parameter"": ""attributeMaterial"", ""observation_type"": ""FILTER""}",2026-09-28 09:43:48.211615+00:00,2026-10-05 09:43:48.252612+00:00,2026-09-18 03:27:56.895528+00:00,2026-09-18 03:27:56.895542+00:00
343,musinsa_used,무신사 USED,musinsa_used [FILTER>주요소재>캐시미어>상의],RANKING,LIVE,True,10080,5,https://api.musinsa.com/api2/dp/v2/plp/goods?gf=A&attributeMaterial=g_material%5EgX22wnplycyJ&sortCode=USED_SALE_PRICE_CHANGE_DATE&category=109001&size=30&testGroup=&ampGroup=&caller=CATEGORY&page=1&seen=0&seenAds=,"{""live"": true, ""limit"": 100, ""gender"": ""A"", ""page_size"": 100, ""sort_code"": ""USED_SALE_PRICE_CHANGE_DATE"", ""category_id"": ""109001"", ""filter_name"": ""캐시미어"", ""filter_type"": ""material"", ""filter_label"": ""주요소재"", ""filter_value"": ""g_material^gX22wnplycyJ"", ""category_name"": ""상의"", ""filter_parameter"": ""attributeMaterial"", ""observation_type"": ""FILTER""}",2026-09-28 09:45:20.148061+00:00,2026-10-05 09:45:20.246278+00:00,2026-09-18 03:27:57.024577+00:00,2026-09-18 03:27:57.024591+00:00
344,musinsa_used,무신사 USED,musinsa_used [FILTER>주요소재>린넨>상의],RANKING,LIVE,True,10080,5,https://api.musinsa.com/api2/dp/v2/plp/goods?gf=A&attributeMaterial=g_material%5EQXm8shmCAi1j&sortCode=USED_SALE_PRICE_CHANGE_DATE&category=109001&size=30&testGroup=&ampGroup=&caller=CATEGORY&page=1&seen=0&seenAds=,"{""live"": true, ""limit"": 100, ""gender"": ""A"", ""page_size"": 100, ""sort_code"": ""USED_SALE_PRICE_CHANGE_DATE"", ""category_id"": ""109001"", ""filter_name"": ""린넨"", ""filter_type"": ""material"", ""filter_label"": ""주요소재"", ""filter_value"": ""g_material^QXm8shmCAi1j"", ""category_name"": ""상의"", ""filter_parameter"": ""attributeMaterial"", ""observation_type"": ""FILTER""}",2026-09-28 09:48:17.533691+00:00,2026-10-05 09:48:17.612337+00:00,2026-09-18 03:27:57.146431+00:00,2026-09-18 03:27:57.146440+00:00
345,musinsa_used,무신사 USED,musinsa_used [FILTER>주요소재>기타>상의],RANKING,LIVE,True,10080,5,https://api.musinsa.com/api2/dp/v2/plp/goods?gf=A&attributeMaterial=g_material%5E856OqJPIQeJD&sortCode=USED_SALE_PRICE_CHANGE_DATE&category=109001&size=30&testGroup=&ampGroup=&caller=CATEGORY&page=1&seen=0&seenAds=,"{""live"": true, ""limit"": 100, ""gender"": ""A"", ""page_size"": 100, ""sort_code"": ""USED_SALE_PRICE_CHANGE_DATE"", ""category_id"": ""109001"", ""filter_name"": ""기타"", ""filter_type"": ""material"", ""filter_label"": ""주요소재"", ""filter_value"": ""g_material^856OqJPIQeJD"", ""category_name"": ""상의"", ""filter_parameter"": ""attributeMaterial"", ""observation_type"": ""FILTER""}",2026-09-28 09:48:59.525668+00:00,2026-10-05 09:48:59.587718+00:00,2026-09-18 03:27:57.262148+00:00,2026-09-18 03:27:57.262154+00:00
346,musinsa_used,무신사 USED,musinsa_used [FILTER>주요소재>알파카>상의],RANKING,LIVE,True,10080,5,https://api.musinsa.com/api2/dp/v2/plp/goods?gf=A&attributeMaterial=g_material%5EXrC8doUjX0Sk&sortCode=USED_SALE_PRICE_CHANGE_DATE&category=109001&size=30&testGroup=&ampGroup=&caller=CATEGORY&page=1&seen=0&seenAds=,"{""live"": true, ""limit"": 100, ""gender"": ""A"", ""page_size"": 100, ""sort_code"": ""USED_SALE_PRICE_CHANGE_DATE"", ""category_id"": ""109001"", ""filter_name"": ""알파카"", ""filter_type"": ""material"", ""filter_label"": ""주요소재"", ""filter_value"": ""g_material^XrC8doUjX0Sk"", ""category_name"": ""상의"", ""filter_parameter"": ""attributeMaterial"", ""observation_type"": ""FILTER""}",2026-09-28 09:49:29.755141+00:00,2026-10-05 09:49:29.817852+00:00,2026-09-18 03:27:57.383178+00:00,2026-09-18 03:27:57.383185+00:00
347,musinsa_used,무신사 USED,musinsa_used [FILTER>주요소재>폴리우레탄>상의],RANKING,LIVE,True,10080,5,https://api.musinsa.com/api2/dp/v2/plp/goods?gf=A&attributeMaterial=g_material%5EMHC8QpYwtThD&sortCode=USED_SALE_PRICE_CHANGE_DATE&category=109001&size=30&testGroup=&ampGroup=&caller=CATEGORY&page=1&seen=0&seenAds=,"{""live"": true, ""limit"": 100, ""gender"": ""A"", ""page_size"": 100, ""sort_code"": ""USED_SALE_PRICE_CHANGE_DATE"", ""category_id"": ""109001"", ""filter_name"": ""폴리우레탄"", ""filter_type"": ""material"", ""filter_label"": ""주요소재"", ""filter_value"": ""g_material^MHC8QpYwtThD"", ""category_name"": ""상의"", ""filter_parameter"": ""attributeMaterial"", ""observation_type"": ""FILTER""}",2026-09-28 09:50:57.415876+00:00,2026-10-05 09:50:57.492254+00:00,2026-09-18 03:27:57.490423+00:00,2026-09-18 03:27:57.490432+00:00
348,musinsa_used,무신사 USED,musinsa_used [FILTER>주요소재>모헤어>상의],RANKING,LIVE,True,10080,5,https://api.musinsa.com/api2/dp/v2/plp/goods?gf=A&attributeMaterial=g_material%5E5K0aTWxwr2Dc&sortCode=USED_SALE_PRICE_CHANGE_DATE&category=109001&size=30&testGroup=&ampGroup=&caller=CATEGORY&page=1&seen=0&seenAds=,"{""live"": true, ""limit"": 100, ""gender"": ""A"", ""page_size"": 100, ""sort_code"": ""USED_SALE_PRICE_CHANGE_DATE"", ""category_id"": ""109001"", ""filter_name"": ""모헤어"", ""filter_type"": ""material"", ""filter_label"": ""주요소재"", ""filter_value"": ""g_material^5K0aTWxwr2Dc"", ""category_name"": ""상의"", ""filter_parameter"": ""attributeMaterial"", ""observation_type"": ""FILTER""}",2026-09-28 09:51:22.197542+00:00,2026-10-05 09:51:22.318729+00:00,2026-09-18 03:27:57.644633+00:00,2026-09-18 03:27:57.644649+00:00
349,musinsa_used,무신사 USED,musinsa_used [FILTER>주요소재>모달>상의],RANKING,LIVE,True,10080,5,https://api.musinsa.com/api2/dp/v2/plp/goods?gf=A&attributeMaterial=g_material%5Ea704CZV1WdQC&sortCode=USED_SALE_PRICE_CHANGE_DATE&category=109001&size=30&testGroup=&ampGroup=&caller=CATEGORY&page=1&seen=0&seenAds=,"{""live"": true, ""limit"": 100, ""gender"": ""A"", ""page_size"": 100, ""sort_code"": ""USED_SALE_PRICE_CHANGE_DATE"", ""category_id"": ""109001"", ""filter_name"": ""모달"", ""filter_type"": ""material"", ""filter_label"": ""주요소재"", ""filter_value"": ""g_material^a704CZV1WdQC"", ""category_name"": ""상의"", ""filter_parameter"": ""attributeMaterial"", ""observation_type"": ""FILTER""}",2026-09-28 09:52:20.029649+00:00,2026-10-05 09:52:20.078967+00:00,2026-09-18 03:27:57.761916+00:00,2026-09-18 03:27:57.761927+00:00
350,musinsa_used,무신사 USED,musinsa_used [FILTER>주요소재>메시>상의],RANKING,LIVE,True,10080,5,https://api.musinsa.com/api2/dp/v2/plp/goods?gf=A&attributeMaterial=g_material%5EM64ETV0XqLvo&sortCode=USED_SALE_PRICE_CHANGE_DATE&category=109001&size=30&testGroup=&ampGroup=&caller=CATEGORY&page=1&seen=0&seenAds=,"{""live"": true, ""limit"": 100, ""gender"": ""A"", ""page_size"": 100, ""sort_code"": ""USED_SALE_PRICE_CHANGE_DATE"", ""category_id"": ""109001"", ""filter_name"": ""메시"", ""filter_type"": ""material"", ""filter_label"": ""주요소재"", ""filter_value"": ""g_material^M64ETV0XqLvo"", ""category_name"": ""상의"", ""filter_parameter"": ""attributeMaterial"", ""observation_type"": ""FILTER""}",2026-09-28 09:52:43.758083+00:00,2026-10-05 09:52:43.831535+00:00,2026-09-18 03:27:57.872247+00:00,2026-09-18 03:27:57.872256+00:00
351,musinsa_used,무신사 USED,musinsa_used [FILTER>주요소재>실크>상의],RANKING,LIVE,True,10080,5,https://api.musinsa.com/api2/dp/v2/plp/goods?gf=A&attributeMaterial=g_material%5ED0YHmjCqsXSb&sortCode=USED_SALE_PRICE_CHANGE_DATE&category=109001&size=30&testGroup=&ampGroup=&caller=CATEGORY&page=1&seen=0&seenAds=,"{""live"": true, ""limit"": 100, ""gender"": ""A"", ""page_size"": 100, ""sort_code"": ""USED_SALE_PRICE_CHANGE_DATE"", ""category_id"": ""109001"", ""filter_name"": ""실크"", ""filter_type"": ""material"", ""filter_label"": ""주요소재"", ""filter_value"": ""g_material^D0YHmjCqsXSb"", ""category_name"": ""상의"", ""filter_parameter"": ""attributeMaterial"", ""observation_type"": ""FILTER""}",2026-09-28 09:53:03.383349+00:00,2026-10-05 09:53:03.514493+00:00,2026-09-18 03:27:57.981318+00:00,2026-09-18 03:27:57.981330+00:00
352,musinsa_used,무신사 USED,musinsa_used [FILTER>주요소재>텐셀>상의],RANKING,LIVE,True,10080,5,https://api.musinsa.com/api2/dp/v2/plp/goods?gf=A&attributeMaterial=g_material%5E3dcnel4UxlHI&sortCode=USED_SALE_PRICE_CHANGE_DATE&category=109001&size=30&testGroup=&ampGroup=&caller=CATEGORY&page=1&seen=0&seenAds=,"{""live"": true, ""limit"": 100, ""gender"": ""A"", ""page_size"": 100, ""sort_code"": ""USED_SALE_PRICE_CHANGE_DATE"", ""category_id"": ""109001"", ""filter_name"": ""텐셀"", ""filter_type"": ""material"", ""filter_label"": ""주요소재"", ""filter_value"": ""g_material^3dcnel4UxlHI"", ""category_name"": ""상의"", ""filter_parameter"": ""attributeMaterial"", ""observation_type"": ""FILTER""}",2026-09-28 09:55:02.786005+00:00,2026-10-05 09:55:02.892221+00:00,2026-09-18 03:27:58.157336+00:00,2026-09-18 03:27:58.157350+00:00
353,musinsa_used,무신사 USED,musinsa_used [FILTER>주요소재>앙고라>상의],RANKING,LIVE,True,10080,5,https://api.musinsa.com/api2/dp/v2/plp/goods?gf=A&attributeMaterial=g_material%5E3Gu1ho10U3q7&sortCode=USED_SALE_PRICE_CHANGE_DATE&category=109001&size=30&testGroup=&ampGroup=&caller=CATEGORY&page=1&seen=0&seenAds=,"{""live"": true, ""limit"": 100, ""gender"": ""A"", ""page_size"": 100, ""sort_code"": ""USED_SALE_PRICE_CHANGE_DATE"", ""category_id"": ""109001"", ""filter_name"": ""앙고라"", ""filter_type"": ""material"", ""filter_label"": ""주요소재"", ""filter_value"": ""g_material^3Gu1ho10U3q7"", ""category_name"": ""상의"", ""filter_parameter"": ""attributeMaterial"", ""observation_type"": ""FILTER""}",2026-09-28 09:55:21.470943+00:00,2026-10-05 09:55:21.572380+00:00,2026-09-18 03:27:58.343687+00:00,2026-09-18 03:27:58.343695+00:00
354,musinsa_used,무신사 USED,musinsa_used [FILTER>주요소재>기모>상의],RANKING,LIVE,True,10080,5,https://api.musinsa.com/api2/dp/v2/plp/goods?gf=A&attributeMaterial=g_material%5EfZms24b7AKtm&sortCode=USED_SALE_PRICE_CHANGE_DATE&category=109001&size=30&testGroup=&ampGroup=&caller=CATEGORY&page=1&seen=0&seenAds=,"{""live"": true, ""limit"": 100, ""gender"": ""A"", ""page_size"": 100, ""sort_code"": ""USED_SALE_PRICE_CHANGE_DATE"", ""category_id"": ""109001"", ""filter_name"": ""기모"", ""filter_type"": ""material"", ""filter_label"": ""주요소재"", ""filter_value"": ""g_material^fZms24b7AKtm"", ""category_name"": ""상의"", ""filter_parameter"": ""attributeMaterial"", ""observation_type"": ""FILTER""}",2026-09-28 09:55:46.092388+00:00,2026-10-05 09:55:46.143644+00:00,2026-09-18 03:27:58.480707+00:00,2026-09-18 03:27:58.480724+00:00
355,musinsa_used,무신사 USED,musinsa_used [FILTER>주요소재>데님>상의],RANKING,LIVE,True,10080,5,https://api.musinsa.com/api2/dp/v2/plp/goods?gf=A&attributeMaterial=g_material%5E7hzHO7WT8tLe&sortCode=USED_SALE_PRICE_CHANGE_DATE&category=109001&size=30&testGroup=&ampGroup=&caller=CATEGORY&page=1&seen=0&seenAds=,"{""live"": true, ""limit"": 100, ""gender"": ""A"", ""page_size"": 100, ""sort_code"": ""USED_SALE_PRICE_CHANGE_DATE"", ""category_id"": ""109001"", ""filter_name"": ""데님"", ""filter_type"": ""material"", ""filter_label"": ""주요소재"", ""filter_value"": ""g_material^7hzHO7WT8tLe"", ""category_name"": ""상의"", ""filter_parameter"": ""attributeMaterial"", ""observation_type"": ""FILTER""}",2026-09-28 09:56:00.466406+00:00,2026-10-05 09:56:00.508362+00:00,2026-09-18 03:27:58.613450+00:00,2026-09-18 03:27:58.613462+00:00
356,musinsa_used,무신사 USED,musinsa_used [FILTER>주요소재>코마사>상의],RANKING,LIVE,True,10080,5,https://api.musinsa.com/api2/dp/v2/plp/goods?gf=A&attributeMaterial=g_material%5EQtovpLu0zKpW&sortCode=USED_SALE_PRICE_CHANGE_DATE&category=109001&size=30&testGroup=&ampGroup=&caller=CATEGORY&page=1&seen=0&seenAds=,"{""live"": true, ""limit"": 100, ""gender"": ""A"", ""page_size"": 100, ""sort_code"": ""USED_SALE_PRICE_CHANGE_DATE"", ""category_id"": ""109001"", ""filter_name"": ""코마사"", ""filter_type"": ""material"", ""filter_label"": ""주요소재"", ""filter_value"": ""g_material^QtovpLu0zKpW"", ""category_name"": ""상의"", ""filter_parameter"": ""attributeMaterial"", ""observation_type"": ""FILTER""}",2026-09-28 09:56:10.968247+00:00,2026-10-05 09:56:11.009799+00:00,2026-09-18 03:27:58.767523+00:00,2026-09-18 03:27:58.767532+00:00
357,musinsa_used,무신사 USED,musinsa_used [FILTER>주요소재>뱀부얀>상의],RANKING,LIVE,True,10080,5,https://api.musinsa.com/api2/dp/v2/plp/goods?gf=A&attributeMaterial=g_material%5Es3U3biXRkVgA&sortCode=USED_SALE_PRICE_CHANGE_DATE&category=109001&size=30&testGroup=&ampGroup=&caller=CATEGORY&page=1&seen=0&seenAds=,"{""live"": true, ""limit"": 100, ""gender"": ""A"", ""page_size"": 100, ""sort_code"": ""USED_SALE_PRICE_CHANGE_DATE"", ""category_id"": ""109001"", ""filter_name"": ""뱀부얀"", ""filter_type"": ""material"", ""filter_label"": ""주요소재"", ""filter_value"": ""g_material^s3U3biXRkVgA"", ""category_name"": ""상의"", ""filter_parameter"": ""attributeMaterial"", ""observation_type"": ""FILTER""}",2026-09-28 09:56:15.412637+00:00,2026-10-05 09:56:15.467499+00:00,2026-09-18 03:27:58.892475+00:00,2026-09-18 03:27:58.892487+00:00
358,musinsa_used,무신사 USED,musinsa_used [FILTER>주요소재>인조양모>상의],RANKING,LIVE,True,10080,5,https://api.musinsa.com/api2/dp/v2/plp/goods?gf=A&attributeMaterial=g_material%5EdO5KBwsWnTf1&sortCode=USED_SALE_PRICE_CHANGE_DATE&category=109001&size=30&testGroup=&ampGroup=&caller=CATEGORY&page=1&seen=0&seenAds=,"{""live"": true, ""limit"": 100, ""gender"": ""A"", ""page_size"": 100, ""sort_code"": ""USED_SALE_PRICE_CHANGE_DATE"", ""category_id"": ""109001"", ""filter_name"": ""인조양모"", ""filter_type"": ""material"", ""filter_label"": ""주요소재"", ""filter_value"": ""g_material^dO5KBwsWnTf1"", ""category_name"": ""상의"", ""filter_parameter"": ""attributeMaterial"", ""observation_type"": ""FILTER""}",2026-09-28 09:56:18.732146+00:00,2026-10-05 09:56:18.776226+00:00,2026-09-18 03:27:59.108726+00:00,2026-09-18 03:27:59.108744+00:00
359,musinsa_used,무신사 USED,musinsa_used [FILTER>주요소재>플리스>상의],RANKING,LIVE,True,10080,5,https://api.musinsa.com/api2/dp/v2/plp/goods?gf=A&attributeMaterial=g_material%5EK5G86b9O8q37&sortCode=USED_SALE_PRICE_CHANGE_DATE&category=109001&size=30&testGroup=&ampGroup=&caller=CATEGORY&page=1&seen=0&seenAds=,"{""live"": true, ""limit"": 100, ""gender"": ""A"", ""page_size"": 100, ""sort_code"": ""USED_SALE_PRICE_CHANGE_DATE"", ""category_id"": ""109001"", ""filter_name"": ""플리스"", ""filter_type"": ""material"", ""filter_label"": ""주요소재"", ""filter_value"": ""g_material^K5G86b9O8q37"", ""category_name"": ""상의"", ""filter_parameter"": ""attributeMaterial"", ""observation_type"": ""FILTER""}",2026-09-28 09:56:20.882287+00:00,2026-10-05 09:56:20.928958+00:00,2026-09-18 03:27:59.316458+00:00,2026-09-18 03:27:59.316479+00:00
360,musinsa_used,무신사 USED,musinsa_used [FILTER>주요소재>비스코스>상의],RANKING,LIVE,True,10080,5,https://api.musinsa.com/api2/dp/v2/plp/goods?gf=A&attributeMaterial=g_material%5ErF0fdUiCzjZ1&sortCode=USED_SALE_PRICE_CHANGE_DATE&category=109001&size=30&testGroup=&ampGroup=&caller=CATEGORY&page=1&seen=0&seenAds=,"{""live"": true, ""limit"": 100, ""gender"": ""A"", ""page_size"": 100, ""sort_code"": ""USED_SALE_PRICE_CHANGE_DATE"", ""category_id"": ""109001"", ""filter_name"": ""비스코스"", ""filter_type"": ""material"", ""filter_label"": ""주요소재"", ""filter_value"": ""g_material^rF0fdUiCzjZ1"", ""category_name"": ""상의"", ""filter_parameter"": ""attributeMaterial"", ""observation_type"": ""FILTER""}",2026-09-28 09:56:23.656896+00:00,2026-10-05 09:56:23.711766+00:00,2026-09-18 03:27:59.446282+00:00,2026-09-18 03:27:59.446288+00:00
361,musinsa_used,무신사 USED,musinsa_used [FILTER>주요소재>천연가죽>상의],RANKING,LIVE,True,10080,5,https://api.musinsa.com/api2/dp/v2/plp/goods?gf=A&attributeMaterial=g_material%5EmeapgFVZB5L2&sortCode=USED_SALE_PRICE_CHANGE_DATE&category=109001&size=30&testGroup=&ampGroup=&caller=CATEGORY&page=1&seen=0&seenAds=,"{""live"": true, ""limit"": 100, ""gender"": ""A"", ""page_size"": 100, ""sort_code"": ""USED_SALE_PRICE_CHANGE_DATE"", ""category_id"": ""109001"", ""filter_name"": ""천연가죽"", ""filter_type"": ""material"", ""filter_label"": ""주요소재"", ""filter_value"": ""g_material^meapgFVZB5L2"", ""category_name"": ""상의"", ""filter_parameter"": ""attributeMaterial"", ""observation_type"": ""FILTER""}",2026-09-28 09:56:25.041703+00:00,2026-10-05 09:56:25.085740+00:00,2026-09-18 03:27:59.595075+00:00,2026-09-18 03:27:59.595088+00:00
362,musinsa_used,무신사 USED,musinsa_used [FILTER>주요소재>벨벳>상의],RANKING,LIVE,True,10080,5,https://api.musinsa.com/api2/dp/v2/plp/goods?gf=A&attributeMaterial=g_material%5EfsNtLWEuXrz2&sortCode=USED_SALE_PRICE_CHANGE_DATE&category=109001&size=30&testGroup=&ampGroup=&caller=CATEGORY&page=1&seen=0&seenAds=,"{""live"": true, ""limit"": 100, ""gender"": ""A"", ""page_size"": 100, ""sort_code"": ""USED_SALE_PRICE_CHANGE_DATE"", ""category_id"": ""109001"", ""filter_name"": ""벨벳"", ""filter_type"": ""material"", ""filter_label"": ""주요소재"", ""filter_value"": ""g_material^fsNtLWEuXrz2"", ""category_name"": ""상의"", ""filter_parameter"": ""attributeMaterial"", ""observation_type"": ""FILTER""}",2026-09-28 09:56:27.356932+00:00,2026-10-05 09:56:27.399401+00:00,2026-09-18 03:27:59.742836+00:00,2026-09-18 03:27:59.742844+00:00
363,musinsa_used,무신사 USED,musinsa_used [FILTER>컬러>다크 그레이>아우터],RANKING,LIVE,True,1440,5,https://api.musinsa.com/api2/dp/v2/plp/goods?gf=A&color=DARKGREY&sortCode=USED_SALE_PRICE_CHANGE_DATE&category=109002&size=30&testGroup=&ampGroup=&caller=CATEGORY&page=1&seen=0&seenAds=,"{""live"": true, ""limit"": 100, ""gender"": ""A"", ""page_size"": 30, ""sort_code"": ""USED_SALE_PRICE_CHANGE_DATE"", ""category_id"": ""109002"", ""filter_name"": ""다크 그레이"", ""filter_type"": ""color"", ""filter_label"": ""컬러"", ""filter_value"": ""DARKGREY"", ""category_name"": ""아우터"", ""filter_parameter"": ""color"", ""observation_type"": ""FILTER""}",2026-09-28 09:58:09.103913+00:00,2026-09-29 09:58:09.148168+00:00,2026-09-18 03:28:00.679552+00:00,2026-09-18 03:43:56.724108+00:00
364,musinsa_used,무신사 USED,musinsa_used [FILTER>컬러>블랙>아우터],RANKING,LIVE,True,1440,5,https://api.musinsa.com/api2/dp/v2/plp/goods?gf=A&color=BLACK&sortCode=USED_SALE_PRICE_CHANGE_DATE&category=109002&size=30&testGroup=&ampGroup=&caller=CATEGORY&page=1&seen=0&seenAds=,"{""live"": true, ""limit"": 100, ""gender"": ""A"", ""page_size"": 30, ""sort_code"": ""USED_SALE_PRICE_CHANGE_DATE"", ""category_id"": ""109002"", ""filter_name"": ""블랙"", ""filter_type"": ""color"", ""filter_label"": ""컬러"", ""filter_value"": ""BLACK"", ""category_name"": ""아우터"", ""filter_parameter"": ""color"", ""observation_type"": ""FILTER""}",2026-09-28 09:59:43.542693+00:00,2026-09-29 09:59:43.583552+00:00,2026-09-18 03:28:00.806974+00:00,2026-09-18 03:43:56.796637+00:00
365,musinsa_used,무신사 USED,musinsa_used [FILTER>컬러>다크 네이비>아우터],RANKING,LIVE,True,1440,5,https://api.musinsa.com/api2/dp/v2/plp/goods?gf=A&color=DARKNAVY&sortCode=USED_SALE_PRICE_CHANGE_DATE&category=109002&size=30&testGroup=&ampGroup=&caller=CATEGORY&page=1&seen=0&seenAds=,"{""live"": true, ""limit"": 100, ""gender"": ""A"", ""page_size"": 30, ""sort_code"": ""USED_SALE_PRICE_CHANGE_DATE"", ""category_id"": ""109002"", ""filter_name"": ""다크 네이비"", ""filter_type"": ""color"", ""filter_label"": ""컬러"", ""filter_value"": ""DARKNAVY"", ""category_name"": ""아우터"", ""filter_parameter"": ""color"", ""observation_type"": ""FILTER""}",2026-09-28 10:01:24.730166+00:00,2026-09-29 10:01:24.775692+00:00,2026-09-18 03:28:00.957741+00:00,2026-09-18 03:43:56.861620+00:00
366,musinsa_used,무신사 USED,musinsa_used [FILTER>컬러>베이지>아우터],RANKING,LIVE,True,1440,5,https://api.musinsa.com/api2/dp/v2/plp/goods?gf=A&color=BEIGE&sortCode=USED_SALE_PRICE_CHANGE_DATE&category=109002&size=30&testGroup=&ampGroup=&caller=CATEGORY&page=1&seen=0&seenAds=,"{""live"": true, ""limit"": 100, ""gender"": ""A"", ""page_size"": 30, ""sort_code"": ""USED_SALE_PRICE_CHANGE_DATE"", ""category_id"": ""109002"", ""filter_name"": ""베이지"", ""filter_type"": ""color"", ""filter_label"": ""컬러"", ""filter_value"": ""BEIGE"", ""category_name"": ""아우터"", ""filter_parameter"": ""color"", ""observation_type"": ""FILTER""}",2026-09-28 10:03:13.678426+00:00,2026-09-29 10:03:13.818597+00:00,2026-09-18 03:28:01.087457+00:00,2026-09-18 03:43:56.932525+00:00
367,musinsa_used,무신사 USED,musinsa_used [FILTER>컬러>아이보리>아우터],RANKING,LIVE,True,1440,5,https://api.musinsa.com/api2/dp/v2/plp/goods?gf=A&color=IVORY&sortCode=USED_SALE_PRICE_CHANGE_DATE&category=109002&size=30&testGroup=&ampGroup=&caller=CATEGORY&page=1&seen=0&seenAds=,"{""live"": true, ""limit"": 100, ""gender"": ""A"", ""page_size"": 30, ""sort_code"": ""USED_SALE_PRICE_CHANGE_DATE"", ""category_id"": ""109002"", ""filter_name"": ""아이보리"", ""filter_type"": ""color"", ""filter_label"": ""컬러"", ""filter_value"": ""IVORY"", ""category_name"": ""아우터"", ""filter_parameter"": ""color"", ""observation_type"": ""FILTER""}",2026-09-28 10:05:24.999656+00:00,2026-09-29 10:05:25.081996+00:00,2026-09-18 03:28:01.213756+00:00,2026-09-18 03:43:57.005226+00:00
368,musinsa_used,무신사 USED,musinsa_used [FILTER>컬러>다크 브라운>아우터],RANKING,LIVE,True,1440,5,https://api.musinsa.com/api2/dp/v2/plp/goods?gf=A&color=DARKBROWN&sortCode=USED_SALE_PRICE_CHANGE_DATE&category=109002&size=30&testGroup=&ampGroup=&caller=CATEGORY&page=1&seen=0&seenAds=,"{""live"": true, ""limit"": 100, ""gender"": ""A"", ""page_size"": 30, ""sort_code"": ""USED_SALE_PRICE_CHANGE_DATE"", ""category_id"": ""109002"", ""filter_name"": ""다크 브라운"", ""filter_type"": ""color"", ""filter_label"": ""컬러"", ""filter_value"": ""DARKBROWN"", ""category_name"": ""아우터"", ""filter_parameter"": ""color"", ""observation_type"": ""FILTER""}",2026-09-28 10:07:13.496383+00:00,2026-09-29 10:07:13.557041+00:00,2026-09-18 03:28:01.352762+00:00,2026-09-18 03:43:57.074883+00:00
369,musinsa_used,무신사 USED,musinsa_used [FILTER>컬러>그레이>아우터],RANKING,LIVE,True,1440,5,https://api.musinsa.com/api2/dp/v2/plp/goods?gf=A&color=GRAY&sortCode=USED_SALE_PRICE_CHANGE_DATE&category=109002&size=30&testGroup=&ampGroup=&caller=CATEGORY&page=1&seen=0&seenAds=,"{""live"": true, ""limit"": 100, ""gender"": ""A"", ""page_size"": 30, ""sort_code"": ""USED_SALE_PRICE_CHANGE_DATE"", ""category_id"": ""109002"", ""filter_name"": ""그레이"", ""filter_type"": ""color"", ""filter_label"": ""컬러"", ""filter_value"": ""GRAY"", ""category_name"": ""아우터"", ""filter_parameter"": ""color"", ""observation_type"": ""FILTER""}",2026-09-28 10:08:59.156180+00:00,2026-09-29 10:08:59.260844+00:00,2026-09-18 03:28:01.498177+00:00,2026-09-18 03:43:57.149085+00:00
370,musinsa_used,무신사 USED,musinsa_used [FILTER>컬러>라이트 그레이>아우터],RANKING,LIVE,True,1440,5,https://api.musinsa.com/api2/dp/v2/plp/goods?gf=A&color=LIGHTGREY&sortCode=USED_SALE_PRICE_CHANGE_DATE&category=109002&size=30&testGroup=&ampGroup=&caller=CATEGORY&page=1&seen=0&seenAds=,"{""live"": true, ""limit"": 100, ""gender"": ""A"", ""page_size"": 30, ""sort_code"": ""USED_SALE_PRICE_CHANGE_DATE"", ""category_id"": ""109002"", ""filter_name"": ""라이트 그레이"", ""filter_type"": ""color"", ""filter_label"": ""컬러"", ""filter_value"": ""LIGHTGREY"", ""category_name"": ""아우터"", ""filter_parameter"": ""color"", ""observation_type"": ""FILTER""}",2026-09-28 10:10:51.435524+00:00,2026-09-29 10:10:51.483611+00:00,2026-09-18 03:28:01.618413+00:00,2026-09-18 03:43:57.222939+00:00
371,musinsa_used,무신사 USED,musinsa_used [FILTER>컬러>카멜>아우터],RANKING,LIVE,True,1440,5,https://api.musinsa.com/api2/dp/v2/plp/goods?gf=A&color=CAMEL&sortCode=USED_SALE_PRICE_CHANGE_DATE&category=109002&size=30&testGroup=&ampGroup=&caller=CATEGORY&page=1&seen=0&seenAds=,"{""live"": true, ""limit"": 100, ""gender"": ""A"", ""page_size"": 30, ""sort_code"": ""USED_SALE_PRICE_CHANGE_DATE"", ""category_id"": ""109002"", ""filter_name"": ""카멜"", ""filter_type"": ""color"", ""filter_label"": ""컬러"", ""filter_value"": ""CAMEL"", ""category_name"": ""아우터"", ""filter_parameter"": ""color"", ""observation_type"": ""FILTER""}",2026-09-28 10:12:42.579562+00:00,2026-09-29 10:12:42.624538+00:00,2026-09-18 03:28:01.734317+00:00,2026-09-18 03:43:57.301030+00:00
372,musinsa_used,무신사 USED,musinsa_used [FILTER>컬러>라이트 브라운>아우터],RANKING,LIVE,True,1440,5,https://api.musinsa.com/api2/dp/v2/plp/goods?gf=A&color=LIGHTBROWN&sortCode=USED_SALE_PRICE_CHANGE_DATE&category=109002&size=30&testGroup=&ampGroup=&caller=CATEGORY&page=1&seen=0&seenAds=,"{""live"": true, ""limit"": 100, ""gender"": ""A"", ""page_size"": 30, ""sort_code"": ""USED_SALE_PRICE_CHANGE_DATE"", ""category_id"": ""109002"", ""filter_name"": ""라이트 브라운"", ""filter_type"": ""color"", ""filter_label"": ""컬러"", ""filter_value"": ""LIGHTBROWN"", ""category_name"": ""아우터"", ""filter_parameter"": ""color"", ""observation_type"": ""FILTER""}",2026-09-28 10:14:32.047115+00:00,2026-09-29 10:14:32.177175+00:00,2026-09-18 03:28:01.855235+00:00,2026-09-18 03:43:57.385500+00:00
373,musinsa_used,무신사 USED,musinsa_used [FILTER>컬러>다크 베이지>아우터],RANKING,LIVE,True,1440,5,https://api.musinsa.com/api2/dp/v2/plp/goods?gf=A&color=DARKBEIGE&sortCode=USED_SALE_PRICE_CHANGE_DATE&category=109002&size=30&testGroup=&ampGroup=&caller=CATEGORY&page=1&seen=0&seenAds=,"{""live"": true, ""limit"": 100, ""gender"": ""A"", ""page_size"": 30, ""sort_code"": ""USED_SALE_PRICE_CHANGE_DATE"", ""category_id"": ""109002"", ""filter_name"": ""다크 베이지"", ""filter_type"": ""color"", ""filter_label"": ""컬러"", ""filter_value"": ""DARKBEIGE"", ""category_name"": ""아우터"", ""filter_parameter"": ""color"", ""observation_type"": ""FILTER""}",2026-09-28 10:16:16.631100+00:00,2026-09-29 10:16:16.672174+00:00,2026-09-18 03:28:01.997401+00:00,2026-09-18 03:43:57.456166+00:00
374,musinsa_used,무신사 USED,musinsa_used [FILTER>컬러>스카이 블루>아우터],RANKING,LIVE,True,1440,5,https://api.musinsa.com/api2/dp/v2/plp/goods?gf=A&color=SKYBLUE&sortCode=USED_SALE_PRICE_CHANGE_DATE&category=109002&size=30&testGroup=&ampGroup=&caller=CATEGORY&page=1&seen=0&seenAds=,"{""live"": true, ""limit"": 100, ""gender"": ""A"", ""page_size"": 30, ""sort_code"": ""USED_SALE_PRICE_CHANGE_DATE"", ""category_id"": ""109002"", ""filter_name"": ""스카이 블루"", ""filter_type"": ""color"", ""filter_label"": ""컬러"", ""filter_value"": ""SKYBLUE"", ""category_name"": ""아우터"", ""filter_parameter"": ""color"", ""observation_type"": ""FILTER""}",2026-09-28 10:18:00.947747+00:00,2026-09-29 10:18:01.632770+00:00,2026-09-18 03:28:02.118210+00:00,2026-09-18 03:43:57.549892+00:00
375,musinsa_used,무신사 USED,musinsa_used [FILTER>컬러>카키>아우터],RANKING,LIVE,True,1440,5,https://api.musinsa.com/api2/dp/v2/plp/goods?gf=A&color=KHAKI&sortCode=USED_SALE_PRICE_CHANGE_DATE&category=109002&size=30&testGroup=&ampGroup=&caller=CATEGORY&page=1&seen=0&seenAds=,"{""live"": true, ""limit"": 100, ""gender"": ""A"", ""page_size"": 30, ""sort_code"": ""USED_SALE_PRICE_CHANGE_DATE"", ""category_id"": ""109002"", ""filter_name"": ""카키"", ""filter_type"": ""color"", ""filter_label"": ""컬러"", ""filter_value"": ""KHAKI"", ""category_name"": ""아우터"", ""filter_parameter"": ""color"", ""observation_type"": ""FILTER""}",2026-09-28 10:20:03.855842+00:00,2026-09-29 10:20:03.921657+00:00,2026-09-18 03:28:02.229617+00:00,2026-09-18 03:43:57.618900+00:00
376,musinsa_used,무신사 USED,musinsa_used [FILTER>컬러>오트밀>아우터],RANKING,LIVE,True,1440,5,https://api.musinsa.com/api2/dp/v2/plp/goods?gf=A&color=OATMEAL&sortCode=USED_SALE_PRICE_CHANGE_DATE&category=109002&size=30&testGroup=&ampGroup=&caller=CATEGORY&page=1&seen=0&seenAds=,"{""live"": true, ""limit"": 100, ""gender"": ""A"", ""page_size"": 30, ""sort_code"": ""USED_SALE_PRICE_CHANGE_DATE"", ""category_id"": ""109002"", ""filter_name"": ""오트밀"", ""filter_type"": ""color"", ""filter_label"": ""컬러"", ""filter_value"": ""OATMEAL"", ""category_name"": ""아우터"", ""filter_parameter"": ""color"", ""observation_type"": ""FILTER""}",2026-09-28 10:21:50.568150+00:00,2026-09-29 10:21:50.620393+00:00,2026-09-18 03:28:02.336505+00:00,2026-09-18 03:43:57.687946+00:00
377,musinsa_used,무신사 USED,musinsa_used [FILTER>컬러>다크 블루>아우터],RANKING,LIVE,True,1440,5,https://api.musinsa.com/api2/dp/v2/plp/goods?gf=A&color=DARKBLUE&sortCode=USED_SALE_PRICE_CHANGE_DATE&category=109002&size=30&testGroup=&ampGroup=&caller=CATEGORY&page=1&seen=0&seenAds=,"{""live"": true, ""limit"": 100, ""gender"": ""A"", ""page_size"": 30, ""sort_code"": ""USED_SALE_PRICE_CHANGE_DATE"", ""category_id"": ""109002"", ""filter_name"": ""다크 블루"", ""filter_type"": ""color"", ""filter_label"": ""컬러"", ""filter_value"": ""DARKBLUE"", ""category_name"": ""아우터"", ""filter_parameter"": ""color"", ""observation_type"": ""FILTER""}",2026-09-28 10:23:45.542747+00:00,2026-09-29 10:23:45.587667+00:00,2026-09-18 03:28:02.452722+00:00,2026-09-18 03:43:57.781377+00:00
378,musinsa_used,무신사 USED,musinsa_used [FILTER>컬러>레드>아우터],RANKING,LIVE,True,1440,5,https://api.musinsa.com/api2/dp/v2/plp/goods?gf=A&color=RED&sortCode=USED_SALE_PRICE_CHANGE_DATE&category=109002&size=30&testGroup=&ampGroup=&caller=CATEGORY&page=1&seen=0&seenAds=,"{""live"": true, ""limit"": 100, ""gender"": ""A"", ""page_size"": 30, ""sort_code"": ""USED_SALE_PRICE_CHANGE_DATE"", ""category_id"": ""109002"", ""filter_name"": ""레드"", ""filter_type"": ""color"", ""filter_label"": ""컬러"", ""filter_value"": ""RED"", ""category_name"": ""아우터"", ""filter_parameter"": ""color"", ""observation_type"": ""FILTER""}",2026-09-28 10:25:23.727236+00:00,2026-09-29 10:25:23.772278+00:00,2026-09-18 03:28:02.557630+00:00,2026-09-18 03:43:57.856113+00:00
379,musinsa_used,무신사 USED,musinsa_used [FILTER>컬러>퍼플>아우터],RANKING,LIVE,True,1440,5,https://api.musinsa.com/api2/dp/v2/plp/goods?gf=A&color=PURPLE&sortCode=USED_SALE_PRICE_CHANGE_DATE&category=109002&size=30&testGroup=&ampGroup=&caller=CATEGORY&page=1&seen=0&seenAds=,"{""live"": true, ""limit"": 100, ""gender"": ""A"", ""page_size"": 30, ""sort_code"": ""USED_SALE_PRICE_CHANGE_DATE"", ""category_id"": ""109002"", ""filter_name"": ""퍼플"", ""filter_type"": ""color"", ""filter_label"": ""컬러"", ""filter_value"": ""PURPLE"", ""category_name"": ""아우터"", ""filter_parameter"": ""color"", ""observation_type"": ""FILTER""}",2026-09-28 10:27:06.494230+00:00,2026-09-29 10:27:06.562102+00:00,2026-09-18 03:28:02.673270+00:00,2026-09-18 03:43:57.921073+00:00
380,musinsa_used,무신사 USED,musinsa_used [FILTER>컬러>실버>아우터],RANKING,LIVE,True,1440,5,https://api.musinsa.com/api2/dp/v2/plp/goods?gf=A&color=SILVER&sortCode=USED_SALE_PRICE_CHANGE_DATE&category=109002&size=30&testGroup=&ampGroup=&caller=CATEGORY&page=1&seen=0&seenAds=,"{""live"": true, ""limit"": 100, ""gender"": ""A"", ""page_size"": 30, ""sort_code"": ""USED_SALE_PRICE_CHANGE_DATE"", ""category_id"": ""109002"", ""filter_name"": ""실버"", ""filter_type"": ""color"", ""filter_label"": ""컬러"", ""filter_value"": ""SILVER"", ""category_name"": ""아우터"", ""filter_parameter"": ""color"", ""observation_type"": ""FILTER""}",2026-09-28 10:28:51.637549+00:00,2026-09-29 10:28:51.734052+00:00,2026-09-18 03:28:02.775237+00:00,2026-09-18 03:43:57.986660+00:00
381,musinsa_used,무신사 USED,musinsa_used [FILTER>컬러>라이트 핑크>아우터],RANKING,LIVE,True,1440,5,https://api.musinsa.com/api2/dp/v2/plp/goods?gf=A&color=LIGHTPINK&sortCode=USED_SALE_PRICE_CHANGE_DATE&category=109002&size=30&testGroup=&ampGroup=&caller=CATEGORY&page=1&seen=0&seenAds=,"{""live"": true, ""limit"": 100, ""gender"": ""A"", ""page_size"": 30, ""sort_code"": ""USED_SALE_PRICE_CHANGE_DATE"", ""category_id"": ""109002"", ""filter_name"": ""라이트 핑크"", ""filter_type"": ""color"", ""filter_label"": ""컬러"", ""filter_value"": ""LIGHTPINK"", ""category_name"": ""아우터"", ""filter_parameter"": ""color"", ""observation_type"": ""FILTER""}",2026-09-28 10:30:39.855289+00:00,2026-09-29 10:30:39.902071+00:00,2026-09-18 03:28:02.880039+00:00,2026-09-18 03:43:58.069600+00:00
382,musinsa_used,무신사 USED,musinsa_used [FILTER>컬러>화이트>아우터],RANKING,LIVE,True,1440,5,https://api.musinsa.com/api2/dp/v2/plp/goods?gf=A&color=WHITE&sortCode=USED_SALE_PRICE_CHANGE_DATE&category=109002&size=30&testGroup=&ampGroup=&caller=CATEGORY&page=1&seen=0&seenAds=,"{""live"": true, ""limit"": 100, ""gender"": ""A"", ""page_size"": 30, ""sort_code"": ""USED_SALE_PRICE_CHANGE_DATE"", ""category_id"": ""109002"", ""filter_name"": ""화이트"", ""filter_type"": ""color"", ""filter_label"": ""컬러"", ""filter_value"": ""WHITE"", ""category_name"": ""아우터"", ""filter_parameter"": ""color"", ""observation_type"": ""FILTER""}",2026-09-28 10:32:22.929082+00:00,2026-09-29 10:32:22.983877+00:00,2026-09-18 03:28:02.981365+00:00,2026-09-18 03:43:58.146708+00:00
383,musinsa_used,무신사 USED,musinsa_used [FILTER>컬러>다크 오렌지>아우터],RANKING,LIVE,True,1440,5,https://api.musinsa.com/api2/dp/v2/plp/goods?gf=A&color=DARKORANGE&sortCode=USED_SALE_PRICE_CHANGE_DATE&category=109002&size=30&testGroup=&ampGroup=&caller=CATEGORY&page=1&seen=0&seenAds=,"{""live"": true, ""limit"": 100, ""gender"": ""A"", ""page_size"": 30, ""sort_code"": ""USED_SALE_PRICE_CHANGE_DATE"", ""category_id"": ""109002"", ""filter_name"": ""다크 오렌지"", ""filter_type"": ""color"", ""filter_label"": ""컬러"", ""filter_value"": ""DARKORANGE"", ""category_name"": ""아우터"", ""filter_parameter"": ""color"", ""observation_type"": ""FILTER""}",2026-09-28 10:34:09.626629+00:00,2026-09-29 10:34:09.728999+00:00,2026-09-18 03:28:03.083120+00:00,2026-09-18 03:43:58.239964+00:00
384,musinsa_used,무신사 USED,musinsa_used [FILTER>컬러>블루>아우터],RANKING,LIVE,True,1440,5,https://api.musinsa.com/api2/dp/v2/plp/goods?gf=A&color=BLUE&sortCode=USED_SALE_PRICE_CHANGE_DATE&category=109002&size=30&testGroup=&ampGroup=&caller=CATEGORY&page=1&seen=0&seenAds=,"{""live"": true, ""limit"": 100, ""gender"": ""A"", ""page_size"": 30, ""sort_code"": ""USED_SALE_PRICE_CHANGE_DATE"", ""category_id"": ""109002"", ""filter_name"": ""블루"", ""filter_type"": ""color"", ""filter_label"": ""컬러"", ""filter_value"": ""BLUE"", ""category_name"": ""아우터"", ""filter_parameter"": ""color"", ""observation_type"": ""FILTER""}",2026-09-28 10:35:50.594782+00:00,2026-09-29 10:35:50.656517+00:00,2026-09-18 03:28:03.185865+00:00,2026-09-18 03:43:58.322718+00:00
385,musinsa_used,무신사 USED,musinsa_used [FILTER>컬러>라벤더>아우터],RANKING,LIVE,True,1440,5,https://api.musinsa.com/api2/dp/v2/plp/goods?gf=A&color=LAVENDER&sortCode=USED_SALE_PRICE_CHANGE_DATE&category=109002&size=30&testGroup=&ampGroup=&caller=CATEGORY&page=1&seen=0&seenAds=,"{""live"": true, ""limit"": 100, ""gender"": ""A"", ""page_size"": 30, ""sort_code"": ""USED_SALE_PRICE_CHANGE_DATE"", ""category_id"": ""109002"", ""filter_name"": ""라벤더"", ""filter_type"": ""color"", ""filter_label"": ""컬러"", ""filter_value"": ""LAVENDER"", ""category_name"": ""아우터"", ""filter_parameter"": ""color"", ""observation_type"": ""FILTER""}",2026-09-28 10:37:17.058932+00:00,2026-09-29 10:37:17.129109+00:00,2026-09-18 03:28:03.287211+00:00,2026-09-18 03:43:58.410971+00:00
386,musinsa_used,무신사 USED,musinsa_used [FILTER>컬러>다크 그린>아우터],RANKING,LIVE,True,1440,5,https://api.musinsa.com/api2/dp/v2/plp/goods?gf=A&color=DARKGREEN&sortCode=USED_SALE_PRICE_CHANGE_DATE&category=109002&size=30&testGroup=&ampGroup=&caller=CATEGORY&page=1&seen=0&seenAds=,"{""live"": true, ""limit"": 100, ""gender"": ""A"", ""page_size"": 30, ""sort_code"": ""USED_SALE_PRICE_CHANGE_DATE"", ""category_id"": ""109002"", ""filter_name"": ""다크 그린"", ""filter_type"": ""color"", ""filter_label"": ""컬러"", ""filter_value"": ""DARKGREEN"", ""category_name"": ""아우터"", ""filter_parameter"": ""color"", ""observation_type"": ""FILTER""}",2026-09-28 10:38:44.986436+00:00,2026-09-29 10:38:45.023281+00:00,2026-09-18 03:28:03.387282+00:00,2026-09-18 03:43:58.519616+00:00
387,musinsa_used,무신사 USED,musinsa_used [FILTER>컬러>다크핑크>아우터],RANKING,LIVE,True,1440,5,https://api.musinsa.com/api2/dp/v2/plp/goods?gf=A&color=DARKPINK&sortCode=USED_SALE_PRICE_CHANGE_DATE&category=109002&size=30&testGroup=&ampGroup=&caller=CATEGORY&page=1&seen=0&seenAds=,"{""live"": true, ""limit"": 100, ""gender"": ""A"", ""page_size"": 30, ""sort_code"": ""USED_SALE_PRICE_CHANGE_DATE"", ""category_id"": ""109002"", ""filter_name"": ""다크핑크"", ""filter_type"": ""color"", ""filter_label"": ""컬러"", ""filter_value"": ""DARKPINK"", ""category_name"": ""아우터"", ""filter_parameter"": ""color"", ""observation_type"": ""FILTER""}",2026-09-28 10:40:04.159886+00:00,2026-09-29 10:40:04.200999+00:00,2026-09-18 03:28:03.517894+00:00,2026-09-18 03:43:58.620699+00:00
388,musinsa_used,무신사 USED,musinsa_used [FILTER>컬러>올리브 그린>아우터],RANKING,LIVE,True,1440,5,https://api.musinsa.com/api2/dp/v2/plp/goods?gf=A&color=OLIVEGREEN&sortCode=USED_SALE_PRICE_CHANGE_DATE&category=109002&size=30&testGroup=&ampGroup=&caller=CATEGORY&page=1&seen=0&seenAds=,"{""live"": true, ""limit"": 100, ""gender"": ""A"", ""page_size"": 30, ""sort_code"": ""USED_SALE_PRICE_CHANGE_DATE"", ""category_id"": ""109002"", ""filter_name"": ""올리브 그린"", ""filter_type"": ""color"", ""filter_label"": ""컬러"", ""filter_value"": ""OLIVEGREEN"", ""category_name"": ""아우터"", ""filter_parameter"": ""color"", ""observation_type"": ""FILTER""}",2026-09-28 10:41:22.203960+00:00,2026-09-29 10:41:22.230976+00:00,2026-09-18 03:28:03.670277+00:00,2026-09-18 03:43:58.738956+00:00
389,musinsa_used,무신사 USED,musinsa_used [FILTER>컬러>피치>아우터],RANKING,LIVE,True,1440,5,https://api.musinsa.com/api2/dp/v2/plp/goods?gf=A&color=PEACH&sortCode=USED_SALE_PRICE_CHANGE_DATE&category=109002&size=30&testGroup=&ampGroup=&caller=CATEGORY&page=1&seen=0&seenAds=,"{""live"": true, ""limit"": 100, ""gender"": ""A"", ""page_size"": 30, ""sort_code"": ""USED_SALE_PRICE_CHANGE_DATE"", ""category_id"": ""109002"", ""filter_name"": ""피치"", ""filter_type"": ""color"", ""filter_label"": ""컬러"", ""filter_value"": ""PEACH"", ""category_name"": ""아우터"", ""filter_parameter"": ""color"", ""observation_type"": ""FILTER""}",2026-09-18 04:27:17.004028+00:00,2026-09-19 04:27:17.004028+00:00,2026-09-18 03:28:03.901899+00:00,2026-09-18 03:43:58.838171+00:00
390,musinsa_used,무신사 USED,musinsa_used [FILTER>컬러>브릭>아우터],RANKING,LIVE,True,1440,5,https://api.musinsa.com/api2/dp/v2/plp/goods?gf=A&color=BRICK&sortCode=USED_SALE_PRICE_CHANGE_DATE&category=109002&size=30&testGroup=&ampGroup=&caller=CATEGORY&page=1&seen=0&seenAds=,"{""live"": true, ""limit"": 100, ""gender"": ""A"", ""page_size"": 30, ""sort_code"": ""USED_SALE_PRICE_CHANGE_DATE"", ""category_id"": ""109002"", ""filter_name"": ""브릭"", ""filter_type"": ""color"", ""filter_label"": ""컬러"", ""filter_value"": ""BRICK"", ""category_name"": ""아우터"", ""filter_parameter"": ""color"", ""observation_type"": ""FILTER""}",2026-09-18 04:27:55.523468+00:00,2026-09-19 04:27:55.523468+00:00,2026-09-18 03:28:04.120778+00:00,2026-09-18 03:43:58.927738+00:00
391,musinsa_used,무신사 USED,musinsa_used [FILTER>컬러>네이비>아우터],RANKING,LIVE,True,1440,5,https://api.musinsa.com/api2/dp/v2/plp/goods?gf=A&color=NAVY&sortCode=USED_SALE_PRICE_CHANGE_DATE&category=109002&size=30&testGroup=&ampGroup=&caller=CATEGORY&page=1&seen=0&seenAds=,"{""live"": true, ""limit"": 100, ""gender"": ""A"", ""page_size"": 30, ""sort_code"": ""USED_SALE_PRICE_CHANGE_DATE"", ""category_id"": ""109002"", ""filter_name"": ""네이비"", ""filter_type"": ""color"", ""filter_label"": ""컬러"", ""filter_value"": ""NAVY"", ""category_name"": ""아우터"", ""filter_parameter"": ""color"", ""observation_type"": ""FILTER""}",2026-09-18 04:28:23.313017+00:00,2026-09-19 04:28:23.313017+00:00,2026-09-18 03:28:04.265373+00:00,2026-09-18 03:43:59.133173+00:00
392,musinsa_used,무신사 USED,musinsa_used [FILTER>컬러>버건디>아우터],RANKING,LIVE,True,1440,5,https://api.musinsa.com/api2/dp/v2/plp/goods?gf=A&color=BURGUNDY&sortCode=USED_SALE_PRICE_CHANGE_DATE&category=109002&size=30&testGroup=&ampGroup=&caller=CATEGORY&page=1&seen=0&seenAds=,"{""live"": true, ""limit"": 100, ""gender"": ""A"", ""page_size"": 30, ""sort_code"": ""USED_SALE_PRICE_CHANGE_DATE"", ""category_id"": ""109002"", ""filter_name"": ""버건디"", ""filter_type"": ""color"", ""filter_label"": ""컬러"", ""filter_value"": ""BURGUNDY"", ""category_name"": ""아우터"", ""filter_parameter"": ""color"", ""observation_type"": ""FILTER""}",2026-09-19 08:34:51.170583+00:00,2026-09-20 08:34:51.170583+00:00,2026-09-18 03:28:04.373616+00:00,2026-09-18 03:43:59.278988+00:00
393,musinsa_used,무신사 USED,musinsa_used [FILTER>컬러>라이트 그린>아우터],RANKING,LIVE,True,1440,5,https://api.musinsa.com/api2/dp/v2/plp/goods?gf=A&color=LIGHTGREEN&sortCode=USED_SALE_PRICE_CHANGE_DATE&category=109002&size=30&testGroup=&ampGroup=&caller=CATEGORY&page=1&seen=0&seenAds=,"{""live"": true, ""limit"": 100, ""gender"": ""A"", ""page_size"": 30, ""sort_code"": ""USED_SALE_PRICE_CHANGE_DATE"", ""category_id"": ""109002"", ""filter_name"": ""라이트 그린"", ""filter_type"": ""color"", ""filter_label"": ""컬러"", ""filter_value"": ""LIGHTGREEN"", ""category_name"": ""아우터"", ""filter_parameter"": ""color"", ""observation_type"": ""FILTER""}",2026-09-18 04:29:19.911930+00:00,2026-09-19 04:29:19.911930+00:00,2026-09-18 03:28:04.496089+00:00,2026-09-18 03:43:59.387186+00:00
394,musinsa_used,무신사 USED,musinsa_used [FILTER>컬러>머스타드>아우터],RANKING,LIVE,True,1440,5,https://api.musinsa.com/api2/dp/v2/plp/goods?gf=A&color=MUSTARD&sortCode=USED_SALE_PRICE_CHANGE_DATE&category=109002&size=30&testGroup=&ampGroup=&caller=CATEGORY&page=1&seen=0&seenAds=,"{""live"": true, ""limit"": 100, ""gender"": ""A"", ""page_size"": 30, ""sort_code"": ""USED_SALE_PRICE_CHANGE_DATE"", ""category_id"": ""109002"", ""filter_name"": ""머스타드"", ""filter_type"": ""color"", ""filter_label"": ""컬러"", ""filter_value"": ""MUSTARD"", ""category_name"": ""아우터"", ""filter_parameter"": ""color"", ""observation_type"": ""FILTER""}",2026-09-18 04:29:58.319109+00:00,2026-09-19 04:29:58.319109+00:00,2026-09-18 03:28:04.628261+00:00,2026-09-18 03:43:59.462403+00:00
395,musinsa_used,무신사 USED,musinsa_used [FILTER>컬러>딥레드>아우터],RANKING,LIVE,True,1440,5,https://api.musinsa.com/api2/dp/v2/plp/goods?gf=A&color=DEEPRED&sortCode=USED_SALE_PRICE_CHANGE_DATE&category=109002&size=30&testGroup=&ampGroup=&caller=CATEGORY&page=1&seen=0&seenAds=,"{""live"": true, ""limit"": 100, ""gender"": ""A"", ""page_size"": 30, ""sort_code"": ""USED_SALE_PRICE_CHANGE_DATE"", ""category_id"": ""109002"", ""filter_name"": ""딥레드"", ""filter_type"": ""color"", ""filter_label"": ""컬러"", ""filter_value"": ""DEEPRED"", ""category_name"": ""아우터"", ""filter_parameter"": ""color"", ""observation_type"": ""FILTER""}",2026-09-18 04:30:26.309500+00:00,2026-09-19 04:30:26.309500+00:00,2026-09-18 03:28:04.748210+00:00,2026-09-18 03:43:59.566651+00:00
396,musinsa_used,무신사 USED,musinsa_used [FILTER>컬러>그린>아우터],RANKING,LIVE,True,1440,5,https://api.musinsa.com/api2/dp/v2/plp/goods?gf=A&color=GREEN&sortCode=USED_SALE_PRICE_CHANGE_DATE&category=109002&size=30&testGroup=&ampGroup=&caller=CATEGORY&page=1&seen=0&seenAds=,"{""live"": true, ""limit"": 100, ""gender"": ""A"", ""page_size"": 30, ""sort_code"": ""USED_SALE_PRICE_CHANGE_DATE"", ""category_id"": ""109002"", ""filter_name"": ""그린"", ""filter_type"": ""color"", ""filter_label"": ""컬러"", ""filter_value"": ""GREEN"", ""category_name"": ""아우터"", ""filter_parameter"": ""color"", ""observation_type"": ""FILTER""}",2026-09-18 04:30:54.876309+00:00,2026-09-19 04:30:54.876309+00:00,2026-09-18 03:28:04.847710+00:00,2026-09-18 03:43:59.660491+00:00
397,musinsa_used,무신사 USED,musinsa_used [FILTER>컬러>라이트 옐로우>아우터],RANKING,LIVE,True,1440,5,https://api.musinsa.com/api2/dp/v2/plp/goods?gf=A&color=LIGHTYELLOW&sortCode=USED_SALE_PRICE_CHANGE_DATE&category=109002&size=30&testGroup=&ampGroup=&caller=CATEGORY&page=1&seen=0&seenAds=,"{""live"": true, ""limit"": 100, ""gender"": ""A"", ""page_size"": 30, ""sort_code"": ""USED_SALE_PRICE_CHANGE_DATE"", ""category_id"": ""109002"", ""filter_name"": ""라이트 옐로우"", ""filter_type"": ""color"", ""filter_label"": ""컬러"", ""filter_value"": ""LIGHTYELLOW"", ""category_name"": ""아우터"", ""filter_parameter"": ""color"", ""observation_type"": ""FILTER""}",2026-09-18 04:31:22.862184+00:00,2026-09-19 04:31:22.862184+00:00,2026-09-18 03:28:04.972953+00:00,2026-09-18 03:43:59.730826+00:00
398,musinsa_used,무신사 USED,musinsa_used [FILTER>컬러>오렌지>아우터],RANKING,LIVE,True,1440,5,https://api.musinsa.com/api2/dp/v2/plp/goods?gf=A&color=ORANGE&sortCode=USED_SALE_PRICE_CHANGE_DATE&category=109002&size=30&testGroup=&ampGroup=&caller=CATEGORY&page=1&seen=0&seenAds=,"{""live"": true, ""limit"": 100, ""gender"": ""A"", ""page_size"": 30, ""sort_code"": ""USED_SALE_PRICE_CHANGE_DATE"", ""category_id"": ""109002"", ""filter_name"": ""오렌지"", ""filter_type"": ""color"", ""filter_label"": ""컬러"", ""filter_value"": ""ORANGE"", ""category_name"": ""아우터"", ""filter_parameter"": ""color"", ""observation_type"": ""FILTER""}",2026-09-18 04:32:01.319423+00:00,2026-09-19 04:32:01.319423+00:00,2026-09-18 03:28:05.078684+00:00,2026-09-18 03:43:59.809117+00:00
399,musinsa_used,무신사 USED,musinsa_used [FILTER>컬러>브라운>아우터],RANKING,LIVE,True,1440,5,https://api.musinsa.com/api2/dp/v2/plp/goods?gf=A&color=BROWN&sortCode=USED_SALE_PRICE_CHANGE_DATE&category=109002&size=30&testGroup=&ampGroup=&caller=CATEGORY&page=1&seen=0&seenAds=,"{""live"": true, ""limit"": 100, ""gender"": ""A"", ""page_size"": 30, ""sort_code"": ""USED_SALE_PRICE_CHANGE_DATE"", ""category_id"": ""109002"", ""filter_name"": ""브라운"", ""filter_type"": ""color"", ""filter_label"": ""컬러"", ""filter_value"": ""BROWN"", ""category_name"": ""아우터"", ""filter_parameter"": ""color"", ""observation_type"": ""FILTER""}",2026-09-19 08:34:54.310667+00:00,2026-09-20 08:34:54.310667+00:00,2026-09-18 03:28:05.190688+00:00,2026-09-18 03:43:59.880815+00:00
400,musinsa_used,무신사 USED,musinsa_used [FILTER>컬러>핑크>아우터],RANKING,LIVE,True,1440,5,https://api.musinsa.com/api2/dp/v2/plp/goods?gf=A&color=PINK&sortCode=USED_SALE_PRICE_CHANGE_DATE&category=109002&size=30&testGroup=&ampGroup=&caller=CATEGORY&page=1&seen=0&seenAds=,"{""live"": true, ""limit"": 100, ""gender"": ""A"", ""page_size"": 30, ""sort_code"": ""USED_SALE_PRICE_CHANGE_DATE"", ""category_id"": ""109002"", ""filter_name"": ""핑크"", ""filter_type"": ""color"", ""filter_label"": ""컬러"", ""filter_value"": ""PINK"", ""category_name"": ""아우터"", ""filter_parameter"": ""color"", ""observation_type"": ""FILTER""}",2026-09-18 04:32:58.387699+00:00,2026-09-19 04:32:58.387699+00:00,2026-09-18 03:28:05.303624+00:00,2026-09-18 03:43:59.950907+00:00
401,musinsa_used,무신사 USED,musinsa_used [FILTER>컬러>라임>아우터],RANKING,LIVE,True,1440,5,https://api.musinsa.com/api2/dp/v2/plp/goods?gf=A&color=LIME&sortCode=USED_SALE_PRICE_CHANGE_DATE&category=109002&size=30&testGroup=&ampGroup=&caller=CATEGORY&page=1&seen=0&seenAds=,"{""live"": true, ""limit"": 100, ""gender"": ""A"", ""page_size"": 30, ""sort_code"": ""USED_SALE_PRICE_CHANGE_DATE"", ""category_id"": ""109002"", ""filter_name"": ""라임"", ""filter_type"": ""color"", ""filter_label"": ""컬러"", ""filter_value"": ""LIME"", ""category_name"": ""아우터"", ""filter_parameter"": ""color"", ""observation_type"": ""FILTER""}",2026-09-18 04:33:26.221266+00:00,2026-09-19 04:33:26.221266+00:00,2026-09-18 03:28:05.429733+00:00,2026-09-18 03:44:00.019010+00:00
402,musinsa_used,무신사 USED,musinsa_used [FILTER>컬러>옐로우>아우터],RANKING,LIVE,True,1440,5,https://api.musinsa.com/api2/dp/v2/plp/goods?gf=A&color=YELLOW&sortCode=USED_SALE_PRICE_CHANGE_DATE&category=109002&size=30&testGroup=&ampGroup=&caller=CATEGORY&page=1&seen=0&seenAds=,"{""live"": true, ""limit"": 100, ""gender"": ""A"", ""page_size"": 30, ""sort_code"": ""USED_SALE_PRICE_CHANGE_DATE"", ""category_id"": ""109002"", ""filter_name"": ""옐로우"", ""filter_type"": ""color"", ""filter_label"": ""컬러"", ""filter_value"": ""YELLOW"", ""category_name"": ""아우터"", ""filter_parameter"": ""color"", ""observation_type"": ""FILTER""}",2026-09-18 04:34:03.735718+00:00,2026-09-19 04:34:03.735718+00:00,2026-09-18 03:28:05.553318+00:00,2026-09-18 03:44:00.097572+00:00
403,musinsa_used,무신사 USED,musinsa_used [FILTER>컬러>민트>아우터],RANKING,LIVE,True,1440,5,https://api.musinsa.com/api2/dp/v2/plp/goods?gf=A&color=MINT&sortCode=USED_SALE_PRICE_CHANGE_DATE&category=109002&size=30&testGroup=&ampGroup=&caller=CATEGORY&page=1&seen=0&seenAds=,"{""live"": true, ""limit"": 100, ""gender"": ""A"", ""page_size"": 30, ""sort_code"": ""USED_SALE_PRICE_CHANGE_DATE"", ""category_id"": ""109002"", ""filter_name"": ""민트"", ""filter_type"": ""color"", ""filter_label"": ""컬러"", ""filter_value"": ""MINT"", ""category_name"": ""아우터"", ""filter_parameter"": ""color"", ""observation_type"": ""FILTER""}",2026-09-18 04:34:40.357047+00:00,2026-09-19 04:34:40.357047+00:00,2026-09-18 03:28:05.683992+00:00,2026-09-18 03:44:00.180985+00:00
404,musinsa_used,무신사 USED,musinsa_used [FILTER>컬러>로즈골드>아우터],RANKING,LIVE,True,1440,5,https://api.musinsa.com/api2/dp/v2/plp/goods?gf=A&color=ROSEGOLD&sortCode=USED_SALE_PRICE_CHANGE_DATE&category=109002&size=30&testGroup=&ampGroup=&caller=CATEGORY&page=1&seen=0&seenAds=,"{""live"": true, ""limit"": 100, ""gender"": ""A"", ""page_size"": 30, ""sort_code"": ""USED_SALE_PRICE_CHANGE_DATE"", ""category_id"": ""109002"", ""filter_name"": ""로즈골드"", ""filter_type"": ""color"", ""filter_label"": ""컬러"", ""filter_value"": ""ROSEGOLD"", ""category_name"": ""아우터"", ""filter_parameter"": ""color"", ""observation_type"": ""FILTER""}",2026-09-18 04:35:08.492614+00:00,2026-09-19 04:35:08.492614+00:00,2026-09-18 03:28:05.793729+00:00,2026-09-18 03:44:00.252186+00:00
405,musinsa_used,무신사 USED,musinsa_used [FILTER>컬러>골드>아우터],RANKING,LIVE,True,1440,5,https://api.musinsa.com/api2/dp/v2/plp/goods?gf=A&color=GOLD&sortCode=USED_SALE_PRICE_CHANGE_DATE&category=109002&size=30&testGroup=&ampGroup=&caller=CATEGORY&page=1&seen=0&seenAds=,"{""live"": true, ""limit"": 100, ""gender"": ""A"", ""page_size"": 30, ""sort_code"": ""USED_SALE_PRICE_CHANGE_DATE"", ""category_id"": ""109002"", ""filter_name"": ""골드"", ""filter_type"": ""color"", ""filter_label"": ""컬러"", ""filter_value"": ""GOLD"", ""category_name"": ""아우터"", ""filter_parameter"": ""color"", ""observation_type"": ""FILTER""}",2026-09-18 04:35:34.801864+00:00,2026-09-19 04:35:34.801864+00:00,2026-09-18 03:28:05.896717+00:00,2026-09-18 03:44:00.336736+00:00
406,musinsa_used,무신사 USED,musinsa_used [FILTER>컬러>라이트 오렌지>아우터],RANKING,LIVE,True,1440,5,https://api.musinsa.com/api2/dp/v2/plp/goods?gf=A&color=LIGHTORANGE&sortCode=USED_SALE_PRICE_CHANGE_DATE&category=109002&size=30&testGroup=&ampGroup=&caller=CATEGORY&page=1&seen=0&seenAds=,"{""live"": true, ""limit"": 100, ""gender"": ""A"", ""page_size"": 30, ""sort_code"": ""USED_SALE_PRICE_CHANGE_DATE"", ""category_id"": ""109002"", ""filter_name"": ""라이트 오렌지"", ""filter_type"": ""color"", ""filter_label"": ""컬러"", ""filter_value"": ""LIGHTORANGE"", ""category_name"": ""아우터"", ""filter_parameter"": ""color"", ""observation_type"": ""FILTER""}",2026-09-19 08:34:55.530384+00:00,2026-09-20 08:34:55.530384+00:00,2026-09-18 03:28:06.004123+00:00,2026-09-18 03:44:00.415841+00:00
407,musinsa_used,무신사 USED,musinsa_used [FILTER>주요소재>폴리에스테르>아우터],RANKING,LIVE,True,10080,5,https://api.musinsa.com/api2/dp/v2/plp/goods?gf=A&attributeMaterial=g_material%5ERedzeswVYYOa&sortCode=USED_SALE_PRICE_CHANGE_DATE&category=109002&size=30&testGroup=&ampGroup=&caller=CATEGORY&page=1&seen=0&seenAds=,"{""live"": true, ""limit"": 100, ""gender"": ""A"", ""page_size"": 100, ""sort_code"": ""USED_SALE_PRICE_CHANGE_DATE"", ""category_id"": ""109002"", ""filter_name"": ""폴리에스테르"", ""filter_type"": ""material"", ""filter_label"": ""주요소재"", ""filter_value"": ""g_material^RedzeswVYYOa"", ""category_name"": ""아우터"", ""filter_parameter"": ""attributeMaterial"", ""observation_type"": ""FILTER""}",,2026-09-20 06:28:00+00:00,2026-09-18 03:28:07.045546+00:00,2026-09-18 03:28:07.045565+00:00
408,musinsa_used,무신사 USED,musinsa_used [FILTER>주요소재>면(코튼)>아우터],RANKING,LIVE,True,10080,5,https://api.musinsa.com/api2/dp/v2/plp/goods?gf=A&attributeMaterial=g_material%5ErYIBGq2Ot2Qh&sortCode=USED_SALE_PRICE_CHANGE_DATE&category=109002&size=30&testGroup=&ampGroup=&caller=CATEGORY&page=1&seen=0&seenAds=,"{""live"": true, ""limit"": 100, ""gender"": ""A"", ""page_size"": 100, ""sort_code"": ""USED_SALE_PRICE_CHANGE_DATE"", ""category_id"": ""109002"", ""filter_name"": ""면(코튼)"", ""filter_type"": ""material"", ""filter_label"": ""주요소재"", ""filter_value"": ""g_material^rYIBGq2Ot2Qh"", ""category_name"": ""아우터"", ""filter_parameter"": ""attributeMaterial"", ""observation_type"": ""FILTER""}",,2026-09-21 06:28:00+00:00,2026-09-18 03:28:07.155239+00:00,2026-09-18 03:28:07.155247+00:00
409,musinsa_used,무신사 USED,musinsa_used [FILTER>주요소재>나일론>아우터],RANKING,LIVE,True,10080,5,https://api.musinsa.com/api2/dp/v2/plp/goods?gf=A&attributeMaterial=g_material%5EvGbOb7CVby3q&sortCode=USED_SALE_PRICE_CHANGE_DATE&category=109002&size=30&testGroup=&ampGroup=&caller=CATEGORY&page=1&seen=0&seenAds=,"{""live"": true, ""limit"": 100, ""gender"": ""A"", ""page_size"": 100, ""sort_code"": ""USED_SALE_PRICE_CHANGE_DATE"", ""category_id"": ""109002"", ""filter_name"": ""나일론"", ""filter_type"": ""material"", ""filter_label"": ""주요소재"", ""filter_value"": ""g_material^vGbOb7CVby3q"", ""category_name"": ""아우터"", ""filter_parameter"": ""attributeMaterial"", ""observation_type"": ""FILTER""}",,2026-09-22 06:28:00+00:00,2026-09-18 03:28:07.264426+00:00,2026-09-18 03:28:07.264433+00:00
410,musinsa_used,무신사 USED,musinsa_used [FILTER>주요소재>울/모>아우터],RANKING,LIVE,True,10080,5,https://api.musinsa.com/api2/dp/v2/plp/goods?gf=A&attributeMaterial=g_material%5EUBSB4AP5JfAA&sortCode=USED_SALE_PRICE_CHANGE_DATE&category=109002&size=30&testGroup=&ampGroup=&caller=CATEGORY&page=1&seen=0&seenAds=,"{""live"": true, ""limit"": 100, ""gender"": ""A"", ""page_size"": 100, ""sort_code"": ""USED_SALE_PRICE_CHANGE_DATE"", ""category_id"": ""109002"", ""filter_name"": ""울/모"", ""filter_type"": ""material"", ""filter_label"": ""주요소재"", ""filter_value"": ""g_material^UBSB4AP5JfAA"", ""category_name"": ""아우터"", ""filter_parameter"": ""attributeMaterial"", ""observation_type"": ""FILTER""}",,2026-09-23 06:28:00+00:00,2026-09-18 03:28:07.383134+00:00,2026-09-18 03:28:07.383165+00:00
411,musinsa_used,무신사 USED,musinsa_used [FILTER>주요소재>아크릴>아우터],RANKING,LIVE,True,10080,5,https://api.musinsa.com/api2/dp/v2/plp/goods?gf=A&attributeMaterial=g_material%5ErMpeCJlgNjp1&sortCode=USED_SALE_PRICE_CHANGE_DATE&category=109002&size=30&testGroup=&ampGroup=&caller=CATEGORY&page=1&seen=0&seenAds=,"{""live"": true, ""limit"": 100, ""gender"": ""A"", ""page_size"": 100, ""sort_code"": ""USED_SALE_PRICE_CHANGE_DATE"", ""category_id"": ""109002"", ""filter_name"": ""아크릴"", ""filter_type"": ""material"", ""filter_label"": ""주요소재"", ""filter_value"": ""g_material^rMpeCJlgNjp1"", ""category_name"": ""아우터"", ""filter_parameter"": ""attributeMaterial"", ""observation_type"": ""FILTER""}",,2026-09-24 06:28:00+00:00,2026-09-18 03:28:07.487217+00:00,2026-09-18 03:28:07.487226+00:00
412,musinsa_used,무신사 USED,musinsa_used [FILTER>주요소재>데님>아우터],RANKING,LIVE,True,10080,5,https://api.musinsa.com/api2/dp/v2/plp/goods?gf=A&attributeMaterial=g_material%5E7hzHO7WT8tLe&sortCode=USED_SALE_PRICE_CHANGE_DATE&category=109002&size=30&testGroup=&ampGroup=&caller=CATEGORY&page=1&seen=0&seenAds=,"{""live"": true, ""limit"": 100, ""gender"": ""A"", ""page_size"": 100, ""sort_code"": ""USED_SALE_PRICE_CHANGE_DATE"", ""category_id"": ""109002"", ""filter_name"": ""데님"", ""filter_type"": ""material"", ""filter_label"": ""주요소재"", ""filter_value"": ""g_material^7hzHO7WT8tLe"", ""category_name"": ""아우터"", ""filter_parameter"": ""attributeMaterial"", ""observation_type"": ""FILTER""}",,2026-09-25 06:28:00+00:00,2026-09-18 03:28:07.590903+00:00,2026-09-18 03:28:07.590958+00:00
413,musinsa_used,무신사 USED,musinsa_used [FILTER>주요소재>인조가죽>아우터],RANKING,LIVE,True,10080,5,https://api.musinsa.com/api2/dp/v2/plp/goods?gf=A&attributeMaterial=g_material%5EatfL29ufp3Yy&sortCode=USED_SALE_PRICE_CHANGE_DATE&category=109002&size=30&testGroup=&ampGroup=&caller=CATEGORY&page=1&seen=0&seenAds=,"{""live"": true, ""limit"": 100, ""gender"": ""A"", ""page_size"": 100, ""sort_code"": ""USED_SALE_PRICE_CHANGE_DATE"", ""category_id"": ""109002"", ""filter_name"": ""인조가죽"", ""filter_type"": ""material"", ""filter_label"": ""주요소재"", ""filter_value"": ""g_material^atfL29ufp3Yy"", ""category_name"": ""아우터"", ""filter_parameter"": ""attributeMaterial"", ""observation_type"": ""FILTER""}",2026-09-19 08:34:56.002374+00:00,2026-09-26 08:34:56.002374+00:00,2026-09-18 03:28:07.694533+00:00,2026-09-18 03:28:07.694552+00:00
414,musinsa_used,무신사 USED,musinsa_used [FILTER>주요소재>폴리우레탄>아우터],RANKING,LIVE,True,10080,5,https://api.musinsa.com/api2/dp/v2/plp/goods?gf=A&attributeMaterial=g_material%5EMHC8QpYwtThD&sortCode=USED_SALE_PRICE_CHANGE_DATE&category=109002&size=30&testGroup=&ampGroup=&caller=CATEGORY&page=1&seen=0&seenAds=,"{""live"": true, ""limit"": 100, ""gender"": ""A"", ""page_size"": 100, ""sort_code"": ""USED_SALE_PRICE_CHANGE_DATE"", ""category_id"": ""109002"", ""filter_name"": ""폴리우레탄"", ""filter_type"": ""material"", ""filter_label"": ""주요소재"", ""filter_value"": ""g_material^MHC8QpYwtThD"", ""category_name"": ""아우터"", ""filter_parameter"": ""attributeMaterial"", ""observation_type"": ""FILTER""}",,2026-09-20 06:35:00+00:00,2026-09-18 03:28:07.820785+00:00,2026-09-18 03:28:07.820792+00:00
415,musinsa_used,무신사 USED,musinsa_used [FILTER>주요소재>니트>아우터],RANKING,LIVE,True,10080,5,https://api.musinsa.com/api2/dp/v2/plp/goods?gf=A&attributeMaterial=g_material%5EJil9msfdxIv5&sortCode=USED_SALE_PRICE_CHANGE_DATE&category=109002&size=30&testGroup=&ampGroup=&caller=CATEGORY&page=1&seen=0&seenAds=,"{""live"": true, ""limit"": 100, ""gender"": ""A"", ""page_size"": 100, ""sort_code"": ""USED_SALE_PRICE_CHANGE_DATE"", ""category_id"": ""109002"", ""filter_name"": ""니트"", ""filter_type"": ""material"", ""filter_label"": ""주요소재"", ""filter_value"": ""g_material^Jil9msfdxIv5"", ""category_name"": ""아우터"", ""filter_parameter"": ""attributeMaterial"", ""observation_type"": ""FILTER""}",,2026-09-21 06:35:00+00:00,2026-09-18 03:28:07.915593+00:00,2026-09-18 03:28:07.915600+00:00
416,musinsa_used,무신사 USED,musinsa_used [FILTER>주요소재>비스코스>아우터],RANKING,LIVE,True,10080,5,https://api.musinsa.com/api2/dp/v2/plp/goods?gf=A&attributeMaterial=g_material%5ErF0fdUiCzjZ1&sortCode=USED_SALE_PRICE_CHANGE_DATE&category=109002&size=30&testGroup=&ampGroup=&caller=CATEGORY&page=1&seen=0&seenAds=,"{""live"": true, ""limit"": 100, ""gender"": ""A"", ""page_size"": 100, ""sort_code"": ""USED_SALE_PRICE_CHANGE_DATE"", ""category_id"": ""109002"", ""filter_name"": ""비스코스"", ""filter_type"": ""material"", ""filter_label"": ""주요소재"", ""filter_value"": ""g_material^rF0fdUiCzjZ1"", ""category_name"": ""아우터"", ""filter_parameter"": ""attributeMaterial"", ""observation_type"": ""FILTER""}",,2026-09-22 06:35:00+00:00,2026-09-18 03:28:08.038088+00:00,2026-09-18 03:28:08.038098+00:00
417,musinsa_used,무신사 USED,musinsa_used [FILTER>주요소재>모직>아우터],RANKING,LIVE,True,10080,5,https://api.musinsa.com/api2/dp/v2/plp/goods?gf=A&attributeMaterial=g_material%5E7SRuCq2SqWHj&sortCode=USED_SALE_PRICE_CHANGE_DATE&category=109002&size=30&testGroup=&ampGroup=&caller=CATEGORY&page=1&seen=0&seenAds=,"{""live"": true, ""limit"": 100, ""gender"": ""A"", ""page_size"": 100, ""sort_code"": ""USED_SALE_PRICE_CHANGE_DATE"", ""category_id"": ""109002"", ""filter_name"": ""모직"", ""filter_type"": ""material"", ""filter_label"": ""주요소재"", ""filter_value"": ""g_material^7SRuCq2SqWHj"", ""category_name"": ""아우터"", ""filter_parameter"": ""attributeMaterial"", ""observation_type"": ""FILTER""}",,2026-09-23 06:35:00+00:00,2026-09-18 03:28:08.155747+00:00,2026-09-18 03:28:08.155758+00:00
418,musinsa_used,무신사 USED,musinsa_used [FILTER>주요소재>천연가죽>아우터],RANKING,LIVE,True,10080,5,https://api.musinsa.com/api2/dp/v2/plp/goods?gf=A&attributeMaterial=g_material%5EmeapgFVZB5L2&sortCode=USED_SALE_PRICE_CHANGE_DATE&category=109002&size=30&testGroup=&ampGroup=&caller=CATEGORY&page=1&seen=0&seenAds=,"{""live"": true, ""limit"": 100, ""gender"": ""A"", ""page_size"": 100, ""sort_code"": ""USED_SALE_PRICE_CHANGE_DATE"", ""category_id"": ""109002"", ""filter_name"": ""천연가죽"", ""filter_type"": ""material"", ""filter_label"": ""주요소재"", ""filter_value"": ""g_material^meapgFVZB5L2"", ""category_name"": ""아우터"", ""filter_parameter"": ""attributeMaterial"", ""observation_type"": ""FILTER""}",,2026-09-24 06:35:00+00:00,2026-09-18 03:28:08.261402+00:00,2026-09-18 03:28:08.261420+00:00
419,musinsa_used,무신사 USED,musinsa_used [FILTER>주요소재>스판덱스>아우터],RANKING,LIVE,True,10080,5,https://api.musinsa.com/api2/dp/v2/plp/goods?gf=A&attributeMaterial=g_material%5EHLlXIp8L4jxF&sortCode=USED_SALE_PRICE_CHANGE_DATE&category=109002&size=30&testGroup=&ampGroup=&caller=CATEGORY&page=1&seen=0&seenAds=,"{""live"": true, ""limit"": 100, ""gender"": ""A"", ""page_size"": 100, ""sort_code"": ""USED_SALE_PRICE_CHANGE_DATE"", ""category_id"": ""109002"", ""filter_name"": ""스판덱스"", ""filter_type"": ""material"", ""filter_label"": ""주요소재"", ""filter_value"": ""g_material^HLlXIp8L4jxF"", ""category_name"": ""아우터"", ""filter_parameter"": ""attributeMaterial"", ""observation_type"": ""FILTER""}",,2026-09-25 06:35:00+00:00,2026-09-18 03:28:08.373295+00:00,2026-09-18 03:28:08.373304+00:00
420,musinsa_used,무신사 USED,musinsa_used [FILTER>주요소재>린넨>아우터],RANKING,LIVE,True,10080,5,https://api.musinsa.com/api2/dp/v2/plp/goods?gf=A&attributeMaterial=g_material%5EQXm8shmCAi1j&sortCode=USED_SALE_PRICE_CHANGE_DATE&category=109002&size=30&testGroup=&ampGroup=&caller=CATEGORY&page=1&seen=0&seenAds=,"{""live"": true, ""limit"": 100, ""gender"": ""A"", ""page_size"": 100, ""sort_code"": ""USED_SALE_PRICE_CHANGE_DATE"", ""category_id"": ""109002"", ""filter_name"": ""린넨"", ""filter_type"": ""material"", ""filter_label"": ""주요소재"", ""filter_value"": ""g_material^QXm8shmCAi1j"", ""category_name"": ""아우터"", ""filter_parameter"": ""attributeMaterial"", ""observation_type"": ""FILTER""}",2026-09-19 08:34:56.419233+00:00,2026-09-26 08:34:56.419233+00:00,2026-09-18 03:28:08.478765+00:00,2026-09-18 03:28:08.478778+00:00
421,musinsa_used,무신사 USED,musinsa_used [FILTER>주요소재>기모>아우터],RANKING,LIVE,True,10080,5,https://api.musinsa.com/api2/dp/v2/plp/goods?gf=A&attributeMaterial=g_material%5EfZms24b7AKtm&sortCode=USED_SALE_PRICE_CHANGE_DATE&category=109002&size=30&testGroup=&ampGroup=&caller=CATEGORY&page=1&seen=0&seenAds=,"{""live"": true, ""limit"": 100, ""gender"": ""A"", ""page_size"": 100, ""sort_code"": ""USED_SALE_PRICE_CHANGE_DATE"", ""category_id"": ""109002"", ""filter_name"": ""기모"", ""filter_type"": ""material"", ""filter_label"": ""주요소재"", ""filter_value"": ""g_material^fZms24b7AKtm"", ""category_name"": ""아우터"", ""filter_parameter"": ""attributeMaterial"", ""observation_type"": ""FILTER""}",,2026-09-20 06:42:00+00:00,2026-09-18 03:28:08.577496+00:00,2026-09-18 03:28:08.577510+00:00
422,musinsa_used,무신사 USED,musinsa_used [FILTER>주요소재>인조양모>아우터],RANKING,LIVE,True,10080,5,https://api.musinsa.com/api2/dp/v2/plp/goods?gf=A&attributeMaterial=g_material%5EdO5KBwsWnTf1&sortCode=USED_SALE_PRICE_CHANGE_DATE&category=109002&size=30&testGroup=&ampGroup=&caller=CATEGORY&page=1&seen=0&seenAds=,"{""live"": true, ""limit"": 100, ""gender"": ""A"", ""page_size"": 100, ""sort_code"": ""USED_SALE_PRICE_CHANGE_DATE"", ""category_id"": ""109002"", ""filter_name"": ""인조양모"", ""filter_type"": ""material"", ""filter_label"": ""주요소재"", ""filter_value"": ""g_material^dO5KBwsWnTf1"", ""category_name"": ""아우터"", ""filter_parameter"": ""attributeMaterial"", ""observation_type"": ""FILTER""}",,2026-09-21 06:42:00+00:00,2026-09-18 03:28:08.682635+00:00,2026-09-18 03:28:08.682644+00:00
423,musinsa_used,무신사 USED,musinsa_used [FILTER>주요소재>캐시미어>아우터],RANKING,LIVE,True,10080,5,https://api.musinsa.com/api2/dp/v2/plp/goods?gf=A&attributeMaterial=g_material%5EgX22wnplycyJ&sortCode=USED_SALE_PRICE_CHANGE_DATE&category=109002&size=30&testGroup=&ampGroup=&caller=CATEGORY&page=1&seen=0&seenAds=,"{""live"": true, ""limit"": 100, ""gender"": ""A"", ""page_size"": 100, ""sort_code"": ""USED_SALE_PRICE_CHANGE_DATE"", ""category_id"": ""109002"", ""filter_name"": ""캐시미어"", ""filter_type"": ""material"", ""filter_label"": ""주요소재"", ""filter_value"": ""g_material^gX22wnplycyJ"", ""category_name"": ""아우터"", ""filter_parameter"": ""attributeMaterial"", ""observation_type"": ""FILTER""}",,2026-09-22 06:42:00+00:00,2026-09-18 03:28:08.798594+00:00,2026-09-18 03:28:08.798600+00:00
424,musinsa_used,무신사 USED,musinsa_used [FILTER>주요소재>기타>아우터],RANKING,LIVE,True,10080,5,https://api.musinsa.com/api2/dp/v2/plp/goods?gf=A&attributeMaterial=g_material%5E856OqJPIQeJD&sortCode=USED_SALE_PRICE_CHANGE_DATE&category=109002&size=30&testGroup=&ampGroup=&caller=CATEGORY&page=1&seen=0&seenAds=,"{""live"": true, ""limit"": 100, ""gender"": ""A"", ""page_size"": 100, ""sort_code"": ""USED_SALE_PRICE_CHANGE_DATE"", ""category_id"": ""109002"", ""filter_name"": ""기타"", ""filter_type"": ""material"", ""filter_label"": ""주요소재"", ""filter_value"": ""g_material^856OqJPIQeJD"", ""category_name"": ""아우터"", ""filter_parameter"": ""attributeMaterial"", ""observation_type"": ""FILTER""}",,2026-09-23 06:42:00+00:00,2026-09-18 03:28:08.912153+00:00,2026-09-18 03:28:08.912163+00:00
425,musinsa_used,무신사 USED,musinsa_used [FILTER>주요소재>코듀로이>아우터],RANKING,LIVE,True,10080,5,https://api.musinsa.com/api2/dp/v2/plp/goods?gf=A&attributeMaterial=g_material%5EBpPKYb8ezDnJ&sortCode=USED_SALE_PRICE_CHANGE_DATE&category=109002&size=30&testGroup=&ampGroup=&caller=CATEGORY&page=1&seen=0&seenAds=,"{""live"": true, ""limit"": 100, ""gender"": ""A"", ""page_size"": 100, ""sort_code"": ""USED_SALE_PRICE_CHANGE_DATE"", ""category_id"": ""109002"", ""filter_name"": ""코듀로이"", ""filter_type"": ""material"", ""filter_label"": ""주요소재"", ""filter_value"": ""g_material^BpPKYb8ezDnJ"", ""category_name"": ""아우터"", ""filter_parameter"": ""attributeMaterial"", ""observation_type"": ""FILTER""}",,2026-09-24 06:42:00+00:00,2026-09-18 03:28:09.027865+00:00,2026-09-18 03:28:09.027873+00:00
426,musinsa_used,무신사 USED,musinsa_used [FILTER>주요소재>인조퍼>아우터],RANKING,LIVE,True,10080,5,https://api.musinsa.com/api2/dp/v2/plp/goods?gf=A&attributeMaterial=g_material%5ESHzqOVyTXRl9&sortCode=USED_SALE_PRICE_CHANGE_DATE&category=109002&size=30&testGroup=&ampGroup=&caller=CATEGORY&page=1&seen=0&seenAds=,"{""live"": true, ""limit"": 100, ""gender"": ""A"", ""page_size"": 100, ""sort_code"": ""USED_SALE_PRICE_CHANGE_DATE"", ""category_id"": ""109002"", ""filter_name"": ""인조퍼"", ""filter_type"": ""material"", ""filter_label"": ""주요소재"", ""filter_value"": ""g_material^SHzqOVyTXRl9"", ""category_name"": ""아우터"", ""filter_parameter"": ""attributeMaterial"", ""observation_type"": ""FILTER""}",,2026-09-25 06:42:00+00:00,2026-09-18 03:28:09.129873+00:00,2026-09-18 03:28:09.129882+00:00
427,musinsa_used,무신사 USED,musinsa_used [FILTER>주요소재>TR>아우터],RANKING,LIVE,True,10080,5,https://api.musinsa.com/api2/dp/v2/plp/goods?gf=A&attributeMaterial=g_material%5EJWmlkDGZUr5J&sortCode=USED_SALE_PRICE_CHANGE_DATE&category=109002&size=30&testGroup=&ampGroup=&caller=CATEGORY&page=1&seen=0&seenAds=,"{""live"": true, ""limit"": 100, ""gender"": ""A"", ""page_size"": 100, ""sort_code"": ""USED_SALE_PRICE_CHANGE_DATE"", ""category_id"": ""109002"", ""filter_name"": ""TR"", ""filter_type"": ""material"", ""filter_label"": ""주요소재"", ""filter_value"": ""g_material^JWmlkDGZUr5J"", ""category_name"": ""아우터"", ""filter_parameter"": ""attributeMaterial"", ""observation_type"": ""FILTER""}",2026-09-19 08:34:56.990569+00:00,2026-09-26 08:34:56.990569+00:00,2026-09-18 03:28:09.225198+00:00,2026-09-18 03:28:09.225210+00:00
428,musinsa_used,무신사 USED,musinsa_used [FILTER>주요소재>알파카>아우터],RANKING,LIVE,True,10080,5,https://api.musinsa.com/api2/dp/v2/plp/goods?gf=A&attributeMaterial=g_material%5EXrC8doUjX0Sk&sortCode=USED_SALE_PRICE_CHANGE_DATE&category=109002&size=30&testGroup=&ampGroup=&caller=CATEGORY&page=1&seen=0&seenAds=,"{""live"": true, ""limit"": 100, ""gender"": ""A"", ""page_size"": 100, ""sort_code"": ""USED_SALE_PRICE_CHANGE_DATE"", ""category_id"": ""109002"", ""filter_name"": ""알파카"", ""filter_type"": ""material"", ""filter_label"": ""주요소재"", ""filter_value"": ""g_material^XrC8doUjX0Sk"", ""category_name"": ""아우터"", ""filter_parameter"": ""attributeMaterial"", ""observation_type"": ""FILTER""}",,2026-09-20 06:49:00+00:00,2026-09-18 03:28:09.322770+00:00,2026-09-18 03:28:09.322777+00:00
429,musinsa_used,무신사 USED,musinsa_used [FILTER>주요소재>텐셀>아우터],RANKING,LIVE,True,10080,5,https://api.musinsa.com/api2/dp/v2/plp/goods?gf=A&attributeMaterial=g_material%5E3dcnel4UxlHI&sortCode=USED_SALE_PRICE_CHANGE_DATE&category=109002&size=30&testGroup=&ampGroup=&caller=CATEGORY&page=1&seen=0&seenAds=,"{""live"": true, ""limit"": 100, ""gender"": ""A"", ""page_size"": 100, ""sort_code"": ""USED_SALE_PRICE_CHANGE_DATE"", ""category_id"": ""109002"", ""filter_name"": ""텐셀"", ""filter_type"": ""material"", ""filter_label"": ""주요소재"", ""filter_value"": ""g_material^3dcnel4UxlHI"", ""category_name"": ""아우터"", ""filter_parameter"": ""attributeMaterial"", ""observation_type"": ""FILTER""}",,2026-09-21 06:49:00+00:00,2026-09-18 03:28:09.435328+00:00,2026-09-18 03:28:09.435335+00:00
430,musinsa_used,무신사 USED,musinsa_used [FILTER>주요소재>모헤어>아우터],RANKING,LIVE,True,10080,5,https://api.musinsa.com/api2/dp/v2/plp/goods?gf=A&attributeMaterial=g_material%5E5K0aTWxwr2Dc&sortCode=USED_SALE_PRICE_CHANGE_DATE&category=109002&size=30&testGroup=&ampGroup=&caller=CATEGORY&page=1&seen=0&seenAds=,"{""live"": true, ""limit"": 100, ""gender"": ""A"", ""page_size"": 100, ""sort_code"": ""USED_SALE_PRICE_CHANGE_DATE"", ""category_id"": ""109002"", ""filter_name"": ""모헤어"", ""filter_type"": ""material"", ""filter_label"": ""주요소재"", ""filter_value"": ""g_material^5K0aTWxwr2Dc"", ""category_name"": ""아우터"", ""filter_parameter"": ""attributeMaterial"", ""observation_type"": ""FILTER""}",,2026-09-22 06:49:00+00:00,2026-09-18 03:28:09.551389+00:00,2026-09-18 03:28:09.551406+00:00
431,musinsa_used,무신사 USED,musinsa_used [FILTER>주요소재>레이온/인견>아우터],RANKING,LIVE,True,10080,5,https://api.musinsa.com/api2/dp/v2/plp/goods?gf=A&attributeMaterial=g_material%5EMQMwTUHYfilr&sortCode=USED_SALE_PRICE_CHANGE_DATE&category=109002&size=30&testGroup=&ampGroup=&caller=CATEGORY&page=1&seen=0&seenAds=,"{""live"": true, ""limit"": 100, ""gender"": ""A"", ""page_size"": 100, ""sort_code"": ""USED_SALE_PRICE_CHANGE_DATE"", ""category_id"": ""109002"", ""filter_name"": ""레이온/인견"", ""filter_type"": ""material"", ""filter_label"": ""주요소재"", ""filter_value"": ""g_material^MQMwTUHYfilr"", ""category_name"": ""아우터"", ""filter_parameter"": ""attributeMaterial"", ""observation_type"": ""FILTER""}",,2026-09-23 06:49:00+00:00,2026-09-18 03:28:09.655789+00:00,2026-09-18 03:28:09.655817+00:00
432,musinsa_used,무신사 USED,musinsa_used [FILTER>주요소재>벨벳>아우터],RANKING,LIVE,True,10080,5,https://api.musinsa.com/api2/dp/v2/plp/goods?gf=A&attributeMaterial=g_material%5EfsNtLWEuXrz2&sortCode=USED_SALE_PRICE_CHANGE_DATE&category=109002&size=30&testGroup=&ampGroup=&caller=CATEGORY&page=1&seen=0&seenAds=,"{""live"": true, ""limit"": 100, ""gender"": ""A"", ""page_size"": 100, ""sort_code"": ""USED_SALE_PRICE_CHANGE_DATE"", ""category_id"": ""109002"", ""filter_name"": ""벨벳"", ""filter_type"": ""material"", ""filter_label"": ""주요소재"", ""filter_value"": ""g_material^fsNtLWEuXrz2"", ""category_name"": ""아우터"", ""filter_parameter"": ""attributeMaterial"", ""observation_type"": ""FILTER""}",,2026-09-24 06:49:00+00:00,2026-09-18 03:28:09.860538+00:00,2026-09-18 03:28:09.860551+00:00
433,musinsa_used,무신사 USED,musinsa_used [FILTER>컬러>다크 그레이>바지],RANKING,LIVE,True,1440,5,https://api.musinsa.com/api2/dp/v2/plp/goods?gf=A&color=DARKGREY&sortCode=USED_SALE_PRICE_CHANGE_DATE&category=109003&size=30&testGroup=&ampGroup=&caller=CATEGORY&page=1&seen=0&seenAds=,"{""live"": true, ""limit"": 100, ""gender"": ""A"", ""page_size"": 30, ""sort_code"": ""USED_SALE_PRICE_CHANGE_DATE"", ""category_id"": ""109003"", ""filter_name"": ""다크 그레이"", ""filter_type"": ""color"", ""filter_label"": ""컬러"", ""filter_value"": ""DARKGREY"", ""category_name"": ""바지"", ""filter_parameter"": ""color"", ""observation_type"": ""FILTER""}",2026-09-18 04:36:15.554731+00:00,2026-09-19 04:36:15.554731+00:00,2026-09-18 03:28:10.741186+00:00,2026-09-18 03:44:00.967356+00:00
434,musinsa_used,무신사 USED,musinsa_used [FILTER>컬러>스카이 블루>바지],RANKING,LIVE,True,1440,5,https://api.musinsa.com/api2/dp/v2/plp/goods?gf=A&color=SKYBLUE&sortCode=USED_SALE_PRICE_CHANGE_DATE&category=109003&size=30&testGroup=&ampGroup=&caller=CATEGORY&page=1&seen=0&seenAds=,"{""live"": true, ""limit"": 100, ""gender"": ""A"", ""page_size"": 30, ""sort_code"": ""USED_SALE_PRICE_CHANGE_DATE"", ""category_id"": ""109003"", ""filter_name"": ""스카이 블루"", ""filter_type"": ""color"", ""filter_label"": ""컬러"", ""filter_value"": ""SKYBLUE"", ""category_name"": ""바지"", ""filter_parameter"": ""color"", ""observation_type"": ""FILTER""}",2026-09-19 08:35:05.094789+00:00,2026-09-20 08:35:05.094789+00:00,2026-09-18 03:28:10.833718+00:00,2026-09-18 03:44:01.046399+00:00
435,musinsa_used,무신사 USED,musinsa_used [FILTER>컬러>다크 네이비>바지],RANKING,LIVE,True,1440,5,https://api.musinsa.com/api2/dp/v2/plp/goods?gf=A&color=DARKNAVY&sortCode=USED_SALE_PRICE_CHANGE_DATE&category=109003&size=30&testGroup=&ampGroup=&caller=CATEGORY&page=1&seen=0&seenAds=,"{""live"": true, ""limit"": 100, ""gender"": ""A"", ""page_size"": 30, ""sort_code"": ""USED_SALE_PRICE_CHANGE_DATE"", ""category_id"": ""109003"", ""filter_name"": ""다크 네이비"", ""filter_type"": ""color"", ""filter_label"": ""컬러"", ""filter_value"": ""DARKNAVY"", ""category_name"": ""바지"", ""filter_parameter"": ""color"", ""observation_type"": ""FILTER""}",2026-09-18 04:37:11.112405+00:00,2026-09-19 04:37:11.112405+00:00,2026-09-18 03:28:10.938061+00:00,2026-09-18 03:44:01.142776+00:00
436,musinsa_used,무신사 USED,musinsa_used [FILTER>컬러>블랙>바지],RANKING,LIVE,True,1440,5,https://api.musinsa.com/api2/dp/v2/plp/goods?gf=A&color=BLACK&sortCode=USED_SALE_PRICE_CHANGE_DATE&category=109003&size=30&testGroup=&ampGroup=&caller=CATEGORY&page=1&seen=0&seenAds=,"{""live"": true, ""limit"": 100, ""gender"": ""A"", ""page_size"": 30, ""sort_code"": ""USED_SALE_PRICE_CHANGE_DATE"", ""category_id"": ""109003"", ""filter_name"": ""블랙"", ""filter_type"": ""color"", ""filter_label"": ""컬러"", ""filter_value"": ""BLACK"", ""category_name"": ""바지"", ""filter_parameter"": ""color"", ""observation_type"": ""FILTER""}",2026-09-18 04:37:38.715115+00:00,2026-09-19 04:37:38.715115+00:00,2026-09-18 03:28:11.048806+00:00,2026-09-18 03:44:01.211309+00:00
437,musinsa_used,무신사 USED,musinsa_used [FILTER>컬러>라이트 그레이>바지],RANKING,LIVE,True,1440,5,https://api.musinsa.com/api2/dp/v2/plp/goods?gf=A&color=LIGHTGREY&sortCode=USED_SALE_PRICE_CHANGE_DATE&category=109003&size=30&testGroup=&ampGroup=&caller=CATEGORY&page=1&seen=0&seenAds=,"{""live"": true, ""limit"": 100, ""gender"": ""A"", ""page_size"": 30, ""sort_code"": ""USED_SALE_PRICE_CHANGE_DATE"", ""category_id"": ""109003"", ""filter_name"": ""라이트 그레이"", ""filter_type"": ""color"", ""filter_label"": ""컬러"", ""filter_value"": ""LIGHTGREY"", ""category_name"": ""바지"", ""filter_parameter"": ""color"", ""observation_type"": ""FILTER""}",2026-09-18 04:38:07.153833+00:00,2026-09-19 04:38:07.153833+00:00,2026-09-18 03:28:11.145726+00:00,2026-09-18 03:44:01.284082+00:00
438,musinsa_used,무신사 USED,musinsa_used [FILTER>컬러>베이지>바지],RANKING,LIVE,True,1440,5,https://api.musinsa.com/api2/dp/v2/plp/goods?gf=A&color=BEIGE&sortCode=USED_SALE_PRICE_CHANGE_DATE&category=109003&size=30&testGroup=&ampGroup=&caller=CATEGORY&page=1&seen=0&seenAds=,"{""live"": true, ""limit"": 100, ""gender"": ""A"", ""page_size"": 30, ""sort_code"": ""USED_SALE_PRICE_CHANGE_DATE"", ""category_id"": ""109003"", ""filter_name"": ""베이지"", ""filter_type"": ""color"", ""filter_label"": ""컬러"", ""filter_value"": ""BEIGE"", ""category_name"": ""바지"", ""filter_parameter"": ""color"", ""observation_type"": ""FILTER""}",2026-09-18 04:38:34.341313+00:00,2026-09-19 04:38:34.341313+00:00,2026-09-18 03:28:11.247326+00:00,2026-09-18 03:44:01.379510+00:00
439,musinsa_used,무신사 USED,musinsa_used [FILTER>컬러>다크 블루>바지],RANKING,LIVE,True,1440,5,https://api.musinsa.com/api2/dp/v2/plp/goods?gf=A&color=DARKBLUE&sortCode=USED_SALE_PRICE_CHANGE_DATE&category=109003&size=30&testGroup=&ampGroup=&caller=CATEGORY&page=1&seen=0&seenAds=,"{""live"": true, ""limit"": 100, ""gender"": ""A"", ""page_size"": 30, ""sort_code"": ""USED_SALE_PRICE_CHANGE_DATE"", ""category_id"": ""109003"", ""filter_name"": ""다크 블루"", ""filter_type"": ""color"", ""filter_label"": ""컬러"", ""filter_value"": ""DARKBLUE"", ""category_name"": ""바지"", ""filter_parameter"": ""color"", ""observation_type"": ""FILTER""}",2026-09-18 04:39:02.207820+00:00,2026-09-19 04:39:02.207820+00:00,2026-09-18 03:28:11.350838+00:00,2026-09-18 03:44:01.465473+00:00
440,musinsa_used,무신사 USED,musinsa_used [FILTER>컬러>다크 브라운>바지],RANKING,LIVE,True,1440,5,https://api.musinsa.com/api2/dp/v2/plp/goods?gf=A&color=DARKBROWN&sortCode=USED_SALE_PRICE_CHANGE_DATE&category=109003&size=30&testGroup=&ampGroup=&caller=CATEGORY&page=1&seen=0&seenAds=,"{""live"": true, ""limit"": 100, ""gender"": ""A"", ""page_size"": 30, ""sort_code"": ""USED_SALE_PRICE_CHANGE_DATE"", ""category_id"": ""109003"", ""filter_name"": ""다크 브라운"", ""filter_type"": ""color"", ""filter_label"": ""컬러"", ""filter_value"": ""DARKBROWN"", ""category_name"": ""바지"", ""filter_parameter"": ""color"", ""observation_type"": ""FILTER""}",2026-09-18 04:39:29.636520+00:00,2026-09-19 04:39:29.636520+00:00,2026-09-18 03:28:11.451697+00:00,2026-09-18 03:44:01.539585+00:00
441,musinsa_used,무신사 USED,musinsa_used [FILTER>컬러>아이보리>바지],RANKING,LIVE,True,1440,5,https://api.musinsa.com/api2/dp/v2/plp/goods?gf=A&color=IVORY&sortCode=USED_SALE_PRICE_CHANGE_DATE&category=109003&size=30&testGroup=&ampGroup=&caller=CATEGORY&page=1&seen=0&seenAds=,"{""live"": true, ""limit"": 100, ""gender"": ""A"", ""page_size"": 30, ""sort_code"": ""USED_SALE_PRICE_CHANGE_DATE"", ""category_id"": ""109003"", ""filter_name"": ""아이보리"", ""filter_type"": ""color"", ""filter_label"": ""컬러"", ""filter_value"": ""IVORY"", ""category_name"": ""바지"", ""filter_parameter"": ""color"", ""observation_type"": ""FILTER""}",2026-09-19 08:35:07.961163+00:00,2026-09-20 08:35:07.961163+00:00,2026-09-18 03:28:11.588052+00:00,2026-09-18 03:44:01.620056+00:00
442,musinsa_used,무신사 USED,musinsa_used [FILTER>컬러>라이트 브라운>바지],RANKING,LIVE,True,1440,5,https://api.musinsa.com/api2/dp/v2/plp/goods?gf=A&color=LIGHTBROWN&sortCode=USED_SALE_PRICE_CHANGE_DATE&category=109003&size=30&testGroup=&ampGroup=&caller=CATEGORY&page=1&seen=0&seenAds=,"{""live"": true, ""limit"": 100, ""gender"": ""A"", ""page_size"": 30, ""sort_code"": ""USED_SALE_PRICE_CHANGE_DATE"", ""category_id"": ""109003"", ""filter_name"": ""라이트 브라운"", ""filter_type"": ""color"", ""filter_label"": ""컬러"", ""filter_value"": ""LIGHTBROWN"", ""category_name"": ""바지"", ""filter_parameter"": ""color"", ""observation_type"": ""FILTER""}",2026-09-18 04:40:24.406260+00:00,2026-09-19 04:40:24.406260+00:00,2026-09-18 03:28:11.722293+00:00,2026-09-18 03:44:01.705615+00:00
443,musinsa_used,무신사 USED,musinsa_used [FILTER>컬러>카키>바지],RANKING,LIVE,True,1440,5,https://api.musinsa.com/api2/dp/v2/plp/goods?gf=A&color=KHAKI&sortCode=USED_SALE_PRICE_CHANGE_DATE&category=109003&size=30&testGroup=&ampGroup=&caller=CATEGORY&page=1&seen=0&seenAds=,"{""live"": true, ""limit"": 100, ""gender"": ""A"", ""page_size"": 30, ""sort_code"": ""USED_SALE_PRICE_CHANGE_DATE"", ""category_id"": ""109003"", ""filter_name"": ""카키"", ""filter_type"": ""color"", ""filter_label"": ""컬러"", ""filter_value"": ""KHAKI"", ""category_name"": ""바지"", ""filter_parameter"": ""color"", ""observation_type"": ""FILTER""}",2026-09-18 04:40:52.593367+00:00,2026-09-19 04:40:52.593367+00:00,2026-09-18 03:28:11.825716+00:00,2026-09-18 03:44:01.778945+00:00
444,musinsa_used,무신사 USED,musinsa_used [FILTER>컬러>카멜>바지],RANKING,LIVE,True,1440,5,https://api.musinsa.com/api2/dp/v2/plp/goods?gf=A&color=CAMEL&sortCode=USED_SALE_PRICE_CHANGE_DATE&category=109003&size=30&testGroup=&ampGroup=&caller=CATEGORY&page=1&seen=0&seenAds=,"{""live"": true, ""limit"": 100, ""gender"": ""A"", ""page_size"": 30, ""sort_code"": ""USED_SALE_PRICE_CHANGE_DATE"", ""category_id"": ""109003"", ""filter_name"": ""카멜"", ""filter_type"": ""color"", ""filter_label"": ""컬러"", ""filter_value"": ""CAMEL"", ""category_name"": ""바지"", ""filter_parameter"": ""color"", ""observation_type"": ""FILTER""}",2026-09-18 04:41:31.076407+00:00,2026-09-19 04:41:31.076407+00:00,2026-09-18 03:28:11.946121+00:00,2026-09-18 03:44:01.852427+00:00
445,musinsa_used,무신사 USED,musinsa_used [FILTER>컬러>그레이>바지],RANKING,LIVE,True,1440,5,https://api.musinsa.com/api2/dp/v2/plp/goods?gf=A&color=GRAY&sortCode=USED_SALE_PRICE_CHANGE_DATE&category=109003&size=30&testGroup=&ampGroup=&caller=CATEGORY&page=1&seen=0&seenAds=,"{""live"": true, ""limit"": 100, ""gender"": ""A"", ""page_size"": 30, ""sort_code"": ""USED_SALE_PRICE_CHANGE_DATE"", ""category_id"": ""109003"", ""filter_name"": ""그레이"", ""filter_type"": ""color"", ""filter_label"": ""컬러"", ""filter_value"": ""GRAY"", ""category_name"": ""바지"", ""filter_parameter"": ""color"", ""observation_type"": ""FILTER""}",2026-09-18 04:42:02.511258+00:00,2026-09-19 04:42:02.511258+00:00,2026-09-18 03:28:12.051020+00:00,2026-09-18 03:44:01.940512+00:00
446,musinsa_used,무신사 USED,musinsa_used [FILTER>컬러>다크 베이지>바지],RANKING,LIVE,True,1440,5,https://api.musinsa.com/api2/dp/v2/plp/goods?gf=A&color=DARKBEIGE&sortCode=USED_SALE_PRICE_CHANGE_DATE&category=109003&size=30&testGroup=&ampGroup=&caller=CATEGORY&page=1&seen=0&seenAds=,"{""live"": true, ""limit"": 100, ""gender"": ""A"", ""page_size"": 30, ""sort_code"": ""USED_SALE_PRICE_CHANGE_DATE"", ""category_id"": ""109003"", ""filter_name"": ""다크 베이지"", ""filter_type"": ""color"", ""filter_label"": ""컬러"", ""filter_value"": ""DARKBEIGE"", ""category_name"": ""바지"", ""filter_parameter"": ""color"", ""observation_type"": ""FILTER""}",2026-09-18 04:42:30.197507+00:00,2026-09-19 04:42:30.197507+00:00,2026-09-18 03:28:12.158318+00:00,2026-09-18 03:44:02.031088+00:00
447,musinsa_used,무신사 USED,musinsa_used [FILTER>컬러>오트밀>바지],RANKING,LIVE,True,1440,5,https://api.musinsa.com/api2/dp/v2/plp/goods?gf=A&color=OATMEAL&sortCode=USED_SALE_PRICE_CHANGE_DATE&category=109003&size=30&testGroup=&ampGroup=&caller=CATEGORY&page=1&seen=0&seenAds=,"{""live"": true, ""limit"": 100, ""gender"": ""A"", ""page_size"": 30, ""sort_code"": ""USED_SALE_PRICE_CHANGE_DATE"", ""category_id"": ""109003"", ""filter_name"": ""오트밀"", ""filter_type"": ""color"", ""filter_label"": ""컬러"", ""filter_value"": ""OATMEAL"", ""category_name"": ""바지"", ""filter_parameter"": ""color"", ""observation_type"": ""FILTER""}",2026-09-18 04:42:58.173901+00:00,2026-09-19 04:42:58.173901+00:00,2026-09-18 03:28:12.262876+00:00,2026-09-18 03:44:02.105602+00:00
448,musinsa_used,무신사 USED,musinsa_used [FILTER>컬러>퍼플>바지],RANKING,LIVE,True,1440,5,https://api.musinsa.com/api2/dp/v2/plp/goods?gf=A&color=PURPLE&sortCode=USED_SALE_PRICE_CHANGE_DATE&category=109003&size=30&testGroup=&ampGroup=&caller=CATEGORY&page=1&seen=0&seenAds=,"{""live"": true, ""limit"": 100, ""gender"": ""A"", ""page_size"": 30, ""sort_code"": ""USED_SALE_PRICE_CHANGE_DATE"", ""category_id"": ""109003"", ""filter_name"": ""퍼플"", ""filter_type"": ""color"", ""filter_label"": ""컬러"", ""filter_value"": ""PURPLE"", ""category_name"": ""바지"", ""filter_parameter"": ""color"", ""observation_type"": ""FILTER""}",2026-09-19 08:35:12.220371+00:00,2026-09-20 08:35:12.220371+00:00,2026-09-18 03:28:12.380235+00:00,2026-09-18 03:44:02.185677+00:00
449,musinsa_used,무신사 USED,musinsa_used [FILTER>컬러>라이트 핑크>바지],RANKING,LIVE,True,1440,5,https://api.musinsa.com/api2/dp/v2/plp/goods?gf=A&color=LIGHTPINK&sortCode=USED_SALE_PRICE_CHANGE_DATE&category=109003&size=30&testGroup=&ampGroup=&caller=CATEGORY&page=1&seen=0&seenAds=,"{""live"": true, ""limit"": 100, ""gender"": ""A"", ""page_size"": 30, ""sort_code"": ""USED_SALE_PRICE_CHANGE_DATE"", ""category_id"": ""109003"", ""filter_name"": ""라이트 핑크"", ""filter_type"": ""color"", ""filter_label"": ""컬러"", ""filter_value"": ""LIGHTPINK"", ""category_name"": ""바지"", ""filter_parameter"": ""color"", ""observation_type"": ""FILTER""}",2026-09-18 04:44:06.646806+00:00,2026-09-19 04:44:06.646806+00:00,2026-09-18 03:28:12.484874+00:00,2026-09-18 03:44:02.269135+00:00
450,musinsa_used,무신사 USED,musinsa_used [FILTER>컬러>다크핑크>바지],RANKING,LIVE,True,1440,5,https://api.musinsa.com/api2/dp/v2/plp/goods?gf=A&color=DARKPINK&sortCode=USED_SALE_PRICE_CHANGE_DATE&category=109003&size=30&testGroup=&ampGroup=&caller=CATEGORY&page=1&seen=0&seenAds=,"{""live"": true, ""limit"": 100, ""gender"": ""A"", ""page_size"": 30, ""sort_code"": ""USED_SALE_PRICE_CHANGE_DATE"", ""category_id"": ""109003"", ""filter_name"": ""다크핑크"", ""filter_type"": ""color"", ""filter_label"": ""컬러"", ""filter_value"": ""DARKPINK"", ""category_name"": ""바지"", ""filter_parameter"": ""color"", ""observation_type"": ""FILTER""}",2026-09-18 04:44:39.177012+00:00,2026-09-19 04:44:39.177012+00:00,2026-09-18 03:28:12.600249+00:00,2026-09-18 03:44:02.340608+00:00
451,musinsa_used,무신사 USED,musinsa_used [FILTER>컬러>피치>바지],RANKING,LIVE,True,1440,5,https://api.musinsa.com/api2/dp/v2/plp/goods?gf=A&color=PEACH&sortCode=USED_SALE_PRICE_CHANGE_DATE&category=109003&size=30&testGroup=&ampGroup=&caller=CATEGORY&page=1&seen=0&seenAds=,"{""live"": true, ""limit"": 100, ""gender"": ""A"", ""page_size"": 30, ""sort_code"": ""USED_SALE_PRICE_CHANGE_DATE"", ""category_id"": ""109003"", ""filter_name"": ""피치"", ""filter_type"": ""color"", ""filter_label"": ""컬러"", ""filter_value"": ""PEACH"", ""category_name"": ""바지"", ""filter_parameter"": ""color"", ""observation_type"": ""FILTER""}",2026-09-18 04:45:08.106946+00:00,2026-09-19 04:45:08.106946+00:00,2026-09-18 03:28:12.723451+00:00,2026-09-18 03:44:02.430148+00:00
452,musinsa_used,무신사 USED,musinsa_used [FILTER>컬러>화이트>바지],RANKING,LIVE,True,1440,5,https://api.musinsa.com/api2/dp/v2/plp/goods?gf=A&color=WHITE&sortCode=USED_SALE_PRICE_CHANGE_DATE&category=109003&size=30&testGroup=&ampGroup=&caller=CATEGORY&page=1&seen=0&seenAds=,"{""live"": true, ""limit"": 100, ""gender"": ""A"", ""page_size"": 30, ""sort_code"": ""USED_SALE_PRICE_CHANGE_DATE"", ""category_id"": ""109003"", ""filter_name"": ""화이트"", ""filter_type"": ""color"", ""filter_label"": ""컬러"", ""filter_value"": ""WHITE"", ""category_name"": ""바지"", ""filter_parameter"": ""color"", ""observation_type"": ""FILTER""}",2026-09-18 04:45:36.177489+00:00,2026-09-19 04:45:36.177489+00:00,2026-09-18 03:28:12.850326+00:00,2026-09-18 03:44:02.515970+00:00
453,musinsa_used,무신사 USED,musinsa_used [FILTER>컬러>블루>바지],RANKING,LIVE,True,1440,5,https://api.musinsa.com/api2/dp/v2/plp/goods?gf=A&color=BLUE&sortCode=USED_SALE_PRICE_CHANGE_DATE&category=109003&size=30&testGroup=&ampGroup=&caller=CATEGORY&page=1&seen=0&seenAds=,"{""live"": true, ""limit"": 100, ""gender"": ""A"", ""page_size"": 30, ""sort_code"": ""USED_SALE_PRICE_CHANGE_DATE"", ""category_id"": ""109003"", ""filter_name"": ""블루"", ""filter_type"": ""color"", ""filter_label"": ""컬러"", ""filter_value"": ""BLUE"", ""category_name"": ""바지"", ""filter_parameter"": ""color"", ""observation_type"": ""FILTER""}",2026-09-18 04:46:03.834294+00:00,2026-09-19 04:46:03.834294+00:00,2026-09-18 03:28:12.957732+00:00,2026-09-18 03:44:02.596732+00:00
454,musinsa_used,무신사 USED,musinsa_used [FILTER>컬러>브릭>바지],RANKING,LIVE,True,1440,5,https://api.musinsa.com/api2/dp/v2/plp/goods?gf=A&color=BRICK&sortCode=USED_SALE_PRICE_CHANGE_DATE&category=109003&size=30&testGroup=&ampGroup=&caller=CATEGORY&page=1&seen=0&seenAds=,"{""live"": true, ""limit"": 100, ""gender"": ""A"", ""page_size"": 30, ""sort_code"": ""USED_SALE_PRICE_CHANGE_DATE"", ""category_id"": ""109003"", ""filter_name"": ""브릭"", ""filter_type"": ""color"", ""filter_label"": ""컬러"", ""filter_value"": ""BRICK"", ""category_name"": ""바지"", ""filter_parameter"": ""color"", ""observation_type"": ""FILTER""}",2026-09-18 04:46:42.283388+00:00,2026-09-19 04:46:42.283388+00:00,2026-09-18 03:28:13.062100+00:00,2026-09-18 03:44:02.667700+00:00
455,musinsa_used,무신사 USED,musinsa_used [FILTER>컬러>레드>바지],RANKING,LIVE,True,1440,5,https://api.musinsa.com/api2/dp/v2/plp/goods?gf=A&color=RED&sortCode=USED_SALE_PRICE_CHANGE_DATE&category=109003&size=30&testGroup=&ampGroup=&caller=CATEGORY&page=1&seen=0&seenAds=,"{""live"": true, ""limit"": 100, ""gender"": ""A"", ""page_size"": 30, ""sort_code"": ""USED_SALE_PRICE_CHANGE_DATE"", ""category_id"": ""109003"", ""filter_name"": ""레드"", ""filter_type"": ""color"", ""filter_label"": ""컬러"", ""filter_value"": ""RED"", ""category_name"": ""바지"", ""filter_parameter"": ""color"", ""observation_type"": ""FILTER""}",2026-09-19 08:35:14.974665+00:00,2026-09-20 08:35:14.974665+00:00,2026-09-18 03:28:13.166863+00:00,2026-09-18 03:44:02.739650+00:00
456,musinsa_used,무신사 USED,musinsa_used [FILTER>컬러>올리브 그린>바지],RANKING,LIVE,True,1440,5,https://api.musinsa.com/api2/dp/v2/plp/goods?gf=A&color=OLIVEGREEN&sortCode=USED_SALE_PRICE_CHANGE_DATE&category=109003&size=30&testGroup=&ampGroup=&caller=CATEGORY&page=1&seen=0&seenAds=,"{""live"": true, ""limit"": 100, ""gender"": ""A"", ""page_size"": 30, ""sort_code"": ""USED_SALE_PRICE_CHANGE_DATE"", ""category_id"": ""109003"", ""filter_name"": ""올리브 그린"", ""filter_type"": ""color"", ""filter_label"": ""컬러"", ""filter_value"": ""OLIVEGREEN"", ""category_name"": ""바지"", ""filter_parameter"": ""color"", ""observation_type"": ""FILTER""}",2026-09-18 04:47:50.835065+00:00,2026-09-19 04:47:50.835065+00:00,2026-09-18 03:28:13.267481+00:00,2026-09-18 03:44:02.821437+00:00
457,musinsa_used,무신사 USED,musinsa_used [FILTER>컬러>라벤더>바지],RANKING,LIVE,True,1440,5,https://api.musinsa.com/api2/dp/v2/plp/goods?gf=A&color=LAVENDER&sortCode=USED_SALE_PRICE_CHANGE_DATE&category=109003&size=30&testGroup=&ampGroup=&caller=CATEGORY&page=1&seen=0&seenAds=,"{""live"": true, ""limit"": 100, ""gender"": ""A"", ""page_size"": 30, ""sort_code"": ""USED_SALE_PRICE_CHANGE_DATE"", ""category_id"": ""109003"", ""filter_name"": ""라벤더"", ""filter_type"": ""color"", ""filter_label"": ""컬러"", ""filter_value"": ""LAVENDER"", ""category_name"": ""바지"", ""filter_parameter"": ""color"", ""observation_type"": ""FILTER""}",2026-09-18 04:48:19.189050+00:00,2026-09-19 04:48:19.189050+00:00,2026-09-18 03:28:13.367815+00:00,2026-09-18 03:44:02.905445+00:00
458,musinsa_used,무신사 USED,musinsa_used [FILTER>컬러>다크 오렌지>바지],RANKING,LIVE,True,1440,5,https://api.musinsa.com/api2/dp/v2/plp/goods?gf=A&color=DARKORANGE&sortCode=USED_SALE_PRICE_CHANGE_DATE&category=109003&size=30&testGroup=&ampGroup=&caller=CATEGORY&page=1&seen=0&seenAds=,"{""live"": true, ""limit"": 100, ""gender"": ""A"", ""page_size"": 30, ""sort_code"": ""USED_SALE_PRICE_CHANGE_DATE"", ""category_id"": ""109003"", ""filter_name"": ""다크 오렌지"", ""filter_type"": ""color"", ""filter_label"": ""컬러"", ""filter_value"": ""DARKORANGE"", ""category_name"": ""바지"", ""filter_parameter"": ""color"", ""observation_type"": ""FILTER""}",2026-09-18 04:48:47.599074+00:00,2026-09-19 04:48:47.599074+00:00,2026-09-18 03:28:13.471362+00:00,2026-09-18 03:44:02.988535+00:00
459,musinsa_used,무신사 USED,musinsa_used [FILTER>컬러>다크 그린>바지],RANKING,LIVE,True,1440,5,https://api.musinsa.com/api2/dp/v2/plp/goods?gf=A&color=DARKGREEN&sortCode=USED_SALE_PRICE_CHANGE_DATE&category=109003&size=30&testGroup=&ampGroup=&caller=CATEGORY&page=1&seen=0&seenAds=,"{""live"": true, ""limit"": 100, ""gender"": ""A"", ""page_size"": 30, ""sort_code"": ""USED_SALE_PRICE_CHANGE_DATE"", ""category_id"": ""109003"", ""filter_name"": ""다크 그린"", ""filter_type"": ""color"", ""filter_label"": ""컬러"", ""filter_value"": ""DARKGREEN"", ""category_name"": ""바지"", ""filter_parameter"": ""color"", ""observation_type"": ""FILTER""}",2026-09-18 04:49:15.534625+00:00,2026-09-19 04:49:15.534625+00:00,2026-09-18 03:28:13.578474+00:00,2026-09-18 03:44:03.096101+00:00
460,musinsa_used,무신사 USED,musinsa_used [FILTER>컬러>네이비>바지],RANKING,LIVE,True,1440,5,https://api.musinsa.com/api2/dp/v2/plp/goods?gf=A&color=NAVY&sortCode=USED_SALE_PRICE_CHANGE_DATE&category=109003&size=30&testGroup=&ampGroup=&caller=CATEGORY&page=1&seen=0&seenAds=,"{""live"": true, ""limit"": 100, ""gender"": ""A"", ""page_size"": 30, ""sort_code"": ""USED_SALE_PRICE_CHANGE_DATE"", ""category_id"": ""109003"", ""filter_name"": ""네이비"", ""filter_type"": ""color"", ""filter_label"": ""컬러"", ""filter_value"": ""NAVY"", ""category_name"": ""바지"", ""filter_parameter"": ""color"", ""observation_type"": ""FILTER""}",2026-09-18 04:49:43.066515+00:00,2026-09-19 04:49:43.066515+00:00,2026-09-18 03:28:13.677309+00:00,2026-09-18 03:44:03.180504+00:00
461,musinsa_used,무신사 USED,musinsa_used [FILTER>컬러>버건디>바지],RANKING,LIVE,True,1440,5,https://api.musinsa.com/api2/dp/v2/plp/goods?gf=A&color=BURGUNDY&sortCode=USED_SALE_PRICE_CHANGE_DATE&category=109003&size=30&testGroup=&ampGroup=&caller=CATEGORY&page=1&seen=0&seenAds=,"{""live"": true, ""limit"": 100, ""gender"": ""A"", ""page_size"": 30, ""sort_code"": ""USED_SALE_PRICE_CHANGE_DATE"", ""category_id"": ""109003"", ""filter_name"": ""버건디"", ""filter_type"": ""color"", ""filter_label"": ""컬러"", ""filter_value"": ""BURGUNDY"", ""category_name"": ""바지"", ""filter_parameter"": ""color"", ""observation_type"": ""FILTER""}",2026-09-18 04:50:13.364230+00:00,2026-09-19 04:50:13.364230+00:00,2026-09-18 03:28:13.783077+00:00,2026-09-18 03:44:03.253241+00:00
462,musinsa_used,무신사 USED,musinsa_used [FILTER>컬러>브라운>바지],RANKING,LIVE,True,1440,5,https://api.musinsa.com/api2/dp/v2/plp/goods?gf=A&color=BROWN&sortCode=USED_SALE_PRICE_CHANGE_DATE&category=109003&size=30&testGroup=&ampGroup=&caller=CATEGORY&page=1&seen=0&seenAds=,"{""live"": true, ""limit"": 100, ""gender"": ""A"", ""page_size"": 30, ""sort_code"": ""USED_SALE_PRICE_CHANGE_DATE"", ""category_id"": ""109003"", ""filter_name"": ""브라운"", ""filter_type"": ""color"", ""filter_label"": ""컬러"", ""filter_value"": ""BROWN"", ""category_name"": ""바지"", ""filter_parameter"": ""color"", ""observation_type"": ""FILTER""}",2026-09-19 08:35:19.220692+00:00,2026-09-20 08:35:19.220692+00:00,2026-09-18 03:28:13.911039+00:00,2026-09-18 03:44:03.328021+00:00
463,musinsa_used,무신사 USED,musinsa_used [FILTER>컬러>머스타드>바지],RANKING,LIVE,True,1440,5,https://api.musinsa.com/api2/dp/v2/plp/goods?gf=A&color=MUSTARD&sortCode=USED_SALE_PRICE_CHANGE_DATE&category=109003&size=30&testGroup=&ampGroup=&caller=CATEGORY&page=1&seen=0&seenAds=,"{""live"": true, ""limit"": 100, ""gender"": ""A"", ""page_size"": 30, ""sort_code"": ""USED_SALE_PRICE_CHANGE_DATE"", ""category_id"": ""109003"", ""filter_name"": ""머스타드"", ""filter_type"": ""color"", ""filter_label"": ""컬러"", ""filter_value"": ""MUSTARD"", ""category_name"": ""바지"", ""filter_parameter"": ""color"", ""observation_type"": ""FILTER""}",2026-09-18 04:51:09.892347+00:00,2026-09-19 04:51:09.892347+00:00,2026-09-18 03:28:14.058618+00:00,2026-09-18 03:44:03.395897+00:00
464,musinsa_used,무신사 USED,musinsa_used [FILTER>컬러>핑크>바지],RANKING,LIVE,True,1440,5,https://api.musinsa.com/api2/dp/v2/plp/goods?gf=A&color=PINK&sortCode=USED_SALE_PRICE_CHANGE_DATE&category=109003&size=30&testGroup=&ampGroup=&caller=CATEGORY&page=1&seen=0&seenAds=,"{""live"": true, ""limit"": 100, ""gender"": ""A"", ""page_size"": 30, ""sort_code"": ""USED_SALE_PRICE_CHANGE_DATE"", ""category_id"": ""109003"", ""filter_name"": ""핑크"", ""filter_type"": ""color"", ""filter_label"": ""컬러"", ""filter_value"": ""PINK"", ""category_name"": ""바지"", ""filter_parameter"": ""color"", ""observation_type"": ""FILTER""}",2026-09-18 04:51:38.137688+00:00,2026-09-19 04:51:38.137688+00:00,2026-09-18 03:28:14.172496+00:00,2026-09-18 03:44:03.469419+00:00
465,musinsa_used,무신사 USED,musinsa_used [FILTER>컬러>딥레드>바지],RANKING,LIVE,True,1440,5,https://api.musinsa.com/api2/dp/v2/plp/goods?gf=A&color=DEEPRED&sortCode=USED_SALE_PRICE_CHANGE_DATE&category=109003&size=30&testGroup=&ampGroup=&caller=CATEGORY&page=1&seen=0&seenAds=,"{""live"": true, ""limit"": 100, ""gender"": ""A"", ""page_size"": 30, ""sort_code"": ""USED_SALE_PRICE_CHANGE_DATE"", ""category_id"": ""109003"", ""filter_name"": ""딥레드"", ""filter_type"": ""color"", ""filter_label"": ""컬러"", ""filter_value"": ""DEEPRED"", ""category_name"": ""바지"", ""filter_parameter"": ""color"", ""observation_type"": ""FILTER""}",2026-09-18 04:52:06.826405+00:00,2026-09-19 04:52:06.826405+00:00,2026-09-18 03:28:14.280328+00:00,2026-09-18 03:44:03.543488+00:00
466,musinsa_used,무신사 USED,musinsa_used [FILTER>컬러>오렌지>바지],RANKING,LIVE,True,1440,5,https://api.musinsa.com/api2/dp/v2/plp/goods?gf=A&color=ORANGE&sortCode=USED_SALE_PRICE_CHANGE_DATE&category=109003&size=30&testGroup=&ampGroup=&caller=CATEGORY&page=1&seen=0&seenAds=,"{""live"": true, ""limit"": 100, ""gender"": ""A"", ""page_size"": 30, ""sort_code"": ""USED_SALE_PRICE_CHANGE_DATE"", ""category_id"": ""109003"", ""filter_name"": ""오렌지"", ""filter_type"": ""color"", ""filter_label"": ""컬러"", ""filter_value"": ""ORANGE"", ""category_name"": ""바지"", ""filter_parameter"": ""color"", ""observation_type"": ""FILTER""}",2026-09-18 04:52:35.423029+00:00,2026-09-19 04:52:35.423029+00:00,2026-09-18 03:28:14.384951+00:00,2026-09-18 03:44:03.620776+00:00
467,musinsa_used,무신사 USED,musinsa_used [FILTER>컬러>그린>바지],RANKING,LIVE,True,1440,5,https://api.musinsa.com/api2/dp/v2/plp/goods?gf=A&color=GREEN&sortCode=USED_SALE_PRICE_CHANGE_DATE&category=109003&size=30&testGroup=&ampGroup=&caller=CATEGORY&page=1&seen=0&seenAds=,"{""live"": true, ""limit"": 100, ""gender"": ""A"", ""page_size"": 30, ""sort_code"": ""USED_SALE_PRICE_CHANGE_DATE"", ""category_id"": ""109003"", ""filter_name"": ""그린"", ""filter_type"": ""color"", ""filter_label"": ""컬러"", ""filter_value"": ""GREEN"", ""category_name"": ""바지"", ""filter_parameter"": ""color"", ""observation_type"": ""FILTER""}",2026-09-18 04:53:05.365360+00:00,2026-09-19 04:53:05.365360+00:00,2026-09-18 03:28:14.496992+00:00,2026-09-18 03:44:03.707416+00:00
468,musinsa_used,무신사 USED,musinsa_used [FILTER>컬러>라이트 그린>바지],RANKING,LIVE,True,1440,5,https://api.musinsa.com/api2/dp/v2/plp/goods?gf=A&color=LIGHTGREEN&sortCode=USED_SALE_PRICE_CHANGE_DATE&category=109003&size=30&testGroup=&ampGroup=&caller=CATEGORY&page=1&seen=0&seenAds=,"{""live"": true, ""limit"": 100, ""gender"": ""A"", ""page_size"": 30, ""sort_code"": ""USED_SALE_PRICE_CHANGE_DATE"", ""category_id"": ""109003"", ""filter_name"": ""라이트 그린"", ""filter_type"": ""color"", ""filter_label"": ""컬러"", ""filter_value"": ""LIGHTGREEN"", ""category_name"": ""바지"", ""filter_parameter"": ""color"", ""observation_type"": ""FILTER""}",2026-09-18 04:53:32.624614+00:00,2026-09-19 04:53:32.624614+00:00,2026-09-18 03:28:14.604275+00:00,2026-09-18 03:44:03.783085+00:00
469,musinsa_used,무신사 USED,musinsa_used [FILTER>컬러>실버>바지],RANKING,LIVE,True,1440,5,https://api.musinsa.com/api2/dp/v2/plp/goods?gf=A&color=SILVER&sortCode=USED_SALE_PRICE_CHANGE_DATE&category=109003&size=30&testGroup=&ampGroup=&caller=CATEGORY&page=1&seen=0&seenAds=,"{""live"": true, ""limit"": 100, ""gender"": ""A"", ""page_size"": 30, ""sort_code"": ""USED_SALE_PRICE_CHANGE_DATE"", ""category_id"": ""109003"", ""filter_name"": ""실버"", ""filter_type"": ""color"", ""filter_label"": ""컬러"", ""filter_value"": ""SILVER"", ""category_name"": ""바지"", ""filter_parameter"": ""color"", ""observation_type"": ""FILTER""}",2026-09-19 08:35:22.196521+00:00,2026-09-20 08:35:22.196521+00:00,2026-09-18 03:28:14.737855+00:00,2026-09-18 03:44:03.860441+00:00
470,musinsa_used,무신사 USED,musinsa_used [FILTER>컬러>라이트 옐로우>바지],RANKING,LIVE,True,1440,5,https://api.musinsa.com/api2/dp/v2/plp/goods?gf=A&color=LIGHTYELLOW&sortCode=USED_SALE_PRICE_CHANGE_DATE&category=109003&size=30&testGroup=&ampGroup=&caller=CATEGORY&page=1&seen=0&seenAds=,"{""live"": true, ""limit"": 100, ""gender"": ""A"", ""page_size"": 30, ""sort_code"": ""USED_SALE_PRICE_CHANGE_DATE"", ""category_id"": ""109003"", ""filter_name"": ""라이트 옐로우"", ""filter_type"": ""color"", ""filter_label"": ""컬러"", ""filter_value"": ""LIGHTYELLOW"", ""category_name"": ""바지"", ""filter_parameter"": ""color"", ""observation_type"": ""FILTER""}",2026-09-18 04:54:49.246399+00:00,2026-09-19 04:54:49.246399+00:00,2026-09-18 03:28:14.854152+00:00,2026-09-18 03:44:03.933718+00:00
471,musinsa_used,무신사 USED,musinsa_used [FILTER>컬러>민트>바지],RANKING,LIVE,True,1440,5,https://api.musinsa.com/api2/dp/v2/plp/goods?gf=A&color=MINT&sortCode=USED_SALE_PRICE_CHANGE_DATE&category=109003&size=30&testGroup=&ampGroup=&caller=CATEGORY&page=1&seen=0&seenAds=,"{""live"": true, ""limit"": 100, ""gender"": ""A"", ""page_size"": 30, ""sort_code"": ""USED_SALE_PRICE_CHANGE_DATE"", ""category_id"": ""109003"", ""filter_name"": ""민트"", ""filter_type"": ""color"", ""filter_label"": ""컬러"", ""filter_value"": ""MINT"", ""category_name"": ""바지"", ""filter_parameter"": ""color"", ""observation_type"": ""FILTER""}",2026-09-18 04:55:20.794385+00:00,2026-09-19 04:55:20.794385+00:00,2026-09-18 03:28:14.976259+00:00,2026-09-18 03:44:04.023534+00:00
472,musinsa_used,무신사 USED,musinsa_used [FILTER>컬러>옐로우>바지],RANKING,LIVE,True,1440,5,https://api.musinsa.com/api2/dp/v2/plp/goods?gf=A&color=YELLOW&sortCode=USED_SALE_PRICE_CHANGE_DATE&category=109003&size=30&testGroup=&ampGroup=&caller=CATEGORY&page=1&seen=0&seenAds=,"{""live"": true, ""limit"": 100, ""gender"": ""A"", ""page_size"": 30, ""sort_code"": ""USED_SALE_PRICE_CHANGE_DATE"", ""category_id"": ""109003"", ""filter_name"": ""옐로우"", ""filter_type"": ""color"", ""filter_label"": ""컬러"", ""filter_value"": ""YELLOW"", ""category_name"": ""바지"", ""filter_parameter"": ""color"", ""observation_type"": ""FILTER""}",2026-09-18 04:55:39.781569+00:00,2026-09-19 04:55:39.781569+00:00,2026-09-18 03:28:15.083861+00:00,2026-09-18 03:44:04.098597+00:00
473,musinsa_used,무신사 USED,musinsa_used [FILTER>컬러>라임>바지],RANKING,LIVE,True,1440,5,https://api.musinsa.com/api2/dp/v2/plp/goods?gf=A&color=LIME&sortCode=USED_SALE_PRICE_CHANGE_DATE&category=109003&size=30&testGroup=&ampGroup=&caller=CATEGORY&page=1&seen=0&seenAds=,"{""live"": true, ""limit"": 100, ""gender"": ""A"", ""page_size"": 30, ""sort_code"": ""USED_SALE_PRICE_CHANGE_DATE"", ""category_id"": ""109003"", ""filter_name"": ""라임"", ""filter_type"": ""color"", ""filter_label"": ""컬러"", ""filter_value"": ""LIME"", ""category_name"": ""바지"", ""filter_parameter"": ""color"", ""observation_type"": ""FILTER""}",2026-09-18 04:55:56.544602+00:00,2026-09-19 04:55:56.544602+00:00,2026-09-18 03:28:15.189337+00:00,2026-09-18 03:44:04.170254+00:00
474,musinsa_used,무신사 USED,musinsa_used [FILTER>컬러>라이트 오렌지>바지],RANKING,LIVE,True,1440,5,https://api.musinsa.com/api2/dp/v2/plp/goods?gf=A&color=LIGHTORANGE&sortCode=USED_SALE_PRICE_CHANGE_DATE&category=109003&size=30&testGroup=&ampGroup=&caller=CATEGORY&page=1&seen=0&seenAds=,"{""live"": true, ""limit"": 100, ""gender"": ""A"", ""page_size"": 30, ""sort_code"": ""USED_SALE_PRICE_CHANGE_DATE"", ""category_id"": ""109003"", ""filter_name"": ""라이트 오렌지"", ""filter_type"": ""color"", ""filter_label"": ""컬러"", ""filter_value"": ""LIGHTORANGE"", ""category_name"": ""바지"", ""filter_parameter"": ""color"", ""observation_type"": ""FILTER""}",2026-09-18 04:56:07.463209+00:00,2026-09-19 04:56:07.463209+00:00,2026-09-18 03:28:15.313929+00:00,2026-09-18 03:44:04.257039+00:00
475,musinsa_used,무신사 USED,musinsa_used [FILTER>컬러>골드>바지],RANKING,LIVE,True,1440,5,https://api.musinsa.com/api2/dp/v2/plp/goods?gf=A&color=GOLD&sortCode=USED_SALE_PRICE_CHANGE_DATE&category=109003&size=30&testGroup=&ampGroup=&caller=CATEGORY&page=1&seen=0&seenAds=,"{""live"": true, ""limit"": 100, ""gender"": ""A"", ""page_size"": 30, ""sort_code"": ""USED_SALE_PRICE_CHANGE_DATE"", ""category_id"": ""109003"", ""filter_name"": ""골드"", ""filter_type"": ""color"", ""filter_label"": ""컬러"", ""filter_value"": ""GOLD"", ""category_name"": ""바지"", ""filter_parameter"": ""color"", ""observation_type"": ""FILTER""}",2026-09-18 04:56:10.529273+00:00,2026-09-19 04:56:10.529273+00:00,2026-09-18 03:28:15.418566+00:00,2026-09-18 03:44:04.345935+00:00
476,musinsa_used,무신사 USED,musinsa_used [FILTER>컬러>로즈골드>바지],RANKING,LIVE,True,1440,5,https://api.musinsa.com/api2/dp/v2/plp/goods?gf=A&color=ROSEGOLD&sortCode=USED_SALE_PRICE_CHANGE_DATE&category=109003&size=30&testGroup=&ampGroup=&caller=CATEGORY&page=1&seen=0&seenAds=,"{""live"": true, ""limit"": 100, ""gender"": ""A"", ""page_size"": 30, ""sort_code"": ""USED_SALE_PRICE_CHANGE_DATE"", ""category_id"": ""109003"", ""filter_name"": ""로즈골드"", ""filter_type"": ""color"", ""filter_label"": ""컬러"", ""filter_value"": ""ROSEGOLD"", ""category_name"": ""바지"", ""filter_parameter"": ""color"", ""observation_type"": ""FILTER""}",2026-09-18 04:56:12.750970+00:00,2026-09-19 04:56:12.750970+00:00,2026-09-18 03:28:15.514767+00:00,2026-09-18 03:44:04.413608+00:00
477,musinsa_used,무신사 USED,musinsa_used [FILTER>주요소재>면(코튼)>바지],RANKING,LIVE,True,10080,5,https://api.musinsa.com/api2/dp/v2/plp/goods?gf=A&attributeMaterial=g_material%5ErYIBGq2Ot2Qh&sortCode=USED_SALE_PRICE_CHANGE_DATE&category=109003&size=30&testGroup=&ampGroup=&caller=CATEGORY&page=1&seen=0&seenAds=,"{""live"": true, ""limit"": 100, ""gender"": ""A"", ""page_size"": 100, ""sort_code"": ""USED_SALE_PRICE_CHANGE_DATE"", ""category_id"": ""109003"", ""filter_name"": ""면(코튼)"", ""filter_type"": ""material"", ""filter_label"": ""주요소재"", ""filter_value"": ""g_material^rYIBGq2Ot2Qh"", ""category_name"": ""바지"", ""filter_parameter"": ""attributeMaterial"", ""observation_type"": ""FILTER""}",,2026-09-20 07:42:00+00:00,2026-09-18 03:28:16.335506+00:00,2026-09-18 03:28:16.335516+00:00
478,musinsa_used,무신사 USED,musinsa_used [FILTER>주요소재>폴리에스테르>바지],RANKING,LIVE,True,10080,5,https://api.musinsa.com/api2/dp/v2/plp/goods?gf=A&attributeMaterial=g_material%5ERedzeswVYYOa&sortCode=USED_SALE_PRICE_CHANGE_DATE&category=109003&size=30&testGroup=&ampGroup=&caller=CATEGORY&page=1&seen=0&seenAds=,"{""live"": true, ""limit"": 100, ""gender"": ""A"", ""page_size"": 100, ""sort_code"": ""USED_SALE_PRICE_CHANGE_DATE"", ""category_id"": ""109003"", ""filter_name"": ""폴리에스테르"", ""filter_type"": ""material"", ""filter_label"": ""주요소재"", ""filter_value"": ""g_material^RedzeswVYYOa"", ""category_name"": ""바지"", ""filter_parameter"": ""attributeMaterial"", ""observation_type"": ""FILTER""}",,2026-09-21 07:42:00+00:00,2026-09-18 03:28:16.446660+00:00,2026-09-18 03:28:16.446668+00:00
479,musinsa_used,무신사 USED,musinsa_used [FILTER>주요소재>나일론>바지],RANKING,LIVE,True,10080,5,https://api.musinsa.com/api2/dp/v2/plp/goods?gf=A&attributeMaterial=g_material%5EvGbOb7CVby3q&sortCode=USED_SALE_PRICE_CHANGE_DATE&category=109003&size=30&testGroup=&ampGroup=&caller=CATEGORY&page=1&seen=0&seenAds=,"{""live"": true, ""limit"": 100, ""gender"": ""A"", ""page_size"": 100, ""sort_code"": ""USED_SALE_PRICE_CHANGE_DATE"", ""category_id"": ""109003"", ""filter_name"": ""나일론"", ""filter_type"": ""material"", ""filter_label"": ""주요소재"", ""filter_value"": ""g_material^vGbOb7CVby3q"", ""category_name"": ""바지"", ""filter_parameter"": ""attributeMaterial"", ""observation_type"": ""FILTER""}",,2026-09-22 07:42:00+00:00,2026-09-18 03:28:16.541753+00:00,2026-09-18 03:28:16.541762+00:00
480,musinsa_used,무신사 USED,musinsa_used [FILTER>주요소재>데님>바지],RANKING,LIVE,True,10080,5,https://api.musinsa.com/api2/dp/v2/plp/goods?gf=A&attributeMaterial=g_material%5E7hzHO7WT8tLe&sortCode=USED_SALE_PRICE_CHANGE_DATE&category=109003&size=30&testGroup=&ampGroup=&caller=CATEGORY&page=1&seen=0&seenAds=,"{""live"": true, ""limit"": 100, ""gender"": ""A"", ""page_size"": 100, ""sort_code"": ""USED_SALE_PRICE_CHANGE_DATE"", ""category_id"": ""109003"", ""filter_name"": ""데님"", ""filter_type"": ""material"", ""filter_label"": ""주요소재"", ""filter_value"": ""g_material^7hzHO7WT8tLe"", ""category_name"": ""바지"", ""filter_parameter"": ""attributeMaterial"", ""observation_type"": ""FILTER""}",,2026-09-23 07:42:00+00:00,2026-09-18 03:28:16.651221+00:00,2026-09-18 03:28:16.651239+00:00
481,musinsa_used,무신사 USED,musinsa_used [FILTER>주요소재>폴리우레탄>바지],RANKING,LIVE,True,10080,5,https://api.musinsa.com/api2/dp/v2/plp/goods?gf=A&attributeMaterial=g_material%5EMHC8QpYwtThD&sortCode=USED_SALE_PRICE_CHANGE_DATE&category=109003&size=30&testGroup=&ampGroup=&caller=CATEGORY&page=1&seen=0&seenAds=,"{""live"": true, ""limit"": 100, ""gender"": ""A"", ""page_size"": 100, ""sort_code"": ""USED_SALE_PRICE_CHANGE_DATE"", ""category_id"": ""109003"", ""filter_name"": ""폴리우레탄"", ""filter_type"": ""material"", ""filter_label"": ""주요소재"", ""filter_value"": ""g_material^MHC8QpYwtThD"", ""category_name"": ""바지"", ""filter_parameter"": ""attributeMaterial"", ""observation_type"": ""FILTER""}",,2026-09-24 07:42:00+00:00,2026-09-18 03:28:16.774112+00:00,2026-09-18 03:28:16.774128+00:00
482,musinsa_used,무신사 USED,musinsa_used [FILTER>주요소재>울/모>바지],RANKING,LIVE,True,10080,5,https://api.musinsa.com/api2/dp/v2/plp/goods?gf=A&attributeMaterial=g_material%5EUBSB4AP5JfAA&sortCode=USED_SALE_PRICE_CHANGE_DATE&category=109003&size=30&testGroup=&ampGroup=&caller=CATEGORY&page=1&seen=0&seenAds=,"{""live"": true, ""limit"": 100, ""gender"": ""A"", ""page_size"": 100, ""sort_code"": ""USED_SALE_PRICE_CHANGE_DATE"", ""category_id"": ""109003"", ""filter_name"": ""울/모"", ""filter_type"": ""material"", ""filter_label"": ""주요소재"", ""filter_value"": ""g_material^UBSB4AP5JfAA"", ""category_name"": ""바지"", ""filter_parameter"": ""attributeMaterial"", ""observation_type"": ""FILTER""}",,2026-09-25 07:42:00+00:00,2026-09-18 03:28:16.895734+00:00,2026-09-18 03:28:16.895782+00:00
483,musinsa_used,무신사 USED,musinsa_used [FILTER>주요소재>린넨>바지],RANKING,LIVE,True,10080,5,https://api.musinsa.com/api2/dp/v2/plp/goods?gf=A&attributeMaterial=g_material%5EQXm8shmCAi1j&sortCode=USED_SALE_PRICE_CHANGE_DATE&category=109003&size=30&testGroup=&ampGroup=&caller=CATEGORY&page=1&seen=0&seenAds=,"{""live"": true, ""limit"": 100, ""gender"": ""A"", ""page_size"": 100, ""sort_code"": ""USED_SALE_PRICE_CHANGE_DATE"", ""category_id"": ""109003"", ""filter_name"": ""린넨"", ""filter_type"": ""material"", ""filter_label"": ""주요소재"", ""filter_value"": ""g_material^QXm8shmCAi1j"", ""category_name"": ""바지"", ""filter_parameter"": ""attributeMaterial"", ""observation_type"": ""FILTER""}",2026-09-19 08:35:22.602562+00:00,2026-09-26 08:35:22.602562+00:00,2026-09-18 03:28:17.006523+00:00,2026-09-18 03:28:17.006570+00:00
484,musinsa_used,무신사 USED,musinsa_used [FILTER>주요소재>스판덱스>바지],RANKING,LIVE,True,10080,5,https://api.musinsa.com/api2/dp/v2/plp/goods?gf=A&attributeMaterial=g_material%5EHLlXIp8L4jxF&sortCode=USED_SALE_PRICE_CHANGE_DATE&category=109003&size=30&testGroup=&ampGroup=&caller=CATEGORY&page=1&seen=0&seenAds=,"{""live"": true, ""limit"": 100, ""gender"": ""A"", ""page_size"": 100, ""sort_code"": ""USED_SALE_PRICE_CHANGE_DATE"", ""category_id"": ""109003"", ""filter_name"": ""스판덱스"", ""filter_type"": ""material"", ""filter_label"": ""주요소재"", ""filter_value"": ""g_material^HLlXIp8L4jxF"", ""category_name"": ""바지"", ""filter_parameter"": ""attributeMaterial"", ""observation_type"": ""FILTER""}",,2026-09-20 07:49:00+00:00,2026-09-18 03:28:17.124860+00:00,2026-09-18 03:28:17.124885+00:00
485,musinsa_used,무신사 USED,musinsa_used [FILTER>주요소재>코듀로이>바지],RANKING,LIVE,True,10080,5,https://api.musinsa.com/api2/dp/v2/plp/goods?gf=A&attributeMaterial=g_material%5EBpPKYb8ezDnJ&sortCode=USED_SALE_PRICE_CHANGE_DATE&category=109003&size=30&testGroup=&ampGroup=&caller=CATEGORY&page=1&seen=0&seenAds=,"{""live"": true, ""limit"": 100, ""gender"": ""A"", ""page_size"": 100, ""sort_code"": ""USED_SALE_PRICE_CHANGE_DATE"", ""category_id"": ""109003"", ""filter_name"": ""코듀로이"", ""filter_type"": ""material"", ""filter_label"": ""주요소재"", ""filter_value"": ""g_material^BpPKYb8ezDnJ"", ""category_name"": ""바지"", ""filter_parameter"": ""attributeMaterial"", ""observation_type"": ""FILTER""}",,2026-09-21 07:49:00+00:00,2026-09-18 03:28:17.260492+00:00,2026-09-18 03:28:17.260537+00:00
486,musinsa_used,무신사 USED,musinsa_used [FILTER>주요소재>비스코스>바지],RANKING,LIVE,True,10080,5,https://api.musinsa.com/api2/dp/v2/plp/goods?gf=A&attributeMaterial=g_material%5ErF0fdUiCzjZ1&sortCode=USED_SALE_PRICE_CHANGE_DATE&category=109003&size=30&testGroup=&ampGroup=&caller=CATEGORY&page=1&seen=0&seenAds=,"{""live"": true, ""limit"": 100, ""gender"": ""A"", ""page_size"": 100, ""sort_code"": ""USED_SALE_PRICE_CHANGE_DATE"", ""category_id"": ""109003"", ""filter_name"": ""비스코스"", ""filter_type"": ""material"", ""filter_label"": ""주요소재"", ""filter_value"": ""g_material^rF0fdUiCzjZ1"", ""category_name"": ""바지"", ""filter_parameter"": ""attributeMaterial"", ""observation_type"": ""FILTER""}",,2026-09-22 07:49:00+00:00,2026-09-18 03:28:17.368474+00:00,2026-09-18 03:28:17.368484+00:00
487,musinsa_used,무신사 USED,musinsa_used [FILTER>주요소재>기모>바지],RANKING,LIVE,True,10080,5,https://api.musinsa.com/api2/dp/v2/plp/goods?gf=A&attributeMaterial=g_material%5EfZms24b7AKtm&sortCode=USED_SALE_PRICE_CHANGE_DATE&category=109003&size=30&testGroup=&ampGroup=&caller=CATEGORY&page=1&seen=0&seenAds=,"{""live"": true, ""limit"": 100, ""gender"": ""A"", ""page_size"": 100, ""sort_code"": ""USED_SALE_PRICE_CHANGE_DATE"", ""category_id"": ""109003"", ""filter_name"": ""기모"", ""filter_type"": ""material"", ""filter_label"": ""주요소재"", ""filter_value"": ""g_material^fZms24b7AKtm"", ""category_name"": ""바지"", ""filter_parameter"": ""attributeMaterial"", ""observation_type"": ""FILTER""}",,2026-09-23 07:49:00+00:00,2026-09-18 03:28:17.475770+00:00,2026-09-18 03:28:17.475799+00:00
488,musinsa_used,무신사 USED,musinsa_used [FILTER>주요소재>텐셀>바지],RANKING,LIVE,True,10080,5,https://api.musinsa.com/api2/dp/v2/plp/goods?gf=A&attributeMaterial=g_material%5E3dcnel4UxlHI&sortCode=USED_SALE_PRICE_CHANGE_DATE&category=109003&size=30&testGroup=&ampGroup=&caller=CATEGORY&page=1&seen=0&seenAds=,"{""live"": true, ""limit"": 100, ""gender"": ""A"", ""page_size"": 100, ""sort_code"": ""USED_SALE_PRICE_CHANGE_DATE"", ""category_id"": ""109003"", ""filter_name"": ""텐셀"", ""filter_type"": ""material"", ""filter_label"": ""주요소재"", ""filter_value"": ""g_material^3dcnel4UxlHI"", ""category_name"": ""바지"", ""filter_parameter"": ""attributeMaterial"", ""observation_type"": ""FILTER""}",,2026-09-24 07:49:00+00:00,2026-09-18 03:28:17.575305+00:00,2026-09-18 03:28:17.575318+00:00
489,musinsa_used,무신사 USED,musinsa_used [FILTER>주요소재>캐시미어>바지],RANKING,LIVE,True,10080,5,https://api.musinsa.com/api2/dp/v2/plp/goods?gf=A&attributeMaterial=g_material%5EgX22wnplycyJ&sortCode=USED_SALE_PRICE_CHANGE_DATE&category=109003&size=30&testGroup=&ampGroup=&caller=CATEGORY&page=1&seen=0&seenAds=,"{""live"": true, ""limit"": 100, ""gender"": ""A"", ""page_size"": 100, ""sort_code"": ""USED_SALE_PRICE_CHANGE_DATE"", ""category_id"": ""109003"", ""filter_name"": ""캐시미어"", ""filter_type"": ""material"", ""filter_label"": ""주요소재"", ""filter_value"": ""g_material^gX22wnplycyJ"", ""category_name"": ""바지"", ""filter_parameter"": ""attributeMaterial"", ""observation_type"": ""FILTER""}",,2026-09-25 07:49:00+00:00,2026-09-18 03:28:17.692072+00:00,2026-09-18 03:28:17.692092+00:00
490,musinsa_used,무신사 USED,musinsa_used [FILTER>주요소재>벨벳>바지],RANKING,LIVE,True,10080,5,https://api.musinsa.com/api2/dp/v2/plp/goods?gf=A&attributeMaterial=g_material%5EfsNtLWEuXrz2&sortCode=USED_SALE_PRICE_CHANGE_DATE&category=109003&size=30&testGroup=&ampGroup=&caller=CATEGORY&page=1&seen=0&seenAds=,"{""live"": true, ""limit"": 100, ""gender"": ""A"", ""page_size"": 100, ""sort_code"": ""USED_SALE_PRICE_CHANGE_DATE"", ""category_id"": ""109003"", ""filter_name"": ""벨벳"", ""filter_type"": ""material"", ""filter_label"": ""주요소재"", ""filter_value"": ""g_material^fsNtLWEuXrz2"", ""category_name"": ""바지"", ""filter_parameter"": ""attributeMaterial"", ""observation_type"": ""FILTER""}",2026-09-19 08:35:23.190716+00:00,2026-09-26 08:35:23.190716+00:00,2026-09-18 03:28:17.792631+00:00,2026-09-18 03:28:17.792638+00:00
491,musinsa_used,무신사 USED,musinsa_used [FILTER>핏>루즈>바지],RANKING,LIVE,True,10080,5,https://api.musinsa.com/api2/dp/v2/plp/goods?gf=A&attributeFit=g_fit%5Ete6GKdtkpJnl&sortCode=USED_SALE_PRICE_CHANGE_DATE&category=109003&size=30&testGroup=&ampGroup=&caller=CATEGORY&page=1&seen=0&seenAds=,"{""live"": true, ""limit"": 100, ""gender"": ""A"", ""page_size"": 100, ""sort_code"": ""USED_SALE_PRICE_CHANGE_DATE"", ""category_id"": ""109003"", ""filter_name"": ""루즈"", ""filter_type"": ""fit"", ""filter_label"": ""핏"", ""filter_value"": ""g_fit^te6GKdtkpJnl"", ""category_name"": ""바지"", ""filter_parameter"": ""attributeFit"", ""observation_type"": ""FILTER""}",,2026-09-20 08:00:00+00:00,2026-09-18 03:28:18.527399+00:00,2026-09-18 03:28:18.527407+00:00
492,musinsa_used,무신사 USED,musinsa_used [FILTER>컬러>블랙>원피스/스커트],RANKING,LIVE,True,1440,5,https://api.musinsa.com/api2/dp/v2/plp/goods?gf=A&color=BLACK&sortCode=USED_SALE_PRICE_CHANGE_DATE&category=109004&size=30&testGroup=&ampGroup=&caller=CATEGORY&page=1&seen=0&seenAds=,"{""live"": true, ""limit"": 100, ""gender"": ""A"", ""page_size"": 30, ""sort_code"": ""USED_SALE_PRICE_CHANGE_DATE"", ""category_id"": ""109004"", ""filter_name"": ""블랙"", ""filter_type"": ""color"", ""filter_label"": ""컬러"", ""filter_value"": ""BLACK"", ""category_name"": ""원피스/스커트"", ""filter_parameter"": ""color"", ""observation_type"": ""FILTER""}",2026-09-18 04:56:41.694364+00:00,2026-09-19 04:56:41.694364+00:00,2026-09-18 03:28:19.109142+00:00,2026-09-18 03:44:04.967058+00:00
493,musinsa_used,무신사 USED,musinsa_used [FILTER>컬러>다크 그레이>원피스/스커트],RANKING,LIVE,True,1440,5,https://api.musinsa.com/api2/dp/v2/plp/goods?gf=A&color=DARKGREY&sortCode=USED_SALE_PRICE_CHANGE_DATE&category=109004&size=30&testGroup=&ampGroup=&caller=CATEGORY&page=1&seen=0&seenAds=,"{""live"": true, ""limit"": 100, ""gender"": ""A"", ""page_size"": 30, ""sort_code"": ""USED_SALE_PRICE_CHANGE_DATE"", ""category_id"": ""109004"", ""filter_name"": ""다크 그레이"", ""filter_type"": ""color"", ""filter_label"": ""컬러"", ""filter_value"": ""DARKGREY"", ""category_name"": ""원피스/스커트"", ""filter_parameter"": ""color"", ""observation_type"": ""FILTER""}",2026-09-18 04:57:12.720362+00:00,2026-09-19 04:57:12.720362+00:00,2026-09-18 03:28:19.236203+00:00,2026-09-18 03:44:05.046347+00:00
494,musinsa_used,무신사 USED,musinsa_used [FILTER>컬러>다크 네이비>원피스/스커트],RANKING,LIVE,True,1440,5,https://api.musinsa.com/api2/dp/v2/plp/goods?gf=A&color=DARKNAVY&sortCode=USED_SALE_PRICE_CHANGE_DATE&category=109004&size=30&testGroup=&ampGroup=&caller=CATEGORY&page=1&seen=0&seenAds=,"{""live"": true, ""limit"": 100, ""gender"": ""A"", ""page_size"": 30, ""sort_code"": ""USED_SALE_PRICE_CHANGE_DATE"", ""category_id"": ""109004"", ""filter_name"": ""다크 네이비"", ""filter_type"": ""color"", ""filter_label"": ""컬러"", ""filter_value"": ""DARKNAVY"", ""category_name"": ""원피스/스커트"", ""filter_parameter"": ""color"", ""observation_type"": ""FILTER""}",2026-09-18 04:57:40.944306+00:00,2026-09-19 04:57:40.944306+00:00,2026-09-18 03:28:19.338907+00:00,2026-09-18 03:44:05.114428+00:00
495,musinsa_used,무신사 USED,musinsa_used [FILTER>컬러>아이보리>원피스/스커트],RANKING,LIVE,True,1440,5,https://api.musinsa.com/api2/dp/v2/plp/goods?gf=A&color=IVORY&sortCode=USED_SALE_PRICE_CHANGE_DATE&category=109004&size=30&testGroup=&ampGroup=&caller=CATEGORY&page=1&seen=0&seenAds=,"{""live"": true, ""limit"": 100, ""gender"": ""A"", ""page_size"": 30, ""sort_code"": ""USED_SALE_PRICE_CHANGE_DATE"", ""category_id"": ""109004"", ""filter_name"": ""아이보리"", ""filter_type"": ""color"", ""filter_label"": ""컬러"", ""filter_value"": ""IVORY"", ""category_name"": ""원피스/스커트"", ""filter_parameter"": ""color"", ""observation_type"": ""FILTER""}",2026-09-18 04:58:11.092256+00:00,2026-09-19 04:58:11.092256+00:00,2026-09-18 03:28:19.449998+00:00,2026-09-18 03:44:05.207412+00:00
496,musinsa_used,무신사 USED,musinsa_used [FILTER>컬러>베이지>원피스/스커트],RANKING,LIVE,True,1440,5,https://api.musinsa.com/api2/dp/v2/plp/goods?gf=A&color=BEIGE&sortCode=USED_SALE_PRICE_CHANGE_DATE&category=109004&size=30&testGroup=&ampGroup=&caller=CATEGORY&page=1&seen=0&seenAds=,"{""live"": true, ""limit"": 100, ""gender"": ""A"", ""page_size"": 30, ""sort_code"": ""USED_SALE_PRICE_CHANGE_DATE"", ""category_id"": ""109004"", ""filter_name"": ""베이지"", ""filter_type"": ""color"", ""filter_label"": ""컬러"", ""filter_value"": ""BEIGE"", ""category_name"": ""원피스/스커트"", ""filter_parameter"": ""color"", ""observation_type"": ""FILTER""}",2026-09-18 04:58:40.658869+00:00,2026-09-19 04:58:40.658869+00:00,2026-09-18 03:28:19.570677+00:00,2026-09-18 03:44:05.283255+00:00
497,musinsa_used,무신사 USED,musinsa_used [FILTER>컬러>다크 브라운>원피스/스커트],RANKING,LIVE,True,1440,5,https://api.musinsa.com/api2/dp/v2/plp/goods?gf=A&color=DARKBROWN&sortCode=USED_SALE_PRICE_CHANGE_DATE&category=109004&size=30&testGroup=&ampGroup=&caller=CATEGORY&page=1&seen=0&seenAds=,"{""live"": true, ""limit"": 100, ""gender"": ""A"", ""page_size"": 30, ""sort_code"": ""USED_SALE_PRICE_CHANGE_DATE"", ""category_id"": ""109004"", ""filter_name"": ""다크 브라운"", ""filter_type"": ""color"", ""filter_label"": ""컬러"", ""filter_value"": ""DARKBROWN"", ""category_name"": ""원피스/스커트"", ""filter_parameter"": ""color"", ""observation_type"": ""FILTER""}",2026-09-19 08:35:29.673163+00:00,2026-09-20 08:35:29.673163+00:00,2026-09-18 03:28:19.695183+00:00,2026-09-18 03:44:05.360031+00:00
498,musinsa_used,무신사 USED,musinsa_used [FILTER>컬러>스카이 블루>원피스/스커트],RANKING,LIVE,True,1440,5,https://api.musinsa.com/api2/dp/v2/plp/goods?gf=A&color=SKYBLUE&sortCode=USED_SALE_PRICE_CHANGE_DATE&category=109004&size=30&testGroup=&ampGroup=&caller=CATEGORY&page=1&seen=0&seenAds=,"{""live"": true, ""limit"": 100, ""gender"": ""A"", ""page_size"": 30, ""sort_code"": ""USED_SALE_PRICE_CHANGE_DATE"", ""category_id"": ""109004"", ""filter_name"": ""스카이 블루"", ""filter_type"": ""color"", ""filter_label"": ""컬러"", ""filter_value"": ""SKYBLUE"", ""category_name"": ""원피스/스커트"", ""filter_parameter"": ""color"", ""observation_type"": ""FILTER""}",2026-09-18 04:59:38.618521+00:00,2026-09-19 04:59:38.618521+00:00,2026-09-18 03:28:19.807388+00:00,2026-09-18 03:44:05.452508+00:00
499,musinsa_used,무신사 USED,musinsa_used [FILTER>컬러>그레이>원피스/스커트],RANKING,LIVE,True,1440,5,https://api.musinsa.com/api2/dp/v2/plp/goods?gf=A&color=GRAY&sortCode=USED_SALE_PRICE_CHANGE_DATE&category=109004&size=30&testGroup=&ampGroup=&caller=CATEGORY&page=1&seen=0&seenAds=,"{""live"": true, ""limit"": 100, ""gender"": ""A"", ""page_size"": 30, ""sort_code"": ""USED_SALE_PRICE_CHANGE_DATE"", ""category_id"": ""109004"", ""filter_name"": ""그레이"", ""filter_type"": ""color"", ""filter_label"": ""컬러"", ""filter_value"": ""GRAY"", ""category_name"": ""원피스/스커트"", ""filter_parameter"": ""color"", ""observation_type"": ""FILTER""}",2026-09-18 05:00:09.912772+00:00,2026-09-19 05:00:09.912772+00:00,2026-09-18 03:28:19.919822+00:00,2026-09-18 03:44:05.526047+00:00
500,musinsa_used,무신사 USED,musinsa_used [FILTER>컬러>화이트>원피스/스커트],RANKING,LIVE,True,1440,5,https://api.musinsa.com/api2/dp/v2/plp/goods?gf=A&color=WHITE&sortCode=USED_SALE_PRICE_CHANGE_DATE&category=109004&size=30&testGroup=&ampGroup=&caller=CATEGORY&page=1&seen=0&seenAds=,"{""live"": true, ""limit"": 100, ""gender"": ""A"", ""page_size"": 30, ""sort_code"": ""USED_SALE_PRICE_CHANGE_DATE"", ""category_id"": ""109004"", ""filter_name"": ""화이트"", ""filter_type"": ""color"", ""filter_label"": ""컬러"", ""filter_value"": ""WHITE"", ""category_name"": ""원피스/스커트"", ""filter_parameter"": ""color"", ""observation_type"": ""FILTER""}",2026-09-18 05:00:39.448843+00:00,2026-09-19 05:00:39.448843+00:00,2026-09-18 03:28:20.036733+00:00,2026-09-18 03:44:05.594835+00:00
501,musinsa_used,무신사 USED,musinsa_used [FILTER>컬러>카멜>원피스/스커트],RANKING,LIVE,True,1440,5,https://api.musinsa.com/api2/dp/v2/plp/goods?gf=A&color=CAMEL&sortCode=USED_SALE_PRICE_CHANGE_DATE&category=109004&size=30&testGroup=&ampGroup=&caller=CATEGORY&page=1&seen=0&seenAds=,"{""live"": true, ""limit"": 100, ""gender"": ""A"", ""page_size"": 30, ""sort_code"": ""USED_SALE_PRICE_CHANGE_DATE"", ""category_id"": ""109004"", ""filter_name"": ""카멜"", ""filter_type"": ""color"", ""filter_label"": ""컬러"", ""filter_value"": ""CAMEL"", ""category_name"": ""원피스/스커트"", ""filter_parameter"": ""color"", ""observation_type"": ""FILTER""}",2026-09-18 05:01:08.914766+00:00,2026-09-19 05:01:08.914766+00:00,2026-09-18 03:28:20.155444+00:00,2026-09-18 03:44:05.663454+00:00
502,musinsa_used,무신사 USED,musinsa_used [FILTER>컬러>다크 블루>원피스/스커트],RANKING,LIVE,True,1440,5,https://api.musinsa.com/api2/dp/v2/plp/goods?gf=A&color=DARKBLUE&sortCode=USED_SALE_PRICE_CHANGE_DATE&category=109004&size=30&testGroup=&ampGroup=&caller=CATEGORY&page=1&seen=0&seenAds=,"{""live"": true, ""limit"": 100, ""gender"": ""A"", ""page_size"": 30, ""sort_code"": ""USED_SALE_PRICE_CHANGE_DATE"", ""category_id"": ""109004"", ""filter_name"": ""다크 블루"", ""filter_type"": ""color"", ""filter_label"": ""컬러"", ""filter_value"": ""DARKBLUE"", ""category_name"": ""원피스/스커트"", ""filter_parameter"": ""color"", ""observation_type"": ""FILTER""}",2026-09-18 05:01:37.230045+00:00,2026-09-19 05:01:37.230045+00:00,2026-09-18 03:28:20.295059+00:00,2026-09-18 03:44:05.742491+00:00
503,musinsa_used,무신사 USED,musinsa_used [FILTER>컬러>라이트 그레이>원피스/스커트],RANKING,LIVE,True,1440,5,https://api.musinsa.com/api2/dp/v2/plp/goods?gf=A&color=LIGHTGREY&sortCode=USED_SALE_PRICE_CHANGE_DATE&category=109004&size=30&testGroup=&ampGroup=&caller=CATEGORY&page=1&seen=0&seenAds=,"{""live"": true, ""limit"": 100, ""gender"": ""A"", ""page_size"": 30, ""sort_code"": ""USED_SALE_PRICE_CHANGE_DATE"", ""category_id"": ""109004"", ""filter_name"": ""라이트 그레이"", ""filter_type"": ""color"", ""filter_label"": ""컬러"", ""filter_value"": ""LIGHTGREY"", ""category_name"": ""원피스/스커트"", ""filter_parameter"": ""color"", ""observation_type"": ""FILTER""}",2026-09-18 05:02:06.000443+00:00,2026-09-19 05:02:06.000443+00:00,2026-09-18 03:28:20.395567+00:00,2026-09-18 03:44:05.831666+00:00
504,musinsa_used,무신사 USED,musinsa_used [FILTER>컬러>레드>원피스/스커트],RANKING,LIVE,True,1440,5,https://api.musinsa.com/api2/dp/v2/plp/goods?gf=A&color=RED&sortCode=USED_SALE_PRICE_CHANGE_DATE&category=109004&size=30&testGroup=&ampGroup=&caller=CATEGORY&page=1&seen=0&seenAds=,"{""live"": true, ""limit"": 100, ""gender"": ""A"", ""page_size"": 30, ""sort_code"": ""USED_SALE_PRICE_CHANGE_DATE"", ""category_id"": ""109004"", ""filter_name"": ""레드"", ""filter_type"": ""color"", ""filter_label"": ""컬러"", ""filter_value"": ""RED"", ""category_name"": ""원피스/스커트"", ""filter_parameter"": ""color"", ""observation_type"": ""FILTER""}",2026-09-19 08:35:32.545953+00:00,2026-09-20 08:35:32.545953+00:00,2026-09-18 03:28:20.497822+00:00,2026-09-18 03:44:05.900241+00:00
505,musinsa_used,무신사 USED,musinsa_used [FILTER>컬러>브릭>원피스/스커트],RANKING,LIVE,True,1440,5,https://api.musinsa.com/api2/dp/v2/plp/goods?gf=A&color=BRICK&sortCode=USED_SALE_PRICE_CHANGE_DATE&category=109004&size=30&testGroup=&ampGroup=&caller=CATEGORY&page=1&seen=0&seenAds=,"{""live"": true, ""limit"": 100, ""gender"": ""A"", ""page_size"": 30, ""sort_code"": ""USED_SALE_PRICE_CHANGE_DATE"", ""category_id"": ""109004"", ""filter_name"": ""브릭"", ""filter_type"": ""color"", ""filter_label"": ""컬러"", ""filter_value"": ""BRICK"", ""category_name"": ""원피스/스커트"", ""filter_parameter"": ""color"", ""observation_type"": ""FILTER""}",2026-09-18 05:03:03.145267+00:00,2026-09-19 05:03:03.145267+00:00,2026-09-18 03:28:20.592050+00:00,2026-09-18 03:44:05.978063+00:00
506,musinsa_used,무신사 USED,musinsa_used [FILTER>컬러>네이비>원피스/스커트],RANKING,LIVE,True,1440,5,https://api.musinsa.com/api2/dp/v2/plp/goods?gf=A&color=NAVY&sortCode=USED_SALE_PRICE_CHANGE_DATE&category=109004&size=30&testGroup=&ampGroup=&caller=CATEGORY&page=1&seen=0&seenAds=,"{""live"": true, ""limit"": 100, ""gender"": ""A"", ""page_size"": 30, ""sort_code"": ""USED_SALE_PRICE_CHANGE_DATE"", ""category_id"": ""109004"", ""filter_name"": ""네이비"", ""filter_type"": ""color"", ""filter_label"": ""컬러"", ""filter_value"": ""NAVY"", ""category_name"": ""원피스/스커트"", ""filter_parameter"": ""color"", ""observation_type"": ""FILTER""}",2026-09-18 05:03:30.973045+00:00,2026-09-19 05:03:30.973045+00:00,2026-09-18 03:28:20.696588+00:00,2026-09-18 03:44:06.051672+00:00
507,musinsa_used,무신사 USED,musinsa_used [FILTER>컬러>다크 베이지>원피스/스커트],RANKING,LIVE,True,1440,5,https://api.musinsa.com/api2/dp/v2/plp/goods?gf=A&color=DARKBEIGE&sortCode=USED_SALE_PRICE_CHANGE_DATE&category=109004&size=30&testGroup=&ampGroup=&caller=CATEGORY&page=1&seen=0&seenAds=,"{""live"": true, ""limit"": 100, ""gender"": ""A"", ""page_size"": 30, ""sort_code"": ""USED_SALE_PRICE_CHANGE_DATE"", ""category_id"": ""109004"", ""filter_name"": ""다크 베이지"", ""filter_type"": ""color"", ""filter_label"": ""컬러"", ""filter_value"": ""DARKBEIGE"", ""category_name"": ""원피스/스커트"", ""filter_parameter"": ""color"", ""observation_type"": ""FILTER""}",2026-09-18 05:04:00.329714+00:00,2026-09-19 05:04:00.329714+00:00,2026-09-18 03:28:20.792186+00:00,2026-09-18 03:44:06.125620+00:00
508,musinsa_used,무신사 USED,musinsa_used [FILTER>컬러>라이트 핑크>원피스/스커트],RANKING,LIVE,True,1440,5,https://api.musinsa.com/api2/dp/v2/plp/goods?gf=A&color=LIGHTPINK&sortCode=USED_SALE_PRICE_CHANGE_DATE&category=109004&size=30&testGroup=&ampGroup=&caller=CATEGORY&page=1&seen=0&seenAds=,"{""live"": true, ""limit"": 100, ""gender"": ""A"", ""page_size"": 30, ""sort_code"": ""USED_SALE_PRICE_CHANGE_DATE"", ""category_id"": ""109004"", ""filter_name"": ""라이트 핑크"", ""filter_type"": ""color"", ""filter_label"": ""컬러"", ""filter_value"": ""LIGHTPINK"", ""category_name"": ""원피스/스커트"", ""filter_parameter"": ""color"", ""observation_type"": ""FILTER""}",2026-09-18 05:04:27.893982+00:00,2026-09-19 05:04:27.893982+00:00,2026-09-18 03:28:20.895340+00:00,2026-09-18 03:44:06.191631+00:00
509,musinsa_used,무신사 USED,musinsa_used [FILTER>컬러>다크 오렌지>원피스/스커트],RANKING,LIVE,True,1440,5,https://api.musinsa.com/api2/dp/v2/plp/goods?gf=A&color=DARKORANGE&sortCode=USED_SALE_PRICE_CHANGE_DATE&category=109004&size=30&testGroup=&ampGroup=&caller=CATEGORY&page=1&seen=0&seenAds=,"{""live"": true, ""limit"": 100, ""gender"": ""A"", ""page_size"": 30, ""sort_code"": ""USED_SALE_PRICE_CHANGE_DATE"", ""category_id"": ""109004"", ""filter_name"": ""다크 오렌지"", ""filter_type"": ""color"", ""filter_label"": ""컬러"", ""filter_value"": ""DARKORANGE"", ""category_name"": ""원피스/스커트"", ""filter_parameter"": ""color"", ""observation_type"": ""FILTER""}",2026-09-18 05:04:55.563562+00:00,2026-09-19 05:04:55.563562+00:00,2026-09-18 03:28:20.998588+00:00,2026-09-18 03:44:06.274854+00:00
510,musinsa_used,무신사 USED,musinsa_used [FILTER>컬러>라이트 브라운>원피스/스커트],RANKING,LIVE,True,1440,5,https://api.musinsa.com/api2/dp/v2/plp/goods?gf=A&color=LIGHTBROWN&sortCode=USED_SALE_PRICE_CHANGE_DATE&category=109004&size=30&testGroup=&ampGroup=&caller=CATEGORY&page=1&seen=0&seenAds=,"{""live"": true, ""limit"": 100, ""gender"": ""A"", ""page_size"": 30, ""sort_code"": ""USED_SALE_PRICE_CHANGE_DATE"", ""category_id"": ""109004"", ""filter_name"": ""라이트 브라운"", ""filter_type"": ""color"", ""filter_label"": ""컬러"", ""filter_value"": ""LIGHTBROWN"", ""category_name"": ""원피스/스커트"", ""filter_parameter"": ""color"", ""observation_type"": ""FILTER""}",2026-09-18 05:05:34.490063+00:00,2026-09-19 05:05:34.490063+00:00,2026-09-18 03:28:21.090331+00:00,2026-09-18 03:44:06.349466+00:00
511,musinsa_used,무신사 USED,musinsa_used [FILTER>컬러>다크핑크>원피스/스커트],RANKING,LIVE,True,1440,5,https://api.musinsa.com/api2/dp/v2/plp/goods?gf=A&color=DARKPINK&sortCode=USED_SALE_PRICE_CHANGE_DATE&category=109004&size=30&testGroup=&ampGroup=&caller=CATEGORY&page=1&seen=0&seenAds=,"{""live"": true, ""limit"": 100, ""gender"": ""A"", ""page_size"": 30, ""sort_code"": ""USED_SALE_PRICE_CHANGE_DATE"", ""category_id"": ""109004"", ""filter_name"": ""다크핑크"", ""filter_type"": ""color"", ""filter_label"": ""컬러"", ""filter_value"": ""DARKPINK"", ""category_name"": ""원피스/스커트"", ""filter_parameter"": ""color"", ""observation_type"": ""FILTER""}",2026-09-19 08:35:36.659298+00:00,2026-09-20 08:35:36.659298+00:00,2026-09-18 03:28:21.189867+00:00,2026-09-18 03:44:06.419218+00:00
512,musinsa_used,무신사 USED,musinsa_used [FILTER>컬러>피치>원피스/스커트],RANKING,LIVE,True,1440,5,https://api.musinsa.com/api2/dp/v2/plp/goods?gf=A&color=PEACH&sortCode=USED_SALE_PRICE_CHANGE_DATE&category=109004&size=30&testGroup=&ampGroup=&caller=CATEGORY&page=1&seen=0&seenAds=,"{""live"": true, ""limit"": 100, ""gender"": ""A"", ""page_size"": 30, ""sort_code"": ""USED_SALE_PRICE_CHANGE_DATE"", ""category_id"": ""109004"", ""filter_name"": ""피치"", ""filter_type"": ""color"", ""filter_label"": ""컬러"", ""filter_value"": ""PEACH"", ""category_name"": ""원피스/스커트"", ""filter_parameter"": ""color"", ""observation_type"": ""FILTER""}",2026-09-18 05:06:33.275458+00:00,2026-09-19 05:06:33.275458+00:00,2026-09-18 03:28:21.292527+00:00,2026-09-18 03:44:06.483115+00:00
513,musinsa_used,무신사 USED,musinsa_used [FILTER>컬러>퍼플>원피스/스커트],RANKING,LIVE,True,1440,5,https://api.musinsa.com/api2/dp/v2/plp/goods?gf=A&color=PURPLE&sortCode=USED_SALE_PRICE_CHANGE_DATE&category=109004&size=30&testGroup=&ampGroup=&caller=CATEGORY&page=1&seen=0&seenAds=,"{""live"": true, ""limit"": 100, ""gender"": ""A"", ""page_size"": 30, ""sort_code"": ""USED_SALE_PRICE_CHANGE_DATE"", ""category_id"": ""109004"", ""filter_name"": ""퍼플"", ""filter_type"": ""color"", ""filter_label"": ""컬러"", ""filter_value"": ""PURPLE"", ""category_name"": ""원피스/스커트"", ""filter_parameter"": ""color"", ""observation_type"": ""FILTER""}",2026-09-18 05:07:11.284120+00:00,2026-09-19 05:07:11.284120+00:00,2026-09-18 03:28:21.391194+00:00,2026-09-18 03:44:06.560086+00:00
514,musinsa_used,무신사 USED,musinsa_used [FILTER>컬러>블루>원피스/스커트],RANKING,LIVE,True,1440,5,https://api.musinsa.com/api2/dp/v2/plp/goods?gf=A&color=BLUE&sortCode=USED_SALE_PRICE_CHANGE_DATE&category=109004&size=30&testGroup=&ampGroup=&caller=CATEGORY&page=1&seen=0&seenAds=,"{""live"": true, ""limit"": 100, ""gender"": ""A"", ""page_size"": 30, ""sort_code"": ""USED_SALE_PRICE_CHANGE_DATE"", ""category_id"": ""109004"", ""filter_name"": ""블루"", ""filter_type"": ""color"", ""filter_label"": ""컬러"", ""filter_value"": ""BLUE"", ""category_name"": ""원피스/스커트"", ""filter_parameter"": ""color"", ""observation_type"": ""FILTER""}",2026-09-18 05:07:40.362220+00:00,2026-09-19 05:07:40.362220+00:00,2026-09-18 03:28:21.485726+00:00,2026-09-18 03:44:06.626524+00:00
515,musinsa_used,무신사 USED,musinsa_used [FILTER>컬러>라벤더>원피스/스커트],RANKING,LIVE,True,1440,5,https://api.musinsa.com/api2/dp/v2/plp/goods?gf=A&color=LAVENDER&sortCode=USED_SALE_PRICE_CHANGE_DATE&category=109004&size=30&testGroup=&ampGroup=&caller=CATEGORY&page=1&seen=0&seenAds=,"{""live"": true, ""limit"": 100, ""gender"": ""A"", ""page_size"": 30, ""sort_code"": ""USED_SALE_PRICE_CHANGE_DATE"", ""category_id"": ""109004"", ""filter_name"": ""라벤더"", ""filter_type"": ""color"", ""filter_label"": ""컬러"", ""filter_value"": ""LAVENDER"", ""category_name"": ""원피스/스커트"", ""filter_parameter"": ""color"", ""observation_type"": ""FILTER""}",2026-09-18 05:08:08.839834+00:00,2026-09-19 05:08:08.839834+00:00,2026-09-18 03:28:21.591161+00:00,2026-09-18 03:44:06.699668+00:00
516,musinsa_used,무신사 USED,musinsa_used [FILTER>컬러>카키>원피스/스커트],RANKING,LIVE,True,1440,5,https://api.musinsa.com/api2/dp/v2/plp/goods?gf=A&color=KHAKI&sortCode=USED_SALE_PRICE_CHANGE_DATE&category=109004&size=30&testGroup=&ampGroup=&caller=CATEGORY&page=1&seen=0&seenAds=,"{""live"": true, ""limit"": 100, ""gender"": ""A"", ""page_size"": 30, ""sort_code"": ""USED_SALE_PRICE_CHANGE_DATE"", ""category_id"": ""109004"", ""filter_name"": ""카키"", ""filter_type"": ""color"", ""filter_label"": ""컬러"", ""filter_value"": ""KHAKI"", ""category_name"": ""원피스/스커트"", ""filter_parameter"": ""color"", ""observation_type"": ""FILTER""}",2026-09-18 05:08:47.663465+00:00,2026-09-19 05:08:47.663465+00:00,2026-09-18 03:28:21.705034+00:00,2026-09-18 03:44:06.777185+00:00
517,musinsa_used,무신사 USED,musinsa_used [FILTER>컬러>오트밀>원피스/스커트],RANKING,LIVE,True,1440,5,https://api.musinsa.com/api2/dp/v2/plp/goods?gf=A&color=OATMEAL&sortCode=USED_SALE_PRICE_CHANGE_DATE&category=109004&size=30&testGroup=&ampGroup=&caller=CATEGORY&page=1&seen=0&seenAds=,"{""live"": true, ""limit"": 100, ""gender"": ""A"", ""page_size"": 30, ""sort_code"": ""USED_SALE_PRICE_CHANGE_DATE"", ""category_id"": ""109004"", ""filter_name"": ""오트밀"", ""filter_type"": ""color"", ""filter_label"": ""컬러"", ""filter_value"": ""OATMEAL"", ""category_name"": ""원피스/스커트"", ""filter_parameter"": ""color"", ""observation_type"": ""FILTER""}",2026-09-18 05:09:27.021115+00:00,2026-09-19 05:09:27.021115+00:00,2026-09-18 03:28:21.814592+00:00,2026-09-18 03:44:06.849680+00:00
518,musinsa_used,무신사 USED,musinsa_used [FILTER>컬러>브라운>원피스/스커트],RANKING,LIVE,True,1440,5,https://api.musinsa.com/api2/dp/v2/plp/goods?gf=A&color=BROWN&sortCode=USED_SALE_PRICE_CHANGE_DATE&category=109004&size=30&testGroup=&ampGroup=&caller=CATEGORY&page=1&seen=0&seenAds=,"{""live"": true, ""limit"": 100, ""gender"": ""A"", ""page_size"": 30, ""sort_code"": ""USED_SALE_PRICE_CHANGE_DATE"", ""category_id"": ""109004"", ""filter_name"": ""브라운"", ""filter_type"": ""color"", ""filter_label"": ""컬러"", ""filter_value"": ""BROWN"", ""category_name"": ""원피스/스커트"", ""filter_parameter"": ""color"", ""observation_type"": ""FILTER""}",2026-09-19 08:35:39.991495+00:00,2026-09-20 08:35:39.991495+00:00,2026-09-18 03:28:21.922494+00:00,2026-09-18 03:44:06.914631+00:00
519,musinsa_used,무신사 USED,musinsa_used [FILTER>컬러>다크 그린>원피스/스커트],RANKING,LIVE,True,1440,5,https://api.musinsa.com/api2/dp/v2/plp/goods?gf=A&color=DARKGREEN&sortCode=USED_SALE_PRICE_CHANGE_DATE&category=109004&size=30&testGroup=&ampGroup=&caller=CATEGORY&page=1&seen=0&seenAds=,"{""live"": true, ""limit"": 100, ""gender"": ""A"", ""page_size"": 30, ""sort_code"": ""USED_SALE_PRICE_CHANGE_DATE"", ""category_id"": ""109004"", ""filter_name"": ""다크 그린"", ""filter_type"": ""color"", ""filter_label"": ""컬러"", ""filter_value"": ""DARKGREEN"", ""category_name"": ""원피스/스커트"", ""filter_parameter"": ""color"", ""observation_type"": ""FILTER""}",2026-09-18 05:10:44.512630+00:00,2026-09-19 05:10:44.512630+00:00,2026-09-18 03:28:22.027480+00:00,2026-09-18 03:44:06.983394+00:00
520,musinsa_used,무신사 USED,musinsa_used [FILTER>컬러>딥레드>원피스/스커트],RANKING,LIVE,True,1440,5,https://api.musinsa.com/api2/dp/v2/plp/goods?gf=A&color=DEEPRED&sortCode=USED_SALE_PRICE_CHANGE_DATE&category=109004&size=30&testGroup=&ampGroup=&caller=CATEGORY&page=1&seen=0&seenAds=,"{""live"": true, ""limit"": 100, ""gender"": ""A"", ""page_size"": 30, ""sort_code"": ""USED_SALE_PRICE_CHANGE_DATE"", ""category_id"": ""109004"", ""filter_name"": ""딥레드"", ""filter_type"": ""color"", ""filter_label"": ""컬러"", ""filter_value"": ""DEEPRED"", ""category_name"": ""원피스/스커트"", ""filter_parameter"": ""color"", ""observation_type"": ""FILTER""}",2026-09-18 05:11:13.248902+00:00,2026-09-19 05:11:13.248902+00:00,2026-09-18 03:28:22.140558+00:00,2026-09-18 03:44:07.048342+00:00
521,musinsa_used,무신사 USED,musinsa_used [FILTER>컬러>버건디>원피스/스커트],RANKING,LIVE,True,1440,5,https://api.musinsa.com/api2/dp/v2/plp/goods?gf=A&color=BURGUNDY&sortCode=USED_SALE_PRICE_CHANGE_DATE&category=109004&size=30&testGroup=&ampGroup=&caller=CATEGORY&page=1&seen=0&seenAds=,"{""live"": true, ""limit"": 100, ""gender"": ""A"", ""page_size"": 30, ""sort_code"": ""USED_SALE_PRICE_CHANGE_DATE"", ""category_id"": ""109004"", ""filter_name"": ""버건디"", ""filter_type"": ""color"", ""filter_label"": ""컬러"", ""filter_value"": ""BURGUNDY"", ""category_name"": ""원피스/스커트"", ""filter_parameter"": ""color"", ""observation_type"": ""FILTER""}",2026-09-18 05:11:42.108508+00:00,2026-09-19 05:11:42.108508+00:00,2026-09-18 03:28:22.256582+00:00,2026-09-18 03:44:07.111999+00:00
522,musinsa_used,무신사 USED,musinsa_used [FILTER>컬러>머스타드>원피스/스커트],RANKING,LIVE,True,1440,5,https://api.musinsa.com/api2/dp/v2/plp/goods?gf=A&color=MUSTARD&sortCode=USED_SALE_PRICE_CHANGE_DATE&category=109004&size=30&testGroup=&ampGroup=&caller=CATEGORY&page=1&seen=0&seenAds=,"{""live"": true, ""limit"": 100, ""gender"": ""A"", ""page_size"": 30, ""sort_code"": ""USED_SALE_PRICE_CHANGE_DATE"", ""category_id"": ""109004"", ""filter_name"": ""머스타드"", ""filter_type"": ""color"", ""filter_label"": ""컬러"", ""filter_value"": ""MUSTARD"", ""category_name"": ""원피스/스커트"", ""filter_parameter"": ""color"", ""observation_type"": ""FILTER""}",2026-09-18 05:12:13.542479+00:00,2026-09-19 05:12:13.542479+00:00,2026-09-18 03:28:22.362891+00:00,2026-09-18 03:44:07.180821+00:00
523,musinsa_used,무신사 USED,musinsa_used [FILTER>컬러>라이트 옐로우>원피스/스커트],RANKING,LIVE,True,1440,5,https://api.musinsa.com/api2/dp/v2/plp/goods?gf=A&color=LIGHTYELLOW&sortCode=USED_SALE_PRICE_CHANGE_DATE&category=109004&size=30&testGroup=&ampGroup=&caller=CATEGORY&page=1&seen=0&seenAds=,"{""live"": true, ""limit"": 100, ""gender"": ""A"", ""page_size"": 30, ""sort_code"": ""USED_SALE_PRICE_CHANGE_DATE"", ""category_id"": ""109004"", ""filter_name"": ""라이트 옐로우"", ""filter_type"": ""color"", ""filter_label"": ""컬러"", ""filter_value"": ""LIGHTYELLOW"", ""category_name"": ""원피스/스커트"", ""filter_parameter"": ""color"", ""observation_type"": ""FILTER""}",2026-09-18 05:12:43.877925+00:00,2026-09-19 05:12:43.877925+00:00,2026-09-18 03:28:22.480529+00:00,2026-09-18 03:44:07.245609+00:00
524,musinsa_used,무신사 USED,musinsa_used [FILTER>컬러>올리브 그린>원피스/스커트],RANKING,LIVE,True,1440,5,https://api.musinsa.com/api2/dp/v2/plp/goods?gf=A&color=OLIVEGREEN&sortCode=USED_SALE_PRICE_CHANGE_DATE&category=109004&size=30&testGroup=&ampGroup=&caller=CATEGORY&page=1&seen=0&seenAds=,"{""live"": true, ""limit"": 100, ""gender"": ""A"", ""page_size"": 30, ""sort_code"": ""USED_SALE_PRICE_CHANGE_DATE"", ""category_id"": ""109004"", ""filter_name"": ""올리브 그린"", ""filter_type"": ""color"", ""filter_label"": ""컬러"", ""filter_value"": ""OLIVEGREEN"", ""category_name"": ""원피스/스커트"", ""filter_parameter"": ""color"", ""observation_type"": ""FILTER""}",2026-09-18 05:13:14.834638+00:00,2026-09-19 05:13:14.834638+00:00,2026-09-18 03:28:22.581163+00:00,2026-09-18 03:44:07.316241+00:00
525,musinsa_used,무신사 USED,musinsa_used [FILTER>컬러>그린>원피스/스커트],RANKING,LIVE,True,1440,5,https://api.musinsa.com/api2/dp/v2/plp/goods?gf=A&color=GREEN&sortCode=USED_SALE_PRICE_CHANGE_DATE&category=109004&size=30&testGroup=&ampGroup=&caller=CATEGORY&page=1&seen=0&seenAds=,"{""live"": true, ""limit"": 100, ""gender"": ""A"", ""page_size"": 30, ""sort_code"": ""USED_SALE_PRICE_CHANGE_DATE"", ""category_id"": ""109004"", ""filter_name"": ""그린"", ""filter_type"": ""color"", ""filter_label"": ""컬러"", ""filter_value"": ""GREEN"", ""category_name"": ""원피스/스커트"", ""filter_parameter"": ""color"", ""observation_type"": ""FILTER""}",2026-09-19 08:35:43.875441+00:00,2026-09-20 08:35:43.875441+00:00,2026-09-18 03:28:22.687914+00:00,2026-09-18 03:44:07.380638+00:00
526,musinsa_used,무신사 USED,musinsa_used [FILTER>컬러>라이트 그린>원피스/스커트],RANKING,LIVE,True,1440,5,https://api.musinsa.com/api2/dp/v2/plp/goods?gf=A&color=LIGHTGREEN&sortCode=USED_SALE_PRICE_CHANGE_DATE&category=109004&size=30&testGroup=&ampGroup=&caller=CATEGORY&page=1&seen=0&seenAds=,"{""live"": true, ""limit"": 100, ""gender"": ""A"", ""page_size"": 30, ""sort_code"": ""USED_SALE_PRICE_CHANGE_DATE"", ""category_id"": ""109004"", ""filter_name"": ""라이트 그린"", ""filter_type"": ""color"", ""filter_label"": ""컬러"", ""filter_value"": ""LIGHTGREEN"", ""category_name"": ""원피스/스커트"", ""filter_parameter"": ""color"", ""observation_type"": ""FILTER""}",2026-09-18 05:14:15.489852+00:00,2026-09-19 05:14:15.489852+00:00,2026-09-18 03:28:22.802362+00:00,2026-09-18 03:44:07.452141+00:00
527,musinsa_used,무신사 USED,musinsa_used [FILTER>컬러>실버>원피스/스커트],RANKING,LIVE,True,1440,5,https://api.musinsa.com/api2/dp/v2/plp/goods?gf=A&color=SILVER&sortCode=USED_SALE_PRICE_CHANGE_DATE&category=109004&size=30&testGroup=&ampGroup=&caller=CATEGORY&page=1&seen=0&seenAds=,"{""live"": true, ""limit"": 100, ""gender"": ""A"", ""page_size"": 30, ""sort_code"": ""USED_SALE_PRICE_CHANGE_DATE"", ""category_id"": ""109004"", ""filter_name"": ""실버"", ""filter_type"": ""color"", ""filter_label"": ""컬러"", ""filter_value"": ""SILVER"", ""category_name"": ""원피스/스커트"", ""filter_parameter"": ""color"", ""observation_type"": ""FILTER""}",2026-09-18 05:14:44.608086+00:00,2026-09-19 05:14:44.608086+00:00,2026-09-18 03:28:22.928777+00:00,2026-09-18 03:44:07.526033+00:00
528,musinsa_used,무신사 USED,musinsa_used [FILTER>컬러>핑크>원피스/스커트],RANKING,LIVE,True,1440,5,https://api.musinsa.com/api2/dp/v2/plp/goods?gf=A&color=PINK&sortCode=USED_SALE_PRICE_CHANGE_DATE&category=109004&size=30&testGroup=&ampGroup=&caller=CATEGORY&page=1&seen=0&seenAds=,"{""live"": true, ""limit"": 100, ""gender"": ""A"", ""page_size"": 30, ""sort_code"": ""USED_SALE_PRICE_CHANGE_DATE"", ""category_id"": ""109004"", ""filter_name"": ""핑크"", ""filter_type"": ""color"", ""filter_label"": ""컬러"", ""filter_value"": ""PINK"", ""category_name"": ""원피스/스커트"", ""filter_parameter"": ""color"", ""observation_type"": ""FILTER""}",2026-09-18 05:15:11.431045+00:00,2026-09-19 05:15:11.431045+00:00,2026-09-18 03:28:23.030315+00:00,2026-09-18 03:44:07.596118+00:00
529,musinsa_used,무신사 USED,musinsa_used [FILTER>컬러>오렌지>원피스/스커트],RANKING,LIVE,True,1440,5,https://api.musinsa.com/api2/dp/v2/plp/goods?gf=A&color=ORANGE&sortCode=USED_SALE_PRICE_CHANGE_DATE&category=109004&size=30&testGroup=&ampGroup=&caller=CATEGORY&page=1&seen=0&seenAds=,"{""live"": true, ""limit"": 100, ""gender"": ""A"", ""page_size"": 30, ""sort_code"": ""USED_SALE_PRICE_CHANGE_DATE"", ""category_id"": ""109004"", ""filter_name"": ""오렌지"", ""filter_type"": ""color"", ""filter_label"": ""컬러"", ""filter_value"": ""ORANGE"", ""category_name"": ""원피스/스커트"", ""filter_parameter"": ""color"", ""observation_type"": ""FILTER""}",2026-09-18 05:15:41.623665+00:00,2026-09-19 05:15:41.623665+00:00,2026-09-18 03:28:23.155983+00:00,2026-09-18 03:44:07.662339+00:00
530,musinsa_used,무신사 USED,musinsa_used [FILTER>컬러>옐로우>원피스/스커트],RANKING,LIVE,True,1440,5,https://api.musinsa.com/api2/dp/v2/plp/goods?gf=A&color=YELLOW&sortCode=USED_SALE_PRICE_CHANGE_DATE&category=109004&size=30&testGroup=&ampGroup=&caller=CATEGORY&page=1&seen=0&seenAds=,"{""live"": true, ""limit"": 100, ""gender"": ""A"", ""page_size"": 30, ""sort_code"": ""USED_SALE_PRICE_CHANGE_DATE"", ""category_id"": ""109004"", ""filter_name"": ""옐로우"", ""filter_type"": ""color"", ""filter_label"": ""컬러"", ""filter_value"": ""YELLOW"", ""category_name"": ""원피스/스커트"", ""filter_parameter"": ""color"", ""observation_type"": ""FILTER""}",2026-09-18 05:16:07.637320+00:00,2026-09-19 05:16:07.637320+00:00,2026-09-18 03:28:23.258930+00:00,2026-09-18 03:44:07.743608+00:00
531,musinsa_used,무신사 USED,musinsa_used [FILTER>컬러>민트>원피스/스커트],RANKING,LIVE,True,1440,5,https://api.musinsa.com/api2/dp/v2/plp/goods?gf=A&color=MINT&sortCode=USED_SALE_PRICE_CHANGE_DATE&category=109004&size=30&testGroup=&ampGroup=&caller=CATEGORY&page=1&seen=0&seenAds=,"{""live"": true, ""limit"": 100, ""gender"": ""A"", ""page_size"": 30, ""sort_code"": ""USED_SALE_PRICE_CHANGE_DATE"", ""category_id"": ""109004"", ""filter_name"": ""민트"", ""filter_type"": ""color"", ""filter_label"": ""컬러"", ""filter_value"": ""MINT"", ""category_name"": ""원피스/스커트"", ""filter_parameter"": ""color"", ""observation_type"": ""FILTER""}",2026-09-18 05:16:27.161284+00:00,2026-09-19 05:16:27.161284+00:00,2026-09-18 03:28:23.358605+00:00,2026-09-18 03:44:07.821787+00:00
532,musinsa_used,무신사 USED,musinsa_used [FILTER>컬러>라이트 오렌지>원피스/스커트],RANKING,LIVE,True,1440,5,https://api.musinsa.com/api2/dp/v2/plp/goods?gf=A&color=LIGHTORANGE&sortCode=USED_SALE_PRICE_CHANGE_DATE&category=109004&size=30&testGroup=&ampGroup=&caller=CATEGORY&page=1&seen=0&seenAds=,"{""live"": true, ""limit"": 100, ""gender"": ""A"", ""page_size"": 30, ""sort_code"": ""USED_SALE_PRICE_CHANGE_DATE"", ""category_id"": ""109004"", ""filter_name"": ""라이트 오렌지"", ""filter_type"": ""color"", ""filter_label"": ""컬러"", ""filter_value"": ""LIGHTORANGE"", ""category_name"": ""원피스/스커트"", ""filter_parameter"": ""color"", ""observation_type"": ""FILTER""}",2026-09-19 08:42:56.546675+00:00,2026-09-20 08:42:56.546675+00:00,2026-09-18 03:28:23.460940+00:00,2026-09-18 03:44:07.893932+00:00
533,musinsa_used,무신사 USED,musinsa_used [FILTER>컬러>라임>원피스/스커트],RANKING,LIVE,True,1440,5,https://api.musinsa.com/api2/dp/v2/plp/goods?gf=A&color=LIME&sortCode=USED_SALE_PRICE_CHANGE_DATE&category=109004&size=30&testGroup=&ampGroup=&caller=CATEGORY&page=1&seen=0&seenAds=,"{""live"": true, ""limit"": 100, ""gender"": ""A"", ""page_size"": 30, ""sort_code"": ""USED_SALE_PRICE_CHANGE_DATE"", ""category_id"": ""109004"", ""filter_name"": ""라임"", ""filter_type"": ""color"", ""filter_label"": ""컬러"", ""filter_value"": ""LIME"", ""category_name"": ""원피스/스커트"", ""filter_parameter"": ""color"", ""observation_type"": ""FILTER""}",2026-09-18 05:16:40.413871+00:00,2026-09-19 05:16:40.413871+00:00,2026-09-18 03:28:23.563449+00:00,2026-09-18 03:44:07.970780+00:00
534,musinsa_used,무신사 USED,musinsa_used [FILTER>컬러>로즈골드>원피스/스커트],RANKING,LIVE,True,1440,5,https://api.musinsa.com/api2/dp/v2/plp/goods?gf=A&color=ROSEGOLD&sortCode=USED_SALE_PRICE_CHANGE_DATE&category=109004&size=30&testGroup=&ampGroup=&caller=CATEGORY&page=1&seen=0&seenAds=,"{""live"": true, ""limit"": 100, ""gender"": ""A"", ""page_size"": 30, ""sort_code"": ""USED_SALE_PRICE_CHANGE_DATE"", ""category_id"": ""109004"", ""filter_name"": ""로즈골드"", ""filter_type"": ""color"", ""filter_label"": ""컬러"", ""filter_value"": ""ROSEGOLD"", ""category_name"": ""원피스/스커트"", ""filter_parameter"": ""color"", ""observation_type"": ""FILTER""}",2026-09-18 05:16:45.458171+00:00,2026-09-19 05:16:45.458171+00:00,2026-09-18 03:28:23.675957+00:00,2026-09-18 03:44:08.058573+00:00
535,musinsa_used,무신사 USED,musinsa_used [FILTER>컬러>골드>원피스/스커트],RANKING,LIVE,True,1440,5,https://api.musinsa.com/api2/dp/v2/plp/goods?gf=A&color=GOLD&sortCode=USED_SALE_PRICE_CHANGE_DATE&category=109004&size=30&testGroup=&ampGroup=&caller=CATEGORY&page=1&seen=0&seenAds=,"{""live"": true, ""limit"": 100, ""gender"": ""A"", ""page_size"": 30, ""sort_code"": ""USED_SALE_PRICE_CHANGE_DATE"", ""category_id"": ""109004"", ""filter_name"": ""골드"", ""filter_type"": ""color"", ""filter_label"": ""컬러"", ""filter_value"": ""GOLD"", ""category_name"": ""원피스/스커트"", ""filter_parameter"": ""color"", ""observation_type"": ""FILTER""}",2026-09-18 05:16:51.670554+00:00,2026-09-19 05:16:51.670554+00:00,2026-09-18 03:28:23.789830+00:00,2026-09-18 03:44:08.137958+00:00
536,musinsa_used,무신사 USED,musinsa_used [FILTER>주요소재>폴리에스테르>원피스/스커트],RANKING,LIVE,True,10080,5,https://api.musinsa.com/api2/dp/v2/plp/goods?gf=A&attributeMaterial=g_material%5ERedzeswVYYOa&sortCode=USED_SALE_PRICE_CHANGE_DATE&category=109004&size=30&testGroup=&ampGroup=&caller=CATEGORY&page=1&seen=0&seenAds=,"{""live"": true, ""limit"": 100, ""gender"": ""A"", ""page_size"": 100, ""sort_code"": ""USED_SALE_PRICE_CHANGE_DATE"", ""category_id"": ""109004"", ""filter_name"": ""폴리에스테르"", ""filter_type"": ""material"", ""filter_label"": ""주요소재"", ""filter_value"": ""g_material^RedzeswVYYOa"", ""category_name"": ""원피스/스커트"", ""filter_parameter"": ""attributeMaterial"", ""observation_type"": ""FILTER""}",2026-09-18 03:31:01.627107+00:00,2026-09-25 03:31:01.627107+00:00,2026-09-18 03:28:24.640965+00:00,2026-09-18 03:28:24.640977+00:00
537,musinsa_used,무신사 USED,musinsa_used [FILTER>주요소재>면(코튼)>원피스/스커트],RANKING,LIVE,True,10080,5,https://api.musinsa.com/api2/dp/v2/plp/goods?gf=A&attributeMaterial=g_material%5ErYIBGq2Ot2Qh&sortCode=USED_SALE_PRICE_CHANGE_DATE&category=109004&size=30&testGroup=&ampGroup=&caller=CATEGORY&page=1&seen=0&seenAds=,"{""live"": true, ""limit"": 100, ""gender"": ""A"", ""page_size"": 100, ""sort_code"": ""USED_SALE_PRICE_CHANGE_DATE"", ""category_id"": ""109004"", ""filter_name"": ""면(코튼)"", ""filter_type"": ""material"", ""filter_label"": ""주요소재"", ""filter_value"": ""g_material^rYIBGq2Ot2Qh"", ""category_name"": ""원피스/스커트"", ""filter_parameter"": ""attributeMaterial"", ""observation_type"": ""FILTER""}",,2026-09-24 08:42:00+00:00,2026-09-18 03:28:24.745103+00:00,2026-09-18 03:28:24.745109+00:00
538,musinsa_used,무신사 USED,musinsa_used [FILTER>주요소재>나일론>원피스/스커트],RANKING,LIVE,True,10080,5,https://api.musinsa.com/api2/dp/v2/plp/goods?gf=A&attributeMaterial=g_material%5EvGbOb7CVby3q&sortCode=USED_SALE_PRICE_CHANGE_DATE&category=109004&size=30&testGroup=&ampGroup=&caller=CATEGORY&page=1&seen=0&seenAds=,"{""live"": true, ""limit"": 100, ""gender"": ""A"", ""page_size"": 100, ""sort_code"": ""USED_SALE_PRICE_CHANGE_DATE"", ""category_id"": ""109004"", ""filter_name"": ""나일론"", ""filter_type"": ""material"", ""filter_label"": ""주요소재"", ""filter_value"": ""g_material^vGbOb7CVby3q"", ""category_name"": ""원피스/스커트"", ""filter_parameter"": ""attributeMaterial"", ""observation_type"": ""FILTER""}",,2026-09-25 08:42:00+00:00,2026-09-18 03:28:24.839817+00:00,2026-09-18 03:28:24.839826+00:00
539,musinsa_used,무신사 USED,musinsa_used [FILTER>주요소재>폴리우레탄>원피스/스커트],RANKING,LIVE,True,10080,5,https://api.musinsa.com/api2/dp/v2/plp/goods?gf=A&attributeMaterial=g_material%5EMHC8QpYwtThD&sortCode=USED_SALE_PRICE_CHANGE_DATE&category=109004&size=30&testGroup=&ampGroup=&caller=CATEGORY&page=1&seen=0&seenAds=,"{""live"": true, ""limit"": 100, ""gender"": ""A"", ""page_size"": 100, ""sort_code"": ""USED_SALE_PRICE_CHANGE_DATE"", ""category_id"": ""109004"", ""filter_name"": ""폴리우레탄"", ""filter_type"": ""material"", ""filter_label"": ""주요소재"", ""filter_value"": ""g_material^MHC8QpYwtThD"", ""category_name"": ""원피스/스커트"", ""filter_parameter"": ""attributeMaterial"", ""observation_type"": ""FILTER""}",2026-09-19 08:49:55.852891+00:00,2026-09-26 08:49:55.852891+00:00,2026-09-18 03:28:24.943999+00:00,2026-09-18 03:28:24.944007+00:00
540,musinsa_used,무신사 USED,musinsa_used [FILTER>주요소재>스판덱스>원피스/스커트],RANKING,LIVE,True,10080,5,https://api.musinsa.com/api2/dp/v2/plp/goods?gf=A&attributeMaterial=g_material%5EHLlXIp8L4jxF&sortCode=USED_SALE_PRICE_CHANGE_DATE&category=109004&size=30&testGroup=&ampGroup=&caller=CATEGORY&page=1&seen=0&seenAds=,"{""live"": true, ""limit"": 100, ""gender"": ""A"", ""page_size"": 100, ""sort_code"": ""USED_SALE_PRICE_CHANGE_DATE"", ""category_id"": ""109004"", ""filter_name"": ""스판덱스"", ""filter_type"": ""material"", ""filter_label"": ""주요소재"", ""filter_value"": ""g_material^HLlXIp8L4jxF"", ""category_name"": ""원피스/스커트"", ""filter_parameter"": ""attributeMaterial"", ""observation_type"": ""FILTER""}",,2026-09-20 08:49:00+00:00,2026-09-18 03:28:25.055791+00:00,2026-09-18 03:28:25.055803+00:00
541,musinsa_used,무신사 USED,musinsa_used [FILTER>주요소재>텐셀>원피스/스커트],RANKING,LIVE,True,10080,5,https://api.musinsa.com/api2/dp/v2/plp/goods?gf=A&attributeMaterial=g_material%5E3dcnel4UxlHI&sortCode=USED_SALE_PRICE_CHANGE_DATE&category=109004&size=30&testGroup=&ampGroup=&caller=CATEGORY&page=1&seen=0&seenAds=,"{""live"": true, ""limit"": 100, ""gender"": ""A"", ""page_size"": 100, ""sort_code"": ""USED_SALE_PRICE_CHANGE_DATE"", ""category_id"": ""109004"", ""filter_name"": ""텐셀"", ""filter_type"": ""material"", ""filter_label"": ""주요소재"", ""filter_value"": ""g_material^3dcnel4UxlHI"", ""category_name"": ""원피스/스커트"", ""filter_parameter"": ""attributeMaterial"", ""observation_type"": ""FILTER""}",,2026-09-21 08:49:00+00:00,2026-09-18 03:28:25.181821+00:00,2026-09-18 03:28:25.181836+00:00
542,musinsa_used,무신사 USED,musinsa_used [FILTER>주요소재>울/모>원피스/스커트],RANKING,LIVE,True,10080,5,https://api.musinsa.com/api2/dp/v2/plp/goods?gf=A&attributeMaterial=g_material%5EUBSB4AP5JfAA&sortCode=USED_SALE_PRICE_CHANGE_DATE&category=109004&size=30&testGroup=&ampGroup=&caller=CATEGORY&page=1&seen=0&seenAds=,"{""live"": true, ""limit"": 100, ""gender"": ""A"", ""page_size"": 100, ""sort_code"": ""USED_SALE_PRICE_CHANGE_DATE"", ""category_id"": ""109004"", ""filter_name"": ""울/모"", ""filter_type"": ""material"", ""filter_label"": ""주요소재"", ""filter_value"": ""g_material^UBSB4AP5JfAA"", ""category_name"": ""원피스/스커트"", ""filter_parameter"": ""attributeMaterial"", ""observation_type"": ""FILTER""}",,2026-09-22 08:49:00+00:00,2026-09-18 03:28:25.304364+00:00,2026-09-18 03:28:25.304386+00:00
543,musinsa_used,무신사 USED,musinsa_used [FILTER>주요소재>비스코스>원피스/스커트],RANKING,LIVE,True,10080,5,https://api.musinsa.com/api2/dp/v2/plp/goods?gf=A&attributeMaterial=g_material%5ErF0fdUiCzjZ1&sortCode=USED_SALE_PRICE_CHANGE_DATE&category=109004&size=30&testGroup=&ampGroup=&caller=CATEGORY&page=1&seen=0&seenAds=,"{""live"": true, ""limit"": 100, ""gender"": ""A"", ""page_size"": 100, ""sort_code"": ""USED_SALE_PRICE_CHANGE_DATE"", ""category_id"": ""109004"", ""filter_name"": ""비스코스"", ""filter_type"": ""material"", ""filter_label"": ""주요소재"", ""filter_value"": ""g_material^rF0fdUiCzjZ1"", ""category_name"": ""원피스/스커트"", ""filter_parameter"": ""attributeMaterial"", ""observation_type"": ""FILTER""}",,2026-09-23 08:49:00+00:00,2026-09-18 03:28:25.413992+00:00,2026-09-18 03:28:25.414002+00:00
544,musinsa_used,무신사 USED,musinsa_used [FILTER>주요소재>기타>원피스/스커트],RANKING,LIVE,True,10080,5,https://api.musinsa.com/api2/dp/v2/plp/goods?gf=A&attributeMaterial=g_material%5E856OqJPIQeJD&sortCode=USED_SALE_PRICE_CHANGE_DATE&category=109004&size=30&testGroup=&ampGroup=&caller=CATEGORY&page=1&seen=0&seenAds=,"{""live"": true, ""limit"": 100, ""gender"": ""A"", ""page_size"": 100, ""sort_code"": ""USED_SALE_PRICE_CHANGE_DATE"", ""category_id"": ""109004"", ""filter_name"": ""기타"", ""filter_type"": ""material"", ""filter_label"": ""주요소재"", ""filter_value"": ""g_material^856OqJPIQeJD"", ""category_name"": ""원피스/스커트"", ""filter_parameter"": ""attributeMaterial"", ""observation_type"": ""FILTER""}",,2026-09-24 08:49:00+00:00,2026-09-18 03:28:25.526140+00:00,2026-09-18 03:28:25.526149+00:00
545,musinsa_used,무신사 USED,musinsa_used [FILTER>주요소재>데님>원피스/스커트],RANKING,LIVE,True,10080,5,https://api.musinsa.com/api2/dp/v2/plp/goods?gf=A&attributeMaterial=g_material%5E7hzHO7WT8tLe&sortCode=USED_SALE_PRICE_CHANGE_DATE&category=109004&size=30&testGroup=&ampGroup=&caller=CATEGORY&page=1&seen=0&seenAds=,"{""live"": true, ""limit"": 100, ""gender"": ""A"", ""page_size"": 100, ""sort_code"": ""USED_SALE_PRICE_CHANGE_DATE"", ""category_id"": ""109004"", ""filter_name"": ""데님"", ""filter_type"": ""material"", ""filter_label"": ""주요소재"", ""filter_value"": ""g_material^7hzHO7WT8tLe"", ""category_name"": ""원피스/스커트"", ""filter_parameter"": ""attributeMaterial"", ""observation_type"": ""FILTER""}",,2026-09-25 08:49:00+00:00,2026-09-18 03:28:25.623146+00:00,2026-09-18 03:28:25.623156+00:00
4,YOUTUBE,YouTube,[남성] 깡스타일리스트,CREATOR,LIVE,False,1440,5,https://www.youtube.com/channel/UC8a6z7i9qypp9PqJ_0HhBrw,"{""seed"": {""name"": ""깡스타일리스트"", ""gender"": ""남성"", ""fashion_filter"": true}, ""channel_id"": ""UC8a6z7i9qypp9PqJ_0HhBrw"", ""video_limit"": 50, ""collect_videos"": true}",2026-09-13 09:17:15.125678+00:00,2026-09-14 09:17:11.588600+00:00,2026-09-02 05:47:03.756174+00:00,2026-09-13 14:01:29.459789+00:00
5,YOUTUBE,YouTube,[남성] 핏더사이즈,CREATOR,LIVE,False,1440,5,https://www.youtube.com/channel/UCKWv0ScT6PpZcpg7ivUVWLA,"{""seed"": {""name"": ""핏더사이즈"", ""gender"": ""남성"", ""handle"": """", ""fashion_filter"": true}, ""channel_id"": ""UCKWv0ScT6PpZcpg7ivUVWLA"", ""video_limit"": 50, ""collect_videos"": true}",2026-09-13 09:17:14.743871+00:00,2026-09-14 09:17:11.588600+00:00,2026-09-02 05:47:03.881001+00:00,2026-09-13 14:01:29.459789+00:00
6,YOUTUBE,YouTube,[남성] 패션플래닛,CREATOR,LIVE,False,1440,5,https://www.youtube.com/channel/UC9vu2JsuE7g-1r9HkYkOopw,"{""seed"": {""name"": ""패션플래닛"", ""gender"": ""남성"", ""handle"": """", ""fashion_filter"": true}, ""channel_id"": ""UC9vu2JsuE7g-1r9HkYkOopw"", ""video_limit"": 50, ""collect_videos"": true}",2026-09-13 09:17:16.907511+00:00,2026-09-14 09:17:11.588600+00:00,2026-09-02 05:47:04.005109+00:00,2026-09-13 14:01:29.459789+00:00
7,YOUTUBE,YouTube,[남성] 오늘의 주우재,CREATOR,LIVE,False,1440,5,https://www.youtube.com/channel/UCw-kXdzxMdMdLNI0ZlFFbmA,"{""seed"": {""name"": ""오늘의 주우재"", ""gender"": ""남성"", ""handle"": """", ""fashion_filter"": true}, ""channel_id"": ""UCw-kXdzxMdMdLNI0ZlFFbmA"", ""video_limit"": 50, ""collect_videos"": true}",2026-09-13 09:17:17.225626+00:00,2026-09-14 09:17:11.588600+00:00,2026-09-02 05:47:04.108152+00:00,2026-09-13 14:01:29.459789+00:00
8,YOUTUBE,YouTube,[남성] 짱구대디,CREATOR,LIVE,False,1440,5,https://www.youtube.com/channel/UCcSepD5GRKpskptBW2TSKGg,"{""seed"": {""name"": ""짱구대디"", ""gender"": ""남성"", ""handle"": """", ""fashion_filter"": true}, ""channel_id"": ""UCcSepD5GRKpskptBW2TSKGg"", ""video_limit"": 50, ""collect_videos"": true}",2026-09-13 09:17:19.576917+00:00,2026-09-14 09:17:11.588600+00:00,2026-09-02 05:47:04.210941+00:00,2026-09-13 14:01:29.459789+00:00
9,YOUTUBE,YouTube,[남성] 패션튜브삭형,CREATOR,LIVE,False,1440,5,https://www.youtube.com/channel/UCJdZej-O_M69bB4M6aiiLcw,"{""seed"": {""name"": ""패션튜브삭형"", ""gender"": ""남성"", ""handle"": """", ""fashion_filter"": true}, ""channel_id"": ""UCJdZej-O_M69bB4M6aiiLcw"", ""video_limit"": 50, ""collect_videos"": true}",2026-09-13 09:17:19.504203+00:00,2026-09-14 09:17:11.588600+00:00,2026-09-02 05:47:04.341261+00:00,2026-09-13 14:01:29.459789+00:00
10,YOUTUBE,YouTube,[남성] fashion piro,CREATOR,LIVE,False,1440,5,https://www.youtube.com/channel/UCPSZJhE3TUCBgOozTkbaREA,"{""seed"": {""name"": ""fashion piro"", ""gender"": ""남성"", ""handle"": """", ""fashion_filter"": true}, ""channel_id"": ""UCPSZJhE3TUCBgOozTkbaREA"", ""video_limit"": 50, ""collect_videos"": true}",2026-09-08 03:55:05.400428+00:00,2026-09-11 00:14:03.777534+00:00,2026-09-02 05:47:04.488925+00:00,2026-09-08 03:53:48.284137+00:00
11,YOUTUBE,YouTube,[남성] 미누의코디,CREATOR,LIVE,False,1440,5,https://www.youtube.com/channel/UCZSQpNkiVSfAv_vwrEMdolQ,"{""seed"": {""name"": ""미누의코디"", ""gender"": ""남성"", ""handle"": """", ""fashion_filter"": true}, ""channel_id"": ""UCZSQpNkiVSfAv_vwrEMdolQ"", ""video_limit"": 50, ""collect_videos"": true}",2026-09-13 09:17:21.664499+00:00,2026-09-14 09:17:11.588600+00:00,2026-09-02 05:47:04.608713+00:00,2026-09-13 14:01:29.459789+00:00
12,YOUTUBE,YouTube,[남성] 호수,CREATOR,LIVE,False,1440,5,https://www.youtube.com/channel/UC3FKRf9yBdtCvsrB8lcIAKg,"{""seed"": {""name"": ""호수"", ""gender"": ""남성"", ""handle"": """", ""fashion_filter"": true}, ""channel_id"": ""UC3FKRf9yBdtCvsrB8lcIAKg"", ""video_limit"": 50, ""collect_videos"": true}",2026-09-13 09:17:21.587738+00:00,2026-09-14 09:17:11.588600+00:00,2026-09-02 05:47:04.725355+00:00,2026-09-13 14:01:29.459789+00:00
13,YOUTUBE,YouTube,[남성] 스토커즈 STalkers,CREATOR,LIVE,False,1440,5,https://www.youtube.com/channel/UC79CxOQz8FQB4w5iHWEjJtQ,"{""seed"": {""name"": ""스토커즈 STalkers"", ""gender"": ""남성"", ""handle"": """", ""fashion_filter"": true}, ""channel_id"": ""UC79CxOQz8FQB4w5iHWEjJtQ"", ""video_limit"": 50, ""collect_videos"": true}",2026-09-13 09:17:23.725979+00:00,2026-09-14 09:17:11.588600+00:00,2026-09-02 05:47:04.831545+00:00,2026-09-13 14:01:29.459789+00:00
14,YOUTUBE,YouTube,[여성] 옆집언니 최실장,CREATOR,LIVE,False,1440,5,https://www.youtube.com/channel/UCzYB6YA5f-Tc7GQcIese7pg,"{""seed"": {""name"": ""옆집언니 최실장"", ""gender"": ""여성"", ""handle"": """", ""fashion_filter"": true}, ""channel_id"": ""UCzYB6YA5f-Tc7GQcIese7pg"", ""video_limit"": 50, ""collect_videos"": true}",2026-09-13 09:17:24.064921+00:00,2026-09-14 09:17:11.588600+00:00,2026-09-02 05:47:04.985886+00:00,2026-09-13 14:01:29.459789+00:00
15,YOUTUBE,YouTube,[여성] AliceFunk 앨리스펑크,CREATOR,LIVE,False,1440,5,https://www.youtube.com/channel/UCcRTcy_GuofiJLPLMlVcGxw,"{""seed"": {""name"": ""AliceFunk 앨리스펑크"", ""gender"": ""여성"", ""handle"": """", ""fashion_filter"": true}, ""channel_id"": ""UCcRTcy_GuofiJLPLMlVcGxw"", ""video_limit"": 50, ""collect_videos"": true}",2026-09-13 09:17:25.883594+00:00,2026-09-14 09:17:11.588600+00:00,2026-09-02 05:47:05.117309+00:00,2026-09-13 14:01:29.459789+00:00
16,YOUTUBE,YouTube,[여성] 보라끌레르 Bora Claire,CREATOR,LIVE,False,1440,5,https://www.youtube.com/channel/UCSrRZH9QT6li5PIAv0r_6QA,"{""seed"": {""name"": ""보라끌레르 Bora Claire"", ""gender"": ""여성"", ""handle"": """", ""fashion_filter"": true}, ""channel_id"": ""UCSrRZH9QT6li5PIAv0r_6QA"", ""video_limit"": 50, ""collect_videos"": true}",2026-09-13 09:17:26.263445+00:00,2026-09-14 09:17:11.588600+00:00,2026-09-02 05:47:05.221809+00:00,2026-09-13 14:01:29.459789+00:00
17,YOUTUBE,YouTube,[여성] 소신사장 SoshinTV,CREATOR,LIVE,False,1440,5,https://www.youtube.com/channel/UC_gkwRB-p1JrOzzJk7PBKDQ,"{""seed"": {""name"": ""소신사장 SoshinTV"", ""gender"": ""여성"", ""handle"": """", ""fashion_filter"": true}, ""channel_id"": ""UC_gkwRB-p1JrOzzJk7PBKDQ"", ""video_limit"": 50, ""collect_videos"": true}",2026-09-13 09:17:27.914540+00:00,2026-09-14 09:17:11.588600+00:00,2026-09-02 05:47:05.364436+00:00,2026-09-13 14:01:29.459789+00:00
18,YOUTUBE,YouTube,[여성] 혜인 HEYNEE,CREATOR,LIVE,False,1440,5,https://www.youtube.com/channel/UCs0dIu9USYQnSyPcekI8Y6A,"{""seed"": {""name"": ""혜인 HEYNEE"", ""gender"": ""여성"", ""handle"": """", ""fashion_filter"": true}, ""channel_id"": ""UCs0dIu9USYQnSyPcekI8Y6A"", ""video_limit"": 50, ""collect_videos"": true}",2026-09-13 09:17:28.330365+00:00,2026-09-14 09:17:11.588600+00:00,2026-09-02 05:47:05.517267+00:00,2026-09-13 14:01:29.459789+00:00
19,YOUTUBE,YouTube,[여성] 에이프롬 ÁFROM,CREATOR,LIVE,False,1440,5,https://www.youtube.com/channel/UCb3RcfZTXh4_ZMZy-sLaLPw,"{""seed"": {""name"": ""에이프롬 ÁFROM"", ""gender"": ""여성"", ""handle"": """", ""fashion_filter"": true}, ""channel_id"": ""UCb3RcfZTXh4_ZMZy-sLaLPw"", ""video_limit"": 50, ""collect_videos"": true}",2026-09-13 09:17:29.857130+00:00,2026-09-14 09:17:11.588600+00:00,2026-09-02 05:47:05.681441+00:00,2026-09-13 14:01:29.459789+00:00
20,YOUTUBE,YouTube,[여성] 박에스더,CREATOR,LIVE,False,1440,5,https://www.youtube.com/channel/UCvakL6TODG0Wm1ZFN3y13AA,"{""seed"": {""name"": ""박에스더"", ""gender"": ""여성"", ""handle"": """", ""fashion_filter"": true}, ""channel_id"": ""UCvakL6TODG0Wm1ZFN3y13AA"", ""video_limit"": 50, ""collect_videos"": true}",2026-09-13 09:17:30.602493+00:00,2026-09-14 09:17:11.588600+00:00,2026-09-02 05:47:05.817707+00:00,2026-09-13 14:01:29.459789+00:00
21,YOUTUBE,YouTube,[여성] samedifference,CREATOR,LIVE,False,1440,5,https://www.youtube.com/channel/UCvw4OquDNizT3UheLA7TQTw,"{""seed"": {""name"": ""samedifference"", ""gender"": ""여성"", ""handle"": """", ""fashion_filter"": true}, ""channel_id"": ""UCvw4OquDNizT3UheLA7TQTw"", ""video_limit"": 50, ""collect_videos"": true}",2026-09-13 09:17:31.919303+00:00,2026-09-14 09:17:11.588600+00:00,2026-09-02 05:47:05.969826+00:00,2026-09-13 14:01:29.459789+00:00
22,YOUTUBE,YouTube,[여성] 메리지히 MerryJihee,CREATOR,LIVE,False,1440,5,https://www.youtube.com/channel/UCayty8tmdNAUzFvcc7VTi6w,"{""seed"": {""name"": ""메리지히 MerryJihee"", ""gender"": ""여성"", ""handle"": """", ""fashion_filter"": true}, ""channel_id"": ""UCayty8tmdNAUzFvcc7VTi6w"", ""video_limit"": 50, ""collect_videos"": true}",2026-09-13 09:17:32.793492+00:00,2026-09-14 09:17:11.588600+00:00,2026-09-02 05:47:06.111307+00:00,2026-09-13 14:01:29.459789+00:00
23,YOUTUBE,YouTube,[여성] 물결 Mulgyul,CREATOR,LIVE,False,1440,5,https://www.youtube.com/channel/UC9CNQeSlpeuYR0tjQkGJw4w,"{""seed"": {""name"": ""물결 Mulgyul"", ""gender"": ""여성"", ""handle"": """", ""fashion_filter"": true}, ""channel_id"": ""UC9CNQeSlpeuYR0tjQkGJw4w"", ""video_limit"": 50, ""collect_videos"": true}",2026-09-13 09:17:34.097655+00:00,2026-09-14 09:17:11.588600+00:00,2026-09-02 05:47:06.257672+00:00,2026-09-13 14:01:29.459789+00:00
24,YOUTUBE,YouTube,[남성] 다나옷,CREATOR,LIVE,False,1440,5,https://www.youtube.com/channel/UCjx3OgGnLRVSMe1zLdA6kTw,"{""seed"": {""name"": ""다나옷"", ""gender"": ""남성"", ""handle"": """", ""fashion_filter"": true}, ""channel_id"": ""UCjx3OgGnLRVSMe1zLdA6kTw"", ""video_limit"": 50, ""collect_videos"": true}",2026-09-13 09:17:34.789102+00:00,2026-09-14 09:17:11.588600+00:00,2026-09-02 05:47:06.384507+00:00,2026-09-13 14:01:29.459789+00:00
25,YOUTUBE,YouTube,[남성] 너드킹 Nerd King,CREATOR,LIVE,False,1440,5,https://www.youtube.com/channel/UCWgkZKlOeBTlO9H1y5tb-PQ,"{""seed"": {""name"": ""너드킹 Nerd King"", ""gender"": ""남성"", ""handle"": """", ""fashion_filter"": true}, ""channel_id"": ""UCWgkZKlOeBTlO9H1y5tb-PQ"", ""video_limit"": 50, ""collect_videos"": true}",2026-09-13 09:17:36.120848+00:00,2026-09-14 09:17:11.588600+00:00,2026-09-02 05:47:06.553291+00:00,2026-09-13 14:01:29.459789+00:00
26,YOUTUBE,YouTube,[남성] 오정규,CREATOR,LIVE,False,1440,5,https://www.youtube.com/channel/UCjD3iAk_WIUkiUk1tHYP9Cw,"{""seed"": {""name"": ""오정규"", ""gender"": ""남성"", ""handle"": """", ""fashion_filter"": true}, ""channel_id"": ""UCjD3iAk_WIUkiUk1tHYP9Cw"", ""video_limit"": 50, ""collect_videos"": true}",2026-09-13 09:17:36.780693+00:00,2026-09-14 09:17:11.588600+00:00,2026-09-02 05:47:06.701137+00:00,2026-09-13 14:01:29.459789+00:00
27,YOUTUBE,YouTube,[남성] GONZO [남자패션의 정석],CREATOR,LIVE,False,1440,5,https://www.youtube.com/channel/UC_J0aurzzUe7YmsEhan0KVA,"{""seed"": {""name"": ""GONZO [남자패션의 정석]"", ""gender"": ""남성"", ""handle"": """", ""fashion_filter"": true}, ""channel_id"": ""UC_J0aurzzUe7YmsEhan0KVA"", ""video_limit"": 50, ""collect_videos"": true}",2026-09-13 09:17:38.148484+00:00,2026-09-14 09:17:11.588600+00:00,2026-09-02 05:47:06.837513+00:00,2026-09-13 14:01:29.459789+00:00
28,YOUTUBE,YouTube,[남성] 코스모쓰 패션한짠,CREATOR,LIVE,False,1440,5,https://www.youtube.com/channel/UC-J1TDoV4mQTQkCZRKmV3Xg,"{""seed"": {""name"": ""코스모쓰 패션한짠"", ""gender"": ""남성"", ""handle"": """", ""fashion_filter"": true}, ""channel_id"": ""UC-J1TDoV4mQTQkCZRKmV3Xg"", ""video_limit"": 50, ""collect_videos"": true}",2026-09-13 09:17:39.067036+00:00,2026-09-14 09:17:11.588600+00:00,2026-09-02 05:47:06.977256+00:00,2026-09-13 14:01:29.459789+00:00
29,YOUTUBE,YouTube,[남성] 론나 Ronna,CREATOR,LIVE,False,1440,5,https://www.youtube.com/channel/UCbj03CsS_5IS3Ba_TB1OvLQ,"{""seed"": {""name"": ""론나 Ronna"", ""gender"": ""남성"", ""handle"": """", ""fashion_filter"": true}, ""channel_id"": ""UCbj03CsS_5IS3Ba_TB1OvLQ"", ""video_limit"": 50, ""collect_videos"": true}",2026-09-13 09:17:40.511828+00:00,2026-09-14 09:17:11.588600+00:00,2026-09-02 05:47:07.142007+00:00,2026-09-13 14:01:29.459789+00:00
30,YOUTUBE,YouTube,[남성] 데일리룸 dailyroom,CREATOR,LIVE,False,1440,5,https://www.youtube.com/channel/UC2QsvXF17PnDaxxDt-ZXqww,"{""seed"": {""name"": ""데일리룸 dailyroom"", ""gender"": ""남성"", ""handle"": """", ""fashion_filter"": true}, ""channel_id"": ""UC2QsvXF17PnDaxxDt-ZXqww"", ""video_limit"": 50, ""collect_videos"": true}",2026-09-13 09:17:41.130263+00:00,2026-09-14 09:17:11.588600+00:00,2026-09-02 05:47:07.258183+00:00,2026-09-13 14:01:29.459789+00:00
31,YOUTUBE,YouTube,[남성] 클래씨 ClassyTV,CREATOR,LIVE,False,1440,5,https://www.youtube.com/channel/UCJCNS4-1Bff7H2fzuUCZzig,"{""seed"": {""name"": ""클래씨 ClassyTV"", ""gender"": ""남성"", ""handle"": """", ""fashion_filter"": true}, ""channel_id"": ""UCJCNS4-1Bff7H2fzuUCZzig"", ""video_limit"": 50, ""collect_videos"": true}",2026-09-08 03:58:18.845209+00:00,2026-09-12 05:51:35.404589+00:00,2026-09-02 05:47:07.422897+00:00,2026-09-08 03:53:48.546530+00:00
32,YOUTUBE,YouTube,[남성] 옷입는바보,CREATOR,LIVE,False,1440,5,https://www.youtube.com/channel/UC9rgglYyV9s9oGqNaL72xlA,"{""seed"": {""name"": ""옷입는바보"", ""gender"": ""남성"", ""handle"": """", ""fashion_filter"": true}, ""channel_id"": ""UC9rgglYyV9s9oGqNaL72xlA"", ""video_limit"": 50, ""collect_videos"": true}",2026-09-13 09:17:42.976393+00:00,2026-09-14 09:17:11.588600+00:00,2026-09-02 05:47:07.568652+00:00,2026-09-13 14:01:29.459789+00:00
33,YOUTUBE,YouTube,[여성] 알로하 aloha,CREATOR,LIVE,False,1440,5,https://www.youtube.com/channel/UC_XkLhG1aXGeeCy91uXVEBQ,"{""seed"": {""name"": ""알로하 aloha"", ""gender"": ""여성"", ""handle"": """", ""fashion_filter"": true}, ""channel_id"": ""UC_XkLhG1aXGeeCy91uXVEBQ"", ""video_limit"": 50, ""collect_videos"": true}",2026-09-13 09:17:43.419131+00:00,2026-09-14 09:17:11.588600+00:00,2026-09-02 05:47:07.696759+00:00,2026-09-13 14:01:29.459789+00:00
34,YOUTUBE,YouTube,[여성] 위헤원 hyewonWee,CREATOR,LIVE,False,1440,5,https://www.youtube.com/channel/UCF6Y-kYaPzj-ZcHT8VyB3lw,"{""seed"": {""name"": ""위헤원 hyewonWee"", ""gender"": ""여성"", ""handle"": """", ""fashion_filter"": true}, ""channel_id"": ""UCF6Y-kYaPzj-ZcHT8VyB3lw"", ""video_limit"": 50, ""collect_videos"": true}",2026-09-13 09:17:45.614273+00:00,2026-09-14 09:17:11.588600+00:00,2026-09-02 05:47:07.841542+00:00,2026-09-13 14:01:29.459789+00:00
35,YOUTUBE,YouTube,[여성] 도영도영이,CREATOR,LIVE,False,1440,5,https://www.youtube.com/channel/UCw_VHcLeiSSXA8SSk0dbwkA,"{""seed"": {""name"": ""도영도영이"", ""gender"": ""여성"", ""handle"": """", ""fashion_filter"": true}, ""channel_id"": ""UCw_VHcLeiSSXA8SSk0dbwkA"", ""video_limit"": 50, ""collect_videos"": true}",2026-09-13 09:17:45.938463+00:00,2026-09-14 09:17:11.588600+00:00,2026-09-02 05:47:08.001898+00:00,2026-09-13 14:01:29.459789+00:00
36,YOUTUBE,YouTube,[여성] MIYUT 미윳,CREATOR,LIVE,False,1440,5,https://www.youtube.com/channel/UCzjXBk6GY0wHt_iXAvKaaVA,"{""seed"": {""name"": ""MIYUT 미윳"", ""gender"": ""여성"", ""handle"": """", ""fashion_filter"": true}, ""channel_id"": ""UCzjXBk6GY0wHt_iXAvKaaVA"", ""video_limit"": 50, ""collect_videos"": true}",2026-09-13 09:17:48.075252+00:00,2026-09-14 09:17:11.588600+00:00,2026-09-02 05:47:08.137642+00:00,2026-09-13 14:01:29.459789+00:00
37,YOUTUBE,YouTube,[여성] 배배자매 BaeBae vlog,CREATOR,LIVE,False,1440,5,https://www.youtube.com/channel/UCXe53j9Mq0rAWmbIzOMF9fw,"{""seed"": {""name"": ""배배자매 BaeBae vlog"", ""gender"": ""여성"", ""handle"": """", ""fashion_filter"": true}, ""channel_id"": ""UCXe53j9Mq0rAWmbIzOMF9fw"", ""video_limit"": 50, ""collect_videos"": true}",2026-09-13 09:17:48.101296+00:00,2026-09-14 09:17:11.588600+00:00,2026-09-02 05:47:08.303377+00:00,2026-09-13 14:01:29.459789+00:00
38,YOUTUBE,YouTube,[여성] 한솜 Hansom,CREATOR,LIVE,False,1440,5,https://www.youtube.com/channel/UC_lVZ0BWLhTmeH0s4IxZjlQ,"{""seed"": {""name"": ""한솜 Hansom"", ""gender"": ""여성"", ""handle"": """", ""fashion_filter"": true}, ""channel_id"": ""UC_lVZ0BWLhTmeH0s4IxZjlQ"", ""video_limit"": 50, ""collect_videos"": true}",2026-09-13 09:17:50.389675+00:00,2026-09-14 09:17:11.588600+00:00,2026-09-02 05:47:08.423410+00:00,2026-09-13 14:01:29.459789+00:00
39,YOUTUBE,YouTube,[여성] 에바 EVA,CREATOR,LIVE,False,1440,5,https://www.youtube.com/channel/UCf3b81YFYvGMtx3KBrnpsLg,"{""seed"": {""name"": ""에바 EVA"", ""gender"": ""여성"", ""handle"": """", ""fashion_filter"": true}, ""channel_id"": ""UCf3b81YFYvGMtx3KBrnpsLg"", ""video_limit"": 50, ""collect_videos"": true}",2026-09-08 03:59:33.639356+00:00,2026-09-12 05:51:35.404589+00:00,2026-09-02 05:47:08.542717+00:00,2026-09-08 03:53:48.647664+00:00
41,YOUTUBE,YouTube,[여성] Yoonstar 윤스타,CREATOR,LIVE,False,1440,5,https://www.youtube.com/channel/UCPanBeXFl5Hp_Sm6tUHl2tg,"{""seed"": {""name"": ""Yoonstar 윤스타"", ""gender"": ""여성"", ""handle"": """", ""fashion_filter"": true}, ""channel_id"": ""UCPanBeXFl5Hp_Sm6tUHl2tg"", ""video_limit"": 50, ""collect_videos"": true}",2026-09-13 09:17:50.341397+00:00,2026-09-14 09:17:11.588600+00:00,2026-09-02 05:47:08.780729+00:00,2026-09-13 14:01:29.459789+00:00
42,YOUTUBE,YouTube,[여성] 윤터터 Yunteoteo,CREATOR,LIVE,False,1440,5,https://www.youtube.com/channel/UCBVVdt1KqNe0NkS7AywXc4w,"{""seed"": {""name"": ""윤터터 Yunteoteo"", ""gender"": ""여성"", ""handle"": """", ""fashion_filter"": true}, ""channel_id"": ""UCBVVdt1KqNe0NkS7AywXc4w"", ""video_limit"": 50, ""collect_videos"": true}",2026-09-13 09:17:52.349312+00:00,2026-09-14 09:17:11.588600+00:00,2026-09-02 05:47:08.923130+00:00,2026-09-13 14:01:29.459789+00:00
43,YOUTUBE,YouTube,[남성] 옷튜브 | 쉬운 남자패션,CREATOR,LIVE,False,1440,5,https://www.youtube.com/channel/UCe1uwdbYEuFHjVzEIwDZBAA,"{""seed"": {""name"": ""옷튜브 | 쉬운 남자패션"", ""gender"": ""남성"", ""handle"": """", ""fashion_filter"": true}, ""channel_id"": ""UCe1uwdbYEuFHjVzEIwDZBAA"", ""video_limit"": 50, ""collect_videos"": true}",2026-09-13 09:17:52.546837+00:00,2026-09-14 09:17:11.588600+00:00,2026-09-02 05:47:09.077874+00:00,2026-09-13 14:01:29.459789+00:00
84,zigzag,지그재그,zigzag [CNV>상의],RANKING,LIVE,True,1440,5,https://zigzag.kr/pages/srp-clp-category?category_id=474,"{""order"": ""SCORE_DESC"", ""groups"": [""trend"", ""style""], ""limits"": {""style"": 100, ""trend"": 100}, ""action_id"": ""a061b462-576a-4991-9146-62b2166c132a"", ""layout_id"": ""301"", ""max_delay"": 3.0, ""min_delay"": 1.5, ""category_id"": ""474"", ""module_slot_id"": ""s6C9txhfmfIi"", ""collection_type"": ""CNV""}",2026-09-30 05:58:38.301413+00:00,2026-10-01 05:58:38.353747+00:00,2026-09-16 05:14:21.631971+00:00,2026-09-28 01:34:49.512875+00:00
85,zigzag,지그재그,zigzag [CNV>팬츠],RANKING,LIVE,True,1440,5,https://zigzag.kr/pages/srp-clp-category?category_id=547,"{""order"": ""SCORE_DESC"", ""groups"": [""trend"", ""style""], ""limits"": {""style"": 100, ""trend"": 100}, ""action_id"": ""a061b462-576a-4991-9146-62b2166c132a"", ""layout_id"": ""301"", ""max_delay"": 3.0, ""min_delay"": 1.5, ""category_id"": ""547"", ""module_slot_id"": ""s6C9txhfmfIi"", ""collection_type"": ""CNV""}",2026-09-30 06:33:12.880550+00:00,2026-10-01 06:33:12.949969+00:00,2026-09-16 05:14:21.747378+00:00,2026-09-28 01:34:49.585719+00:00
86,zigzag,지그재그,zigzag [CNV>아우터],RANKING,LIVE,True,1440,5,https://zigzag.kr/pages/srp-clp-category?category_id=436,"{""order"": ""SCORE_DESC"", ""groups"": [""trend"", ""style""], ""limits"": {""style"": 100, ""trend"": 100}, ""action_id"": ""a061b462-576a-4991-9146-62b2166c132a"", ""layout_id"": ""301"", ""max_delay"": 3.0, ""min_delay"": 1.5, ""category_id"": ""436"", ""module_slot_id"": ""s6C9txhfmfIi"", ""collection_type"": ""CNV""}",2026-09-30 07:07:44.700435+00:00,2026-10-01 07:07:44.753080+00:00,2026-09-16 05:14:21.924343+00:00,2026-09-28 01:34:49.660329+00:00
87,zigzag,지그재그,zigzag [CNV>스커트],RANKING,LIVE,True,1440,5,https://zigzag.kr/pages/srp-clp-category?category_id=560,"{""order"": ""SCORE_DESC"", ""groups"": [""trend"", ""style""], ""limits"": {""style"": 100, ""trend"": 100}, ""action_id"": ""a061b462-576a-4991-9146-62b2166c132a"", ""layout_id"": ""301"", ""max_delay"": 3.0, ""min_delay"": 1.5, ""category_id"": ""560"", ""module_slot_id"": ""s6C9txhfmfIi"", ""collection_type"": ""CNV""}",2026-09-29 04:03:01.775333+00:00,2026-09-30 04:03:01.827078+00:00,2026-09-16 05:14:22.176713+00:00,2026-09-28 01:34:49.735574+00:00
88,zigzag,지그재그,zigzag [CNV>니트/카디건],RANKING,LIVE,True,1440,5,https://zigzag.kr/pages/srp-clp-category?category_id=2757,"{""order"": ""SCORE_DESC"", ""groups"": [""trend"", ""style""], ""limits"": {""style"": 100, ""trend"": 100}, ""action_id"": ""a061b462-576a-4991-9146-62b2166c132a"", ""layout_id"": ""301"", ""max_delay"": 3.0, ""min_delay"": 1.5, ""category_id"": ""2757"", ""module_slot_id"": ""s6C9txhfmfIi"", ""collection_type"": ""CNV""}",2026-09-29 04:11:11.245814+00:00,2026-09-30 04:11:11.290293+00:00,2026-09-16 05:14:22.325420+00:00,2026-09-28 01:34:49.797626+00:00
89,zigzag,지그재그,zigzag [CNV>트레이닝],RANKING,LIVE,True,1440,5,https://zigzag.kr/pages/srp-clp-category?category_id=833,"{""order"": ""SCORE_DESC"", ""groups"": [""trend"", ""style""], ""limits"": {""style"": 100, ""trend"": 100}, ""action_id"": ""a061b462-576a-4991-9146-62b2166c132a"", ""layout_id"": ""301"", ""max_delay"": 3.0, ""min_delay"": 1.5, ""category_id"": ""833"", ""module_slot_id"": ""s6C9txhfmfIi"", ""collection_type"": ""CNV""}",2026-09-29 04:18:43.249638+00:00,2026-09-30 04:18:43.292240+00:00,2026-09-16 05:14:22.452012+00:00,2026-09-28 01:34:49.870568+00:00
90,zigzag,지그재그,zigzag [CNV>원피스],RANKING,LIVE,True,1440,5,https://zigzag.kr/pages/srp-clp-category?category_id=507,"{""order"": ""SCORE_DESC"", ""groups"": [""trend"", ""style""], ""limits"": {""style"": 100, ""trend"": 100}, ""action_id"": ""a061b462-576a-4991-9146-62b2166c132a"", ""layout_id"": ""301"", ""max_delay"": 3.0, ""min_delay"": 1.5, ""category_id"": ""507"", ""module_slot_id"": ""s6C9txhfmfIi"", ""collection_type"": ""CNV""}",2026-09-29 04:28:01.023502+00:00,2026-09-30 04:28:01.060649+00:00,2026-09-16 05:14:22.623384+00:00,2026-09-28 01:34:49.941595+00:00
91,zigzag,지그재그,zigzag [CNV>투피스/세트],RANKING,LIVE,True,1440,5,https://zigzag.kr/pages/srp-clp-category?category_id=538,"{""order"": ""SCORE_DESC"", ""groups"": [""trend"", ""style""], ""limits"": {""style"": 100, ""trend"": 100}, ""action_id"": ""a061b462-576a-4991-9146-62b2166c132a"", ""layout_id"": ""301"", ""max_delay"": 3.0, ""min_delay"": 1.5, ""category_id"": ""538"", ""module_slot_id"": ""s6C9txhfmfIi"", ""collection_type"": ""CNV""}",2026-09-29 04:34:53.356901+00:00,2026-09-30 04:34:53.397155+00:00,2026-09-16 05:14:22.757903+00:00,2026-09-28 01:34:50.013576+00:00
655,zigzag,지그재그,ZIGZAG 세부카테고리 랭킹 [상의>긴소매 티셔츠],RANKING,LIVE,True,1440,5,https://zigzag.kr/pages/srp-clp-category?category_id=474&sub_category_id=2792,"{""order"": ""SCORE_DESC"", ""max_rank"": 3, ""action_id"": ""a061b462-576a-4991-9146-62b2166c132a"", ""layout_id"": ""301"", ""max_delay"": 3.0, ""min_delay"": 1.5, ""group_name"": ""상의"", ""ranking_mode"": ""detail_category"", ""review_limit"": 3, ""module_slot_id"": ""s6C9txhfmfIi"", ""collect_reviews"": true, ""collection_type"": ""RANKING"", ""sub_category_id"": ""2792"", ""review_max_delay"": 0.5, ""review_min_delay"": 0.2, ""parent_category_id"": ""474"", ""detail_category_name"": ""긴소매 티셔츠"", ""parent_category_name"": ""상의""}",2026-10-01 08:42:15.840986+00:00,2026-10-02 08:42:15.879523+00:00,2026-09-28 01:34:51.377492+00:00,2026-09-28 01:34:51.377499+00:00
656,zigzag,지그재그,ZIGZAG 세부카테고리 랭킹 [상의>반소매 티셔츠],RANKING,LIVE,True,1440,5,https://zigzag.kr/pages/srp-clp-category?category_id=474&sub_category_id=2791,"{""order"": ""SCORE_DESC"", ""max_rank"": 100, ""action_id"": ""a061b462-576a-4991-9146-62b2166c132a"", ""layout_id"": ""301"", ""max_delay"": 3.0, ""min_delay"": 1.5, ""group_name"": ""상의"", ""ranking_mode"": ""detail_category"", ""review_limit"": 20, ""module_slot_id"": ""s6C9txhfmfIi"", ""collect_reviews"": true, ""collection_type"": ""RANKING"", ""sub_category_id"": ""2791"", ""review_max_delay"": 0.5, ""review_min_delay"": 0.2, ""parent_category_id"": ""474"", ""detail_category_name"": ""반소매 티셔츠"", ""parent_category_name"": ""상의""}",2026-09-29 04:36:13.473717+00:00,2026-09-30 04:36:13.522175+00:00,2026-09-28 01:34:51.505621+00:00,2026-09-28 01:34:51.505632+00:00
657,zigzag,지그재그,ZIGZAG 세부카테고리 랭킹 [상의>셔츠],RANKING,LIVE,True,1440,5,https://zigzag.kr/pages/srp-clp-category?category_id=474&sub_category_id=489,"{""order"": ""SCORE_DESC"", ""max_rank"": 100, ""action_id"": ""a061b462-576a-4991-9146-62b2166c132a"", ""layout_id"": ""301"", ""max_delay"": 3.0, ""min_delay"": 1.5, ""group_name"": ""상의"", ""ranking_mode"": ""detail_category"", ""review_limit"": 20, ""module_slot_id"": ""s6C9txhfmfIi"", ""collect_reviews"": true, ""collection_type"": ""RANKING"", ""sub_category_id"": ""489"", ""review_max_delay"": 0.5, ""review_min_delay"": 0.2, ""parent_category_id"": ""474"", ""detail_category_name"": ""셔츠"", ""parent_category_name"": ""상의""}",2026-09-29 04:37:31.557080+00:00,2026-09-30 04:37:31.596334+00:00,2026-09-28 01:34:51.619859+00:00,2026-09-28 01:34:51.619871+00:00
658,zigzag,지그재그,ZIGZAG 세부카테고리 랭킹 [상의>블라우스],RANKING,LIVE,True,1440,5,https://zigzag.kr/pages/srp-clp-category?category_id=474&sub_category_id=498,"{""order"": ""SCORE_DESC"", ""max_rank"": 100, ""action_id"": ""a061b462-576a-4991-9146-62b2166c132a"", ""layout_id"": ""301"", ""max_delay"": 3.0, ""min_delay"": 1.5, ""group_name"": ""상의"", ""ranking_mode"": ""detail_category"", ""review_limit"": 20, ""module_slot_id"": ""s6C9txhfmfIi"", ""collect_reviews"": true, ""collection_type"": ""RANKING"", ""sub_category_id"": ""498"", ""review_max_delay"": 0.5, ""review_min_delay"": 0.2, ""parent_category_id"": ""474"", ""detail_category_name"": ""블라우스"", ""parent_category_name"": ""상의""}",2026-09-29 04:38:52.620805+00:00,2026-09-30 04:38:52.651713+00:00,2026-09-28 01:34:51.737672+00:00,2026-09-28 01:34:51.737688+00:00
659,zigzag,지그재그,ZIGZAG 세부카테고리 랭킹 [상의>니트/스웨터],RANKING,LIVE,True,1440,5,https://zigzag.kr/pages/srp-clp-category?category_id=474&sub_category_id=482,"{""order"": ""SCORE_DESC"", ""max_rank"": 100, ""action_id"": ""a061b462-576a-4991-9146-62b2166c132a"", ""layout_id"": ""301"", ""max_delay"": 3.0, ""min_delay"": 1.5, ""group_name"": ""상의"", ""ranking_mode"": ""detail_category"", ""review_limit"": 20, ""module_slot_id"": ""s6C9txhfmfIi"", ""collect_reviews"": true, ""collection_type"": ""RANKING"", ""sub_category_id"": ""482"", ""review_max_delay"": 0.5, ""review_min_delay"": 0.2, ""parent_category_id"": ""474"", ""detail_category_name"": ""니트/스웨터"", ""parent_category_name"": ""상의""}",2026-09-29 04:40:09.042439+00:00,2026-09-30 04:40:09.093915+00:00,2026-09-28 01:34:51.858980+00:00,2026-09-28 01:34:51.858993+00:00
660,zigzag,지그재그,ZIGZAG 세부카테고리 랭킹 [상의>맨투맨],RANKING,LIVE,True,1440,5,https://zigzag.kr/pages/srp-clp-category?category_id=474&sub_category_id=494,"{""order"": ""SCORE_DESC"", ""max_rank"": 100, ""action_id"": ""a061b462-576a-4991-9146-62b2166c132a"", ""layout_id"": ""301"", ""max_delay"": 3.0, ""min_delay"": 1.5, ""group_name"": ""상의"", ""ranking_mode"": ""detail_category"", ""review_limit"": 20, ""module_slot_id"": ""s6C9txhfmfIi"", ""collect_reviews"": true, ""collection_type"": ""RANKING"", ""sub_category_id"": ""494"", ""review_max_delay"": 0.5, ""review_min_delay"": 0.2, ""parent_category_id"": ""474"", ""detail_category_name"": ""맨투맨"", ""parent_category_name"": ""상의""}",2026-09-29 04:41:23.981977+00:00,2026-09-30 04:41:24.042015+00:00,2026-09-28 01:34:51.979741+00:00,2026-09-28 01:34:51.979754+00:00
661,zigzag,지그재그,ZIGZAG 세부카테고리 랭킹 [상의>후드],RANKING,LIVE,True,1440,5,https://zigzag.kr/pages/srp-clp-category?category_id=474&sub_category_id=495,"{""order"": ""SCORE_DESC"", ""max_rank"": 100, ""action_id"": ""a061b462-576a-4991-9146-62b2166c132a"", ""layout_id"": ""301"", ""max_delay"": 3.0, ""min_delay"": 1.5, ""group_name"": ""상의"", ""ranking_mode"": ""detail_category"", ""review_limit"": 20, ""module_slot_id"": ""s6C9txhfmfIi"", ""collect_reviews"": true, ""collection_type"": ""RANKING"", ""sub_category_id"": ""495"", ""review_max_delay"": 0.5, ""review_min_delay"": 0.2, ""parent_category_id"": ""474"", ""detail_category_name"": ""후드"", ""parent_category_name"": ""상의""}",2026-09-29 04:42:45.300591+00:00,2026-09-30 04:42:45.343478+00:00,2026-09-28 01:34:52.089472+00:00,2026-09-28 01:34:52.089482+00:00
662,zigzag,지그재그,ZIGZAG 세부카테고리 랭킹 [상의>슬리브리스],RANKING,LIVE,True,1440,5,https://zigzag.kr/pages/srp-clp-category?category_id=474&sub_category_id=499,"{""order"": ""SCORE_DESC"", ""max_rank"": 100, ""action_id"": ""a061b462-576a-4991-9146-62b2166c132a"", ""layout_id"": ""301"", ""max_delay"": 3.0, ""min_delay"": 1.5, ""group_name"": ""상의"", ""ranking_mode"": ""detail_category"", ""review_limit"": 20, ""module_slot_id"": ""s6C9txhfmfIi"", ""collect_reviews"": true, ""collection_type"": ""RANKING"", ""sub_category_id"": ""499"", ""review_max_delay"": 0.5, ""review_min_delay"": 0.2, ""parent_category_id"": ""474"", ""detail_category_name"": ""슬리브리스"", ""parent_category_name"": ""상의""}",2026-09-29 04:44:20.420485+00:00,2026-09-30 04:44:20.458571+00:00,2026-09-28 01:34:52.198727+00:00,2026-09-28 01:34:52.198736+00:00
663,zigzag,지그재그,ZIGZAG 세부카테고리 랭킹 [팬츠>데님팬츠],RANKING,LIVE,True,1440,5,https://zigzag.kr/pages/srp-clp-category?category_id=547&sub_category_id=2796,"{""order"": ""SCORE_DESC"", ""max_rank"": 100, ""action_id"": ""a061b462-576a-4991-9146-62b2166c132a"", ""layout_id"": ""301"", ""max_delay"": 3.0, ""min_delay"": 1.5, ""group_name"": ""팬츠"", ""ranking_mode"": ""detail_category"", ""review_limit"": 20, ""module_slot_id"": ""s6C9txhfmfIi"", ""collect_reviews"": true, ""collection_type"": ""RANKING"", ""sub_category_id"": ""2796"", ""review_max_delay"": 0.5, ""review_min_delay"": 0.2, ""parent_category_id"": ""547"", ""detail_category_name"": ""데님팬츠"", ""parent_category_name"": ""팬츠""}",2026-09-29 04:45:51.233591+00:00,2026-09-30 04:45:51.268325+00:00,2026-09-28 01:34:52.312079+00:00,2026-09-28 01:34:52.312094+00:00
664,zigzag,지그재그,ZIGZAG 세부카테고리 랭킹 [팬츠>일자팬츠],RANKING,LIVE,True,1440,5,https://zigzag.kr/pages/srp-clp-category?category_id=547&sub_category_id=548,"{""order"": ""SCORE_DESC"", ""max_rank"": 100, ""action_id"": ""a061b462-576a-4991-9146-62b2166c132a"", ""layout_id"": ""301"", ""max_delay"": 3.0, ""min_delay"": 1.5, ""group_name"": ""팬츠"", ""ranking_mode"": ""detail_category"", ""review_limit"": 20, ""module_slot_id"": ""s6C9txhfmfIi"", ""collect_reviews"": true, ""collection_type"": ""RANKING"", ""sub_category_id"": ""548"", ""review_max_delay"": 0.5, ""review_min_delay"": 0.2, ""parent_category_id"": ""547"", ""detail_category_name"": ""일자팬츠"", ""parent_category_name"": ""팬츠""}",2026-09-29 04:47:23.555018+00:00,2026-09-30 04:47:23.590633+00:00,2026-09-28 01:34:52.464460+00:00,2026-09-28 01:34:52.464472+00:00
665,zigzag,지그재그,ZIGZAG 세부카테고리 랭킹 [팬츠>슬랙스팬츠],RANKING,LIVE,True,1440,5,https://zigzag.kr/pages/srp-clp-category?category_id=547&sub_category_id=549,"{""order"": ""SCORE_DESC"", ""max_rank"": 100, ""action_id"": ""a061b462-576a-4991-9146-62b2166c132a"", ""layout_id"": ""301"", ""max_delay"": 3.0, ""min_delay"": 1.5, ""group_name"": ""팬츠"", ""ranking_mode"": ""detail_category"", ""review_limit"": 20, ""module_slot_id"": ""s6C9txhfmfIi"", ""collect_reviews"": true, ""collection_type"": ""RANKING"", ""sub_category_id"": ""549"", ""review_max_delay"": 0.5, ""review_min_delay"": 0.2, ""parent_category_id"": ""547"", ""detail_category_name"": ""슬랙스팬츠"", ""parent_category_name"": ""팬츠""}",2026-09-29 04:48:51.978631+00:00,2026-09-30 04:48:52.014304+00:00,2026-09-28 01:34:52.605230+00:00,2026-09-28 01:34:52.605241+00:00
666,zigzag,지그재그,ZIGZAG 세부카테고리 랭킹 [팬츠>와이드팬츠],RANKING,LIVE,True,1440,5,https://zigzag.kr/pages/srp-clp-category?category_id=547&sub_category_id=551,"{""order"": ""SCORE_DESC"", ""max_rank"": 100, ""action_id"": ""a061b462-576a-4991-9146-62b2166c132a"", ""layout_id"": ""301"", ""max_delay"": 3.0, ""min_delay"": 1.5, ""group_name"": ""팬츠"", ""ranking_mode"": ""detail_category"", ""review_limit"": 20, ""module_slot_id"": ""s6C9txhfmfIi"", ""collect_reviews"": true, ""collection_type"": ""RANKING"", ""sub_category_id"": ""551"", ""review_max_delay"": 0.5, ""review_min_delay"": 0.2, ""parent_category_id"": ""547"", ""detail_category_name"": ""와이드팬츠"", ""parent_category_name"": ""팬츠""}",2026-09-29 04:50:16.900189+00:00,2026-09-30 04:50:16.960541+00:00,2026-09-28 01:34:52.708925+00:00,2026-09-28 01:34:52.708935+00:00
667,zigzag,지그재그,ZIGZAG 세부카테고리 랭킹 [팬츠>스키니팬츠],RANKING,LIVE,True,1440,5,https://zigzag.kr/pages/srp-clp-category?category_id=547&sub_category_id=552,"{""order"": ""SCORE_DESC"", ""max_rank"": 100, ""action_id"": ""a061b462-576a-4991-9146-62b2166c132a"", ""layout_id"": ""301"", ""max_delay"": 3.0, ""min_delay"": 1.5, ""group_name"": ""팬츠"", ""ranking_mode"": ""detail_category"", ""review_limit"": 20, ""module_slot_id"": ""s6C9txhfmfIi"", ""collect_reviews"": true, ""collection_type"": ""RANKING"", ""sub_category_id"": ""552"", ""review_max_delay"": 0.5, ""review_min_delay"": 0.2, ""parent_category_id"": ""547"", ""detail_category_name"": ""스키니팬츠"", ""parent_category_name"": ""팬츠""}",2026-09-29 04:51:35.300641+00:00,2026-09-30 04:51:35.336021+00:00,2026-09-28 01:34:52.814346+00:00,2026-09-28 01:34:52.814352+00:00
668,zigzag,지그재그,ZIGZAG 세부카테고리 랭킹 [팬츠>부츠컷팬츠],RANKING,LIVE,True,1440,5,https://zigzag.kr/pages/srp-clp-category?category_id=547&sub_category_id=553,"{""order"": ""SCORE_DESC"", ""max_rank"": 100, ""action_id"": ""a061b462-576a-4991-9146-62b2166c132a"", ""layout_id"": ""301"", ""max_delay"": 3.0, ""min_delay"": 1.5, ""group_name"": ""팬츠"", ""ranking_mode"": ""detail_category"", ""review_limit"": 20, ""module_slot_id"": ""s6C9txhfmfIi"", ""collect_reviews"": true, ""collection_type"": ""RANKING"", ""sub_category_id"": ""553"", ""review_max_delay"": 0.5, ""review_min_delay"": 0.2, ""parent_category_id"": ""547"", ""detail_category_name"": ""부츠컷팬츠"", ""parent_category_name"": ""팬츠""}",2026-09-29 04:52:54.265075+00:00,2026-09-30 04:52:54.294652+00:00,2026-09-28 01:34:52.924682+00:00,2026-09-28 01:34:52.924692+00:00
669,zigzag,지그재그,ZIGZAG 세부카테고리 랭킹 [팬츠>조거팬츠],RANKING,LIVE,True,1440,5,https://zigzag.kr/pages/srp-clp-category?category_id=547&sub_category_id=554,"{""order"": ""SCORE_DESC"", ""max_rank"": 100, ""action_id"": ""a061b462-576a-4991-9146-62b2166c132a"", ""layout_id"": ""301"", ""max_delay"": 3.0, ""min_delay"": 1.5, ""group_name"": ""팬츠"", ""ranking_mode"": ""detail_category"", ""review_limit"": 20, ""module_slot_id"": ""s6C9txhfmfIi"", ""collect_reviews"": true, ""collection_type"": ""RANKING"", ""sub_category_id"": ""554"", ""review_max_delay"": 0.5, ""review_min_delay"": 0.2, ""parent_category_id"": ""547"", ""detail_category_name"": ""조거팬츠"", ""parent_category_name"": ""팬츠""}",2026-09-29 04:54:14.871708+00:00,2026-09-30 04:54:14.900183+00:00,2026-09-28 01:34:53.045633+00:00,2026-09-28 01:34:53.045644+00:00
670,zigzag,지그재그,ZIGZAG 세부카테고리 랭킹 [팬츠>숏팬츠],RANKING,LIVE,True,1440,5,https://zigzag.kr/pages/srp-clp-category?category_id=547&sub_category_id=550,"{""order"": ""SCORE_DESC"", ""max_rank"": 100, ""action_id"": ""a061b462-576a-4991-9146-62b2166c132a"", ""layout_id"": ""301"", ""max_delay"": 3.0, ""min_delay"": 1.5, ""group_name"": ""팬츠"", ""ranking_mode"": ""detail_category"", ""review_limit"": 20, ""module_slot_id"": ""s6C9txhfmfIi"", ""collect_reviews"": true, ""collection_type"": ""RANKING"", ""sub_category_id"": ""550"", ""review_max_delay"": 0.5, ""review_min_delay"": 0.2, ""parent_category_id"": ""547"", ""detail_category_name"": ""숏팬츠"", ""parent_category_name"": ""팬츠""}",2026-09-29 04:55:31.742365+00:00,2026-09-30 04:55:31.770520+00:00,2026-09-28 01:34:53.153432+00:00,2026-09-28 01:34:53.153440+00:00
671,zigzag,지그재그,ZIGZAG 세부카테고리 랭킹 [팬츠>점프수트],RANKING,LIVE,True,1440,5,https://zigzag.kr/pages/srp-clp-category?category_id=547&sub_category_id=556,"{""order"": ""SCORE_DESC"", ""max_rank"": 100, ""action_id"": ""a061b462-576a-4991-9146-62b2166c132a"", ""layout_id"": ""301"", ""max_delay"": 3.0, ""min_delay"": 1.5, ""group_name"": ""팬츠"", ""ranking_mode"": ""detail_category"", ""review_limit"": 20, ""module_slot_id"": ""s6C9txhfmfIi"", ""collect_reviews"": true, ""collection_type"": ""RANKING"", ""sub_category_id"": ""556"", ""review_max_delay"": 0.5, ""review_min_delay"": 0.2, ""parent_category_id"": ""547"", ""detail_category_name"": ""점프수트"", ""parent_category_name"": ""팬츠""}",2026-09-29 04:56:45.603559+00:00,2026-09-30 04:56:45.635265+00:00,2026-09-28 01:34:53.260608+00:00,2026-09-28 01:34:53.260619+00:00
672,zigzag,지그재그,ZIGZAG 세부카테고리 랭킹 [팬츠>레깅스],RANKING,LIVE,True,1440,5,https://zigzag.kr/pages/srp-clp-category?category_id=547&sub_category_id=559,"{""order"": ""SCORE_DESC"", ""max_rank"": 100, ""action_id"": ""a061b462-576a-4991-9146-62b2166c132a"", ""layout_id"": ""301"", ""max_delay"": 3.0, ""min_delay"": 1.5, ""group_name"": ""팬츠"", ""ranking_mode"": ""detail_category"", ""review_limit"": 20, ""module_slot_id"": ""s6C9txhfmfIi"", ""collect_reviews"": true, ""collection_type"": ""RANKING"", ""sub_category_id"": ""559"", ""review_max_delay"": 0.5, ""review_min_delay"": 0.2, ""parent_category_id"": ""547"", ""detail_category_name"": ""레깅스"", ""parent_category_name"": ""팬츠""}",2026-09-29 04:57:57.682329+00:00,2026-09-30 04:57:57.712922+00:00,2026-09-28 01:34:53.381235+00:00,2026-09-28 01:34:53.381250+00:00
673,zigzag,지그재그,ZIGZAG 세부카테고리 랭킹 [팬츠>기타팬츠],RANKING,LIVE,True,1440,5,https://zigzag.kr/pages/srp-clp-category?category_id=547&sub_category_id=2756,"{""order"": ""SCORE_DESC"", ""max_rank"": 100, ""action_id"": ""a061b462-576a-4991-9146-62b2166c132a"", ""layout_id"": ""301"", ""max_delay"": 3.0, ""min_delay"": 1.5, ""group_name"": ""팬츠"", ""ranking_mode"": ""detail_category"", ""review_limit"": 20, ""module_slot_id"": ""s6C9txhfmfIi"", ""collect_reviews"": true, ""collection_type"": ""RANKING"", ""sub_category_id"": ""2756"", ""review_max_delay"": 0.5, ""review_min_delay"": 0.2, ""parent_category_id"": ""547"", ""detail_category_name"": ""기타팬츠"", ""parent_category_name"": ""팬츠""}",2026-09-29 04:59:12.285369+00:00,2026-09-30 04:59:12.319945+00:00,2026-09-28 01:34:53.514956+00:00,2026-09-28 01:34:53.514962+00:00
674,zigzag,지그재그,ZIGZAG 세부카테고리 랭킹 [아우터>카디건],RANKING,LIVE,True,1440,5,https://zigzag.kr/pages/srp-clp-category?category_id=436&sub_category_id=437,"{""order"": ""SCORE_DESC"", ""max_rank"": 100, ""action_id"": ""a061b462-576a-4991-9146-62b2166c132a"", ""layout_id"": ""301"", ""max_delay"": 3.0, ""min_delay"": 1.5, ""group_name"": ""아우터"", ""ranking_mode"": ""detail_category"", ""review_limit"": 20, ""module_slot_id"": ""s6C9txhfmfIi"", ""collect_reviews"": true, ""collection_type"": ""RANKING"", ""sub_category_id"": ""437"", ""review_max_delay"": 0.5, ""review_min_delay"": 0.2, ""parent_category_id"": ""436"", ""detail_category_name"": ""카디건"", ""parent_category_name"": ""아우터""}",2026-09-29 05:00:25.246883+00:00,2026-09-30 05:00:25.289292+00:00,2026-09-28 01:34:53.637358+00:00,2026-09-28 01:34:53.637368+00:00
675,zigzag,지그재그,ZIGZAG 세부카테고리 랭킹 [아우터>재킷],RANKING,LIVE,True,1440,5,https://zigzag.kr/pages/srp-clp-category?category_id=436&sub_category_id=438,"{""order"": ""SCORE_DESC"", ""max_rank"": 100, ""action_id"": ""a061b462-576a-4991-9146-62b2166c132a"", ""layout_id"": ""301"", ""max_delay"": 3.0, ""min_delay"": 1.5, ""group_name"": ""아우터"", ""ranking_mode"": ""detail_category"", ""review_limit"": 20, ""module_slot_id"": ""s6C9txhfmfIi"", ""collect_reviews"": true, ""collection_type"": ""RANKING"", ""sub_category_id"": ""438"", ""review_max_delay"": 0.5, ""review_min_delay"": 0.2, ""parent_category_id"": ""436"", ""detail_category_name"": ""재킷"", ""parent_category_name"": ""아우터""}",2026-09-29 05:01:38.243381+00:00,2026-09-30 05:01:38.279189+00:00,2026-09-28 01:34:53.756936+00:00,2026-09-28 01:34:53.756946+00:00
676,zigzag,지그재그,ZIGZAG 세부카테고리 랭킹 [아우터>점퍼],RANKING,LIVE,True,1440,5,https://zigzag.kr/pages/srp-clp-category?category_id=436&sub_category_id=454,"{""order"": ""SCORE_DESC"", ""max_rank"": 100, ""action_id"": ""a061b462-576a-4991-9146-62b2166c132a"", ""layout_id"": ""301"", ""max_delay"": 3.0, ""min_delay"": 1.5, ""group_name"": ""아우터"", ""ranking_mode"": ""detail_category"", ""review_limit"": 20, ""module_slot_id"": ""s6C9txhfmfIi"", ""collect_reviews"": true, ""collection_type"": ""RANKING"", ""sub_category_id"": ""454"", ""review_max_delay"": 0.5, ""review_min_delay"": 0.2, ""parent_category_id"": ""436"", ""detail_category_name"": ""점퍼"", ""parent_category_name"": ""아우터""}",2026-09-29 05:02:53.512758+00:00,2026-09-30 05:02:53.541243+00:00,2026-09-28 01:34:53.870493+00:00,2026-09-28 01:34:53.870508+00:00
677,zigzag,지그재그,ZIGZAG 세부카테고리 랭킹 [아우터>레더재킷],RANKING,LIVE,True,1440,5,https://zigzag.kr/pages/srp-clp-category?category_id=436&sub_category_id=442,"{""order"": ""SCORE_DESC"", ""max_rank"": 100, ""action_id"": ""a061b462-576a-4991-9146-62b2166c132a"", ""layout_id"": ""301"", ""max_delay"": 3.0, ""min_delay"": 1.5, ""group_name"": ""아우터"", ""ranking_mode"": ""detail_category"", ""review_limit"": 20, ""module_slot_id"": ""s6C9txhfmfIi"", ""collect_reviews"": true, ""collection_type"": ""RANKING"", ""sub_category_id"": ""442"", ""review_max_delay"": 0.5, ""review_min_delay"": 0.2, ""parent_category_id"": ""436"", ""detail_category_name"": ""레더재킷"", ""parent_category_name"": ""아우터""}",2026-09-29 05:04:07.112462+00:00,2026-09-30 05:04:07.138308+00:00,2026-09-28 01:34:54.046128+00:00,2026-09-28 01:34:54.046143+00:00
678,zigzag,지그재그,ZIGZAG 세부카테고리 랭킹 [아우터>트렌치코트],RANKING,LIVE,True,1440,5,https://zigzag.kr/pages/srp-clp-category?category_id=436&sub_category_id=447,"{""order"": ""SCORE_DESC"", ""max_rank"": 100, ""action_id"": ""a061b462-576a-4991-9146-62b2166c132a"", ""layout_id"": ""301"", ""max_delay"": 3.0, ""min_delay"": 1.5, ""group_name"": ""아우터"", ""ranking_mode"": ""detail_category"", ""review_limit"": 20, ""module_slot_id"": ""s6C9txhfmfIi"", ""collect_reviews"": true, ""collection_type"": ""RANKING"", ""sub_category_id"": ""447"", ""review_max_delay"": 0.5, ""review_min_delay"": 0.2, ""parent_category_id"": ""436"", ""detail_category_name"": ""트렌치코트"", ""parent_category_name"": ""아우터""}",2026-09-29 05:05:27.589197+00:00,2026-09-30 05:05:27.646515+00:00,2026-09-28 01:34:54.169614+00:00,2026-09-28 01:34:54.169623+00:00
679,zigzag,지그재그,ZIGZAG 세부카테고리 랭킹 [아우터>트위드재킷],RANKING,LIVE,True,1440,5,https://zigzag.kr/pages/srp-clp-category?category_id=436&sub_category_id=441,"{""order"": ""SCORE_DESC"", ""max_rank"": 100, ""action_id"": ""a061b462-576a-4991-9146-62b2166c132a"", ""layout_id"": ""301"", ""max_delay"": 3.0, ""min_delay"": 1.5, ""group_name"": ""아우터"", ""ranking_mode"": ""detail_category"", ""review_limit"": 20, ""module_slot_id"": ""s6C9txhfmfIi"", ""collect_reviews"": true, ""collection_type"": ""RANKING"", ""sub_category_id"": ""441"", ""review_max_delay"": 0.5, ""review_min_delay"": 0.2, ""parent_category_id"": ""436"", ""detail_category_name"": ""트위드재킷"", ""parent_category_name"": ""아우터""}",2026-09-29 05:06:42.632142+00:00,2026-09-30 05:06:42.664792+00:00,2026-09-28 01:34:54.279726+00:00,2026-09-28 01:34:54.279783+00:00
680,zigzag,지그재그,ZIGZAG 세부카테고리 랭킹 [아우터>사파리재킷],RANKING,LIVE,True,1440,5,https://zigzag.kr/pages/srp-clp-category?category_id=436&sub_category_id=460,"{""order"": ""SCORE_DESC"", ""max_rank"": 100, ""action_id"": ""a061b462-576a-4991-9146-62b2166c132a"", ""layout_id"": ""301"", ""max_delay"": 3.0, ""min_delay"": 1.5, ""group_name"": ""아우터"", ""ranking_mode"": ""detail_category"", ""review_limit"": 20, ""module_slot_id"": ""s6C9txhfmfIi"", ""collect_reviews"": true, ""collection_type"": ""RANKING"", ""sub_category_id"": ""460"", ""review_max_delay"": 0.5, ""review_min_delay"": 0.2, ""parent_category_id"": ""436"", ""detail_category_name"": ""사파리재킷"", ""parent_category_name"": ""아우터""}",2026-09-29 05:07:59.241196+00:00,2026-09-30 05:07:59.271405+00:00,2026-09-28 01:34:54.389655+00:00,2026-09-28 01:34:54.389665+00:00
681,zigzag,지그재그,ZIGZAG 세부카테고리 랭킹 [아우터>베스트],RANKING,LIVE,True,1440,5,https://zigzag.kr/pages/srp-clp-category?category_id=436&sub_category_id=461,"{""order"": ""SCORE_DESC"", ""max_rank"": 100, ""action_id"": ""a061b462-576a-4991-9146-62b2166c132a"", ""layout_id"": ""301"", ""max_delay"": 3.0, ""min_delay"": 1.5, ""group_name"": ""아우터"", ""ranking_mode"": ""detail_category"", ""review_limit"": 20, ""module_slot_id"": ""s6C9txhfmfIi"", ""collect_reviews"": true, ""collection_type"": ""RANKING"", ""sub_category_id"": ""461"", ""review_max_delay"": 0.5, ""review_min_delay"": 0.2, ""parent_category_id"": ""436"", ""detail_category_name"": ""베스트"", ""parent_category_name"": ""아우터""}",2026-09-29 05:09:09.390933+00:00,2026-09-30 05:09:09.428056+00:00,2026-09-28 01:34:54.511544+00:00,2026-09-28 01:34:54.511556+00:00
682,zigzag,지그재그,ZIGZAG 세부카테고리 랭킹 [아우터>숏코트],RANKING,LIVE,True,1440,5,https://zigzag.kr/pages/srp-clp-category?category_id=436&sub_category_id=2787,"{""order"": ""SCORE_DESC"", ""max_rank"": 100, ""action_id"": ""a061b462-576a-4991-9146-62b2166c132a"", ""layout_id"": ""301"", ""max_delay"": 3.0, ""min_delay"": 1.5, ""group_name"": ""아우터"", ""ranking_mode"": ""detail_category"", ""review_limit"": 20, ""module_slot_id"": ""s6C9txhfmfIi"", ""collect_reviews"": true, ""collection_type"": ""RANKING"", ""sub_category_id"": ""2787"", ""review_max_delay"": 0.5, ""review_min_delay"": 0.2, ""parent_category_id"": ""436"", ""detail_category_name"": ""숏코트"", ""parent_category_name"": ""아우터""}",2026-09-29 05:10:27.289535+00:00,2026-09-30 05:10:27.329096+00:00,2026-09-28 01:34:54.641195+00:00,2026-09-28 01:34:54.641207+00:00
683,zigzag,지그재그,ZIGZAG 세부카테고리 랭킹 [아우터>하프코트],RANKING,LIVE,True,1440,5,https://zigzag.kr/pages/srp-clp-category?category_id=436&sub_category_id=2788,"{""order"": ""SCORE_DESC"", ""max_rank"": 100, ""action_id"": ""a061b462-576a-4991-9146-62b2166c132a"", ""layout_id"": ""301"", ""max_delay"": 3.0, ""min_delay"": 1.5, ""group_name"": ""아우터"", ""ranking_mode"": ""detail_category"", ""review_limit"": 20, ""module_slot_id"": ""s6C9txhfmfIi"", ""collect_reviews"": true, ""collection_type"": ""RANKING"", ""sub_category_id"": ""2788"", ""review_max_delay"": 0.5, ""review_min_delay"": 0.2, ""parent_category_id"": ""436"", ""detail_category_name"": ""하프코트"", ""parent_category_name"": ""아우터""}",2026-09-29 05:11:41.203787+00:00,2026-09-30 05:11:41.233098+00:00,2026-09-28 01:34:54.751219+00:00,2026-09-28 01:34:54.751228+00:00
684,zigzag,지그재그,ZIGZAG 세부카테고리 랭킹 [아우터>롱코트],RANKING,LIVE,True,1440,5,https://zigzag.kr/pages/srp-clp-category?category_id=436&sub_category_id=2789,"{""order"": ""SCORE_DESC"", ""max_rank"": 100, ""action_id"": ""a061b462-576a-4991-9146-62b2166c132a"", ""layout_id"": ""301"", ""max_delay"": 3.0, ""min_delay"": 1.5, ""group_name"": ""아우터"", ""ranking_mode"": ""detail_category"", ""review_limit"": 20, ""module_slot_id"": ""s6C9txhfmfIi"", ""collect_reviews"": true, ""collection_type"": ""RANKING"", ""sub_category_id"": ""2789"", ""review_max_delay"": 0.5, ""review_min_delay"": 0.2, ""parent_category_id"": ""436"", ""detail_category_name"": ""롱코트"", ""parent_category_name"": ""아우터""}",2026-09-29 05:13:12.438580+00:00,2026-09-30 05:13:12.495784+00:00,2026-09-28 01:34:54.887272+00:00,2026-09-28 01:34:54.887279+00:00
685,zigzag,지그재그,ZIGZAG 세부카테고리 랭킹 [아우터>숏패딩],RANKING,LIVE,True,1440,5,https://zigzag.kr/pages/srp-clp-category?category_id=436&sub_category_id=463,"{""order"": ""SCORE_DESC"", ""max_rank"": 100, ""action_id"": ""a061b462-576a-4991-9146-62b2166c132a"", ""layout_id"": ""301"", ""max_delay"": 3.0, ""min_delay"": 1.5, ""group_name"": ""아우터"", ""ranking_mode"": ""detail_category"", ""review_limit"": 20, ""module_slot_id"": ""s6C9txhfmfIi"", ""collect_reviews"": true, ""collection_type"": ""RANKING"", ""sub_category_id"": ""463"", ""review_max_delay"": 0.5, ""review_min_delay"": 0.2, ""parent_category_id"": ""436"", ""detail_category_name"": ""숏패딩"", ""parent_category_name"": ""아우터""}",2026-09-29 05:14:51.019936+00:00,2026-09-30 05:14:51.063557+00:00,2026-09-28 01:34:55.001045+00:00,2026-09-28 01:34:55.001063+00:00
686,zigzag,지그재그,ZIGZAG 세부카테고리 랭킹 [아우터>롱패딩],RANKING,LIVE,True,1440,5,https://zigzag.kr/pages/srp-clp-category?category_id=436&sub_category_id=464,"{""order"": ""SCORE_DESC"", ""max_rank"": 100, ""action_id"": ""a061b462-576a-4991-9146-62b2166c132a"", ""layout_id"": ""301"", ""max_delay"": 3.0, ""min_delay"": 1.5, ""group_name"": ""아우터"", ""ranking_mode"": ""detail_category"", ""review_limit"": 20, ""module_slot_id"": ""s6C9txhfmfIi"", ""collect_reviews"": true, ""collection_type"": ""RANKING"", ""sub_category_id"": ""464"", ""review_max_delay"": 0.5, ""review_min_delay"": 0.2, ""parent_category_id"": ""436"", ""detail_category_name"": ""롱패딩"", ""parent_category_name"": ""아우터""}",2026-09-29 05:16:17.841735+00:00,2026-09-30 05:16:17.876452+00:00,2026-09-28 01:34:55.116705+00:00,2026-09-28 01:34:55.116717+00:00
687,zigzag,지그재그,ZIGZAG 세부카테고리 랭킹 [아우터>경량 패딩],RANKING,LIVE,True,1440,5,https://zigzag.kr/pages/srp-clp-category?category_id=436&sub_category_id=466,"{""order"": ""SCORE_DESC"", ""max_rank"": 100, ""action_id"": ""a061b462-576a-4991-9146-62b2166c132a"", ""layout_id"": ""301"", ""max_delay"": 3.0, ""min_delay"": 1.5, ""group_name"": ""아우터"", ""ranking_mode"": ""detail_category"", ""review_limit"": 20, ""module_slot_id"": ""s6C9txhfmfIi"", ""collect_reviews"": true, ""collection_type"": ""RANKING"", ""sub_category_id"": ""466"", ""review_max_delay"": 0.5, ""review_min_delay"": 0.2, ""parent_category_id"": ""436"", ""detail_category_name"": ""경량 패딩"", ""parent_category_name"": ""아우터""}",2026-09-29 05:17:46.328899+00:00,2026-09-30 05:17:46.379446+00:00,2026-09-28 01:34:55.223852+00:00,2026-09-28 01:34:55.223858+00:00
688,zigzag,지그재그,ZIGZAG 세부카테고리 랭킹 [아우터>퍼코트],RANKING,LIVE,True,1440,5,https://zigzag.kr/pages/srp-clp-category?category_id=436&sub_category_id=451,"{""order"": ""SCORE_DESC"", ""max_rank"": 100, ""action_id"": ""a061b462-576a-4991-9146-62b2166c132a"", ""layout_id"": ""301"", ""max_delay"": 3.0, ""min_delay"": 1.5, ""group_name"": ""아우터"", ""ranking_mode"": ""detail_category"", ""review_limit"": 20, ""module_slot_id"": ""s6C9txhfmfIi"", ""collect_reviews"": true, ""collection_type"": ""RANKING"", ""sub_category_id"": ""451"", ""review_max_delay"": 0.5, ""review_min_delay"": 0.2, ""parent_category_id"": ""436"", ""detail_category_name"": ""퍼코트"", ""parent_category_name"": ""아우터""}",2026-09-29 05:19:05.467265+00:00,2026-09-30 05:19:05.499177+00:00,2026-09-28 01:34:55.345088+00:00,2026-09-28 01:34:55.345100+00:00
689,zigzag,지그재그,ZIGZAG 세부카테고리 랭킹 [아우터>무스탕],RANKING,LIVE,True,1440,5,https://zigzag.kr/pages/srp-clp-category?category_id=436&sub_category_id=445,"{""order"": ""SCORE_DESC"", ""max_rank"": 100, ""action_id"": ""a061b462-576a-4991-9146-62b2166c132a"", ""layout_id"": ""301"", ""max_delay"": 3.0, ""min_delay"": 1.5, ""group_name"": ""아우터"", ""ranking_mode"": ""detail_category"", ""review_limit"": 20, ""module_slot_id"": ""s6C9txhfmfIi"", ""collect_reviews"": true, ""collection_type"": ""RANKING"", ""sub_category_id"": ""445"", ""review_max_delay"": 0.5, ""review_min_delay"": 0.2, ""parent_category_id"": ""436"", ""detail_category_name"": ""무스탕"", ""parent_category_name"": ""아우터""}",2026-09-29 05:20:28.363036+00:00,2026-09-30 05:20:28.396938+00:00,2026-09-28 01:34:55.463970+00:00,2026-09-28 01:34:55.463978+00:00
690,zigzag,지그재그,ZIGZAG 세부카테고리 랭킹 [아우터>레인코트],RANKING,LIVE,True,1440,5,https://zigzag.kr/pages/srp-clp-category?category_id=436&sub_category_id=453,"{""order"": ""SCORE_DESC"", ""max_rank"": 100, ""action_id"": ""a061b462-576a-4991-9146-62b2166c132a"", ""layout_id"": ""301"", ""max_delay"": 3.0, ""min_delay"": 1.5, ""group_name"": ""아우터"", ""ranking_mode"": ""detail_category"", ""review_limit"": 20, ""module_slot_id"": ""s6C9txhfmfIi"", ""collect_reviews"": true, ""collection_type"": ""RANKING"", ""sub_category_id"": ""453"", ""review_max_delay"": 0.5, ""review_min_delay"": 0.2, ""parent_category_id"": ""436"", ""detail_category_name"": ""레인코트"", ""parent_category_name"": ""아우터""}",2026-09-29 05:22:05.341291+00:00,2026-09-30 05:22:05.389430+00:00,2026-09-28 01:34:55.589247+00:00,2026-09-28 01:34:55.589258+00:00
691,zigzag,지그재그,ZIGZAG 세부카테고리 랭킹 [스커트>미니스커트],RANKING,LIVE,True,1440,5,https://zigzag.kr/pages/srp-clp-category?category_id=560&sub_category_id=561,"{""order"": ""SCORE_DESC"", ""max_rank"": 100, ""action_id"": ""a061b462-576a-4991-9146-62b2166c132a"", ""layout_id"": ""301"", ""max_delay"": 3.0, ""min_delay"": 1.5, ""group_name"": ""스커트"", ""ranking_mode"": ""detail_category"", ""review_limit"": 20, ""module_slot_id"": ""s6C9txhfmfIi"", ""collect_reviews"": true, ""collection_type"": ""RANKING"", ""sub_category_id"": ""561"", ""review_max_delay"": 0.5, ""review_min_delay"": 0.2, ""parent_category_id"": ""560"", ""detail_category_name"": ""미니스커트"", ""parent_category_name"": ""스커트""}",2026-09-29 05:23:26.984514+00:00,2026-09-30 05:23:27.013445+00:00,2026-09-28 01:34:55.708495+00:00,2026-09-28 01:34:55.708505+00:00
692,zigzag,지그재그,ZIGZAG 세부카테고리 랭킹 [스커트>미디스커트],RANKING,LIVE,True,1440,5,https://zigzag.kr/pages/srp-clp-category?category_id=560&sub_category_id=568,"{""order"": ""SCORE_DESC"", ""max_rank"": 100, ""action_id"": ""a061b462-576a-4991-9146-62b2166c132a"", ""layout_id"": ""301"", ""max_delay"": 3.0, ""min_delay"": 1.5, ""group_name"": ""스커트"", ""ranking_mode"": ""detail_category"", ""review_limit"": 20, ""module_slot_id"": ""s6C9txhfmfIi"", ""collect_reviews"": true, ""collection_type"": ""RANKING"", ""sub_category_id"": ""568"", ""review_max_delay"": 0.5, ""review_min_delay"": 0.2, ""parent_category_id"": ""560"", ""detail_category_name"": ""미디스커트"", ""parent_category_name"": ""스커트""}",2026-09-29 05:24:50.384528+00:00,2026-09-30 05:24:50.412988+00:00,2026-09-28 01:34:55.841908+00:00,2026-09-28 01:34:55.841921+00:00
693,zigzag,지그재그,ZIGZAG 세부카테고리 랭킹 [스커트>롱스커트],RANKING,LIVE,True,1440,5,https://zigzag.kr/pages/srp-clp-category?category_id=560&sub_category_id=575,"{""order"": ""SCORE_DESC"", ""max_rank"": 100, ""action_id"": ""a061b462-576a-4991-9146-62b2166c132a"", ""layout_id"": ""301"", ""max_delay"": 3.0, ""min_delay"": 1.5, ""group_name"": ""스커트"", ""ranking_mode"": ""detail_category"", ""review_limit"": 20, ""module_slot_id"": ""s6C9txhfmfIi"", ""collect_reviews"": true, ""collection_type"": ""RANKING"", ""sub_category_id"": ""575"", ""review_max_delay"": 0.5, ""review_min_delay"": 0.2, ""parent_category_id"": ""560"", ""detail_category_name"": ""롱스커트"", ""parent_category_name"": ""스커트""}",2026-09-29 05:26:15.453457+00:00,2026-09-30 05:26:15.491372+00:00,2026-09-28 01:34:56.042974+00:00,2026-09-28 01:34:56.042988+00:00
694,zigzag,지그재그,ZIGZAG 세부카테고리 랭킹 [니트/카디건>카디건],RANKING,LIVE,True,1440,5,https://zigzag.kr/pages/srp-clp-category?category_id=2757&sub_category_id=2759,"{""order"": ""SCORE_DESC"", ""max_rank"": 100, ""action_id"": ""a061b462-576a-4991-9146-62b2166c132a"", ""layout_id"": ""301"", ""max_delay"": 3.0, ""min_delay"": 1.5, ""group_name"": ""니트/카디건"", ""ranking_mode"": ""detail_category"", ""review_limit"": 20, ""module_slot_id"": ""s6C9txhfmfIi"", ""collect_reviews"": true, ""collection_type"": ""RANKING"", ""sub_category_id"": ""2759"", ""review_max_delay"": 0.5, ""review_min_delay"": 0.2, ""parent_category_id"": ""2757"", ""detail_category_name"": ""카디건"", ""parent_category_name"": ""니트/카디건""}",2026-09-29 05:27:28.962680+00:00,2026-09-30 05:27:28.992431+00:00,2026-09-28 01:34:56.151553+00:00,2026-09-28 01:34:56.151559+00:00
695,zigzag,지그재그,ZIGZAG 세부카테고리 랭킹 [니트/카디건>라운드 니트],RANKING,LIVE,True,1440,5,https://zigzag.kr/pages/srp-clp-category?category_id=2757&sub_category_id=483,"{""order"": ""SCORE_DESC"", ""max_rank"": 100, ""action_id"": ""a061b462-576a-4991-9146-62b2166c132a"", ""layout_id"": ""301"", ""max_delay"": 3.0, ""min_delay"": 1.5, ""group_name"": ""니트/카디건"", ""ranking_mode"": ""detail_category"", ""review_limit"": 20, ""module_slot_id"": ""s6C9txhfmfIi"", ""collect_reviews"": true, ""collection_type"": ""RANKING"", ""sub_category_id"": ""483"", ""review_max_delay"": 0.5, ""review_min_delay"": 0.2, ""parent_category_id"": ""2757"", ""detail_category_name"": ""라운드 니트"", ""parent_category_name"": ""니트/카디건""}",2026-09-29 05:28:58.434198+00:00,2026-09-30 05:28:58.462740+00:00,2026-09-28 01:34:56.284767+00:00,2026-09-28 01:34:56.284773+00:00
696,zigzag,지그재그,ZIGZAG 세부카테고리 랭킹 [니트/카디건>브이넥 니트],RANKING,LIVE,True,1440,5,https://zigzag.kr/pages/srp-clp-category?category_id=2757&sub_category_id=484,"{""order"": ""SCORE_DESC"", ""max_rank"": 100, ""action_id"": ""a061b462-576a-4991-9146-62b2166c132a"", ""layout_id"": ""301"", ""max_delay"": 3.0, ""min_delay"": 1.5, ""group_name"": ""니트/카디건"", ""ranking_mode"": ""detail_category"", ""review_limit"": 20, ""module_slot_id"": ""s6C9txhfmfIi"", ""collect_reviews"": true, ""collection_type"": ""RANKING"", ""sub_category_id"": ""484"", ""review_max_delay"": 0.5, ""review_min_delay"": 0.2, ""parent_category_id"": ""2757"", ""detail_category_name"": ""브이넥 니트"", ""parent_category_name"": ""니트/카디건""}",2026-09-29 05:30:15.536038+00:00,2026-09-30 05:30:15.574373+00:00,2026-09-28 01:34:56.412108+00:00,2026-09-28 01:34:56.412115+00:00
697,zigzag,지그재그,ZIGZAG 세부카테고리 랭킹 [니트/카디건>터틀넥 니트],RANKING,LIVE,True,1440,5,https://zigzag.kr/pages/srp-clp-category?category_id=2757&sub_category_id=485,"{""order"": ""SCORE_DESC"", ""max_rank"": 100, ""action_id"": ""a061b462-576a-4991-9146-62b2166c132a"", ""layout_id"": ""301"", ""max_delay"": 3.0, ""min_delay"": 1.5, ""group_name"": ""니트/카디건"", ""ranking_mode"": ""detail_category"", ""review_limit"": 20, ""module_slot_id"": ""s6C9txhfmfIi"", ""collect_reviews"": true, ""collection_type"": ""RANKING"", ""sub_category_id"": ""485"", ""review_max_delay"": 0.5, ""review_min_delay"": 0.2, ""parent_category_id"": ""2757"", ""detail_category_name"": ""터틀넥 니트"", ""parent_category_name"": ""니트/카디건""}",2026-09-29 05:31:32.237785+00:00,2026-09-30 05:31:32.278624+00:00,2026-09-28 01:34:56.556027+00:00,2026-09-28 01:34:56.556035+00:00
698,zigzag,지그재그,ZIGZAG 세부카테고리 랭킹 [니트/카디건>오프숄더 니트],RANKING,LIVE,True,1440,5,https://zigzag.kr/pages/srp-clp-category?category_id=2757&sub_category_id=487,"{""order"": ""SCORE_DESC"", ""max_rank"": 100, ""action_id"": ""a061b462-576a-4991-9146-62b2166c132a"", ""layout_id"": ""301"", ""max_delay"": 3.0, ""min_delay"": 1.5, ""group_name"": ""니트/카디건"", ""ranking_mode"": ""detail_category"", ""review_limit"": 20, ""module_slot_id"": ""s6C9txhfmfIi"", ""collect_reviews"": true, ""collection_type"": ""RANKING"", ""sub_category_id"": ""487"", ""review_max_delay"": 0.5, ""review_min_delay"": 0.2, ""parent_category_id"": ""2757"", ""detail_category_name"": ""오프숄더 니트"", ""parent_category_name"": ""니트/카디건""}",2026-09-29 05:32:50.026359+00:00,2026-09-30 05:32:50.060304+00:00,2026-09-28 01:34:56.721184+00:00,2026-09-28 01:34:56.721190+00:00
699,zigzag,지그재그,ZIGZAG 세부카테고리 랭킹 [니트/카디건>스퀘어넥 니트],RANKING,LIVE,True,1440,5,https://zigzag.kr/pages/srp-clp-category?category_id=2757&sub_category_id=488,"{""order"": ""SCORE_DESC"", ""max_rank"": 100, ""action_id"": ""a061b462-576a-4991-9146-62b2166c132a"", ""layout_id"": ""301"", ""max_delay"": 3.0, ""min_delay"": 1.5, ""group_name"": ""니트/카디건"", ""ranking_mode"": ""detail_category"", ""review_limit"": 20, ""module_slot_id"": ""s6C9txhfmfIi"", ""collect_reviews"": true, ""collection_type"": ""RANKING"", ""sub_category_id"": ""488"", ""review_max_delay"": 0.5, ""review_min_delay"": 0.2, ""parent_category_id"": ""2757"", ""detail_category_name"": ""스퀘어넥 니트"", ""parent_category_name"": ""니트/카디건""}",2026-09-29 05:34:14.977047+00:00,2026-09-30 05:34:15.004982+00:00,2026-09-28 01:34:56.861251+00:00,2026-09-28 01:34:56.861271+00:00
700,zigzag,지그재그,ZIGZAG 세부카테고리 랭킹 [니트/카디건>카라니트],RANKING,LIVE,True,1440,5,https://zigzag.kr/pages/srp-clp-category?category_id=2757&sub_category_id=2793,"{""order"": ""SCORE_DESC"", ""max_rank"": 100, ""action_id"": ""a061b462-576a-4991-9146-62b2166c132a"", ""layout_id"": ""301"", ""max_delay"": 3.0, ""min_delay"": 1.5, ""group_name"": ""니트/카디건"", ""ranking_mode"": ""detail_category"", ""review_limit"": 20, ""module_slot_id"": ""s6C9txhfmfIi"", ""collect_reviews"": true, ""collection_type"": ""RANKING"", ""sub_category_id"": ""2793"", ""review_max_delay"": 0.5, ""review_min_delay"": 0.2, ""parent_category_id"": ""2757"", ""detail_category_name"": ""카라니트"", ""parent_category_name"": ""니트/카디건""}",2026-09-29 05:35:31.309392+00:00,2026-09-30 05:35:31.346333+00:00,2026-09-28 01:34:57.016875+00:00,2026-09-28 01:34:57.016882+00:00
701,zigzag,지그재그,ZIGZAG 세부카테고리 랭킹 [니트/카디건>집업니트],RANKING,LIVE,True,1440,5,https://zigzag.kr/pages/srp-clp-category?category_id=2757&sub_category_id=2795,"{""order"": ""SCORE_DESC"", ""max_rank"": 100, ""action_id"": ""a061b462-576a-4991-9146-62b2166c132a"", ""layout_id"": ""301"", ""max_delay"": 3.0, ""min_delay"": 1.5, ""group_name"": ""니트/카디건"", ""ranking_mode"": ""detail_category"", ""review_limit"": 20, ""module_slot_id"": ""s6C9txhfmfIi"", ""collect_reviews"": true, ""collection_type"": ""RANKING"", ""sub_category_id"": ""2795"", ""review_max_delay"": 0.5, ""review_min_delay"": 0.2, ""parent_category_id"": ""2757"", ""detail_category_name"": ""집업니트"", ""parent_category_name"": ""니트/카디건""}",2026-09-29 05:36:47.695225+00:00,2026-09-30 05:36:47.741442+00:00,2026-09-28 01:34:57.167608+00:00,2026-09-28 01:34:57.167619+00:00
702,zigzag,지그재그,ZIGZAG 세부카테고리 랭킹 [니트/카디건>후드니트],RANKING,LIVE,True,1440,5,https://zigzag.kr/pages/srp-clp-category?category_id=2757&sub_category_id=2794,"{""order"": ""SCORE_DESC"", ""max_rank"": 100, ""action_id"": ""a061b462-576a-4991-9146-62b2166c132a"", ""layout_id"": ""301"", ""max_delay"": 3.0, ""min_delay"": 1.5, ""group_name"": ""니트/카디건"", ""ranking_mode"": ""detail_category"", ""review_limit"": 20, ""module_slot_id"": ""s6C9txhfmfIi"", ""collect_reviews"": true, ""collection_type"": ""RANKING"", ""sub_category_id"": ""2794"", ""review_max_delay"": 0.5, ""review_min_delay"": 0.2, ""parent_category_id"": ""2757"", ""detail_category_name"": ""후드니트"", ""parent_category_name"": ""니트/카디건""}",2026-09-29 05:38:14.599437+00:00,2026-09-30 05:38:14.631099+00:00,2026-09-28 01:34:57.348986+00:00,2026-09-28 01:34:57.348996+00:00
703,zigzag,지그재그,ZIGZAG 세부카테고리 랭킹 [니트/카디건>니트 베스트],RANKING,LIVE,True,1440,5,https://zigzag.kr/pages/srp-clp-category?category_id=2757&sub_category_id=486,"{""order"": ""SCORE_DESC"", ""max_rank"": 100, ""action_id"": ""a061b462-576a-4991-9146-62b2166c132a"", ""layout_id"": ""301"", ""max_delay"": 3.0, ""min_delay"": 1.5, ""group_name"": ""니트/카디건"", ""ranking_mode"": ""detail_category"", ""review_limit"": 20, ""module_slot_id"": ""s6C9txhfmfIi"", ""collect_reviews"": true, ""collection_type"": ""RANKING"", ""sub_category_id"": ""486"", ""review_max_delay"": 0.5, ""review_min_delay"": 0.2, ""parent_category_id"": ""2757"", ""detail_category_name"": ""니트 베스트"", ""parent_category_name"": ""니트/카디건""}",2026-09-29 05:39:33.691525+00:00,2026-09-30 05:39:33.732403+00:00,2026-09-28 01:34:57.540777+00:00,2026-09-28 01:34:57.540796+00:00
704,zigzag,지그재그,ZIGZAG 세부카테고리 랭킹 [트레이닝>트레이닝 상의],RANKING,LIVE,True,1440,5,https://zigzag.kr/pages/srp-clp-category?category_id=833&sub_category_id=834,"{""order"": ""SCORE_DESC"", ""max_rank"": 100, ""action_id"": ""a061b462-576a-4991-9146-62b2166c132a"", ""layout_id"": ""301"", ""max_delay"": 3.0, ""min_delay"": 1.5, ""group_name"": ""트레이닝"", ""ranking_mode"": ""detail_category"", ""review_limit"": 20, ""module_slot_id"": ""s6C9txhfmfIi"", ""collect_reviews"": true, ""collection_type"": ""RANKING"", ""sub_category_id"": ""834"", ""review_max_delay"": 0.5, ""review_min_delay"": 0.2, ""parent_category_id"": ""833"", ""detail_category_name"": ""트레이닝 상의"", ""parent_category_name"": ""트레이닝""}",2026-09-29 05:40:53.502640+00:00,2026-09-30 05:40:53.542052+00:00,2026-09-28 01:34:57.684452+00:00,2026-09-28 01:34:57.684460+00:00
705,zigzag,지그재그,ZIGZAG 세부카테고리 랭킹 [트레이닝>트레이닝 하의],RANKING,LIVE,True,1440,5,https://zigzag.kr/pages/srp-clp-category?category_id=833&sub_category_id=839,"{""order"": ""SCORE_DESC"", ""max_rank"": 100, ""action_id"": ""a061b462-576a-4991-9146-62b2166c132a"", ""layout_id"": ""301"", ""max_delay"": 3.0, ""min_delay"": 1.5, ""group_name"": ""트레이닝"", ""ranking_mode"": ""detail_category"", ""review_limit"": 20, ""module_slot_id"": ""s6C9txhfmfIi"", ""collect_reviews"": true, ""collection_type"": ""RANKING"", ""sub_category_id"": ""839"", ""review_max_delay"": 0.5, ""review_min_delay"": 0.2, ""parent_category_id"": ""833"", ""detail_category_name"": ""트레이닝 하의"", ""parent_category_name"": ""트레이닝""}",2026-09-29 05:42:15.168468+00:00,2026-09-30 05:42:15.217891+00:00,2026-09-28 01:34:57.850646+00:00,2026-09-28 01:34:57.850652+00:00
706,zigzag,지그재그,ZIGZAG 세부카테고리 랭킹 [트레이닝>레깅스],RANKING,LIVE,True,1440,5,https://zigzag.kr/pages/srp-clp-category?category_id=833&sub_category_id=3388,"{""order"": ""SCORE_DESC"", ""max_rank"": 100, ""action_id"": ""a061b462-576a-4991-9146-62b2166c132a"", ""layout_id"": ""301"", ""max_delay"": 3.0, ""min_delay"": 1.5, ""group_name"": ""트레이닝"", ""ranking_mode"": ""detail_category"", ""review_limit"": 20, ""module_slot_id"": ""s6C9txhfmfIi"", ""collect_reviews"": true, ""collection_type"": ""RANKING"", ""sub_category_id"": ""3388"", ""review_max_delay"": 0.5, ""review_min_delay"": 0.2, ""parent_category_id"": ""833"", ""detail_category_name"": ""레깅스"", ""parent_category_name"": ""트레이닝""}",2026-09-29 05:43:32.897438+00:00,2026-09-30 05:43:32.944245+00:00,2026-09-28 01:34:57.995473+00:00,2026-09-28 01:34:57.995479+00:00
707,zigzag,지그재그,ZIGZAG 세부카테고리 랭킹 [트레이닝>트레이닝 세트],RANKING,LIVE,True,1440,5,https://zigzag.kr/pages/srp-clp-category?category_id=833&sub_category_id=844,"{""order"": ""SCORE_DESC"", ""max_rank"": 100, ""action_id"": ""a061b462-576a-4991-9146-62b2166c132a"", ""layout_id"": ""301"", ""max_delay"": 3.0, ""min_delay"": 1.5, ""group_name"": ""트레이닝"", ""ranking_mode"": ""detail_category"", ""review_limit"": 20, ""module_slot_id"": ""s6C9txhfmfIi"", ""collect_reviews"": true, ""collection_type"": ""RANKING"", ""sub_category_id"": ""844"", ""review_max_delay"": 0.5, ""review_min_delay"": 0.2, ""parent_category_id"": ""833"", ""detail_category_name"": ""트레이닝 세트"", ""parent_category_name"": ""트레이닝""}",2026-09-29 05:44:51.820541+00:00,2026-09-30 05:44:51.866064+00:00,2026-09-28 01:34:58.166454+00:00,2026-09-28 01:34:58.166465+00:00
708,zigzag,지그재그,ZIGZAG 세부카테고리 랭킹 [원피스>미니원피스],RANKING,LIVE,True,1440,5,https://zigzag.kr/pages/srp-clp-category?category_id=507&sub_category_id=508,"{""order"": ""SCORE_DESC"", ""max_rank"": 100, ""action_id"": ""a061b462-576a-4991-9146-62b2166c132a"", ""layout_id"": ""301"", ""max_delay"": 3.0, ""min_delay"": 1.5, ""group_name"": ""원피스"", ""ranking_mode"": ""detail_category"", ""review_limit"": 20, ""module_slot_id"": ""s6C9txhfmfIi"", ""collect_reviews"": true, ""collection_type"": ""RANKING"", ""sub_category_id"": ""508"", ""review_max_delay"": 0.5, ""review_min_delay"": 0.2, ""parent_category_id"": ""507"", ""detail_category_name"": ""미니원피스"", ""parent_category_name"": ""원피스""}",2026-09-29 05:46:19.797350+00:00,2026-09-30 05:46:19.827801+00:00,2026-09-28 01:34:58.296606+00:00,2026-09-28 01:34:58.296612+00:00
709,zigzag,지그재그,ZIGZAG 세부카테고리 랭킹 [원피스>미디원피스],RANKING,LIVE,True,1440,5,https://zigzag.kr/pages/srp-clp-category?category_id=507&sub_category_id=518,"{""order"": ""SCORE_DESC"", ""max_rank"": 100, ""action_id"": ""a061b462-576a-4991-9146-62b2166c132a"", ""layout_id"": ""301"", ""max_delay"": 3.0, ""min_delay"": 1.5, ""group_name"": ""원피스"", ""ranking_mode"": ""detail_category"", ""review_limit"": 20, ""module_slot_id"": ""s6C9txhfmfIi"", ""collect_reviews"": true, ""collection_type"": ""RANKING"", ""sub_category_id"": ""518"", ""review_max_delay"": 0.5, ""review_min_delay"": 0.2, ""parent_category_id"": ""507"", ""detail_category_name"": ""미디원피스"", ""parent_category_name"": ""원피스""}",2026-09-29 05:48:08.956582+00:00,2026-09-30 05:48:08.984606+00:00,2026-09-28 01:34:58.451110+00:00,2026-09-28 01:34:58.451117+00:00
710,zigzag,지그재그,ZIGZAG 세부카테고리 랭킹 [원피스>롱원피스],RANKING,LIVE,True,1440,5,https://zigzag.kr/pages/srp-clp-category?category_id=507&sub_category_id=528,"{""order"": ""SCORE_DESC"", ""max_rank"": 100, ""action_id"": ""a061b462-576a-4991-9146-62b2166c132a"", ""layout_id"": ""301"", ""max_delay"": 3.0, ""min_delay"": 1.5, ""group_name"": ""원피스"", ""ranking_mode"": ""detail_category"", ""review_limit"": 20, ""module_slot_id"": ""s6C9txhfmfIi"", ""collect_reviews"": true, ""collection_type"": ""RANKING"", ""sub_category_id"": ""528"", ""review_max_delay"": 0.5, ""review_min_delay"": 0.2, ""parent_category_id"": ""507"", ""detail_category_name"": ""롱원피스"", ""parent_category_name"": ""원피스""}",2026-09-29 05:49:33.934702+00:00,2026-09-30 05:49:33.975370+00:00,2026-09-28 01:34:58.612904+00:00,2026-09-28 01:34:58.612923+00:00
711,zigzag,지그재그,ZIGZAG 세부카테고리 랭킹 [투피스/세트>스커트 세트],RANKING,LIVE,True,1440,5,https://zigzag.kr/pages/srp-clp-category?category_id=538&sub_category_id=539,"{""order"": ""SCORE_DESC"", ""max_rank"": 100, ""action_id"": ""a061b462-576a-4991-9146-62b2166c132a"", ""layout_id"": ""301"", ""max_delay"": 3.0, ""min_delay"": 1.5, ""group_name"": ""투피스/세트"", ""ranking_mode"": ""detail_category"", ""review_limit"": 20, ""module_slot_id"": ""s6C9txhfmfIi"", ""collect_reviews"": true, ""collection_type"": ""RANKING"", ""sub_category_id"": ""539"", ""review_max_delay"": 0.5, ""review_min_delay"": 0.2, ""parent_category_id"": ""538"", ""detail_category_name"": ""스커트 세트"", ""parent_category_name"": ""투피스/세트""}",2026-09-29 05:50:47.866270+00:00,2026-09-30 05:50:47.903657+00:00,2026-09-28 01:34:58.774316+00:00,2026-09-28 01:34:58.774334+00:00
712,zigzag,지그재그,ZIGZAG 세부카테고리 랭킹 [투피스/세트>팬츠 세트],RANKING,LIVE,True,1440,5,https://zigzag.kr/pages/srp-clp-category?category_id=538&sub_category_id=540,"{""order"": ""SCORE_DESC"", ""max_rank"": 100, ""action_id"": ""a061b462-576a-4991-9146-62b2166c132a"", ""layout_id"": ""301"", ""max_delay"": 3.0, ""min_delay"": 1.5, ""group_name"": ""투피스/세트"", ""ranking_mode"": ""detail_category"", ""review_limit"": 20, ""module_slot_id"": ""s6C9txhfmfIi"", ""collect_reviews"": true, ""collection_type"": ""RANKING"", ""sub_category_id"": ""540"", ""review_max_delay"": 0.5, ""review_min_delay"": 0.2, ""parent_category_id"": ""538"", ""detail_category_name"": ""팬츠 세트"", ""parent_category_name"": ""투피스/세트""}",2026-09-29 05:51:54.851931+00:00,2026-09-30 05:51:54.880181+00:00,2026-09-28 01:34:58.924684+00:00,2026-09-28 01:34:58.924692+00:00
713,zigzag,지그재그,ZIGZAG 세부카테고리 랭킹 [투피스/세트>원피스 세트],RANKING,LIVE,True,1440,5,https://zigzag.kr/pages/srp-clp-category?category_id=538&sub_category_id=541,"{""order"": ""SCORE_DESC"", ""max_rank"": 100, ""action_id"": ""a061b462-576a-4991-9146-62b2166c132a"", ""layout_id"": ""301"", ""max_delay"": 3.0, ""min_delay"": 1.5, ""group_name"": ""투피스/세트"", ""ranking_mode"": ""detail_category"", ""review_limit"": 20, ""module_slot_id"": ""s6C9txhfmfIi"", ""collect_reviews"": true, ""collection_type"": ""RANKING"", ""sub_category_id"": ""541"", ""review_max_delay"": 0.5, ""review_min_delay"": 0.2, ""parent_category_id"": ""538"", ""detail_category_name"": ""원피스 세트"", ""parent_category_name"": ""투피스/세트""}",2026-09-30 07:44:27.403073+00:00,2026-10-01 07:44:27.447407+00:00,2026-09-28 01:34:59.076528+00:00,2026-09-28 01:34:59.076534+00:00
714,zigzag,지그재그,ZIGZAG 세부카테고리 랭킹 [투피스/세트>시밀러룩],RANKING,LIVE,True,1440,5,https://zigzag.kr/pages/srp-clp-category?category_id=538&sub_category_id=546,"{""order"": ""SCORE_DESC"", ""max_rank"": 100, ""action_id"": ""a061b462-576a-4991-9146-62b2166c132a"", ""layout_id"": ""301"", ""max_delay"": 3.0, ""min_delay"": 1.5, ""group_name"": ""투피스/세트"", ""ranking_mode"": ""detail_category"", ""review_limit"": 20, ""module_slot_id"": ""s6C9txhfmfIi"", ""collect_reviews"": true, ""collection_type"": ""RANKING"", ""sub_category_id"": ""546"", ""review_max_delay"": 0.5, ""review_min_delay"": 0.2, ""parent_category_id"": ""538"", ""detail_category_name"": ""시밀러룩"", ""parent_category_name"": ""투피스/세트""}",2026-09-30 07:48:50.085819+00:00,2026-10-01 07:48:50.124469+00:00,2026-09-28 01:34:59.269724+00:00,2026-09-28 01:34:59.269737+00:00
